mode,N_shots,n_pts,median_seed,slice_axis,u_proj,Q_obs,σ_obs,Q_true_proj,Q_det_proj,μ_GP_proj,σ_GP_proj
fixed,50,100,32,fcl,0.842840,0.000000,0.000000,0.000000,0.525939,0.000354,0.005440
fixed,50,100,32,fcl,0.257575,0.000000,0.000000,0.124678,0.821162,0.000085,0.003174
fixed,50,100,32,fcl,0.734158,0.000000,0.000000,0.000000,0.501691,0.000124,0.003277
fixed,50,100,32,fcl,-0.408369,0.000000,0.000000,0.000000,0.267723,0.000443,0.006286
fixed,50,100,32,fcl,0.444559,0.000000,0.000000,0.000000,0.663658,-0.000056,0.002678
fixed,50,100,32,fcl,0.707026,0.000000,0.000000,0.000000,0.510701,0.000084,0.002872
fixed,50,100,32,fcl,-0.518547,0.000000,0.000000,0.000000,0.402006,0.000333,0.005453
fixed,50,100,32,fcl,0.390105,0.000000,0.000000,0.000000,0.703111,-0.000036,0.002478
fixed,50,100,32,fcl,0.185890,0.080000,0.038367,0.523118,0.882706,0.000177,0.004285
fixed,50,100,32,fcl,-0.890489,0.000000,0.000000,0.000000,0.341758,-0.000117,0.005863
fixed,50,100,32,fcl,0.062456,0.000000,0.000000,0.941142,0.977911,0.000334,0.005999
fixed,50,100,32,fcl,0.132248,0.500000,0.070711,0.752939,0.926538,0.000248,0.005102
fixed,50,100,32,fcl,0.468163,0.000000,0.000000,0.000000,0.648963,-0.000059,0.002730
fixed,50,100,32,fcl,0.075590,0.000000,0.000000,0.914389,0.969467,0.000319,0.005848
fixed,50,100,32,fcl,-0.682650,0.420000,0.069800,0.000000,0.500476,0.000095,0.004289
fixed,50,100,32,fcl,0.141655,0.000000,0.000000,0.715976,0.918956,0.000236,0.004965
fixed,50,100,32,fcl,0.305175,0.000000,0.000000,0.000000,0.777887,0.000031,0.002619
fixed,50,100,32,fcl,-0.773936,0.000000,0.000000,0.000000,0.415528,-0.000037,0.004488
fixed,50,100,32,fcl,-0.549932,0.000000,0.000000,0.000000,0.439790,0.000293,0.005190
fixed,50,100,32,fcl,0.651498,0.000000,0.000000,0.000000,0.539200,0.000020,0.002374
fixed,50,100,32,fcl,0.210590,0.000000,0.000000,0.393117,0.861990,0.000144,0.003892
fixed,50,100,32,fcl,-0.233464,0.000000,0.000000,0.431354,0.536497,0.000511,0.007134
fixed,50,100,32,fcl,0.136857,0.000000,0.000000,0.735960,0.922835,0.000242,0.005035
fixed,50,100,32,fcl,-0.985423,0.000000,0.000000,0.000000,0.234848,-0.000031,0.007367
fixed,50,100,32,fcl,-0.176218,0.000000,0.000000,0.559719,0.724127,0.000504,0.007221
fixed,50,100,32,fcl,0.548806,0.000000,0.000000,0.000000,0.602458,-0.000047,0.002594
fixed,50,100,32,fcl,0.420638,0.000000,0.000000,0.000000,0.679946,-0.000049,0.002595
fixed,50,100,32,fcl,-0.336622,0.000000,0.000000,0.257240,0.244426,0.000487,0.006719
fixed,50,100,32,fcl,0.991533,0.000000,0.000000,0.000000,0.606066,0.000923,0.008935
fixed,50,100,32,fcl,0.414458,0.000000,0.000000,0.000000,0.684413,-0.000047,0.002570
fixed,50,100,32,fcl,0.241622,0.180000,0.054332,0.217338,0.835259,0.000104,0.003408
fixed,50,100,32,fcl,-0.834119,0.000000,0.000000,0.000000,0.383515,-0.000097,0.005092
fixed,50,100,32,fcl,-0.248617,0.000000,0.000000,0.407814,0.485611,0.000510,0.007092
fixed,50,100,32,fcl,-0.645631,0.320000,0.065970,0.000000,0.506526,0.000153,0.004455
fixed,50,100,32,fcl,-0.877911,0.000000,0.000000,0.000000,0.353329,-0.000117,0.005679
fixed,50,100,32,fcl,-0.093205,0.000000,0.000000,0.844418,0.926240,0.000470,0.007111
fixed,50,100,32,fcl,0.346675,0.000000,0.000000,0.000000,0.740087,-0.000007,0.002415
fixed,50,100,32,fcl,-0.614829,0.000000,0.000000,0.000000,0.496390,0.000200,0.004662
fixed,50,100,32,fcl,-0.932998,0.100000,0.042426,0.000000,0.295762,-0.000100,0.006514
fixed,50,100,32,fcl,0.080243,0.040000,0.027713,0.903875,0.966219,0.000313,0.005792
fixed,50,100,32,fcl,-0.691364,0.040000,0.027713,0.000000,0.496121,0.000081,0.004268
fixed,50,100,32,fcl,0.688426,0.000000,0.000000,0.000000,0.519071,0.000060,0.002648
fixed,50,100,32,fcl,0.495227,0.000000,0.000000,0.000000,0.633239,-0.000059,0.002739
fixed,50,100,32,fcl,-0.054029,0.200000,0.056569,0.946585,0.976915,0.000444,0.006948
fixed,50,100,32,fcl,-0.069521,0.100000,0.042426,0.911806,0.960415,0.000455,0.007022
fixed,50,100,32,fcl,-0.384289,0.000000,0.000000,0.070494,0.244839,0.000460,0.006442
fixed,50,100,32,fcl,0.458978,0.000000,0.000000,0.000000,0.654543,-0.000058,0.002715
fixed,50,100,32,fcl,0.641867,0.000000,0.000000,0.000000,0.544945,0.000011,0.002343
fixed,50,100,32,fcl,0.363555,0.000000,0.000000,0.000000,0.725267,-0.000019,0.002414
fixed,50,100,32,fcl,-0.254096,0.000000,0.000000,0.401256,0.467410,0.000509,0.007075
fixed,50,100,32,fcl,0.188329,0.000000,0.000000,0.510095,0.880674,0.000174,0.004247
fixed,50,100,32,fcl,0.698477,0.000000,0.000000,0.000000,0.514351,0.000073,0.002763
fixed,50,100,32,fcl,-0.905950,0.000000,0.000000,0.000000,0.326023,-0.000115,0.006094
fixed,50,100,32,fcl,0.162761,0.000000,0.000000,0.630866,0.901768,0.000208,0.004647
fixed,50,100,32,fcl,0.437964,0.000000,0.000000,0.000000,0.667975,-0.000054,0.002658
fixed,50,100,32,fcl,0.840274,0.000000,0.000000,0.000000,0.524361,0.000347,0.005383
fixed,50,100,32,fcl,-0.637156,0.460000,0.070484,0.000000,0.505123,0.000166,0.004507
fixed,50,100,32,fcl,-0.029500,0.100000,0.042426,0.984113,0.993394,0.000425,0.006807
fixed,50,100,32,fcl,-0.120747,0.000000,0.000000,0.751242,0.872378,0.000485,0.007182
fixed,50,100,32,fcl,-0.731218,0.000000,0.000000,0.000000,0.463006,0.000021,0.004276
fixed,50,100,32,fcl,0.211102,0.100000,0.042426,0.390140,0.861556,0.000144,0.003884
fixed,50,100,32,fcl,-0.903939,0.000000,0.000000,0.000000,0.328139,-0.000115,0.006064
fixed,50,100,32,fcl,-0.225223,0.000000,0.000000,0.443471,0.564309,0.000510,0.007154
fixed,50,100,32,fcl,-0.063000,0.020000,0.019799,0.927531,0.967942,0.000451,0.006992
fixed,50,100,32,fcl,0.469769,0.000000,0.000000,0.000000,0.648013,-0.000059,0.002733
fixed,50,100,32,fcl,0.574242,0.000000,0.000000,0.000000,0.587066,-0.000036,0.002480
fixed,50,100,32,fcl,0.331391,0.000000,0.000000,0.000000,0.753880,0.000006,0.002456
fixed,50,100,32,fcl,-0.387200,0.200000,0.056569,0.056552,0.247188,0.000458,0.006424
fixed,50,100,32,fcl,-0.095890,0.580000,0.069800,0.835926,0.921785,0.000472,0.007120
fixed,50,100,32,fcl,-0.132841,0.040000,0.027713,0.706777,0.844280,0.000490,0.007202
fixed,50,100,32,fcl,0.147153,0.900000,0.042426,0.693605,0.914505,0.000229,0.004884
fixed,50,100,32,fcl,-0.638075,0.000000,0.000000,0.000000,0.505391,0.000164,0.004501
fixed,50,100,32,fcl,-0.915817,0.200000,0.056569,0.000000,0.315320,-0.000111,0.006245
fixed,50,100,32,fcl,-0.928752,0.000000,0.000000,0.000000,0.300699,-0.000103,0.006447
fixed,50,100,32,fcl,-0.842412,0.000000,0.000000,0.000000,0.379055,-0.000103,0.005196
fixed,50,100,32,fcl,-0.499381,0.000000,0.000000,0.000000,0.377634,0.000356,0.005610
fixed,50,100,32,fcl,-0.987293,0.000000,0.000000,0.000000,0.232789,-0.000028,0.007398
fixed,50,100,32,fcl,0.064379,0.000000,0.000000,0.937972,0.976757,0.000332,0.005977
fixed,50,100,32,fcl,0.527473,0.000000,0.000000,0.000000,0.614896,-0.000053,0.002674
fixed,50,100,32,fcl,-0.017761,0.580000,0.069800,0.993781,0.997634,0.000415,0.006728
fixed,50,100,32,fcl,-0.421081,0.000000,0.000000,0.000000,0.281503,0.000433,0.006200
fixed,50,100,32,fcl,-0.124212,0.300000,0.064807,0.738550,0.864705,0.000486,0.007188
fixed,50,100,32,fcl,-0.492741,0.000000,0.000000,0.000000,0.369122,0.000363,0.005664
fixed,50,100,32,fcl,-0.228169,0.360000,0.067882,0.438961,0.554372,0.000511,0.007147
fixed,50,100,32,fcl,0.420102,0.000000,0.000000,0.000000,0.680327,-0.000049,0.002593
fixed,50,100,32,fcl,-0.858765,0.000000,0.000000,0.000000,0.368600,-0.000111,0.005412
fixed,50,100,32,fcl,0.439316,0.000000,0.000000,0.000000,0.667090,-0.000054,0.002662
fixed,50,100,32,fcl,0.459171,0.000000,0.000000,0.000000,0.654425,-0.000058,0.002715
fixed,50,100,32,fcl,0.882957,0.000000,0.000000,0.000000,0.551965,0.000474,0.006351
fixed,50,100,32,fcl,-0.723454,0.000000,0.000000,0.000000,0.470916,0.000033,0.004260
fixed,50,100,32,fcl,0.464211,0.000000,0.000000,0.000000,0.651356,-0.000058,0.002724
fixed,50,100,32,fcl,-0.001520,0.040000,0.027713,0.999343,0.999824,0.000401,0.006608
fixed,50,100,32,fcl,0.692913,0.000000,0.000000,0.000000,0.516963,0.000066,0.002697
fixed,50,100,32,fcl,0.255841,0.060000,0.033586,0.134010,0.822711,0.000087,0.003198
fixed,50,100,32,fcl,-0.528057,0.000000,0.000000,0.000000,0.413850,0.000321,0.005374
fixed,50,100,32,fcl,-0.157260,0.000000,0.000000,0.622598,0.779998,0.000499,0.007223
fixed,50,100,32,fcl,-0.270876,0.000000,0.000000,0.377769,0.412950,0.000507,0.007017
fixed,50,100,32,fcl,-0.290819,0.000000,0.000000,0.354713,0.351961,0.000503,0.006938
fixed,50,100,32,fcl,0.686540,0.000000,0.000000,0.000000,0.520026,0.000058,0.002629
fixed,50,100,32,fcl,0.566317,0.000000,0.000000,0.000000,0.591929,-0.000040,0.002517
fixed,50,100,32,fsb,0.865780,0.000000,0.000000,0.000000,0.820818,-0.000255,0.009563
fixed,50,100,32,fsb,-0.444641,0.000000,0.000000,0.000000,0.499792,0.000206,0.006205
fixed,50,100,32,fsb,-0.984428,0.000000,0.000000,0.084963,0.498400,0.000642,0.009067
fixed,50,100,32,fsb,0.179841,0.000000,0.000000,0.346443,0.835759,0.000409,0.006666
fixed,50,100,32,fsb,-0.680812,0.000000,0.000000,0.000000,0.499043,0.000151,0.007236
fixed,50,100,32,fsb,0.133517,0.000000,0.000000,0.487283,0.881547,0.000415,0.006597
fixed,50,100,32,fsb,0.055628,0.000000,0.000000,0.845579,0.968794,0.000412,0.006577
fixed,50,100,32,fsb,0.448861,0.000000,0.000000,0.221140,0.793104,0.000228,0.007913
fixed,50,100,32,fsb,-0.260087,0.080000,0.038367,0.000000,0.519408,0.000285,0.006286
fixed,50,100,32,fsb,-0.047144,0.000000,0.000000,0.858552,0.972191,0.000383,0.006604
fixed,50,100,32,fsb,0.915949,0.000000,0.000000,0.000000,0.795467,-0.000221,0.009682
fixed,50,100,32,fsb,0.029700,0.500000,0.070711,0.945431,0.989552,0.000407,0.006585
fixed,50,100,32,fsb,-0.370710,0.000000,0.000000,0.001816,0.499946,0.000236,0.006127
fixed,50,100,32,fsb,-0.953585,0.000000,0.000000,0.023906,0.498617,0.000531,0.008763
fixed,50,100,32,fsb,-0.472684,0.420000,0.069800,0.000000,0.499511,0.000195,0.006281
fixed,50,100,32,fsb,0.263753,0.000000,0.000000,0.219737,0.786098,0.000380,0.006926
fixed,50,100,32,fsb,0.152297,0.000000,0.000000,0.422188,0.861621,0.000414,0.006619
fixed,50,100,32,fsb,0.615225,0.000000,0.000000,0.264438,0.851022,-0.000008,0.008808
fixed,50,100,32,fsb,-0.165829,0.000000,0.000000,0.000002,0.689225,0.000330,0.006492
fixed,50,100,32,fsb,0.762765,0.000000,0.000000,0.053773,0.861139,-0.000211,0.009333
fixed,50,100,32,fsb,0.433948,0.000000,0.000000,0.218741,0.788936,0.000245,0.007825
fixed,50,100,32,fsb,-0.585513,0.000000,0.000000,0.079982,0.498399,0.000159,0.006767
fixed,50,100,32,fsb,-0.770183,0.000000,0.000000,0.000000,0.499902,0.000187,0.007639
fixed,50,100,32,fsb,0.403788,0.000000,0.000000,0.204062,0.781828,0.000277,0.007649
fixed,50,100,32,fsb,0.359603,0.000000,0.000000,0.193613,0.775469,0.000318,0.007396
fixed,50,100,32,fsb,0.090248,0.000000,0.000000,0.676302,0.931335,0.000415,0.006574
fixed,50,100,32,fsb,0.289052,0.000000,0.000000,0.206984,0.779247,0.000367,0.007035
fixed,50,100,32,fsb,0.262780,0.000000,0.000000,0.220317,0.786440,0.000381,0.006922
fixed,50,100,32,fsb,-0.061148,0.000000,0.000000,0.764507,0.952044,0.000378,0.006602
fixed,50,100,32,fsb,-0.179098,0.000000,0.000000,0.000000,0.654490,0.000324,0.006467
fixed,50,100,32,fsb,-0.084422,0.180000,0.054332,0.565370,0.907604,0.000368,0.006592
fixed,50,100,32,fsb,0.784154,0.000000,0.000000,0.011434,0.855423,-0.000230,0.009386
fixed,50,100,32,fsb,-0.900539,0.000000,0.000000,0.000000,0.499126,0.000382,0.008339
fixed,50,100,32,fsb,-0.596499,0.320000,0.065970,0.083460,0.498385,0.000156,0.006822
fixed,50,100,32,fsb,-0.623511,0.000000,0.000000,0.058342,0.498497,0.000152,0.006957
fixed,50,100,32,fsb,-0.221808,0.000000,0.000000,0.000000,0.564122,0.000303,0.006374
fixed,50,100,32,fsb,0.287634,0.000000,0.000000,0.207133,0.779522,0.000368,0.007029
fixed,50,100,32,fsb,0.482794,0.000000,0.000000,0.238550,0.803892,0.000186,0.008111
fixed,50,100,32,fsb,0.139394,0.100000,0.042426,0.464540,0.875152,0.000415,0.006603
fixed,50,100,32,fsb,0.411273,0.040000,0.027713,0.207388,0.783410,0.000269,0.007692
fixed,50,100,32,fsb,-0.543920,0.040000,0.027713,0.048267,0.498691,0.000170,0.006565
fixed,50,100,32,fsb,-0.166993,0.000000,0.000000,0.000000,0.686136,0.000329,0.006490
fixed,50,100,32,fsb,-0.569632,0.000000,0.000000,0.072320,0.498472,0.000163,0.006688
fixed,50,100,32,fsb,0.758867,0.200000,0.056569,0.059424,0.862032,-0.000207,0.009323
fixed,50,100,32,fsb,-0.453105,0.100000,0.042426,0.000000,0.499715,0.000203,0.006225
fixed,50,100,32,fsb,0.619312,0.000000,0.000000,0.264404,0.852259,-0.000014,0.008827
fixed,50,100,32,fsb,-0.220723,0.000000,0.000000,0.000000,0.565911,0.000303,0.006377
fixed,50,100,32,fsb,-0.100578,0.000000,0.000000,0.418703,0.869343,0.000361,0.006581
fixed,50,100,32,fsb,-0.395850,0.000000,0.000000,0.004568,0.500009,0.000226,0.006133
fixed,50,100,32,fsb,0.373985,0.000000,0.000000,0.195763,0.776931,0.000305,0.007477
fixed,50,100,32,fsb,0.668957,0.000000,0.000000,0.214847,0.863829,-0.000090,0.009034
fixed,50,100,32,fsb,0.033725,0.000000,0.000000,0.932647,0.987010,0.000408,0.006583
fixed,50,100,32,fsb,0.026734,0.000000,0.000000,0.954851,0.991424,0.000406,0.006586
fixed,50,100,32,fsb,0.565272,0.000000,0.000000,0.271433,0.833966,0.000069,0.008565
fixed,50,100,32,fsb,0.506549,0.000000,0.000000,0.252160,0.812228,0.000154,0.008247
fixed,50,100,32,fsb,0.788292,0.000000,0.000000,0.004710,0.854151,-0.000233,0.009396
fixed,50,100,32,fsb,-0.519545,0.460000,0.070484,0.023400,0.498960,0.000178,0.006456
fixed,50,100,32,fsb,-0.421924,0.100000,0.042426,0.000000,0.499947,0.000215,0.006161
fixed,50,100,32,fsb,-0.588422,0.000000,0.000000,0.081290,0.498390,0.000158,0.006782
fixed,50,100,32,fsb,0.446664,0.000000,0.000000,0.219313,0.792458,0.000230,0.007900
fixed,50,100,32,fsb,-0.425507,0.100000,0.042426,0.000000,0.499929,0.000214,0.006167
fixed,50,100,32,fsb,0.317703,0.000000,0.000000,0.198517,0.775238,0.000349,0.007174
fixed,50,100,32,fsb,0.807473,0.000000,0.000000,0.000000,0.847316,-0.000246,0.009439
fixed,50,100,32,fsb,0.816201,0.020000,0.019799,0.000000,0.843820,-0.000250,0.009458
fixed,50,100,32,fsb,0.332352,0.000000,0.000000,0.196832,0.774595,0.000339,0.007249
fixed,50,100,32,fsb,-0.764063,0.000000,0.000000,0.000000,0.499845,0.000183,0.007612
fixed,50,100,32,fsb,0.093961,0.000000,0.000000,0.657569,0.927036,0.000416,0.006575
fixed,50,100,32,fsb,-0.388932,0.200000,0.056569,0.001023,0.500001,0.000228,0.006129
fixed,50,100,32,fsb,-0.077440,0.580000,0.069800,0.625916,0.922307,0.000371,0.006596
fixed,50,100,32,fsb,0.764838,0.040000,0.027713,0.050768,0.860664,-0.000213,0.009339
fixed,50,100,32,fsb,0.077350,0.900000,0.042426,0.738571,0.946022,0.000414,0.006573
fixed,50,100,32,fsb,0.884500,0.000000,0.000000,0.000000,0.811347,-0.000248,0.009604
fixed,50,100,32,fsb,-0.291194,0.200000,0.056569,0.000000,0.504792,0.000270,0.006220
fixed,50,100,32,fsb,-0.561870,0.000000,0.000000,0.065105,0.498528,0.000165,0.006651
fixed,50,100,32,fsb,0.587724,0.000000,0.000000,0.269383,0.842018,0.000035,0.008678
fixed,50,100,32,fsb,0.970376,0.000000,0.000000,0.000000,0.770687,-0.000126,0.009865
fixed,50,100,32,fsb,-0.653421,0.000000,0.000000,0.000000,0.498778,0.000150,0.007105
fixed,50,100,32,fsb,-0.664829,0.000000,0.000000,0.000000,0.498894,0.000150,0.007160
fixed,50,100,32,fsb,-0.245732,0.000000,0.000000,0.000000,0.531907,0.000291,0.006319
fixed,50,100,32,fsb,0.141393,0.580000,0.069800,0.456741,0.873008,0.000415,0.006605
fixed,50,100,32,fsb,0.676137,0.000000,0.000000,0.206409,0.864852,-0.000101,0.009061
fixed,50,100,32,fsb,-0.039070,0.300000,0.064807,0.902715,0.981126,0.000386,0.006604
fixed,50,100,32,fsb,0.888878,0.000000,0.000000,0.000000,0.809117,-0.000245,0.009614
fixed,50,100,32,fsb,0.020824,0.360000,0.067882,0.969988,0.994397,0.000405,0.006588
fixed,50,100,32,fsb,-0.702117,0.000000,0.000000,0.000000,0.499219,0.000155,0.007335
fixed,50,100,32,fsb,0.304000,0.000000,0.000000,0.200896,0.776701,0.000358,0.007106
fixed,50,100,32,fsb,-0.990194,0.000000,0.000000,0.089073,0.498381,0.000664,0.009129
fixed,50,100,32,fsb,0.812193,0.000000,0.000000,0.000000,0.845446,-0.000248,0.009450
fixed,50,100,32,fsb,0.451970,0.000000,0.000000,0.224583,0.794032,0.000224,0.007931
fixed,50,100,32,fsb,-0.091128,0.000000,0.000000,0.503535,0.892242,0.000365,0.006588
fixed,50,100,32,fsb,-0.672315,0.000000,0.000000,0.000000,0.498966,0.000150,0.007196
fixed,50,100,32,fsb,0.798754,0.040000,0.027713,0.000087,0.850586,-0.000240,0.009420
fixed,50,100,32,fsb,0.078739,0.000000,0.000000,0.732041,0.944455,0.000415,0.006573
fixed,50,100,32,fsb,0.109294,0.060000,0.033586,0.589430,0.909153,0.000416,0.006580
fixed,50,100,32,fsb,-0.818509,0.000000,0.000000,0.000000,0.499925,0.000235,0.007864
fixed,50,100,32,fsb,-0.924359,0.000000,0.000000,0.000000,0.498914,0.000443,0.008515
fixed,50,100,32,fsb,0.576253,0.000000,0.000000,0.269483,0.837956,0.000052,0.008621
fixed,50,100,32,fsb,0.997492,0.000000,0.000000,0.000000,0.760624,-0.000054,0.009990
fixed,50,100,32,fsb,-0.079254,0.000000,0.000000,0.610182,0.918486,0.000370,0.006595
fixed,50,100,32,fsb,0.726242,0.000000,0.000000,0.126774,0.866556,-0.000169,0.009231
fixed,50,100,32,A,0.699031,0.000000,0.000000,0.915904,0.989244,0.003593,0.007345
fixed,50,100,32,A,0.163805,0.000000,0.000000,0.996528,0.999585,0.000948,0.007268
fixed,50,100,32,A,-0.158515,0.000000,0.000000,0.993112,0.999143,0.000099,0.005550
fixed,50,100,32,A,-0.309396,0.000000,0.000000,0.978405,0.997208,0.000105,0.004729
fixed,50,100,32,A,-0.470585,0.000000,0.000000,0.951535,0.993927,0.000423,0.005230
fixed,50,100,32,A,-0.444000,0.000000,0.000000,0.957436,0.994555,0.000357,0.005069
fixed,50,100,32,A,0.564224,0.000000,0.000000,0.946274,0.993141,0.002910,0.007412
fixed,50,100,32,A,-0.932334,0.000000,0.000000,0.825050,0.977674,0.000722,0.007218
fixed,50,100,32,A,0.687936,0.080000,0.038367,0.917567,0.989598,0.003542,0.007341
fixed,50,100,32,A,-0.670055,0.000000,0.000000,0.906305,0.988145,0.000791,0.006266
fixed,50,100,32,A,-0.839017,0.000000,0.000000,0.856437,0.981770,0.000755,0.006675
fixed,50,100,32,A,-0.770542,0.500000,0.070711,0.877933,0.984515,0.000795,0.006494
fixed,50,100,32,A,-0.939071,0.000000,0.000000,0.819909,0.977363,0.000723,0.007277
fixed,50,100,32,A,-0.693312,0.000000,0.000000,0.899384,0.987347,0.000802,0.006330
fixed,50,100,32,A,-0.235969,0.420000,0.069800,0.986961,0.998288,0.000062,0.005020
fixed,50,100,32,A,-0.887378,0.000000,0.000000,0.842241,0.979698,0.000729,0.006899
fixed,50,100,32,A,-0.223694,0.000000,0.000000,0.986945,0.998442,0.000063,0.005094
fixed,50,100,32,A,0.577779,0.000000,0.000000,0.941829,0.992789,0.002984,0.007397
fixed,50,100,32,A,0.790453,0.000000,0.000000,0.889272,0.986112,0.003950,0.007489
fixed,50,100,32,A,-0.408479,0.000000,0.000000,0.961887,0.995340,0.000274,0.004885
fixed,50,100,32,A,0.438718,0.000000,0.000000,0.967284,0.995991,0.002230,0.007549
fixed,50,100,32,A,0.442681,0.000000,0.000000,0.966236,0.995912,0.002251,0.007546
fixed,50,100,32,A,0.422218,0.000000,0.000000,0.969738,0.996309,0.002143,0.007561
fixed,50,100,32,A,-0.150455,0.000000,0.000000,0.993731,0.999216,0.000108,0.005610
fixed,50,100,32,A,0.903906,0.000000,0.000000,0.857222,0.981679,0.004224,0.008050
fixed,50,100,32,A,-0.376112,0.000000,0.000000,0.967824,0.996002,0.000207,0.004766
fixed,50,100,32,A,0.712617,0.000000,0.000000,0.912207,0.988804,0.003653,0.007353
fixed,50,100,32,A,-0.518505,0.000000,0.000000,0.942470,0.992712,0.000542,0.005535
fixed,50,100,32,A,0.631825,0.000000,0.000000,0.930345,0.991295,0.003268,0.007351
fixed,50,100,32,A,-0.958103,0.000000,0.000000,0.814619,0.976472,0.000729,0.007458
fixed,50,100,32,A,0.798755,0.180000,0.054332,0.886753,0.985808,0.003977,0.007514
fixed,50,100,32,A,-0.707005,0.000000,0.000000,0.896054,0.986866,0.000806,0.006363
fixed,50,100,32,A,-0.797670,0.000000,0.000000,0.867831,0.983454,0.000781,0.006554
fixed,50,100,32,A,-0.028518,0.320000,0.065970,0.999257,0.999927,0.000326,0.006437
fixed,50,100,32,A,0.388758,0.000000,0.000000,0.975460,0.996915,0.001970,0.007577
fixed,50,100,32,A,-0.358947,0.000000,0.000000,0.971797,0.996333,0.000175,0.004728
fixed,50,100,32,A,0.735145,0.000000,0.000000,0.905909,0.988054,0.003748,0.007376
fixed,50,100,32,A,0.972145,0.000000,0.000000,0.832187,0.978724,0.004317,0.008659
fixed,50,100,32,A,0.987781,0.100000,0.042426,0.826800,0.978016,0.004336,0.008830
fixed,50,100,32,A,0.226658,0.040000,0.027713,0.992938,0.999085,0.001206,0.007431
fixed,50,100,32,A,-0.260018,0.040000,0.027713,0.983124,0.997962,0.000068,0.004892
fixed,50,100,32,A,0.330559,0.000000,0.000000,0.982648,0.997839,0.001680,0.007570
fixed,50,100,32,A,0.984664,0.000000,0.000000,0.827979,0.978158,0.004332,0.008795
fixed,50,100,32,A,0.414497,0.200000,0.056569,0.970834,0.996454,0.002103,0.007566
fixed,50,100,32,A,0.631752,0.100000,0.042426,0.930371,0.991297,0.003268,0.007351
fixed,50,100,32,A,0.302101,0.000000,0.000000,0.985736,0.998232,0.001545,0.007549
fixed,50,100,32,A,0.565669,0.000000,0.000000,0.946272,0.993104,0.002918,0.007410
fixed,50,100,32,A,-0.052949,0.000000,0.000000,0.998638,0.999842,0.000269,0.006290
fixed,50,100,32,A,-0.171599,0.000000,0.000000,0.992185,0.999019,0.000087,0.005454
fixed,50,100,32,A,0.712969,0.000000,0.000000,0.912095,0.988792,0.003655,0.007354
fixed,50,100,32,A,0.966862,0.000000,0.000000,0.834303,0.978960,0.004311,0.008603
fixed,50,100,32,A,-0.207165,0.000000,0.000000,0.989475,0.998640,0.000067,0.005202
fixed,50,100,32,A,-0.952858,0.000000,0.000000,0.817213,0.976719,0.000727,0.007406
fixed,50,100,32,A,0.488382,0.000000,0.000000,0.960107,0.994953,0.002497,0.007501
fixed,50,100,32,A,-0.680495,0.000000,0.000000,0.902314,0.987790,0.000797,0.006296
fixed,50,100,32,A,0.594970,0.000000,0.000000,0.939899,0.992329,0.003076,0.007380
fixed,50,100,32,A,-0.902754,0.460000,0.070484,0.834591,0.979016,0.000724,0.006995
fixed,50,100,32,A,-0.383954,0.100000,0.042426,0.966787,0.995846,0.000222,0.004790
fixed,50,100,32,A,-0.549707,0.000000,0.000000,0.936400,0.991861,0.000613,0.005726
fixed,50,100,32,A,-0.286540,0.000000,0.000000,0.980840,0.997572,0.000083,0.004786
fixed,50,100,32,A,0.892786,0.100000,0.042426,0.860967,0.982140,0.004205,0.007971
fixed,50,100,32,A,0.731384,0.000000,0.000000,0.906141,0.988181,0.003732,0.007372
fixed,50,100,32,A,0.723021,0.000000,0.000000,0.908548,0.988460,0.003697,0.007363
fixed,50,100,32,A,0.719029,0.020000,0.019799,0.910136,0.988593,0.003681,0.007359
fixed,50,100,32,A,-0.638655,0.000000,0.000000,0.914356,0.989181,0.000763,0.006160
fixed,50,100,32,A,0.327679,0.000000,0.000000,0.983141,0.997881,0.001667,0.007568
fixed,50,100,32,A,0.026168,0.000000,0.000000,0.999998,1.000012,0.000473,0.006729
fixed,50,100,32,A,0.583430,0.200000,0.056569,0.940832,0.992639,0.003014,0.007391
fixed,50,100,32,A,-0.601479,0.580000,0.069800,0.922705,0.990347,0.000713,0.006002
fixed,50,100,32,A,0.887515,0.040000,0.027713,0.862628,0.982356,0.004196,0.007936
fixed,50,100,32,A,0.883877,0.900000,0.042426,0.863736,0.982505,0.004189,0.007913
fixed,50,100,32,A,-0.487535,0.000000,0.000000,0.949772,0.993510,0.000466,0.005337
fixed,50,100,32,A,0.790651,0.200000,0.056569,0.889212,0.986105,0.003951,0.007489
fixed,50,100,32,A,-0.916544,0.000000,0.000000,0.831107,0.978395,0.000721,0.007092
fixed,50,100,32,A,-0.624410,0.000000,0.000000,0.917235,0.989635,0.000746,0.006104
fixed,50,100,32,A,-0.510209,0.000000,0.000000,0.942311,0.992930,0.000522,0.005483
fixed,50,100,32,A,-0.140731,0.000000,0.000000,0.994349,0.999299,0.000119,0.005682
fixed,50,100,32,A,0.557684,0.000000,0.000000,0.946300,0.993309,0.002875,0.007419
fixed,50,100,32,A,-0.671415,0.000000,0.000000,0.905714,0.988098,0.000792,0.006270
fixed,50,100,32,A,0.653355,0.580000,0.069800,0.925334,0.990661,0.003377,0.007342
fixed,50,100,32,A,0.261930,0.000000,0.000000,0.989464,0.998720,0.001361,0.007497
fixed,50,100,32,A,0.739054,0.300000,0.064807,0.905484,0.987922,0.003763,0.007382
fixed,50,100,32,A,-0.751911,0.000000,0.000000,0.884651,0.985224,0.000802,0.006457
fixed,50,100,32,A,-0.682383,0.360000,0.067882,0.901985,0.987725,0.000798,0.006301
fixed,50,100,32,A,0.917192,0.000000,0.000000,0.852733,0.981120,0.004245,0.008151
fixed,50,100,32,A,0.795762,0.000000,0.000000,0.887661,0.985918,0.003968,0.007504
fixed,50,100,32,A,-0.215196,0.000000,0.000000,0.988309,0.998546,0.000064,0.005149
fixed,50,100,32,A,0.830404,0.000000,0.000000,0.879582,0.984620,0.004069,0.007630
fixed,50,100,32,A,-0.987239,0.000000,0.000000,0.806909,0.975075,0.000751,0.007779
fixed,50,100,32,A,0.151062,0.000000,0.000000,0.997097,0.999663,0.000898,0.007229
fixed,50,100,32,A,0.945673,0.000000,0.000000,0.842388,0.979896,0.004284,0.008396
fixed,50,100,32,A,0.981830,0.040000,0.027713,0.829050,0.978287,0.004329,0.008763
fixed,50,100,32,A,0.402246,0.000000,0.000000,0.974233,0.996677,0.002039,0.007572
fixed,50,100,32,A,-0.226285,0.060000,0.033586,0.986556,0.998410,0.000063,0.005078
fixed,50,100,32,A,0.819046,0.000000,0.000000,0.880229,0.985052,0.004038,0.007584
fixed,50,100,32,A,-0.570858,0.000000,0.000000,0.931330,0.991258,0.000658,0.005846
fixed,50,100,32,A,-0.901658,0.000000,0.000000,0.835028,0.979065,0.000724,0.006987
fixed,50,100,32,A,0.277003,0.000000,0.000000,0.988009,0.998547,0.001429,0.007519
fixed,50,100,32,A,-0.185592,0.000000,0.000000,0.990940,0.998877,0.000077,0.005353
fixed,50,100,32,A,-0.879200,0.000000,0.000000,0.845674,0.980056,0.000732,0.006853
fixed,100,100,29,fcl,-0.783389,0.000000,0.000000,0.000000,0.407585,0.001177,0.006015
fixed,100,100,29,fcl,-0.263508,0.400000,0.048990,0.386919,0.436580,0.001678,0.005653
fixed,100,100,29,fcl,0.576934,0.000000,0.000000,0.000000,0.585410,0.000033,0.001571
fixed,100,100,29,fcl,-0.681701,0.000000,0.000000,0.000000,0.500904,0.001097,0.006368
fixed,100,100,29,fcl,0.223755,0.000000,0.000000,0.322070,0.850764,0.001185,0.006042
fixed,100,100,29,fcl,0.087621,0.210000,0.040731,0.886829,0.960993,0.001910,0.006849
fixed,100,100,29,fcl,-0.834911,0.000000,0.000000,0.000000,0.383115,0.001244,0.005800
fixed,100,100,29,fcl,-0.975412,0.000000,0.000000,0.000000,0.246058,0.001582,0.005650
fixed,100,100,29,fcl,0.158759,0.000000,0.000000,0.648063,0.905043,0.001561,0.006501
fixed,100,100,29,fcl,-0.076431,0.030000,0.017059,0.893964,0.951738,0.002184,0.006746
fixed,100,100,29,fcl,-0.148770,0.000000,0.000000,0.651015,0.803377,0.002054,0.006326
fixed,100,100,29,fcl,-0.925722,0.000000,0.000000,0.000000,0.304159,0.001429,0.005566
fixed,100,100,29,fcl,0.883934,0.000000,0.000000,0.000000,0.552611,0.000117,0.003941
fixed,100,100,29,fcl,-0.575265,0.000000,0.000000,0.000000,0.466419,0.001082,0.006421
fixed,100,100,29,fcl,0.524532,0.000000,0.000000,0.000000,0.616577,0.000076,0.002430
fixed,100,100,29,fcl,-0.257306,0.340000,0.047371,0.396978,0.456808,0.001700,0.005677
fixed,100,100,29,fcl,-0.933081,0.000000,0.000000,0.000000,0.295666,0.001449,0.005565
fixed,100,100,29,fcl,-0.178480,0.000000,0.000000,0.552576,0.717084,0.001969,0.006127
fixed,100,100,29,fcl,0.916767,0.000000,0.000000,0.000000,0.573437,0.000196,0.004598
fixed,100,100,29,fcl,0.642696,0.000000,0.000000,0.000000,0.544445,-0.000003,0.001396
fixed,100,100,29,fcl,-0.437634,0.000000,0.000000,0.000000,0.300455,0.001204,0.005921
fixed,100,100,29,fcl,0.431150,0.000000,0.000000,0.000000,0.672596,0.000240,0.003922
fixed,100,100,29,fcl,0.077931,0.750000,0.043301,0.909100,0.967833,0.001949,0.006880
fixed,100,100,29,fcl,-0.108910,0.660000,0.047371,0.793439,0.897319,0.002142,0.006576
fixed,100,100,29,fcl,0.838055,0.000000,0.000000,0.000000,0.523041,0.000037,0.003196
fixed,100,100,29,fcl,-0.878503,0.000000,0.000000,0.000000,0.352828,0.001320,0.005647
fixed,100,100,29,fcl,0.577430,0.000000,0.000000,0.000000,0.585105,0.000033,0.001565
fixed,100,100,29,fcl,-0.691009,0.000000,0.000000,0.000000,0.496332,0.001102,0.006345
fixed,100,100,29,fcl,-0.093970,0.760000,0.042708,0.842002,0.924994,0.002165,0.006659
fixed,100,100,29,fcl,-0.189939,0.090000,0.028618,0.517972,0.681008,0.001933,0.006051
fixed,100,100,29,fcl,-0.883053,0.000000,0.000000,0.000000,0.348696,0.001330,0.005634
fixed,100,100,29,fcl,0.491912,0.000000,0.000000,0.000000,0.635132,0.000118,0.002992
fixed,100,100,29,fcl,-0.084600,0.000000,0.000000,0.871286,0.940084,0.002176,0.006707
fixed,100,100,29,fcl,-0.413696,0.080000,0.027129,0.000000,0.273414,0.001247,0.005808
fixed,100,100,29,fcl,-0.014514,0.000000,0.000000,0.995975,0.998513,0.002180,0.006944
fixed,100,100,29,fcl,-0.176870,0.000000,0.000000,0.557662,0.722098,0.001974,0.006137
fixed,100,100,29,fcl,-0.708238,0.130000,0.033630,0.000000,0.484672,0.001112,0.006296
fixed,100,100,29,fcl,0.359354,0.000000,0.000000,0.000000,0.728910,0.000479,0.004798
fixed,100,100,29,fcl,0.972995,0.000000,0.000000,0.000000,0.600525,0.000376,0.005880
fixed,100,100,29,fcl,0.166227,0.320000,0.046648,0.615609,0.898929,0.001519,0.006454
fixed,100,100,29,fcl,0.392142,0.000000,0.000000,0.000000,0.701487,0.000356,0.004425
fixed,100,100,29,fcl,-0.294900,0.000000,0.000000,0.348780,0.340080,0.001570,0.005570
fixed,100,100,29,fcl,0.164287,0.000000,0.000000,0.624305,0.900519,0.001530,0.006466
fixed,100,100,29,fcl,-0.619327,0.000000,0.000000,0.000000,0.498733,0.001079,0.006449
fixed,100,100,29,fcl,0.640729,0.000000,0.000000,0.000000,0.545631,-0.000002,0.001381
fixed,100,100,29,fcl,0.352983,0.000000,0.000000,0.000000,0.734504,0.000506,0.004867
fixed,100,100,29,fcl,0.639361,0.150000,0.035707,0.000000,0.546455,-0.000001,0.001371
fixed,100,100,29,fcl,-0.566614,0.250000,0.043301,0.000000,0.457878,0.001084,0.006407
fixed,100,100,29,fcl,-0.073463,0.030000,0.017059,0.901765,0.955586,0.002187,0.006759
fixed,100,100,29,fcl,-0.215662,0.310000,0.046249,0.460161,0.596480,0.001846,0.005889
fixed,100,100,29,fcl,-0.939176,0.000000,0.000000,0.000000,0.288545,0.001466,0.005568
fixed,100,100,29,fcl,-0.609061,0.130000,0.033630,0.000000,0.493181,0.001078,0.006450
fixed,100,100,29,fcl,0.359000,0.000000,0.000000,0.000000,0.729218,0.000481,0.004802
fixed,100,100,29,fcl,0.282701,0.000000,0.000000,0.007923,0.798479,0.000849,0.005548
fixed,100,100,29,fcl,-0.527750,0.140000,0.034699,0.000000,0.413477,0.001102,0.006309
fixed,100,100,29,fcl,0.625745,0.000000,0.000000,0.000000,0.554838,0.000006,0.001296
fixed,100,100,29,fcl,-0.473741,0.000000,0.000000,0.000000,0.344862,0.001152,0.006093
fixed,100,100,29,fcl,0.367448,0.000000,0.000000,0.000000,0.721903,0.000447,0.004710
fixed,100,100,29,fcl,-0.418854,0.000000,0.000000,0.000000,0.279013,0.001237,0.005832
fixed,100,100,29,fcl,0.719870,0.000000,0.000000,0.000000,0.505863,-0.000028,0.002127
fixed,100,100,29,fcl,-0.904925,0.000000,0.000000,0.000000,0.327101,0.001377,0.005587
fixed,100,100,29,fcl,0.885564,0.000000,0.000000,0.000000,0.553687,0.000120,0.003971
fixed,100,100,29,fcl,0.613884,0.000000,0.000000,0.000000,0.562257,0.000012,0.001281
fixed,100,100,29,fcl,-0.311108,0.000000,0.000000,0.316554,0.296668,0.001516,0.005553
fixed,100,100,29,fcl,0.598272,0.000000,0.000000,0.000000,0.572082,0.000020,0.001346
fixed,100,100,29,fcl,-0.460572,0.000000,0.000000,0.000000,0.328319,0.001169,0.006032
fixed,100,100,29,fcl,-0.092749,0.000000,0.000000,0.845859,0.926982,0.002166,0.006665
fixed,100,100,29,fcl,-0.907337,0.000000,0.000000,0.000000,0.324563,0.001383,0.005583
fixed,100,100,29,fcl,-0.720199,0.000000,0.000000,0.000000,0.474127,0.001120,0.006258
fixed,100,100,29,fcl,0.329049,0.000000,0.000000,0.000000,0.756010,0.000613,0.005112
fixed,100,100,29,fcl,-0.503025,0.000000,0.000000,0.000000,0.382298,0.001121,0.006219
fixed,100,100,29,fcl,-0.750036,0.470000,0.049910,0.000000,0.441812,0.001144,0.006151
fixed,100,100,29,fcl,-0.988214,0.000000,0.000000,0.000000,0.231774,0.001628,0.005709
fixed,100,100,29,fcl,0.210683,0.000000,0.000000,0.392576,0.861911,0.001262,0.006142
fixed,100,100,29,fcl,-0.926645,0.040000,0.019596,0.000000,0.303105,0.001432,0.005565
fixed,100,100,29,fcl,0.114416,0.000000,0.000000,0.810669,0.940706,0.001790,0.006741
fixed,100,100,29,fcl,0.538138,0.000000,0.000000,0.000000,0.608726,0.000063,0.002192
fixed,100,100,29,fcl,0.767684,0.000000,0.000000,0.000000,0.497994,-0.000023,0.002487
fixed,100,100,29,fcl,0.797823,0.000000,0.000000,0.000000,0.503767,-0.000006,0.002737
fixed,100,100,29,fcl,-0.800421,0.000000,0.000000,0.000000,0.397894,0.001197,0.005943
fixed,100,100,29,fcl,-0.459055,0.000000,0.000000,0.000000,0.326427,0.001171,0.006024
fixed,100,100,29,fcl,0.945617,0.000000,0.000000,0.000000,0.589090,0.000281,0.005236
fixed,100,100,29,fcl,0.935733,0.000000,0.000000,0.000000,0.584097,0.000250,0.005012
fixed,100,100,29,fcl,0.322070,0.000000,0.000000,0.000000,0.762382,0.000646,0.005181
fixed,100,100,29,fcl,0.432927,0.000000,0.000000,0.000000,0.671385,0.000235,0.003897
fixed,100,100,29,fcl,0.784581,0.040000,0.019596,0.000000,0.500223,-0.000015,0.002620
fixed,100,100,29,fcl,-0.309604,0.000000,0.000000,0.320031,0.300411,0.001521,0.005553
fixed,100,100,29,fcl,-0.107829,0.000000,0.000000,0.797210,0.899506,0.002143,0.006582
fixed,100,100,29,fcl,-0.970484,0.000000,0.000000,0.000000,0.251688,0.001565,0.005631
fixed,100,100,29,fcl,0.933911,0.000000,0.000000,0.000000,0.583129,0.000245,0.004972
fixed,100,100,29,fcl,-0.477642,0.000000,0.000000,0.000000,0.349801,0.001147,0.006111
fixed,100,100,29,fcl,0.185004,0.000000,0.000000,0.526862,0.883439,0.001412,0.006328
fixed,100,100,29,fcl,-0.508737,0.000000,0.000000,0.000000,0.389593,0.001116,0.006242
fixed,100,100,29,fcl,0.522267,0.000000,0.000000,0.000000,0.617871,0.000079,0.002470
fixed,100,100,29,fcl,-0.261779,0.350000,0.047697,0.389724,0.442220,0.001684,0.005660
fixed,100,100,29,fcl,0.845458,0.000000,0.000000,0.000000,0.527549,0.000047,0.003300
fixed,100,100,29,fcl,0.833733,0.000000,0.000000,0.000000,0.520551,0.000031,0.003138
fixed,100,100,29,fcl,0.778782,0.000000,0.000000,0.000000,0.499049,-0.000018,0.002573
fixed,100,100,29,fcl,0.598282,0.000000,0.000000,0.000000,0.572076,0.000020,0.001346
fixed,100,100,29,fcl,-0.138934,0.180000,0.038419,0.684921,0.829121,0.002079,0.006390
fixed,100,100,29,fsb,0.321614,0.000000,0.000000,0.196167,0.775006,0.000411,0.005651
fixed,100,100,29,fsb,-0.412448,0.400000,0.048990,0.001435,0.499985,0.002816,0.009199
fixed,100,100,29,fsb,0.492664,0.000000,0.000000,0.239451,0.807295,0.000006,0.005693
fixed,100,100,29,fsb,0.683863,0.000000,0.000000,0.195681,0.865750,-0.000038,0.004358
fixed,100,100,29,fsb,-0.745122,0.000000,0.000000,0.000000,0.499639,0.001047,0.006833
fixed,100,100,29,fsb,0.269426,0.210000,0.040731,0.215673,0.784273,0.000624,0.005602
fixed,100,100,29,fsb,0.774729,0.000000,0.000000,0.030333,0.858162,0.000021,0.003427
fixed,100,100,29,fsb,0.501075,0.000000,0.000000,0.244850,0.810267,-0.000003,0.005672
fixed,100,100,29,fsb,0.950539,0.000000,0.000000,0.000000,0.779115,0.000318,0.005123
fixed,100,100,29,fsb,0.732209,0.030000,0.017059,0.115993,0.866052,-0.000012,0.003815
fixed,100,100,29,fsb,0.488620,0.000000,0.000000,0.238939,0.805881,0.000011,0.005702
fixed,100,100,29,fsb,0.038499,0.000000,0.000000,0.915563,0.983499,0.001933,0.006622
fixed,100,100,29,fsb,0.980140,0.000000,0.000000,0.000000,0.766853,0.000405,0.005799
fixed,100,100,29,fsb,0.610718,0.000000,0.000000,0.262971,0.849630,-0.000054,0.005082
fixed,100,100,29,fsb,0.016784,0.000000,0.000000,0.979408,0.996235,0.002063,0.006813
fixed,100,100,29,fsb,0.056839,0.340000,0.047371,0.839890,0.967579,0.001820,0.006466
fixed,100,100,29,fsb,0.995472,0.000000,0.000000,0.000000,0.761321,0.000455,0.006164
fixed,100,100,29,fsb,-0.985869,0.000000,0.000000,0.086043,0.498395,0.000432,0.004682
fixed,100,100,29,fsb,-0.652626,0.000000,0.000000,0.000000,0.498770,0.001582,0.008004
fixed,100,100,29,fsb,0.939739,0.000000,0.000000,0.000000,0.784015,0.000290,0.004890
fixed,100,100,29,fsb,0.104669,0.000000,0.000000,0.607678,0.914538,0.001524,0.006103
fixed,100,100,29,fsb,0.506158,0.000000,0.000000,0.251638,0.812088,-0.000008,0.005658
fixed,100,100,29,fsb,0.046454,0.750000,0.043301,0.885045,0.977133,0.001884,0.006553
fixed,100,100,29,fsb,0.014206,0.660000,0.047371,0.984591,0.997232,0.002079,0.006836
fixed,100,100,29,fsb,0.378633,0.000000,0.000000,0.197627,0.777526,0.000226,0.005728
fixed,100,100,29,fsb,0.406895,0.000000,0.000000,0.205122,0.782443,0.000153,0.005753
fixed,100,100,29,fsb,0.113044,0.000000,0.000000,0.575193,0.904791,0.001473,0.006048
fixed,100,100,29,fsb,-0.105939,0.000000,0.000000,0.372394,0.855834,0.002692,0.007893
fixed,100,100,29,fsb,-0.007082,0.760000,0.042708,0.996801,0.999382,0.002202,0.007028
fixed,100,100,29,fsb,0.078822,0.090000,0.028618,0.731654,0.944362,0.001684,0.006291
fixed,100,100,29,fsb,0.244886,0.000000,0.000000,0.243061,0.793464,0.000738,0.005601
fixed,100,100,29,fsb,0.477129,0.000000,0.000000,0.238098,0.801974,0.000025,0.005724
fixed,100,100,29,fsb,-0.563453,0.000000,0.000000,0.066790,0.498516,0.002113,0.008747
fixed,100,100,29,fsb,0.057015,0.080000,0.027129,0.839065,0.967403,0.001819,0.006465
fixed,100,100,29,fsb,-0.532025,0.000000,0.000000,0.031842,0.498818,0.002287,0.008918
fixed,100,100,29,fsb,0.225451,0.000000,0.000000,0.256986,0.803270,0.000834,0.005617
fixed,100,100,29,fsb,-0.501804,0.130000,0.033630,0.006038,0.499171,0.002444,0.009042
fixed,100,100,29,fsb,-0.285934,0.000000,0.000000,0.000000,0.506179,0.003046,0.008971
fixed,100,100,29,fsb,-0.899406,0.000000,0.000000,0.000000,0.499135,0.000463,0.004680
fixed,100,100,29,fsb,0.189320,0.320000,0.046648,0.325205,0.827918,0.001025,0.005689
fixed,100,100,29,fsb,0.862894,0.000000,0.000000,0.000000,0.822261,0.000130,0.003580
fixed,100,100,29,fsb,0.403293,0.000000,0.000000,0.203893,0.781729,0.000162,0.005750
fixed,100,100,29,fsb,0.581636,0.000000,0.000000,0.269183,0.839870,-0.000051,0.005299
fixed,100,100,29,fsb,-0.795539,0.000000,0.000000,0.000000,0.500005,0.000797,0.006071
fixed,100,100,29,fsb,0.384294,0.000000,0.000000,0.198522,0.778353,0.000210,0.005734
fixed,100,100,29,fsb,0.543912,0.000000,0.000000,0.266838,0.826039,-0.000037,0.005515
fixed,100,100,29,fsb,-0.492781,0.150000,0.035707,0.001734,0.499278,0.002488,0.009072
fixed,100,100,29,fsb,-0.612987,0.250000,0.043301,0.074265,0.498431,0.001822,0.008382
fixed,100,100,29,fsb,0.483968,0.030000,0.017059,0.238611,0.804291,0.000016,0.005712
fixed,100,100,29,fsb,0.049656,0.310000,0.046249,0.871322,0.974234,0.001865,0.006526
fixed,100,100,29,fsb,-0.320856,0.000000,0.000000,0.000000,0.500597,0.003021,0.009081
fixed,100,100,29,fsb,-0.627726,0.130000,0.033630,0.051549,0.498528,0.001733,0.008251
fixed,100,100,29,fsb,0.016421,0.000000,0.000000,0.980253,0.996400,0.002066,0.006816
fixed,100,100,29,fsb,-0.985253,0.000000,0.000000,0.085581,0.498397,0.000432,0.004676
fixed,100,100,29,fsb,-0.643937,0.140000,0.034699,0.009459,0.498681,0.001635,0.008094
fixed,100,100,29,fsb,0.521230,0.000000,0.000000,0.258996,0.817597,-0.000021,0.005609
fixed,100,100,29,fsb,0.705866,0.000000,0.000000,0.162789,0.867095,-0.000027,0.004109
fixed,100,100,29,fsb,0.205440,0.000000,0.000000,0.294409,0.815852,0.000938,0.005650
fixed,100,100,29,fsb,-0.481291,0.000000,0.000000,0.000353,0.499413,0.002542,0.009105
fixed,100,100,29,fsb,0.484138,0.000000,0.000000,0.238619,0.804349,0.000016,0.005711
fixed,100,100,29,fsb,-0.034455,0.000000,0.000000,0.925923,0.985720,0.002353,0.007276
fixed,100,100,29,fsb,0.662420,0.000000,0.000000,0.224691,0.862693,-0.000046,0.004592
fixed,100,100,29,fsb,0.039425,0.000000,0.000000,0.912090,0.982776,0.001927,0.006614
fixed,100,100,29,fsb,0.186353,0.000000,0.000000,0.330722,0.830251,0.001042,0.005698
fixed,100,100,29,fsb,-0.810198,0.000000,0.000000,0.000000,0.499975,0.000734,0.005844
fixed,100,100,29,fsb,-0.015094,0.000000,0.000000,0.987584,0.997624,0.002247,0.007100
fixed,100,100,29,fsb,-0.918625,0.000000,0.000000,0.000000,0.498969,0.000435,0.004547
fixed,100,100,29,fsb,0.388942,0.000000,0.000000,0.199499,0.779087,0.000198,0.005738
fixed,100,100,29,fsb,-0.076089,0.000000,0.000000,0.637636,0.925153,0.002562,0.007644
fixed,100,100,29,fsb,0.285705,0.000000,0.000000,0.207457,0.779933,0.000554,0.005611
fixed,100,100,29,fsb,0.394760,0.000000,0.000000,0.201120,0.780094,0.000183,0.005744
fixed,100,100,29,fsb,-0.210997,0.470000,0.049910,0.000000,0.583197,0.002995,0.008622
fixed,100,100,29,fsb,0.153451,0.000000,0.000000,0.419090,0.860438,0.001230,0.005824
fixed,100,100,29,fsb,-0.918777,0.000000,0.000000,0.000000,0.498968,0.000435,0.004546
fixed,100,100,29,fsb,-0.233148,0.040000,0.019596,0.000000,0.547167,0.003025,0.008741
fixed,100,100,29,fsb,0.824479,0.000000,0.000000,0.000000,0.840318,0.000075,0.003308
fixed,100,100,29,fsb,-0.758527,0.000000,0.000000,0.000000,0.499790,0.000976,0.006636
fixed,100,100,29,fsb,0.756133,0.000000,0.000000,0.065852,0.862548,0.000006,0.003576
fixed,100,100,29,fsb,0.011714,0.000000,0.000000,0.988033,0.997863,0.002093,0.006858
fixed,100,100,29,fsb,0.951108,0.000000,0.000000,0.000000,0.778867,0.000320,0.005136
fixed,100,100,29,fsb,0.377265,0.000000,0.000000,0.197410,0.777326,0.000230,0.005726
fixed,100,100,29,fsb,-0.649156,0.000000,0.000000,0.000000,0.498734,0.001603,0.008040
fixed,100,100,29,fsb,0.289863,0.000000,0.000000,0.206898,0.779090,0.000536,0.005615
fixed,100,100,29,fsb,0.200557,0.000000,0.000000,0.303911,0.819376,0.000964,0.005660
fixed,100,100,29,fsb,0.735265,0.000000,0.000000,0.110176,0.865741,-0.000010,0.003783
fixed,100,100,29,fsb,-0.477551,0.040000,0.019596,0.000015,0.499457,0.002559,0.009115
fixed,100,100,29,fsb,0.505566,0.000000,0.000000,0.250847,0.811876,-0.000008,0.005660
fixed,100,100,29,fsb,0.230727,0.000000,0.000000,0.252623,0.800432,0.000808,0.005611
fixed,100,100,29,fsb,-0.391147,0.000000,0.000000,0.002159,0.500004,0.002881,0.009195
fixed,100,100,29,fsb,-0.815048,0.000000,0.000000,0.000000,0.499946,0.000714,0.005770
fixed,100,100,29,fsb,0.449843,0.000000,0.000000,0.222227,0.793397,0.000066,0.005754
fixed,100,100,29,fsb,0.469777,0.000000,0.000000,0.233189,0.799569,0.000035,0.005735
fixed,100,100,29,fsb,0.310311,0.000000,0.000000,0.199140,0.775944,0.000454,0.005637
fixed,100,100,29,fsb,0.870951,0.000000,0.000000,0.000000,0.818224,0.000144,0.003676
fixed,100,100,29,fsb,0.057091,0.350000,0.047697,0.838705,0.967326,0.001819,0.006464
fixed,100,100,29,fsb,-0.233150,0.000000,0.000000,0.000000,0.547164,0.003025,0.008741
fixed,100,100,29,fsb,-0.422732,0.000000,0.000000,0.000000,0.499943,0.002781,0.009196
fixed,100,100,29,fsb,-0.609920,0.000000,0.000000,0.078584,0.498416,0.001840,0.008408
fixed,100,100,29,fsb,0.867755,0.000000,0.000000,0.000000,0.819832,0.000138,0.003637
fixed,100,100,29,fsb,-0.403891,0.180000,0.038419,0.003748,0.500004,0.002844,0.009200
fixed,100,100,29,A,0.138205,0.000000,0.000000,0.997870,0.999734,0.001429,0.007054
fixed,100,100,29,A,0.190132,0.400000,0.048990,0.994943,0.999398,0.001203,0.006985
fixed,100,100,29,A,-0.922322,0.000000,0.000000,0.829775,0.978133,0.002424,0.005452
fixed,100,100,29,A,-0.794468,0.000000,0.000000,0.869669,0.983581,0.003317,0.005656
fixed,100,100,29,A,0.487558,0.000000,0.000000,0.960406,0.994972,0.000127,0.005839
fixed,100,100,29,A,0.005402,0.210000,0.040731,0.999814,0.999997,0.002128,0.006972
fixed,100,100,29,A,-0.623415,0.000000,0.000000,0.917377,0.989666,0.004358,0.006838
fixed,100,100,29,A,-0.518791,0.000000,0.000000,0.942355,0.992704,0.004775,0.007209
fixed,100,100,29,A,-0.314260,0.000000,0.000000,0.977786,0.997127,0.004493,0.007028
fixed,100,100,29,A,-0.166015,0.030000,0.017059,0.992674,0.999074,0.003388,0.006798
fixed,100,100,29,A,-0.825741,0.000000,0.000000,0.861742,0.982319,0.003104,0.005481
fixed,100,100,29,A,0.580045,0.000000,0.000000,0.941411,0.992729,-0.000117,0.005781
fixed,100,100,29,A,0.847262,0.000000,0.000000,0.872501,0.983967,-0.000184,0.007470
fixed,100,100,29,A,0.230670,0.000000,0.000000,0.992463,0.999046,0.001038,0.006885
fixed,100,100,29,A,-0.579193,0.000000,0.000000,0.930250,0.991014,0.004566,0.007042
fixed,100,100,29,A,-0.476969,0.340000,0.047371,0.949559,0.993772,0.004853,0.007252
fixed,100,100,29,A,-0.978650,0.000000,0.000000,0.807293,0.975491,0.002056,0.005926
fixed,100,100,29,A,0.970087,0.000000,0.000000,0.832826,0.978816,0.000254,0.008886
fixed,100,100,29,A,-0.447838,0.000000,0.000000,0.957061,0.994467,0.004869,0.007251
fixed,100,100,29,A,0.876143,0.000000,0.000000,0.865628,0.982819,-0.000112,0.007761
fixed,100,100,29,A,0.957124,0.000000,0.000000,0.838578,0.979393,0.000192,0.008712
fixed,100,100,29,A,0.634021,0.000000,0.000000,0.929543,0.991231,-0.000220,0.005935
fixed,100,100,29,A,-0.318098,0.750000,0.043301,0.977027,0.997063,0.004514,0.007037
fixed,100,100,29,A,-0.890797,0.660000,0.047371,0.840626,0.979547,0.002646,0.005353
fixed,100,100,29,A,0.648243,0.000000,0.000000,0.926860,0.990814,-0.000241,0.005998
fixed,100,100,29,A,-0.512467,0.000000,0.000000,0.942473,0.992871,0.004791,0.007220
fixed,100,100,29,A,-0.372106,0.000000,0.000000,0.968936,0.996080,0.004749,0.007154
fixed,100,100,29,A,0.584819,0.000000,0.000000,0.940594,0.992602,-0.000128,0.005789
fixed,100,100,29,A,-0.844477,0.760000,0.042708,0.856008,0.981541,0.002974,0.005405
fixed,100,100,29,A,-0.352587,0.090000,0.028618,0.972443,0.996451,0.004678,0.007114
fixed,100,100,29,A,0.014712,0.000000,0.000000,0.999926,1.000007,0.002072,0.006986
fixed,100,100,29,A,0.516969,0.000000,0.000000,0.953929,0.994303,0.000042,0.005778
fixed,100,100,29,A,-0.564854,0.000000,0.000000,0.932193,0.991431,0.004625,0.007094
fixed,100,100,29,A,-0.770656,0.080000,0.027129,0.877858,0.984511,0.003475,0.005818
fixed,100,100,29,A,-0.832872,0.000000,0.000000,0.859408,0.982024,0.003055,0.005449
fixed,100,100,29,A,-0.859361,0.000000,0.000000,0.850520,0.980911,0.002869,0.005366
fixed,100,100,29,A,0.428248,0.130000,0.033630,0.969629,0.996194,0.000315,0.006049
fixed,100,100,29,A,0.324771,0.000000,0.000000,0.983448,0.997923,0.000678,0.006527
fixed,100,100,29,A,0.556340,0.000000,0.000000,0.946557,0.993343,-0.000062,0.005757
fixed,100,100,29,A,-0.405122,0.320000,0.046648,0.962487,0.995411,0.004831,0.007210
fixed,100,100,29,A,0.145834,0.000000,0.000000,0.997737,0.999693,0.001395,0.007048
fixed,100,100,29,A,0.295418,0.000000,0.000000,0.986246,0.998319,0.000787,0.006654
fixed,100,100,29,A,-0.443025,0.000000,0.000000,0.957496,0.994577,0.004869,0.007248
fixed,100,100,29,A,-0.997394,0.000000,0.000000,0.802501,0.974579,0.001947,0.006165
fixed,100,100,29,A,-0.342507,0.000000,0.000000,0.973676,0.996636,0.004635,0.007092
fixed,100,100,29,A,0.656993,0.000000,0.000000,0.924247,0.990552,-0.000253,0.006040
fixed,100,100,29,A,0.610774,0.150000,0.035707,0.936045,0.991893,-0.000180,0.005852
fixed,100,100,29,A,0.936181,0.250000,0.043301,0.845059,0.980308,0.000099,0.008445
fixed,100,100,29,A,-0.576837,0.030000,0.017059,0.930599,0.991084,0.004576,0.007051
fixed,100,100,29,A,-0.492360,0.310000,0.046249,0.948409,0.993389,0.004831,0.007243
fixed,100,100,29,A,-0.984944,0.000000,0.000000,0.806841,0.975186,0.002018,0.006002
fixed,100,100,29,A,-0.235799,0.130000,0.033630,0.986954,0.998290,0.003954,0.006867
fixed,100,100,29,A,-0.950141,0.000000,0.000000,0.818556,0.976847,0.002236,0.005638
fixed,100,100,29,A,0.097335,0.000000,0.000000,0.999249,0.999906,0.001623,0.007063
fixed,100,100,29,A,-0.093607,0.140000,0.034699,0.996947,0.999637,0.002810,0.006828
fixed,100,100,29,A,-0.293790,0.000000,0.000000,0.979498,0.997459,0.004370,0.006982
fixed,100,100,29,A,-0.994339,0.000000,0.000000,0.804343,0.974729,0.001964,0.006123
fixed,100,100,29,A,0.749741,0.000000,0.000000,0.899973,0.987556,-0.000302,0.006632
fixed,100,100,29,A,0.888357,0.000000,0.000000,0.862372,0.982322,-0.000075,0.007891
fixed,100,100,29,A,0.852608,0.000000,0.000000,0.871339,0.983758,-0.000172,0.007522
fixed,100,100,29,A,0.873446,0.000000,0.000000,0.866065,0.982928,-0.000119,0.007733
fixed,100,100,29,A,-0.309995,0.000000,0.000000,0.978329,0.997198,0.004468,0.007018
fixed,100,100,29,A,-0.021423,0.000000,0.000000,0.999375,0.999946,0.002298,0.006929
fixed,100,100,29,A,-0.086211,0.000000,0.000000,0.997293,0.999681,0.002754,0.006836
fixed,100,100,29,A,-0.831310,0.000000,0.000000,0.860164,0.982089,0.003066,0.005456
fixed,100,100,29,A,-0.771653,0.000000,0.000000,0.877202,0.984472,0.003468,0.005811
fixed,100,100,29,A,-0.178513,0.000000,0.000000,0.991574,0.998950,0.003491,0.006803
fixed,100,100,29,A,0.369149,0.000000,0.000000,0.976997,0.997244,0.000518,0.006320
fixed,100,100,29,A,-0.429425,0.000000,0.000000,0.959263,0.994884,0.004862,0.007238
fixed,100,100,29,A,0.326399,0.000000,0.000000,0.983336,0.997900,0.000672,0.006519
fixed,100,100,29,A,-0.689118,0.000000,0.000000,0.900715,0.987493,0.003989,0.006423
fixed,100,100,29,A,0.784314,0.470000,0.049910,0.892808,0.986334,-0.000282,0.006906
fixed,100,100,29,A,-0.130480,0.000000,0.000000,0.994958,0.999381,0.003098,0.006800
fixed,100,100,29,A,-0.927168,0.000000,0.000000,0.828006,0.977911,0.002391,0.005477
fixed,100,100,29,A,-0.002490,0.040000,0.019596,0.999780,0.999986,0.002177,0.006960
fixed,100,100,29,A,0.068827,0.000000,0.000000,0.999719,0.999978,0.001768,0.007049
fixed,100,100,29,A,0.462988,0.000000,0.000000,0.964076,0.995498,0.000203,0.005914
fixed,100,100,29,A,-0.095220,0.000000,0.000000,0.996872,0.999628,0.002822,0.006826
fixed,100,100,29,A,-0.108732,0.000000,0.000000,0.996074,0.999540,0.002926,0.006814
fixed,100,100,29,A,0.594823,0.000000,0.000000,0.939902,0.992333,-0.000149,0.005809
fixed,100,100,29,A,-0.442124,0.000000,0.000000,0.957550,0.994597,0.004868,0.007248
fixed,100,100,29,A,0.184110,0.000000,0.000000,0.995352,0.999444,0.001229,0.006996
fixed,100,100,29,A,-0.905730,0.000000,0.000000,0.833403,0.978883,0.002540,0.005385
fixed,100,100,29,A,-0.247503,0.000000,0.000000,0.985865,0.998135,0.004044,0.006887
fixed,100,100,29,A,-0.751600,0.000000,0.000000,0.884767,0.985236,0.003599,0.005957
fixed,100,100,29,A,0.966439,0.040000,0.019596,0.834502,0.978979,0.000236,0.008837
fixed,100,100,29,A,-0.369033,0.000000,0.000000,0.969790,0.996140,0.004739,0.007148
fixed,100,100,29,A,0.554327,0.000000,0.000000,0.946941,0.993393,-0.000057,0.005756
fixed,100,100,29,A,-0.858788,0.000000,0.000000,0.850801,0.980936,0.002873,0.005367
fixed,100,100,29,A,0.226001,0.000000,0.000000,0.993002,0.999091,0.001056,0.006898
fixed,100,100,29,A,0.765298,0.000000,0.000000,0.896659,0.987013,-0.000296,0.006752
fixed,100,100,29,A,0.437061,0.000000,0.000000,0.967717,0.996024,0.000286,0.006013
fixed,100,100,29,A,-0.792574,0.000000,0.000000,0.870756,0.983655,0.003329,0.005668
fixed,100,100,29,A,-0.895801,0.000000,0.000000,0.837902,0.979325,0.002611,0.005361
fixed,100,100,29,A,-0.738195,0.350000,0.047697,0.888768,0.985736,0.003685,0.006058
fixed,100,100,29,A,-0.637814,0.000000,0.000000,0.914602,0.989208,0.004282,0.006757
fixed,100,100,29,A,0.424158,0.000000,0.000000,0.969790,0.996272,0.000329,0.006067
fixed,100,100,29,A,-0.849189,0.000000,0.000000,0.855704,0.981343,0.002941,0.005391
fixed,100,100,29,A,-0.993741,0.000000,0.000000,0.804704,0.974758,0.001967,0.006115
fixed,100,100,29,A,-0.875328,0.180000,0.038419,0.846336,0.980224,0.002756,0.005347
adaptive,100,100,29,fcl,-0.783389,0.000000,0.000000,0.000000,0.407585,-0.016003,0.051809
adaptive,100,100,29,fcl,-0.263508,0.410029,0.026713,0.386919,0.436580,0.207907,0.058076
adaptive,100,100,29,fcl,0.576934,0.000000,0.000000,0.000000,0.585410,0.001642,0.029027
adaptive,100,100,29,fcl,-0.681701,0.000000,0.000000,0.000000,0.500904,-0.033869,0.050181
adaptive,100,100,29,fcl,0.223755,0.000000,0.000000,0.322070,0.850764,0.272669,0.069980
adaptive,100,100,29,fcl,0.087621,0.330000,0.023511,0.886829,0.960993,0.540822,0.063122
adaptive,100,100,29,fcl,-0.834911,0.000000,0.000000,0.000000,0.383115,-0.008031,0.053367
adaptive,100,100,29,fcl,-0.975412,0.000000,0.000000,0.000000,0.246058,0.002681,0.052407
adaptive,100,100,29,fcl,0.158759,0.000000,0.000000,0.648063,0.905043,0.419317,0.068188
adaptive,100,100,29,fcl,-0.076431,0.156442,0.020120,0.893964,0.951738,0.490888,0.064696
adaptive,100,100,29,fcl,-0.148770,0.000000,0.000000,0.651015,0.803377,0.385700,0.060740
adaptive,100,100,29,fcl,-0.925722,0.000000,0.000000,0.000000,0.304159,-0.000379,0.048642
adaptive,100,100,29,fcl,0.883934,0.000000,0.000000,0.000000,0.552611,0.008744,0.053134
adaptive,100,100,29,fcl,-0.575265,0.000000,0.000000,0.000000,0.466419,-0.029982,0.061273
adaptive,100,100,29,fcl,0.524532,0.000000,0.000000,0.000000,0.616577,-0.000675,0.042005
adaptive,100,100,29,fcl,-0.257306,0.240331,0.022458,0.396978,0.456808,0.216894,0.057954
adaptive,100,100,29,fcl,-0.933081,0.000000,0.000000,0.000000,0.295666,0.000068,0.048719
adaptive,100,100,29,fcl,-0.178480,0.022901,0.013069,0.552576,0.717084,0.337891,0.059079
adaptive,100,100,29,fcl,0.916767,0.000000,0.000000,0.000000,0.573437,0.012791,0.065138
adaptive,100,100,29,fcl,0.642696,0.000000,0.000000,0.000000,0.544445,0.001653,0.027390
adaptive,100,100,29,fcl,-0.437634,0.000000,0.000000,0.000000,0.300455,0.016750,0.054701
adaptive,100,100,29,fcl,0.431150,0.000000,0.000000,0.000000,0.672596,-0.000077,0.057370
adaptive,100,100,29,fcl,0.077931,0.828244,0.023302,0.909100,0.967833,0.550376,0.062870
adaptive,100,100,29,fcl,-0.108910,0.624309,0.025454,0.793439,0.897319,0.447106,0.063099
adaptive,100,100,29,fcl,0.838055,0.000000,0.000000,0.000000,0.523041,0.003798,0.030859
adaptive,100,100,29,fcl,-0.878503,0.000000,0.000000,0.000000,0.352828,-0.003666,0.051012
adaptive,100,100,29,fcl,0.577430,0.000000,0.000000,0.000000,0.585105,0.001650,0.028894
adaptive,100,100,29,fcl,-0.691009,0.000000,0.000000,0.000000,0.496332,-0.032825,0.049296
adaptive,100,100,29,fcl,-0.093970,0.777027,0.024193,0.842002,0.924994,0.468142,0.063892
adaptive,100,100,29,fcl,-0.189939,0.202290,0.024818,0.517972,0.681008,0.319572,0.058561
adaptive,100,100,29,fcl,-0.883053,0.000000,0.000000,0.000000,0.348696,-0.003301,0.050673
adaptive,100,100,29,fcl,0.491912,0.000000,0.000000,0.000000,0.635132,-0.002949,0.048632
adaptive,100,100,29,fcl,-0.084600,0.000000,0.000000,0.871286,0.940084,0.480575,0.064342
adaptive,100,100,29,fcl,-0.413696,0.000000,0.000000,0.000000,0.273414,0.033184,0.054944
adaptive,100,100,29,fcl,-0.014514,0.000000,0.000000,0.995975,0.998513,0.550690,0.065546
adaptive,100,100,29,fcl,-0.176870,0.000000,0.000000,0.557662,0.722098,0.340477,0.059159
adaptive,100,100,29,fcl,-0.708238,0.196429,0.023743,0.000000,0.484672,-0.030365,0.048260
adaptive,100,100,29,fcl,0.359354,0.000000,0.000000,0.000000,0.728910,0.040036,0.061466
adaptive,100,100,29,fcl,0.972995,0.000000,0.000000,0.000000,0.600525,0.019956,0.079209
adaptive,100,100,29,fcl,0.166227,0.405000,0.024545,0.615609,0.898929,0.403091,0.068682
adaptive,100,100,29,fcl,0.392142,0.019608,0.019415,0.000000,0.701487,0.014912,0.059963
adaptive,100,100,29,fcl,-0.294900,0.000000,0.000000,0.348780,0.340080,0.163769,0.058700
adaptive,100,100,29,fcl,0.164287,0.019608,0.019415,0.624305,0.900519,0.407340,0.068559
adaptive,100,100,29,fcl,-0.619327,0.000000,0.000000,0.000000,0.498733,-0.034918,0.058136
adaptive,100,100,29,fcl,0.640729,0.000000,0.000000,0.000000,0.545631,0.001663,0.026877
adaptive,100,100,29,fcl,0.352983,0.000000,0.000000,0.000000,0.734504,0.046430,0.061789
adaptive,100,100,29,fcl,0.639361,0.053435,0.013894,0.000000,0.546455,0.001669,0.026528
adaptive,100,100,29,fcl,-0.566614,0.182692,0.021876,0.000000,0.457878,-0.028551,0.061413
adaptive,100,100,29,fcl,-0.073463,0.019608,0.019415,0.901765,0.955586,0.494508,0.064815
adaptive,100,100,29,fcl,-0.215662,0.298387,0.023723,0.460161,0.596480,0.279270,0.057817
adaptive,100,100,29,fcl,-0.939176,0.000000,0.000000,0.000000,0.288545,0.000434,0.048911
adaptive,100,100,29,fcl,-0.609061,0.000000,0.000000,0.000000,0.493181,-0.034139,0.059201
adaptive,100,100,29,fcl,0.359000,0.000000,0.000000,0.000000,0.729218,0.040379,0.061484
adaptive,100,100,29,fcl,0.282701,0.000000,0.000000,0.007923,0.798479,0.149669,0.066777
adaptive,100,100,29,fcl,-0.527750,0.101351,0.017541,0.000000,0.413477,-0.020243,0.060241
adaptive,100,100,29,fcl,0.625745,0.000000,0.000000,0.000000,0.554838,0.001728,0.023635
adaptive,100,100,29,fcl,-0.473741,0.000000,0.000000,0.000000,0.344862,-0.002043,0.056187
adaptive,100,100,29,fcl,0.367448,0.000000,0.000000,0.000000,0.721903,0.032640,0.061083
adaptive,100,100,29,fcl,-0.418854,0.000000,0.000000,0.000000,0.279013,0.029349,0.054812
adaptive,100,100,29,fcl,0.719870,0.000000,0.000000,0.000000,0.505863,0.000784,0.036953
adaptive,100,100,29,fcl,-0.904925,0.000000,0.000000,0.000000,0.327101,-0.001712,0.049231
adaptive,100,100,29,fcl,0.885564,0.019608,0.019415,0.000000,0.553687,0.008939,0.053808
adaptive,100,100,29,fcl,0.613884,0.000000,0.000000,0.000000,0.562257,0.001772,0.022611
adaptive,100,100,29,fcl,-0.311108,0.000000,0.000000,0.316554,0.296668,0.142050,0.058827
adaptive,100,100,29,fcl,0.598272,0.000000,0.000000,0.000000,0.572082,0.001797,0.023991
adaptive,100,100,29,fcl,-0.460572,0.019608,0.019415,0.000000,0.328319,0.004061,0.055409
adaptive,100,100,29,fcl,-0.092749,0.000000,0.000000,0.845859,0.926982,0.469797,0.063953
adaptive,100,100,29,fcl,-0.907337,0.000000,0.000000,0.000000,0.324563,-0.001550,0.049112
adaptive,100,100,29,fcl,-0.720199,0.000000,0.000000,0.000000,0.474127,-0.028325,0.048063
adaptive,100,100,29,fcl,0.329049,0.000000,0.000000,0.000000,0.756010,0.074987,0.063226
adaptive,100,100,29,fcl,-0.503025,0.000000,0.000000,0.000000,0.382298,-0.013081,0.058437
adaptive,100,100,29,fcl,-0.750036,0.324873,0.023594,0.000000,0.441812,-0.022545,0.049241
adaptive,100,100,29,fcl,-0.988214,0.000000,0.000000,0.000000,0.231774,0.003574,0.054441
adaptive,100,100,29,fcl,0.210683,0.000000,0.000000,0.392576,0.861911,0.302334,0.070115
adaptive,100,100,29,fcl,-0.926645,0.019608,0.019415,0.000000,0.303105,-0.000322,0.048643
adaptive,100,100,29,fcl,0.114416,0.000000,0.000000,0.810669,0.940706,0.504314,0.064668
adaptive,100,100,29,fcl,0.538138,0.000000,0.000000,0.000000,0.608726,0.000209,0.038957
adaptive,100,100,29,fcl,0.767684,0.000000,0.000000,0.000000,0.497994,0.000351,0.023252
adaptive,100,100,29,fcl,0.797823,0.000000,0.000000,0.000000,0.503767,0.000999,0.014199
adaptive,100,100,29,fcl,-0.800421,0.000000,0.000000,0.000000,0.397894,-0.013007,0.052852
adaptive,100,100,29,fcl,-0.459055,0.000000,0.000000,0.000000,0.326427,0.004816,0.055335
adaptive,100,100,29,fcl,0.945617,0.000000,0.000000,0.000000,0.589090,0.016467,0.073237
adaptive,100,100,29,fcl,0.935733,0.000000,0.000000,0.000000,0.584097,0.015203,0.070692
adaptive,100,100,29,fcl,0.322070,0.019608,0.019415,0.000000,0.762382,0.084650,0.063714
adaptive,100,100,29,fcl,0.432927,0.019608,0.019415,0.000000,0.671385,-0.000445,0.057203
adaptive,100,100,29,fcl,0.784581,0.113861,0.022349,0.000000,0.500223,0.000572,0.016570
adaptive,100,100,29,fcl,-0.309604,0.000000,0.000000,0.320031,0.300411,0.144029,0.058825
adaptive,100,100,29,fcl,-0.107829,0.025641,0.012655,0.797210,0.899506,0.448674,0.063159
adaptive,100,100,29,fcl,-0.970484,0.000000,0.000000,0.000000,0.251688,0.002356,0.051718
adaptive,100,100,29,fcl,0.933911,0.000000,0.000000,0.000000,0.583129,0.014970,0.070198
adaptive,100,100,29,fcl,-0.477642,0.000000,0.000000,0.000000,0.349801,-0.003703,0.056457
adaptive,100,100,29,fcl,0.185004,0.037162,0.010995,0.526862,0.883439,0.361040,0.069630
adaptive,100,100,29,fcl,-0.508737,0.019608,0.019415,0.000000,0.389593,-0.014890,0.058890
adaptive,100,100,29,fcl,0.522267,0.000000,0.000000,0.000000,0.617871,-0.000835,0.042494
adaptive,100,100,29,fcl,-0.261779,0.224359,0.033399,0.389724,0.442220,0.210404,0.058040
adaptive,100,100,29,fcl,0.845458,0.019608,0.019415,0.000000,0.527549,0.004505,0.034825
adaptive,100,100,29,fcl,0.833733,0.019608,0.019415,0.000000,0.520551,0.003407,0.028517
adaptive,100,100,29,fcl,0.778782,0.019048,0.013340,0.000000,0.499049,0.000460,0.018693
adaptive,100,100,29,fcl,0.598282,0.000000,0.000000,0.000000,0.572076,0.001797,0.023989
adaptive,100,100,29,fcl,-0.138934,0.000000,0.000000,0.684921,0.829121,0.401347,0.061334
adaptive,100,100,29,fsb,0.321614,0.000000,0.000000,0.196167,0.775006,0.139040,0.058572
adaptive,100,100,29,fsb,-0.412448,0.410029,0.026713,0.001435,0.499985,0.076892,0.073727
adaptive,100,100,29,fsb,0.492664,0.000000,0.000000,0.239451,0.807295,0.054087,0.062092
adaptive,100,100,29,fsb,0.683863,0.000000,0.000000,0.195681,0.865750,0.073240,0.057552
adaptive,100,100,29,fsb,-0.745122,0.000000,0.000000,0.000000,0.499639,0.006350,0.068990
adaptive,100,100,29,fsb,0.269426,0.330000,0.023511,0.215673,0.784273,0.199625,0.055405
adaptive,100,100,29,fsb,0.774729,0.000000,0.000000,0.030333,0.858162,0.069276,0.051277
adaptive,100,100,29,fsb,0.501075,0.000000,0.000000,0.244850,0.810267,0.053486,0.062216
adaptive,100,100,29,fsb,0.950539,0.000000,0.000000,0.000000,0.779115,0.041550,0.072558
adaptive,100,100,29,fsb,0.732209,0.156442,0.020120,0.115993,0.866052,0.074201,0.052644
adaptive,100,100,29,fsb,0.488620,0.000000,0.000000,0.238939,0.805881,0.054468,0.062045
adaptive,100,100,29,fsb,0.038499,0.000000,0.000000,0.915563,0.983499,0.552014,0.061898
adaptive,100,100,29,fsb,0.980140,0.000000,0.000000,0.000000,0.766853,0.040162,0.075994
adaptive,100,100,29,fsb,0.610718,0.000000,0.000000,0.262971,0.849630,0.062686,0.063287
adaptive,100,100,29,fsb,0.016784,0.000000,0.000000,0.979408,0.996235,0.559598,0.063533
adaptive,100,100,29,fsb,0.056839,0.240331,0.022458,0.839890,0.967579,0.538602,0.060954
adaptive,100,100,29,fsb,0.995472,0.000000,0.000000,0.000000,0.761321,0.039798,0.077669
adaptive,100,100,29,fsb,-0.985869,0.022901,0.013069,0.086043,0.498395,0.004551,0.061918
adaptive,100,100,29,fsb,-0.652626,0.000000,0.000000,0.000000,0.498770,0.014302,0.065296
adaptive,100,100,29,fsb,0.939739,0.000000,0.000000,0.000000,0.784015,0.042308,0.071217
adaptive,100,100,29,fsb,0.104669,0.000000,0.000000,0.607678,0.914538,0.477751,0.059698
adaptive,100,100,29,fsb,0.506158,0.000000,0.000000,0.251638,0.812088,0.053244,0.062308
adaptive,100,100,29,fsb,0.046454,0.828244,0.023302,0.885045,0.977133,0.546966,0.061442
adaptive,100,100,29,fsb,0.014206,0.624309,0.025454,0.984591,0.997232,0.559893,0.063765
adaptive,100,100,29,fsb,0.378633,0.000000,0.000000,0.197627,0.777526,0.092962,0.061678
adaptive,100,100,29,fsb,0.406895,0.000000,0.000000,0.205122,0.782443,0.077278,0.062158
adaptive,100,100,29,fsb,0.113044,0.000000,0.000000,0.575193,0.904791,0.464175,0.059521
adaptive,100,100,29,fsb,-0.105939,0.000000,0.000000,0.372394,0.855834,0.461049,0.078007
adaptive,100,100,29,fsb,-0.007082,0.777027,0.024193,0.996801,0.999382,0.557581,0.065944
adaptive,100,100,29,fsb,0.078822,0.202290,0.024818,0.731654,0.944362,0.514739,0.060246
adaptive,100,100,29,fsb,0.244886,0.000000,0.000000,0.243061,0.793464,0.234399,0.054939
adaptive,100,100,29,fsb,0.477129,0.000000,0.000000,0.238098,0.801974,0.055894,0.061963
adaptive,100,100,29,fsb,-0.563453,0.000000,0.000000,0.066790,0.498516,0.025433,0.060280
adaptive,100,100,29,fsb,0.057015,0.000000,0.000000,0.839065,0.967403,0.538443,0.060947
adaptive,100,100,29,fsb,-0.532025,0.000000,0.000000,0.031842,0.498818,0.031347,0.061378
adaptive,100,100,29,fsb,0.225451,0.000000,0.000000,0.256986,0.803270,0.264706,0.055176
adaptive,100,100,29,fsb,-0.501804,0.196429,0.023743,0.006038,0.499171,0.038746,0.063901
adaptive,100,100,29,fsb,-0.285934,0.000000,0.000000,0.000000,0.506179,0.194030,0.083061
adaptive,100,100,29,fsb,-0.899406,0.000000,0.000000,0.000000,0.499135,-0.000643,0.054994
adaptive,100,100,29,fsb,0.189320,0.405000,0.024545,0.325205,0.827918,0.326658,0.056595
adaptive,100,100,29,fsb,0.862894,0.019608,0.019415,0.000000,0.822261,0.052110,0.060178
adaptive,100,100,29,fsb,0.403293,0.000000,0.000000,0.203893,0.781729,0.079032,0.062133
adaptive,100,100,29,fsb,0.581636,0.019608,0.019415,0.269183,0.839870,0.058137,0.063752
adaptive,100,100,29,fsb,-0.795539,0.000000,0.000000,0.000000,0.500005,0.002741,0.066032
adaptive,100,100,29,fsb,0.384294,0.000000,0.000000,0.198522,0.778353,0.089460,0.061831
adaptive,100,100,29,fsb,0.543912,0.000000,0.000000,0.266838,0.826039,0.053975,0.063206
adaptive,100,100,29,fsb,-0.492781,0.053435,0.013894,0.001734,0.499278,0.041372,0.064837
adaptive,100,100,29,fsb,-0.612987,0.182692,0.021876,0.074265,0.498431,0.018536,0.062107
adaptive,100,100,29,fsb,0.483968,0.019608,0.019415,0.238611,0.804291,0.054983,0.062003
adaptive,100,100,29,fsb,0.049656,0.298387,0.023723,0.871322,0.974234,0.544599,0.061279
adaptive,100,100,29,fsb,-0.320856,0.000000,0.000000,0.000000,0.500597,0.153610,0.081208
adaptive,100,100,29,fsb,-0.627726,0.000000,0.000000,0.051549,0.498528,0.016865,0.063231
adaptive,100,100,29,fsb,0.016421,0.000000,0.000000,0.980253,0.996400,0.559647,0.063565
adaptive,100,100,29,fsb,-0.985253,0.000000,0.000000,0.085581,0.498397,0.004488,0.061812
adaptive,100,100,29,fsb,-0.643937,0.101351,0.017541,0.009459,0.498681,0.015165,0.064574
adaptive,100,100,29,fsb,0.521230,0.000000,0.000000,0.258996,0.817597,0.053031,0.062639
adaptive,100,100,29,fsb,0.705866,0.000000,0.000000,0.162789,0.867095,0.074548,0.055119
adaptive,100,100,29,fsb,0.205440,0.000000,0.000000,0.294409,0.815852,0.298231,0.055858
adaptive,100,100,29,fsb,-0.481291,0.000000,0.000000,0.000353,0.499413,0.045044,0.066100
adaptive,100,100,29,fsb,0.484138,0.000000,0.000000,0.238619,0.804349,0.054963,0.062005
adaptive,100,100,29,fsb,-0.034455,0.000000,0.000000,0.925923,0.985720,0.543086,0.069255
adaptive,100,100,29,fsb,0.662420,0.019608,0.019415,0.224691,0.862693,0.070840,0.059808
adaptive,100,100,29,fsb,0.039425,0.000000,0.000000,0.912090,0.982776,0.551489,0.061841
adaptive,100,100,29,fsb,0.186353,0.000000,0.000000,0.330722,0.830251,0.331999,0.056739
adaptive,100,100,29,fsb,-0.810198,0.000000,0.000000,0.000000,0.499975,0.001841,0.064529
adaptive,100,100,29,fsb,-0.015094,0.019608,0.019415,0.987584,0.997624,0.554604,0.066868
adaptive,100,100,29,fsb,-0.918625,0.000000,0.000000,0.000000,0.498969,-0.000191,0.054705
adaptive,100,100,29,fsb,0.388942,0.000000,0.000000,0.199499,0.779087,0.086723,0.061934
adaptive,100,100,29,fsb,-0.076089,0.000000,0.000000,0.637636,0.925153,0.501209,0.074566
adaptive,100,100,29,fsb,0.285705,0.000000,0.000000,0.207457,0.779933,0.178776,0.056165
adaptive,100,100,29,fsb,0.394760,0.000000,0.000000,0.201120,0.780094,0.083468,0.062036
adaptive,100,100,29,fsb,-0.210997,0.324873,0.023594,0.000000,0.583197,0.298349,0.084348
adaptive,100,100,29,fsb,0.153451,0.000000,0.000000,0.419090,0.860438,0.392424,0.058269
adaptive,100,100,29,fsb,-0.918777,0.000000,0.000000,0.000000,0.498968,-0.000186,0.054708
adaptive,100,100,29,fsb,-0.233148,0.019608,0.019415,0.000000,0.547167,0.265402,0.084417
adaptive,100,100,29,fsb,0.824479,0.000000,0.000000,0.000000,0.840318,0.059565,0.054847
adaptive,100,100,29,fsb,-0.758527,0.000000,0.000000,0.000000,0.499790,0.005331,0.068572
adaptive,100,100,29,fsb,0.756133,0.000000,0.000000,0.065852,0.862548,0.072018,0.051378
adaptive,100,100,29,fsb,0.011714,0.000000,0.000000,0.988033,0.997863,0.560059,0.063996
adaptive,100,100,29,fsb,0.951108,0.000000,0.000000,0.000000,0.778867,0.041514,0.072627
adaptive,100,100,29,fsb,0.377265,0.000000,0.000000,0.197410,0.777326,0.093836,0.061636
adaptive,100,100,29,fsb,-0.649156,0.000000,0.000000,0.000000,0.498734,0.014643,0.065009
adaptive,100,100,29,fsb,0.289863,0.000000,0.000000,0.206898,0.779090,0.173736,0.056406
adaptive,100,100,29,fsb,0.200557,0.019608,0.019415,0.303911,0.819376,0.306724,0.056070
adaptive,100,100,29,fsb,0.735265,0.019608,0.019415,0.110176,0.865741,0.074018,0.052419
adaptive,100,100,29,fsb,-0.477551,0.113861,0.022349,0.000015,0.499457,0.046324,0.066522
adaptive,100,100,29,fsb,0.505566,0.000000,0.000000,0.250847,0.811876,0.053268,0.062296
adaptive,100,100,29,fsb,0.230727,0.025641,0.012655,0.252623,0.800432,0.256247,0.055063
adaptive,100,100,29,fsb,-0.391147,0.000000,0.000000,0.002159,0.500004,0.090933,0.075781
adaptive,100,100,29,fsb,-0.815048,0.000000,0.000000,0.000000,0.499946,0.001564,0.063983
adaptive,100,100,29,fsb,0.449843,0.000000,0.000000,0.222227,0.793397,0.061471,0.062011
adaptive,100,100,29,fsb,0.469777,0.037162,0.010995,0.233189,0.799569,0.057084,0.061946
adaptive,100,100,29,fsb,0.310311,0.019608,0.019415,0.199140,0.775944,0.150628,0.057765
adaptive,100,100,29,fsb,0.870951,0.000000,0.000000,0.000000,0.818224,0.050722,0.061403
adaptive,100,100,29,fsb,0.057091,0.224359,0.033399,0.838705,0.967326,0.538374,0.060944
adaptive,100,100,29,fsb,-0.233150,0.019608,0.019415,0.000000,0.547164,0.265399,0.084417
adaptive,100,100,29,fsb,-0.422732,0.019608,0.019415,0.000000,0.499943,0.070887,0.072668
adaptive,100,100,29,fsb,-0.609920,0.019048,0.013340,0.078584,0.498416,0.018901,0.061895
adaptive,100,100,29,fsb,0.867755,0.000000,0.000000,0.000000,0.819832,0.051263,0.060916
adaptive,100,100,29,fsb,-0.403891,0.000000,0.000000,0.003748,0.500004,0.082268,0.074575
adaptive,100,100,29,A,0.138205,0.000000,0.000000,0.997870,0.999734,0.527489,0.068304
adaptive,100,100,29,A,0.190132,0.410029,0.026713,0.994943,0.999398,0.514742,0.069499
adaptive,100,100,29,A,-0.922322,0.000000,0.000000,0.829775,0.978133,0.606001,0.060462
adaptive,100,100,29,A,-0.794468,0.000000,0.000000,0.869669,0.983581,0.620286,0.058653
adaptive,100,100,29,A,0.487558,0.000000,0.000000,0.960406,0.994972,0.437791,0.076059
adaptive,100,100,29,A,0.005402,0.330000,0.023511,0.999814,0.999997,0.558103,0.065290
adaptive,100,100,29,A,-0.623415,0.000000,0.000000,0.917377,0.989666,0.629045,0.057499
adaptive,100,100,29,A,-0.518791,0.000000,0.000000,0.942355,0.992704,0.628185,0.057569
adaptive,100,100,29,A,-0.314260,0.000000,0.000000,0.977786,0.997127,0.612923,0.059338
adaptive,100,100,29,A,-0.166015,0.156442,0.020120,0.992674,0.999074,0.591548,0.061746
adaptive,100,100,29,A,-0.825741,0.000000,0.000000,0.861742,0.982319,0.617374,0.059026
adaptive,100,100,29,A,0.580045,0.000000,0.000000,0.941411,0.992729,0.413690,0.077915
adaptive,100,100,29,A,0.847262,0.000000,0.000000,0.872501,0.983967,0.347051,0.082667
adaptive,100,100,29,A,0.230670,0.000000,0.000000,0.992463,0.999046,0.504567,0.070429
adaptive,100,100,29,A,-0.579193,0.000000,0.000000,0.930250,0.991014,0.629265,0.057456
adaptive,100,100,29,A,-0.476969,0.240331,0.022458,0.949559,0.993772,0.626506,0.057761
adaptive,100,100,29,A,-0.978650,0.000000,0.000000,0.807293,0.975491,0.597815,0.061479
adaptive,100,100,29,A,0.970087,0.022901,0.013069,0.832826,0.978816,0.318711,0.084552
adaptive,100,100,29,A,-0.447838,0.000000,0.000000,0.957061,0.994467,0.624890,0.057948
adaptive,100,100,29,A,0.876143,0.000000,0.000000,0.865628,0.982819,0.340237,0.083126
adaptive,100,100,29,A,0.957124,0.000000,0.000000,0.838578,0.979393,0.321621,0.084361
adaptive,100,100,29,A,0.634021,0.000000,0.000000,0.929543,0.991231,0.399799,0.078949
adaptive,100,100,29,A,-0.318098,0.828244,0.023302,0.977027,0.997063,0.613368,0.059287
adaptive,100,100,29,A,-0.890797,0.624309,0.025454,0.840626,0.979547,0.610096,0.059949
adaptive,100,100,29,A,0.648243,0.000000,0.000000,0.926860,0.990814,0.396168,0.079215
adaptive,100,100,29,A,-0.512467,0.000000,0.000000,0.942473,0.992871,0.627980,0.057592
adaptive,100,100,29,A,-0.372106,0.000000,0.000000,0.968936,0.996080,0.619006,0.058634
adaptive,100,100,29,A,0.584819,0.000000,0.000000,0.940594,0.992602,0.412455,0.078008
adaptive,100,100,29,A,-0.844477,0.777027,0.024193,0.856008,0.981541,0.615444,0.059272
adaptive,100,100,29,A,-0.352587,0.202290,0.024818,0.972443,0.996451,0.617104,0.058855
adaptive,100,100,29,A,0.014712,0.000000,0.000000,0.999926,1.000007,0.556070,0.065497
adaptive,100,100,29,A,0.516969,0.000000,0.000000,0.953929,0.994303,0.430097,0.076661
adaptive,100,100,29,A,-0.564854,0.000000,0.000000,0.932193,0.991431,0.629153,0.057465
adaptive,100,100,29,A,-0.770656,0.000000,0.000000,0.877858,0.984511,0.622239,0.058401
adaptive,100,100,29,A,-0.832872,0.000000,0.000000,0.859408,0.982024,0.616655,0.059118
adaptive,100,100,29,A,-0.859361,0.000000,0.000000,0.850520,0.980911,0.613814,0.059479
adaptive,100,100,29,A,0.428248,0.196429,0.023743,0.969629,0.996194,0.453346,0.074815
adaptive,100,100,29,A,0.324771,0.000000,0.000000,0.983448,0.997923,0.480402,0.072557
adaptive,100,100,29,A,0.556340,0.000000,0.000000,0.946557,0.993343,0.419837,0.077450
adaptive,100,100,29,A,-0.405122,0.405000,0.024545,0.962487,0.995411,0.621867,0.058301
adaptive,100,100,29,A,0.145834,0.019608,0.019415,0.997737,0.999693,0.525639,0.068480
adaptive,100,100,29,A,0.295418,0.000000,0.000000,0.986246,0.998319,0.488005,0.071900
adaptive,100,100,29,A,-0.443025,0.019608,0.019415,0.957496,0.994577,0.624588,0.057984
adaptive,100,100,29,A,-0.997394,0.000000,0.000000,0.802501,0.974579,0.594855,0.061842
adaptive,100,100,29,A,-0.342507,0.000000,0.000000,0.973676,0.996636,0.616061,0.058976
adaptive,100,100,29,A,0.656993,0.000000,0.000000,0.924247,0.990552,0.393940,0.079377
adaptive,100,100,29,A,0.610774,0.053435,0.013894,0.936045,0.991893,0.405761,0.078508
adaptive,100,100,29,A,0.936181,0.182692,0.021876,0.845059,0.980308,0.326364,0.084049
adaptive,100,100,29,A,-0.576837,0.019608,0.019415,0.930599,0.991084,0.629253,0.057457
adaptive,100,100,29,A,-0.492360,0.298387,0.023723,0.948409,0.993389,0.627212,0.057679
adaptive,100,100,29,A,-0.984944,0.000000,0.000000,0.806841,0.975186,0.596834,0.061599
adaptive,100,100,29,A,-0.235799,0.000000,0.000000,0.986954,0.998290,0.602595,0.060515
adaptive,100,100,29,A,-0.950141,0.000000,0.000000,0.818556,0.976847,0.602094,0.060949
adaptive,100,100,29,A,0.097335,0.000000,0.000000,0.999249,0.999906,0.537249,0.067366
adaptive,100,100,29,A,-0.093607,0.101351,0.017541,0.996947,0.999637,0.578419,0.063170
adaptive,100,100,29,A,-0.293790,0.000000,0.000000,0.979498,0.997459,0.610453,0.059622
adaptive,100,100,29,A,-0.994339,0.000000,0.000000,0.804343,0.974729,0.595346,0.061782
adaptive,100,100,29,A,0.749741,0.000000,0.000000,0.899973,0.987556,0.370683,0.081038
adaptive,100,100,29,A,0.888357,0.000000,0.000000,0.862372,0.982322,0.337382,0.083318
adaptive,100,100,29,A,0.852608,0.000000,0.000000,0.871339,0.983758,0.345783,0.082753
adaptive,100,100,29,A,0.873446,0.000000,0.000000,0.866065,0.982928,0.340869,0.083084
adaptive,100,100,29,A,-0.309995,0.019608,0.019415,0.978329,0.997198,0.612422,0.059396
adaptive,100,100,29,A,-0.021423,0.000000,0.000000,0.999375,0.999946,0.563850,0.064700
adaptive,100,100,29,A,-0.086211,0.000000,0.000000,0.997293,0.999681,0.576991,0.063322
adaptive,100,100,29,A,-0.831310,0.000000,0.000000,0.860164,0.982089,0.616814,0.059097
adaptive,100,100,29,A,-0.771653,0.019608,0.019415,0.877202,0.984472,0.622162,0.058411
adaptive,100,100,29,A,-0.178513,0.000000,0.000000,0.991574,0.998950,0.593647,0.061514
adaptive,100,100,29,A,0.369149,0.000000,0.000000,0.976997,0.997244,0.468833,0.073538
adaptive,100,100,29,A,-0.429425,0.000000,0.000000,0.959263,0.994884,0.623681,0.058089
adaptive,100,100,29,A,0.326399,0.000000,0.000000,0.983336,0.997900,0.479979,0.072594
adaptive,100,100,29,A,-0.689118,0.000000,0.000000,0.900715,0.987493,0.627149,0.057759
adaptive,100,100,29,A,0.784314,0.324873,0.023594,0.892808,0.986334,0.362200,0.081629
adaptive,100,100,29,A,-0.130480,0.000000,0.000000,0.994958,0.999381,0.585304,0.062428
adaptive,100,100,29,A,-0.927168,0.000000,0.000000,0.828006,0.977911,0.605340,0.060545
adaptive,100,100,29,A,-0.002490,0.019608,0.019415,0.999780,0.999986,0.559811,0.065115
adaptive,100,100,29,A,0.068827,0.000000,0.000000,0.999719,0.999978,0.543891,0.066715
adaptive,100,100,29,A,0.462988,0.000000,0.000000,0.964076,0.995498,0.444232,0.075549
adaptive,100,100,29,A,-0.095220,0.000000,0.000000,0.996872,0.999628,0.578729,0.063136
adaptive,100,100,29,A,-0.108732,0.000000,0.000000,0.996074,0.999540,0.581292,0.062862
adaptive,100,100,29,A,0.594823,0.000000,0.000000,0.939902,0.992333,0.409871,0.078202
adaptive,100,100,29,A,-0.442124,0.000000,0.000000,0.957550,0.994597,0.624530,0.057990
adaptive,100,100,29,A,0.184110,0.000000,0.000000,0.995352,0.999444,0.516238,0.069361
adaptive,100,100,29,A,-0.905730,0.000000,0.000000,0.833403,0.978883,0.608201,0.060187
adaptive,100,100,29,A,-0.247503,0.019608,0.019415,0.985865,0.998135,0.604281,0.060325
adaptive,100,100,29,A,-0.751600,0.019608,0.019415,0.884767,0.985236,0.623636,0.058220
adaptive,100,100,29,A,0.966439,0.113861,0.022349,0.834502,0.978979,0.319528,0.084498
adaptive,100,100,29,A,-0.369033,0.000000,0.000000,0.969790,0.996140,0.618717,0.058668
adaptive,100,100,29,A,0.554327,0.025641,0.012655,0.946941,0.993393,0.420361,0.077410
adaptive,100,100,29,A,-0.858788,0.000000,0.000000,0.850801,0.980936,0.613878,0.059471
adaptive,100,100,29,A,0.226001,0.000000,0.000000,0.993002,0.999091,0.505747,0.070322
adaptive,100,100,29,A,0.765298,0.000000,0.000000,0.896659,0.987013,0.366852,0.081306
adaptive,100,100,29,A,0.437061,0.037162,0.010995,0.967717,0.996024,0.451034,0.075003
adaptive,100,100,29,A,-0.792574,0.019608,0.019415,0.870756,0.983655,0.620450,0.058632
adaptive,100,100,29,A,-0.895801,0.000000,0.000000,0.837902,0.979325,0.609470,0.060027
adaptive,100,100,29,A,-0.738195,0.224359,0.033399,0.888768,0.985736,0.624528,0.058104
adaptive,100,100,29,A,-0.637814,0.019608,0.019415,0.914602,0.989208,0.628789,0.057536
adaptive,100,100,29,A,0.424158,0.019608,0.019415,0.969790,0.996272,0.454420,0.074728
adaptive,100,100,29,A,-0.849189,0.019048,0.013340,0.855704,0.981343,0.614937,0.059336
adaptive,100,100,29,A,-0.993741,0.000000,0.000000,0.804704,0.974758,0.595441,0.061770
adaptive,100,100,29,A,-0.875328,0.000000,0.000000,0.846336,0.980224,0.611972,0.059712
fixed,250,100,47,fcl,0.467225,0.000000,0.000000,0.000000,0.649520,0.000063,0.003181
fixed,250,100,47,fcl,-0.633936,0.136000,0.021680,0.000000,0.504187,0.000330,0.004615
fixed,250,100,47,fcl,0.659040,0.000000,0.000000,0.000000,0.534803,0.000057,0.004396
fixed,250,100,47,fcl,0.106557,0.164000,0.023418,0.835092,0.946816,-0.000137,0.003603
fixed,250,100,47,fcl,-0.968892,0.000000,0.000000,0.000000,0.253533,0.000467,0.005030
fixed,250,100,47,fcl,0.345359,0.000000,0.000000,0.000000,0.741270,0.000029,0.002710
fixed,250,100,47,fcl,0.708132,0.164000,0.023418,0.000000,0.510229,0.000048,0.004619
fixed,250,100,47,fcl,-0.968806,0.000000,0.000000,0.000000,0.253634,0.000467,0.005029
fixed,250,100,47,fcl,0.728656,0.000000,0.000000,0.000000,0.503070,0.000044,0.004702
fixed,250,100,47,fcl,0.149825,0.056000,0.014542,0.683464,0.912329,-0.000101,0.003468
fixed,250,100,47,fcl,0.834089,0.000000,0.000000,0.000000,0.520756,0.000032,0.005062
fixed,250,100,47,fcl,0.342085,0.000000,0.000000,0.000000,0.744213,0.000027,0.002710
fixed,250,100,47,fcl,-0.151966,0.000000,0.000000,0.640389,0.794658,-0.000261,0.003535
fixed,250,100,47,fcl,0.106311,0.000000,0.000000,0.835856,0.947007,-0.000137,0.003603
fixed,250,100,47,fcl,-0.645667,0.412000,0.031129,0.000000,0.506531,0.000347,0.004623
fixed,250,100,47,fcl,-0.554614,0.000000,0.000000,0.000000,0.445029,0.000202,0.004532
fixed,250,100,47,fcl,0.144689,0.000000,0.000000,0.703339,0.916504,-0.000105,0.003487
fixed,250,100,47,fcl,0.823808,0.000000,0.000000,0.000000,0.515105,0.000032,0.005029
fixed,250,100,47,fcl,-0.602631,0.000000,0.000000,0.000000,0.488951,0.000283,0.004587
fixed,250,100,47,fcl,0.515478,0.000000,0.000000,0.000000,0.621743,0.000068,0.003513
fixed,250,100,47,fcl,0.225015,0.000000,0.000000,0.315646,0.849685,-0.000042,0.003115
fixed,250,100,47,fcl,0.135156,0.000000,0.000000,0.742707,0.924207,-0.000113,0.003521
fixed,250,100,47,fcl,0.818258,0.000000,0.000000,0.000000,0.512244,0.000032,0.005011
fixed,250,100,47,fcl,0.200091,0.560000,0.031394,0.448863,0.870845,-0.000060,0.003241
fixed,250,100,47,fcl,0.669158,0.000000,0.000000,0.000000,0.529119,0.000055,0.004445
fixed,250,100,47,fcl,-0.949636,0.000000,0.000000,0.000000,0.276192,0.000462,0.004916
fixed,250,100,47,fcl,-0.521465,0.000000,0.000000,0.000000,0.405645,0.000142,0.004487
fixed,250,100,47,fcl,0.933667,0.000000,0.000000,0.000000,0.583000,0.000065,0.005422
fixed,250,100,47,fcl,0.949921,0.000000,0.000000,0.000000,0.591181,0.000077,0.005496
fixed,250,100,47,fcl,0.650125,0.000000,0.000000,0.000000,0.540003,0.000058,0.004351
fixed,250,100,47,fcl,-0.732313,0.000000,0.000000,0.000000,0.461819,0.000433,0.004643
fixed,250,100,47,fcl,0.758973,0.000000,0.000000,0.000000,0.497935,0.000038,0.004814
fixed,250,100,47,fcl,-0.701124,0.000000,0.000000,0.000000,0.489922,0.000409,0.004644
fixed,250,100,47,fcl,0.369043,0.000000,0.000000,0.000000,0.720552,0.000038,0.002729
fixed,250,100,47,fcl,-0.537517,0.000000,0.000000,0.000000,0.425347,0.000171,0.004509
fixed,250,100,47,fcl,-0.186099,0.024000,0.009680,0.528573,0.693336,-0.000255,0.003582
fixed,250,100,47,fcl,-0.171932,0.000000,0.000000,0.573454,0.737040,-0.000258,0.003558
fixed,250,100,47,fcl,0.588645,0.000000,0.000000,0.000000,0.578125,0.000066,0.004003
fixed,250,100,47,fcl,-0.095054,0.000000,0.000000,0.838578,0.923229,-0.000256,0.003539
fixed,250,100,47,fcl,0.233371,0.000000,0.000000,0.265299,0.842459,-0.000036,0.003072
fixed,250,100,47,fcl,0.602397,0.000000,0.000000,0.000000,0.569484,0.000065,0.004086
fixed,250,100,47,fcl,-0.167126,0.144000,0.022205,0.588869,0.751475,-0.000259,0.003551
fixed,250,100,47,fcl,-0.315568,0.256000,0.027602,0.306246,0.285569,-0.000173,0.003991
fixed,250,100,47,fcl,0.645172,0.000000,0.000000,0.000000,0.542954,0.000059,0.004326
fixed,250,100,47,fcl,0.337012,0.000000,0.000000,0.000000,0.748774,0.000025,0.002713
fixed,250,100,47,fcl,-0.013722,0.000000,0.000000,0.996250,0.998624,-0.000224,0.003642
fixed,250,100,47,fcl,-0.438293,0.000000,0.000000,0.000000,0.301241,-0.000004,0.004341
fixed,250,100,47,fcl,-0.392429,0.000000,0.000000,0.033305,0.252002,-0.000076,0.004232
fixed,250,100,47,fcl,-0.578352,0.068000,0.015922,0.000000,0.469391,0.000243,0.004561
fixed,250,100,47,fcl,0.615758,0.000000,0.000000,0.000000,0.561079,0.000063,0.004165
fixed,250,100,47,fcl,0.957918,0.000000,0.000000,0.000000,0.594707,0.000085,0.005535
fixed,250,100,47,fcl,-0.517506,0.144000,0.022205,0.000000,0.400707,0.000135,0.004481
fixed,250,100,47,fcl,0.926405,0.000000,0.000000,0.000000,0.579019,0.000060,0.005391
fixed,250,100,47,fcl,0.844211,0.000000,0.000000,0.000000,0.526782,0.000033,0.005094
fixed,250,100,47,fcl,-0.475709,0.000000,0.000000,0.000000,0.347353,0.000060,0.004413
fixed,250,100,47,fcl,0.788717,0.000000,0.000000,0.000000,0.501067,0.000034,0.004915
fixed,250,100,47,fcl,0.288075,0.000000,0.000000,0.000000,0.793575,-0.000000,0.002823
fixed,250,100,47,fcl,0.107394,0.000000,0.000000,0.832492,0.946166,-0.000136,0.003601
fixed,250,100,47,fcl,-0.731161,0.000000,0.000000,0.000000,0.463068,0.000432,0.004643
fixed,250,100,47,fcl,0.399702,0.000000,0.000000,0.000000,0.695539,0.000048,0.002814
fixed,250,100,47,fcl,-0.180819,0.000000,0.000000,0.545185,0.709798,-0.000256,0.003572
fixed,250,100,47,fcl,-0.384940,0.000000,0.000000,0.067350,0.245358,-0.000087,0.004211
fixed,250,100,47,fcl,0.996322,0.000000,0.000000,0.000000,0.607158,0.000128,0.005747
fixed,250,100,47,fcl,-0.724020,0.076000,0.016760,0.000000,0.470358,0.000427,0.004644
fixed,250,100,47,fcl,0.360072,0.000000,0.000000,0.000000,0.728288,0.000035,0.002717
fixed,250,100,47,fcl,0.356573,0.000000,0.000000,0.000000,0.731326,0.000034,0.002714
fixed,250,100,47,fcl,-0.930869,0.000000,0.000000,0.000000,0.298250,0.000460,0.004827
fixed,250,100,47,fcl,0.442757,0.000000,0.000000,0.000000,0.664837,0.000059,0.003027
fixed,250,100,47,fcl,0.385470,0.000000,0.000000,0.000000,0.706843,0.000044,0.002767
fixed,250,100,47,fcl,0.570989,0.000000,0.000000,0.000000,0.589068,0.000067,0.003890
fixed,250,100,47,fcl,-0.228333,0.000000,0.000000,0.438725,0.553818,-0.000239,0.003689
fixed,250,100,47,fcl,-0.605988,0.012000,0.006887,0.000000,0.491224,0.000289,0.004591
fixed,250,100,47,fcl,0.273997,0.000000,0.000000,0.035099,0.806391,-0.000009,0.002879
fixed,250,100,47,fcl,0.510163,0.000000,0.000000,0.000000,0.624758,0.000067,0.003476
fixed,250,100,47,fcl,-0.928184,0.000000,0.000000,0.000000,0.301347,0.000460,0.004815
fixed,250,100,47,fcl,-0.325734,0.000000,0.000000,0.283594,0.263273,-0.000162,0.004026
fixed,250,100,47,fcl,0.542278,0.000000,0.000000,0.000000,0.606298,0.000068,0.003699
fixed,250,100,47,fcl,0.009300,0.000000,0.000000,0.997927,0.999196,-0.000210,0.003666
fixed,250,100,47,fcl,-0.883182,0.000000,0.000000,0.000000,0.348578,0.000461,0.004683
fixed,250,100,47,fcl,-0.413703,0.000000,0.000000,0.000000,0.273421,-0.000044,0.004286
fixed,250,100,47,fcl,-0.994616,0.000000,0.000000,0.000000,0.224986,0.000476,0.005216
fixed,250,100,47,fcl,-0.412916,0.000000,0.000000,0.000000,0.272581,-0.000045,0.004284
fixed,250,100,47,fcl,-0.410921,0.000000,0.000000,0.000000,0.270450,-0.000048,0.004279
fixed,250,100,47,fcl,0.758767,0.000000,0.000000,0.000000,0.497936,0.000038,0.004813
fixed,250,100,47,fcl,-0.663014,0.372000,0.030569,0.000000,0.506214,0.000369,0.004633
fixed,250,100,47,fcl,0.177728,0.596000,0.031034,0.557616,0.889458,-0.000078,0.003349
fixed,250,100,47,fcl,-0.206911,0.060000,0.015020,0.476078,0.625679,-0.000249,0.003629
fixed,250,100,47,fcl,0.310737,0.000000,0.000000,0.000000,0.772776,0.000012,0.002754
fixed,250,100,47,fcl,0.514497,0.000000,0.000000,0.000000,0.622300,0.000067,0.003506
fixed,250,100,47,fcl,0.875703,0.000000,0.000000,0.000000,0.547162,0.000038,0.005199
fixed,250,100,47,fcl,-0.578869,0.000000,0.000000,0.000000,0.469849,0.000244,0.004562
fixed,250,100,47,fcl,-0.716222,0.224000,0.026368,0.000000,0.477772,0.000422,0.004645
fixed,250,100,47,fcl,-0.778118,0.000000,0.000000,0.000000,0.411546,0.000454,0.004632
fixed,250,100,47,fcl,-0.313808,0.000000,0.000000,0.310313,0.289949,-0.000174,0.003985
fixed,250,100,47,fcl,0.252996,0.064000,0.015480,0.151000,0.825231,-0.000022,0.002974
fixed,250,100,47,fcl,-0.681261,0.000000,0.000000,0.000000,0.501102,0.000389,0.004640
fixed,250,100,47,fcl,0.093092,0.256000,0.027602,0.873537,0.956986,-0.000148,0.003631
fixed,250,100,47,fcl,-0.970063,0.000000,0.000000,0.000000,0.252169,0.000467,0.005037
fixed,250,100,47,fcl,-0.812741,0.260000,0.027742,0.000000,0.392922,0.000461,0.004626
fixed,250,100,47,fcl,-0.379435,0.000000,0.000000,0.093906,0.240979,-0.000095,0.004196
fixed,250,100,47,fsb,-0.664505,0.000000,0.000000,0.000000,0.498891,0.000032,0.004258
fixed,250,100,47,fsb,-0.237190,0.136000,0.021680,0.000000,0.541757,-0.000452,0.004174
fixed,250,100,47,fsb,0.705258,0.000000,0.000000,0.163722,0.867079,0.000105,0.002676
fixed,250,100,47,fsb,-0.981038,0.164000,0.023418,0.082423,0.498411,0.000939,0.006773
fixed,250,100,47,fsb,0.544457,0.000000,0.000000,0.266806,0.826243,0.000197,0.003348
fixed,250,100,47,fsb,-0.350538,0.000000,0.000000,0.000000,0.499908,-0.000398,0.004020
fixed,250,100,47,fsb,-0.493229,0.164000,0.023418,0.001803,0.499273,-0.000244,0.003918
fixed,250,100,47,fsb,-0.188331,0.000000,0.000000,0.000000,0.631765,-0.000445,0.004193
fixed,250,100,47,fsb,-0.285804,0.000000,0.000000,0.000000,0.506228,-0.000440,0.004117
fixed,250,100,47,fsb,-0.413906,0.056000,0.014542,0.000984,0.499980,-0.000338,0.003944
fixed,250,100,47,fsb,0.809122,0.000000,0.000000,0.000000,0.846693,0.000047,0.002184
fixed,250,100,47,fsb,0.360278,0.000000,0.000000,0.193448,0.775527,0.000231,0.003177
fixed,250,100,47,fsb,0.216659,0.000000,0.000000,0.274131,0.808479,0.000153,0.002820
fixed,250,100,47,fsb,0.783608,0.000000,0.000000,0.012321,0.855591,0.000058,0.002243
fixed,250,100,47,fsb,-0.358118,0.412000,0.031129,0.000000,0.499906,-0.000392,0.004009
fixed,250,100,47,fsb,-0.824543,0.000000,0.000000,0.000000,0.499872,0.000413,0.005248
fixed,250,100,47,fsb,-0.715919,0.000000,0.000000,0.000000,0.499336,0.000139,0.004504
fixed,250,100,47,fsb,0.791697,0.000000,0.000000,0.002650,0.853006,0.000054,0.002217
fixed,250,100,47,fsb,0.452709,0.000000,0.000000,0.225400,0.794252,0.000225,0.003363
fixed,250,100,47,fsb,0.982761,0.000000,0.000000,0.000000,0.765884,0.000098,0.003820
fixed,250,100,47,fsb,0.319477,0.000000,0.000000,0.197451,0.775133,0.000223,0.003055
fixed,250,100,47,fsb,0.815824,0.000000,0.000000,0.000000,0.843973,0.000045,0.002181
fixed,250,100,47,fsb,0.173448,0.000000,0.000000,0.363358,0.841343,0.000098,0.002846
fixed,250,100,47,fsb,0.135761,0.560000,0.031394,0.478716,0.879050,0.000039,0.002951
fixed,250,100,47,fsb,-0.412128,0.000000,0.000000,0.001534,0.499986,-0.000340,0.003946
fixed,250,100,47,fsb,0.619914,0.000000,0.000000,0.263928,0.852432,0.000159,0.003137
fixed,250,100,47,fsb,0.348552,0.000000,0.000000,0.195111,0.774787,0.000229,0.003144
fixed,250,100,47,fsb,-0.330639,0.000000,0.000000,0.000000,0.500173,-0.000414,0.004050
fixed,250,100,47,fsb,-0.578216,0.000000,0.000000,0.076438,0.498423,-0.000121,0.004004
fixed,250,100,47,fsb,0.126510,0.000000,0.000000,0.514007,0.889354,0.000023,0.002988
fixed,250,100,47,fsb,0.343655,0.000000,0.000000,0.196617,0.774635,0.000229,0.003129
fixed,250,100,47,fsb,0.763348,0.000000,0.000000,0.052927,0.861006,0.000069,0.002331
fixed,250,100,47,fsb,0.614359,0.000000,0.000000,0.264156,0.850754,0.000162,0.003159
fixed,250,100,47,fsb,0.043282,0.000000,0.000000,0.897608,0.979763,-0.000133,0.003419
fixed,250,100,47,fsb,0.106717,0.000000,0.000000,0.599214,0.912150,-0.000012,0.003076
fixed,250,100,47,fsb,-0.439359,0.024000,0.009680,0.000000,0.499836,-0.000310,0.003926
fixed,250,100,47,fsb,0.751853,0.000000,0.000000,0.076023,0.863351,0.000075,0.002392
fixed,250,100,47,fsb,-0.846528,0.000000,0.000000,0.000000,0.499636,0.000476,0.005431
fixed,250,100,47,fsb,-0.177691,0.000000,0.000000,0.000000,0.658015,-0.000440,0.004189
fixed,250,100,47,fsb,0.375936,0.000000,0.000000,0.196831,0.777159,0.000232,0.003219
fixed,250,100,47,fsb,-0.094572,0.000000,0.000000,0.471441,0.884240,-0.000367,0.004053
fixed,250,100,47,fsb,0.158582,0.144000,0.022205,0.405331,0.855329,0.000076,0.002879
fixed,250,100,47,fsb,-0.439104,0.256000,0.027602,0.000000,0.499838,-0.000310,0.003926
fixed,250,100,47,fsb,0.593422,0.000000,0.000000,0.267857,0.843964,0.000174,0.003234
fixed,250,100,47,fsb,-0.558838,0.000000,0.000000,0.061876,0.498551,-0.000151,0.003972
fixed,250,100,47,fsb,0.856431,0.000000,0.000000,0.000000,0.825459,0.000037,0.002292
fixed,250,100,47,fsb,-0.768395,0.000000,0.000000,0.000000,0.499887,0.000263,0.004827
fixed,250,100,47,fsb,0.487045,0.000000,0.000000,0.238770,0.805335,0.000217,0.003384
fixed,250,100,47,fsb,-0.249126,0.068000,0.015922,0.000000,0.528672,-0.000451,0.004163
fixed,250,100,47,fsb,0.121815,0.000000,0.000000,0.535658,0.894702,0.000015,0.003007
fixed,250,100,47,fsb,0.283540,0.000000,0.000000,0.208046,0.780462,0.000207,0.002947
fixed,250,100,47,fsb,-0.253822,0.144000,0.022205,0.000000,0.524358,-0.000450,0.004158
fixed,250,100,47,fsb,0.368254,0.000000,0.000000,0.192627,0.776259,0.000232,0.003199
fixed,250,100,47,fsb,0.963459,0.000000,0.000000,0.000000,0.773551,0.000078,0.003512
fixed,250,100,47,fsb,-0.846431,0.000000,0.000000,0.000000,0.499637,0.000476,0.005430
fixed,250,100,47,fsb,0.373109,0.000000,0.000000,0.195284,0.776828,0.000232,0.003212
fixed,250,100,47,fsb,0.722553,0.000000,0.000000,0.132912,0.866773,0.000093,0.002568
fixed,250,100,47,fsb,0.822747,0.000000,0.000000,0.000000,0.841067,0.000043,0.002184
fixed,250,100,47,fsb,-0.932875,0.000000,0.000000,0.000000,0.498829,0.000758,0.006250
fixed,250,100,47,fsb,0.781497,0.000000,0.000000,0.015751,0.856240,0.000059,0.002250
fixed,250,100,47,fsb,0.394154,0.000000,0.000000,0.200951,0.779989,0.000232,0.003264
fixed,250,100,47,fsb,0.858933,0.000000,0.000000,0.000000,0.824236,0.000037,0.002307
fixed,250,100,47,fsb,-0.035810,0.000000,0.000000,0.919749,0.984515,-0.000280,0.003834
fixed,250,100,47,fsb,-0.569779,0.076000,0.016760,0.072390,0.498471,-0.000134,0.003989
fixed,250,100,47,fsb,-0.045701,0.000000,0.000000,0.867581,0.974100,-0.000296,0.003877
fixed,250,100,47,fsb,-0.313196,0.000000,0.000000,0.000000,0.501165,-0.000425,0.004076
fixed,250,100,47,fsb,0.949353,0.000000,0.000000,0.000000,0.779640,0.000067,0.003299
fixed,250,100,47,fsb,-0.030277,0.000000,0.000000,0.942510,0.988886,-0.000270,0.003808
fixed,250,100,47,fsb,0.962468,0.000000,0.000000,0.000000,0.773963,0.000077,0.003497
fixed,250,100,47,fsb,-0.622428,0.000000,0.000000,0.060088,0.498489,-0.000047,0.004111
fixed,250,100,47,fsb,0.866025,0.000000,0.000000,0.000000,0.820696,0.000037,0.002352
fixed,250,100,47,fsb,-0.223189,0.012000,0.006887,0.000000,0.561843,-0.000452,0.004185
fixed,250,100,47,fsb,-0.340402,0.000000,0.000000,0.000000,0.499975,-0.000406,0.004035
fixed,250,100,47,fsb,0.329219,0.000000,0.000000,0.194815,0.774656,0.000226,0.003085
fixed,250,100,47,fsb,0.113331,0.000000,0.000000,0.574103,0.904457,-0.000000,0.003045
fixed,250,100,47,fsb,-0.668737,0.000000,0.000000,0.000000,0.498933,0.000040,0.004276
fixed,250,100,47,fsb,0.301111,0.000000,0.000000,0.202935,0.777125,0.000216,0.002999
fixed,250,100,47,fsb,-0.714938,0.000000,0.000000,0.000000,0.499328,0.000137,0.004499
fixed,250,100,47,fsb,-0.042201,0.000000,0.000000,0.886356,0.977872,-0.000290,0.003862
fixed,250,100,47,fsb,-0.802512,0.000000,0.000000,0.000000,0.499998,0.000352,0.005074
fixed,250,100,47,fsb,0.176051,0.000000,0.000000,0.355740,0.838980,0.000102,0.002842
fixed,250,100,47,fsb,-0.670264,0.000000,0.000000,0.000000,0.498947,0.000043,0.004282
fixed,250,100,47,fsb,-0.046958,0.000000,0.000000,0.859717,0.972437,-0.000298,0.003883
fixed,250,100,47,fsb,-0.211326,0.000000,0.000000,0.000000,0.582573,-0.000451,0.004190
fixed,250,100,47,fsb,-0.272881,0.372000,0.030569,0.000000,0.511564,-0.000445,0.004135
fixed,250,100,47,fsb,0.073001,0.596000,0.031034,0.760177,0.950804,-0.000076,0.003252
fixed,250,100,47,fsb,0.664969,0.060000,0.015020,0.220766,0.863144,0.000131,0.002917
fixed,250,100,47,fsb,-0.014147,0.000000,0.000000,0.988695,0.997837,-0.000242,0.003730
fixed,250,100,47,fsb,0.758016,0.000000,0.000000,0.061377,0.862195,0.000072,0.002358
fixed,250,100,47,fsb,-0.714294,0.000000,0.000000,0.000000,0.499322,0.000136,0.004495
fixed,250,100,47,fsb,0.595641,0.000000,0.000000,0.267237,0.844721,0.000173,0.003226
fixed,250,100,47,fsb,-0.477916,0.224000,0.026368,0.000048,0.499453,-0.000264,0.003915
fixed,250,100,47,fsb,0.926881,0.000000,0.000000,0.000000,0.790118,0.000052,0.002983
fixed,250,100,47,fsb,-0.683783,0.000000,0.000000,0.000000,0.499069,0.000071,0.004342
fixed,250,100,47,fsb,-0.013521,0.064000,0.015480,0.989414,0.997974,-0.000241,0.003727
fixed,250,100,47,fsb,0.077875,0.000000,0.000000,0.736102,0.945430,-0.000066,0.003225
fixed,250,100,47,fsb,0.575443,0.256000,0.027602,0.269693,0.837663,0.000183,0.003285
fixed,250,100,47,fsb,0.959114,0.000000,0.000000,0.000000,0.775372,0.000075,0.003445
fixed,250,100,47,fsb,-0.398120,0.260000,0.027742,0.004920,0.500009,-0.000355,0.003959
fixed,250,100,47,fsb,-0.998528,0.000000,0.000000,0.088144,0.498377,0.001010,0.006974
fixed,250,100,47,A,-0.845373,0.000000,0.000000,0.855950,0.981503,0.000471,0.005886
fixed,250,100,47,A,0.597965,0.136000,0.021680,0.939831,0.992247,0.003105,0.004748
fixed,250,100,47,A,-0.453408,0.000000,0.000000,0.955410,0.994336,0.000049,0.004068
fixed,250,100,47,A,0.604689,0.164000,0.023418,0.937824,0.992062,0.003181,0.004814
fixed,250,100,47,A,0.187956,0.000000,0.000000,0.995055,0.999415,-0.000182,0.003780
fixed,250,100,47,A,-0.430459,0.000000,0.000000,0.959075,0.994861,0.000037,0.004076
fixed,250,100,47,A,0.249881,0.164000,0.023418,0.990925,0.998852,-0.000015,0.003679
fixed,250,100,47,A,-0.602873,0.000000,0.000000,0.922723,0.990304,0.000178,0.004223
fixed,250,100,47,A,0.575686,0.000000,0.000000,0.942765,0.992844,0.002849,0.004537
fixed,250,100,47,A,-0.659720,0.056000,0.014542,0.909641,0.988491,0.000243,0.004476
fixed,250,100,47,A,-0.562506,0.000000,0.000000,0.932581,0.991498,0.000136,0.004118
fixed,250,100,47,A,-0.033129,0.000000,0.000000,0.999266,0.999914,-0.000187,0.003619
fixed,250,100,47,A,-0.092720,0.000000,0.000000,0.996989,0.999642,-0.000134,0.003606
fixed,250,100,47,A,0.496670,0.000000,0.000000,0.957097,0.994769,0.001930,0.003899
fixed,250,100,47,A,0.199049,0.412000,0.031129,0.994368,0.999328,-0.000160,0.003767
fixed,250,100,47,A,-0.681953,0.000000,0.000000,0.902060,0.987740,0.000270,0.004606
fixed,250,100,47,A,-0.997188,0.000000,0.000000,0.802625,0.974589,0.000724,0.007258
fixed,250,100,47,A,0.930671,0.000000,0.000000,0.846561,0.980546,0.005740,0.008383
fixed,250,100,47,A,0.657996,0.000000,0.000000,0.923948,0.990522,0.003758,0.005355
fixed,250,100,47,A,-0.814439,0.000000,0.000000,0.863994,0.982780,0.000431,0.005618
fixed,250,100,47,A,-0.434903,0.000000,0.000000,0.958266,0.994762,0.000039,0.004075
fixed,250,100,47,A,-0.460312,0.000000,0.000000,0.953742,0.994174,0.000054,0.004066
fixed,250,100,47,A,0.978349,0.000000,0.000000,0.830261,0.978444,0.005952,0.008949
fixed,250,100,47,A,0.648762,0.560000,0.031394,0.926704,0.990799,0.003662,0.005259
fixed,250,100,47,A,-0.473892,0.000000,0.000000,0.950512,0.993847,0.000062,0.004062
fixed,250,100,47,A,-0.048493,0.000000,0.000000,0.998864,0.999860,-0.000173,0.003608
fixed,250,100,47,A,-0.977286,0.000000,0.000000,0.807951,0.975556,0.000682,0.007072
fixed,250,100,47,A,-0.355298,0.000000,0.000000,0.972273,0.996401,0.000005,0.004072
fixed,250,100,47,A,0.578977,0.000000,0.000000,0.941594,0.992757,0.002887,0.004568
fixed,250,100,47,A,-0.624703,0.000000,0.000000,0.917193,0.989626,0.000202,0.004306
fixed,250,100,47,A,0.391548,0.000000,0.000000,0.974985,0.996866,0.000853,0.003497
fixed,250,100,47,A,0.638407,0.000000,0.000000,0.927995,0.991104,0.003552,0.005153
fixed,250,100,47,A,0.687338,0.000000,0.000000,0.917800,0.989617,0.004052,0.005664
fixed,250,100,47,A,-0.244873,0.000000,0.000000,0.986269,0.998170,-0.000035,0.003896
fixed,250,100,47,A,0.286899,0.000000,0.000000,0.986610,0.998427,0.000142,0.003600
fixed,250,100,47,A,0.995618,0.024000,0.009680,0.824074,0.977657,0.006023,0.009158
fixed,250,100,47,A,0.261721,0.000000,0.000000,0.989488,0.998723,0.000030,0.003654
fixed,250,100,47,A,-0.074665,0.000000,0.000000,0.997808,0.999743,-0.000150,0.003601
fixed,250,100,47,A,0.419302,0.000000,0.000000,0.969660,0.996364,0.001108,0.003543
fixed,250,100,47,A,-0.257492,0.000000,0.000000,0.983601,0.997998,-0.000030,0.003925
fixed,250,100,47,A,-0.390738,0.000000,0.000000,0.965872,0.995709,0.000018,0.004083
fixed,250,100,47,A,0.703931,0.144000,0.022205,0.914666,0.989086,0.004209,0.005842
fixed,250,100,47,A,0.242126,0.256000,0.027602,0.991562,0.998932,-0.000042,0.003695
fixed,250,100,47,A,0.801076,0.000000,0.000000,0.885319,0.985722,0.004996,0.006904
fixed,250,100,47,A,-0.902275,0.000000,0.000000,0.834782,0.979037,0.000551,0.006390
fixed,250,100,47,A,-0.914229,0.000000,0.000000,0.831363,0.978500,0.000570,0.006497
fixed,250,100,47,A,0.305852,0.000000,0.000000,0.985426,0.998183,0.000241,0.003562
fixed,250,100,47,A,-0.715748,0.000000,0.000000,0.893678,0.986553,0.000310,0.004832
fixed,250,100,47,A,0.564810,0.068000,0.015922,0.946273,0.993126,0.002723,0.004438
fixed,250,100,47,A,-0.339707,0.000000,0.000000,0.974250,0.996687,-0.000001,0.004060
fixed,250,100,47,A,0.811674,0.000000,0.000000,0.880141,0.985328,0.005069,0.007022
fixed,250,100,47,A,-0.561098,0.144000,0.022205,0.932813,0.991539,0.000135,0.004116
fixed,250,100,47,A,0.160086,0.000000,0.000000,0.996524,0.999608,-0.000224,0.003801
fixed,250,100,47,A,-0.091574,0.000000,0.000000,0.997043,0.999649,-0.000135,0.003605
fixed,250,100,47,A,-0.366974,0.000000,0.000000,0.970361,0.996180,0.000009,0.004078
fixed,250,100,47,A,-0.446865,0.000000,0.000000,0.957263,0.994489,0.000046,0.004070
fixed,250,100,47,A,0.611884,0.000000,0.000000,0.935730,0.991862,0.003262,0.004885
fixed,250,100,47,A,-0.094284,0.000000,0.000000,0.996916,0.999633,-0.000132,0.003607
fixed,250,100,47,A,0.527458,0.000000,0.000000,0.953752,0.994054,0.002286,0.004122
fixed,250,100,47,A,-0.820397,0.000000,0.000000,0.862577,0.982538,0.000439,0.005670
fixed,250,100,47,A,-0.204488,0.000000,0.000000,0.989689,0.998670,-0.000054,0.003797
fixed,250,100,47,A,0.787898,0.000000,0.000000,0.890426,0.986205,0.004903,0.006758
fixed,250,100,47,A,-0.471190,0.000000,0.000000,0.951348,0.993913,0.000061,0.004063
fixed,250,100,47,A,0.651223,0.076000,0.016760,0.925970,0.990725,0.003688,0.005285
fixed,250,100,47,A,0.271748,0.000000,0.000000,0.988496,0.998608,0.000072,0.003633
fixed,250,100,47,A,0.697907,0.000000,0.000000,0.916117,0.989281,0.004153,0.005777
fixed,250,100,47,A,-0.783134,0.000000,0.000000,0.872609,0.984026,0.000393,0.005355
fixed,250,100,47,A,0.564697,0.000000,0.000000,0.946273,0.993129,0.002721,0.004437
fixed,250,100,47,A,-0.870475,0.000000,0.000000,0.847167,0.980434,0.000505,0.006107
fixed,250,100,47,A,-0.492652,0.000000,0.000000,0.948326,0.993381,0.000076,0.004060
fixed,250,100,47,A,0.231633,0.000000,0.000000,0.992348,0.999037,-0.000076,0.003715
fixed,250,100,47,A,-0.837289,0.012000,0.006887,0.857272,0.981841,0.000461,0.005816
fixed,250,100,47,A,-0.083130,0.000000,0.000000,0.997437,0.999698,-0.000142,0.003602
fixed,250,100,47,A,-0.499184,0.000000,0.000000,0.946143,0.993215,0.000080,0.004061
fixed,250,100,47,A,0.265423,0.000000,0.000000,0.989064,0.998681,0.000045,0.003646
fixed,250,100,47,A,-0.051810,0.000000,0.000000,0.998696,0.999847,-0.000170,0.003606
fixed,250,100,47,A,-0.937190,0.000000,0.000000,0.821344,0.977449,0.000608,0.006705
fixed,250,100,47,A,-0.830857,0.000000,0.000000,0.860383,0.982108,0.000452,0.005760
fixed,250,100,47,A,0.922205,0.000000,0.000000,0.850632,0.980908,0.005699,0.008284
fixed,250,100,47,A,0.070233,0.000000,0.000000,0.999711,0.999975,-0.000258,0.003758
fixed,250,100,47,A,0.533350,0.000000,0.000000,0.951874,0.993912,0.002355,0.004169
fixed,250,100,47,A,0.004295,0.000000,0.000000,0.999807,0.999996,-0.000219,0.003663
fixed,250,100,47,A,-0.625392,0.000000,0.000000,0.917094,0.989604,0.000203,0.004309
fixed,250,100,47,A,-0.475927,0.000000,0.000000,0.949882,0.993798,0.000064,0.004062
fixed,250,100,47,A,0.864264,0.372000,0.030569,0.868869,0.983296,0.005396,0.007615
fixed,250,100,47,A,0.542551,0.596000,0.031034,0.949361,0.993687,0.002463,0.004244
fixed,250,100,47,A,-0.188649,0.060000,0.015020,0.990653,0.998845,-0.000063,0.003759
fixed,250,100,47,A,-0.535637,0.000000,0.000000,0.938511,0.992250,0.000111,0.004080
fixed,250,100,47,A,-0.024456,0.000000,0.000000,0.999273,0.999939,-0.000195,0.003628
fixed,250,100,47,A,-0.376848,0.000000,0.000000,0.967620,0.995988,0.000013,0.004081
fixed,250,100,47,A,0.370547,0.000000,0.000000,0.976911,0.997221,0.000678,0.003487
fixed,250,100,47,A,0.598502,0.224000,0.026368,0.939677,0.992233,0.003111,0.004754
fixed,250,100,47,A,0.823317,0.000000,0.000000,0.880146,0.984890,0.005146,0.007153
fixed,250,100,47,A,0.087384,0.000000,0.000000,0.999561,0.999935,-0.000261,0.003778
fixed,250,100,47,A,-0.716241,0.064000,0.015480,0.893536,0.986536,0.000311,0.004835
fixed,250,100,47,A,-0.475745,0.000000,0.000000,0.949938,0.993802,0.000064,0.004062
fixed,250,100,47,A,0.632628,0.256000,0.027602,0.930051,0.991272,0.003490,0.005094
fixed,250,100,47,A,-0.869775,0.000000,0.000000,0.847287,0.980465,0.000504,0.006101
fixed,250,100,47,A,0.161886,0.260000,0.027742,0.996526,0.999597,-0.000222,0.003801
fixed,250,100,47,A,-0.534096,0.000000,0.000000,0.938565,0.992292,0.000109,0.004079
adaptive,250,100,47,fcl,0.467225,0.000000,0.000000,0.000000,0.649520,-0.035030,0.043684
adaptive,250,100,47,fcl,-0.633936,0.228898,0.011236,0.000000,0.504187,-0.000851,0.064249
adaptive,250,100,47,fcl,0.659040,0.000000,0.000000,0.000000,0.534803,0.003458,0.064620
adaptive,250,100,47,fcl,0.106557,0.217902,0.012413,0.835092,0.946816,0.290796,0.071241
adaptive,250,100,47,fcl,-0.968892,0.000000,0.000000,0.000000,0.253533,-0.000559,0.067443
adaptive,250,100,47,fcl,0.345359,0.019608,0.019415,0.000000,0.741270,0.021868,0.027732
adaptive,250,100,47,fcl,0.708132,0.187271,0.009651,0.000000,0.510229,0.006728,0.070817
adaptive,250,100,47,fcl,-0.968806,0.019608,0.019415,0.000000,0.253634,-0.000568,0.067430
adaptive,250,100,47,fcl,0.728656,0.000000,0.000000,0.000000,0.503070,0.007323,0.072941
adaptive,250,100,47,fcl,0.149825,0.056818,0.012339,0.683464,0.912329,0.299672,0.064238
adaptive,250,100,47,fcl,0.834089,0.000000,0.000000,0.000000,0.520756,0.006050,0.074808
adaptive,250,100,47,fcl,0.342085,0.000000,0.000000,0.000000,0.744213,0.026483,0.028254
adaptive,250,100,47,fcl,-0.151966,0.019608,0.019415,0.640389,0.794658,0.061771,0.082241
adaptive,250,100,47,fcl,0.106311,0.004902,0.004890,0.835856,0.947007,0.290664,0.071278
adaptive,250,100,47,fcl,-0.645667,0.421176,0.011975,0.000000,0.506531,-0.000415,0.063944
adaptive,250,100,47,fcl,-0.554614,0.000000,0.000000,0.000000,0.445029,-0.003222,0.063695
adaptive,250,100,47,fcl,0.144689,0.000000,0.000000,0.703339,0.916504,0.300295,0.065086
adaptive,250,100,47,fcl,0.823808,0.000000,0.000000,0.000000,0.515105,0.006380,0.075429
adaptive,250,100,47,fcl,-0.602631,0.000000,0.000000,0.000000,0.488951,-0.002025,0.064772
adaptive,250,100,47,fcl,0.515478,0.000000,0.000000,0.000000,0.621743,-0.024680,0.051043
adaptive,250,100,47,fcl,0.225015,0.000000,0.000000,0.315646,0.849685,0.232819,0.052666
adaptive,250,100,47,fcl,0.135156,0.000000,0.000000,0.742707,0.924207,0.300168,0.066660
adaptive,250,100,47,fcl,0.818258,0.000000,0.000000,0.000000,0.512244,0.006547,0.075683
adaptive,250,100,47,fcl,0.200091,0.580222,0.011085,0.448863,0.870845,0.266408,0.056355
adaptive,250,100,47,fcl,0.669158,0.019608,0.019415,0.000000,0.529119,0.004377,0.065944
adaptive,250,100,47,fcl,-0.949636,0.000000,0.000000,0.000000,0.276192,-0.002460,0.064779
adaptive,250,100,47,fcl,-0.521465,0.000000,0.000000,0.000000,0.405645,-0.003216,0.061528
adaptive,250,100,47,fcl,0.933667,0.000000,0.000000,0.000000,0.583000,0.002786,0.058834
adaptive,250,100,47,fcl,0.949921,0.000000,0.000000,0.000000,0.591181,0.002594,0.055343
adaptive,250,100,47,fcl,0.650125,0.000000,0.000000,0.000000,0.540003,0.002529,0.063474
adaptive,250,100,47,fcl,-0.732313,0.000000,0.000000,0.000000,0.461819,0.000774,0.063866
adaptive,250,100,47,fcl,0.758973,0.000000,0.000000,0.000000,0.497935,0.007575,0.075184
adaptive,250,100,47,fcl,-0.701124,0.000000,0.000000,0.000000,0.489922,0.000928,0.063314
adaptive,250,100,47,fcl,0.369043,0.000000,0.000000,0.000000,0.720552,-0.006288,0.026429
adaptive,250,100,47,fcl,-0.537517,0.000000,0.000000,0.000000,0.425347,-0.003318,0.062698
adaptive,250,100,47,fcl,-0.186099,0.093306,0.013100,0.528573,0.693336,0.045332,0.081556
adaptive,250,100,47,fcl,-0.171932,0.000000,0.000000,0.573454,0.737040,0.051622,0.081891
adaptive,250,100,47,fcl,0.588645,0.000000,0.000000,0.000000,0.578125,-0.007144,0.057202
adaptive,250,100,47,fcl,-0.095054,0.000000,0.000000,0.838578,0.923229,0.099768,0.082834
adaptive,250,100,47,fcl,0.233371,0.000000,0.000000,0.265299,0.842459,0.219568,0.051393
adaptive,250,100,47,fcl,0.602397,0.000000,0.000000,0.000000,0.569484,-0.004478,0.058309
adaptive,250,100,47,fcl,-0.167126,0.019608,0.019415,0.588869,0.751475,0.053924,0.081986
adaptive,250,100,47,fcl,-0.315568,0.285337,0.016413,0.306246,0.285569,0.012663,0.070272
adaptive,250,100,47,fcl,0.645172,0.000000,0.000000,0.000000,0.542954,0.001964,0.062853
adaptive,250,100,47,fcl,0.337012,0.000000,0.000000,0.000000,0.748774,0.033947,0.029190
adaptive,250,100,47,fcl,-0.013722,0.019608,0.019415,0.996250,0.998624,0.176527,0.082243
adaptive,250,100,47,fcl,-0.438293,0.000000,0.000000,0.000000,0.301241,0.000262,0.055550
adaptive,250,100,47,fcl,-0.392429,0.000000,0.000000,0.033305,0.252002,0.003932,0.057750
adaptive,250,100,47,fcl,-0.578352,0.091736,0.008298,0.000000,0.469391,-0.002774,0.064559
adaptive,250,100,47,fcl,0.615758,0.000000,0.000000,0.000000,0.561079,-0.002162,0.059545
adaptive,250,100,47,fcl,0.957918,0.000000,0.000000,0.000000,0.594707,0.002583,0.053786
adaptive,250,100,47,fcl,-0.517506,0.079108,0.012156,0.000000,0.400707,-0.003161,0.061212
adaptive,250,100,47,fcl,0.926405,0.000000,0.000000,0.000000,0.579019,0.002932,0.060443
adaptive,250,100,47,fcl,0.844211,0.000000,0.000000,0.000000,0.526782,0.005703,0.074003
adaptive,250,100,47,fcl,-0.475709,0.000000,0.000000,0.000000,0.347353,-0.001877,0.057640
adaptive,250,100,47,fcl,0.788717,0.019608,0.019415,0.000000,0.501067,0.007259,0.076137
adaptive,250,100,47,fcl,0.288075,0.000000,0.000000,0.000000,0.793575,0.119643,0.041043
adaptive,250,100,47,fcl,0.107394,0.006369,0.003175,0.832492,0.946166,0.291240,0.071113
adaptive,250,100,47,fcl,-0.731161,0.004902,0.004890,0.000000,0.463068,0.000794,0.063841
adaptive,250,100,47,fcl,0.399702,0.000000,0.000000,0.000000,0.695539,-0.028352,0.030616
adaptive,250,100,47,fcl,-0.180819,0.019608,0.019415,0.545185,0.709798,0.047592,0.081691
adaptive,250,100,47,fcl,-0.384940,0.000000,0.000000,0.067350,0.245358,0.004631,0.058683
adaptive,250,100,47,fcl,0.996322,0.000000,0.000000,0.000000,0.607158,0.003511,0.050033
adaptive,250,100,47,fcl,-0.724020,0.044177,0.006511,0.000000,0.470358,0.000893,0.063689
adaptive,250,100,47,fcl,0.360072,0.000000,0.000000,0.000000,0.728288,0.003250,0.026370
adaptive,250,100,47,fcl,0.356573,0.000000,0.000000,0.000000,0.731326,0.007350,0.026534
adaptive,250,100,47,fcl,-0.930869,0.000000,0.000000,0.000000,0.298250,-0.003903,0.062672
adaptive,250,100,47,fcl,0.442757,0.000000,0.000000,0.000000,0.664837,-0.037108,0.039188
adaptive,250,100,47,fcl,0.385470,0.000000,0.000000,0.000000,0.706843,-0.020079,0.028109
adaptive,250,100,47,fcl,0.570989,0.000000,0.000000,0.000000,0.589068,-0.010953,0.055933
adaptive,250,100,47,fcl,-0.228333,0.000000,0.000000,0.438725,0.553818,0.030490,0.079833
adaptive,250,100,47,fcl,-0.605988,0.005682,0.004006,0.000000,0.491224,-0.001906,0.064752
adaptive,250,100,47,fcl,0.273997,0.019608,0.019415,0.035099,0.806391,0.146417,0.044159
adaptive,250,100,47,fcl,0.510163,0.000000,0.000000,0.000000,0.624758,-0.026009,0.050380
adaptive,250,100,47,fcl,-0.928184,0.000000,0.000000,0.000000,0.301347,-0.004073,0.062421
adaptive,250,100,47,fcl,-0.325734,0.000000,0.000000,0.283594,0.263273,0.011269,0.068576
adaptive,250,100,47,fcl,0.542278,0.000000,0.000000,0.000000,0.606298,-0.017870,0.053779
adaptive,250,100,47,fcl,0.009300,0.000000,0.000000,0.997927,0.999196,0.201370,0.081326
adaptive,250,100,47,fcl,-0.883182,0.000000,0.000000,0.000000,0.348578,-0.005398,0.060501
adaptive,250,100,47,fcl,-0.413703,0.000000,0.000000,0.000000,0.273421,0.002098,0.055940
adaptive,250,100,47,fcl,-0.994616,0.019608,0.019415,0.000000,0.224986,0.002493,0.071403
adaptive,250,100,47,fcl,-0.412916,0.000000,0.000000,0.000000,0.272581,0.002162,0.055983
adaptive,250,100,47,fcl,-0.410921,0.000000,0.000000,0.000000,0.270450,0.002325,0.056099
adaptive,250,100,47,fcl,0.758767,0.000000,0.000000,0.000000,0.497936,0.007575,0.075173
adaptive,250,100,47,fcl,-0.663014,0.396382,0.011120,0.000000,0.506214,0.000167,0.063531
adaptive,250,100,47,fcl,0.177728,0.653719,0.013678,0.557616,0.889458,0.287317,0.059748
adaptive,250,100,47,fcl,-0.206911,0.004902,0.004890,0.476078,0.625679,0.037341,0.080871
adaptive,250,100,47,fcl,0.310737,0.019608,0.019415,0.000000,0.772776,0.077627,0.035434
adaptive,250,100,47,fcl,0.514497,0.000000,0.000000,0.000000,0.622300,-0.024927,0.050924
adaptive,250,100,47,fcl,0.875703,0.000000,0.000000,0.000000,0.547162,0.004548,0.070219
adaptive,250,100,47,fcl,-0.578869,0.000000,0.000000,0.000000,0.469849,-0.002761,0.064570
adaptive,250,100,47,fcl,-0.716222,0.151045,0.009299,0.000000,0.477772,0.000952,0.063534
adaptive,250,100,47,fcl,-0.778118,0.000000,0.000000,0.000000,0.411546,-0.000836,0.064322
adaptive,250,100,47,fcl,-0.313808,0.019608,0.019415,0.310313,0.289949,0.012914,0.070557
adaptive,250,100,47,fcl,0.252996,0.019608,0.019415,0.151000,0.825231,0.185581,0.048175
adaptive,250,100,47,fcl,-0.681261,0.000000,0.000000,0.000000,0.501102,0.000641,0.063280
adaptive,250,100,47,fcl,0.093092,0.216034,0.010181,0.873537,0.956986,0.282468,0.073228
adaptive,250,100,47,fcl,-0.970063,0.000000,0.000000,0.000000,0.252169,-0.000431,0.067616
adaptive,250,100,47,fcl,-0.812741,0.240964,0.013551,0.000000,0.392922,-0.002760,0.063371
adaptive,250,100,47,fcl,-0.379435,0.000000,0.000000,0.093906,0.240979,0.005162,0.059449
adaptive,250,100,47,fsb,-0.664505,0.000000,0.000000,0.000000,0.498891,0.016933,0.068226
adaptive,250,100,47,fsb,-0.237190,0.228898,0.011236,0.000000,0.541757,0.021487,0.070258
adaptive,250,100,47,fsb,0.705258,0.000000,0.000000,0.163722,0.867079,0.053935,0.066749
adaptive,250,100,47,fsb,-0.981038,0.217902,0.012413,0.082423,0.498411,0.132028,0.074565
adaptive,250,100,47,fsb,0.544457,0.000000,0.000000,0.266806,0.826243,0.128237,0.069718
adaptive,250,100,47,fsb,-0.350538,0.019608,0.019415,0.000000,0.499908,0.046441,0.078521
adaptive,250,100,47,fsb,-0.493229,0.187271,0.009651,0.001803,0.499273,0.050968,0.080605
adaptive,250,100,47,fsb,-0.188331,0.019608,0.019415,0.000000,0.631765,0.024159,0.064156
adaptive,250,100,47,fsb,-0.285804,0.000000,0.000000,0.000000,0.506228,0.030525,0.076740
adaptive,250,100,47,fsb,-0.413906,0.056818,0.012339,0.000984,0.499980,0.055472,0.077246
adaptive,250,100,47,fsb,0.809122,0.000000,0.000000,0.000000,0.846693,0.014462,0.052920
adaptive,250,100,47,fsb,0.360278,0.000000,0.000000,0.193448,0.775527,0.068470,0.078299
adaptive,250,100,47,fsb,0.216659,0.019608,0.019415,0.274131,0.808479,0.158314,0.075333
adaptive,250,100,47,fsb,0.783608,0.004902,0.004890,0.012321,0.855591,0.018411,0.055409
adaptive,250,100,47,fsb,-0.358118,0.421176,0.011975,0.000000,0.499906,0.048027,0.078348
adaptive,250,100,47,fsb,-0.824543,0.000000,0.000000,0.000000,0.499872,0.059736,0.077627
adaptive,250,100,47,fsb,-0.715919,0.000000,0.000000,0.000000,0.499336,0.018241,0.062255
adaptive,250,100,47,fsb,0.791697,0.000000,0.000000,0.002650,0.853006,0.016797,0.054425
adaptive,250,100,47,fsb,0.452709,0.000000,0.000000,0.225400,0.794252,0.090955,0.077261
adaptive,250,100,47,fsb,0.982761,0.000000,0.000000,0.000000,0.765884,0.024273,0.083890
adaptive,250,100,47,fsb,0.319477,0.000000,0.000000,0.197451,0.775133,0.077925,0.078127
adaptive,250,100,47,fsb,0.815824,0.000000,0.000000,0.000000,0.843973,0.013924,0.052638
adaptive,250,100,47,fsb,0.173448,0.000000,0.000000,0.363358,0.841343,0.202515,0.075404
adaptive,250,100,47,fsb,0.135761,0.580222,0.011085,0.478716,0.879050,0.233205,0.076559
adaptive,250,100,47,fsb,-0.412128,0.019608,0.019415,0.001534,0.499986,0.055368,0.077244
adaptive,250,100,47,fsb,0.619914,0.000000,0.000000,0.263928,0.852432,0.112501,0.068322
adaptive,250,100,47,fsb,0.348552,0.000000,0.000000,0.195111,0.774787,0.069753,0.078307
adaptive,250,100,47,fsb,-0.330639,0.000000,0.000000,0.000000,0.500173,0.041834,0.078715
adaptive,250,100,47,fsb,-0.578216,0.000000,0.000000,0.076438,0.498423,0.032876,0.081227
adaptive,250,100,47,fsb,0.126510,0.000000,0.000000,0.514007,0.889354,0.238531,0.076943
adaptive,250,100,47,fsb,0.343655,0.000000,0.000000,0.196617,0.774635,0.070626,0.078299
adaptive,250,100,47,fsb,0.763348,0.000000,0.000000,0.052927,0.861006,0.024132,0.058344
adaptive,250,100,47,fsb,0.614359,0.000000,0.000000,0.264156,0.850754,0.115505,0.068118
adaptive,250,100,47,fsb,0.043282,0.000000,0.000000,0.897608,0.979763,0.230877,0.080759
adaptive,250,100,47,fsb,0.106717,0.000000,0.000000,0.599214,0.912150,0.246105,0.077838
adaptive,250,100,47,fsb,-0.439359,0.093306,0.013100,0.000000,0.499836,0.055928,0.077723
adaptive,250,100,47,fsb,0.751853,0.000000,0.000000,0.076023,0.863351,0.028501,0.060159
adaptive,250,100,47,fsb,-0.846528,0.000000,0.000000,0.000000,0.499636,0.072236,0.079346
adaptive,250,100,47,fsb,-0.177691,0.000000,0.000000,0.000000,0.658015,0.027203,0.063900
adaptive,250,100,47,fsb,0.375936,0.000000,0.000000,0.196831,0.777159,0.068468,0.078254
adaptive,250,100,47,fsb,-0.094572,0.000000,0.000000,0.471441,0.884240,0.084538,0.074600
adaptive,250,100,47,fsb,0.158582,0.019608,0.019415,0.405331,0.855329,0.216055,0.075763
adaptive,250,100,47,fsb,-0.439104,0.285337,0.016413,0.000000,0.499838,0.055933,0.077714
adaptive,250,100,47,fsb,0.593422,0.000000,0.000000,0.267857,0.843964,0.124515,0.067600
adaptive,250,100,47,fsb,-0.558838,0.000000,0.000000,0.061876,0.498551,0.037487,0.082144
adaptive,250,100,47,fsb,0.856431,0.019608,0.019415,0.000000,0.825459,0.013629,0.055664
adaptive,250,100,47,fsb,-0.768395,0.000000,0.000000,0.000000,0.499887,0.032672,0.068616
adaptive,250,100,47,fsb,0.487045,0.000000,0.000000,0.238770,0.805335,0.107430,0.075301
adaptive,250,100,47,fsb,-0.249126,0.091736,0.008298,0.000000,0.528672,0.022993,0.072146
adaptive,250,100,47,fsb,0.121815,0.000000,0.000000,0.535658,0.894702,0.240817,0.077147
adaptive,250,100,47,fsb,0.283540,0.000000,0.000000,0.208046,0.780462,0.097897,0.077338
adaptive,250,100,47,fsb,-0.253822,0.079108,0.012156,0.000000,0.524358,0.023745,0.072856
adaptive,250,100,47,fsb,0.368254,0.000000,0.000000,0.192627,0.776259,0.068231,0.078279
adaptive,250,100,47,fsb,0.963459,0.000000,0.000000,0.000000,0.773551,0.022393,0.080693
adaptive,250,100,47,fsb,-0.846431,0.000000,0.000000,0.000000,0.499637,0.072179,0.079341
adaptive,250,100,47,fsb,0.373109,0.019608,0.019415,0.195284,0.776828,0.068329,0.078264
adaptive,250,100,47,fsb,0.722553,0.000000,0.000000,0.132912,0.866773,0.043194,0.064615
adaptive,250,100,47,fsb,0.822747,0.006369,0.003175,0.000000,0.841067,0.013547,0.052559
adaptive,250,100,47,fsb,-0.932875,0.004902,0.004890,0.000000,0.498829,0.119275,0.076456
adaptive,250,100,47,fsb,0.781497,0.000000,0.000000,0.015751,0.856240,0.018893,0.055688
adaptive,250,100,47,fsb,0.394154,0.019608,0.019415,0.200951,0.779989,0.070753,0.078175
adaptive,250,100,47,fsb,0.858933,0.000000,0.000000,0.000000,0.824236,0.013729,0.056115
adaptive,250,100,47,fsb,-0.035810,0.000000,0.000000,0.919749,0.984515,0.150140,0.080902
adaptive,250,100,47,fsb,-0.569779,0.044177,0.006511,0.072390,0.498471,0.034886,0.081722
adaptive,250,100,47,fsb,-0.045701,0.000000,0.000000,0.867581,0.974100,0.138488,0.080291
adaptive,250,100,47,fsb,-0.313196,0.000000,0.000000,0.000000,0.501165,0.037452,0.078411
adaptive,250,100,47,fsb,0.949353,0.000000,0.000000,0.000000,0.779640,0.021005,0.077943
adaptive,250,100,47,fsb,-0.030277,0.000000,0.000000,0.942510,0.988886,0.156663,0.081167
adaptive,250,100,47,fsb,0.962468,0.000000,0.000000,0.000000,0.773963,0.022295,0.080511
adaptive,250,100,47,fsb,-0.622428,0.000000,0.000000,0.060088,0.498489,0.023058,0.076100
adaptive,250,100,47,fsb,0.866025,0.000000,0.000000,0.000000,0.820696,0.014061,0.057526
adaptive,250,100,47,fsb,-0.223189,0.005682,0.004006,0.000000,0.561843,0.020622,0.068035
adaptive,250,100,47,fsb,-0.340402,0.019608,0.019415,0.000000,0.499975,0.044164,0.078678
adaptive,250,100,47,fsb,0.329219,0.000000,0.000000,0.194815,0.774656,0.074382,0.078227
adaptive,250,100,47,fsb,0.113331,0.000000,0.000000,0.574103,0.904457,0.244189,0.077530
adaptive,250,100,47,fsb,-0.668737,0.000000,0.000000,0.000000,0.498933,0.016613,0.067421
adaptive,250,100,47,fsb,0.301111,0.000000,0.000000,0.202935,0.777125,0.086803,0.077805
adaptive,250,100,47,fsb,-0.714938,0.000000,0.000000,0.000000,0.499328,0.018099,0.062253
adaptive,250,100,47,fsb,-0.042201,0.000000,0.000000,0.886356,0.977872,0.142604,0.080528
adaptive,250,100,47,fsb,-0.802512,0.000000,0.000000,0.000000,0.499998,0.048072,0.074721
adaptive,250,100,47,fsb,0.176051,0.019608,0.019415,0.355740,0.838980,0.200004,0.075357
adaptive,250,100,47,fsb,-0.670264,0.000000,0.000000,0.000000,0.498947,0.016513,0.067137
adaptive,250,100,47,fsb,-0.046958,0.000000,0.000000,0.859717,0.972437,0.137012,0.080200
adaptive,250,100,47,fsb,-0.211326,0.000000,0.000000,0.000000,0.582573,0.020819,0.066326
adaptive,250,100,47,fsb,-0.272881,0.396382,0.011120,0.000000,0.511564,0.027510,0.075402
adaptive,250,100,47,fsb,0.073001,0.653719,0.013678,0.760177,0.950804,0.245527,0.079454
adaptive,250,100,47,fsb,0.664969,0.004902,0.004890,0.220766,0.863144,0.082392,0.069229
adaptive,250,100,47,fsb,-0.014147,0.019608,0.019415,0.988695,0.997837,0.175454,0.081649
adaptive,250,100,47,fsb,0.758016,0.000000,0.000000,0.061377,0.862195,0.026057,0.059180
adaptive,250,100,47,fsb,-0.714294,0.000000,0.000000,0.000000,0.499322,0.018008,0.062255
adaptive,250,100,47,fsb,0.595641,0.000000,0.000000,0.267237,0.844721,0.123752,0.067625
adaptive,250,100,47,fsb,-0.477916,0.151045,0.009299,0.000048,0.499453,0.053110,0.079689
adaptive,250,100,47,fsb,0.926881,0.000000,0.000000,0.000000,0.790118,0.018829,0.072860
adaptive,250,100,47,fsb,-0.683783,0.019608,0.019415,0.000000,0.499069,0.016040,0.064833
adaptive,250,100,47,fsb,-0.013521,0.019608,0.019415,0.989414,0.997974,0.176171,0.081660
adaptive,250,100,47,fsb,0.077875,0.000000,0.000000,0.736102,0.945430,0.246698,0.079222
adaptive,250,100,47,fsb,0.575443,0.216034,0.010181,0.269693,0.837663,0.128820,0.067769
adaptive,250,100,47,fsb,0.959114,0.000000,0.000000,0.000000,0.775372,0.021965,0.079884
adaptive,250,100,47,fsb,-0.398120,0.240964,0.013551,0.004920,0.500009,0.054223,0.077349
adaptive,250,100,47,fsb,-0.998528,0.000000,0.000000,0.088144,0.498377,0.132450,0.075202
adaptive,250,100,47,A,-0.845373,0.000000,0.000000,0.855950,0.981503,0.127479,0.086504
adaptive,250,100,47,A,0.597965,0.228898,0.011236,0.939831,0.992247,0.216942,0.080818
adaptive,250,100,47,A,-0.453408,0.000000,0.000000,0.955410,0.994336,0.157899,0.084155
adaptive,250,100,47,A,0.604689,0.217902,0.012413,0.937824,0.992062,0.217053,0.080829
adaptive,250,100,47,A,0.187956,0.000000,0.000000,0.995055,0.999415,0.202373,0.081090
adaptive,250,100,47,A,-0.430459,0.019608,0.019415,0.959075,0.994861,0.159702,0.084019
adaptive,250,100,47,A,0.249881,0.187271,0.009651,0.990925,0.998852,0.205490,0.080937
adaptive,250,100,47,A,-0.602873,0.019608,0.019415,0.922723,0.990304,0.146128,0.085053
adaptive,250,100,47,A,0.575686,0.000000,0.000000,0.942765,0.992844,0.216542,0.080786
adaptive,250,100,47,A,-0.659720,0.056818,0.012339,0.909641,0.988491,0.141677,0.085396
adaptive,250,100,47,A,-0.562506,0.000000,0.000000,0.932581,0.991498,0.149303,0.084809
adaptive,250,100,47,A,-0.033129,0.000000,0.000000,0.999266,0.999914,0.189096,0.081898
adaptive,250,100,47,A,-0.092720,0.019608,0.019415,0.996989,0.999642,0.185038,0.082174
adaptive,250,100,47,A,0.496670,0.004902,0.004890,0.957097,0.994769,0.214744,0.080716
adaptive,250,100,47,A,0.199049,0.421176,0.011975,0.994368,0.999328,0.202952,0.081060
adaptive,250,100,47,A,-0.681953,0.000000,0.000000,0.902060,0.987740,0.139946,0.085530
adaptive,250,100,47,A,-0.997188,0.000000,0.000000,0.802625,0.974589,0.116470,0.087381
adaptive,250,100,47,A,0.930671,0.000000,0.000000,0.846561,0.980546,0.217316,0.081929
adaptive,250,100,47,A,0.657996,0.000000,0.000000,0.923948,0.990522,0.217784,0.080933
adaptive,250,100,47,A,-0.814439,0.000000,0.000000,0.863994,0.982780,0.129797,0.086322
adaptive,250,100,47,A,-0.434903,0.000000,0.000000,0.958266,0.994762,0.159353,0.084046
adaptive,250,100,47,A,-0.460312,0.000000,0.000000,0.953742,0.994174,0.157356,0.084196
adaptive,250,100,47,A,0.978349,0.000000,0.000000,0.830261,0.978444,0.216538,0.082174
adaptive,250,100,47,A,0.648762,0.580222,0.011085,0.926704,0.990799,0.217677,0.080913
adaptive,250,100,47,A,-0.473892,0.019608,0.019415,0.950512,0.993847,0.156287,0.084277
adaptive,250,100,47,A,-0.048493,0.000000,0.000000,0.998864,0.999860,0.188066,0.081967
adaptive,250,100,47,A,-0.977286,0.000000,0.000000,0.807951,0.975556,0.117875,0.087268
adaptive,250,100,47,A,-0.355298,0.000000,0.000000,0.972273,0.996401,0.165568,0.083580
adaptive,250,100,47,A,0.578977,0.000000,0.000000,0.941594,0.992757,0.216604,0.080790
adaptive,250,100,47,A,-0.624703,0.000000,0.000000,0.917193,0.989626,0.144415,0.085184
adaptive,250,100,47,A,0.391548,0.000000,0.000000,0.974985,0.996866,0.211454,0.080730
adaptive,250,100,47,A,0.638407,0.000000,0.000000,0.927995,0.991104,0.217547,0.080891
adaptive,250,100,47,A,0.687338,0.000000,0.000000,0.917800,0.989617,0.218070,0.081004
adaptive,250,100,47,A,-0.244873,0.000000,0.000000,0.986269,0.998170,0.174006,0.082958
adaptive,250,100,47,A,0.286899,0.000000,0.000000,0.986610,0.998427,0.207210,0.080863
adaptive,250,100,47,A,0.995618,0.093306,0.013100,0.824074,0.977657,0.216208,0.082267
adaptive,250,100,47,A,0.261721,0.000000,0.000000,0.989488,0.998723,0.206052,0.080912
adaptive,250,100,47,A,-0.074665,0.000000,0.000000,0.997808,0.999743,0.186285,0.082088
adaptive,250,100,47,A,0.419302,0.000000,0.000000,0.969660,0.996364,0.212420,0.080715
adaptive,250,100,47,A,-0.257492,0.000000,0.000000,0.983601,0.997998,0.173057,0.083027
adaptive,250,100,47,A,-0.390738,0.000000,0.000000,0.965872,0.995709,0.162811,0.083786
adaptive,250,100,47,A,0.703931,0.019608,0.019415,0.914666,0.989086,0.218195,0.081048
adaptive,250,100,47,A,0.242126,0.285337,0.016413,0.991562,0.998932,0.205116,0.080954
adaptive,250,100,47,A,0.801076,0.000000,0.000000,0.885319,0.985722,0.218404,0.081364
adaptive,250,100,47,A,-0.902275,0.000000,0.000000,0.834782,0.979037,0.123277,0.086837
adaptive,250,100,47,A,-0.914229,0.019608,0.019415,0.831363,0.978500,0.122405,0.086906
adaptive,250,100,47,A,0.305852,0.000000,0.000000,0.985426,0.998183,0.208047,0.080831
adaptive,250,100,47,A,-0.715748,0.000000,0.000000,0.893678,0.986553,0.137328,0.085733
adaptive,250,100,47,A,0.564810,0.091736,0.008298,0.946273,0.993126,0.216329,0.080772
adaptive,250,100,47,A,-0.339707,0.000000,0.000000,0.974250,0.996687,0.166775,0.083490
adaptive,250,100,47,A,0.811674,0.000000,0.000000,0.880141,0.985328,0.218372,0.081404
adaptive,250,100,47,A,-0.561098,0.079108,0.012156,0.932813,0.991539,0.149414,0.084801
adaptive,250,100,47,A,0.160086,0.000000,0.000000,0.996524,0.999608,0.200876,0.081171
adaptive,250,100,47,A,-0.091574,0.000000,0.000000,0.997043,0.999649,0.185118,0.082168
adaptive,250,100,47,A,-0.366974,0.000000,0.000000,0.970361,0.996180,0.164662,0.083647
adaptive,250,100,47,A,-0.446865,0.019608,0.019415,0.957263,0.994489,0.158414,0.084116
adaptive,250,100,47,A,0.611884,0.000000,0.000000,0.935730,0.991862,0.217168,0.080841
adaptive,250,100,47,A,-0.094284,0.006369,0.003175,0.996916,0.999633,0.184929,0.082181
adaptive,250,100,47,A,0.527458,0.004902,0.004890,0.953752,0.994054,0.215514,0.080735
adaptive,250,100,47,A,-0.820397,0.000000,0.000000,0.862577,0.982538,0.129349,0.086357
adaptive,250,100,47,A,-0.204488,0.019608,0.019415,0.989689,0.998670,0.177014,0.082740
adaptive,250,100,47,A,0.787898,0.000000,0.000000,0.890426,0.986205,0.218428,0.081315
adaptive,250,100,47,A,-0.471190,0.000000,0.000000,0.951348,0.993913,0.156500,0.084261
adaptive,250,100,47,A,0.651223,0.044177,0.006511,0.925970,0.990725,0.217706,0.080918
adaptive,250,100,47,A,0.271748,0.000000,0.000000,0.988496,0.998608,0.206519,0.080892
adaptive,250,100,47,A,0.697907,0.000000,0.000000,0.916117,0.989281,0.218153,0.081032
adaptive,250,100,47,A,-0.783134,0.000000,0.000000,0.872609,0.984026,0.132165,0.086136
adaptive,250,100,47,A,0.564697,0.000000,0.000000,0.946273,0.993129,0.216327,0.080772
adaptive,250,100,47,A,-0.870475,0.000000,0.000000,0.847167,0.980434,0.125615,0.086651
adaptive,250,100,47,A,-0.492652,0.000000,0.000000,0.948326,0.993381,0.154809,0.084389
adaptive,250,100,47,A,0.231633,0.000000,0.000000,0.992348,0.999037,0.204602,0.080979
adaptive,250,100,47,A,-0.837289,0.005682,0.004006,0.857272,0.981841,0.128083,0.086456
adaptive,250,100,47,A,-0.083130,0.019608,0.019415,0.997437,0.999698,0.185702,0.082128
adaptive,250,100,47,A,-0.499184,0.000000,0.000000,0.946143,0.993215,0.154295,0.084429
adaptive,250,100,47,A,0.265423,0.000000,0.000000,0.989064,0.998681,0.206225,0.080905
adaptive,250,100,47,A,-0.051810,0.000000,0.000000,0.998696,0.999847,0.187842,0.081982
adaptive,250,100,47,A,-0.937190,0.000000,0.000000,0.821344,0.977449,0.120742,0.087039
adaptive,250,100,47,A,-0.830857,0.000000,0.000000,0.860383,0.982108,0.128564,0.086419
adaptive,250,100,47,A,0.922205,0.000000,0.000000,0.850632,0.980908,0.217433,0.081888
adaptive,250,100,47,A,0.070233,0.000000,0.000000,0.999711,0.999975,0.195686,0.081474
adaptive,250,100,47,A,0.533350,0.019608,0.019415,0.951874,0.993912,0.215652,0.080739
adaptive,250,100,47,A,0.004295,0.000000,0.000000,0.999807,0.999996,0.191552,0.081736
adaptive,250,100,47,A,-0.625392,0.000000,0.000000,0.917094,0.989604,0.144361,0.085189
adaptive,250,100,47,A,-0.475927,0.000000,0.000000,0.949882,0.993798,0.156127,0.084289
adaptive,250,100,47,A,0.864264,0.396382,0.011120,0.868869,0.983296,0.218064,0.081620
adaptive,250,100,47,A,0.542551,0.653719,0.013678,0.949361,0.993687,0.215860,0.080748
adaptive,250,100,47,A,-0.188649,0.004902,0.004890,0.990653,0.998845,0.178180,0.082657
adaptive,250,100,47,A,-0.535637,0.019608,0.019415,0.938511,0.992250,0.151420,0.084647
adaptive,250,100,47,A,-0.024456,0.000000,0.000000,0.999273,0.999939,0.189671,0.081860
adaptive,250,100,47,A,-0.376848,0.000000,0.000000,0.967620,0.995988,0.163894,0.083705
adaptive,250,100,47,A,0.370547,0.000000,0.000000,0.976911,0.997221,0.210678,0.080748
adaptive,250,100,47,A,0.598502,0.151045,0.009299,0.939677,0.992233,0.216951,0.080819
adaptive,250,100,47,A,0.823317,0.000000,0.000000,0.880146,0.984890,0.218326,0.081450
adaptive,250,100,47,A,0.087384,0.019608,0.019415,0.999561,0.999935,0.196718,0.081411
adaptive,250,100,47,A,-0.716241,0.019608,0.019415,0.893536,0.986536,0.137290,0.085736
adaptive,250,100,47,A,-0.475745,0.000000,0.000000,0.949938,0.993802,0.156141,0.084288
adaptive,250,100,47,A,0.632628,0.216034,0.010181,0.930051,0.991272,0.217470,0.080880
adaptive,250,100,47,A,-0.869775,0.000000,0.000000,0.847287,0.980465,0.125667,0.086647
adaptive,250,100,47,A,0.161886,0.240964,0.013551,0.996526,0.999597,0.200975,0.081165
adaptive,250,100,47,A,-0.534096,0.000000,0.000000,0.938565,0.992292,0.151542,0.084638
fixed,400,100,9,fcl,-0.752068,0.000000,0.000000,0.000000,0.439434,0.051444,0.054363
fixed,400,100,9,fcl,0.791491,0.000000,0.000000,0.000000,0.501875,-0.000225,0.037998
fixed,400,100,9,fcl,0.113299,0.000000,0.000000,0.814142,0.941575,0.469197,0.051022
fixed,400,100,9,fcl,0.876962,0.000000,0.000000,0.000000,0.547998,-0.001382,0.030076
fixed,400,100,9,fcl,0.818576,0.000000,0.000000,0.000000,0.512391,-0.000388,0.034859
fixed,400,100,9,fcl,-0.432669,0.000000,0.000000,0.000000,0.294685,0.062353,0.065299
fixed,400,100,9,fcl,0.711645,0.000000,0.000000,0.000000,0.508886,-0.000658,0.046695
fixed,400,100,9,fcl,0.174344,0.065000,0.012326,0.573414,0.892251,0.426282,0.043752
fixed,400,100,9,fcl,0.635214,0.000000,0.000000,0.000000,0.548991,-0.001255,0.044133
fixed,400,100,9,fcl,0.869868,0.000000,0.000000,0.000000,0.543290,-0.001241,0.030398
fixed,400,100,9,fcl,-0.249481,0.000000,0.000000,0.406780,0.482740,0.048965,0.042922
fixed,400,100,9,fcl,0.436761,0.047500,0.010635,0.000000,0.668774,-0.005046,0.032836
fixed,400,100,9,fcl,-0.152688,0.000000,0.000000,0.637987,0.792687,0.099406,0.058644
fixed,400,100,9,fcl,-0.302168,0.355000,0.023926,0.335533,0.319961,0.055639,0.044826
fixed,400,100,9,fcl,-0.667471,0.377500,0.024238,0.000000,0.505548,0.073026,0.054106
fixed,400,100,9,fcl,0.556729,0.000000,0.000000,0.000000,0.597731,-0.000408,0.020452
fixed,400,100,9,fcl,0.908846,0.000000,0.000000,0.000000,0.568648,-0.001848,0.030543
fixed,400,100,9,fcl,0.370149,0.000000,0.000000,0.000000,0.719615,-0.005820,0.019645
fixed,400,100,9,fcl,-0.107233,0.337500,0.023643,0.799290,0.900713,0.145728,0.066297
fixed,400,100,9,fcl,-0.433673,0.000000,0.000000,0.000000,0.295848,0.062263,0.065361
fixed,400,100,9,fcl,0.973044,0.000000,0.000000,0.000000,0.600541,0.000179,0.041168
fixed,400,100,9,fcl,0.501453,0.000000,0.000000,0.000000,0.629699,-0.000291,0.024276
fixed,400,100,9,fcl,0.839016,0.000000,0.000000,0.000000,0.523594,-0.000658,0.032759
fixed,400,100,9,fcl,0.396445,0.000000,0.000000,0.000000,0.698058,-0.008235,0.025080
fixed,400,100,9,fcl,0.536807,0.000000,0.000000,0.000000,0.609499,-0.000102,0.018088
fixed,400,100,9,fcl,0.843788,0.000000,0.000000,0.000000,0.526522,-0.000738,0.032318
fixed,400,100,9,fcl,-0.443786,0.000000,0.000000,0.000000,0.307802,0.061366,0.065904
fixed,400,100,9,fcl,-0.101642,0.125000,0.016536,0.817612,0.911268,0.152105,0.066980
fixed,400,100,9,fcl,0.134870,0.687500,0.023176,0.743715,0.924436,0.475416,0.047021
fixed,400,100,9,fcl,0.499630,0.000000,0.000000,0.000000,0.630734,-0.000341,0.024719
fixed,400,100,9,fcl,0.397449,0.000000,0.000000,0.000000,0.697271,-0.008222,0.025367
fixed,400,100,9,fcl,0.887975,0.000000,0.000000,0.000000,0.555280,-0.001586,0.029839
fixed,400,100,9,fcl,0.262235,0.000000,0.000000,0.100547,0.816990,0.144188,0.038954
fixed,400,100,9,fcl,-0.719280,0.000000,0.000000,0.000000,0.475034,0.066539,0.056771
fixed,400,100,9,fcl,-0.330579,0.000000,0.000000,0.271976,0.254653,0.061846,0.050045
fixed,400,100,9,fcl,-0.885968,0.000000,0.000000,0.000000,0.346005,-0.018895,0.047227
fixed,400,100,9,fcl,0.415985,0.000000,0.000000,0.000000,0.683284,-0.007176,0.030071
fixed,400,100,9,fcl,-0.114847,0.000000,0.000000,0.772729,0.885306,0.137273,0.065272
fixed,400,100,9,fcl,0.206484,0.000000,0.000000,0.416990,0.865471,0.330359,0.044206
fixed,400,100,9,fcl,-0.617814,0.000000,0.000000,0.000000,0.498051,0.067252,0.052071
fixed,400,100,9,fcl,-0.011823,0.022500,0.007415,0.996909,0.998890,0.275502,0.069929
fixed,400,100,9,fcl,0.132234,0.587500,0.024614,0.752988,0.926549,0.475698,0.047461
fixed,400,100,9,fcl,0.296423,0.000000,0.000000,0.000000,0.785930,0.061989,0.033834
fixed,400,100,9,fcl,0.097835,0.000000,0.000000,0.860832,0.953451,0.454852,0.054180
fixed,400,100,9,fcl,-0.015654,0.377500,0.024238,0.995349,0.998262,0.269367,0.070110
fixed,400,100,9,fcl,0.666965,0.000000,0.000000,0.000000,0.530334,-0.001099,0.047403
fixed,400,100,9,fcl,-0.170685,0.000000,0.000000,0.577453,0.740786,0.084197,0.054845
fixed,400,100,9,fcl,-0.331194,0.000000,0.000000,0.270477,0.253612,0.061957,0.050175
fixed,400,100,9,fcl,0.629118,0.000000,0.000000,0.000000,0.552742,-0.001256,0.043013
fixed,400,100,9,fcl,0.095180,0.195000,0.019810,0.868462,0.955457,0.451751,0.054726
fixed,400,100,9,fcl,-0.316595,0.162500,0.018445,0.303874,0.283018,0.058991,0.047231
fixed,400,100,9,fcl,-0.536346,0.000000,0.000000,0.000000,0.423924,0.058719,0.062906
fixed,400,100,9,fcl,-0.764357,0.470000,0.024955,0.000000,0.425370,0.043730,0.052532
fixed,400,100,9,fcl,0.905386,0.000000,0.000000,0.000000,0.566473,-0.001821,0.030311
fixed,400,100,9,fcl,0.472580,0.000000,0.000000,0.000000,0.646351,-0.001669,0.030568
fixed,400,100,9,fcl,0.162985,0.705000,0.022802,0.629904,0.901585,0.449701,0.043942
fixed,400,100,9,fcl,-0.548403,0.000000,0.000000,0.000000,0.438080,0.059369,0.061279
fixed,400,100,9,fcl,-0.300570,0.000000,0.000000,0.338611,0.324322,0.055264,0.044604
fixed,400,100,9,fcl,0.634576,0.000000,0.000000,0.000000,0.549384,-0.001256,0.044024
fixed,400,100,9,fcl,-0.825355,0.000000,0.000000,0.000000,0.387683,0.000684,0.040940
fixed,400,100,9,fcl,0.439815,0.000000,0.000000,0.000000,0.666763,-0.004714,0.032979
fixed,400,100,9,fcl,0.812340,0.000000,0.000000,0.000000,0.509513,-0.000331,0.035553
fixed,400,100,9,fcl,-0.624267,0.000000,0.000000,0.000000,0.500845,0.068209,0.051863
fixed,400,100,9,fcl,-0.339955,0.000000,0.000000,0.246602,0.240909,0.063381,0.052037
fixed,400,100,9,fcl,-0.278504,0.107500,0.015487,0.369878,0.388984,0.050681,0.042654
fixed,400,100,9,fcl,-0.892868,0.000000,0.000000,0.000000,0.339396,-0.019164,0.049073
fixed,400,100,9,fcl,-0.868839,0.000000,0.000000,0.000000,0.360960,-0.016771,0.043187
fixed,400,100,9,fcl,-0.475225,0.000000,0.000000,0.000000,0.346740,0.059086,0.066631
fixed,400,100,9,fcl,0.786792,0.000000,0.000000,0.000000,0.500674,-0.000218,0.038570
fixed,400,100,9,fcl,-0.471254,0.042500,0.010086,0.000000,0.341716,0.059312,0.066623
fixed,400,100,9,fcl,0.279870,0.077500,0.013369,0.013933,0.801058,0.097299,0.036300
fixed,400,100,9,fcl,0.337356,0.000000,0.000000,0.000000,0.748464,0.009484,0.025393
fixed,400,100,9,fcl,0.307740,0.000000,0.000000,0.000000,0.775530,0.042791,0.031988
fixed,400,100,9,fcl,0.224252,0.000000,0.000000,0.319537,0.850339,0.268710,0.043523
fixed,400,100,9,fcl,0.960655,0.000000,0.000000,0.000000,0.595871,-0.000705,0.038435
fixed,400,100,9,fcl,0.923025,0.000000,0.000000,0.000000,0.577094,-0.001860,0.031963
fixed,400,100,9,fcl,0.223522,0.000000,0.000000,0.323259,0.850964,0.271264,0.043573
fixed,400,100,9,fcl,0.667526,0.000000,0.000000,0.000000,0.530018,-0.001095,0.047427
fixed,400,100,9,fcl,0.146205,0.100000,0.015000,0.697200,0.915276,0.470324,0.045371
fixed,400,100,9,fcl,0.738103,0.000000,0.000000,0.000000,0.500702,-0.000413,0.044403
fixed,400,100,9,fcl,-0.058357,0.137500,0.017219,0.937594,0.972711,0.206390,0.070272
fixed,400,100,9,fcl,-0.256007,0.000000,0.000000,0.398969,0.461061,0.048742,0.042639
fixed,400,100,9,fcl,0.959055,0.000000,0.000000,0.000000,0.595208,-0.000799,0.038101
fixed,400,100,9,fcl,-0.675443,0.000000,0.000000,0.000000,0.503282,0.073200,0.054820
fixed,400,100,9,fcl,0.153198,0.000000,0.000000,0.670665,0.909584,0.463747,0.044607
fixed,400,100,9,fcl,-0.279623,0.000000,0.000000,0.368637,0.385561,0.050868,0.042703
fixed,400,100,9,fcl,0.747641,0.000000,0.000000,0.000000,0.499001,-0.000343,0.043352
fixed,400,100,9,fcl,0.531315,0.000000,0.000000,0.000000,0.612675,-0.000052,0.018406
fixed,400,100,9,fcl,-0.182885,0.000000,0.000000,0.538657,0.703362,0.075139,0.052230
fixed,400,100,9,fcl,-0.305736,0.000000,0.000000,0.328664,0.310228,0.056480,0.045356
fixed,400,100,9,fcl,0.914297,0.000000,0.000000,0.000000,0.571950,-0.001873,0.031003
fixed,400,100,9,fcl,-0.827070,0.000000,0.000000,0.000000,0.386935,-0.000343,0.040755
fixed,400,100,9,fcl,-0.841495,0.000000,0.000000,0.000000,0.379595,-0.007946,0.040067
fixed,400,100,9,fcl,0.120988,0.000000,0.000000,0.790463,0.935519,0.473514,0.049511
fixed,400,100,9,fcl,0.630776,0.000000,0.000000,0.000000,0.551721,-0.001257,0.043335
fixed,400,100,9,fcl,-0.913366,0.000000,0.000000,0.000000,0.318024,-0.018443,0.054759
fixed,400,100,9,fcl,0.620851,0.000000,0.000000,0.000000,0.557891,-0.001238,0.041211
fixed,400,100,9,fcl,-0.232021,0.000000,0.000000,0.433427,0.541368,0.051607,0.044222
fixed,400,100,9,fcl,-0.402297,0.000000,0.000000,0.006153,0.261536,0.064883,0.062668
fixed,400,100,9,fcl,-0.192263,0.000000,0.000000,0.511558,0.673549,0.068956,0.050297
fixed,400,100,9,fsb,0.379472,0.000000,0.000000,0.197759,0.777649,0.241678,0.061828
fixed,400,100,9,fsb,0.141891,0.000000,0.000000,0.454796,0.872473,0.293944,0.067218
fixed,400,100,9,fsb,-0.645016,0.000000,0.000000,0.007088,0.498692,0.014707,0.038135
fixed,400,100,9,fsb,0.473061,0.000000,0.000000,0.235382,0.800643,0.223771,0.058347
fixed,400,100,9,fsb,-0.770115,0.000000,0.000000,0.000000,0.499901,0.017989,0.050338
fixed,400,100,9,fsb,0.364456,0.000000,0.000000,0.192430,0.775887,0.244970,0.062252
fixed,400,100,9,fsb,0.484850,0.000000,0.000000,0.238656,0.804590,0.221781,0.057797
fixed,400,100,9,fsb,-0.430071,0.065000,0.012326,0.000000,0.499901,0.090812,0.041181
fixed,400,100,9,fsb,-0.576022,0.000000,0.000000,0.075384,0.498435,0.026776,0.030773
fixed,400,100,9,fsb,0.355254,0.000000,0.000000,0.194451,0.775144,0.247041,0.062498
fixed,400,100,9,fsb,0.609214,0.000000,0.000000,0.262482,0.849166,0.199589,0.051570
fixed,400,100,9,fsb,-0.856632,0.047500,0.010635,0.000000,0.499523,0.031843,0.054602
fixed,400,100,9,fsb,-0.984535,0.000000,0.000000,0.085043,0.498399,0.053767,0.058811
fixed,400,100,9,fsb,0.017609,0.355000,0.023926,0.977483,0.995859,0.297086,0.069095
fixed,400,100,9,fsb,-0.476596,0.377500,0.024238,0.000000,0.499468,0.065688,0.034658
fixed,400,100,9,fsb,0.107038,0.000000,0.000000,0.597994,0.911777,0.297816,0.067896
fixed,400,100,9,fsb,-0.565551,0.000000,0.000000,0.069024,0.498499,0.029675,0.030141
fixed,400,100,9,fsb,-0.052892,0.000000,0.000000,0.822604,0.964589,0.284222,0.069119
fixed,400,100,9,fsb,0.604759,0.337500,0.023643,0.263563,0.847732,0.200561,0.051759
fixed,400,100,9,fsb,-0.678852,0.000000,0.000000,0.000000,0.499027,0.012807,0.042112
fixed,400,100,9,fsb,0.145456,0.000000,0.000000,0.440884,0.868648,0.293438,0.067145
fixed,400,100,9,fsb,-0.078655,0.000000,0.000000,0.615385,0.919749,0.276821,0.068845
fixed,400,100,9,fsb,0.263191,0.000000,0.000000,0.220072,0.786296,0.269153,0.064620
fixed,400,100,9,fsb,-0.337590,0.000000,0.000000,0.000000,0.500003,0.146174,0.053412
fixed,400,100,9,fsb,-0.246077,0.000000,0.000000,0.000000,0.531510,0.200486,0.061939
fixed,400,100,9,fsb,-0.167936,0.000000,0.000000,0.000000,0.683633,0.241325,0.066400
fixed,400,100,9,fsb,-0.765210,0.000000,0.000000,0.000000,0.499856,0.017401,0.050003
fixed,400,100,9,fsb,-0.405360,0.125000,0.016536,0.003450,0.500003,0.105173,0.044719
fixed,400,100,9,fsb,-0.006501,0.687500,0.023176,0.997467,0.999509,0.293932,0.069217
fixed,400,100,9,fsb,0.774537,0.000000,0.000000,0.030812,0.858214,0.141029,0.051929
fixed,400,100,9,fsb,0.555986,0.000000,0.000000,0.270024,0.830538,0.209936,0.054144
fixed,400,100,9,fsb,-0.010021,0.000000,0.000000,0.993428,0.998739,0.293363,0.069225
fixed,400,100,9,fsb,0.341308,0.000000,0.000000,0.197628,0.774593,0.250253,0.062853
fixed,400,100,9,fsb,-0.695827,0.000000,0.000000,0.000000,0.499168,0.012720,0.043957
fixed,400,100,9,fsb,0.460528,0.000000,0.000000,0.230822,0.796635,0.225934,0.058906
fixed,400,100,9,fsb,-0.790131,0.000000,0.000000,0.000000,0.500003,0.020666,0.051585
fixed,400,100,9,fsb,0.307979,0.000000,0.000000,0.199122,0.776182,0.258207,0.063638
fixed,400,100,9,fsb,0.677776,0.000000,0.000000,0.204484,0.865085,0.180793,0.049883
fixed,400,100,9,fsb,0.500606,0.000000,0.000000,0.244224,0.810099,0.219169,0.057028
fixed,400,100,9,fsb,0.600093,0.000000,0.000000,0.265642,0.846209,0.201555,0.051963
fixed,400,100,9,fsb,-0.540807,0.022500,0.007415,0.044172,0.498723,0.037703,0.029621
fixed,400,100,9,fsb,0.175283,0.587500,0.024614,0.357925,0.839670,0.288522,0.066518
fixed,400,100,9,fsb,-0.395306,0.000000,0.000000,0.004290,0.500008,0.111148,0.046118
fixed,400,100,9,fsb,0.977779,0.000000,0.000000,0.000000,0.767776,0.054580,0.059904
fixed,400,100,9,fsb,0.681102,0.377500,0.024238,0.199758,0.865459,0.179671,0.049872
fixed,400,100,9,fsb,-0.282175,0.000000,0.000000,0.000000,0.507577,0.179589,0.059025
fixed,400,100,9,fsb,0.993931,0.000000,0.000000,0.000000,0.761853,0.049607,0.060574
fixed,400,100,9,fsb,0.490051,0.000000,0.000000,0.239120,0.806382,0.220914,0.057547
fixed,400,100,9,fsb,0.342216,0.000000,0.000000,0.197236,0.774609,0.250042,0.062830
fixed,400,100,9,fsb,0.286540,0.195000,0.019810,0.207249,0.779734,0.263445,0.064114
fixed,400,100,9,fsb,-0.489242,0.162500,0.018445,0.001188,0.499320,0.059459,0.033116
fixed,400,100,9,fsb,0.698698,0.000000,0.000000,0.173795,0.866908,0.173392,0.049929
fixed,400,100,9,fsb,-0.337903,0.470000,0.024955,0.000000,0.500000,0.145983,0.053377
fixed,400,100,9,fsb,0.697356,0.000000,0.000000,0.175784,0.866827,0.173891,0.049918
fixed,400,100,9,fsb,0.396485,0.000000,0.000000,0.201601,0.780393,0.238089,0.061309
fixed,400,100,9,fsb,0.037707,0.705000,0.022802,0.918536,0.984117,0.298724,0.068918
fixed,400,100,9,fsb,-0.792829,0.000000,0.000000,0.000000,0.500004,0.021058,0.051739
fixed,400,100,9,fsb,0.909884,0.000000,0.000000,0.000000,0.798479,0.079362,0.057292
fixed,400,100,9,fsb,-0.817207,0.000000,0.000000,0.000000,0.499933,0.024884,0.052997
fixed,400,100,9,fsb,-0.869567,0.000000,0.000000,0.000000,0.499388,0.034239,0.055044
fixed,400,100,9,fsb,-0.207335,0.000000,0.000000,0.000000,0.590133,0.221634,0.064452
fixed,400,100,9,fsb,-0.848490,0.000000,0.000000,0.000000,0.499614,0.030354,0.054305
fixed,400,100,9,fsb,0.208611,0.000000,0.000000,0.288637,0.813730,0.281826,0.065798
fixed,400,100,9,fsb,-0.602674,0.000000,0.000000,0.082634,0.498395,0.020708,0.033181
fixed,400,100,9,fsb,-0.247035,0.107500,0.015487,0.000000,0.530594,0.199945,0.061869
fixed,400,100,9,fsb,0.485237,0.000000,0.000000,0.238676,0.804721,0.221716,0.057779
fixed,400,100,9,fsb,0.086487,0.000000,0.000000,0.695276,0.935688,0.299092,0.068253
fixed,400,100,9,fsb,0.648682,0.000000,0.000000,0.238680,0.859954,0.189740,0.050279
fixed,400,100,9,fsb,-0.273854,0.000000,0.000000,0.000000,0.511054,0.184487,0.059747
fixed,400,100,9,fsb,-0.617041,0.042500,0.010086,0.068558,0.498452,0.018190,0.034784
fixed,400,100,9,fsb,-0.007851,0.077500,0.013369,0.995918,0.999214,0.293717,0.069220
fixed,400,100,9,fsb,0.266679,0.000000,0.000000,0.217916,0.785088,0.268304,0.064545
fixed,400,100,9,fsb,0.093084,0.000000,0.000000,0.661993,0.928052,0.298769,0.068143
fixed,400,100,9,fsb,-0.640862,0.000000,0.000000,0.016220,0.498649,0.015110,0.037631
fixed,400,100,9,fsb,0.613267,0.000000,0.000000,0.263801,0.850417,0.198682,0.051405
fixed,400,100,9,fsb,0.160278,0.000000,0.000000,0.400788,0.853682,0.291141,0.066837
fixed,400,100,9,fsb,-0.974141,0.000000,0.000000,0.069870,0.498449,0.052315,0.058404
fixed,400,100,9,fsb,-0.210067,0.000000,0.000000,0.000000,0.584958,0.220196,0.064294
fixed,400,100,9,fsb,-0.597137,0.100000,0.015000,0.083631,0.498385,0.021817,0.032608
fixed,400,100,9,fsb,0.268013,0.000000,0.000000,0.216826,0.784692,0.267979,0.064516
fixed,400,100,9,fsb,-0.986175,0.137500,0.017219,0.086271,0.498394,0.053988,0.058877
fixed,400,100,9,fsb,-0.883167,0.000000,0.000000,0.000000,0.499267,0.036775,0.055480
fixed,400,100,9,fsb,-0.160230,0.000000,0.000000,0.020235,0.704680,0.244923,0.066714
fixed,400,100,9,fsb,0.438092,0.000000,0.000000,0.218912,0.790043,0.229964,0.059834
fixed,400,100,9,fsb,0.585083,0.000000,0.000000,0.269296,0.841086,0.204591,0.052664
fixed,400,100,9,fsb,0.170776,0.000000,0.000000,0.371271,0.843781,0.289338,0.066614
fixed,400,100,9,fsb,-0.968476,0.000000,0.000000,0.058025,0.498486,0.051487,0.058192
fixed,400,100,9,fsb,-0.107882,0.000000,0.000000,0.356785,0.850675,0.266792,0.068317
fixed,400,100,9,fsb,-0.932843,0.000000,0.000000,0.000000,0.498830,0.045764,0.056990
fixed,400,100,9,fsb,0.679860,0.000000,0.000000,0.201593,0.865328,0.180092,0.049875
fixed,400,100,9,fsb,0.121672,0.000000,0.000000,0.536343,0.894865,0.296437,0.067620
fixed,400,100,9,fsb,0.842270,0.000000,0.000000,0.000000,0.832275,0.109117,0.054674
fixed,400,100,9,fsb,-0.087330,0.000000,0.000000,0.538920,0.901065,0.274020,0.068714
fixed,400,100,9,fsb,-0.690885,0.000000,0.000000,0.000000,0.499128,0.012689,0.043433
fixed,400,100,9,fsb,-0.482685,0.000000,0.000000,0.000480,0.499397,0.062650,0.033894
fixed,400,100,9,fsb,-0.365098,0.000000,0.000000,0.000000,0.499926,0.129392,0.050109
fixed,400,100,9,fsb,-0.249194,0.000000,0.000000,0.000000,0.528610,0.198722,0.061710
fixed,400,100,9,fsb,0.183096,0.000000,0.000000,0.338460,0.832993,0.287052,0.066350
fixed,400,100,9,fsb,0.627856,0.000000,0.000000,0.257645,0.854722,0.195233,0.050867
fixed,400,100,9,fsb,-0.605478,0.000000,0.000000,0.081901,0.498401,0.020176,0.033482
fixed,400,100,9,A,-0.315900,0.000000,0.000000,0.977577,0.997100,0.266237,0.069846
fixed,400,100,9,A,0.598634,0.000000,0.000000,0.939637,0.992229,0.321104,0.070117
fixed,400,100,9,A,0.779109,0.000000,0.000000,0.896267,0.986522,0.319692,0.070918
fixed,400,100,9,A,-0.474751,0.000000,0.000000,0.950246,0.993826,0.249661,0.070489
fixed,400,100,9,A,0.060468,0.000000,0.000000,0.999842,0.999991,0.299463,0.069163
fixed,400,100,9,A,-0.232666,0.000000,0.000000,0.986823,0.998330,0.274458,0.069593
fixed,400,100,9,A,-0.734151,0.000000,0.000000,0.888993,0.985884,0.221330,0.071957
fixed,400,100,9,A,-0.607188,0.065000,0.012326,0.922779,0.990172,0.235285,0.071179
fixed,400,100,9,A,0.407178,0.000000,0.000000,0.974322,0.996588,0.317678,0.069530
fixed,400,100,9,A,-0.592326,0.000000,0.000000,0.926103,0.990624,0.236913,0.071095
fixed,400,100,9,A,0.424538,0.000000,0.000000,0.969800,0.996265,0.318194,0.069572
fixed,400,100,9,A,-0.077113,0.047500,0.010635,0.997719,0.999730,0.288611,0.069277
fixed,400,100,9,A,-0.905925,0.000000,0.000000,0.833326,0.978874,0.202602,0.073155
fixed,400,100,9,A,-0.845011,0.355000,0.023926,0.855974,0.981518,0.209195,0.072714
fixed,400,100,9,A,-0.467001,0.377500,0.024238,0.952597,0.994014,0.250490,0.070453
fixed,400,100,9,A,-0.086575,0.000000,0.000000,0.997276,0.999678,0.287803,0.069291
fixed,400,100,9,A,0.946171,0.000000,0.000000,0.842245,0.979874,0.314470,0.071860
fixed,400,100,9,A,0.189687,0.000000,0.000000,0.994966,0.999402,0.307916,0.069193
fixed,400,100,9,A,0.548119,0.337500,0.023643,0.948127,0.993549,0.320690,0.069936
fixed,400,100,9,A,0.859816,0.000000,0.000000,0.870741,0.983473,0.317624,0.071350
fixed,400,100,9,A,-0.886394,0.000000,0.000000,0.842660,0.979741,0.204708,0.073012
fixed,400,100,9,A,0.340083,0.000000,0.000000,0.981187,0.997699,0.315306,0.069388
fixed,400,100,9,A,-0.273914,0.000000,0.000000,0.982043,0.997762,0.270432,0.069711
fixed,400,100,9,A,0.368072,0.000000,0.000000,0.977064,0.997262,0.316367,0.069443
fixed,400,100,9,A,-0.394249,0.000000,0.000000,0.965348,0.995637,0.258183,0.070137
fixed,400,100,9,A,-0.240604,0.000000,0.000000,0.986614,0.998227,0.273691,0.069615
fixed,400,100,9,A,-0.035197,0.000000,0.000000,0.999270,0.999907,0.292101,0.069226
fixed,400,100,9,A,-0.369900,0.125000,0.016536,0.969549,0.996123,0.260715,0.070041
fixed,400,100,9,A,0.911044,0.687500,0.023176,0.854709,0.981380,0.315868,0.071647
fixed,400,100,9,A,0.273195,0.000000,0.000000,0.988373,0.998591,0.312363,0.069280
fixed,400,100,9,A,0.604418,0.000000,0.000000,0.937905,0.992070,0.321129,0.070139
fixed,400,100,9,A,-0.660485,0.000000,0.000000,0.909411,0.988465,0.229433,0.071492
fixed,400,100,9,A,0.157033,0.000000,0.000000,0.996521,0.999627,0.305953,0.069173
fixed,400,100,9,A,0.166566,0.000000,0.000000,0.996507,0.999567,0.306539,0.069178
fixed,400,100,9,A,0.272112,0.000000,0.000000,0.988465,0.998604,0.312311,0.069279
fixed,400,100,9,A,0.436267,0.000000,0.000000,0.967889,0.996039,0.318520,0.069601
fixed,400,100,9,A,0.136432,0.000000,0.000000,0.997898,0.999743,0.304654,0.069165
fixed,400,100,9,A,-0.840045,0.000000,0.000000,0.856295,0.981727,0.209735,0.072679
fixed,400,100,9,A,0.448143,0.000000,0.000000,0.964997,0.995803,0.318832,0.069632
fixed,400,100,9,A,-0.642365,0.000000,0.000000,0.913050,0.989060,0.231425,0.071384
fixed,400,100,9,A,0.248192,0.022500,0.007415,0.991140,0.998870,0.311120,0.069249
fixed,400,100,9,A,0.536524,0.587500,0.024614,0.950832,0.993835,0.320545,0.069897
fixed,400,100,9,A,-0.897736,0.000000,0.000000,0.836849,0.979240,0.203484,0.073095
fixed,400,100,9,A,0.630046,0.000000,0.000000,0.930994,0.991346,0.321182,0.070240
fixed,400,100,9,A,0.355370,0.377500,0.024238,0.979607,0.997465,0.315898,0.069417
fixed,400,100,9,A,0.318987,0.000000,0.000000,0.983845,0.998004,0.314439,0.069350
fixed,400,100,9,A,0.662826,0.000000,0.000000,0.923400,0.990375,0.321118,0.070375
fixed,400,100,9,A,0.881400,0.000000,0.000000,0.864490,0.982606,0.316925,0.071473
fixed,400,100,9,A,0.913693,0.000000,0.000000,0.853858,0.981268,0.315768,0.071662
fixed,400,100,9,A,-0.451389,0.195000,0.019810,0.956009,0.994384,0.252155,0.070381
fixed,400,100,9,A,-0.867891,0.162500,0.018445,0.847821,0.980545,0.206711,0.072878
fixed,400,100,9,A,0.358197,0.000000,0.000000,0.979151,0.997421,0.316004,0.069423
fixed,400,100,9,A,0.919806,0.470000,0.024955,0.851854,0.981010,0.315534,0.071699
fixed,400,100,9,A,-0.013103,0.000000,0.000000,0.999625,0.999966,0.293878,0.069205
fixed,400,100,9,A,-0.573318,0.000000,0.000000,0.931029,0.991186,0.238991,0.070990
fixed,400,100,9,A,0.008463,0.705000,0.022802,0.999851,1.000000,0.295569,0.069189
fixed,400,100,9,A,0.403332,0.000000,0.000000,0.974268,0.996657,0.317558,0.069520
fixed,400,100,9,A,-0.953779,0.000000,0.000000,0.816757,0.976675,0.197477,0.073512
fixed,400,100,9,A,0.512641,0.000000,0.000000,0.954480,0.994403,0.320188,0.069820
fixed,400,100,9,A,0.428945,0.000000,0.000000,0.969478,0.996181,0.318319,0.069583
fixed,400,100,9,A,-0.369941,0.000000,0.000000,0.969538,0.996122,0.260710,0.070041
fixed,400,100,9,A,-0.304768,0.000000,0.000000,0.978810,0.997284,0.267358,0.069809
fixed,400,100,9,A,0.056500,0.000000,0.000000,0.999924,0.999997,0.299176,0.069165
fixed,400,100,9,A,0.284227,0.000000,0.000000,0.986953,0.998459,0.312887,0.069296
fixed,400,100,9,A,-0.639762,0.107500,0.015487,0.913967,0.989145,0.231711,0.071368
fixed,400,100,9,A,0.919393,0.000000,0.000000,0.852026,0.981028,0.315550,0.071697
fixed,400,100,9,A,0.683703,0.000000,0.000000,0.919214,0.989731,0.320999,0.070465
fixed,400,100,9,A,-0.247224,0.000000,0.000000,0.985930,0.998139,0.273048,0.069633
fixed,400,100,9,A,-0.131095,0.000000,0.000000,0.994911,0.999377,0.283902,0.069364
fixed,400,100,9,A,-0.272512,0.042500,0.010086,0.982022,0.997783,0.270571,0.069707
fixed,400,100,9,A,0.491870,0.077500,0.013369,0.958840,0.994876,0.319813,0.069756
fixed,400,100,9,A,0.425078,0.000000,0.000000,0.969815,0.996255,0.318210,0.069573
fixed,400,100,9,A,-0.831970,0.000000,0.000000,0.859844,0.982062,0.210615,0.072622
fixed,400,100,9,A,-0.169161,0.000000,0.000000,0.992398,0.999043,0.280447,0.069440
fixed,400,100,9,A,0.544649,0.000000,0.000000,0.948892,0.993635,0.320648,0.069924
fixed,400,100,9,A,0.910951,0.000000,0.000000,0.854739,0.981384,0.315871,0.071646
fixed,400,100,9,A,0.067752,0.000000,0.000000,0.999726,0.999980,0.299987,0.069162
fixed,400,100,9,A,0.691430,0.000000,0.000000,0.916975,0.989487,0.320940,0.070499
fixed,400,100,9,A,0.235493,0.100000,0.015000,0.991891,0.998999,0.310459,0.069234
fixed,400,100,9,A,-0.701196,0.000000,0.000000,0.897205,0.987071,0.224954,0.071745
fixed,400,100,9,A,-0.547328,0.137500,0.017219,0.937193,0.991928,0.241823,0.070851
fixed,400,100,9,A,0.883823,0.000000,0.000000,0.863752,0.982507,0.316843,0.071487
fixed,400,100,9,A,0.611997,0.000000,0.000000,0.935698,0.991859,0.321154,0.070169
fixed,400,100,9,A,-0.025919,0.000000,0.000000,0.999252,0.999935,0.292853,0.069217
fixed,400,100,9,A,-0.363442,0.000000,0.000000,0.971001,0.996247,0.261382,0.070016
fixed,400,100,9,A,-0.127690,0.000000,0.000000,0.995172,0.999403,0.284206,0.069358
fixed,400,100,9,A,-0.616094,0.000000,0.000000,0.919064,0.989896,0.234309,0.071230
fixed,400,100,9,A,-0.155743,0.000000,0.000000,0.993273,0.999169,0.281677,0.069412
fixed,400,100,9,A,-0.389015,0.000000,0.000000,0.966130,0.995744,0.258729,0.070116
fixed,400,100,9,A,-0.788544,0.000000,0.000000,0.872824,0.983815,0.215360,0.072320
fixed,400,100,9,A,0.642269,0.000000,0.000000,0.927549,0.990990,0.321176,0.070289
fixed,400,100,9,A,0.757730,0.000000,0.000000,0.900156,0.987279,0.320093,0.070811
fixed,400,100,9,A,0.457916,0.000000,0.000000,0.964596,0.995604,0.319074,0.069659
fixed,400,100,9,A,0.119494,0.000000,0.000000,0.998685,0.999822,0.303550,0.069161
fixed,400,100,9,A,-0.341752,0.000000,0.000000,0.973831,0.996650,0.263610,0.069936
fixed,400,100,9,A,0.839481,0.000000,0.000000,0.876310,0.984270,0.318227,0.071237
fixed,400,100,9,A,0.703887,0.000000,0.000000,0.914677,0.989088,0.320827,0.070556
fixed,400,100,9,A,0.080713,0.000000,0.000000,0.999643,0.999952,0.300906,0.069159
fixed,400,100,9,A,-0.193751,0.000000,0.000000,0.990171,0.998790,0.278159,0.069495
fixed,400,100,9,A,-0.698102,0.000000,0.000000,0.897864,0.987180,0.225295,0.071725
adaptive,400,100,9,fcl,-0.752068,0.004154,0.002073,0.000000,0.439434,0.068295,0.103477
adaptive,400,100,9,fcl,0.791491,0.000000,0.000000,0.000000,0.501875,0.001764,0.081856
adaptive,400,100,9,fcl,0.113299,0.000000,0.000000,0.814142,0.941575,0.609616,0.069872
adaptive,400,100,9,fcl,0.876962,0.000000,0.000000,0.000000,0.547998,-0.001856,0.057439
adaptive,400,100,9,fcl,0.818576,0.000000,0.000000,0.000000,0.512391,0.000528,0.075514
adaptive,400,100,9,fcl,-0.432669,0.000000,0.000000,0.000000,0.294685,0.131338,0.115663
adaptive,400,100,9,fcl,0.711645,0.000000,0.000000,0.000000,0.508886,0.004676,0.096549
adaptive,400,100,9,fcl,0.174344,0.003413,0.003407,0.573414,0.892251,0.573058,0.034503
adaptive,400,100,9,fcl,0.635214,0.000000,0.000000,0.000000,0.548991,0.003644,0.091161
adaptive,400,100,9,fcl,0.869868,0.000000,0.000000,0.000000,0.543290,-0.001628,0.059429
adaptive,400,100,9,fcl,-0.249481,0.064382,0.007909,0.406780,0.482740,0.154742,0.085159
adaptive,400,100,9,fcl,0.436761,0.000000,0.000000,0.000000,0.668774,0.017466,0.072499
adaptive,400,100,9,fcl,-0.152688,0.000000,0.000000,0.637987,0.792687,0.108239,0.109671
adaptive,400,100,9,fcl,-0.302168,0.382431,0.008832,0.335533,0.319961,0.210508,0.078431
adaptive,400,100,9,fcl,-0.667471,0.365215,0.008555,0.000000,0.505548,0.093720,0.107734
adaptive,400,100,9,fcl,0.556729,0.000000,0.000000,0.000000,0.597731,0.000352,0.053274
adaptive,400,100,9,fcl,0.908846,0.000000,0.000000,0.000000,0.568648,-0.002330,0.056514
adaptive,400,100,9,fcl,0.370149,0.019608,0.019415,0.000000,0.719615,0.008920,0.043977
adaptive,400,100,9,fcl,-0.107233,0.366176,0.013064,0.799290,0.900713,0.128092,0.116919
adaptive,400,100,9,fcl,-0.433673,0.000000,0.000000,0.000000,0.295848,0.130547,0.115784
adaptive,400,100,9,fcl,0.973044,0.000000,0.000000,0.000000,0.600541,0.001971,0.078953
adaptive,400,100,9,fcl,0.501453,0.000000,0.000000,0.000000,0.629699,0.003529,0.056275
adaptive,400,100,9,fcl,0.839016,0.000000,0.000000,0.000000,0.523594,-0.000385,0.069747
adaptive,400,100,9,fcl,0.396445,0.000000,0.000000,0.000000,0.698058,0.019497,0.056226
adaptive,400,100,9,fcl,0.536807,0.000000,0.000000,0.000000,0.609499,0.000523,0.049131
adaptive,400,100,9,fcl,0.843788,0.000000,0.000000,0.000000,0.526522,-0.000593,0.068218
adaptive,400,100,9,fcl,-0.443786,0.000000,0.000000,0.000000,0.307802,0.122950,0.116848
adaptive,400,100,9,fcl,-0.101642,0.105147,0.008318,0.817612,0.911268,0.132021,0.117484
adaptive,400,100,9,fcl,0.134870,0.647949,0.008758,0.743715,0.924436,0.640255,0.050470
adaptive,400,100,9,fcl,0.499630,0.000000,0.000000,0.000000,0.630734,0.003803,0.056944
adaptive,400,100,9,fcl,0.397449,0.000000,0.000000,0.000000,0.697271,0.019665,0.056838
adaptive,400,100,9,fcl,0.887975,0.000000,0.000000,0.000000,0.555280,-0.002136,0.055427
adaptive,400,100,9,fcl,0.262235,0.000000,0.000000,0.100547,0.816990,0.086420,0.052991
adaptive,400,100,9,fcl,-0.719280,0.000000,0.000000,0.000000,0.475034,0.087146,0.108492
adaptive,400,100,9,fcl,-0.330579,0.019608,0.019415,0.271976,0.254653,0.214780,0.085577
adaptive,400,100,9,fcl,-0.885968,0.000000,0.000000,0.000000,0.346005,-0.019280,0.077286
adaptive,400,100,9,fcl,0.415985,0.000000,0.000000,0.000000,0.683284,0.020384,0.066817
adaptive,400,100,9,fcl,-0.114847,0.000000,0.000000,0.772729,0.885306,0.123268,0.116036
adaptive,400,100,9,fcl,0.206484,0.019608,0.019415,0.416990,0.865471,0.402006,0.057446
adaptive,400,100,9,fcl,-0.617814,0.000000,0.000000,0.000000,0.498051,0.086945,0.106576
adaptive,400,100,9,fcl,-0.011823,0.000000,0.000000,0.996909,0.998890,0.251333,0.117594
adaptive,400,100,9,fcl,0.132234,0.590169,0.008786,0.752988,0.926549,0.638503,0.053019
adaptive,400,100,9,fcl,0.296423,0.000000,0.000000,0.000000,0.785930,-0.010708,0.048445
adaptive,400,100,9,fcl,0.097835,0.000000,0.000000,0.860832,0.953451,0.570312,0.081251
adaptive,400,100,9,fcl,-0.015654,0.288364,0.008638,0.995349,0.998262,0.243552,0.117959
adaptive,400,100,9,fcl,0.666965,0.000000,0.000000,0.000000,0.530334,0.004617,0.096822
adaptive,400,100,9,fcl,-0.170685,0.019608,0.019415,0.577453,0.740786,0.106684,0.105577
adaptive,400,100,9,fcl,-0.331194,0.019608,0.019415,0.270477,0.253612,0.214609,0.085801
adaptive,400,100,9,fcl,0.629118,0.000000,0.000000,0.000000,0.552742,0.003383,0.089305
adaptive,400,100,9,fcl,0.095180,0.184169,0.007673,0.868462,0.955457,0.562610,0.082993
adaptive,400,100,9,fcl,-0.316595,0.171380,0.011031,0.303874,0.283018,0.215775,0.081126
adaptive,400,100,9,fcl,-0.536346,0.000000,0.000000,0.000000,0.423924,0.084788,0.115617
adaptive,400,100,9,fcl,-0.764357,0.529524,0.008917,0.000000,0.425370,0.058109,0.099998
adaptive,400,100,9,fcl,0.905386,0.000000,0.000000,0.000000,0.566473,-0.002334,0.055892
adaptive,400,100,9,fcl,0.472580,0.000000,0.000000,0.000000,0.646351,0.009138,0.067355
adaptive,400,100,9,fcl,0.162985,0.641458,0.008892,0.629904,0.901585,0.612025,0.030270
adaptive,400,100,9,fcl,-0.548403,0.000000,0.000000,0.000000,0.438080,0.083443,0.114238
adaptive,400,100,9,fcl,-0.300570,0.000000,0.000000,0.338611,0.324322,0.209531,0.078277
adaptive,400,100,9,fcl,0.634576,0.000000,0.000000,0.000000,0.549384,0.003618,0.090980
adaptive,400,100,9,fcl,-0.825355,0.019608,0.019415,0.000000,0.387683,-0.000811,0.073075
adaptive,400,100,9,fcl,0.439815,0.000000,0.000000,0.000000,0.666763,0.016840,0.072757
adaptive,400,100,9,fcl,0.812340,0.019608,0.019415,0.000000,0.509513,0.000810,0.077056
adaptive,400,100,9,fcl,-0.624267,0.000000,0.000000,0.000000,0.500845,0.087928,0.106369
adaptive,400,100,9,fcl,-0.339955,0.000000,0.000000,0.246602,0.240909,0.211138,0.089161
adaptive,400,100,9,fcl,-0.278504,0.044000,0.007489,0.369878,0.388984,0.189508,0.079024
adaptive,400,100,9,fcl,-0.892868,0.019608,0.019415,0.000000,0.339396,-0.018289,0.080625
adaptive,400,100,9,fcl,-0.868839,0.004000,0.002305,0.000000,0.360960,-0.019715,0.070467
adaptive,400,100,9,fcl,-0.475225,0.000000,0.000000,0.000000,0.346740,0.103813,0.118493
adaptive,400,100,9,fcl,0.786792,0.000000,0.000000,0.000000,0.500674,0.001980,0.082909
adaptive,400,100,9,fcl,-0.471254,0.061433,0.014028,0.000000,0.341716,0.105854,0.118411
adaptive,400,100,9,fcl,0.279870,0.000000,0.000000,0.013933,0.801058,0.023396,0.048179
adaptive,400,100,9,fcl,0.337356,0.000000,0.000000,0.000000,0.748464,-0.015956,0.049202
adaptive,400,100,9,fcl,0.307740,0.000000,0.000000,0.000000,0.775530,-0.021285,0.050033
adaptive,400,100,9,fcl,0.224252,0.000000,0.000000,0.319537,0.850339,0.292473,0.062184
adaptive,400,100,9,fcl,0.960655,0.000000,0.000000,0.000000,0.595871,0.000367,0.074276
adaptive,400,100,9,fcl,0.923025,0.000000,0.000000,0.000000,0.577094,-0.002129,0.060371
adaptive,400,100,9,fcl,0.223522,0.000000,0.000000,0.323259,0.850964,0.296956,0.062131
adaptive,400,100,9,fcl,0.667526,0.000000,0.000000,0.000000,0.530018,0.004628,0.096871
adaptive,400,100,9,fcl,0.146205,0.103363,0.006166,0.697200,0.915276,0.639929,0.039607
adaptive,400,100,9,fcl,0.738103,0.000000,0.000000,0.000000,0.500702,0.004010,0.093069
adaptive,400,100,9,fcl,-0.058357,0.145673,0.010327,0.937594,0.972711,0.174701,0.119651
adaptive,400,100,9,fcl,-0.256007,0.000000,0.000000,0.398969,0.461061,0.162511,0.083548
adaptive,400,100,9,fcl,0.959055,0.000000,0.000000,0.000000,0.595208,0.000190,0.073672
adaptive,400,100,9,fcl,-0.675443,0.000000,0.000000,0.000000,0.503282,0.094105,0.108203
adaptive,400,100,9,fcl,0.153198,0.019608,0.019415,0.670665,0.909584,0.632579,0.033957
adaptive,400,100,9,fcl,-0.279623,0.000000,0.000000,0.368637,0.385561,0.190755,0.078873
adaptive,400,100,9,fcl,0.747641,0.000000,0.000000,0.000000,0.499001,0.003670,0.091333
adaptive,400,100,9,fcl,0.531315,0.000000,0.000000,0.000000,0.612675,0.000732,0.049222
adaptive,400,100,9,fcl,-0.182885,0.000000,0.000000,0.538657,0.703362,0.107987,0.102527
adaptive,400,100,9,fcl,-0.305736,0.000000,0.000000,0.328664,0.310228,0.212412,0.078883
adaptive,400,100,9,fcl,0.914297,0.000000,0.000000,0.000000,0.571950,-0.002290,0.057780
adaptive,400,100,9,fcl,-0.827070,0.000000,0.000000,0.000000,0.386935,-0.002157,0.072406
adaptive,400,100,9,fcl,-0.841495,0.000000,0.000000,0.000000,0.379595,-0.011619,0.068330
adaptive,400,100,9,fcl,0.120988,0.019608,0.019415,0.790463,0.935519,0.624451,0.063397
adaptive,400,100,9,fcl,0.630776,0.011385,0.004621,0.000000,0.551721,0.003456,0.089838
adaptive,400,100,9,fcl,-0.913366,0.017065,0.007566,0.000000,0.318024,-0.013607,0.090950
adaptive,400,100,9,fcl,0.620851,0.000000,0.000000,0.000000,0.557891,0.003001,0.086339
adaptive,400,100,9,fcl,-0.232021,0.000000,0.000000,0.433427,0.541368,0.136031,0.089645
adaptive,400,100,9,fcl,-0.402297,0.000000,0.000000,0.006153,0.261536,0.157953,0.110398
adaptive,400,100,9,fcl,-0.192263,0.000000,0.000000,0.511558,0.673549,0.110417,0.100092
adaptive,400,100,9,fsb,0.379472,0.004154,0.002073,0.197759,0.777649,0.184542,0.104651
adaptive,400,100,9,fsb,0.141891,0.000000,0.000000,0.454796,0.872473,0.257837,0.111136
adaptive,400,100,9,fsb,-0.645016,0.000000,0.000000,0.007088,0.498692,-0.000593,0.073736
adaptive,400,100,9,fsb,0.473061,0.000000,0.000000,0.235382,0.800643,0.201757,0.100297
adaptive,400,100,9,fsb,-0.770115,0.000000,0.000000,0.000000,0.499901,0.032425,0.097434
adaptive,400,100,9,fsb,0.364456,0.000000,0.000000,0.192430,0.775887,0.184355,0.104686
adaptive,400,100,9,fsb,0.484850,0.000000,0.000000,0.238656,0.804590,0.205266,0.098931
adaptive,400,100,9,fsb,-0.430071,0.003413,0.003407,0.000000,0.499901,0.058334,0.076880
adaptive,400,100,9,fsb,-0.576022,0.000000,0.000000,0.075384,0.498435,-0.000904,0.045387
adaptive,400,100,9,fsb,0.355254,0.000000,0.000000,0.194451,0.775144,0.184666,0.104677
adaptive,400,100,9,fsb,0.609214,0.064382,0.007909,0.262482,0.849166,0.237484,0.067600
adaptive,400,100,9,fsb,-0.856632,0.000000,0.000000,0.000000,0.499523,0.069702,0.096346
adaptive,400,100,9,fsb,-0.984535,0.000000,0.000000,0.085043,0.498399,0.112593,0.088151
adaptive,400,100,9,fsb,0.017609,0.382431,0.008832,0.977483,0.995859,0.279217,0.115847
adaptive,400,100,9,fsb,-0.476596,0.365215,0.008555,0.000000,0.499468,0.032958,0.058476
adaptive,400,100,9,fsb,0.107038,0.000000,0.000000,0.597994,0.911777,0.269584,0.112842
adaptive,400,100,9,fsb,-0.565551,0.000000,0.000000,0.069024,0.498499,0.000614,0.041619
adaptive,400,100,9,fsb,-0.052892,0.019608,0.019415,0.822604,0.964589,0.263833,0.116881
adaptive,400,100,9,fsb,0.604759,0.366176,0.013064,0.263563,0.847732,0.236991,0.069227
adaptive,400,100,9,fsb,-0.678852,0.000000,0.000000,0.000000,0.499027,0.004790,0.083915
adaptive,400,100,9,fsb,0.145456,0.000000,0.000000,0.440884,0.868648,0.256447,0.110949
adaptive,400,100,9,fsb,-0.078655,0.000000,0.000000,0.615385,0.919749,0.253936,0.116980
adaptive,400,100,9,fsb,0.263191,0.000000,0.000000,0.220072,0.786296,0.205342,0.105402
adaptive,400,100,9,fsb,-0.337590,0.000000,0.000000,0.000000,0.500003,0.111253,0.099758
adaptive,400,100,9,fsb,-0.246077,0.000000,0.000000,0.000000,0.531510,0.163714,0.111155
adaptive,400,100,9,fsb,-0.167936,0.000000,0.000000,0.000000,0.683633,0.208734,0.115657
adaptive,400,100,9,fsb,-0.765210,0.000000,0.000000,0.000000,0.499856,0.030536,0.097140
adaptive,400,100,9,fsb,-0.405360,0.105147,0.008318,0.003450,0.500003,0.072436,0.084620
adaptive,400,100,9,fsb,-0.006501,0.647949,0.008758,0.997467,0.999509,0.276115,0.116322
adaptive,400,100,9,fsb,0.774537,0.000000,0.000000,0.030812,0.858214,0.173022,0.074181
adaptive,400,100,9,fsb,0.555986,0.000000,0.000000,0.270024,0.830538,0.226951,0.084972
adaptive,400,100,9,fsb,-0.010021,0.000000,0.000000,0.993428,0.998739,0.275464,0.116380
adaptive,400,100,9,fsb,0.341308,0.000000,0.000000,0.197628,0.774593,0.185768,0.104647
adaptive,400,100,9,fsb,-0.695827,0.000000,0.000000,0.000000,0.499168,0.008575,0.087860
adaptive,400,100,9,fsb,0.460528,0.019608,0.019415,0.230822,0.796635,0.198233,0.101501
adaptive,400,100,9,fsb,-0.790131,0.000000,0.000000,0.000000,0.500003,0.040490,0.098200
adaptive,400,100,9,fsb,0.307979,0.000000,0.000000,0.199122,0.776182,0.191471,0.104676
adaptive,400,100,9,fsb,0.677776,0.000000,0.000000,0.204484,0.865085,0.230794,0.048462
adaptive,400,100,9,fsb,0.500606,0.019608,0.019415,0.244224,0.810099,0.210146,0.096721
adaptive,400,100,9,fsb,0.600093,0.000000,0.000000,0.265642,0.846209,0.236383,0.070910
adaptive,400,100,9,fsb,-0.540807,0.000000,0.000000,0.044172,0.498723,0.006231,0.037415
adaptive,400,100,9,fsb,0.175283,0.590169,0.008786,0.357925,0.839670,0.243854,0.109342
adaptive,400,100,9,fsb,-0.395306,0.000000,0.000000,0.004290,0.500008,0.078205,0.087381
adaptive,400,100,9,fsb,0.977779,0.000000,0.000000,0.000000,0.767776,0.051972,0.104601
adaptive,400,100,9,fsb,0.681102,0.288364,0.008638,0.199758,0.865459,0.229657,0.048358
adaptive,400,100,9,fsb,-0.282175,0.000000,0.000000,0.000000,0.507577,0.142912,0.107590
adaptive,400,100,9,fsb,0.993931,0.019608,0.019415,0.000000,0.761853,0.046967,0.105492
adaptive,400,100,9,fsb,0.490051,0.019608,0.019415,0.239120,0.806382,0.206859,0.098251
adaptive,400,100,9,fsb,0.342216,0.000000,0.000000,0.197236,0.774609,0.185673,0.104649
adaptive,400,100,9,fsb,0.286540,0.184169,0.007673,0.207249,0.779734,0.197309,0.104899
adaptive,400,100,9,fsb,-0.489242,0.171380,0.011031,0.001188,0.499320,0.026642,0.052885
adaptive,400,100,9,fsb,0.698698,0.000000,0.000000,0.173795,0.866908,0.222335,0.049736
adaptive,400,100,9,fsb,-0.337903,0.529524,0.008917,0.000000,0.500000,0.111074,0.099704
adaptive,400,100,9,fsb,0.697356,0.000000,0.000000,0.175784,0.866827,0.222968,0.049523
adaptive,400,100,9,fsb,0.396485,0.000000,0.000000,0.201601,0.780393,0.185752,0.104482
adaptive,400,100,9,fsb,0.037707,0.641458,0.008892,0.918536,0.984117,0.279944,0.115350
adaptive,400,100,9,fsb,-0.792829,0.000000,0.000000,0.000000,0.500004,0.041616,0.098251
adaptive,400,100,9,fsb,0.909884,0.000000,0.000000,0.000000,0.798479,0.081197,0.100418
adaptive,400,100,9,fsb,-0.817207,0.000000,0.000000,0.000000,0.499933,0.052114,0.098195
adaptive,400,100,9,fsb,-0.869567,0.019608,0.019415,0.000000,0.499388,0.075416,0.095366
adaptive,400,100,9,fsb,-0.207335,0.000000,0.000000,0.000000,0.590133,0.186167,0.113879
adaptive,400,100,9,fsb,-0.848490,0.019608,0.019415,0.000000,0.499614,0.066066,0.096882
adaptive,400,100,9,fsb,0.208611,0.000000,0.000000,0.288637,0.813730,0.228673,0.107585
adaptive,400,100,9,fsb,-0.602674,0.000000,0.000000,0.082634,0.498395,-0.002729,0.056804
adaptive,400,100,9,fsb,-0.247035,0.044000,0.007489,0.000000,0.530594,0.163159,0.111074
adaptive,400,100,9,fsb,0.485237,0.019608,0.019415,0.238676,0.804721,0.205384,0.098882
adaptive,400,100,9,fsb,0.086487,0.004000,0.002305,0.695276,0.935688,0.274637,0.113717
adaptive,400,100,9,fsb,0.648682,0.000000,0.000000,0.238680,0.859954,0.237330,0.053810
adaptive,400,100,9,fsb,-0.273854,0.000000,0.000000,0.000000,0.511054,0.147691,0.108508
adaptive,400,100,9,fsb,-0.617041,0.061433,0.014028,0.068558,0.498452,-0.002638,0.062974
adaptive,400,100,9,fsb,-0.007851,0.000000,0.000000,0.995918,0.999214,0.275871,0.116345
adaptive,400,100,9,fsb,0.266679,0.000000,0.000000,0.217916,0.785088,0.204044,0.105308
adaptive,400,100,9,fsb,0.093084,0.000000,0.000000,0.661993,0.928052,0.273184,0.113448
adaptive,400,100,9,fsb,-0.640862,0.000000,0.000000,0.016220,0.498649,-0.001042,0.072267
adaptive,400,100,9,fsb,0.613267,0.000000,0.000000,0.263801,0.850417,0.237854,0.066109
adaptive,400,100,9,fsb,0.160278,0.000000,0.000000,0.400788,0.853682,0.250380,0.110157
adaptive,400,100,9,fsb,-0.974141,0.000000,0.000000,0.069870,0.498449,0.110829,0.088065
adaptive,400,100,9,fsb,-0.210067,0.000000,0.000000,0.000000,0.584958,0.184585,0.113720
adaptive,400,100,9,fsb,-0.597137,0.103363,0.006166,0.083631,0.498385,-0.002574,0.054370
adaptive,400,100,9,fsb,0.268013,0.000000,0.000000,0.216826,0.784692,0.203556,0.105274
adaptive,400,100,9,fsb,-0.986175,0.145673,0.010327,0.086271,0.498394,0.112835,0.088187
adaptive,400,100,9,fsb,-0.883167,0.000000,0.000000,0.000000,0.499267,0.081279,0.094202
adaptive,400,100,9,fsb,-0.160230,0.000000,0.000000,0.020235,0.704680,0.213052,0.115904
adaptive,400,100,9,fsb,0.438092,0.000000,0.000000,0.218912,0.790043,0.192652,0.103084
adaptive,400,100,9,fsb,0.585083,0.019608,0.019415,0.269296,0.841086,0.233847,0.076118
adaptive,400,100,9,fsb,0.170776,0.000000,0.000000,0.371271,0.843781,0.245847,0.109587
adaptive,400,100,9,fsb,-0.968476,0.000000,0.000000,0.058025,0.498486,0.109705,0.088117
adaptive,400,100,9,fsb,-0.107882,0.000000,0.000000,0.356785,0.850675,0.240634,0.116872
adaptive,400,100,9,fsb,-0.932843,0.000000,0.000000,0.000000,0.498830,0.100153,0.089818
adaptive,400,100,9,fsb,0.679860,0.000000,0.000000,0.201593,0.865328,0.230091,0.048383
adaptive,400,100,9,fsb,0.121672,0.000000,0.000000,0.536343,0.894865,0.265093,0.112156
adaptive,400,100,9,fsb,0.842270,0.000000,0.000000,0.000000,0.832275,0.123000,0.091929
adaptive,400,100,9,fsb,-0.087330,0.000000,0.000000,0.538920,0.901065,0.250194,0.116974
adaptive,400,100,9,fsb,-0.690885,0.019608,0.019415,0.000000,0.499128,0.007402,0.086788
adaptive,400,100,9,fsb,-0.482685,0.011385,0.004621,0.000480,0.499397,0.029871,0.055789
adaptive,400,100,9,fsb,-0.365098,0.017065,0.007566,0.000000,0.499926,0.095532,0.094518
adaptive,400,100,9,fsb,-0.249194,0.000000,0.000000,0.000000,0.528610,0.161911,0.110889
adaptive,400,100,9,fsb,0.183096,0.000000,0.000000,0.338460,0.832993,0.240347,0.108918
adaptive,400,100,9,fsb,0.627856,0.000000,0.000000,0.257645,0.854722,0.238507,0.060756
adaptive,400,100,9,fsb,-0.605478,0.000000,0.000000,0.081901,0.498401,-0.002767,0.058029
adaptive,400,100,9,A,-0.315900,0.004154,0.002073,0.977577,0.997100,0.256841,0.117092
adaptive,400,100,9,A,0.598634,0.000000,0.000000,0.939637,0.992229,0.295203,0.115181
adaptive,400,100,9,A,0.779109,0.000000,0.000000,0.896267,0.986522,0.294157,0.115167
adaptive,400,100,9,A,-0.474751,0.000000,0.000000,0.950246,0.993826,0.244784,0.117593
adaptive,400,100,9,A,0.060468,0.000000,0.000000,0.999842,0.999991,0.280361,0.116057
adaptive,400,100,9,A,-0.232666,0.000000,0.000000,0.986823,0.998330,0.262736,0.116844
adaptive,400,100,9,A,-0.734151,0.000000,0.000000,0.888993,0.985884,0.223593,0.118477
adaptive,400,100,9,A,-0.607188,0.003413,0.003407,0.922779,0.990172,0.234131,0.118034
adaptive,400,100,9,A,0.407178,0.000000,0.000000,0.974322,0.996588,0.292908,0.115374
adaptive,400,100,9,A,-0.592326,0.000000,0.000000,0.926103,0.990624,0.235347,0.117984
adaptive,400,100,9,A,0.424538,0.064382,0.007909,0.969800,0.996265,0.293259,0.115350
adaptive,400,100,9,A,-0.077113,0.000000,0.000000,0.997719,0.999730,0.272767,0.116408
adaptive,400,100,9,A,-0.905925,0.000000,0.000000,0.833326,0.978874,0.209113,0.119102
adaptive,400,100,9,A,-0.845011,0.382431,0.008832,0.855974,0.981518,0.214258,0.118877
adaptive,400,100,9,A,-0.467001,0.365215,0.008555,0.952597,0.994014,0.245393,0.117567
adaptive,400,100,9,A,-0.086575,0.000000,0.000000,0.997276,0.999678,0.272198,0.116433
adaptive,400,100,9,A,0.946171,0.000000,0.000000,0.842245,0.979874,0.290454,0.115328
adaptive,400,100,9,A,0.189687,0.019608,0.019415,0.994966,0.999402,0.286218,0.115763
adaptive,400,100,9,A,0.548119,0.366176,0.013064,0.948127,0.993549,0.294936,0.115215
adaptive,400,100,9,A,0.859816,0.000000,0.000000,0.870741,0.983473,0.292689,0.115223
adaptive,400,100,9,A,-0.886394,0.000000,0.000000,0.842660,0.979741,0.210762,0.119029
adaptive,400,100,9,A,0.340083,0.000000,0.000000,0.981187,0.997699,0.291292,0.115477
adaptive,400,100,9,A,-0.273914,0.000000,0.000000,0.982043,0.997762,0.259856,0.116966
adaptive,400,100,9,A,0.368072,0.000000,0.000000,0.977064,0.997262,0.292016,0.115432
adaptive,400,100,9,A,-0.394249,0.000000,0.000000,0.965348,0.995637,0.251012,0.117335
adaptive,400,100,9,A,-0.240604,0.000000,0.000000,0.986614,0.998227,0.262188,0.116867
adaptive,400,100,9,A,-0.035197,0.000000,0.000000,0.999270,0.999907,0.275218,0.116297
adaptive,400,100,9,A,-0.369900,0.105147,0.008318,0.969549,0.996123,0.252850,0.117259
adaptive,400,100,9,A,0.911044,0.647949,0.008758,0.854709,0.981380,0.291445,0.115280
adaptive,400,100,9,A,0.273195,0.000000,0.000000,0.988373,0.998591,0.289278,0.115596
adaptive,400,100,9,A,0.604418,0.000000,0.000000,0.937905,0.992070,0.295218,0.115177
adaptive,400,100,9,A,-0.660485,0.000000,0.000000,0.909411,0.988465,0.229736,0.118218
adaptive,400,100,9,A,0.157033,0.000000,0.000000,0.996521,0.999627,0.284863,0.115833
adaptive,400,100,9,A,0.166566,0.000000,0.000000,0.996507,0.999567,0.285268,0.115812
adaptive,400,100,9,A,0.272112,0.019608,0.019415,0.988465,0.998604,0.289242,0.115598
adaptive,400,100,9,A,0.436267,0.000000,0.000000,0.967889,0.996039,0.293480,0.115334
adaptive,400,100,9,A,0.136432,0.000000,0.000000,0.997898,0.999743,0.283964,0.115879
adaptive,400,100,9,A,-0.840045,0.000000,0.000000,0.856295,0.981727,0.214677,0.118859
adaptive,400,100,9,A,0.448143,0.019608,0.019415,0.964997,0.995803,0.293690,0.115319
adaptive,400,100,9,A,-0.642365,0.000000,0.000000,0.913050,0.989060,0.231236,0.118155
adaptive,400,100,9,A,0.248192,0.000000,0.000000,0.991140,0.998870,0.288424,0.115644
adaptive,400,100,9,A,0.536524,0.590169,0.008786,0.950832,0.993835,0.294840,0.115225
adaptive,400,100,9,A,-0.897736,0.000000,0.000000,0.836849,0.979240,0.209804,0.119071
adaptive,400,100,9,A,0.630046,0.000000,0.000000,0.930994,0.991346,0.295245,0.115165
adaptive,400,100,9,A,0.355370,0.288364,0.008638,0.979607,0.997465,0.291697,0.115452
adaptive,400,100,9,A,0.318987,0.000000,0.000000,0.983845,0.998004,0.290700,0.115513
adaptive,400,100,9,A,0.662826,0.019608,0.019415,0.923400,0.990375,0.295188,0.115155
adaptive,400,100,9,A,0.881400,0.019608,0.019415,0.864490,0.982606,0.292194,0.115245
adaptive,400,100,9,A,0.913693,0.000000,0.000000,0.853858,0.981268,0.291374,0.115283
adaptive,400,100,9,A,-0.451389,0.184169,0.007673,0.956009,0.994384,0.246614,0.117517
adaptive,400,100,9,A,-0.867891,0.171380,0.011031,0.847821,0.980545,0.212325,0.118961
adaptive,400,100,9,A,0.358197,0.000000,0.000000,0.979151,0.997421,0.291769,0.115448
adaptive,400,100,9,A,0.919806,0.529524,0.008917,0.851854,0.981010,0.291208,0.115291
adaptive,400,100,9,A,-0.013103,0.000000,0.000000,0.999625,0.999966,0.276463,0.116240
adaptive,400,100,9,A,-0.573318,0.000000,0.000000,0.931029,0.991186,0.236896,0.117919
adaptive,400,100,9,A,0.008463,0.641458,0.008892,0.999851,1.000000,0.277646,0.116185
adaptive,400,100,9,A,0.403332,0.000000,0.000000,0.974268,0.996657,0.292827,0.115379
adaptive,400,100,9,A,-0.953779,0.000000,0.000000,0.816757,0.976675,0.205075,0.119280
adaptive,400,100,9,A,0.512641,0.000000,0.000000,0.954480,0.994403,0.294603,0.115247
adaptive,400,100,9,A,0.428945,0.019608,0.019415,0.969478,0.996181,0.293343,0.115344
adaptive,400,100,9,A,-0.369941,0.000000,0.000000,0.969538,0.996122,0.252846,0.117259
adaptive,400,100,9,A,-0.304768,0.019608,0.019415,0.978810,0.997284,0.257648,0.117059
adaptive,400,100,9,A,0.056500,0.000000,0.000000,0.999924,0.999997,0.280161,0.116066
adaptive,400,100,9,A,0.284227,0.000000,0.000000,0.986953,0.998459,0.289637,0.115575
adaptive,400,100,9,A,-0.639762,0.044000,0.007489,0.913967,0.989145,0.231451,0.118146
adaptive,400,100,9,A,0.919393,0.019608,0.019415,0.852026,0.981028,0.291219,0.115290
adaptive,400,100,9,A,0.683703,0.004000,0.002305,0.919214,0.989731,0.295098,0.115152
adaptive,400,100,9,A,-0.247224,0.000000,0.000000,0.985930,0.998139,0.261729,0.116887
adaptive,400,100,9,A,-0.131095,0.000000,0.000000,0.994911,0.999377,0.269446,0.116555
adaptive,400,100,9,A,-0.272512,0.061433,0.014028,0.982022,0.997783,0.259955,0.116962
adaptive,400,100,9,A,0.491870,0.000000,0.000000,0.958840,0.994876,0.294352,0.115268
adaptive,400,100,9,A,0.425078,0.000000,0.000000,0.969815,0.996255,0.293269,0.115349
adaptive,400,100,9,A,-0.831970,0.000000,0.000000,0.859844,0.982062,0.215359,0.118830
adaptive,400,100,9,A,-0.169161,0.000000,0.000000,0.992398,0.999043,0.266999,0.116661
adaptive,400,100,9,A,0.544649,0.000000,0.000000,0.948892,0.993635,0.294909,0.115218
adaptive,400,100,9,A,0.910951,0.000000,0.000000,0.854739,0.981384,0.291447,0.115280
adaptive,400,100,9,A,0.067752,0.000000,0.000000,0.999726,0.999980,0.280726,0.116039
adaptive,400,100,9,A,0.691430,0.000000,0.000000,0.916975,0.989487,0.295054,0.115151
adaptive,400,100,9,A,0.235493,0.103363,0.006166,0.991891,0.998999,0.287970,0.115669
adaptive,400,100,9,A,-0.701196,0.000000,0.000000,0.897205,0.987071,0.226350,0.118360
adaptive,400,100,9,A,-0.547328,0.145673,0.010327,0.937193,0.991928,0.239000,0.117832
adaptive,400,100,9,A,0.883823,0.000000,0.000000,0.863752,0.982507,0.292135,0.115248
adaptive,400,100,9,A,0.611997,0.000000,0.000000,0.935698,0.991859,0.295233,0.115174
adaptive,400,100,9,A,-0.025919,0.000000,0.000000,0.999252,0.999935,0.275745,0.116273
adaptive,400,100,9,A,-0.363442,0.019608,0.019415,0.971001,0.996247,0.253333,0.117239
adaptive,400,100,9,A,-0.127690,0.000000,0.000000,0.995172,0.999403,0.269661,0.116546
adaptive,400,100,9,A,-0.616094,0.000000,0.000000,0.919064,0.989896,0.233400,0.118065
adaptive,400,100,9,A,-0.155743,0.000000,0.000000,0.993273,0.999169,0.267871,0.116624
adaptive,400,100,9,A,-0.389015,0.000000,0.000000,0.966130,0.995744,0.251409,0.117318
adaptive,400,100,9,A,-0.788544,0.000000,0.000000,0.872824,0.983815,0.219022,0.118672
adaptive,400,100,9,A,0.642269,0.000000,0.000000,0.927549,0.990990,0.295236,0.115161
adaptive,400,100,9,A,0.757730,0.000000,0.000000,0.900156,0.987279,0.294443,0.115159
adaptive,400,100,9,A,0.457916,0.000000,0.000000,0.964596,0.995604,0.293854,0.115307
adaptive,400,100,9,A,0.119494,0.019608,0.019415,0.998685,0.999822,0.283199,0.115917
adaptive,400,100,9,A,-0.341752,0.011385,0.004621,0.973831,0.996650,0.254945,0.117172
adaptive,400,100,9,A,0.839481,0.017065,0.007566,0.876310,0.984270,0.293116,0.115205
adaptive,400,100,9,A,0.703887,0.000000,0.000000,0.914677,0.989088,0.294972,0.115151
adaptive,400,100,9,A,0.080713,0.000000,0.000000,0.999643,0.999952,0.281364,0.116008
adaptive,400,100,9,A,-0.193751,0.000000,0.000000,0.990171,0.998790,0.265374,0.116731
adaptive,400,100,9,A,-0.698102,0.000000,0.000000,0.897864,0.987180,0.226608,0.118349
fixed,1000,100,21,fcl,0.893366,0.000000,0.000000,0.000000,0.558794,-0.001268,0.021443
fixed,1000,100,21,fcl,0.066608,0.156000,0.011474,0.933665,0.975351,0.373946,0.063792
fixed,1000,100,21,fcl,0.566416,0.000000,0.000000,0.000000,0.591868,-0.032840,0.047325
fixed,1000,100,21,fcl,0.946015,0.000000,0.000000,0.000000,0.589284,0.001999,0.026749
fixed,1000,100,21,fcl,0.269060,0.000000,0.000000,0.063589,0.810855,0.085417,0.052847
fixed,1000,100,21,fcl,0.881195,0.000000,0.000000,0.000000,0.550801,-0.001959,0.023591
fixed,1000,100,21,fcl,-0.803404,0.059000,0.007451,0.000000,0.396679,0.005635,0.053158
fixed,1000,100,21,fcl,0.575238,0.000000,0.000000,0.000000,0.586454,-0.031505,0.047714
fixed,1000,100,21,fcl,-0.683841,0.000000,0.000000,0.000000,0.499939,0.000305,0.056196
fixed,1000,100,21,fcl,0.674116,0.000000,0.000000,0.000000,0.526453,-0.017630,0.053540
fixed,1000,100,21,fcl,0.446781,0.000000,0.000000,0.000000,0.662203,-0.040626,0.043775
fixed,1000,100,21,fcl,0.121205,0.315000,0.014689,0.789798,0.935347,0.303117,0.065464
fixed,1000,100,21,fcl,0.010414,0.000000,0.000000,0.997523,0.999042,0.424293,0.060325
fixed,1000,100,21,fcl,0.421439,0.000000,0.000000,0.000000,0.679377,-0.036253,0.042584
fixed,1000,100,21,fcl,-0.302567,0.277000,0.014152,0.334765,0.318873,0.216420,0.060204
fixed,1000,100,21,fcl,-0.942758,0.071000,0.008122,0.000000,0.284319,0.006307,0.047857
fixed,1000,100,21,fcl,0.236672,0.000000,0.000000,0.245208,0.839596,0.130341,0.057575
fixed,1000,100,21,fcl,0.689127,0.000000,0.000000,0.000000,0.518741,-0.015919,0.053923
fixed,1000,100,21,fcl,0.355153,0.000000,0.000000,0.000000,0.732583,-0.004874,0.042165
fixed,1000,100,21,fcl,-0.609976,0.316000,0.014702,0.000000,0.493690,0.003837,0.059750
fixed,1000,100,21,fcl,0.851725,0.000000,0.000000,0.000000,0.531470,-0.003596,0.031056
fixed,1000,100,21,fcl,-0.604984,0.000000,0.000000,0.000000,0.490544,0.004546,0.059945
fixed,1000,100,21,fcl,-0.552257,0.000000,0.000000,0.000000,0.442392,0.017150,0.061430
fixed,1000,100,21,fcl,0.913443,0.000000,0.000000,0.000000,0.571435,-0.000084,0.020558
fixed,1000,100,21,fcl,-0.624766,0.000000,0.000000,0.000000,0.501058,0.002153,0.059124
fixed,1000,100,21,fcl,0.641491,0.000000,0.000000,0.000000,0.545172,-0.021766,0.051854
fixed,1000,100,21,fcl,-0.730102,0.004000,0.001996,0.000000,0.464216,0.002057,0.054250
fixed,1000,100,21,fcl,0.278095,0.000000,0.000000,0.017702,0.802675,0.073701,0.051451
fixed,1000,100,21,fcl,-0.754903,0.000000,0.000000,0.000000,0.436114,0.003368,0.053630
fixed,1000,100,21,fcl,0.188081,0.000000,0.000000,0.511425,0.880881,0.203041,0.062890
fixed,1000,100,21,fcl,-0.198924,0.000000,0.000000,0.494380,0.651950,0.331958,0.060758
fixed,1000,100,21,fcl,-0.563791,0.000000,0.000000,0.000000,0.454904,0.013526,0.061195
fixed,1000,100,21,fcl,0.758361,0.000000,0.000000,0.000000,0.497971,-0.009516,0.050622
fixed,1000,100,21,fcl,0.476774,0.000000,0.000000,0.000000,0.643870,-0.041984,0.044968
fixed,1000,100,21,fcl,-0.566805,0.043000,0.006415,0.000000,0.458080,0.012663,0.061125
fixed,1000,100,21,fcl,-0.715882,0.000000,0.000000,0.000000,0.478068,0.001369,0.054753
fixed,1000,100,21,fcl,-0.643393,0.089000,0.009004,0.000000,0.506195,0.000827,0.058247
fixed,1000,100,21,fcl,-0.641368,0.416000,0.015587,0.000000,0.505895,0.000933,0.058346
fixed,1000,100,21,fcl,-0.501458,0.000000,0.000000,0.000000,0.380292,0.039623,0.061938
fixed,1000,100,21,fcl,-0.696239,0.000000,0.000000,0.000000,0.493210,0.000609,0.055598
fixed,1000,100,21,fcl,-0.552624,0.410000,0.015553,0.000000,0.442803,0.017027,0.061423
fixed,1000,100,21,fcl,0.836487,0.000000,0.000000,0.000000,0.522137,-0.004450,0.035163
fixed,1000,100,21,fcl,-0.036052,0.720000,0.014199,0.977306,0.990176,0.440579,0.058205
fixed,1000,100,21,fcl,0.077711,0.000000,0.000000,0.909596,0.967986,0.360906,0.064343
fixed,1000,100,21,fcl,0.701760,0.000000,0.000000,0.000000,0.512949,-0.014573,0.053986
fixed,1000,100,21,fcl,0.591026,0.000000,0.000000,0.000000,0.576631,-0.029099,0.048547
fixed,1000,100,21,fcl,-0.056042,0.000000,0.000000,0.942611,0.975089,0.439638,0.057877
fixed,1000,100,21,fcl,0.359878,0.000000,0.000000,0.000000,0.728456,-0.008226,0.041930
fixed,1000,100,21,fcl,-0.266166,0.000000,0.000000,0.382608,0.427911,0.256906,0.060529
fixed,1000,100,21,fcl,0.993766,0.000000,0.000000,0.000000,0.606576,0.005465,0.042173
fixed,1000,100,21,fcl,0.112344,0.000000,0.000000,0.817109,0.942317,0.315597,0.065393
fixed,1000,100,21,fcl,-0.037314,0.000000,0.000000,0.975327,0.989361,0.440660,0.058173
fixed,1000,100,21,fcl,-0.008977,0.000000,0.000000,0.997898,0.999289,0.434191,0.059247
fixed,1000,100,21,fcl,-0.749020,0.000000,0.000000,0.000000,0.443001,0.003054,0.053748
fixed,1000,100,21,fcl,0.677613,0.000000,0.000000,0.000000,0.524572,-0.017221,0.053657
fixed,1000,100,21,fcl,0.331030,0.000000,0.000000,0.000000,0.754209,0.015040,0.044121
fixed,1000,100,21,fcl,0.676421,0.000000,0.000000,0.000000,0.525213,-0.017360,0.053619
fixed,1000,100,21,fcl,-0.208787,0.232000,0.013348,0.472666,0.619418,0.321145,0.060821
fixed,1000,100,21,fcl,0.961128,0.000000,0.000000,0.000000,0.596056,0.003044,0.031404
fixed,1000,100,21,fcl,0.185428,0.269000,0.014023,0.525071,0.883088,0.207090,0.063100
fixed,1000,100,21,fcl,0.048119,0.191000,0.012431,0.963462,0.986041,0.393642,0.062718
fixed,1000,100,21,fcl,0.074724,0.000000,0.000000,0.916269,0.970042,0.364496,0.064203
fixed,1000,100,21,fcl,-0.739261,0.000000,0.000000,0.000000,0.454245,0.002533,0.053982
fixed,1000,100,21,fcl,-0.431741,0.000000,0.000000,0.000000,0.293609,0.088047,0.061483
fixed,1000,100,21,fcl,0.794377,0.000000,0.000000,0.000000,0.502737,-0.006982,0.044982
fixed,1000,100,21,fcl,0.071060,0.000000,0.000000,0.924122,0.972439,0.368818,0.064023
fixed,1000,100,21,fcl,0.577215,0.000000,0.000000,0.000000,0.585237,-0.031204,0.047809
fixed,1000,100,21,fcl,-0.497437,0.000000,0.000000,0.000000,0.375146,0.041871,0.061945
fixed,1000,100,21,fcl,0.478401,0.000000,0.000000,0.000000,0.642920,-0.041963,0.045020
fixed,1000,100,21,fcl,0.425825,0.000000,0.000000,0.000000,0.676261,-0.037262,0.042786
fixed,1000,100,21,fcl,-0.210053,0.000000,0.000000,0.470362,0.615193,0.319747,0.060826
fixed,1000,100,21,fcl,-0.968176,0.000000,0.000000,0.000000,0.254371,0.006228,0.046754
fixed,1000,100,21,fcl,-0.204735,0.000000,0.000000,0.480725,0.632871,0.325605,0.060800
fixed,1000,100,21,fcl,0.202706,0.494000,0.015810,0.435991,0.868648,0.180790,0.061574
fixed,1000,100,21,fcl,0.855533,0.000000,0.000000,0.000000,0.533915,-0.003385,0.030021
fixed,1000,100,21,fcl,0.269632,0.000000,0.000000,0.060288,0.810338,0.084663,0.052759
fixed,1000,100,21,fcl,0.214860,0.000000,0.000000,0.368286,0.858370,0.162477,0.060285
fixed,1000,100,21,fcl,0.524073,0.022000,0.004639,0.000000,0.616839,-0.038649,0.046109
fixed,1000,100,21,fcl,-0.046915,0.126000,0.010494,0.959785,0.982843,0.440656,0.057979
fixed,1000,100,21,fcl,-0.867865,0.000000,0.000000,0.000000,0.361703,0.006864,0.052036
fixed,1000,100,21,fcl,0.632744,0.000000,0.000000,0.000000,0.550511,-0.022967,0.051281
fixed,1000,100,21,fcl,0.884287,0.000000,0.000000,0.000000,0.552844,-0.001785,0.022961
fixed,1000,100,21,fcl,0.589562,0.000000,0.000000,0.000000,0.577549,-0.029321,0.048463
fixed,1000,100,21,fcl,-0.721898,0.223000,0.013163,0.000000,0.472451,0.001649,0.054528
fixed,1000,100,21,fcl,0.263127,0.000000,0.000000,0.095927,0.816191,0.093325,0.053754
fixed,1000,100,21,fcl,0.490793,0.000000,0.000000,0.000000,0.635771,-0.041547,0.045378
fixed,1000,100,21,fcl,0.307604,0.000000,0.000000,0.000000,0.775655,0.038674,0.047032
fixed,1000,100,21,fcl,0.299438,0.000000,0.000000,0.000000,0.783159,0.047824,0.048204
fixed,1000,100,21,fcl,-0.485736,0.000000,0.000000,0.000000,0.360144,0.048805,0.061940
fixed,1000,100,21,fcl,0.743593,0.000000,0.000000,0.000000,0.499703,-0.010694,0.052128
fixed,1000,100,21,fcl,-0.107116,0.263000,0.013922,0.799699,0.900950,0.417458,0.058553
fixed,1000,100,21,fcl,-0.393119,0.000000,0.000000,0.030236,0.252638,0.122480,0.060870
fixed,1000,100,21,fcl,-0.796477,0.000000,0.000000,0.000000,0.399760,0.005368,0.053197
fixed,1000,100,21,fcl,0.731131,0.000000,0.000000,0.000000,0.502449,-0.011762,0.053041
fixed,1000,100,21,fcl,-0.399790,0.000000,0.000000,0.009408,0.259016,0.116214,0.060981
fixed,1000,100,21,fcl,0.406253,0.000000,0.000000,0.000000,0.690505,-0.031848,0.041960
fixed,1000,100,21,fcl,-0.322640,0.183000,0.012227,0.290459,0.269957,0.194542,0.060147
fixed,1000,100,21,fcl,-0.998192,0.000000,0.000000,0.000000,0.221249,0.006575,0.046889
fixed,1000,100,21,fcl,0.352054,0.000000,0.000000,0.000000,0.735325,-0.002578,0.042346
fixed,1000,100,21,fcl,0.096195,0.134000,0.010772,0.865638,0.954695,0.337495,0.065046
fixed,1000,100,21,fsb,0.231722,0.000000,0.000000,0.251966,0.799905,0.320102,0.049706
fixed,1000,100,21,fsb,0.364652,0.156000,0.011474,0.192382,0.775904,0.118416,0.042746
fixed,1000,100,21,fsb,0.966290,0.000000,0.000000,0.000000,0.772374,0.001833,0.059938
fixed,1000,100,21,fsb,0.788697,0.000000,0.000000,0.004053,0.854027,0.041367,0.047845
fixed,1000,100,21,fsb,-0.707840,0.000000,0.000000,0.000000,0.499266,-0.001348,0.056469
fixed,1000,100,21,fsb,-0.064230,0.000000,0.000000,0.741844,0.947116,0.219769,0.068864
fixed,1000,100,21,fsb,0.099360,0.059000,0.007451,0.632075,0.920743,0.577924,0.048315
fixed,1000,100,21,fsb,-0.012756,0.000000,0.000000,0.990291,0.998141,0.386808,0.063011
fixed,1000,100,21,fsb,-0.138944,0.000000,0.000000,0.125205,0.764708,0.066156,0.066527
fixed,1000,100,21,fsb,0.542600,0.000000,0.000000,0.266917,0.825549,0.023376,0.076211
fixed,1000,100,21,fsb,0.567650,0.000000,0.000000,0.271643,0.834841,0.023313,0.072514
fixed,1000,100,21,fsb,0.265904,0.315000,0.014689,0.218455,0.785342,0.246549,0.040312
fixed,1000,100,21,fsb,-0.909280,0.000000,0.000000,0.000000,0.499053,0.001250,0.029171
fixed,1000,100,21,fsb,-0.972313,0.000000,0.000000,0.066156,0.498460,0.009741,0.056451
fixed,1000,100,21,fsb,-0.350839,0.277000,0.014152,0.000000,0.499907,0.076018,0.071450
fixed,1000,100,21,fsb,-0.206740,0.071000,0.008122,0.000000,0.591261,0.044396,0.069166
fixed,1000,100,21,fsb,0.372254,0.000000,0.000000,0.194816,0.776728,0.112246,0.045084
fixed,1000,100,21,fsb,-0.683667,0.000000,0.000000,0.000000,0.499068,-0.000956,0.061111
fixed,1000,100,21,fsb,0.044727,0.000000,0.000000,0.892184,0.978634,0.558444,0.045429
fixed,1000,100,21,fsb,-0.357252,0.316000,0.014702,0.000000,0.499903,0.074183,0.070992
fixed,1000,100,21,fsb,0.362466,0.000000,0.000000,0.192915,0.775716,0.120191,0.042119
fixed,1000,100,21,fsb,-0.207177,0.000000,0.000000,0.000000,0.590432,0.044513,0.069189
fixed,1000,100,21,fsb,-0.777514,0.000000,0.000000,0.000000,0.499954,-0.001679,0.041993
fixed,1000,100,21,fsb,0.026221,0.000000,0.000000,0.956482,0.991749,0.512743,0.051219
fixed,1000,100,21,fsb,-0.812080,0.000000,0.000000,0.000000,0.499963,-0.001612,0.039562
fixed,1000,100,21,fsb,0.975571,0.000000,0.000000,0.000000,0.768644,0.005279,0.063515
fixed,1000,100,21,fsb,0.414572,0.004000,0.001996,0.209115,0.784142,0.078147,0.060419
fixed,1000,100,21,fsb,-0.823889,0.000000,0.000000,0.000000,0.499878,-0.001550,0.039977
fixed,1000,100,21,fsb,0.620962,0.000000,0.000000,0.263099,0.852734,0.036700,0.061580
fixed,1000,100,21,fsb,0.673329,0.000000,0.000000,0.209710,0.864452,0.066671,0.054392
fixed,1000,100,21,fsb,-0.141396,0.000000,0.000000,0.110996,0.757722,0.063558,0.066516
fixed,1000,100,21,fsb,0.137051,0.000000,0.000000,0.473684,0.877667,0.520371,0.055483
fixed,1000,100,21,fsb,0.938911,0.000000,0.000000,0.000000,0.784405,-0.009341,0.049758
fixed,1000,100,21,fsb,0.781524,0.000000,0.000000,0.015708,0.856232,0.050839,0.048454
fixed,1000,100,21,fsb,0.254113,0.043000,0.006415,0.228063,0.789612,0.271200,0.043755
fixed,1000,100,21,fsb,0.600773,0.000000,0.000000,0.265339,0.846431,0.029318,0.065795
fixed,1000,100,21,fsb,-0.235920,0.089000,0.009004,0.000000,0.543286,0.055379,0.070444
fixed,1000,100,21,fsb,-0.459754,0.416000,0.015587,0.000000,0.499650,0.022538,0.049644
fixed,1000,100,21,fsb,0.072953,0.000000,0.000000,0.760425,0.950856,0.590699,0.043058
fixed,1000,100,21,fsb,0.842533,0.000000,0.000000,0.000000,0.832150,-0.021056,0.040223
fixed,1000,100,21,fsb,-0.512026,0.410000,0.015553,0.016198,0.499049,0.006084,0.054289
fixed,1000,100,21,fsb,0.829296,0.000000,0.000000,0.000000,0.838233,-0.010112,0.041976
fixed,1000,100,21,fsb,0.061489,0.720000,0.014199,0.818045,0.962913,0.583939,0.042712
fixed,1000,100,21,fsb,0.651852,0.000000,0.000000,0.236163,0.860616,0.053097,0.056538
fixed,1000,100,21,fsb,-0.678246,0.000000,0.000000,0.000000,0.499021,-0.000843,0.062129
fixed,1000,100,21,fsb,-0.271940,0.000000,0.000000,0.000000,0.512057,0.070905,0.071465
fixed,1000,100,21,fsb,0.921114,0.000000,0.000000,0.000000,0.792919,-0.016977,0.044540
fixed,1000,100,21,fsb,-0.357302,0.000000,0.000000,0.000000,0.499903,0.074168,0.070988
fixed,1000,100,21,fsb,0.877244,0.000000,0.000000,0.000000,0.815038,-0.030244,0.038977
fixed,1000,100,21,fsb,0.941117,0.000000,0.000000,0.000000,0.783388,-0.008399,0.050509
fixed,1000,100,21,fsb,-0.826338,0.000000,0.000000,0.000000,0.499856,-0.001534,0.040076
fixed,1000,100,21,fsb,-0.477772,0.000000,0.000000,0.000035,0.499454,0.014900,0.048293
fixed,1000,100,21,fsb,-0.913022,0.000000,0.000000,0.000000,0.499020,0.001584,0.029291
fixed,1000,100,21,fsb,-0.014645,0.000000,0.000000,0.988124,0.997728,0.380346,0.063436
fixed,1000,100,21,fsb,-0.392051,0.000000,0.000000,0.002622,0.500005,0.059618,0.066233
fixed,1000,100,21,fsb,0.766590,0.000000,0.000000,0.048228,0.860263,0.068217,0.049285
fixed,1000,100,21,fsb,0.628187,0.000000,0.000000,0.257377,0.854817,0.040026,0.060203
fixed,1000,100,21,fsb,-0.276834,0.232000,0.013348,0.000000,0.509563,0.072643,0.071585
fixed,1000,100,21,fsb,-0.103861,0.000000,0.000000,0.390181,0.861108,0.120971,0.067707
fixed,1000,100,21,fsb,0.181245,0.269000,0.014023,0.342999,0.834566,0.430999,0.056805
fixed,1000,100,21,fsb,0.752693,0.191000,0.012431,0.074026,0.863194,0.080103,0.049802
fixed,1000,100,21,fsb,-0.796831,0.000000,0.000000,0.000000,0.500006,-0.001659,0.039773
fixed,1000,100,21,fsb,0.811710,0.000000,0.000000,0.000000,0.845643,0.010133,0.044811
fixed,1000,100,21,fsb,-0.782738,0.000000,0.000000,0.000000,0.499979,-0.001677,0.041183
fixed,1000,100,21,fsb,0.907678,0.000000,0.000000,0.000000,0.799589,-0.022414,0.041791
fixed,1000,100,21,fsb,0.835703,0.000000,0.000000,0.000000,0.835320,-0.015933,0.041055
fixed,1000,100,21,fsb,-0.871067,0.000000,0.000000,0.000000,0.499375,-0.000840,0.037190
fixed,1000,100,21,fsb,0.556206,0.000000,0.000000,0.270115,0.830620,0.022882,0.074407
fixed,1000,100,21,fsb,0.791877,0.000000,0.000000,0.002585,0.852945,0.037039,0.047521
fixed,1000,100,21,fsb,-0.185008,0.000000,0.000000,0.000000,0.639671,0.041712,0.067958
fixed,1000,100,21,fsb,0.900283,0.000000,0.000000,0.000000,0.803317,-0.025072,0.040718
fixed,1000,100,21,fsb,-0.751757,0.000000,0.000000,0.000000,0.499714,-0.001646,0.047263
fixed,1000,100,21,fsb,-0.705380,0.000000,0.000000,0.000000,0.499246,-0.001316,0.056949
fixed,1000,100,21,fsb,0.192125,0.494000,0.015810,0.319989,0.825712,0.407528,0.056053
fixed,1000,100,21,fsb,0.225988,0.000000,0.000000,0.255938,0.802951,0.332819,0.050986
fixed,1000,100,21,fsb,-0.111775,0.000000,0.000000,0.325502,0.840335,0.105740,0.067325
fixed,1000,100,21,fsb,0.640604,0.000000,0.000000,0.245838,0.858042,0.046514,0.058103
fixed,1000,100,21,fsb,-0.891448,0.022000,0.004639,0.000000,0.499199,0.000005,0.032025
fixed,1000,100,21,fsb,0.300336,0.126000,0.010494,0.203481,0.777239,0.184685,0.033219
fixed,1000,100,21,fsb,0.197295,0.000000,0.000000,0.310260,0.821731,0.396253,0.055552
fixed,1000,100,21,fsb,0.637917,0.000000,0.000000,0.248247,0.857394,0.045033,0.058525
fixed,1000,100,21,fsb,0.772259,0.000000,0.000000,0.036471,0.858827,0.062091,0.049025
fixed,1000,100,21,fsb,0.612323,0.000000,0.000000,0.263494,0.850126,0.033190,0.063338
fixed,1000,100,21,fsb,-0.486516,0.223000,0.013163,0.000827,0.499353,0.011947,0.048872
fixed,1000,100,21,fsb,0.374057,0.000000,0.000000,0.195803,0.776939,0.110778,0.045673
fixed,1000,100,21,fsb,-0.668271,0.000000,0.000000,0.000000,0.498929,-0.000615,0.063957
fixed,1000,100,21,fsb,0.788103,0.000000,0.000000,0.005017,0.854209,0.042168,0.047902
fixed,1000,100,21,fsb,-0.281183,0.000000,0.000000,0.000000,0.507946,0.074062,0.071690
fixed,1000,100,21,fsb,-0.654355,0.000000,0.000000,0.000000,0.498788,-0.000261,0.066342
fixed,1000,100,21,fsb,0.503391,0.000000,0.000000,0.247943,0.811097,0.030529,0.078052
fixed,1000,100,21,fsb,0.182454,0.263000,0.013922,0.340036,0.833539,0.428411,0.056742
fixed,1000,100,21,fsb,0.355506,0.000000,0.000000,0.194426,0.775158,0.125867,0.040262
fixed,1000,100,21,fsb,0.154141,0.000000,0.000000,0.417237,0.859730,0.487328,0.056881
fixed,1000,100,21,fsb,-0.164366,0.000000,0.000000,0.005288,0.693263,0.046668,0.066953
fixed,1000,100,21,fsb,-0.739980,0.000000,0.000000,0.000000,0.499581,-0.001605,0.049864
fixed,1000,100,21,fsb,-0.234922,0.000000,0.000000,0.000000,0.544683,0.054935,0.070409
fixed,1000,100,21,fsb,-0.030580,0.183000,0.012227,0.941306,0.988656,0.326199,0.066354
fixed,1000,100,21,fsb,0.052604,0.000000,0.000000,0.858686,0.971566,0.572641,0.043713
fixed,1000,100,21,fsb,-0.860729,0.000000,0.000000,0.000000,0.499478,-0.001100,0.039023
fixed,1000,100,21,fsb,0.837102,0.134000,0.010772,0.000000,0.834683,-0.017076,0.040871
fixed,1000,100,21,A,-0.784642,0.000000,0.000000,0.872669,0.983967,0.361957,0.068054
fixed,1000,100,21,A,-0.333931,0.156000,0.011474,0.974747,0.996789,0.421691,0.059735
fixed,1000,100,21,A,-0.339900,0.000000,0.000000,0.974211,0.996683,0.421211,0.059797
fixed,1000,100,21,A,-0.236470,0.000000,0.000000,0.986947,0.998281,0.427960,0.059024
fixed,1000,100,21,A,-0.324155,0.000000,0.000000,0.975177,0.996960,0.422454,0.059639
fixed,1000,100,21,A,-0.150558,0.000000,0.000000,0.993722,0.999215,0.430918,0.058878
fixed,1000,100,21,A,0.990573,0.059000,0.007451,0.825770,0.977889,0.307346,0.078883
fixed,1000,100,21,A,0.599951,0.000000,0.000000,0.939243,0.992193,0.368656,0.071101
fixed,1000,100,21,A,-0.358932,0.000000,0.000000,0.971800,0.996333,0.419610,0.060005
fixed,1000,100,21,A,0.572904,0.000000,0.000000,0.944007,0.992916,0.372673,0.070511
fixed,1000,100,21,A,0.724723,0.000000,0.000000,0.907870,0.988404,0.349510,0.073753
fixed,1000,100,21,A,-0.111713,0.315000,0.014689,0.995985,0.999520,0.431442,0.058964
fixed,1000,100,21,A,0.629223,0.000000,0.000000,0.931295,0.991370,0.364247,0.071733
fixed,1000,100,21,A,0.517489,0.000000,0.000000,0.953863,0.994291,0.380698,0.069295
fixed,1000,100,21,A,-0.572608,0.277000,0.014152,0.931116,0.991207,0.395051,0.063446
fixed,1000,100,21,A,0.446502,0.071000,0.008122,0.965224,0.995836,0.390493,0.067730
fixed,1000,100,21,A,-0.696646,0.000000,0.000000,0.898326,0.987230,0.376441,0.066068
fixed,1000,100,21,A,0.558408,0.000000,0.000000,0.946279,0.993290,0.374800,0.070194
fixed,1000,100,21,A,-0.239542,0.000000,0.000000,0.986699,0.998241,0.427809,0.059038
fixed,1000,100,21,A,0.043766,0.316000,0.014702,0.999912,1.000009,0.428536,0.060205
fixed,1000,100,21,A,0.118125,0.000000,0.000000,0.998722,0.999828,0.424475,0.061239
fixed,1000,100,21,A,-0.729175,0.000000,0.000000,0.889270,0.986067,0.371188,0.066795
fixed,1000,100,21,A,-0.563831,0.000000,0.000000,0.932362,0.991460,0.396266,0.063273
fixed,1000,100,21,A,0.094919,0.000000,0.000000,0.999374,0.999914,0.425916,0.060890
fixed,1000,100,21,A,-0.074696,0.000000,0.000000,0.997807,0.999743,0.431469,0.059133
fixed,1000,100,21,A,-0.905932,0.000000,0.000000,0.833323,0.978874,0.340905,0.070840
fixed,1000,100,21,A,-0.399825,0.004000,0.001996,0.964084,0.995521,0.415814,0.060514
fixed,1000,100,21,A,-0.679045,0.000000,0.000000,0.902566,0.987840,0.379226,0.065680
fixed,1000,100,21,A,0.047215,0.000000,0.000000,0.999910,1.000006,0.428384,0.060247
fixed,1000,100,21,A,-0.093635,0.000000,0.000000,0.996946,0.999637,0.431513,0.059036
fixed,1000,100,21,A,0.139681,0.000000,0.000000,0.997846,0.999726,0.423002,0.061582
fixed,1000,100,21,A,-0.936670,0.000000,0.000000,0.821741,0.977473,0.335447,0.071542
fixed,1000,100,21,A,-0.856406,0.000000,0.000000,0.852024,0.981037,0.349613,0.069703
fixed,1000,100,21,A,0.453189,0.000000,0.000000,0.964811,0.995700,0.389597,0.067877
fixed,1000,100,21,A,-0.586873,0.043000,0.006415,0.928950,0.990787,0.393044,0.063731
fixed,1000,100,21,A,-0.083758,0.000000,0.000000,0.997408,0.999694,0.431505,0.059084
fixed,1000,100,21,A,-0.970414,0.089000,0.009004,0.811267,0.975887,0.329423,0.072308
fixed,1000,100,21,A,-0.274104,0.416000,0.015587,0.982046,0.997759,0.425897,0.059233
fixed,1000,100,21,A,0.800135,0.000000,0.000000,0.885935,0.985757,0.337619,0.075287
fixed,1000,100,21,A,-0.022585,0.000000,0.000000,0.999336,0.999943,0.430736,0.059509
fixed,1000,100,21,A,-0.462741,0.410000,0.015553,0.953326,0.994116,0.409083,0.061451
fixed,1000,100,21,A,-0.341517,0.000000,0.000000,0.973879,0.996654,0.421079,0.059814
fixed,1000,100,21,A,-0.155924,0.720000,0.014199,0.993262,0.999167,0.430806,0.058874
fixed,1000,100,21,A,-0.745966,0.000000,0.000000,0.886634,0.985447,0.368428,0.067174
fixed,1000,100,21,A,0.395777,0.000000,0.000000,0.974265,0.996792,0.397085,0.066620
fixed,1000,100,21,A,-0.775603,0.000000,0.000000,0.874605,0.984320,0.363482,0.067848
fixed,1000,100,21,A,-0.534894,0.000000,0.000000,0.938537,0.992271,0.400164,0.062717
fixed,1000,100,21,A,-0.507930,0.000000,0.000000,0.942148,0.992990,0.403637,0.062223
fixed,1000,100,21,A,0.387322,0.000000,0.000000,0.975704,0.996940,0.398146,0.066437
fixed,1000,100,21,A,0.868720,0.000000,0.000000,0.866994,0.983118,0.326713,0.076629
fixed,1000,100,21,A,0.761396,0.000000,0.000000,0.898772,0.987150,0.343747,0.074506
fixed,1000,100,21,A,0.513799,0.000000,0.000000,0.954333,0.994377,0.381222,0.069213
fixed,1000,100,21,A,0.378630,0.000000,0.000000,0.976390,0.997087,0.399225,0.066249
fixed,1000,100,21,A,-0.780566,0.000000,0.000000,0.872507,0.984127,0.362646,0.067961
fixed,1000,100,21,A,-0.160484,0.000000,0.000000,0.992998,0.999125,0.430703,0.058871
fixed,1000,100,21,A,0.626881,0.000000,0.000000,0.931976,0.991438,0.364602,0.071683
fixed,1000,100,21,A,0.532918,0.000000,0.000000,0.952016,0.993922,0.378494,0.069634
fixed,1000,100,21,A,-0.585155,0.232000,0.013348,0.929241,0.990838,0.393287,0.063697
fixed,1000,100,21,A,0.758592,0.000000,0.000000,0.900175,0.987249,0.344189,0.074449
fixed,1000,100,21,A,-0.774178,0.269000,0.014023,0.875542,0.984375,0.363722,0.067815
fixed,1000,100,21,A,0.506794,0.191000,0.012431,0.955254,0.994539,0.382212,0.069059
fixed,1000,100,21,A,-0.412659,0.000000,0.000000,0.961820,0.995250,0.414526,0.060691
fixed,1000,100,21,A,-0.828453,0.000000,0.000000,0.861318,0.982207,0.354466,0.069060
fixed,1000,100,21,A,0.708061,0.000000,0.000000,0.913622,0.988953,0.352113,0.073406
fixed,1000,100,21,A,-0.641989,0.000000,0.000000,0.913182,0.989073,0.384946,0.064878
fixed,1000,100,21,A,0.469137,0.000000,0.000000,0.963313,0.995369,0.387437,0.068229
fixed,1000,100,21,A,0.061111,0.000000,0.000000,0.999828,0.999991,0.427735,0.060424
fixed,1000,100,21,A,0.090969,0.000000,0.000000,0.999472,0.999925,0.426146,0.060833
fixed,1000,100,21,A,0.010091,0.000000,0.000000,0.999870,1.000002,0.429827,0.059822
fixed,1000,100,21,A,-0.977743,0.000000,0.000000,0.807731,0.975535,0.328112,0.072473
fixed,1000,100,21,A,0.145742,0.000000,0.000000,0.997748,0.999694,0.422565,0.061682
fixed,1000,100,21,A,-0.595934,0.000000,0.000000,0.923910,0.990515,0.391749,0.063915
fixed,1000,100,21,A,-0.061325,0.000000,0.000000,0.998153,0.999806,0.431367,0.059214
fixed,1000,100,21,A,0.404243,0.494000,0.015810,0.974298,0.996641,0.396011,0.066804
fixed,1000,100,21,A,0.717670,0.000000,0.000000,0.910603,0.988638,0.350613,0.073606
fixed,1000,100,21,A,-0.972835,0.000000,0.000000,0.810099,0.975770,0.328990,0.072362
fixed,1000,100,21,A,0.741245,0.000000,0.000000,0.904233,0.987847,0.346919,0.074094
fixed,1000,100,21,A,0.917605,0.022000,0.004639,0.852601,0.981103,0.318928,0.077554
fixed,1000,100,21,A,0.234842,0.126000,0.010494,0.991968,0.999006,0.415051,0.063284
fixed,1000,100,21,A,0.380091,0.000000,0.000000,0.976281,0.997063,0.399045,0.066280
fixed,1000,100,21,A,0.697147,0.000000,0.000000,0.916218,0.989305,0.353811,0.073178
fixed,1000,100,21,A,-0.082366,0.000000,0.000000,0.997473,0.999702,0.431501,0.059091
fixed,1000,100,21,A,0.205499,0.000000,0.000000,0.993797,0.999275,0.417743,0.062731
fixed,1000,100,21,A,-0.122021,0.223000,0.013163,0.995524,0.999446,0.431352,0.058932
fixed,1000,100,21,A,-0.988297,0.000000,0.000000,0.806941,0.975024,0.326222,0.072711
fixed,1000,100,21,A,0.151586,0.000000,0.000000,0.997033,0.999660,0.422134,0.061779
fixed,1000,100,21,A,0.058314,0.000000,0.000000,0.999887,0.999994,0.427870,0.060387
fixed,1000,100,21,A,-0.322801,0.000000,0.000000,0.975591,0.996983,0.422557,0.059626
fixed,1000,100,21,A,-0.346176,0.000000,0.000000,0.972924,0.996570,0.420695,0.059863
fixed,1000,100,21,A,0.464442,0.000000,0.000000,0.963927,0.995468,0.388076,0.068125
fixed,1000,100,21,A,0.940533,0.263000,0.013922,0.843861,0.980120,0.315281,0.077978
fixed,1000,100,21,A,0.602183,0.000000,0.000000,0.938574,0.992131,0.368322,0.071149
fixed,1000,100,21,A,0.487482,0.000000,0.000000,0.960434,0.994974,0.384912,0.068633
fixed,1000,100,21,A,-0.201724,0.000000,0.000000,0.989777,0.998701,0.429453,0.058909
fixed,1000,100,21,A,-0.355844,0.000000,0.000000,0.972239,0.996391,0.419877,0.059970
fixed,1000,100,21,A,0.698034,0.000000,0.000000,0.916101,0.989276,0.353674,0.073196
fixed,1000,100,21,A,0.684277,0.183000,0.012227,0.918991,0.989713,0.355808,0.072907
fixed,1000,100,21,A,0.178718,0.000000,0.000000,0.995921,0.999483,0.420017,0.062246
fixed,1000,100,21,A,-0.964716,0.000000,0.000000,0.812684,0.976158,0.330442,0.072179
fixed,1000,100,21,A,0.930199,0.134000,0.010772,0.846690,0.980566,0.316924,0.077788
adaptive,1000,100,21,fcl,0.893366,0.000000,0.000000,0.000000,0.558794,-0.001673,0.023835
adaptive,1000,100,21,fcl,0.066608,0.155831,0.005253,0.933665,0.975351,0.480854,0.068861
adaptive,1000,100,21,fcl,0.566416,0.000000,0.000000,0.000000,0.591868,-0.034034,0.055302
adaptive,1000,100,21,fcl,0.946015,0.000000,0.000000,0.000000,0.589284,0.003081,0.031155
adaptive,1000,100,21,fcl,0.269060,0.019231,0.019045,0.063589,0.810855,0.113022,0.061214
adaptive,1000,100,21,fcl,0.881195,0.000000,0.000000,0.000000,0.550801,-0.002613,0.026832
adaptive,1000,100,21,fcl,-0.803404,0.073826,0.003787,0.000000,0.396679,0.010247,0.061432
adaptive,1000,100,21,fcl,0.575238,0.000000,0.000000,0.000000,0.586454,-0.032655,0.055731
adaptive,1000,100,21,fcl,-0.683841,0.000000,0.000000,0.000000,0.499939,0.003802,0.064665
adaptive,1000,100,21,fcl,0.674116,0.000000,0.000000,0.000000,0.526453,-0.018676,0.063891
adaptive,1000,100,21,fcl,0.446781,0.000000,0.000000,0.000000,0.662203,-0.041662,0.051617
adaptive,1000,100,21,fcl,0.121205,0.310748,0.006204,0.789798,0.935347,0.388822,0.073856
adaptive,1000,100,21,fcl,0.010414,0.038462,0.026668,0.997523,0.999042,0.544742,0.060982
adaptive,1000,100,21,fcl,0.421439,0.019231,0.019045,0.000000,0.679377,-0.036414,0.049652
adaptive,1000,100,21,fcl,-0.302567,0.294437,0.007699,0.334765,0.318873,0.209191,0.065110
adaptive,1000,100,21,fcl,-0.942758,0.038858,0.003848,0.000000,0.284319,0.004511,0.054808
adaptive,1000,100,21,fcl,0.236672,0.000000,0.000000,0.245208,0.839596,0.169083,0.066992
adaptive,1000,100,21,fcl,0.689127,0.019231,0.019045,0.000000,0.518741,-0.017008,0.064592
adaptive,1000,100,21,fcl,0.355153,0.000000,0.000000,0.000000,0.732583,0.001486,0.047640
adaptive,1000,100,21,fcl,-0.609976,0.296215,0.005935,0.000000,0.493690,0.002416,0.069152
adaptive,1000,100,21,fcl,0.851725,0.000000,0.000000,0.000000,0.531470,-0.004691,0.036820
adaptive,1000,100,21,fcl,-0.604984,0.009740,0.002115,0.000000,0.490544,0.002683,0.069373
adaptive,1000,100,21,fcl,-0.552257,0.000000,0.000000,0.000000,0.442392,0.009993,0.070824
adaptive,1000,100,21,fcl,0.913443,0.000000,0.000000,0.000000,0.571435,0.000007,0.022588
adaptive,1000,100,21,fcl,-0.624766,0.000000,0.000000,0.000000,0.501058,0.001966,0.068416
adaptive,1000,100,21,fcl,0.641491,0.000000,0.000000,0.000000,0.545172,-0.022763,0.061305
adaptive,1000,100,21,fcl,-0.730102,0.019231,0.019045,0.000000,0.464216,0.006965,0.062125
adaptive,1000,100,21,fcl,0.278095,0.000000,0.000000,0.017702,0.802675,0.098456,0.059452
adaptive,1000,100,21,fcl,-0.754903,0.000000,0.000000,0.000000,0.436114,0.008510,0.061446
adaptive,1000,100,21,fcl,0.188081,0.000000,0.000000,0.511425,0.880881,0.260643,0.072851
adaptive,1000,100,21,fcl,-0.198924,0.002256,0.001127,0.494380,0.651950,0.369393,0.065658
adaptive,1000,100,21,fcl,-0.563791,0.019231,0.019045,0.000000,0.454904,0.007605,0.070640
adaptive,1000,100,21,fcl,0.758361,0.000000,0.000000,0.000000,0.497971,-0.010857,0.061309
adaptive,1000,100,21,fcl,0.476774,0.000000,0.000000,0.000000,0.643870,-0.043437,0.053296
adaptive,1000,100,21,fcl,-0.566805,0.000000,0.000000,0.000000,0.458080,0.007060,0.070580
adaptive,1000,100,21,fcl,-0.715882,0.000000,0.000000,0.000000,0.478068,0.005980,0.062759
adaptive,1000,100,21,fcl,-0.643393,0.060619,0.003537,0.000000,0.506195,0.002025,0.067333
adaptive,1000,100,21,fcl,-0.641368,0.408306,0.006663,0.000000,0.505895,0.001989,0.067458
adaptive,1000,100,21,fcl,-0.501458,0.000000,0.000000,0.000000,0.380292,0.026916,0.070876
adaptive,1000,100,21,fcl,-0.696239,0.000000,0.000000,0.000000,0.493210,0.004611,0.063870
adaptive,1000,100,21,fcl,-0.552624,0.359427,0.006504,0.000000,0.442803,0.009910,0.070819
adaptive,1000,100,21,fcl,0.836487,0.000000,0.000000,0.000000,0.522137,-0.005689,0.042135
adaptive,1000,100,21,fcl,-0.036052,0.740039,0.006879,0.977306,0.990176,0.559802,0.056684
adaptive,1000,100,21,fcl,0.077711,0.000000,0.000000,0.909596,0.967986,0.463896,0.070220
adaptive,1000,100,21,fcl,0.701760,0.002319,0.001036,0.000000,0.512949,-0.015706,0.064850
adaptive,1000,100,21,fcl,0.591026,0.000000,0.000000,0.000000,0.576631,-0.030180,0.056742
adaptive,1000,100,21,fcl,-0.056042,0.000000,0.000000,0.942611,0.975089,0.554046,0.056373
adaptive,1000,100,21,fcl,0.359878,0.000000,0.000000,0.000000,0.728456,-0.002601,0.047401
adaptive,1000,100,21,fcl,-0.266166,0.000000,0.000000,0.382608,0.427911,0.261650,0.065604
adaptive,1000,100,21,fcl,0.993766,0.000000,0.000000,0.000000,0.606576,0.008156,0.050843
adaptive,1000,100,21,fcl,0.112344,0.000000,0.000000,0.817109,0.942317,0.404989,0.073366
adaptive,1000,100,21,fcl,-0.037314,0.045311,0.006751,0.975327,0.989361,0.559656,0.056634
adaptive,1000,100,21,fcl,-0.008977,0.000000,0.000000,0.997898,0.999289,0.555776,0.058675
adaptive,1000,100,21,fcl,-0.749020,0.000000,0.000000,0.000000,0.443001,0.008172,0.061556
adaptive,1000,100,21,fcl,0.677613,0.000000,0.000000,0.000000,0.524572,-0.018275,0.064089
adaptive,1000,100,21,fcl,0.331030,0.000000,0.000000,0.000000,0.754209,0.025893,0.049998
adaptive,1000,100,21,fcl,0.676421,0.000000,0.000000,0.000000,0.525213,-0.018411,0.064023
adaptive,1000,100,21,fcl,-0.208787,0.173212,0.005371,0.472666,0.619418,0.353061,0.065878
adaptive,1000,100,21,fcl,0.961128,0.019231,0.019045,0.000000,0.596056,0.004631,0.037269
adaptive,1000,100,21,fcl,0.185428,0.238231,0.007196,0.525071,0.883088,0.265778,0.073052
adaptive,1000,100,21,fcl,0.048119,0.191083,0.005827,0.963462,0.986041,0.506340,0.066342
adaptive,1000,100,21,fcl,0.074724,0.000000,0.000000,0.916269,0.970042,0.468566,0.069869
adaptive,1000,100,21,fcl,-0.739261,0.000000,0.000000,0.000000,0.454245,0.007570,0.061809
adaptive,1000,100,21,fcl,-0.431741,0.000000,0.000000,0.000000,0.293609,0.069486,0.069107
adaptive,1000,100,21,fcl,0.794377,0.000000,0.000000,0.000000,0.502737,-0.008376,0.054490
adaptive,1000,100,21,fcl,0.071060,0.017446,0.002607,0.924122,0.972439,0.474189,0.069423
adaptive,1000,100,21,fcl,0.577215,0.019231,0.019045,0.000000,0.585237,-0.032344,0.055841
adaptive,1000,100,21,fcl,-0.497437,0.000000,0.000000,0.000000,0.375146,0.028740,0.070831
adaptive,1000,100,21,fcl,0.478401,0.000000,0.000000,0.000000,0.642920,-0.043426,0.053360
adaptive,1000,100,21,fcl,0.425825,0.000000,0.000000,0.000000,0.676261,-0.037619,0.050005
adaptive,1000,100,21,fcl,-0.210053,0.000000,0.000000,0.470362,0.615193,0.350970,0.065899
adaptive,1000,100,21,fcl,-0.968176,0.000000,0.000000,0.000000,0.254371,0.003195,0.052825
adaptive,1000,100,21,fcl,-0.204735,0.000000,0.000000,0.480725,0.632871,0.359764,0.065800
adaptive,1000,100,21,fcl,0.202706,0.469680,0.006765,0.435991,0.868648,0.232495,0.071513
adaptive,1000,100,21,fcl,0.855533,0.000000,0.000000,0.000000,0.533915,-0.004436,0.035464
adaptive,1000,100,21,fcl,0.269632,0.000000,0.000000,0.060288,0.810338,0.112084,0.061103
adaptive,1000,100,21,fcl,0.214860,0.000000,0.000000,0.368286,0.858370,0.209414,0.070112
adaptive,1000,100,21,fcl,0.524073,0.019231,0.019045,0.000000,0.616839,-0.040076,0.054308
adaptive,1000,100,21,fcl,-0.046915,0.160454,0.005585,0.959785,0.982843,0.557580,0.056390
adaptive,1000,100,21,fcl,-0.867865,0.000000,0.000000,0.000000,0.361703,0.009063,0.060797
adaptive,1000,100,21,fcl,0.632744,0.000000,0.000000,0.000000,0.550511,-0.023963,0.060473
adaptive,1000,100,21,fcl,0.884287,0.000000,0.000000,0.000000,0.552844,-0.002380,0.025961
adaptive,1000,100,21,fcl,0.589562,0.000000,0.000000,0.000000,0.577549,-0.030408,0.056636
adaptive,1000,100,21,fcl,-0.721898,0.215445,0.006448,0.000000,0.472451,0.006401,0.062471
adaptive,1000,100,21,fcl,0.263127,0.000000,0.000000,0.095927,0.816191,0.122866,0.062347
adaptive,1000,100,21,fcl,0.490793,0.000000,0.000000,0.000000,0.635771,-0.043050,0.053760
adaptive,1000,100,21,fcl,0.307604,0.000000,0.000000,0.000000,0.775655,0.055040,0.053760
adaptive,1000,100,21,fcl,0.299438,0.000000,0.000000,0.000000,0.783159,0.066362,0.055282
adaptive,1000,100,21,fcl,-0.485736,0.009763,0.001836,0.000000,0.360144,0.034480,0.070661
adaptive,1000,100,21,fcl,0.743593,0.000000,0.000000,0.000000,0.499703,-0.011986,0.063046
adaptive,1000,100,21,fcl,-0.107116,0.274024,0.005848,0.799699,0.900950,0.509511,0.059276
adaptive,1000,100,21,fcl,-0.393119,0.000000,0.000000,0.030236,0.252638,0.103181,0.067401
adaptive,1000,100,21,fcl,-0.796477,0.000000,0.000000,0.000000,0.399760,0.010131,0.061377
adaptive,1000,100,21,fcl,0.731131,0.000000,0.000000,0.000000,0.502449,-0.013007,0.064048
adaptive,1000,100,21,fcl,-0.399790,0.002190,0.001263,0.009408,0.259016,0.096852,0.067709
adaptive,1000,100,21,fcl,0.406253,0.000000,0.000000,0.000000,0.690505,-0.031145,0.048489
adaptive,1000,100,21,fcl,-0.322640,0.116751,0.007626,0.290459,0.269957,0.182565,0.065136
adaptive,1000,100,21,fcl,-0.998192,0.000000,0.000000,0.000000,0.221249,0.002384,0.052488
adaptive,1000,100,21,fcl,0.352054,0.000000,0.000000,0.000000,0.735325,0.004290,0.047837
adaptive,1000,100,21,fcl,0.096195,0.091971,0.007808,0.865638,0.954695,0.433429,0.072129
adaptive,1000,100,21,fsb,0.231722,0.000000,0.000000,0.251966,0.799905,0.347473,0.051038
adaptive,1000,100,21,fsb,0.364652,0.155831,0.005253,0.192382,0.775904,0.143300,0.039096
adaptive,1000,100,21,fsb,0.966290,0.000000,0.000000,0.000000,0.772374,-0.007111,0.068044
adaptive,1000,100,21,fsb,0.788697,0.000000,0.000000,0.004053,0.854027,0.081396,0.050173
adaptive,1000,100,21,fsb,-0.707840,0.019231,0.019045,0.000000,0.499266,0.005723,0.067213
adaptive,1000,100,21,fsb,-0.064230,0.000000,0.000000,0.741844,0.947116,0.302950,0.077868
adaptive,1000,100,21,fsb,0.099360,0.073826,0.003787,0.632075,0.920743,0.695525,0.042075
adaptive,1000,100,21,fsb,-0.012756,0.000000,0.000000,0.990291,0.998141,0.501267,0.065376
adaptive,1000,100,21,fsb,-0.138944,0.000000,0.000000,0.125205,0.764708,0.106611,0.079563
adaptive,1000,100,21,fsb,0.542600,0.000000,0.000000,0.266917,0.825549,0.040181,0.086284
adaptive,1000,100,21,fsb,0.567650,0.000000,0.000000,0.271643,0.834841,0.040876,0.082804
adaptive,1000,100,21,fsb,0.265904,0.310748,0.006204,0.218455,0.785342,0.267587,0.037724
adaptive,1000,100,21,fsb,-0.909280,0.038462,0.026668,0.000000,0.499053,-0.020868,0.034790
adaptive,1000,100,21,fsb,-0.972313,0.019231,0.019045,0.066156,0.498460,-0.004399,0.064063
adaptive,1000,100,21,fsb,-0.350839,0.294437,0.007699,0.000000,0.499907,0.077891,0.082021
adaptive,1000,100,21,fsb,-0.206740,0.038858,0.003848,0.000000,0.591261,0.051025,0.081466
adaptive,1000,100,21,fsb,0.372254,0.000000,0.000000,0.194816,0.776728,0.137361,0.042006
adaptive,1000,100,21,fsb,-0.683667,0.019231,0.019045,0.000000,0.499068,0.009900,0.072502
adaptive,1000,100,21,fsb,0.044727,0.000000,0.000000,0.892184,0.978634,0.693921,0.034199
adaptive,1000,100,21,fsb,-0.357252,0.296215,0.005935,0.000000,0.499903,0.078067,0.081420
adaptive,1000,100,21,fsb,0.362466,0.000000,0.000000,0.192915,0.775716,0.144995,0.038324
adaptive,1000,100,21,fsb,-0.207177,0.009740,0.002115,0.000000,0.590432,0.050959,0.081481
adaptive,1000,100,21,fsb,-0.777514,0.000000,0.000000,0.000000,0.499954,-0.005069,0.050087
adaptive,1000,100,21,fsb,0.026221,0.000000,0.000000,0.956482,0.991749,0.644860,0.044937
adaptive,1000,100,21,fsb,-0.812080,0.000000,0.000000,0.000000,0.499963,-0.010165,0.046751
adaptive,1000,100,21,fsb,0.975571,0.000000,0.000000,0.000000,0.768644,-0.004237,0.071971
adaptive,1000,100,21,fsb,0.414572,0.019231,0.019045,0.209115,0.784142,0.102888,0.061909
adaptive,1000,100,21,fsb,-0.823889,0.000000,0.000000,0.000000,0.499878,-0.011899,0.046736
adaptive,1000,100,21,fsb,0.620962,0.000000,0.000000,0.263099,0.852734,0.060689,0.071088
adaptive,1000,100,21,fsb,0.673329,0.000000,0.000000,0.209710,0.864452,0.101887,0.060240
adaptive,1000,100,21,fsb,-0.141396,0.002256,0.001127,0.110996,0.757722,0.102684,0.079582
adaptive,1000,100,21,fsb,0.137051,0.019231,0.019045,0.473684,0.877667,0.608469,0.056262
adaptive,1000,100,21,fsb,0.938911,0.000000,0.000000,0.000000,0.784405,-0.015291,0.056949
adaptive,1000,100,21,fsb,0.781524,0.000000,0.000000,0.015708,0.856232,0.092325,0.050212
adaptive,1000,100,21,fsb,0.254113,0.000000,0.000000,0.228063,0.789612,0.293498,0.042617
adaptive,1000,100,21,fsb,0.600773,0.000000,0.000000,0.265339,0.846431,0.050104,0.075838
adaptive,1000,100,21,fsb,-0.235920,0.060619,0.003537,0.000000,0.543286,0.051733,0.082274
adaptive,1000,100,21,fsb,-0.459754,0.408306,0.006663,0.000000,0.499650,0.057680,0.057514
adaptive,1000,100,21,fsb,0.072953,0.000000,0.000000,0.760425,0.950856,0.722073,0.030389
adaptive,1000,100,21,fsb,0.842533,0.000000,0.000000,0.000000,0.832150,0.002368,0.045410
adaptive,1000,100,21,fsb,-0.512026,0.359427,0.006504,0.016198,0.499049,0.043644,0.062209
adaptive,1000,100,21,fsb,0.829296,0.000000,0.000000,0.000000,0.838233,0.018161,0.046786
adaptive,1000,100,21,fsb,0.061489,0.740039,0.006879,0.818045,0.962913,0.718393,0.029038
adaptive,1000,100,21,fsb,0.651852,0.000000,0.000000,0.236163,0.860616,0.083421,0.064332
adaptive,1000,100,21,fsb,-0.678246,0.002319,0.001036,0.000000,0.499021,0.010872,0.073587
adaptive,1000,100,21,fsb,-0.271940,0.000000,0.000000,0.000000,0.512057,0.061011,0.082973
adaptive,1000,100,21,fsb,0.921114,0.000000,0.000000,0.000000,0.792919,-0.019687,0.051211
adaptive,1000,100,21,fsb,-0.357302,0.000000,0.000000,0.000000,0.499903,0.078068,0.081415
adaptive,1000,100,21,fsb,0.877244,0.000000,0.000000,0.000000,0.815038,-0.020079,0.044638
adaptive,1000,100,21,fsb,0.941117,0.000000,0.000000,0.000000,0.783388,-0.014674,0.057769
adaptive,1000,100,21,fsb,-0.826338,0.000000,0.000000,0.000000,0.499856,-0.012258,0.046743
adaptive,1000,100,21,fsb,-0.477772,0.045311,0.006751,0.000035,0.499454,0.052393,0.056065
adaptive,1000,100,21,fsb,-0.913022,0.000000,0.000000,0.000000,0.499020,-0.020583,0.035006
adaptive,1000,100,21,fsb,-0.014645,0.000000,0.000000,0.988124,0.997728,0.493729,0.066127
adaptive,1000,100,21,fsb,-0.392051,0.000000,0.000000,0.002622,0.500005,0.075332,0.075704
adaptive,1000,100,21,fsb,0.766590,0.000000,0.000000,0.048228,0.860263,0.112002,0.049953
adaptive,1000,100,21,fsb,0.628187,0.000000,0.000000,0.257377,0.854817,0.065365,0.069420
adaptive,1000,100,21,fsb,-0.276834,0.173212,0.005371,0.000000,0.509563,0.062516,0.083061
adaptive,1000,100,21,fsb,-0.103861,0.019231,0.019045,0.390181,0.861108,0.180841,0.079580
adaptive,1000,100,21,fsb,0.181245,0.238231,0.007196,0.342999,0.834566,0.484048,0.060523
adaptive,1000,100,21,fsb,0.752693,0.191083,0.005827,0.074026,0.863194,0.125047,0.049826
adaptive,1000,100,21,fsb,-0.796831,0.000000,0.000000,0.000000,0.500006,-0.007919,0.047423
adaptive,1000,100,21,fsb,0.811710,0.000000,0.000000,0.000000,0.845643,0.044160,0.048778
adaptive,1000,100,21,fsb,-0.782738,0.000000,0.000000,0.000000,0.499979,-0.005841,0.049161
adaptive,1000,100,21,fsb,0.907678,0.000000,0.000000,0.000000,0.799589,-0.021905,0.048091
adaptive,1000,100,21,fsb,0.835703,0.017446,0.002607,0.000000,0.835320,0.010037,0.046073
adaptive,1000,100,21,fsb,-0.871067,0.019231,0.019045,0.000000,0.499375,-0.018632,0.042436
adaptive,1000,100,21,fsb,0.556206,0.000000,0.000000,0.270115,0.830620,0.039928,0.084641
adaptive,1000,100,21,fsb,0.791877,0.000000,0.000000,0.002585,0.852945,0.076355,0.050100
adaptive,1000,100,21,fsb,-0.185008,0.000000,0.000000,0.000000,0.639671,0.058185,0.080692
adaptive,1000,100,21,fsb,0.900283,0.000000,0.000000,0.000000,0.803317,-0.022504,0.046829
adaptive,1000,100,21,fsb,-0.751757,0.000000,0.000000,0.000000,0.499714,-0.001229,0.056112
adaptive,1000,100,21,fsb,-0.705380,0.000000,0.000000,0.000000,0.499246,0.006136,0.067782
adaptive,1000,100,21,fsb,0.192125,0.469680,0.006765,0.319989,0.825712,0.453423,0.059732
adaptive,1000,100,21,fsb,0.225988,0.000000,0.000000,0.255938,0.802951,0.362105,0.052844
adaptive,1000,100,21,fsb,-0.111775,0.000000,0.000000,0.325502,0.840335,0.161154,0.079580
adaptive,1000,100,21,fsb,0.640604,0.000000,0.000000,0.245838,0.858042,0.074377,0.066668
adaptive,1000,100,21,fsb,-0.891448,0.019231,0.019045,0.000000,0.499199,-0.020736,0.037223
adaptive,1000,100,21,fsb,0.300336,0.160454,0.005585,0.203481,0.777239,0.205897,0.027438
adaptive,1000,100,21,fsb,0.197295,0.000000,0.000000,0.310260,0.821731,0.439040,0.059113
adaptive,1000,100,21,fsb,0.637917,0.000000,0.000000,0.248247,0.857394,0.072330,0.067249
adaptive,1000,100,21,fsb,0.772259,0.000000,0.000000,0.036471,0.858827,0.105126,0.050076
adaptive,1000,100,21,fsb,0.612323,0.000000,0.000000,0.263494,0.850126,0.055701,0.073120
adaptive,1000,100,21,fsb,-0.486516,0.215445,0.006448,0.000827,0.499353,0.049982,0.056634
adaptive,1000,100,21,fsb,0.374057,0.000000,0.000000,0.195803,0.776939,0.135937,0.042747
adaptive,1000,100,21,fsb,-0.668271,0.000000,0.000000,0.000000,0.498929,0.012694,0.075468
adaptive,1000,100,21,fsb,0.788103,0.000000,0.000000,0.005017,0.854209,0.082326,0.050183
adaptive,1000,100,21,fsb,-0.281183,0.000000,0.000000,0.000000,0.507946,0.063852,0.083136
adaptive,1000,100,21,fsb,-0.654355,0.009763,0.001836,0.000000,0.498788,0.015296,0.077788
adaptive,1000,100,21,fsb,0.503391,0.000000,0.000000,0.247943,0.811097,0.048573,0.086986
adaptive,1000,100,21,fsb,0.182454,0.274024,0.005848,0.340036,0.833539,0.480627,0.060469
adaptive,1000,100,21,fsb,0.355506,0.000000,0.000000,0.194426,0.775158,0.150382,0.036059
adaptive,1000,100,21,fsb,0.154141,0.000000,0.000000,0.417237,0.859730,0.561130,0.059409
adaptive,1000,100,21,fsb,-0.164366,0.000000,0.000000,0.005288,0.693263,0.073561,0.080008
adaptive,1000,100,21,fsb,-0.739980,0.002190,0.001263,0.000000,0.499581,0.000569,0.059199
adaptive,1000,100,21,fsb,-0.234922,0.000000,0.000000,0.000000,0.544683,0.051570,0.082251
adaptive,1000,100,21,fsb,-0.030580,0.116751,0.007626,0.941306,0.988656,0.430116,0.071505
adaptive,1000,100,21,fsb,0.052604,0.000000,0.000000,0.858686,0.971566,0.708150,0.030854
adaptive,1000,100,21,fsb,-0.860729,0.000000,0.000000,0.000000,0.499478,-0.017233,0.044498
adaptive,1000,100,21,fsb,0.837102,0.091971,0.007808,0.000000,0.834683,0.008380,0.045927
adaptive,1000,100,21,A,-0.784642,0.000000,0.000000,0.872669,0.983967,0.464413,0.072385
adaptive,1000,100,21,A,-0.333931,0.155831,0.005253,0.974747,0.996789,0.543406,0.059331
adaptive,1000,100,21,A,-0.339900,0.000000,0.000000,0.974211,0.996683,0.542799,0.059429
adaptive,1000,100,21,A,-0.236470,0.000000,0.000000,0.986947,0.998281,0.551104,0.058228
adaptive,1000,100,21,A,-0.324155,0.019231,0.019045,0.975177,0.996960,0.544367,0.059179
adaptive,1000,100,21,A,-0.150558,0.000000,0.000000,0.993722,0.999215,0.554276,0.058076
adaptive,1000,100,21,A,0.990573,0.073826,0.003787,0.825770,0.977889,0.373203,0.088621
adaptive,1000,100,21,A,0.599951,0.000000,0.000000,0.939243,0.992193,0.459905,0.077778
adaptive,1000,100,21,A,-0.358932,0.000000,0.000000,0.971800,0.996333,0.540765,0.059761
adaptive,1000,100,21,A,0.572904,0.000000,0.000000,0.944007,0.992916,0.465685,0.076913
adaptive,1000,100,21,A,0.724723,0.000000,0.000000,0.907870,0.988404,0.432532,0.081591
adaptive,1000,100,21,A,-0.111713,0.310748,0.006204,0.995985,0.999520,0.554567,0.058268
adaptive,1000,100,21,A,0.629223,0.038462,0.026668,0.931295,0.991370,0.453576,0.078700
adaptive,1000,100,21,A,0.517489,0.019231,0.019045,0.953863,0.994291,0.477276,0.075107
adaptive,1000,100,21,A,-0.572608,0.294437,0.007699,0.931116,0.991207,0.508639,0.065254
adaptive,1000,100,21,A,0.446502,0.038858,0.003848,0.965224,0.995836,0.491508,0.072741
adaptive,1000,100,21,A,-0.696646,0.000000,0.000000,0.898326,0.987230,0.483833,0.069347
adaptive,1000,100,21,A,0.558408,0.019231,0.019045,0.946279,0.993290,0.468751,0.076445
adaptive,1000,100,21,A,-0.239542,0.000000,0.000000,0.986699,0.998241,0.550926,0.058248
adaptive,1000,100,21,A,0.043766,0.296215,0.005935,0.999912,1.000009,0.548735,0.060532
adaptive,1000,100,21,A,0.118125,0.000000,0.000000,0.998722,0.999828,0.542227,0.062316
adaptive,1000,100,21,A,-0.729175,0.009740,0.002115,0.889270,0.986067,0.476799,0.070465
adaptive,1000,100,21,A,-0.563831,0.000000,0.000000,0.932362,0.991460,0.510251,0.064980
adaptive,1000,100,21,A,0.094919,0.000000,0.000000,0.999374,0.999914,0.544498,0.061720
adaptive,1000,100,21,A,-0.074696,0.000000,0.000000,0.997807,0.999743,0.554184,0.058597
adaptive,1000,100,21,A,-0.905932,0.000000,0.000000,0.833323,0.978874,0.436079,0.076556
adaptive,1000,100,21,A,-0.399825,0.019231,0.019045,0.964084,0.995521,0.535893,0.060577
adaptive,1000,100,21,A,-0.679045,0.000000,0.000000,0.902566,0.987840,0.487558,0.068747
adaptive,1000,100,21,A,0.047215,0.000000,0.000000,0.999910,1.000006,0.548484,0.060606
adaptive,1000,100,21,A,-0.093635,0.000000,0.000000,0.996946,0.999637,0.554460,0.058411
adaptive,1000,100,21,A,0.139681,0.002256,0.001127,0.997846,0.999726,0.539930,0.062898
adaptive,1000,100,21,A,-0.936670,0.019231,0.019045,0.821741,0.977473,0.428719,0.077592
adaptive,1000,100,21,A,-0.856406,0.000000,0.000000,0.852024,0.981037,0.447811,0.074866
adaptive,1000,100,21,A,0.453189,0.000000,0.000000,0.964811,0.995700,0.490202,0.072966
adaptive,1000,100,21,A,-0.586873,0.000000,0.000000,0.928950,0.990787,0.505975,0.065704
adaptive,1000,100,21,A,-0.083758,0.000000,0.000000,0.997408,0.999694,0.554337,0.058504
adaptive,1000,100,21,A,-0.970414,0.060619,0.003537,0.811267,0.975887,0.420591,0.078714
adaptive,1000,100,21,A,-0.274104,0.408306,0.006663,0.982046,0.997759,0.548635,0.058541
adaptive,1000,100,21,A,0.800135,0.000000,0.000000,0.885935,0.985757,0.415670,0.083740
adaptive,1000,100,21,A,-0.022585,0.000000,0.000000,0.999336,0.999943,0.552565,0.059292
adaptive,1000,100,21,A,-0.462741,0.359427,0.006504,0.953326,0.994116,0.527140,0.062080
adaptive,1000,100,21,A,-0.341517,0.000000,0.000000,0.973879,0.996654,0.542633,0.059456
adaptive,1000,100,21,A,-0.155924,0.740039,0.006879,0.993262,0.999167,0.554179,0.058062
adaptive,1000,100,21,A,-0.745966,0.000000,0.000000,0.886634,0.985447,0.473098,0.071045
adaptive,1000,100,21,A,0.395777,0.002319,0.001036,0.974265,0.996792,0.501149,0.071032
adaptive,1000,100,21,A,-0.775603,0.000000,0.000000,0.874605,0.984320,0.466461,0.072072
adaptive,1000,100,21,A,-0.534894,0.000000,0.000000,0.938537,0.992271,0.515409,0.064100
adaptive,1000,100,21,A,-0.507930,0.000000,0.000000,0.942148,0.992990,0.519990,0.063313
adaptive,1000,100,21,A,0.387322,0.000000,0.000000,0.975704,0.996940,0.502707,0.070747
adaptive,1000,100,21,A,0.868720,0.000000,0.000000,0.866994,0.983118,0.400294,0.085588
adaptive,1000,100,21,A,0.761396,0.000000,0.000000,0.898772,0.987150,0.424347,0.082652
adaptive,1000,100,21,A,0.513799,0.045311,0.006751,0.954333,0.994377,0.478034,0.074985
adaptive,1000,100,21,A,0.378630,0.000000,0.000000,0.976390,0.997087,0.504292,0.070454
adaptive,1000,100,21,A,-0.780566,0.000000,0.000000,0.872507,0.984127,0.465338,0.072244
adaptive,1000,100,21,A,-0.160484,0.000000,0.000000,0.992998,0.999125,0.554087,0.058053
adaptive,1000,100,21,A,0.626881,0.000000,0.000000,0.931976,0.991438,0.454085,0.078626
adaptive,1000,100,21,A,0.532918,0.000000,0.000000,0.952016,0.993922,0.474086,0.075614
adaptive,1000,100,21,A,-0.585155,0.173212,0.005371,0.929241,0.990838,0.506299,0.065649
adaptive,1000,100,21,A,0.758592,0.019231,0.019045,0.900175,0.987249,0.424974,0.082572
adaptive,1000,100,21,A,-0.774178,0.238231,0.007196,0.875542,0.984375,0.466783,0.072022
adaptive,1000,100,21,A,0.506794,0.191083,0.005827,0.955254,0.994539,0.479468,0.074754
adaptive,1000,100,21,A,-0.412659,0.000000,0.000000,0.961820,0.995250,0.534228,0.060861
adaptive,1000,100,21,A,-0.828453,0.000000,0.000000,0.861318,0.982207,0.454343,0.073902
adaptive,1000,100,21,A,0.708061,0.000000,0.000000,0.913622,0.988953,0.436237,0.081100
adaptive,1000,100,21,A,-0.641989,0.000000,0.000000,0.913182,0.989073,0.495196,0.067501
adaptive,1000,100,21,A,0.469137,0.017446,0.002607,0.963313,0.995369,0.487056,0.073500
adaptive,1000,100,21,A,0.061111,0.019231,0.019045,0.999828,0.999991,0.547420,0.060914
adaptive,1000,100,21,A,0.090969,0.000000,0.000000,0.999472,0.999925,0.544863,0.061622
adaptive,1000,100,21,A,0.010091,0.000000,0.000000,0.999870,1.000002,0.550921,0.059856
adaptive,1000,100,21,A,-0.977743,0.000000,0.000000,0.807731,0.975535,0.418821,0.078955
adaptive,1000,100,21,A,0.145742,0.000000,0.000000,0.997748,0.999694,0.539253,0.063066
adaptive,1000,100,21,A,-0.595934,0.000000,0.000000,0.923910,0.990515,0.504255,0.065993
adaptive,1000,100,21,A,-0.061325,0.000000,0.000000,0.998153,0.999806,0.553888,0.058751
adaptive,1000,100,21,A,0.404243,0.469680,0.006765,0.974298,0.996641,0.499575,0.071318
adaptive,1000,100,21,A,0.717670,0.000000,0.000000,0.910603,0.988638,0.434102,0.081384
adaptive,1000,100,21,A,-0.972835,0.000000,0.000000,0.810099,0.975770,0.420007,0.078793
adaptive,1000,100,21,A,0.741245,0.000000,0.000000,0.904233,0.987847,0.428849,0.082073
adaptive,1000,100,21,A,0.917605,0.019231,0.019045,0.852601,0.981103,0.389372,0.086842
adaptive,1000,100,21,A,0.234842,0.160454,0.005585,0.991968,0.999006,0.527804,0.065724
adaptive,1000,100,21,A,0.380091,0.000000,0.000000,0.976281,0.997063,0.504027,0.070503
adaptive,1000,100,21,A,0.697147,0.000000,0.000000,0.916218,0.989305,0.438658,0.080775
adaptive,1000,100,21,A,-0.082366,0.000000,0.000000,0.997473,0.999702,0.554316,0.058517
adaptive,1000,100,21,A,0.205499,0.000000,0.000000,0.993797,0.999275,0.531871,0.064815
adaptive,1000,100,21,A,-0.122021,0.215445,0.006448,0.995524,0.999446,0.554559,0.058201
adaptive,1000,100,21,A,-0.988297,0.000000,0.000000,0.806941,0.975024,0.416269,0.079301
adaptive,1000,100,21,A,0.151586,0.000000,0.000000,0.997033,0.999660,0.538587,0.063230
adaptive,1000,100,21,A,0.058314,0.000000,0.000000,0.999887,0.999994,0.547640,0.060851
adaptive,1000,100,21,A,-0.322801,0.000000,0.000000,0.975591,0.996983,0.544497,0.059158
adaptive,1000,100,21,A,-0.346176,0.009763,0.001836,0.972924,0.996570,0.542145,0.059535
adaptive,1000,100,21,A,0.464442,0.000000,0.000000,0.963927,0.995468,0.487986,0.073343
adaptive,1000,100,21,A,0.940533,0.274024,0.005848,0.843861,0.980120,0.384270,0.087413
adaptive,1000,100,21,A,0.602183,0.000000,0.000000,0.938574,0.992131,0.459425,0.077849
adaptive,1000,100,21,A,0.487482,0.000000,0.000000,0.960434,0.994974,0.483386,0.074113
adaptive,1000,100,21,A,-0.201724,0.000000,0.000000,0.989777,0.998701,0.552803,0.058071
adaptive,1000,100,21,A,-0.355844,0.002190,0.001263,0.972239,0.996391,0.541105,0.059705
adaptive,1000,100,21,A,0.698034,0.000000,0.000000,0.916101,0.989276,0.438461,0.080802
adaptive,1000,100,21,A,0.684277,0.116751,0.007626,0.918991,0.989713,0.441505,0.080389
adaptive,1000,100,21,A,0.178718,0.000000,0.000000,0.995921,0.999483,0.535335,0.064012
adaptive,1000,100,21,A,-0.964716,0.000000,0.000000,0.812684,0.976158,0.421967,0.078525
adaptive,1000,100,21,A,0.930199,0.091971,0.007808,0.846690,0.980566,0.386567,0.087157
fixed,2500,100,20,fcl,0.774867,0.000000,0.000000,0.000000,0.498637,0.000829,0.054407
fixed,2500,100,20,fcl,-0.783644,0.000000,0.000000,0.000000,0.407403,0.018990,0.042583
fixed,2500,100,20,fcl,0.614500,0.000000,0.000000,0.000000,0.561870,0.010612,0.063410
fixed,2500,100,20,fcl,-0.411354,0.000000,0.000000,0.000000,0.270912,-0.012740,0.051396
fixed,2500,100,20,fcl,-0.300272,0.000000,0.000000,0.339184,0.325134,-0.012787,0.053844
fixed,2500,100,20,fcl,0.755109,0.000000,0.000000,0.000000,0.498255,0.001244,0.053494
fixed,2500,100,20,fcl,0.460662,0.000000,0.000000,0.000000,0.653517,0.054049,0.078887
fixed,2500,100,20,fcl,-0.644311,0.000000,0.000000,0.000000,0.506331,0.019672,0.050534
fixed,2500,100,20,fcl,-0.370511,0.000000,0.000000,0.135246,0.235179,-0.015805,0.054032
fixed,2500,100,20,fcl,0.814300,0.000000,0.000000,0.000000,0.510417,0.000336,0.055234
fixed,2500,100,20,fcl,0.108911,0.227200,0.008380,0.827775,0.944986,0.513188,0.059414
fixed,2500,100,20,fcl,-0.328045,0.000000,0.000000,0.278157,0.258942,-0.016102,0.053985
fixed,2500,100,20,fcl,0.338440,0.000000,0.000000,0.000000,0.747490,0.155651,0.080832
fixed,2500,100,20,fcl,-0.445763,0.000000,0.000000,0.000000,0.310163,-0.009336,0.044814
fixed,2500,100,20,fcl,0.271586,0.000000,0.000000,0.049013,0.808571,0.251254,0.079386
fixed,2500,100,20,fcl,0.535909,0.000000,0.000000,0.000000,0.610019,0.025560,0.074302
fixed,2500,100,20,fcl,-0.815905,0.000000,0.000000,0.000000,0.391673,0.011207,0.028860
fixed,2500,100,20,fcl,0.911702,0.000000,0.000000,0.000000,0.570387,0.000738,0.050706
fixed,2500,100,20,fcl,-0.992928,0.000000,0.000000,0.000000,0.226750,-0.007508,0.046410
fixed,2500,100,20,fcl,0.767399,0.000000,0.000000,0.000000,0.497993,0.000970,0.054086
fixed,2500,100,20,fcl,0.510233,0.000000,0.000000,0.000000,0.624719,0.033279,0.076402
fixed,2500,100,20,fcl,0.732831,0.000000,0.000000,0.000000,0.502023,0.001889,0.052453
fixed,2500,100,20,fcl,-0.789773,0.528400,0.009984,0.000000,0.403182,0.017654,0.040407
fixed,2500,100,20,fcl,-0.630530,0.000000,0.000000,0.000000,0.503196,0.017430,0.047939
fixed,2500,100,20,fcl,0.391310,0.000000,0.000000,0.000000,0.702150,0.101078,0.080463
fixed,2500,100,20,fcl,-0.534320,0.000000,0.000000,0.000000,0.421462,0.001555,0.013033
fixed,2500,100,20,fcl,0.415973,0.000000,0.000000,0.000000,0.683292,0.081495,0.080055
fixed,2500,100,20,fcl,-0.740252,0.000000,0.000000,0.000000,0.453105,0.025397,0.052721
fixed,2500,100,20,fcl,-0.770649,0.000000,0.000000,0.000000,0.418659,0.021507,0.046558
fixed,2500,100,20,fcl,0.082660,0.692400,0.009230,0.898412,0.964531,0.524464,0.057631
fixed,2500,100,20,fcl,-0.939880,0.000000,0.000000,0.000000,0.287720,-0.007640,0.038586
fixed,2500,100,20,fcl,-0.840532,0.000000,0.000000,0.000000,0.380162,0.004821,0.014875
fixed,2500,100,20,fcl,0.927860,0.000000,0.000000,0.000000,0.579847,0.001118,0.049924
fixed,2500,100,20,fcl,-0.493526,0.000000,0.000000,0.000000,0.370129,-0.003891,0.027421
fixed,2500,100,20,fcl,-0.380147,0.000000,0.000000,0.090470,0.241546,-0.015234,0.053778
fixed,2500,100,20,fcl,0.506546,0.000000,0.000000,0.000000,0.626810,0.034539,0.076650
fixed,2500,100,20,fcl,-0.080847,0.000000,0.000000,0.881706,0.945439,0.286648,0.064351
fixed,2500,100,20,fcl,0.683010,0.000000,0.000000,0.000000,0.521814,0.004255,0.053167
fixed,2500,100,20,fcl,-0.851287,0.000000,0.000000,0.000000,0.373654,0.002270,0.008814
fixed,2500,100,20,fcl,0.182575,0.000000,0.000000,0.537128,0.885448,0.410724,0.070554
fixed,2500,100,20,fcl,-0.286189,0.000000,0.000000,0.361360,0.365478,-0.009351,0.053861
fixed,2500,100,20,fcl,-0.147227,0.050000,0.004359,0.656149,0.807588,0.145135,0.060810
fixed,2500,100,20,fcl,-0.073225,0.074400,0.005248,0.902370,0.955877,0.303414,0.064465
fixed,2500,100,20,fcl,-0.214081,0.000000,0.000000,0.463037,0.601755,0.039568,0.055546
fixed,2500,100,20,fcl,-0.039983,0.000000,0.000000,0.971141,0.987637,0.374527,0.064196
fixed,2500,100,20,fcl,0.912152,0.000000,0.000000,0.000000,0.570658,0.000747,0.050680
fixed,2500,100,20,fcl,-0.761965,0.002400,0.000979,0.000000,0.428031,0.022920,0.048749
fixed,2500,100,20,fcl,-0.001431,0.000000,0.000000,0.999345,0.999823,0.447780,0.062247
fixed,2500,100,20,fcl,0.405462,0.000000,0.000000,0.000000,0.691112,0.089420,0.080245
fixed,2500,100,20,fcl,0.701444,0.000000,0.000000,0.000000,0.513084,0.003206,0.052139
fixed,2500,100,20,fcl,-0.844835,0.000000,0.000000,0.000000,0.377629,0.003769,0.012314
fixed,2500,100,20,fcl,-0.837330,0.000000,0.000000,0.000000,0.381892,0.005624,0.016801
fixed,2500,100,20,fcl,0.858914,0.000000,0.000000,0.000000,0.536085,0.000205,0.054020
fixed,2500,100,20,fcl,0.298752,0.000000,0.000000,0.000000,0.783790,0.208876,0.080354
fixed,2500,100,20,fcl,0.944339,0.000000,0.000000,0.000000,0.588467,0.001641,0.049609
fixed,2500,100,20,fcl,0.071082,0.312800,0.009273,0.924074,0.972424,0.523699,0.057530
fixed,2500,100,20,fcl,0.751319,0.000000,0.000000,0.000000,0.498585,0.001339,0.053305
fixed,2500,100,20,fcl,-0.669966,0.000000,0.000000,0.000000,0.504929,0.023271,0.053781
fixed,2500,100,20,fcl,0.999790,0.000000,0.000000,0.000000,0.607949,0.004518,0.054471
fixed,2500,100,20,fcl,-0.625064,0.000000,0.000000,0.000000,0.501186,0.016505,0.046722
fixed,2500,100,20,fcl,0.368828,0.000000,0.000000,0.000000,0.720735,0.122081,0.080717
fixed,2500,100,20,fcl,-0.584439,0.000000,0.000000,0.000000,0.474789,0.009477,0.033677
fixed,2500,100,20,fcl,-0.256604,0.000000,0.000000,0.398116,0.459096,0.003393,0.054129
fixed,2500,100,20,fcl,-0.831294,0.000000,0.000000,0.000000,0.384943,0.007173,0.020385
fixed,2500,100,20,fcl,-0.927229,0.000000,0.000000,0.000000,0.302438,-0.007093,0.035610
fixed,2500,100,20,fcl,-0.816475,0.000000,0.000000,0.000000,0.391448,0.011058,0.028567
fixed,2500,100,20,fcl,-0.262046,0.000000,0.000000,0.389291,0.441349,0.000390,0.054051
fixed,2500,100,20,fcl,-0.577036,0.000000,0.000000,0.000000,0.468147,0.008228,0.030479
fixed,2500,100,20,fcl,-0.774591,0.000000,0.000000,0.000000,0.414905,0.020792,0.045442
fixed,2500,100,20,fcl,-0.758211,0.000000,0.000000,0.000000,0.432242,0.023458,0.049586
fixed,2500,100,20,fcl,0.529975,0.000000,0.000000,0.000000,0.613451,0.027190,0.074848
fixed,2500,100,20,fcl,-0.158501,0.000000,0.000000,0.618316,0.776431,0.123678,0.059854
fixed,2500,100,20,fcl,-0.684016,0.232400,0.008447,0.000000,0.499860,0.024758,0.054771
fixed,2500,100,20,fcl,0.777153,0.000000,0.000000,0.000000,0.498878,0.000789,0.054498
fixed,2500,100,20,fcl,0.337793,0.000000,0.000000,0.000000,0.748071,0.156433,0.080831
fixed,2500,100,20,fcl,-0.346551,0.104000,0.006105,0.225455,0.234026,-0.016537,0.054127
fixed,2500,100,20,fcl,0.945888,0.000000,0.000000,0.000000,0.589222,0.001697,0.049613
fixed,2500,100,20,fcl,-0.078863,0.318800,0.009320,0.887213,0.948269,0.291020,0.064387
fixed,2500,100,20,fcl,-0.869837,0.232000,0.008442,0.000000,0.360158,-0.001342,0.010161
fixed,2500,100,20,fcl,-0.820778,0.000000,0.000000,0.000000,0.389680,0.009929,0.026301
fixed,2500,100,20,fcl,-0.792885,0.229200,0.008406,0.000000,0.401594,0.016944,0.039225
fixed,2500,100,20,fcl,0.599251,0.000000,0.000000,0.000000,0.571465,0.012719,0.065996
fixed,2500,100,20,fcl,0.155112,0.000000,0.000000,0.663401,0.908025,0.457259,0.066160
fixed,2500,100,20,fcl,-0.209585,0.004400,0.001324,0.471214,0.616756,0.044833,0.055803
fixed,2500,100,20,fcl,0.592692,0.000000,0.000000,0.000000,0.575585,0.013725,0.067057
fixed,2500,100,20,fcl,0.068350,0.000800,0.000565,0.929931,0.974212,0.522999,0.057565
fixed,2500,100,20,fcl,-0.965768,0.008400,0.001825,0.000000,0.257188,-0.008082,0.042766
fixed,2500,100,20,fcl,-0.618011,0.086000,0.005607,0.000000,0.498160,0.015293,0.044980
fixed,2500,100,20,fcl,0.345037,0.000000,0.000000,0.000000,0.741560,0.147839,0.080835
fixed,2500,100,20,fcl,0.779149,0.000000,0.000000,0.000000,0.499113,0.000755,0.054573
fixed,2500,100,20,fcl,-0.452167,0.000000,0.000000,0.000000,0.317956,-0.008653,0.043045
fixed,2500,100,20,fcl,-0.671754,0.000000,0.000000,0.000000,0.504391,0.023482,0.053937
fixed,2500,100,20,fcl,-0.338571,0.000000,0.000000,0.251040,0.242353,-0.016483,0.054072
fixed,2500,100,20,fcl,-0.858990,0.000000,0.000000,0.000000,0.368448,0.000633,0.006663
fixed,2500,100,20,fcl,-0.275550,0.000000,0.000000,0.373067,0.398117,-0.005726,0.053917
fixed,2500,100,20,fcl,0.707237,0.000000,0.000000,0.000000,0.510611,0.002921,0.052023
fixed,2500,100,20,fcl,-0.847016,0.000000,0.000000,0.000000,0.376346,0.003251,0.011060
fixed,2500,100,20,fcl,0.978177,0.000000,0.000000,0.000000,0.602275,0.003191,0.051386
fixed,2500,100,20,fcl,-0.536676,0.000000,0.000000,0.000000,0.424326,0.001896,0.013293
fixed,2500,100,20,fcl,-0.749916,0.000000,0.000000,0.000000,0.441953,0.024487,0.051208
fixed,2500,100,20,fsb,0.284027,0.000000,0.000000,0.207913,0.780343,0.312567,0.064371
fixed,2500,100,20,fsb,0.848520,0.000000,0.000000,0.000000,0.829314,0.042813,0.041236
fixed,2500,100,20,fsb,0.751517,0.000000,0.000000,0.076821,0.863414,0.115637,0.056853
fixed,2500,100,20,fsb,-0.488875,0.000000,0.000000,0.001132,0.499325,0.029810,0.075142
fixed,2500,100,20,fsb,0.545748,0.000000,0.000000,0.266729,0.826725,0.202022,0.066349
fixed,2500,100,20,fsb,-0.418063,0.000000,0.000000,0.000000,0.499966,0.053760,0.075406
fixed,2500,100,20,fsb,0.404158,0.000000,0.000000,0.204188,0.781901,0.210252,0.066185
fixed,2500,100,20,fsb,0.173484,0.000000,0.000000,0.363254,0.841311,0.464829,0.055239
fixed,2500,100,20,fsb,0.494124,0.000000,0.000000,0.239635,0.807806,0.199045,0.067676
fixed,2500,100,20,fsb,-0.732807,0.000000,0.000000,0.000000,0.499503,-0.002861,0.067117
fixed,2500,100,20,fsb,0.360724,0.227200,0.008380,0.193340,0.775565,0.234153,0.065190
fixed,2500,100,20,fsb,0.706238,0.000000,0.000000,0.162219,0.867104,0.149320,0.060924
fixed,2500,100,20,fsb,-0.235826,0.000000,0.000000,0.000000,0.543418,0.161754,0.082309
fixed,2500,100,20,fsb,-0.618817,0.000000,0.000000,0.065908,0.498462,0.004335,0.074497
fixed,2500,100,20,fsb,-0.464175,0.000000,0.000000,0.000000,0.499604,0.037320,0.075063
fixed,2500,100,20,fsb,0.681086,0.000000,0.000000,0.199783,0.865457,0.165735,0.062106
fixed,2500,100,20,fsb,0.570243,0.000000,0.000000,0.271038,0.835781,0.201927,0.065379
fixed,2500,100,20,fsb,0.139605,0.000000,0.000000,0.463718,0.874926,0.499054,0.051002
fixed,2500,100,20,fsb,-0.027148,0.000000,0.000000,0.954930,0.991256,0.414646,0.067200
fixed,2500,100,20,fsb,-0.543425,0.000000,0.000000,0.047616,0.498696,0.016319,0.075379
fixed,2500,100,20,fsb,0.586409,0.000000,0.000000,0.269340,0.841554,0.200624,0.064753
fixed,2500,100,20,fsb,0.675773,0.000000,0.000000,0.206838,0.864800,0.168897,0.062287
fixed,2500,100,20,fsb,-0.331653,0.528400,0.009984,0.000000,0.500146,0.094529,0.078479
fixed,2500,100,20,fsb,-0.924197,0.000000,0.000000,0.000000,0.498916,-0.001269,0.047559
fixed,2500,100,20,fsb,-0.737346,0.000000,0.000000,0.000000,0.499551,-0.002974,0.066604
fixed,2500,100,20,fsb,0.018849,0.000000,0.000000,0.974594,0.995296,0.472251,0.058524
fixed,2500,100,20,fsb,-0.249042,0.000000,0.000000,0.000000,0.528749,0.150714,0.081989
fixed,2500,100,20,fsb,-0.818802,0.000000,0.000000,0.000000,0.499923,-0.003682,0.054519
fixed,2500,100,20,fsb,0.321068,0.000000,0.000000,0.196494,0.775038,0.269254,0.064818
fixed,2500,100,20,fsb,0.102230,0.692400,0.009230,0.618885,0.917388,0.517030,0.048754
fixed,2500,100,20,fsb,0.923322,0.000000,0.000000,0.000000,0.791847,0.003822,0.041314
fixed,2500,100,20,fsb,-0.564005,0.000000,0.000000,0.067378,0.498511,0.012315,0.075339
fixed,2500,100,20,fsb,0.247142,0.000000,0.000000,0.240514,0.792461,0.362984,0.062902
fixed,2500,100,20,fsb,0.027372,0.000000,0.000000,0.952826,0.991022,0.481209,0.056924
fixed,2500,100,20,fsb,0.469116,0.000000,0.000000,0.232748,0.799352,0.198563,0.067686
fixed,2500,100,20,fsb,0.555917,0.000000,0.000000,0.269995,0.830513,0.202211,0.065953
fixed,2500,100,20,fsb,-0.894289,0.000000,0.000000,0.000000,0.499176,-0.002351,0.046213
fixed,2500,100,20,fsb,-0.668510,0.000000,0.000000,0.000000,0.498931,-0.000031,0.072432
fixed,2500,100,20,fsb,0.797028,0.000000,0.000000,0.000714,0.851178,0.080086,0.049971
fixed,2500,100,20,fsb,-0.972363,0.000000,0.000000,0.066257,0.498460,0.001118,0.054827
fixed,2500,100,20,fsb,0.181870,0.000000,0.000000,0.341467,0.834034,0.454467,0.056350
fixed,2500,100,20,fsb,-0.412337,0.050000,0.004359,0.001470,0.499985,0.056033,0.075512
fixed,2500,100,20,fsb,0.828671,0.074400,0.005248,0.000000,0.838506,0.056487,0.044359
fixed,2500,100,20,fsb,0.125764,0.000000,0.000000,0.516851,0.890184,0.508472,0.049728
fixed,2500,100,20,fsb,0.883837,0.000000,0.000000,0.000000,0.811686,0.021640,0.038413
fixed,2500,100,20,fsb,0.890708,0.000000,0.000000,0.000000,0.808185,0.018073,0.038450
fixed,2500,100,20,fsb,0.391696,0.002400,0.000979,0.200267,0.779564,0.215596,0.065841
fixed,2500,100,20,fsb,-0.889970,0.000000,0.000000,0.000000,0.499211,-0.002480,0.046281
fixed,2500,100,20,fsb,-0.540953,0.000000,0.000000,0.044364,0.498722,0.016840,0.075377
fixed,2500,100,20,fsb,-0.083522,0.000000,0.000000,0.573173,0.909499,0.335944,0.075698
fixed,2500,100,20,fsb,0.120621,0.000000,0.000000,0.541384,0.896069,0.511173,0.049373
fixed,2500,100,20,fsb,0.024069,0.000000,0.000000,0.962423,0.992921,0.477824,0.057539
fixed,2500,100,20,fsb,0.313567,0.000000,0.000000,0.199166,0.775612,0.277270,0.064766
fixed,2500,100,20,fsb,-0.678687,0.000000,0.000000,0.000000,0.499025,-0.000658,0.071813
fixed,2500,100,20,fsb,-0.858973,0.000000,0.000000,0.000000,0.499497,-0.003216,0.048558
fixed,2500,100,20,fsb,0.610321,0.312800,0.009273,0.262842,0.849508,0.196364,0.063954
fixed,2500,100,20,fsb,0.857613,0.000000,0.000000,0.000000,0.824881,0.036939,0.040091
fixed,2500,100,20,fsb,0.133900,0.000000,0.000000,0.485822,0.881120,0.503303,0.050427
fixed,2500,100,20,fsb,0.405965,0.000000,0.000000,0.204805,0.782259,0.209572,0.066238
fixed,2500,100,20,fsb,-0.781586,0.000000,0.000000,0.000000,0.499974,-0.003645,0.060598
fixed,2500,100,20,fsb,0.920666,0.000000,0.000000,0.000000,0.793136,0.004815,0.040936
fixed,2500,100,20,fsb,0.294206,0.000000,0.000000,0.206440,0.778246,0.299781,0.064558
fixed,2500,100,20,fsb,0.416377,0.000000,0.000000,0.210059,0.784541,0.206110,0.066542
fixed,2500,100,20,fsb,0.944898,0.000000,0.000000,0.000000,0.781667,-0.003170,0.045046
fixed,2500,100,20,fsb,-0.639176,0.000000,0.000000,0.019925,0.498632,0.002260,0.073827
fixed,2500,100,20,fsb,-0.921137,0.000000,0.000000,0.000000,0.498946,-0.001394,0.047282
fixed,2500,100,20,fsb,0.756993,0.000000,0.000000,0.063809,0.862387,0.111368,0.056164
fixed,2500,100,20,fsb,0.911249,0.000000,0.000000,0.000000,0.797801,0.008576,0.039780
fixed,2500,100,20,fsb,-0.913294,0.000000,0.000000,0.000000,0.499017,-0.001700,0.046710
fixed,2500,100,20,fsb,0.890805,0.000000,0.000000,0.000000,0.808136,0.018024,0.038452
fixed,2500,100,20,fsb,-0.622565,0.000000,0.000000,0.059868,0.498490,0.003920,0.074390
fixed,2500,100,20,fsb,0.882697,0.000000,0.000000,0.000000,0.812266,0.022250,0.038427
fixed,2500,100,20,fsb,-0.522885,0.232400,0.008447,0.024255,0.498922,0.020904,0.075323
fixed,2500,100,20,fsb,-0.147809,0.000000,0.000000,0.075628,0.739497,0.252241,0.081179
fixed,2500,100,20,fsb,-0.626587,0.000000,0.000000,0.053385,0.498519,0.003492,0.074267
fixed,2500,100,20,fsb,-0.575319,0.104000,0.006105,0.075047,0.498439,0.010357,0.075262
fixed,2500,100,20,fsb,-0.849844,0.000000,0.000000,0.000000,0.499598,-0.003369,0.049714
fixed,2500,100,20,fsb,0.088922,0.318800,0.009320,0.682991,0.932870,0.517447,0.049017
fixed,2500,100,20,fsb,-0.221497,0.232000,0.008442,0.000000,0.564634,0.174447,0.082535
fixed,2500,100,20,fsb,0.629221,0.000000,0.000000,0.256407,0.855091,0.190801,0.063450
fixed,2500,100,20,fsb,-0.408388,0.229200,0.008406,0.002692,0.499997,0.057632,0.075595
fixed,2500,100,20,fsb,0.225526,0.000000,0.000000,0.256839,0.803225,0.394125,0.061287
fixed,2500,100,20,fsb,-0.732807,0.000000,0.000000,0.000000,0.499503,-0.002861,0.067117
fixed,2500,100,20,fsb,-0.567316,0.004400,0.001324,0.070903,0.498486,0.011724,0.075321
fixed,2500,100,20,fsb,-0.638506,0.000000,0.000000,0.021397,0.498626,0.002321,0.073853
fixed,2500,100,20,fsb,0.960404,0.000800,0.000565,0.000000,0.774821,-0.007056,0.048224
fixed,2500,100,20,fsb,0.647223,0.008400,0.001825,0.239938,0.859619,0.183658,0.063035
fixed,2500,100,20,fsb,-0.219624,0.086000,0.005607,0.000000,0.567723,0.176163,0.082554
fixed,2500,100,20,fsb,0.698987,0.000000,0.000000,0.173351,0.866915,0.154275,0.061329
fixed,2500,100,20,fsb,0.517324,0.000000,0.000000,0.257278,0.816153,0.200469,0.067268
fixed,2500,100,20,fsb,0.879470,0.000000,0.000000,0.000000,0.813911,0.024006,0.038497
fixed,2500,100,20,fsb,0.220810,0.000000,0.000000,0.266036,0.806019,0.400924,0.060854
fixed,2500,100,20,fsb,-0.075038,0.000000,0.000000,0.646840,0.927282,0.347746,0.074635
fixed,2500,100,20,fsb,0.001596,0.000000,0.000000,0.997915,0.999649,0.452167,0.061838
fixed,2500,100,20,fsb,-0.884853,0.000000,0.000000,0.000000,0.499253,-0.002625,0.046447
fixed,2500,100,20,fsb,0.690761,0.000000,0.000000,0.185503,0.866388,0.159686,0.061722
fixed,2500,100,20,fsb,-0.964464,0.000000,0.000000,0.048896,0.498519,0.000677,0.053370
fixed,2500,100,20,fsb,0.044164,0.000000,0.000000,0.894298,0.979074,0.496519,0.053974
fixed,2500,100,20,fsb,0.353709,0.000000,0.000000,0.194603,0.775062,0.239438,0.065094
fixed,2500,100,20,fsb,-0.822378,0.000000,0.000000,0.000000,0.499892,-0.003662,0.053927
fixed,2500,100,20,A,-0.237175,0.000000,0.000000,0.986890,0.998272,0.443140,0.060776
fixed,2500,100,20,A,0.949470,0.000000,0.000000,0.841300,0.979730,0.356996,0.076391
fixed,2500,100,20,A,0.127918,0.000000,0.000000,0.998381,0.999785,0.448430,0.063309
fixed,2500,100,20,A,0.642555,0.000000,0.000000,0.927516,0.990982,0.403526,0.070905
fixed,2500,100,20,A,0.329101,0.000000,0.000000,0.982898,0.997861,0.437575,0.065789
fixed,2500,100,20,A,-0.257466,0.000000,0.000000,0.983606,0.997998,0.441957,0.060702
fixed,2500,100,20,A,-0.247140,0.000000,0.000000,0.985949,0.998140,0.442570,0.060739
fixed,2500,100,20,A,-0.377860,0.000000,0.000000,0.967496,0.995968,0.433260,0.060395
fixed,2500,100,20,A,-0.208379,0.000000,0.000000,0.989299,0.998626,0.444671,0.060892
fixed,2500,100,20,A,0.031190,0.000000,0.000000,0.999988,1.000013,0.450138,0.062399
fixed,2500,100,20,A,0.453152,0.227200,0.008380,0.964812,0.995701,0.426308,0.067673
fixed,2500,100,20,A,0.862379,0.000000,0.000000,0.869662,0.983371,0.371008,0.074854
fixed,2500,100,20,A,-0.840330,0.000000,0.000000,0.856277,0.981715,0.379036,0.061880
fixed,2500,100,20,A,0.878714,0.000000,0.000000,0.865211,0.982715,0.368415,0.075145
fixed,2500,100,20,A,-0.765155,0.000000,0.000000,0.880166,0.984722,0.389573,0.061277
fixed,2500,100,20,A,0.052752,0.000000,0.000000,0.999937,1.000001,0.449958,0.062586
fixed,2500,100,20,A,0.988639,0.000000,0.000000,0.826476,0.977977,0.350567,0.077069
fixed,2500,100,20,A,0.208661,0.000000,0.000000,0.993585,0.999247,0.445238,0.064210
fixed,2500,100,20,A,0.609336,0.000000,0.000000,0.936453,0.991933,0.407940,0.070317
fixed,2500,100,20,A,-0.610210,0.000000,0.000000,0.921786,0.990079,0.409468,0.060520
fixed,2500,100,20,A,0.786523,0.000000,0.000000,0.891339,0.986254,0.382779,0.073492
fixed,2500,100,20,A,-0.379133,0.000000,0.000000,0.967348,0.995942,0.433153,0.060393
fixed,2500,100,20,A,0.470601,0.528400,0.009984,0.963055,0.995338,0.424472,0.067956
fixed,2500,100,20,A,-0.284736,0.000000,0.000000,0.981066,0.997600,0.440234,0.060612
fixed,2500,100,20,A,-0.588719,0.000000,0.000000,0.928297,0.990732,0.412002,0.060463
fixed,2500,100,20,A,-0.069714,0.000000,0.000000,0.997862,0.999767,0.449476,0.061641
fixed,2500,100,20,A,-0.081668,0.000000,0.000000,0.997506,0.999706,0.449236,0.061564
fixed,2500,100,20,A,0.679863,0.000000,0.000000,0.920708,0.989851,0.398387,0.071571
fixed,2500,100,20,A,-0.981169,0.000000,0.000000,0.806728,0.975369,0.358115,0.063448
fixed,2500,100,20,A,0.139613,0.692400,0.009230,0.997847,0.999726,0.448067,0.063431
fixed,2500,100,20,A,0.309967,0.000000,0.000000,0.984905,0.998128,0.439017,0.065520
fixed,2500,100,20,A,0.259803,0.000000,0.000000,0.989707,0.998744,0.442399,0.064847
fixed,2500,100,20,A,-0.692844,0.000000,0.000000,0.899533,0.987363,0.399193,0.060846
fixed,2500,100,20,A,0.646523,0.000000,0.000000,0.927058,0.990865,0.402989,0.070975
fixed,2500,100,20,A,0.722297,0.000000,0.000000,0.908836,0.988484,0.392329,0.072334
fixed,2500,100,20,A,0.910946,0.000000,0.000000,0.854741,0.981384,0.363249,0.075716
fixed,2500,100,20,A,0.840152,0.000000,0.000000,0.875982,0.984244,0.374505,0.074456
fixed,2500,100,20,A,0.564326,0.000000,0.000000,0.946273,0.993139,0.413657,0.069532
fixed,2500,100,20,A,0.638749,0.000000,0.000000,0.927956,0.991094,0.404040,0.070837
fixed,2500,100,20,A,-0.051865,0.000000,0.000000,0.998693,0.999847,0.449772,0.061762
fixed,2500,100,20,A,-0.481061,0.000000,0.000000,0.949565,0.993671,0.423723,0.060323
fixed,2500,100,20,A,0.595558,0.050000,0.004359,0.939886,0.992313,0.409723,0.070075
fixed,2500,100,20,A,0.792110,0.074400,0.005248,0.888770,0.986051,0.381929,0.073593
fixed,2500,100,20,A,-0.275686,0.000000,0.000000,0.982070,0.997736,0.440822,0.060641
fixed,2500,100,20,A,-0.484493,0.000000,0.000000,0.949692,0.993586,0.423376,0.060324
fixed,2500,100,20,A,0.826184,0.000000,0.000000,0.880089,0.984781,0.376683,0.074206
fixed,2500,100,20,A,-0.511405,0.002400,0.000979,0.942397,0.992899,0.420591,0.060338
fixed,2500,100,20,A,-0.753841,0.000000,0.000000,0.883933,0.985151,0.391113,0.061200
fixed,2500,100,20,A,-0.653997,0.000000,0.000000,0.910459,0.988680,0.404126,0.060672
fixed,2500,100,20,A,-0.428930,0.000000,0.000000,0.959353,0.994895,0.428764,0.060336
fixed,2500,100,20,A,-0.972045,0.000000,0.000000,0.810481,0.975808,0.359509,0.063330
fixed,2500,100,20,A,0.978023,0.000000,0.000000,0.830362,0.978459,0.352316,0.076886
fixed,2500,100,20,A,-0.301384,0.000000,0.000000,0.978888,0.997338,0.439109,0.060564
fixed,2500,100,20,A,-0.409415,0.000000,0.000000,0.961872,0.995320,0.430535,0.060353
fixed,2500,100,20,A,-0.933280,0.000000,0.000000,0.824329,0.977630,0.365377,0.062852
fixed,2500,100,20,A,0.728510,0.312800,0.009273,0.906363,0.988278,0.391424,0.072446
fixed,2500,100,20,A,-0.460734,0.000000,0.000000,0.953670,0.994164,0.425741,0.060322
fixed,2500,100,20,A,0.786690,0.000000,0.000000,0.891229,0.986248,0.382753,0.073495
fixed,2500,100,20,A,-0.625197,0.000000,0.000000,0.917122,0.989610,0.407667,0.060567
fixed,2500,100,20,A,0.657134,0.000000,0.000000,0.924205,0.990548,0.401540,0.071164
fixed,2500,100,20,A,0.171723,0.000000,0.000000,0.996348,0.999532,0.446896,0.063782
fixed,2500,100,20,A,0.441628,0.000000,0.000000,0.966514,0.995933,0.427488,0.067489
fixed,2500,100,20,A,-0.092666,0.000000,0.000000,0.996991,0.999643,0.448985,0.061495
fixed,2500,100,20,A,-0.892572,0.000000,0.000000,0.839659,0.979468,0.371435,0.062396
fixed,2500,100,20,A,-0.346760,0.000000,0.000000,0.972808,0.996559,0.435770,0.060452
fixed,2500,100,20,A,-0.986455,0.000000,0.000000,0.806886,0.975113,0.357306,0.063518
fixed,2500,100,20,A,-0.911790,0.000000,0.000000,0.831632,0.978610,0.368589,0.062605
fixed,2500,100,20,A,0.245145,0.000000,0.000000,0.991435,0.998901,0.443277,0.064660
fixed,2500,100,20,A,0.576612,0.000000,0.000000,0.942351,0.992819,0.412128,0.069745
fixed,2500,100,20,A,0.494897,0.000000,0.000000,0.957741,0.994808,0.421819,0.068355
fixed,2500,100,20,A,-0.262587,0.000000,0.000000,0.982638,0.997926,0.441645,0.060684
fixed,2500,100,20,A,-0.183771,0.000000,0.000000,0.991103,0.998896,0.445839,0.061002
fixed,2500,100,20,A,-0.274848,0.232400,0.008447,0.982057,0.997748,0.440876,0.060643
fixed,2500,100,20,A,-0.116731,0.000000,0.000000,0.995808,0.999485,0.448338,0.061351
fixed,2500,100,20,A,0.039165,0.000000,0.000000,0.999948,1.000011,0.450085,0.062467
fixed,2500,100,20,A,0.243622,0.104000,0.006105,0.991499,0.998917,0.443365,0.064640
fixed,2500,100,20,A,0.129768,0.000000,0.000000,0.998269,0.999776,0.448375,0.063328
fixed,2500,100,20,A,-0.851147,0.318800,0.009320,0.854724,0.981260,0.377479,0.061981
fixed,2500,100,20,A,0.131582,0.232000,0.008442,0.998159,0.999767,0.448320,0.063347
fixed,2500,100,20,A,-0.811508,0.000000,0.000000,0.864758,0.982899,0.383135,0.061630
fixed,2500,100,20,A,0.037611,0.229200,0.008406,0.999961,1.000012,0.450096,0.062454
fixed,2500,100,20,A,-0.805400,0.000000,0.000000,0.866006,0.983145,0.383994,0.061580
fixed,2500,100,20,A,-0.878885,0.000000,0.000000,0.845728,0.980069,0.373447,0.062253
fixed,2500,100,20,A,-0.183327,0.004400,0.001324,0.991143,0.998901,0.445858,0.061004
fixed,2500,100,20,A,0.054468,0.000000,0.000000,0.999946,1.000000,0.449938,0.062601
fixed,2500,100,20,A,0.909537,0.000800,0.000565,0.855194,0.981444,0.363476,0.075691
fixed,2500,100,20,A,-0.966548,0.008400,0.001825,0.812276,0.976071,0.360346,0.063259
fixed,2500,100,20,A,-0.221897,0.086000,0.005607,0.987237,0.998464,0.443974,0.060836
fixed,2500,100,20,A,0.241970,0.000000,0.000000,0.991568,0.998934,0.443460,0.064620
fixed,2500,100,20,A,-0.844482,0.000000,0.000000,0.856008,0.981540,0.378439,0.061918
fixed,2500,100,20,A,-0.836418,0.000000,0.000000,0.857693,0.981877,0.379596,0.061845
fixed,2500,100,20,A,0.233184,0.000000,0.000000,0.992165,0.999022,0.443955,0.064509
fixed,2500,100,20,A,0.752841,0.000000,0.000000,0.900044,0.987448,0.387841,0.072884
fixed,2500,100,20,A,-0.076662,0.000000,0.000000,0.997740,0.999733,0.449341,0.061596
fixed,2500,100,20,A,-0.308767,0.000000,0.000000,0.978485,0.997218,0.438593,0.060543
fixed,2500,100,20,A,-0.482255,0.000000,0.000000,0.949609,0.993641,0.423602,0.060323
fixed,2500,100,20,A,0.586982,0.000000,0.000000,0.940224,0.992545,0.410819,0.069925
fixed,2500,100,20,A,-0.674800,0.000000,0.000000,0.904242,0.987984,0.401506,0.060761
fixed,2500,100,20,A,-0.641485,0.000000,0.000000,0.913360,0.989089,0.405676,0.060624
fixed,2500,100,20,A,0.361296,0.000000,0.000000,0.978429,0.997371,0.434965,0.066255
adaptive,2500,100,20,fcl,0.774867,0.000000,0.000000,0.000000,0.498637,0.001477,0.061270
adaptive,2500,100,20,fcl,-0.783644,0.000000,0.000000,0.000000,0.407403,0.014535,0.043067
adaptive,2500,100,20,fcl,0.614500,0.000000,0.000000,0.000000,0.561870,0.020641,0.069926
adaptive,2500,100,20,fcl,-0.411354,0.000000,0.000000,0.000000,0.270912,-0.019629,0.053923
adaptive,2500,100,20,fcl,-0.300272,0.000000,0.000000,0.339184,0.325134,-0.016179,0.060161
adaptive,2500,100,20,fcl,0.755109,0.000000,0.000000,0.000000,0.498255,0.002334,0.060557
adaptive,2500,100,20,fcl,0.460662,0.000000,0.000000,0.000000,0.653517,0.088545,0.087511
adaptive,2500,100,20,fcl,-0.644311,0.000000,0.000000,0.000000,0.506331,0.020935,0.053744
adaptive,2500,100,20,fcl,-0.370511,0.000000,0.000000,0.135246,0.235179,-0.023875,0.058368
adaptive,2500,100,20,fcl,0.814300,0.000000,0.000000,0.000000,0.510417,0.000462,0.061853
adaptive,2500,100,20,fcl,0.108911,0.248157,0.003766,0.827775,0.944986,0.533337,0.064392
adaptive,2500,100,20,fcl,-0.328045,0.000000,0.000000,0.278157,0.258942,-0.022425,0.059803
adaptive,2500,100,20,fcl,0.338440,0.000000,0.000000,0.000000,0.747490,0.211021,0.089119
adaptive,2500,100,20,fcl,-0.445763,0.000520,0.000212,0.000000,0.310163,-0.013848,0.046163
adaptive,2500,100,20,fcl,0.271586,0.000000,0.000000,0.049013,0.808571,0.309763,0.085806
adaptive,2500,100,20,fcl,0.535909,0.000000,0.000000,0.000000,0.610019,0.046378,0.081446
adaptive,2500,100,20,fcl,-0.815905,0.000000,0.000000,0.000000,0.391673,0.008536,0.028770
adaptive,2500,100,20,fcl,0.911702,0.000000,0.000000,0.000000,0.570387,0.000783,0.057319
adaptive,2500,100,20,fcl,-0.992928,0.000000,0.000000,0.000000,0.226750,-0.009334,0.049638
adaptive,2500,100,20,fcl,0.767399,0.000000,0.000000,0.000000,0.497993,0.001769,0.061016
adaptive,2500,100,20,fcl,0.510233,0.000000,0.000000,0.000000,0.624719,0.058488,0.084071
adaptive,2500,100,20,fcl,0.732831,0.000000,0.000000,0.000000,0.502023,0.003662,0.059811
adaptive,2500,100,20,fcl,-0.789773,0.528803,0.003085,0.000000,0.403182,0.013456,0.040732
adaptive,2500,100,20,fcl,-0.630530,0.000000,0.000000,0.000000,0.503196,0.019510,0.050783
adaptive,2500,100,20,fcl,0.391310,0.000000,0.000000,0.000000,0.702150,0.148672,0.089487
adaptive,2500,100,20,fcl,-0.534320,0.000000,0.000000,0.000000,0.421462,0.003575,0.015456
adaptive,2500,100,20,fcl,0.415973,0.000000,0.000000,0.000000,0.683292,0.124607,0.089109
adaptive,2500,100,20,fcl,-0.740252,0.000000,0.000000,0.000000,0.453105,0.020654,0.054681
adaptive,2500,100,20,fcl,-0.770649,0.000000,0.000000,0.000000,0.418659,0.016675,0.047435
adaptive,2500,100,20,fcl,0.082660,0.689360,0.002919,0.898412,0.964531,0.538124,0.062853
adaptive,2500,100,20,fcl,-0.939880,0.000000,0.000000,0.000000,0.287720,-0.008611,0.039430
adaptive,2500,100,20,fcl,-0.840532,0.000000,0.000000,0.000000,0.380162,0.003801,0.014994
adaptive,2500,100,20,fcl,0.927860,0.000000,0.000000,0.000000,0.579847,0.001197,0.056600
adaptive,2500,100,20,fcl,-0.493526,0.000000,0.000000,0.000000,0.370129,-0.004538,0.028281
adaptive,2500,100,20,fcl,-0.380147,0.000000,0.000000,0.090470,0.241546,-0.023246,0.057686
adaptive,2500,100,20,fcl,0.506546,0.000000,0.000000,0.000000,0.626810,0.060407,0.084398
adaptive,2500,100,20,fcl,-0.080847,0.000000,0.000000,0.881706,0.945439,0.296201,0.069544
adaptive,2500,100,20,fcl,0.683010,0.000000,0.000000,0.000000,0.521814,0.008436,0.060741
adaptive,2500,100,20,fcl,-0.851287,0.000000,0.000000,0.000000,0.373654,0.001836,0.009336
adaptive,2500,100,20,fcl,0.182575,0.000000,0.000000,0.537128,0.885448,0.454892,0.074889
adaptive,2500,100,20,fcl,-0.286189,0.000000,0.000000,0.361360,0.365478,-0.010828,0.060350
adaptive,2500,100,20,fcl,-0.147227,0.081967,0.035122,0.656149,0.807588,0.155918,0.067125
adaptive,2500,100,20,fcl,-0.073225,0.066559,0.003168,0.902370,0.955877,0.312864,0.069553
adaptive,2500,100,20,fcl,-0.214081,0.000000,0.000000,0.463037,0.601755,0.048002,0.062734
adaptive,2500,100,20,fcl,-0.039983,0.000000,0.000000,0.971141,0.987637,0.383634,0.068882
adaptive,2500,100,20,fcl,0.912152,0.000000,0.000000,0.000000,0.570658,0.000793,0.057295
adaptive,2500,100,20,fcl,-0.761965,0.009850,0.000995,0.000000,0.428031,0.017973,0.049920
adaptive,2500,100,20,fcl,-0.001431,0.000000,0.000000,0.999345,0.999823,0.456463,0.066758
adaptive,2500,100,20,fcl,0.405462,0.000000,0.000000,0.000000,0.691112,0.134483,0.089311
adaptive,2500,100,20,fcl,0.701444,0.000000,0.000000,0.000000,0.513084,0.006337,0.059786
adaptive,2500,100,20,fcl,-0.844835,0.000000,0.000000,0.000000,0.377629,0.003003,0.012567
adaptive,2500,100,20,fcl,-0.837330,0.000000,0.000000,0.000000,0.381892,0.004404,0.016844
adaptive,2500,100,20,fcl,0.858914,0.000000,0.000000,0.000000,0.536085,0.000159,0.060501
adaptive,2500,100,20,fcl,0.298752,0.000000,0.000000,0.000000,0.783790,0.267288,0.087607
adaptive,2500,100,20,fcl,0.944339,0.000000,0.000000,0.000000,0.588467,0.001736,0.056310
adaptive,2500,100,20,fcl,0.071082,0.320265,0.002828,0.924074,0.972424,0.535390,0.062738
adaptive,2500,100,20,fcl,0.751319,0.000000,0.000000,0.000000,0.498585,0.002531,0.060415
adaptive,2500,100,20,fcl,-0.669966,0.000000,0.000000,0.000000,0.504929,0.022705,0.057314
adaptive,2500,100,20,fcl,0.999790,0.000000,0.000000,0.000000,0.607949,0.004421,0.060509
adaptive,2500,100,20,fcl,-0.625064,0.000000,0.000000,0.000000,0.501186,0.018864,0.049396
adaptive,2500,100,20,fcl,0.368828,0.000000,0.000000,0.000000,0.720735,0.173370,0.089534
adaptive,2500,100,20,fcl,-0.584439,0.000000,0.000000,0.000000,0.474789,0.012864,0.035163
adaptive,2500,100,20,fcl,-0.256604,0.000000,0.000000,0.398116,0.459096,0.006362,0.060965
adaptive,2500,100,20,fcl,-0.831294,0.000000,0.000000,0.000000,0.384943,0.005556,0.020332
adaptive,2500,100,20,fcl,-0.927229,0.000000,0.000000,0.000000,0.302438,-0.007801,0.035938
adaptive,2500,100,20,fcl,-0.816475,0.000000,0.000000,0.000000,0.391448,0.008426,0.028474
adaptive,2500,100,20,fcl,-0.262046,0.000000,0.000000,0.389291,0.441349,0.002534,0.060821
adaptive,2500,100,20,fcl,-0.577036,0.000000,0.000000,0.000000,0.468147,0.011589,0.031871
adaptive,2500,100,20,fcl,-0.774591,0.000000,0.000000,0.000000,0.414905,0.016049,0.046193
adaptive,2500,100,20,fcl,-0.758211,0.000000,0.000000,0.000000,0.432242,0.018496,0.050890
adaptive,2500,100,20,fcl,0.529975,0.000000,0.000000,0.000000,0.613451,0.048990,0.082108
adaptive,2500,100,20,fcl,-0.158501,0.000000,0.000000,0.618316,0.776431,0.134530,0.066395
adaptive,2500,100,20,fcl,-0.684016,0.065574,0.031694,0.000000,0.499860,0.023133,0.058247
adaptive,2500,100,20,fcl,0.777153,0.000000,0.000000,0.000000,0.498878,0.001394,0.061342
adaptive,2500,100,20,fcl,0.337793,0.000000,0.000000,0.000000,0.748071,0.211875,0.089104
adaptive,2500,100,20,fcl,-0.346551,0.065574,0.031694,0.225455,0.234026,-0.024041,0.059406
adaptive,2500,100,20,fcl,0.945888,0.000000,0.000000,0.000000,0.589222,0.001793,0.056312
adaptive,2500,100,20,fcl,-0.078863,0.299404,0.003088,0.887213,0.948269,0.300545,0.069552
adaptive,2500,100,20,fcl,-0.869837,0.229690,0.003915,0.000000,0.360158,-0.001248,0.010368
adaptive,2500,100,20,fcl,-0.820778,0.000000,0.000000,0.000000,0.389680,0.007590,0.026195
adaptive,2500,100,20,fcl,-0.792885,0.235011,0.003098,0.000000,0.401594,0.012894,0.039477
adaptive,2500,100,20,fcl,0.599251,0.000000,0.000000,0.000000,0.571465,0.024501,0.072445
adaptive,2500,100,20,fcl,0.155112,0.000000,0.000000,0.663401,0.908025,0.492725,0.070490
adaptive,2500,100,20,fcl,-0.209585,0.016814,0.001013,0.471214,0.616756,0.053677,0.062991
adaptive,2500,100,20,fcl,0.592692,0.000000,0.000000,0.000000,0.575585,0.026312,0.073509
adaptive,2500,100,20,fcl,0.068350,0.030591,0.001258,0.929931,0.974212,0.534307,0.062758
adaptive,2500,100,20,fcl,-0.965768,0.019063,0.001738,0.000000,0.257188,-0.009509,0.044867
adaptive,2500,100,20,fcl,-0.618011,0.124209,0.002598,0.000000,0.498160,0.017966,0.047423
adaptive,2500,100,20,fcl,0.345037,0.000000,0.000000,0.000000,0.741560,0.202432,0.089259
adaptive,2500,100,20,fcl,0.779149,0.000000,0.000000,0.000000,0.499113,0.001325,0.061401
adaptive,2500,100,20,fcl,-0.452167,0.000000,0.000000,0.000000,0.317956,-0.012653,0.044237
adaptive,2500,100,20,fcl,-0.671754,0.000000,0.000000,0.000000,0.504391,0.022782,0.057473
adaptive,2500,100,20,fcl,-0.338571,0.000558,0.000186,0.251040,0.242353,-0.023558,0.059606
adaptive,2500,100,20,fcl,-0.858990,0.000000,0.000000,0.000000,0.368448,0.000502,0.007392
adaptive,2500,100,20,fcl,-0.275550,0.000000,0.000000,0.373067,0.398117,-0.005636,0.060528
adaptive,2500,100,20,fcl,0.707237,0.000000,0.000000,0.000000,0.510611,0.005762,0.059650
adaptive,2500,100,20,fcl,-0.847016,0.000000,0.000000,0.000000,0.376346,0.002604,0.011396
adaptive,2500,100,20,fcl,0.978177,0.000000,0.000000,0.000000,0.602275,0.003221,0.057833
adaptive,2500,100,20,fcl,-0.536676,0.000000,0.000000,0.000000,0.424326,0.004036,0.015693
adaptive,2500,100,20,fcl,-0.749916,0.000000,0.000000,0.000000,0.441953,0.019567,0.052812
adaptive,2500,100,20,fsb,0.284027,0.000000,0.000000,0.207913,0.780343,0.307924,0.067913
adaptive,2500,100,20,fsb,0.848520,0.000000,0.000000,0.000000,0.829314,0.042769,0.044595
adaptive,2500,100,20,fsb,0.751517,0.000000,0.000000,0.076821,0.863414,0.120125,0.063279
adaptive,2500,100,20,fsb,-0.488875,0.000000,0.000000,0.001132,0.499325,0.039443,0.080089
adaptive,2500,100,20,fsb,0.545748,0.000000,0.000000,0.266729,0.826725,0.216999,0.069880
adaptive,2500,100,20,fsb,-0.418063,0.000000,0.000000,0.000000,0.499966,0.059165,0.080911
adaptive,2500,100,20,fsb,0.404158,0.000000,0.000000,0.204188,0.781901,0.203023,0.067628
adaptive,2500,100,20,fsb,0.173484,0.000000,0.000000,0.363254,0.841311,0.487567,0.056983
adaptive,2500,100,20,fsb,0.494124,0.000000,0.000000,0.239635,0.807806,0.205026,0.071651
adaptive,2500,100,20,fsb,-0.732807,0.000000,0.000000,0.000000,0.499503,0.002622,0.073904
adaptive,2500,100,20,fsb,0.360724,0.248157,0.003766,0.193340,0.775565,0.224593,0.066043
adaptive,2500,100,20,fsb,0.706238,0.000000,0.000000,0.162219,0.867104,0.160262,0.066817
adaptive,2500,100,20,fsb,-0.235826,0.000000,0.000000,0.000000,0.543418,0.144121,0.091666
adaptive,2500,100,20,fsb,-0.618817,0.000520,0.000212,0.065908,0.498462,0.013683,0.079886
adaptive,2500,100,20,fsb,-0.464175,0.000000,0.000000,0.000000,0.499604,0.045961,0.080111
adaptive,2500,100,20,fsb,0.681086,0.000000,0.000000,0.199783,0.865457,0.180455,0.067170
adaptive,2500,100,20,fsb,0.570243,0.000000,0.000000,0.271038,0.835781,0.220142,0.068465
adaptive,2500,100,20,fsb,0.139605,0.000000,0.000000,0.463718,0.874926,0.530659,0.049594
adaptive,2500,100,20,fsb,-0.027148,0.000000,0.000000,0.954930,0.991256,0.414198,0.073699
adaptive,2500,100,20,fsb,-0.543425,0.000000,0.000000,0.047616,0.498696,0.026698,0.080295
adaptive,2500,100,20,fsb,0.586409,0.000000,0.000000,0.269340,0.841554,0.220279,0.067642
adaptive,2500,100,20,fsb,0.675773,0.000000,0.000000,0.206838,0.864800,0.184363,0.067149
adaptive,2500,100,20,fsb,-0.331653,0.528803,0.003085,0.000000,0.500146,0.089426,0.085971
adaptive,2500,100,20,fsb,-0.924197,0.000000,0.000000,0.000000,0.498916,-0.001815,0.051081
adaptive,2500,100,20,fsb,-0.737346,0.000000,0.000000,0.000000,0.499551,0.002323,0.073422
adaptive,2500,100,20,fsb,0.018849,0.000000,0.000000,0.974594,0.995296,0.487675,0.061295
adaptive,2500,100,20,fsb,-0.249042,0.000000,0.000000,0.000000,0.528749,0.134495,0.091185
adaptive,2500,100,20,fsb,-0.818802,0.000000,0.000000,0.000000,0.499923,-0.001665,0.060397
adaptive,2500,100,20,fsb,0.321068,0.000000,0.000000,0.196494,0.775038,0.260710,0.066741
adaptive,2500,100,20,fsb,0.102230,0.689360,0.002919,0.618885,0.917388,0.552455,0.045097
adaptive,2500,100,20,fsb,0.923322,0.000000,0.000000,0.000000,0.791847,0.010264,0.044985
adaptive,2500,100,20,fsb,-0.564005,0.000000,0.000000,0.067378,0.498511,0.022593,0.080314
adaptive,2500,100,20,fsb,0.247142,0.000000,0.000000,0.240514,0.792461,0.365163,0.067424
adaptive,2500,100,20,fsb,0.027372,0.000000,0.000000,0.952826,0.991022,0.499677,0.058825
adaptive,2500,100,20,fsb,0.469116,0.000000,0.000000,0.232748,0.799352,0.200116,0.071296
adaptive,2500,100,20,fsb,0.555917,0.000000,0.000000,0.269995,0.830513,0.218664,0.069293
adaptive,2500,100,20,fsb,-0.894289,0.000000,0.000000,0.000000,0.499176,-0.002487,0.049526
adaptive,2500,100,20,fsb,-0.668510,0.000000,0.000000,0.000000,0.498931,0.007874,0.078451
adaptive,2500,100,20,fsb,0.797028,0.000000,0.000000,0.000714,0.851178,0.080467,0.055460
adaptive,2500,100,20,fsb,-0.972363,0.000000,0.000000,0.066257,0.498460,0.000436,0.060163
adaptive,2500,100,20,fsb,0.181870,0.000000,0.000000,0.341467,0.834034,0.474683,0.058760
adaptive,2500,100,20,fsb,-0.412337,0.081967,0.035122,0.001470,0.499985,0.060905,0.081107
adaptive,2500,100,20,fsb,0.828671,0.066559,0.003168,0.000000,0.838506,0.056051,0.048561
adaptive,2500,100,20,fsb,0.125764,0.000000,0.000000,0.516851,0.890184,0.542463,0.047147
adaptive,2500,100,20,fsb,0.883837,0.000000,0.000000,0.000000,0.811686,0.023868,0.041021
adaptive,2500,100,20,fsb,0.890708,0.000000,0.000000,0.000000,0.808185,0.020939,0.041108
adaptive,2500,100,20,fsb,0.391696,0.009850,0.000995,0.200267,0.779564,0.207359,0.066944
adaptive,2500,100,20,fsb,-0.889970,0.000000,0.000000,0.000000,0.499211,-0.002535,0.049651
adaptive,2500,100,20,fsb,-0.540953,0.000000,0.000000,0.044364,0.498722,0.027219,0.080289
adaptive,2500,100,20,fsb,-0.083522,0.000000,0.000000,0.573173,0.909499,0.321422,0.084539
adaptive,2500,100,20,fsb,0.120621,0.000000,0.000000,0.541384,0.896069,0.545781,0.046435
adaptive,2500,100,20,fsb,0.024069,0.000000,0.000000,0.962423,0.992921,0.495117,0.059781
adaptive,2500,100,20,fsb,0.313567,0.000000,0.000000,0.199166,0.775612,0.269281,0.067010
adaptive,2500,100,20,fsb,-0.678687,0.000000,0.000000,0.000000,0.499025,0.006898,0.077972
adaptive,2500,100,20,fsb,-0.858973,0.000000,0.000000,0.000000,0.499497,-0.002524,0.052856
adaptive,2500,100,20,fsb,0.610321,0.320265,0.002828,0.262842,0.849508,0.216892,0.066861
adaptive,2500,100,20,fsb,0.857613,0.000000,0.000000,0.000000,0.824881,0.037299,0.043127
adaptive,2500,100,20,fsb,0.133900,0.000000,0.000000,0.485822,0.881120,0.536011,0.048506
adaptive,2500,100,20,fsb,0.405965,0.000000,0.000000,0.204805,0.782259,0.202511,0.067737
adaptive,2500,100,20,fsb,-0.781586,0.000000,0.000000,0.000000,0.499974,-0.000173,0.067328
adaptive,2500,100,20,fsb,0.920666,0.000000,0.000000,0.000000,0.793136,0.010945,0.044491
adaptive,2500,100,20,fsb,0.294206,0.000000,0.000000,0.206440,0.778246,0.293774,0.067670
adaptive,2500,100,20,fsb,0.416377,0.000000,0.000000,0.210059,0.784541,0.200111,0.068398
adaptive,2500,100,20,fsb,0.944898,0.000000,0.000000,0.000000,0.781667,0.005827,0.049738
adaptive,2500,100,20,fsb,-0.639176,0.000000,0.000000,0.019925,0.498632,0.011074,0.079456
adaptive,2500,100,20,fsb,-0.921137,0.000000,0.000000,0.000000,0.498946,-0.001911,0.050737
adaptive,2500,100,20,fsb,0.756993,0.000000,0.000000,0.063809,0.862387,0.115201,0.062553
adaptive,2500,100,20,fsb,0.911249,0.000000,0.000000,0.000000,0.797801,0.013618,0.042959
adaptive,2500,100,20,fsb,-0.913294,0.000000,0.000000,0.000000,0.499017,-0.002129,0.050037
adaptive,2500,100,20,fsb,0.890805,0.000000,0.000000,0.000000,0.808136,0.020900,0.041111
adaptive,2500,100,20,fsb,-0.622565,0.000000,0.000000,0.059868,0.498490,0.013176,0.079821
adaptive,2500,100,20,fsb,0.882697,0.000000,0.000000,0.000000,0.812266,0.024377,0.041034
adaptive,2500,100,20,fsb,-0.522885,0.065574,0.031694,0.024255,0.498922,0.031198,0.080223
adaptive,2500,100,20,fsb,-0.147809,0.000000,0.000000,0.075628,0.739497,0.230998,0.090858
adaptive,2500,100,20,fsb,-0.626587,0.000000,0.000000,0.053385,0.498519,0.012646,0.079744
adaptive,2500,100,20,fsb,-0.575319,0.065574,0.031694,0.075047,0.498439,0.020514,0.080292
adaptive,2500,100,20,fsb,-0.849844,0.000000,0.000000,0.000000,0.499598,-0.002407,0.054385
adaptive,2500,100,20,fsb,0.088922,0.299404,0.003088,0.682991,0.932870,0.552026,0.045496
adaptive,2500,100,20,fsb,-0.221497,0.229690,0.003915,0.000000,0.564634,0.155481,0.092032
adaptive,2500,100,20,fsb,0.629221,0.000000,0.000000,0.256407,0.855091,0.210891,0.066688
adaptive,2500,100,20,fsb,-0.408388,0.235011,0.003098,0.002692,0.499997,0.062119,0.081256
adaptive,2500,100,20,fsb,0.225526,0.000000,0.000000,0.256839,0.803225,0.401607,0.065728
adaptive,2500,100,20,fsb,-0.732807,0.000000,0.000000,0.000000,0.499503,0.002622,0.073904
adaptive,2500,100,20,fsb,-0.567316,0.016814,0.001013,0.070903,0.498486,0.021971,0.080311
adaptive,2500,100,20,fsb,-0.638506,0.000000,0.000000,0.021397,0.498626,0.011154,0.079473
adaptive,2500,100,20,fsb,0.960404,0.030591,0.001258,0.000000,0.774821,0.003711,0.053662
adaptive,2500,100,20,fsb,0.647223,0.019063,0.001738,0.239938,0.859619,0.202472,0.066815
adaptive,2500,100,20,fsb,-0.219624,0.124209,0.002598,0.000000,0.567723,0.157040,0.092067
adaptive,2500,100,20,fsb,0.698987,0.000000,0.000000,0.173351,0.866915,0.166328,0.067012
adaptive,2500,100,20,fsb,0.517324,0.000000,0.000000,0.257278,0.816153,0.210666,0.071210
adaptive,2500,100,20,fsb,0.879470,0.000000,0.000000,0.000000,0.813911,0.025857,0.041111
adaptive,2500,100,20,fsb,0.220810,0.000000,0.000000,0.266036,0.806019,0.409676,0.065199
adaptive,2500,100,20,fsb,-0.075038,0.000558,0.000186,0.646840,0.927282,0.334849,0.083248
adaptive,2500,100,20,fsb,0.001596,0.000000,0.000000,0.997915,0.999649,0.461401,0.066215
adaptive,2500,100,20,fsb,-0.884853,0.000000,0.000000,0.000000,0.499253,-0.002576,0.049912
adaptive,2500,100,20,fsb,0.690761,0.000000,0.000000,0.185503,0.866388,0.172986,0.067135
adaptive,2500,100,20,fsb,-0.964464,0.000000,0.000000,0.048896,0.498519,-0.000021,0.058359
adaptive,2500,100,20,fsb,0.044164,0.000000,0.000000,0.894298,0.979074,0.520716,0.054082
adaptive,2500,100,20,fsb,0.353709,0.000000,0.000000,0.194603,0.775062,0.229829,0.066029
adaptive,2500,100,20,fsb,-0.822378,0.000000,0.000000,0.000000,0.499892,-0.001776,0.059683
adaptive,2500,100,20,A,-0.237175,0.000000,0.000000,0.986890,0.998272,0.447608,0.065109
adaptive,2500,100,20,A,0.949470,0.000000,0.000000,0.841300,0.979730,0.372342,0.082484
adaptive,2500,100,20,A,0.127918,0.000000,0.000000,0.998381,0.999785,0.459056,0.067891
adaptive,2500,100,20,A,0.642555,0.000000,0.000000,0.927516,0.990982,0.418657,0.076198
adaptive,2500,100,20,A,0.329101,0.000000,0.000000,0.982898,0.997861,0.450642,0.070537
adaptive,2500,100,20,A,-0.257466,0.000000,0.000000,0.983606,0.997998,0.446046,0.065011
adaptive,2500,100,20,A,-0.247140,0.000000,0.000000,0.985949,0.998140,0.446852,0.065061
adaptive,2500,100,20,A,-0.377860,0.000000,0.000000,0.967496,0.995968,0.435091,0.064533
adaptive,2500,100,20,A,-0.208379,0.000000,0.000000,0.989299,0.998626,0.449674,0.065256
adaptive,2500,100,20,A,0.031190,0.000000,0.000000,0.999988,1.000013,0.459309,0.066929
adaptive,2500,100,20,A,0.453152,0.248157,0.003766,0.964812,0.995701,0.440443,0.072593
adaptive,2500,100,20,A,0.862379,0.000000,0.000000,0.869662,0.983371,0.386443,0.080706
adaptive,2500,100,20,A,-0.840330,0.000000,0.000000,0.856277,0.981715,0.373269,0.065223
adaptive,2500,100,20,A,0.878714,0.000520,0.000212,0.865211,0.982715,0.383842,0.081042
adaptive,2500,100,20,A,-0.765155,0.000000,0.000000,0.880166,0.984722,0.384832,0.064703
adaptive,2500,100,20,A,0.052752,0.000000,0.000000,0.999937,1.000001,0.459467,0.067127
adaptive,2500,100,20,A,0.988639,0.000000,0.000000,0.826476,0.977977,0.365840,0.083272
adaptive,2500,100,20,A,0.208661,0.000000,0.000000,0.993585,0.999247,0.456945,0.068846
adaptive,2500,100,20,A,0.609336,0.000000,0.000000,0.936453,0.991933,0.422950,0.075536
adaptive,2500,100,20,A,-0.610210,0.000000,0.000000,0.921786,0.990079,0.407141,0.064215
adaptive,2500,100,20,A,0.786523,0.000000,0.000000,0.891339,0.986254,0.398201,0.079141
adaptive,2500,100,20,A,-0.379133,0.000000,0.000000,0.967348,0.995942,0.434960,0.064529
adaptive,2500,100,20,A,0.470601,0.528803,0.003085,0.963055,0.995338,0.438730,0.072905
adaptive,2500,100,20,A,-0.284736,0.000000,0.000000,0.981066,0.997600,0.443812,0.064888
adaptive,2500,100,20,A,-0.588719,0.000000,0.000000,0.928297,0.990732,0.410036,0.064200
adaptive,2500,100,20,A,-0.069714,0.000000,0.000000,0.997862,0.999767,0.456971,0.066115
adaptive,2500,100,20,A,-0.081668,0.000000,0.000000,0.997506,0.999706,0.456523,0.066030
adaptive,2500,100,20,A,0.679863,0.000000,0.000000,0.920708,0.989851,0.413630,0.076951
adaptive,2500,100,20,A,-0.981169,0.000000,0.000000,0.806728,0.975369,0.350716,0.066759
adaptive,2500,100,20,A,0.139613,0.689360,0.002919,0.997847,0.999726,0.458858,0.068020
adaptive,2500,100,20,A,0.309967,0.000000,0.000000,0.984905,0.998128,0.451888,0.070247
adaptive,2500,100,20,A,0.259803,0.000000,0.000000,0.989707,0.998744,0.454721,0.069525
adaptive,2500,100,20,A,-0.692844,0.000000,0.000000,0.899533,0.987363,0.395532,0.064386
adaptive,2500,100,20,A,0.646523,0.000000,0.000000,0.927058,0.990865,0.418133,0.076277
adaptive,2500,100,20,A,0.722297,0.000000,0.000000,0.908836,0.988484,0.407667,0.077818
adaptive,2500,100,20,A,0.910946,0.000000,0.000000,0.854741,0.981384,0.378647,0.081702
adaptive,2500,100,20,A,0.840152,0.000000,0.000000,0.875982,0.984244,0.389945,0.080248
adaptive,2500,100,20,A,0.564326,0.000000,0.000000,0.946273,0.993139,0.428466,0.074656
adaptive,2500,100,20,A,0.638749,0.000000,0.000000,0.927956,0.991094,0.419158,0.076121
adaptive,2500,100,20,A,-0.051865,0.000000,0.000000,0.998693,0.999847,0.457574,0.066247
adaptive,2500,100,20,A,-0.481061,0.000000,0.000000,0.949565,0.993671,0.423651,0.064274
adaptive,2500,100,20,A,0.595558,0.081967,0.035122,0.939886,0.992313,0.424676,0.075264
adaptive,2500,100,20,A,0.792110,0.066559,0.003168,0.888770,0.986051,0.397355,0.079256
adaptive,2500,100,20,A,-0.275686,0.000000,0.000000,0.982070,0.997736,0.444570,0.064928
adaptive,2500,100,20,A,-0.484493,0.000000,0.000000,0.949692,0.993586,0.423242,0.064268
adaptive,2500,100,20,A,0.826184,0.000000,0.000000,0.880089,0.984781,0.392123,0.079960
adaptive,2500,100,20,A,-0.511405,0.009850,0.000995,0.942397,0.992899,0.419974,0.064230
adaptive,2500,100,20,A,-0.753841,0.000000,0.000000,0.883933,0.985151,0.386535,0.064642
adaptive,2500,100,20,A,-0.653997,0.000000,0.000000,0.910459,0.988680,0.401079,0.064282
adaptive,2500,100,20,A,-0.428930,0.000000,0.000000,0.959353,0.994895,0.429646,0.064385
adaptive,2500,100,20,A,-0.972045,0.000000,0.000000,0.810481,0.975808,0.352203,0.066637
adaptive,2500,100,20,A,0.978023,0.000000,0.000000,0.830362,0.978459,0.367611,0.083059
adaptive,2500,100,20,A,-0.301384,0.000000,0.000000,0.978888,0.997338,0.442375,0.064817
adaptive,2500,100,20,A,-0.409415,0.000000,0.000000,0.961872,0.995320,0.431778,0.064437
adaptive,2500,100,20,A,-0.933280,0.000000,0.000000,0.824329,0.977630,0.358489,0.066153
adaptive,2500,100,20,A,0.728510,0.320265,0.002828,0.906363,0.988278,0.406774,0.077945
adaptive,2500,100,20,A,-0.460734,0.000000,0.000000,0.953670,0.994164,0.426039,0.064312
adaptive,2500,100,20,A,0.786690,0.000000,0.000000,0.891229,0.986248,0.398176,0.079144
adaptive,2500,100,20,A,-0.625197,0.000000,0.000000,0.917122,0.989610,0.405090,0.064232
adaptive,2500,100,20,A,0.657134,0.000000,0.000000,0.924205,0.990548,0.416718,0.076491
adaptive,2500,100,20,A,0.171723,0.000000,0.000000,0.996348,0.999532,0.458125,0.068391
adaptive,2500,100,20,A,0.441628,0.000000,0.000000,0.966514,0.995933,0.441538,0.072390
adaptive,2500,100,20,A,-0.092666,0.000000,0.000000,0.996991,0.999643,0.456080,0.065954
adaptive,2500,100,20,A,-0.892572,0.000000,0.000000,0.839659,0.979468,0.365018,0.065705
adaptive,2500,100,20,A,-0.346760,0.000000,0.000000,0.972808,0.996559,0.438184,0.064640
adaptive,2500,100,20,A,-0.986455,0.000000,0.000000,0.806886,0.975113,0.349852,0.066831
adaptive,2500,100,20,A,-0.911790,0.000000,0.000000,0.831632,0.978610,0.361946,0.065909
adaptive,2500,100,20,A,0.245145,0.000000,0.000000,0.991435,0.998901,0.455428,0.069324
adaptive,2500,100,20,A,0.576612,0.000000,0.000000,0.942351,0.992819,0.426996,0.074894
adaptive,2500,100,20,A,0.494897,0.000000,0.000000,0.957741,0.994808,0.436238,0.073346
adaptive,2500,100,20,A,-0.262587,0.000000,0.000000,0.982638,0.997926,0.445638,0.064988
adaptive,2500,100,20,A,-0.183771,0.000000,0.000000,0.991103,0.998896,0.451295,0.065390
adaptive,2500,100,20,A,-0.274848,0.065574,0.031694,0.982057,0.997748,0.444640,0.064932
adaptive,2500,100,20,A,-0.116731,0.000000,0.000000,0.995808,0.999485,0.455008,0.065794
adaptive,2500,100,20,A,0.039165,0.000000,0.000000,0.999948,1.000011,0.459382,0.067001
adaptive,2500,100,20,A,0.243622,0.065574,0.031694,0.991499,0.998917,0.455498,0.069304
adaptive,2500,100,20,A,0.129768,0.000000,0.000000,0.998269,0.999776,0.459027,0.067911
adaptive,2500,100,20,A,-0.851147,0.299404,0.003088,0.854724,0.981260,0.371574,0.065314
adaptive,2500,100,20,A,0.131582,0.229690,0.003915,0.998159,0.999767,0.458998,0.067931
adaptive,2500,100,20,A,-0.811508,0.000000,0.000000,0.864758,0.982899,0.377749,0.065000
adaptive,2500,100,20,A,0.037611,0.235011,0.003098,0.999961,1.000012,0.459369,0.066987
adaptive,2500,100,20,A,-0.805400,0.000000,0.000000,0.866006,0.983145,0.378691,0.064956
adaptive,2500,100,20,A,-0.878885,0.000000,0.000000,0.845728,0.980069,0.367195,0.065569
adaptive,2500,100,20,A,-0.183327,0.016814,0.001013,0.991143,0.998901,0.451323,0.065392
adaptive,2500,100,20,A,0.054468,0.000000,0.000000,0.999946,1.000000,0.459474,0.067143
adaptive,2500,100,20,A,0.909537,0.030591,0.001258,0.855194,0.981444,0.378875,0.081673
adaptive,2500,100,20,A,-0.966548,0.019063,0.001738,0.812276,0.976071,0.353098,0.066565
adaptive,2500,100,20,A,-0.221897,0.124209,0.002598,0.987237,0.998464,0.448726,0.065186
adaptive,2500,100,20,A,0.241970,0.000000,0.000000,0.991568,0.998934,0.455574,0.069282
adaptive,2500,100,20,A,-0.844482,0.000000,0.000000,0.856008,0.981540,0.372619,0.065257
adaptive,2500,100,20,A,-0.836418,0.000000,0.000000,0.857693,0.981877,0.373880,0.065190
adaptive,2500,100,20,A,0.233184,0.000000,0.000000,0.992165,0.999022,0.455964,0.069164
adaptive,2500,100,20,A,0.752841,0.000558,0.000186,0.900044,0.987448,0.403227,0.078446
adaptive,2500,100,20,A,-0.076662,0.000000,0.000000,0.997740,0.999733,0.456715,0.066066
adaptive,2500,100,20,A,-0.308767,0.000000,0.000000,0.978485,0.997218,0.441720,0.064786
adaptive,2500,100,20,A,-0.482255,0.000000,0.000000,0.949609,0.993641,0.423509,0.064272
adaptive,2500,100,20,A,0.586982,0.000000,0.000000,0.940224,0.992545,0.425734,0.075096
adaptive,2500,100,20,A,-0.674800,0.000000,0.000000,0.904242,0.987984,0.398127,0.064332
adaptive,2500,100,20,A,-0.641485,0.000000,0.000000,0.913360,0.989089,0.402832,0.064258
adaptive,2500,100,20,A,0.361296,0.000000,0.000000,0.978429,0.997371,0.448341,0.071042
fixed,50,250,34,fcl,0.084339,0.000000,0.000000,0.894619,0.963359,0.000657,0.003808
fixed,50,250,34,fcl,-0.620085,0.000000,0.000000,0.000000,0.499057,-0.000013,0.001539
fixed,50,250,34,fcl,0.274253,0.000000,0.000000,0.033622,0.806160,0.000208,0.003444
fixed,50,250,34,fcl,-0.913375,0.000000,0.000000,0.000000,0.318014,0.000037,0.002454
fixed,50,250,34,fcl,0.710223,0.000000,0.000000,0.000000,0.509421,-0.000057,0.002700
fixed,50,250,34,fcl,-0.531949,0.000000,0.000000,0.000000,0.418581,0.000004,0.001011
fixed,50,250,34,fcl,-0.643352,0.160000,0.051846,0.000000,0.506188,-0.000019,0.001731
fixed,50,250,34,fcl,0.730829,0.000000,0.000000,0.000000,0.502525,-0.000056,0.002703
fixed,50,250,34,fcl,0.994326,0.000000,0.000000,0.000000,0.606703,0.000002,0.002070
fixed,50,250,34,fcl,-0.962011,0.000000,0.000000,0.000000,0.261583,0.000099,0.003080
fixed,50,250,34,fcl,0.170041,0.000000,0.000000,0.595786,0.895792,0.000477,0.003643
fixed,50,250,34,fcl,0.487402,0.000000,0.000000,0.000000,0.637707,-0.000084,0.003272
fixed,50,250,34,fcl,0.852866,0.000000,0.000000,0.000000,0.532203,-0.000060,0.002645
fixed,50,250,34,fcl,-0.257944,0.000000,0.000000,0.395943,0.454725,0.000265,0.002713
fixed,50,250,34,fcl,0.541719,0.000000,0.000000,0.000000,0.606626,-0.000088,0.003092
fixed,50,250,34,fcl,-0.125417,0.060000,0.033586,0.734133,0.862036,0.000575,0.003085
fixed,50,250,34,fcl,0.334612,0.000000,0.000000,0.000000,0.750952,0.000075,0.003422
fixed,50,250,34,fcl,0.727590,0.000000,0.000000,0.000000,0.503408,-0.000056,0.002702
fixed,50,250,34,fcl,0.719740,0.000000,0.000000,0.000000,0.505905,-0.000056,0.002701
fixed,50,250,34,fcl,0.746177,0.000000,0.000000,0.000000,0.499255,-0.000055,0.002708
fixed,50,250,34,fcl,-0.750219,0.000000,0.000000,0.000000,0.441598,-0.000036,0.002114
fixed,50,250,34,fcl,0.325240,0.000000,0.000000,0.000000,0.759480,0.000094,0.003422
fixed,50,250,34,fcl,-0.910660,0.000000,0.000000,0.000000,0.321009,0.000034,0.002428
fixed,50,250,34,fcl,-0.166728,0.000000,0.000000,0.590148,0.752672,0.000480,0.002900
fixed,50,250,34,fcl,0.817115,0.000000,0.000000,0.000000,0.511716,-0.000058,0.002704
fixed,50,250,34,fcl,-0.425443,0.000000,0.000000,0.000000,0.286381,0.000039,0.001961
fixed,50,250,34,fcl,0.503578,0.000000,0.000000,0.000000,0.628494,-0.000087,0.003224
fixed,50,250,34,fcl,-0.349926,0.240000,0.060399,0.212796,0.232798,0.000107,0.002488
fixed,50,250,34,fcl,0.308943,0.000000,0.000000,0.000000,0.774424,0.000128,0.003425
fixed,50,250,34,fcl,0.670118,0.000000,0.000000,0.000000,0.528603,-0.000063,0.002721
fixed,50,250,34,fcl,-0.485127,0.000000,0.000000,0.000000,0.359366,0.000014,0.001355
fixed,50,250,34,fcl,0.778668,0.000000,0.000000,0.000000,0.499037,-0.000055,0.002717
fixed,50,250,34,fcl,-0.089709,0.160000,0.051846,0.855462,0.931932,0.000643,0.003281
fixed,50,250,34,fcl,-0.923237,0.000000,0.000000,0.000000,0.306996,0.000047,0.002558
fixed,50,250,34,fcl,0.662421,0.000000,0.000000,0.000000,0.532897,-0.000064,0.002731
fixed,50,250,34,fcl,-0.548943,0.000000,0.000000,0.000000,0.438684,0.000001,0.001005
fixed,50,250,34,fcl,-0.439427,0.000000,0.000000,0.000000,0.302596,0.000031,0.001827
fixed,50,250,34,fcl,-0.225281,0.000000,0.000000,0.443370,0.564115,0.000339,0.002754
fixed,50,250,34,fcl,-0.029290,0.400000,0.069282,0.984314,0.993492,0.000714,0.003596
fixed,50,250,34,fcl,0.364519,0.020000,0.019799,0.000000,0.724431,0.000023,0.003422
fixed,50,250,34,fcl,0.772016,0.000000,0.000000,0.000000,0.498337,-0.000055,0.002716
fixed,50,250,34,fcl,-0.280085,0.000000,0.000000,0.368126,0.384149,0.000220,0.002685
fixed,50,250,34,fcl,0.692498,0.000000,0.000000,0.000000,0.517158,-0.000059,0.002704
fixed,50,250,34,fcl,-0.352073,0.000000,0.000000,0.204678,0.232101,0.000104,0.002478
fixed,50,250,34,fcl,0.202933,0.440000,0.070200,0.434875,0.868458,0.000392,0.003562
fixed,50,250,34,fcl,-0.754064,0.000000,0.000000,0.000000,0.437096,-0.000036,0.002114
fixed,50,250,34,fcl,0.213168,0.000000,0.000000,0.378124,0.859804,0.000365,0.003538
fixed,50,250,34,fcl,0.087258,0.200000,0.056569,0.887710,0.961258,0.000652,0.003806
fixed,50,250,34,fcl,0.731115,0.000000,0.000000,0.000000,0.502453,-0.000056,0.002703
fixed,50,250,34,fcl,-0.881904,0.000000,0.000000,0.000000,0.349757,0.000008,0.002214
fixed,50,250,34,fcl,-0.240301,0.000000,0.000000,0.420571,0.513471,0.000304,0.002734
fixed,50,250,34,fcl,-0.720295,0.000000,0.000000,0.000000,0.474032,-0.000033,0.002085
fixed,50,250,34,fcl,0.845714,0.000000,0.000000,0.000000,0.527707,-0.000060,0.002662
fixed,50,250,34,fcl,-0.980663,0.000000,0.000000,0.000000,0.240091,0.000129,0.003386
fixed,50,250,34,fcl,0.769229,0.000000,0.000000,0.000000,0.498043,-0.000055,0.002716
fixed,50,250,34,fcl,-0.673113,0.000000,0.000000,0.000000,0.503983,-0.000025,0.001922
fixed,50,250,34,fcl,-0.790581,0.000000,0.000000,0.000000,0.402770,-0.000033,0.002097
fixed,50,250,34,fcl,0.707020,0.000000,0.000000,0.000000,0.510704,-0.000058,0.002700
fixed,50,250,34,fcl,-0.013052,0.040000,0.027713,0.996483,0.998718,0.000722,0.003662
fixed,50,250,34,fcl,-0.019024,0.900000,0.042426,0.992841,0.997257,0.000720,0.003639
fixed,50,250,34,fcl,0.697986,0.000000,0.000000,0.000000,0.514581,-0.000059,0.002702
fixed,50,250,34,fcl,0.982916,0.000000,0.000000,0.000000,0.603712,-0.000011,0.002076
fixed,50,250,34,fcl,0.769182,0.000000,0.000000,0.000000,0.498038,-0.000055,0.002716
fixed,50,250,34,fcl,0.871298,0.000000,0.000000,0.000000,0.544239,-0.000060,0.002591
fixed,50,250,34,fcl,-0.406608,0.000000,0.000000,0.000555,0.265869,0.000051,0.002125
fixed,50,250,34,fcl,-0.235184,0.000000,0.000000,0.428882,0.530687,0.000316,0.002740
fixed,50,250,34,fcl,-0.544690,0.000000,0.000000,0.000000,0.433763,0.000002,0.000999
fixed,50,250,34,fcl,-0.428094,0.000000,0.000000,0.000000,0.289383,0.000037,0.001936
fixed,50,250,34,fcl,-0.594082,0.000000,0.000000,0.000000,0.482732,-0.000008,0.001301
fixed,50,250,34,fcl,0.604839,0.000000,0.000000,0.000000,0.567945,-0.000077,0.002865
fixed,50,250,34,fcl,-0.113507,0.000000,0.000000,0.777403,0.888017,0.000599,0.003148
fixed,50,250,34,fcl,0.653022,0.000000,0.000000,0.000000,0.538308,-0.000066,0.002745
fixed,50,250,34,fcl,0.938666,0.000000,0.000000,0.000000,0.585655,-0.000045,0.002262
fixed,50,250,34,fcl,0.119082,0.180000,0.054332,0.796310,0.937028,0.000594,0.003761
fixed,50,250,34,fcl,-0.449955,0.000000,0.000000,0.000000,0.315249,0.000026,0.001721
fixed,50,250,34,fcl,-0.606180,0.060000,0.033586,0.000000,0.491353,-0.000010,0.001412
fixed,50,250,34,fcl,-0.821004,0.000000,0.000000,0.000000,0.389581,-0.000026,0.002079
fixed,50,250,34,fcl,-0.201255,0.000000,0.000000,0.488901,0.644296,0.000396,0.002798
fixed,50,250,34,fcl,-0.478699,0.000000,0.000000,0.000000,0.351152,0.000016,0.001421
fixed,50,250,34,fcl,0.844428,0.000000,0.000000,0.000000,0.526915,-0.000060,0.002664
fixed,50,250,34,fcl,0.848467,0.000000,0.000000,0.000000,0.529400,-0.000060,0.002656
fixed,50,250,34,fcl,-0.347069,0.240000,0.060399,0.223600,0.233726,0.000111,0.002501
fixed,50,250,34,fcl,-0.406271,0.000000,0.000000,0.000992,0.265530,0.000051,0.002128
fixed,50,250,34,fcl,-0.191395,0.000000,0.000000,0.513955,0.676336,0.000420,0.002822
fixed,50,250,34,fcl,0.191155,0.000000,0.000000,0.494951,0.878319,0.000423,0.003590
fixed,50,250,34,fcl,-0.874104,0.380000,0.068644,0.000000,0.356549,0.000002,0.002175
fixed,50,250,34,fcl,0.913565,0.000000,0.000000,0.000000,0.571509,-0.000055,0.002403
fixed,50,250,34,fcl,-0.663966,0.320000,0.065970,0.000000,0.506071,-0.000023,0.001870
fixed,50,250,34,fcl,0.225723,0.000000,0.000000,0.312036,0.849079,0.000332,0.003513
fixed,50,250,34,fcl,0.424239,0.060000,0.033586,0.000000,0.677389,-0.000049,0.003393
fixed,50,250,34,fcl,-0.220848,0.000000,0.000000,0.451094,0.579037,0.000349,0.002761
fixed,50,250,34,fcl,-0.248785,0.000000,0.000000,0.407613,0.485054,0.000285,0.002724
fixed,50,250,34,fcl,-0.298045,0.000000,0.000000,0.343472,0.331210,0.000186,0.002654
fixed,50,250,34,fcl,0.125323,0.300000,0.064807,0.777165,0.932087,0.000581,0.003749
fixed,50,250,34,fcl,-0.703485,0.460000,0.070484,0.000000,0.488180,-0.000031,0.002046
fixed,50,250,34,fcl,-0.797419,0.000000,0.000000,0.000000,0.399280,-0.000032,0.002092
fixed,50,250,34,fcl,-0.828630,0.000000,0.000000,0.000000,0.386254,-0.000023,0.002080
fixed,50,250,34,fcl,-0.490531,0.000000,0.000000,0.000000,0.366286,0.000013,0.001301
fixed,50,250,34,fcl,-0.253189,0.000000,0.000000,0.402342,0.470423,0.000276,0.002719
fixed,50,250,34,fcl,0.550801,0.000000,0.000000,0.000000,0.601268,-0.000087,0.003058
fixed,50,250,34,fcl,-0.844636,0.000000,0.000000,0.000000,0.377746,-0.000016,0.002092
fixed,50,250,34,fcl,0.587167,0.000000,0.000000,0.000000,0.579048,-0.000081,0.002924
fixed,50,250,34,fcl,-0.809558,0.000000,0.000000,0.000000,0.394178,-0.000029,0.002084
fixed,50,250,34,fcl,-0.187398,0.000000,0.000000,0.524988,0.689167,0.000430,0.002833
fixed,50,250,34,fcl,-0.944932,0.000000,0.000000,0.000000,0.281751,0.000074,0.002828
fixed,50,250,34,fcl,0.282855,0.000000,0.000000,0.007596,0.798339,0.000187,0.003437
fixed,50,250,34,fcl,0.120894,0.260000,0.062032,0.790752,0.935593,0.000590,0.003758
fixed,50,250,34,fcl,-0.168436,0.000000,0.000000,0.584668,0.747541,0.000476,0.002894
fixed,50,250,34,fcl,-0.395976,0.000000,0.000000,0.017537,0.255268,0.000059,0.002208
fixed,50,250,34,fcl,-0.586807,0.000000,0.000000,0.000000,0.476890,-0.000006,0.001235
fixed,50,250,34,fcl,0.058515,0.000000,0.000000,0.947641,0.980276,0.000691,0.003813
fixed,50,250,34,fcl,-0.264318,0.000000,0.000000,0.385606,0.433939,0.000252,0.002706
fixed,50,250,34,fcl,0.467567,0.000000,0.000000,0.000000,0.649316,-0.000077,0.003322
fixed,50,250,34,fcl,-0.615227,0.340000,0.066993,0.000000,0.496611,-0.000012,0.001495
fixed,50,250,34,fcl,-0.603744,0.000000,0.000000,0.000000,0.489705,-0.000010,0.001390
fixed,50,250,34,fcl,-0.940080,0.000000,0.000000,0.000000,0.287484,0.000068,0.002763
fixed,50,250,34,fcl,-0.731816,0.520000,0.070654,0.000000,0.462357,-0.000035,0.002102
fixed,50,250,34,fcl,-0.806152,0.000000,0.000000,0.000000,0.395560,-0.000030,0.002086
fixed,50,250,34,fcl,0.852199,0.000000,0.000000,0.000000,0.531774,-0.000060,0.002647
fixed,50,250,34,fcl,-0.112899,0.000000,0.000000,0.779526,0.889248,0.000601,0.003152
fixed,50,250,34,fcl,0.988789,0.000000,0.000000,0.000000,0.605376,-0.000004,0.002070
fixed,50,250,34,fcl,-0.959346,0.000000,0.000000,0.000000,0.264707,0.000095,0.003038
fixed,50,250,34,fcl,-0.462566,0.140000,0.049071,0.000000,0.330808,0.000021,0.001590
fixed,50,250,34,fcl,-0.011018,0.480000,0.070654,0.997189,0.999003,0.000722,0.003670
fixed,50,250,34,fcl,-0.749264,0.000000,0.000000,0.000000,0.442715,-0.000036,0.002114
fixed,50,250,34,fcl,-0.460847,0.240000,0.060399,0.000000,0.328663,0.000022,0.001608
fixed,50,250,34,fcl,0.538024,0.000000,0.000000,0.000000,0.608793,-0.000088,0.003106
fixed,50,250,34,fcl,-0.174417,0.120000,0.045957,0.565482,0.729576,0.000462,0.002873
fixed,50,250,34,fcl,-0.845009,0.000000,0.000000,0.000000,0.377527,-0.000016,0.002092
fixed,50,250,34,fcl,0.835472,0.000000,0.000000,0.000000,0.521553,-0.000059,0.002681
fixed,50,250,34,fcl,0.499868,0.000000,0.000000,0.000000,0.630598,-0.000086,0.003236
fixed,50,250,34,fcl,0.283145,0.000000,0.000000,0.006980,0.798074,0.000186,0.003437
fixed,50,250,34,fcl,-0.761802,0.000000,0.000000,0.000000,0.428212,-0.000036,0.002113
fixed,50,250,34,fcl,0.371343,0.000000,0.000000,0.000000,0.718604,0.000013,0.003421
fixed,50,250,34,fcl,-0.935262,0.000000,0.000000,0.000000,0.293117,0.000062,0.002701
fixed,50,250,34,fcl,0.628093,0.000000,0.000000,0.000000,0.553373,-0.000072,0.002798
fixed,50,250,34,fcl,-0.281604,0.120000,0.045957,0.366442,0.379502,0.000217,0.002683
fixed,50,250,34,fcl,-0.366317,0.000000,0.000000,0.153795,0.232877,0.000088,0.002404
fixed,50,250,34,fcl,0.099949,0.360000,0.067882,0.854637,0.951848,0.000631,0.003792
fixed,50,250,34,fcl,-0.828033,0.000000,0.000000,0.000000,0.386515,-0.000023,0.002080
fixed,50,250,34,fcl,0.679739,0.000000,0.000000,0.000000,0.523471,-0.000061,0.002712
fixed,50,250,34,fcl,0.704708,0.000000,0.000000,0.000000,0.511691,-0.000058,0.002700
fixed,50,250,34,fcl,0.280860,0.220000,0.058583,0.011831,0.800156,0.000192,0.003438
fixed,50,250,34,fcl,-0.550185,0.000000,0.000000,0.000000,0.440074,0.000001,0.001007
fixed,50,250,34,fcl,0.682083,0.000000,0.000000,0.000000,0.522284,-0.000061,0.002710
fixed,50,250,34,fcl,0.331275,0.000000,0.000000,0.000000,0.753986,0.000082,0.003422
fixed,50,250,34,fcl,0.590508,0.000000,0.000000,0.000000,0.576956,-0.000080,0.002912
fixed,50,250,34,fcl,-0.283807,0.000000,0.000000,0.363999,0.372762,0.000213,0.002679
fixed,50,250,34,fcl,-0.673395,0.000000,0.000000,0.000000,0.503898,-0.000025,0.001923
fixed,50,250,34,fcl,0.705254,0.000000,0.000000,0.000000,0.511458,-0.000058,0.002700
fixed,50,250,34,fcl,0.169879,0.000000,0.000000,0.596626,0.895925,0.000477,0.003643
fixed,50,250,34,fcl,0.641511,0.000000,0.000000,0.000000,0.545160,-0.000069,0.002767
fixed,50,250,34,fcl,0.192364,0.280000,0.063498,0.488476,0.877312,0.000419,0.003587
fixed,50,250,34,fcl,0.933891,0.000000,0.000000,0.000000,0.583119,-0.000048,0.002289
fixed,50,250,34,fcl,-0.685969,0.000000,0.000000,0.000000,0.498980,-0.000028,0.001983
fixed,50,250,34,fcl,0.207532,0.000000,0.000000,0.410894,0.864582,0.000380,0.003551
fixed,50,250,34,fcl,-0.296427,0.000000,0.000000,0.346561,0.335634,0.000189,0.002657
fixed,50,250,34,fcl,0.343204,0.000000,0.000000,0.000000,0.743208,0.000059,0.003422
fixed,50,250,34,fcl,0.078855,0.520000,0.070654,0.907010,0.967187,0.000665,0.003812
fixed,50,250,34,fcl,-0.749486,0.000000,0.000000,0.000000,0.442456,-0.000036,0.002114
fixed,50,250,34,fcl,0.105701,0.000000,0.000000,0.837751,0.947482,0.000620,0.003784
fixed,50,250,34,fcl,-0.566893,0.320000,0.065970,0.000000,0.458172,-0.000002,0.001082
fixed,50,250,34,fcl,-0.436114,0.100000,0.042426,0.000000,0.298678,0.000033,0.001859
fixed,50,250,34,fcl,0.580526,0.000000,0.000000,0.000000,0.583181,-0.000082,0.002948
fixed,50,250,34,fcl,-0.103055,0.240000,0.060399,0.813113,0.908685,0.000620,0.003206
fixed,50,250,34,fcl,0.329052,0.000000,0.000000,0.000000,0.756007,0.000086,0.003422
fixed,50,250,34,fcl,0.714917,0.200000,0.056569,0.000000,0.507653,-0.000057,0.002700
fixed,50,250,34,fcl,-0.203518,0.000000,0.000000,0.483583,0.636865,0.000391,0.002793
fixed,50,250,34,fcl,-0.410400,0.000000,0.000000,0.000000,0.269893,0.000048,0.002093
fixed,50,250,34,fcl,0.246505,0.000000,0.000000,0.189755,0.830978,0.000278,0.003477
fixed,50,250,34,fcl,-0.611175,0.040000,0.027713,0.000000,0.494357,-0.000011,0.001458
fixed,50,250,34,fcl,0.719501,0.000000,0.000000,0.000000,0.505980,-0.000056,0.002701
fixed,50,250,34,fcl,0.757498,0.000000,0.000000,0.000000,0.498047,-0.000055,0.002712
fixed,50,250,34,fcl,-0.381878,0.000000,0.000000,0.082121,0.242922,0.000072,0.002308
fixed,50,250,34,fcl,-0.233426,0.000000,0.000000,0.431409,0.536625,0.000320,0.002743
fixed,50,250,34,fcl,0.492083,0.000000,0.000000,0.000000,0.635034,-0.000085,0.003259
fixed,50,250,34,fcl,-0.088709,0.000000,0.000000,0.858621,0.933560,0.000645,0.003286
fixed,50,250,34,fcl,0.360651,0.000000,0.000000,0.000000,0.727785,0.000030,0.003422
fixed,50,250,34,fcl,-0.893270,0.000000,0.000000,0.000000,0.338996,0.000017,0.002285
fixed,50,250,34,fcl,0.735649,0.000000,0.000000,0.000000,0.501317,-0.000055,0.002705
fixed,50,250,34,fcl,-0.628267,0.000000,0.000000,0.000000,0.502538,-0.000015,0.001610
fixed,50,250,34,fcl,-0.835778,0.000000,0.000000,0.000000,0.382676,-0.000020,0.002083
fixed,50,250,34,fcl,0.894919,0.000000,0.000000,0.000000,0.559801,-0.000058,0.002497
fixed,50,250,34,fcl,-0.108924,0.000000,0.000000,0.793391,0.897291,0.000608,0.003173
fixed,50,250,34,fcl,0.043738,0.000000,0.000000,0.969541,0.988262,0.000706,0.003802
fixed,50,250,34,fcl,-0.930162,0.120000,0.045957,0.000000,0.299076,0.000055,0.002638
fixed,50,250,34,fcl,0.480581,0.000000,0.000000,0.000000,0.641657,-0.000082,0.003291
fixed,50,250,34,fcl,-0.661549,0.560000,0.070200,0.000000,0.506433,-0.000023,0.001856
fixed,50,250,34,fcl,0.223933,0.000000,0.000000,0.321164,0.850612,0.000337,0.003516
fixed,50,250,34,fcl,0.489951,0.000000,0.000000,0.000000,0.636252,-0.000084,0.003265
fixed,50,250,34,fcl,-0.207578,0.000000,0.000000,0.474865,0.623452,0.000381,0.002785
fixed,50,250,34,fcl,0.767190,0.000000,0.000000,0.000000,0.497991,-0.000055,0.002715
fixed,50,250,34,fcl,0.130143,0.000000,0.000000,0.760344,0.928225,0.000571,0.003739
fixed,50,250,34,fcl,0.412069,0.000000,0.000000,0.000000,0.686180,-0.000038,0.003404
fixed,50,250,34,fcl,0.407393,0.000000,0.000000,0.000000,0.689639,-0.000033,0.003408
fixed,50,250,34,fcl,0.945344,0.000000,0.000000,0.000000,0.588957,-0.000042,0.002225
fixed,50,250,34,fcl,0.211429,0.000000,0.000000,0.388236,0.861279,0.000369,0.003542
fixed,50,250,34,fcl,0.657274,0.000000,0.000000,0.000000,0.535820,-0.000065,0.002738
fixed,50,250,34,fcl,0.407450,0.000000,0.000000,0.000000,0.689597,-0.000033,0.003408
fixed,50,250,34,fcl,-0.134256,0.000000,0.000000,0.701562,0.840888,0.000556,0.003041
fixed,50,250,34,fcl,0.619747,0.000000,0.000000,0.000000,0.558580,-0.000074,0.002820
fixed,50,250,34,fcl,-0.518782,0.000000,0.000000,0.000000,0.402300,0.000007,0.001069
fixed,50,250,34,fcl,-0.791216,0.000000,0.000000,0.000000,0.402446,-0.000033,0.002096
fixed,50,250,34,fcl,-0.144000,0.280000,0.063498,0.667182,0.816114,0.000534,0.002994
fixed,50,250,34,fcl,0.969746,0.000000,0.000000,0.000000,0.599422,-0.000024,0.002110
fixed,50,250,34,fcl,-0.547186,0.040000,0.027713,0.000000,0.436689,0.000002,0.001002
fixed,50,250,34,fcl,0.630229,0.000000,0.000000,0.000000,0.552058,-0.000071,0.002793
fixed,50,250,34,fcl,-0.976002,0.000000,0.000000,0.000000,0.245384,0.000121,0.003307
fixed,50,250,34,fcl,-0.268537,0.040000,0.027713,0.380122,0.420374,0.000243,0.002700
fixed,50,250,34,fcl,0.593369,0.000000,0.000000,0.000000,0.575160,-0.000080,0.002903
fixed,50,250,34,fcl,0.133726,0.400000,0.069282,0.747740,0.925353,0.000563,0.003731
fixed,50,250,34,fcl,0.549892,0.000000,0.000000,0.000000,0.601810,-0.000087,0.003062
fixed,50,250,34,fcl,-0.660187,0.000000,0.000000,0.000000,0.506636,-0.000022,0.001847
fixed,50,250,34,fcl,-0.491848,0.000000,0.000000,0.000000,0.367976,0.000013,0.001289
fixed,50,250,34,fcl,0.954127,0.000000,0.000000,0.000000,0.593036,-0.000036,0.002179
fixed,50,250,34,fcl,-0.479460,0.000000,0.000000,0.000000,0.352124,0.000016,0.001413
fixed,50,250,34,fcl,-0.100484,0.160000,0.051846,0.821298,0.913385,0.000624,0.003220
fixed,50,250,34,fcl,0.037934,0.200000,0.056569,0.976719,0.990903,0.000710,0.003795
fixed,50,250,34,fcl,0.793291,0.000000,0.000000,0.000000,0.502412,-0.000056,0.002717
fixed,50,250,34,fcl,0.150951,0.000000,0.000000,0.679193,0.911413,0.000523,0.003691
fixed,50,250,34,fcl,0.438715,0.000000,0.000000,0.000000,0.667483,-0.000060,0.003375
fixed,50,250,34,fcl,-0.113698,0.280000,0.063498,0.776737,0.887630,0.000599,0.003147
fixed,50,250,34,fcl,-0.744302,0.000000,0.000000,0.000000,0.448440,-0.000035,0.002112
fixed,50,250,34,fcl,0.059725,0.280000,0.063498,0.945646,0.979550,0.000690,0.003813
fixed,50,250,34,fcl,0.185597,0.000000,0.000000,0.524355,0.882948,0.000437,0.003604
fixed,50,250,34,fcl,0.272680,0.200000,0.056569,0.042701,0.807583,0.000212,0.003445
fixed,50,250,34,fcl,-0.731452,0.080000,0.038367,0.000000,0.462752,-0.000035,0.002102
fixed,50,250,34,fcl,-0.354161,0.000000,0.000000,0.196781,0.231423,0.000102,0.002468
fixed,50,250,34,fcl,-0.705511,0.000000,0.000000,0.000000,0.486685,-0.000031,0.002052
fixed,50,250,34,fcl,0.687694,0.000000,0.000000,0.000000,0.519441,-0.000060,0.002706
fixed,50,250,34,fcl,0.275310,0.000000,0.000000,0.027524,0.805205,0.000205,0.003443
fixed,50,250,34,fcl,0.978137,0.000000,0.000000,0.000000,0.602262,-0.000016,0.002085
fixed,50,250,34,fcl,-0.743369,0.000000,0.000000,0.000000,0.449515,-0.000035,0.002111
fixed,50,250,34,fcl,0.293264,0.000000,0.000000,0.000000,0.788823,0.000163,0.003431
fixed,50,250,34,fcl,0.752299,0.000000,0.000000,0.000000,0.498500,-0.000055,0.002710
fixed,50,250,34,fcl,-0.734310,0.000000,0.000000,0.000000,0.459653,-0.000035,0.002105
fixed,50,250,34,fcl,0.360074,0.000000,0.000000,0.000000,0.728286,0.000031,0.003422
fixed,50,250,34,fcl,0.692692,0.000000,0.000000,0.000000,0.517067,-0.000059,0.002704
fixed,50,250,34,fcl,0.577783,0.000000,0.000000,0.000000,0.584888,-0.000083,0.002958
fixed,50,250,34,fcl,0.441533,0.000000,0.000000,0.000000,0.665638,-0.000062,0.003371
fixed,50,250,34,fcl,0.487734,0.000000,0.000000,0.000000,0.637517,-0.000084,0.003271
fixed,50,250,34,fcl,-0.319201,0.000000,0.000000,0.298090,0.277387,0.000151,0.002603
fixed,50,250,34,fcl,0.452803,0.000000,0.000000,0.000000,0.658398,-0.000069,0.003352
fixed,50,250,34,fcl,-0.114994,0.880000,0.045957,0.772215,0.885008,0.000596,0.003140
fixed,50,250,34,fcl,-0.091337,0.060000,0.033586,0.850321,0.929282,0.000641,0.003271
fixed,50,250,34,fcl,-0.616932,0.000000,0.000000,0.000000,0.497559,-0.000013,0.001511
fixed,50,250,34,fcl,-0.119856,0.080000,0.038367,0.754505,0.874351,0.000586,0.003114
fixed,50,250,34,fcl,-0.059831,0.140000,0.049071,0.934400,0.971197,0.000687,0.003446
fixed,50,250,34,fcl,0.502152,0.000000,0.000000,0.000000,0.629303,-0.000087,0.003229
fixed,50,250,34,fcl,-0.779467,0.400000,0.069282,0.000000,0.410396,-0.000035,0.002105
fixed,50,250,34,fsb,0.623046,0.000000,0.000000,0.261450,0.853335,0.000042,0.002907
fixed,50,250,34,fsb,-0.001183,0.000000,0.000000,0.998438,0.999726,0.000722,0.003703
fixed,50,250,34,fsb,-0.656438,0.000000,0.000000,0.000000,0.498809,-0.000029,0.003039
fixed,50,250,34,fsb,0.999642,0.000000,0.000000,0.000000,0.759883,0.000215,0.005177
fixed,50,250,34,fsb,-0.186863,0.000000,0.000000,0.000000,0.635187,0.000344,0.002883
fixed,50,250,34,fsb,0.284769,0.000000,0.000000,0.207712,0.780161,0.000421,0.003168
fixed,50,250,34,fsb,0.209561,0.160000,0.051846,0.286937,0.813106,0.000608,0.003564
fixed,50,250,34,fsb,-0.400302,0.000000,0.000000,0.004477,0.500007,0.000067,0.002306
fixed,50,250,34,fsb,-0.231322,0.000000,0.000000,0.000000,0.549723,0.000260,0.002836
fixed,50,250,34,fsb,-0.530924,0.000000,0.000000,0.030244,0.498830,0.000000,0.002076
fixed,50,250,34,fsb,0.680063,0.000000,0.000000,0.201293,0.865349,0.000052,0.002962
fixed,50,250,34,fsb,0.819425,0.000000,0.000000,0.000000,0.842503,0.000084,0.003464
fixed,50,250,34,fsb,-0.882864,0.000000,0.000000,0.000000,0.499270,-0.000004,0.003642
fixed,50,250,34,fsb,-0.783756,0.000000,0.000000,0.000000,0.499983,-0.000033,0.003525
fixed,50,250,34,fsb,-0.355434,0.000000,0.000000,0.000000,0.499903,0.000102,0.002550
fixed,50,250,34,fsb,-0.292272,0.060000,0.033586,0.000000,0.504520,0.000170,0.002763
fixed,50,250,34,fsb,-0.521451,0.000000,0.000000,0.023888,0.498938,0.000004,0.002030
fixed,50,250,34,fsb,-0.176891,0.000000,0.000000,0.000000,0.660021,0.000364,0.002901
fixed,50,250,34,fsb,-0.313756,0.000000,0.000000,0.000000,0.501110,0.000144,0.002711
fixed,50,250,34,fsb,-0.476043,0.000000,0.000000,0.000000,0.499474,0.000023,0.001967
fixed,50,250,34,fsb,0.447155,0.000000,0.000000,0.219336,0.792596,0.000104,0.002806
fixed,50,250,34,fsb,-0.824181,0.000000,0.000000,0.000000,0.499875,-0.000027,0.003567
fixed,50,250,34,fsb,-0.921554,0.000000,0.000000,0.000000,0.498942,0.000026,0.003761
fixed,50,250,34,fsb,-0.181306,0.000000,0.000000,0.000000,0.648952,0.000355,0.002893
fixed,50,250,34,fsb,-0.622377,0.000000,0.000000,0.060171,0.498488,-0.000024,0.002783
fixed,50,250,34,fsb,-0.236774,0.000000,0.000000,0.000000,0.542236,0.000251,0.002831
fixed,50,250,34,fsb,0.480632,0.000000,0.000000,0.238438,0.803159,0.000073,0.002815
fixed,50,250,34,fsb,-0.287928,0.240000,0.060399,0.000000,0.505616,0.000176,0.002772
fixed,50,250,34,fsb,-0.352141,0.000000,0.000000,0.000000,0.499906,0.000105,0.002566
fixed,50,250,34,fsb,-0.610688,0.000000,0.000000,0.077503,0.498420,-0.000022,0.002687
fixed,50,250,34,fsb,0.093926,0.000000,0.000000,0.657748,0.927077,0.000770,0.003921
fixed,50,250,34,fsb,0.981337,0.000000,0.000000,0.000000,0.766411,0.000191,0.004958
fixed,50,250,34,fsb,-0.601798,0.160000,0.051846,0.082863,0.498393,-0.000020,0.002612
fixed,50,250,34,fsb,0.113748,0.000000,0.000000,0.572516,0.903971,0.000759,0.003905
fixed,50,250,34,fsb,-0.379420,0.000000,0.000000,0.003522,0.499977,0.000082,0.002426
fixed,50,250,34,fsb,-0.030450,0.000000,0.000000,0.941823,0.988755,0.000677,0.003557
fixed,50,250,34,fsb,0.936842,0.000000,0.000000,0.000000,0.785381,0.000145,0.004465
fixed,50,250,34,fsb,0.669871,0.000000,0.000000,0.213773,0.863959,0.000050,0.002949
fixed,50,250,34,fsb,0.592231,0.400000,0.069282,0.268190,0.843558,0.000039,0.002886
fixed,50,250,34,fsb,-0.987862,0.020000,0.019799,0.087536,0.498388,0.000114,0.004204
fixed,50,250,34,fsb,-0.220038,0.000000,0.000000,0.000000,0.567040,0.000280,0.002845
fixed,50,250,34,fsb,-0.932194,0.000000,0.000000,0.000000,0.498836,0.000036,0.003810
fixed,50,250,34,fsb,0.040247,0.000000,0.000000,0.909004,0.982134,0.000763,0.003854
fixed,50,250,34,fsb,-0.757660,0.000000,0.000000,0.000000,0.499780,-0.000034,0.003481
fixed,50,250,34,fsb,-0.008541,0.440000,0.070200,0.995126,0.999063,0.000712,0.003669
fixed,50,250,34,fsb,-0.137364,0.000000,0.000000,0.134363,0.769210,0.000450,0.003012
fixed,50,250,34,fsb,-0.188588,0.000000,0.000000,0.000000,0.631167,0.000340,0.002880
fixed,50,250,34,fsb,-0.177044,0.200000,0.056569,0.000000,0.659637,0.000364,0.002901
fixed,50,250,34,fsb,-0.061002,0.000000,0.000000,0.765581,0.952278,0.000619,0.003388
fixed,50,250,34,fsb,0.104530,0.000000,0.000000,0.608316,0.914700,0.000765,0.003915
fixed,50,250,34,fsb,0.262240,0.000000,0.000000,0.220639,0.786630,0.000479,0.003282
fixed,50,250,34,fsb,0.942503,0.000000,0.000000,0.000000,0.782757,0.000150,0.004525
fixed,50,250,34,fsb,-0.177945,0.000000,0.000000,0.000000,0.657380,0.000362,0.002899
fixed,50,250,34,fsb,0.975772,0.000000,0.000000,0.000000,0.768565,0.000184,0.004893
fixed,50,250,34,fsb,-0.019383,0.000000,0.000000,0.977056,0.995557,0.000696,0.003615
fixed,50,250,34,fsb,-0.202830,0.000000,0.000000,0.000000,0.599400,0.000312,0.002861
fixed,50,250,34,fsb,-0.555806,0.000000,0.000000,0.059286,0.498577,-0.000008,0.002236
fixed,50,250,34,fsb,-0.092622,0.000000,0.000000,0.489613,0.888771,0.000552,0.003215
fixed,50,250,34,fsb,0.203369,0.040000,0.027713,0.298439,0.817346,0.000621,0.003596
fixed,50,250,34,fsb,0.039850,0.900000,0.042426,0.910491,0.982443,0.000763,0.003853
fixed,50,250,34,fsb,0.657106,0.000000,0.000000,0.231991,0.861714,0.000047,0.002935
fixed,50,250,34,fsb,-0.035518,0.000000,0.000000,0.921272,0.984818,0.000668,0.003530
fixed,50,250,34,fsb,0.888399,0.000000,0.000000,0.000000,0.809361,0.000112,0.003995
fixed,50,250,34,fsb,-0.643781,0.000000,0.000000,0.009804,0.498679,-0.000027,0.002949
fixed,50,250,34,fsb,-0.656779,0.000000,0.000000,0.000000,0.498813,-0.000029,0.003041
fixed,50,250,34,fsb,0.937024,0.000000,0.000000,0.000000,0.785295,0.000145,0.004467
fixed,50,250,34,fsb,0.489467,0.000000,0.000000,0.239046,0.806177,0.000067,0.002819
fixed,50,250,34,fsb,0.016064,0.000000,0.000000,0.981084,0.996562,0.000743,0.003775
fixed,50,250,34,fsb,-0.700201,0.000000,0.000000,0.000000,0.499204,-0.000033,0.003290
fixed,50,250,34,fsb,-0.351692,0.000000,0.000000,0.000000,0.499907,0.000106,0.002568
fixed,50,250,34,fsb,-0.537909,0.000000,0.000000,0.040360,0.498753,-0.000002,0.002115
fixed,50,250,34,fsb,-0.061432,0.000000,0.000000,0.762425,0.951591,0.000619,0.003386
fixed,50,250,34,fsb,-0.263632,0.000000,0.000000,0.000000,0.516901,0.000209,0.002807
fixed,50,250,34,fsb,-0.364387,0.180000,0.054332,0.000000,0.499924,0.000095,0.002506
fixed,50,250,34,fsb,0.867540,0.000000,0.000000,0.000000,0.819939,0.000101,0.003816
fixed,50,250,34,fsb,0.339688,0.060000,0.033586,0.198325,0.774564,0.000288,0.002947
fixed,50,250,34,fsb,-0.725036,0.000000,0.000000,0.000000,0.499423,-0.000034,0.003391
fixed,50,250,34,fsb,-0.892669,0.000000,0.000000,0.000000,0.499189,0.000003,0.003665
fixed,50,250,34,fsb,0.391044,0.000000,0.000000,0.200085,0.779451,0.000184,0.002838
fixed,50,250,34,fsb,0.683788,0.000000,0.000000,0.195792,0.865742,0.000053,0.002967
fixed,50,250,34,fsb,-0.976877,0.000000,0.000000,0.075429,0.498433,0.000095,0.004106
fixed,50,250,34,fsb,0.022781,0.240000,0.060399,0.965427,0.993507,0.000750,0.003800
fixed,50,250,34,fsb,0.771871,0.000000,0.000000,0.037436,0.858931,0.000072,0.003209
fixed,50,250,34,fsb,-0.640964,0.000000,0.000000,0.015994,0.498651,-0.000027,0.002928
fixed,50,250,34,fsb,-0.953332,0.000000,0.000000,0.023319,0.498620,0.000061,0.003931
fixed,50,250,34,fsb,-0.250513,0.380000,0.068644,0.000000,0.527398,0.000229,0.002820
fixed,50,250,34,fsb,0.171070,0.000000,0.000000,0.370403,0.843513,0.000686,0.003744
fixed,50,250,34,fsb,-0.490436,0.320000,0.065970,0.001372,0.499306,0.000016,0.001958
fixed,50,250,34,fsb,0.810376,0.000000,0.000000,0.000000,0.846184,0.000082,0.003409
fixed,50,250,34,fsb,-0.890971,0.060000,0.033586,0.000000,0.499203,0.000001,0.003661
fixed,50,250,34,fsb,0.197113,0.000000,0.000000,0.310615,0.821862,0.000635,0.003627
fixed,50,250,34,fsb,0.636684,0.000000,0.000000,0.249404,0.857067,0.000044,0.002917
fixed,50,250,34,fsb,0.889291,0.000000,0.000000,0.000000,0.808906,0.000112,0.004003
fixed,50,250,34,fsb,0.326343,0.300000,0.064807,0.193325,0.774724,0.000318,0.002992
fixed,50,250,34,fsb,-0.366079,0.460000,0.070484,0.000000,0.499929,0.000093,0.002498
fixed,50,250,34,fsb,0.525319,0.000000,0.000000,0.260811,0.819110,0.000049,0.002841
fixed,50,250,34,fsb,0.825138,0.000000,0.000000,0.000000,0.840033,0.000086,0.003501
fixed,50,250,34,fsb,0.036100,0.000000,0.000000,0.924571,0.985373,0.000761,0.003843
fixed,50,250,34,fsb,-0.077165,0.000000,0.000000,0.628300,0.922886,0.000585,0.003298
fixed,50,250,34,fsb,0.082657,0.000000,0.000000,0.713634,0.940038,0.000773,0.003920
fixed,50,250,34,fsb,0.055869,0.000000,0.000000,0.844445,0.968552,0.000771,0.003890
fixed,50,250,34,fsb,0.236254,0.000000,0.000000,0.248970,0.797507,0.000544,0.003422
fixed,50,250,34,fsb,0.753819,0.000000,0.000000,0.071351,0.862982,0.000068,0.003137
fixed,50,250,34,fsb,-0.821985,0.000000,0.000000,0.000000,0.499895,-0.000027,0.003565
fixed,50,250,34,fsb,-0.603530,0.000000,0.000000,0.082410,0.498397,-0.000020,0.002627
fixed,50,250,34,fsb,0.579159,0.000000,0.000000,0.269102,0.838996,0.000039,0.002878
fixed,50,250,34,fsb,-0.310739,0.260000,0.062032,0.000000,0.501407,0.000148,0.002719
fixed,50,250,34,fsb,0.345989,0.000000,0.000000,0.195611,0.774677,0.000274,0.002929
fixed,50,250,34,fsb,-0.214273,0.000000,0.000000,0.000000,0.576993,0.000291,0.002850
fixed,50,250,34,fsb,-0.032825,0.000000,0.000000,0.932392,0.986955,0.000673,0.003545
fixed,50,250,34,fsb,-0.891125,0.000000,0.000000,0.000000,0.499202,0.000002,0.003661
fixed,50,250,34,fsb,-0.588392,0.000000,0.000000,0.081281,0.498390,-0.000017,0.002498
fixed,50,250,34,fsb,0.492511,0.000000,0.000000,0.239431,0.807242,0.000065,0.002821
fixed,50,250,34,fsb,-0.594987,0.340000,0.066993,0.083053,0.498386,-0.000018,0.002554
fixed,50,250,34,fsb,-0.022048,0.000000,0.000000,0.970514,0.994272,0.000691,0.003601
fixed,50,250,34,fsb,0.263706,0.000000,0.000000,0.219765,0.786114,0.000475,0.003275
fixed,50,250,34,fsb,-0.263688,0.520000,0.070654,0.000000,0.516862,0.000209,0.002807
fixed,50,250,34,fsb,-0.514781,0.000000,0.000000,0.019518,0.499016,0.000006,0.002005
fixed,50,250,34,fsb,0.711544,0.000000,0.000000,0.152953,0.867117,0.000059,0.003016
fixed,50,250,34,fsb,0.632923,0.000000,0.000000,0.252933,0.856071,0.000043,0.002914
fixed,50,250,34,fsb,-0.609553,0.000000,0.000000,0.079100,0.498414,-0.000021,0.002678
fixed,50,250,34,fsb,-0.593368,0.000000,0.000000,0.082618,0.498387,-0.000018,0.002541
fixed,50,250,34,fsb,-0.577180,0.140000,0.049071,0.075940,0.498428,-0.000014,0.002404
fixed,50,250,34,fsb,-0.630030,0.480000,0.070654,0.045469,0.498548,-0.000025,0.002845
fixed,50,250,34,fsb,0.568320,0.000000,0.000000,0.271536,0.835085,0.000040,0.002871
fixed,50,250,34,fsb,-0.680428,0.240000,0.060399,0.000000,0.499040,-0.000032,0.003188
fixed,50,250,34,fsb,-0.504405,0.000000,0.000000,0.008193,0.499139,0.000010,0.001976
fixed,50,250,34,fsb,-0.339330,0.120000,0.045957,0.000000,0.499985,0.000118,0.002621
fixed,50,250,34,fsb,-0.753675,0.000000,0.000000,0.000000,0.499736,-0.000034,0.003472
fixed,50,250,34,fsb,-0.637726,0.000000,0.000000,0.023421,0.498618,-0.000026,0.002904
fixed,50,250,34,fsb,-0.244840,0.000000,0.000000,0.000000,0.532936,0.000238,0.002825
fixed,50,250,34,fsb,-0.864630,0.000000,0.000000,0.000000,0.499439,-0.000013,0.003610
fixed,50,250,34,fsb,-0.092118,0.000000,0.000000,0.494307,0.889941,0.000553,0.003217
fixed,50,250,34,fsb,-0.835635,0.000000,0.000000,0.000000,0.499760,-0.000024,0.003577
fixed,50,250,34,fsb,0.766700,0.000000,0.000000,0.048069,0.860238,0.000071,0.003187
fixed,50,250,34,fsb,-0.288712,0.000000,0.000000,0.000000,0.505419,0.000175,0.002770
fixed,50,250,34,fsb,-0.264483,0.120000,0.045957,0.000000,0.516300,0.000208,0.002806
fixed,50,250,34,fsb,0.447204,0.000000,0.000000,0.219338,0.792610,0.000104,0.002806
fixed,50,250,34,fsb,0.392279,0.360000,0.067882,0.200429,0.779665,0.000182,0.002836
fixed,50,250,34,fsb,0.759273,0.000000,0.000000,0.058836,0.861939,0.000069,0.003158
fixed,50,250,34,fsb,0.804735,0.000000,0.000000,0.000000,0.848345,0.000080,0.003375
fixed,50,250,34,fsb,0.343897,0.000000,0.000000,0.196512,0.774640,0.000278,0.002935
fixed,50,250,34,fsb,0.149295,0.220000,0.058583,0.430246,0.864699,0.000720,0.003823
fixed,50,250,34,fsb,0.920133,0.000000,0.000000,0.000000,0.793396,0.000131,0.004295
fixed,50,250,34,fsb,0.621989,0.000000,0.000000,0.262286,0.853031,0.000042,0.002906
fixed,50,250,34,fsb,-0.520569,0.000000,0.000000,0.023662,0.498948,0.000004,0.002027
fixed,50,250,34,fsb,0.406860,0.000000,0.000000,0.205110,0.782436,0.000158,0.002821
fixed,50,250,34,fsb,-0.660012,0.000000,0.000000,0.000000,0.498846,-0.000029,0.003063
fixed,50,250,34,fsb,0.020936,0.000000,0.000000,0.969727,0.994346,0.000748,0.003793
fixed,50,250,34,fsb,0.342868,0.000000,0.000000,0.196955,0.774621,0.000280,0.002938
fixed,50,250,34,fsb,0.418593,0.000000,0.000000,0.211636,0.785065,0.000141,0.002813
fixed,50,250,34,fsb,0.264138,0.000000,0.000000,0.219507,0.785963,0.000474,0.003272
fixed,50,250,34,fsb,0.257586,0.280000,0.063498,0.223412,0.788267,0.000491,0.003307
fixed,50,250,34,fsb,0.754741,0.000000,0.000000,0.069159,0.862809,0.000068,0.003141
fixed,50,250,34,fsb,0.758756,0.000000,0.000000,0.059620,0.862056,0.000069,0.003156
fixed,50,250,34,fsb,0.979806,0.000000,0.000000,0.000000,0.766979,0.000189,0.004940
fixed,50,250,34,fsb,-0.071873,0.000000,0.000000,0.675173,0.933174,0.000597,0.003327
fixed,50,250,34,fsb,0.469383,0.000000,0.000000,0.232926,0.799440,0.000082,0.002811
fixed,50,250,34,fsb,0.285341,0.520000,0.070654,0.207556,0.780022,0.000420,0.003165
fixed,50,250,34,fsb,0.907347,0.000000,0.000000,0.000000,0.799756,0.000123,0.004170
fixed,50,250,34,fsb,0.690165,0.000000,0.000000,0.186381,0.866348,0.000054,0.002976
fixed,50,250,34,fsb,-0.534493,0.320000,0.065970,0.035428,0.498791,-0.000001,0.002095
fixed,50,250,34,fsb,-0.435998,0.100000,0.042426,0.000000,0.499861,0.000044,0.002107
fixed,50,250,34,fsb,-0.442509,0.000000,0.000000,0.000000,0.499810,0.000040,0.002075
fixed,50,250,34,fsb,0.687764,0.240000,0.060399,0.189922,0.866162,0.000053,0.002973
fixed,50,250,34,fsb,-0.762274,0.000000,0.000000,0.000000,0.499827,-0.000034,0.003490
fixed,50,250,34,fsb,-0.503810,0.200000,0.056569,0.007701,0.499147,0.000010,0.001974
fixed,50,250,34,fsb,0.307775,0.000000,0.000000,0.199120,0.776203,0.000363,0.003063
fixed,50,250,34,fsb,0.397764,0.000000,0.000000,0.202006,0.780634,0.000173,0.002830
fixed,50,250,34,fsb,0.430956,0.000000,0.000000,0.218622,0.788149,0.000124,0.002808
fixed,50,250,34,fsb,-0.237571,0.040000,0.027713,0.000000,0.541317,0.000250,0.002831
fixed,50,250,34,fsb,0.705179,0.000000,0.000000,0.163844,0.867077,0.000057,0.003003
fixed,50,250,34,fsb,-0.185054,0.000000,0.000000,0.000000,0.639557,0.000347,0.002886
fixed,50,250,34,fsb,0.507466,0.000000,0.000000,0.253385,0.812557,0.000056,0.002829
fixed,50,250,34,fsb,-0.942714,0.000000,0.000000,0.004509,0.498727,0.000048,0.003866
fixed,50,250,34,fsb,0.720252,0.000000,0.000000,0.136739,0.866907,0.000060,0.003036
fixed,50,250,34,fsb,-0.535884,0.000000,0.000000,0.037449,0.498775,-0.000002,0.002103
fixed,50,250,34,fsb,-0.106359,0.000000,0.000000,0.369018,0.854718,0.000521,0.003145
fixed,50,250,34,fsb,0.076560,0.000000,0.000000,0.742281,0.946913,0.000774,0.003917
fixed,50,250,34,fsb,0.393172,0.000000,0.000000,0.200678,0.779819,0.000181,0.002835
fixed,50,250,34,fsb,0.625808,0.000000,0.000000,0.259265,0.854132,0.000042,0.002909
fixed,50,250,34,fsb,-0.631975,0.000000,0.000000,0.039897,0.498566,-0.000025,0.002860
fixed,50,250,34,fsb,-0.046894,0.000000,0.000000,0.860117,0.972521,0.000647,0.003467
fixed,50,250,34,fsb,-0.517806,0.000000,0.000000,0.022956,0.498980,0.000005,0.002016
fixed,50,250,34,fsb,-0.896076,0.000000,0.000000,0.000000,0.499162,0.000005,0.003674
fixed,50,250,34,fsb,-0.198025,0.120000,0.045957,0.000000,0.609601,0.000321,0.002867
fixed,50,250,34,fsb,0.288731,0.000000,0.000000,0.207018,0.779309,0.000411,0.003149
fixed,50,250,34,fsb,-0.260647,0.560000,0.070200,0.000000,0.519012,0.000213,0.002810
fixed,50,250,34,fsb,-0.643961,0.000000,0.000000,0.009408,0.498681,-0.000027,0.002951
fixed,50,250,34,fsb,0.528376,0.000000,0.000000,0.262234,0.820243,0.000048,0.002843
fixed,50,250,34,fsb,0.504040,0.000000,0.000000,0.248810,0.811329,0.000058,0.002827
fixed,50,250,34,fsb,-0.741180,0.000000,0.000000,0.000000,0.499594,-0.000035,0.003441
fixed,50,250,34,fsb,0.637592,0.000000,0.000000,0.248552,0.857308,0.000044,0.002918
fixed,50,250,34,fsb,0.595530,0.000000,0.000000,0.267268,0.844683,0.000039,0.002889
fixed,50,250,34,fsb,-0.528484,0.000000,0.000000,0.026698,0.498857,0.000001,0.002063
fixed,50,250,34,fsb,-0.891642,0.000000,0.000000,0.000000,0.499197,0.000002,0.003662
fixed,50,250,34,fsb,-0.464990,0.000000,0.000000,0.000000,0.499595,0.000028,0.001991
fixed,50,250,34,fsb,0.225870,0.000000,0.000000,0.256169,0.803022,0.000570,0.003478
fixed,50,250,34,fsb,0.333421,0.000000,0.000000,0.197520,0.774574,0.000302,0.002967
fixed,50,250,34,fsb,-0.237148,0.000000,0.000000,0.000000,0.541806,0.000250,0.002831
fixed,50,250,34,fsb,-0.790103,0.000000,0.000000,0.000000,0.500003,-0.000032,0.003533
fixed,50,250,34,fsb,0.621615,0.000000,0.000000,0.262582,0.852923,0.000042,0.002906
fixed,50,250,34,fsb,0.830270,0.000000,0.000000,0.000000,0.837790,0.000087,0.003536
fixed,50,250,34,fsb,0.686193,0.280000,0.063498,0.192242,0.865996,0.000053,0.002970
fixed,50,250,34,fsb,-0.436999,0.000000,0.000000,0.000000,0.499855,0.000043,0.002102
fixed,50,250,34,fsb,-0.227473,0.040000,0.027713,0.000000,0.555112,0.000267,0.002839
fixed,50,250,34,fsb,0.629467,0.000000,0.000000,0.256176,0.855156,0.000043,0.002912
fixed,50,250,34,fsb,-0.821113,0.000000,0.000000,0.000000,0.499903,-0.000027,0.003564
fixed,50,250,34,fsb,-0.089129,0.040000,0.027713,0.522163,0.896887,0.000559,0.003233
fixed,50,250,34,fsb,-0.751679,0.000000,0.000000,0.000000,0.499713,-0.000034,0.003467
fixed,50,250,34,fsb,0.122687,0.400000,0.069282,0.531476,0.893704,0.000751,0.003890
fixed,50,250,34,fsb,0.849820,0.000000,0.000000,0.000000,0.828689,0.000094,0.003676
fixed,50,250,34,fsb,-0.120104,0.000000,0.000000,0.260663,0.817725,0.000490,0.003082
fixed,50,250,34,fsb,-0.346749,0.000000,0.000000,0.000000,0.499911,0.000110,0.002590
fixed,50,250,34,fsb,-0.211592,0.000000,0.000000,0.000000,0.582070,0.000295,0.002852
fixed,50,250,34,fsb,0.365494,0.000000,0.000000,0.192177,0.775977,0.000232,0.002881
fixed,50,250,34,fsb,0.145982,0.160000,0.051846,0.439141,0.868096,0.000725,0.003833
fixed,50,250,34,fsb,0.781743,0.200000,0.056569,0.015351,0.856164,0.000074,0.003254
fixed,50,250,34,fsb,0.662719,0.000000,0.000000,0.224230,0.862746,0.000048,0.002941
fixed,50,250,34,fsb,-0.997386,0.000000,0.000000,0.088271,0.498377,0.000131,0.004296
fixed,50,250,34,fsb,0.836663,0.000000,0.000000,0.000000,0.834883,0.000090,0.003580
fixed,50,250,34,fsb,-0.993279,0.280000,0.063498,0.088729,0.498379,0.000124,0.004255
fixed,50,250,34,fsb,0.624441,0.000000,0.000000,0.260347,0.853738,0.000042,0.002908
fixed,50,250,34,fsb,-0.155158,0.280000,0.063498,0.039381,0.718721,0.000411,0.002954
fixed,50,250,34,fsb,0.639481,0.000000,0.000000,0.246840,0.857774,0.000044,0.002919
fixed,50,250,34,fsb,0.172678,0.200000,0.056569,0.365639,0.842046,0.000683,0.003737
fixed,50,250,34,fsb,0.448380,0.080000,0.038367,0.220607,0.792960,0.000103,0.002807
fixed,50,250,34,fsb,0.271351,0.000000,0.000000,0.214100,0.783702,0.000455,0.003235
fixed,50,250,34,fsb,-0.681190,0.000000,0.000000,0.000000,0.499047,-0.000032,0.003193
fixed,50,250,34,fsb,0.622130,0.000000,0.000000,0.262175,0.853071,0.000042,0.002906
fixed,50,250,34,fsb,0.968914,0.000000,0.000000,0.000000,0.771283,0.000176,0.004815
fixed,50,250,34,fsb,0.999316,0.000000,0.000000,0.000000,0.759995,0.000215,0.005173
fixed,50,250,34,fsb,0.907131,0.000000,0.000000,0.000000,0.799865,0.000123,0.004168
fixed,50,250,34,fsb,-0.929052,0.000000,0.000000,0.000000,0.498868,0.000033,0.003795
fixed,50,250,34,fsb,0.864216,0.000000,0.000000,0.000000,0.821600,0.000100,0.003789
fixed,50,250,34,fsb,0.231449,0.000000,0.000000,0.252146,0.800049,0.000556,0.003448
fixed,50,250,34,fsb,-0.448115,0.000000,0.000000,0.000000,0.499763,0.000037,0.002050
fixed,50,250,34,fsb,0.363758,0.000000,0.000000,0.192600,0.775827,0.000236,0.002885
fixed,50,250,34,fsb,-0.292230,0.000000,0.000000,0.000000,0.504531,0.000170,0.002764
fixed,50,250,34,fsb,-0.679101,0.000000,0.000000,0.000000,0.499029,-0.000032,0.003181
fixed,50,250,34,fsb,0.650319,0.000000,0.000000,0.237380,0.860296,0.000046,0.002928
fixed,50,250,34,fsb,0.520393,0.000000,0.000000,0.258625,0.817287,0.000051,0.002838
fixed,50,250,34,fsb,-0.381456,0.000000,0.000000,0.002567,0.499983,0.000081,0.002415
fixed,50,250,34,fsb,-0.007433,0.880000,0.045957,0.996398,0.999305,0.000714,0.003674
fixed,50,250,34,fsb,-0.526199,0.060000,0.033586,0.025102,0.498883,0.000002,0.002052
fixed,50,250,34,fsb,0.434485,0.000000,0.000000,0.218762,0.789077,0.000119,0.002808
fixed,50,250,34,fsb,0.347095,0.080000,0.038367,0.195254,0.774710,0.000271,0.002926
fixed,50,250,34,fsb,0.168771,0.140000,0.049071,0.377208,0.845609,0.000689,0.003753
fixed,50,250,34,fsb,-0.797063,0.000000,0.000000,0.000000,0.500006,-0.000031,0.003541
fixed,50,250,34,fsb,-0.453050,0.400000,0.069282,0.000000,0.499716,0.000034,0.002030
fixed,50,250,34,A,-0.649517,0.000000,0.000000,0.910864,0.988828,0.001776,0.005471
fixed,50,250,34,A,-0.256196,0.000000,0.000000,0.983850,0.998016,0.001728,0.004466
fixed,50,250,34,A,-0.358672,0.000000,0.000000,0.971846,0.996338,0.001992,0.004593
fixed,50,250,34,A,0.439900,0.000000,0.000000,0.966972,0.995967,0.000239,0.004826
fixed,50,250,34,A,-0.782747,0.000000,0.000000,0.872593,0.984042,0.001451,0.006293
fixed,50,250,34,A,-0.156028,0.000000,0.000000,0.993256,0.999166,0.001349,0.004225
fixed,50,250,34,A,0.556947,0.160000,0.051846,0.946441,0.993327,0.000235,0.004765
fixed,50,250,34,A,-0.847223,0.000000,0.000000,0.855831,0.981425,0.001317,0.006754
fixed,50,250,34,A,0.838742,0.000000,0.000000,0.876612,0.984299,0.000455,0.005057
fixed,50,250,34,A,0.375426,0.000000,0.000000,0.976610,0.997141,0.000248,0.004687
fixed,50,250,34,A,-0.233399,0.000000,0.000000,0.986854,0.998320,0.001651,0.004423
fixed,50,250,34,A,0.293445,0.000000,0.000000,0.986330,0.998344,0.000268,0.004358
fixed,50,250,34,A,-0.696266,0.000000,0.000000,0.898447,0.987244,0.001660,0.005742
fixed,50,250,34,A,-0.051519,0.000000,0.000000,0.998711,0.999848,0.000913,0.003865
fixed,50,250,34,A,-0.604542,0.000000,0.000000,0.922745,0.990253,0.001884,0.005233
fixed,50,250,34,A,0.735464,0.060000,0.033586,0.905889,0.988043,0.000320,0.004535
fixed,50,250,34,A,-0.045619,0.000000,0.000000,0.999010,0.999871,0.000890,0.003845
fixed,50,250,34,A,0.525466,0.000000,0.000000,0.953772,0.994102,0.000233,0.004816
fixed,50,250,34,A,-0.516345,0.000000,0.000000,0.942751,0.992769,0.002051,0.004870
fixed,50,250,34,A,-0.458108,0.000000,0.000000,0.954119,0.994226,0.002094,0.004722
fixed,50,250,34,A,-0.186763,0.000000,0.000000,0.990831,0.998865,0.001475,0.004313
fixed,50,250,34,A,0.522073,0.000000,0.000000,0.953805,0.994182,0.000233,0.004820
fixed,50,250,34,A,-0.140077,0.000000,0.000000,0.994376,0.999304,0.001281,0.004174
fixed,50,250,34,A,0.080686,0.000000,0.000000,0.999643,0.999953,0.000496,0.003613
fixed,50,250,34,A,0.801933,0.000000,0.000000,0.884759,0.985691,0.000399,0.004788
fixed,50,250,34,A,0.833234,0.000000,0.000000,0.878574,0.984511,0.000446,0.005011
fixed,50,250,34,A,0.804104,0.000000,0.000000,0.883340,0.985610,0.000402,0.004801
fixed,50,250,34,A,-0.339749,0.240000,0.060399,0.974242,0.996686,0.001954,0.004575
fixed,50,250,34,A,0.065783,0.000000,0.000000,0.999737,0.999984,0.000531,0.003612
fixed,50,250,34,A,0.419546,0.000000,0.000000,0.969666,0.996359,0.000241,0.004796
fixed,50,250,34,A,0.222247,0.000000,0.000000,0.993046,0.999126,0.000302,0.004019
fixed,50,250,34,A,0.928604,0.000000,0.000000,0.847372,0.980634,0.000639,0.006056
fixed,50,250,34,A,0.308351,0.160000,0.051846,0.985124,0.998149,0.000264,0.004427
fixed,50,250,34,A,-0.454474,0.000000,0.000000,0.955094,0.994312,0.002094,0.004715
fixed,50,250,34,A,0.342031,0.000000,0.000000,0.980951,0.997670,0.000255,0.004569
fixed,50,250,34,A,0.052340,0.000000,0.000000,0.999935,1.000002,0.000566,0.003619
fixed,50,250,34,A,-0.568060,0.000000,0.000000,0.931673,0.991339,0.001962,0.005064
fixed,50,250,34,A,-0.054125,0.000000,0.000000,0.998578,0.999838,0.000923,0.003874
fixed,50,250,34,A,0.424694,0.400000,0.069282,0.969804,0.996262,0.000241,0.004805
fixed,50,250,34,A,-0.501688,0.020000,0.019799,0.944937,0.993151,0.002069,0.004826
fixed,50,250,34,A,0.397189,0.000000,0.000000,0.974067,0.996768,0.000245,0.004748
fixed,50,250,34,A,-0.892319,0.000000,0.000000,0.839797,0.979480,0.001242,0.007114
fixed,50,250,34,A,0.315594,0.000000,0.000000,0.984144,0.998051,0.000262,0.004459
fixed,50,250,34,A,0.810048,0.000000,0.000000,0.880122,0.985389,0.000410,0.004839
fixed,50,250,34,A,0.222052,0.440000,0.070200,0.993049,0.999128,0.000302,0.004018
fixed,50,250,34,A,-0.657527,0.000000,0.000000,0.910139,0.988564,0.001757,0.005516
fixed,50,250,34,A,0.142851,0.000000,0.000000,0.997796,0.999709,0.000382,0.003714
fixed,50,250,34,A,-0.772911,0.200000,0.056569,0.876375,0.984424,0.001474,0.006227
fixed,50,250,34,A,-0.933851,0.000000,0.000000,0.823893,0.977604,0.001192,0.007482
fixed,50,250,34,A,-0.108437,0.000000,0.000000,0.996083,0.999542,0.001147,0.004067
fixed,50,250,34,A,-0.150566,0.000000,0.000000,0.993721,0.999215,0.001326,0.004208
fixed,50,250,34,A,0.008080,0.000000,0.000000,0.999846,1.000000,0.000697,0.003689
fixed,50,250,34,A,-0.740753,0.000000,0.000000,0.888144,0.985641,0.001550,0.006017
fixed,50,250,34,A,0.062540,0.000000,0.000000,0.999798,0.999988,0.000539,0.003613
fixed,50,250,34,A,-0.930661,0.000000,0.000000,0.826327,0.977751,0.001195,0.007452
fixed,50,250,34,A,0.760868,0.000000,0.000000,0.899057,0.987169,0.000347,0.004597
fixed,50,250,34,A,0.192250,0.000000,0.000000,0.994833,0.999382,0.000325,0.003887
fixed,50,250,34,A,0.271417,0.000000,0.000000,0.988525,0.998612,0.000276,0.004253
fixed,50,250,34,A,0.013007,0.040000,0.027713,0.999905,1.000005,0.000681,0.003678
fixed,50,250,34,A,-0.463542,0.900000,0.042426,0.953189,0.994097,0.002093,0.004733
fixed,50,250,34,A,0.395220,0.000000,0.000000,0.974360,0.996802,0.000245,0.004743
fixed,50,250,34,A,-0.087952,0.000000,0.000000,0.997212,0.999670,0.001061,0.003994
fixed,50,250,34,A,-0.189004,0.000000,0.000000,0.990619,0.998841,0.001484,0.004319
fixed,50,250,34,A,-0.774043,0.000000,0.000000,0.875631,0.984380,0.001471,0.006234
fixed,50,250,34,A,-0.884162,0.000000,0.000000,0.843611,0.979839,0.001254,0.007046
fixed,50,250,34,A,0.751740,0.000000,0.000000,0.900019,0.987486,0.000337,0.004570
fixed,50,250,34,A,-0.532539,0.000000,0.000000,0.938619,0.992335,0.002027,0.004924
fixed,50,250,34,A,0.381391,0.000000,0.000000,0.976184,0.997040,0.000247,0.004705
fixed,50,250,34,A,-0.551640,0.000000,0.000000,0.935672,0.991807,0.001994,0.004996
fixed,50,250,34,A,0.980212,0.000000,0.000000,0.829662,0.978360,0.000779,0.006791
fixed,50,250,34,A,-0.228643,0.000000,0.000000,0.986655,0.998381,0.001634,0.004413
fixed,50,250,34,A,0.695649,0.000000,0.000000,0.916416,0.989352,0.000287,0.004512
fixed,50,250,34,A,-0.817320,0.000000,0.000000,0.863243,0.982663,0.001376,0.006533
fixed,50,250,34,A,-0.610349,0.180000,0.054332,0.921722,0.990074,0.001870,0.005263
fixed,50,250,34,A,0.081749,0.000000,0.000000,0.999636,0.999950,0.000494,0.003614
fixed,50,250,34,A,-0.747376,0.060000,0.033586,0.886226,0.985394,0.001534,0.006060
fixed,50,250,34,A,0.037509,0.000000,0.000000,0.999961,1.000012,0.000607,0.003635
fixed,50,250,34,A,-0.022486,0.000000,0.000000,0.999339,0.999944,0.000803,0.003771
fixed,50,250,34,A,0.700074,0.000000,0.000000,0.915640,0.989211,0.000290,0.004511
fixed,50,250,34,A,0.862510,0.000000,0.000000,0.869608,0.983366,0.000497,0.005278
fixed,50,250,34,A,0.480064,0.000000,0.000000,0.961484,0.995135,0.000235,0.004848
fixed,50,250,34,A,-0.574395,0.240000,0.060399,0.930898,0.991155,0.001949,0.005092
fixed,50,250,34,A,0.389181,0.000000,0.000000,0.975388,0.996907,0.000246,0.004727
fixed,50,250,34,A,0.461723,0.000000,0.000000,0.964205,0.995525,0.000236,0.004844
fixed,50,250,34,A,0.890692,0.000000,0.000000,0.861640,0.982226,0.000553,0.005583
fixed,50,250,34,A,0.660401,0.380000,0.068644,0.923646,0.990449,0.000265,0.004548
fixed,50,250,34,A,-0.927780,0.000000,0.000000,0.827782,0.977883,0.001198,0.007426
fixed,50,250,34,A,-0.699518,0.320000,0.065970,0.897537,0.987130,0.001652,0.005762
fixed,50,250,34,A,0.113716,0.000000,0.000000,0.998784,0.999847,0.000429,0.003648
fixed,50,250,34,A,-0.174261,0.060000,0.033586,0.991952,0.998993,0.001424,0.004279
fixed,50,250,34,A,0.611908,0.000000,0.000000,0.935723,0.991861,0.000246,0.004645
fixed,50,250,34,A,0.514462,0.000000,0.000000,0.954248,0.994361,0.000233,0.004828
fixed,50,250,34,A,0.360707,0.000000,0.000000,0.978567,0.997381,0.000251,0.004638
fixed,50,250,34,A,0.270489,0.300000,0.064807,0.988604,0.998623,0.000277,0.004249
fixed,50,250,34,A,-0.167063,0.460000,0.070484,0.992582,0.999063,0.001395,0.004258
fixed,50,250,34,A,0.904177,0.000000,0.000000,0.857125,0.981667,0.000582,0.005744
fixed,50,250,34,A,0.331761,0.000000,0.000000,0.982442,0.997822,0.000257,0.004528
fixed,50,250,34,A,-0.179136,0.000000,0.000000,0.991518,0.998944,0.001444,0.004292
fixed,50,250,34,A,0.772914,0.000000,0.000000,0.895416,0.986743,0.000361,0.004641
fixed,50,250,34,A,0.836355,0.000000,0.000000,0.877462,0.984391,0.000451,0.005037
fixed,50,250,34,A,0.211710,0.000000,0.000000,0.993394,0.999221,0.000309,0.003971
fixed,50,250,34,A,-0.300620,0.000000,0.000000,0.978905,0.997350,0.001859,0.004531
fixed,50,250,34,A,0.392374,0.000000,0.000000,0.974845,0.996852,0.000246,0.004736
fixed,50,250,34,A,-0.091905,0.000000,0.000000,0.997027,0.999647,0.001077,0.004008
fixed,50,250,34,A,0.784944,0.000000,0.000000,0.892389,0.986312,0.000376,0.004695
fixed,50,250,34,A,0.127607,0.000000,0.000000,0.998400,0.999786,0.000405,0.003676
fixed,50,250,34,A,-0.313189,0.260000,0.062032,0.977922,0.997145,0.001892,0.004546
fixed,50,250,34,A,-0.355401,0.000000,0.000000,0.972267,0.996399,0.001986,0.004590
fixed,50,250,34,A,-0.542297,0.000000,0.000000,0.937844,0.992067,0.002011,0.004960
fixed,50,250,34,A,0.550024,0.000000,0.000000,0.947763,0.993501,0.000235,0.004777
fixed,50,250,34,A,-0.547754,0.000000,0.000000,0.937134,0.991916,0.002001,0.004981
fixed,50,250,34,A,0.040887,0.000000,0.000000,0.999935,1.000010,0.000597,0.003630
fixed,50,250,34,A,-0.025832,0.000000,0.000000,0.999251,0.999935,0.000815,0.003781
fixed,50,250,34,A,-0.360754,0.340000,0.066993,0.971477,0.996298,0.001996,0.004595
fixed,50,250,34,A,-0.402402,0.000000,0.000000,0.963307,0.995468,0.002060,0.004639
fixed,50,250,34,A,-0.961301,0.000000,0.000000,0.813445,0.976320,0.001171,0.007746
fixed,50,250,34,A,0.875371,0.520000,0.070654,0.865753,0.982850,0.000522,0.005412
fixed,50,250,34,A,0.448702,0.000000,0.000000,0.964976,0.995792,0.000238,0.004836
fixed,50,250,34,A,-0.713561,0.000000,0.000000,0.894307,0.986632,0.001617,0.005847
fixed,50,250,34,A,-0.867172,0.000000,0.000000,0.848048,0.980576,0.001281,0.006909
fixed,50,250,34,A,-0.578496,0.000000,0.000000,0.930367,0.991035,0.001941,0.005110
fixed,50,250,34,A,-0.284977,0.000000,0.000000,0.981037,0.997596,0.001816,0.004511
fixed,50,250,34,A,0.586710,0.140000,0.049071,0.940270,0.992552,0.000239,0.004702
fixed,50,250,34,A,0.905012,0.480000,0.070654,0.856824,0.981633,0.000584,0.005754
fixed,50,250,34,A,-0.460598,0.000000,0.000000,0.953693,0.994167,0.002094,0.004727
fixed,50,250,34,A,-0.558709,0.240000,0.060399,0.933208,0.991607,0.001981,0.005025
fixed,50,250,34,A,-0.640232,0.000000,0.000000,0.913801,0.989130,0.001799,0.005420
fixed,50,250,34,A,-0.840582,0.120000,0.045957,0.856260,0.981704,0.001329,0.006704
fixed,50,250,34,A,-0.061753,0.000000,0.000000,0.998127,0.999805,0.000953,0.003901
fixed,50,250,34,A,0.797824,0.000000,0.000000,0.887035,0.985842,0.000393,0.004763
fixed,50,250,34,A,-0.480427,0.000000,0.000000,0.949542,0.993687,0.002086,0.004770
fixed,50,250,34,A,-0.863238,0.000000,0.000000,0.849293,0.980745,0.001288,0.006878
fixed,50,250,34,A,0.144934,0.000000,0.000000,0.997763,0.999698,0.000379,0.003720
fixed,50,250,34,A,0.880765,0.000000,0.000000,0.864684,0.982632,0.000532,0.005471
fixed,50,250,34,A,-0.493907,0.000000,0.000000,0.947972,0.993349,0.002076,0.004804
fixed,50,250,34,A,0.006768,0.000000,0.000000,0.999831,0.999999,0.000701,0.003692
fixed,50,250,34,A,-0.499574,0.120000,0.045957,0.945955,0.993205,0.002071,0.004820
fixed,50,250,34,A,0.269836,0.000000,0.000000,0.988660,0.998630,0.000277,0.004246
fixed,50,250,34,A,0.862544,0.360000,0.067882,0.869593,0.983364,0.000497,0.005279
fixed,50,250,34,A,-0.772409,0.000000,0.000000,0.876705,0.984443,0.001475,0.006223
fixed,50,250,34,A,0.125670,0.000000,0.000000,0.998517,0.999796,0.000409,0.003671
fixed,50,250,34,A,0.038324,0.000000,0.000000,0.999955,1.000011,0.000604,0.003634
fixed,50,250,34,A,0.874569,0.220000,0.058583,0.865883,0.982883,0.000520,0.005404
fixed,50,250,34,A,-0.902799,0.000000,0.000000,0.834573,0.979014,0.001228,0.007204
fixed,50,250,34,A,0.647670,0.000000,0.000000,0.926926,0.990831,0.000259,0.004570
fixed,50,250,34,A,-0.643076,0.000000,0.000000,0.912799,0.989037,0.001792,0.005435
fixed,50,250,34,A,-0.559785,0.000000,0.000000,0.933030,0.991576,0.001979,0.005029
fixed,50,250,34,A,-0.522777,0.000000,0.000000,0.940749,0.992598,0.002042,0.004891
fixed,50,250,34,A,-0.780375,0.000000,0.000000,0.872499,0.984134,0.001457,0.006277
fixed,50,250,34,A,-0.968516,0.000000,0.000000,0.811837,0.975977,0.001167,0.007818
fixed,50,250,34,A,0.694572,0.000000,0.000000,0.916559,0.989387,0.000286,0.004512
fixed,50,250,34,A,-0.904029,0.000000,0.000000,0.834082,0.978959,0.001226,0.007214
fixed,50,250,34,A,-0.200887,0.280000,0.063498,0.989804,0.998711,0.001530,0.004350
fixed,50,250,34,A,-0.606302,0.000000,0.000000,0.922768,0.990199,0.001879,0.005242
fixed,50,250,34,A,-0.949361,0.000000,0.000000,0.818776,0.976883,0.001179,0.007629
fixed,50,250,34,A,0.390338,0.000000,0.000000,0.975191,0.996887,0.000246,0.004730
fixed,50,250,34,A,-0.511646,0.000000,0.000000,0.942414,0.992892,0.002057,0.004855
fixed,50,250,34,A,-0.517261,0.000000,0.000000,0.942817,0.992745,0.002050,0.004873
fixed,50,250,34,A,0.847508,0.520000,0.070654,0.872381,0.983958,0.000470,0.005135
fixed,50,250,34,A,-0.012314,0.000000,0.000000,0.999639,0.999967,0.000766,0.003741
fixed,50,250,34,A,-0.660463,0.000000,0.000000,0.909417,0.988466,0.001749,0.005533
fixed,50,250,34,A,-0.715138,0.320000,0.065970,0.893854,0.986575,0.001613,0.005857
fixed,50,250,34,A,-0.850315,0.100000,0.042426,0.855151,0.981295,0.001311,0.006777
fixed,50,250,34,A,0.790871,0.000000,0.000000,0.889145,0.986097,0.000383,0.004725
fixed,50,250,34,A,-0.220140,0.240000,0.060399,0.987522,0.998486,0.001603,0.004395
fixed,50,250,34,A,0.359191,0.000000,0.000000,0.978920,0.997405,0.000252,0.004633
fixed,50,250,34,A,0.624962,0.200000,0.056569,0.932411,0.991492,0.000250,0.004616
fixed,50,250,34,A,-0.004450,0.000000,0.000000,0.999772,0.999983,0.000739,0.003720
fixed,50,250,34,A,-0.668801,0.000000,0.000000,0.906850,0.988187,0.001729,0.005580
fixed,50,250,34,A,-0.039047,0.000000,0.000000,0.999178,0.999894,0.000864,0.003823
fixed,50,250,34,A,0.486482,0.040000,0.027713,0.960584,0.994995,0.000234,0.004847
fixed,50,250,34,A,0.518254,0.000000,0.000000,0.953843,0.994273,0.000233,0.004824
fixed,50,250,34,A,0.901846,0.000000,0.000000,0.857964,0.981765,0.000577,0.005716
fixed,50,250,34,A,-0.859167,0.000000,0.000000,0.850607,0.980920,0.001295,0.006846
fixed,50,250,34,A,0.603970,0.000000,0.000000,0.938039,0.992082,0.000243,0.004663
fixed,50,250,34,A,0.552472,0.000000,0.000000,0.947296,0.993440,0.000235,0.004773
fixed,50,250,34,A,-0.811044,0.000000,0.000000,0.864879,0.982918,0.001389,0.006488
fixed,50,250,34,A,-0.232132,0.000000,0.000000,0.986801,0.998336,0.001646,0.004420
fixed,50,250,34,A,0.862920,0.000000,0.000000,0.869435,0.983350,0.000498,0.005282
fixed,50,250,34,A,-0.531694,0.000000,0.000000,0.938649,0.992358,0.002028,0.004921
fixed,50,250,34,A,0.089277,0.000000,0.000000,0.999514,0.999930,0.000477,0.003618
fixed,50,250,34,A,-0.493828,0.000000,0.000000,0.947994,0.993351,0.002076,0.004804
fixed,50,250,34,A,-0.150350,0.000000,0.000000,0.993740,0.999217,0.001325,0.004207
fixed,50,250,34,A,-0.088002,0.000000,0.000000,0.997210,0.999670,0.001061,0.003994
fixed,50,250,34,A,-0.552043,0.000000,0.000000,0.935521,0.991795,0.001993,0.004998
fixed,50,250,34,A,0.417671,0.120000,0.045957,0.969616,0.996395,0.000242,0.004793
fixed,50,250,34,A,-0.575879,0.000000,0.000000,0.930716,0.991111,0.001946,0.005098
fixed,50,250,34,A,0.393537,0.560000,0.070200,0.974647,0.996831,0.000245,0.004739
fixed,50,250,34,A,-0.933449,0.000000,0.000000,0.824199,0.977622,0.001192,0.007478
fixed,50,250,34,A,-0.972196,0.000000,0.000000,0.810408,0.975801,0.001165,0.007856
fixed,50,250,34,A,0.079174,0.000000,0.000000,0.999654,0.999956,0.000499,0.003613
fixed,50,250,34,A,0.900918,0.000000,0.000000,0.858298,0.981803,0.000575,0.005704
fixed,50,250,34,A,-0.935781,0.000000,0.000000,0.822419,0.977515,0.001190,0.007500
fixed,50,250,34,A,-0.031048,0.000000,0.000000,0.999262,0.999920,0.000834,0.003797
fixed,50,250,34,A,0.972437,0.000000,0.000000,0.832097,0.978711,0.000756,0.006675
fixed,50,250,34,A,0.523190,0.000000,0.000000,0.953794,0.994156,0.000233,0.004818
fixed,50,250,34,A,0.010160,0.000000,0.000000,0.999871,1.000002,0.000690,0.003684
fixed,50,250,34,A,0.007760,0.000000,0.000000,0.999843,1.000000,0.000698,0.003689
fixed,50,250,34,A,-0.318164,0.000000,0.000000,0.977007,0.997062,0.001904,0.004552
fixed,50,250,34,A,0.173214,0.000000,0.000000,0.996302,0.999522,0.000344,0.003813
fixed,50,250,34,A,-0.883349,0.000000,0.000000,0.843957,0.979874,0.001255,0.007040
fixed,50,250,34,A,-0.751545,0.000000,0.000000,0.884787,0.985238,0.001524,0.006087
fixed,50,250,34,A,0.618836,0.000000,0.000000,0.933801,0.991667,0.000248,0.004630
fixed,50,250,34,A,-0.254827,0.280000,0.063498,0.984167,0.998035,0.001723,0.004463
fixed,50,250,34,A,0.444334,0.000000,0.000000,0.965798,0.995879,0.000238,0.004831
fixed,50,250,34,A,0.744787,0.040000,0.027713,0.902210,0.987726,0.000330,0.004553
fixed,50,250,34,A,-0.531489,0.000000,0.000000,0.938656,0.992363,0.002029,0.004921
fixed,50,250,34,A,0.171214,0.000000,0.000000,0.996364,0.999536,0.000347,0.003805
fixed,50,250,34,A,0.581052,0.040000,0.027713,0.941239,0.992702,0.000238,0.004715
fixed,50,250,34,A,0.047278,0.000000,0.000000,0.999910,1.000006,0.000579,0.003623
fixed,50,250,34,A,-0.647606,0.400000,0.069282,0.911204,0.988890,0.001781,0.005460
fixed,50,250,34,A,-0.876932,0.000000,0.000000,0.846062,0.980154,0.001265,0.006987
fixed,50,250,34,A,-0.782380,0.000000,0.000000,0.872579,0.984056,0.001452,0.006290
fixed,50,250,34,A,0.298800,0.000000,0.000000,0.986009,0.998275,0.000266,0.004383
fixed,50,250,34,A,0.654435,0.000000,0.000000,0.925011,0.990629,0.000262,0.004558
fixed,50,250,34,A,0.358912,0.000000,0.000000,0.978984,0.997409,0.000252,0.004632
fixed,50,250,34,A,0.052753,0.160000,0.051846,0.999937,1.000001,0.000564,0.003619
fixed,50,250,34,A,0.700207,0.200000,0.056569,0.915607,0.989206,0.000291,0.004511
fixed,50,250,34,A,0.514320,0.000000,0.000000,0.954266,0.994364,0.000233,0.004829
fixed,50,250,34,A,-0.384078,0.000000,0.000000,0.966773,0.995844,0.002036,0.004619
fixed,50,250,34,A,0.040810,0.000000,0.000000,0.999935,1.000010,0.000597,0.003630
fixed,50,250,34,A,0.493931,0.280000,0.063498,0.958092,0.994830,0.000234,0.004844
fixed,50,250,34,A,-0.771283,0.000000,0.000000,0.877446,0.984486,0.001478,0.006216
fixed,50,250,34,A,-0.599741,0.280000,0.063498,0.922683,0.990400,0.001894,0.005210
fixed,50,250,34,A,0.599068,0.000000,0.000000,0.939507,0.992217,0.000242,0.004675
fixed,50,250,34,A,0.825496,0.200000,0.056569,0.880103,0.984807,0.000434,0.004950
fixed,50,250,34,A,-0.961362,0.080000,0.038367,0.813432,0.976317,0.001171,0.007747
fixed,50,250,34,A,-0.776935,0.000000,0.000000,0.873729,0.984268,0.001464,0.006254
fixed,50,250,34,A,0.804435,0.000000,0.000000,0.883124,0.985598,0.000402,0.004803
fixed,50,250,34,A,-0.049759,0.000000,0.000000,0.998800,0.999855,0.000906,0.003859
fixed,50,250,34,A,-0.276485,0.000000,0.000000,0.982068,0.997724,0.001791,0.004499
fixed,50,250,34,A,-0.693951,0.000000,0.000000,0.899182,0.987324,0.001666,0.005728
fixed,50,250,34,A,-0.245648,0.000000,0.000000,0.986207,0.998160,0.001693,0.004447
fixed,50,250,34,A,-0.979584,0.000000,0.000000,0.806842,0.975446,0.001162,0.007932
fixed,50,250,34,A,0.457381,0.000000,0.000000,0.964650,0.995615,0.000237,0.004842
fixed,50,250,34,A,-0.136484,0.000000,0.000000,0.994526,0.999334,0.001266,0.004162
fixed,50,250,34,A,0.679217,0.000000,0.000000,0.920959,0.989871,0.000276,0.004524
fixed,50,250,34,A,-0.830622,0.000000,0.000000,0.860496,0.982118,0.001349,0.006630
fixed,50,250,34,A,-0.049469,0.000000,0.000000,0.998815,0.999856,0.000905,0.003858
fixed,50,250,34,A,-0.840584,0.000000,0.000000,0.856260,0.981704,0.001329,0.006704
fixed,50,250,34,A,-0.010732,0.000000,0.000000,0.999668,0.999971,0.000761,0.003737
fixed,50,250,34,A,0.910255,0.000000,0.000000,0.854963,0.981413,0.000595,0.005819
fixed,50,250,34,A,-0.154265,0.000000,0.000000,0.993401,0.999182,0.001341,0.004219
fixed,50,250,34,A,-0.220508,0.880000,0.045957,0.987462,0.998481,0.001604,0.004396
fixed,50,250,34,A,0.272057,0.060000,0.033586,0.988470,0.998605,0.000276,0.004256
fixed,50,250,34,A,-0.754605,0.000000,0.000000,0.883649,0.985122,0.001517,0.006106
fixed,50,250,34,A,-0.337193,0.080000,0.038367,0.974765,0.996732,0.001948,0.004572
fixed,50,250,34,A,-0.036078,0.140000,0.049071,0.999248,0.999904,0.000853,0.003814
fixed,50,250,34,A,0.552413,0.000000,0.000000,0.947307,0.993441,0.000235,0.004773
fixed,50,250,34,A,-0.345853,0.400000,0.069282,0.972990,0.996576,0.001967,0.004581
fixed,100,250,28,fcl,-0.683246,0.000000,0.000000,0.000000,0.500207,0.000055,0.002427
fixed,100,250,28,fcl,-0.236133,0.000000,0.000000,0.427518,0.527484,0.000114,0.003378
fixed,100,250,28,fcl,0.289428,0.000000,0.000000,0.000000,0.792336,0.000197,0.002733
fixed,100,250,28,fcl,-0.316705,0.000000,0.000000,0.303629,0.282780,0.000035,0.003024
fixed,100,250,28,fcl,-0.426134,0.010000,0.009950,0.000000,0.287153,-0.000002,0.002253
fixed,100,250,28,fcl,0.117065,0.340000,0.047371,0.802500,0.938626,0.000434,0.003810
fixed,100,250,28,fcl,-0.220456,0.000000,0.000000,0.451777,0.580356,0.000134,0.003437
fixed,100,250,28,fcl,-0.814679,0.140000,0.034699,0.000000,0.392157,0.000105,0.003202
fixed,100,250,28,fcl,-0.639599,0.350000,0.047697,0.000000,0.505633,0.000044,0.002114
fixed,100,250,28,fcl,-0.270821,0.000000,0.000000,0.377824,0.413125,0.000075,0.003239
fixed,100,250,28,fcl,0.924482,0.000000,0.000000,0.000000,0.577924,-0.000065,0.001752
fixed,100,250,28,fcl,-0.158838,0.190000,0.039230,0.617153,0.775463,0.000221,0.003665
fixed,100,250,28,fcl,0.024321,0.140000,0.034699,0.990071,0.996015,0.000436,0.004058
fixed,100,250,28,fcl,-0.308887,0.000000,0.000000,0.321689,0.302196,0.000041,0.003064
fixed,100,250,28,fcl,-0.506836,0.000000,0.000000,0.000000,0.387175,0.000010,0.001611
fixed,100,250,28,fcl,0.834367,0.000000,0.000000,0.000000,0.520916,-0.000092,0.002257
fixed,100,250,28,fcl,-0.056308,0.000000,0.000000,0.942035,0.974816,0.000364,0.003986
fixed,100,250,28,fcl,0.821026,0.000000,0.000000,0.000000,0.513644,-0.000094,0.002315
fixed,100,250,28,fcl,0.505470,0.000000,0.000000,0.000000,0.627421,-0.000080,0.002684
fixed,100,250,28,fcl,0.231381,0.110000,0.031289,0.277578,0.844183,0.000299,0.003100
fixed,100,250,28,fcl,0.190438,0.000000,0.000000,0.498796,0.878917,0.000361,0.003382
fixed,100,250,28,fcl,-0.753949,0.000000,0.000000,0.000000,0.437231,0.000076,0.002852
fixed,100,250,28,fcl,0.437073,0.000000,0.000000,0.000000,0.668560,-0.000025,0.002530
fixed,100,250,28,fcl,-0.342731,0.000000,0.000000,0.237701,0.238011,0.000019,0.002878
fixed,100,250,28,fcl,0.011269,0.000000,0.000000,0.997212,0.998924,0.000428,0.004063
fixed,100,250,28,fcl,-0.495436,0.000000,0.000000,0.000000,0.372579,0.000007,0.001677
fixed,100,250,28,fcl,0.394232,0.000000,0.000000,0.000000,0.699821,0.000027,0.002473
fixed,100,250,28,fcl,0.163086,0.000000,0.000000,0.629467,0.901502,0.000395,0.003559
fixed,100,250,28,fcl,0.499415,0.040000,0.019596,0.000000,0.630855,-0.000076,0.002671
fixed,100,250,28,fcl,0.077553,0.000000,0.000000,0.909952,0.968096,0.000447,0.003961
fixed,100,250,28,fcl,-0.408941,0.000000,0.000000,0.000000,0.268334,-0.000001,0.002400
fixed,100,250,28,fcl,-0.528142,0.000000,0.000000,0.000000,0.413955,0.000015,0.001537
fixed,100,250,28,fcl,-0.709266,0.000000,0.000000,0.000000,0.483818,0.000061,0.002592
fixed,100,250,28,fcl,0.528014,0.000000,0.000000,0.000000,0.614585,-0.000091,0.002729
fixed,100,250,28,fcl,0.255407,0.000000,0.000000,0.136601,0.823095,0.000258,0.002938
fixed,100,250,28,fcl,0.363801,0.000000,0.000000,0.000000,0.725053,0.000071,0.002482
fixed,100,250,28,fcl,0.532807,0.000000,0.000000,0.000000,0.611813,-0.000093,0.002737
fixed,100,250,28,fcl,0.239206,0.000000,0.000000,0.230942,0.837376,0.000286,0.003047
fixed,100,250,28,fcl,0.051206,0.000000,0.000000,0.958941,0.984392,0.000445,0.004025
fixed,100,250,28,fcl,-0.065149,0.000000,0.000000,0.922875,0.965735,0.000353,0.003966
fixed,100,250,28,fcl,0.986470,0.000000,0.000000,0.000000,0.604719,-0.000011,0.001522
fixed,100,250,28,fcl,-0.880206,0.000000,0.000000,0.000000,0.351326,0.000156,0.003620
fixed,100,250,28,fcl,0.042363,0.710000,0.045376,0.971241,0.988888,0.000443,0.004039
fixed,100,250,28,fcl,0.885813,0.000000,0.000000,0.000000,0.553852,-0.000081,0.001990
fixed,100,250,28,fcl,0.756434,0.000000,0.000000,0.000000,0.498139,-0.000102,0.002554
fixed,100,250,28,fcl,0.317324,0.000000,0.000000,0.000000,0.766725,0.000148,0.002601
fixed,100,250,28,fcl,0.494942,0.000000,0.000000,0.000000,0.633402,-0.000073,0.002661
fixed,100,250,28,fcl,-0.756598,0.000000,0.000000,0.000000,0.434130,0.000077,0.002867
fixed,100,250,28,fcl,0.214969,0.000000,0.000000,0.367651,0.858277,0.000325,0.003214
fixed,100,250,28,fcl,0.546926,0.000000,0.000000,0.000000,0.603571,-0.000098,0.002760
fixed,100,250,28,fcl,-0.037413,0.000000,0.000000,0.975172,0.989297,0.000385,0.004023
fixed,100,250,28,fcl,0.213145,0.220000,0.041425,0.378256,0.859823,0.000328,0.003227
fixed,100,250,28,fcl,0.068065,0.120000,0.032496,0.930541,0.974398,0.000447,0.003988
fixed,100,250,28,fcl,-0.141939,0.000000,0.000000,0.674399,0.821405,0.000246,0.003726
fixed,100,250,28,fcl,0.463765,0.000000,0.000000,0.000000,0.651627,-0.000050,0.002588
fixed,100,250,28,fcl,-0.636014,0.260000,0.043863,0.000000,0.504791,0.000043,0.002086
fixed,100,250,28,fcl,-0.816647,0.000000,0.000000,0.000000,0.391380,0.000106,0.003214
fixed,100,250,28,fcl,0.532654,0.000000,0.000000,0.000000,0.611901,-0.000093,0.002737
fixed,100,250,28,fcl,-0.559451,0.000000,0.000000,0.000000,0.450333,0.000024,0.001568
fixed,100,250,28,fcl,-0.028667,0.110000,0.031289,0.984910,0.993783,0.000394,0.004037
fixed,100,250,28,fcl,-0.042938,0.000000,0.000000,0.966507,0.985728,0.000379,0.004014
fixed,100,250,28,fcl,-0.485996,0.210000,0.040731,0.000000,0.360476,0.000005,0.001743
fixed,100,250,28,fcl,0.823275,0.000000,0.000000,0.000000,0.514825,-0.000094,0.002305
fixed,100,250,28,fcl,0.191066,0.000000,0.000000,0.495429,0.878393,0.000360,0.003378
fixed,100,250,28,fcl,0.466786,0.000000,0.000000,0.000000,0.649788,-0.000053,0.002595
fixed,100,250,28,fcl,0.836194,0.000000,0.000000,0.000000,0.521969,-0.000092,0.002248
fixed,100,250,28,fcl,-0.511793,0.000000,0.000000,0.000000,0.393466,0.000011,0.001587
fixed,100,250,28,fcl,0.485319,0.030000,0.017059,0.000000,0.638914,-0.000067,0.002639
fixed,100,250,28,fcl,-0.195810,0.000000,0.000000,0.501768,0.662164,0.000168,0.003529
fixed,100,250,28,fcl,-0.981523,0.000000,0.000000,0.000000,0.239143,0.000298,0.004446
fixed,100,250,28,fcl,0.844926,0.000000,0.000000,0.000000,0.527222,-0.000091,0.002208
fixed,100,250,28,fcl,-0.951012,0.000000,0.000000,0.000000,0.274565,0.000245,0.004163
fixed,100,250,28,fcl,0.661752,0.000000,0.000000,0.000000,0.533274,-0.000111,0.002775
fixed,100,250,28,fcl,-0.126888,0.110000,0.031289,0.728715,0.858547,0.000268,0.003778
fixed,100,250,28,fcl,-0.535541,0.000000,0.000000,0.000000,0.422946,0.000017,0.001529
fixed,100,250,28,fcl,0.366682,0.000000,0.000000,0.000000,0.722555,0.000066,0.002478
fixed,100,250,28,fcl,-0.727578,0.000000,0.000000,0.000000,0.466849,0.000067,0.002700
fixed,100,250,28,fcl,-0.983434,0.000000,0.000000,0.000000,0.237039,0.000302,0.004465
fixed,100,250,28,fcl,-0.601350,0.220000,0.041425,0.000000,0.488084,0.000035,0.001818
fixed,100,250,28,fcl,-0.587180,0.000000,0.000000,0.000000,0.477221,0.000031,0.001716
fixed,100,250,28,fcl,0.797305,0.000000,0.000000,0.000000,0.503612,-0.000097,0.002410
fixed,100,250,28,fcl,0.311918,0.000000,0.000000,0.000000,0.771690,0.000157,0.002624
fixed,100,250,28,fcl,0.199059,0.120000,0.032496,0.453943,0.871712,0.000349,0.003324
fixed,100,250,28,fcl,0.940749,0.000000,0.000000,0.000000,0.586716,-0.000054,0.001655
fixed,100,250,28,fcl,-0.637233,0.000000,0.000000,0.000000,0.505146,0.000043,0.002096
fixed,100,250,28,fcl,0.898116,0.000000,0.000000,0.000000,0.561875,-0.000077,0.001916
fixed,100,250,28,fcl,-0.755282,0.000000,0.000000,0.000000,0.435671,0.000076,0.002859
fixed,100,250,28,fcl,0.086800,0.000000,0.000000,0.888824,0.961594,0.000446,0.003932
fixed,100,250,28,fcl,0.550996,0.000000,0.000000,0.000000,0.601151,-0.000100,0.002766
fixed,100,250,28,fcl,-0.105739,0.000000,0.000000,0.804503,0.903737,0.000298,0.003849
fixed,100,250,28,fcl,0.835711,0.000000,0.000000,0.000000,0.521691,-0.000092,0.002250
fixed,100,250,28,fcl,-0.188735,0.040000,0.019596,0.521296,0.684874,0.000177,0.003555
fixed,100,250,28,fcl,-0.871839,0.000000,0.000000,0.000000,0.358465,0.000148,0.003563
fixed,100,250,28,fcl,0.038434,0.090000,0.028618,0.976100,0.990675,0.000442,0.004045
fixed,100,250,28,fcl,-0.534254,0.000000,0.000000,0.000000,0.421382,0.000017,0.001529
fixed,100,250,28,fcl,-0.094699,0.000000,0.000000,0.839701,0.923808,0.000314,0.003884
fixed,100,250,28,fcl,0.089304,0.300000,0.045826,0.882739,0.959760,0.000445,0.003923
fixed,100,250,28,fcl,-0.721289,0.000000,0.000000,0.000000,0.473052,0.000065,0.002663
fixed,100,250,28,fcl,-0.244231,0.000000,0.000000,0.414009,0.500260,0.000105,0.003347
fixed,100,250,28,fcl,0.535969,0.000000,0.000000,0.000000,0.609984,-0.000094,0.002743
fixed,100,250,28,fcl,-0.840069,0.000000,0.000000,0.000000,0.380434,0.000121,0.003358
fixed,100,250,28,fcl,-0.122407,0.000000,0.000000,0.745161,0.868702,0.000274,0.003794
fixed,100,250,28,fcl,-0.695914,0.000000,0.000000,0.000000,0.493403,0.000058,0.002509
fixed,100,250,28,fcl,0.688463,0.000000,0.000000,0.000000,0.519053,-0.000109,0.002732
fixed,100,250,28,fcl,-0.021864,0.930000,0.025515,0.990727,0.996410,0.000401,0.004045
fixed,100,250,28,fcl,0.679482,0.000000,0.000000,0.000000,0.523601,-0.000109,0.002748
fixed,100,250,28,fcl,0.372438,0.000000,0.000000,0.000000,0.717677,0.000058,0.002474
fixed,100,250,28,fcl,-0.310766,0.000000,0.000000,0.317345,0.297520,0.000039,0.003055
fixed,100,250,28,fcl,-0.565391,0.020000,0.014000,0.000000,0.456590,0.000025,0.001592
fixed,100,250,28,fcl,0.477349,0.000000,0.000000,0.000000,0.643530,-0.000061,0.002620
fixed,100,250,28,fcl,-0.129477,0.370000,0.048280,0.719176,0.852344,0.000264,0.003769
fixed,100,250,28,fcl,-0.564990,0.000000,0.000000,0.000000,0.456168,0.000025,0.001591
fixed,100,250,28,fcl,0.703813,0.000000,0.000000,0.000000,0.512072,-0.000107,0.002700
fixed,100,250,28,fcl,-0.025959,0.730000,0.044396,0.987502,0.995048,0.000397,0.004040
fixed,100,250,28,fcl,0.867239,0.000000,0.000000,0.000000,0.541557,-0.000086,0.002095
fixed,100,250,28,fcl,-0.163505,0.000000,0.000000,0.601051,0.762052,0.000214,0.003648
fixed,100,250,28,fcl,0.037226,0.170000,0.037563,0.977594,0.991225,0.000441,0.004046
fixed,100,250,28,fcl,0.350964,0.000000,0.000000,0.000000,0.736291,0.000091,0.002501
fixed,100,250,28,fcl,0.619248,0.000000,0.000000,0.000000,0.558891,-0.000111,0.002807
fixed,100,250,28,fcl,0.662163,0.000000,0.000000,0.000000,0.533042,-0.000111,0.002774
fixed,100,250,28,fcl,0.429919,0.000000,0.000000,0.000000,0.673434,-0.000017,0.002516
fixed,100,250,28,fcl,-0.907491,0.000000,0.000000,0.000000,0.324400,0.000185,0.003814
fixed,100,250,28,fcl,0.665802,0.000000,0.000000,0.000000,0.530990,-0.000110,0.002769
fixed,100,250,28,fcl,0.833684,0.000000,0.000000,0.000000,0.520523,-0.000093,0.002260
fixed,100,250,28,fcl,-0.843840,0.000000,0.000000,0.000000,0.378215,0.000124,0.003381
fixed,100,250,28,fcl,0.207146,0.400000,0.048990,0.413144,0.864910,0.000337,0.003268
fixed,100,250,28,fcl,-0.165577,0.000000,0.000000,0.593900,0.756096,0.000211,0.003640
fixed,100,250,28,fcl,-0.738939,0.000000,0.000000,0.000000,0.454617,0.000070,0.002766
fixed,100,250,28,fcl,0.304709,0.000000,0.000000,0.000000,0.778315,0.000170,0.002656
fixed,100,250,28,fcl,-0.118667,0.000000,0.000000,0.758861,0.876984,0.000280,0.003806
fixed,100,250,28,fcl,-0.693650,0.000000,0.000000,0.000000,0.494755,0.000057,0.002494
fixed,100,250,28,fcl,-0.892857,0.000000,0.000000,0.000000,0.339407,0.000169,0.003708
fixed,100,250,28,fcl,0.124550,0.100000,0.030000,0.779537,0.932699,0.000429,0.003774
fixed,100,250,28,fcl,0.274199,0.000000,0.000000,0.033938,0.806210,0.000225,0.002820
fixed,100,250,28,fcl,0.594823,0.000000,0.000000,0.000000,0.574248,-0.000109,0.002805
fixed,100,250,28,fcl,-0.133827,0.070000,0.025515,0.703144,0.841917,0.000258,0.003754
fixed,100,250,28,fcl,-0.356508,0.000000,0.000000,0.187904,0.230661,0.000012,0.002791
fixed,100,250,28,fcl,0.257056,0.000000,0.000000,0.127368,0.821627,0.000255,0.002927
fixed,100,250,28,fcl,-0.292293,0.300000,0.045826,0.352570,0.347670,0.000055,0.003144
fixed,100,250,28,fcl,0.355331,0.000000,0.000000,0.000000,0.732425,0.000084,0.002493
fixed,100,250,28,fcl,-0.971428,0.000000,0.000000,0.000000,0.250609,0.000279,0.004348
fixed,100,250,28,fcl,-0.013161,0.000000,0.000000,0.996445,0.998703,0.000409,0.004054
fixed,100,250,28,fcl,0.604848,0.000000,0.000000,0.000000,0.567940,-0.000110,0.002807
fixed,100,250,28,fcl,0.941697,0.000000,0.000000,0.000000,0.587178,-0.000054,0.001649
fixed,100,250,28,fcl,-0.578035,0.000000,0.000000,0.000000,0.469109,0.000029,0.001659
fixed,100,250,28,fcl,0.684538,0.000000,0.000000,0.000000,0.521040,-0.000109,0.002739
fixed,100,250,28,fcl,-0.433530,0.000000,0.000000,0.000000,0.295683,-0.000002,0.002188
fixed,100,250,28,fcl,0.601378,0.000000,0.000000,0.000000,0.570126,-0.000110,0.002807
fixed,100,250,28,fcl,0.557162,0.000000,0.000000,0.000000,0.597473,-0.000102,0.002774
fixed,100,250,28,fcl,0.602688,0.000000,0.000000,0.000000,0.569300,-0.000110,0.002807
fixed,100,250,28,fcl,0.053365,0.000000,0.000000,0.955779,0.983240,0.000446,0.004021
fixed,100,250,28,fcl,-0.812672,0.000000,0.000000,0.000000,0.392949,0.000103,0.003190
fixed,100,250,28,fcl,0.855168,0.000000,0.000000,0.000000,0.533680,-0.000089,0.002157
fixed,100,250,28,fcl,-0.727826,0.000000,0.000000,0.000000,0.466604,0.000067,0.002702
fixed,100,250,28,fcl,0.539020,0.000000,0.000000,0.000000,0.608209,-0.000096,0.002748
fixed,100,250,28,fcl,-0.975121,0.000000,0.000000,0.000000,0.246391,0.000286,0.004383
fixed,100,250,28,fcl,0.324951,0.000000,0.000000,0.000000,0.759745,0.000134,0.002573
fixed,100,250,28,fcl,-0.231200,0.000000,0.000000,0.434606,0.544139,0.000120,0.003397
fixed,100,250,28,fcl,-0.074099,0.000000,0.000000,0.900146,0.954808,0.000341,0.003943
fixed,100,250,28,fcl,0.107664,0.190000,0.039230,0.831652,0.945956,0.000439,0.003852
fixed,100,250,28,fcl,-0.332201,0.000000,0.000000,0.268021,0.251908,0.000025,0.002940
fixed,100,250,28,fcl,-0.936758,0.000000,0.000000,0.000000,0.291370,0.000224,0.004043
fixed,100,250,28,fcl,0.245215,0.000000,0.000000,0.197110,0.832111,0.000275,0.003006
fixed,100,250,28,fcl,0.534935,0.000000,0.000000,0.000000,0.610582,-0.000094,0.002741
fixed,100,250,28,fcl,0.983761,0.000000,0.000000,0.000000,0.603951,-0.000014,0.001520
fixed,100,250,28,fcl,-0.410198,0.080000,0.027129,0.000000,0.269677,-0.000001,0.002390
fixed,100,250,28,fcl,0.762704,0.000000,0.000000,0.000000,0.497960,-0.000101,0.002534
fixed,100,250,28,fcl,0.705562,0.000000,0.000000,0.000000,0.511326,-0.000107,0.002696
fixed,100,250,28,fcl,0.030166,0.050000,0.021794,0.984835,0.993977,0.000438,0.004053
fixed,100,250,28,fcl,-0.948655,0.080000,0.027129,0.000000,0.277352,0.000241,0.004143
fixed,100,250,28,fcl,0.589516,0.120000,0.032496,0.000000,0.577578,-0.000108,0.002802
fixed,100,250,28,fcl,0.968089,0.000000,0.000000,0.000000,0.598775,-0.000031,0.001536
fixed,100,250,28,fcl,-0.811622,0.000000,0.000000,0.000000,0.393364,0.000103,0.003184
fixed,100,250,28,fcl,0.999072,0.000000,0.000000,0.000000,0.607785,0.000005,0.001557
fixed,100,250,28,fcl,-0.435713,0.120000,0.032496,0.000000,0.298213,-0.000002,0.002169
fixed,100,250,28,fcl,-0.200877,0.350000,0.047697,0.489791,0.645539,0.000160,0.003511
fixed,100,250,28,fcl,0.357181,0.000000,0.000000,0.000000,0.730795,0.000081,0.002491
fixed,100,250,28,fcl,-0.351359,0.000000,0.000000,0.207375,0.232333,0.000015,0.002824
fixed,100,250,28,fcl,0.578925,0.000000,0.000000,0.000000,0.584177,-0.000107,0.002796
fixed,100,250,28,fcl,-0.254208,0.000000,0.000000,0.401122,0.467038,0.000093,0.003307
fixed,100,250,28,fcl,-0.546485,0.000000,0.000000,0.000000,0.435867,0.000020,0.001535
fixed,100,250,28,fcl,0.482899,0.000000,0.000000,0.000000,0.640315,-0.000065,0.002633
fixed,100,250,28,fcl,-0.636510,0.000000,0.000000,0.000000,0.504935,0.000043,0.002090
fixed,100,250,28,fcl,0.060818,0.000000,0.000000,0.943843,0.978894,0.000447,0.004005
fixed,100,250,28,fcl,-0.634467,0.000000,0.000000,0.000000,0.504341,0.000043,0.002074
fixed,100,250,28,fcl,-0.291762,0.000000,0.000000,0.353342,0.349216,0.000055,0.003147
fixed,100,250,28,fcl,0.529138,0.000000,0.000000,0.000000,0.613934,-0.000092,0.002731
fixed,100,250,28,fcl,-0.225646,0.180000,0.038419,0.442734,0.562885,0.000128,0.003418
fixed,100,250,28,fcl,-0.685547,0.000000,0.000000,0.000000,0.499170,0.000055,0.002442
fixed,100,250,28,fcl,-0.475965,0.000000,0.000000,0.000000,0.347677,0.000003,0.001820
fixed,100,250,28,fcl,0.905232,0.000000,0.000000,0.000000,0.566376,-0.000074,0.001872
fixed,100,250,28,fcl,-0.980084,0.000000,0.000000,0.000000,0.240728,0.000295,0.004431
fixed,100,250,28,fcl,0.949282,0.000000,0.000000,0.000000,0.590877,-0.000048,0.001609
fixed,100,250,28,fcl,0.689265,0.000000,0.000000,0.000000,0.518676,-0.000109,0.002730
fixed,100,250,28,fcl,-0.019045,0.570000,0.049508,0.992826,0.997251,0.000404,0.004048
fixed,100,250,28,fcl,-0.853249,0.000000,0.000000,0.000000,0.372328,0.000132,0.003441
fixed,100,250,28,fcl,0.336463,0.000000,0.000000,0.000000,0.749270,0.000115,0.002536
fixed,100,250,28,fcl,0.128646,0.000000,0.000000,0.765613,0.929426,0.000426,0.003754
fixed,100,250,28,fcl,0.831005,0.000000,0.000000,0.000000,0.518980,-0.000093,0.002272
fixed,100,250,28,fcl,0.437065,0.000000,0.000000,0.000000,0.668566,-0.000025,0.002530
fixed,100,250,28,fcl,-0.605195,0.000000,0.000000,0.000000,0.490687,0.000036,0.001847
fixed,100,250,28,fcl,-0.348442,0.250000,0.043301,0.218410,0.233280,0.000016,0.002843
fixed,100,250,28,fcl,-0.533230,0.000000,0.000000,0.000000,0.420137,0.000016,0.001530
fixed,100,250,28,fcl,0.791697,0.000000,0.000000,0.000000,0.501936,-0.000098,0.002432
fixed,100,250,28,fcl,0.896203,0.000000,0.000000,0.000000,0.560634,-0.000078,0.001928
fixed,100,250,28,fcl,0.828706,0.000000,0.000000,0.000000,0.517678,-0.000093,0.002282
fixed,100,250,28,fcl,-0.087028,0.060000,0.023749,0.863933,0.936298,0.000324,0.003907
fixed,100,250,28,fcl,0.023693,0.110000,0.031289,0.990462,0.996177,0.000435,0.004058
fixed,100,250,28,fcl,0.255049,0.330000,0.047021,0.138737,0.823412,0.000258,0.002940
fixed,100,250,28,fcl,0.994879,0.000000,0.000000,0.000000,0.606829,-0.000001,0.001541
fixed,100,250,28,fcl,0.131718,0.550000,0.049749,0.754804,0.926963,0.000424,0.003738
fixed,100,250,28,fcl,-0.085748,0.200000,0.040000,0.867976,0.938382,0.000326,0.003910
fixed,100,250,28,fcl,-0.435746,0.000000,0.000000,0.000000,0.298251,-0.000002,0.002169
fixed,100,250,28,fcl,0.421681,0.000000,0.000000,0.000000,0.679205,-0.000008,0.002502
fixed,100,250,28,fcl,0.351686,0.000000,0.000000,0.000000,0.735651,0.000090,0.002500
fixed,100,250,28,fcl,0.401657,0.000000,0.000000,0.000000,0.694037,0.000017,0.002478
fixed,100,250,28,fcl,0.010416,0.270000,0.044396,0.997522,0.999042,0.000427,0.004063
fixed,100,250,28,fcl,-0.064001,0.000000,0.000000,0.925363,0.966914,0.000354,0.003969
fixed,100,250,28,fcl,0.247140,0.000000,0.000000,0.185962,0.830416,0.000272,0.002993
fixed,100,250,28,fcl,-0.538332,0.000000,0.000000,0.000000,0.426310,0.000018,0.001528
fixed,100,250,28,fcl,0.863921,0.000000,0.000000,0.000000,0.539374,-0.000087,0.002112
fixed,100,250,28,fcl,-0.159080,0.000000,0.000000,0.616320,0.774769,0.000220,0.003664
fixed,100,250,28,fcl,0.640393,0.000000,0.000000,0.000000,0.545833,-0.000111,0.002796
fixed,100,250,28,fcl,0.203207,0.000000,0.000000,0.433524,0.868227,0.000343,0.003295
fixed,100,250,28,fcl,-0.291788,0.170000,0.037563,0.353305,0.349141,0.000055,0.003147
fixed,100,250,28,fcl,-0.624248,0.080000,0.027129,0.000000,0.500837,0.000040,0.001994
fixed,100,250,28,fcl,-0.536904,0.000000,0.000000,0.000000,0.424603,0.000017,0.001528
fixed,100,250,28,fcl,0.191789,0.000000,0.000000,0.491557,0.877791,0.000359,0.003373
fixed,100,250,28,fcl,0.102571,0.250000,0.043301,0.846955,0.949859,0.000441,0.003873
fixed,100,250,28,fcl,-0.076897,0.000000,0.000000,0.892671,0.951074,0.000338,0.003935
fixed,100,250,28,fcl,0.502560,0.000000,0.000000,0.000000,0.629071,-0.000078,0.002678
fixed,100,250,28,fcl,-0.111233,0.370000,0.048280,0.785338,0.892620,0.000290,0.003831
fixed,100,250,28,fcl,-0.039504,0.000000,0.000000,0.971893,0.987946,0.000383,0.004020
fixed,100,250,28,fcl,0.538869,0.000000,0.000000,0.000000,0.608298,-0.000095,0.002747
fixed,100,250,28,fcl,-0.619547,0.000000,0.000000,0.000000,0.498827,0.000039,0.001958
fixed,100,250,28,fcl,0.889067,0.000000,0.000000,0.000000,0.556001,-0.000080,0.001971
fixed,100,250,28,fcl,0.661972,0.040000,0.019596,0.000000,0.533149,-0.000111,0.002774
fixed,100,250,28,fcl,0.724640,0.000000,0.000000,0.000000,0.504346,-0.000105,0.002648
fixed,100,250,28,fcl,0.769111,0.000000,0.000000,0.000000,0.498031,-0.000100,0.002512
fixed,100,250,28,fcl,-0.548556,0.000000,0.000000,0.000000,0.438251,0.000021,0.001538
fixed,100,250,28,fcl,-0.504395,0.140000,0.034699,0.000000,0.384050,0.000009,0.001624
fixed,100,250,28,fcl,0.731773,0.200000,0.040000,0.000000,0.502288,-0.000104,0.002629
fixed,100,250,28,fcl,0.867224,0.000000,0.000000,0.000000,0.541548,-0.000086,0.002095
fixed,100,250,28,fcl,-0.723678,0.000000,0.000000,0.000000,0.470696,0.000065,0.002678
fixed,100,250,28,fcl,0.913888,0.000000,0.000000,0.000000,0.571703,-0.000070,0.001818
fixed,100,250,28,fcl,0.311763,0.000000,0.000000,0.000000,0.771834,0.000157,0.002624
fixed,100,250,28,fcl,0.721218,0.000000,0.000000,0.000000,0.505434,-0.000105,0.002658
fixed,100,250,28,fcl,0.272072,0.000000,0.000000,0.046208,0.808132,0.000228,0.002833
fixed,100,250,28,fcl,0.459981,0.190000,0.039230,0.000000,0.653932,-0.000047,0.002579
fixed,100,250,28,fcl,-0.001974,0.080000,0.027129,0.999334,0.999826,0.000418,0.004061
fixed,100,250,28,fsb,0.174807,0.000000,0.000000,0.359336,0.840104,0.000314,0.003552
fixed,100,250,28,fsb,0.804175,0.000000,0.000000,0.000000,0.848556,-0.000029,0.001258
fixed,100,250,28,fsb,-0.897568,0.000000,0.000000,0.000000,0.499150,-0.000022,0.002218
fixed,100,250,28,fsb,-0.182451,0.000000,0.000000,0.000000,0.646083,0.000350,0.003682
fixed,100,250,28,fsb,-0.395123,0.010000,0.009950,0.004196,0.500008,0.000174,0.002176
fixed,100,250,28,fsb,-0.106068,0.340000,0.047371,0.371355,0.855490,0.000401,0.004026
fixed,100,250,28,fsb,0.452923,0.000000,0.000000,0.225637,0.794316,0.000078,0.003067
fixed,100,250,28,fsb,-0.412066,0.140000,0.034699,0.001553,0.499986,0.000165,0.002121
fixed,100,250,28,fsb,-0.277180,0.350000,0.047697,0.000000,0.509435,0.000264,0.002957
fixed,100,250,28,fsb,0.497102,0.000000,0.000000,0.240011,0.808847,0.000060,0.002864
fixed,100,250,28,fsb,-0.048668,0.000000,0.000000,0.849022,0.970175,0.000420,0.004105
fixed,100,250,28,fsb,-0.282473,0.190000,0.039230,0.000000,0.507466,0.000260,0.002912
fixed,100,250,28,fsb,0.746077,0.140000,0.034699,0.088780,0.864321,-0.000006,0.001454
fixed,100,250,28,fsb,0.383333,0.000000,0.000000,0.198370,0.778213,0.000121,0.003292
fixed,100,250,28,fsb,0.166724,0.000000,0.000000,0.383270,0.847477,0.000321,0.003572
fixed,100,250,28,fsb,-0.640159,0.000000,0.000000,0.017765,0.498642,0.000090,0.001998
fixed,100,250,28,fsb,-0.698442,0.000000,0.000000,0.000000,0.499189,0.000067,0.001983
fixed,100,250,28,fsb,0.150020,0.000000,0.000000,0.428299,0.863955,0.000336,0.003616
fixed,100,250,28,fsb,-0.683289,0.000000,0.000000,0.000000,0.499064,0.000073,0.001997
fixed,100,250,28,fsb,-0.091341,0.110000,0.031289,0.501550,0.891747,0.000408,0.004061
fixed,100,250,28,fsb,0.764834,0.000000,0.000000,0.050773,0.860665,-0.000014,0.001354
fixed,100,250,28,fsb,0.721270,0.000000,0.000000,0.135047,0.866848,0.000003,0.001609
fixed,100,250,28,fsb,0.901270,0.000000,0.000000,0.000000,0.802819,-0.000043,0.001681
fixed,100,250,28,fsb,-0.208743,0.000000,0.000000,0.000000,0.587467,0.000328,0.003505
fixed,100,250,28,fsb,0.945201,0.000000,0.000000,0.000000,0.781530,-0.000026,0.002023
fixed,100,250,28,fsb,-0.841214,0.000000,0.000000,0.000000,0.499697,-0.000001,0.001780
fixed,100,250,28,fsb,-0.992193,0.000000,0.000000,0.088850,0.498380,-0.000012,0.003650
fixed,100,250,28,fsb,0.623819,0.000000,0.000000,0.260839,0.853558,0.000029,0.002193
fixed,100,250,28,fsb,-0.862405,0.040000,0.019596,0.000000,0.499461,-0.000010,0.001889
fixed,100,250,28,fsb,-0.822594,0.000000,0.000000,0.000000,0.499890,0.000008,0.001742
fixed,100,250,28,fsb,0.395457,0.000000,0.000000,0.201314,0.780215,0.000112,0.003262
fixed,100,250,28,fsb,-0.744966,0.000000,0.000000,0.000000,0.499637,0.000045,0.001892
fixed,100,250,28,fsb,0.252063,0.000000,0.000000,0.231724,0.790450,0.000238,0.003436
fixed,100,250,28,fsb,-0.622456,0.000000,0.000000,0.060043,0.498489,0.000097,0.001989
fixed,100,250,28,fsb,-0.616187,0.000000,0.000000,0.069759,0.498447,0.000099,0.001985
fixed,100,250,28,fsb,0.536317,0.000000,0.000000,0.266477,0.823204,0.000048,0.002661
fixed,100,250,28,fsb,0.671816,0.000000,0.000000,0.211487,0.864236,0.000018,0.001922
fixed,100,250,28,fsb,-0.356196,0.000000,0.000000,0.000000,0.499902,0.000198,0.002363
fixed,100,250,28,fsb,-0.672523,0.000000,0.000000,0.000000,0.498968,0.000078,0.002002
fixed,100,250,28,fsb,0.805842,0.000000,0.000000,0.000000,0.847929,-0.000029,0.001259
fixed,100,250,28,fsb,-0.355387,0.000000,0.000000,0.000000,0.499903,0.000199,0.002367
fixed,100,250,28,fsb,-0.622984,0.000000,0.000000,0.059192,0.498493,0.000096,0.001989
fixed,100,250,28,fsb,0.042994,0.710000,0.045376,0.898688,0.979988,0.000408,0.003959
fixed,100,250,28,fsb,0.940311,0.000000,0.000000,0.000000,0.783755,-0.000029,0.001979
fixed,100,250,28,fsb,-0.933433,0.000000,0.000000,0.000000,0.498823,-0.000028,0.002697
fixed,100,250,28,fsb,-0.047799,0.000000,0.000000,0.854455,0.971324,0.000420,0.004105
fixed,100,250,28,fsb,0.526820,0.000000,0.000000,0.261477,0.819665,0.000050,0.002711
fixed,100,250,28,fsb,0.526563,0.000000,0.000000,0.261363,0.819570,0.000050,0.002713
fixed,100,250,28,fsb,-0.629968,0.000000,0.000000,0.045646,0.498547,0.000094,0.001993
fixed,100,250,28,fsb,0.407436,0.000000,0.000000,0.205380,0.782560,0.000104,0.003229
fixed,100,250,28,fsb,0.926490,0.000000,0.000000,0.000000,0.790308,-0.000035,0.001864
fixed,100,250,28,fsb,-0.072468,0.220000,0.041425,0.669852,0.932068,0.000414,0.004091
fixed,100,250,28,fsb,0.365235,0.120000,0.032496,0.192240,0.775954,0.000134,0.003328
fixed,100,250,28,fsb,-0.162843,0.000000,0.000000,0.010793,0.697468,0.000365,0.003796
fixed,100,250,28,fsb,0.423532,0.000000,0.000000,0.215587,0.786267,0.000094,0.003178
fixed,100,250,28,fsb,-0.576240,0.260000,0.043863,0.075489,0.498434,0.000111,0.001963
fixed,100,250,28,fsb,0.204281,0.000000,0.000000,0.296665,0.816688,0.000285,0.003493
fixed,100,250,28,fsb,-0.591904,0.000000,0.000000,0.082225,0.498388,0.000106,0.001970
fixed,100,250,28,fsb,0.751841,0.000000,0.000000,0.076051,0.863354,-0.000009,0.001420
fixed,100,250,28,fsb,0.378675,0.110000,0.031289,0.197633,0.777532,0.000124,0.003302
fixed,100,250,28,fsb,-0.283854,0.000000,0.000000,0.000000,0.506953,0.000258,0.002901
fixed,100,250,28,fsb,-0.545297,0.210000,0.040731,0.050078,0.498677,0.000120,0.001961
fixed,100,250,28,fsb,0.444125,0.000000,0.000000,0.219195,0.791743,0.000083,0.003103
fixed,100,250,28,fsb,-0.817018,0.000000,0.000000,0.000000,0.499934,0.000010,0.001739
fixed,100,250,28,fsb,-0.833911,0.000000,0.000000,0.000000,0.499778,0.000002,0.001759
fixed,100,250,28,fsb,0.702221,0.000000,0.000000,0.168386,0.867000,0.000009,0.001733
fixed,100,250,28,fsb,0.130469,0.000000,0.000000,0.498908,0.884943,0.000353,0.003675
fixed,100,250,28,fsb,-0.958922,0.030000,0.017059,0.036252,0.498566,-0.000025,0.003093
fixed,100,250,28,fsb,0.201118,0.000000,0.000000,0.302821,0.818971,0.000288,0.003499
fixed,100,250,28,fsb,0.623208,0.000000,0.000000,0.261322,0.853382,0.000029,0.002197
fixed,100,250,28,fsb,0.862527,0.000000,0.000000,0.000000,0.822444,-0.000044,0.001448
fixed,100,250,28,fsb,0.243788,0.000000,0.000000,0.243812,0.793978,0.000246,0.003443
fixed,100,250,28,fsb,-0.060567,0.000000,0.000000,0.768779,0.952973,0.000418,0.004101
fixed,100,250,28,fsb,0.662012,0.110000,0.031289,0.225320,0.862621,0.000021,0.001980
fixed,100,250,28,fsb,0.119566,0.000000,0.000000,0.546446,0.897277,0.000361,0.003710
fixed,100,250,28,fsb,-0.520310,0.000000,0.000000,0.023596,0.498951,0.000126,0.001970
fixed,100,250,28,fsb,-0.077409,0.000000,0.000000,0.626185,0.922372,0.000413,0.004085
fixed,100,250,28,fsb,-0.377327,0.000000,0.000000,0.004502,0.499971,0.000184,0.002250
fixed,100,250,28,fsb,-0.352560,0.220000,0.041425,0.000000,0.499906,0.000201,0.002384
fixed,100,250,28,fsb,0.689441,0.000000,0.000000,0.187449,0.866300,0.000013,0.001814
fixed,100,250,28,fsb,-0.534848,0.000000,0.000000,0.035944,0.498787,0.000122,0.001963
fixed,100,250,28,fsb,-0.681565,0.000000,0.000000,0.000000,0.499050,0.000074,0.001998
fixed,100,250,28,fsb,0.331608,0.120000,0.032496,0.196353,0.774610,0.000162,0.003376
fixed,100,250,28,fsb,-0.643017,0.000000,0.000000,0.011482,0.498671,0.000089,0.001999
fixed,100,250,28,fsb,0.698597,0.000000,0.000000,0.173950,0.866905,0.000010,0.001756
fixed,100,250,28,fsb,-0.230347,0.000000,0.000000,0.000000,0.551089,0.000308,0.003342
fixed,100,250,28,fsb,0.652819,0.000000,0.000000,0.235395,0.860819,0.000023,0.002033
fixed,100,250,28,fsb,0.746896,0.000000,0.000000,0.087131,0.864203,-0.000007,0.001449
fixed,100,250,28,fsb,0.178746,0.000000,0.000000,0.349130,0.836690,0.000310,0.003543
fixed,100,250,28,fsb,-0.094037,0.000000,0.000000,0.476428,0.885483,0.000407,0.004056
fixed,100,250,28,fsb,-0.574808,0.000000,0.000000,0.074802,0.498442,0.000111,0.001963
fixed,100,250,28,fsb,-0.556602,0.040000,0.019596,0.059878,0.498570,0.000116,0.001960
fixed,100,250,28,fsb,0.344280,0.000000,0.000000,0.196347,0.774647,0.000151,0.003361
fixed,100,250,28,fsb,-0.263812,0.090000,0.028618,0.000000,0.516774,0.000277,0.003069
fixed,100,250,28,fsb,-0.719033,0.000000,0.000000,0.000000,0.499364,0.000057,0.001952
fixed,100,250,28,fsb,-0.750719,0.000000,0.000000,0.000000,0.499703,0.000042,0.001877
fixed,100,250,28,fsb,0.352934,0.300000,0.045826,0.194679,0.775021,0.000144,0.003349
fixed,100,250,28,fsb,0.881640,0.000000,0.000000,0.000000,0.812805,-0.000045,0.001557
fixed,100,250,28,fsb,0.565921,0.000000,0.000000,0.271490,0.834205,0.000041,0.002503
fixed,100,250,28,fsb,0.636905,0.000000,0.000000,0.249197,0.857126,0.000027,0.002122
fixed,100,250,28,fsb,-0.145598,0.000000,0.000000,0.086644,0.745750,0.000378,0.003882
fixed,100,250,28,fsb,0.920363,0.000000,0.000000,0.000000,0.793284,-0.000038,0.001817
fixed,100,250,28,fsb,0.179228,0.000000,0.000000,0.347947,0.836280,0.000309,0.003542
fixed,100,250,28,fsb,-0.245274,0.000000,0.000000,0.000000,0.532436,0.000294,0.003223
fixed,100,250,28,fsb,0.037083,0.930000,0.025515,0.920879,0.984605,0.000410,0.003976
fixed,100,250,28,fsb,0.675862,0.000000,0.000000,0.206733,0.864812,0.000017,0.001898
fixed,100,250,28,fsb,-0.719632,0.000000,0.000000,0.000000,0.499370,0.000057,0.001951
fixed,100,250,28,fsb,-0.615106,0.000000,0.000000,0.071282,0.498442,0.000099,0.001984
fixed,100,250,28,fsb,-0.649074,0.020000,0.014000,0.000000,0.498733,0.000087,0.002001
fixed,100,250,28,fsb,-0.769486,0.000000,0.000000,0.000000,0.499897,0.000033,0.001824
fixed,100,250,28,fsb,0.109974,0.370000,0.048280,0.586846,0.908361,0.000369,0.003741
fixed,100,250,28,fsb,0.504886,0.000000,0.000000,0.249940,0.811632,0.000057,0.002825
fixed,100,250,28,fsb,-0.944905,0.000000,0.000000,0.007786,0.498705,-0.000027,0.002871
fixed,100,250,28,fsb,0.086232,0.730000,0.044396,0.696559,0.935983,0.000385,0.003821
fixed,100,250,28,fsb,-0.220862,0.000000,0.000000,0.000000,0.565681,0.000317,0.003415
fixed,100,250,28,fsb,0.195631,0.000000,0.000000,0.313470,0.822955,0.000294,0.003509
fixed,100,250,28,fsb,0.327454,0.170000,0.037563,0.193678,0.774691,0.000166,0.003380
fixed,100,250,28,fsb,0.166208,0.000000,0.000000,0.384797,0.847947,0.000322,0.003573
fixed,100,250,28,fsb,-0.313151,0.000000,0.000000,0.000000,0.501169,0.000232,0.002662
fixed,100,250,28,fsb,-0.912329,0.000000,0.000000,0.000000,0.499026,-0.000026,0.002402
fixed,100,250,28,fsb,0.627536,0.000000,0.000000,0.257899,0.854630,0.000029,0.002173
fixed,100,250,28,fsb,0.395259,0.000000,0.000000,0.201259,0.780181,0.000112,0.003263
fixed,100,250,28,fsb,0.511988,0.000000,0.000000,0.255207,0.814206,0.000055,0.002788
fixed,100,250,28,fsb,0.496197,0.000000,0.000000,0.239897,0.808531,0.000060,0.002868
fixed,100,250,28,fsb,-0.845075,0.000000,0.000000,0.000000,0.499653,-0.000003,0.001795
fixed,100,250,28,fsb,-0.016302,0.400000,0.048990,0.984619,0.997042,0.000422,0.004086
fixed,100,250,28,fsb,-0.813349,0.000000,0.000000,0.000000,0.499956,0.000012,0.001740
fixed,100,250,28,fsb,0.492557,0.000000,0.000000,0.239437,0.807258,0.000061,0.002886
fixed,100,250,28,fsb,-0.362819,0.000000,0.000000,0.000000,0.499919,0.000194,0.002325
fixed,100,250,28,fsb,0.784283,0.000000,0.000000,0.011225,0.855384,-0.000021,0.001283
fixed,100,250,28,fsb,-0.883025,0.000000,0.000000,0.000000,0.499268,-0.000018,0.002061
fixed,100,250,28,fsb,0.644603,0.000000,0.000000,0.242273,0.858995,0.000025,0.002079
fixed,100,250,28,fsb,-0.345656,0.100000,0.030000,0.000000,0.499922,0.000206,0.002428
fixed,100,250,28,fsb,0.226261,0.000000,0.000000,0.255574,0.802798,0.000263,0.003462
fixed,100,250,28,fsb,0.190441,0.000000,0.000000,0.323120,0.827036,0.000299,0.003518
fixed,100,250,28,fsb,0.734935,0.070000,0.025515,0.110804,0.865775,-0.000002,0.001522
fixed,100,250,28,fsb,0.770594,0.000000,0.000000,0.040612,0.859276,-0.000016,0.001328
fixed,100,250,28,fsb,0.381535,0.000000,0.000000,0.198086,0.777950,0.000122,0.003296
fixed,100,250,28,fsb,-0.357054,0.300000,0.045826,0.000000,0.499902,0.000198,0.002358
fixed,100,250,28,fsb,-0.534182,0.000000,0.000000,0.034977,0.498794,0.000123,0.001964
fixed,100,250,28,fsb,-0.548013,0.000000,0.000000,0.053494,0.498649,0.000119,0.001960
fixed,100,250,28,fsb,-0.154511,0.000000,0.000000,0.042574,0.720551,0.000372,0.003839
fixed,100,250,28,fsb,-0.192999,0.000000,0.000000,0.000000,0.620889,0.000341,0.003614
fixed,100,250,28,fsb,-0.040116,0.000000,0.000000,0.897251,0.980040,0.000421,0.004104
fixed,100,250,28,fsb,0.444408,0.000000,0.000000,0.219208,0.791822,0.000083,0.003102
fixed,100,250,28,fsb,-0.784407,0.000000,0.000000,0.000000,0.499985,0.000026,0.001784
fixed,100,250,28,fsb,0.784188,0.000000,0.000000,0.011379,0.855413,-0.000021,0.001283
fixed,100,250,28,fsb,0.364150,0.000000,0.000000,0.192504,0.775861,0.000135,0.003330
fixed,100,250,28,fsb,-0.511005,0.000000,0.000000,0.014968,0.499061,0.000129,0.001976
fixed,100,250,28,fsb,-0.423593,0.000000,0.000000,0.000000,0.499939,0.000159,0.002092
fixed,100,250,28,fsb,-0.546636,0.000000,0.000000,0.051839,0.498663,0.000119,0.001960
fixed,100,250,28,fsb,-0.680834,0.000000,0.000000,0.000000,0.499043,0.000074,0.001998
fixed,100,250,28,fsb,0.019206,0.000000,0.000000,0.973761,0.995133,0.000416,0.004022
fixed,100,250,28,fsb,0.554475,0.000000,0.000000,0.269398,0.829976,0.000043,0.002564
fixed,100,250,28,fsb,0.257721,0.000000,0.000000,0.223332,0.788219,0.000232,0.003432
fixed,100,250,28,fsb,0.122157,0.000000,0.000000,0.534016,0.894310,0.000359,0.003701
fixed,100,250,28,fsb,-0.102938,0.000000,0.000000,0.398196,0.863422,0.000403,0.004035
fixed,100,250,28,fsb,0.975076,0.000000,0.000000,0.000000,0.768839,-0.000002,0.002330
fixed,100,250,28,fsb,-0.187628,0.000000,0.000000,0.000000,0.633404,0.000346,0.003649
fixed,100,250,28,fsb,0.656029,0.190000,0.039230,0.232846,0.861489,0.000022,0.002015
fixed,100,250,28,fsb,0.554615,0.000000,0.000000,0.269456,0.830028,0.000043,0.002563
fixed,100,250,28,fsb,-0.440937,0.000000,0.000000,0.000000,0.499823,0.000152,0.002056
fixed,100,250,28,fsb,-0.733536,0.000000,0.000000,0.000000,0.499510,0.000051,0.001921
fixed,100,250,28,fsb,-0.471740,0.000000,0.000000,0.000000,0.499522,0.000141,0.002013
fixed,100,250,28,fsb,0.470623,0.000000,0.000000,0.233754,0.799845,0.000070,0.002990
fixed,100,250,28,fsb,-0.584883,0.080000,0.027129,0.079676,0.498401,0.000109,0.001967
fixed,100,250,28,fsb,0.983352,0.000000,0.000000,0.000000,0.765666,0.000006,0.002427
fixed,100,250,28,fsb,-0.284593,0.000000,0.000000,0.000000,0.506678,0.000258,0.002895
fixed,100,250,28,fsb,-0.384580,0.050000,0.021794,0.001103,0.499992,0.000180,0.002218
fixed,100,250,28,fsb,-0.261209,0.080000,0.027129,0.000000,0.518614,0.000279,0.003091
fixed,100,250,28,fsb,-0.942355,0.120000,0.032496,0.003972,0.498731,-0.000028,0.002832
fixed,100,250,28,fsb,-0.556973,0.000000,0.000000,0.060154,0.498567,0.000116,0.001960
fixed,100,250,28,fsb,0.412588,0.000000,0.000000,0.208076,0.783702,0.000101,0.003213
fixed,100,250,28,fsb,-0.015564,0.000000,0.000000,0.986430,0.997398,0.000422,0.004085
fixed,100,250,28,fsb,-0.425404,0.120000,0.032496,0.000000,0.499930,0.000158,0.002087
fixed,100,250,28,fsb,-0.429812,0.350000,0.047697,0.000000,0.499903,0.000156,0.002078
fixed,100,250,28,fsb,-0.706107,0.000000,0.000000,0.000000,0.499252,0.000063,0.001973
fixed,100,250,28,fsb,-0.911812,0.000000,0.000000,0.000000,0.499031,-0.000025,0.002395
fixed,100,250,28,fsb,0.615617,0.000000,0.000000,0.264565,0.851143,0.000031,0.002237
fixed,100,250,28,fsb,0.502347,0.000000,0.000000,0.246549,0.810722,0.000058,0.002838
fixed,100,250,28,fsb,0.030740,0.000000,0.000000,0.942128,0.988895,0.000412,0.003993
fixed,100,250,28,fsb,0.102985,0.000000,0.000000,0.615416,0.916506,0.000374,0.003765
fixed,100,250,28,fsb,0.523100,0.000000,0.000000,0.259826,0.818289,0.000051,0.002731
fixed,100,250,28,fsb,-0.837776,0.000000,0.000000,0.000000,0.499736,0.000001,0.001769
fixed,100,250,28,fsb,0.897275,0.000000,0.000000,0.000000,0.804844,-0.000043,0.001655
fixed,100,250,28,fsb,-0.754029,0.000000,0.000000,0.000000,0.499740,0.000041,0.001868
fixed,100,250,28,fsb,-0.152025,0.000000,0.000000,0.054835,0.727579,0.000373,0.003851
fixed,100,250,28,fsb,-0.299374,0.180000,0.038419,0.000000,0.502987,0.000244,0.002772
fixed,100,250,28,fsb,0.877561,0.000000,0.000000,0.000000,0.814878,-0.000045,0.001533
fixed,100,250,28,fsb,0.465010,0.000000,0.000000,0.231308,0.798041,0.000073,0.003015
fixed,100,250,28,fsb,0.755064,0.000000,0.000000,0.068393,0.862749,-0.000010,0.001403
fixed,100,250,28,fsb,0.984567,0.000000,0.000000,0.000000,0.765217,0.000008,0.002442
fixed,100,250,28,fsb,-0.849254,0.000000,0.000000,0.000000,0.499605,-0.000005,0.001813
fixed,100,250,28,fsb,-0.703530,0.000000,0.000000,0.000000,0.499231,0.000064,0.001977
fixed,100,250,28,fsb,-0.108423,0.570000,0.049508,0.352434,0.849237,0.000400,0.004020
fixed,100,250,28,fsb,-0.823172,0.000000,0.000000,0.000000,0.499884,0.000007,0.001742
fixed,100,250,28,fsb,-0.076231,0.000000,0.000000,0.636404,0.924854,0.000413,0.004086
fixed,100,250,28,fsb,-0.488860,0.000000,0.000000,0.001129,0.499325,0.000135,0.001995
fixed,100,250,28,fsb,-0.668561,0.000000,0.000000,0.000000,0.498931,0.000079,0.002003
fixed,100,250,28,fsb,0.404356,0.000000,0.000000,0.204256,0.781940,0.000106,0.003238
fixed,100,250,28,fsb,-0.868201,0.000000,0.000000,0.000000,0.499402,-0.000012,0.001931
fixed,100,250,28,fsb,-0.439548,0.250000,0.043301,0.000000,0.499834,0.000152,0.002059
fixed,100,250,28,fsb,0.947216,0.000000,0.000000,0.000000,0.780613,-0.000025,0.002042
fixed,100,250,28,fsb,0.488429,0.000000,0.000000,0.238915,0.805815,0.000063,0.002907
fixed,100,250,28,fsb,0.694417,0.000000,0.000000,0.180115,0.866631,0.000012,0.001783
fixed,100,250,28,fsb,0.867280,0.000000,0.000000,0.000000,0.820069,-0.000044,0.001474
fixed,100,250,28,fsb,-0.425768,0.060000,0.023749,0.000000,0.499928,0.000158,0.002087
fixed,100,250,28,fsb,-0.511316,0.110000,0.031289,0.015342,0.499057,0.000129,0.001976
fixed,100,250,28,fsb,0.054502,0.330000,0.047021,0.850549,0.969848,0.000403,0.003925
fixed,100,250,28,fsb,0.966292,0.000000,0.000000,0.000000,0.772373,-0.000010,0.002232
fixed,100,250,28,fsb,-0.064092,0.550000,0.049749,0.742856,0.947336,0.000417,0.004099
fixed,100,250,28,fsb,0.587290,0.200000,0.040000,0.269369,0.841865,0.000036,0.002389
fixed,100,250,28,fsb,-0.440884,0.000000,0.000000,0.000000,0.499823,0.000152,0.002057
fixed,100,250,28,fsb,-0.996780,0.000000,0.000000,0.088339,0.498377,-0.000009,0.003729
fixed,100,250,28,fsb,0.016909,0.000000,0.000000,0.979115,0.996178,0.000416,0.004027
fixed,100,250,28,fsb,-0.853751,0.000000,0.000000,0.000000,0.499555,-0.000006,0.001836
fixed,100,250,28,fsb,-0.185650,0.270000,0.044396,0.000000,0.638062,0.000347,0.003662
fixed,100,250,28,fsb,0.893522,0.000000,0.000000,0.000000,0.806754,-0.000044,0.001631
fixed,100,250,28,fsb,-0.567829,0.000000,0.000000,0.071449,0.498482,0.000113,0.001961
fixed,100,250,28,fsb,-0.242923,0.000000,0.000000,0.000000,0.535146,0.000296,0.003242
fixed,100,250,28,fsb,-0.972234,0.000000,0.000000,0.065996,0.498461,-0.000022,0.003311
fixed,100,250,28,fsb,0.989091,0.000000,0.000000,0.000000,0.763544,0.000013,0.002498
fixed,100,250,28,fsb,-0.362173,0.000000,0.000000,0.000000,0.499918,0.000194,0.002328
fixed,100,250,28,fsb,-0.479333,0.000000,0.000000,0.000176,0.499436,0.000138,0.002004
fixed,100,250,28,fsb,0.078407,0.170000,0.037563,0.733603,0.944830,0.000390,0.003848
fixed,100,250,28,fsb,0.287138,0.080000,0.027129,0.207186,0.779618,0.000203,0.003412
fixed,100,250,28,fsb,0.309286,0.000000,0.000000,0.199132,0.776049,0.000182,0.003396
fixed,100,250,28,fsb,-0.630420,0.000000,0.000000,0.044351,0.498551,0.000094,0.001993
fixed,100,250,28,fsb,0.361798,0.250000,0.043301,0.193078,0.775658,0.000137,0.003334
fixed,100,250,28,fsb,0.971362,0.000000,0.000000,0.000000,0.770299,-0.000006,0.002288
fixed,100,250,28,fsb,-0.321895,0.000000,0.000000,0.000000,0.500540,0.000225,0.002595
fixed,100,250,28,fsb,0.733240,0.370000,0.048280,0.114031,0.865947,-0.000001,0.001532
fixed,100,250,28,fsb,-0.386628,0.000000,0.000000,0.000144,0.499998,0.000178,0.002209
fixed,100,250,28,fsb,0.926359,0.000000,0.000000,0.000000,0.790372,-0.000036,0.001863
fixed,100,250,28,fsb,0.511841,0.000000,0.000000,0.255150,0.814152,0.000055,0.002789
fixed,100,250,28,fsb,-0.327154,0.000000,0.000000,0.000000,0.500267,0.000221,0.002556
fixed,100,250,28,fsb,-0.492068,0.040000,0.019596,0.001624,0.499287,0.000134,0.001992
fixed,100,250,28,fsb,0.893610,0.000000,0.000000,0.000000,0.806709,-0.000044,0.001631
fixed,100,250,28,fsb,-0.028973,0.000000,0.000000,0.947685,0.989874,0.000422,0.004098
fixed,100,250,28,fsb,0.909617,0.000000,0.000000,0.000000,0.798612,-0.000041,0.001739
fixed,100,250,28,fsb,-0.714342,0.140000,0.034699,0.000000,0.499323,0.000059,0.001960
fixed,100,250,28,fsb,-0.511172,0.200000,0.040000,0.015169,0.499059,0.000129,0.001976
fixed,100,250,28,fsb,-0.113420,0.000000,0.000000,0.312287,0.835968,0.000397,0.004005
fixed,100,250,28,fsb,0.079951,0.000000,0.000000,0.726348,0.943089,0.000389,0.003843
fixed,100,250,28,fsb,0.876609,0.000000,0.000000,0.000000,0.815359,-0.000045,0.001527
fixed,100,250,28,fsb,-0.662581,0.000000,0.000000,0.000000,0.498872,0.000082,0.002003
fixed,100,250,28,fsb,-0.683797,0.000000,0.000000,0.000000,0.499069,0.000073,0.001996
fixed,100,250,28,fsb,-0.381505,0.000000,0.000000,0.002545,0.499983,0.000182,0.002231
fixed,100,250,28,fsb,-0.981731,0.190000,0.039230,0.082943,0.498409,-0.000018,0.003471
fixed,100,250,28,fsb,-0.490462,0.080000,0.027129,0.001376,0.499306,0.000135,0.001993
fixed,100,250,28,A,0.232474,0.000000,0.000000,0.992249,0.999029,0.001063,0.004671
fixed,100,250,28,A,0.340523,0.000000,0.000000,0.981134,0.997693,0.001271,0.004441
fixed,100,250,28,A,0.030463,0.000000,0.000000,0.999989,1.000013,0.000494,0.004197
fixed,100,250,28,A,-0.251898,0.000000,0.000000,0.984846,0.998075,0.000137,0.003060
fixed,100,250,28,A,0.230567,0.010000,0.009950,0.992475,0.999047,0.001058,0.004672
fixed,100,250,28,A,-0.736513,0.340000,0.047371,0.888862,0.985798,0.001291,0.004454
fixed,100,250,28,A,0.300237,0.000000,0.000000,0.985890,0.998257,0.001210,0.004568
fixed,100,250,28,A,-0.251126,0.140000,0.034699,0.985025,0.998086,0.000137,0.003062
fixed,100,250,28,A,0.710565,0.350000,0.047697,0.912858,0.988871,0.002133,0.002777
fixed,100,250,28,A,-0.553202,0.000000,0.000000,0.935085,0.991763,0.000334,0.003385
fixed,100,250,28,A,0.914633,0.000000,0.000000,0.853556,0.981229,0.003924,0.004554
fixed,100,250,28,A,0.585387,0.190000,0.039230,0.940497,0.992587,0.001456,0.003135
fixed,100,250,28,A,0.177996,0.140000,0.034699,0.995997,0.999489,0.000916,0.004648
fixed,100,250,28,A,-0.939594,0.000000,0.000000,0.819510,0.977338,0.002980,0.006081
fixed,100,250,28,A,0.663138,0.000000,0.000000,0.923368,0.990366,0.001780,0.002820
fixed,100,250,28,A,-0.149790,0.000000,0.000000,0.993788,0.999221,0.000186,0.003420
fixed,100,250,28,A,-0.579910,0.000000,0.000000,0.930128,0.990993,0.000418,0.003535
fixed,100,250,28,A,-0.057804,0.000000,0.000000,0.998367,0.999822,0.000303,0.003799
fixed,100,250,28,A,-0.168352,0.000000,0.000000,0.992469,0.999051,0.000172,0.003351
fixed,100,250,28,A,0.315756,0.110000,0.031289,0.984122,0.998049,0.001236,0.004525
fixed,100,250,28,A,0.224902,0.000000,0.000000,0.993015,0.999101,0.001044,0.004674
fixed,100,250,28,A,0.061969,0.000000,0.000000,0.999810,0.999989,0.000578,0.004329
fixed,100,250,28,A,-0.652828,0.000000,0.000000,0.910565,0.988719,0.000745,0.003953
fixed,100,250,28,A,-0.676263,0.000000,0.000000,0.903606,0.987934,0.000881,0.004089
fixed,100,250,28,A,-0.861170,0.000000,0.000000,0.849947,0.980834,0.002325,0.005358
fixed,100,250,28,A,-0.732755,0.000000,0.000000,0.889071,0.985936,0.001263,0.004431
fixed,100,250,28,A,-0.070244,0.000000,0.000000,0.997856,0.999765,0.000282,0.003744
fixed,100,250,28,A,0.098068,0.000000,0.000000,0.999205,0.999903,0.000681,0.004461
fixed,100,250,28,A,-0.096236,0.040000,0.019596,0.996808,0.999621,0.000244,0.003632
fixed,100,250,28,A,-0.530617,0.000000,0.000000,0.938686,0.992387,0.000277,0.003263
fixed,100,250,28,A,0.917090,0.000000,0.000000,0.852766,0.981125,0.003936,0.004589
fixed,100,250,28,A,-0.666517,0.000000,0.000000,0.907598,0.988264,0.000822,0.004032
fixed,100,250,28,A,0.607801,0.000000,0.000000,0.936892,0.991976,0.001519,0.003024
fixed,100,250,28,A,0.270153,0.000000,0.000000,0.988633,0.998627,0.001151,0.004632
fixed,100,250,28,A,0.128717,0.000000,0.000000,0.998333,0.999781,0.000771,0.004552
fixed,100,250,28,A,0.032708,0.000000,0.000000,0.999985,1.000013,0.000500,0.004207
fixed,100,250,28,A,0.968856,0.000000,0.000000,0.833366,0.978871,0.004147,0.005354
fixed,100,250,28,A,-0.142264,0.000000,0.000000,0.994285,0.999286,0.000193,0.003448
fixed,100,250,28,A,-0.867731,0.000000,0.000000,0.847871,0.980552,0.002382,0.005413
fixed,100,250,28,A,-0.020741,0.000000,0.000000,0.999398,0.999948,0.000374,0.003967
fixed,100,250,28,A,-0.919564,0.000000,0.000000,0.830774,0.978259,0.002821,0.005883
fixed,100,250,28,A,0.243948,0.000000,0.000000,0.991485,0.998914,0.001091,0.004664
fixed,100,250,28,A,-0.967003,0.710000,0.045376,0.812174,0.976049,0.003186,0.006366
fixed,100,250,28,A,0.762392,0.000000,0.000000,0.898233,0.987115,0.002627,0.002930
fixed,100,250,28,A,-0.691438,0.000000,0.000000,0.899979,0.987412,0.000976,0.004179
fixed,100,250,28,A,-0.269055,0.000000,0.000000,0.981971,0.997833,0.000133,0.003004
fixed,100,250,28,A,0.593814,0.000000,0.000000,0.939926,0.992360,0.001477,0.003092
fixed,100,250,28,A,0.529109,0.000000,0.000000,0.953267,0.994015,0.001374,0.003450
fixed,100,250,28,A,0.929153,0.000000,0.000000,0.847092,0.980611,0.003994,0.004763
fixed,100,250,28,A,0.835975,0.000000,0.000000,0.877597,0.984405,0.003365,0.003542
fixed,100,250,28,A,-0.140686,0.000000,0.000000,0.994351,0.999299,0.000194,0.003454
fixed,100,250,28,A,0.647310,0.220000,0.041425,0.926968,0.990842,0.001689,0.002865
fixed,100,250,28,A,0.286216,0.120000,0.032496,0.986662,0.998435,0.001184,0.004601
fixed,100,250,28,A,-0.418830,0.000000,0.000000,0.961391,0.995117,0.000140,0.002823
fixed,100,250,28,A,0.330554,0.000000,0.000000,0.982649,0.997840,0.001258,0.004477
fixed,100,250,28,A,0.572574,0.260000,0.043863,0.944155,0.992925,0.001429,0.003204
fixed,100,250,28,A,-0.293391,0.000000,0.000000,0.979572,0.997465,0.000129,0.002931
fixed,100,250,28,A,0.906418,0.000000,0.000000,0.856317,0.981574,0.003880,0.004438
fixed,100,250,28,A,-0.384914,0.000000,0.000000,0.966675,0.995827,0.000130,0.002789
fixed,100,250,28,A,0.656843,0.110000,0.031289,0.924292,0.990557,0.001742,0.002837
fixed,100,250,28,A,-0.552945,0.000000,0.000000,0.935182,0.991770,0.000333,0.003384
fixed,100,250,28,A,-0.198793,0.210000,0.040731,0.989870,0.998734,0.000155,0.003241
fixed,100,250,28,A,0.142962,0.000000,0.000000,0.997794,0.999708,0.000813,0.004587
fixed,100,250,28,A,-0.749775,0.000000,0.000000,0.885446,0.985304,0.001391,0.004539
fixed,100,250,28,A,0.500924,0.000000,0.000000,0.956229,0.994672,0.001358,0.003615
fixed,100,250,28,A,-0.494052,0.000000,0.000000,0.947931,0.993346,0.000209,0.003079
fixed,100,250,28,A,0.283881,0.000000,0.000000,0.987003,0.998463,0.001179,0.004606
fixed,100,250,28,A,-0.623368,0.030000,0.017059,0.917384,0.989668,0.000595,0.003783
fixed,100,250,28,A,-0.127081,0.000000,0.000000,0.995219,0.999408,0.000208,0.003507
fixed,100,250,28,A,0.717962,0.000000,0.000000,0.910510,0.988628,0.002198,0.002785
fixed,100,250,28,A,-0.567114,0.000000,0.000000,0.931820,0.991366,0.000376,0.003463
fixed,100,250,28,A,0.417892,0.000000,0.000000,0.969622,0.996391,0.001334,0.004086
fixed,100,250,28,A,0.957258,0.000000,0.000000,0.838530,0.979387,0.004108,0.005179
fixed,100,250,28,A,0.061915,0.110000,0.031289,0.999811,0.999989,0.000578,0.004329
fixed,100,250,28,A,0.572967,0.000000,0.000000,0.943979,0.992915,0.001430,0.003202
fixed,100,250,28,A,0.605351,0.000000,0.000000,0.937625,0.992044,0.001511,0.003035
fixed,100,250,28,A,0.166856,0.000000,0.000000,0.996498,0.999565,0.000884,0.004633
fixed,100,250,28,A,-0.617818,0.000000,0.000000,0.918266,0.989843,0.000570,0.003751
fixed,100,250,28,A,-0.402673,0.220000,0.041425,0.963225,0.995462,0.000134,0.002800
fixed,100,250,28,A,0.620322,0.000000,0.000000,0.933464,0.991624,0.001565,0.002967
fixed,100,250,28,A,-0.922788,0.000000,0.000000,0.829605,0.978111,0.002847,0.005914
fixed,100,250,28,A,0.089382,0.000000,0.000000,0.999512,0.999930,0.000655,0.004431
fixed,100,250,28,A,0.828821,0.120000,0.032496,0.880036,0.984680,0.003299,0.003465
fixed,100,250,28,A,0.045141,0.000000,0.000000,0.999901,1.000008,0.000532,0.004260
fixed,100,250,28,A,0.220844,0.000000,0.000000,0.993063,0.999139,0.001034,0.004674
fixed,100,250,28,A,-0.708241,0.000000,0.000000,0.895810,0.986822,0.001088,0.004279
fixed,100,250,28,A,-0.855207,0.000000,0.000000,0.852640,0.981088,0.002273,0.005308
fixed,100,250,28,A,-0.534452,0.000000,0.000000,0.938553,0.992283,0.000286,0.003283
fixed,100,250,28,A,0.628388,0.000000,0.000000,0.931600,0.991394,0.001598,0.002934
fixed,100,250,28,A,0.637312,0.000000,0.000000,0.928341,0.991136,0.001638,0.002900
fixed,100,250,28,A,0.505761,0.000000,0.000000,0.955425,0.994562,0.001360,0.003587
fixed,100,250,28,A,-0.402430,0.040000,0.019596,0.963299,0.995467,0.000134,0.002800
fixed,100,250,28,A,0.895002,0.000000,0.000000,0.860255,0.982048,0.003814,0.004280
fixed,100,250,28,A,0.555871,0.090000,0.028618,0.946646,0.993354,0.001402,0.003297
fixed,100,250,28,A,0.819141,0.000000,0.000000,0.880229,0.985048,0.003206,0.003366
fixed,100,250,28,A,0.164134,0.000000,0.000000,0.996528,0.999583,0.000876,0.004628
fixed,100,250,28,A,0.686849,0.300000,0.045826,0.917990,0.989632,0.001942,0.002780
fixed,100,250,28,A,-0.065692,0.000000,0.000000,0.997906,0.999787,0.000290,0.003764
fixed,100,250,28,A,-0.123646,0.000000,0.000000,0.995436,0.999434,0.000211,0.003521
fixed,100,250,28,A,-0.104558,0.000000,0.000000,0.996237,0.999568,0.000233,0.003598
fixed,100,250,28,A,0.968225,0.000000,0.000000,0.833663,0.978899,0.004145,0.005345
fixed,100,250,28,A,0.508405,0.000000,0.000000,0.955019,0.994502,0.001361,0.003572
fixed,100,250,28,A,-0.500514,0.000000,0.000000,0.945502,0.993181,0.000219,0.003109
fixed,100,250,28,A,0.352630,0.000000,0.000000,0.979852,0.997508,0.001285,0.004394
fixed,100,250,28,A,0.854268,0.930000,0.025515,0.871245,0.983692,0.003524,0.003753
fixed,100,250,28,A,0.424301,0.000000,0.000000,0.969794,0.996270,0.001337,0.004052
fixed,100,250,28,A,0.421683,0.000000,0.000000,0.969724,0.996319,0.001336,0.004066
fixed,100,250,28,A,0.902923,0.000000,0.000000,0.857576,0.981720,0.003861,0.004389
fixed,100,250,28,A,-0.465176,0.020000,0.014000,0.952910,0.994058,0.000173,0.002956
fixed,100,250,28,A,0.030264,0.000000,0.000000,0.999990,1.000013,0.000493,0.004197
fixed,100,250,28,A,0.568166,0.370000,0.048280,0.946124,0.993040,0.001421,0.003228
fixed,100,250,28,A,-0.660979,0.000000,0.000000,0.909262,0.988449,0.000790,0.004000
fixed,100,250,28,A,0.118423,0.000000,0.000000,0.998714,0.999827,0.000740,0.004524
fixed,100,250,28,A,0.800688,0.730000,0.044396,0.885573,0.985737,0.003022,0.003195
fixed,100,250,28,A,0.856827,0.000000,0.000000,0.871100,0.983591,0.003544,0.003784
fixed,100,250,28,A,-0.344837,0.000000,0.000000,0.973199,0.996594,0.000126,0.002816
fixed,100,250,28,A,0.926037,0.170000,0.037563,0.848680,0.980744,0.003980,0.004718
fixed,100,250,28,A,0.099281,0.000000,0.000000,0.999133,0.999899,0.000684,0.004465
fixed,100,250,28,A,0.144734,0.000000,0.000000,0.997766,0.999699,0.000818,0.004591
fixed,100,250,28,A,-0.688364,0.000000,0.000000,0.900944,0.987519,0.000956,0.004160
fixed,100,250,28,A,-0.860983,0.000000,0.000000,0.850006,0.980842,0.002323,0.005356
fixed,100,250,28,A,0.906800,0.000000,0.000000,0.856180,0.981558,0.003882,0.004443
fixed,100,250,28,A,-0.234845,0.000000,0.000000,0.986914,0.998302,0.000141,0.003117
fixed,100,250,28,A,0.722452,0.000000,0.000000,0.908774,0.988479,0.002239,0.002792
fixed,100,250,28,A,0.008196,0.000000,0.000000,0.999848,1.000000,0.000439,0.004099
fixed,100,250,28,A,0.240064,0.400000,0.048990,0.991648,0.998953,0.001082,0.004667
fixed,100,250,28,A,0.877094,0.000000,0.000000,0.865474,0.982781,0.003697,0.004040
fixed,100,250,28,A,-0.457327,0.000000,0.000000,0.954253,0.994245,0.000166,0.002927
fixed,100,250,28,A,-0.085051,0.000000,0.000000,0.997348,0.999687,0.000260,0.003680
fixed,100,250,28,A,-0.437248,0.000000,0.000000,0.957846,0.994709,0.000150,0.002865
fixed,100,250,28,A,0.591716,0.000000,0.000000,0.939974,0.992417,0.001472,0.003103
fixed,100,250,28,A,0.342405,0.000000,0.000000,0.980906,0.997664,0.001273,0.004434
fixed,100,250,28,A,0.378372,0.100000,0.030000,0.976409,0.997092,0.001310,0.004283
fixed,100,250,28,A,-0.770330,0.000000,0.000000,0.878073,0.984523,0.001554,0.004675
fixed,100,250,28,A,0.635421,0.000000,0.000000,0.929032,0.991191,0.001630,0.002907
fixed,100,250,28,A,0.244164,0.070000,0.025515,0.991476,0.998911,0.001092,0.004664
fixed,100,250,28,A,0.347740,0.000000,0.000000,0.980290,0.997584,0.001280,0.004413
fixed,100,250,28,A,-0.228676,0.000000,0.000000,0.986656,0.998380,0.000143,0.003138
fixed,100,250,28,A,-0.468859,0.300000,0.045826,0.952069,0.993969,0.000177,0.002970
fixed,100,250,28,A,-0.986580,0.000000,0.000000,0.806889,0.975107,0.003323,0.006580
fixed,100,250,28,A,-0.310511,0.000000,0.000000,0.978263,0.997189,0.000128,0.002886
fixed,100,250,28,A,0.739782,0.000000,0.000000,0.905068,0.987897,0.002402,0.002835
fixed,100,250,28,A,0.148718,0.000000,0.000000,0.997384,0.999676,0.000830,0.004599
fixed,100,250,28,A,-0.232655,0.000000,0.000000,0.986823,0.998330,0.000142,0.003124
fixed,100,250,28,A,0.351903,0.000000,0.000000,0.979917,0.997519,0.001284,0.004397
fixed,100,250,28,A,-0.222547,0.000000,0.000000,0.987131,0.998456,0.000145,0.003159
fixed,100,250,28,A,-0.843919,0.000000,0.000000,0.856045,0.981564,0.002175,0.005217
fixed,100,250,28,A,-0.820202,0.000000,0.000000,0.862607,0.982546,0.001970,0.005032
fixed,100,250,28,A,0.548514,0.000000,0.000000,0.948052,0.993539,0.001392,0.003338
fixed,100,250,28,A,0.151236,0.000000,0.000000,0.997076,0.999662,0.000838,0.004604
fixed,100,250,28,A,-0.124284,0.000000,0.000000,0.995402,0.999429,0.000210,0.003518
fixed,100,250,28,A,0.033421,0.000000,0.000000,0.999983,1.000013,0.000501,0.004210
fixed,100,250,28,A,0.784433,0.000000,0.000000,0.892729,0.986330,0.002855,0.003068
fixed,100,250,28,A,-0.816126,0.000000,0.000000,0.863554,0.982711,0.001935,0.005001
fixed,100,250,28,A,0.817426,0.000000,0.000000,0.880210,0.985113,0.003189,0.003349
fixed,100,250,28,A,0.271512,0.000000,0.000000,0.988517,0.998611,0.001154,0.004630
fixed,100,250,28,A,-0.498568,0.000000,0.000000,0.946440,0.993231,0.000216,0.003100
fixed,100,250,28,A,0.992903,0.000000,0.000000,0.824987,0.977782,0.004216,0.005723
fixed,100,250,28,A,0.544679,0.000000,0.000000,0.948885,0.993634,0.001388,0.003360
fixed,100,250,28,A,0.577136,0.190000,0.039230,0.942116,0.992806,0.001438,0.003179
fixed,100,250,28,A,-0.552661,0.000000,0.000000,0.935289,0.991778,0.000333,0.003382
fixed,100,250,28,A,-0.971708,0.000000,0.000000,0.810643,0.975824,0.003220,0.006416
fixed,100,250,28,A,-0.169537,0.000000,0.000000,0.992365,0.999039,0.000171,0.003346
fixed,100,250,28,A,0.859432,0.000000,0.000000,0.870903,0.983489,0.003565,0.003816
fixed,100,250,28,A,0.837001,0.000000,0.000000,0.877232,0.984366,0.003374,0.003554
fixed,100,250,28,A,-0.500780,0.080000,0.027129,0.945374,0.993174,0.000219,0.003111
fixed,100,250,28,A,0.196845,0.000000,0.000000,0.994563,0.999346,0.000969,0.004667
fixed,100,250,28,A,0.955632,0.000000,0.000000,0.839113,0.979458,0.004102,0.005155
fixed,100,250,28,A,0.792958,0.050000,0.021794,0.888512,0.986020,0.002943,0.003132
fixed,100,250,28,A,-0.022110,0.080000,0.027129,0.999352,0.999945,0.000371,0.003961
fixed,100,250,28,A,-0.352976,0.120000,0.032496,0.972419,0.996444,0.000127,0.002805
fixed,100,250,28,A,-0.407916,0.000000,0.000000,0.961896,0.995352,0.000136,0.002806
fixed,100,250,28,A,0.801151,0.000000,0.000000,0.885271,0.985719,0.003026,0.003199
fixed,100,250,28,A,0.096892,0.000000,0.000000,0.999276,0.999907,0.000677,0.004457
fixed,100,250,28,A,-0.675602,0.120000,0.032496,0.903893,0.987957,0.000877,0.004085
fixed,100,250,28,A,-0.467854,0.350000,0.047697,0.952380,0.993994,0.000176,0.002966
fixed,100,250,28,A,-0.016916,0.000000,0.000000,0.999528,0.999957,0.000382,0.003985
fixed,100,250,28,A,-0.236955,0.000000,0.000000,0.986908,0.998275,0.000140,0.003110
fixed,100,250,28,A,-0.995486,0.000000,0.000000,0.803652,0.974672,0.003382,0.006680
fixed,100,250,28,A,-0.733776,0.000000,0.000000,0.889014,0.985898,0.001270,0.004437
fixed,100,250,28,A,0.078356,0.000000,0.000000,0.999659,0.999958,0.000624,0.004392
fixed,100,250,28,A,-0.787275,0.000000,0.000000,0.872774,0.983864,0.001692,0.004792
fixed,100,250,28,A,0.068325,0.000000,0.000000,0.999722,0.999979,0.000595,0.004354
fixed,100,250,28,A,0.074036,0.000000,0.000000,0.999688,0.999968,0.000611,0.004376
fixed,100,250,28,A,0.169967,0.000000,0.000000,0.996402,0.999544,0.000893,0.004637
fixed,100,250,28,A,0.402062,0.000000,0.000000,0.974227,0.996680,0.001326,0.004168
fixed,100,250,28,A,0.853715,0.000000,0.000000,0.871277,0.983714,0.003519,0.003747
fixed,100,250,28,A,-0.740251,0.180000,0.038419,0.888289,0.985659,0.001319,0.004478
fixed,100,250,28,A,-0.087498,0.000000,0.000000,0.997233,0.999673,0.000256,0.003669
fixed,100,250,28,A,0.720426,0.000000,0.000000,0.909580,0.988547,0.002220,0.002789
fixed,100,250,28,A,-0.002495,0.000000,0.000000,0.999780,0.999986,0.000414,0.004050
fixed,100,250,28,A,0.613491,0.000000,0.000000,0.935274,0.991817,0.001539,0.002998
fixed,100,250,28,A,0.025373,0.000000,0.000000,1.000000,1.000012,0.000481,0.004175
fixed,100,250,28,A,0.481668,0.000000,0.000000,0.961259,0.995100,0.001352,0.003728
fixed,100,250,28,A,-0.979968,0.570000,0.049508,0.806692,0.975428,0.003278,0.006506
fixed,100,250,28,A,0.500432,0.000000,0.000000,0.956311,0.994684,0.001358,0.003618
fixed,100,250,28,A,-0.296727,0.000000,0.000000,0.978994,0.997413,0.000129,0.002922
fixed,100,250,28,A,-0.321491,0.000000,0.000000,0.975991,0.997005,0.000127,0.002860
fixed,100,250,28,A,-0.443924,0.000000,0.000000,0.957441,0.994556,0.000155,0.002884
fixed,100,250,28,A,0.802029,0.000000,0.000000,0.884696,0.985687,0.003035,0.003207
fixed,100,250,28,A,-0.336299,0.000000,0.000000,0.974853,0.996748,0.000126,0.002830
fixed,100,250,28,A,-0.265442,0.250000,0.043301,0.982098,0.997886,0.000134,0.003016
fixed,100,250,28,A,0.795881,0.000000,0.000000,0.887625,0.985913,0.002973,0.003155
fixed,100,250,28,A,-0.200616,0.000000,0.000000,0.989812,0.998714,0.000154,0.003235
fixed,100,250,28,A,0.103817,0.000000,0.000000,0.998862,0.999884,0.000697,0.004480
fixed,100,250,28,A,0.511037,0.000000,0.000000,0.954684,0.994441,0.001363,0.003556
fixed,100,250,28,A,0.083427,0.060000,0.023749,0.999624,0.999946,0.000638,0.004410
fixed,100,250,28,A,-0.557572,0.110000,0.031289,0.933442,0.991639,0.000347,0.003410
fixed,100,250,28,A,-0.322415,0.330000,0.047021,0.975709,0.996989,0.000127,0.002858
fixed,100,250,28,A,-0.125659,0.000000,0.000000,0.995328,0.999419,0.000209,0.003513
fixed,100,250,28,A,-0.288970,0.550000,0.049749,0.980390,0.997534,0.000130,0.002944
fixed,100,250,28,A,0.318539,0.200000,0.040000,0.983876,0.998010,0.001240,0.004516
fixed,100,250,28,A,0.981323,0.000000,0.000000,0.829242,0.978310,0.004185,0.005545
fixed,100,250,28,A,0.558268,0.000000,0.000000,0.946280,0.993294,0.001405,0.003283
fixed,100,250,28,A,-0.235952,0.000000,0.000000,0.986960,0.998288,0.000141,0.003113
fixed,100,250,28,A,0.626271,0.000000,0.000000,0.932114,0.991455,0.001589,0.002942
fixed,100,250,28,A,-0.992854,0.270000,0.044396,0.805239,0.974801,0.003365,0.006650
fixed,100,250,28,A,0.171638,0.000000,0.000000,0.996351,0.999533,0.000897,0.004640
fixed,100,250,28,A,-0.344476,0.000000,0.000000,0.973273,0.996600,0.000126,0.002816
fixed,100,250,28,A,0.414422,0.000000,0.000000,0.970869,0.996455,0.001333,0.004104
fixed,100,250,28,A,-0.173102,0.000000,0.000000,0.992053,0.999004,0.000169,0.003333
fixed,100,250,28,A,0.798618,0.000000,0.000000,0.886794,0.985813,0.003001,0.003178
fixed,100,250,28,A,0.767240,0.000000,0.000000,0.895609,0.986945,0.002677,0.002957
fixed,100,250,28,A,0.004645,0.000000,0.000000,0.999808,0.999996,0.000431,0.004083
fixed,100,250,28,A,0.484890,0.170000,0.037563,0.960807,0.995030,0.001353,0.003709
fixed,100,250,28,A,-0.733588,0.080000,0.027129,0.889024,0.985905,0.001269,0.004436
fixed,100,250,28,A,0.731575,0.000000,0.000000,0.906129,0.988174,0.002323,0.002811
fixed,100,250,28,A,-0.073961,0.000000,0.000000,0.997816,0.999746,0.000276,0.003728
fixed,100,250,28,A,0.585066,0.250000,0.043301,0.940552,0.992595,0.001455,0.003137
fixed,100,250,28,A,0.329515,0.000000,0.000000,0.982827,0.997855,0.001256,0.004480
fixed,100,250,28,A,-0.618445,0.000000,0.000000,0.918089,0.989823,0.000573,0.003755
fixed,100,250,28,A,0.950013,0.370000,0.048280,0.841125,0.979706,0.004081,0.005071
fixed,100,250,28,A,-0.132707,0.000000,0.000000,0.994788,0.999364,0.000202,0.003485
fixed,100,250,28,A,-0.777103,0.000000,0.000000,0.873618,0.984262,0.001608,0.004721
fixed,100,250,28,A,0.531377,0.000000,0.000000,0.952522,0.993960,0.001376,0.003437
fixed,100,250,28,A,0.922554,0.000000,0.000000,0.850454,0.980893,0.003963,0.004668
fixed,100,250,28,A,0.255565,0.040000,0.019596,0.990201,0.998791,0.001119,0.004653
fixed,100,250,28,A,0.294291,0.000000,0.000000,0.986294,0.998333,0.001199,0.004583
fixed,100,250,28,A,0.685243,0.000000,0.000000,0.918615,0.989682,0.001930,0.002782
fixed,100,250,28,A,0.632273,0.000000,0.000000,0.930181,0.991282,0.001615,0.002919
fixed,100,250,28,A,-0.293772,0.140000,0.034699,0.979502,0.997459,0.000129,0.002930
fixed,100,250,28,A,0.433567,0.200000,0.040000,0.968475,0.996091,0.001340,0.004002
fixed,100,250,28,A,0.287928,0.000000,0.000000,0.986566,0.998414,0.001187,0.004598
fixed,100,250,28,A,-0.974489,0.000000,0.000000,0.809301,0.975691,0.003240,0.006446
fixed,100,250,28,A,0.051644,0.000000,0.000000,0.999932,1.000002,0.000550,0.004287
fixed,100,250,28,A,0.574648,0.000000,0.000000,0.943228,0.992871,0.001433,0.003193
fixed,100,250,28,A,0.413373,0.000000,0.000000,0.971369,0.996474,0.001332,0.004110
fixed,100,250,28,A,-0.301190,0.000000,0.000000,0.978892,0.997341,0.000129,0.002910
fixed,100,250,28,A,-0.110775,0.190000,0.039230,0.996013,0.999526,0.000226,0.003572
fixed,100,250,28,A,-0.812212,0.080000,0.027129,0.864574,0.982870,0.001902,0.004972
adaptive,100,250,28,fcl,-0.683246,0.019608,0.019415,0.000000,0.500207,-0.008073,0.026875
adaptive,100,250,28,fcl,-0.236133,0.000000,0.000000,0.427518,0.527484,0.068875,0.041775
adaptive,100,250,28,fcl,0.289428,0.000000,0.000000,0.000000,0.792336,0.021794,0.018565
adaptive,100,250,28,fcl,-0.316705,0.019608,0.019415,0.303629,0.282780,0.047829,0.044430
adaptive,100,250,28,fcl,-0.426134,0.000000,0.000000,0.000000,0.287153,0.022311,0.041836
adaptive,100,250,28,fcl,0.117065,0.428241,0.023807,0.802500,0.938626,0.367188,0.038515
adaptive,100,250,28,fcl,-0.220456,0.000000,0.000000,0.451777,0.580356,0.075967,0.041038
adaptive,100,250,28,fcl,-0.814679,0.133758,0.019209,0.000000,0.392157,-0.018653,0.035596
adaptive,100,250,28,fcl,-0.639599,0.306061,0.025369,0.000000,0.505633,-0.000435,0.028913
adaptive,100,250,28,fcl,-0.270821,0.000000,0.000000,0.377824,0.413125,0.058272,0.043041
adaptive,100,250,28,fcl,0.924482,0.000000,0.000000,0.000000,0.577924,-0.001174,0.018203
adaptive,100,250,28,fcl,-0.158838,0.215152,0.022621,0.617153,0.775463,0.130212,0.037764
adaptive,100,250,28,fcl,0.024321,0.063830,0.017828,0.990071,0.996015,0.428168,0.041430
adaptive,100,250,28,fcl,-0.308887,0.000000,0.000000,0.321689,0.302196,0.049609,0.044201
adaptive,100,250,28,fcl,-0.506836,0.000000,0.000000,0.000000,0.387175,0.009292,0.022859
adaptive,100,250,28,fcl,0.834367,0.000000,0.000000,0.000000,0.520916,0.000627,0.026595
adaptive,100,250,28,fcl,-0.056308,0.000000,0.000000,0.942035,0.974816,0.321743,0.039001
adaptive,100,250,28,fcl,0.821026,0.000000,0.000000,0.000000,0.513644,0.000886,0.027502
adaptive,100,250,28,fcl,0.505470,0.000000,0.000000,0.000000,0.627421,0.003161,0.035413
adaptive,100,250,28,fcl,0.231381,0.000000,0.000000,0.277578,0.844183,0.112137,0.025121
adaptive,100,250,28,fcl,0.190438,0.019608,0.019415,0.498796,0.878917,0.208115,0.030298
adaptive,100,250,28,fcl,-0.753949,0.000000,0.000000,0.000000,0.437231,-0.018412,0.026689
adaptive,100,250,28,fcl,0.437073,0.000000,0.000000,0.000000,0.668560,-0.000323,0.030248
adaptive,100,250,28,fcl,-0.342731,0.019608,0.019415,0.237701,0.238011,0.041669,0.045065
adaptive,100,250,28,fcl,0.011269,0.000000,0.000000,0.997212,0.998924,0.420517,0.041224
adaptive,100,250,28,fcl,-0.495436,0.000000,0.000000,0.000000,0.372579,0.010738,0.026684
adaptive,100,250,28,fcl,0.394232,0.000000,0.000000,0.000000,0.699821,-0.003109,0.021815
adaptive,100,250,28,fcl,0.163086,0.000000,0.000000,0.629467,0.901502,0.273766,0.033863
adaptive,100,250,28,fcl,0.499415,0.073620,0.020455,0.000000,0.630855,0.002953,0.035196
adaptive,100,250,28,fcl,0.077553,0.000000,0.000000,0.909952,0.968096,0.416749,0.040839
adaptive,100,250,28,fcl,-0.408941,0.000000,0.000000,0.000000,0.268334,0.025928,0.043548
adaptive,100,250,28,fcl,-0.528142,0.019608,0.019415,0.000000,0.413955,0.007019,0.015562
adaptive,100,250,28,fcl,-0.709266,0.000000,0.000000,0.000000,0.483818,-0.012956,0.024709
adaptive,100,250,28,fcl,0.528014,0.019608,0.019415,0.000000,0.614585,0.003747,0.036104
adaptive,100,250,28,fcl,0.255407,0.000000,0.000000,0.136601,0.823095,0.066079,0.022463
adaptive,100,250,28,fcl,0.363801,0.000000,0.000000,0.000000,0.725053,-0.004176,0.015452
adaptive,100,250,28,fcl,0.532807,0.000000,0.000000,0.000000,0.611813,0.003834,0.036238
adaptive,100,250,28,fcl,0.239206,0.019608,0.019415,0.230942,0.837376,0.095937,0.024242
adaptive,100,250,28,fcl,0.051206,0.000000,0.000000,0.958941,0.984392,0.430794,0.041463
adaptive,100,250,28,fcl,-0.065149,0.000000,0.000000,0.922875,0.965735,0.303733,0.038635
adaptive,100,250,28,fcl,0.986470,0.000000,0.000000,0.000000,0.604719,-0.000066,0.009706
adaptive,100,250,28,fcl,-0.880206,0.000000,0.000000,0.000000,0.351326,-0.014090,0.039102
adaptive,100,250,28,fcl,0.042363,0.632708,0.024960,0.971241,0.988888,0.431865,0.041519
adaptive,100,250,28,fcl,0.885813,0.000000,0.000000,0.000000,0.553852,-0.000498,0.022447
adaptive,100,250,28,fcl,0.756434,0.019608,0.019415,0.000000,0.498139,0.001932,0.032100
adaptive,100,250,28,fcl,0.317324,0.000000,0.000000,0.000000,0.766725,0.003367,0.015647
adaptive,100,250,28,fcl,0.494942,0.000000,0.000000,0.000000,0.633402,0.002785,0.035021
adaptive,100,250,28,fcl,-0.756598,0.000000,0.000000,0.000000,0.434130,-0.018576,0.027053
adaptive,100,250,28,fcl,0.214969,0.000000,0.000000,0.367651,0.858277,0.149017,0.027078
adaptive,100,250,28,fcl,0.546926,0.000000,0.000000,0.000000,0.603571,0.004021,0.036624
adaptive,100,250,28,fcl,-0.037413,0.000000,0.000000,0.975172,0.989297,0.357571,0.039757
adaptive,100,250,28,fcl,0.213145,0.254335,0.023412,0.378256,0.859823,0.153300,0.027307
adaptive,100,250,28,fcl,0.068065,0.238854,0.024062,0.930541,0.974398,0.423641,0.041147
adaptive,100,250,28,fcl,-0.141939,0.000000,0.000000,0.674399,0.821405,0.154431,0.037228
adaptive,100,250,28,fcl,0.463765,0.000000,0.000000,0.000000,0.651627,0.001304,0.033210
adaptive,100,250,28,fcl,-0.636014,0.295455,0.028080,0.000000,0.504791,0.000055,0.028783
adaptive,100,250,28,fcl,-0.816647,0.000000,0.000000,0.000000,0.391380,-0.018568,0.035821
adaptive,100,250,28,fcl,0.532654,0.019608,0.019415,0.000000,0.611901,0.003832,0.036234
adaptive,100,250,28,fcl,-0.559451,0.000000,0.000000,0.000000,0.450333,0.005028,0.013406
adaptive,100,250,28,fcl,-0.028667,0.254692,0.022559,0.984910,0.993783,0.372417,0.040081
adaptive,100,250,28,fcl,-0.042938,0.000000,0.000000,0.966507,0.985728,0.347567,0.039542
adaptive,100,250,28,fcl,-0.485996,0.286863,0.023419,0.000000,0.360476,0.012038,0.029600
adaptive,100,250,28,fcl,0.823275,0.000000,0.000000,0.000000,0.514825,0.000844,0.027352
adaptive,100,250,28,fcl,0.191066,0.000000,0.000000,0.495429,0.878393,0.206582,0.030214
adaptive,100,250,28,fcl,0.466786,0.000000,0.000000,0.000000,0.649788,0.001469,0.033448
adaptive,100,250,28,fcl,0.836194,0.000000,0.000000,0.000000,0.521969,0.000590,0.026467
adaptive,100,250,28,fcl,-0.511793,0.019608,0.019415,0.000000,0.393466,0.008709,0.021127
adaptive,100,250,28,fcl,0.485319,0.019608,0.019415,0.000000,0.638914,0.002385,0.034590
adaptive,100,250,28,fcl,-0.195810,0.019608,0.019415,0.501768,0.662164,0.091846,0.039689
adaptive,100,250,28,fcl,-0.981523,0.000000,0.000000,0.000000,0.239143,-0.001541,0.036732
adaptive,100,250,28,fcl,0.844926,0.000000,0.000000,0.000000,0.527222,0.000410,0.025839
adaptive,100,250,28,fcl,-0.951012,0.000000,0.000000,0.000000,0.274565,-0.005963,0.036473
adaptive,100,250,28,fcl,0.661752,0.000000,0.000000,0.000000,0.533274,0.003210,0.038261
adaptive,100,250,28,fcl,-0.126888,0.200637,0.022600,0.728715,0.858547,0.179474,0.037039
adaptive,100,250,28,fcl,-0.535541,0.000000,0.000000,0.000000,0.422946,0.006393,0.013539
adaptive,100,250,28,fcl,0.366682,0.000000,0.000000,0.000000,0.722555,-0.004166,0.015892
adaptive,100,250,28,fcl,-0.727578,0.000000,0.000000,0.000000,0.466849,-0.015787,0.024418
adaptive,100,250,28,fcl,-0.983434,0.000000,0.000000,0.000000,0.237039,-0.001248,0.036832
adaptive,100,250,28,fcl,-0.601350,0.357968,0.023039,0.000000,0.488084,0.003358,0.024384
adaptive,100,250,28,fcl,-0.587180,0.000000,0.000000,0.000000,0.477221,0.004059,0.020967
adaptive,100,250,28,fcl,0.797305,0.019608,0.019415,0.000000,0.503612,0.001306,0.029033
adaptive,100,250,28,fcl,0.311918,0.000000,0.000000,0.000000,0.771690,0.005845,0.016145
adaptive,100,250,28,fcl,0.199059,0.182039,0.019011,0.453943,0.871712,0.187099,0.029139
adaptive,100,250,28,fcl,0.940749,0.000000,0.000000,0.000000,0.586716,-0.001253,0.016400
adaptive,100,250,28,fcl,-0.637233,0.000000,0.000000,0.000000,0.505146,-0.000109,0.028833
adaptive,100,250,28,fcl,0.898116,0.000000,0.000000,0.000000,0.561875,-0.000758,0.021191
adaptive,100,250,28,fcl,-0.755282,0.000000,0.000000,0.000000,0.435671,-0.018497,0.026870
adaptive,100,250,28,fcl,0.086800,0.000000,0.000000,0.888824,0.961594,0.408108,0.040445
adaptive,100,250,28,fcl,0.550996,0.000000,0.000000,0.000000,0.601151,0.004056,0.036732
adaptive,100,250,28,fcl,-0.105739,0.026596,0.011735,0.804503,0.903737,0.219392,0.037242
adaptive,100,250,28,fcl,0.835711,0.000000,0.000000,0.000000,0.521691,0.000600,0.026501
adaptive,100,250,28,fcl,-0.188735,0.019608,0.019415,0.521296,0.684874,0.097719,0.039284
adaptive,100,250,28,fcl,-0.871839,0.000000,0.000000,0.000000,0.358465,-0.014844,0.039099
adaptive,100,250,28,fcl,0.038434,0.021898,0.012504,0.976100,0.990675,0.431737,0.041522
adaptive,100,250,28,fcl,-0.534254,0.098160,0.023304,0.000000,0.421382,0.006495,0.013847
adaptive,100,250,28,fcl,-0.094699,0.019608,0.019415,0.839701,0.923808,0.241850,0.037529
adaptive,100,250,28,fcl,0.089304,0.291667,0.023956,0.882739,0.959760,0.405447,0.040322
adaptive,100,250,28,fcl,-0.721289,0.000000,0.000000,0.000000,0.473052,-0.014897,0.024345
adaptive,100,250,28,fcl,-0.244231,0.000000,0.000000,0.414009,0.500260,0.065897,0.042111
adaptive,100,250,28,fcl,0.535969,0.000000,0.000000,0.000000,0.609984,0.003885,0.036326
adaptive,100,250,28,fcl,-0.840069,0.000000,0.000000,0.000000,0.380434,-0.017278,0.037926
adaptive,100,250,28,fcl,-0.122407,0.019608,0.019415,0.745161,0.868702,0.187512,0.037038
adaptive,100,250,28,fcl,-0.695914,0.000000,0.000000,0.000000,0.493403,-0.010521,0.025694
adaptive,100,250,28,fcl,0.688463,0.000000,0.000000,0.000000,0.519053,0.002845,0.037450
adaptive,100,250,28,fcl,-0.021864,0.907975,0.022641,0.990727,0.996410,0.383019,0.040318
adaptive,100,250,28,fcl,0.679482,0.000000,0.000000,0.000000,0.523601,0.002967,0.037818
adaptive,100,250,28,fcl,0.372438,0.000000,0.000000,0.000000,0.717677,-0.004070,0.016924
adaptive,100,250,28,fcl,-0.310766,0.019608,0.019415,0.317345,0.297520,0.049184,0.044257
adaptive,100,250,28,fcl,-0.565391,0.000000,0.000000,0.000000,0.456590,0.004811,0.014823
adaptive,100,250,28,fcl,0.477349,0.000000,0.000000,0.000000,0.643530,0.002014,0.034158
adaptive,100,250,28,fcl,-0.129477,0.391408,0.023844,0.719176,0.852344,0.174948,0.037051
adaptive,100,250,28,fcl,-0.564990,0.000000,0.000000,0.000000,0.456168,0.004825,0.014718
adaptive,100,250,28,fcl,0.703813,0.000000,0.000000,0.000000,0.512072,0.002641,0.036581
adaptive,100,250,28,fcl,-0.025959,0.771277,0.030632,0.987502,0.995048,0.376742,0.040177
adaptive,100,250,28,fcl,0.867239,0.000000,0.000000,0.000000,0.541557,-0.000080,0.024106
adaptive,100,250,28,fcl,-0.163505,0.019608,0.019415,0.601051,0.762052,0.124278,0.037964
adaptive,100,250,28,fcl,0.037226,0.286396,0.022085,0.977594,0.991225,0.431622,0.041520
adaptive,100,250,28,fcl,0.350964,0.000000,0.000000,0.000000,0.736291,-0.003793,0.014246
adaptive,100,250,28,fcl,0.619248,0.019608,0.019415,0.000000,0.558891,0.003774,0.038212
adaptive,100,250,28,fcl,0.662163,0.000000,0.000000,0.000000,0.533042,0.003205,0.038254
adaptive,100,250,28,fcl,0.429919,0.000000,0.000000,0.000000,0.673434,-0.000794,0.029150
adaptive,100,250,28,fcl,-0.907491,0.000000,0.000000,0.000000,0.324400,-0.011327,0.038387
adaptive,100,250,28,fcl,0.665802,0.000000,0.000000,0.000000,0.530990,0.003154,0.038190
adaptive,100,250,28,fcl,0.833684,0.000000,0.000000,0.000000,0.520523,0.000641,0.026643
adaptive,100,250,28,fcl,-0.843840,0.000000,0.000000,0.000000,0.378215,-0.017027,0.038166
adaptive,100,250,28,fcl,0.207146,0.371495,0.023357,0.413144,0.864910,0.167565,0.028074
adaptive,100,250,28,fcl,-0.165577,0.000000,0.000000,0.593900,0.756096,0.121748,0.038058
adaptive,100,250,28,fcl,-0.738939,0.000000,0.000000,0.000000,0.454617,-0.017142,0.025038
adaptive,100,250,28,fcl,0.304709,0.000000,0.000000,0.000000,0.778315,0.009917,0.016867
adaptive,100,250,28,fcl,-0.118667,0.000000,0.000000,0.758861,0.876984,0.194405,0.037056
adaptive,100,250,28,fcl,-0.693650,0.000000,0.000000,0.000000,0.494755,-0.010089,0.025898
adaptive,100,250,28,fcl,-0.892857,0.000000,0.000000,0.000000,0.339407,-0.012867,0.038893
adaptive,100,250,28,fcl,0.124550,0.000000,0.000000,0.779537,0.932699,0.354269,0.037895
adaptive,100,250,28,fcl,0.274199,0.000000,0.000000,0.033938,0.806210,0.038469,0.020342
adaptive,100,250,28,fcl,0.594823,0.000000,0.000000,0.000000,0.574248,0.004019,0.037792
adaptive,100,250,28,fcl,-0.133827,0.029787,0.011090,0.703144,0.841917,0.167542,0.037090
adaptive,100,250,28,fcl,-0.356508,0.000000,0.000000,0.187904,0.230661,0.038304,0.045231
adaptive,100,250,28,fcl,0.257056,0.000000,0.000000,0.127368,0.821627,0.063346,0.022281
adaptive,100,250,28,fcl,-0.292293,0.325521,0.023912,0.352570,0.347670,0.053315,0.043700
adaptive,100,250,28,fcl,0.355331,0.000000,0.000000,0.000000,0.732425,-0.004013,0.014510
adaptive,100,250,28,fcl,-0.971428,0.000000,0.000000,0.000000,0.250609,-0.003059,0.036380
adaptive,100,250,28,fcl,-0.013161,0.019608,0.019415,0.996445,0.998703,0.395239,0.040600
adaptive,100,250,28,fcl,0.604848,0.000000,0.000000,0.000000,0.567940,0.003931,0.037986
adaptive,100,250,28,fcl,0.941697,0.000000,0.000000,0.000000,0.587178,-0.001252,0.016297
adaptive,100,250,28,fcl,-0.578035,0.000000,0.000000,0.000000,0.469109,0.004394,0.018403
adaptive,100,250,28,fcl,0.684538,0.000000,0.000000,0.000000,0.521040,0.002898,0.037624
adaptive,100,250,28,fcl,-0.433530,0.019608,0.019415,0.000000,0.295683,0.020845,0.040878
adaptive,100,250,28,fcl,0.601378,0.000000,0.000000,0.000000,0.570126,0.003964,0.037922
adaptive,100,250,28,fcl,0.557162,0.000000,0.000000,0.000000,0.597473,0.004095,0.036895
adaptive,100,250,28,fcl,0.602688,0.000000,0.000000,0.000000,0.569300,0.003952,0.037947
adaptive,100,250,28,fcl,0.053365,0.082569,0.026362,0.955779,0.983240,0.430249,0.041439
adaptive,100,250,28,fcl,-0.812672,0.000000,0.000000,0.000000,0.392949,-0.018735,0.035361
adaptive,100,250,28,fcl,0.855168,0.000000,0.000000,0.000000,0.533680,0.000189,0.025069
adaptive,100,250,28,fcl,-0.727826,0.000000,0.000000,0.000000,0.466604,-0.015820,0.024425
adaptive,100,250,28,fcl,0.539020,0.000000,0.000000,0.000000,0.608209,0.003929,0.036410
adaptive,100,250,28,fcl,-0.975121,0.000000,0.000000,0.000000,0.246391,-0.002510,0.036475
adaptive,100,250,28,fcl,0.324951,0.000000,0.000000,0.000000,0.759745,0.000620,0.015019
adaptive,100,250,28,fcl,-0.231200,0.000000,0.000000,0.434606,0.544139,0.070901,0.041556
adaptive,100,250,28,fcl,-0.074099,0.000000,0.000000,0.900146,0.954808,0.285059,0.038271
adaptive,100,250,28,fcl,0.107664,0.251534,0.033985,0.831652,0.945956,0.381897,0.039216
adaptive,100,250,28,fcl,-0.332201,0.000000,0.000000,0.268021,0.251908,0.044203,0.044844
adaptive,100,250,28,fcl,-0.936758,0.000000,0.000000,0.000000,0.291370,-0.007848,0.036996
adaptive,100,250,28,fcl,0.245215,0.019608,0.019415,0.197110,0.832111,0.084248,0.023580
adaptive,100,250,28,fcl,0.534935,0.000000,0.000000,0.000000,0.610582,0.003869,0.036297
adaptive,100,250,28,fcl,0.983761,0.000000,0.000000,0.000000,0.603951,-0.000218,0.010155
adaptive,100,250,28,fcl,-0.410198,0.097473,0.017821,0.000000,0.269677,0.025654,0.043446
adaptive,100,250,28,fcl,0.762704,0.000000,0.000000,0.000000,0.497960,0.001843,0.031562
adaptive,100,250,28,fcl,0.705562,0.000000,0.000000,0.000000,0.511326,0.002618,0.036463
adaptive,100,250,28,fcl,0.030166,0.019608,0.019415,0.984835,0.993977,0.430239,0.041486
adaptive,100,250,28,fcl,-0.948655,0.000000,0.000000,0.000000,0.277352,-0.006283,0.036540
adaptive,100,250,28,fcl,0.589516,0.149682,0.020133,0.000000,0.577578,0.004056,0.037680
adaptive,100,250,28,fcl,0.968089,0.000000,0.000000,0.000000,0.598775,-0.000866,0.012918
adaptive,100,250,28,fcl,-0.811622,0.000000,0.000000,0.000000,0.393364,-0.018776,0.035235
adaptive,100,250,28,fcl,0.999072,0.000000,0.000000,0.000000,0.607785,0.000818,0.008801
adaptive,100,250,28,fcl,-0.435713,0.138298,0.025177,0.000000,0.298213,0.020424,0.040568
adaptive,100,250,28,fcl,-0.200877,0.385514,0.023526,0.489791,0.645539,0.088027,0.039978
adaptive,100,250,28,fcl,0.357181,0.000000,0.000000,0.000000,0.730795,-0.004076,0.014668
adaptive,100,250,28,fcl,-0.351359,0.000000,0.000000,0.207375,0.232333,0.039565,0.045188
adaptive,100,250,28,fcl,0.578925,0.000000,0.000000,0.000000,0.584177,0.004108,0.037440
adaptive,100,250,28,fcl,-0.254208,0.000000,0.000000,0.401122,0.467038,0.062719,0.042486
adaptive,100,250,28,fcl,-0.546485,0.000000,0.000000,0.000000,0.435867,0.005649,0.012068
adaptive,100,250,28,fcl,0.482899,0.000000,0.000000,0.000000,0.640315,0.002276,0.034467
adaptive,100,250,28,fcl,-0.636510,0.000000,0.000000,0.000000,0.504935,-0.000011,0.028804
adaptive,100,250,28,fcl,0.060818,0.000000,0.000000,0.943843,0.978894,0.427526,0.041318
adaptive,100,250,28,fcl,-0.634467,0.000000,0.000000,0.000000,0.504341,0.000258,0.028709
adaptive,100,250,28,fcl,-0.291762,0.000000,0.000000,0.353342,0.349216,0.053434,0.043684
adaptive,100,250,28,fcl,0.529138,0.000000,0.000000,0.000000,0.613934,0.003769,0.036136
adaptive,100,250,28,fcl,-0.225646,0.242188,0.021862,0.442734,0.562885,0.073400,0.041295
adaptive,100,250,28,fcl,-0.685547,0.000000,0.000000,0.000000,0.499170,-0.008522,0.026658
adaptive,100,250,28,fcl,-0.475965,0.000000,0.000000,0.000000,0.347677,0.013513,0.032404
adaptive,100,250,28,fcl,0.905232,0.000000,0.000000,0.000000,0.566376,-0.000894,0.020409
adaptive,100,250,28,fcl,-0.980084,0.000000,0.000000,0.000000,0.240728,-0.001760,0.036664
adaptive,100,250,28,fcl,0.949282,0.000000,0.000000,0.000000,0.590877,-0.001214,0.015454
adaptive,100,250,28,fcl,0.689265,0.019608,0.019415,0.000000,0.518676,0.002835,0.037412
adaptive,100,250,28,fcl,-0.019045,0.641089,0.023865,0.992826,0.997251,0.387149,0.040412
adaptive,100,250,28,fcl,-0.853249,0.000000,0.000000,0.000000,0.372328,-0.016354,0.038644
adaptive,100,250,28,fcl,0.336463,0.000000,0.000000,0.000000,0.749270,-0.002124,0.014310
adaptive,100,250,28,fcl,0.128646,0.165138,0.035565,0.765613,0.929426,0.346771,0.037532
adaptive,100,250,28,fcl,0.831005,0.000000,0.000000,0.000000,0.518980,0.000694,0.026828
adaptive,100,250,28,fcl,0.437065,0.000000,0.000000,0.000000,0.668566,-0.000323,0.030247
adaptive,100,250,28,fcl,-0.605195,0.000000,0.000000,0.000000,0.490687,0.003113,0.025159
adaptive,100,250,28,fcl,-0.348442,0.264563,0.021731,0.218410,0.233280,0.040279,0.045153
adaptive,100,250,28,fcl,-0.533230,0.000000,0.000000,0.000000,0.420137,0.006578,0.014107
adaptive,100,250,28,fcl,0.791697,0.000000,0.000000,0.000000,0.501936,0.001398,0.029401
adaptive,100,250,28,fcl,0.896203,0.000000,0.000000,0.000000,0.560634,-0.000719,0.021395
adaptive,100,250,28,fcl,0.828706,0.000000,0.000000,0.000000,0.517678,0.000739,0.026986
adaptive,100,250,28,fcl,-0.087028,0.024540,0.012118,0.863933,0.936298,0.257844,0.037781
adaptive,100,250,28,fcl,0.023693,0.128834,0.026241,0.990462,0.996177,0.427896,0.041423
adaptive,100,250,28,fcl,0.255049,0.136719,0.021472,0.138737,0.823412,0.066680,0.022502
adaptive,100,250,28,fcl,0.994879,0.000000,0.000000,0.000000,0.606829,0.000490,0.008792
adaptive,100,250,28,fcl,0.131718,0.530374,0.024124,0.754804,0.926963,0.340956,0.037250
adaptive,100,250,28,fcl,-0.085748,0.304245,0.022344,0.867976,0.938382,0.260532,0.037826
adaptive,100,250,28,fcl,-0.435746,0.000000,0.000000,0.000000,0.298251,0.020417,0.040563
adaptive,100,250,28,fcl,0.421681,0.000000,0.000000,0.000000,0.679205,-0.001345,0.027716
adaptive,100,250,28,fcl,0.351686,0.000000,0.000000,0.000000,0.735651,-0.003837,0.014279
adaptive,100,250,28,fcl,0.401657,0.019608,0.019415,0.000000,0.694037,-0.002660,0.023540
adaptive,100,250,28,fcl,0.010416,0.148936,0.025966,0.997522,0.999042,0.419872,0.041207
adaptive,100,250,28,fcl,-0.064001,0.000000,0.000000,0.925363,0.966914,0.306102,0.038683
adaptive,100,250,28,fcl,0.247140,0.000000,0.000000,0.185962,0.830416,0.080652,0.023369
adaptive,100,250,28,fcl,-0.538332,0.102190,0.025878,0.000000,0.426310,0.006182,0.012956
adaptive,100,250,28,fcl,0.863921,0.000000,0.000000,0.000000,0.539374,-0.000005,0.024378
adaptive,100,250,28,fcl,-0.159080,0.000000,0.000000,0.616320,0.774769,0.129897,0.037774
adaptive,100,250,28,fcl,0.640393,0.026596,0.011735,0.000000,0.545833,0.003504,0.038386
adaptive,100,250,28,fcl,0.203207,0.037500,0.021241,0.433524,0.868227,0.177045,0.028589
adaptive,100,250,28,fcl,-0.291788,0.203030,0.022143,0.353305,0.349141,0.053428,0.043685
adaptive,100,250,28,fcl,-0.624248,0.080292,0.023217,0.000000,0.500837,0.001465,0.027942
adaptive,100,250,28,fcl,-0.536904,0.000000,0.000000,0.000000,0.424603,0.006288,0.013239
adaptive,100,250,28,fcl,0.191789,0.000000,0.000000,0.491557,0.877791,0.204818,0.030116
adaptive,100,250,28,fcl,0.102571,0.214477,0.021253,0.846955,0.949859,0.389130,0.039558
adaptive,100,250,28,fcl,-0.076897,0.000000,0.000000,0.892671,0.951074,0.279173,0.038160
adaptive,100,250,28,fcl,0.502560,0.000000,0.000000,0.000000,0.629071,0.003064,0.035311
adaptive,100,250,28,fcl,-0.111233,0.210191,0.022993,0.785338,0.892620,0.208572,0.037141
adaptive,100,250,28,fcl,-0.039504,0.019608,0.019415,0.971893,0.987946,0.353839,0.039676
adaptive,100,250,28,fcl,0.538869,0.000000,0.000000,0.000000,0.608298,0.003927,0.036405
adaptive,100,250,28,fcl,-0.619547,0.000000,0.000000,0.000000,0.498827,0.001943,0.027421
adaptive,100,250,28,fcl,0.889067,0.000000,0.000000,0.000000,0.556001,-0.000569,0.022128
adaptive,100,250,28,fcl,0.661972,0.165644,0.029119,0.000000,0.533149,0.003207,0.038257
adaptive,100,250,28,fcl,0.724640,0.000000,0.000000,0.000000,0.504346,0.002366,0.034971
adaptive,100,250,28,fcl,0.769111,0.000000,0.000000,0.000000,0.498031,0.001749,0.031037
adaptive,100,250,28,fcl,-0.548556,0.018349,0.012855,0.000000,0.438251,0.005532,0.012064
adaptive,100,250,28,fcl,-0.504395,0.000000,0.000000,0.000000,0.384050,0.009590,0.023701
adaptive,100,250,28,fcl,0.731773,0.120643,0.016865,0.000000,0.502288,0.002271,0.034340
adaptive,100,250,28,fcl,0.867224,0.000000,0.000000,0.000000,0.541548,-0.000080,0.024108
adaptive,100,250,28,fcl,-0.723678,0.000000,0.000000,0.000000,0.470696,-0.015246,0.024350
adaptive,100,250,28,fcl,0.913888,0.000000,0.000000,0.000000,0.571703,-0.001039,0.019422
adaptive,100,250,28,fcl,0.311763,0.000000,0.000000,0.000000,0.771834,0.005923,0.016160
adaptive,100,250,28,fcl,0.721218,0.000000,0.000000,0.000000,0.505434,0.002411,0.035263
adaptive,100,250,28,fcl,0.272072,0.000000,0.000000,0.046208,0.808132,0.041201,0.020588
adaptive,100,250,28,fcl,0.459981,0.131757,0.019659,0.000000,0.653932,0.001090,0.032887
adaptive,100,250,28,fcl,-0.001974,0.000000,0.000000,0.999334,0.999826,0.408535,0.040919
adaptive,100,250,28,fsb,0.174807,0.019608,0.019415,0.359336,0.840104,0.400377,0.045736
adaptive,100,250,28,fsb,0.804175,0.000000,0.000000,0.000000,0.848556,0.015014,0.022286
adaptive,100,250,28,fsb,-0.897568,0.000000,0.000000,0.000000,0.499150,0.004502,0.033472
adaptive,100,250,28,fsb,-0.182451,0.019608,0.019415,0.000000,0.646083,0.099593,0.030087
adaptive,100,250,28,fsb,-0.395123,0.000000,0.000000,0.004196,0.500008,-0.003968,0.028012
adaptive,100,250,28,fsb,-0.106068,0.428241,0.023807,0.371355,0.855490,0.234370,0.035707
adaptive,100,250,28,fsb,0.452923,0.000000,0.000000,0.225637,0.794316,0.169455,0.043075
adaptive,100,250,28,fsb,-0.412066,0.133758,0.019209,0.001553,0.499986,-0.000725,0.028478
adaptive,100,250,28,fsb,-0.277180,0.306061,0.025369,0.000000,0.509435,0.003933,0.025252
adaptive,100,250,28,fsb,0.497102,0.000000,0.000000,0.240011,0.808847,0.151775,0.043312
adaptive,100,250,28,fsb,-0.048668,0.000000,0.000000,0.849022,0.970175,0.340080,0.038980
adaptive,100,250,28,fsb,-0.282473,0.215152,0.022621,0.000000,0.507466,0.001424,0.025236
adaptive,100,250,28,fsb,0.746077,0.063830,0.017828,0.088780,0.864321,0.038294,0.024410
adaptive,100,250,28,fsb,0.383333,0.000000,0.000000,0.198370,0.778213,0.207180,0.042039
adaptive,100,250,28,fsb,0.166724,0.000000,0.000000,0.383270,0.847477,0.407976,0.045653
adaptive,100,250,28,fsb,-0.640159,0.000000,0.000000,0.017765,0.498642,0.010724,0.033883
adaptive,100,250,28,fsb,-0.698442,0.000000,0.000000,0.000000,0.499189,0.004617,0.030966
adaptive,100,250,28,fsb,0.150020,0.000000,0.000000,0.428299,0.863955,0.422523,0.045397
adaptive,100,250,28,fsb,-0.683289,0.000000,0.000000,0.000000,0.499064,0.006035,0.031837
adaptive,100,250,28,fsb,-0.091341,0.000000,0.000000,0.501550,0.891747,0.262474,0.036648
adaptive,100,250,28,fsb,0.764834,0.019608,0.019415,0.050773,0.860665,0.029383,0.023102
adaptive,100,250,28,fsb,0.721270,0.000000,0.000000,0.135047,0.866848,0.051342,0.026936
adaptive,100,250,28,fsb,0.901270,0.000000,0.000000,0.000000,0.802819,0.006804,0.020842
adaptive,100,250,28,fsb,-0.208743,0.019608,0.019415,0.000000,0.587467,0.063393,0.028158
adaptive,100,250,28,fsb,0.945201,0.000000,0.000000,0.000000,0.781530,0.008606,0.021420
adaptive,100,250,28,fsb,-0.841214,0.000000,0.000000,0.000000,0.499697,0.001160,0.025963
adaptive,100,250,28,fsb,-0.992193,0.000000,0.000000,0.088850,0.498380,0.013262,0.048752
adaptive,100,250,28,fsb,0.623819,0.000000,0.000000,0.260839,0.853558,0.103353,0.037555
adaptive,100,250,28,fsb,-0.862405,0.073620,0.020455,0.000000,0.499461,0.002160,0.028096
adaptive,100,250,28,fsb,-0.822594,0.000000,0.000000,0.000000,0.499890,0.000582,0.025068
adaptive,100,250,28,fsb,0.395457,0.000000,0.000000,0.201314,0.780215,0.199548,0.042136
adaptive,100,250,28,fsb,-0.744966,0.019608,0.019415,0.000000,0.499637,0.001464,0.028077
adaptive,100,250,28,fsb,0.252063,0.000000,0.000000,0.231724,0.790450,0.320221,0.045004
adaptive,100,250,28,fsb,-0.622456,0.019608,0.019415,0.060043,0.498489,0.012694,0.034404
adaptive,100,250,28,fsb,-0.616187,0.000000,0.000000,0.069759,0.498447,0.013361,0.034528
adaptive,100,250,28,fsb,0.536317,0.000000,0.000000,0.266477,0.823204,0.138019,0.042584
adaptive,100,250,28,fsb,0.671816,0.000000,0.000000,0.211487,0.864236,0.078747,0.032801
adaptive,100,250,28,fsb,-0.356196,0.019608,0.019415,0.000000,0.499902,-0.009430,0.026940
adaptive,100,250,28,fsb,-0.672523,0.000000,0.000000,0.000000,0.498968,0.007136,0.032421
adaptive,100,250,28,fsb,0.805842,0.000000,0.000000,0.000000,0.847929,0.014560,0.022293
adaptive,100,250,28,fsb,-0.355387,0.000000,0.000000,0.000000,0.499903,-0.009494,0.026916
adaptive,100,250,28,fsb,-0.622984,0.000000,0.000000,0.059192,0.498493,0.012637,0.034392
adaptive,100,250,28,fsb,0.042994,0.632708,0.024960,0.898688,0.979988,0.446975,0.042387
adaptive,100,250,28,fsb,0.940311,0.000000,0.000000,0.000000,0.783755,0.008405,0.021112
adaptive,100,250,28,fsb,-0.933433,0.019608,0.019415,0.000000,0.498823,0.007539,0.039711
adaptive,100,250,28,fsb,-0.047799,0.000000,0.000000,0.854455,0.971324,0.341547,0.039021
adaptive,100,250,28,fsb,0.526820,0.000000,0.000000,0.261477,0.819665,0.141303,0.042850
adaptive,100,250,28,fsb,0.526563,0.000000,0.000000,0.261363,0.819570,0.141391,0.042856
adaptive,100,250,28,fsb,-0.629968,0.000000,0.000000,0.045646,0.498547,0.011869,0.034212
adaptive,100,250,28,fsb,0.407436,0.000000,0.000000,0.205380,0.782560,0.192470,0.042293
adaptive,100,250,28,fsb,0.926490,0.000000,0.000000,0.000000,0.790308,0.007822,0.020596
adaptive,100,250,28,fsb,-0.072468,0.254335,0.023412,0.669852,0.932068,0.297869,0.037754
adaptive,100,250,28,fsb,0.365235,0.238854,0.024062,0.192240,0.775954,0.219474,0.042043
adaptive,100,250,28,fsb,-0.162843,0.000000,0.000000,0.010793,0.697468,0.130780,0.031589
adaptive,100,250,28,fsb,0.423532,0.000000,0.000000,0.215587,0.786267,0.183654,0.042565
adaptive,100,250,28,fsb,-0.576240,0.295455,0.028080,0.075489,0.498434,0.016707,0.034506
adaptive,100,250,28,fsb,0.204281,0.000000,0.000000,0.296665,0.816688,0.370628,0.045788
adaptive,100,250,28,fsb,-0.591904,0.019608,0.019415,0.082225,0.498388,0.015635,0.034682
adaptive,100,250,28,fsb,0.751841,0.000000,0.000000,0.076051,0.863354,0.035447,0.023943
adaptive,100,250,28,fsb,0.378675,0.254692,0.022559,0.197633,0.777532,0.210240,0.042022
adaptive,100,250,28,fsb,-0.283854,0.000000,0.000000,0.000000,0.506953,0.000815,0.025238
adaptive,100,250,28,fsb,-0.545297,0.286863,0.023419,0.050078,0.498677,0.017483,0.033626
adaptive,100,250,28,fsb,0.444125,0.000000,0.000000,0.219195,0.791743,0.173466,0.042935
adaptive,100,250,28,fsb,-0.817018,0.000000,0.000000,0.000000,0.499934,0.000466,0.024980
adaptive,100,250,28,fsb,-0.833911,0.000000,0.000000,0.000000,0.499778,0.000899,0.025499
adaptive,100,250,28,fsb,0.702221,0.000000,0.000000,0.168386,0.867000,0.061875,0.029197
adaptive,100,250,28,fsb,0.130469,0.019608,0.019415,0.498908,0.884943,0.436971,0.044977
adaptive,100,250,28,fsb,-0.958922,0.019608,0.019415,0.036252,0.498566,0.009950,0.043916
adaptive,100,250,28,fsb,0.201118,0.019608,0.019415,0.302821,0.818971,0.373928,0.045802
adaptive,100,250,28,fsb,0.623208,0.000000,0.000000,0.261322,0.853382,0.103641,0.037606
adaptive,100,250,28,fsb,0.862527,0.000000,0.000000,0.000000,0.822444,0.006532,0.022193
adaptive,100,250,28,fsb,0.243788,0.000000,0.000000,0.243812,0.793978,0.328869,0.045209
adaptive,100,250,28,fsb,-0.060567,0.000000,0.000000,0.768779,0.952973,0.319419,0.038390
adaptive,100,250,28,fsb,0.662012,0.200637,0.022600,0.225320,0.862621,0.084049,0.033885
adaptive,100,250,28,fsb,0.119566,0.000000,0.000000,0.546446,0.897277,0.443518,0.044699
adaptive,100,250,28,fsb,-0.520310,0.000000,0.000000,0.023596,0.498951,0.016526,0.032592
adaptive,100,250,28,fsb,-0.077409,0.000000,0.000000,0.626185,0.922372,0.288718,0.037476
adaptive,100,250,28,fsb,-0.377327,0.000000,0.000000,0.004502,0.499971,-0.006946,0.027534
adaptive,100,250,28,fsb,-0.352560,0.357968,0.023039,0.000000,0.499906,-0.009695,0.026832
adaptive,100,250,28,fsb,0.689441,0.000000,0.000000,0.187449,0.866300,0.069008,0.030741
adaptive,100,250,28,fsb,-0.534848,0.019608,0.019415,0.035944,0.498787,0.017264,0.033216
adaptive,100,250,28,fsb,-0.681565,0.000000,0.000000,0.000000,0.499050,0.006207,0.031933
adaptive,100,250,28,fsb,0.331608,0.182039,0.019011,0.196353,0.774610,0.245238,0.042559
adaptive,100,250,28,fsb,-0.643017,0.000000,0.000000,0.011482,0.498671,0.010400,0.033777
adaptive,100,250,28,fsb,0.698597,0.000000,0.000000,0.173950,0.866905,0.063898,0.029636
adaptive,100,250,28,fsb,-0.230347,0.000000,0.000000,0.000000,0.551089,0.039073,0.026786
adaptive,100,250,28,fsb,0.652819,0.000000,0.000000,0.235395,0.860819,0.088911,0.034852
adaptive,100,250,28,fsb,0.746896,0.000000,0.000000,0.087131,0.864203,0.037884,0.024340
adaptive,100,250,28,fsb,0.178746,0.000000,0.000000,0.349130,0.836690,0.396566,0.045766
adaptive,100,250,28,fsb,-0.094037,0.026596,0.011735,0.476428,0.885483,0.257343,0.036481
adaptive,100,250,28,fsb,-0.574808,0.000000,0.000000,0.074802,0.498442,0.016785,0.034479
adaptive,100,250,28,fsb,-0.556602,0.019608,0.019415,0.059878,0.498570,0.017434,0.034016
adaptive,100,250,28,fsb,0.344280,0.000000,0.000000,0.196347,0.774647,0.235080,0.042290
adaptive,100,250,28,fsb,-0.263812,0.021898,0.012504,0.000000,0.516774,0.011548,0.025438
adaptive,100,250,28,fsb,-0.719033,0.098160,0.023304,0.000000,0.499364,0.002983,0.029717
adaptive,100,250,28,fsb,-0.750719,0.019608,0.019415,0.000000,0.499703,0.001211,0.027710
adaptive,100,250,28,fsb,0.352934,0.291667,0.023956,0.194679,0.775021,0.228455,0.042157
adaptive,100,250,28,fsb,0.881640,0.000000,0.000000,0.000000,0.812805,0.006333,0.021567
adaptive,100,250,28,fsb,0.565921,0.000000,0.000000,0.271490,0.834205,0.127495,0.041396
adaptive,100,250,28,fsb,0.636905,0.000000,0.000000,0.249197,0.857126,0.097021,0.036401
adaptive,100,250,28,fsb,-0.145598,0.000000,0.000000,0.086644,0.745750,0.160625,0.032898
adaptive,100,250,28,fsb,0.920363,0.019608,0.019415,0.000000,0.793284,0.007561,0.020531
adaptive,100,250,28,fsb,0.179228,0.000000,0.000000,0.347947,0.836280,0.396095,0.045770
adaptive,100,250,28,fsb,-0.245274,0.000000,0.000000,0.000000,0.532436,0.025272,0.026042
adaptive,100,250,28,fsb,0.037083,0.907975,0.022641,0.920879,0.984605,0.443634,0.042200
adaptive,100,250,28,fsb,0.675862,0.000000,0.000000,0.206733,0.864812,0.076531,0.032339
adaptive,100,250,28,fsb,-0.719632,0.000000,0.000000,0.000000,0.499370,0.002941,0.029679
adaptive,100,250,28,fsb,-0.615106,0.019608,0.019415,0.071282,0.498442,0.013473,0.034546
adaptive,100,250,28,fsb,-0.649074,0.000000,0.000000,0.000000,0.498733,0.009714,0.033536
adaptive,100,250,28,fsb,-0.769486,0.000000,0.000000,0.000000,0.499897,0.000596,0.026551
adaptive,100,250,28,fsb,0.109974,0.391408,0.023844,0.586846,0.908361,0.448233,0.044435
adaptive,100,250,28,fsb,0.504886,0.000000,0.000000,0.249940,0.811632,0.148970,0.043244
adaptive,100,250,28,fsb,-0.944905,0.000000,0.000000,0.007786,0.498705,0.008605,0.041648
adaptive,100,250,28,fsb,0.086232,0.771277,0.030632,0.696559,0.935983,0.455088,0.043733
adaptive,100,250,28,fsb,-0.220862,0.000000,0.000000,0.000000,0.565681,0.049123,0.027353
adaptive,100,250,28,fsb,0.195631,0.019608,0.019415,0.313470,0.822955,0.379606,0.045815
adaptive,100,250,28,fsb,0.327454,0.286396,0.022085,0.193678,0.774691,0.248685,0.042663
adaptive,100,250,28,fsb,0.166208,0.000000,0.000000,0.384797,0.847947,0.408450,0.045646
adaptive,100,250,28,fsb,-0.313151,0.019608,0.019415,0.000000,0.501169,-0.007963,0.025672
adaptive,100,250,28,fsb,-0.912329,0.000000,0.000000,0.000000,0.499026,0.005689,0.036036
adaptive,100,250,28,fsb,0.627536,0.000000,0.000000,0.257899,0.854630,0.101587,0.037238
adaptive,100,250,28,fsb,0.395259,0.000000,0.000000,0.201259,0.780181,0.199669,0.042134
adaptive,100,250,28,fsb,0.511988,0.000000,0.000000,0.255207,0.814206,0.146459,0.043150
adaptive,100,250,28,fsb,0.496197,0.000000,0.000000,0.239897,0.808531,0.152105,0.043317
adaptive,100,250,28,fsb,-0.845075,0.000000,0.000000,0.000000,0.499653,0.001316,0.026267
adaptive,100,250,28,fsb,-0.016302,0.371495,0.023357,0.984619,0.997042,0.389955,0.040368
adaptive,100,250,28,fsb,-0.813349,0.000000,0.000000,0.000000,0.499956,0.000405,0.024964
adaptive,100,250,28,fsb,0.492557,0.000000,0.000000,0.239437,0.807258,0.153444,0.043334
adaptive,100,250,28,fsb,-0.362819,0.000000,0.000000,0.000000,0.499919,-0.008813,0.027131
adaptive,100,250,28,fsb,0.784283,0.000000,0.000000,0.011225,0.855384,0.021439,0.022411
adaptive,100,250,28,fsb,-0.883025,0.000000,0.000000,0.000000,0.499268,0.003441,0.031062
adaptive,100,250,28,fsb,0.644603,0.000000,0.000000,0.242273,0.858995,0.093151,0.035672
adaptive,100,250,28,fsb,-0.345656,0.000000,0.000000,0.000000,0.499922,-0.010034,0.026625
adaptive,100,250,28,fsb,0.226261,0.000000,0.000000,0.255574,0.802798,0.347404,0.045554
adaptive,100,250,28,fsb,0.190441,0.000000,0.000000,0.323120,0.827036,0.384910,0.045815
adaptive,100,250,28,fsb,0.734935,0.029787,0.011090,0.110804,0.865775,0.044018,0.025456
adaptive,100,250,28,fsb,0.770594,0.000000,0.000000,0.040612,0.859276,0.026877,0.022827
adaptive,100,250,28,fsb,0.381535,0.000000,0.000000,0.198086,0.777950,0.208353,0.042031
adaptive,100,250,28,fsb,-0.357054,0.325521,0.023912,0.000000,0.499902,-0.009360,0.026965
adaptive,100,250,28,fsb,-0.534182,0.000000,0.000000,0.034977,0.498794,0.017241,0.033188
adaptive,100,250,28,fsb,-0.548013,0.000000,0.000000,0.053494,0.498649,0.017498,0.033726
adaptive,100,250,28,fsb,-0.154511,0.019608,0.019415,0.042574,0.720551,0.144952,0.032225
adaptive,100,250,28,fsb,-0.192999,0.000000,0.000000,0.000000,0.620889,0.084242,0.029293
adaptive,100,250,28,fsb,-0.040116,0.000000,0.000000,0.897251,0.980040,0.354250,0.039376
adaptive,100,250,28,fsb,0.444408,0.000000,0.000000,0.219208,0.791822,0.173334,0.042940
adaptive,100,250,28,fsb,-0.784407,0.000000,0.000000,0.000000,0.499985,0.000337,0.025746
adaptive,100,250,28,fsb,0.784188,0.019608,0.019415,0.011379,0.855413,0.021474,0.022412
adaptive,100,250,28,fsb,0.364150,0.000000,0.000000,0.192504,0.775861,0.220245,0.042049
adaptive,100,250,28,fsb,-0.511005,0.000000,0.000000,0.014968,0.499061,0.015791,0.032176
adaptive,100,250,28,fsb,-0.423593,0.000000,0.000000,0.000000,0.499939,0.001580,0.028813
adaptive,100,250,28,fsb,-0.546636,0.082569,0.026362,0.051839,0.498663,0.017492,0.033676
adaptive,100,250,28,fsb,-0.680834,0.000000,0.000000,0.000000,0.499043,0.006280,0.031974
adaptive,100,250,28,fsb,0.019206,0.000000,0.000000,0.973761,0.995133,0.430249,0.041623
adaptive,100,250,28,fsb,0.554475,0.000000,0.000000,0.269398,0.829976,0.131649,0.041919
adaptive,100,250,28,fsb,0.257721,0.000000,0.000000,0.223332,0.788219,0.314367,0.044849
adaptive,100,250,28,fsb,0.122157,0.000000,0.000000,0.534016,0.894310,0.442071,0.044767
adaptive,100,250,28,fsb,-0.102938,0.000000,0.000000,0.398196,0.863422,0.240352,0.035913
adaptive,100,250,28,fsb,0.975076,0.000000,0.000000,0.000000,0.768839,0.009795,0.024499
adaptive,100,250,28,fsb,-0.187628,0.000000,0.000000,0.000000,0.633404,0.091925,0.029695
adaptive,100,250,28,fsb,0.656029,0.251534,0.033985,0.232846,0.861489,0.087227,0.034520
adaptive,100,250,28,fsb,0.554615,0.000000,0.000000,0.269456,0.830028,0.131599,0.041913
adaptive,100,250,28,fsb,-0.440937,0.000000,0.000000,0.000000,0.499823,0.005044,0.029357
adaptive,100,250,28,fsb,-0.733536,0.019608,0.019415,0.000000,0.499510,0.002057,0.028805
adaptive,100,250,28,fsb,-0.471740,0.000000,0.000000,0.000000,0.499522,0.010684,0.030479
adaptive,100,250,28,fsb,0.470623,0.000000,0.000000,0.233754,0.799845,0.161932,0.043281
adaptive,100,250,28,fsb,-0.584883,0.097473,0.017821,0.079676,0.498401,0.016162,0.034629
adaptive,100,250,28,fsb,0.983352,0.000000,0.000000,0.000000,0.765666,0.010134,0.025624
adaptive,100,250,28,fsb,-0.284593,0.000000,0.000000,0.000000,0.506678,0.000497,0.025239
adaptive,100,250,28,fsb,-0.384580,0.019608,0.019415,0.001103,0.499992,-0.005805,0.027730
adaptive,100,250,28,fsb,-0.261209,0.000000,0.000000,0.000000,0.518614,0.013250,0.025499
adaptive,100,250,28,fsb,-0.942355,0.149682,0.020133,0.003972,0.498731,0.008365,0.041223
adaptive,100,250,28,fsb,-0.556973,0.000000,0.000000,0.060154,0.498567,0.017428,0.034028
adaptive,100,250,28,fsb,0.412588,0.000000,0.000000,0.208076,0.783702,0.189563,0.042374
adaptive,100,250,28,fsb,-0.015564,0.000000,0.000000,0.986430,0.997398,0.390961,0.040396
adaptive,100,250,28,fsb,-0.425404,0.138298,0.025177,0.000000,0.499930,0.001944,0.028867
adaptive,100,250,28,fsb,-0.429812,0.385514,0.023526,0.000000,0.499903,0.002830,0.029001
adaptive,100,250,28,fsb,-0.706107,0.000000,0.000000,0.000000,0.499252,0.003967,0.030508
adaptive,100,250,28,fsb,-0.911812,0.000000,0.000000,0.000000,0.499031,0.005645,0.035946
adaptive,100,250,28,fsb,0.615617,0.000000,0.000000,0.264565,0.851143,0.107154,0.038222
adaptive,100,250,28,fsb,0.502347,0.000000,0.000000,0.246549,0.810722,0.149879,0.043270
adaptive,100,250,28,fsb,0.030740,0.000000,0.000000,0.942128,0.988895,0.439445,0.041998
adaptive,100,250,28,fsb,0.102985,0.000000,0.000000,0.615416,0.916506,0.450996,0.044235
adaptive,100,250,28,fsb,0.523100,0.000000,0.000000,0.259826,0.818289,0.142589,0.042938
adaptive,100,250,28,fsb,-0.837776,0.000000,0.000000,0.000000,0.499736,0.001032,0.025726
adaptive,100,250,28,fsb,0.897275,0.000000,0.000000,0.000000,0.804844,0.006672,0.020974
adaptive,100,250,28,fsb,-0.754029,0.000000,0.000000,0.000000,0.499740,0.001079,0.027500
adaptive,100,250,28,fsb,-0.152025,0.000000,0.000000,0.054835,0.727579,0.149273,0.032414
adaptive,100,250,28,fsb,-0.299374,0.242188,0.021862,0.000000,0.502987,-0.004780,0.025382
adaptive,100,250,28,fsb,0.877561,0.000000,0.000000,0.000000,0.814878,0.006308,0.021720
adaptive,100,250,28,fsb,0.465010,0.000000,0.000000,0.231308,0.798041,0.164244,0.043229
adaptive,100,250,28,fsb,0.755064,0.000000,0.000000,0.068393,0.862749,0.033894,0.023706
adaptive,100,250,28,fsb,0.984567,0.000000,0.000000,0.000000,0.765217,0.010185,0.025796
adaptive,100,250,28,fsb,-0.849254,0.000000,0.000000,0.000000,0.499605,0.001499,0.026640
adaptive,100,250,28,fsb,-0.703530,0.019608,0.019415,0.000000,0.499231,0.004180,0.030663
adaptive,100,250,28,fsb,-0.108423,0.641089,0.023865,0.352434,0.849237,0.229873,0.035550
adaptive,100,250,28,fsb,-0.823172,0.000000,0.000000,0.000000,0.499884,0.000595,0.025082
adaptive,100,250,28,fsb,-0.076231,0.000000,0.000000,0.636404,0.924854,0.290909,0.037543
adaptive,100,250,28,fsb,-0.488860,0.165138,0.035565,0.001129,0.499325,0.013272,0.031193
adaptive,100,250,28,fsb,-0.668561,0.000000,0.000000,0.000000,0.498931,0.007557,0.032627
adaptive,100,250,28,fsb,0.404356,0.000000,0.000000,0.204256,0.781940,0.194247,0.042248
adaptive,100,250,28,fsb,-0.868201,0.000000,0.000000,0.000000,0.499402,0.002491,0.028858
adaptive,100,250,28,fsb,-0.439548,0.264563,0.021731,0.000000,0.499834,0.004770,0.029311
adaptive,100,250,28,fsb,0.947216,0.000000,0.000000,0.000000,0.780613,0.008688,0.021565
adaptive,100,250,28,fsb,0.488429,0.000000,0.000000,0.238915,0.805815,0.154983,0.043344
adaptive,100,250,28,fsb,0.694417,0.000000,0.000000,0.180115,0.866631,0.066232,0.030142
adaptive,100,250,28,fsb,0.867280,0.000000,0.000000,0.000000,0.820069,0.006400,0.022063
adaptive,100,250,28,fsb,-0.425768,0.024540,0.012118,0.000000,0.499928,0.002017,0.028878
adaptive,100,250,28,fsb,-0.511316,0.128834,0.026241,0.015342,0.499057,0.015818,0.032190
adaptive,100,250,28,fsb,0.054502,0.136719,0.021472,0.850549,0.969848,0.451917,0.042748
adaptive,100,250,28,fsb,0.966292,0.000000,0.000000,0.000000,0.772373,0.009446,0.023413
adaptive,100,250,28,fsb,-0.064092,0.530374,0.024124,0.742856,0.947336,0.313117,0.038206
adaptive,100,250,28,fsb,0.587290,0.304245,0.022344,0.269369,0.841865,0.119277,0.040211
adaptive,100,250,28,fsb,-0.440884,0.000000,0.000000,0.000000,0.499823,0.005033,0.029355
adaptive,100,250,28,fsb,-0.996780,0.000000,0.000000,0.088339,0.498377,0.013726,0.049353
adaptive,100,250,28,fsb,0.016909,0.000000,0.000000,0.979115,0.996178,0.428178,0.041548
adaptive,100,250,28,fsb,-0.853751,0.019608,0.019415,0.000000,0.499555,0.001710,0.027092
adaptive,100,250,28,fsb,-0.185650,0.148936,0.025966,0.000000,0.638062,0.094825,0.029844
adaptive,100,250,28,fsb,0.893522,0.000000,0.000000,0.000000,0.806754,0.006562,0.021110
adaptive,100,250,28,fsb,-0.567829,0.000000,0.000000,0.071449,0.498482,0.017112,0.034329
adaptive,100,250,28,fsb,-0.242923,0.102190,0.025878,0.000000,0.535146,0.027281,0.026146
adaptive,100,250,28,fsb,-0.972234,0.000000,0.000000,0.065996,0.498461,0.011260,0.045949
adaptive,100,250,28,fsb,0.989091,0.000000,0.000000,0.000000,0.763544,0.010378,0.026451
adaptive,100,250,28,fsb,-0.362173,0.026596,0.011735,0.000000,0.499918,-0.008880,0.027113
adaptive,100,250,28,fsb,-0.479333,0.037500,0.021241,0.000176,0.499436,0.011892,0.030789
adaptive,100,250,28,fsb,0.078407,0.203030,0.022143,0.733603,0.944830,0.455686,0.043493
adaptive,100,250,28,fsb,0.287138,0.080292,0.023217,0.207186,0.779618,0.285007,0.043923
adaptive,100,250,28,fsb,0.309286,0.000000,0.000000,0.199132,0.776049,0.264425,0.043192
adaptive,100,250,28,fsb,-0.630420,0.000000,0.000000,0.044351,0.498551,0.011819,0.034199
adaptive,100,250,28,fsb,0.361798,0.214477,0.021253,0.193078,0.775658,0.221932,0.042065
adaptive,100,250,28,fsb,0.971362,0.000000,0.000000,0.000000,0.770299,0.009647,0.024025
adaptive,100,250,28,fsb,-0.321895,0.000000,0.000000,0.000000,0.500540,-0.009207,0.025908
adaptive,100,250,28,fsb,0.733240,0.210191,0.022993,0.114031,0.865947,0.044911,0.025629
adaptive,100,250,28,fsb,-0.386628,0.019608,0.019415,0.000144,0.499998,-0.005463,0.027785
adaptive,100,250,28,fsb,0.926359,0.000000,0.000000,0.000000,0.790372,0.007816,0.020593
adaptive,100,250,28,fsb,0.511841,0.000000,0.000000,0.255150,0.814152,0.146511,0.043152
adaptive,100,250,28,fsb,-0.327154,0.000000,0.000000,0.000000,0.500267,-0.009692,0.026061
adaptive,100,250,28,fsb,-0.492068,0.165644,0.029119,0.001624,0.499287,0.013700,0.031333
adaptive,100,250,28,fsb,0.893610,0.000000,0.000000,0.000000,0.806709,0.006565,0.021106
adaptive,100,250,28,fsb,-0.028973,0.000000,0.000000,0.947685,0.989874,0.371701,0.039859
adaptive,100,250,28,fsb,0.909617,0.018349,0.012855,0.000000,0.798612,0.007117,0.020626
adaptive,100,250,28,fsb,-0.714342,0.000000,0.000000,0.000000,0.499323,0.003323,0.030006
adaptive,100,250,28,fsb,-0.511172,0.120643,0.016865,0.015169,0.499059,0.015806,0.032184
adaptive,100,250,28,fsb,-0.113420,0.000000,0.000000,0.312287,0.835968,0.220346,0.035213
adaptive,100,250,28,fsb,0.079951,0.000000,0.000000,0.726348,0.943089,0.455637,0.043540
adaptive,100,250,28,fsb,0.876609,0.000000,0.000000,0.000000,0.815359,0.006306,0.021755
adaptive,100,250,28,fsb,-0.662581,0.000000,0.000000,0.000000,0.498872,0.008206,0.032925
adaptive,100,250,28,fsb,-0.683797,0.000000,0.000000,0.000000,0.499069,0.005985,0.031809
adaptive,100,250,28,fsb,-0.381505,0.000000,0.000000,0.002545,0.499983,-0.006303,0.027647
adaptive,100,250,28,fsb,-0.981731,0.131757,0.019659,0.082943,0.498409,0.012208,0.047320
adaptive,100,250,28,fsb,-0.490462,0.000000,0.000000,0.001376,0.499306,0.013488,0.031262
adaptive,100,250,28,A,0.232474,0.019608,0.019415,0.992249,0.999029,0.416294,0.039706
adaptive,100,250,28,A,0.340523,0.000000,0.000000,0.981134,0.997693,0.419726,0.038941
adaptive,100,250,28,A,0.030463,0.000000,0.000000,0.999989,1.000013,0.411141,0.040848
adaptive,100,250,28,A,-0.251898,0.019608,0.019415,0.984846,0.998075,0.408290,0.041408
adaptive,100,250,28,A,0.230567,0.000000,0.000000,0.992475,0.999047,0.416236,0.039719
adaptive,100,250,28,A,-0.736513,0.428241,0.023807,0.888862,0.985798,0.405680,0.040703
adaptive,100,250,28,A,0.300237,0.000000,0.000000,0.985890,0.998257,0.418427,0.039232
adaptive,100,250,28,A,-0.251126,0.133758,0.019209,0.985025,0.998086,0.408292,0.041408
adaptive,100,250,28,A,0.710565,0.306061,0.025369,0.912858,0.988871,0.426465,0.037116
adaptive,100,250,28,A,-0.553202,0.000000,0.000000,0.935085,0.991763,0.408036,0.040939
adaptive,100,250,28,A,0.914633,0.000000,0.000000,0.853556,0.981229,0.418596,0.038004
adaptive,100,250,28,A,0.585387,0.215152,0.022621,0.940497,0.992587,0.426141,0.037404
adaptive,100,250,28,A,0.177996,0.063830,0.017828,0.995997,0.999489,0.414688,0.040063
adaptive,100,250,28,A,-0.939594,0.000000,0.000000,0.819510,0.977338,0.397573,0.041175
adaptive,100,250,28,A,0.663138,0.000000,0.000000,0.923368,0.990366,0.426715,0.037163
adaptive,100,250,28,A,-0.149790,0.000000,0.000000,0.993788,0.999221,0.408765,0.041352
adaptive,100,250,28,A,-0.579910,0.000000,0.000000,0.930128,0.990993,0.407888,0.040886
adaptive,100,250,28,A,-0.057804,0.000000,0.000000,0.998367,0.999822,0.409705,0.041161
adaptive,100,250,28,A,-0.168352,0.000000,0.000000,0.992469,0.999051,0.408638,0.041373
adaptive,100,250,28,A,0.315756,0.000000,0.000000,0.984122,0.998049,0.418927,0.039120
adaptive,100,250,28,A,0.224902,0.019608,0.019415,0.993015,0.999101,0.416063,0.039757
adaptive,100,250,28,A,0.061969,0.000000,0.000000,0.999810,0.999989,0.411784,0.040706
adaptive,100,250,28,A,-0.652828,0.000000,0.000000,0.910565,0.988719,0.407188,0.040764
adaptive,100,250,28,A,-0.676263,0.019608,0.019415,0.903606,0.987934,0.406851,0.040737
adaptive,100,250,28,A,-0.861170,0.000000,0.000000,0.849947,0.980834,0.401559,0.040866
adaptive,100,250,28,A,-0.732755,0.000000,0.000000,0.889071,0.985936,0.405767,0.040704
adaptive,100,250,28,A,-0.070244,0.000000,0.000000,0.997856,0.999765,0.409546,0.041195
adaptive,100,250,28,A,0.098068,0.000000,0.000000,0.999205,0.999903,0.412600,0.040525
adaptive,100,250,28,A,-0.096236,0.073620,0.020455,0.996808,0.999621,0.409246,0.041257
adaptive,100,250,28,A,-0.530617,0.000000,0.000000,0.938686,0.992387,0.408125,0.040986
adaptive,100,250,28,A,0.917090,0.000000,0.000000,0.852766,0.981125,0.418427,0.038026
adaptive,100,250,28,A,-0.666517,0.019608,0.019415,0.907598,0.988264,0.406998,0.040747
adaptive,100,250,28,A,0.607801,0.000000,0.000000,0.936892,0.991976,0.426416,0.037316
adaptive,100,250,28,A,0.270153,0.019608,0.019415,0.988633,0.998627,0.417467,0.039446
adaptive,100,250,28,A,0.128717,0.000000,0.000000,0.998333,0.999781,0.413357,0.040357
adaptive,100,250,28,A,0.032708,0.000000,0.000000,0.999985,1.000013,0.411185,0.040838
adaptive,100,250,28,A,0.968856,0.000000,0.000000,0.833366,0.978871,0.414468,0.038552
adaptive,100,250,28,A,-0.142264,0.019608,0.019415,0.994285,0.999286,0.408822,0.041341
adaptive,100,250,28,A,-0.867731,0.000000,0.000000,0.847871,0.980552,0.401269,0.040885
adaptive,100,250,28,A,-0.020741,0.000000,0.000000,0.999398,0.999948,0.410243,0.041045
adaptive,100,250,28,A,-0.919564,0.000000,0.000000,0.830774,0.978259,0.398702,0.041079
adaptive,100,250,28,A,0.243948,0.000000,0.000000,0.991485,0.998914,0.416647,0.039628
adaptive,100,250,28,A,-0.967003,0.632708,0.024960,0.812174,0.976049,0.395902,0.041325
adaptive,100,250,28,A,0.762392,0.000000,0.000000,0.898233,0.987115,0.425572,0.037167
adaptive,100,250,28,A,-0.691438,0.019608,0.019415,0.899979,0.987412,0.406599,0.040723
adaptive,100,250,28,A,-0.269055,0.000000,0.000000,0.981971,0.997833,0.408256,0.041402
adaptive,100,250,28,A,0.593814,0.000000,0.000000,0.939926,0.992360,0.426254,0.037370
adaptive,100,250,28,A,0.529109,0.000000,0.000000,0.953267,0.994015,0.425126,0.037681
adaptive,100,250,28,A,0.929153,0.000000,0.000000,0.847092,0.980611,0.417574,0.038139
adaptive,100,250,28,A,0.835975,0.000000,0.000000,0.877597,0.984405,0.423048,0.037440
adaptive,100,250,28,A,-0.140686,0.000000,0.000000,0.994351,0.999299,0.408834,0.041339
adaptive,100,250,28,A,0.647310,0.254335,0.023412,0.926968,0.990842,0.426690,0.037197
adaptive,100,250,28,A,0.286216,0.238854,0.024062,0.986662,0.998435,0.417978,0.039332
adaptive,100,250,28,A,-0.418830,0.000000,0.000000,0.961391,0.995117,0.408245,0.041218
adaptive,100,250,28,A,0.330554,0.000000,0.000000,0.982649,0.997840,0.419404,0.039013
adaptive,100,250,28,A,0.572574,0.295455,0.028080,0.944155,0.992925,0.425948,0.037461
adaptive,100,250,28,A,-0.293391,0.000000,0.000000,0.979572,0.997465,0.408226,0.041388
adaptive,100,250,28,A,0.906418,0.019608,0.019415,0.856317,0.981574,0.419147,0.037932
adaptive,100,250,28,A,-0.384914,0.000000,0.000000,0.966675,0.995827,0.408229,0.041277
adaptive,100,250,28,A,0.656843,0.254692,0.022559,0.924292,0.990557,0.426711,0.037176
adaptive,100,250,28,A,-0.552945,0.000000,0.000000,0.935182,0.991770,0.408037,0.040940
adaptive,100,250,28,A,-0.198793,0.286863,0.023419,0.989870,0.998734,0.408472,0.041398
adaptive,100,250,28,A,0.142962,0.000000,0.000000,0.997794,0.999708,0.413728,0.040275
adaptive,100,250,28,A,-0.749775,0.000000,0.000000,0.885446,0.985304,0.405357,0.040704
adaptive,100,250,28,A,0.500924,0.000000,0.000000,0.956229,0.994672,0.424474,0.037843
adaptive,100,250,28,A,-0.494052,0.000000,0.000000,0.947931,0.993346,0.408212,0.041065
adaptive,100,250,28,A,0.283881,0.019608,0.019415,0.987003,0.998463,0.417903,0.039349
adaptive,100,250,28,A,-0.623368,0.019608,0.019415,0.917384,0.989668,0.407530,0.040808
adaptive,100,250,28,A,-0.127081,0.019608,0.019415,0.995219,0.999408,0.408947,0.041317
adaptive,100,250,28,A,0.717962,0.000000,0.000000,0.910510,0.988628,0.426379,0.037117
adaptive,100,250,28,A,-0.567114,0.000000,0.000000,0.931820,0.991366,0.407965,0.040911
adaptive,100,250,28,A,0.417892,0.000000,0.000000,0.969622,0.996391,0.422166,0.038388
adaptive,100,250,28,A,0.957258,0.000000,0.000000,0.838530,0.979387,0.415422,0.038424
adaptive,100,250,28,A,0.061915,0.200637,0.022600,0.999811,0.999989,0.411782,0.040706
adaptive,100,250,28,A,0.572967,0.000000,0.000000,0.943979,0.992915,0.425954,0.037459
adaptive,100,250,28,A,0.605351,0.000000,0.000000,0.937625,0.992044,0.426390,0.037325
adaptive,100,250,28,A,0.166856,0.000000,0.000000,0.996498,0.999565,0.414376,0.040132
adaptive,100,250,28,A,-0.617818,0.000000,0.000000,0.918266,0.989843,0.407584,0.040817
adaptive,100,250,28,A,-0.402673,0.357968,0.023039,0.963225,0.995462,0.408238,0.041247
adaptive,100,250,28,A,0.620322,0.000000,0.000000,0.933464,0.991624,0.426534,0.037273
adaptive,100,250,28,A,-0.922788,0.019608,0.019415,0.829605,0.978111,0.398525,0.041094
adaptive,100,250,28,A,0.089382,0.000000,0.000000,0.999512,0.999930,0.412396,0.040570
adaptive,100,250,28,A,0.828821,0.182039,0.019011,0.880036,0.984680,0.423362,0.037402
adaptive,100,250,28,A,0.045141,0.000000,0.000000,0.999901,1.000008,0.411432,0.040783
adaptive,100,250,28,A,0.220844,0.000000,0.000000,0.993063,0.999139,0.415941,0.039785
adaptive,100,250,28,A,-0.708241,0.000000,0.000000,0.895810,0.986822,0.406287,0.040712
adaptive,100,250,28,A,-0.855207,0.000000,0.000000,0.852640,0.981088,0.401815,0.040850
adaptive,100,250,28,A,-0.534452,0.000000,0.000000,0.938553,0.992283,0.408112,0.040978
adaptive,100,250,28,A,0.628388,0.000000,0.000000,0.931600,0.991394,0.426595,0.037248
adaptive,100,250,28,A,0.637312,0.026596,0.011735,0.928341,0.991136,0.426648,0.037222
adaptive,100,250,28,A,0.505761,0.000000,0.000000,0.955425,0.994562,0.424592,0.037814
adaptive,100,250,28,A,-0.402430,0.019608,0.019415,0.963299,0.995467,0.408238,0.041247
adaptive,100,250,28,A,0.895002,0.000000,0.000000,0.860255,0.982048,0.419879,0.037837
adaptive,100,250,28,A,0.555871,0.021898,0.012504,0.946646,0.993354,0.425661,0.037540
adaptive,100,250,28,A,0.819141,0.098160,0.023304,0.880229,0.985048,0.423762,0.037356
adaptive,100,250,28,A,0.164134,0.019608,0.019415,0.996528,0.999583,0.414300,0.040148
adaptive,100,250,28,A,0.686849,0.291667,0.023956,0.917990,0.989632,0.426653,0.037129
adaptive,100,250,28,A,-0.065692,0.000000,0.000000,0.997906,0.999787,0.409603,0.041183
adaptive,100,250,28,A,-0.123646,0.000000,0.000000,0.995436,0.999434,0.408977,0.041311
adaptive,100,250,28,A,-0.104558,0.000000,0.000000,0.996237,0.999568,0.409159,0.041275
adaptive,100,250,28,A,0.968225,0.000000,0.000000,0.833663,0.978899,0.414521,0.038545
adaptive,100,250,28,A,0.508405,0.019608,0.019415,0.955019,0.994502,0.424655,0.037799
adaptive,100,250,28,A,-0.500514,0.000000,0.000000,0.945502,0.993181,0.408201,0.041051
adaptive,100,250,28,A,0.352630,0.000000,0.000000,0.979852,0.997508,0.420116,0.038854
adaptive,100,250,28,A,0.854268,0.907975,0.022641,0.871245,0.983692,0.422177,0.037546
adaptive,100,250,28,A,0.424301,0.000000,0.000000,0.969794,0.996270,0.422359,0.038343
adaptive,100,250,28,A,0.421683,0.000000,0.000000,0.969724,0.996319,0.422281,0.038361
adaptive,100,250,28,A,0.902923,0.019608,0.019415,0.857576,0.981720,0.419375,0.037902
adaptive,100,250,28,A,-0.465176,0.000000,0.000000,0.952910,0.994058,0.408242,0.041126
adaptive,100,250,28,A,0.030264,0.000000,0.000000,0.999990,1.000013,0.411138,0.040848
adaptive,100,250,28,A,0.568166,0.391408,0.023844,0.946124,0.993040,0.425876,0.037481
adaptive,100,250,28,A,-0.660979,0.000000,0.000000,0.909262,0.988449,0.407078,0.040754
adaptive,100,250,28,A,0.118423,0.000000,0.000000,0.998714,0.999827,0.413097,0.040415
adaptive,100,250,28,A,0.800688,0.771277,0.030632,0.885573,0.985737,0.424451,0.037278
adaptive,100,250,28,A,0.856827,0.000000,0.000000,0.871100,0.983591,0.422047,0.037562
adaptive,100,250,28,A,-0.344837,0.019608,0.019415,0.973199,0.996594,0.408213,0.041336
adaptive,100,250,28,A,0.926037,0.286396,0.022085,0.848680,0.980744,0.417798,0.038109
adaptive,100,250,28,A,0.099281,0.000000,0.000000,0.999133,0.999899,0.412629,0.040519
adaptive,100,250,28,A,0.144734,0.019608,0.019415,0.997766,0.999699,0.413775,0.040265
adaptive,100,250,28,A,-0.688364,0.000000,0.000000,0.900944,0.987519,0.406652,0.040726
adaptive,100,250,28,A,-0.860983,0.000000,0.000000,0.850006,0.980842,0.401567,0.040866
adaptive,100,250,28,A,0.906800,0.000000,0.000000,0.856180,0.981558,0.419122,0.037935
adaptive,100,250,28,A,-0.234845,0.000000,0.000000,0.986914,0.998302,0.408335,0.041409
adaptive,100,250,28,A,0.722452,0.000000,0.000000,0.908774,0.988479,0.426321,0.037118
adaptive,100,250,28,A,0.008196,0.000000,0.000000,0.999848,1.000000,0.410728,0.040939
adaptive,100,250,28,A,0.240064,0.371495,0.023357,0.991648,0.998953,0.416527,0.039655
adaptive,100,250,28,A,0.877094,0.000000,0.000000,0.865474,0.982781,0.420950,0.037700
adaptive,100,250,28,A,-0.457327,0.000000,0.000000,0.954253,0.994245,0.408246,0.041142
adaptive,100,250,28,A,-0.085051,0.000000,0.000000,0.997348,0.999687,0.409369,0.041232
adaptive,100,250,28,A,-0.437248,0.000000,0.000000,0.957846,0.994709,0.408249,0.041182
adaptive,100,250,28,A,0.591716,0.000000,0.000000,0.939974,0.992417,0.426227,0.037378
adaptive,100,250,28,A,0.342405,0.000000,0.000000,0.980906,0.997664,0.419787,0.038928
adaptive,100,250,28,A,0.378372,0.000000,0.000000,0.976409,0.997092,0.420938,0.038668
adaptive,100,250,28,A,-0.770330,0.000000,0.000000,0.878073,0.984523,0.404806,0.040713
adaptive,100,250,28,A,0.635421,0.000000,0.000000,0.929032,0.991191,0.426638,0.037228
adaptive,100,250,28,A,0.244164,0.029787,0.011090,0.991476,0.998911,0.416653,0.039627
adaptive,100,250,28,A,0.347740,0.000000,0.000000,0.980290,0.997584,0.419959,0.038889
adaptive,100,250,28,A,-0.228676,0.000000,0.000000,0.986656,0.998380,0.408354,0.041408
adaptive,100,250,28,A,-0.468859,0.325521,0.023912,0.952069,0.993969,0.408240,0.041118
adaptive,100,250,28,A,-0.986580,0.000000,0.000000,0.806889,0.975107,0.394618,0.041447
adaptive,100,250,28,A,-0.310511,0.000000,0.000000,0.978263,0.997189,0.408215,0.041374
adaptive,100,250,28,A,0.739782,0.019608,0.019415,0.905068,0.987897,0.426046,0.037131
adaptive,100,250,28,A,0.148718,0.000000,0.000000,0.997384,0.999676,0.413881,0.040241
adaptive,100,250,28,A,-0.232655,0.000000,0.000000,0.986823,0.998330,0.408341,0.041409
adaptive,100,250,28,A,0.351903,0.000000,0.000000,0.979917,0.997519,0.420092,0.038859
adaptive,100,250,28,A,-0.222547,0.000000,0.000000,0.987131,0.998456,0.408375,0.041407
adaptive,100,250,28,A,-0.843919,0.019608,0.019415,0.856045,0.981564,0.402283,0.040821
adaptive,100,250,28,A,-0.820202,0.000000,0.000000,0.862607,0.982546,0.403194,0.040772
adaptive,100,250,28,A,0.548514,0.000000,0.000000,0.948052,0.993539,0.425523,0.037577
adaptive,100,250,28,A,0.151236,0.000000,0.000000,0.997076,0.999662,0.413949,0.040226
adaptive,100,250,28,A,-0.124284,0.082569,0.026362,0.995402,0.999429,0.408972,0.041312
adaptive,100,250,28,A,0.033421,0.000000,0.000000,0.999983,1.000013,0.411199,0.040835
adaptive,100,250,28,A,0.784433,0.000000,0.000000,0.892729,0.986330,0.424977,0.037223
adaptive,100,250,28,A,-0.816126,0.000000,0.000000,0.863554,0.982711,0.403341,0.040765
adaptive,100,250,28,A,0.817426,0.000000,0.000000,0.880210,0.985113,0.423830,0.037348
adaptive,100,250,28,A,0.271512,0.000000,0.000000,0.988517,0.998611,0.417510,0.039436
adaptive,100,250,28,A,-0.498568,0.000000,0.000000,0.946440,0.993231,0.408205,0.041055
adaptive,100,250,28,A,0.992903,0.000000,0.000000,0.824987,0.977782,0.412372,0.038833
adaptive,100,250,28,A,0.544679,0.000000,0.000000,0.948885,0.993634,0.425448,0.037597
adaptive,100,250,28,A,0.577136,0.251534,0.033985,0.942116,0.992806,0.426019,0.037440
adaptive,100,250,28,A,-0.552661,0.000000,0.000000,0.935289,0.991778,0.408039,0.040940
adaptive,100,250,28,A,-0.971708,0.000000,0.000000,0.810643,0.975824,0.395600,0.041353
adaptive,100,250,28,A,-0.169537,0.019608,0.019415,0.992365,0.999039,0.408631,0.041375
adaptive,100,250,28,A,0.859432,0.000000,0.000000,0.870903,0.983489,0.421913,0.037579
adaptive,100,250,28,A,0.837001,0.000000,0.000000,0.877232,0.984366,0.423002,0.037445
adaptive,100,250,28,A,-0.500780,0.097473,0.017821,0.945374,0.993174,0.408201,0.041050
adaptive,100,250,28,A,0.196845,0.000000,0.000000,0.994563,0.999346,0.415229,0.039943
adaptive,100,250,28,A,0.955632,0.000000,0.000000,0.839113,0.979458,0.415552,0.038407
adaptive,100,250,28,A,0.792958,0.019608,0.019415,0.888512,0.986020,0.424710,0.037251
adaptive,100,250,28,A,-0.022110,0.000000,0.000000,0.999352,0.999945,0.410221,0.041049
adaptive,100,250,28,A,-0.352976,0.149682,0.020133,0.972419,0.996444,0.408215,0.041326
adaptive,100,250,28,A,-0.407916,0.000000,0.000000,0.961896,0.995352,0.408241,0.041238
adaptive,100,250,28,A,0.801151,0.000000,0.000000,0.885271,0.985719,0.424435,0.037280
adaptive,100,250,28,A,0.096892,0.000000,0.000000,0.999276,0.999907,0.412572,0.040531
adaptive,100,250,28,A,-0.675602,0.138298,0.025177,0.903893,0.987957,0.406861,0.040737
adaptive,100,250,28,A,-0.467854,0.385514,0.023526,0.952380,0.993994,0.408241,0.041120
adaptive,100,250,28,A,-0.016916,0.000000,0.000000,0.999528,0.999957,0.410304,0.041031
adaptive,100,250,28,A,-0.236955,0.000000,0.000000,0.986908,0.998275,0.408329,0.041409
adaptive,100,250,28,A,-0.995486,0.000000,0.000000,0.803652,0.974672,0.394009,0.041506
adaptive,100,250,28,A,-0.733776,0.000000,0.000000,0.889014,0.985898,0.405743,0.040703
adaptive,100,250,28,A,0.078356,0.000000,0.000000,0.999659,0.999958,0.412144,0.040626
adaptive,100,250,28,A,-0.787275,0.000000,0.000000,0.872774,0.983864,0.404303,0.040727
adaptive,100,250,28,A,0.068325,0.000000,0.000000,0.999722,0.999979,0.411921,0.040675
adaptive,100,250,28,A,0.074036,0.000000,0.000000,0.999688,0.999968,0.412047,0.040648
adaptive,100,250,28,A,0.169967,0.000000,0.000000,0.996402,0.999544,0.414462,0.040113
adaptive,100,250,28,A,0.402062,0.000000,0.000000,0.974227,0.996680,0.421681,0.038499
adaptive,100,250,28,A,0.853715,0.000000,0.000000,0.871277,0.983714,0.422204,0.037542
adaptive,100,250,28,A,-0.740251,0.242188,0.021862,0.888289,0.985659,0.405591,0.040703
adaptive,100,250,28,A,-0.087498,0.000000,0.000000,0.997233,0.999673,0.409342,0.041238
adaptive,100,250,28,A,0.720426,0.000000,0.000000,0.909580,0.988547,0.426348,0.037117
adaptive,100,250,28,A,-0.002495,0.000000,0.000000,0.999780,0.999986,0.410542,0.040979
adaptive,100,250,28,A,0.613491,0.000000,0.000000,0.935274,0.991817,0.426473,0.037296
adaptive,100,250,28,A,0.025373,0.000000,0.000000,1.000000,1.000012,0.411044,0.040869
adaptive,100,250,28,A,0.481668,0.019608,0.019415,0.961259,0.995100,0.423984,0.037962
adaptive,100,250,28,A,-0.979968,0.641089,0.023865,0.806692,0.975428,0.395060,0.041404
adaptive,100,250,28,A,0.500432,0.000000,0.000000,0.956311,0.994684,0.424462,0.037846
adaptive,100,250,28,A,-0.296727,0.000000,0.000000,0.978994,0.997413,0.408223,0.041386
adaptive,100,250,28,A,-0.321491,0.165138,0.035565,0.975991,0.997005,0.408212,0.041364
adaptive,100,250,28,A,-0.443924,0.000000,0.000000,0.957441,0.994556,0.408249,0.041169
adaptive,100,250,28,A,0.802029,0.000000,0.000000,0.884696,0.985687,0.424404,0.037283
adaptive,100,250,28,A,-0.336299,0.000000,0.000000,0.974853,0.996748,0.408212,0.041347
adaptive,100,250,28,A,-0.265442,0.264563,0.021731,0.982098,0.997886,0.408263,0.041404
adaptive,100,250,28,A,0.795881,0.000000,0.000000,0.887625,0.985913,0.424614,0.037261
adaptive,100,250,28,A,-0.200616,0.000000,0.000000,0.989812,0.998714,0.408463,0.041399
adaptive,100,250,28,A,0.103817,0.000000,0.000000,0.998862,0.999884,0.412738,0.040495
adaptive,100,250,28,A,0.511037,0.000000,0.000000,0.954684,0.994441,0.424717,0.037783
adaptive,100,250,28,A,0.083427,0.024540,0.012118,0.999624,0.999946,0.412259,0.040601
adaptive,100,250,28,A,-0.557572,0.128834,0.026241,0.933442,0.991639,0.408015,0.040930
adaptive,100,250,28,A,-0.322415,0.136719,0.021472,0.975709,0.996989,0.408212,0.041363
adaptive,100,250,28,A,-0.125659,0.000000,0.000000,0.995328,0.999419,0.408959,0.041315
adaptive,100,250,28,A,-0.288970,0.530374,0.024124,0.980390,0.997534,0.408230,0.041392
adaptive,100,250,28,A,0.318539,0.304245,0.022344,0.983876,0.998010,0.419016,0.039100
adaptive,100,250,28,A,0.981323,0.000000,0.000000,0.829242,0.978310,0.413401,0.038695
adaptive,100,250,28,A,0.558268,0.000000,0.000000,0.946280,0.993294,0.425705,0.037528
adaptive,100,250,28,A,-0.235952,0.000000,0.000000,0.986960,0.998288,0.408331,0.041409
adaptive,100,250,28,A,0.626271,0.019608,0.019415,0.932114,0.991455,0.426580,0.037254
adaptive,100,250,28,A,-0.992854,0.148936,0.025966,0.805239,0.974801,0.394191,0.041488
adaptive,100,250,28,A,0.171638,0.000000,0.000000,0.996351,0.999533,0.414509,0.040102
adaptive,100,250,28,A,-0.344476,0.000000,0.000000,0.973273,0.996600,0.408213,0.041337
adaptive,100,250,28,A,0.414422,0.102190,0.025878,0.970869,0.996455,0.422061,0.038412
adaptive,100,250,28,A,-0.173102,0.000000,0.000000,0.992053,0.999004,0.408609,0.041378
adaptive,100,250,28,A,0.798618,0.000000,0.000000,0.886794,0.985813,0.424522,0.037271
adaptive,100,250,28,A,0.767240,0.026596,0.011735,0.895609,0.986945,0.425452,0.037177
adaptive,100,250,28,A,0.004645,0.037500,0.021241,0.999808,0.999996,0.410666,0.040952
adaptive,100,250,28,A,0.484890,0.203030,0.022143,0.960807,0.995030,0.424068,0.037942
adaptive,100,250,28,A,-0.733588,0.080292,0.023217,0.889024,0.985905,0.405748,0.040703
adaptive,100,250,28,A,0.731575,0.000000,0.000000,0.906129,0.988174,0.426186,0.037123
adaptive,100,250,28,A,-0.073961,0.000000,0.000000,0.997816,0.999746,0.409500,0.041204
adaptive,100,250,28,A,0.585066,0.214477,0.021253,0.940552,0.992595,0.426136,0.037406
adaptive,100,250,28,A,0.329515,0.000000,0.000000,0.982827,0.997855,0.419371,0.039021
adaptive,100,250,28,A,-0.618445,0.000000,0.000000,0.918089,0.989823,0.407578,0.040816
adaptive,100,250,28,A,0.950013,0.210191,0.022993,0.841125,0.979706,0.415998,0.038347
adaptive,100,250,28,A,-0.132707,0.019608,0.019415,0.994788,0.999364,0.408899,0.041327
adaptive,100,250,28,A,-0.777103,0.000000,0.000000,0.873618,0.984262,0.404610,0.040718
adaptive,100,250,28,A,0.531377,0.000000,0.000000,0.952522,0.993960,0.425175,0.037668
adaptive,100,250,28,A,0.922554,0.000000,0.000000,0.850454,0.980893,0.418046,0.038076
adaptive,100,250,28,A,0.255565,0.165644,0.029119,0.990201,0.998791,0.417008,0.039548
adaptive,100,250,28,A,0.294291,0.000000,0.000000,0.986294,0.998333,0.418236,0.039275
adaptive,100,250,28,A,0.685243,0.000000,0.000000,0.918615,0.989682,0.426661,0.037131
adaptive,100,250,28,A,0.632273,0.018349,0.012855,0.930181,0.991282,0.426620,0.037237
adaptive,100,250,28,A,-0.293772,0.000000,0.000000,0.979502,0.997459,0.408226,0.041388
adaptive,100,250,28,A,0.433567,0.120643,0.016865,0.968475,0.996091,0.422636,0.038279
adaptive,100,250,28,A,0.287928,0.000000,0.000000,0.986566,0.998414,0.418032,0.039320
adaptive,100,250,28,A,-0.974489,0.000000,0.000000,0.809301,0.975691,0.395420,0.041370
adaptive,100,250,28,A,0.051644,0.000000,0.000000,0.999932,1.000002,0.411566,0.040754
adaptive,100,250,28,A,0.574648,0.000000,0.000000,0.943228,0.992871,0.425981,0.037451
adaptive,100,250,28,A,0.413373,0.000000,0.000000,0.971369,0.996474,0.422029,0.038419
adaptive,100,250,28,A,-0.301190,0.000000,0.000000,0.978892,0.997341,0.408220,0.041382
adaptive,100,250,28,A,-0.110775,0.131757,0.019659,0.996013,0.999526,0.409097,0.041288
adaptive,100,250,28,A,-0.812212,0.000000,0.000000,0.864574,0.982870,0.403480,0.040759
fixed,250,250,22,fcl,-0.397983,0.000000,0.000000,0.011754,0.257200,0.000939,0.003480
fixed,250,250,22,fcl,-0.959838,0.000000,0.000000,0.000000,0.264125,-0.000010,0.002426
fixed,250,250,22,fcl,-0.759149,0.000000,0.000000,0.000000,0.431164,-0.000007,0.001108
fixed,250,250,22,fcl,0.066993,0.732000,0.028013,0.932839,0.975099,0.009379,0.004596
fixed,250,250,22,fcl,0.829468,0.000000,0.000000,0.000000,0.518094,-0.000739,0.002633
fixed,250,250,22,fcl,0.376374,0.000000,0.000000,0.000000,0.714343,0.002908,0.002307
fixed,250,250,22,fcl,0.757763,0.000000,0.000000,0.000000,0.498023,-0.001092,0.002991
fixed,250,250,22,fcl,-0.690724,0.016000,0.007936,0.000000,0.496503,0.000023,0.001977
fixed,250,250,22,fcl,0.088499,0.000000,0.000000,0.884697,0.960350,0.009455,0.004599
fixed,250,250,22,fcl,0.077407,0.000000,0.000000,0.910282,0.968198,0.009429,0.004599
fixed,250,250,22,fcl,-0.637452,0.232000,0.026697,0.000000,0.505209,0.000082,0.002415
fixed,250,250,22,fcl,0.816603,0.000000,0.000000,0.000000,0.511480,-0.000806,0.002732
fixed,250,250,22,fcl,0.033947,0.000000,0.000000,0.981285,0.992604,0.009068,0.004560
fixed,250,250,22,fcl,0.970640,0.000000,0.000000,0.000000,0.599729,-0.000024,0.001121
fixed,250,250,22,fcl,-0.271624,0.000000,0.000000,0.377016,0.410575,0.002279,0.003876
fixed,250,250,22,fcl,-0.870323,0.000000,0.000000,0.000000,0.359747,-0.000022,0.001067
fixed,250,250,22,fcl,-0.162136,0.252000,0.027459,0.605775,0.765986,0.004514,0.004088
fixed,250,250,22,fcl,-0.623300,0.092000,0.018280,0.000000,0.500432,0.000103,0.002504
fixed,250,250,22,fcl,0.035736,0.140000,0.021945,0.979437,0.991903,0.009091,0.004563
fixed,250,250,22,fcl,-0.023602,0.000000,0.000000,0.989434,0.995892,0.008047,0.004434
fixed,250,250,22,fcl,0.673288,0.036000,0.011782,0.000000,0.526898,-0.001339,0.002814
fixed,250,250,22,fcl,0.582651,0.000000,0.000000,0.000000,0.581859,-0.001120,0.002001
fixed,250,250,22,fcl,0.282694,0.000000,0.000000,0.007937,0.798485,0.005957,0.003559
fixed,250,250,22,fcl,-0.358385,0.124000,0.020845,0.181307,0.230959,0.001244,0.003627
fixed,250,250,22,fcl,0.758775,0.000000,0.000000,0.000000,0.497935,-0.001088,0.002989
fixed,250,250,22,fcl,0.211501,0.392000,0.030876,0.387819,0.861218,0.007963,0.004190
fixed,250,250,22,fcl,0.851719,0.000000,0.000000,0.000000,0.531466,-0.000622,0.002426
fixed,250,250,22,fcl,0.816323,0.000000,0.000000,0.000000,0.511351,-0.000808,0.002734
fixed,250,250,22,fcl,-0.082645,0.000000,0.000000,0.876713,0.942873,0.006594,0.004274
fixed,250,250,22,fcl,-0.791313,0.000000,0.000000,0.000000,0.402396,-0.000012,0.000614
fixed,250,250,22,fcl,-0.954028,0.000000,0.000000,0.000000,0.270997,-0.000013,0.002336
fixed,250,250,22,fcl,-0.310534,0.064000,0.015480,0.317882,0.298097,0.001742,0.003778
fixed,250,250,22,fcl,0.721928,0.000000,0.000000,0.000000,0.505209,-0.001231,0.002993
fixed,250,250,22,fcl,0.347196,0.000000,0.000000,0.000000,0.739625,0.003849,0.002736
fixed,250,250,22,fcl,0.999451,0.000000,0.000000,0.000000,0.607871,0.000107,0.001306
fixed,250,250,22,fcl,0.968844,0.000000,0.000000,0.000000,0.599070,-0.000033,0.001123
fixed,250,250,22,fcl,0.441740,0.000000,0.000000,0.000000,0.665503,0.001038,0.001394
fixed,250,250,22,fcl,0.134967,0.060000,0.015020,0.743372,0.924358,0.009261,0.004537
fixed,250,250,22,fcl,-0.957699,0.000000,0.000000,0.000000,0.266655,-0.000011,0.002392
fixed,250,250,22,fcl,-0.365881,0.000000,0.000000,0.155306,0.232772,0.001180,0.003601
fixed,250,250,22,fcl,0.708649,0.000000,0.000000,0.000000,0.510014,-0.001271,0.002964
fixed,250,250,22,fcl,0.600070,0.000000,0.000000,0.000000,0.570950,-0.001217,0.002194
fixed,250,250,22,fcl,0.294155,0.048000,0.013520,0.000000,0.788007,0.005591,0.003428
fixed,250,250,22,fcl,-0.005634,0.088000,0.017917,0.999059,0.999758,0.008421,0.004479
fixed,250,250,22,fcl,-0.163640,0.000000,0.000000,0.600584,0.761663,0.004477,0.004085
fixed,250,250,22,fcl,-0.332797,0.000000,0.000000,0.266567,0.250899,0.001490,0.003712
fixed,250,250,22,fcl,0.548972,0.000000,0.000000,0.000000,0.602359,-0.000838,0.001613
fixed,250,250,22,fcl,-0.319988,0.356000,0.030283,0.296344,0.275687,0.001630,0.003751
fixed,250,250,22,fcl,0.755506,0.004000,0.003992,0.000000,0.498220,-0.001102,0.002994
fixed,250,250,22,fcl,-0.883452,0.000000,0.000000,0.000000,0.348328,-0.000023,0.001268
fixed,250,250,22,fcl,-0.872232,0.000000,0.000000,0.000000,0.358133,-0.000022,0.001096
fixed,250,250,22,fcl,-0.343675,0.000000,0.000000,0.234675,0.237026,0.001380,0.003677
fixed,250,250,22,fcl,0.227200,0.000000,0.000000,0.303365,0.847804,0.007572,0.004077
fixed,250,250,22,fcl,0.664564,0.016000,0.007936,0.000000,0.531688,-0.001345,0.002760
fixed,250,250,22,fcl,-0.688695,0.000000,0.000000,0.000000,0.497714,0.000025,0.001997
fixed,250,250,22,fcl,-0.459467,0.000000,0.000000,0.000000,0.326941,0.000595,0.003228
fixed,250,250,22,fcl,0.444749,0.000000,0.000000,0.000000,0.663533,0.000963,0.001362
fixed,250,250,22,fcl,0.861472,0.000000,0.000000,0.000000,0.537763,-0.000570,0.002321
fixed,250,250,22,fcl,0.361402,0.000000,0.000000,0.000000,0.727134,0.003386,0.002530
fixed,250,250,22,fcl,-0.127414,0.000000,0.000000,0.726780,0.857289,0.005405,0.004162
fixed,250,250,22,fcl,-0.311802,0.296000,0.028871,0.314950,0.294941,0.001727,0.003774
fixed,250,250,22,fcl,0.179832,0.308000,0.029198,0.548724,0.887718,0.008633,0.004374
fixed,250,250,22,fcl,-0.413507,0.024000,0.009680,0.000000,0.273212,0.000839,0.003418
fixed,250,250,22,fcl,-0.161439,0.000000,0.000000,0.608179,0.767988,0.004531,0.004089
fixed,250,250,22,fcl,0.319397,0.000000,0.000000,0.000000,0.764828,0.004766,0.003116
fixed,250,250,22,fcl,0.897016,0.000000,0.000000,0.000000,0.561162,-0.000385,0.001883
fixed,250,250,22,fcl,0.898622,0.000000,0.000000,0.000000,0.562203,-0.000377,0.001862
fixed,250,250,22,fcl,-0.125768,0.000000,0.000000,0.732846,0.861234,0.005448,0.004166
fixed,250,250,22,fcl,-0.486399,0.000000,0.000000,0.000000,0.360991,0.000480,0.003117
fixed,250,250,22,fcl,-0.822769,0.000000,0.000000,0.000000,0.388811,-0.000015,0.000405
fixed,250,250,22,fcl,0.629075,0.000000,0.000000,0.000000,0.552768,-0.001316,0.002483
fixed,250,250,22,fcl,-0.103238,0.384000,0.030760,0.812530,0.908351,0.006047,0.004220
fixed,250,250,22,fcl,-0.261284,0.000000,0.000000,0.390526,0.443833,0.002445,0.003899
fixed,250,250,22,fcl,0.149973,0.000000,0.000000,0.682904,0.912209,0.009096,0.004494
fixed,250,250,22,fcl,-0.570082,0.000000,0.000000,0.000000,0.461359,0.000212,0.002771
fixed,250,250,22,fcl,-0.352988,0.000000,0.000000,0.201215,0.231804,0.001293,0.003646
fixed,250,250,22,fcl,0.281692,0.068000,0.015922,0.010064,0.799398,0.005988,0.003570
fixed,250,250,22,fcl,-0.336287,0.332000,0.029784,0.258058,0.244994,0.001454,0.003701
fixed,250,250,22,fcl,0.694031,0.000000,0.000000,0.000000,0.516438,-0.001307,0.002915
fixed,250,250,22,fcl,-0.688162,0.072000,0.016348,0.000000,0.497991,0.000025,0.002002
fixed,250,250,22,fcl,0.004724,0.112000,0.019946,0.999474,0.999789,0.008616,0.004503
fixed,250,250,22,fcl,-0.762833,0.000000,0.000000,0.000000,0.427066,-0.000008,0.001052
fixed,250,250,22,fcl,-0.045862,0.272000,0.028144,0.961740,0.983721,0.007531,0.004374
fixed,250,250,22,fcl,0.425870,0.000000,0.000000,0.000000,0.676230,0.001450,0.001587
fixed,250,250,22,fcl,-0.500596,0.176000,0.024085,0.000000,0.379188,0.000425,0.003059
fixed,250,250,22,fcl,0.174896,0.000000,0.000000,0.570543,0.891796,0.008722,0.004397
fixed,250,250,22,fcl,0.161938,0.000000,0.000000,0.634400,0.902441,0.008932,0.004452
fixed,250,250,22,fcl,0.365418,0.000000,0.000000,0.000000,0.723651,0.003257,0.002471
fixed,250,250,22,fcl,-0.955092,0.000000,0.000000,0.000000,0.269739,-0.000012,0.002352
fixed,250,250,22,fcl,0.705157,0.000000,0.000000,0.000000,0.511499,-0.001281,0.002954
fixed,250,250,22,fcl,-0.980292,0.000000,0.000000,0.000000,0.240499,0.000001,0.002748
fixed,250,250,22,fcl,0.447242,0.000000,0.000000,0.000000,0.661901,0.000903,0.001337
fixed,250,250,22,fcl,0.003206,0.052000,0.014042,0.999442,0.999797,0.008588,0.004500
fixed,250,250,22,fcl,0.180431,0.000000,0.000000,0.546191,0.887222,0.008622,0.004371
fixed,250,250,22,fcl,-0.689193,0.180000,0.024298,0.000000,0.497417,0.000025,0.001992
fixed,250,250,22,fcl,-0.581667,0.000000,0.000000,0.000000,0.472331,0.000185,0.002719
fixed,250,250,22,fcl,-0.805471,0.000000,0.000000,0.000000,0.395837,-0.000014,0.000437
fixed,250,250,22,fcl,-0.719954,0.216000,0.026026,0.000000,0.474369,0.000005,0.001649
fixed,250,250,22,fcl,-0.279361,0.284000,0.028520,0.368927,0.386362,0.002162,0.003858
fixed,250,250,22,fcl,0.952376,0.000000,0.000000,0.000000,0.592264,-0.000110,0.001204
fixed,250,250,22,fcl,-0.494767,0.000000,0.000000,0.000000,0.371721,0.000447,0.003083
fixed,250,250,22,fcl,0.843004,0.000000,0.000000,0.000000,0.526040,-0.000668,0.002512
fixed,250,250,22,fcl,-0.049149,0.340000,0.029960,0.955641,0.980982,0.007451,0.004365
fixed,250,250,22,fcl,-0.983562,0.000000,0.000000,0.000000,0.236897,0.000003,0.002800
fixed,250,250,22,fcl,0.051907,0.584000,0.031173,0.957915,0.984019,0.009266,0.004584
fixed,250,250,22,fcl,0.237071,0.000000,0.000000,0.242961,0.839246,0.007309,0.003999
fixed,250,250,22,fcl,0.246497,0.000000,0.000000,0.189805,0.830986,0.007047,0.003918
fixed,250,250,22,fcl,-0.813754,0.000000,0.000000,0.000000,0.392522,-0.000014,0.000387
fixed,250,250,22,fcl,0.503539,0.000000,0.000000,0.000000,0.628516,-0.000238,0.001199
fixed,250,250,22,fcl,0.969768,0.000000,0.000000,0.000000,0.599431,-0.000028,0.001122
fixed,250,250,22,fcl,0.228074,0.000000,0.000000,0.297974,0.847047,0.007550,0.004071
fixed,250,250,22,fcl,-0.825202,0.020000,0.008854,0.000000,0.387750,-0.000016,0.000423
fixed,250,250,22,fcl,-0.099030,0.224000,0.026368,0.825929,0.916045,0.006159,0.004231
fixed,250,250,22,fcl,0.231862,0.000000,0.000000,0.274609,0.843766,0.007450,0.004041
fixed,250,250,22,fcl,0.638317,0.036000,0.011782,0.000000,0.547084,-0.001333,0.002564
fixed,250,250,22,fcl,0.568641,0.000000,0.000000,0.000000,0.590512,-0.001018,0.001839
fixed,250,250,22,fcl,0.235352,0.000000,0.000000,0.253086,0.840744,0.007356,0.004013
fixed,250,250,22,fcl,-0.419704,0.000000,0.000000,0.000000,0.279964,0.000802,0.003393
fixed,250,250,22,fcl,0.894701,0.000000,0.000000,0.000000,0.559660,-0.000397,0.001914
fixed,250,250,22,fcl,0.789360,0.000000,0.000000,0.000000,0.501238,-0.000944,0.002892
fixed,250,250,22,fcl,-0.726549,0.000000,0.000000,0.000000,0.467864,0.000002,0.001566
fixed,250,250,22,fcl,0.602404,0.000000,0.000000,0.000000,0.569479,-0.001228,0.002219
fixed,250,250,22,fcl,-0.920224,0.000000,0.000000,0.000000,0.310435,-0.000022,0.001821
fixed,250,250,22,fcl,-0.162932,0.000000,0.000000,0.603027,0.763697,0.004494,0.004086
fixed,250,250,22,fcl,-0.919244,0.000000,0.000000,0.000000,0.311540,-0.000022,0.001807
fixed,250,250,22,fcl,-0.152239,0.000000,0.000000,0.639480,0.793912,0.004762,0.004108
fixed,250,250,22,fcl,0.450122,0.000000,0.000000,0.000000,0.660087,0.000833,0.001309
fixed,250,250,22,fcl,0.948173,0.000000,0.000000,0.000000,0.590336,-0.000131,0.001240
fixed,250,250,22,fcl,0.366518,0.000000,0.000000,0.000000,0.722697,0.003221,0.002454
fixed,250,250,22,fcl,0.644476,0.000000,0.000000,0.000000,0.543373,-0.001340,0.002615
fixed,250,250,22,fcl,0.801790,0.000000,0.000000,0.000000,0.505194,-0.000882,0.002827
fixed,250,250,22,fcl,-0.540306,0.096000,0.018632,0.000000,0.428623,0.000293,0.002897
fixed,250,250,22,fcl,0.471493,0.000000,0.000000,0.000000,0.646994,0.000356,0.001166
fixed,250,250,22,fcl,0.663716,0.000000,0.000000,0.000000,0.532166,-0.001345,0.002755
fixed,250,250,22,fcl,-0.396424,0.000000,0.000000,0.015544,0.255680,0.000949,0.003486
fixed,250,250,22,fcl,-0.280232,0.000000,0.000000,0.367963,0.383700,0.002149,0.003856
fixed,250,250,22,fcl,-0.969401,0.000000,0.000000,0.000000,0.252938,-0.000005,0.002575
fixed,250,250,22,fcl,0.705523,0.000000,0.000000,0.000000,0.511343,-0.001280,0.002955
fixed,250,250,22,fcl,0.447810,0.000000,0.000000,0.000000,0.661544,0.000889,0.001331
fixed,250,250,22,fcl,0.360948,0.000000,0.000000,0.000000,0.727528,0.003401,0.002537
fixed,250,250,22,fcl,0.521293,0.000000,0.000000,0.000000,0.618428,-0.000505,0.001328
fixed,250,250,22,fcl,0.200938,0.000000,0.000000,0.444693,0.870133,0.008205,0.004258
fixed,250,250,22,fcl,0.325997,0.000000,0.000000,0.000000,0.758788,0.004548,0.003029
fixed,250,250,22,fcl,0.765669,0.000000,0.000000,0.000000,0.497981,-0.001057,0.002975
fixed,250,250,22,fcl,-0.709591,0.148000,0.022458,0.000000,0.483536,0.000011,0.001773
fixed,250,250,22,fcl,-0.472075,0.000000,0.000000,0.000000,0.342754,0.000539,0.003176
fixed,250,250,22,fcl,-0.121269,0.000000,0.000000,0.749331,0.871223,0.005567,0.004176
fixed,250,250,22,fcl,-0.823309,0.000000,0.000000,0.000000,0.388576,-0.000016,0.000409
fixed,250,250,22,fcl,0.960960,0.000000,0.000000,0.000000,0.595990,-0.000070,0.001148
fixed,250,250,22,fcl,-0.905190,0.000000,0.000000,0.000000,0.326822,-0.000023,0.001596
fixed,250,250,22,fcl,-0.067178,0.000000,0.000000,0.917774,0.963285,0.006997,0.004316
fixed,250,250,22,fcl,0.075888,0.000000,0.000000,0.913715,0.969259,0.009423,0.004599
fixed,250,250,22,fcl,-0.171354,0.000000,0.000000,0.575308,0.738777,0.004288,0.004070
fixed,250,250,22,fcl,-0.530390,0.224000,0.026368,0.000000,0.416686,0.000323,0.002937
fixed,250,250,22,fcl,0.379645,0.000000,0.000000,0.000000,0.711638,0.002805,0.002258
fixed,250,250,22,fcl,-0.822424,0.000000,0.000000,0.000000,0.388962,-0.000015,0.000403
fixed,250,250,22,fcl,0.233303,0.372000,0.030569,0.265721,0.842518,0.007411,0.004029
fixed,250,250,22,fcl,-0.107715,0.000000,0.000000,0.797610,0.899738,0.005927,0.004209
fixed,250,250,22,fcl,0.241168,0.000000,0.000000,0.219897,0.835657,0.007197,0.003964
fixed,250,250,22,fcl,0.306514,0.000000,0.000000,0.000000,0.776657,0.005190,0.003280
fixed,250,250,22,fcl,-0.270574,0.000000,0.000000,0.378073,0.413909,0.002296,0.003878
fixed,250,250,22,fcl,0.077149,0.632000,0.030501,0.910866,0.968379,0.009428,0.004599
fixed,250,250,22,fcl,-0.847841,0.000000,0.000000,0.000000,0.375860,-0.000019,0.000718
fixed,250,250,22,fcl,0.156320,0.000000,0.000000,0.658545,0.907040,0.009013,0.004473
fixed,250,250,22,fcl,0.808389,0.000000,0.000000,0.000000,0.507739,-0.000849,0.002787
fixed,250,250,22,fcl,0.316884,0.000000,0.000000,0.000000,0.767129,0.004849,0.003149
fixed,250,250,22,fcl,0.230027,0.000000,0.000000,0.285929,0.845356,0.007498,0.004055
fixed,250,250,22,fcl,0.800336,0.000000,0.000000,0.000000,0.504634,-0.000890,0.002836
fixed,250,250,22,fcl,-0.648927,0.000000,0.000000,0.000000,0.506913,0.000066,0.002336
fixed,250,250,22,fcl,-0.946925,0.000000,0.000000,0.000000,0.279396,-0.000016,0.002226
fixed,250,250,22,fcl,-0.693034,0.000000,0.000000,0.000000,0.495123,0.000022,0.001953
fixed,250,250,22,fcl,0.114280,0.024000,0.009680,0.811092,0.940811,0.009407,0.004577
fixed,250,250,22,fcl,0.060000,0.316000,0.029404,0.945192,0.979385,0.009333,0.004591
fixed,250,250,22,fcl,0.559543,0.000000,0.000000,0.000000,0.596035,-0.000941,0.001734
fixed,250,250,22,fcl,-0.835366,0.000000,0.000000,0.000000,0.382884,-0.000017,0.000536
fixed,250,250,22,fcl,-0.490372,0.000000,0.000000,0.000000,0.366082,0.000464,0.003101
fixed,250,250,22,fcl,0.913111,0.000000,0.000000,0.000000,0.571235,-0.000303,0.001666
fixed,250,250,22,fcl,-0.918783,0.000000,0.000000,0.000000,0.312049,-0.000022,0.001800
fixed,250,250,22,fcl,-0.970181,0.000000,0.000000,0.000000,0.252033,-0.000005,0.002588
fixed,250,250,22,fcl,0.842335,0.000000,0.000000,0.000000,0.525628,-0.000671,0.002518
fixed,250,250,22,fcl,0.475784,0.000000,0.000000,0.000000,0.644455,0.000268,0.001153
fixed,250,250,22,fcl,-0.039579,0.256000,0.027602,0.971776,0.987898,0.007681,0.004391
fixed,250,250,22,fcl,-0.001702,0.000000,0.000000,0.999339,0.999825,0.008497,0.004489
fixed,250,250,22,fcl,-0.442918,0.000000,0.000000,0.000000,0.306765,0.000676,0.003297
fixed,250,250,22,fcl,-0.461876,0.000000,0.000000,0.000000,0.329946,0.000584,0.003218
fixed,250,250,22,fcl,0.333542,0.000000,0.000000,0.000000,0.751925,0.004299,0.002927
fixed,250,250,22,fcl,-0.806449,0.000000,0.000000,0.000000,0.395439,-0.000014,0.000428
fixed,250,250,22,fcl,-0.404062,0.000000,0.000000,0.003861,0.263310,0.000899,0.003456
fixed,250,250,22,fcl,0.269924,0.132000,0.021408,0.058600,0.810073,0.006354,0.003694
fixed,250,250,22,fcl,-0.542889,0.000000,0.000000,0.000000,0.431652,0.000286,0.002886
fixed,250,250,22,fcl,-0.305626,0.000000,0.000000,0.328876,0.310528,0.001803,0.003792
fixed,250,250,22,fcl,0.482465,0.000000,0.000000,0.000000,0.640567,0.000136,0.001143
fixed,250,250,22,fcl,-0.350023,0.000000,0.000000,0.212428,0.232767,0.001320,0.003656
fixed,250,250,22,fcl,-0.715077,0.368000,0.030501,0.000000,0.478767,0.000008,0.001709
fixed,250,250,22,fcl,0.823515,0.000000,0.000000,0.000000,0.514952,-0.000770,0.002680
fixed,250,250,22,fcl,0.909674,0.000000,0.000000,0.000000,0.569165,-0.000321,0.001713
fixed,250,250,22,fcl,0.229502,0.344000,0.030044,0.289168,0.845811,0.007512,0.004060
fixed,250,250,22,fcl,0.459199,0.000000,0.000000,0.000000,0.654408,0.000623,0.001234
fixed,250,250,22,fcl,0.983586,0.000000,0.000000,0.000000,0.603902,0.000035,0.001156
fixed,250,250,22,fcl,0.721310,0.000000,0.000000,0.000000,0.505405,-0.001233,0.002992
fixed,250,250,22,fcl,-0.879254,0.000000,0.000000,0.000000,0.352193,-0.000023,0.001204
fixed,250,250,22,fcl,-0.536972,0.000000,0.000000,0.000000,0.424684,0.000303,0.002911
fixed,250,250,22,fcl,-0.085401,0.000000,0.000000,0.869063,0.938942,0.006521,0.004266
fixed,250,250,22,fcl,0.007111,0.540000,0.031521,0.998723,0.999499,0.008658,0.004509
fixed,250,250,22,fcl,0.872875,0.000000,0.000000,0.000000,0.545286,-0.000510,0.002190
fixed,250,250,22,fcl,0.748181,0.000000,0.000000,0.000000,0.498907,-0.001133,0.003003
fixed,250,250,22,fcl,-0.664564,0.000000,0.000000,0.000000,0.505982,0.000047,0.002215
fixed,250,250,22,fcl,-0.163381,0.000000,0.000000,0.601479,0.762408,0.004483,0.004085
fixed,250,250,22,fcl,0.558550,0.000000,0.000000,0.000000,0.596637,-0.000932,0.001722
fixed,250,250,22,fcl,0.996081,0.000000,0.000000,0.000000,0.607103,0.000092,0.001266
fixed,250,250,22,fcl,0.967554,0.000000,0.000000,0.000000,0.598566,-0.000039,0.001125
fixed,250,250,22,fcl,-0.995419,0.000000,0.000000,0.000000,0.224147,0.000013,0.002992
fixed,250,250,22,fcl,-0.524023,0.000000,0.000000,0.000000,0.408835,0.000344,0.002963
fixed,250,250,22,fcl,0.096811,0.368000,0.030501,0.863831,0.954227,0.009456,0.004595
fixed,250,250,22,fcl,-0.503779,0.000000,0.000000,0.000000,0.383263,0.000413,0.003046
fixed,250,250,22,fcl,-0.166322,0.000000,0.000000,0.591448,0.753890,0.004411,0.004079
fixed,250,250,22,fcl,0.790122,0.000000,0.000000,0.000000,0.501465,-0.000941,0.002888
fixed,250,250,22,fcl,-0.925093,0.000000,0.000000,0.000000,0.304877,-0.000021,0.001895
fixed,250,250,22,fcl,-0.307241,0.332000,0.029784,0.325493,0.306291,0.001783,0.003787
fixed,250,250,22,fcl,0.116552,0.116000,0.020253,0.804073,0.939032,0.009395,0.004573
fixed,250,250,22,fcl,0.431562,0.000000,0.000000,0.000000,0.672316,0.001298,0.001514
fixed,250,250,22,fcl,0.674364,0.000000,0.000000,0.000000,0.526319,-0.001338,0.002820
fixed,250,250,22,fcl,-0.463818,0.260000,0.027742,0.000000,0.332369,0.000576,0.003210
fixed,250,250,22,fcl,-0.279770,0.156000,0.022949,0.368475,0.385113,0.002156,0.003857
fixed,250,250,22,fcl,0.549841,0.000000,0.000000,0.000000,0.601840,-0.000847,0.001623
fixed,250,250,22,fcl,0.107438,0.000000,0.000000,0.832353,0.946131,0.009434,0.004586
fixed,250,250,22,fcl,-0.452580,0.000000,0.000000,0.000000,0.318462,0.000628,0.003257
fixed,250,250,22,fcl,-0.082242,0.272000,0.028144,0.877832,0.943448,0.006604,0.004275
fixed,250,250,22,fcl,0.528952,0.000000,0.000000,0.000000,0.614042,-0.000607,0.001400
fixed,250,250,22,fcl,-0.945822,0.000000,0.000000,0.000000,0.280699,-0.000016,0.002209
fixed,250,250,22,fcl,-0.987512,0.000000,0.000000,0.000000,0.232547,0.000006,0.002864
fixed,250,250,22,fcl,0.060528,0.888000,0.019946,0.944322,0.979068,0.009337,0.004591
fixed,250,250,22,fcl,-0.293349,0.000000,0.000000,0.351035,0.344595,0.001963,0.003824
fixed,250,250,22,fcl,0.208575,0.000000,0.000000,0.404835,0.863699,0.008032,0.004210
fixed,250,250,22,fcl,-0.429803,0.000000,0.000000,0.000000,0.291364,0.000745,0.003351
fixed,250,250,22,fcl,0.848297,0.000000,0.000000,0.000000,0.529295,-0.000640,0.002460
fixed,250,250,22,fcl,-0.444227,0.000000,0.000000,0.000000,0.308328,0.000669,0.003292
fixed,250,250,22,fcl,-0.435730,0.000000,0.000000,0.000000,0.298232,0.000713,0.003327
fixed,250,250,22,fcl,0.279166,0.000000,0.000000,0.015429,0.801700,0.006068,0.003597
fixed,250,250,22,fcl,0.083038,0.192000,0.024911,0.897558,0.964267,0.009445,0.004600
fixed,250,250,22,fcl,-0.363879,0.000000,0.000000,0.162249,0.232288,0.001197,0.003608
fixed,250,250,22,fcl,0.159219,0.000000,0.000000,0.646085,0.904667,0.008972,0.004462
fixed,250,250,22,fcl,0.970251,0.000000,0.000000,0.000000,0.599598,-0.000026,0.001122
fixed,250,250,22,fcl,0.901020,0.000000,0.000000,0.000000,0.563728,-0.000365,0.001830
fixed,250,250,22,fcl,0.406126,0.000000,0.000000,0.000000,0.690602,0.002003,0.001863
fixed,250,250,22,fcl,0.190640,0.200000,0.025298,0.497712,0.878748,0.008424,0.004318
fixed,250,250,22,fcl,-0.601517,0.000000,0.000000,0.000000,0.488197,0.000143,0.002623
fixed,250,250,22,fcl,-0.876699,0.000000,0.000000,0.000000,0.354354,-0.000023,0.001165
fixed,250,250,22,fcl,-0.906467,0.000000,0.000000,0.000000,0.325478,-0.000023,0.001615
fixed,250,250,22,fcl,-0.503836,0.000000,0.000000,0.000000,0.383335,0.000413,0.003046
fixed,250,250,22,fsb,-0.669981,0.000000,0.000000,0.000000,0.498944,-0.000072,0.002267
fixed,250,250,22,fsb,0.072899,0.000000,0.000000,0.760705,0.950914,0.008324,0.004294
fixed,250,250,22,fsb,0.233760,0.000000,0.000000,0.250620,0.798825,0.005376,0.003493
fixed,250,250,22,fsb,0.062011,0.732000,0.028013,0.815596,0.962390,0.008413,0.004336
fixed,250,250,22,fsb,0.293536,0.000000,0.000000,0.206511,0.778377,0.004039,0.003400
fixed,250,250,22,fsb,0.110757,0.000000,0.000000,0.583875,0.907451,0.007867,0.004116
fixed,250,250,22,fsb,0.509639,0.000000,0.000000,0.254295,0.813349,0.000849,0.003965
fixed,250,250,22,fsb,-0.592098,0.016000,0.007936,0.082277,0.498388,0.000012,0.002886
fixed,250,250,22,fsb,-0.771420,0.000000,0.000000,0.000000,0.499910,-0.000061,0.001567
fixed,250,250,22,fsb,-0.799257,0.000000,0.000000,0.000000,0.500006,-0.000052,0.001670
fixed,250,250,22,fsb,-0.276345,0.232000,0.026697,0.000000,0.509751,0.003660,0.003864
fixed,250,250,22,fsb,0.606985,0.000000,0.000000,0.262571,0.848459,0.000280,0.003986
fixed,250,250,22,fsb,-0.763397,0.000000,0.000000,0.000000,0.499838,-0.000064,0.001573
fixed,250,250,22,fsb,-0.063826,0.000000,0.000000,0.744818,0.947763,0.007973,0.004494
fixed,250,250,22,fsb,-0.654994,0.000000,0.000000,0.000000,0.498794,-0.000066,0.002401
fixed,250,250,22,fsb,-0.038924,0.000000,0.000000,0.903475,0.981278,0.008264,0.004512
fixed,250,250,22,fsb,-0.030290,0.252000,0.027459,0.942458,0.988876,0.008344,0.004512
fixed,250,250,22,fsb,0.268418,0.092000,0.018280,0.216496,0.784572,0.004589,0.003413
fixed,250,250,22,fsb,-0.299955,0.140000,0.021945,0.000000,0.502892,0.003168,0.003792
fixed,250,250,22,fsb,0.908644,0.000000,0.000000,0.000000,0.799102,-0.000002,0.002334
fixed,250,250,22,fsb,-0.974204,0.036000,0.011782,0.069999,0.498449,0.000037,0.004519
fixed,250,250,22,fsb,-0.562286,0.000000,0.000000,0.065548,0.498525,0.000092,0.003065
fixed,250,250,22,fsb,-0.737179,0.000000,0.000000,0.000000,0.499550,-0.000071,0.001687
fixed,250,250,22,fsb,-0.019496,0.124000,0.020845,0.976779,0.995503,0.008427,0.004509
fixed,250,250,22,fsb,0.562271,0.000000,0.000000,0.271167,0.832860,0.000491,0.004013
fixed,250,250,22,fsb,0.104317,0.392000,0.030876,0.609292,0.914948,0.007960,0.004149
fixed,250,250,22,fsb,-0.756757,0.000000,0.000000,0.000000,0.499770,-0.000066,0.001590
fixed,250,250,22,fsb,0.095116,0.000000,0.000000,0.651742,0.925699,0.008082,0.004194
fixed,250,250,22,fsb,-0.711290,0.000000,0.000000,0.000000,0.499296,-0.000075,0.001889
fixed,250,250,22,fsb,-0.862114,0.000000,0.000000,0.000000,0.499464,-0.000028,0.002467
fixed,250,250,22,fsb,-0.547302,0.000000,0.000000,0.052715,0.498656,0.000147,0.003142
fixed,250,250,22,fsb,0.085139,0.064000,0.015480,0.701974,0.937240,0.008200,0.004241
fixed,250,250,22,fsb,0.749747,0.000000,0.000000,0.081027,0.863747,-0.000019,0.003395
fixed,250,250,22,fsb,0.324079,0.000000,0.000000,0.194685,0.774859,0.003409,0.003433
fixed,250,250,22,fsb,0.686534,0.000000,0.000000,0.191737,0.866032,0.000059,0.003758
fixed,250,250,22,fsb,0.231172,0.000000,0.000000,0.252329,0.800196,0.005435,0.003502
fixed,250,250,22,fsb,0.417965,0.000000,0.000000,0.211134,0.784913,0.001833,0.003718
fixed,250,250,22,fsb,-0.633638,0.060000,0.015020,0.035132,0.498581,-0.000050,0.002581
fixed,250,250,22,fsb,-0.823161,0.000000,0.000000,0.000000,0.499884,-0.000043,0.001902
fixed,250,250,22,fsb,0.483090,0.000000,0.000000,0.238565,0.803993,0.001082,0.003912
fixed,250,250,22,fsb,0.215475,0.000000,0.000000,0.276344,0.809220,0.005793,0.003562
fixed,250,250,22,fsb,-0.078731,0.000000,0.000000,0.614721,0.919588,0.007760,0.004474
fixed,250,250,22,fsb,0.192392,0.048000,0.013520,0.319492,0.825502,0.006311,0.003670
fixed,250,250,22,fsb,-0.490968,0.088000,0.017917,0.001454,0.499300,0.000461,0.003363
fixed,250,250,22,fsb,-0.859810,0.000000,0.000000,0.000000,0.499488,-0.000029,0.002430
fixed,250,250,22,fsb,0.890539,0.000000,0.000000,0.000000,0.808271,-0.000016,0.002379
fixed,250,250,22,fsb,0.872899,0.000000,0.000000,0.000000,0.817238,-0.000026,0.002461
fixed,250,250,22,fsb,-0.424366,0.356000,0.030283,0.000000,0.499935,0.001105,0.003520
fixed,250,250,22,fsb,-0.526280,0.004000,0.003992,0.025123,0.498882,0.000242,0.003237
fixed,250,250,22,fsb,-0.607260,0.000000,0.000000,0.081434,0.498405,-0.000016,0.002783
fixed,250,250,22,fsb,0.081782,0.000000,0.000000,0.717745,0.941024,0.008236,0.004256
fixed,250,250,22,fsb,-0.607811,0.000000,0.000000,0.081290,0.498406,-0.000017,0.002779
fixed,250,250,22,fsb,-0.658286,0.000000,0.000000,0.000000,0.498829,-0.000067,0.002372
fixed,250,250,22,fsb,-0.461867,0.016000,0.007936,0.000000,0.499628,0.000702,0.003441
fixed,250,250,22,fsb,0.867068,0.000000,0.000000,0.000000,0.820175,-0.000029,0.002495
fixed,250,250,22,fsb,0.049662,0.000000,0.000000,0.871296,0.974229,0.008490,0.004380
fixed,250,250,22,fsb,0.481372,0.000000,0.000000,0.238476,0.803410,0.001099,0.003908
fixed,250,250,22,fsb,-0.220061,0.000000,0.000000,0.000000,0.567003,0.004900,0.004057
fixed,250,250,22,fsb,-0.953750,0.000000,0.000000,0.024286,0.498616,0.000021,0.004130
fixed,250,250,22,fsb,-0.162889,0.000000,0.000000,0.010625,0.697340,0.006169,0.004257
fixed,250,250,22,fsb,0.054264,0.296000,0.028871,0.851570,0.970063,0.008465,0.004364
fixed,250,250,22,fsb,-0.196338,0.308000,0.029198,0.000000,0.613184,0.005432,0.004141
fixed,250,250,22,fsb,-0.698854,0.024000,0.009680,0.000000,0.499193,-0.000076,0.002001
fixed,250,250,22,fsb,0.184043,0.000000,0.000000,0.336136,0.832187,0.006494,0.003713
fixed,250,250,22,fsb,0.709477,0.000000,0.000000,0.156898,0.867149,0.000022,0.003645
fixed,250,250,22,fsb,0.421826,0.000000,0.000000,0.214222,0.785852,0.001781,0.003732
fixed,250,250,22,fsb,-0.455624,0.000000,0.000000,0.000000,0.499692,0.000762,0.003456
fixed,250,250,22,fsb,-0.258673,0.000000,0.000000,0.000000,0.520408,0.004042,0.003922
fixed,250,250,22,fsb,-0.960306,0.000000,0.000000,0.039433,0.498553,0.000026,0.004255
fixed,250,250,22,fsb,0.021472,0.000000,0.000000,0.968477,0.994102,0.008566,0.004456
fixed,250,250,22,fsb,-0.145848,0.000000,0.000000,0.085302,0.745042,0.006530,0.004311
fixed,250,250,22,fsb,-0.575352,0.384000,0.030760,0.075063,0.498439,0.000052,0.002991
fixed,250,250,22,fsb,0.852179,0.000000,0.000000,0.000000,0.827537,-0.000035,0.002594
fixed,250,250,22,fsb,0.998836,0.000000,0.000000,0.000000,0.760161,0.000113,0.002888
fixed,250,250,22,fsb,-0.068520,0.000000,0.000000,0.705189,0.939417,0.007909,0.004489
fixed,250,250,22,fsb,-0.790014,0.000000,0.000000,0.000000,0.500003,-0.000055,0.001614
fixed,250,250,22,fsb,0.173249,0.068000,0.015922,0.363948,0.841525,0.006725,0.003771
fixed,250,250,22,fsb,-0.456708,0.332000,0.029784,0.000000,0.499681,0.000752,0.003453
fixed,250,250,22,fsb,0.631653,0.000000,0.000000,0.254124,0.855735,0.000193,0.003941
fixed,250,250,22,fsb,-0.187321,0.072000,0.016348,0.000000,0.634120,0.005633,0.004173
fixed,250,250,22,fsb,0.793752,0.112000,0.019946,0.001904,0.852302,-0.000040,0.003059
fixed,250,250,22,fsb,0.930763,0.000000,0.000000,0.000000,0.788249,0.000019,0.002347
fixed,250,250,22,fsb,0.692785,0.272000,0.028144,0.182520,0.866523,0.000048,0.003729
fixed,250,250,22,fsb,-0.596609,0.000000,0.000000,0.083489,0.498385,0.000003,0.002856
fixed,250,250,22,fsb,-0.525586,0.176000,0.024085,0.024945,0.498890,0.000246,0.003240
fixed,250,250,22,fsb,0.948809,0.000000,0.000000,0.000000,0.779888,0.000039,0.002418
fixed,250,250,22,fsb,0.724824,0.000000,0.000000,0.129133,0.866639,0.000003,0.003557
fixed,250,250,22,fsb,0.845328,0.000000,0.000000,0.000000,0.830826,-0.000037,0.002644
fixed,250,250,22,fsb,0.210789,0.000000,0.000000,0.284737,0.812299,0.005900,0.003582
fixed,250,250,22,fsb,-0.202361,0.000000,0.000000,0.000000,0.600396,0.005297,0.004120
fixed,250,250,22,fsb,0.943889,0.000000,0.000000,0.000000,0.782127,0.000033,0.002393
fixed,250,250,22,fsb,0.459226,0.000000,0.000000,0.230680,0.796226,0.001327,0.003850
fixed,250,250,22,fsb,-0.293864,0.052000,0.014042,0.000000,0.504118,0.003292,0.003810
fixed,250,250,22,fsb,0.545866,0.000000,0.000000,0.266722,0.826769,0.000589,0.004007
fixed,250,250,22,fsb,-0.230200,0.180000,0.024298,0.000000,0.551294,0.004672,0.004021
fixed,250,250,22,fsb,0.021376,0.000000,0.000000,0.968702,0.994146,0.008566,0.004456
fixed,250,250,22,fsb,-0.511732,0.000000,0.000000,0.015845,0.499052,0.000323,0.003294
fixed,250,250,22,fsb,-0.456359,0.216000,0.026026,0.000000,0.499685,0.000755,0.003454
fixed,250,250,22,fsb,-0.316164,0.284000,0.028520,0.000000,0.500873,0.002844,0.003747
fixed,250,250,22,fsb,-0.549509,0.000000,0.000000,0.054606,0.498635,0.000138,0.003132
fixed,250,250,22,fsb,-0.154627,0.000000,0.000000,0.042003,0.720224,0.006346,0.004284
fixed,250,250,22,fsb,0.313677,0.000000,0.000000,0.199167,0.775601,0.003618,0.003417
fixed,250,250,22,fsb,-0.145447,0.340000,0.029960,0.087521,0.746181,0.006538,0.004313
fixed,250,250,22,fsb,0.785358,0.000000,0.000000,0.009478,0.855053,-0.000037,0.003126
fixed,250,250,22,fsb,0.052784,0.584000,0.031173,0.857915,0.971403,0.008473,0.004369
fixed,250,250,22,fsb,0.244865,0.000000,0.000000,0.243075,0.793474,0.005122,0.003460
fixed,250,250,22,fsb,-0.378525,0.000000,0.000000,0.003941,0.499974,0.001741,0.003606
fixed,250,250,22,fsb,0.649140,0.000000,0.000000,0.238316,0.860050,0.000142,0.003896
fixed,250,250,22,fsb,0.510890,0.000000,0.000000,0.254781,0.813805,0.000839,0.003967
fixed,250,250,22,fsb,0.426306,0.000000,0.000000,0.217806,0.786942,0.001722,0.003747
fixed,250,250,22,fsb,-0.387375,0.000000,0.000000,0.000226,0.499999,0.001606,0.003589
fixed,250,250,22,fsb,0.438222,0.020000,0.008854,0.218918,0.790080,0.001571,0.003786
fixed,250,250,22,fsb,0.568178,0.224000,0.026368,0.271572,0.835034,0.000459,0.004013
fixed,250,250,22,fsb,0.975209,0.000000,0.000000,0.000000,0.768786,0.000075,0.002619
fixed,250,250,22,fsb,-0.497081,0.036000,0.011782,0.002397,0.499227,0.000417,0.003344
fixed,250,250,22,fsb,-0.379689,0.000000,0.000000,0.003396,0.499978,0.001723,0.003603
fixed,250,250,22,fsb,-0.566356,0.000000,0.000000,0.069880,0.498493,0.000079,0.003043
fixed,250,250,22,fsb,0.254078,0.000000,0.000000,0.228125,0.789626,0.004912,0.003438
fixed,250,250,22,fsb,-0.817257,0.000000,0.000000,0.000000,0.499932,-0.000046,0.001834
fixed,250,250,22,fsb,-0.483316,0.000000,0.000000,0.000537,0.499390,0.000519,0.003385
fixed,250,250,22,fsb,-0.693895,0.000000,0.000000,0.000000,0.499153,-0.000076,0.002047
fixed,250,250,22,fsb,0.813157,0.000000,0.000000,0.000000,0.845055,-0.000042,0.002900
fixed,250,250,22,fsb,-0.488323,0.000000,0.000000,0.001047,0.499331,0.000480,0.003371
fixed,250,250,22,fsb,0.962465,0.000000,0.000000,0.000000,0.773964,0.000056,0.002508
fixed,250,250,22,fsb,0.219913,0.000000,0.000000,0.267786,0.806551,0.005692,0.003544
fixed,250,250,22,fsb,0.794459,0.000000,0.000000,0.001647,0.852059,-0.000040,0.003053
fixed,250,250,22,fsb,0.892095,0.000000,0.000000,0.000000,0.807479,-0.000014,0.002373
fixed,250,250,22,fsb,-0.596223,0.000000,0.000000,0.083385,0.498385,0.000003,0.002859
fixed,250,250,22,fsb,0.314734,0.000000,0.000000,0.199175,0.775493,0.003597,0.003418
fixed,250,250,22,fsb,0.096422,0.000000,0.000000,0.645578,0.924177,0.008065,0.004188
fixed,250,250,22,fsb,0.812685,0.000000,0.000000,0.000000,0.845247,-0.000042,0.002904
fixed,250,250,22,fsb,0.275057,0.096000,0.018632,0.211072,0.782603,0.004442,0.003406
fixed,250,250,22,fsb,0.673596,0.000000,0.000000,0.209396,0.864490,0.000084,0.003812
fixed,250,250,22,fsb,-0.590867,0.000000,0.000000,0.081946,0.498389,0.000015,0.002895
fixed,250,250,22,fsb,-0.886810,0.000000,0.000000,0.000000,0.499237,-0.000017,0.002891
fixed,250,250,22,fsb,0.877200,0.000000,0.000000,0.000000,0.815060,-0.000024,0.002438
fixed,250,250,22,fsb,0.242910,0.000000,0.000000,0.244413,0.794389,0.005167,0.003465
fixed,250,250,22,fsb,0.207928,0.000000,0.000000,0.289861,0.814178,0.005964,0.003595
fixed,250,250,22,fsb,0.271570,0.000000,0.000000,0.213921,0.783637,0.004519,0.003409
fixed,250,250,22,fsb,-0.958066,0.000000,0.000000,0.034270,0.498574,0.000024,0.004212
fixed,250,250,22,fsb,0.185994,0.000000,0.000000,0.331391,0.830534,0.006452,0.003702
fixed,250,250,22,fsb,0.736274,0.000000,0.000000,0.108256,0.865638,-0.000008,0.003486
fixed,250,250,22,fsb,-0.302049,0.000000,0.000000,0.000000,0.502551,0.003125,0.003786
fixed,250,250,22,fsb,0.533202,0.000000,0.000000,0.264813,0.822042,0.000673,0.003996
fixed,250,250,22,fsb,-0.511767,0.148000,0.022458,0.015886,0.499052,0.000323,0.003293
fixed,250,250,22,fsb,-0.181672,0.000000,0.000000,0.000000,0.648035,0.005759,0.004193
fixed,250,250,22,fsb,0.418292,0.000000,0.000000,0.211395,0.784992,0.001829,0.003720
fixed,250,250,22,fsb,0.067025,0.000000,0.000000,0.791203,0.957236,0.008375,0.004317
fixed,250,250,22,fsb,-0.400111,0.000000,0.000000,0.004515,0.500007,0.001422,0.003565
fixed,250,250,22,fsb,0.328603,0.000000,0.000000,0.194418,0.774668,0.003320,0.003442
fixed,250,250,22,fsb,0.894318,0.000000,0.000000,0.000000,0.806349,-0.000013,0.002366
fixed,250,250,22,fsb,0.953715,0.000000,0.000000,0.000000,0.777728,0.000045,0.002447
fixed,250,250,22,fsb,-0.573326,0.000000,0.000000,0.074092,0.498450,0.000058,0.003003
fixed,250,250,22,fsb,-0.609569,0.224000,0.026368,0.079078,0.498414,-0.000020,0.002766
fixed,250,250,22,fsb,-0.832884,0.000000,0.000000,0.000000,0.499790,-0.000040,0.002026
fixed,250,250,22,fsb,0.971682,0.000000,0.000000,0.000000,0.770173,0.000069,0.002586
fixed,250,250,22,fsb,0.093201,0.372000,0.030569,0.661401,0.927916,0.008106,0.004203
fixed,250,250,22,fsb,-0.638514,0.000000,0.000000,0.021379,0.498626,-0.000054,0.002542
fixed,250,250,22,fsb,0.834557,0.000000,0.000000,0.000000,0.835841,-0.000040,0.002726
fixed,250,250,22,fsb,-0.376692,0.000000,0.000000,0.004620,0.499969,0.001770,0.003609
fixed,250,250,22,fsb,-0.820624,0.000000,0.000000,0.000000,0.499907,-0.000044,0.001872
fixed,250,250,22,fsb,-0.064175,0.632000,0.030501,0.742248,0.947204,0.007969,0.004494
fixed,250,250,22,fsb,0.703586,0.000000,0.000000,0.166289,0.867035,0.000031,0.003676
fixed,250,250,22,fsb,0.879979,0.000000,0.000000,0.000000,0.813651,-0.000022,0.002424
fixed,250,250,22,fsb,-0.692581,0.000000,0.000000,0.000000,0.499142,-0.000076,0.002059
fixed,250,250,22,fsb,-0.474717,0.000000,0.000000,0.000000,0.499489,0.000588,0.003409
fixed,250,250,22,fsb,-0.094764,0.000000,0.000000,0.469660,0.883795,0.007503,0.004445
fixed,250,250,22,fsb,-0.818339,0.000000,0.000000,0.000000,0.499926,-0.000045,0.001846
fixed,250,250,22,fsb,0.082966,0.000000,0.000000,0.712181,0.939689,0.008224,0.004251
fixed,250,250,22,fsb,0.232134,0.000000,0.000000,0.251694,0.799686,0.005413,0.003499
fixed,250,250,22,fsb,-0.937382,0.000000,0.000000,0.000000,0.498783,0.000010,0.003821
fixed,250,250,22,fsb,-0.442423,0.024000,0.009680,0.000000,0.499810,0.000898,0.003484
fixed,250,250,22,fsb,0.235216,0.316000,0.029404,0.249657,0.798053,0.005343,0.003489
fixed,250,250,22,fsb,0.833454,0.000000,0.000000,0.000000,0.836342,-0.000040,0.002735
fixed,250,250,22,fsb,-0.964470,0.000000,0.000000,0.048909,0.498519,0.000029,0.004334
fixed,250,250,22,fsb,-0.043169,0.000000,0.000000,0.881297,0.976866,0.008221,0.004510
fixed,250,250,22,fsb,0.466225,0.000000,0.000000,0.231439,0.798422,0.001251,0.003869
fixed,250,250,22,fsb,0.748332,0.000000,0.000000,0.084239,0.863994,-0.000018,0.003405
fixed,250,250,22,fsb,0.395840,0.000000,0.000000,0.201421,0.780281,0.002152,0.003642
fixed,250,250,22,fsb,-0.916521,0.000000,0.000000,0.000000,0.498988,-0.000003,0.003431
fixed,250,250,22,fsb,-0.252148,0.000000,0.000000,0.000000,0.525896,0.004185,0.003944
fixed,250,250,22,fsb,0.503585,0.256000,0.027602,0.248203,0.811166,0.000898,0.003955
fixed,250,250,22,fsb,-0.948323,0.000000,0.000000,0.012897,0.498669,0.000017,0.004027
fixed,250,250,22,fsb,-0.160764,0.000000,0.000000,0.018304,0.703205,0.006215,0.004264
fixed,250,250,22,fsb,0.062280,0.000000,0.000000,0.814331,0.962120,0.008411,0.004335
fixed,250,250,22,fsb,-0.187802,0.000000,0.000000,0.000000,0.632998,0.005623,0.004171
fixed,250,250,22,fsb,0.290129,0.000000,0.000000,0.206870,0.779038,0.004113,0.003400
fixed,250,250,22,fsb,-0.675694,0.000000,0.000000,0.000000,0.498998,-0.000073,0.002215
fixed,250,250,22,fsb,-0.027568,0.132000,0.021408,0.953263,0.990938,0.008366,0.004512
fixed,250,250,22,fsb,0.594035,0.000000,0.000000,0.267686,0.844173,0.000334,0.004000
fixed,250,250,22,fsb,0.255574,0.000000,0.000000,0.225454,0.789015,0.004879,0.003435
fixed,250,250,22,fsb,-0.185954,0.000000,0.000000,0.000000,0.637304,0.005664,0.004178
fixed,250,250,22,fsb,0.363237,0.000000,0.000000,0.192727,0.775782,0.002681,0.003533
fixed,250,250,22,fsb,-0.442748,0.368000,0.030501,0.000000,0.499808,0.000894,0.003484
fixed,250,250,22,fsb,-0.952617,0.000000,0.000000,0.021664,0.498627,0.000020,0.004109
fixed,250,250,22,fsb,-0.875273,0.000000,0.000000,0.000000,0.499336,-0.000023,0.002689
fixed,250,250,22,fsb,-0.013793,0.344000,0.030044,0.989101,0.997914,0.008463,0.004506
fixed,250,250,22,fsb,-0.079971,0.000000,0.000000,0.603967,0.916977,0.007742,0.004472
fixed,250,250,22,fsb,0.689449,0.000000,0.000000,0.187436,0.866300,0.000054,0.003745
fixed,250,250,22,fsb,0.791604,0.000000,0.000000,0.002684,0.853039,-0.000039,0.003076
fixed,250,250,22,fsb,0.416454,0.000000,0.000000,0.210100,0.784559,0.001854,0.003713
fixed,250,250,22,fsb,0.140241,0.000000,0.000000,0.461235,0.874244,0.007377,0.003955
fixed,250,250,22,fsb,-0.774021,0.000000,0.000000,0.000000,0.499929,-0.000061,0.001568
fixed,250,250,22,fsb,0.661938,0.540000,0.031521,0.225433,0.862608,0.000110,0.003855
fixed,250,250,22,fsb,-0.751047,0.000000,0.000000,0.000000,0.499706,-0.000067,0.001611
fixed,250,250,22,fsb,0.282070,0.000000,0.000000,0.208445,0.780820,0.004288,0.003401
fixed,250,250,22,fsb,-0.154710,0.000000,0.000000,0.041592,0.719989,0.006344,0.004283
fixed,250,250,22,fsb,0.983824,0.000000,0.000000,0.000000,0.765491,0.000088,0.002708
fixed,250,250,22,fsb,0.048666,0.000000,0.000000,0.875563,0.975130,0.008495,0.004383
fixed,250,250,22,fsb,0.522739,0.000000,0.000000,0.259666,0.818155,0.000747,0.003984
fixed,250,250,22,fsb,0.576293,0.000000,0.000000,0.269473,0.837971,0.000417,0.004011
fixed,250,250,22,fsb,0.004779,0.000000,0.000000,0.997316,0.999562,0.008544,0.004486
fixed,250,250,22,fsb,0.940484,0.000000,0.000000,0.000000,0.783676,0.000029,0.002378
fixed,250,250,22,fsb,0.248080,0.368000,0.030501,0.238838,0.792078,0.005049,0.003452
fixed,250,250,22,fsb,0.711931,0.000000,0.000000,0.152215,0.867110,0.000019,0.003632
fixed,250,250,22,fsb,0.257548,0.000000,0.000000,0.223435,0.788280,0.004834,0.003431
fixed,250,250,22,fsb,-0.786143,0.000000,0.000000,0.000000,0.499991,-0.000057,0.001597
fixed,250,250,22,fsb,-0.378749,0.000000,0.000000,0.003836,0.499975,0.001738,0.003605
fixed,250,250,22,fsb,-0.470242,0.332000,0.029784,0.000000,0.499539,0.000627,0.003421
fixed,250,250,22,fsb,-0.622953,0.116000,0.020253,0.059241,0.498493,-0.000039,0.002666
fixed,250,250,22,fsb,-0.825586,0.000000,0.000000,0.000000,0.499863,-0.000042,0.001931
fixed,250,250,22,fsb,0.419252,0.000000,0.000000,0.212163,0.785226,0.001816,0.003723
fixed,250,250,22,fsb,-0.353871,0.260000,0.027742,0.000000,0.499904,0.002147,0.003656
fixed,250,250,22,fsb,-0.113169,0.156000,0.022949,0.314303,0.836634,0.007176,0.004403
fixed,250,250,22,fsb,-0.366229,0.000000,0.000000,0.000000,0.499929,0.001939,0.003630
fixed,250,250,22,fsb,-0.743851,0.000000,0.000000,0.000000,0.499625,-0.000069,0.001647
fixed,250,250,22,fsb,0.401300,0.000000,0.000000,0.203213,0.781335,0.002070,0.003661
fixed,250,250,22,fsb,-0.570771,0.272000,0.028144,0.072866,0.498465,0.000065,0.003018
fixed,250,250,22,fsb,0.015692,0.000000,0.000000,0.981952,0.996732,0.008564,0.004468
fixed,250,250,22,fsb,0.032119,0.000000,0.000000,0.937749,0.988025,0.008554,0.004431
fixed,250,250,22,fsb,-0.845258,0.000000,0.000000,0.000000,0.499651,-0.000035,0.002202
fixed,250,250,22,fsb,0.026835,0.888000,0.019946,0.954531,0.991361,0.008562,0.004444
fixed,250,250,22,fsb,0.280991,0.000000,0.000000,0.208738,0.781084,0.004311,0.003402
fixed,250,250,22,fsb,0.574678,0.000000,0.000000,0.269891,0.837386,0.000425,0.004012
fixed,250,250,22,fsb,0.145709,0.000000,0.000000,0.439895,0.868376,0.007276,0.003925
fixed,250,250,22,fsb,0.344864,0.000000,0.000000,0.196096,0.774657,0.003011,0.003480
fixed,250,250,22,fsb,-0.696163,0.000000,0.000000,0.000000,0.499171,-0.000076,0.002026
fixed,250,250,22,fsb,-0.216188,0.000000,0.000000,0.000000,0.573390,0.004987,0.004070
fixed,250,250,22,fsb,0.415901,0.000000,0.000000,0.209810,0.784436,0.001862,0.003711
fixed,250,250,22,fsb,-0.292847,0.192000,0.024911,0.000000,0.504375,0.003313,0.003813
fixed,250,250,22,fsb,-0.764269,0.000000,0.000000,0.000000,0.499847,-0.000064,0.001572
fixed,250,250,22,fsb,-0.844939,0.000000,0.000000,0.000000,0.499655,-0.000035,0.002197
fixed,250,250,22,fsb,0.451519,0.000000,0.000000,0.224083,0.793897,0.001413,0.003827
fixed,250,250,22,fsb,-0.337796,0.000000,0.000000,0.000000,0.500001,0.002434,0.003692
fixed,250,250,22,fsb,-0.491363,0.000000,0.000000,0.001515,0.499295,0.000458,0.003362
fixed,250,250,22,fsb,-0.202027,0.200000,0.025298,0.000000,0.601105,0.005305,0.004121
fixed,250,250,22,fsb,0.393640,0.000000,0.000000,0.200808,0.779900,0.002185,0.003634
fixed,250,250,22,fsb,0.093108,0.000000,0.000000,0.661870,0.928023,0.008107,0.004204
fixed,250,250,22,fsb,0.928247,0.000000,0.000000,0.000000,0.789455,0.000016,0.002341
fixed,250,250,22,fsb,-0.798918,0.000000,0.000000,0.000000,0.500007,-0.000052,0.001667
fixed,250,250,22,A,-0.621315,0.000000,0.000000,0.917678,0.989733,0.001689,0.004069
fixed,250,250,22,A,-0.944667,0.000000,0.000000,0.819094,0.977102,0.001848,0.004151
fixed,250,250,22,A,-0.519246,0.000000,0.000000,0.942172,0.992692,0.003492,0.004811
fixed,250,250,22,A,0.122354,0.732000,0.028013,0.998608,0.999810,0.006430,0.003845
fixed,250,250,22,A,-0.736971,0.000000,0.000000,0.888836,0.985781,0.000674,0.003061
fixed,250,250,22,A,0.750483,0.000000,0.000000,0.899990,0.987530,0.002212,0.005397
fixed,250,250,22,A,0.569665,0.000000,0.000000,0.945454,0.993001,0.002098,0.004919
fixed,250,250,22,A,-0.537486,0.016000,0.007936,0.938447,0.992200,0.003125,0.004701
fixed,250,250,22,A,0.019993,0.000000,0.000000,0.999964,1.000010,0.008219,0.004387
fixed,250,250,22,A,0.744408,0.000000,0.000000,0.902426,0.987739,0.002201,0.005378
fixed,250,250,22,A,-0.775368,0.232000,0.026697,0.874759,0.984329,0.000630,0.002852
fixed,250,250,22,A,0.297421,0.000000,0.000000,0.986123,0.998293,0.003530,0.003652
fixed,250,250,22,A,-0.600951,0.000000,0.000000,0.922698,0.990363,0.001992,0.004241
fixed,250,250,22,A,-0.018035,0.000000,0.000000,0.999490,0.999955,0.008790,0.004585
fixed,250,250,22,A,-0.108644,0.000000,0.000000,0.996077,0.999541,0.009689,0.004986
fixed,250,250,22,A,0.888946,0.000000,0.000000,0.862193,0.982298,0.002576,0.006072
fixed,250,250,22,A,0.611626,0.252000,0.027459,0.935803,0.991869,0.002088,0.005033
fixed,250,250,22,A,-0.630228,0.092000,0.018280,0.916247,0.989451,0.001567,0.003992
fixed,250,250,22,A,0.129651,0.140000,0.021945,0.998276,0.999776,0.006296,0.003811
fixed,250,250,22,A,-0.915534,0.000000,0.000000,0.831219,0.978441,0.001525,0.003706
fixed,250,250,22,A,-0.734567,0.036000,0.011782,0.888970,0.985869,0.000682,0.003078
fixed,250,250,22,A,-0.179203,0.000000,0.000000,0.991512,0.998943,0.009672,0.005211
fixed,250,250,22,A,0.565114,0.000000,0.000000,0.946273,0.993118,0.002101,0.004905
fixed,250,250,22,A,0.193774,0.124000,0.020845,0.994754,0.999370,0.005130,0.003585
fixed,250,250,22,A,-0.875938,0.000000,0.000000,0.846232,0.980197,0.001139,0.003211
fixed,250,250,22,A,-0.371786,0.392000,0.030876,0.969025,0.996086,0.006725,0.005336
fixed,250,250,22,A,0.116231,0.000000,0.000000,0.998772,0.999837,0.006542,0.003875
fixed,250,250,22,A,0.674303,0.000000,0.000000,0.921915,0.990024,0.002115,0.005185
fixed,250,250,22,A,-0.631397,0.000000,0.000000,0.915994,0.989413,0.001551,0.003981
fixed,250,250,22,A,0.889515,0.000000,0.000000,0.862018,0.982275,0.002578,0.006076
fixed,250,250,22,A,-0.976238,0.000000,0.000000,0.808457,0.975607,0.002218,0.004686
fixed,250,250,22,A,-0.878610,0.064000,0.015480,0.845775,0.980081,0.001163,0.003239
fixed,250,250,22,A,0.398953,0.000000,0.000000,0.974125,0.996736,0.002583,0.004155
fixed,250,250,22,A,-0.725094,0.000000,0.000000,0.890557,0.986215,0.000718,0.003149
fixed,250,250,22,A,-0.712610,0.000000,0.000000,0.894581,0.986666,0.000780,0.003251
fixed,250,250,22,A,0.086560,0.000000,0.000000,0.999582,0.999938,0.007081,0.004027
fixed,250,250,22,A,-0.435971,0.000000,0.000000,0.958071,0.994738,0.005304,0.005183
fixed,250,250,22,A,0.745935,0.060000,0.015020,0.901554,0.987686,0.002204,0.005382
fixed,250,250,22,A,-0.676634,0.000000,0.000000,0.903444,0.987922,0.001044,0.003570
fixed,250,250,22,A,-0.617343,0.000000,0.000000,0.918486,0.989857,0.001745,0.004104
fixed,250,250,22,A,0.281072,0.000000,0.000000,0.987414,0.998497,0.003744,0.003602
fixed,250,250,22,A,0.606469,0.000000,0.000000,0.937290,0.992013,0.002088,0.005020
fixed,250,250,22,A,0.407705,0.048000,0.013520,0.974071,0.996579,0.002530,0.004205
fixed,250,250,22,A,-0.971085,0.088000,0.017917,0.810944,0.975854,0.002156,0.004596
fixed,250,250,22,A,0.985801,0.000000,0.000000,0.827548,0.978106,0.002945,0.006879
fixed,250,250,22,A,-0.639777,0.000000,0.000000,0.913961,0.989144,0.001443,0.003907
fixed,250,250,22,A,-0.783112,0.000000,0.000000,0.872608,0.984027,0.000638,0.002829
fixed,250,250,22,A,-0.700056,0.356000,0.030283,0.897430,0.987111,0.000857,0.003359
fixed,250,250,22,A,-0.308085,0.004000,0.003992,0.978572,0.997230,0.008014,0.005384
fixed,250,250,22,A,0.087350,0.000000,0.000000,0.999562,0.999936,0.007067,0.004022
fixed,250,250,22,A,-0.034661,0.000000,0.000000,0.999269,0.999909,0.009011,0.004667
fixed,250,250,22,A,-0.134118,0.000000,0.000000,0.994680,0.999353,0.009768,0.005076
fixed,250,250,22,A,-0.007219,0.000000,0.000000,0.999731,0.999978,0.008636,0.004530
fixed,250,250,22,A,-0.593551,0.016000,0.007936,0.925359,0.990587,0.002111,0.004300
fixed,250,250,22,A,-0.891603,0.000000,0.000000,0.840187,0.979511,0.001283,0.003388
fixed,250,250,22,A,0.933729,0.000000,0.000000,0.845728,0.980414,0.002738,0.006406
fixed,250,250,22,A,-0.431197,0.000000,0.000000,0.958940,0.994844,0.005411,0.005198
fixed,250,250,22,A,-0.497317,0.000000,0.000000,0.947008,0.993263,0.003952,0.004929
fixed,250,250,22,A,-0.444169,0.000000,0.000000,0.957426,0.994551,0.005121,0.005155
fixed,250,250,22,A,0.273002,0.000000,0.000000,0.988389,0.998594,0.003856,0.003582
fixed,250,250,22,A,0.565125,0.296000,0.028871,0.946273,0.993118,0.002101,0.004905
fixed,250,250,22,A,0.422195,0.308000,0.029198,0.969737,0.996309,0.002452,0.004285
fixed,250,250,22,A,-0.632258,0.024000,0.009680,0.915807,0.989386,0.001540,0.003974
fixed,250,250,22,A,-0.807770,0.000000,0.000000,0.865612,0.983050,0.000702,0.002809
fixed,250,250,22,A,-0.085189,0.000000,0.000000,0.997341,0.999687,0.009539,0.004893
fixed,250,250,22,A,-0.663986,0.000000,0.000000,0.908359,0.988348,0.001166,0.003686
fixed,250,250,22,A,-0.691012,0.000000,0.000000,0.900114,0.987427,0.000923,0.003439
fixed,250,250,22,A,-0.800140,0.000000,0.000000,0.866880,0.983355,0.000677,0.002806
fixed,250,250,22,A,0.315608,0.000000,0.000000,0.984142,0.998051,0.003311,0.003721
fixed,250,250,22,A,-0.001127,0.000000,0.000000,0.999786,0.999988,0.008546,0.004498
fixed,250,250,22,A,-0.734096,0.000000,0.000000,0.888996,0.985886,0.000684,0.003081
fixed,250,250,22,A,0.806051,0.384000,0.030760,0.882068,0.985538,0.002329,0.005611
fixed,250,250,22,A,-0.295819,0.000000,0.000000,0.979123,0.997427,0.008237,0.005382
fixed,250,250,22,A,0.704614,0.000000,0.000000,0.914493,0.989064,0.002145,0.005262
fixed,250,250,22,A,0.516974,0.000000,0.000000,0.953928,0.994303,0.002153,0.004739
fixed,250,250,22,A,-0.686796,0.000000,0.000000,0.901217,0.987573,0.000956,0.003477
fixed,250,250,22,A,0.111482,0.068000,0.015922,0.998778,0.999855,0.006629,0.003898
fixed,250,250,22,A,0.198268,0.332000,0.029784,0.994437,0.999334,0.005051,0.003576
fixed,250,250,22,A,-0.479815,0.000000,0.000000,0.949519,0.993702,0.004331,0.005013
fixed,250,250,22,A,0.691984,0.072000,0.016348,0.916901,0.989469,0.002131,0.005229
fixed,250,250,22,A,0.502852,0.112000,0.019946,0.955909,0.994629,0.002179,0.004682
fixed,250,250,22,A,0.961130,0.000000,0.000000,0.836995,0.979215,0.002845,0.006643
fixed,250,250,22,A,0.376963,0.272000,0.028144,0.976514,0.997116,0.002734,0.004031
fixed,250,250,22,A,-0.626908,0.000000,0.000000,0.916877,0.989556,0.001611,0.004021
fixed,250,250,22,A,0.034215,0.176000,0.024085,0.999982,1.000013,0.007988,0.004310
fixed,250,250,22,A,-0.661785,0.000000,0.000000,0.909020,0.988422,0.001189,0.003706
fixed,250,250,22,A,-0.487933,0.000000,0.000000,0.949660,0.993500,0.004154,0.004975
fixed,250,250,22,A,-0.047059,0.000000,0.000000,0.998937,0.999866,0.009163,0.004726
fixed,250,250,22,A,0.317476,0.000000,0.000000,0.983949,0.998025,0.003290,0.003729
fixed,250,250,22,A,0.467520,0.000000,0.000000,0.963598,0.995404,0.002268,0.004522
fixed,250,250,22,A,0.472293,0.000000,0.000000,0.962757,0.995302,0.002254,0.004545
fixed,250,250,22,A,0.079821,0.000000,0.000000,0.999649,0.999955,0.007202,0.004062
fixed,250,250,22,A,-0.927649,0.052000,0.014042,0.827830,0.977889,0.001656,0.003884
fixed,250,250,22,A,0.238132,0.000000,0.000000,0.991728,0.998973,0.004381,0.003540
fixed,250,250,22,A,-0.452524,0.180000,0.024298,0.955672,0.994357,0.004934,0.005125
fixed,250,250,22,A,-0.709199,0.000000,0.000000,0.895561,0.986788,0.000799,0.003279
fixed,250,250,22,A,0.113341,0.000000,0.000000,0.998783,0.999848,0.006595,0.003889
fixed,250,250,22,A,0.446523,0.216000,0.026026,0.965219,0.995836,0.002343,0.004416
fixed,250,250,22,A,-0.482011,0.284000,0.028520,0.949600,0.993647,0.004283,0.005003
fixed,250,250,22,A,-0.308571,0.000000,0.000000,0.978510,0.997222,0.008005,0.005384
fixed,250,250,22,A,0.823144,0.000000,0.000000,0.880149,0.984896,0.002374,0.005691
fixed,250,250,22,A,0.020289,0.000000,0.000000,0.999966,1.000010,0.008214,0.004385
fixed,250,250,22,A,-0.907500,0.340000,0.029960,0.832697,0.978803,0.001441,0.003594
fixed,250,250,22,A,-0.067300,0.000000,0.000000,0.997888,0.999779,0.009381,0.004817
fixed,250,250,22,A,-0.991083,0.584000,0.031173,0.806307,0.974888,0.002395,0.004952
fixed,250,250,22,A,-0.783651,0.000000,0.000000,0.872629,0.984006,0.000639,0.002828
fixed,250,250,22,A,0.411131,0.000000,0.000000,0.972438,0.996515,0.002511,0.004224
fixed,250,250,22,A,0.109397,0.000000,0.000000,0.998772,0.999863,0.006667,0.003909
fixed,250,250,22,A,0.180380,0.000000,0.000000,0.995745,0.999471,0.005369,0.003619
fixed,250,250,22,A,-0.914388,0.000000,0.000000,0.831345,0.978493,0.001513,0.003689
fixed,250,250,22,A,-0.076679,0.000000,0.000000,0.997739,0.999732,0.009469,0.004858
fixed,250,250,22,A,-0.613678,0.020000,0.008854,0.920182,0.989971,0.001799,0.004135
fixed,250,250,22,A,-0.176680,0.224000,0.026368,0.991738,0.998969,0.009685,0.005204
fixed,250,250,22,A,-0.558334,0.000000,0.000000,0.933270,0.991618,0.002725,0.004563
fixed,250,250,22,A,0.565945,0.036000,0.011782,0.946272,0.993097,0.002100,0.004908
fixed,250,250,22,A,-0.585550,0.000000,0.000000,0.929174,0.990826,0.002243,0.004363
fixed,250,250,22,A,0.506403,0.000000,0.000000,0.955319,0.994548,0.002172,0.004697
fixed,250,250,22,A,0.014293,0.000000,0.000000,0.999921,1.000006,0.008309,0.004417
fixed,250,250,22,A,0.048299,0.000000,0.000000,0.999915,1.000005,0.007752,0.004233
fixed,250,250,22,A,0.223621,0.000000,0.000000,0.993030,0.999113,0.004618,0.003543
fixed,250,250,22,A,0.864574,0.000000,0.000000,0.868739,0.983284,0.002496,0.005916
fixed,250,250,22,A,-0.764321,0.000000,0.000000,0.880418,0.984753,0.000628,0.002897
fixed,250,250,22,A,-0.592394,0.000000,0.000000,0.926062,0.990621,0.002129,0.004310
fixed,250,250,22,A,0.453196,0.000000,0.000000,0.964811,0.995700,0.002317,0.004451
fixed,250,250,22,A,-0.279800,0.000000,0.000000,0.981665,0.997674,0.008512,0.005375
fixed,250,250,22,A,-0.765465,0.000000,0.000000,0.880072,0.984710,0.000627,0.002892
fixed,250,250,22,A,-0.717004,0.000000,0.000000,0.893317,0.986508,0.000756,0.003214
fixed,250,250,22,A,-0.278099,0.000000,0.000000,0.981872,0.997700,0.008540,0.005374
fixed,250,250,22,A,-0.652557,0.000000,0.000000,0.910589,0.988727,0.001290,0.003791
fixed,250,250,22,A,0.562685,0.000000,0.000000,0.946275,0.993181,0.002102,0.004898
fixed,250,250,22,A,-0.615410,0.000000,0.000000,0.919380,0.989917,0.001773,0.004120
fixed,250,250,22,A,-0.814689,0.096000,0.018632,0.863929,0.982770,0.000730,0.002819
fixed,250,250,22,A,0.208385,0.000000,0.000000,0.993602,0.999250,0.004875,0.003559
fixed,250,250,22,A,-0.280286,0.000000,0.000000,0.981606,0.997667,0.008504,0.005376
fixed,250,250,22,A,-0.363337,0.000000,0.000000,0.971019,0.996249,0.006906,0.005348
fixed,250,250,22,A,0.972935,0.000000,0.000000,0.831942,0.978688,0.002893,0.006754
fixed,250,250,22,A,0.902898,0.000000,0.000000,0.857585,0.981721,0.002625,0.006169
fixed,250,250,22,A,-0.399607,0.000000,0.000000,0.964149,0.995526,0.006117,0.005283
fixed,250,250,22,A,0.804540,0.000000,0.000000,0.883055,0.985594,0.002326,0.005604
fixed,250,250,22,A,0.958839,0.000000,0.000000,0.837964,0.979317,0.002836,0.006623
fixed,250,250,22,A,0.130344,0.000000,0.000000,0.998234,0.999773,0.006283,0.003808
fixed,250,250,22,A,0.796784,0.000000,0.000000,0.887351,0.985880,0.002307,0.005571
fixed,250,250,22,A,0.604703,0.000000,0.000000,0.937820,0.992062,0.002088,0.005016
fixed,250,250,22,A,0.863790,0.000000,0.000000,0.869069,0.983315,0.002493,0.005912
fixed,250,250,22,A,-0.769185,0.148000,0.022458,0.878826,0.984568,0.000627,0.002876
fixed,250,250,22,A,-0.679909,0.000000,0.000000,0.902416,0.987810,0.001014,0.003540
fixed,250,250,22,A,-0.724453,0.000000,0.000000,0.890784,0.986239,0.000721,0.003154
fixed,250,250,22,A,-0.816714,0.000000,0.000000,0.863401,0.982688,0.000739,0.002823
fixed,250,250,22,A,-0.145455,0.000000,0.000000,0.994151,0.999259,0.009773,0.005113
fixed,250,250,22,A,0.643125,0.000000,0.000000,0.927450,0.990965,0.002096,0.005110
fixed,250,250,22,A,-0.524629,0.000000,0.000000,0.940003,0.992548,0.003382,0.004779
fixed,250,250,22,A,0.558982,0.000000,0.000000,0.946279,0.993276,0.002105,0.004886
fixed,250,250,22,A,-0.278257,0.000000,0.000000,0.981852,0.997698,0.008537,0.005374
fixed,250,250,22,A,0.785674,0.224000,0.026368,0.891904,0.986285,0.002282,0.005525
fixed,250,250,22,A,-0.078848,0.000000,0.000000,0.997638,0.999721,0.009487,0.004867
fixed,250,250,22,A,0.274208,0.000000,0.000000,0.988286,0.998580,0.003839,0.003585
fixed,250,250,22,A,0.018748,0.372000,0.030569,0.999956,1.000009,0.008239,0.004394
fixed,250,250,22,A,0.518760,0.000000,0.000000,0.953838,0.994261,0.002150,0.004746
fixed,250,250,22,A,-0.540064,0.000000,0.000000,0.938133,0.992129,0.003074,0.004685
fixed,250,250,22,A,0.833789,0.000000,0.000000,0.878376,0.984490,0.002403,0.005744
fixed,250,250,22,A,-0.477270,0.000000,0.000000,0.949466,0.993765,0.004386,0.005024
fixed,250,250,22,A,0.211245,0.632000,0.030501,0.993423,0.999225,0.004826,0.003555
fixed,250,250,22,A,0.380795,0.000000,0.000000,0.976228,0.997051,0.002706,0.004053
fixed,250,250,22,A,0.036202,0.000000,0.000000,0.999972,1.000012,0.007955,0.004299
fixed,250,250,22,A,0.538217,0.000000,0.000000,0.950332,0.993794,0.002124,0.004818
fixed,250,250,22,A,0.141451,0.000000,0.000000,0.997818,0.999716,0.006079,0.003759
fixed,250,250,22,A,-0.760233,0.000000,0.000000,0.881655,0.984910,0.000630,0.002917
fixed,250,250,22,A,0.750816,0.000000,0.000000,0.899997,0.987518,0.002212,0.005398
fixed,250,250,22,A,-0.979271,0.000000,0.000000,0.806993,0.975461,0.002254,0.004740
fixed,250,250,22,A,-0.852210,0.000000,0.000000,0.854178,0.981215,0.000949,0.002997
fixed,250,250,22,A,-0.198220,0.000000,0.000000,0.989889,0.998741,0.009544,0.005257
fixed,250,250,22,A,0.664791,0.024000,0.009680,0.923200,0.990316,0.002108,0.005162
fixed,250,250,22,A,0.347581,0.316000,0.029404,0.980304,0.997586,0.002980,0.003872
fixed,250,250,22,A,0.166320,0.000000,0.000000,0.996515,0.999569,0.005623,0.003663
fixed,250,250,22,A,0.957264,0.000000,0.000000,0.838528,0.979386,0.002830,0.006608
fixed,250,250,22,A,-0.972180,0.000000,0.000000,0.810415,0.975802,0.002169,0.004615
fixed,250,250,22,A,0.093176,0.000000,0.000000,0.999417,0.999919,0.006962,0.003992
fixed,250,250,22,A,0.555661,0.000000,0.000000,0.946687,0.993360,0.002107,0.004876
fixed,250,250,22,A,-0.262355,0.000000,0.000000,0.982682,0.997929,0.008788,0.005361
fixed,250,250,22,A,0.083801,0.000000,0.000000,0.999621,0.999945,0.007131,0.004041
fixed,250,250,22,A,-0.247102,0.000000,0.000000,0.985958,0.998141,0.009007,0.005344
fixed,250,250,22,A,-0.325601,0.256000,0.027602,0.974735,0.996935,0.007679,0.005380
fixed,250,250,22,A,-0.562636,0.000000,0.000000,0.932559,0.991495,0.002646,0.004533
fixed,250,250,22,A,0.421095,0.000000,0.000000,0.969708,0.996330,0.002458,0.004279
fixed,250,250,22,A,0.289666,0.000000,0.000000,0.986492,0.998392,0.003629,0.003626
fixed,250,250,22,A,-0.473532,0.000000,0.000000,0.950623,0.993856,0.004468,0.005040
fixed,250,250,22,A,-0.031903,0.000000,0.000000,0.999263,0.999917,0.008976,0.004653
fixed,250,250,22,A,0.974891,0.000000,0.000000,0.831335,0.978600,0.002900,0.006772
fixed,250,250,22,A,0.860454,0.132000,0.021408,0.870473,0.983448,0.002483,0.005892
fixed,250,250,22,A,-0.483386,0.000000,0.000000,0.949651,0.993613,0.004253,0.004996
fixed,250,250,22,A,-0.111385,0.000000,0.000000,0.995995,0.999522,0.009702,0.004996
fixed,250,250,22,A,0.831068,0.000000,0.000000,0.879345,0.984594,0.002395,0.005731
fixed,250,250,22,A,-0.901291,0.000000,0.000000,0.835174,0.979081,0.001378,0.003511
fixed,250,250,22,A,0.689348,0.368000,0.030501,0.917250,0.989553,0.002128,0.005222
fixed,250,250,22,A,0.812919,0.000000,0.000000,0.880156,0.985282,0.002347,0.005642
fixed,250,250,22,A,-0.739367,0.000000,0.000000,0.888545,0.985692,0.000667,0.003044
fixed,250,250,22,A,0.985030,0.344000,0.030044,0.827840,0.978141,0.002942,0.006872
fixed,250,250,22,A,-0.011457,0.000000,0.000000,0.999655,0.999969,0.008697,0.004552
fixed,250,250,22,A,0.022292,0.000000,0.000000,0.999980,1.000011,0.008182,0.004375
fixed,250,250,22,A,0.095738,0.000000,0.000000,0.999344,0.999911,0.006916,0.003978
fixed,250,250,22,A,-0.839913,0.000000,0.000000,0.856304,0.981732,0.000865,0.002916
fixed,250,250,22,A,0.141327,0.000000,0.000000,0.997820,0.999717,0.006081,0.003760
fixed,250,250,22,A,-0.542676,0.000000,0.000000,0.937795,0.992057,0.003023,0.004668
fixed,250,250,22,A,0.969893,0.540000,0.031521,0.832887,0.978825,0.002880,0.006725
fixed,250,250,22,A,-0.503924,0.000000,0.000000,0.943860,0.993093,0.003812,0.004895
fixed,250,250,22,A,0.534648,0.000000,0.000000,0.951448,0.993881,0.002128,0.004805
fixed,250,250,22,A,-0.246172,0.000000,0.000000,0.986165,0.998153,0.009020,0.005343
fixed,250,250,22,A,0.120790,0.000000,0.000000,0.998650,0.999817,0.006459,0.003853
fixed,250,250,22,A,-0.185787,0.000000,0.000000,0.990923,0.998875,0.009633,0.005227
fixed,250,250,22,A,-0.069435,0.000000,0.000000,0.997865,0.999769,0.009402,0.004827
fixed,250,250,22,A,0.659750,0.000000,0.000000,0.923712,0.990469,0.002105,0.005150
fixed,250,250,22,A,0.276395,0.000000,0.000000,0.988098,0.998554,0.003808,0.003590
fixed,250,250,22,A,-0.005115,0.000000,0.000000,0.999768,0.999982,0.008605,0.004519
fixed,250,250,22,A,-0.067647,0.368000,0.030501,0.997885,0.999777,0.009385,0.004819
fixed,250,250,22,A,0.257044,0.000000,0.000000,0.990023,0.998775,0.004088,0.003554
fixed,250,250,22,A,0.086994,0.000000,0.000000,0.999571,0.999937,0.007073,0.004024
fixed,250,250,22,A,0.120047,0.000000,0.000000,0.998670,0.999820,0.006472,0.003856
fixed,250,250,22,A,0.636922,0.000000,0.000000,0.928484,0.991147,0.002093,0.005095
fixed,250,250,22,A,-0.527033,0.332000,0.029784,0.939034,0.992484,0.003334,0.004765
fixed,250,250,22,A,0.796473,0.116000,0.020253,0.887445,0.985892,0.002306,0.005570
fixed,250,250,22,A,0.863368,0.000000,0.000000,0.869247,0.983332,0.002492,0.005909
fixed,250,250,22,A,0.223659,0.000000,0.000000,0.993030,0.999113,0.004617,0.003543
fixed,250,250,22,A,-0.718800,0.260000,0.027742,0.892787,0.986444,0.000747,0.003199
fixed,250,250,22,A,-0.410651,0.156000,0.022949,0.961852,0.995293,0.005871,0.005256
fixed,250,250,22,A,-0.816275,0.000000,0.000000,0.863515,0.982705,0.000737,0.002822
fixed,250,250,22,A,0.963155,0.000000,0.000000,0.836044,0.979125,0.002853,0.006662
fixed,250,250,22,A,0.870920,0.000000,0.000000,0.866475,0.983030,0.002516,0.005955
fixed,250,250,22,A,0.663696,0.272000,0.028144,0.923311,0.990349,0.002107,0.005159
fixed,250,250,22,A,-0.119055,0.000000,0.000000,0.995683,0.999468,0.009733,0.005024
fixed,250,250,22,A,-0.559141,0.000000,0.000000,0.933137,0.991595,0.002710,0.004558
fixed,250,250,22,A,0.993421,0.000000,0.000000,0.824813,0.977758,0.002977,0.006956
fixed,250,250,22,A,-0.143061,0.888000,0.019946,0.994251,0.999279,0.009773,0.005106
fixed,250,250,22,A,-0.734650,0.000000,0.000000,0.888965,0.985866,0.000682,0.003077
fixed,250,250,22,A,0.615531,0.000000,0.000000,0.934696,0.991760,0.002088,0.005043
fixed,250,250,22,A,0.697865,0.000000,0.000000,0.916123,0.989282,0.002137,0.005244
fixed,250,250,22,A,0.146653,0.000000,0.000000,0.997637,0.999688,0.005983,0.003737
fixed,250,250,22,A,-0.604950,0.000000,0.000000,0.922750,0.990241,0.001930,0.004208
fixed,250,250,22,A,0.229675,0.000000,0.000000,0.992580,0.999056,0.004518,0.003540
fixed,250,250,22,A,0.711746,0.000000,0.000000,0.912483,0.988832,0.002153,0.005281
fixed,250,250,22,A,-0.027119,0.192000,0.024911,0.999254,0.999931,0.008913,0.004630
fixed,250,250,22,A,-0.041997,0.000000,0.000000,0.999107,0.999884,0.009103,0.004702
fixed,250,250,22,A,-0.348268,0.000000,0.000000,0.972714,0.996531,0.007222,0.005365
fixed,250,250,22,A,-0.054741,0.000000,0.000000,0.998547,0.999835,0.009250,0.004761
fixed,250,250,22,A,0.035551,0.000000,0.000000,0.999977,1.000013,0.007966,0.004303
fixed,250,250,22,A,0.859609,0.000000,0.000000,0.870829,0.983482,0.002480,0.005887
fixed,250,250,22,A,0.155409,0.200000,0.025298,0.996565,0.999637,0.005822,0.003703
fixed,250,250,22,A,-0.682919,0.000000,0.000000,0.901892,0.987706,0.000988,0.003512
fixed,250,250,22,A,-0.865110,0.000000,0.000000,0.848700,0.980665,0.001048,0.003104
fixed,250,250,22,A,-0.619707,0.000000,0.000000,0.917908,0.989783,0.001712,0.004083
fixed,250,250,22,A,-0.718475,0.000000,0.000000,0.892894,0.986456,0.000749,0.003202
adaptive,250,250,22,fcl,-0.397983,0.008039,0.003580,0.011754,0.257200,-0.017678,0.030605
adaptive,250,250,22,fcl,-0.959838,0.000000,0.000000,0.000000,0.264125,-0.001301,0.024523
adaptive,250,250,22,fcl,-0.759149,0.019608,0.019415,0.000000,0.431164,-0.006925,0.039844
adaptive,250,250,22,fcl,0.066993,0.830455,0.010513,0.932839,0.975099,0.791320,0.028447
adaptive,250,250,22,fcl,0.829468,0.000000,0.000000,0.000000,0.518094,-0.000152,0.059538
adaptive,250,250,22,fcl,0.376374,0.000000,0.000000,0.000000,0.714343,-0.016617,0.050906
adaptive,250,250,22,fcl,0.757763,0.000000,0.000000,0.000000,0.498023,0.000429,0.061407
adaptive,250,250,22,fcl,-0.690724,0.019608,0.019415,0.000000,0.496503,-0.013387,0.051835
adaptive,250,250,22,fcl,0.088499,0.000000,0.000000,0.884697,0.960350,0.765478,0.031508
adaptive,250,250,22,fcl,0.077407,0.000000,0.000000,0.910282,0.968198,0.782224,0.029334
adaptive,250,250,22,fcl,-0.637452,0.338951,0.014484,0.000000,0.505209,-0.012001,0.046191
adaptive,250,250,22,fcl,0.816603,0.019608,0.019415,0.000000,0.511480,0.000011,0.060231
adaptive,250,250,22,fcl,0.033947,0.000000,0.000000,0.981285,0.992604,0.776119,0.034606
adaptive,250,250,22,fcl,0.970640,0.000000,0.000000,0.000000,0.599729,0.001816,0.042276
adaptive,250,250,22,fcl,-0.271624,0.000000,0.000000,0.377016,0.410575,0.157256,0.043665
adaptive,250,250,22,fcl,-0.870323,0.000000,0.000000,0.000000,0.359747,-0.001004,0.029263
adaptive,250,250,22,fcl,-0.162136,0.374625,0.013262,0.605775,0.765986,0.318135,0.052316
adaptive,250,250,22,fcl,-0.623300,0.000000,0.000000,0.000000,0.500432,-0.010882,0.043446
adaptive,250,250,22,fcl,0.035736,0.119850,0.009938,0.979437,0.991903,0.778507,0.034028
adaptive,250,250,22,fcl,-0.023602,0.000000,0.000000,0.989434,0.995892,0.643684,0.051952
adaptive,250,250,22,fcl,0.673288,0.000000,0.000000,0.000000,0.526898,-0.000432,0.051903
adaptive,250,250,22,fcl,0.582651,0.000000,0.000000,0.000000,0.581859,-0.000782,0.030274
adaptive,250,250,22,fcl,0.282694,0.000000,0.000000,0.007937,0.798485,0.092114,0.048119
adaptive,250,250,22,fcl,-0.358385,0.000000,0.000000,0.181307,0.230959,0.014186,0.020739
adaptive,250,250,22,fcl,0.758775,0.000000,0.000000,0.000000,0.497935,0.000429,0.061427
adaptive,250,250,22,fcl,0.211501,0.354641,0.014157,0.387819,0.861218,0.333042,0.046329
adaptive,250,250,22,fcl,0.851719,0.000000,0.000000,0.000000,0.531466,-0.000436,0.057965
adaptive,250,250,22,fcl,0.816323,0.000000,0.000000,0.000000,0.511351,0.000014,0.060245
adaptive,250,250,22,fcl,-0.082645,0.000000,0.000000,0.876713,0.942873,0.479968,0.057092
adaptive,250,250,22,fcl,-0.791313,0.000000,0.000000,0.000000,0.402396,-0.003207,0.025441
adaptive,250,250,22,fcl,-0.954028,0.000000,0.000000,0.000000,0.270997,-0.001492,0.025855
adaptive,250,250,22,fcl,-0.310534,0.097331,0.008304,0.317882,0.298097,0.091569,0.032786
adaptive,250,250,22,fcl,0.721928,0.000000,0.000000,0.000000,0.505209,0.000241,0.059305
adaptive,250,250,22,fcl,0.347196,0.000000,0.000000,0.000000,0.739625,-0.005383,0.052139
adaptive,250,250,22,fcl,0.999451,0.000000,0.000000,0.000000,0.607871,0.004697,0.046551
adaptive,250,250,22,fcl,0.968844,0.000000,0.000000,0.000000,0.599070,0.001674,0.042223
adaptive,250,250,22,fcl,0.441740,0.000000,0.000000,0.000000,0.665503,-0.010211,0.039433
adaptive,250,250,22,fcl,0.134967,0.000000,0.000000,0.743372,0.924358,0.635689,0.042953
adaptive,250,250,22,fcl,-0.957699,0.000000,0.000000,0.000000,0.266655,-0.001376,0.025015
adaptive,250,250,22,fcl,-0.365881,0.000000,0.000000,0.155306,0.232772,0.005494,0.021478
adaptive,250,250,22,fcl,0.708649,0.000000,0.000000,0.000000,0.510014,0.000087,0.057782
adaptive,250,250,22,fcl,0.600070,0.000000,0.000000,0.000000,0.570950,-0.000899,0.034872
adaptive,250,250,22,fcl,0.294155,0.031785,0.008674,0.000000,0.788007,0.065741,0.049123
adaptive,250,250,22,fcl,-0.005634,0.031856,0.006536,0.999059,0.999758,0.692911,0.047563
adaptive,250,250,22,fcl,-0.163640,0.000000,0.000000,0.600584,0.761663,0.315708,0.052254
adaptive,250,250,22,fcl,-0.332797,0.000000,0.000000,0.266567,0.250899,0.052522,0.025260
adaptive,250,250,22,fcl,0.548972,0.000000,0.000000,0.000000,0.602359,-0.000578,0.019517
adaptive,250,250,22,fcl,-0.319988,0.280781,0.012313,0.296344,0.275687,0.074783,0.029565
adaptive,250,250,22,fcl,0.755506,0.078778,0.010802,0.000000,0.498220,0.000428,0.061355
adaptive,250,250,22,fcl,-0.883452,0.000000,0.000000,0.000000,0.348328,-0.001314,0.031594
adaptive,250,250,22,fcl,-0.872232,0.000000,0.000000,0.000000,0.358133,-0.001048,0.029684
adaptive,250,250,22,fcl,-0.343675,0.019608,0.019415,0.234675,0.237026,0.034849,0.022261
adaptive,250,250,22,fcl,0.227200,0.000000,0.000000,0.303365,0.847804,0.271521,0.045949
adaptive,250,250,22,fcl,0.664564,0.000000,0.000000,0.000000,0.531688,-0.000559,0.050121
adaptive,250,250,22,fcl,-0.688695,0.000000,0.000000,0.000000,0.497714,-0.013452,0.051820
adaptive,250,250,22,fcl,-0.459467,0.000000,0.000000,0.000000,0.326941,-0.022773,0.040861
adaptive,250,250,22,fcl,0.444749,0.000000,0.000000,0.000000,0.663533,-0.009606,0.038654
adaptive,250,250,22,fcl,0.861472,0.000000,0.000000,0.000000,0.537763,-0.000548,0.057071
adaptive,250,250,22,fcl,0.361402,0.000000,0.000000,0.000000,0.727134,-0.012681,0.051856
adaptive,250,250,22,fcl,-0.127414,0.000000,0.000000,0.726780,0.857289,0.379591,0.054506
adaptive,250,250,22,fcl,-0.311802,0.251875,0.010852,0.314950,0.294941,0.089317,0.032360
adaptive,250,250,22,fcl,0.179832,0.222992,0.015491,0.548724,0.887718,0.461836,0.046953
adaptive,250,250,22,fcl,-0.413507,0.005714,0.005698,0.000000,0.273212,-0.022416,0.034814
adaptive,250,250,22,fcl,-0.161439,0.000000,0.000000,0.608179,0.767988,0.319264,0.052346
adaptive,250,250,22,fcl,0.319397,0.000000,0.000000,0.000000,0.764828,0.022073,0.051157
adaptive,250,250,22,fcl,0.897016,0.000000,0.000000,0.000000,0.561162,-0.000747,0.052339
adaptive,250,250,22,fcl,0.898622,0.000000,0.000000,0.000000,0.562203,-0.000744,0.052068
adaptive,250,250,22,fcl,-0.125768,0.019608,0.019415,0.732846,0.861234,0.382819,0.054633
adaptive,250,250,22,fcl,-0.486399,0.000000,0.000000,0.000000,0.360991,-0.018570,0.041167
adaptive,250,250,22,fcl,-0.822769,0.000000,0.000000,0.000000,0.388811,-0.000962,0.015084
adaptive,250,250,22,fcl,0.629075,0.000000,0.000000,0.000000,0.552768,-0.000909,0.042052
adaptive,250,250,22,fcl,-0.103238,0.321821,0.013089,0.812530,0.908351,0.430481,0.056252
adaptive,250,250,22,fcl,-0.261284,0.019608,0.019415,0.390526,0.443833,0.173180,0.045724
adaptive,250,250,22,fcl,0.149973,0.000000,0.000000,0.682904,0.912209,0.580453,0.045219
adaptive,250,250,22,fcl,-0.570082,0.000000,0.000000,0.000000,0.461359,-0.008350,0.036273
adaptive,250,250,22,fcl,-0.352988,0.000000,0.000000,0.201215,0.231804,0.021247,0.020854
adaptive,250,250,22,fcl,0.281692,0.099723,0.011151,0.010064,0.799398,0.094615,0.048034
adaptive,250,250,22,fcl,-0.336287,0.239675,0.011108,0.258058,0.244994,0.046687,0.024191
adaptive,250,250,22,fcl,0.694031,0.000000,0.000000,0.000000,0.516438,-0.000117,0.055649
adaptive,250,250,22,fcl,-0.688162,0.098846,0.008017,0.000000,0.497991,-0.013468,0.051812
adaptive,250,250,22,fcl,0.004724,0.154440,0.015878,0.999474,0.999789,0.719050,0.044466
adaptive,250,250,22,fcl,-0.762833,0.000000,0.000000,0.000000,0.427066,-0.006468,0.038444
adaptive,250,250,22,fcl,-0.045862,0.337010,0.016547,0.961740,0.983721,0.580084,0.055490
adaptive,250,250,22,fcl,0.425870,0.019608,0.019415,0.000000,0.676230,-0.013387,0.043194
adaptive,250,250,22,fcl,-0.500596,0.140502,0.009736,0.000000,0.379188,-0.016063,0.040665
adaptive,250,250,22,fcl,0.174896,0.019608,0.019415,0.570543,0.891796,0.481906,0.046883
adaptive,250,250,22,fcl,0.161938,0.000000,0.000000,0.634400,0.902441,0.533901,0.046321
adaptive,250,250,22,fcl,0.365418,0.000000,0.000000,0.000000,0.723651,-0.014077,0.051668
adaptive,250,250,22,fcl,-0.955092,0.000000,0.000000,0.000000,0.269739,-0.001460,0.025613
adaptive,250,250,22,fcl,0.705157,0.019608,0.019415,0.000000,0.511499,0.000041,0.057315
adaptive,250,250,22,fcl,-0.980292,0.000000,0.000000,0.000000,0.240499,-0.000274,0.020581
adaptive,250,250,22,fcl,0.447242,0.000000,0.000000,0.000000,0.661901,-0.009112,0.037993
adaptive,250,250,22,fcl,0.003206,0.039216,0.006795,0.999442,0.999797,0.715360,0.044942
adaptive,250,250,22,fcl,0.180431,0.019608,0.019415,0.546191,0.887222,0.459392,0.046956
adaptive,250,250,22,fcl,-0.689193,0.162480,0.010335,0.000000,0.497417,-0.013437,0.051825
adaptive,250,250,22,fcl,-0.581667,0.000000,0.000000,0.000000,0.472331,-0.008378,0.036829
adaptive,250,250,22,fcl,-0.805471,0.000000,0.000000,0.000000,0.395837,-0.001957,0.018768
adaptive,250,250,22,fcl,-0.719954,0.225480,0.013288,0.000000,0.474369,-0.011438,0.049848
adaptive,250,250,22,fcl,-0.279361,0.256757,0.011969,0.368927,0.386362,0.144908,0.041886
adaptive,250,250,22,fcl,0.952376,0.000000,0.000000,0.000000,0.592264,0.000589,0.042900
adaptive,250,250,22,fcl,-0.494767,0.000000,0.000000,0.000000,0.371721,-0.017092,0.040923
adaptive,250,250,22,fcl,0.843004,0.000000,0.000000,0.000000,0.526040,-0.000328,0.058648
adaptive,250,250,22,fcl,-0.049149,0.324869,0.013858,0.955641,0.980982,0.570729,0.055836
adaptive,250,250,22,fcl,-0.983562,0.000000,0.000000,0.000000,0.236897,-0.000054,0.020287
adaptive,250,250,22,fcl,0.051907,0.608500,0.012385,0.957915,0.984019,0.792411,0.029773
adaptive,250,250,22,fcl,0.237071,0.019608,0.019415,0.242961,0.839246,0.234546,0.045885
adaptive,250,250,22,fcl,0.246497,0.000000,0.000000,0.189805,0.830986,0.200892,0.046006
adaptive,250,250,22,fcl,-0.813754,0.000000,0.000000,0.000000,0.392522,-0.001400,0.015979
adaptive,250,250,22,fcl,0.503539,0.000000,0.000000,0.000000,0.628516,-0.001600,0.018419
adaptive,250,250,22,fcl,0.969768,0.000000,0.000000,0.000000,0.599431,0.001746,0.042247
adaptive,250,250,22,fcl,0.228074,0.006803,0.004794,0.297974,0.847047,0.268185,0.045936
adaptive,250,250,22,fcl,-0.825202,0.000000,0.000000,0.000000,0.387750,-0.000876,0.015298
adaptive,250,250,22,fcl,-0.099030,0.209917,0.011708,0.825929,0.916045,0.440135,0.056494
adaptive,250,250,22,fcl,0.231862,0.000000,0.000000,0.274609,0.843766,0.253860,0.045897
adaptive,250,250,22,fcl,0.638317,0.000000,0.000000,0.000000,0.547084,-0.000852,0.044248
adaptive,250,250,22,fcl,0.568641,0.019608,0.019415,0.000000,0.590512,-0.000670,0.026202
adaptive,250,250,22,fcl,0.235352,0.000000,0.000000,0.253086,0.840744,0.240869,0.045883
adaptive,250,250,22,fcl,-0.419704,0.000000,0.000000,0.000000,0.279964,-0.023462,0.036180
adaptive,250,250,22,fcl,0.894701,0.000000,0.000000,0.000000,0.559660,-0.000749,0.052723
adaptive,250,250,22,fcl,0.789360,0.038674,0.006409,0.000000,0.501238,0.000295,0.061263
adaptive,250,250,22,fcl,-0.726549,0.000000,0.000000,0.000000,0.467864,-0.010780,0.048783
adaptive,250,250,22,fcl,0.602404,0.000000,0.000000,0.000000,0.569479,-0.000910,0.035467
adaptive,250,250,22,fcl,-0.920224,0.000000,0.000000,0.000000,0.310435,-0.001885,0.031785
adaptive,250,250,22,fcl,-0.162932,0.000000,0.000000,0.603027,0.763697,0.316848,0.052283
adaptive,250,250,22,fcl,-0.919244,0.000000,0.000000,0.000000,0.311540,-0.001880,0.031884
adaptive,250,250,22,fcl,-0.152239,0.000000,0.000000,0.639480,0.793912,0.334516,0.052801
adaptive,250,250,22,fcl,0.450122,0.000000,0.000000,0.000000,0.660087,-0.008549,0.037210
adaptive,250,250,22,fcl,0.948173,0.000000,0.000000,0.000000,0.590336,0.000372,0.043365
adaptive,250,250,22,fcl,0.366518,0.000000,0.000000,0.000000,0.722697,-0.014413,0.051608
adaptive,250,250,22,fcl,0.644476,0.000000,0.000000,0.000000,0.543373,-0.000799,0.045681
adaptive,250,250,22,fcl,0.801790,0.000000,0.000000,0.000000,0.505194,0.000180,0.060870
adaptive,250,250,22,fcl,-0.540306,0.000000,0.000000,0.000000,0.428623,-0.010177,0.037573
adaptive,250,250,22,fcl,0.471493,0.000000,0.000000,0.000000,0.646994,-0.004868,0.030679
adaptive,250,250,22,fcl,0.663716,0.000000,0.000000,0.000000,0.532166,-0.000571,0.049943
adaptive,250,250,22,fcl,-0.396424,0.000000,0.000000,0.015544,0.255680,-0.017007,0.030130
adaptive,250,250,22,fcl,-0.280232,0.000000,0.000000,0.367963,0.383700,0.143495,0.041673
adaptive,250,250,22,fcl,-0.969401,0.019608,0.019415,0.000000,0.252938,-0.000894,0.022399
adaptive,250,250,22,fcl,0.705523,0.000000,0.000000,0.000000,0.511343,0.000046,0.057365
adaptive,250,250,22,fcl,0.447810,0.000000,0.000000,0.000000,0.661544,-0.009000,0.037840
adaptive,250,250,22,fcl,0.360948,0.000000,0.000000,0.000000,0.727528,-0.012506,0.051874
adaptive,250,250,22,fcl,0.521293,0.000000,0.000000,0.000000,0.618428,-0.000866,0.013404
adaptive,250,250,22,fcl,0.200938,0.019608,0.019415,0.444693,0.870133,0.375660,0.046651
adaptive,250,250,22,fcl,0.325997,0.019608,0.019415,0.000000,0.758788,0.013754,0.051548
adaptive,250,250,22,fcl,0.765669,0.000000,0.000000,0.000000,0.497981,0.000420,0.061515
adaptive,250,250,22,fcl,-0.709591,0.142857,0.015375,0.000000,0.483536,-0.012327,0.051047
adaptive,250,250,22,fcl,-0.472075,0.000000,0.000000,0.000000,0.342754,-0.020977,0.041223
adaptive,250,250,22,fcl,-0.121269,0.000000,0.000000,0.749331,0.871223,0.391810,0.054979
adaptive,250,250,22,fcl,-0.823309,0.000000,0.000000,0.000000,0.388576,-0.000942,0.015115
adaptive,250,250,22,fcl,0.960960,0.000000,0.000000,0.000000,0.595990,0.001107,0.042297
adaptive,250,250,22,fcl,-0.905190,0.000000,0.000000,0.000000,0.326822,-0.001742,0.032727
adaptive,250,250,22,fcl,-0.067178,0.000000,0.000000,0.917774,0.963285,0.520583,0.056993
adaptive,250,250,22,fcl,0.075888,0.019608,0.019415,0.913715,0.969259,0.783965,0.029123
adaptive,250,250,22,fcl,-0.171354,0.019608,0.019415,0.575308,0.738777,0.303503,0.051980
adaptive,250,250,22,fcl,-0.530390,0.181875,0.009644,0.000000,0.416686,-0.011358,0.038444
adaptive,250,250,22,fcl,0.379645,0.000000,0.000000,0.000000,0.711638,-0.017055,0.050608
adaptive,250,250,22,fcl,-0.822424,0.000000,0.000000,0.000000,0.388962,-0.000976,0.015068
adaptive,250,250,22,fcl,0.233303,0.364252,0.012521,0.265721,0.842518,0.248471,0.045888
adaptive,250,250,22,fcl,-0.107715,0.000000,0.000000,0.797610,0.899738,0.420474,0.055966
adaptive,250,250,22,fcl,0.241168,0.000000,0.000000,0.219897,0.835657,0.219701,0.045914
adaptive,250,250,22,fcl,0.306514,0.000000,0.000000,0.000000,0.776657,0.041932,0.050193
adaptive,250,250,22,fcl,-0.270574,0.000000,0.000000,0.378073,0.413909,0.158903,0.043891
adaptive,250,250,22,fcl,0.077149,0.628628,0.012409,0.910866,0.968379,0.782530,0.029296
adaptive,250,250,22,fcl,-0.847841,0.000000,0.000000,0.000000,0.375860,-0.000625,0.022363
adaptive,250,250,22,fcl,0.156320,0.000000,0.000000,0.658545,0.907040,0.555980,0.045879
adaptive,250,250,22,fcl,0.808389,0.000000,0.000000,0.000000,0.507739,0.000108,0.060607
adaptive,250,250,22,fcl,0.316884,0.000000,0.000000,0.000000,0.767129,0.025564,0.050987
adaptive,250,250,22,fcl,0.230027,0.019608,0.019415,0.285929,0.845356,0.260773,0.045913
adaptive,250,250,22,fcl,0.800336,0.000000,0.000000,0.000000,0.504634,0.000195,0.060923
adaptive,250,250,22,fcl,-0.648927,0.000000,0.000000,0.000000,0.506913,-0.012773,0.048177
adaptive,250,250,22,fcl,-0.946925,0.000000,0.000000,0.000000,0.279396,-0.001671,0.027422
adaptive,250,250,22,fcl,-0.693034,0.019608,0.019415,0.000000,0.495123,-0.013300,0.051830
adaptive,250,250,22,fcl,0.114280,0.000000,0.000000,0.811092,0.940811,0.703121,0.038306
adaptive,250,250,22,fcl,0.060000,0.365616,0.013196,0.945192,0.979385,0.793608,0.028672
adaptive,250,250,22,fcl,0.559543,0.019608,0.019415,0.000000,0.596035,-0.000611,0.023256
adaptive,250,250,22,fcl,-0.835366,0.019608,0.019415,0.000000,0.382884,-0.000649,0.017799
adaptive,250,250,22,fcl,-0.490372,0.000000,0.000000,0.000000,0.366082,-0.017870,0.041070
adaptive,250,250,22,fcl,0.913111,0.000000,0.000000,0.000000,0.571235,-0.000641,0.049445
adaptive,250,250,22,fcl,-0.918783,0.000000,0.000000,0.000000,0.312049,-0.001878,0.031929
adaptive,250,250,22,fcl,-0.970181,0.000000,0.000000,0.000000,0.252033,-0.000855,0.022239
adaptive,250,250,22,fcl,0.842335,0.000000,0.000000,0.000000,0.525628,-0.000319,0.058697
adaptive,250,250,22,fcl,0.475784,0.000000,0.000000,0.000000,0.644455,-0.004264,0.029194
adaptive,250,250,22,fcl,-0.039579,0.183344,0.009832,0.971776,0.987898,0.598058,0.054704
adaptive,250,250,22,fcl,-0.001702,0.019608,0.019415,0.999339,0.999825,0.703087,0.046431
adaptive,250,250,22,fcl,-0.442918,0.000000,0.000000,0.000000,0.306765,-0.024263,0.039673
adaptive,250,250,22,fcl,-0.461876,0.019608,0.019415,0.000000,0.329946,-0.022464,0.040963
adaptive,250,250,22,fcl,0.333542,0.000000,0.000000,0.000000,0.751925,0.005679,0.051884
adaptive,250,250,22,fcl,-0.806449,0.019608,0.019415,0.000000,0.395439,-0.001884,0.018371
adaptive,250,250,22,fcl,-0.404062,0.007335,0.004219,0.003861,0.263310,-0.019932,0.032377
adaptive,250,250,22,fcl,0.269924,0.000000,0.000000,0.058600,0.810073,0.126290,0.047121
adaptive,250,250,22,fcl,-0.542889,0.000000,0.000000,0.000000,0.431652,-0.009913,0.037360
adaptive,250,250,22,fcl,-0.305626,0.000000,0.000000,0.328876,0.310528,0.100257,0.034400
adaptive,250,250,22,fcl,0.482465,0.000000,0.000000,0.000000,0.640567,-0.003428,0.026758
adaptive,250,250,22,fcl,-0.350023,0.000000,0.000000,0.212428,0.232767,0.025394,0.021148
adaptive,250,250,22,fcl,-0.715077,0.229525,0.013372,0.000000,0.478767,-0.011880,0.050483
adaptive,250,250,22,fcl,0.823515,0.000000,0.000000,0.000000,0.514952,-0.000076,0.059875
adaptive,250,250,22,fcl,0.909674,0.000000,0.000000,0.000000,0.569165,-0.000679,0.050090
adaptive,250,250,22,fcl,0.229502,0.295248,0.014505,0.289168,0.845811,0.262761,0.045918
adaptive,250,250,22,fcl,0.459199,0.000000,0.000000,0.000000,0.654408,-0.006863,0.034600
adaptive,250,250,22,fcl,0.983586,0.000000,0.000000,0.000000,0.603902,0.002973,0.043441
adaptive,250,250,22,fcl,0.721310,0.000000,0.000000,0.000000,0.505405,0.000235,0.059243
adaptive,250,250,22,fcl,-0.879254,0.000000,0.000000,0.000000,0.352193,-0.001215,0.030991
adaptive,250,250,22,fcl,-0.536972,0.000000,0.000000,0.000000,0.424684,-0.010546,0.037859
adaptive,250,250,22,fcl,-0.085401,0.000000,0.000000,0.869063,0.938942,0.473026,0.057036
adaptive,250,250,22,fcl,0.007111,0.481595,0.012376,0.998723,0.999499,0.724737,0.043703
adaptive,250,250,22,fcl,0.872875,0.000000,0.000000,0.000000,0.545286,-0.000656,0.055821
adaptive,250,250,22,fcl,0.748181,0.000000,0.000000,0.000000,0.498907,0.000415,0.061118
adaptive,250,250,22,fcl,-0.664564,0.000000,0.000000,0.000000,0.505982,-0.013465,0.050301
adaptive,250,250,22,fcl,-0.163381,0.019608,0.019415,0.601479,0.762408,0.316126,0.052265
adaptive,250,250,22,fcl,0.558550,0.000000,0.000000,0.000000,0.596637,-0.000606,0.022918
adaptive,250,250,22,fcl,0.996081,0.000000,0.000000,0.000000,0.607103,0.004304,0.045760
adaptive,250,250,22,fcl,0.967554,0.000000,0.000000,0.000000,0.598566,0.001575,0.042201
adaptive,250,250,22,fcl,-0.995419,0.000000,0.000000,0.000000,0.224147,0.000888,0.020723
adaptive,250,250,22,fcl,-0.524023,0.000000,0.000000,0.000000,0.408835,-0.012239,0.039007
adaptive,250,250,22,fcl,0.096811,0.292447,0.011558,0.863831,0.954227,0.748628,0.033612
adaptive,250,250,22,fcl,-0.503779,0.000000,0.000000,0.000000,0.383263,-0.015507,0.040495
adaptive,250,250,22,fcl,-0.166322,0.019608,0.019415,0.591448,0.753890,0.311421,0.052151
adaptive,250,250,22,fcl,0.790122,0.000000,0.000000,0.000000,0.501465,0.000289,0.061243
adaptive,250,250,22,fcl,-0.925093,0.000000,0.000000,0.000000,0.304877,-0.001894,0.031220
adaptive,250,250,22,fcl,-0.307241,0.283683,0.011729,0.325493,0.306291,0.097404,0.033874
adaptive,250,250,22,fcl,0.116552,0.075290,0.011593,0.804073,0.939032,0.696346,0.038886
adaptive,250,250,22,fcl,0.431562,0.000000,0.000000,0.000000,0.672316,-0.012268,0.041911
adaptive,250,250,22,fcl,0.674364,0.000000,0.000000,0.000000,0.526319,-0.000416,0.052115
adaptive,250,250,22,fcl,-0.463818,0.215356,0.012579,0.000000,0.332369,-0.022202,0.041033
adaptive,250,250,22,fcl,-0.279770,0.062857,0.018347,0.368475,0.385113,0.144246,0.041787
adaptive,250,250,22,fcl,0.549841,0.000000,0.000000,0.000000,0.601840,-0.000579,0.019833
adaptive,250,250,22,fcl,0.107438,0.000000,0.000000,0.832353,0.946131,0.722414,0.036492
adaptive,250,250,22,fcl,-0.452580,0.000000,0.000000,0.000000,0.318462,-0.023542,0.040476
adaptive,250,250,22,fcl,-0.082242,0.278186,0.015687,0.877832,0.943448,0.480991,0.057098
adaptive,250,250,22,fcl,0.528952,0.000000,0.000000,0.000000,0.614042,-0.000709,0.013555
adaptive,250,250,22,fcl,-0.945822,0.000000,0.000000,0.000000,0.280699,-0.001693,0.027655
adaptive,250,250,22,fcl,-0.987512,0.000000,0.000000,0.000000,0.232547,0.000235,0.020150
adaptive,250,250,22,fcl,0.060528,0.879558,0.010819,0.944322,0.979068,0.793544,0.028631
adaptive,250,250,22,fcl,-0.293349,0.000000,0.000000,0.351035,0.344595,0.121606,0.038164
adaptive,250,250,22,fcl,0.208575,0.000000,0.000000,0.404835,0.863699,0.344777,0.046419
adaptive,250,250,22,fcl,-0.429803,0.005714,0.005698,0.000000,0.291364,-0.024342,0.038000
adaptive,250,250,22,fcl,0.848297,0.000000,0.000000,0.000000,0.529295,-0.000395,0.058245
adaptive,250,250,22,fcl,-0.444227,0.049545,0.006900,0.000000,0.308328,-0.024194,0.039801
adaptive,250,250,22,fcl,-0.435730,0.005714,0.005698,0.000000,0.298232,-0.024455,0.038847
adaptive,250,250,22,fcl,0.279166,0.000000,0.000000,0.015429,0.801700,0.101061,0.047825
adaptive,250,250,22,fcl,0.083038,0.164216,0.012969,0.897558,0.964267,0.774588,0.030315
adaptive,250,250,22,fcl,-0.363879,0.000000,0.000000,0.162249,0.232288,0.007685,0.021185
adaptive,250,250,22,fcl,0.159219,0.000000,0.000000,0.646085,0.904667,0.544629,0.046123
adaptive,250,250,22,fcl,0.970251,0.000000,0.000000,0.000000,0.599598,0.001785,0.042262
adaptive,250,250,22,fcl,0.901020,0.000000,0.000000,0.000000,0.563728,-0.000736,0.051654
adaptive,250,250,22,fcl,0.406126,0.000000,0.000000,0.000000,0.690602,-0.016594,0.047053
adaptive,250,250,22,fcl,0.190640,0.150072,0.009593,0.497712,0.878748,0.417676,0.046892
adaptive,250,250,22,fcl,-0.601517,0.000000,0.000000,0.000000,0.488197,-0.009237,0.039335
adaptive,250,250,22,fcl,-0.876699,0.000000,0.000000,0.000000,0.354354,-0.001154,0.030559
adaptive,250,250,22,fcl,-0.906467,0.000000,0.000000,0.000000,0.325478,-0.001761,0.032698
adaptive,250,250,22,fcl,-0.503836,0.000000,0.000000,0.000000,0.383335,-0.015497,0.040491
adaptive,250,250,22,fsb,-0.669981,0.008039,0.003580,0.000000,0.498944,0.004714,0.047539
adaptive,250,250,22,fsb,0.072899,0.000000,0.000000,0.760705,0.950914,0.696853,0.046869
adaptive,250,250,22,fsb,0.233760,0.019608,0.019415,0.250620,0.798825,0.300810,0.050486
adaptive,250,250,22,fsb,0.062011,0.830455,0.010513,0.815596,0.962390,0.712090,0.045977
adaptive,250,250,22,fsb,0.293536,0.000000,0.000000,0.206511,0.778377,0.198715,0.055377
adaptive,250,250,22,fsb,0.110757,0.000000,0.000000,0.583875,0.907451,0.617262,0.050833
adaptive,250,250,22,fsb,0.509639,0.000000,0.000000,0.254295,0.813349,0.211322,0.044559
adaptive,250,250,22,fsb,-0.592098,0.019608,0.019415,0.082277,0.498388,0.061799,0.052668
adaptive,250,250,22,fsb,-0.771420,0.000000,0.000000,0.000000,0.499910,-0.011030,0.038057
adaptive,250,250,22,fsb,-0.799257,0.000000,0.000000,0.000000,0.500006,-0.007387,0.039659
adaptive,250,250,22,fsb,-0.276345,0.338951,0.014484,0.000000,0.509751,0.103695,0.036676
adaptive,250,250,22,fsb,0.606985,0.019608,0.019415,0.262571,0.848459,0.272958,0.050287
adaptive,250,250,22,fsb,-0.763397,0.000000,0.000000,0.000000,0.499838,-0.011753,0.038153
adaptive,250,250,22,fsb,-0.063826,0.000000,0.000000,0.744818,0.947763,0.564425,0.048121
adaptive,250,250,22,fsb,-0.654994,0.000000,0.000000,0.000000,0.498794,0.013461,0.048991
adaptive,250,250,22,fsb,-0.038924,0.000000,0.000000,0.903475,0.981278,0.631248,0.047513
adaptive,250,250,22,fsb,-0.030290,0.374625,0.013262,0.942458,0.988876,0.651718,0.047233
adaptive,250,250,22,fsb,0.268418,0.000000,0.000000,0.216496,0.784572,0.235692,0.052417
adaptive,250,250,22,fsb,-0.299955,0.119850,0.009938,0.000000,0.502892,0.089379,0.035246
adaptive,250,250,22,fsb,0.908644,0.000000,0.000000,0.000000,0.799102,0.023091,0.045119
adaptive,250,250,22,fsb,-0.974204,0.000000,0.000000,0.069999,0.498449,0.020950,0.060434
adaptive,250,250,22,fsb,-0.562286,0.000000,0.000000,0.065548,0.498525,0.081405,0.052869
adaptive,250,250,22,fsb,-0.737179,0.000000,0.000000,0.000000,0.499550,-0.012498,0.039928
adaptive,250,250,22,fsb,-0.019496,0.000000,0.000000,0.976779,0.995503,0.674722,0.046814
adaptive,250,250,22,fsb,0.562271,0.000000,0.000000,0.271167,0.832860,0.251416,0.047494
adaptive,250,250,22,fsb,0.104317,0.354641,0.014157,0.609292,0.914948,0.633038,0.050176
adaptive,250,250,22,fsb,-0.756757,0.000000,0.000000,0.000000,0.499770,-0.012198,0.038412
adaptive,250,250,22,fsb,0.095116,0.000000,0.000000,0.651742,0.925699,0.654248,0.049181
adaptive,250,250,22,fsb,-0.711290,0.000000,0.000000,0.000000,0.499296,-0.009786,0.042851
adaptive,250,250,22,fsb,-0.862114,0.000000,0.000000,0.000000,0.499464,0.003392,0.048458
adaptive,250,250,22,fsb,-0.547302,0.000000,0.000000,0.052715,0.498656,0.088231,0.052722
adaptive,250,250,22,fsb,0.085139,0.097331,0.008304,0.701974,0.937240,0.675076,0.048096
adaptive,250,250,22,fsb,0.749747,0.000000,0.000000,0.081027,0.863747,0.175851,0.046691
adaptive,250,250,22,fsb,0.324079,0.000000,0.000000,0.194685,0.774859,0.165918,0.058994
adaptive,250,250,22,fsb,0.686534,0.000000,0.000000,0.191737,0.866032,0.251348,0.048453
adaptive,250,250,22,fsb,0.231172,0.000000,0.000000,0.252329,0.800196,0.306289,0.050482
adaptive,250,250,22,fsb,0.417965,0.000000,0.000000,0.211134,0.784913,0.146605,0.058129
adaptive,250,250,22,fsb,-0.633638,0.000000,0.000000,0.035132,0.498581,0.028658,0.050726
adaptive,250,250,22,fsb,-0.823161,0.000000,0.000000,0.000000,0.499884,-0.003454,0.042827
adaptive,250,250,22,fsb,0.483090,0.000000,0.000000,0.238565,0.803993,0.189064,0.047002
adaptive,250,250,22,fsb,0.215475,0.000000,0.000000,0.276344,0.809220,0.341246,0.050824
adaptive,250,250,22,fsb,-0.078731,0.000000,0.000000,0.614721,0.919588,0.520743,0.048460
adaptive,250,250,22,fsb,0.192392,0.031785,0.008674,0.319492,0.825502,0.397573,0.052013
adaptive,250,250,22,fsb,-0.490968,0.031856,0.006536,0.001454,0.499300,0.093988,0.052413
adaptive,250,250,22,fsb,-0.859810,0.000000,0.000000,0.000000,0.499488,0.002987,0.048165
adaptive,250,250,22,fsb,0.890539,0.000000,0.000000,0.000000,0.808271,0.031125,0.044287
adaptive,250,250,22,fsb,0.872899,0.000000,0.000000,0.000000,0.817238,0.041188,0.044013
adaptive,250,250,22,fsb,-0.424366,0.280781,0.012313,0.000000,0.499935,0.079405,0.053346
adaptive,250,250,22,fsb,-0.526280,0.078778,0.010802,0.025123,0.498882,0.093847,0.052449
adaptive,250,250,22,fsb,-0.607260,0.000000,0.000000,0.081434,0.498405,0.049832,0.052197
adaptive,250,250,22,fsb,0.081782,0.000000,0.000000,0.717745,0.941024,0.681494,0.047743
adaptive,250,250,22,fsb,-0.607811,0.019608,0.019415,0.081290,0.498406,0.049386,0.052175
adaptive,250,250,22,fsb,-0.658286,0.000000,0.000000,0.000000,0.498829,0.011388,0.048687
adaptive,250,250,22,fsb,-0.461867,0.000000,0.000000,0.000000,0.499628,0.088421,0.052978
adaptive,250,250,22,fsb,0.867068,0.000000,0.000000,0.000000,0.820175,0.045033,0.043999
adaptive,250,250,22,fsb,0.049662,0.000000,0.000000,0.871296,0.974229,0.723983,0.045285
adaptive,250,250,22,fsb,0.481372,0.000000,0.000000,0.238476,0.803410,0.187648,0.047261
adaptive,250,250,22,fsb,-0.220061,0.000000,0.000000,0.000000,0.567003,0.165170,0.046698
adaptive,250,250,22,fsb,-0.953750,0.000000,0.000000,0.024286,0.498616,0.018114,0.057198
adaptive,250,250,22,fsb,-0.162889,0.000000,0.000000,0.010625,0.697340,0.279073,0.050444
adaptive,250,250,22,fsb,0.054264,0.251875,0.010852,0.851570,0.970063,0.720257,0.045499
adaptive,250,250,22,fsb,-0.196338,0.222992,0.015491,0.000000,0.613184,0.205744,0.049236
adaptive,250,250,22,fsb,-0.698854,0.005714,0.005698,0.000000,0.499193,-0.006871,0.044332
adaptive,250,250,22,fsb,0.184043,0.000000,0.000000,0.336136,0.832187,0.419195,0.052462
adaptive,250,250,22,fsb,0.709477,0.000000,0.000000,0.156898,0.867149,0.228080,0.047806
adaptive,250,250,22,fsb,0.421826,0.000000,0.000000,0.214222,0.785852,0.148168,0.057606
adaptive,250,250,22,fsb,-0.455624,0.000000,0.000000,0.000000,0.499692,0.086918,0.053120
adaptive,250,250,22,fsb,-0.258673,0.019608,0.019415,0.000000,0.520408,0.118342,0.039773
adaptive,250,250,22,fsb,-0.960306,0.000000,0.000000,0.039433,0.498553,0.019042,0.058140
adaptive,250,250,22,fsb,0.021472,0.000000,0.000000,0.968477,0.994102,0.727279,0.045111
adaptive,250,250,22,fsb,-0.145848,0.000000,0.000000,0.085302,0.745042,0.323084,0.050318
adaptive,250,250,22,fsb,-0.575352,0.321821,0.013089,0.075063,0.498439,0.073671,0.052884
adaptive,250,250,22,fsb,0.852179,0.019608,0.019415,0.000000,0.827537,0.056071,0.044047
adaptive,250,250,22,fsb,0.998836,0.000000,0.000000,0.000000,0.760161,0.008583,0.058584
adaptive,250,250,22,fsb,-0.068520,0.000000,0.000000,0.705189,0.939417,0.550876,0.048225
adaptive,250,250,22,fsb,-0.790014,0.000000,0.000000,0.000000,0.500003,-0.008750,0.038811
adaptive,250,250,22,fsb,0.173249,0.099723,0.011151,0.363948,0.841525,0.447941,0.052936
adaptive,250,250,22,fsb,-0.456708,0.239675,0.011108,0.000000,0.499681,0.087182,0.053096
adaptive,250,250,22,fsb,0.631653,0.000000,0.000000,0.254124,0.855735,0.276034,0.050383
adaptive,250,250,22,fsb,-0.187321,0.098846,0.008017,0.000000,0.634120,0.223681,0.049805
adaptive,250,250,22,fsb,0.793752,0.154440,0.015878,0.001904,0.852302,0.116612,0.044873
adaptive,250,250,22,fsb,0.930763,0.000000,0.000000,0.000000,0.788249,0.016069,0.047109
adaptive,250,250,22,fsb,0.692785,0.337010,0.016547,0.182520,0.866523,0.245672,0.048249
adaptive,250,250,22,fsb,-0.596609,0.019608,0.019415,0.083489,0.498385,0.058323,0.052556
adaptive,250,250,22,fsb,-0.525586,0.140502,0.009736,0.024945,0.498890,0.093955,0.052441
adaptive,250,250,22,fsb,0.948809,0.019608,0.019415,0.000000,0.779888,0.012286,0.049517
adaptive,250,250,22,fsb,0.724824,0.000000,0.000000,0.129133,0.866639,0.209359,0.047452
adaptive,250,250,22,fsb,0.845328,0.000000,0.000000,0.000000,0.830826,0.061752,0.044090
adaptive,250,250,22,fsb,0.210789,0.000000,0.000000,0.284737,0.812299,0.352231,0.051024
adaptive,250,250,22,fsb,-0.202361,0.019608,0.019415,0.000000,0.600396,0.194538,0.048739
adaptive,250,250,22,fsb,0.943889,0.000000,0.000000,0.000000,0.782127,0.013163,0.048797
adaptive,250,250,22,fsb,0.459226,0.000000,0.000000,0.230680,0.796226,0.170314,0.051166
adaptive,250,250,22,fsb,-0.293864,0.039216,0.006795,0.000000,0.504118,0.092561,0.035188
adaptive,250,250,22,fsb,0.545866,0.019608,0.019415,0.266722,0.826769,0.240053,0.046021
adaptive,250,250,22,fsb,-0.230200,0.162480,0.010335,0.000000,0.551294,0.150682,0.045144
adaptive,250,250,22,fsb,0.021376,0.000000,0.000000,0.968702,0.994146,0.727232,0.045113
adaptive,250,250,22,fsb,-0.511732,0.000000,0.000000,0.015845,0.499052,0.095152,0.052334
adaptive,250,250,22,fsb,-0.456359,0.225480,0.013288,0.000000,0.499685,0.087097,0.053104
adaptive,250,250,22,fsb,-0.316164,0.256757,0.011969,0.000000,0.500873,0.082444,0.036911
adaptive,250,250,22,fsb,-0.549509,0.000000,0.000000,0.054606,0.498635,0.087372,0.052749
adaptive,250,250,22,fsb,-0.154627,0.000000,0.000000,0.042003,0.720224,0.299907,0.050427
adaptive,250,250,22,fsb,0.313677,0.000000,0.000000,0.199167,0.775601,0.175573,0.057864
adaptive,250,250,22,fsb,-0.145447,0.324869,0.013858,0.087521,0.746181,0.324166,0.050311
adaptive,250,250,22,fsb,0.785358,0.000000,0.000000,0.009478,0.855053,0.127348,0.045174
adaptive,250,250,22,fsb,0.052784,0.608500,0.012385,0.857915,0.971403,0.721549,0.045424
adaptive,250,250,22,fsb,0.244865,0.019608,0.019415,0.243075,0.793474,0.278242,0.050729
adaptive,250,250,22,fsb,-0.378525,0.000000,0.000000,0.003941,0.499974,0.073046,0.049743
adaptive,250,250,22,fsb,0.649140,0.000000,0.000000,0.238316,0.860050,0.273166,0.049918
adaptive,250,250,22,fsb,0.510890,0.000000,0.000000,0.254781,0.813805,0.212367,0.044526
adaptive,250,250,22,fsb,0.426306,0.000000,0.000000,0.217806,0.786942,0.150173,0.056956
adaptive,250,250,22,fsb,-0.387375,0.006803,0.004794,0.000226,0.499999,0.073574,0.050949
adaptive,250,250,22,fsb,0.438222,0.000000,0.000000,0.218918,0.790080,0.156444,0.055028
adaptive,250,250,22,fsb,0.568178,0.209917,0.011708,0.271572,0.835034,0.255145,0.048013
adaptive,250,250,22,fsb,0.975209,0.000000,0.000000,0.000000,0.768786,0.009288,0.054008
adaptive,250,250,22,fsb,-0.497081,0.000000,0.000000,0.002397,0.499227,0.094646,0.052356
adaptive,250,250,22,fsb,-0.379689,0.019608,0.019415,0.003396,0.499978,0.073093,0.049916
adaptive,250,250,22,fsb,-0.566356,0.000000,0.000000,0.069880,0.498493,0.079164,0.052888
adaptive,250,250,22,fsb,0.254078,0.000000,0.000000,0.228125,0.789626,0.260719,0.051211
adaptive,250,250,22,fsb,-0.817257,0.000000,0.000000,0.000000,0.499932,-0.004463,0.041958
adaptive,250,250,22,fsb,-0.483316,0.038674,0.006409,0.000537,0.499390,0.092859,0.052521
adaptive,250,250,22,fsb,-0.693895,0.000000,0.000000,0.000000,0.499153,-0.005375,0.044912
adaptive,250,250,22,fsb,0.813157,0.000000,0.000000,0.000000,0.845055,0.093558,0.044405
adaptive,250,250,22,fsb,-0.488323,0.000000,0.000000,0.001047,0.499331,0.093633,0.052446
adaptive,250,250,22,fsb,0.962465,0.000000,0.000000,0.000000,0.773964,0.010401,0.051724
adaptive,250,250,22,fsb,0.219913,0.000000,0.000000,0.267786,0.806551,0.331071,0.050671
adaptive,250,250,22,fsb,0.794459,0.000000,0.000000,0.001647,0.852059,0.115727,0.044851
adaptive,250,250,22,fsb,0.892095,0.000000,0.000000,0.000000,0.807479,0.030347,0.044334
adaptive,250,250,22,fsb,-0.596223,0.000000,0.000000,0.083385,0.498385,0.058624,0.052567
adaptive,250,250,22,fsb,0.314734,0.000000,0.000000,0.199175,0.775493,0.174520,0.057985
adaptive,250,250,22,fsb,0.096422,0.000000,0.000000,0.645578,0.924177,0.651345,0.049325
adaptive,250,250,22,fsb,0.812685,0.000000,0.000000,0.000000,0.845247,0.094087,0.044413
adaptive,250,250,22,fsb,0.275057,0.000000,0.000000,0.211072,0.782603,0.225057,0.053126
adaptive,250,250,22,fsb,0.673596,0.000000,0.000000,0.209396,0.864490,0.261319,0.048940
adaptive,250,250,22,fsb,-0.590867,0.000000,0.000000,0.081946,0.498389,0.062731,0.052694
adaptive,250,250,22,fsb,-0.886810,0.000000,0.000000,0.000000,0.499237,0.007650,0.051095
adaptive,250,250,22,fsb,0.877200,0.000000,0.000000,0.000000,0.815060,0.038520,0.044044
adaptive,250,250,22,fsb,0.242910,0.019608,0.019415,0.244413,0.794389,0.282101,0.050659
adaptive,250,250,22,fsb,0.207928,0.000000,0.000000,0.289861,0.814178,0.359054,0.051162
adaptive,250,250,22,fsb,0.271570,0.000000,0.000000,0.213921,0.783637,0.230567,0.052744
adaptive,250,250,22,fsb,-0.958066,0.000000,0.000000,0.034270,0.498574,0.018727,0.057808
adaptive,250,250,22,fsb,0.185994,0.000000,0.000000,0.331391,0.830534,0.414092,0.052362
adaptive,250,250,22,fsb,0.736274,0.019608,0.019415,0.108256,0.865638,0.194283,0.047147
adaptive,250,250,22,fsb,-0.302049,0.019608,0.019415,0.000000,0.502551,0.088361,0.035341
adaptive,250,250,22,fsb,0.533202,0.000000,0.000000,0.264813,0.822042,0.230459,0.045059
adaptive,250,250,22,fsb,-0.511767,0.142857,0.015375,0.015886,0.499052,0.095151,0.052334
adaptive,250,250,22,fsb,-0.181672,0.000000,0.000000,0.000000,0.648035,0.235620,0.050061
adaptive,250,250,22,fsb,0.418292,0.000000,0.000000,0.211395,0.784992,0.146731,0.058086
adaptive,250,250,22,fsb,0.067025,0.000000,0.000000,0.791203,0.957236,0.705595,0.046359
adaptive,250,250,22,fsb,-0.400111,0.000000,0.000000,0.004515,0.500007,0.074986,0.052229
adaptive,250,250,22,fsb,0.328603,0.000000,0.000000,0.194418,0.774668,0.162206,0.059433
adaptive,250,250,22,fsb,0.894318,0.000000,0.000000,0.000000,0.806349,0.029264,0.044407
adaptive,250,250,22,fsb,0.953715,0.019608,0.019415,0.000000,0.777728,0.011520,0.050276
adaptive,250,250,22,fsb,-0.573326,0.019608,0.019415,0.074092,0.498450,0.074969,0.052891
adaptive,250,250,22,fsb,-0.609569,0.181875,0.009644,0.079078,0.498414,0.047959,0.052101
adaptive,250,250,22,fsb,-0.832884,0.000000,0.000000,0.000000,0.499790,-0.001762,0.044302
adaptive,250,250,22,fsb,0.971682,0.000000,0.000000,0.000000,0.770173,0.009539,0.053358
adaptive,250,250,22,fsb,0.093201,0.364252,0.012521,0.661401,0.927916,0.658434,0.048971
adaptive,250,250,22,fsb,-0.638514,0.000000,0.000000,0.021379,0.498626,0.024957,0.050368
adaptive,250,250,22,fsb,0.834557,0.000000,0.000000,0.000000,0.835841,0.071462,0.044167
adaptive,250,250,22,fsb,-0.376692,0.000000,0.000000,0.004620,0.499969,0.072987,0.049460
adaptive,250,250,22,fsb,-0.820624,0.000000,0.000000,0.000000,0.499907,-0.003890,0.042449
adaptive,250,250,22,fsb,-0.064175,0.628628,0.012409,0.742248,0.947204,0.563425,0.048129
adaptive,250,250,22,fsb,0.703586,0.000000,0.000000,0.166289,0.867035,0.234662,0.047948
adaptive,250,250,22,fsb,0.879979,0.000000,0.000000,0.000000,0.813651,0.036871,0.044074
adaptive,250,250,22,fsb,-0.692581,0.000000,0.000000,0.000000,0.499142,-0.004945,0.045065
adaptive,250,250,22,fsb,-0.474717,0.000000,0.000000,0.000000,0.499489,0.091263,0.052685
adaptive,250,250,22,fsb,-0.094764,0.019608,0.019415,0.469660,0.883795,0.472350,0.048884
adaptive,250,250,22,fsb,-0.818339,0.000000,0.000000,0.000000,0.499926,-0.004280,0.042114
adaptive,250,250,22,fsb,0.082966,0.000000,0.000000,0.712181,0.939689,0.679267,0.047866
adaptive,250,250,22,fsb,0.232134,0.000000,0.000000,0.251694,0.799686,0.304243,0.050481
adaptive,250,250,22,fsb,-0.937382,0.019608,0.019415,0.000000,0.498783,0.015720,0.055252
adaptive,250,250,22,fsb,-0.442423,0.000000,0.000000,0.000000,0.499810,0.083654,0.053355
adaptive,250,250,22,fsb,0.235216,0.365616,0.013196,0.249657,0.798053,0.297762,0.050497
adaptive,250,250,22,fsb,0.833454,0.019608,0.019415,0.000000,0.836342,0.072510,0.044176
adaptive,250,250,22,fsb,-0.964470,0.019608,0.019415,0.048909,0.498519,0.019622,0.058787
adaptive,250,250,22,fsb,-0.043169,0.000000,0.000000,0.881297,0.976866,0.620599,0.047633
adaptive,250,250,22,fsb,0.466225,0.000000,0.000000,0.231439,0.798422,0.175564,0.049856
adaptive,250,250,22,fsb,0.748332,0.000000,0.000000,0.084239,0.863994,0.177806,0.046744
adaptive,250,250,22,fsb,0.395840,0.000000,0.000000,0.201421,0.780281,0.140854,0.060401
adaptive,250,250,22,fsb,-0.916521,0.000000,0.000000,0.000000,0.498988,0.012511,0.053433
adaptive,250,250,22,fsb,-0.252148,0.000000,0.000000,0.000000,0.525896,0.124738,0.041062
adaptive,250,250,22,fsb,0.503585,0.183344,0.009832,0.248203,0.811166,0.206245,0.044827
adaptive,250,250,22,fsb,-0.948323,0.019608,0.019415,0.012897,0.498669,0.017333,0.056490
adaptive,250,250,22,fsb,-0.160764,0.000000,0.000000,0.018304,0.703205,0.284336,0.050449
adaptive,250,250,22,fsb,0.062280,0.019608,0.019415,0.814331,0.962120,0.711764,0.045996
adaptive,250,250,22,fsb,-0.187802,0.000000,0.000000,0.000000,0.632998,0.222688,0.049779
adaptive,250,250,22,fsb,0.290129,0.019608,0.019415,0.206870,0.779038,0.203207,0.054946
adaptive,250,250,22,fsb,-0.675694,0.007335,0.004219,0.000000,0.498998,0.001864,0.046943
adaptive,250,250,22,fsb,-0.027568,0.000000,0.000000,0.953263,0.990938,0.657807,0.047134
adaptive,250,250,22,fsb,0.594035,0.000000,0.000000,0.267686,0.844173,0.268514,0.049803
adaptive,250,250,22,fsb,0.255574,0.000000,0.000000,0.225454,0.789015,0.257979,0.051312
adaptive,250,250,22,fsb,-0.185954,0.000000,0.000000,0.000000,0.637304,0.226520,0.049873
adaptive,250,250,22,fsb,0.363237,0.000000,0.000000,0.192727,0.775782,0.143474,0.061362
adaptive,250,250,22,fsb,-0.442748,0.229525,0.013372,0.000000,0.499808,0.083734,0.053351
adaptive,250,250,22,fsb,-0.952617,0.000000,0.000000,0.021664,0.498627,0.017952,0.057045
adaptive,250,250,22,fsb,-0.875273,0.000000,0.000000,0.000000,0.499336,0.005681,0.049975
adaptive,250,250,22,fsb,-0.013793,0.295248,0.014505,0.989101,0.997914,0.685551,0.046564
adaptive,250,250,22,fsb,-0.079971,0.000000,0.000000,0.603967,0.916977,0.517036,0.048490
adaptive,250,250,22,fsb,0.689449,0.000000,0.000000,0.187436,0.866300,0.248768,0.048355
adaptive,250,250,22,fsb,0.791604,0.000000,0.000000,0.002684,0.853039,0.119321,0.044945
adaptive,250,250,22,fsb,0.416454,0.000000,0.000000,0.210100,0.784559,0.146036,0.058323
adaptive,250,250,22,fsb,0.140241,0.000000,0.000000,0.461235,0.874244,0.538828,0.052950
adaptive,250,250,22,fsb,-0.774021,0.000000,0.000000,0.000000,0.499929,-0.010758,0.038080
adaptive,250,250,22,fsb,0.661938,0.481595,0.012376,0.225433,0.862608,0.268127,0.049421
adaptive,250,250,22,fsb,-0.751047,0.000000,0.000000,0.000000,0.499706,-0.012454,0.038750
adaptive,250,250,22,fsb,0.282070,0.000000,0.000000,0.208445,0.780820,0.214490,0.053946
adaptive,250,250,22,fsb,-0.154710,0.000000,0.000000,0.041592,0.719989,0.299692,0.050428
adaptive,250,250,22,fsb,0.983824,0.019608,0.019415,0.000000,0.765491,0.008844,0.055639
adaptive,250,250,22,fsb,0.048666,0.000000,0.000000,0.875563,0.975130,0.724675,0.045246
adaptive,250,250,22,fsb,0.522739,0.000000,0.000000,0.259666,0.818155,0.222125,0.044569
adaptive,250,250,22,fsb,0.576293,0.000000,0.000000,0.269473,0.837971,0.259896,0.048674
adaptive,250,250,22,fsb,0.004779,0.000000,0.000000,0.997316,0.999562,0.713394,0.045708
adaptive,250,250,22,fsb,0.940484,0.000000,0.000000,0.000000,0.783676,0.013835,0.048326
adaptive,250,250,22,fsb,0.248080,0.292447,0.011558,0.238838,0.792078,0.272001,0.050868
adaptive,250,250,22,fsb,0.711931,0.000000,0.000000,0.152215,0.867110,0.225230,0.047749
adaptive,250,250,22,fsb,0.257548,0.019608,0.019415,0.223435,0.788280,0.254409,0.051455
adaptive,250,250,22,fsb,-0.786143,0.000000,0.000000,0.000000,0.499991,-0.009282,0.038544
adaptive,250,250,22,fsb,-0.378749,0.000000,0.000000,0.003836,0.499975,0.073055,0.049776
adaptive,250,250,22,fsb,-0.470242,0.283683,0.011729,0.000000,0.499539,0.090324,0.052784
adaptive,250,250,22,fsb,-0.622953,0.075290,0.011593,0.059241,0.498493,0.037091,0.051419
adaptive,250,250,22,fsb,-0.825586,0.000000,0.000000,0.000000,0.499863,-0.003035,0.043191
adaptive,250,250,22,fsb,0.419252,0.000000,0.000000,0.212163,0.785226,0.147109,0.057958
adaptive,250,250,22,fsb,-0.353871,0.215356,0.012579,0.000000,0.499904,0.073818,0.045092
adaptive,250,250,22,fsb,-0.113169,0.062857,0.018347,0.314303,0.836634,0.416717,0.049447
adaptive,250,250,22,fsb,-0.366229,0.000000,0.000000,0.000000,0.499929,0.072997,0.047641
adaptive,250,250,22,fsb,-0.743851,0.000000,0.000000,0.000000,0.499625,-0.012586,0.039307
adaptive,250,250,22,fsb,0.401300,0.000000,0.000000,0.203213,0.781335,0.141742,0.059959
adaptive,250,250,22,fsb,-0.570771,0.278186,0.015687,0.072866,0.498465,0.076556,0.052894
adaptive,250,250,22,fsb,0.015692,0.000000,0.000000,0.981952,0.996732,0.723759,0.045279
adaptive,250,250,22,fsb,0.032119,0.000000,0.000000,0.937749,0.988025,0.730045,0.044960
adaptive,250,250,22,fsb,-0.845258,0.000000,0.000000,0.000000,0.499651,0.000420,0.046159
adaptive,250,250,22,fsb,0.026835,0.879558,0.010819,0.954531,0.991361,0.729281,0.045006
adaptive,250,250,22,fsb,0.280991,0.000000,0.000000,0.208738,0.781084,0.216072,0.053816
adaptive,250,250,22,fsb,0.574678,0.000000,0.000000,0.269891,0.837386,0.258987,0.048548
adaptive,250,250,22,fsb,0.145709,0.005714,0.005698,0.439895,0.868376,0.523703,0.053127
adaptive,250,250,22,fsb,0.344864,0.000000,0.000000,0.196096,0.774657,0.151296,0.060681
adaptive,250,250,22,fsb,-0.696163,0.049545,0.006900,0.000000,0.499171,-0.006084,0.044648
adaptive,250,250,22,fsb,-0.216188,0.005714,0.005698,0.000000,0.573390,0.171145,0.047219
adaptive,250,250,22,fsb,0.415901,0.000000,0.000000,0.209810,0.784436,0.145834,0.058393
adaptive,250,250,22,fsb,-0.292847,0.164216,0.012969,0.000000,0.504375,0.093125,0.035209
adaptive,250,250,22,fsb,-0.764269,0.000000,0.000000,0.000000,0.499847,-0.011684,0.038130
adaptive,250,250,22,fsb,-0.844939,0.000000,0.000000,0.000000,0.499655,0.000364,0.046112
adaptive,250,250,22,fsb,0.451519,0.000000,0.000000,0.224083,0.793897,0.164862,0.052620
adaptive,250,250,22,fsb,-0.337796,0.000000,0.000000,0.000000,0.500001,0.076307,0.041395
adaptive,250,250,22,fsb,-0.491363,0.000000,0.000000,0.001515,0.499295,0.094037,0.052408
adaptive,250,250,22,fsb,-0.202027,0.150072,0.009593,0.000000,0.601105,0.195143,0.048769
adaptive,250,250,22,fsb,0.393640,0.000000,0.000000,0.200808,0.779900,0.140599,0.060556
adaptive,250,250,22,fsb,0.093108,0.000000,0.000000,0.661870,0.928023,0.658636,0.048961
adaptive,250,250,22,fsb,0.928247,0.000000,0.000000,0.000000,0.789455,0.016728,0.046827
adaptive,250,250,22,fsb,-0.798918,0.000000,0.000000,0.000000,0.500007,-0.007439,0.039623
adaptive,250,250,22,A,-0.621315,0.008039,0.003580,0.917678,0.989733,0.636815,0.047531
adaptive,250,250,22,A,-0.944667,0.000000,0.000000,0.819094,0.977102,0.557751,0.049795
adaptive,250,250,22,A,-0.519246,0.019608,0.019415,0.942172,0.992692,0.657615,0.047006
adaptive,250,250,22,A,0.122354,0.830455,0.010513,0.998608,0.999810,0.702526,0.046796
adaptive,250,250,22,A,-0.736971,0.000000,0.000000,0.888836,0.985781,0.610416,0.048167
adaptive,250,250,22,A,0.750483,0.000000,0.000000,0.899990,0.987530,0.598692,0.058874
adaptive,250,250,22,A,0.569665,0.000000,0.000000,0.945454,0.993001,0.638471,0.054514
adaptive,250,250,22,A,-0.537486,0.019608,0.019415,0.938447,0.992200,0.654096,0.047099
adaptive,250,250,22,A,0.019993,0.000000,0.000000,0.999964,1.000010,0.707044,0.046026
adaptive,250,250,22,A,0.744408,0.000000,0.000000,0.902426,0.987739,0.600105,0.058724
adaptive,250,250,22,A,-0.775368,0.338951,0.014484,0.874759,0.984329,0.601113,0.048405
adaptive,250,250,22,A,0.297421,0.019608,0.019415,0.986123,0.998293,0.685072,0.049062
adaptive,250,250,22,A,-0.600951,0.000000,0.000000,0.922698,0.990363,0.641172,0.047425
adaptive,250,250,22,A,-0.018035,0.000000,0.000000,0.999490,0.999955,0.707568,0.045845
adaptive,250,250,22,A,-0.108644,0.000000,0.000000,0.996077,0.999541,0.706233,0.045630
adaptive,250,250,22,A,0.888946,0.000000,0.000000,0.862193,0.982298,0.565488,0.062323
adaptive,250,250,22,A,0.611626,0.374625,0.013262,0.935803,0.991869,0.629718,0.055494
adaptive,250,250,22,A,-0.630228,0.000000,0.000000,0.916247,0.989451,0.634879,0.047577
adaptive,250,250,22,A,0.129651,0.119850,0.009938,0.998276,0.999776,0.702035,0.046867
adaptive,250,250,22,A,-0.915534,0.000000,0.000000,0.831219,0.978441,0.565434,0.049504
adaptive,250,250,22,A,-0.734567,0.000000,0.000000,0.888970,0.985869,0.610990,0.048153
adaptive,250,250,22,A,-0.179203,0.000000,0.000000,0.991512,0.998943,0.702675,0.045650
adaptive,250,250,22,A,0.565114,0.000000,0.000000,0.946273,0.993118,0.639399,0.054409
adaptive,250,250,22,A,0.193774,0.000000,0.000000,0.994754,0.999370,0.696808,0.047580
adaptive,250,250,22,A,-0.875938,0.000000,0.000000,0.846232,0.980197,0.575747,0.049147
adaptive,250,250,22,A,-0.371786,0.354641,0.014157,0.969025,0.996086,0.682335,0.046277
adaptive,250,250,22,A,0.116231,0.000000,0.000000,0.998772,0.999837,0.702920,0.046738
adaptive,250,250,22,A,0.674303,0.000000,0.000000,0.921915,0.990024,0.616068,0.057000
adaptive,250,250,22,A,-0.631397,0.000000,0.000000,0.915994,0.989413,0.634623,0.047584
adaptive,250,250,22,A,0.889515,0.000000,0.000000,0.862018,0.982275,0.565349,0.062337
adaptive,250,250,22,A,-0.976238,0.000000,0.000000,0.808457,0.975607,0.549348,0.050141
adaptive,250,250,22,A,-0.878610,0.097331,0.008304,0.845775,0.980081,0.575056,0.049170
adaptive,250,250,22,A,0.398953,0.000000,0.000000,0.974125,0.996736,0.670067,0.050868
adaptive,250,250,22,A,-0.725094,0.000000,0.000000,0.890557,0.986215,0.613244,0.048097
adaptive,250,250,22,A,-0.712610,0.000000,0.000000,0.894581,0.986666,0.616190,0.048025
adaptive,250,250,22,A,0.086560,0.000000,0.000000,0.999582,0.999938,0.704611,0.046479
adaptive,250,250,22,A,-0.435971,0.000000,0.000000,0.958071,0.994738,0.672438,0.046585
adaptive,250,250,22,A,0.745935,0.000000,0.000000,0.901554,0.987686,0.599750,0.058762
adaptive,250,250,22,A,-0.676634,0.000000,0.000000,0.903444,0.987922,0.624519,0.047825
adaptive,250,250,22,A,-0.617343,0.000000,0.000000,0.918486,0.989857,0.637672,0.047510
adaptive,250,250,22,A,0.281072,0.000000,0.000000,0.987414,0.998497,0.687177,0.048803
adaptive,250,250,22,A,0.606469,0.000000,0.000000,0.937290,0.992013,0.630811,0.055373
adaptive,250,250,22,A,0.407705,0.031785,0.008674,0.974071,0.996579,0.668628,0.051038
adaptive,250,250,22,A,-0.971085,0.031856,0.006536,0.810944,0.975854,0.550724,0.050082
adaptive,250,250,22,A,0.985801,0.000000,0.000000,0.827548,0.978106,0.541469,0.064708
adaptive,250,250,22,A,-0.639777,0.000000,0.000000,0.913961,0.989144,0.632784,0.047628
adaptive,250,250,22,A,-0.783112,0.000000,0.000000,0.872608,0.984027,0.599208,0.048455
adaptive,250,250,22,A,-0.700056,0.280781,0.012313,0.897430,0.987111,0.619124,0.047954
adaptive,250,250,22,A,-0.308085,0.078778,0.010802,0.978572,0.997230,0.690694,0.046004
adaptive,250,250,22,A,0.087350,0.000000,0.000000,0.999562,0.999936,0.704571,0.046486
adaptive,250,250,22,A,-0.034661,0.000000,0.000000,0.999269,0.999909,0.707597,0.045784
adaptive,250,250,22,A,-0.134118,0.019608,0.019415,0.994680,0.999353,0.705201,0.045620
adaptive,250,250,22,A,-0.007219,0.000000,0.000000,0.999731,0.999978,0.707484,0.045891
adaptive,250,250,22,A,-0.593551,0.000000,0.000000,0.925359,0.990587,0.642730,0.047387
adaptive,250,250,22,A,-0.891603,0.000000,0.000000,0.840187,0.979511,0.571686,0.049283
adaptive,250,250,22,A,0.933729,0.000000,0.000000,0.845728,0.980414,0.554439,0.063432
adaptive,250,250,22,A,-0.431197,0.000000,0.000000,0.958940,0.994844,0.673222,0.046562
adaptive,250,250,22,A,-0.497317,0.000000,0.000000,0.947008,0.993263,0.661720,0.046894
adaptive,250,250,22,A,-0.444169,0.000000,0.000000,0.957426,0.994551,0.671074,0.046626
adaptive,250,250,22,A,0.273002,0.000000,0.000000,0.988389,0.998594,0.688182,0.048678
adaptive,250,250,22,A,0.565125,0.251875,0.010852,0.946273,0.993118,0.639397,0.054409
adaptive,250,250,22,A,0.422195,0.222992,0.015491,0.969737,0.996309,0.666199,0.051324
adaptive,250,250,22,A,-0.632258,0.005714,0.005698,0.915807,0.989386,0.634435,0.047588
adaptive,250,250,22,A,-0.807770,0.000000,0.000000,0.865612,0.983050,0.593087,0.048622
adaptive,250,250,22,A,-0.085189,0.000000,0.000000,0.997341,0.999687,0.706929,0.045658
adaptive,250,250,22,A,-0.663986,0.000000,0.000000,0.908359,0.988348,0.627387,0.047756
adaptive,250,250,22,A,-0.691012,0.000000,0.000000,0.900114,0.987427,0.621220,0.047904
adaptive,250,250,22,A,-0.800140,0.019608,0.019415,0.866880,0.983355,0.594990,0.048569
adaptive,250,250,22,A,0.315608,0.000000,0.000000,0.984142,0.998051,0.682624,0.049361
adaptive,250,250,22,A,-0.001127,0.000000,0.000000,0.999786,0.999988,0.707414,0.045919
adaptive,250,250,22,A,-0.734096,0.000000,0.000000,0.888996,0.985886,0.611102,0.048150
adaptive,250,250,22,A,0.806051,0.321821,0.013089,0.882068,0.985538,0.585577,0.060258
adaptive,250,250,22,A,-0.295819,0.019608,0.019415,0.979123,0.997427,0.692126,0.045957
adaptive,250,250,22,A,0.704614,0.000000,0.000000,0.914493,0.989064,0.609248,0.057741
adaptive,250,250,22,A,0.516974,0.000000,0.000000,0.953928,0.994303,0.648959,0.053322
adaptive,250,250,22,A,-0.686796,0.000000,0.000000,0.901217,0.987573,0.622191,0.047881
adaptive,250,250,22,A,0.111482,0.099723,0.011151,0.998778,0.999855,0.703215,0.046695
adaptive,250,250,22,A,0.198268,0.239675,0.011108,0.994437,0.999334,0.696381,0.047636
adaptive,250,250,22,A,-0.479815,0.000000,0.000000,0.949519,0.993702,0.664896,0.046805
adaptive,250,250,22,A,0.691984,0.098846,0.008017,0.916901,0.989469,0.612105,0.057432
adaptive,250,250,22,A,0.502852,0.154440,0.015878,0.955909,0.994629,0.651667,0.053012
adaptive,250,250,22,A,0.961130,0.000000,0.000000,0.836995,0.979215,0.547628,0.064105
adaptive,250,250,22,A,0.376963,0.337010,0.016547,0.976514,0.997116,0.673585,0.050450
adaptive,250,250,22,A,-0.626908,0.019608,0.019415,0.916877,0.989556,0.635602,0.047560
adaptive,250,250,22,A,0.034215,0.140502,0.009736,0.999982,1.000013,0.706685,0.046108
adaptive,250,250,22,A,-0.661785,0.019608,0.019415,0.909020,0.988422,0.627883,0.047745
adaptive,250,250,22,A,-0.487933,0.000000,0.000000,0.949660,0.993500,0.663434,0.046846
adaptive,250,250,22,A,-0.047059,0.000000,0.000000,0.998937,0.999866,0.707538,0.045744
adaptive,250,250,22,A,0.317476,0.000000,0.000000,0.983949,0.998025,0.682367,0.049393
adaptive,250,250,22,A,0.467520,0.019608,0.019415,0.963598,0.995404,0.658235,0.052254
adaptive,250,250,22,A,0.472293,0.000000,0.000000,0.962757,0.995302,0.657365,0.052354
adaptive,250,250,22,A,0.079821,0.000000,0.000000,0.999649,0.999955,0.704944,0.046425
adaptive,250,250,22,A,-0.927649,0.039216,0.006795,0.827830,0.977889,0.562248,0.049622
adaptive,250,250,22,A,0.238132,0.019608,0.019415,0.991728,0.998973,0.692261,0.048166
adaptive,250,250,22,A,-0.452524,0.162480,0.010335,0.955672,0.994357,0.669662,0.046668
adaptive,250,250,22,A,-0.709199,0.000000,0.000000,0.895561,0.986788,0.616990,0.048006
adaptive,250,250,22,A,0.113341,0.000000,0.000000,0.998783,0.999848,0.703101,0.046712
adaptive,250,250,22,A,0.446523,0.225480,0.013288,0.965219,0.995836,0.661991,0.051817
adaptive,250,250,22,A,-0.482011,0.256757,0.011969,0.949600,0.993647,0.664502,0.046816
adaptive,250,250,22,A,-0.308571,0.000000,0.000000,0.978510,0.997222,0.690636,0.046005
adaptive,250,250,22,A,0.823144,0.000000,0.000000,0.880149,0.984896,0.581481,0.060684
adaptive,250,250,22,A,0.020289,0.000000,0.000000,0.999966,1.000010,0.707037,0.046028
adaptive,250,250,22,A,-0.907500,0.324869,0.013858,0.832697,0.978803,0.567539,0.049428
adaptive,250,250,22,A,-0.067300,0.000000,0.000000,0.997888,0.999779,0.707295,0.045692
adaptive,250,250,22,A,-0.991083,0.608500,0.012385,0.806307,0.974888,0.545371,0.050315
adaptive,250,250,22,A,-0.783651,0.019608,0.019415,0.872629,0.984006,0.599076,0.048459
adaptive,250,250,22,A,0.411131,0.000000,0.000000,0.972438,0.996515,0.668059,0.051105
adaptive,250,250,22,A,0.109397,0.000000,0.000000,0.998772,0.999863,0.703342,0.046676
adaptive,250,250,22,A,0.180380,0.000000,0.000000,0.995745,0.999471,0.698033,0.047418
adaptive,250,250,22,A,-0.914388,0.000000,0.000000,0.831345,0.978493,0.565735,0.049493
adaptive,250,250,22,A,-0.076679,0.006803,0.004794,0.997739,0.999732,0.707121,0.045673
adaptive,250,250,22,A,-0.613678,0.000000,0.000000,0.920182,0.989971,0.638460,0.047491
adaptive,250,250,22,A,-0.176680,0.209917,0.011708,0.991738,0.998969,0.702840,0.045647
adaptive,250,250,22,A,-0.558334,0.000000,0.000000,0.933270,0.991618,0.649964,0.047206
adaptive,250,250,22,A,0.565945,0.000000,0.000000,0.946272,0.993097,0.639230,0.054428
adaptive,250,250,22,A,-0.585550,0.019608,0.019415,0.929174,0.990826,0.644401,0.047346
adaptive,250,250,22,A,0.506403,0.000000,0.000000,0.955319,0.994548,0.650990,0.053090
adaptive,250,250,22,A,0.014293,0.000000,0.000000,0.999921,1.000006,0.707163,0.045996
adaptive,250,250,22,A,0.048299,0.000000,0.000000,0.999915,1.000005,0.706243,0.046197
adaptive,250,250,22,A,0.223621,0.038674,0.006409,0.993030,0.999113,0.693829,0.047966
adaptive,250,250,22,A,0.864574,0.000000,0.000000,0.868739,0.983284,0.571450,0.061717
adaptive,250,250,22,A,-0.764321,0.000000,0.000000,0.880418,0.984753,0.603813,0.048334
adaptive,250,250,22,A,-0.592394,0.000000,0.000000,0.926062,0.990621,0.642973,0.047381
adaptive,250,250,22,A,0.453196,0.000000,0.000000,0.964811,0.995700,0.660809,0.051954
adaptive,250,250,22,A,-0.279800,0.000000,0.000000,0.981665,0.997674,0.693906,0.045899
adaptive,250,250,22,A,-0.765465,0.000000,0.000000,0.880072,0.984710,0.603535,0.048342
adaptive,250,250,22,A,-0.717004,0.000000,0.000000,0.893317,0.986508,0.615156,0.048050
adaptive,250,250,22,A,-0.278099,0.000000,0.000000,0.981872,0.997700,0.694089,0.045893
adaptive,250,250,22,A,-0.652557,0.000000,0.000000,0.910589,0.988727,0.629950,0.047695
adaptive,250,250,22,A,0.562685,0.000000,0.000000,0.946275,0.993181,0.639893,0.054353
adaptive,250,250,22,A,-0.615410,0.000000,0.000000,0.919380,0.989917,0.638088,0.047500
adaptive,250,250,22,A,-0.814689,0.000000,0.000000,0.863929,0.982770,0.591354,0.048671
adaptive,250,250,22,A,0.208385,0.000000,0.000000,0.993602,0.999250,0.695392,0.047765
adaptive,250,250,22,A,-0.280286,0.000000,0.000000,0.981606,0.997667,0.693854,0.045900
adaptive,250,250,22,A,-0.363337,0.000000,0.000000,0.971019,0.996249,0.683531,0.046238
adaptive,250,250,22,A,0.972935,0.000000,0.000000,0.831942,0.978688,0.544684,0.064394
adaptive,250,250,22,A,0.902898,0.019608,0.019415,0.857585,0.981721,0.562058,0.062670
adaptive,250,250,22,A,-0.399607,0.000000,0.000000,0.964149,0.995526,0.678219,0.046408
adaptive,250,250,22,A,0.804540,0.000000,0.000000,0.883055,0.985594,0.585938,0.060220
adaptive,250,250,22,A,0.958839,0.000000,0.000000,0.837964,0.979317,0.548198,0.064049
adaptive,250,250,22,A,0.130344,0.000000,0.000000,0.998234,0.999773,0.701988,0.046874
adaptive,250,250,22,A,0.796784,0.019608,0.019415,0.887351,0.985880,0.587787,0.060027
adaptive,250,250,22,A,0.604703,0.019608,0.019415,0.937820,0.992062,0.631185,0.055331
adaptive,250,250,22,A,0.863790,0.000000,0.000000,0.869069,0.983315,0.571641,0.061698
adaptive,250,250,22,A,-0.769185,0.142857,0.015375,0.878826,0.984568,0.602627,0.048365
adaptive,250,250,22,A,-0.679909,0.000000,0.000000,0.902416,0.987810,0.623771,0.047843
adaptive,250,250,22,A,-0.724453,0.000000,0.000000,0.890784,0.986239,0.613396,0.048093
adaptive,250,250,22,A,-0.816714,0.000000,0.000000,0.863401,0.982688,0.590845,0.048686
adaptive,250,250,22,A,-0.145455,0.000000,0.000000,0.994151,0.999259,0.704650,0.045622
adaptive,250,250,22,A,0.643125,0.000000,0.000000,0.927450,0.990965,0.622939,0.056246
adaptive,250,250,22,A,-0.524629,0.000000,0.000000,0.940003,0.992548,0.656586,0.047033
adaptive,250,250,22,A,0.558982,0.019608,0.019415,0.946279,0.993276,0.640644,0.054268
adaptive,250,250,22,A,-0.278257,0.019608,0.019415,0.981852,0.997698,0.694072,0.045893
adaptive,250,250,22,A,0.785674,0.181875,0.009644,0.891904,0.986285,0.590424,0.059750
adaptive,250,250,22,A,-0.078848,0.000000,0.000000,0.997638,0.999721,0.707075,0.045669
adaptive,250,250,22,A,0.274208,0.000000,0.000000,0.988286,0.998580,0.688033,0.048697
adaptive,250,250,22,A,0.018748,0.364252,0.012521,0.999956,1.000009,0.707071,0.046019
adaptive,250,250,22,A,0.518760,0.000000,0.000000,0.953838,0.994261,0.648613,0.053362
adaptive,250,250,22,A,-0.540064,0.000000,0.000000,0.938133,0.992129,0.653592,0.047112
adaptive,250,250,22,A,0.833789,0.000000,0.000000,0.878376,0.984490,0.578917,0.060950
adaptive,250,250,22,A,-0.477270,0.000000,0.000000,0.949466,0.993765,0.665350,0.046792
adaptive,250,250,22,A,0.211245,0.628628,0.012409,0.993423,0.999225,0.695105,0.047802
adaptive,250,250,22,A,0.380795,0.000000,0.000000,0.976228,0.997051,0.672982,0.050522
adaptive,250,250,22,A,0.036202,0.000000,0.000000,0.999972,1.000012,0.706628,0.046120
adaptive,250,250,22,A,0.538217,0.000000,0.000000,0.950332,0.993794,0.644802,0.053797
adaptive,250,250,22,A,0.141451,0.000000,0.000000,0.997818,0.999716,0.701196,0.046986
adaptive,250,250,22,A,-0.760233,0.019608,0.019415,0.881655,0.984910,0.604808,0.048309
adaptive,250,250,22,A,0.750816,0.000000,0.000000,0.899997,0.987518,0.598614,0.058883
adaptive,250,250,22,A,-0.979271,0.000000,0.000000,0.806993,0.975461,0.548536,0.050176
adaptive,250,250,22,A,-0.852210,0.000000,0.000000,0.854178,0.981215,0.581847,0.048953
adaptive,250,250,22,A,-0.198220,0.019608,0.019415,0.989889,0.998741,0.701345,0.045679
adaptive,250,250,22,A,0.664791,0.000000,0.000000,0.923200,0.990316,0.618180,0.056769
adaptive,250,250,22,A,0.347581,0.365616,0.013196,0.980304,0.997586,0.678061,0.049914
adaptive,250,250,22,A,0.166320,0.019608,0.019415,0.996515,0.999569,0.699245,0.047255
adaptive,250,250,22,A,0.957264,0.019608,0.019415,0.838528,0.979386,0.548591,0.064011
adaptive,250,250,22,A,-0.972180,0.000000,0.000000,0.810415,0.975802,0.550432,0.050095
adaptive,250,250,22,A,0.093176,0.000000,0.000000,0.999417,0.999919,0.704266,0.046534
adaptive,250,250,22,A,0.555661,0.000000,0.000000,0.946687,0.993360,0.641315,0.054192
adaptive,250,250,22,A,-0.262355,0.000000,0.000000,0.982682,0.997929,0.695728,0.045841
adaptive,250,250,22,A,0.083801,0.000000,0.000000,0.999621,0.999945,0.704750,0.046457
adaptive,250,250,22,A,-0.247102,0.000000,0.000000,0.985958,0.998141,0.697219,0.045794
adaptive,250,250,22,A,-0.325601,0.183344,0.009832,0.974735,0.996935,0.688548,0.046074
adaptive,250,250,22,A,-0.562636,0.019608,0.019415,0.932559,0.991495,0.649098,0.047228
adaptive,250,250,22,A,0.421095,0.000000,0.000000,0.969708,0.996330,0.666385,0.051302
adaptive,250,250,22,A,0.289666,0.019608,0.019415,0.986492,0.998392,0.686082,0.048938
adaptive,250,250,22,A,-0.473532,0.000000,0.000000,0.950623,0.993856,0.666014,0.046774
adaptive,250,250,22,A,-0.031903,0.019608,0.019415,0.999263,0.999917,0.707600,0.045793
adaptive,250,250,22,A,0.974891,0.007335,0.004219,0.831335,0.978600,0.544195,0.064442
adaptive,250,250,22,A,0.860454,0.000000,0.000000,0.870473,0.983448,0.572453,0.061614
adaptive,250,250,22,A,-0.483386,0.000000,0.000000,0.949651,0.993613,0.664255,0.046823
adaptive,250,250,22,A,-0.111385,0.000000,0.000000,0.995995,0.999522,0.706136,0.045628
adaptive,250,250,22,A,0.831068,0.000000,0.000000,0.879345,0.984594,0.579573,0.060882
adaptive,250,250,22,A,-0.901291,0.000000,0.000000,0.835174,0.979081,0.569162,0.049371
adaptive,250,250,22,A,0.689348,0.229525,0.013372,0.917250,0.989553,0.612699,0.057367
adaptive,250,250,22,A,0.812919,0.000000,0.000000,0.880156,0.985282,0.583935,0.060429
adaptive,250,250,22,A,-0.739367,0.000000,0.000000,0.888545,0.985692,0.609842,0.048181
adaptive,250,250,22,A,0.985030,0.295248,0.014505,0.827840,0.978141,0.541662,0.064689
adaptive,250,250,22,A,-0.011457,0.000000,0.000000,0.999655,0.999969,0.707523,0.045873
adaptive,250,250,22,A,0.022292,0.000000,0.000000,0.999980,1.000011,0.706992,0.046039
adaptive,250,250,22,A,0.095738,0.000000,0.000000,0.999344,0.999911,0.704127,0.046556
adaptive,250,250,22,A,-0.839913,0.000000,0.000000,0.856304,0.981732,0.584982,0.048857
adaptive,250,250,22,A,0.141327,0.000000,0.000000,0.997820,0.999717,0.701206,0.046985
adaptive,250,250,22,A,-0.542676,0.000000,0.000000,0.937795,0.992057,0.653078,0.047126
adaptive,250,250,22,A,0.969893,0.481595,0.012376,0.832887,0.978825,0.545443,0.064320
adaptive,250,250,22,A,-0.503924,0.000000,0.000000,0.943860,0.993093,0.660498,0.046928
adaptive,250,250,22,A,0.534648,0.000000,0.000000,0.951448,0.993881,0.645507,0.053716
adaptive,250,250,22,A,-0.246172,0.000000,0.000000,0.986165,0.998153,0.697307,0.045792
adaptive,250,250,22,A,0.120790,0.019608,0.019415,0.998650,0.999817,0.702628,0.046781
adaptive,250,250,22,A,-0.185787,0.000000,0.000000,0.990923,0.998875,0.702232,0.045659
adaptive,250,250,22,A,-0.069435,0.000000,0.000000,0.997865,0.999769,0.707259,0.045687
adaptive,250,250,22,A,0.659750,0.000000,0.000000,0.923712,0.990469,0.619294,0.056647
adaptive,250,250,22,A,0.276395,0.000000,0.000000,0.988098,0.998554,0.687762,0.048730
adaptive,250,250,22,A,-0.005115,0.000000,0.000000,0.999768,0.999982,0.707461,0.045901
adaptive,250,250,22,A,-0.067647,0.292447,0.011558,0.997885,0.999777,0.707290,0.045691
adaptive,250,250,22,A,0.257044,0.000000,0.000000,0.990023,0.998775,0.690103,0.048438
adaptive,250,250,22,A,0.086994,0.019608,0.019415,0.999571,0.999937,0.704589,0.046483
adaptive,250,250,22,A,0.120047,0.000000,0.000000,0.998670,0.999820,0.702676,0.046774
adaptive,250,250,22,A,0.636922,0.000000,0.000000,0.928484,0.991147,0.624287,0.056097
adaptive,250,250,22,A,-0.527033,0.283683,0.011729,0.939034,0.992484,0.656124,0.047046
adaptive,250,250,22,A,0.796473,0.075290,0.011593,0.887445,0.985892,0.587861,0.060019
adaptive,250,250,22,A,0.863368,0.000000,0.000000,0.869247,0.983332,0.571744,0.061687
adaptive,250,250,22,A,0.223659,0.000000,0.000000,0.993030,0.999113,0.693826,0.047967
adaptive,250,250,22,A,-0.718800,0.215356,0.012579,0.892787,0.986444,0.614733,0.048061
adaptive,250,250,22,A,-0.410651,0.062857,0.018347,0.961852,0.995293,0.676511,0.046461
adaptive,250,250,22,A,-0.816275,0.000000,0.000000,0.863515,0.982705,0.590955,0.048682
adaptive,250,250,22,A,0.963155,0.000000,0.000000,0.836044,0.979125,0.547123,0.064155
adaptive,250,250,22,A,0.870920,0.000000,0.000000,0.866475,0.983030,0.569901,0.061875
adaptive,250,250,22,A,0.663696,0.278186,0.015687,0.923311,0.990349,0.618422,0.056742
adaptive,250,250,22,A,-0.119055,0.000000,0.000000,0.995683,0.999468,0.705846,0.045623
adaptive,250,250,22,A,-0.559141,0.000000,0.000000,0.933137,0.991595,0.649802,0.047210
adaptive,250,250,22,A,0.993421,0.000000,0.000000,0.824813,0.977758,0.539563,0.064893
adaptive,250,250,22,A,-0.143061,0.879558,0.010819,0.994251,0.999279,0.704771,0.045621
adaptive,250,250,22,A,-0.734650,0.000000,0.000000,0.888965,0.985866,0.610970,0.048153
adaptive,250,250,22,A,0.615531,0.000000,0.000000,0.934696,0.991760,0.628887,0.055587
adaptive,250,250,22,A,0.697865,0.005714,0.005698,0.916123,0.989282,0.610777,0.057576
adaptive,250,250,22,A,0.146653,0.000000,0.000000,0.997637,0.999688,0.700809,0.047040
adaptive,250,250,22,A,-0.604950,0.049545,0.006900,0.922750,0.990241,0.640324,0.047446
adaptive,250,250,22,A,0.229675,0.005714,0.005698,0.992580,0.999056,0.693185,0.048049
adaptive,250,250,22,A,0.711746,0.000000,0.000000,0.912483,0.988832,0.607624,0.057917
adaptive,250,250,22,A,-0.027119,0.164216,0.012969,0.999254,0.999931,0.707599,0.045810
adaptive,250,250,22,A,-0.041997,0.000000,0.000000,0.999107,0.999884,0.707570,0.045760
adaptive,250,250,22,A,-0.348268,0.000000,0.000000,0.972714,0.996531,0.685598,0.046171
adaptive,250,250,22,A,-0.054741,0.000000,0.000000,0.998547,0.999835,0.707467,0.045723
adaptive,250,250,22,A,0.035551,0.000000,0.000000,0.999977,1.000013,0.706647,0.046116
adaptive,250,250,22,A,0.859609,0.000000,0.000000,0.870829,0.983482,0.572659,0.061593
adaptive,250,250,22,A,0.155409,0.150072,0.009593,0.996565,0.999637,0.700132,0.047134
adaptive,250,250,22,A,-0.682919,0.000000,0.000000,0.901892,0.987706,0.623081,0.047859
adaptive,250,250,22,A,-0.865110,0.000000,0.000000,0.848700,0.980665,0.578539,0.049057
adaptive,250,250,22,A,-0.619707,0.000000,0.000000,0.917908,0.989783,0.637163,0.047523
adaptive,250,250,22,A,-0.718475,0.000000,0.000000,0.892894,0.986456,0.614809,0.048059
fixed,400,250,48,fcl,0.530494,0.000000,0.000000,0.000000,0.613150,0.003518,0.026766
fixed,400,250,48,fcl,0.885999,0.000000,0.000000,0.000000,0.553974,-0.001417,0.014217
fixed,400,250,48,fcl,0.207351,0.000000,0.000000,0.411949,0.864736,0.168552,0.030618
fixed,400,250,48,fcl,0.346726,0.000000,0.000000,0.000000,0.740041,-0.017453,0.027791
fixed,400,250,48,fcl,0.390640,0.000000,0.000000,0.000000,0.702684,-0.012533,0.026361
fixed,400,250,48,fcl,0.370384,0.000000,0.000000,0.000000,0.719417,-0.016306,0.027437
fixed,400,250,48,fcl,-0.083585,0.112500,0.015799,0.874103,0.941532,0.605788,0.029944
fixed,400,250,48,fcl,0.230253,0.000000,0.000000,0.284534,0.845160,0.113550,0.026301
fixed,400,250,48,fcl,-0.349588,0.000000,0.000000,0.214076,0.232908,0.043043,0.035034
fixed,400,250,48,fcl,0.463345,0.000000,0.000000,0.000000,0.651883,0.001371,0.024661
fixed,400,250,48,fcl,-0.958476,0.000000,0.000000,0.000000,0.265736,0.018842,0.051805
fixed,400,250,48,fcl,-0.476198,0.000000,0.000000,0.000000,0.347971,-0.006717,0.037785
fixed,400,250,48,fcl,0.060832,0.122500,0.016393,0.943820,0.978886,0.509373,0.045318
fixed,400,250,48,fcl,-0.883035,0.000000,0.000000,0.000000,0.348713,0.008415,0.037560
fixed,400,250,48,fcl,-0.172748,0.000000,0.000000,0.570834,0.734588,0.355757,0.033390
fixed,400,250,48,fcl,0.013718,0.000000,0.000000,0.996323,0.998585,0.582779,0.043233
fixed,400,250,48,fcl,0.431038,0.000000,0.000000,0.000000,0.672672,-0.003486,0.024589
fixed,400,250,48,fcl,-0.326152,0.195000,0.019810,0.282667,0.262370,0.057313,0.036749
fixed,400,250,48,fcl,-0.313162,0.000000,0.000000,0.311808,0.291558,0.066868,0.037533
fixed,400,250,48,fcl,0.267045,0.017500,0.006556,0.075216,0.812677,0.041187,0.022251
fixed,400,250,48,fcl,-0.757919,0.000000,0.000000,0.000000,0.432583,-0.010963,0.024391
fixed,400,250,48,fcl,-0.054907,0.000000,0.000000,0.944956,0.976183,0.626767,0.033883
fixed,400,250,48,fcl,0.740539,0.172500,0.018891,0.000000,0.500233,-0.000399,0.019807
fixed,400,250,48,fcl,0.349573,0.000000,0.000000,0.000000,0.737522,-0.017587,0.027823
fixed,400,250,48,fcl,-0.653461,0.000000,0.000000,0.000000,0.506916,-0.019484,0.040733
fixed,400,250,48,fcl,0.024199,0.215000,0.020541,0.990147,0.996047,0.568687,0.044033
fixed,400,250,48,fcl,-0.654405,0.000000,0.000000,0.000000,0.506917,-0.019496,0.040659
fixed,400,250,48,fcl,-0.293888,0.000000,0.000000,0.350252,0.343027,0.084385,0.038320
fixed,400,250,48,fcl,-0.458148,0.000000,0.000000,0.000000,0.325296,-0.002919,0.035878
fixed,400,250,48,fcl,-0.831849,0.000000,0.000000,0.000000,0.384663,0.000969,0.027598
fixed,400,250,48,fcl,-0.824860,0.000000,0.000000,0.000000,0.387899,-0.000078,0.026291
fixed,400,250,48,fcl,-0.282479,0.000000,0.000000,0.365472,0.376827,0.097182,0.038544
fixed,400,250,48,fcl,-0.719684,0.000000,0.000000,0.000000,0.474635,-0.016409,0.031883
fixed,400,250,48,fcl,-0.573763,0.322500,0.023372,0.000000,0.464952,-0.015791,0.043444
fixed,400,250,48,fcl,0.430276,0.000000,0.000000,0.000000,0.673191,-0.003636,0.024601
fixed,400,250,48,fcl,0.617631,0.000000,0.000000,0.000000,0.559902,0.001785,0.032869
fixed,400,250,48,fcl,-0.762977,0.000000,0.000000,0.000000,0.426905,-0.010126,0.023582
fixed,400,250,48,fcl,-0.240432,0.160000,0.018330,0.420353,0.513032,0.165303,0.037873
fixed,400,250,48,fcl,0.804347,0.000000,0.000000,0.000000,0.506180,-0.001291,0.017646
fixed,400,250,48,fcl,-0.458473,0.000000,0.000000,0.000000,0.325701,-0.002998,0.035911
fixed,400,250,48,fcl,-0.688293,0.000000,0.000000,0.000000,0.497932,-0.018946,0.037049
fixed,400,250,48,fcl,0.609541,0.000000,0.000000,0.000000,0.564986,0.001955,0.032859
fixed,400,250,48,fcl,0.042113,0.000000,0.000000,0.971550,0.989002,0.541511,0.044943
fixed,400,250,48,fcl,-0.863102,0.000000,0.000000,0.000000,0.365337,0.005540,0.033659
fixed,400,250,48,fcl,0.742719,0.000000,0.000000,0.000000,0.499855,-0.000430,0.019644
fixed,400,250,48,fcl,-0.134730,0.000000,0.000000,0.699816,0.839753,0.485111,0.029902
fixed,400,250,48,fcl,-0.074084,0.477500,0.024975,0.900184,0.954826,0.616248,0.031053
fixed,400,250,48,fcl,-0.125833,0.175000,0.018998,0.732605,0.861077,0.512838,0.029255
fixed,400,250,48,fcl,-0.093083,0.510000,0.024995,0.844803,0.926438,0.591494,0.029144
fixed,400,250,48,fcl,-0.196674,0.000000,0.000000,0.499670,0.659341,0.278079,0.035341
fixed,400,250,48,fcl,0.448244,0.000000,0.000000,0.000000,0.661270,-0.000516,0.024512
fixed,400,250,48,fcl,0.014128,0.255000,0.021793,0.996174,0.998528,0.582255,0.043268
fixed,400,250,48,fcl,-0.144388,0.210000,0.020365,0.665824,0.815117,0.453196,0.030745
fixed,400,250,48,fcl,-0.811412,0.455000,0.024899,0.000000,0.393447,-0.002141,0.024002
fixed,400,250,48,fcl,0.680269,0.000000,0.000000,0.000000,0.523203,0.000566,0.026858
fixed,400,250,48,fcl,-0.768786,0.000000,0.000000,0.000000,0.420442,-0.009152,0.022802
fixed,400,250,48,fcl,0.428893,0.000000,0.000000,0.000000,0.674133,-0.003913,0.024626
fixed,400,250,48,fcl,-0.078314,0.750000,0.021651,0.888736,0.949052,0.612051,0.030526
fixed,400,250,48,fcl,0.809082,0.000000,0.000000,0.000000,0.508009,-0.001354,0.017770
fixed,400,250,48,fcl,0.585416,0.000000,0.000000,0.000000,0.580138,0.002474,0.031746
fixed,400,250,48,fcl,0.893555,0.000000,0.000000,0.000000,0.558917,-0.001211,0.012385
fixed,400,250,48,fcl,0.764809,0.000000,0.000000,0.000000,0.497975,-0.000738,0.018254
fixed,400,250,48,fcl,0.069947,0.070000,0.012757,0.926508,0.973167,0.492442,0.045305
fixed,400,250,48,fcl,0.566562,0.000000,0.000000,0.000000,0.591780,0.002880,0.030076
fixed,400,250,48,fcl,-0.552465,0.000000,0.000000,0.000000,0.442625,-0.014484,0.043164
fixed,400,250,48,fcl,0.201313,0.380000,0.024269,0.442851,0.869819,0.183699,0.031769
fixed,400,250,48,fcl,-0.061959,0.000000,0.000000,0.929787,0.969011,0.624434,0.032781
fixed,400,250,48,fcl,-0.830362,0.000000,0.000000,0.000000,0.385415,0.000748,0.027316
fixed,400,250,48,fcl,-0.412364,0.000000,0.000000,0.000000,0.271991,0.012447,0.032616
fixed,400,250,48,fcl,0.849715,0.000000,0.000000,0.000000,0.530180,-0.001729,0.018646
fixed,400,250,48,fcl,0.693082,0.000000,0.000000,0.000000,0.516884,0.000343,0.024970
fixed,400,250,48,fcl,0.482458,0.000000,0.000000,0.000000,0.640570,0.002840,0.024948
fixed,400,250,48,fcl,-0.255300,0.110000,0.015644,0.399815,0.463411,0.137001,0.038355
fixed,400,250,48,fcl,0.842421,0.000000,0.000000,0.000000,0.525681,-0.001697,0.018719
fixed,400,250,48,fcl,0.791385,0.000000,0.000000,0.000000,0.501843,-0.001111,0.017503
fixed,400,250,48,fcl,0.290058,0.000000,0.000000,0.000000,0.791759,0.010878,0.023371
fixed,400,250,48,fcl,0.006735,0.252500,0.021722,0.998859,0.999551,0.591345,0.042588
fixed,400,250,48,fcl,0.846619,0.000000,0.000000,0.000000,0.528263,-0.001718,0.018701
fixed,400,250,48,fcl,0.916960,0.000000,0.000000,0.000000,0.573554,-0.000127,0.008360
fixed,400,250,48,fcl,-0.696833,0.000000,0.000000,0.000000,0.492855,-0.018458,0.035818
fixed,400,250,48,fcl,-0.466164,0.000000,0.000000,0.000000,0.335297,-0.004751,0.036718
fixed,400,250,48,fcl,0.657106,0.000000,0.000000,0.000000,0.535918,0.000994,0.030086
fixed,400,250,48,fcl,-0.808399,0.000000,0.000000,0.000000,0.394644,-0.002613,0.023559
fixed,400,250,48,fcl,0.494731,0.000000,0.000000,0.000000,0.633522,0.003335,0.025185
fixed,400,250,48,fcl,0.259906,0.000000,0.000000,0.112608,0.819075,0.053104,0.022496
fixed,400,250,48,fcl,-0.926852,0.000000,0.000000,0.000000,0.302868,0.014621,0.046123
fixed,400,250,48,fcl,-0.279721,0.000000,0.000000,0.368529,0.385262,0.100592,0.038570
fixed,400,250,48,fcl,-0.189681,0.097500,0.014832,0.518686,0.681838,0.299879,0.034810
fixed,400,250,48,fcl,0.210990,0.000000,0.000000,0.390787,0.861651,0.159518,0.029919
fixed,400,250,48,fcl,-0.307569,0.000000,0.000000,0.324735,0.305475,0.071489,0.037812
fixed,400,250,48,fcl,0.827382,0.000000,0.000000,0.000000,0.516982,-0.001572,0.018404
fixed,400,250,48,fcl,0.889452,0.000000,0.000000,0.000000,0.556256,-0.001331,0.013407
fixed,400,250,48,fcl,-0.512986,0.005000,0.003527,0.000000,0.394978,-0.011536,0.041214
fixed,400,250,48,fcl,-0.971478,0.020000,0.007000,0.000000,0.250552,0.020477,0.053908
fixed,400,250,48,fcl,-0.853555,0.000000,0.000000,0.000000,0.372121,0.004156,0.031799
fixed,400,250,48,fcl,0.618228,0.000000,0.000000,0.000000,0.559528,0.001773,0.032861
fixed,400,250,48,fcl,0.082282,0.132500,0.016952,0.899267,0.964795,0.468260,0.045099
fixed,400,250,48,fcl,-0.667257,0.000000,0.000000,0.000000,0.505579,-0.019527,0.039516
fixed,400,250,48,fcl,-0.738811,0.000000,0.000000,0.000000,0.454764,-0.013935,0.028065
fixed,400,250,48,fcl,0.067446,0.057500,0.011640,0.931868,0.974803,0.497168,0.045321
fixed,400,250,48,fcl,0.712517,0.000000,0.000000,0.000000,0.508557,0.000023,0.022428
fixed,400,250,48,fcl,-0.892468,0.000000,0.000000,0.000000,0.339793,0.009769,0.039417
fixed,400,250,48,fcl,0.457267,0.000000,0.000000,0.000000,0.655585,0.000693,0.024587
fixed,400,250,48,fcl,-0.900477,0.000000,0.000000,0.000000,0.331783,0.010914,0.040996
fixed,400,250,48,fcl,0.573929,0.000000,0.000000,0.000000,0.587259,0.002722,0.030780
fixed,400,250,48,fcl,0.699911,0.000000,0.000000,0.000000,0.513738,0.000228,0.024015
fixed,400,250,48,fcl,-0.342385,0.000000,0.000000,0.238812,0.238373,0.047129,0.035581
fixed,400,250,48,fcl,-0.299574,0.000000,0.000000,0.340528,0.327039,0.078728,0.038140
fixed,400,250,48,fcl,-0.404876,0.030000,0.008529,0.002804,0.264127,0.015683,0.032498
fixed,400,250,48,fcl,-0.155012,0.000000,0.000000,0.630260,0.786347,0.416838,0.031744
fixed,400,250,48,fcl,0.365250,0.000000,0.000000,0.000000,0.723797,-0.016937,0.027622
fixed,400,250,48,fcl,-0.337459,0.000000,0.000000,0.254604,0.243513,0.050057,0.035949
fixed,400,250,48,fcl,0.968453,0.000000,0.000000,0.000000,0.598917,0.004623,0.026787
fixed,400,250,48,fcl,-0.956759,0.000000,0.000000,0.000000,0.267767,0.018621,0.051516
fixed,400,250,48,fcl,0.673875,0.000000,0.000000,0.000000,0.526582,0.000681,0.027803
fixed,400,250,48,fcl,-0.358903,0.222500,0.020796,0.179511,0.231084,0.038022,0.034340
fixed,400,250,48,fcl,0.617125,0.000000,0.000000,0.000000,0.560220,0.001796,0.032874
fixed,400,250,48,fcl,-0.336609,0.000000,0.000000,0.257272,0.244448,0.050576,0.036012
fixed,400,250,48,fcl,0.335080,0.000000,0.000000,0.000000,0.750527,-0.015901,0.027425
fixed,400,250,48,fcl,-0.710654,0.000000,0.000000,0.000000,0.482612,-0.017346,0.033543
fixed,400,250,48,fcl,-0.290504,0.000000,0.000000,0.355170,0.352877,0.087970,0.038406
fixed,400,250,48,fcl,0.141216,0.035000,0.009189,0.717807,0.919312,0.335534,0.041122
fixed,400,250,48,fcl,-0.745282,0.370000,0.024140,0.000000,0.447312,-0.012972,0.026758
fixed,400,250,48,fcl,0.325617,0.000000,0.000000,0.000000,0.759136,-0.013272,0.026852
fixed,400,250,48,fcl,0.454506,0.052500,0.011152,0.000000,0.657325,0.000349,0.024559
fixed,400,250,48,fcl,0.862076,0.000000,0.000000,0.000000,0.538160,-0.001724,0.017984
fixed,400,250,48,fcl,0.406009,0.000000,0.000000,0.000000,0.690692,-0.008995,0.025472
fixed,400,250,48,fcl,0.914733,0.000000,0.000000,0.000000,0.572212,-0.000262,0.008316
fixed,400,250,48,fcl,-0.625080,0.265000,0.022067,0.000000,0.501193,-0.018612,0.042419
fixed,400,250,48,fcl,-0.390825,0.000000,0.000000,0.040433,0.250526,0.022126,0.032638
fixed,400,250,48,fcl,0.190351,0.000000,0.000000,0.499260,0.878989,0.211532,0.033800
fixed,400,250,48,fcl,0.473318,0.000000,0.000000,0.000000,0.645914,0.002255,0.024803
fixed,400,250,48,fcl,0.988181,0.000000,0.000000,0.000000,0.605204,0.006993,0.034239
fixed,400,250,48,fcl,0.871159,0.000000,0.000000,0.000000,0.544147,-0.001662,0.016961
fixed,400,250,48,fcl,0.225709,0.000000,0.000000,0.312110,0.849092,0.124047,0.027124
fixed,400,250,48,fcl,-0.411855,0.000000,0.000000,0.000000,0.271447,0.012662,0.032604
fixed,400,250,48,fcl,-0.760907,0.000000,0.000000,0.000000,0.429208,-0.010471,0.023900
fixed,400,250,48,fcl,0.274149,0.000000,0.000000,0.034223,0.806254,0.030499,0.022317
fixed,400,250,48,fcl,-0.735019,0.000000,0.000000,0.000000,0.458884,-0.014473,0.028838
fixed,400,250,48,fcl,0.784395,0.000000,0.000000,0.000000,0.500185,-0.001012,0.017567
fixed,400,250,48,fcl,0.425640,0.000000,0.000000,0.000000,0.676393,-0.004581,0.024697
fixed,400,250,48,fcl,0.375294,0.000000,0.000000,0.000000,0.715258,-0.015554,0.027218
fixed,400,250,48,fcl,0.710828,0.000000,0.000000,0.000000,0.509193,0.000050,0.022625
fixed,400,250,48,fcl,-0.318983,0.000000,0.000000,0.298574,0.277858,0.062399,0.037203
fixed,400,250,48,fcl,-0.105386,0.842500,0.018214,0.805692,0.904424,0.567068,0.028667
fixed,400,250,48,fcl,0.122803,0.000000,0.000000,0.784895,0.934082,0.379623,0.042921
fixed,400,250,48,fcl,0.555915,0.000000,0.000000,0.000000,0.598217,0.003099,0.029015
fixed,400,250,48,fcl,-0.893626,0.000000,0.000000,0.000000,0.338643,0.009935,0.039646
fixed,400,250,48,fcl,-0.230248,0.000000,0.000000,0.435974,0.547354,0.187618,0.037418
fixed,400,250,48,fcl,0.701416,0.000000,0.000000,0.000000,0.513095,0.000203,0.023813
fixed,400,250,48,fcl,-0.441461,0.000000,0.000000,0.000000,0.305026,0.001711,0.034288
fixed,400,250,48,fcl,-0.939191,0.000000,0.000000,0.000000,0.288528,0.016304,0.048422
fixed,400,250,48,fcl,0.746063,0.000000,0.000000,0.000000,0.499274,-0.000477,0.019404
fixed,400,250,48,fcl,-0.209993,0.067500,0.012544,0.470472,0.615394,0.239199,0.036262
fixed,400,250,48,fcl,-0.875096,0.000000,0.000000,0.000000,0.355711,0.007271,0.036002
fixed,400,250,48,fcl,-0.143834,0.000000,0.000000,0.667765,0.816541,0.455065,0.030694
fixed,400,250,48,fcl,0.841571,0.000000,0.000000,0.000000,0.525158,-0.001691,0.018716
fixed,400,250,48,fcl,0.027956,0.060000,0.011874,0.986911,0.994780,0.563297,0.044271
fixed,400,250,48,fcl,-0.423304,0.000000,0.000000,0.000000,0.283989,0.008038,0.033033
fixed,400,250,48,fcl,0.092969,0.000000,0.000000,0.873835,0.957076,0.446185,0.044749
fixed,400,250,48,fcl,-0.595967,0.000000,0.000000,0.000000,0.484216,-0.017097,0.043278
fixed,400,250,48,fcl,-0.946821,0.000000,0.000000,0.000000,0.279519,0.017323,0.049795
fixed,400,250,48,fcl,-0.560326,0.000000,0.000000,0.000000,0.451255,-0.014975,0.043323
fixed,400,250,48,fcl,0.535182,0.000000,0.000000,0.000000,0.610440,0.003459,0.027120
fixed,400,250,48,fcl,0.150932,0.000000,0.000000,0.679265,0.911428,0.311562,0.039957
fixed,400,250,48,fcl,0.895397,0.000000,0.000000,0.000000,0.560111,-0.001151,0.011914
fixed,400,250,48,fcl,0.155233,0.035000,0.009189,0.662942,0.907927,0.300824,0.039393
fixed,400,250,48,fcl,0.275985,0.000000,0.000000,0.023630,0.804595,0.027931,0.022381
fixed,400,250,48,fcl,0.439479,0.000000,0.000000,0.000000,0.666983,-0.001924,0.024505
fixed,400,250,48,fcl,-0.579938,0.000000,0.000000,0.000000,0.470797,-0.016159,0.043442
fixed,400,250,48,fcl,-0.784288,0.000000,0.000000,0.000000,0.406941,-0.006538,0.021780
fixed,400,250,48,fcl,-0.186478,0.000000,0.000000,0.527527,0.692120,0.310144,0.034556
fixed,400,250,48,fcl,-0.352545,0.322500,0.023372,0.202892,0.231948,0.041421,0.034810
fixed,400,250,48,fcl,-0.325519,0.000000,0.000000,0.284071,0.263737,0.057745,0.036791
fixed,400,250,48,fcl,-0.490905,0.000000,0.000000,0.000000,0.366766,-0.009029,0.039293
fixed,400,250,48,fcl,-0.881311,0.000000,0.000000,0.000000,0.350306,0.008167,0.037221
fixed,400,250,48,fcl,0.559145,0.000000,0.000000,0.000000,0.596277,0.003034,0.029338
fixed,400,250,48,fcl,-0.005223,0.022500,0.007415,0.999201,0.999815,0.604307,0.041282
fixed,400,250,48,fcl,-0.314142,0.000000,0.000000,0.309542,0.289119,0.066092,0.037480
fixed,400,250,48,fcl,-0.225378,0.000000,0.000000,0.443201,0.563787,0.199148,0.037169
fixed,400,250,48,fcl,0.247472,0.000000,0.000000,0.183979,0.830122,0.076492,0.023637
fixed,400,250,48,fcl,-0.106040,0.737500,0.022000,0.803453,0.903128,0.565584,0.028661
fixed,400,250,48,fcl,0.923372,0.000000,0.000000,0.000000,0.577292,0.000302,0.009270
fixed,400,250,48,fcl,0.788597,0.000000,0.000000,0.000000,0.501043,-0.001071,0.017516
fixed,400,250,48,fcl,0.391300,0.000000,0.000000,0.000000,0.702158,-0.012387,0.026321
fixed,400,250,48,fcl,-0.829802,0.000000,0.000000,0.000000,0.385698,0.000664,0.027210
fixed,400,250,48,fcl,0.213111,0.257500,0.021863,0.378458,0.859853,0.154295,0.029511
fixed,400,250,48,fcl,-0.241222,0.000000,0.000000,0.419033,0.510375,0.163672,0.037905
fixed,400,250,48,fcl,0.702523,0.000000,0.000000,0.000000,0.512623,0.000184,0.023666
fixed,400,250,48,fcl,0.017475,0.000000,0.000000,0.994335,0.997779,0.577892,0.043543
fixed,400,250,48,fcl,0.533737,0.000000,0.000000,0.000000,0.611275,0.003479,0.027007
fixed,400,250,48,fcl,0.829373,0.000000,0.000000,0.000000,0.518039,-0.001592,0.018468
fixed,400,250,48,fcl,-0.526381,0.000000,0.000000,0.000000,0.411775,-0.012679,0.042100
fixed,400,250,48,fcl,0.535614,0.000000,0.000000,0.000000,0.610190,0.003453,0.027154
fixed,400,250,48,fcl,0.942535,0.000000,0.000000,0.000000,0.587587,0.001894,0.016011
fixed,400,250,48,fcl,0.863278,0.000000,0.000000,0.000000,0.538951,-0.001719,0.017876
fixed,400,250,48,fcl,-0.252761,0.000000,0.000000,0.402853,0.471843,0.141484,0.038289
fixed,400,250,48,fcl,0.402865,0.000000,0.000000,0.000000,0.693109,-0.009732,0.025642
fixed,400,250,48,fcl,-0.576882,0.000000,0.000000,0.000000,0.467997,-0.015977,0.043447
fixed,400,250,48,fcl,0.386193,0.000000,0.000000,0.000000,0.706248,-0.013489,0.026625
fixed,400,250,48,fcl,0.328179,0.000000,0.000000,0.000000,0.756800,-0.014117,0.027030
fixed,400,250,48,fcl,0.800044,0.000000,0.000000,0.000000,0.504521,-0.001232,0.017563
fixed,400,250,48,fcl,0.651355,0.000000,0.000000,0.000000,0.539283,0.001105,0.030755
fixed,400,250,48,fcl,-0.949934,0.000000,0.000000,0.000000,0.275840,0.017733,0.050343
fixed,400,250,48,fcl,0.727327,0.000000,0.000000,0.000000,0.503491,-0.000205,0.020902
fixed,400,250,48,fcl,-0.559925,0.250000,0.021651,0.000000,0.450832,-0.014950,0.043317
fixed,400,250,48,fcl,-0.373932,0.192500,0.019713,0.119661,0.237203,0.030337,0.033355
fixed,400,250,48,fcl,0.987124,0.000000,0.000000,0.000000,0.604905,0.006862,0.033863
fixed,400,250,48,fcl,0.879681,0.000000,0.000000,0.000000,0.549801,-0.001545,0.015544
fixed,400,250,48,fcl,-0.874249,0.082500,0.013756,0.000000,0.356427,0.007149,0.035836
fixed,400,250,48,fcl,0.875695,0.000000,0.000000,0.000000,0.547157,-0.001607,0.016263
fixed,400,250,48,fcl,0.084894,0.562500,0.024804,0.893364,0.962972,0.462959,0.045028
fixed,400,250,48,fcl,-0.180875,0.000000,0.000000,0.545007,0.709622,0.328471,0.034094
fixed,400,250,48,fcl,0.421105,0.000000,0.000000,0.000000,0.679614,-0.005550,0.024825
fixed,400,250,48,fcl,-0.080348,0.512500,0.024992,0.883091,0.946151,0.609772,0.030291
fixed,400,250,48,fcl,0.541396,0.000000,0.000000,0.000000,0.606815,0.003366,0.027639
fixed,400,250,48,fcl,0.715744,0.000000,0.000000,0.000000,0.507342,-0.000028,0.022064
fixed,400,250,48,fcl,0.063046,0.000000,0.000000,0.940170,0.977557,0.505335,0.045326
fixed,400,250,48,fcl,0.363330,0.000000,0.000000,0.000000,0.725462,-0.017127,0.027678
fixed,400,250,48,fcl,0.345573,0.000000,0.000000,0.000000,0.741078,-0.017372,0.027772
fixed,400,250,48,fcl,-0.112777,0.197500,0.019906,0.779952,0.889495,0.549272,0.028698
fixed,400,250,48,fcl,0.574409,0.000000,0.000000,0.000000,0.586963,0.002712,0.030824
fixed,400,250,48,fcl,0.048447,0.145000,0.017605,0.962983,0.985866,0.531046,0.045133
fixed,400,250,48,fcl,0.223477,0.000000,0.000000,0.323486,0.851002,0.129292,0.027538
fixed,400,250,48,fcl,0.417762,0.000000,0.000000,0.000000,0.681988,-0.006288,0.024940
fixed,400,250,48,fcl,-0.388585,0.000000,0.000000,0.050392,0.248463,0.023189,0.032702
fixed,400,250,48,fcl,0.185118,0.000000,0.000000,0.526380,0.883345,0.224900,0.034731
fixed,400,250,48,fcl,0.085406,0.527500,0.024962,0.892208,0.962614,0.461913,0.045013
fixed,400,250,48,fcl,-0.393646,0.000000,0.000000,0.027896,0.253122,0.020800,0.032574
fixed,400,250,48,fcl,0.811935,0.000000,0.000000,0.000000,0.509326,-0.001391,0.017858
fixed,400,250,48,fcl,0.780203,0.000000,0.000000,0.000000,0.499329,-0.000953,0.017655
fixed,400,250,48,fcl,-0.070933,0.177500,0.019105,0.908210,0.958685,0.618912,0.031474
fixed,400,250,48,fcl,0.066176,0.000000,0.000000,0.934589,0.975633,0.499545,0.045325
fixed,400,250,48,fcl,0.078510,0.000000,0.000000,0.907789,0.967428,0.475805,0.045185
fixed,400,250,48,fcl,0.713039,0.000000,0.000000,0.000000,0.508361,0.000015,0.022368
fixed,400,250,48,fcl,0.207284,0.000000,0.000000,0.412340,0.864793,0.168719,0.030631
fixed,400,250,48,fcl,-0.609342,0.000000,0.000000,0.000000,0.493337,-0.017838,0.042977
fixed,400,250,48,fcl,0.423197,0.000000,0.000000,0.000000,0.678128,-0.005098,0.024762
fixed,400,250,48,fcl,0.253933,0.000000,0.000000,0.145404,0.824401,0.063942,0.022939
fixed,400,250,48,fcl,0.858848,0.000000,0.000000,0.000000,0.536043,-0.001734,0.018232
fixed,400,250,48,fcl,-0.214383,0.162500,0.018445,0.462487,0.600747,0.227220,0.036538
fixed,400,250,48,fcl,0.022347,0.027500,0.008177,0.991301,0.996524,0.571279,0.043906
fixed,400,250,48,fcl,-0.342702,0.000000,0.000000,0.237795,0.238042,0.046945,0.035557
fixed,400,250,48,fcl,-0.459600,0.000000,0.000000,0.000000,0.327107,-0.003269,0.036028
fixed,400,250,48,fcl,-0.640685,0.387500,0.024359,0.000000,0.505794,-0.019200,0.041614
fixed,400,250,48,fcl,-0.093217,0.082500,0.013756,0.844379,0.926219,0.591263,0.029135
fixed,400,250,48,fcl,-0.067202,0.000000,0.000000,0.917713,0.963256,0.621570,0.032000
fixed,400,250,48,fcl,0.892077,0.000000,0.000000,0.000000,0.557958,-0.001256,0.012759
fixed,400,250,48,fcl,-0.389500,0.000000,0.000000,0.046323,0.249306,0.022754,0.032675
fixed,400,250,48,fcl,0.902601,0.000000,0.000000,0.000000,0.564722,-0.000877,0.010104
fixed,400,250,48,fsb,0.878768,0.000000,0.000000,0.000000,0.814266,0.002111,0.024961
fixed,400,250,48,fsb,0.614095,0.000000,0.000000,0.264070,0.850673,0.095986,0.042897
fixed,400,250,48,fsb,-0.436122,0.000000,0.000000,0.000000,0.499861,0.036996,0.025326
fixed,400,250,48,fsb,0.596171,0.000000,0.000000,0.267089,0.844902,0.107714,0.041516
fixed,400,250,48,fsb,0.422129,0.000000,0.000000,0.214465,0.785925,0.170260,0.035771
fixed,400,250,48,fsb,-0.522320,0.000000,0.000000,0.024110,0.498928,0.074753,0.033410
fixed,400,250,48,fsb,0.506263,0.112500,0.015799,0.251778,0.812126,0.160327,0.031929
fixed,400,250,48,fsb,-0.482374,0.000000,0.000000,0.000452,0.499401,0.058258,0.027540
fixed,400,250,48,fsb,-0.962550,0.000000,0.000000,0.044540,0.498535,0.035927,0.032785
fixed,400,250,48,fsb,-0.895354,0.000000,0.000000,0.000000,0.499168,0.012526,0.037078
fixed,400,250,48,fsb,-0.401581,0.000000,0.000000,0.004217,0.500006,0.025746,0.030347
fixed,400,250,48,fsb,0.106927,0.000000,0.000000,0.598418,0.911906,0.542376,0.048347
fixed,400,250,48,fsb,0.785722,0.122500,0.016393,0.008886,0.854941,0.009719,0.017321
fixed,400,250,48,fsb,-0.659222,0.000000,0.000000,0.000000,0.498838,0.035203,0.027744
fixed,400,250,48,fsb,-0.873795,0.000000,0.000000,0.000000,0.499350,0.005655,0.037671
fixed,400,250,48,fsb,-0.722068,0.000000,0.000000,0.000000,0.499394,0.000082,0.024197
fixed,400,250,48,fsb,-0.339900,0.000000,0.000000,0.000000,0.499980,0.016206,0.034165
fixed,400,250,48,fsb,-0.345580,0.195000,0.019810,0.000000,0.499923,0.016359,0.034368
fixed,400,250,48,fsb,0.838217,0.000000,0.000000,0.000000,0.834177,0.002841,0.019650
fixed,400,250,48,fsb,-0.010551,0.017500,0.006556,0.992821,0.998623,0.585975,0.041510
fixed,400,250,48,fsb,0.545565,0.000000,0.000000,0.266740,0.826657,0.140349,0.035753
fixed,400,250,48,fsb,-0.263217,0.000000,0.000000,0.000000,0.517195,0.041433,0.027665
fixed,400,250,48,fsb,-0.440039,0.172500,0.018891,0.000000,0.499830,0.038547,0.024987
fixed,400,250,48,fsb,-0.299060,0.000000,0.000000,0.000000,0.503038,0.022081,0.030296
fixed,400,250,48,fsb,0.167528,0.000000,0.000000,0.380890,0.846744,0.429413,0.049386
fixed,400,250,48,fsb,0.471340,0.215000,0.020541,0.234233,0.800080,0.169412,0.031339
fixed,400,250,48,fsb,0.833090,0.000000,0.000000,0.000000,0.836507,0.003143,0.018834
fixed,400,250,48,fsb,0.335611,0.000000,0.000000,0.198930,0.774531,0.187876,0.043328
fixed,400,250,48,fsb,0.955215,0.000000,0.000000,0.000000,0.777074,0.005336,0.039521
fixed,400,250,48,fsb,-0.900138,0.000000,0.000000,0.000000,0.499129,0.014146,0.036887
fixed,400,250,48,fsb,-0.793195,0.000000,0.000000,0.000000,0.500004,-0.010163,0.035015
fixed,400,250,48,fsb,-0.683568,0.000000,0.000000,0.000000,0.499067,0.019556,0.024133
fixed,400,250,48,fsb,-0.147873,0.000000,0.000000,0.075312,0.739316,0.235419,0.041238
fixed,400,250,48,fsb,-0.504560,0.322500,0.023372,0.008322,0.499138,0.068382,0.031051
fixed,400,250,48,fsb,-0.082355,0.000000,0.000000,0.583289,0.911955,0.422222,0.041479
fixed,400,250,48,fsb,0.189957,0.000000,0.000000,0.324021,0.827417,0.386157,0.049103
fixed,400,250,48,fsb,-0.498323,0.000000,0.000000,0.003153,0.499212,0.065718,0.030090
fixed,400,250,48,fsb,-0.437163,0.160000,0.018330,0.000000,0.499854,0.037403,0.025227
fixed,400,250,48,fsb,0.049436,0.000000,0.000000,0.872263,0.974433,0.610902,0.044736
fixed,400,250,48,fsb,0.327744,0.000000,0.000000,0.193865,0.774685,0.193006,0.043651
fixed,400,250,48,fsb,0.934512,0.000000,0.000000,0.000000,0.786480,0.004018,0.035036
fixed,400,250,48,fsb,0.493575,0.000000,0.000000,0.239566,0.807614,0.164638,0.031336
fixed,400,250,48,fsb,-0.706226,0.000000,0.000000,0.000000,0.499253,0.007003,0.023042
fixed,400,250,48,fsb,0.037470,0.000000,0.000000,0.919428,0.984303,0.615219,0.043916
fixed,400,250,48,fsb,-0.058430,0.000000,0.000000,0.784500,0.956392,0.488011,0.041051
fixed,400,250,48,fsb,-0.813869,0.000000,0.000000,0.000000,0.499953,-0.008055,0.036718
fixed,400,250,48,fsb,-0.028598,0.477500,0.024975,0.949176,0.990158,0.555940,0.041098
fixed,400,250,48,fsb,-0.463957,0.175000,0.018998,0.000000,0.499606,0.049238,0.025173
fixed,400,250,48,fsb,-0.061745,0.510000,0.024995,0.760117,0.951090,0.479354,0.041091
fixed,400,250,48,fsb,-0.952089,0.000000,0.000000,0.020445,0.498632,0.032472,0.033493
fixed,400,250,48,fsb,0.100333,0.000000,0.000000,0.627604,0.919606,0.553155,0.048035
fixed,400,250,48,fsb,0.442176,0.255000,0.021793,0.219103,0.791193,0.171011,0.033406
fixed,400,250,48,fsb,0.573773,0.210000,0.020365,0.270125,0.837059,0.122451,0.039161
fixed,400,250,48,fsb,-0.284823,0.455000,0.024899,0.000000,0.506592,0.027868,0.028760
fixed,400,250,48,fsb,-0.907210,0.000000,0.000000,0.000000,0.499070,0.016589,0.036563
fixed,400,250,48,fsb,-0.740926,0.000000,0.000000,0.000000,0.499591,-0.005848,0.027025
fixed,400,250,48,fsb,-0.845347,0.000000,0.000000,0.000000,0.499650,-0.002020,0.037787
fixed,400,250,48,fsb,0.029102,0.750000,0.021651,0.947331,0.989930,0.615599,0.043379
fixed,400,250,48,fsb,-0.487543,0.000000,0.000000,0.000926,0.499341,0.060751,0.028359
fixed,400,250,48,fsb,-0.622282,0.000000,0.000000,0.060323,0.498488,0.058630,0.033312
fixed,400,250,48,fsb,0.886636,0.000000,0.000000,0.000000,0.810259,0.002219,0.026005
fixed,400,250,48,fsb,0.636784,0.000000,0.000000,0.249310,0.857094,0.081460,0.043732
fixed,400,250,48,fsb,-0.656818,0.070000,0.012757,0.000000,0.498813,0.036795,0.028148
fixed,400,250,48,fsb,0.251634,0.000000,0.000000,0.232490,0.790625,0.278580,0.047042
fixed,400,250,48,fsb,0.198929,0.000000,0.000000,0.307081,0.820551,0.369204,0.048917
fixed,400,250,48,fsb,0.035029,0.380000,0.024269,0.928506,0.986187,0.615560,0.043756
fixed,400,250,48,fsb,-0.708720,0.000000,0.000000,0.000000,0.499273,0.005802,0.023122
fixed,400,250,48,fsb,0.661771,0.000000,0.000000,0.225691,0.862578,0.066080,0.043180
fixed,400,250,48,fsb,0.446507,0.000000,0.000000,0.219306,0.792413,0.171040,0.032970
fixed,400,250,48,fsb,0.845273,0.000000,0.000000,0.000000,0.830852,0.002517,0.020721
fixed,400,250,48,fsb,-0.917297,0.000000,0.000000,0.000000,0.498981,0.020149,0.036011
fixed,400,250,48,fsb,0.190917,0.000000,0.000000,0.322235,0.826662,0.384330,0.049085
fixed,400,250,48,fsb,-0.110402,0.110000,0.015644,0.336535,0.843982,0.340066,0.041994
fixed,400,250,48,fsb,0.408196,0.000000,0.000000,0.205778,0.782728,0.169782,0.037512
fixed,400,250,48,fsb,0.826041,0.000000,0.000000,0.000000,0.839643,0.003663,0.017708
fixed,400,250,48,fsb,-0.731142,0.000000,0.000000,0.000000,0.499485,-0.003090,0.025427
fixed,400,250,48,fsb,0.512552,0.252500,0.021722,0.255426,0.814412,0.157760,0.032365
fixed,400,250,48,fsb,0.934928,0.000000,0.000000,0.000000,0.786284,0.004041,0.035127
fixed,400,250,48,fsb,-0.525900,0.000000,0.000000,0.025026,0.498887,0.075773,0.033801
fixed,400,250,48,fsb,0.135107,0.000000,0.000000,0.481220,0.879776,0.491851,0.049224
fixed,400,250,48,fsb,0.463135,0.000000,0.000000,0.231104,0.797453,0.170337,0.031697
fixed,400,250,48,fsb,-0.795655,0.000000,0.000000,0.000000,0.500005,-0.010005,0.035266
fixed,400,250,48,fsb,-0.536528,0.000000,0.000000,0.038384,0.498768,0.078183,0.034782
fixed,400,250,48,fsb,-0.018486,0.000000,0.000000,0.979259,0.995990,0.573944,0.041293
fixed,400,250,48,fsb,-0.796040,0.000000,0.000000,0.000000,0.500006,-0.009977,0.035304
fixed,400,250,48,fsb,0.786020,0.000000,0.000000,0.008402,0.854850,0.009650,0.017264
fixed,400,250,48,fsb,0.760767,0.000000,0.000000,0.056670,0.861597,0.016871,0.023760
fixed,400,250,48,fsb,0.554231,0.097500,0.014832,0.269297,0.829885,0.135016,0.036806
fixed,400,250,48,fsb,0.532844,0.000000,0.000000,0.264621,0.821909,0.147718,0.034283
fixed,400,250,48,fsb,-0.718635,0.000000,0.000000,0.000000,0.499360,0.001435,0.023825
fixed,400,250,48,fsb,0.053538,0.000000,0.000000,0.854684,0.970721,0.608461,0.045025
fixed,400,250,48,fsb,-0.232848,0.000000,0.000000,0.000000,0.547587,0.071746,0.029964
fixed,400,250,48,fsb,-0.639114,0.005000,0.003527,0.020062,0.498632,0.048376,0.031026
fixed,400,250,48,fsb,0.650266,0.020000,0.007000,0.237423,0.860285,0.073069,0.043643
fixed,400,250,48,fsb,-0.916334,0.000000,0.000000,0.000000,0.498990,0.019806,0.036068
fixed,400,250,48,fsb,0.823675,0.000000,0.000000,0.000000,0.840666,0.003867,0.017345
fixed,400,250,48,fsb,-0.246239,0.132500,0.016952,0.000000,0.531325,0.056662,0.028426
fixed,400,250,48,fsb,-0.703393,0.000000,0.000000,0.000000,0.499230,0.008417,0.023001
fixed,400,250,48,fsb,-0.900428,0.000000,0.000000,0.000000,0.499127,0.014245,0.036875
fixed,400,250,48,fsb,-0.267268,0.057500,0.011640,0.000000,0.514502,0.038413,0.027707
fixed,400,250,48,fsb,-0.626953,0.000000,0.000000,0.052795,0.498522,0.055899,0.032738
fixed,400,250,48,fsb,0.558302,0.000000,0.000000,0.270815,0.831399,0.132447,0.037305
fixed,400,250,48,fsb,0.223831,0.000000,0.000000,0.260146,0.804230,0.324072,0.048195
fixed,400,250,48,fsb,0.157992,0.000000,0.000000,0.406913,0.855903,0.447940,0.049419
fixed,400,250,48,fsb,-0.728528,0.000000,0.000000,0.000000,0.499457,-0.002237,0.025041
fixed,400,250,48,fsb,0.487938,0.000000,0.000000,0.238853,0.805643,0.166177,0.031206
fixed,400,250,48,fsb,0.613946,0.000000,0.000000,0.264022,0.850627,0.096083,0.042888
fixed,400,250,48,fsb,-0.703404,0.000000,0.000000,0.000000,0.499230,0.008411,0.023001
fixed,400,250,48,fsb,0.046419,0.030000,0.008529,0.885198,0.977165,0.612393,0.044525
fixed,400,250,48,fsb,0.832616,0.000000,0.000000,0.000000,0.836723,0.003174,0.018758
fixed,400,250,48,fsb,-0.071199,0.000000,0.000000,0.681213,0.934431,0.453769,0.041245
fixed,400,250,48,fsb,0.746211,0.000000,0.000000,0.088511,0.864302,0.022305,0.027988
fixed,400,250,48,fsb,0.422475,0.000000,0.000000,0.214742,0.786010,0.170276,0.035727
fixed,400,250,48,fsb,0.914329,0.000000,0.000000,0.000000,0.796272,0.003040,0.030751
fixed,400,250,48,fsb,0.810172,0.000000,0.000000,0.000000,0.846267,0.005350,0.015757
fixed,400,250,48,fsb,-0.478224,0.222500,0.020796,0.000076,0.499449,0.056227,0.026911
fixed,400,250,48,fsb,-0.722455,0.000000,0.000000,0.000000,0.499397,-0.000066,0.024242
fixed,400,250,48,fsb,0.762876,0.000000,0.000000,0.053612,0.861114,0.016157,0.023147
fixed,400,250,48,fsb,-0.584242,0.000000,0.000000,0.079365,0.498403,0.075628,0.036020
fixed,400,250,48,fsb,0.963470,0.000000,0.000000,0.000000,0.773546,0.005949,0.041236
fixed,400,250,48,fsb,0.174193,0.000000,0.000000,0.361153,0.840664,0.416478,0.049331
fixed,400,250,48,fsb,0.557098,0.035000,0.009189,0.270484,0.830952,0.133211,0.037157
fixed,400,250,48,fsb,-0.447892,0.370000,0.024140,0.000000,0.499765,0.041838,0.024603
fixed,400,250,48,fsb,-0.360995,0.000000,0.000000,0.000000,0.499914,0.017652,0.034338
fixed,400,250,48,fsb,-0.862865,0.052500,0.011152,0.000000,0.499457,0.002495,0.037810
fixed,400,250,48,fsb,-0.410006,0.000000,0.000000,0.002191,0.499992,0.028118,0.029026
fixed,400,250,48,fsb,0.966529,0.000000,0.000000,0.000000,0.772275,0.006189,0.041855
fixed,400,250,48,fsb,0.010187,0.000000,0.000000,0.990141,0.998249,0.607979,0.042332
fixed,400,250,48,fsb,-0.261467,0.265000,0.022067,0.000000,0.518432,0.042809,0.027674
fixed,400,250,48,fsb,0.688468,0.000000,0.000000,0.188883,0.866235,0.050596,0.040614
fixed,400,250,48,fsb,0.801775,0.000000,0.000000,0.000000,0.849458,0.006583,0.015534
fixed,400,250,48,fsb,0.090268,0.000000,0.000000,0.676201,0.931312,0.568508,0.047489
fixed,400,250,48,fsb,0.339460,0.000000,0.000000,0.198424,0.774560,0.185623,0.043160
fixed,400,250,48,fsb,0.312846,0.000000,0.000000,0.199160,0.775686,0.204674,0.044233
fixed,400,250,48,fsb,-0.393242,0.000000,0.000000,0.003232,0.500006,0.023620,0.031551
fixed,400,250,48,fsb,0.023520,0.000000,0.000000,0.963703,0.993171,0.614589,0.043044
fixed,400,250,48,fsb,-0.756003,0.000000,0.000000,0.000000,0.499762,-0.008794,0.029670
fixed,400,250,48,fsb,0.414285,0.000000,0.000000,0.208965,0.784078,0.169938,0.036758
fixed,400,250,48,fsb,0.103460,0.000000,0.000000,0.613232,0.915951,0.548107,0.048188
fixed,400,250,48,fsb,-0.595736,0.000000,0.000000,0.083254,0.498386,0.071672,0.035571
fixed,400,250,48,fsb,-0.034910,0.000000,0.000000,0.924115,0.985375,0.543289,0.041022
fixed,400,250,48,fsb,0.543619,0.000000,0.000000,0.266856,0.825930,0.141517,0.035520
fixed,400,250,48,fsb,0.040788,0.000000,0.000000,0.906972,0.981711,0.614455,0.044138
fixed,400,250,48,fsb,-0.756796,0.000000,0.000000,0.000000,0.499771,-0.008907,0.029808
fixed,400,250,48,fsb,0.018338,0.842500,0.018214,0.975783,0.995528,0.612727,0.042752
fixed,400,250,48,fsb,-0.892617,0.000000,0.000000,0.000000,0.499190,0.011613,0.037177
fixed,400,250,48,fsb,0.234725,0.000000,0.000000,0.249982,0.798313,0.305524,0.047783
fixed,400,250,48,fsb,0.425740,0.000000,0.000000,0.217354,0.786804,0.170428,0.035319
fixed,400,250,48,fsb,0.599573,0.000000,0.000000,0.265874,0.846039,0.105477,0.041819
fixed,400,250,48,fsb,-0.884993,0.000000,0.000000,0.000000,0.499252,0.009129,0.037416
fixed,400,250,48,fsb,0.069753,0.000000,0.000000,0.777037,0.954299,0.594481,0.046168
fixed,400,250,48,fsb,-0.844208,0.000000,0.000000,0.000000,0.499663,-0.002287,0.037774
fixed,400,250,48,fsb,-0.283719,0.000000,0.000000,0.000000,0.507003,0.028415,0.028660
fixed,400,250,48,fsb,0.661526,0.067500,0.012544,0.226069,0.862535,0.066227,0.043194
fixed,400,250,48,fsb,0.314813,0.000000,0.000000,0.199176,0.775485,0.202987,0.044156
fixed,400,250,48,fsb,0.364479,0.000000,0.000000,0.192424,0.775889,0.174936,0.041773
fixed,400,250,48,fsb,0.878220,0.000000,0.000000,0.000000,0.814544,0.002106,0.024892
fixed,400,250,48,fsb,-0.991297,0.060000,0.011874,0.088950,0.498380,0.043820,0.032713
fixed,400,250,48,fsb,-0.974735,0.000000,0.000000,0.071078,0.498446,0.039616,0.032297
fixed,400,250,48,fsb,0.781340,0.000000,0.000000,0.016007,0.856288,0.010769,0.018239
fixed,400,250,48,fsb,0.122978,0.000000,0.000000,0.530080,0.893370,0.514304,0.048938
fixed,400,250,48,fsb,0.746927,0.000000,0.000000,0.087068,0.864198,0.022018,0.027783
fixed,400,250,48,fsb,0.948112,0.000000,0.000000,0.000000,0.780205,0.004849,0.038003
fixed,400,250,48,fsb,0.395943,0.000000,0.000000,0.201450,0.780299,0.169918,0.038944
fixed,400,250,48,fsb,0.977665,0.000000,0.000000,0.000000,0.767821,0.007115,0.044029
fixed,400,250,48,fsb,-0.263241,0.000000,0.000000,0.000000,0.517178,0.041415,0.027665
fixed,400,250,48,fsb,-0.494013,0.035000,0.009189,0.001924,0.499264,0.063780,0.029403
fixed,400,250,48,fsb,-0.069943,0.000000,0.000000,0.692457,0.936769,0.457237,0.041222
fixed,400,250,48,fsb,-0.110880,0.000000,0.000000,0.332696,0.842713,0.338666,0.041998
fixed,400,250,48,fsb,0.233793,0.000000,0.000000,0.250598,0.798807,0.307077,0.047821
fixed,400,250,48,fsb,0.043513,0.000000,0.000000,0.896742,0.979583,0.613576,0.044324
fixed,400,250,48,fsb,-0.092141,0.000000,0.000000,0.494093,0.889888,0.393769,0.041696
fixed,400,250,48,fsb,-0.451970,0.322500,0.023372,0.000000,0.499726,0.043639,0.024575
fixed,400,250,48,fsb,0.580292,0.000000,0.000000,0.269139,0.839396,0.118174,0.039901
fixed,400,250,48,fsb,-0.641991,0.000000,0.000000,0.013737,0.498661,0.046529,0.030582
fixed,400,250,48,fsb,0.474582,0.000000,0.000000,0.236397,0.801140,0.168927,0.031251
fixed,400,250,48,fsb,-0.465041,0.000000,0.000000,0.000000,0.499595,0.049762,0.025272
fixed,400,250,48,fsb,-0.451131,0.022500,0.007415,0.000000,0.499734,0.043264,0.024571
fixed,400,250,48,fsb,-0.762417,0.000000,0.000000,0.000000,0.499829,-0.009593,0.030764
fixed,400,250,48,fsb,0.951265,0.000000,0.000000,0.000000,0.778798,0.005061,0.038681
fixed,400,250,48,fsb,-0.109954,0.000000,0.000000,0.340135,0.845172,0.341379,0.041990
fixed,400,250,48,fsb,0.017428,0.737500,0.022000,0.977905,0.995942,0.612307,0.042702
fixed,400,250,48,fsb,-0.791011,0.000000,0.000000,0.000000,0.500003,-0.010281,0.034780
fixed,400,250,48,fsb,-0.007726,0.000000,0.000000,0.996061,0.999241,0.589790,0.041601
fixed,400,250,48,fsb,0.395124,0.000000,0.000000,0.201221,0.780157,0.169956,0.039034
fixed,400,250,48,fsb,-0.712993,0.000000,0.000000,0.000000,0.499311,0.003838,0.023352
fixed,400,250,48,fsb,-0.049101,0.257500,0.021863,0.846316,0.969603,0.511323,0.040983
fixed,400,250,48,fsb,0.951944,0.000000,0.000000,0.000000,0.778502,0.005107,0.038826
fixed,400,250,48,fsb,0.469789,0.000000,0.000000,0.233198,0.799573,0.169619,0.031392
fixed,400,250,48,fsb,0.802907,0.000000,0.000000,0.000000,0.849033,0.006402,0.015519
fixed,400,250,48,fsb,0.182982,0.000000,0.000000,0.338740,0.833090,0.399508,0.049219
fixed,400,250,48,fsb,0.910207,0.000000,0.000000,0.000000,0.798318,0.002878,0.029939
fixed,400,250,48,fsb,-0.838552,0.000000,0.000000,0.000000,0.499728,-0.003567,0.037683
fixed,400,250,48,fsb,0.075525,0.000000,0.000000,0.747143,0.948079,0.588008,0.046561
fixed,400,250,48,fsb,0.568783,0.000000,0.000000,0.271416,0.835253,0.125706,0.038574
fixed,400,250,48,fsb,-0.959142,0.000000,0.000000,0.036759,0.498564,0.034826,0.032996
fixed,400,250,48,fsb,0.180750,0.000000,0.000000,0.344213,0.834986,0.403804,0.049251
fixed,400,250,48,fsb,-0.108204,0.000000,0.000000,0.354200,0.849821,0.346515,0.041972
fixed,400,250,48,fsb,0.400000,0.000000,0.000000,0.202769,0.781077,0.169791,0.038486
fixed,400,250,48,fsb,-0.727077,0.000000,0.000000,0.000000,0.499442,-0.001742,0.024837
fixed,400,250,48,fsb,0.116277,0.000000,0.000000,0.562217,0.901042,0.526296,0.048721
fixed,400,250,48,fsb,-0.000190,0.000000,0.000000,0.998251,0.999698,0.598723,0.041876
fixed,400,250,48,fsb,-0.569218,0.000000,0.000000,0.072121,0.498474,0.078911,0.036163
fixed,400,250,48,fsb,-0.772271,0.000000,0.000000,0.000000,0.499917,-0.010334,0.032331
fixed,400,250,48,fsb,-0.798115,0.000000,0.000000,0.000000,0.500007,-0.009819,0.035504
fixed,400,250,48,fsb,-0.359230,0.250000,0.021651,0.000000,0.499909,0.017445,0.034385
fixed,400,250,48,fsb,0.047077,0.192500,0.019713,0.882377,0.976569,0.612091,0.044571
fixed,400,250,48,fsb,0.709084,0.000000,0.000000,0.157647,0.867156,0.039514,0.037153
fixed,400,250,48,fsb,0.127800,0.000000,0.000000,0.509088,0.887917,0.505478,0.049068
fixed,400,250,48,fsb,-0.314182,0.082500,0.013756,0.000000,0.501068,0.018266,0.032057
fixed,400,250,48,fsb,0.572720,0.000000,0.000000,0.270397,0.836678,0.123140,0.039039
fixed,400,250,48,fsb,-0.063473,0.562500,0.024804,0.747408,0.948326,0.474772,0.041115
fixed,400,250,48,fsb,-0.133374,0.000000,0.000000,0.161254,0.780533,0.274336,0.041833
fixed,400,250,48,fsb,-0.556486,0.000000,0.000000,0.059791,0.498571,0.079903,0.035906
fixed,400,250,48,fsb,-0.068259,0.512500,0.024992,0.707531,0.939904,0.461856,0.041192
fixed,400,250,48,fsb,-0.619640,0.000000,0.000000,0.064582,0.498468,0.060128,0.033614
fixed,400,250,48,fsb,0.036822,0.000000,0.000000,0.921861,0.984809,0.615328,0.043873
fixed,400,250,48,fsb,0.887779,0.000000,0.000000,0.000000,0.809677,0.002239,0.026166
fixed,400,250,48,fsb,-0.962331,0.000000,0.000000,0.044042,0.498537,0.035857,0.032798
fixed,400,250,48,fsb,-0.137546,0.000000,0.000000,0.133305,0.768690,0.262885,0.041707
fixed,400,250,48,fsb,-0.459810,0.197500,0.019906,0.000000,0.499649,0.047257,0.024858
fixed,400,250,48,fsb,0.397979,0.000000,0.000000,0.202079,0.780676,0.169843,0.038717
fixed,400,250,48,fsb,-0.567847,0.145000,0.017605,0.071464,0.498482,0.079098,0.036152
fixed,400,250,48,fsb,-0.486936,0.000000,0.000000,0.000865,0.499348,0.060461,0.028262
fixed,400,250,48,fsb,-0.061427,0.000000,0.000000,0.762457,0.951599,0.480193,0.041087
fixed,400,250,48,fsb,-0.783290,0.000000,0.000000,0.000000,0.499981,-0.010519,0.033864
fixed,400,250,48,fsb,0.512445,0.000000,0.000000,0.255384,0.814373,0.157806,0.032357
fixed,400,250,48,fsb,0.183591,0.527500,0.024962,0.337245,0.832572,0.398337,0.049210
fixed,400,250,48,fsb,0.327957,0.000000,0.000000,0.194002,0.774681,0.192857,0.043643
fixed,400,250,48,fsb,-0.630200,0.000000,0.000000,0.044980,0.498549,0.053943,0.032310
fixed,400,250,48,fsb,-0.769919,0.000000,0.000000,0.000000,0.499900,-0.010209,0.031972
fixed,400,250,48,fsb,0.302238,0.177500,0.019105,0.202139,0.776960,0.214543,0.044662
fixed,400,250,48,fsb,0.783085,0.000000,0.000000,0.013171,0.855752,0.010340,0.017856
fixed,400,250,48,fsb,-0.840542,0.000000,0.000000,0.000000,0.499705,-0.003126,0.037719
fixed,400,250,48,fsb,0.593657,0.000000,0.000000,0.267792,0.844044,0.109369,0.041282
fixed,400,250,48,fsb,-0.381449,0.000000,0.000000,0.002571,0.499983,0.020999,0.032963
fixed,400,250,48,fsb,0.846692,0.000000,0.000000,0.000000,0.830180,0.002464,0.020926
fixed,400,250,48,fsb,-0.473526,0.000000,0.000000,0.000000,0.499502,0.053915,0.026251
fixed,400,250,48,fsb,-0.797525,0.000000,0.000000,0.000000,0.500006,-0.009866,0.035448
fixed,400,250,48,fsb,0.536230,0.000000,0.000000,0.266431,0.823171,0.145822,0.034660
fixed,400,250,48,fsb,0.075811,0.162500,0.018445,0.745800,0.947757,0.587669,0.046580
fixed,400,250,48,fsb,0.524890,0.027500,0.008177,0.260620,0.818951,0.151945,0.033451
fixed,400,250,48,fsb,-0.133296,0.000000,0.000000,0.161830,0.780752,0.274550,0.041835
fixed,400,250,48,fsb,0.284579,0.000000,0.000000,0.207763,0.780208,0.233799,0.045448
fixed,400,250,48,fsb,-0.489315,0.387500,0.024359,0.001200,0.499320,0.061593,0.028644
fixed,400,250,48,fsb,-0.421572,0.082500,0.013756,0.000000,0.499949,0.031751,0.027200
fixed,400,250,48,fsb,-0.732939,0.000000,0.000000,0.000000,0.499504,-0.003648,0.025705
fixed,400,250,48,fsb,-0.678930,0.000000,0.000000,0.000000,0.499027,0.022421,0.024696
fixed,400,250,48,fsb,-0.214870,0.000000,0.000000,0.000000,0.575861,0.096476,0.032782
fixed,400,250,48,fsb,-0.462722,0.000000,0.000000,0.000000,0.499619,0.048644,0.025068
fixed,400,250,48,A,0.365177,0.000000,0.000000,0.977526,0.997309,0.575413,0.042612
fixed,400,250,48,A,0.371995,0.000000,0.000000,0.976822,0.997198,0.574512,0.042649
fixed,400,250,48,A,-0.490953,0.000000,0.000000,0.948806,0.993424,0.550129,0.045076
fixed,400,250,48,A,0.820015,0.000000,0.000000,0.880212,0.985015,0.489116,0.046641
fixed,400,250,48,A,0.356794,0.000000,0.000000,0.979478,0.997443,0.576500,0.042568
fixed,400,250,48,A,-0.197554,0.000000,0.000000,0.989910,0.998748,0.589803,0.042588
fixed,400,250,48,A,-0.761728,0.112500,0.015799,0.881202,0.984852,0.492998,0.048651
fixed,400,250,48,A,0.380683,0.000000,0.000000,0.976237,0.997052,0.573342,0.042697
fixed,400,250,48,A,-0.605814,0.000000,0.000000,0.922761,0.990214,0.527729,0.046473
fixed,400,250,48,A,0.272593,0.000000,0.000000,0.988424,0.998598,0.586095,0.042192
fixed,400,250,48,A,-0.985223,0.000000,0.000000,0.806849,0.975173,0.438102,0.052085
fixed,400,250,48,A,0.442183,0.000000,0.000000,0.966368,0.995922,0.564381,0.043073
fixed,400,250,48,A,0.619214,0.122500,0.016393,0.933715,0.991656,0.532759,0.044489
fixed,400,250,48,A,0.264126,0.000000,0.000000,0.989212,0.998696,0.586921,0.042161
fixed,400,250,48,A,0.390967,0.000000,0.000000,0.975084,0.996876,0.571925,0.042755
fixed,400,250,48,A,-0.811870,0.000000,0.000000,0.864664,0.982884,0.481056,0.049402
fixed,400,250,48,A,0.323243,0.000000,0.000000,0.983553,0.997944,0.580617,0.042403
fixed,400,250,48,A,-0.876362,0.195000,0.019810,0.846159,0.980179,0.465313,0.050389
fixed,400,250,48,A,-0.007785,0.000000,0.000000,0.999721,0.999976,0.598858,0.041896
fixed,400,250,48,A,-0.255699,0.017500,0.006556,0.983965,0.998023,0.584262,0.042947
fixed,400,250,48,A,-0.707263,0.000000,0.000000,0.896003,0.986856,0.505594,0.047860
fixed,400,250,48,A,-0.367569,0.000000,0.000000,0.970196,0.996169,0.570234,0.043828
fixed,400,250,48,A,0.523500,0.172500,0.018891,0.953791,0.994148,0.550843,0.043664
fixed,400,250,48,A,-0.127715,0.000000,0.000000,0.995170,0.999403,0.594777,0.042248
fixed,400,250,48,A,0.521140,0.000000,0.000000,0.953815,0.994204,0.551261,0.043645
fixed,400,250,48,A,0.204016,0.215000,0.020541,0.993928,0.999287,0.592031,0.041980
fixed,400,250,48,A,-0.501134,0.000000,0.000000,0.945204,0.993165,0.548276,0.045191
fixed,400,250,48,A,0.828283,0.000000,0.000000,0.880047,0.984701,0.487196,0.046741
fixed,400,250,48,A,-0.295536,0.000000,0.000000,0.979175,0.997432,0.579760,0.043232
fixed,400,250,48,A,-0.891778,0.000000,0.000000,0.840091,0.979504,0.461499,0.050627
fixed,400,250,48,A,-0.921189,0.000000,0.000000,0.830189,0.978184,0.454180,0.051085
fixed,400,250,48,A,-0.798926,0.000000,0.000000,0.867110,0.983404,0.484167,0.049206
fixed,400,250,48,A,-0.107541,0.000000,0.000000,0.996110,0.999548,0.595863,0.042168
fixed,400,250,48,A,-0.042491,0.322500,0.023372,0.999095,0.999882,0.598267,0.041968
fixed,400,250,48,A,0.239354,0.000000,0.000000,0.991677,0.998960,0.589190,0.042078
fixed,400,250,48,A,-0.766839,0.000000,0.000000,0.879657,0.984657,0.491795,0.048727
fixed,400,250,48,A,0.818206,0.000000,0.000000,0.880219,0.985083,0.489535,0.046620
fixed,400,250,48,A,0.594023,0.160000,0.018330,0.939921,0.992354,0.537722,0.044259
fixed,400,250,48,A,0.473077,0.000000,0.000000,0.962619,0.995285,0.559454,0.043285
fixed,400,250,48,A,-0.135960,0.000000,0.000000,0.994548,0.999338,0.594288,0.042283
fixed,400,250,48,A,0.472512,0.000000,0.000000,0.962719,0.995297,0.559546,0.043281
fixed,400,250,48,A,-0.878692,0.000000,0.000000,0.845761,0.980078,0.464737,0.050425
fixed,400,250,48,A,0.926837,0.000000,0.000000,0.848272,0.980710,0.463820,0.047995
fixed,400,250,48,A,-0.603738,0.000000,0.000000,0.922734,0.990278,0.528161,0.046446
fixed,400,250,48,A,0.721635,0.000000,0.000000,0.909099,0.988506,0.511300,0.045518
fixed,400,250,48,A,-0.694440,0.000000,0.000000,0.899026,0.987307,0.508494,0.047678
fixed,400,250,48,A,0.869092,0.477500,0.024975,0.866837,0.983103,0.477618,0.047247
fixed,400,250,48,A,-0.393686,0.175000,0.018998,0.965432,0.995648,0.566361,0.044068
fixed,400,250,48,A,0.100164,0.510000,0.024995,0.999080,0.999896,0.597603,0.041828
fixed,400,250,48,A,-0.986224,0.000000,0.000000,0.806879,0.975124,0.437849,0.052101
fixed,400,250,48,A,-0.626582,0.000000,0.000000,0.916923,0.989567,0.523358,0.046746
fixed,400,250,48,A,0.206413,0.255000,0.021793,0.993726,0.999267,0.591853,0.041986
fixed,400,250,48,A,0.240376,0.210000,0.020365,0.991635,0.998950,0.589101,0.042081
fixed,400,250,48,A,-0.107953,0.455000,0.024899,0.996098,0.999546,0.595842,0.042169
fixed,400,250,48,A,-0.613052,0.000000,0.000000,0.920471,0.989991,0.526216,0.046567
fixed,400,250,48,A,-0.103509,0.000000,0.000000,0.996309,0.999575,0.596060,0.042153
fixed,400,250,48,A,0.099984,0.000000,0.000000,0.999091,0.999897,0.597609,0.041828
fixed,400,250,48,A,-0.525524,0.750000,0.021651,0.939642,0.992524,0.543727,0.045475
fixed,400,250,48,A,-0.439609,0.000000,0.000000,0.957703,0.994655,0.559040,0.044523
fixed,400,250,48,A,-0.101960,0.000000,0.000000,0.996415,0.999585,0.596135,0.042147
fixed,400,250,48,A,-0.977297,0.000000,0.000000,0.807946,0.975556,0.440100,0.051961
fixed,400,250,48,A,-0.101040,0.000000,0.000000,0.996478,0.999591,0.596178,0.042144
fixed,400,250,48,A,0.471212,0.070000,0.012757,0.962948,0.995325,0.559759,0.043272
fixed,400,250,48,A,-0.537467,0.000000,0.000000,0.938448,0.992201,0.541444,0.045617
fixed,400,250,48,A,-0.375588,0.000000,0.000000,0.967970,0.996012,0.569068,0.043900
fixed,400,250,48,A,-0.378507,0.380000,0.024269,0.967421,0.995955,0.568638,0.043927
fixed,400,250,48,A,-0.132996,0.000000,0.000000,0.994766,0.999362,0.594467,0.042270
fixed,400,250,48,A,-0.922008,0.000000,0.000000,0.829890,0.978147,0.453976,0.051097
fixed,400,250,48,A,0.767462,0.000000,0.000000,0.895488,0.986937,0.501129,0.046026
fixed,400,250,48,A,0.943115,0.000000,0.000000,0.843121,0.980007,0.459888,0.048212
fixed,400,250,48,A,-0.214003,0.000000,0.000000,0.988482,0.998560,0.588362,0.042682
fixed,400,250,48,A,0.997995,0.000000,0.000000,0.823274,0.977548,0.446532,0.048963
fixed,400,250,48,A,-0.665238,0.110000,0.015644,0.907983,0.988306,0.514994,0.047270
fixed,400,250,48,A,-0.166165,0.000000,0.000000,0.992661,0.999072,0.592270,0.042423
fixed,400,250,48,A,-0.952977,0.000000,0.000000,0.817154,0.976713,0.446219,0.051581
fixed,400,250,48,A,-0.731441,0.000000,0.000000,0.889144,0.985984,0.500056,0.048208
fixed,400,250,48,A,-0.314424,0.252500,0.021722,0.977765,0.997125,0.577431,0.043378
fixed,400,250,48,A,0.661473,0.000000,0.000000,0.923537,0.990417,0.524140,0.044896
fixed,400,250,48,A,0.991489,0.000000,0.000000,0.825462,0.977847,0.448122,0.048873
fixed,400,250,48,A,0.035793,0.000000,0.000000,0.999975,1.000013,0.598915,0.041840
fixed,400,250,48,A,0.078491,0.000000,0.000000,0.999658,0.999958,0.598230,0.041823
fixed,400,250,48,A,-0.996330,0.000000,0.000000,0.803143,0.974631,0.435299,0.052259
fixed,400,250,48,A,-0.462811,0.000000,0.000000,0.953315,0.994114,0.555105,0.044767
fixed,400,250,48,A,-0.699552,0.000000,0.000000,0.897530,0.987129,0.507341,0.047751
fixed,400,250,48,A,-0.097299,0.000000,0.000000,0.996735,0.999615,0.596353,0.042131
fixed,400,250,48,A,0.948296,0.000000,0.000000,0.841636,0.979781,0.458633,0.048282
fixed,400,250,48,A,-0.366310,0.000000,0.000000,0.970493,0.996193,0.570415,0.043816
fixed,400,250,48,A,0.488311,0.097500,0.014832,0.960133,0.994955,0.556925,0.043395
fixed,400,250,48,A,0.846176,0.000000,0.000000,0.873033,0.984010,0.483017,0.046961
fixed,400,250,48,A,-0.464520,0.000000,0.000000,0.953022,0.994073,0.554809,0.044786
fixed,400,250,48,A,-0.027747,0.000000,0.000000,0.999255,0.999929,0.598577,0.041934
fixed,400,250,48,A,0.569581,0.000000,0.000000,0.945492,0.993003,0.542403,0.044044
fixed,400,250,48,A,-0.279176,0.005000,0.003527,0.981741,0.997684,0.581676,0.043111
fixed,400,250,48,A,-0.884055,0.020000,0.007000,0.843656,0.979843,0.463412,0.050508
fixed,400,250,48,A,0.964060,0.000000,0.000000,0.835619,0.979085,0.454807,0.048495
fixed,400,250,48,A,0.799433,0.000000,0.000000,0.886394,0.985783,0.493861,0.046396
fixed,400,250,48,A,0.082475,0.132500,0.016952,0.999631,0.999948,0.598129,0.041823
fixed,400,250,48,A,-0.332363,0.000000,0.000000,0.974677,0.996817,0.575107,0.043524
fixed,400,250,48,A,0.583655,0.000000,0.000000,0.940793,0.992633,0.539725,0.044166
fixed,400,250,48,A,0.937024,0.057500,0.011640,0.844829,0.980272,0.461361,0.048131
fixed,400,250,48,A,-0.922984,0.000000,0.000000,0.829533,0.978102,0.453732,0.051113
fixed,400,250,48,A,-0.320551,0.000000,0.000000,0.976278,0.997021,0.576649,0.043427
fixed,400,250,48,A,-0.406165,0.000000,0.000000,0.962172,0.995389,0.564435,0.044188
fixed,400,250,48,A,-0.954577,0.000000,0.000000,0.816362,0.976638,0.445817,0.051606
fixed,400,250,48,A,-0.880031,0.000000,0.000000,0.845370,0.980019,0.464406,0.050446
fixed,400,250,48,A,0.296051,0.000000,0.000000,0.986218,0.998311,0.583670,0.042284
fixed,400,250,48,A,0.537039,0.000000,0.000000,0.950663,0.993823,0.548418,0.043772
fixed,400,250,48,A,-0.069407,0.000000,0.000000,0.997865,0.999769,0.597476,0.042040
fixed,400,250,48,A,0.762529,0.030000,0.008529,0.898158,0.987110,0.502238,0.045970
fixed,400,250,48,A,0.834520,0.000000,0.000000,0.878116,0.984461,0.485743,0.046817
fixed,400,250,48,A,0.923743,0.000000,0.000000,0.849848,0.980842,0.464565,0.047954
fixed,400,250,48,A,-0.342844,0.000000,0.000000,0.973607,0.996630,0.573699,0.043612
fixed,400,250,48,A,-0.907269,0.000000,0.000000,0.832789,0.978814,0.457651,0.050868
fixed,400,250,48,A,0.720341,0.000000,0.000000,0.909614,0.988549,0.511583,0.045505
fixed,400,250,48,A,-0.798150,0.000000,0.000000,0.867555,0.983435,0.484353,0.049195
fixed,400,250,48,A,0.111944,0.222500,0.020796,0.998779,0.999854,0.597184,0.041835
fixed,400,250,48,A,-0.328746,0.000000,0.000000,0.974515,0.996880,0.575584,0.043494
fixed,400,250,48,A,0.049606,0.000000,0.000000,0.999922,1.000004,0.598774,0.041831
fixed,400,250,48,A,0.186738,0.000000,0.000000,0.995118,0.999425,0.593248,0.041940
fixed,400,250,48,A,0.758095,0.000000,0.000000,0.900164,0.987266,0.503233,0.045920
fixed,400,250,48,A,0.537304,0.000000,0.000000,0.950576,0.993816,0.548370,0.043774
fixed,400,250,48,A,0.379129,0.035000,0.009189,0.976352,0.997079,0.573553,0.042688
fixed,400,250,48,A,-0.614621,0.370000,0.024140,0.919745,0.989942,0.525886,0.046588
fixed,400,250,48,A,-0.102488,0.000000,0.000000,0.996379,0.999581,0.596109,0.042149
fixed,400,250,48,A,-0.697432,0.052500,0.011152,0.898077,0.987203,0.507820,0.047720
fixed,400,250,48,A,-0.997649,0.000000,0.000000,0.802348,0.974567,0.434966,0.052279
fixed,400,250,48,A,-0.403474,0.000000,0.000000,0.962984,0.995445,0.564854,0.044162
fixed,400,250,48,A,-0.082845,0.000000,0.000000,0.997451,0.999699,0.596973,0.042082
fixed,400,250,48,A,-0.487606,0.265000,0.022067,0.949752,0.993509,0.550732,0.045039
fixed,400,250,48,A,0.233754,0.000000,0.000000,0.992097,0.999016,0.589671,0.042061
fixed,400,250,48,A,0.786043,0.000000,0.000000,0.891659,0.986272,0.496921,0.046240
fixed,400,250,48,A,-0.736556,0.000000,0.000000,0.888859,0.985796,0.498873,0.048282
fixed,400,250,48,A,0.292220,0.000000,0.000000,0.986382,0.998359,0.584079,0.042268
fixed,400,250,48,A,0.948040,0.000000,0.000000,0.841710,0.979792,0.458695,0.048278
fixed,400,250,48,A,-0.650751,0.000000,0.000000,0.910753,0.988787,0.518162,0.047072
fixed,400,250,48,A,0.604388,0.000000,0.000000,0.937914,0.992070,0.535697,0.044352
fixed,400,250,48,A,-0.963546,0.000000,0.000000,0.812945,0.976214,0.443562,0.051746
fixed,400,250,48,A,-0.351677,0.000000,0.000000,0.972500,0.996468,0.572484,0.043687
fixed,400,250,48,A,0.948174,0.000000,0.000000,0.841671,0.979786,0.458663,0.048280
fixed,400,250,48,A,-0.310309,0.000000,0.000000,0.978289,0.997193,0.577949,0.043346
fixed,400,250,48,A,-0.567892,0.000000,0.000000,0.931694,0.991344,0.535471,0.045989
fixed,400,250,48,A,-0.931798,0.000000,0.000000,0.825459,0.977698,0.451528,0.051250
fixed,400,250,48,A,-0.404439,0.000000,0.000000,0.962693,0.995425,0.564704,0.044171
fixed,400,250,48,A,-0.221212,0.000000,0.000000,0.987348,0.998473,0.587699,0.042726
fixed,400,250,48,A,0.165378,0.842500,0.018214,0.996530,0.999575,0.594595,0.041899
fixed,400,250,48,A,0.140006,0.000000,0.000000,0.997841,0.999724,0.595964,0.041862
fixed,400,250,48,A,-0.518421,0.000000,0.000000,0.942504,0.992714,0.545067,0.045391
fixed,400,250,48,A,-0.367516,0.000000,0.000000,0.970211,0.996170,0.570242,0.043827
fixed,400,250,48,A,-0.995560,0.000000,0.000000,0.803607,0.974669,0.435494,0.052247
fixed,400,250,48,A,0.112308,0.000000,0.000000,0.998780,0.999852,0.597170,0.041835
fixed,400,250,48,A,0.486493,0.000000,0.000000,0.960582,0.994995,0.557230,0.043382
fixed,400,250,48,A,-0.574914,0.000000,0.000000,0.930834,0.991140,0.534062,0.046077
fixed,400,250,48,A,-0.917660,0.000000,0.000000,0.830984,0.978345,0.455061,0.051030
fixed,400,250,48,A,0.145413,0.067500,0.012544,0.997755,0.999695,0.595693,0.041869
fixed,400,250,48,A,-0.737058,0.000000,0.000000,0.888831,0.985777,0.498757,0.048290
fixed,400,250,48,A,-0.606177,0.000000,0.000000,0.922766,0.990203,0.527653,0.046477
fixed,400,250,48,A,-0.141089,0.000000,0.000000,0.994334,0.999296,0.593970,0.042305
fixed,400,250,48,A,-0.072349,0.060000,0.011874,0.997833,0.999754,0.597372,0.042049
fixed,400,250,48,A,0.838387,0.000000,0.000000,0.876738,0.984313,0.484840,0.046865
fixed,400,250,48,A,-0.878392,0.000000,0.000000,0.845812,0.980091,0.464811,0.050420
fixed,400,250,48,A,0.011883,0.000000,0.000000,0.999892,1.000004,0.598979,0.041866
fixed,400,250,48,A,-0.834034,0.000000,0.000000,0.858846,0.981976,0.475688,0.049739
fixed,400,250,48,A,-0.843440,0.000000,0.000000,0.856076,0.981584,0.473396,0.049882
fixed,400,250,48,A,0.203852,0.000000,0.000000,0.993943,0.999288,0.592043,0.041979
fixed,400,250,48,A,0.361789,0.000000,0.000000,0.978315,0.997363,0.575855,0.042594
fixed,400,250,48,A,0.281631,0.000000,0.000000,0.987332,0.998491,0.585184,0.042226
fixed,400,250,48,A,-0.265223,0.035000,0.009189,0.982140,0.997889,0.583237,0.043012
fixed,400,250,48,A,0.658402,0.000000,0.000000,0.923849,0.990510,0.524778,0.044865
fixed,400,250,48,A,-0.818489,0.000000,0.000000,0.862938,0.982616,0.479458,0.049502
fixed,400,250,48,A,0.278538,0.000000,0.000000,0.987785,0.998528,0.585499,0.042214
fixed,400,250,48,A,-0.016849,0.000000,0.000000,0.999530,0.999958,0.598751,0.041912
fixed,400,250,48,A,0.585441,0.000000,0.000000,0.940488,0.992585,0.539381,0.044182
fixed,400,250,48,A,-0.393538,0.322500,0.023372,0.965454,0.995651,0.566383,0.044067
fixed,400,250,48,A,-0.994470,0.000000,0.000000,0.804264,0.974722,0.435769,0.052230
fixed,400,250,48,A,-0.689873,0.000000,0.000000,0.900476,0.987467,0.509520,0.047614
fixed,400,250,48,A,-0.764006,0.000000,0.000000,0.880514,0.984765,0.492462,0.048685
fixed,400,250,48,A,0.531777,0.000000,0.000000,0.952391,0.993950,0.549366,0.043730
fixed,400,250,48,A,0.263377,0.022500,0.007415,0.989298,0.998704,0.586993,0.042158
fixed,400,250,48,A,0.694689,0.000000,0.000000,0.916543,0.989383,0.517128,0.045233
fixed,400,250,48,A,-0.447515,0.000000,0.000000,0.957157,0.994474,0.557716,0.044605
fixed,400,250,48,A,0.043451,0.000000,0.000000,0.999914,1.000009,0.598846,0.041835
fixed,400,250,48,A,-0.208905,0.737500,0.022000,0.989222,0.998619,0.588820,0.042652
fixed,400,250,48,A,-0.215989,0.000000,0.000000,0.988193,0.998536,0.588182,0.042694
fixed,400,250,48,A,-0.480511,0.000000,0.000000,0.949545,0.993685,0.552001,0.044960
fixed,400,250,48,A,0.033952,0.000000,0.000000,0.999982,1.000013,0.598928,0.041842
fixed,400,250,48,A,0.758970,0.000000,0.000000,0.900084,0.987235,0.503036,0.045930
fixed,400,250,48,A,0.769157,0.257500,0.021863,0.894792,0.986877,0.500747,0.046045
fixed,400,250,48,A,0.407646,0.000000,0.000000,0.974099,0.996580,0.569557,0.042854
fixed,400,250,48,A,-0.645968,0.000000,0.000000,0.911781,0.988943,0.519199,0.047007
fixed,400,250,48,A,-0.230854,0.000000,0.000000,0.986747,0.998353,0.586782,0.042785
fixed,400,250,48,A,0.594826,0.000000,0.000000,0.939902,0.992332,0.537566,0.044266
fixed,400,250,48,A,0.095076,0.000000,0.000000,0.999370,0.999913,0.597767,0.041826
fixed,400,250,48,A,-0.053765,0.000000,0.000000,0.998597,0.999839,0.597971,0.041996
fixed,400,250,48,A,-0.065342,0.000000,0.000000,0.997910,0.999789,0.597614,0.042028
fixed,400,250,48,A,-0.029432,0.000000,0.000000,0.999259,0.999924,0.598546,0.041938
fixed,400,250,48,A,0.957435,0.000000,0.000000,0.838467,0.979379,0.456416,0.048405
fixed,400,250,48,A,-0.908804,0.000000,0.000000,0.832177,0.978745,0.457269,0.050892
fixed,400,250,48,A,0.905829,0.000000,0.000000,0.856530,0.981598,0.468869,0.047719
fixed,400,250,48,A,-0.654364,0.000000,0.000000,0.910426,0.988668,0.517375,0.047121
fixed,400,250,48,A,0.718756,0.000000,0.000000,0.910245,0.988602,0.511928,0.045488
fixed,400,250,48,A,-0.590273,0.000000,0.000000,0.927352,0.990685,0.530940,0.046272
fixed,400,250,48,A,-0.527583,0.000000,0.000000,0.938812,0.992469,0.543336,0.045499
fixed,400,250,48,A,-0.168054,0.000000,0.000000,0.992495,0.999054,0.592132,0.042432
fixed,400,250,48,A,-0.825822,0.000000,0.000000,0.861729,0.982315,0.477683,0.049613
fixed,400,250,48,A,-0.202204,0.000000,0.000000,0.989762,0.998696,0.589406,0.042614
fixed,400,250,48,A,-0.447498,0.250000,0.021651,0.957162,0.994474,0.557719,0.044605
fixed,400,250,48,A,0.298997,0.192500,0.019713,0.985992,0.998273,0.583352,0.042296
fixed,400,250,48,A,-0.793045,0.000000,0.000000,0.870486,0.983637,0.485574,0.049118
fixed,400,250,48,A,0.196861,0.000000,0.000000,0.994562,0.999346,0.592549,0.041963
fixed,400,250,48,A,-0.988263,0.082500,0.013756,0.806940,0.975025,0.437335,0.052133
fixed,400,250,48,A,-0.295195,0.000000,0.000000,0.979238,0.997437,0.579801,0.043229
fixed,400,250,48,A,0.344800,0.562500,0.024804,0.980615,0.997628,0.578015,0.042507
fixed,400,250,48,A,-0.499673,0.000000,0.000000,0.945908,0.993203,0.548544,0.045175
fixed,400,250,48,A,0.561655,0.000000,0.000000,0.946276,0.993207,0.543892,0.043976
fixed,400,250,48,A,-0.053972,0.512500,0.024992,0.998586,0.999838,0.597965,0.041997
fixed,400,250,48,A,0.249336,0.000000,0.000000,0.990995,0.998857,0.588303,0.042110
fixed,400,250,48,A,-0.866557,0.000000,0.000000,0.848243,0.980603,0.467729,0.050237
fixed,400,250,48,A,0.128792,0.000000,0.000000,0.998328,0.999780,0.596489,0.041849
fixed,400,250,48,A,0.206003,0.000000,0.000000,0.993752,0.999271,0.591884,0.041985
fixed,400,250,48,A,-0.672588,0.000000,0.000000,0.905204,0.988059,0.513372,0.047372
fixed,400,250,48,A,-0.311188,0.197500,0.019906,0.978177,0.997178,0.577839,0.043353
fixed,400,250,48,A,-0.188128,0.000000,0.000000,0.990702,0.998850,0.590583,0.042536
fixed,400,250,48,A,0.302427,0.145000,0.017605,0.985709,0.998228,0.582977,0.042311
fixed,400,250,48,A,-0.511336,0.000000,0.000000,0.942392,0.992900,0.546392,0.045309
fixed,400,250,48,A,0.641645,0.000000,0.000000,0.927621,0.991009,0.528229,0.044702
fixed,400,250,48,A,0.538815,0.000000,0.000000,0.950198,0.993779,0.548096,0.043787
fixed,400,250,48,A,0.405480,0.000000,0.000000,0.974339,0.996619,0.569869,0.042841
fixed,400,250,48,A,0.289439,0.527500,0.024962,0.986501,0.998395,0.584373,0.042257
fixed,400,250,48,A,0.784397,0.000000,0.000000,0.892753,0.986331,0.497295,0.046220
fixed,400,250,48,A,0.502584,0.000000,0.000000,0.955953,0.994635,0.554497,0.043502
fixed,400,250,48,A,0.712648,0.000000,0.000000,0.912197,0.988803,0.513257,0.045422
fixed,400,250,48,A,0.100032,0.177500,0.019105,0.999088,0.999897,0.597607,0.041828
fixed,400,250,48,A,0.191999,0.000000,0.000000,0.994846,0.999384,0.592890,0.041952
fixed,400,250,48,A,0.921019,0.000000,0.000000,0.851236,0.980958,0.465221,0.047918
fixed,400,250,48,A,0.156178,0.000000,0.000000,0.996520,0.999633,0.595120,0.041884
fixed,400,250,48,A,0.860908,0.000000,0.000000,0.870282,0.983430,0.479552,0.047144
fixed,400,250,48,A,0.671361,0.000000,0.000000,0.922371,0.990114,0.522074,0.044995
fixed,400,250,48,A,-0.370204,0.000000,0.000000,0.969464,0.996117,0.569853,0.043851
fixed,400,250,48,A,0.959798,0.000000,0.000000,0.837620,0.979275,0.455843,0.048437
fixed,400,250,48,A,-0.442763,0.000000,0.000000,0.957511,0.994583,0.558514,0.044555
fixed,400,250,48,A,-0.492179,0.162500,0.018445,0.948460,0.993393,0.549907,0.045090
fixed,400,250,48,A,-0.857363,0.027500,0.008177,0.851533,0.980996,0.469988,0.050096
fixed,400,250,48,A,-0.642395,0.000000,0.000000,0.913039,0.989059,0.519971,0.046958
fixed,400,250,48,A,0.335239,0.000000,0.000000,0.981847,0.997771,0.579189,0.042460
fixed,400,250,48,A,0.236555,0.387500,0.024359,0.991794,0.998989,0.589432,0.042069
fixed,400,250,48,A,-0.137059,0.082500,0.013756,0.994502,0.999329,0.594221,0.042287
fixed,400,250,48,A,-0.718747,0.000000,0.000000,0.892806,0.986446,0.502975,0.048025
fixed,400,250,48,A,-0.262142,0.000000,0.000000,0.982722,0.997932,0.583572,0.042991
fixed,400,250,48,A,-0.974868,0.000000,0.000000,0.809118,0.975673,0.440712,0.051923
fixed,400,250,48,A,-0.824760,0.000000,0.000000,0.861895,0.982359,0.477940,0.049597
adaptive,400,250,48,fcl,0.530494,0.000000,0.000000,0.000000,0.613150,0.003265,0.039614
adaptive,400,250,48,fcl,0.885999,0.000000,0.000000,0.000000,0.553974,-0.001507,0.020459
adaptive,400,250,48,fcl,0.207351,0.019608,0.019415,0.411949,0.864736,0.286593,0.033511
adaptive,400,250,48,fcl,0.346726,0.000000,0.000000,0.000000,0.740041,-0.039341,0.039053
adaptive,400,250,48,fcl,0.390640,0.000000,0.000000,0.000000,0.702684,-0.029277,0.038669
adaptive,400,250,48,fcl,0.370384,0.000000,0.000000,0.000000,0.719417,-0.036628,0.039497
adaptive,400,250,48,fcl,-0.083585,0.065593,0.008398,0.874103,0.941532,0.777729,0.023902
adaptive,400,250,48,fcl,0.230253,0.019608,0.019415,0.284534,0.845160,0.194086,0.029761
adaptive,400,250,48,fcl,-0.349588,0.000000,0.000000,0.214076,0.232908,0.082891,0.045806
adaptive,400,250,48,fcl,0.463345,0.004603,0.002296,0.000000,0.651883,-0.002323,0.036962
adaptive,400,250,48,fcl,-0.958476,0.000000,0.000000,0.000000,0.265736,0.024565,0.072600
adaptive,400,250,48,fcl,-0.476198,0.000000,0.000000,0.000000,0.347971,-0.031506,0.053951
adaptive,400,250,48,fcl,0.060832,0.189542,0.011203,0.943820,0.978886,0.710302,0.049203
adaptive,400,250,48,fcl,-0.883035,0.000000,0.000000,0.000000,0.348713,0.011992,0.053328
adaptive,400,250,48,fcl,-0.172748,0.000000,0.000000,0.570834,0.734588,0.491341,0.040066
adaptive,400,250,48,fcl,0.013718,0.000000,0.000000,0.996323,0.998585,0.774014,0.047734
adaptive,400,250,48,fcl,0.431038,0.000000,0.000000,0.000000,0.672672,-0.011876,0.036931
adaptive,400,250,48,fcl,-0.326152,0.155529,0.008813,0.282667,0.262370,0.112174,0.048189
adaptive,400,250,48,fcl,-0.313162,0.000000,0.000000,0.311808,0.291558,0.129581,0.049375
adaptive,400,250,48,fcl,0.267045,0.012579,0.005103,0.075216,0.812677,0.064789,0.026804
adaptive,400,250,48,fcl,-0.757919,0.000000,0.000000,0.000000,0.432583,-0.019488,0.036938
adaptive,400,250,48,fcl,-0.054907,0.000000,0.000000,0.944956,0.976183,0.803677,0.032233
adaptive,400,250,48,fcl,0.740539,0.100746,0.018386,0.000000,0.500233,-0.000499,0.028442
adaptive,400,250,48,fcl,0.349573,0.000000,0.000000,0.000000,0.737522,-0.039504,0.039218
adaptive,400,250,48,fcl,-0.653461,0.000000,0.000000,0.000000,0.506916,-0.039875,0.062016
adaptive,400,250,48,fcl,0.024199,0.268527,0.009722,0.990147,0.996047,0.762400,0.048627
adaptive,400,250,48,fcl,-0.654405,0.000000,0.000000,0.000000,0.506917,-0.039798,0.061882
adaptive,400,250,48,fcl,-0.293888,0.000000,0.000000,0.350252,0.343027,0.158096,0.050635
adaptive,400,250,48,fcl,-0.458148,0.019608,0.019415,0.000000,0.325296,-0.023421,0.050600
adaptive,400,250,48,fcl,-0.831849,0.000000,0.000000,0.000000,0.384663,0.000833,0.040328
adaptive,400,250,48,fcl,-0.824860,0.000000,0.000000,0.000000,0.387899,-0.000877,0.038679
adaptive,400,250,48,fcl,-0.282479,0.019608,0.019415,0.365472,0.376827,0.177061,0.051025
adaptive,400,250,48,fcl,-0.719684,0.000000,0.000000,0.000000,0.474635,-0.029701,0.047639
adaptive,400,250,48,fcl,-0.573763,0.325367,0.009593,0.000000,0.464952,-0.042814,0.066233
adaptive,400,250,48,fcl,0.430276,0.000000,0.000000,0.000000,0.673191,-0.012166,0.036944
adaptive,400,250,48,fcl,0.617631,0.000000,0.000000,0.000000,0.559902,0.002145,0.047204
adaptive,400,250,48,fcl,-0.762977,0.019608,0.019415,0.000000,0.426905,-0.018013,0.035828
adaptive,400,250,48,fcl,-0.240432,0.264402,0.016950,0.420353,0.513032,0.266452,0.050024
adaptive,400,250,48,fcl,0.804347,0.000000,0.000000,0.000000,0.506180,-0.001579,0.025755
adaptive,400,250,48,fcl,-0.458473,0.000000,0.000000,0.000000,0.325701,-0.023594,0.050658
adaptive,400,250,48,fcl,-0.688293,0.019608,0.019415,0.000000,0.497932,-0.035826,0.055685
adaptive,400,250,48,fcl,0.609541,0.000000,0.000000,0.000000,0.564986,0.002303,0.047259
adaptive,400,250,48,fcl,0.042113,0.000000,0.000000,0.971550,0.989002,0.739173,0.049331
adaptive,400,250,48,fcl,-0.863102,0.000000,0.000000,0.000000,0.365337,0.007913,0.048167
adaptive,400,250,48,fcl,0.742719,0.000000,0.000000,0.000000,0.499855,-0.000545,0.028204
adaptive,400,250,48,fcl,-0.134730,0.000000,0.000000,0.699816,0.839753,0.640093,0.028765
adaptive,400,250,48,fcl,-0.074084,0.550317,0.009331,0.900184,0.954826,0.789945,0.026331
adaptive,400,250,48,fcl,-0.125833,0.183861,0.008754,0.732605,0.861077,0.671821,0.026019
adaptive,400,250,48,fcl,-0.093083,0.476622,0.009509,0.844803,0.926438,0.761385,0.022278
adaptive,400,250,48,fcl,-0.196674,0.000000,0.000000,0.499670,0.659341,0.401142,0.044986
adaptive,400,250,48,fcl,0.448244,0.000000,0.000000,0.000000,0.661270,-0.006088,0.036834
adaptive,400,250,48,fcl,0.014128,0.242147,0.008948,0.996174,0.998528,0.773588,0.047776
adaptive,400,250,48,fcl,-0.144388,0.215849,0.010005,0.665824,0.815117,0.603500,0.031889
adaptive,400,250,48,fcl,-0.811412,0.424014,0.009356,0.000000,0.393447,-0.004308,0.035846
adaptive,400,250,48,fcl,0.680269,0.000000,0.000000,0.000000,0.523203,0.000838,0.038611
adaptive,400,250,48,fcl,-0.768786,0.000000,0.000000,0.000000,0.420442,-0.016310,0.034761
adaptive,400,250,48,fcl,0.428893,0.019608,0.019415,0.000000,0.674133,-0.012701,0.036971
adaptive,400,250,48,fcl,-0.078314,0.732255,0.008492,0.888736,0.949052,0.784992,0.025177
adaptive,400,250,48,fcl,0.809082,0.003731,0.003724,0.000000,0.508009,-0.001635,0.025964
adaptive,400,250,48,fcl,0.585416,0.000000,0.000000,0.000000,0.580138,0.002749,0.045973
adaptive,400,250,48,fcl,0.893555,0.000000,0.000000,0.000000,0.558917,-0.001275,0.017858
adaptive,400,250,48,fcl,0.764809,0.000000,0.000000,0.000000,0.497975,-0.000976,0.026249
adaptive,400,250,48,fcl,0.069947,0.019608,0.019415,0.926508,0.973167,0.694454,0.048916
adaptive,400,250,48,fcl,0.566562,0.000000,0.000000,0.000000,0.591780,0.003049,0.043886
adaptive,400,250,48,fcl,-0.552465,0.000000,0.000000,0.000000,0.442625,-0.042745,0.065042
adaptive,400,250,48,fcl,0.201313,0.400000,0.010031,0.442851,0.869819,0.310889,0.034516
adaptive,400,250,48,fcl,-0.061959,0.019608,0.019415,0.929787,0.969011,0.800172,0.030005
adaptive,400,250,48,fcl,-0.830362,0.000000,0.000000,0.000000,0.385415,0.000473,0.039971
adaptive,400,250,48,fcl,-0.412364,0.000000,0.000000,0.000000,0.271991,0.011643,0.044320
adaptive,400,250,48,fcl,0.849715,0.000000,0.000000,0.000000,0.530180,-0.001910,0.027051
adaptive,400,250,48,fcl,0.693082,0.019608,0.019415,0.000000,0.516884,0.000556,0.035947
adaptive,400,250,48,fcl,0.482458,0.019608,0.019415,0.000000,0.640570,0.000788,0.037246
adaptive,400,250,48,fcl,-0.255300,0.154347,0.008786,0.399815,0.463411,0.230798,0.050805
adaptive,400,250,48,fcl,0.842421,0.000000,0.000000,0.000000,0.525681,-0.001897,0.027231
adaptive,400,250,48,fcl,0.791385,0.000000,0.000000,0.000000,0.501843,-0.001407,0.025426
adaptive,400,250,48,fcl,0.290058,0.000000,0.000000,0.000000,0.791759,0.010113,0.029851
adaptive,400,250,48,fcl,0.006735,0.179288,0.009759,0.998859,0.999551,0.780915,0.046917
adaptive,400,250,48,fcl,0.846619,0.000000,0.000000,0.000000,0.528263,-0.001907,0.027163
adaptive,400,250,48,fcl,0.916960,0.000000,0.000000,0.000000,0.573554,-0.000065,0.012257
adaptive,400,250,48,fcl,-0.696833,0.000000,0.000000,0.000000,0.492855,-0.034402,0.053698
adaptive,400,250,48,fcl,-0.466164,0.000000,0.000000,0.000000,0.335297,-0.027383,0.052071
adaptive,400,250,48,fcl,0.657106,0.000000,0.000000,0.000000,0.535918,0.001336,0.043145
adaptive,400,250,48,fcl,-0.808399,0.000000,0.000000,0.000000,0.394644,-0.005104,0.035308
adaptive,400,250,48,fcl,0.494731,0.000000,0.000000,0.000000,0.633522,0.001987,0.037524
adaptive,400,250,48,fcl,0.259906,0.000000,0.000000,0.112608,0.819075,0.086387,0.026695
adaptive,400,250,48,fcl,-0.926852,0.000000,0.000000,0.000000,0.302868,0.019843,0.064857
adaptive,400,250,48,fcl,-0.279721,0.000000,0.000000,0.368529,0.385262,0.181928,0.051076
adaptive,400,250,48,fcl,-0.189681,0.135919,0.006524,0.518686,0.681838,0.426567,0.043734
adaptive,400,250,48,fcl,0.210990,0.019608,0.019415,0.390787,0.861651,0.271849,0.032905
adaptive,400,250,48,fcl,-0.307569,0.019608,0.019415,0.324735,0.305475,0.137472,0.049811
adaptive,400,250,48,fcl,0.827382,0.000000,0.000000,0.000000,0.516982,-0.001812,0.026887
adaptive,400,250,48,fcl,0.889452,0.000000,0.000000,0.000000,0.556256,-0.001409,0.019303
adaptive,400,250,48,fcl,-0.512986,0.091503,0.008241,0.000000,0.394978,-0.040221,0.060396
adaptive,400,250,48,fcl,-0.971478,0.037313,0.011577,0.000000,0.250552,0.026285,0.075475
adaptive,400,250,48,fcl,-0.853555,0.000000,0.000000,0.000000,0.372121,0.005843,0.045734
adaptive,400,250,48,fcl,0.618228,0.000000,0.000000,0.000000,0.559528,0.002133,0.047189
adaptive,400,250,48,fcl,0.082282,0.128870,0.008990,0.899267,0.964795,0.671023,0.048368
adaptive,400,250,48,fcl,-0.667257,0.000000,0.000000,0.000000,0.505579,-0.038583,0.059849
adaptive,400,250,48,fcl,-0.738811,0.000000,0.000000,0.000000,0.454764,-0.024872,0.042073
adaptive,400,250,48,fcl,0.067446,0.085821,0.017110,0.931868,0.974803,0.698923,0.049006
adaptive,400,250,48,fcl,0.712517,0.019608,0.019415,0.000000,0.508557,0.000119,0.032302
adaptive,400,250,48,fcl,-0.892468,0.004193,0.002959,0.000000,0.339793,0.013811,0.055809
adaptive,400,250,48,fcl,0.457267,0.000000,0.000000,0.000000,0.655585,-0.003690,0.036896
adaptive,400,250,48,fcl,-0.900477,0.000000,0.000000,0.000000,0.331783,0.015300,0.057928
adaptive,400,250,48,fcl,0.573929,0.000000,0.000000,0.000000,0.587259,0.002939,0.044773
adaptive,400,250,48,fcl,0.699911,0.000000,0.000000,0.000000,0.513738,0.000403,0.034588
adaptive,400,250,48,fcl,-0.342385,0.019608,0.019415,0.238812,0.238373,0.091694,0.046530
adaptive,400,250,48,fcl,-0.299574,0.000000,0.000000,0.340528,0.327039,0.149273,0.050338
adaptive,400,250,48,fcl,-0.404876,0.044313,0.007909,0.002804,0.264127,0.019234,0.043848
adaptive,400,250,48,fcl,-0.155012,0.019608,0.019415,0.630260,0.786347,0.561732,0.035211
adaptive,400,250,48,fcl,0.365250,0.000000,0.000000,0.000000,0.723797,-0.037904,0.039564
adaptive,400,250,48,fcl,-0.337459,0.000000,0.000000,0.254604,0.243513,0.097800,0.047039
adaptive,400,250,48,fcl,0.968453,0.019608,0.019415,0.000000,0.598917,0.005238,0.037826
adaptive,400,250,48,fcl,-0.956759,0.000000,0.000000,0.000000,0.267767,0.024329,0.072205
adaptive,400,250,48,fcl,0.673875,0.000000,0.000000,0.000000,0.526582,0.000978,0.039938
adaptive,400,250,48,fcl,-0.358903,0.253691,0.010174,0.179511,0.231084,0.071667,0.044948
adaptive,400,250,48,fcl,0.617125,0.000000,0.000000,0.000000,0.560220,0.002155,0.047215
adaptive,400,250,48,fcl,-0.336609,0.000000,0.000000,0.257272,0.244448,0.098862,0.047127
adaptive,400,250,48,fcl,0.335080,0.000000,0.000000,0.000000,0.750527,-0.036884,0.038022
adaptive,400,250,48,fcl,-0.710654,0.019608,0.019415,0.000000,0.482612,-0.031710,0.050149
adaptive,400,250,48,fcl,-0.290504,0.000000,0.000000,0.355170,0.352877,0.163534,0.050780
adaptive,400,250,48,fcl,0.141216,0.000000,0.000000,0.717807,0.919312,0.524222,0.043601
adaptive,400,250,48,fcl,-0.745282,0.241013,0.012225,0.000000,0.447312,-0.023095,0.040224
adaptive,400,250,48,fcl,0.325617,0.000000,0.000000,0.000000,0.759136,-0.032439,0.036763
adaptive,400,250,48,fcl,0.454506,0.019608,0.019415,0.000000,0.657325,-0.004377,0.036872
adaptive,400,250,48,fcl,0.862076,0.000000,0.000000,0.000000,0.538160,-0.001876,0.025974
adaptive,400,250,48,fcl,0.406009,0.000000,0.000000,0.000000,0.690692,-0.022477,0.037826
adaptive,400,250,48,fcl,0.914733,0.000000,0.000000,0.000000,0.572212,-0.000217,0.012199
adaptive,400,250,48,fcl,-0.625080,0.254090,0.009550,0.000000,0.501193,-0.041572,0.065109
adaptive,400,250,48,fcl,-0.390825,0.000000,0.000000,0.040433,0.250526,0.034453,0.043481
adaptive,400,250,48,fcl,0.190351,0.000000,0.000000,0.499260,0.878989,0.354107,0.036333
adaptive,400,250,48,fcl,0.473318,0.019608,0.019415,0.000000,0.645914,-0.000489,0.037096
adaptive,400,250,48,fcl,0.988181,0.000000,0.000000,0.000000,0.605204,0.007863,0.048219
adaptive,400,250,48,fcl,0.871159,0.000000,0.000000,0.000000,0.544147,-0.001791,0.024436
adaptive,400,250,48,fcl,0.225709,0.019608,0.019415,0.312110,0.849092,0.212224,0.030482
adaptive,400,250,48,fcl,-0.411855,0.000000,0.000000,0.000000,0.271447,0.012145,0.044282
adaptive,400,250,48,fcl,-0.760907,0.000000,0.000000,0.000000,0.429208,-0.018618,0.036264
adaptive,400,250,48,fcl,0.274149,0.000000,0.000000,0.034223,0.806254,0.045431,0.027348
adaptive,400,250,48,fcl,-0.735019,0.000000,0.000000,0.000000,0.458884,-0.025883,0.043179
adaptive,400,250,48,fcl,0.784395,0.000000,0.000000,0.000000,0.500185,-0.001304,0.025440
adaptive,400,250,48,fcl,0.425640,0.000000,0.000000,0.000000,0.676393,-0.013990,0.037045
adaptive,400,250,48,fcl,0.375294,0.000000,0.000000,0.000000,0.715258,-0.035140,0.039366
adaptive,400,250,48,fcl,0.710828,0.000000,0.000000,0.000000,0.509193,0.000157,0.032589
adaptive,400,250,48,fcl,-0.318983,0.000000,0.000000,0.298574,0.277858,0.121637,0.048869
adaptive,400,250,48,fcl,-0.105386,0.805441,0.009627,0.805692,0.904424,0.733630,0.021982
adaptive,400,250,48,fcl,0.122803,0.000000,0.000000,0.784895,0.934082,0.576612,0.045542
adaptive,400,250,48,fcl,0.555915,0.000000,0.000000,0.000000,0.598217,0.003181,0.042535
adaptive,400,250,48,fcl,-0.893626,0.000000,0.000000,0.000000,0.338643,0.014030,0.056115
adaptive,400,250,48,fcl,-0.230248,0.000000,0.000000,0.435974,0.547354,0.293783,0.049229
adaptive,400,250,48,fcl,0.701416,0.000000,0.000000,0.000000,0.513095,0.000369,0.034299
adaptive,400,250,48,fcl,-0.441461,0.000000,0.000000,0.000000,0.305026,-0.013105,0.047775
adaptive,400,250,48,fcl,-0.939191,0.000000,0.000000,0.000000,0.288528,0.021779,0.067985
adaptive,400,250,48,fcl,0.746063,0.019608,0.019415,0.000000,0.499274,-0.000614,0.027854
adaptive,400,250,48,fcl,-0.209993,0.057607,0.008955,0.470472,0.615394,0.355463,0.046993
adaptive,400,250,48,fcl,-0.875096,0.000000,0.000000,0.000000,0.355711,0.010406,0.051259
adaptive,400,250,48,fcl,-0.143834,0.004193,0.002959,0.667765,0.816541,0.605645,0.031711
adaptive,400,250,48,fcl,0.841571,0.000000,0.000000,0.000000,0.525158,-0.001894,0.027234
adaptive,400,250,48,fcl,0.027956,0.062308,0.005463,0.986911,0.994780,0.757879,0.048856
adaptive,400,250,48,fcl,-0.423304,0.000000,0.000000,0.000000,0.283989,0.001382,0.045339
adaptive,400,250,48,fcl,0.092969,0.000000,0.000000,0.873835,0.957076,0.648791,0.047775
adaptive,400,250,48,fcl,-0.595967,0.019608,0.019415,0.000000,0.484216,-0.042480,0.066443
adaptive,400,250,48,fcl,-0.946821,0.000000,0.000000,0.000000,0.279519,0.022915,0.069856
adaptive,400,250,48,fcl,-0.560326,0.000000,0.000000,0.000000,0.451255,-0.042832,0.065594
adaptive,400,250,48,fcl,0.535182,0.000000,0.000000,0.000000,0.610440,0.003286,0.040080
adaptive,400,250,48,fcl,0.150932,0.000000,0.000000,0.679265,0.911428,0.494065,0.042374
adaptive,400,250,48,fcl,0.895397,0.000000,0.000000,0.000000,0.560111,-0.001208,0.017194
adaptive,400,250,48,fcl,0.155233,0.000000,0.000000,0.662942,0.907927,0.480153,0.041788
adaptive,400,250,48,fcl,0.275985,0.019608,0.019415,0.023630,0.804595,0.040788,0.027556
adaptive,400,250,48,fcl,0.439479,0.019608,0.019415,0.000000,0.666983,-0.008844,0.036838
adaptive,400,250,48,fcl,-0.579938,0.000000,0.000000,0.000000,0.470797,-0.042753,0.066398
adaptive,400,250,48,fcl,-0.784288,0.000000,0.000000,0.000000,0.406941,-0.011792,0.033299
adaptive,400,250,48,fcl,-0.186478,0.019608,0.019415,0.527527,0.692120,0.438505,0.043112
adaptive,400,250,48,fcl,-0.352545,0.315445,0.009706,0.202892,0.231948,0.079310,0.045521
adaptive,400,250,48,fcl,-0.325519,0.000000,0.000000,0.284071,0.263737,0.112996,0.048251
adaptive,400,250,48,fcl,-0.490905,0.026244,0.003738,0.000000,0.366766,-0.036055,0.056675
adaptive,400,250,48,fcl,-0.881311,0.005040,0.001900,0.000000,0.350306,0.011652,0.052877
adaptive,400,250,48,fcl,0.559145,0.000000,0.000000,0.000000,0.596277,0.003145,0.042947
adaptive,400,250,48,fcl,-0.005223,0.000000,0.000000,0.999201,0.999815,0.791070,0.045087
adaptive,400,250,48,fcl,-0.314142,0.000000,0.000000,0.309542,0.289119,0.128225,0.049293
adaptive,400,250,48,fcl,-0.225378,0.000000,0.000000,0.443201,0.563787,0.307721,0.048774
adaptive,400,250,48,fcl,0.247472,0.005936,0.001641,0.183979,0.830122,0.128578,0.027455
adaptive,400,250,48,fcl,-0.106040,0.781877,0.010506,0.803453,0.903128,0.731944,0.022031
adaptive,400,250,48,fcl,0.923372,0.000000,0.000000,0.000000,0.577292,0.000413,0.013490
adaptive,400,250,48,fcl,0.788597,0.000000,0.000000,0.000000,0.501043,-0.001367,0.025414
adaptive,400,250,48,fcl,0.391300,0.000000,0.000000,0.000000,0.702158,-0.028996,0.038633
adaptive,400,250,48,fcl,-0.829802,0.000000,0.000000,0.000000,0.385698,0.000337,0.039837
adaptive,400,250,48,fcl,0.213111,0.308693,0.011234,0.378458,0.859853,0.263240,0.032553
adaptive,400,250,48,fcl,-0.241222,0.000000,0.000000,0.419033,0.510375,0.264431,0.050077
adaptive,400,250,48,fcl,0.702523,0.000000,0.000000,0.000000,0.512623,0.000344,0.034089
adaptive,400,250,48,fcl,0.017475,0.000000,0.000000,0.994335,0.997779,0.770021,0.048099
adaptive,400,250,48,fcl,0.533737,0.000000,0.000000,0.000000,0.611275,0.003282,0.039932
adaptive,400,250,48,fcl,0.829373,0.000000,0.000000,0.000000,0.518039,-0.001827,0.026970
adaptive,400,250,48,fcl,-0.526381,0.000000,0.000000,0.000000,0.411775,-0.041602,0.062302
adaptive,400,250,48,fcl,0.535614,0.000000,0.000000,0.000000,0.610190,0.003286,0.040125
adaptive,400,250,48,fcl,0.942535,0.000000,0.000000,0.000000,0.587587,0.002195,0.022800
adaptive,400,250,48,fcl,0.863278,0.000000,0.000000,0.000000,0.538951,-0.001868,0.025809
adaptive,400,250,48,fcl,-0.252761,0.019608,0.019415,0.402853,0.471843,0.236544,0.050704
adaptive,400,250,48,fcl,0.402865,0.000000,0.000000,0.000000,0.693109,-0.023891,0.037992
adaptive,400,250,48,fcl,-0.576882,0.000000,0.000000,0.000000,0.467997,-0.042787,0.066327
adaptive,400,250,48,fcl,0.386193,0.019608,0.019415,0.000000,0.706248,-0.031121,0.038903
adaptive,400,250,48,fcl,0.328179,0.000000,0.000000,0.000000,0.756800,-0.033882,0.037140
adaptive,400,250,48,fcl,0.800044,0.000000,0.000000,0.000000,0.504521,-0.001525,0.025601
adaptive,400,250,48,fcl,0.651355,0.003731,0.003724,0.000000,0.539283,0.001457,0.044091
adaptive,400,250,48,fcl,-0.949934,0.000000,0.000000,0.000000,0.275840,0.023366,0.070603
adaptive,400,250,48,fcl,0.727327,0.000000,0.000000,0.000000,0.503491,-0.000213,0.030062
adaptive,400,250,48,fcl,-0.559925,0.241097,0.009384,0.000000,0.450832,-0.042829,0.065569
adaptive,400,250,48,fcl,-0.373932,0.137371,0.013230,0.119661,0.237203,0.053859,0.043907
adaptive,400,250,48,fcl,0.987124,0.000000,0.000000,0.000000,0.604905,0.007718,0.047695
adaptive,400,250,48,fcl,0.879681,0.000000,0.000000,0.000000,0.549801,-0.001653,0.022366
adaptive,400,250,48,fcl,-0.874249,0.016248,0.004859,0.000000,0.356427,0.010234,0.051039
adaptive,400,250,48,fcl,0.875695,0.019608,0.019415,0.000000,0.547157,-0.001726,0.023409
adaptive,400,250,48,fcl,0.084894,0.581930,0.009651,0.893364,0.962972,0.665758,0.048233
adaptive,400,250,48,fcl,-0.180875,0.004757,0.002122,0.545007,0.709622,0.459771,0.041944
adaptive,400,250,48,fcl,0.421105,0.000000,0.000000,0.000000,0.679614,-0.015857,0.037177
adaptive,400,250,48,fcl,-0.080348,0.529540,0.009502,0.883091,0.946151,0.782337,0.024661
adaptive,400,250,48,fcl,0.541396,0.000000,0.000000,0.000000,0.606815,0.003283,0.040758
adaptive,400,250,48,fcl,0.715744,0.000000,0.000000,0.000000,0.507342,0.000046,0.031772
adaptive,400,250,48,fcl,0.063046,0.006108,0.001627,0.940170,0.977557,0.706563,0.049144
adaptive,400,250,48,fcl,0.363330,0.000000,0.000000,0.000000,0.725462,-0.038298,0.039569
adaptive,400,250,48,fcl,0.345573,0.000000,0.000000,0.000000,0.741078,-0.039230,0.038977
adaptive,400,250,48,fcl,-0.112777,0.203840,0.015483,0.779952,0.889495,0.713389,0.022890
adaptive,400,250,48,fcl,0.574409,0.000000,0.000000,0.000000,0.586963,0.002932,0.044828
adaptive,400,250,48,fcl,0.048447,0.199079,0.013546,0.962983,0.985866,0.729942,0.049370
adaptive,400,250,48,fcl,0.223477,0.000000,0.000000,0.323486,0.851002,0.221205,0.030843
adaptive,400,250,48,fcl,0.417762,0.000000,0.000000,0.000000,0.681988,-0.017278,0.037294
adaptive,400,250,48,fcl,-0.388585,0.000000,0.000000,0.050392,0.248463,0.036972,0.043485
adaptive,400,250,48,fcl,0.185118,0.019608,0.019415,0.526380,0.883345,0.374196,0.037192
adaptive,400,250,48,fcl,0.085406,0.487495,0.009516,0.892208,0.962614,0.664714,0.048205
adaptive,400,250,48,fcl,-0.393646,0.000000,0.000000,0.027896,0.253122,0.031314,0.043500
adaptive,400,250,48,fcl,0.811935,0.000000,0.000000,0.000000,0.509326,-0.001667,0.026104
adaptive,400,250,48,fcl,0.780203,0.000000,0.000000,0.000000,0.499329,-0.001238,0.025521
adaptive,400,250,48,fcl,-0.070933,0.092932,0.006065,0.908210,0.958685,0.793151,0.027246
adaptive,400,250,48,fcl,0.066176,0.028090,0.003734,0.934589,0.975633,0.701157,0.049049
adaptive,400,250,48,fcl,0.078510,0.000000,0.000000,0.907789,0.967428,0.678436,0.048553
adaptive,400,250,48,fcl,0.713039,0.000000,0.000000,0.000000,0.508361,0.000107,0.032215
adaptive,400,250,48,fcl,0.207284,0.022472,0.003604,0.412340,0.864793,0.286865,0.033522
adaptive,400,250,48,fcl,-0.609342,0.000000,0.000000,0.000000,0.493337,-0.042137,0.066057
adaptive,400,250,48,fcl,0.423197,0.000000,0.000000,0.000000,0.678128,-0.014986,0.037112
adaptive,400,250,48,fcl,0.253933,0.000000,0.000000,0.145404,0.824401,0.105989,0.026926
adaptive,400,250,48,fcl,0.858848,0.000000,0.000000,0.000000,0.536043,-0.001893,0.026362
adaptive,400,250,48,fcl,-0.214383,0.205795,0.009831,0.462487,0.600747,0.341273,0.047556
adaptive,400,250,48,fcl,0.022347,0.062038,0.009271,0.991301,0.996524,0.764559,0.048497
adaptive,400,250,48,fcl,-0.342702,0.000000,0.000000,0.237795,0.238042,0.091304,0.046498
adaptive,400,250,48,fcl,-0.459600,0.000000,0.000000,0.000000,0.327107,-0.024185,0.050863
adaptive,400,250,48,fcl,-0.640685,0.344855,0.009420,0.000000,0.505794,-0.040774,0.063632
adaptive,400,250,48,fcl,-0.093217,0.109477,0.008925,0.844379,0.926219,0.761123,0.022263
adaptive,400,250,48,fcl,-0.067202,0.000000,0.000000,0.917713,0.963256,0.796438,0.028373
adaptive,400,250,48,fcl,0.892077,0.000000,0.000000,0.000000,0.557958,-0.001326,0.018385
adaptive,400,250,48,fcl,-0.389500,0.019608,0.019415,0.046323,0.249306,0.035940,0.043481
adaptive,400,250,48,fcl,0.902601,0.019608,0.019415,0.000000,0.564722,-0.000903,0.014664
adaptive,400,250,48,fsb,0.878768,0.000000,0.000000,0.000000,0.814266,0.008436,0.036510
adaptive,400,250,48,fsb,0.614095,0.000000,0.000000,0.264070,0.850673,0.120709,0.057464
adaptive,400,250,48,fsb,-0.436122,0.019608,0.019415,0.000000,0.499861,-0.001092,0.026342
adaptive,400,250,48,fsb,0.596171,0.000000,0.000000,0.267089,0.844902,0.135178,0.053932
adaptive,400,250,48,fsb,0.422129,0.000000,0.000000,0.214465,0.785925,0.206542,0.033230
adaptive,400,250,48,fsb,-0.522320,0.000000,0.000000,0.024110,0.498928,0.096261,0.041933
adaptive,400,250,48,fsb,0.506263,0.065593,0.008398,0.251778,0.812126,0.217627,0.028403
adaptive,400,250,48,fsb,-0.482374,0.019608,0.019415,0.000452,0.499401,0.043441,0.031185
adaptive,400,250,48,fsb,-0.962550,0.000000,0.000000,0.044540,0.498535,0.048518,0.033912
adaptive,400,250,48,fsb,-0.895354,0.004603,0.002296,0.000000,0.499168,0.016956,0.051260
adaptive,400,250,48,fsb,-0.401581,0.000000,0.000000,0.004217,0.500006,-0.008596,0.038544
adaptive,400,250,48,fsb,0.106927,0.000000,0.000000,0.598418,0.911906,0.677920,0.056727
adaptive,400,250,48,fsb,0.785722,0.189542,0.011203,0.008886,0.854941,0.030206,0.024862
adaptive,400,250,48,fsb,-0.659222,0.000000,0.000000,0.000000,0.498838,0.060384,0.045708
adaptive,400,250,48,fsb,-0.873795,0.000000,0.000000,0.000000,0.499350,0.007859,0.053169
adaptive,400,250,48,fsb,-0.722068,0.000000,0.000000,0.000000,0.499394,0.004645,0.042312
adaptive,400,250,48,fsb,-0.339900,0.000000,0.000000,0.000000,0.499980,0.003880,0.048008
adaptive,400,250,48,fsb,-0.345580,0.155529,0.008813,0.000000,0.499923,0.001915,0.048222
adaptive,400,250,48,fsb,0.838217,0.000000,0.000000,0.000000,0.834177,0.015594,0.028851
adaptive,400,250,48,fsb,-0.010551,0.012579,0.005103,0.992821,0.998623,0.768915,0.044787
adaptive,400,250,48,fsb,0.545565,0.000000,0.000000,0.266740,0.826657,0.182933,0.039549
adaptive,400,250,48,fsb,-0.263217,0.000000,0.000000,0.000000,0.517195,0.052833,0.034933
adaptive,400,250,48,fsb,-0.440039,0.100746,0.018386,0.000000,0.499830,0.001020,0.025392
adaptive,400,250,48,fsb,-0.299060,0.000000,0.000000,0.000000,0.503038,0.023600,0.041232
adaptive,400,250,48,fsb,0.167528,0.000000,0.000000,0.380890,0.846744,0.497028,0.054576
adaptive,400,250,48,fsb,0.471340,0.268527,0.009722,0.234233,0.800080,0.230298,0.024975
adaptive,400,250,48,fsb,0.833090,0.000000,0.000000,0.000000,0.836507,0.016689,0.027538
adaptive,400,250,48,fsb,0.335611,0.000000,0.000000,0.198930,0.774531,0.161230,0.046874
adaptive,400,250,48,fsb,0.955215,0.019608,0.019415,0.000000,0.777074,0.005022,0.057458
adaptive,400,250,48,fsb,-0.900138,0.000000,0.000000,0.000000,0.499129,0.019118,0.050657
adaptive,400,250,48,fsb,-0.793195,0.000000,0.000000,0.000000,0.500004,-0.012155,0.052205
adaptive,400,250,48,fsb,-0.683568,0.019608,0.019415,0.000000,0.499067,0.034874,0.042845
adaptive,400,250,48,fsb,-0.147873,0.000000,0.000000,0.075312,0.739316,0.290738,0.051417
adaptive,400,250,48,fsb,-0.504560,0.325367,0.009593,0.008322,0.499138,0.073564,0.038046
adaptive,400,250,48,fsb,-0.082355,0.000000,0.000000,0.583289,0.911955,0.539045,0.042554
adaptive,400,250,48,fsb,0.189957,0.000000,0.000000,0.324021,0.827417,0.428947,0.053038
adaptive,400,250,48,fsb,-0.498323,0.019608,0.019415,0.003153,0.499212,0.065079,0.036302
adaptive,400,250,48,fsb,-0.437163,0.264402,0.016950,0.000000,0.499854,-0.000561,0.026068
adaptive,400,250,48,fsb,0.049436,0.000000,0.000000,0.872263,0.974433,0.795472,0.051672
adaptive,400,250,48,fsb,0.327744,0.000000,0.000000,0.193865,0.774685,0.163083,0.046584
adaptive,400,250,48,fsb,0.934512,0.019608,0.019415,0.000000,0.786480,0.004551,0.051059
adaptive,400,250,48,fsb,0.493575,0.000000,0.000000,0.239566,0.807614,0.225034,0.026348
adaptive,400,250,48,fsb,-0.706226,0.000000,0.000000,0.000000,0.499253,0.015272,0.041623
adaptive,400,250,48,fsb,0.037470,0.000000,0.000000,0.919428,0.984303,0.804738,0.050222
adaptive,400,250,48,fsb,-0.058430,0.000000,0.000000,0.784500,0.956392,0.630442,0.041060
adaptive,400,250,48,fsb,-0.813869,0.000000,0.000000,0.000000,0.499953,-0.009733,0.053736
adaptive,400,250,48,fsb,-0.028598,0.550317,0.009331,0.949176,0.990158,0.726411,0.042854
adaptive,400,250,48,fsb,-0.463957,0.183861,0.008754,0.000000,0.499606,0.021034,0.025652
adaptive,400,250,48,fsb,-0.061745,0.476622,0.009509,0.760117,0.951090,0.618318,0.041086
adaptive,400,250,48,fsb,-0.952089,0.000000,0.000000,0.020445,0.498632,0.043868,0.037773
adaptive,400,250,48,fsb,0.100333,0.000000,0.000000,0.627604,0.919606,0.695673,0.056484
adaptive,400,250,48,fsb,0.442176,0.242147,0.008948,0.219103,0.791193,0.220742,0.027868
adaptive,400,250,48,fsb,0.573773,0.215849,0.010005,0.270125,0.837059,0.155335,0.048232
adaptive,400,250,48,fsb,-0.284823,0.424014,0.009356,0.000000,0.506592,0.033540,0.037989
adaptive,400,250,48,fsb,-0.907210,0.000000,0.000000,0.000000,0.499070,0.022392,0.049616
adaptive,400,250,48,fsb,-0.740926,0.000000,0.000000,0.000000,0.499591,-0.004499,0.044606
adaptive,400,250,48,fsb,-0.845347,0.019608,0.019415,0.000000,0.499650,-0.002120,0.054234
adaptive,400,250,48,fsb,0.029102,0.732255,0.008492,0.947331,0.989930,0.807069,0.049230
adaptive,400,250,48,fsb,-0.487543,0.003731,0.003724,0.000926,0.499341,0.050354,0.032911
adaptive,400,250,48,fsb,-0.622282,0.000000,0.000000,0.060323,0.498488,0.100738,0.048663
adaptive,400,250,48,fsb,0.886636,0.000000,0.000000,0.000000,0.810259,0.007413,0.037948
adaptive,400,250,48,fsb,0.636784,0.000000,0.000000,0.249310,0.857094,0.104551,0.060354
adaptive,400,250,48,fsb,-0.656818,0.019608,0.019415,0.000000,0.498813,0.063056,0.045994
adaptive,400,250,48,fsb,0.251634,0.000000,0.000000,0.232490,0.790625,0.263318,0.048642
adaptive,400,250,48,fsb,0.198929,0.000000,0.000000,0.307081,0.820551,0.402362,0.052467
adaptive,400,250,48,fsb,0.035029,0.400000,0.010031,0.928506,0.986187,0.805782,0.049930
adaptive,400,250,48,fsb,-0.708720,0.019608,0.019415,0.000000,0.499273,0.013422,0.041642
adaptive,400,250,48,fsb,0.661771,0.000000,0.000000,0.225691,0.862578,0.089210,0.061114
adaptive,400,250,48,fsb,0.446507,0.000000,0.000000,0.219306,0.792413,0.223179,0.027046
adaptive,400,250,48,fsb,0.845273,0.000000,0.000000,0.000000,0.830852,0.014157,0.030519
adaptive,400,250,48,fsb,-0.917297,0.019608,0.019415,0.000000,0.498981,0.027185,0.047780
adaptive,400,250,48,fsb,0.190917,0.019608,0.019415,0.322235,0.826662,0.426078,0.052976
adaptive,400,250,48,fsb,-0.110402,0.154347,0.008786,0.336535,0.843982,0.427540,0.047001
adaptive,400,250,48,fsb,0.408196,0.000000,0.000000,0.205778,0.782728,0.195265,0.037535
adaptive,400,250,48,fsb,0.826041,0.000000,0.000000,0.000000,0.839643,0.018276,0.025675
adaptive,400,250,48,fsb,-0.731142,0.000000,0.000000,0.000000,0.499485,-0.000228,0.043259
adaptive,400,250,48,fsb,0.512552,0.179288,0.009759,0.255426,0.814412,0.213033,0.029770
adaptive,400,250,48,fsb,0.934928,0.000000,0.000000,0.000000,0.786284,0.004552,0.051190
adaptive,400,250,48,fsb,-0.525900,0.000000,0.000000,0.025026,0.498887,0.100392,0.042527
adaptive,400,250,48,fsb,0.135107,0.000000,0.000000,0.481220,0.879776,0.596148,0.056522
adaptive,400,250,48,fsb,0.463135,0.000000,0.000000,0.231104,0.797453,0.229399,0.025200
adaptive,400,250,48,fsb,-0.795655,0.000000,0.000000,0.000000,0.500005,-0.011996,0.052443
adaptive,400,250,48,fsb,-0.536528,0.000000,0.000000,0.038384,0.498768,0.111387,0.043971
adaptive,400,250,48,fsb,-0.018486,0.000000,0.000000,0.979259,0.995990,0.751947,0.043915
adaptive,400,250,48,fsb,-0.796040,0.000000,0.000000,0.000000,0.500006,-0.011968,0.052479
adaptive,400,250,48,fsb,0.786020,0.000000,0.000000,0.008402,0.854850,0.030095,0.024767
adaptive,400,250,48,fsb,0.760767,0.000000,0.000000,0.056670,0.861597,0.040496,0.035110
adaptive,400,250,48,fsb,0.554231,0.135919,0.006524,0.269297,0.829885,0.174343,0.042334
adaptive,400,250,48,fsb,0.532844,0.019608,0.019415,0.264621,0.821909,0.195312,0.035464
adaptive,400,250,48,fsb,-0.718635,0.019608,0.019415,0.000000,0.499360,0.006720,0.042051
adaptive,400,250,48,fsb,0.053538,0.000000,0.000000,0.854684,0.970721,0.790790,0.052168
adaptive,400,250,48,fsb,-0.232848,0.000000,0.000000,0.000000,0.547587,0.090677,0.037894
adaptive,400,250,48,fsb,-0.639114,0.091503,0.008241,0.020062,0.498632,0.082876,0.047777
adaptive,400,250,48,fsb,0.650266,0.037313,0.011577,0.237423,0.860285,0.095990,0.061105
adaptive,400,250,48,fsb,-0.916334,0.000000,0.000000,0.000000,0.498990,0.026723,0.047974
adaptive,400,250,48,fsb,0.823675,0.000000,0.000000,0.000000,0.840666,0.018832,0.025062
adaptive,400,250,48,fsb,-0.246239,0.128870,0.008990,0.000000,0.531325,0.072269,0.035565
adaptive,400,250,48,fsb,-0.703393,0.000000,0.000000,0.000000,0.499230,0.017451,0.041642
adaptive,400,250,48,fsb,-0.900428,0.000000,0.000000,0.000000,0.499127,0.019251,0.050618
adaptive,400,250,48,fsb,-0.267268,0.085821,0.017110,0.000000,0.514502,0.048782,0.035216
adaptive,400,250,48,fsb,-0.626953,0.019608,0.019415,0.052795,0.498522,0.095984,0.048509
adaptive,400,250,48,fsb,0.558302,0.004193,0.002959,0.270815,0.831399,0.170318,0.043617
adaptive,400,250,48,fsb,0.223831,0.000000,0.000000,0.260146,0.804230,0.332111,0.050865
adaptive,400,250,48,fsb,0.157992,0.000000,0.000000,0.406913,0.855903,0.526304,0.055239
adaptive,400,250,48,fsb,-0.728528,0.000000,0.000000,0.000000,0.499457,0.001085,0.042951
adaptive,400,250,48,fsb,0.487938,0.000000,0.000000,0.238853,0.805643,0.227380,0.025734
adaptive,400,250,48,fsb,0.613946,0.019608,0.019415,0.264022,0.850627,0.120823,0.057439
adaptive,400,250,48,fsb,-0.703404,0.000000,0.000000,0.000000,0.499230,0.017442,0.041641
adaptive,400,250,48,fsb,0.046419,0.044313,0.007909,0.885198,0.977165,0.798439,0.051305
adaptive,400,250,48,fsb,0.832616,0.019608,0.019415,0.000000,0.836723,0.016793,0.027414
adaptive,400,250,48,fsb,-0.071199,0.000000,0.000000,0.681213,0.934431,0.582656,0.041485
adaptive,400,250,48,fsb,0.746211,0.000000,0.000000,0.088511,0.864302,0.047135,0.041479
adaptive,400,250,48,fsb,0.422475,0.019608,0.019415,0.214742,0.786010,0.206815,0.033123
adaptive,400,250,48,fsb,0.914329,0.000000,0.000000,0.000000,0.796272,0.005043,0.044802
adaptive,400,250,48,fsb,0.810172,0.000000,0.000000,0.000000,0.846267,0.022292,0.022294
adaptive,400,250,48,fsb,-0.478224,0.253691,0.010174,0.000076,0.499449,0.038036,0.029800
adaptive,400,250,48,fsb,-0.722455,0.000000,0.000000,0.000000,0.499397,0.004419,0.042345
adaptive,400,250,48,fsb,0.762876,0.000000,0.000000,0.053612,0.861114,0.039561,0.034166
adaptive,400,250,48,fsb,-0.584242,0.000000,0.000000,0.079365,0.498403,0.127381,0.047672
adaptive,400,250,48,fsb,0.963470,0.019608,0.019415,0.000000,0.773546,0.005450,0.059853
adaptive,400,250,48,fsb,0.174193,0.000000,0.000000,0.361153,0.840664,0.476633,0.054106
adaptive,400,250,48,fsb,0.557098,0.000000,0.000000,0.270484,0.830952,0.171507,0.043240
adaptive,400,250,48,fsb,-0.447892,0.241013,0.012225,0.000000,0.499765,0.006236,0.024257
adaptive,400,250,48,fsb,-0.360995,0.000000,0.000000,0.000000,0.499914,-0.002648,0.047671
adaptive,400,250,48,fsb,-0.862865,0.019608,0.019415,0.000000,0.499457,0.003724,0.053744
adaptive,400,250,48,fsb,-0.410006,0.000000,0.000000,0.002191,0.499992,-0.008250,0.035537
adaptive,400,250,48,fsb,0.966529,0.000000,0.000000,0.000000,0.772275,0.005639,0.060712
adaptive,400,250,48,fsb,0.010187,0.000000,0.000000,0.990141,0.998249,0.798985,0.047082
adaptive,400,250,48,fsb,-0.261467,0.254090,0.009550,0.000000,0.518432,0.054650,0.034862
adaptive,400,250,48,fsb,0.688468,0.000000,0.000000,0.188883,0.866235,0.074916,0.058700
adaptive,400,250,48,fsb,0.801775,0.000000,0.000000,0.000000,0.849458,0.024746,0.021867
adaptive,400,250,48,fsb,0.090268,0.019608,0.019415,0.676201,0.931312,0.721235,0.055900
adaptive,400,250,48,fsb,0.339460,0.000000,0.000000,0.198424,0.774560,0.160851,0.046976
adaptive,400,250,48,fsb,0.312846,0.000000,0.000000,0.199160,0.775686,0.170824,0.045997
adaptive,400,250,48,fsb,-0.393242,0.019608,0.019415,0.003232,0.500006,-0.008275,0.041228
adaptive,400,250,48,fsb,0.023520,0.000000,0.000000,0.963703,0.993171,0.806631,0.048584
adaptive,400,250,48,fsb,-0.756003,0.000000,0.000000,0.000000,0.499762,-0.009168,0.047018
adaptive,400,250,48,fsb,0.414285,0.000000,0.000000,0.208965,0.784078,0.200235,0.035669
adaptive,400,250,48,fsb,0.103460,0.000000,0.000000,0.613232,0.915951,0.687341,0.056614
adaptive,400,250,48,fsb,-0.595736,0.000000,0.000000,0.083254,0.498386,0.122276,0.048296
adaptive,400,250,48,fsb,-0.034910,0.000000,0.000000,0.924115,0.985375,0.708454,0.042255
adaptive,400,250,48,fsb,0.543619,0.000000,0.000000,0.266856,0.825930,0.184854,0.038918
adaptive,400,250,48,fsb,0.040788,0.000000,0.000000,0.906972,0.981711,0.802849,0.050622
adaptive,400,250,48,fsb,-0.756796,0.000000,0.000000,0.000000,0.499771,-0.009353,0.047148
adaptive,400,250,48,fsb,0.018338,0.805441,0.009627,0.975783,0.995528,0.804769,0.047994
adaptive,400,250,48,fsb,-0.892617,0.000000,0.000000,0.000000,0.499190,0.015740,0.051572
adaptive,400,250,48,fsb,0.234725,0.000000,0.000000,0.249982,0.798313,0.303677,0.050061
adaptive,400,250,48,fsb,0.425740,0.000000,0.000000,0.217354,0.786804,0.209357,0.032132
adaptive,400,250,48,fsb,0.599573,0.000000,0.000000,0.265874,0.846039,0.132313,0.054679
adaptive,400,250,48,fsb,-0.884993,0.000000,0.000000,0.000000,0.499252,0.012441,0.052325
adaptive,400,250,48,fsb,0.069753,0.000000,0.000000,0.777037,0.954299,0.765602,0.054039
adaptive,400,250,48,fsb,-0.844208,0.000000,0.000000,0.000000,0.499663,-0.002463,0.054248
adaptive,400,250,48,fsb,-0.283719,0.019608,0.019415,0.000000,0.507003,0.034395,0.037759
adaptive,400,250,48,fsb,0.661526,0.057607,0.008955,0.226069,0.862535,0.089350,0.061120
adaptive,400,250,48,fsb,0.314813,0.000000,0.000000,0.199176,0.775485,0.169472,0.046062
adaptive,400,250,48,fsb,0.364479,0.004193,0.002959,0.192424,0.775889,0.165812,0.046356
adaptive,400,250,48,fsb,0.878220,0.000000,0.000000,0.000000,0.814544,0.008513,0.036416
adaptive,400,250,48,fsb,-0.991297,0.062308,0.005463,0.088950,0.498380,0.058766,0.027205
adaptive,400,250,48,fsb,-0.974735,0.000000,0.000000,0.071078,0.498446,0.053411,0.029751
adaptive,400,250,48,fsb,0.781340,0.000000,0.000000,0.016007,0.856288,0.031870,0.026376
adaptive,400,250,48,fsb,0.122978,0.019608,0.019415,0.530080,0.893370,0.632243,0.056845
adaptive,400,250,48,fsb,0.746927,0.000000,0.000000,0.087068,0.864198,0.046802,0.041177
adaptive,400,250,48,fsb,0.948112,0.000000,0.000000,0.000000,0.780205,0.004759,0.055313
adaptive,400,250,48,fsb,0.395943,0.000000,0.000000,0.201450,0.780299,0.185478,0.040968
adaptive,400,250,48,fsb,0.977665,0.000000,0.000000,0.000000,0.767821,0.006462,0.063704
adaptive,400,250,48,fsb,-0.263241,0.000000,0.000000,0.000000,0.517178,0.052809,0.034934
adaptive,400,250,48,fsb,-0.494013,0.000000,0.000000,0.001924,0.499264,0.059174,0.034995
adaptive,400,250,48,fsb,-0.069943,0.019608,0.019415,0.692457,0.936769,0.587475,0.041404
adaptive,400,250,48,fsb,-0.110880,0.019608,0.019415,0.332696,0.842713,0.425669,0.047082
adaptive,400,250,48,fsb,0.233793,0.000000,0.000000,0.250598,0.798807,0.306042,0.050134
adaptive,400,250,48,fsb,0.043513,0.000000,0.000000,0.896742,0.979583,0.800901,0.050952
adaptive,400,250,48,fsb,-0.092141,0.019608,0.019415,0.494093,0.889888,0.500073,0.043926
adaptive,400,250,48,fsb,-0.451970,0.315445,0.009706,0.000000,0.499726,0.009477,0.024142
adaptive,400,250,48,fsb,0.580292,0.000000,0.000000,0.269139,0.839396,0.149250,0.050023
adaptive,400,250,48,fsb,-0.641991,0.026244,0.003738,0.013737,0.498661,0.079676,0.047538
adaptive,400,250,48,fsb,0.474582,0.005040,0.001900,0.236397,0.801140,0.230223,0.024998
adaptive,400,250,48,fsb,-0.465041,0.000000,0.000000,0.000000,0.499595,0.022217,0.025903
adaptive,400,250,48,fsb,-0.451131,0.000000,0.000000,0.000000,0.499734,0.008780,0.024138
adaptive,400,250,48,fsb,-0.762417,0.000000,0.000000,0.000000,0.499829,-0.010494,0.048062
adaptive,400,250,48,fsb,0.951265,0.000000,0.000000,0.000000,0.778798,0.004863,0.056274
adaptive,400,250,48,fsb,-0.109954,0.005936,0.001641,0.340135,0.845172,0.429296,0.046925
adaptive,400,250,48,fsb,0.017428,0.781877,0.010506,0.977905,0.995942,0.804296,0.047891
adaptive,400,250,48,fsb,-0.791011,0.000000,0.000000,0.000000,0.500003,-0.012263,0.051980
adaptive,400,250,48,fsb,-0.007726,0.000000,0.000000,0.996061,0.999241,0.774258,0.045099
adaptive,400,250,48,fsb,0.395124,0.000000,0.000000,0.201221,0.780157,0.184847,0.041176
adaptive,400,250,48,fsb,-0.712993,0.000000,0.000000,0.000000,0.499311,0.010406,0.041753
adaptive,400,250,48,fsb,-0.049101,0.308693,0.011234,0.846316,0.969603,0.663225,0.041277
adaptive,400,250,48,fsb,0.951944,0.000000,0.000000,0.000000,0.778502,0.004888,0.056479
adaptive,400,250,48,fsb,0.469789,0.000000,0.000000,0.233198,0.799573,0.230247,0.024986
adaptive,400,250,48,fsb,0.802907,0.000000,0.000000,0.000000,0.849033,0.024400,0.021845
adaptive,400,250,48,fsb,0.182982,0.000000,0.000000,0.338740,0.833090,0.449924,0.053501
adaptive,400,250,48,fsb,0.910207,0.000000,0.000000,0.000000,0.798318,0.005269,0.043611
adaptive,400,250,48,fsb,-0.838552,0.000000,0.000000,0.000000,0.499728,-0.004101,0.054286
adaptive,400,250,48,fsb,0.075525,0.000000,0.000000,0.747143,0.948079,0.754357,0.054638
adaptive,400,250,48,fsb,0.568783,0.000000,0.000000,0.271416,0.835253,0.160095,0.046795
adaptive,400,250,48,fsb,-0.959142,0.000000,0.000000,0.036759,0.498564,0.047041,0.035177
adaptive,400,250,48,fsb,0.180750,0.019608,0.019415,0.344213,0.834986,0.456680,0.053652
adaptive,400,250,48,fsb,-0.108204,0.000000,0.000000,0.354200,0.849821,0.436175,0.046625
adaptive,400,250,48,fsb,0.400000,0.000000,0.000000,0.202769,0.781077,0.188656,0.039895
adaptive,400,250,48,fsb,-0.727077,0.019608,0.019415,0.000000,0.499442,0.001845,0.042792
adaptive,400,250,48,fsb,0.116277,0.000000,0.000000,0.562217,0.901042,0.651669,0.056876
adaptive,400,250,48,fsb,-0.000190,0.000000,0.000000,0.998251,0.999698,0.786626,0.045933
adaptive,400,250,48,fsb,-0.569218,0.003731,0.003724,0.072121,0.498474,0.128968,0.046697
adaptive,400,250,48,fsb,-0.772271,0.000000,0.000000,0.000000,0.499917,-0.011827,0.049587
adaptive,400,250,48,fsb,-0.798115,0.000000,0.000000,0.000000,0.500007,-0.011800,0.052666
adaptive,400,250,48,fsb,-0.359230,0.241097,0.009384,0.000000,0.499909,-0.002181,0.047819
adaptive,400,250,48,fsb,0.047077,0.137371,0.013230,0.882377,0.976569,0.797827,0.051385
adaptive,400,250,48,fsb,0.709084,0.000000,0.000000,0.157647,0.867156,0.064746,0.054384
adaptive,400,250,48,fsb,0.127800,0.000000,0.000000,0.509088,0.887917,0.618016,0.056755
adaptive,400,250,48,fsb,-0.314182,0.016248,0.004859,0.000000,0.501068,0.014986,0.044573
adaptive,400,250,48,fsb,0.572720,0.019608,0.019415,0.270397,0.836678,0.156332,0.047933
adaptive,400,250,48,fsb,-0.063473,0.581930,0.009651,0.747408,0.948326,0.611913,0.041123
adaptive,400,250,48,fsb,-0.133374,0.004757,0.002122,0.161254,0.780533,0.340836,0.050339
adaptive,400,250,48,fsb,-0.556486,0.000000,0.000000,0.059791,0.498571,0.125434,0.045798
adaptive,400,250,48,fsb,-0.068259,0.529540,0.009502,0.707531,0.939904,0.593901,0.041309
adaptive,400,250,48,fsb,-0.619640,0.000000,0.000000,0.064582,0.498468,0.103333,0.048719
adaptive,400,250,48,fsb,0.036822,0.000000,0.000000,0.921861,0.984809,0.805044,0.050145
adaptive,400,250,48,fsb,0.887779,0.006108,0.001627,0.000000,0.809677,0.007277,0.038174
adaptive,400,250,48,fsb,-0.962331,0.000000,0.000000,0.044042,0.498537,0.048425,0.033993
adaptive,400,250,48,fsb,-0.137546,0.000000,0.000000,0.133305,0.768690,0.325993,0.050751
adaptive,400,250,48,fsb,-0.459810,0.203840,0.015483,0.000000,0.499649,0.016709,0.024847
adaptive,400,250,48,fsb,0.397979,0.000000,0.000000,0.202079,0.780676,0.187062,0.040438
adaptive,400,250,48,fsb,-0.567847,0.199079,0.013546,0.071464,0.498482,0.128804,0.046603
adaptive,400,250,48,fsb,-0.486936,0.000000,0.000000,0.000865,0.499348,0.049534,0.032710
adaptive,400,250,48,fsb,-0.061427,0.000000,0.000000,0.762457,0.951599,0.619491,0.041081
adaptive,400,250,48,fsb,-0.783290,0.000000,0.000000,0.000000,0.499981,-0.012392,0.051091
adaptive,400,250,48,fsb,0.512445,0.019608,0.019415,0.255384,0.814373,0.213116,0.029745
adaptive,400,250,48,fsb,0.183591,0.487495,0.009516,0.337245,0.832572,0.448082,0.053460
adaptive,400,250,48,fsb,0.327957,0.000000,0.000000,0.194002,0.774681,0.163013,0.046593
adaptive,400,250,48,fsb,-0.630200,0.000000,0.000000,0.044980,0.498549,0.092571,0.048360
adaptive,400,250,48,fsb,-0.769919,0.000000,0.000000,0.000000,0.499900,-0.011583,0.049236
adaptive,400,250,48,fsb,0.302238,0.092932,0.006065,0.202139,0.776960,0.179904,0.045785
adaptive,400,250,48,fsb,0.783085,0.028090,0.003734,0.013171,0.855752,0.031199,0.025747
adaptive,400,250,48,fsb,-0.840542,0.000000,0.000000,0.000000,0.499705,-0.003538,0.054279
adaptive,400,250,48,fsb,0.593657,0.000000,0.000000,0.267792,0.844044,0.137330,0.053359
adaptive,400,250,48,fsb,-0.381449,0.022472,0.003604,0.002571,0.499983,-0.006921,0.044370
adaptive,400,250,48,fsb,0.846692,0.000000,0.000000,0.000000,0.830180,0.013877,0.030832
adaptive,400,250,48,fsb,-0.473526,0.000000,0.000000,0.000000,0.499502,0.032128,0.028282
adaptive,400,250,48,fsb,-0.797525,0.000000,0.000000,0.000000,0.500006,-0.011851,0.052614
adaptive,400,250,48,fsb,0.536230,0.000000,0.000000,0.266431,0.823171,0.192070,0.036537
adaptive,400,250,48,fsb,0.075811,0.205795,0.009831,0.745800,0.947757,0.753773,0.054666
adaptive,400,250,48,fsb,0.524890,0.062038,0.009271,0.260620,0.818951,0.202673,0.033047
adaptive,400,250,48,fsb,-0.133296,0.000000,0.000000,0.161830,0.780752,0.341115,0.050330
adaptive,400,250,48,fsb,0.284579,0.000000,0.000000,0.207763,0.780208,0.201741,0.046142
adaptive,400,250,48,fsb,-0.489315,0.344855,0.009420,0.001200,0.499320,0.052757,0.033494
adaptive,400,250,48,fsb,-0.421572,0.109477,0.008925,0.000000,0.499949,-0.006392,0.031195
adaptive,400,250,48,fsb,-0.732939,0.000000,0.000000,0.000000,0.499504,-0.001089,0.043485
adaptive,400,250,48,fsb,-0.678930,0.000000,0.000000,0.000000,0.499027,0.039444,0.043332
adaptive,400,250,48,fsb,-0.214870,0.019608,0.019415,0.000000,0.575861,0.120249,0.042318
adaptive,400,250,48,fsb,-0.462722,0.019608,0.019415,0.000000,0.499619,0.019712,0.025386
adaptive,400,250,48,A,0.365177,0.000000,0.000000,0.977526,0.997309,0.765983,0.045900
adaptive,400,250,48,A,0.371995,0.000000,0.000000,0.976822,0.997198,0.765013,0.045909
adaptive,400,250,48,A,-0.490953,0.019608,0.019415,0.948806,0.993424,0.715124,0.049070
adaptive,400,250,48,A,0.820015,0.000000,0.000000,0.880212,0.985015,0.667380,0.048573
adaptive,400,250,48,A,0.356794,0.000000,0.000000,0.979478,0.997443,0.767149,0.045890
adaptive,400,250,48,A,-0.197554,0.000000,0.000000,0.989910,0.998748,0.771000,0.046508
adaptive,400,250,48,A,-0.761728,0.065593,0.008398,0.881202,0.984852,0.638907,0.054517
adaptive,400,250,48,A,0.380683,0.019608,0.019415,0.976237,0.997052,0.763750,0.045921
adaptive,400,250,48,A,-0.605814,0.000000,0.000000,0.922761,0.990214,0.684939,0.050995
adaptive,400,250,48,A,0.272593,0.004603,0.002296,0.988424,0.998598,0.777193,0.045820
adaptive,400,250,48,A,-0.985223,0.000000,0.000000,0.806849,0.975173,0.567233,0.060894
adaptive,400,250,48,A,0.442183,0.000000,0.000000,0.966368,0.995922,0.753946,0.046032
adaptive,400,250,48,A,0.619214,0.189542,0.011203,0.933715,0.991656,0.718234,0.046701
adaptive,400,250,48,A,0.264126,0.000000,0.000000,0.989212,0.998696,0.778030,0.045816
adaptive,400,250,48,A,0.390967,0.000000,0.000000,0.975084,0.996876,0.762214,0.045936
adaptive,400,250,48,A,-0.811870,0.000000,0.000000,0.864664,0.982884,0.623225,0.055842
adaptive,400,250,48,A,0.323243,0.000000,0.000000,0.983553,0.997944,0.771521,0.045855
adaptive,400,250,48,A,-0.876362,0.155529,0.008813,0.846159,0.980179,0.602638,0.057650
adaptive,400,250,48,A,-0.007785,0.000000,0.000000,0.999721,0.999976,0.786640,0.045966
adaptive,400,250,48,A,-0.255699,0.012579,0.005103,0.983965,0.998023,0.762775,0.046803
adaptive,400,250,48,A,-0.707263,0.000000,0.000000,0.896003,0.986856,0.655519,0.053177
adaptive,400,250,48,A,-0.367569,0.000000,0.000000,0.970196,0.996169,0.742803,0.047634
adaptive,400,250,48,A,0.523500,0.100746,0.018386,0.953791,0.994148,0.738822,0.046261
adaptive,400,250,48,A,-0.127715,0.000000,0.000000,0.995170,0.999403,0.778795,0.046246
adaptive,400,250,48,A,0.521140,0.000000,0.000000,0.953815,0.994204,0.739293,0.046253
adaptive,400,250,48,A,0.204016,0.268527,0.009722,0.993928,0.999287,0.783017,0.045804
adaptive,400,250,48,A,-0.501134,0.000000,0.000000,0.945204,0.993165,0.712606,0.049217
adaptive,400,250,48,A,0.828283,0.000000,0.000000,0.880047,0.984701,0.665114,0.048686
adaptive,400,250,48,A,-0.295536,0.019608,0.019415,0.979175,0.997432,0.756269,0.047055
adaptive,400,250,48,A,-0.891778,0.000000,0.000000,0.840091,0.979504,0.597663,0.058097
adaptive,400,250,48,A,-0.921189,0.000000,0.000000,0.830189,0.978184,0.588128,0.058963
adaptive,400,250,48,A,-0.798926,0.019608,0.019415,0.867110,0.983404,0.627305,0.055492
adaptive,400,250,48,A,-0.107541,0.000000,0.000000,0.996110,0.999548,0.780611,0.046185
adaptive,400,250,48,A,-0.042491,0.325367,0.009593,0.999095,0.999882,0.785104,0.046029
adaptive,400,250,48,A,0.239354,0.000000,0.000000,0.991677,0.998960,0.780289,0.045808
adaptive,400,250,48,A,-0.766839,0.000000,0.000000,0.879657,0.984657,0.637325,0.054649
adaptive,400,250,48,A,0.818206,0.019608,0.019415,0.880219,0.985083,0.667875,0.048549
adaptive,400,250,48,A,0.594023,0.264402,0.016950,0.939921,0.992354,0.723920,0.046564
adaptive,400,250,48,A,0.473077,0.000000,0.000000,0.962619,0.995285,0.748477,0.046106
adaptive,400,250,48,A,-0.135960,0.000000,0.000000,0.994548,0.999338,0.777996,0.046272
adaptive,400,250,48,A,0.472512,0.019608,0.019415,0.962719,0.995297,0.748580,0.046105
adaptive,400,250,48,A,-0.878692,0.000000,0.000000,0.845761,0.980078,0.601887,0.057717
adaptive,400,250,48,A,0.926837,0.000000,0.000000,0.848272,0.980710,0.637338,0.050277
adaptive,400,250,48,A,-0.603738,0.000000,0.000000,0.922734,0.990278,0.685517,0.050955
adaptive,400,250,48,A,0.721635,0.000000,0.000000,0.909099,0.988506,0.693402,0.047464
adaptive,400,250,48,A,-0.694440,0.000000,0.000000,0.899026,0.987307,0.659356,0.052877
adaptive,400,250,48,A,0.869092,0.550317,0.009331,0.866837,0.983103,0.653772,0.049289
adaptive,400,250,48,A,-0.393686,0.183861,0.008754,0.965432,0.995648,0.737408,0.047887
adaptive,400,250,48,A,0.100164,0.476622,0.009509,0.999080,0.999896,0.787566,0.045842
adaptive,400,250,48,A,-0.986224,0.000000,0.000000,0.806879,0.975124,0.566905,0.060925
adaptive,400,250,48,A,-0.626582,0.000000,0.000000,0.916923,0.989567,0.679102,0.051406
adaptive,400,250,48,A,0.206413,0.242147,0.008948,0.993726,0.999267,0.782851,0.045804
adaptive,400,250,48,A,0.240376,0.215849,0.010005,0.991635,0.998950,0.780201,0.045808
adaptive,400,250,48,A,-0.107953,0.424014,0.009356,0.996098,0.999546,0.780576,0.046187
adaptive,400,250,48,A,-0.613052,0.000000,0.000000,0.920471,0.989991,0.682917,0.051136
adaptive,400,250,48,A,-0.103509,0.000000,0.000000,0.996309,0.999575,0.780950,0.046174
adaptive,400,250,48,A,0.099984,0.019608,0.019415,0.999091,0.999897,0.787570,0.045842
adaptive,400,250,48,A,-0.525524,0.732255,0.008492,0.939642,0.992524,0.706443,0.049587
adaptive,400,250,48,A,-0.439609,0.003731,0.003724,0.957703,0.994655,0.727301,0.048397
adaptive,400,250,48,A,-0.101960,0.000000,0.000000,0.996415,0.999585,0.781078,0.046170
adaptive,400,250,48,A,-0.977297,0.000000,0.000000,0.807946,0.975556,0.569826,0.060652
adaptive,400,250,48,A,-0.101040,0.000000,0.000000,0.996478,0.999591,0.781154,0.046167
adaptive,400,250,48,A,0.471212,0.019608,0.019415,0.962948,0.995325,0.748817,0.046101
adaptive,400,250,48,A,-0.537467,0.000000,0.000000,0.938448,0.992201,0.703359,0.049778
adaptive,400,250,48,A,-0.375588,0.000000,0.000000,0.967970,0.996012,0.741175,0.047709
adaptive,400,250,48,A,-0.378507,0.400000,0.010031,0.967421,0.995955,0.740575,0.047737
adaptive,400,250,48,A,-0.132996,0.019608,0.019415,0.994766,0.999362,0.778287,0.046263
adaptive,400,250,48,A,-0.922008,0.000000,0.000000,0.829890,0.978147,0.587862,0.058987
adaptive,400,250,48,A,0.767462,0.000000,0.000000,0.895488,0.986937,0.681512,0.047929
adaptive,400,250,48,A,0.943115,0.000000,0.000000,0.843121,0.980007,0.632636,0.050584
adaptive,400,250,48,A,-0.214003,0.019608,0.019415,0.988482,0.998560,0.768830,0.046584
adaptive,400,250,48,A,0.997995,0.019608,0.019415,0.823274,0.977548,0.616597,0.051713
adaptive,400,250,48,A,-0.665238,0.154347,0.008786,0.907983,0.988306,0.667973,0.052220
adaptive,400,250,48,A,-0.166165,0.000000,0.000000,0.992661,0.999072,0.774790,0.046379
adaptive,400,250,48,A,-0.952977,0.000000,0.000000,0.817154,0.976713,0.577773,0.059915
adaptive,400,250,48,A,-0.731441,0.000000,0.000000,0.889144,0.985984,0.648206,0.053758
adaptive,400,250,48,A,-0.314424,0.179288,0.009759,0.977765,0.997125,0.752945,0.047191
adaptive,400,250,48,A,0.661473,0.000000,0.000000,0.923537,0.990417,0.708306,0.046974
adaptive,400,250,48,A,0.991489,0.000000,0.000000,0.825462,0.977847,0.618512,0.051572
adaptive,400,250,48,A,0.035793,0.000000,0.000000,0.999975,1.000013,0.787716,0.045904
adaptive,400,250,48,A,0.078491,0.000000,0.000000,0.999658,0.999958,0.787848,0.045859
adaptive,400,250,48,A,-0.996330,0.000000,0.000000,0.803143,0.974631,0.563596,0.061234
adaptive,400,250,48,A,-0.462811,0.000000,0.000000,0.953315,0.994114,0.721909,0.048687
adaptive,400,250,48,A,-0.699552,0.000000,0.000000,0.897530,0.987129,0.657830,0.052996
adaptive,400,250,48,A,-0.097299,0.000000,0.000000,0.996735,0.999615,0.781457,0.046157
adaptive,400,250,48,A,0.948296,0.000000,0.000000,0.841636,0.979781,0.631134,0.050685
adaptive,400,250,48,A,-0.366310,0.000000,0.000000,0.970493,0.996193,0.743056,0.047622
adaptive,400,250,48,A,0.488311,0.135919,0.006524,0.960133,0.994955,0.745653,0.046148
adaptive,400,250,48,A,0.846176,0.019608,0.019415,0.873033,0.984010,0.660172,0.048941
adaptive,400,250,48,A,-0.464520,0.019608,0.019415,0.953022,0.994073,0.721505,0.048710
adaptive,400,250,48,A,-0.027747,0.000000,0.000000,0.999255,0.999929,0.785830,0.046001
adaptive,400,250,48,A,0.569581,0.000000,0.000000,0.945492,0.993003,0.729259,0.046446
adaptive,400,250,48,A,-0.279176,0.091503,0.008241,0.981741,0.997684,0.759024,0.046946
adaptive,400,250,48,A,-0.884055,0.037313,0.011577,0.843656,0.979843,0.600157,0.057872
adaptive,400,250,48,A,0.964060,0.000000,0.000000,0.835619,0.979085,0.626546,0.050999
adaptive,400,250,48,A,0.799433,0.000000,0.000000,0.886394,0.985783,0.672973,0.048307
adaptive,400,250,48,A,0.082475,0.128870,0.008990,0.999631,0.999948,0.787813,0.045856
adaptive,400,250,48,A,-0.332363,0.000000,0.000000,0.974677,0.996817,0.749650,0.047330
adaptive,400,250,48,A,0.583655,0.000000,0.000000,0.940793,0.992633,0.726206,0.046512
adaptive,400,250,48,A,0.937024,0.085821,0.017110,0.844829,0.980272,0.634399,0.050468
adaptive,400,250,48,A,-0.922984,0.019608,0.019415,0.829533,0.978102,0.587545,0.059016
adaptive,400,250,48,A,-0.320551,0.004193,0.002959,0.976278,0.997021,0.751835,0.047237
adaptive,400,250,48,A,-0.406165,0.000000,0.000000,0.962172,0.995389,0.734738,0.048018
adaptive,400,250,48,A,-0.954577,0.000000,0.000000,0.816362,0.976638,0.577251,0.059963
adaptive,400,250,48,A,-0.880031,0.000000,0.000000,0.845370,0.980019,0.601455,0.057756
adaptive,400,250,48,A,0.296051,0.000000,0.000000,0.986218,0.998311,0.774708,0.045833
adaptive,400,250,48,A,0.537039,0.019608,0.019415,0.950663,0.993823,0.736083,0.046310
adaptive,400,250,48,A,-0.069407,0.000000,0.000000,0.997865,0.999769,0.783498,0.046087
adaptive,400,250,48,A,0.762529,0.044313,0.007909,0.898158,0.987110,0.682812,0.047875
adaptive,400,250,48,A,0.834520,0.019608,0.019415,0.878116,0.984461,0.663397,0.048773
adaptive,400,250,48,A,0.923743,0.000000,0.000000,0.849848,0.980842,0.638229,0.050220
adaptive,400,250,48,A,-0.342844,0.000000,0.000000,0.973607,0.996630,0.747664,0.047416
adaptive,400,250,48,A,-0.907269,0.019608,0.019415,0.832789,0.978814,0.592648,0.058551
adaptive,400,250,48,A,0.720341,0.000000,0.000000,0.909614,0.988549,0.693732,0.047452
adaptive,400,250,48,A,-0.798150,0.000000,0.000000,0.867555,0.983435,0.627549,0.055471
adaptive,400,250,48,A,0.111944,0.253691,0.010174,0.998779,0.999854,0.787316,0.045834
adaptive,400,250,48,A,-0.328746,0.000000,0.000000,0.974515,0.996880,0.750325,0.047301
adaptive,400,250,48,A,0.049606,0.000000,0.000000,0.999922,1.000004,0.787858,0.045888
adaptive,400,250,48,A,0.186738,0.000000,0.000000,0.995118,0.999425,0.784136,0.045805
adaptive,400,250,48,A,0.758095,0.019608,0.019415,0.900164,0.987266,0.683977,0.047827
adaptive,400,250,48,A,0.537304,0.000000,0.000000,0.950576,0.993816,0.736029,0.046311
adaptive,400,250,48,A,0.379129,0.000000,0.000000,0.976352,0.997079,0.763978,0.045919
adaptive,400,250,48,A,-0.614621,0.241013,0.012225,0.919745,0.989942,0.682477,0.051167
adaptive,400,250,48,A,-0.102488,0.000000,0.000000,0.996379,0.999581,0.781035,0.046171
adaptive,400,250,48,A,-0.697432,0.019608,0.019415,0.898077,0.987203,0.658463,0.052947
adaptive,400,250,48,A,-0.997649,0.000000,0.000000,0.802348,0.974567,0.563164,0.061275
adaptive,400,250,48,A,-0.403474,0.000000,0.000000,0.962984,0.995445,0.735319,0.047989
adaptive,400,250,48,A,-0.082845,0.000000,0.000000,0.997451,0.999699,0.782563,0.046120
adaptive,400,250,48,A,-0.487606,0.254090,0.009550,0.949752,0.993509,0.715945,0.049023
adaptive,400,250,48,A,0.233754,0.000000,0.000000,0.992097,0.999016,0.780760,0.045807
adaptive,400,250,48,A,0.786043,0.000000,0.000000,0.891659,0.986272,0.676572,0.048143
adaptive,400,250,48,A,-0.736556,0.019608,0.019415,0.888859,0.985796,0.646646,0.053884
adaptive,400,250,48,A,0.292220,0.000000,0.000000,0.986382,0.998359,0.775130,0.045831
adaptive,400,250,48,A,0.948040,0.000000,0.000000,0.841710,0.979792,0.631208,0.050680
adaptive,400,250,48,A,-0.650751,0.019608,0.019415,0.910753,0.988787,0.672183,0.051908
adaptive,400,250,48,A,0.604388,0.000000,0.000000,0.937914,0.992070,0.721602,0.046618
adaptive,400,250,48,A,-0.963546,0.000000,0.000000,0.812945,0.976214,0.574321,0.060234
adaptive,400,250,48,A,-0.351677,0.000000,0.000000,0.972500,0.996468,0.745955,0.047491
adaptive,400,250,48,A,0.948174,0.000000,0.000000,0.841671,0.979786,0.631169,0.050683
adaptive,400,250,48,A,-0.310309,0.000000,0.000000,0.978289,0.997193,0.753682,0.047160
adaptive,400,250,48,A,-0.567892,0.000000,0.000000,0.931694,0.991344,0.695316,0.050294
adaptive,400,250,48,A,-0.931798,0.000000,0.000000,0.825459,0.977698,0.584677,0.059279
adaptive,400,250,48,A,-0.404439,0.000000,0.000000,0.962693,0.995425,0.735111,0.047999
adaptive,400,250,48,A,-0.221212,0.000000,0.000000,0.987348,0.998473,0.767839,0.046619
adaptive,400,250,48,A,0.165378,0.805441,0.009627,0.996530,0.999575,0.785322,0.045809
adaptive,400,250,48,A,0.140006,0.000000,0.000000,0.997841,0.999724,0.786443,0.045818
adaptive,400,250,48,A,-0.518421,0.000000,0.000000,0.942504,0.992714,0.708256,0.049477
adaptive,400,250,48,A,-0.367516,0.000000,0.000000,0.970211,0.996170,0.742814,0.047633
adaptive,400,250,48,A,-0.995560,0.000000,0.000000,0.803607,0.974669,0.563849,0.061211
adaptive,400,250,48,A,0.112308,0.000000,0.000000,0.998780,0.999852,0.787307,0.045833
adaptive,400,250,48,A,0.486493,0.000000,0.000000,0.960582,0.994995,0.745994,0.046143
adaptive,400,250,48,A,-0.574914,0.000000,0.000000,0.930834,0.991140,0.693423,0.050419
adaptive,400,250,48,A,-0.917660,0.019608,0.019415,0.830984,0.978345,0.589275,0.058858
adaptive,400,250,48,A,0.145413,0.057607,0.008955,0.997755,0.999695,0.786230,0.045816
adaptive,400,250,48,A,-0.737058,0.000000,0.000000,0.888831,0.985777,0.646492,0.053897
adaptive,400,250,48,A,-0.606177,0.004193,0.002959,0.922766,0.990203,0.684838,0.051002
adaptive,400,250,48,A,-0.141089,0.000000,0.000000,0.994334,0.999296,0.777483,0.046289
adaptive,400,250,48,A,-0.072349,0.062308,0.005463,0.997833,0.999754,0.783301,0.046094
adaptive,400,250,48,A,0.838387,0.000000,0.000000,0.876738,0.984313,0.662329,0.048828
adaptive,400,250,48,A,-0.878392,0.000000,0.000000,0.845812,0.980091,0.601984,0.057709
adaptive,400,250,48,A,0.011883,0.019608,0.019415,0.999892,1.000004,0.787244,0.045936
adaptive,400,250,48,A,-0.834034,0.000000,0.000000,0.858846,0.981976,0.616196,0.056451
adaptive,400,250,48,A,-0.843440,0.000000,0.000000,0.856076,0.981584,0.613198,0.056714
adaptive,400,250,48,A,0.203852,0.000000,0.000000,0.993943,0.999288,0.783028,0.045804
adaptive,400,250,48,A,0.361789,0.000000,0.000000,0.978315,0.997363,0.766458,0.045896
adaptive,400,250,48,A,0.281631,0.000000,0.000000,0.987332,0.998491,0.776265,0.045825
adaptive,400,250,48,A,-0.265223,0.000000,0.000000,0.982140,0.997889,0.761283,0.046860
adaptive,400,250,48,A,0.658402,0.019608,0.019415,0.923849,0.990510,0.709043,0.046952
adaptive,400,250,48,A,-0.818489,0.019608,0.019415,0.862938,0.982616,0.621132,0.056022
adaptive,400,250,48,A,0.278538,0.000000,0.000000,0.987785,0.998528,0.776587,0.045823
adaptive,400,250,48,A,-0.016849,0.000000,0.000000,0.999530,0.999958,0.786297,0.045982
adaptive,400,250,48,A,0.585441,0.019608,0.019415,0.940488,0.992585,0.725815,0.046520
adaptive,400,250,48,A,-0.393538,0.315445,0.009706,0.965454,0.995651,0.737439,0.047886
adaptive,400,250,48,A,-0.994470,0.000000,0.000000,0.804264,0.974722,0.564205,0.061177
adaptive,400,250,48,A,-0.689873,0.026244,0.003738,0.900476,0.987467,0.660714,0.052772
adaptive,400,250,48,A,-0.764006,0.005040,0.001900,0.880514,0.984765,0.638203,0.054576
adaptive,400,250,48,A,0.531777,0.000000,0.000000,0.952391,0.993950,0.737155,0.046291
adaptive,400,250,48,A,0.263377,0.000000,0.000000,0.989298,0.998704,0.778102,0.045816
adaptive,400,250,48,A,0.694689,0.000000,0.000000,0.916543,0.989383,0.700183,0.047228
adaptive,400,250,48,A,-0.447515,0.000000,0.000000,0.957157,0.994474,0.725485,0.048494
adaptive,400,250,48,A,0.043451,0.005936,0.001641,0.999914,1.000009,0.787807,0.045895
adaptive,400,250,48,A,-0.208905,0.781877,0.010506,0.989222,0.998619,0.769516,0.046560
adaptive,400,250,48,A,-0.215989,0.000000,0.000000,0.988193,0.998536,0.768559,0.046593
adaptive,400,250,48,A,-0.480511,0.000000,0.000000,0.949545,0.993685,0.717672,0.048924
adaptive,400,250,48,A,0.033952,0.000000,0.000000,0.999982,1.000013,0.787690,0.045907
adaptive,400,250,48,A,0.758970,0.000000,0.000000,0.900084,0.987235,0.683747,0.047837
adaptive,400,250,48,A,0.769157,0.308693,0.011234,0.894792,0.986877,0.681064,0.047948
adaptive,400,250,48,A,0.407646,0.000000,0.000000,0.974099,0.996580,0.759634,0.045964
adaptive,400,250,48,A,-0.645968,0.000000,0.000000,0.911781,0.988943,0.673562,0.051806
adaptive,400,250,48,A,-0.230854,0.000000,0.000000,0.986747,0.998353,0.766477,0.046667
adaptive,400,250,48,A,0.594826,0.000000,0.000000,0.939902,0.992332,0.723741,0.046568
adaptive,400,250,48,A,0.095076,0.000000,0.000000,0.999370,0.999913,0.787653,0.045845
adaptive,400,250,48,A,-0.053765,0.000000,0.000000,0.998597,0.999839,0.784475,0.046053
adaptive,400,250,48,A,-0.065342,0.000000,0.000000,0.997910,0.999789,0.783764,0.046078
adaptive,400,250,48,A,-0.029432,0.000000,0.000000,0.999259,0.999924,0.785752,0.046004
adaptive,400,250,48,A,0.957435,0.000000,0.000000,0.838467,0.979379,0.628477,0.050865
adaptive,400,250,48,A,-0.908804,0.019608,0.019415,0.832177,0.978745,0.592150,0.058596
adaptive,400,250,48,A,0.905829,0.000000,0.000000,0.856530,0.981598,0.643364,0.049899
adaptive,400,250,48,A,-0.654364,0.000000,0.000000,0.910426,0.988668,0.671137,0.051985
adaptive,400,250,48,A,0.718756,0.019608,0.019415,0.910245,0.988602,0.694134,0.047437
adaptive,400,250,48,A,-0.590273,0.000000,0.000000,0.927352,0.990685,0.689237,0.050700
adaptive,400,250,48,A,-0.527583,0.000000,0.000000,0.938812,0.992469,0.705914,0.049620
adaptive,400,250,48,A,-0.168054,0.003731,0.003724,0.992495,0.999054,0.774575,0.046386
adaptive,400,250,48,A,-0.825822,0.000000,0.000000,0.861729,0.982315,0.618807,0.056224
adaptive,400,250,48,A,-0.202204,0.000000,0.000000,0.989762,0.998696,0.770399,0.046529
adaptive,400,250,48,A,-0.447498,0.241097,0.009384,0.957162,0.994474,0.725489,0.048493
adaptive,400,250,48,A,0.298997,0.137371,0.013230,0.985992,0.998273,0.774378,0.045835
adaptive,400,250,48,A,-0.793045,0.000000,0.000000,0.870486,0.983637,0.629151,0.055335
adaptive,400,250,48,A,0.196861,0.000000,0.000000,0.994562,0.999346,0.783498,0.045804
adaptive,400,250,48,A,-0.988263,0.016248,0.004859,0.806940,0.975025,0.566237,0.060987
adaptive,400,250,48,A,-0.295195,0.019608,0.019415,0.979238,0.997437,0.756327,0.047053
adaptive,400,250,48,A,0.344800,0.581930,0.009651,0.980615,0.997628,0.768767,0.045876
adaptive,400,250,48,A,-0.499673,0.004757,0.002122,0.945908,0.993203,0.712970,0.049195
adaptive,400,250,48,A,0.561655,0.000000,0.000000,0.946276,0.993207,0.730952,0.046411
adaptive,400,250,48,A,-0.053972,0.529540,0.009502,0.998586,0.999838,0.784463,0.046053
adaptive,400,250,48,A,0.249336,0.000000,0.000000,0.990995,0.998857,0.779412,0.045811
adaptive,400,250,48,A,-0.866557,0.000000,0.000000,0.848243,0.980603,0.605792,0.057368
adaptive,400,250,48,A,0.128792,0.006108,0.001627,0.998328,0.999780,0.786838,0.045824
adaptive,400,250,48,A,0.206003,0.000000,0.000000,0.993752,0.999271,0.782879,0.045804
adaptive,400,250,48,A,-0.672588,0.000000,0.000000,0.905204,0.988059,0.665820,0.052383
adaptive,400,250,48,A,-0.311188,0.203840,0.015483,0.978177,0.997178,0.753525,0.047167
adaptive,400,250,48,A,-0.188128,0.000000,0.000000,0.990702,0.998850,0.772187,0.046467
adaptive,400,250,48,A,0.302427,0.199079,0.013546,0.985709,0.998228,0.773989,0.045838
adaptive,400,250,48,A,-0.511336,0.000000,0.000000,0.942392,0.992900,0.710050,0.049369
adaptive,400,250,48,A,0.641645,0.000000,0.000000,0.927621,0.991009,0.713023,0.046839
adaptive,400,250,48,A,0.538815,0.000000,0.000000,0.950198,0.993779,0.735719,0.046317
adaptive,400,250,48,A,0.405480,0.019608,0.019415,0.974339,0.996619,0.759975,0.045960
adaptive,400,250,48,A,0.289439,0.487495,0.009516,0.986501,0.998395,0.775433,0.045829
adaptive,400,250,48,A,0.784397,0.000000,0.000000,0.892753,0.986331,0.677012,0.048124
adaptive,400,250,48,A,0.502584,0.000000,0.000000,0.955953,0.994635,0.742933,0.046191
adaptive,400,250,48,A,0.712648,0.000000,0.000000,0.912197,0.988803,0.695682,0.047382
adaptive,400,250,48,A,0.100032,0.092932,0.006065,0.999088,0.999897,0.787569,0.045842
adaptive,400,250,48,A,0.191999,0.028090,0.003734,0.994846,0.999384,0.783811,0.045805
adaptive,400,250,48,A,0.921019,0.000000,0.000000,0.851236,0.980958,0.639012,0.050170
adaptive,400,250,48,A,0.156178,0.000000,0.000000,0.996520,0.999633,0.785765,0.045812
adaptive,400,250,48,A,0.860908,0.022472,0.003604,0.870282,0.983430,0.656066,0.049161
adaptive,400,250,48,A,0.671361,0.000000,0.000000,0.922371,0.990114,0.705916,0.047045
adaptive,400,250,48,A,-0.370204,0.000000,0.000000,0.969464,0.996117,0.742270,0.047658
adaptive,400,250,48,A,0.959798,0.000000,0.000000,0.837620,0.979275,0.627789,0.050913
adaptive,400,250,48,A,-0.442763,0.000000,0.000000,0.957511,0.994583,0.726579,0.048435
adaptive,400,250,48,A,-0.492179,0.205795,0.009831,0.948460,0.993393,0.714823,0.049087
adaptive,400,250,48,A,-0.857363,0.062038,0.009271,0.851533,0.980996,0.608743,0.057106
adaptive,400,250,48,A,-0.642395,0.000000,0.000000,0.913039,0.989059,0.674590,0.051731
adaptive,400,250,48,A,0.335239,0.000000,0.000000,0.981847,0.997771,0.770013,0.045866
adaptive,400,250,48,A,0.236555,0.344855,0.009420,0.991794,0.998989,0.780526,0.045807
adaptive,400,250,48,A,-0.137059,0.109477,0.008925,0.994502,0.999329,0.777887,0.046276
adaptive,400,250,48,A,-0.718747,0.000000,0.000000,0.892806,0.986446,0.652058,0.053450
adaptive,400,250,48,A,-0.262142,0.000000,0.000000,0.982722,0.997932,0.761770,0.046841
adaptive,400,250,48,A,-0.974868,0.019608,0.019415,0.809118,0.975673,0.570620,0.060578
adaptive,400,250,48,A,-0.824760,0.019608,0.019415,0.861895,0.982359,0.619144,0.056194
