n_pts,N_shots,N_total,seed,rmse,rmse_se,rmse_corr,mae,mean_sigma_gp,mean_sigma_noise,cov80,cov90,cov95,cov95_adj,nlpd,nlpd_adj,crps,msse,msse_gp,n_valid,l1,l2,l3,sf,c
10,100,1000,1,0.197907,0.002720,0.192659,0.143072,0.105168,0.045274,0.6296,0.7340,0.7973,0.8171,0.2207,0.1349,0.107389,2.779927,3.134554,4997,0.0739,0.1124,1.5000,0.9114,0.0500
10,100,1000,2,0.212670,0.002130,0.207795,0.159759,0.078563,0.045274,0.4247,0.5053,0.5591,0.6397,2.7188,1.5696,0.128081,6.143824,8.866221,4999,1.5000,0.1163,1.5000,0.9278,0.0500
10,100,1000,3,0.211078,0.002020,0.206166,0.165046,0.110996,0.045274,0.5359,0.6339,0.6937,0.7337,0.3546,0.2015,0.123134,2.848606,3.343347,4999,0.5162,0.1316,1.5000,0.9493,0.0500
10,100,1000,4,0.167870,0.002216,0.161649,0.124282,0.127677,0.045275,0.7211,0.8145,0.8693,0.8956,-0.2580,-0.3028,0.091202,1.608130,1.852018,4998,0.2532,0.7163,0.4381,1.0598,0.0500
10,100,1000,5,0.150571,0.001724,0.143604,0.112126,0.150906,0.045274,0.8302,0.9072,0.9534,0.9602,-0.5855,-0.5608,0.081146,0.798928,0.873876,4999,0.1529,0.2970,1.5000,1.0929,0.0500
10,100,1000,6,0.189451,0.001977,0.183961,0.144901,0.131716,0.045274,0.6591,0.7457,0.8100,0.8278,-0.0757,-0.1089,0.107405,1.897808,2.085558,4999,1.5000,0.0500,0.1074,0.9024,0.0500
10,100,1000,7,0.190604,0.002090,0.185149,0.145898,0.171376,0.045274,0.7277,0.8292,0.8860,0.8964,-0.2049,-0.2200,0.106801,1.262533,1.389759,4999,0.4825,0.0925,1.5000,0.9992,0.0500
10,100,1000,8,0.234867,0.002561,0.230461,0.180402,0.156862,0.045276,0.6369,0.7373,0.7943,0.8087,0.9033,0.6085,0.135932,3.067405,3.769390,4998,1.5000,1.0210,0.0500,0.9684,0.0500
10,100,1000,9,0.202517,0.002571,0.197391,0.151755,0.021722,0.045276,0.1167,0.1525,0.1853,0.4523,40.5317,10.7182,0.129500,25.616973,86.884343,4997,0.0500,0.0500,0.0500,0.3000,1.4390
10,100,1000,10,0.155390,0.001548,0.148649,0.122412,0.125264,0.045272,0.6562,0.7571,0.8263,0.8643,-0.0450,-0.1938,0.090387,1.880277,2.342399,4997,0.1285,1.5000,0.6298,0.9437,0.5502
10,100,1000,11,0.235313,0.002385,0.230916,0.180789,0.188084,0.045275,0.7492,0.8512,0.9114,0.9232,-0.0614,-0.0884,0.127185,1.392909,1.538361,5000,0.2249,0.4121,1.5000,0.8842,0.0500
10,100,1000,12,0.172220,0.001569,0.166163,0.138125,0.104169,0.045275,0.5650,0.6772,0.7530,0.7862,0.3578,0.0909,0.102253,2.728211,3.457057,5000,1.5000,0.1105,1.5000,0.7904,1.3686
10,100,1000,13,0.155852,0.001525,0.149129,0.125075,0.180741,0.045279,0.8784,0.9594,0.9900,0.9906,-0.4734,-0.4542,0.087431,0.644302,0.678149,4999,0.1889,0.0698,1.5000,0.9755,0.0500
10,100,1000,14,0.156416,0.001209,0.149721,0.132188,0.110433,0.045274,0.6057,0.7245,0.8092,0.8488,-0.2836,-0.3607,0.091445,1.746652,2.117367,4999,0.1932,0.3993,1.5000,1.0708,0.0500
10,100,1000,15,0.170001,0.001607,0.163862,0.131869,0.158279,0.045274,0.7740,0.9200,0.9750,0.9828,-0.5060,-0.4897,0.091847,0.862695,0.943256,4999,0.2065,0.2294,1.5000,1.0164,0.0500
10,100,1000,16,0.235991,0.002084,0.231607,0.187233,0.069389,0.045274,0.3189,0.3862,0.4390,0.5198,5.3644,2.5603,0.152076,8.288239,14.401826,4998,1.5000,0.1039,1.5000,0.6993,0.0500
10,100,1000,17,0.248168,0.002781,0.244003,0.190379,0.160297,0.045275,0.6168,0.7108,0.7648,0.7852,1.0288,0.7536,0.144744,3.323813,3.983584,5000,1.5000,1.5000,0.0507,0.9033,0.0500
10,100,1000,18,0.137901,0.001247,0.130257,0.111889,0.181473,0.045275,0.9136,0.9760,0.9926,0.9964,-0.5302,-0.5144,0.079409,0.531973,0.574103,4999,0.0967,0.2523,1.5000,0.9369,0.0500
10,100,1000,19,0.134003,0.001464,0.126123,0.103573,0.183700,0.045274,0.9042,0.9488,0.9716,0.9762,-0.4968,-0.4894,0.078544,0.596675,0.662380,4999,0.1436,0.4717,1.5000,0.9167,0.0500
10,100,1000,20,0.184676,0.002598,0.179040,0.134709,0.083596,0.045275,0.5384,0.6765,0.7301,0.7849,0.4888,0.2430,0.101536,3.373409,4.163305,4998,0.1475,0.1455,1.5000,0.9801,0.0500
10,100,1000,21,0.160294,0.001733,0.153768,0.122873,0.099569,0.045272,0.5924,0.7038,0.7729,0.8231,-0.0740,-0.2152,0.090568,2.204480,2.728971,4997,0.2970,0.6928,0.5595,0.9845,0.0500
10,100,1000,22,0.155152,0.001540,0.148399,0.124477,0.149764,0.045275,0.7980,0.8902,0.9486,0.9554,-0.5027,-0.5001,0.086209,0.919120,1.025232,5000,0.1483,0.2138,1.5000,0.9650,0.0500
10,100,1000,23,0.191512,0.002170,0.186084,0.148581,0.107999,0.045274,0.5379,0.6447,0.7309,0.7800,0.4515,0.1526,0.110178,2.797446,3.621304,4999,1.5000,0.1639,0.2792,1.0900,0.0500
10,100,1000,24,0.162148,0.001551,0.155698,0.127939,0.131183,0.045277,0.6890,0.7936,0.8681,0.9053,-0.2557,-0.3637,0.091166,1.498156,1.911748,4996,0.1481,1.5000,1.5000,0.9868,0.0500
10,100,1000,25,0.192857,0.001810,0.187467,0.148616,0.182821,0.045275,0.7798,0.9320,0.9820,0.9874,-0.3690,-0.3560,0.104540,0.851297,0.905089,4999,0.4673,0.1404,1.2627,1.0573,0.5403
10,100,1000,26,0.184963,0.002402,0.179336,0.136373,0.097306,0.045274,0.5869,0.6997,0.7740,0.8048,0.1735,0.0735,0.102456,2.784557,3.205614,4999,0.1584,0.0664,1.5000,0.9460,0.0500
10,100,1000,27,0.176937,0.001800,0.171046,0.142107,0.127526,0.045275,0.6168,0.7671,0.8489,0.8760,-0.1120,-0.2043,0.101132,1.798480,2.133255,4998,0.1784,0.8615,0.4569,1.0286,0.0500
10,100,1000,28,0.221783,0.001697,0.217112,0.183923,0.134646,0.045275,0.4456,0.6088,0.7657,0.8203,0.0534,-0.0490,0.129426,2.055406,2.435380,4998,0.2587,0.3012,1.5000,1.0360,0.0500
10,100,1000,29,0.196515,0.002003,0.191228,0.153743,0.109383,0.045275,0.5102,0.6284,0.7238,0.7818,0.4761,0.2436,0.114126,2.987413,3.682311,5000,0.5001,0.5989,0.5415,1.0007,0.0500
10,100,1000,30,0.220389,0.001989,0.215689,0.177856,0.167978,0.045275,0.6811,0.8504,0.9258,0.9342,-0.2260,-0.2287,0.121115,1.329427,1.458445,4999,0.3946,0.3552,1.4364,1.0588,0.0500
10,100,1000,31,0.156069,0.002267,0.149356,0.109576,0.109412,0.045279,0.7128,0.8086,0.8693,0.9023,-0.3881,-0.4753,0.081412,1.526539,1.910679,4996,0.1825,0.5097,1.5000,0.9965,0.0500
10,100,1000,32,0.152312,0.001763,0.145427,0.115361,0.095672,0.045278,0.6257,0.7259,0.7988,0.8484,-0.1051,-0.2511,0.084768,2.194930,2.758290,4999,0.2365,0.3455,1.5000,1.0550,0.0500
10,100,1000,33,0.202820,0.001954,0.197702,0.155604,0.156205,0.045274,0.7083,0.8470,0.8982,0.9128,-0.2869,-0.2910,0.109957,1.308900,1.453063,4999,0.2475,0.4255,1.5000,1.0783,0.0500
10,100,1000,34,0.153226,0.002034,0.146385,0.112426,0.083604,0.045274,0.6079,0.7037,0.7662,0.8270,0.0211,-0.2067,0.083548,2.489881,3.283887,4999,0.2761,0.6056,1.5000,1.0732,0.0500
10,100,1000,35,0.194619,0.001879,0.189279,0.152001,0.133095,0.045275,0.6223,0.7299,0.7996,0.8284,0.1710,0.0110,0.111435,2.183136,2.673346,4999,1.3162,0.1009,1.5000,1.0975,0.0500
10,100,1000,36,0.169800,0.001941,0.163652,0.127520,0.147664,0.045278,0.7269,0.8072,0.8626,0.8858,-0.0809,-0.2023,0.096121,1.567325,1.940132,4999,0.0998,1.0158,1.5000,0.9596,0.0500
10,100,1000,37,0.214135,0.002755,0.209294,0.158802,0.095731,0.045274,0.4957,0.6237,0.7017,0.7556,1.1611,0.5683,0.120351,3.855800,5.328457,4999,0.0685,1.0231,1.5000,0.9242,0.0500
10,100,1000,38,0.199637,0.002058,0.194435,0.154688,0.184381,0.045277,0.7549,0.8397,0.8980,0.9058,-0.0915,-0.1105,0.113314,1.293982,1.401460,4998,1.5000,0.2067,0.0621,0.9756,0.0500
10,100,1000,39,0.178493,0.002159,0.172655,0.131555,0.113466,0.045278,0.6361,0.7205,0.7822,0.8204,0.4321,0.0995,0.099499,2.630637,3.507656,4999,0.0722,1.5000,1.5000,0.8091,0.0500
10,100,1000,40,0.225408,0.002111,0.220814,0.176505,0.142204,0.045274,0.5753,0.6715,0.7467,0.7752,0.4412,0.2557,0.131471,2.536087,3.042124,4999,1.5000,0.0974,1.5000,1.0187,0.0500
10,100,1000,41,0.190129,0.002115,0.184660,0.144814,0.052445,0.045272,0.3352,0.4094,0.4699,0.5815,4.7331,2.8446,0.118200,9.198163,13.534197,4997,1.5000,1.5000,0.0695,0.6056,1.4807
10,100,1000,42,0.162862,0.001754,0.156442,0.122682,0.167451,0.045275,0.8344,0.9100,0.9562,0.9586,-0.4799,-0.4560,0.088901,0.778282,0.814451,4999,0.0988,0.1095,1.5000,0.9836,0.0500
10,100,1000,43,0.126066,0.001114,0.117656,0.102932,0.102703,0.045274,0.6721,0.7911,0.8709,0.9158,-0.4404,-0.5657,0.072538,1.461470,1.944613,4998,0.2126,0.6864,1.5000,1.0143,0.0500
10,100,1000,44,0.171773,0.001549,0.165699,0.137902,0.170514,0.045275,0.7882,0.9128,0.9726,0.9766,-0.4406,-0.4225,0.095362,0.874947,0.949047,4999,0.3179,0.1591,1.5000,1.0416,0.0500
10,100,1000,45,0.229120,0.002897,0.224602,0.168904,0.111470,0.045276,0.5337,0.6761,0.7788,0.8112,0.4219,0.2959,0.126727,3.028611,3.473602,4999,0.2588,0.1301,1.5000,0.9640,0.0500
10,100,1000,46,0.169841,0.001613,0.163695,0.133638,0.099342,0.045275,0.5339,0.6365,0.7233,0.7780,0.0652,-0.1088,0.098457,2.417227,3.025530,4999,0.8372,0.1038,1.5000,0.9245,0.0500
10,100,1000,47,0.227799,0.002632,0.223255,0.171651,0.062810,0.045273,0.3201,0.4052,0.4748,0.5746,5.2535,2.9980,0.140018,9.288754,14.308395,4998,1.0213,0.3437,0.4016,1.0547,0.0500
10,100,1000,48,0.172258,0.001932,0.166202,0.130557,0.081896,0.045274,0.5111,0.6243,0.7051,0.7610,0.3003,0.1463,0.098820,3.205431,3.831311,4999,0.1339,0.1684,1.5000,0.9939,0.0500
10,100,1000,49,0.183950,0.002523,0.178291,0.132408,0.126284,0.045274,0.7287,0.8077,0.8681,0.8886,-0.2964,-0.3155,0.096815,1.597161,1.793256,4998,0.1302,0.3101,1.5000,0.8928,0.0500
10,100,1000,50,0.210435,0.002643,0.205507,0.158516,0.108070,0.045273,0.5476,0.6709,0.7629,0.7975,0.8766,0.5756,0.119513,3.619552,4.405138,4998,1.5000,0.0535,0.2573,0.9679,0.0500
10,1000,10000,1,0.191616,0.002768,0.191080,0.134920,0.104244,0.014317,0.6790,0.7749,0.8363,0.8373,-0.0525,-0.0570,0.100774,2.599118,2.631452,4997,0.1034,0.1977,1.5000,0.9322,0.0500
10,1000,10000,2,0.189319,0.001930,0.188777,0.140801,0.081416,0.014317,0.4857,0.5549,0.6071,0.6187,1.7156,1.5114,0.113196,6.313860,6.783051,4999,1.5000,0.0977,1.5000,0.9691,0.0500
10,1000,10000,3,0.215752,0.002722,0.215276,0.161654,0.164092,0.014317,0.7355,0.8236,0.8702,0.8724,-0.0364,-0.0391,0.118221,1.715371,1.729102,4999,0.0644,1.5000,0.1514,0.8876,3.0000
10,1000,10000,4,0.160979,0.002096,0.160341,0.120850,0.141807,0.014317,0.7997,0.8826,0.9256,0.9268,-0.4640,-0.4630,0.086775,1.181241,1.191863,4998,0.2823,0.2839,0.3287,0.9663,0.0500
10,1000,10000,5,0.160684,0.001911,0.160045,0.121550,0.119518,0.014317,0.6589,0.7620,0.8178,0.8220,0.0068,-0.0262,0.091613,2.440736,2.530419,4999,0.1179,1.5000,1.0277,1.0834,0.0500
10,1000,10000,6,0.186732,0.002021,0.186183,0.141608,0.120086,0.014317,0.6383,0.7287,0.7924,0.7950,-0.0075,-0.0142,0.106181,2.375090,2.404231,4999,1.5000,0.0500,0.0913,0.9271,0.0500
10,1000,10000,7,0.197677,0.002236,0.197158,0.150444,0.161236,0.014317,0.6973,0.7908,0.8568,0.8610,-0.1181,-0.1227,0.110643,1.685789,1.708365,4999,0.5495,0.1132,1.5000,0.9998,0.0500
10,1000,10000,8,0.219621,0.002378,0.219154,0.168105,0.141494,0.014318,0.6172,0.7153,0.7733,0.7755,0.6604,0.6262,0.127876,3.382132,3.464858,4998,1.5000,0.3888,0.0807,0.9716,0.0500
10,1000,10000,9,0.190926,0.002643,0.190389,0.137506,0.060667,0.014318,0.4239,0.5061,0.5787,0.5914,2.9888,2.8001,0.112143,9.350626,9.789490,4997,0.0594,1.5000,0.6434,0.8726,2.2001
10,1000,10000,10,0.135980,0.001573,0.135224,0.099534,0.114295,0.014316,0.7450,0.8227,0.8633,0.8647,-0.1566,-0.1877,0.075713,2.268442,2.360289,4997,0.3039,0.6668,1.5000,1.1203,0.0500
10,1000,10000,11,0.302774,0.002477,0.302435,0.243612,0.142814,0.014317,0.4154,0.5290,0.6248,0.6300,0.6324,0.6181,0.182112,3.483822,3.532647,5000,0.8136,0.3548,1.5000,1.0150,0.0500
10,1000,10000,12,0.171979,0.001586,0.171382,0.137087,0.100567,0.014317,0.5460,0.6484,0.7224,0.7282,0.4877,0.4363,0.103733,3.678884,3.806958,5000,1.5000,0.1049,1.5000,0.7843,3.0000
10,1000,10000,13,0.149517,0.001464,0.148830,0.119534,0.183080,0.014318,0.9008,0.9724,0.9954,0.9958,-0.4978,-0.4956,0.083815,0.599333,0.602485,4999,0.1832,0.0690,1.5000,0.9713,0.0500
10,1000,10000,14,0.148204,0.001177,0.147511,0.123879,0.117057,0.014317,0.6523,0.7816,0.8828,0.8878,-0.4405,-0.4480,0.085649,1.649507,1.689679,4999,0.2082,0.3563,1.5000,1.0700,0.0500
10,1000,10000,15,0.189854,0.001754,0.189313,0.148184,0.146445,0.014317,0.6723,0.8198,0.9144,0.9154,-0.3609,-0.3591,0.104623,1.339247,1.348751,4999,0.1893,0.1223,1.5000,0.9580,0.0500
10,1000,10000,16,0.222848,0.002124,0.222388,0.173479,0.087262,0.014317,0.4190,0.5078,0.5786,0.5864,2.4098,2.1451,0.137682,7.436871,8.017307,4998,1.5000,0.0752,1.5000,0.7901,0.0500
10,1000,10000,17,0.165435,0.002014,0.164814,0.123310,0.213163,0.014317,0.8946,0.9508,0.9750,0.9750,-0.3381,-0.3367,0.093226,0.585245,0.587193,5000,0.0500,0.2137,0.2693,0.9446,0.0500
10,1000,10000,18,0.133693,0.001322,0.132924,0.103299,0.198613,0.014317,0.9608,0.9978,1.0000,1.0000,-0.5190,-0.5168,0.077353,0.402555,0.404478,4999,0.1092,0.1552,1.5000,0.9529,0.0500
10,1000,10000,19,0.127463,0.001446,0.126657,0.098127,0.188387,0.014317,0.9210,0.9614,0.9780,0.9782,-0.5302,-0.5285,0.075234,0.535839,0.541136,4999,0.1478,0.4292,1.5000,0.9294,0.0500
10,1000,10000,20,0.188221,0.002524,0.187676,0.137878,0.112146,0.014317,0.6469,0.7391,0.8015,0.8055,0.1602,0.1287,0.103657,2.824990,2.909038,4998,0.0533,1.5000,0.3000,1.0093,0.0500
10,1000,10000,21,0.146941,0.001748,0.146242,0.111475,0.107287,0.014316,0.6936,0.8025,0.8619,0.8657,-0.4095,-0.4169,0.080931,1.848337,1.887273,4997,0.1963,0.6424,0.4627,0.9687,0.0500
10,1000,10000,22,0.149182,0.001351,0.148494,0.121554,0.144004,0.014317,0.8060,0.9112,0.9766,0.9780,-0.5911,-0.5892,0.082291,0.932483,0.942945,5000,0.1852,0.2455,1.5000,0.8974,0.0500
10,1000,10000,23,0.149697,0.001778,0.149010,0.111205,0.110968,0.014317,0.7077,0.8140,0.8790,0.8834,-0.5279,-0.5272,0.080853,1.578384,1.603586,4999,0.1991,0.2114,1.5000,1.0425,0.0500
10,1000,10000,24,0.171456,0.001683,0.170857,0.134891,0.138451,0.014318,0.6902,0.8094,0.8795,0.8825,-0.2944,-0.3050,0.096011,1.693872,1.738047,4996,0.2389,1.5000,1.5000,1.1905,1.0206
10,1000,10000,25,0.175068,0.001774,0.174481,0.131008,0.185070,0.014317,0.8308,0.9516,0.9856,0.9858,-0.4476,-0.4451,0.094217,0.721440,0.725595,4999,0.4284,0.1042,1.5000,0.9587,0.0500
10,1000,10000,26,0.198694,0.002388,0.198178,0.149416,0.067367,0.014317,0.3911,0.4839,0.5503,0.5609,3.5611,3.2199,0.121859,10.021719,10.767338,4999,1.5000,0.4857,0.1020,1.0100,0.0500
10,1000,10000,27,0.170349,0.001834,0.169746,0.135177,0.117529,0.014317,0.6220,0.7449,0.8155,0.8213,-0.0627,-0.0888,0.097859,2.330439,2.403595,4998,0.1873,0.9305,0.5105,1.0310,0.0500
10,1000,10000,28,0.191852,0.002074,0.191317,0.144949,0.126937,0.014317,0.6261,0.7071,0.7677,0.7709,0.4407,0.3955,0.110551,3.180839,3.292966,4998,1.5000,0.0500,1.5000,0.9089,0.0500
10,1000,10000,29,0.145528,0.001752,0.144822,0.106386,0.116841,0.014317,0.7798,0.8596,0.9086,0.9108,-0.5685,-0.5676,0.077188,1.408822,1.429673,5000,0.2493,0.2626,1.5000,0.9097,0.0500
10,1000,10000,30,0.231875,0.001942,0.231433,0.190896,0.143027,0.014317,0.5103,0.6851,0.8256,0.8312,-0.0105,-0.0165,0.133497,2.188047,2.220820,4999,0.4154,0.3668,1.5000,1.0185,0.0500
10,1000,10000,31,0.167724,0.002484,0.167112,0.115830,0.092432,0.014319,0.6653,0.7408,0.7986,0.8054,-0.0767,-0.1071,0.088090,2.777014,2.874582,4996,0.1896,0.5496,1.5000,1.0050,0.0500
10,1000,10000,32,0.179543,0.001636,0.178971,0.144430,0.066482,0.014318,0.3457,0.4363,0.5175,0.5373,2.4641,2.1653,0.115291,7.963993,8.633392,4999,0.3032,1.5000,0.9453,1.1108,0.0500
10,1000,10000,33,0.188520,0.001878,0.187975,0.141585,0.152384,0.014317,0.7425,0.8556,0.9224,0.9242,-0.4090,-0.4068,0.100732,1.235670,1.248057,4999,0.2278,0.3879,1.5000,1.0376,0.0500
10,1000,10000,34,0.150741,0.002190,0.150060,0.105556,0.098548,0.014317,0.6933,0.7770,0.8304,0.8350,-0.2356,-0.2576,0.080295,2.350329,2.426399,4999,0.1018,0.7788,1.5000,0.9355,0.0500
10,1000,10000,35,0.168716,0.001666,0.168108,0.131819,0.103472,0.014317,0.5733,0.6879,0.7830,0.7922,-0.2960,-0.3059,0.095549,2.163212,2.213395,4999,0.3643,0.3092,1.5000,1.0120,0.0500
10,1000,10000,36,0.173358,0.001801,0.172766,0.135468,0.205054,0.014318,0.8606,0.9254,0.9612,0.9618,-0.3166,-0.3158,0.098272,0.753074,0.757839,4999,0.6213,0.0608,0.9367,1.0241,0.0500
10,1000,10000,37,0.189576,0.002566,0.189034,0.136834,0.097404,0.014317,0.5583,0.6637,0.7469,0.7602,0.5126,0.4249,0.103260,3.875311,4.102100,4999,0.1648,1.0201,1.5000,1.1356,0.0500
10,1000,10000,38,0.231071,0.002099,0.230627,0.185870,0.149012,0.014318,0.5536,0.6709,0.7509,0.7555,0.4440,0.4243,0.137795,2.907427,2.961591,4998,0.5072,1.5000,0.1123,0.9387,0.0500
10,1000,10000,39,0.168956,0.001965,0.168349,0.124333,0.089139,0.014318,0.5825,0.6747,0.7367,0.7439,0.4068,0.3636,0.095566,3.785052,3.904481,4999,0.1657,1.5000,1.5000,0.8414,3.0000
10,1000,10000,40,0.230471,0.002105,0.230026,0.178896,0.137491,0.014317,0.5577,0.6451,0.7147,0.7181,0.5775,0.5425,0.136512,3.296636,3.383577,4999,1.5000,0.1044,1.5000,1.0361,0.0500
10,1000,10000,41,0.180932,0.002164,0.180365,0.133002,0.070111,0.014316,0.4697,0.5519,0.6188,0.6284,2.6659,2.3895,0.107194,8.290735,8.903883,4997,0.0500,1.5000,1.5000,0.9774,0.0500
10,1000,10000,42,0.170080,0.001803,0.169476,0.126857,0.148899,0.014317,0.7756,0.8716,0.9262,0.9268,-0.4690,-0.4662,0.091733,1.072344,1.078614,4999,0.1144,0.1199,1.5000,0.9803,0.0500
10,1000,10000,43,0.118819,0.001191,0.117954,0.092356,0.119942,0.014317,0.7993,0.8880,0.9250,0.9272,-0.6558,-0.6605,0.066876,1.165011,1.194939,4998,0.2261,0.4616,1.5000,0.9980,0.0500
10,1000,10000,44,0.163778,0.001470,0.163151,0.131472,0.162388,0.014317,0.8098,0.9376,0.9742,0.9746,-0.5134,-0.5099,0.089977,0.875505,0.881666,4999,0.2391,0.1685,1.5000,1.0409,0.0500
10,1000,10000,45,0.255923,0.002880,0.255522,0.188645,0.055220,0.014318,0.3227,0.3891,0.4369,0.4493,8.3973,7.7877,0.163541,19.530479,20.831782,4999,1.2536,0.3881,1.4798,1.1406,2.2993
10,1000,10000,46,0.179949,0.001756,0.179379,0.140824,0.090175,0.014317,0.4803,0.5835,0.6607,0.6711,0.9096,0.8018,0.108230,4.673802,4.933606,4999,1.5000,0.0973,1.5000,0.8315,0.0500
10,1000,10000,47,0.199386,0.002434,0.198871,0.147829,0.044297,0.014317,0.2479,0.3171,0.3782,0.4080,7.3112,6.3404,0.125862,17.069130,19.170373,4998,0.4410,0.6371,1.5000,1.0584,0.0500
10,1000,10000,48,0.161213,0.001999,0.160576,0.116978,0.096381,0.014317,0.6683,0.7688,0.8278,0.8308,-0.2528,-0.2549,0.087202,2.384965,2.422594,4999,0.1390,0.2580,1.5000,0.9843,0.0500
10,1000,10000,49,0.167752,0.002436,0.167140,0.118227,0.114609,0.014317,0.7317,0.8123,0.8629,0.8671,-0.3683,-0.3715,0.087648,1.832104,1.862574,4998,0.1350,0.4712,1.5000,0.9053,0.0500
10,1000,10000,50,0.183338,0.002507,0.182778,0.132301,0.103099,0.014317,0.6331,0.7301,0.7943,0.7979,0.1085,0.0880,0.100161,2.916556,2.983270,4998,0.0545,0.4815,1.5000,0.9315,0.0500
10,10000,100000,1,0.191511,0.002771,0.191458,0.134953,0.103993,0.004527,0.6782,0.7781,0.8371,0.8373,-0.0464,-0.0469,0.100797,2.645460,2.648835,4997,0.0992,0.2070,1.5000,0.9355,0.0585
10,10000,100000,2,0.190665,0.001940,0.190611,0.141385,0.087696,0.004527,0.5043,0.5791,0.6345,0.6349,1.3925,1.3657,0.113238,5.924969,5.984609,4999,1.5000,0.0898,1.5000,0.9764,0.0500
10,10000,100000,3,0.214169,0.002710,0.214121,0.160123,0.170821,0.004527,0.7506,0.8340,0.8794,0.8796,-0.0612,-0.0615,0.117097,1.601898,1.603413,4999,0.0638,1.5000,0.1490,0.9097,3.0000
10,10000,100000,4,0.163940,0.002095,0.163878,0.123788,0.146191,0.004528,0.8005,0.8824,0.9298,0.9304,-0.4493,-0.4492,0.088622,1.159221,1.160211,4998,0.2891,0.2823,0.3186,0.9685,0.0500
10,10000,100000,5,0.161318,0.001911,0.161255,0.122367,0.124379,0.004527,0.6805,0.7758,0.8272,0.8274,-0.0203,-0.0237,0.092028,2.386518,2.395678,4999,0.1188,1.5000,0.9833,1.0828,0.0500
10,10000,100000,6,0.183370,0.001966,0.183314,0.138128,0.112425,0.004527,0.6213,0.7059,0.7638,0.7642,0.0475,0.0445,0.104002,2.679687,2.687928,4999,1.5000,0.0500,0.4022,0.9501,0.0593
10,10000,100000,7,0.193553,0.002205,0.193500,0.146225,0.164617,0.004527,0.7201,0.8184,0.8712,0.8714,-0.1989,-0.1991,0.107385,1.499982,1.501827,4999,0.5059,0.1189,1.5000,1.0018,0.0500
10,10000,100000,8,0.219543,0.002378,0.219496,0.168200,0.139925,0.004528,0.6132,0.7125,0.7703,0.7709,0.6903,0.6861,0.128047,3.537253,3.547250,4998,1.5000,0.4032,0.0788,0.9721,0.0500
10,10000,100000,9,0.182124,0.002572,0.182068,0.129488,0.064453,0.004528,0.4575,0.5587,0.6310,0.6326,2.3142,2.2944,0.104790,8.297684,8.343610,4997,0.0659,1.5000,0.5133,0.9278,3.0000
10,10000,100000,10,0.138548,0.001573,0.138474,0.102732,0.121715,0.004527,0.7617,0.8401,0.8809,0.8809,-0.2963,-0.2980,0.077237,1.923227,1.929056,4997,0.2363,0.5866,1.5000,1.0356,2.6671
10,10000,100000,11,0.293062,0.002389,0.293027,0.236324,0.146404,0.004527,0.4358,0.5572,0.6524,0.6526,0.4811,0.4799,0.174800,3.172754,3.177106,5000,0.7841,0.3440,1.5000,1.0134,0.0511
10,10000,100000,12,0.138633,0.001411,0.138559,0.110002,0.176783,0.004527,0.9082,0.9694,0.9862,0.9862,-0.5367,-0.5365,0.078649,0.589351,0.589644,5000,0.1921,0.0649,1.5000,0.9187,3.0000
10,10000,100000,13,0.150158,0.001499,0.150090,0.118569,0.182073,0.004528,0.8970,0.9668,0.9940,0.9940,-0.4981,-0.4979,0.083838,0.610568,0.610846,4999,0.1688,0.0696,1.5000,0.9729,0.0500
10,10000,100000,14,0.141754,0.001210,0.141682,0.114640,0.125813,0.004527,0.7091,0.8386,0.9298,0.9302,-0.5530,-0.5532,0.080580,1.307697,1.310334,4999,0.2004,0.2793,1.5000,1.0682,0.0500
10,10000,100000,15,0.191121,0.001787,0.191067,0.149510,0.147559,0.004527,0.6785,0.8158,0.9076,0.9076,-0.3309,-0.3307,0.105805,1.381565,1.382497,4999,0.1698,0.1051,1.5000,0.9490,0.0532
10,10000,100000,16,0.219194,0.002100,0.219147,0.170309,0.087758,0.004527,0.4268,0.5144,0.5896,0.5902,2.2713,2.2387,0.135165,7.655260,7.726199,4998,1.5000,0.0717,1.5000,0.7840,0.0513
10,10000,100000,17,0.183215,0.002227,0.183159,0.136690,0.215615,0.004527,0.8664,0.9366,0.9620,0.9620,-0.2580,-0.2579,0.102103,0.717072,0.717289,5000,0.0500,0.2955,0.0500,0.9396,0.0667
10,10000,100000,18,0.134251,0.001312,0.134174,0.104383,0.193002,0.004527,0.9466,0.9958,1.0000,1.0000,-0.5315,-0.5313,0.077150,0.436480,0.436699,4999,0.1052,0.1608,1.5000,0.9515,0.0500
10,10000,100000,19,0.128717,0.001442,0.128637,0.099009,0.186400,0.004527,0.9158,0.9588,0.9778,0.9778,-0.5297,-0.5295,0.075593,0.563705,0.564274,4999,0.1490,0.4340,1.5000,0.9280,0.0500
10,10000,100000,20,0.188054,0.002496,0.187999,0.137809,0.106199,0.004528,0.6273,0.7179,0.7713,0.7721,0.2850,0.2791,0.104440,3.260846,3.275200,4998,0.0774,1.5000,0.2487,1.0194,0.0500
10,10000,100000,21,0.145259,0.001650,0.145188,0.111458,0.103989,0.004527,0.6770,0.7975,0.8625,0.8637,-0.4324,-0.4333,0.080434,1.909666,1.914106,4997,0.2313,0.6134,0.5551,0.9913,0.0500
10,10000,100000,22,0.145780,0.001402,0.145709,0.116608,0.147209,0.004527,0.8332,0.9322,0.9886,0.9886,-0.6207,-0.6204,0.079672,0.835739,0.836556,5000,0.1875,0.2219,1.5000,0.8887,0.0500
10,10000,100000,23,0.149799,0.001797,0.149731,0.110355,0.110388,0.004527,0.7115,0.8122,0.8760,0.8762,-0.5275,-0.5274,0.080626,1.609241,1.611788,4999,0.1924,0.2078,1.5000,1.0314,0.0500
10,10000,100000,24,0.172892,0.001694,0.172833,0.136126,0.143238,0.004528,0.7062,0.8223,0.8841,0.8845,-0.2578,-0.2592,0.096915,1.736058,1.741399,4996,0.1843,1.5000,1.5000,1.0967,0.0530
10,10000,100000,25,0.180834,0.001787,0.180778,0.135907,0.174062,0.004527,0.8018,0.9370,0.9838,0.9838,-0.4638,-0.4635,0.096194,0.820785,0.821260,4999,0.4125,0.1328,1.5000,0.9491,0.0500
10,10000,100000,26,0.200715,0.002416,0.200664,0.150734,0.069737,0.004527,0.3987,0.4977,0.5625,0.5633,3.4361,3.3965,0.122905,10.368718,10.454729,4999,1.5000,0.5289,0.1061,0.9997,0.0500
10,10000,100000,27,0.168250,0.001879,0.168189,0.132034,0.127941,0.004528,0.6825,0.7861,0.8581,0.8585,-0.2049,-0.2068,0.095162,1.933109,1.938694,4998,0.1675,0.8320,0.4546,1.0179,0.0500
10,10000,100000,28,0.193349,0.002074,0.193296,0.145769,0.125285,0.004528,0.6240,0.7079,0.7607,0.7607,0.4824,0.4771,0.111562,3.389713,3.402805,4998,1.5000,0.0502,1.5000,0.9043,0.0500
10,10000,100000,29,0.143420,0.001751,0.143349,0.104382,0.120432,0.004527,0.7960,0.8662,0.9146,0.9146,-0.5719,-0.5717,0.076180,1.341249,1.342958,5000,0.2345,0.2740,1.0135,0.8873,0.0500
10,10000,100000,30,0.216179,0.001887,0.216132,0.175582,0.144972,0.004527,0.5821,0.7798,0.8720,0.8720,-0.1909,-0.1911,0.121523,1.811399,1.813781,4999,0.3614,0.3176,1.5000,0.9349,0.0500
10,10000,100000,31,0.169071,0.002473,0.169010,0.116782,0.083425,0.004528,0.6225,0.7044,0.7576,0.7592,0.2182,0.2127,0.090633,3.656229,3.672264,4996,0.1912,0.5980,1.5000,0.9387,0.0500
10,10000,100000,32,0.184009,0.001638,0.183954,0.148496,0.070713,0.004528,0.3525,0.4505,0.5325,0.5331,2.2376,2.2041,0.118299,7.980430,8.054465,4999,0.2753,1.5000,0.8742,1.0675,0.0500
10,10000,100000,33,0.187970,0.001851,0.187915,0.141398,0.149096,0.004527,0.7299,0.8454,0.9222,0.9224,-0.4143,-0.4140,0.100580,1.278647,1.279907,4999,0.2277,0.3794,1.5000,1.0399,0.0500
10,10000,100000,34,0.155959,0.002308,0.155893,0.108593,0.097608,0.004527,0.6835,0.7688,0.8286,0.8288,-0.1917,-0.1936,0.082661,2.521841,2.529076,4999,0.1014,0.7119,1.5000,0.9635,0.0500
10,10000,100000,35,0.162218,0.001601,0.162155,0.126206,0.100529,0.004528,0.5851,0.7009,0.7906,0.7906,-0.3772,-0.3777,0.091359,2.099344,2.103768,4999,0.3380,0.2814,1.5000,0.9569,0.0500
10,10000,100000,36,0.172096,0.001815,0.172036,0.133635,0.198803,0.004528,0.8524,0.9212,0.9582,0.9582,-0.3520,-0.3518,0.096624,0.764114,0.764565,4999,0.5463,0.0674,1.5000,1.0162,0.0506
10,10000,100000,37,0.201587,0.002707,0.201536,0.146832,0.100826,0.004527,0.5661,0.6783,0.7526,0.7532,0.5297,0.5214,0.110977,3.965060,3.985858,4999,0.1139,1.1270,0.9288,1.0474,0.0500
10,10000,100000,38,0.232797,0.002186,0.232753,0.185516,0.159713,0.004528,0.5956,0.7073,0.7813,0.7815,0.4135,0.4116,0.137484,2.754226,2.759288,4998,0.5945,1.5000,0.0871,0.9530,0.0513
10,10000,100000,39,0.171994,0.001967,0.171934,0.126882,0.081968,0.004528,0.5393,0.6267,0.6871,0.6875,1.0353,1.0213,0.099155,5.347200,5.380483,4999,0.1596,1.5000,1.5000,0.8258,3.0000
10,10000,100000,40,0.226837,0.002110,0.226792,0.175563,0.136050,0.004527,0.5615,0.6503,0.7167,0.7167,0.5352,0.5314,0.133982,3.310506,3.320051,4999,1.5000,0.1035,1.5000,1.0279,0.0608
10,10000,100000,41,0.180365,0.002193,0.180308,0.131763,0.069202,0.004527,0.4735,0.5573,0.6184,0.6196,2.7678,2.7279,0.106703,9.047308,9.133842,4997,0.0500,1.5000,1.5000,0.9847,0.0551
10,10000,100000,42,0.168569,0.001786,0.168509,0.125369,0.148055,0.004527,0.7804,0.8746,0.9284,0.9286,-0.4872,-0.4868,0.090627,1.056137,1.056729,4999,0.1141,0.1334,1.5000,0.9660,0.0500
10,10000,100000,43,0.117388,0.001147,0.117301,0.092216,0.120742,0.004527,0.8045,0.8948,0.9336,0.9340,-0.6781,-0.6786,0.066241,1.134143,1.137126,4998,0.2238,0.4659,1.5000,0.9973,0.0500
10,10000,100000,44,0.161165,0.001423,0.161102,0.131109,0.165409,0.004528,0.8258,0.9502,0.9824,0.9824,-0.5245,-0.5241,0.088916,0.857478,0.858212,4999,0.3274,0.1906,1.5000,1.1112,0.0500
10,10000,100000,45,0.256310,0.002903,0.256270,0.189782,0.059806,0.004528,0.3157,0.3877,0.4337,0.4355,6.4161,6.3673,0.163096,16.646643,16.753248,4999,0.8376,0.3349,1.2952,1.0971,3.0000
10,10000,100000,46,0.180669,0.001778,0.180612,0.140757,0.096543,0.004527,0.5157,0.6135,0.6943,0.6945,0.5895,0.5805,0.107303,4.125216,4.147221,4999,1.3310,0.0907,1.5000,0.8602,0.0500
10,10000,100000,47,0.203850,0.002455,0.203800,0.151026,0.048247,0.004527,0.2655,0.3489,0.4212,0.4244,5.7433,5.6681,0.128324,15.685781,15.852465,4998,0.4125,0.4908,1.5000,1.0387,0.0500
10,10000,100000,48,0.161766,0.001991,0.161702,0.117156,0.097701,0.004527,0.6697,0.7684,0.8280,0.8284,-0.2942,-0.2942,0.087388,2.302060,2.305417,4999,0.1405,0.2236,1.5000,0.9770,0.0500
10,10000,100000,49,0.169011,0.002468,0.168950,0.118990,0.118037,0.004527,0.7423,0.8259,0.8695,0.8699,-0.3786,-0.3788,0.088054,1.779567,1.782446,4998,0.1324,0.4743,1.5000,0.9034,0.0500
10,10000,100000,50,0.177753,0.002452,0.177695,0.127791,0.100118,0.004527,0.6331,0.7277,0.7959,0.7963,0.0527,0.0505,0.096804,2.930792,2.938220,4998,0.0668,0.5013,1.5000,0.9402,0.0500
10,100000,1000000,1,0.193068,0.002780,0.193062,0.136139,0.106935,0.001432,0.6864,0.7837,0.8401,0.8401,-0.0398,-0.0399,0.101716,2.599882,2.600192,4997,0.0916,0.1864,1.5000,0.9368,0.0945
10,100000,1000000,2,0.189334,0.001924,0.189329,0.140627,0.084636,0.001432,0.4955,0.5673,0.6229,0.6229,1.5237,1.5201,0.112950,6.311610,6.319555,4999,1.5000,0.0926,1.5000,0.9732,0.0501
10,100000,1000000,3,0.214727,0.002713,0.214722,0.160662,0.170827,0.001432,0.7502,0.8334,0.8798,0.8798,-0.0558,-0.0559,0.117447,1.614281,1.614447,4999,0.0631,1.5000,0.1493,0.9120,0.3876
10,100000,1000000,4,0.163135,0.002101,0.163128,0.122858,0.147346,0.001432,0.8069,0.8860,0.9318,0.9318,-0.4554,-0.4554,0.088037,1.129779,1.129873,4998,0.2724,0.2815,0.3139,0.9664,0.0500
10,100000,1000000,5,0.161301,0.001928,0.161295,0.121967,0.126582,0.001432,0.6907,0.7838,0.8330,0.8330,-0.0384,-0.0387,0.091796,2.320817,2.321729,4999,0.1118,1.5000,0.9565,1.0727,0.0514
10,100000,1000000,6,0.183483,0.001963,0.183477,0.138481,0.112541,0.001432,0.6233,0.7055,0.7634,0.7634,0.0472,0.0469,0.104182,2.682986,2.683810,4999,1.5000,0.0500,0.3856,0.9514,0.1106
10,100000,1000000,7,0.194200,0.002195,0.194194,0.147094,0.164897,0.001432,0.7179,0.8156,0.8724,0.8724,-0.1978,-0.1978,0.107803,1.497143,1.497323,4999,0.4994,0.1147,1.5000,0.9970,0.0583
10,100000,1000000,8,0.217556,0.002369,0.217552,0.166462,0.141000,0.001432,0.6194,0.7205,0.7757,0.7757,0.6337,0.6333,0.126538,3.415153,3.416105,4998,1.5000,0.3861,0.0765,0.9680,0.0549
10,100000,1000000,9,0.185932,0.002578,0.185927,0.133518,0.069377,0.001432,0.4723,0.5751,0.6472,0.6472,1.9562,1.9543,0.107075,7.463806,7.467999,4997,0.0613,1.5000,0.3231,0.9463,3.0000
10,100000,1000000,10,0.137647,0.001591,0.137639,0.101097,0.124274,0.001432,0.7771,0.8473,0.8859,0.8859,-0.3435,-0.3436,0.076323,1.796784,1.797326,4997,0.2326,0.5395,1.5000,1.0242,3.0000
10,100000,1000000,11,0.288168,0.002332,0.288165,0.232119,0.148371,0.001432,0.4556,0.5788,0.6798,0.6798,0.3586,0.3585,0.169965,2.901567,2.901934,5000,0.7046,0.3457,1.5000,0.9947,0.0582
10,100000,1000000,12,0.138857,0.001399,0.138849,0.110423,0.175704,0.001432,0.9086,0.9690,0.9860,0.9860,-0.5390,-0.5390,0.078732,0.599669,0.599700,5000,0.2030,0.0656,1.5000,0.9179,3.0000
10,100000,1000000,13,0.150907,0.001510,0.150900,0.118822,0.181673,0.001432,0.8942,0.9646,0.9924,0.9924,-0.4952,-0.4952,0.084179,0.620267,0.620294,4999,0.1648,0.0690,1.5000,0.9736,0.0553
10,100000,1000000,14,0.142291,0.001211,0.142284,0.115434,0.126481,0.001432,0.7129,0.8380,0.9338,0.9340,-0.5524,-0.5524,0.080861,1.299284,1.299518,4999,0.1948,0.2818,1.5000,1.0673,0.0664
10,100000,1000000,15,0.191446,0.001785,0.191441,0.150079,0.149976,0.001432,0.6863,0.8238,0.9128,0.9128,-0.3279,-0.3279,0.106038,1.353033,1.353121,4999,0.1668,0.0996,1.5000,0.9502,0.0704
10,100000,1000000,16,0.219701,0.002109,0.219696,0.170680,0.088426,0.001432,0.4274,0.5172,0.5934,0.5940,2.2325,2.2292,0.135295,7.627666,7.634797,4998,1.5000,0.0734,1.5000,0.7815,0.0610
10,100000,1000000,17,0.183217,0.002228,0.183211,0.136685,0.215720,0.001432,0.8664,0.9366,0.9620,0.9620,-0.2578,-0.2578,0.102106,0.716682,0.716704,5000,0.0500,0.2999,0.0500,0.9392,0.1312
10,100000,1000000,18,0.133296,0.001308,0.133288,0.103386,0.194635,0.001432,0.9526,0.9970,1.0000,1.0000,-0.5307,-0.5307,0.076821,0.421519,0.421540,4999,0.1061,0.1598,1.5000,0.9520,0.0653
10,100000,1000000,19,0.128459,0.001438,0.128451,0.098878,0.186452,0.001432,0.9170,0.9594,0.9780,0.9780,-0.5312,-0.5312,0.075472,0.560529,0.560585,4999,0.1495,0.4333,1.5000,0.9288,0.0591
10,100000,1000000,20,0.188745,0.002542,0.188739,0.138100,0.106529,0.001432,0.6285,0.7197,0.7781,0.7781,0.2742,0.2736,0.104458,3.245170,3.246572,4998,0.0613,1.5000,0.3103,1.0230,0.0623
10,100000,1000000,21,0.145914,0.001660,0.145907,0.111947,0.103277,0.001432,0.6706,0.7921,0.8589,0.8589,-0.4118,-0.4119,0.080943,1.967990,1.968463,4997,0.2308,0.6269,0.5378,0.9877,0.0637
10,100000,1000000,22,0.145134,0.001391,0.145127,0.116207,0.146875,0.001432,0.8364,0.9318,0.9890,0.9890,-0.6240,-0.6240,0.079361,0.834936,0.835019,5000,0.1874,0.2256,1.5000,0.8908,0.0546
10,100000,1000000,23,0.150199,0.001806,0.150192,0.110740,0.111338,0.001432,0.7131,0.8124,0.8796,0.8796,-0.5273,-0.5273,0.080822,1.592066,1.592313,4999,0.1849,0.2063,1.5000,1.0298,0.0544
10,100000,1000000,24,0.172355,0.001690,0.172349,0.135603,0.137863,0.001432,0.6900,0.8082,0.8759,0.8759,-0.2511,-0.2513,0.096672,1.832710,1.833306,4996,0.1933,1.5000,1.5000,1.0854,0.0613
10,100000,1000000,25,0.182711,0.001814,0.182705,0.136649,0.174109,0.001432,0.7932,0.9322,0.9764,0.9764,-0.4510,-0.4510,0.097300,0.847955,0.848005,4999,0.4355,0.1287,1.5000,0.9493,0.0532
10,100000,1000000,26,0.200242,0.002415,0.200237,0.150337,0.068142,0.001432,0.3917,0.4887,0.5555,0.5557,3.6268,3.6223,0.122963,10.872823,10.882474,4999,1.5000,0.5228,0.1076,1.0003,0.0523
10,100000,1000000,27,0.169774,0.001879,0.169768,0.133629,0.126150,0.001432,0.6713,0.7727,0.8457,0.8457,-0.1580,-0.1583,0.096485,2.063555,2.064250,4998,0.1720,0.8917,0.4619,1.0202,0.0664
10,100000,1000000,28,0.193521,0.002080,0.193516,0.145783,0.126640,0.001432,0.6287,0.7097,0.7645,0.7647,0.4637,0.4631,0.111521,3.342368,3.343652,4998,1.5000,0.0500,1.5000,0.9109,0.0689
10,100000,1000000,29,0.146230,0.001782,0.146223,0.106866,0.125829,0.001432,0.7978,0.8698,0.9180,0.9180,-0.5382,-0.5382,0.078165,1.310331,1.310483,5000,0.2240,0.2826,0.7582,0.8807,0.0581
10,100000,1000000,30,0.217745,0.001893,0.217740,0.177092,0.144933,0.001432,0.5805,0.7758,0.8696,0.8696,-0.1776,-0.1776,0.122584,1.842346,1.842592,4999,0.3641,0.3238,1.5000,0.9425,0.0545
10,100000,1000000,31,0.168180,0.002477,0.168174,0.116026,0.084501,0.001432,0.6313,0.7106,0.7662,0.7666,0.1518,0.1513,0.089761,3.511710,3.513239,4996,0.1901,0.5875,1.5000,0.9419,0.0533
10,100000,1000000,32,0.184546,0.001636,0.184540,0.149128,0.071594,0.001432,0.3553,0.4519,0.5355,0.5359,2.1784,2.1751,0.118660,7.902011,7.909426,4999,0.2692,1.5000,0.8293,1.0594,0.0534
10,100000,1000000,33,0.187597,0.001852,0.187592,0.141159,0.148238,0.001432,0.7293,0.8454,0.9216,0.9216,-0.4140,-0.4139,0.100405,1.291479,1.291607,4999,0.2254,0.3812,1.5000,1.0311,0.0545
10,100000,1000000,34,0.155802,0.002304,0.155795,0.108476,0.097116,0.001432,0.6807,0.7682,0.8270,0.8270,-0.1836,-0.1838,0.082605,2.555052,2.555837,4999,0.1006,0.7221,1.5000,0.9551,0.0510
10,100000,1000000,35,0.161021,0.001592,0.161015,0.125342,0.101213,0.001432,0.5925,0.7095,0.8042,0.8044,-0.4040,-0.4041,0.090409,2.034308,2.034722,4999,0.3223,0.2795,1.5000,0.9494,0.0512
10,100000,1000000,36,0.173602,0.001833,0.173596,0.134972,0.196084,0.001432,0.8466,0.9150,0.9532,0.9532,-0.3483,-0.3483,0.097294,0.803055,0.803105,4999,0.5646,0.0706,1.5000,1.0160,0.0540
10,100000,1000000,37,0.201292,0.002690,0.201287,0.146627,0.100180,0.001432,0.5595,0.6685,0.7433,0.7433,0.6077,0.6066,0.111007,4.172360,4.175101,4999,0.1183,1.2788,0.9880,1.0545,0.0577
10,100000,1000000,38,0.233235,0.002183,0.233230,0.186010,0.158833,0.001432,0.5914,0.7031,0.7797,0.7797,0.4226,0.4224,0.137895,2.788012,2.788529,4998,0.5910,1.5000,0.0877,0.9536,0.0601
10,100000,1000000,39,0.171370,0.001990,0.171364,0.125891,0.088082,0.001432,0.5637,0.6543,0.7127,0.7127,0.8652,0.8637,0.097886,4.903209,4.906906,4999,0.1355,1.5000,1.5000,0.8378,3.0000
10,100000,1000000,40,0.227622,0.002124,0.227617,0.175784,0.136295,0.001432,0.5631,0.6507,0.7165,0.7165,0.5495,0.5491,0.134376,3.343615,3.344599,4999,1.5000,0.1018,1.5000,1.0194,0.0940
10,100000,1000000,41,0.180304,0.002190,0.180299,0.131634,0.065990,0.001432,0.4613,0.5411,0.6026,0.6026,3.1573,3.1523,0.107311,9.997083,10.007875,4997,0.0500,1.5000,1.5000,0.9809,0.0717
10,100000,1000000,42,0.168638,0.001789,0.168632,0.125370,0.148268,0.001432,0.7810,0.8762,0.9302,0.9302,-0.4885,-0.4885,0.090607,1.051581,1.051640,4999,0.1152,0.1338,1.5000,0.9668,0.0814
10,100000,1000000,43,0.118646,0.001135,0.118637,0.093653,0.120505,0.001432,0.7937,0.8886,0.9296,0.9296,-0.6614,-0.6615,0.067150,1.175697,1.176022,4998,0.2248,0.4892,1.5000,1.0014,0.0681
10,100000,1000000,44,0.160753,0.001418,0.160746,0.130792,0.162880,0.001432,0.8180,0.9472,0.9798,0.9798,-0.5274,-0.5274,0.088734,0.886816,0.886897,4999,0.3306,0.1982,1.5000,1.1152,0.0680
10,100000,1000000,45,0.255400,0.002923,0.255396,0.189222,0.064390,0.001432,0.3263,0.4007,0.4557,0.4559,5.1135,5.1096,0.160851,13.997191,14.005895,4999,0.7062,0.2906,1.1760,1.0608,3.0000
10,100000,1000000,46,0.180313,0.001781,0.180307,0.140201,0.095595,0.001432,0.5133,0.6133,0.6929,0.6929,0.6054,0.6044,0.107062,4.196368,4.198880,4999,1.3256,0.0912,1.5000,0.8614,0.0704
10,100000,1000000,47,0.205759,0.002482,0.205754,0.152095,0.046521,0.001432,0.2565,0.3325,0.4066,0.4070,6.4314,6.4222,0.130129,17.281177,17.301387,4998,0.4306,0.4902,1.5000,1.0415,0.0500
10,100000,1000000,48,0.161245,0.001985,0.161238,0.116727,0.098462,0.001432,0.6763,0.7732,0.8316,0.8316,-0.3104,-0.3104,0.086957,2.258128,2.258453,4999,0.1400,0.2284,1.5000,0.9772,0.0501
10,100000,1000000,49,0.169860,0.002477,0.169854,0.119585,0.118124,0.001432,0.7409,0.8245,0.8703,0.8703,-0.3766,-0.3767,0.088464,1.783295,1.783575,4998,0.1322,0.4597,1.5000,0.9120,0.0582
10,100000,1000000,50,0.178465,0.002458,0.178459,0.128331,0.099792,0.001432,0.6315,0.7277,0.7953,0.7953,0.0658,0.0655,0.097254,2.969612,2.970370,4998,0.0676,0.4897,1.5000,0.9430,0.0553
10,Inf,Inf,1,0.193309,0.002782,0.193309,0.136310,0.107539,0.000000,0.6886,0.7851,0.8407,0.8407,-0.0431,-0.0431,0.101812,2.581811,2.581811,4997,0.0910,0.1847,1.5000,0.9370,0.3873
10,Inf,Inf,2,0.189835,0.001926,0.189835,0.140952,0.083872,0.000000,0.4935,0.5633,0.6187,0.6187,1.5734,1.5734,0.113423,6.438217,6.438217,4999,1.5000,0.0951,1.5000,0.9786,0.3873
10,Inf,Inf,3,0.215167,0.002716,0.215167,0.161058,0.170761,0.000000,0.7497,0.8324,0.8800,0.8800,-0.0525,-0.0525,0.117718,1.621610,1.621610,4999,0.0627,1.5000,0.1490,0.9121,0.3873
10,Inf,Inf,4,0.163689,0.002106,0.163689,0.123382,0.147069,0.000000,0.8019,0.8852,0.9304,0.9304,-0.4509,-0.4509,0.088385,1.143079,1.143079,4998,0.2780,0.2781,0.3141,0.9665,0.3873
10,Inf,Inf,5,0.161073,0.001930,0.161073,0.121739,0.127782,0.000000,0.6977,0.7890,0.8378,0.8378,-0.0505,-0.0505,0.091587,2.277595,2.277595,4999,0.1087,1.5000,0.9450,1.0690,0.3873
10,Inf,Inf,6,0.183505,0.001963,0.183505,0.138590,0.113005,0.000000,0.6249,0.7069,0.7648,0.7648,0.0413,0.0413,0.104199,2.662083,2.662083,4999,1.5000,0.0500,0.3702,0.9527,0.3873
10,Inf,Inf,7,0.194158,0.002194,0.194158,0.146941,0.165476,0.000000,0.7211,0.8166,0.8730,0.8730,-0.2059,-0.2059,0.107639,1.473186,1.473186,4999,0.4913,0.1153,1.5000,0.9971,0.3873
10,Inf,Inf,8,0.217490,0.002366,0.217490,0.166446,0.140525,0.000000,0.6190,0.7189,0.7751,0.7751,0.6397,0.6397,0.126554,3.435054,3.435054,4998,1.5000,0.3865,0.0766,0.9685,0.3873
10,Inf,Inf,9,0.187057,0.002582,0.187057,0.134624,0.070618,0.000000,0.4751,0.5789,0.6518,0.6518,1.8800,1.8800,0.107742,7.277044,7.277044,4997,0.0594,1.5000,0.2992,0.9469,0.3873
10,Inf,Inf,10,0.137821,0.001598,0.137821,0.101111,0.124174,0.000000,0.7771,0.8471,0.8855,0.8855,-0.3377,-0.3377,0.076406,1.813160,1.813160,4997,0.2348,0.5411,1.5000,1.0291,0.3873
10,Inf,Inf,11,0.286570,0.002314,0.286570,0.230780,0.148919,0.000000,0.4612,0.5880,0.6884,0.6884,0.3279,0.3279,0.168519,2.832086,2.832086,5000,0.6863,0.3452,1.5000,0.9890,0.3873
10,Inf,Inf,12,0.138875,0.001397,0.138875,0.110476,0.174889,0.000000,0.9078,0.9690,0.9856,0.9856,-0.5408,-0.5408,0.078701,0.605719,0.605719,5000,0.2037,0.0658,1.5000,0.9184,0.3873
10,Inf,Inf,13,0.150663,0.001506,0.150663,0.118630,0.181886,0.000000,0.8948,0.9652,0.9928,0.9928,-0.4954,-0.4954,0.084085,0.617276,0.617276,4999,0.1644,0.0687,1.5000,0.9734,0.3873
10,Inf,Inf,14,0.142508,0.001212,0.142508,0.115761,0.126854,0.000000,0.7139,0.8388,0.9338,0.9338,-0.5521,-0.5521,0.080970,1.293380,1.293380,4999,0.1920,0.2826,1.5000,1.0667,0.3873
10,Inf,Inf,15,0.191312,0.001784,0.191312,0.149855,0.149542,0.000000,0.6841,0.8220,0.9124,0.9124,-0.3298,-0.3298,0.105921,1.355951,1.355951,4999,0.1685,0.1008,1.5000,0.9507,0.3873
10,Inf,Inf,16,0.219664,0.002111,0.219664,0.170603,0.089443,0.000000,0.4312,0.5220,0.6000,0.6000,2.1641,2.1641,0.134980,7.474774,7.474774,4998,1.5000,0.0729,1.5000,0.7826,0.3873
10,Inf,Inf,17,0.183247,0.002229,0.183247,0.136707,0.215940,0.000000,0.8670,0.9366,0.9620,0.9620,-0.2574,-0.2574,0.102130,0.715470,0.715470,5000,0.0500,0.2981,0.0500,0.9394,0.3873
10,Inf,Inf,18,0.133208,0.001307,0.133208,0.103329,0.194834,0.000000,0.9524,0.9972,1.0000,1.0000,-0.5302,-0.5302,0.076812,0.420402,0.420402,4999,0.1056,0.1600,1.5000,0.9520,0.3873
10,Inf,Inf,19,0.128305,0.001438,0.128305,0.098756,0.186555,0.000000,0.9172,0.9598,0.9782,0.9782,-0.5318,-0.5318,0.075402,0.558139,0.558139,4999,0.1494,0.4320,1.5000,0.9288,0.3873
10,Inf,Inf,20,0.189222,0.002554,0.189222,0.138462,0.107228,0.000000,0.6307,0.7215,0.7817,0.7817,0.2629,0.2629,0.104628,3.208973,3.208973,4998,0.0574,1.5000,0.3164,1.0213,0.3873
10,Inf,Inf,21,0.146336,0.001664,0.146336,0.112299,0.103184,0.000000,0.6684,0.7885,0.8563,0.8563,-0.4021,-0.4021,0.081264,1.988957,1.988957,4997,0.2310,0.6340,0.5249,0.9855,0.3873
10,Inf,Inf,22,0.145256,0.001393,0.145256,0.116258,0.147047,0.000000,0.8362,0.9326,0.9892,0.9892,-0.6235,-0.6235,0.079408,0.833522,0.833522,5000,0.1876,0.2247,1.5000,0.8903,0.3873
10,Inf,Inf,23,0.150275,0.001810,0.150275,0.110837,0.112154,0.000000,0.7185,0.8168,0.8816,0.8816,-0.5311,-0.5311,0.080810,1.568831,1.568831,4999,0.1824,0.2042,1.5000,1.0298,0.3873
10,Inf,Inf,24,0.172344,0.001691,0.172344,0.135533,0.138217,0.000000,0.6930,0.8110,0.8771,0.8771,-0.2517,-0.2517,0.096634,1.826354,1.826354,4996,0.1903,1.5000,1.5000,1.0813,0.3873
10,Inf,Inf,25,0.183288,0.001818,0.183288,0.137130,0.173947,0.000000,0.7912,0.9310,0.9746,0.9746,-0.4479,-0.4479,0.097646,0.856401,0.856401,4999,0.4380,0.1285,1.5000,0.9498,0.3873
10,Inf,Inf,26,0.200348,0.002414,0.200348,0.150487,0.068025,0.000000,0.3919,0.4887,0.5535,0.5535,3.6609,3.6609,0.123134,10.954845,10.954845,4999,1.5000,0.5252,0.1083,0.9980,0.3873
10,Inf,Inf,27,0.170067,0.001863,0.170067,0.134275,0.124605,0.000000,0.6617,0.7651,0.8377,0.8377,-0.1340,-0.1340,0.096991,2.139530,2.139530,4998,0.1743,0.9202,0.4742,1.0224,0.3873
10,Inf,Inf,28,0.193782,0.002084,0.193782,0.145919,0.126692,0.000000,0.6297,0.7089,0.7651,0.7651,0.4678,0.4678,0.111653,3.351017,3.351017,4998,1.5000,0.0500,1.5000,0.9129,0.3873
10,Inf,Inf,29,0.145881,0.001792,0.145881,0.106399,0.126726,0.000000,0.8004,0.8724,0.9204,0.9204,-0.5404,-0.5404,0.077947,1.290154,1.290154,5000,0.2168,0.2820,0.7504,0.8785,0.3873
10,Inf,Inf,30,0.218317,0.001897,0.218317,0.177640,0.144952,0.000000,0.5803,0.7734,0.8692,0.8692,-0.1729,-0.1729,0.122952,1.852341,1.852341,4999,0.3651,0.3267,1.5000,0.9460,0.3873
10,Inf,Inf,31,0.167992,0.002476,0.167992,0.115944,0.084766,0.000000,0.6329,0.7118,0.7674,0.7674,0.1370,0.1370,0.089608,3.477147,3.477147,4996,0.1899,0.5853,1.5000,0.9431,0.3873
10,Inf,Inf,32,0.185050,0.001633,0.185050,0.149702,0.072489,0.000000,0.3559,0.4565,0.5381,0.5381,2.1135,2.1135,0.118914,7.753899,7.753899,4999,0.2667,1.5000,0.8108,1.0577,0.3873
10,Inf,Inf,33,0.187144,0.001848,0.187144,0.140874,0.147563,0.000000,0.7281,0.8450,0.9212,0.9212,-0.4151,-0.4151,0.100192,1.298493,1.298493,4999,0.2245,0.3826,1.5000,1.0272,0.3873
10,Inf,Inf,34,0.156284,0.002303,0.156284,0.108928,0.096640,0.000000,0.6789,0.7658,0.8232,0.8232,-0.1592,-0.1592,0.083021,2.615050,2.615050,4999,0.0988,0.7404,1.5000,0.9498,0.3873
10,Inf,Inf,35,0.160439,0.001589,0.160439,0.124904,0.101500,0.000000,0.5961,0.7155,0.8116,0.8116,-0.4161,-0.4161,0.089938,2.004006,2.004006,4999,0.3140,0.2786,1.5000,0.9452,0.3873
10,Inf,Inf,36,0.173285,0.001831,0.173285,0.134642,0.196039,0.000000,0.8474,0.9170,0.9526,0.9526,-0.3510,-0.3510,0.097081,0.797902,0.797902,4999,0.5581,0.0709,1.5000,1.0141,0.3873
10,Inf,Inf,37,0.201387,0.002687,0.201387,0.146737,0.099789,0.000000,0.5573,0.6659,0.7411,0.7411,0.6257,0.6257,0.111158,4.220212,4.220212,4999,0.1199,1.2751,0.9868,1.0565,0.3873
10,Inf,Inf,38,0.233010,0.002183,0.233010,0.185784,0.158952,0.000000,0.5936,0.7045,0.7803,0.7803,0.4198,0.4198,0.137715,2.781182,2.781182,4998,0.5941,1.5000,0.0866,0.9528,0.3873
10,Inf,Inf,39,0.171125,0.001992,0.171125,0.125643,0.088570,0.000000,0.5661,0.6583,0.7155,0.7155,0.8532,0.8532,0.097658,4.873085,4.873085,4999,0.1333,1.5000,1.5000,0.8386,0.3873
10,Inf,Inf,40,0.227613,0.002125,0.227613,0.175730,0.136626,0.000000,0.5645,0.6513,0.7179,0.7179,0.5468,0.5468,0.134314,3.334240,3.334240,4999,1.5000,0.1012,1.5000,1.0187,0.3873
10,Inf,Inf,41,0.180227,0.002194,0.180227,0.131558,0.065739,0.000000,0.4605,0.5417,0.6020,0.6020,3.1945,3.1945,0.107291,10.089946,10.089946,4997,0.0500,1.5000,1.5000,0.9804,0.3873
10,Inf,Inf,42,0.168780,0.001790,0.168780,0.125471,0.148247,0.000000,0.7802,0.8752,0.9296,0.9296,-0.4873,-0.4873,0.090696,1.054222,1.054222,4999,0.1152,0.1332,1.5000,0.9667,0.3873
10,Inf,Inf,43,0.119163,0.001129,0.119163,0.094296,0.120225,0.000000,0.7891,0.8866,0.9290,0.9290,-0.6549,-0.6549,0.067521,1.194270,1.194270,4998,0.2244,0.4981,1.5000,1.0025,0.3873
10,Inf,Inf,44,0.160313,0.001415,0.160313,0.130412,0.162281,0.000000,0.8186,0.9464,0.9792,0.9792,-0.5296,-0.5296,0.088500,0.890524,0.890524,4999,0.3304,0.2001,1.5000,1.1136,0.3873
10,Inf,Inf,45,0.255062,0.002924,0.255062,0.189014,0.064953,0.000000,0.3277,0.4017,0.4575,0.4575,4.9290,4.9290,0.160389,13.621160,13.621160,4999,0.6827,0.2834,1.2062,1.0560,0.3873
10,Inf,Inf,46,0.180313,0.001785,0.180313,0.140084,0.095877,0.000000,0.5175,0.6157,0.6943,0.6943,0.5763,0.5763,0.106886,4.132835,4.132835,4999,1.2873,0.0907,1.5000,0.8628,0.3873
10,Inf,Inf,47,0.204524,0.002470,0.204524,0.151205,0.046580,0.000000,0.2565,0.3337,0.4070,0.4070,6.3570,6.3570,0.129232,17.151242,17.151242,4998,0.4288,0.5028,1.5000,1.0443,0.3873
10,Inf,Inf,48,0.160997,0.001984,0.160997,0.116521,0.098904,0.000000,0.6785,0.7762,0.8342,0.8342,-0.3184,-0.3184,0.086746,2.233872,2.233872,4999,0.1396,0.2306,1.5000,0.9775,0.3873
10,Inf,Inf,49,0.170408,0.002482,0.170408,0.119967,0.119178,0.000000,0.7433,0.8255,0.8717,0.8717,-0.3791,-0.3791,0.088714,1.759993,1.759993,4998,0.1314,0.4524,1.5000,0.9121,0.3872
10,Inf,Inf,50,0.178868,0.002456,0.178868,0.128704,0.099555,0.000000,0.6299,0.7261,0.7923,0.7923,0.0785,0.0785,0.097591,3.000434,3.000434,4998,0.0674,0.4885,1.5000,0.9433,0.3873
50,100,5000,1,0.076289,0.001223,0.061404,0.053425,0.067455,0.045273,0.8136,0.8861,0.9227,0.9541,-1.2579,-1.2090,0.040268,0.780032,1.114955,4994,0.2305,0.2807,1.5000,1.1291,0.8339
50,100,5000,2,0.067482,0.001058,0.050040,0.048369,0.075217,0.045275,0.8844,0.9581,0.9866,0.9962,-1.4236,-1.3115,0.036127,0.445968,0.615641,4993,0.2800,0.2042,1.5000,0.9636,0.7685
50,100,5000,3,0.062298,0.000693,0.042796,0.049405,0.081670,0.045272,0.8875,0.9335,0.9568,0.9874,-1.2551,-1.2431,0.036857,0.468720,0.822200,4995,0.2840,0.2393,1.5000,1.1251,0.0500
50,100,5000,4,0.070086,0.000928,0.053497,0.052227,0.079008,0.045277,0.8842,0.9539,0.9746,0.9838,-1.3049,-1.2353,0.038604,0.514988,0.707189,4992,0.2646,0.2424,1.5000,1.0319,0.9596
50,100,5000,5,0.073041,0.000951,0.057318,0.054771,0.081373,0.045273,0.8931,0.9305,0.9514,0.9704,-1.2501,-1.1800,0.040523,0.594112,0.811664,4996,0.2470,0.2217,1.5000,1.1267,0.7189
50,100,5000,6,0.092951,0.001708,0.081182,0.063915,0.095314,0.045271,0.8801,0.9431,0.9772,0.9810,-1.1585,-1.0881,0.047270,0.535648,0.664185,4994,0.2133,0.1664,1.5000,0.9457,0.7035
50,100,5000,7,0.077012,0.001606,0.062298,0.050535,0.084085,0.045276,0.8877,0.9401,0.9704,0.9856,-1.3136,-1.2317,0.039437,0.448415,0.629371,4994,0.2597,0.2006,1.5000,0.9725,0.5067
50,100,5000,8,0.072850,0.001009,0.057073,0.053116,0.066247,0.045275,0.7801,0.8656,0.9157,0.9587,-1.2202,-1.2290,0.039390,0.771363,1.281515,4993,0.3013,0.2414,1.5000,1.1375,0.2556
50,100,5000,9,0.074001,0.001139,0.058538,0.052389,0.063344,0.045272,0.7688,0.8687,0.9306,0.9874,-1.3075,-1.3291,0.038012,0.634582,1.280394,4988,0.3487,0.2220,1.5000,1.0660,0.0500
50,100,5000,10,0.077314,0.000996,0.062669,0.058851,0.084148,0.045278,0.8646,0.9393,0.9778,0.9936,-1.2446,-1.1781,0.042327,0.558300,0.753909,4992,0.2915,0.1947,1.5000,0.9668,0.6868
50,100,5000,11,0.066179,0.000667,0.048271,0.052502,0.073201,0.045272,0.8506,0.9221,0.9647,0.9922,-1.3076,-1.2690,0.037522,0.558804,0.891490,4992,0.3285,0.2326,1.5000,1.1767,0.3940
50,100,5000,12,0.067998,0.000975,0.050733,0.049497,0.076663,0.045276,0.8789,0.9373,0.9652,0.9792,-1.3081,-1.2446,0.037579,0.541625,0.767975,4996,0.2474,0.1942,1.5000,0.9413,0.6586
50,100,5000,13,0.072294,0.000947,0.056356,0.054032,0.081654,0.045282,0.8971,0.9664,0.9896,0.9964,-1.3286,-1.2423,0.039180,0.464970,0.629877,4996,0.2497,0.1737,1.5000,0.8540,0.6186
50,100,5000,14,0.063550,0.000784,0.044600,0.048044,0.087074,0.045271,0.9239,0.9756,0.9892,0.9968,-1.3313,-1.2411,0.036901,0.373083,0.517673,4991,0.2218,0.1910,1.5000,0.9749,0.5048
50,100,5000,15,0.064998,0.000988,0.046636,0.044722,0.089538,0.045276,0.9359,0.9736,0.9888,0.9980,-1.3549,-1.2561,0.036414,0.312960,0.453232,4995,0.2235,0.1844,1.5000,0.9828,0.2765
50,100,5000,16,0.065046,0.000851,0.046703,0.048940,0.078144,0.045274,0.8594,0.9201,0.9543,0.9876,-1.3060,-1.2584,0.037016,0.497121,0.786709,4992,0.2257,0.1827,1.5000,0.9218,0.2474
50,100,5000,17,0.057981,0.000671,0.036222,0.044711,0.069547,0.045274,0.8571,0.9221,0.9574,0.9968,-1.3842,-1.3559,0.033372,0.458813,0.871691,4996,0.2922,0.1991,1.5000,1.0712,0.0500
50,100,5000,18,0.067857,0.000818,0.050540,0.051729,0.083384,0.045280,0.8766,0.9539,0.9870,0.9998,-1.2833,-1.2147,0.038838,0.480240,0.657880,4992,0.2066,0.2024,1.5000,0.9033,0.7087
50,100,5000,19,0.057183,0.000705,0.034934,0.042633,0.075812,0.045272,0.9010,0.9539,0.9790,0.9946,-1.4066,-1.3244,0.033489,0.397040,0.605171,4992,0.2616,0.2227,1.5000,0.9699,0.4495
50,100,5000,20,0.061127,0.000844,0.041068,0.045787,0.072138,0.045276,0.8767,0.9423,0.9680,0.9876,-1.3743,-1.3166,0.034744,0.481771,0.772380,4994,0.2777,0.1856,1.5000,0.9715,0.4033
50,100,5000,21,0.064037,0.001142,0.045287,0.045718,0.082808,0.045275,0.9267,0.9726,0.9908,0.9974,-1.3777,-1.2862,0.035470,0.353670,0.495842,4993,0.2576,0.1944,1.5000,1.0152,0.5412
50,100,5000,22,0.072891,0.001027,0.057125,0.052529,0.073510,0.045276,0.8358,0.9335,0.9754,0.9940,-1.3677,-1.2799,0.038600,0.540436,0.774796,4993,0.2775,0.1977,1.5000,0.8782,0.6159
50,100,5000,23,0.074215,0.000889,0.058806,0.055955,0.074839,0.045275,0.8344,0.9371,0.9767,0.9918,-1.3163,-1.2451,0.040112,0.582156,0.829791,4989,0.2539,0.1815,1.5000,0.8957,0.6463
50,100,5000,24,0.074033,0.000864,0.058575,0.055087,0.092982,0.045276,0.8660,0.9453,0.9872,0.9976,-1.1770,-1.1231,0.042563,0.502005,0.648155,4993,0.1937,0.1630,1.5000,0.8654,0.8770
50,100,5000,25,0.074130,0.001273,0.058692,0.048966,0.076185,0.045282,0.8756,0.9275,0.9623,0.9812,-1.3639,-1.2773,0.038117,0.496622,0.680658,4992,0.2904,0.1966,1.5000,0.8768,0.7574
50,100,5000,26,0.070128,0.000974,0.053550,0.050685,0.076299,0.045280,0.8563,0.9293,0.9625,0.9836,-1.3303,-1.2619,0.038181,0.529778,0.769350,4991,0.2268,0.2054,1.5000,0.8611,0.4177
50,100,5000,27,0.066182,0.000754,0.048277,0.051173,0.089181,0.045271,0.8944,0.9641,0.9794,0.9970,-1.2571,-1.1947,0.038881,0.430652,0.611346,4991,0.1962,0.1882,1.5000,0.9721,0.4327
50,100,5000,28,0.060424,0.000812,0.040016,0.044281,0.069362,0.045275,0.8736,0.9317,0.9615,0.9880,-1.4291,-1.3537,0.033709,0.462379,0.787133,4991,0.3466,0.2179,1.5000,1.1638,0.2086
50,100,5000,29,0.082363,0.000900,0.068800,0.062705,0.083870,0.045279,0.8399,0.9436,0.9776,0.9966,-1.2153,-1.1653,0.044258,0.587873,0.842572,4996,0.3622,0.1716,1.5000,0.9234,0.0500
50,100,5000,30,0.069229,0.000752,0.052367,0.053863,0.086106,0.045281,0.8922,0.9463,0.9723,0.9884,-1.2409,-1.1830,0.039851,0.496328,0.692982,4990,0.1700,0.2045,1.5000,0.8801,0.3760
50,100,5000,31,0.058750,0.000599,0.037440,0.046240,0.071618,0.045274,0.8605,0.9383,0.9687,0.9964,-1.3534,-1.3264,0.034280,0.473741,0.852403,4989,0.3060,0.2025,1.5000,1.1061,0.0500
50,100,5000,32,0.058942,0.000588,0.037740,0.046813,0.079781,0.045275,0.9127,0.9776,0.9946,0.9994,-1.3777,-1.2862,0.034957,0.399902,0.553817,4993,0.2610,0.2152,1.5000,1.0150,0.9653
50,100,5000,33,0.062269,0.000914,0.042754,0.043778,0.078383,0.045272,0.9047,0.9536,0.9762,0.9840,-1.3819,-1.2856,0.035224,0.430852,0.572810,4996,0.2776,0.2703,1.5000,1.0391,0.9579
50,100,5000,34,0.062711,0.000689,0.043391,0.049063,0.095549,0.045276,0.9463,0.9810,0.9944,0.9992,-1.2622,-1.1878,0.037741,0.323682,0.443112,4994,0.2221,0.1798,1.5000,1.2605,0.7458
50,100,5000,35,0.107303,0.001461,0.097285,0.076214,0.081557,0.045272,0.7581,0.8761,0.9305,0.9545,-1.0900,-1.0445,0.054088,0.866892,1.134361,4994,0.2490,0.2104,1.5000,0.9681,0.7293
50,100,5000,36,0.064338,0.000660,0.045708,0.050776,0.087963,0.045279,0.9202,0.9649,0.9798,0.9958,-1.2675,-1.2124,0.037915,0.409738,0.612081,4990,0.1896,0.1772,1.5000,1.0848,0.4729
50,100,5000,37,0.080131,0.001141,0.066113,0.055736,0.080619,0.045278,0.8533,0.9211,0.9581,0.9824,-1.2874,-1.2160,0.041539,0.558422,0.774009,4991,0.2545,0.2409,1.5000,0.9869,0.7509
50,100,5000,38,0.058982,0.000843,0.037795,0.043380,0.077124,0.045282,0.9023,0.9599,0.9830,0.9988,-1.4195,-1.3374,0.033619,0.369507,0.604924,4993,0.3261,0.2136,1.5000,1.0307,0.3217
50,100,5000,39,0.057643,0.000699,0.035674,0.043835,0.080245,0.045278,0.9391,0.9802,0.9926,0.9980,-1.4061,-1.3039,0.033934,0.350833,0.462902,4994,0.2881,0.1955,1.5000,1.0038,1.1189
50,100,5000,40,0.087225,0.001182,0.074555,0.063565,0.061765,0.045275,0.6847,0.7894,0.8653,0.9377,-1.1002,-1.1380,0.045764,1.052792,1.679850,4995,0.3508,0.3152,1.5000,1.0591,0.3723
50,100,5000,41,0.079496,0.001153,0.065345,0.056151,0.075423,0.045273,0.8424,0.9121,0.9429,0.9630,-1.2577,-1.1897,0.041839,0.667664,0.930676,4994,0.1674,0.2068,1.5000,0.9585,0.1779
50,100,5000,42,0.067041,0.000826,0.049445,0.051747,0.095197,0.045273,0.9283,0.9762,0.9902,0.9994,-1.2304,-1.1752,0.039262,0.365542,0.544931,4990,0.1941,0.1545,1.5000,1.0062,0.0500
50,100,5000,43,0.072220,0.001096,0.056270,0.049646,0.083425,0.045270,0.8918,0.9405,0.9725,0.9848,-1.3151,-1.2242,0.038929,0.460306,0.593840,4990,0.3103,0.2140,1.5000,1.1540,0.9032
50,100,5000,44,0.093752,0.001216,0.082094,0.070575,0.080767,0.045278,0.7627,0.8794,0.9375,0.9826,-1.1113,-1.0997,0.049155,0.778198,1.138762,4993,0.2522,0.2531,1.5000,1.0076,0.3086
50,100,5000,45,0.083157,0.000879,0.069750,0.064906,0.082408,0.045276,0.8055,0.9063,0.9549,0.9840,-1.1451,-1.1207,0.045728,0.693495,0.977862,4993,0.1929,0.1851,1.5000,0.9672,0.4574
50,100,5000,46,0.072571,0.001221,0.056720,0.050235,0.075461,0.045271,0.8899,0.9383,0.9600,0.9660,-1.3219,-1.2250,0.038588,0.593653,0.746568,4994,0.2912,0.2157,1.5000,1.0840,1.0915
50,100,5000,47,0.068132,0.000944,0.050912,0.050066,0.073197,0.045276,0.8696,0.9353,0.9624,0.9766,-1.3595,-1.2707,0.037381,0.558571,0.767312,4994,0.3282,0.2443,1.5000,1.0769,0.8778
50,100,5000,48,0.064679,0.001024,0.046192,0.048044,0.080837,0.045274,0.9175,0.9718,0.9894,1.0000,-1.3582,-1.2923,0.035687,0.368976,0.604292,4992,0.2133,0.1644,1.5000,1.0042,0.0500
50,100,5000,49,0.056142,0.000744,0.033197,0.042201,0.072095,0.045276,0.8956,0.9553,0.9846,0.9996,-1.4859,-1.3806,0.032278,0.379617,0.614796,4991,0.3026,0.2138,1.5000,0.9386,0.1583
50,100,5000,50,0.067020,0.000776,0.049412,0.051816,0.074275,0.045278,0.8378,0.9155,0.9539,0.9888,-1.2898,-1.2701,0.037628,0.551061,0.918375,4994,0.2314,0.2369,1.5000,0.8787,0.0500
50,1000,50000,1,0.058171,0.001063,0.056382,0.037418,0.052694,0.014317,0.8500,0.9113,0.9461,0.9521,-1.6570,-1.6347,0.028460,0.806655,0.874503,4994,0.3011,0.2531,1.5000,1.2108,0.0500
50,1000,50000,2,0.067078,0.001168,0.065532,0.044851,0.062287,0.014317,0.8294,0.9137,0.9555,0.9650,-1.5276,-1.5249,0.032824,0.768256,0.855913,4993,0.3206,0.1933,1.5000,0.9316,0.0500
50,1000,50000,3,0.043841,0.000548,0.041438,0.032850,0.070567,0.014316,0.9610,0.9890,0.9980,0.9992,-1.6303,-1.6106,0.025726,0.338375,0.370026,4995,0.3595,0.2296,1.5000,1.1182,0.0500
50,1000,50000,4,0.053085,0.000704,0.051117,0.038757,0.058509,0.014318,0.9065,0.9555,0.9766,0.9796,-1.6728,-1.6529,0.027615,0.585984,0.640169,4992,0.3120,0.2498,1.5000,1.0044,0.0500
50,1000,50000,5,0.058472,0.000898,0.056692,0.041658,0.065456,0.014317,0.8965,0.9378,0.9562,0.9592,-1.5269,-1.5119,0.030752,0.707667,0.769498,4996,0.3316,0.2478,1.5000,1.1600,0.0500
50,1000,50000,6,0.070994,0.001530,0.069535,0.044204,0.069638,0.014316,0.8859,0.9559,0.9774,0.9790,-1.5304,-1.5113,0.033444,0.571849,0.609132,4994,0.2948,0.1952,1.5000,0.9051,0.0500
50,1000,50000,7,0.063738,0.001351,0.062109,0.039056,0.072310,0.014317,0.9291,0.9780,0.9958,0.9962,-1.5876,-1.5636,0.030454,0.404171,0.427710,4994,0.3092,0.2026,1.5000,0.9553,0.0850
50,1000,50000,8,0.054106,0.000917,0.052178,0.037287,0.056333,0.014317,0.8580,0.9187,0.9631,0.9724,-1.6603,-1.6459,0.027639,0.667984,0.740156,4993,0.3231,0.2353,1.5000,1.0254,0.0500
50,1000,50000,9,0.066071,0.001164,0.064502,0.042253,0.062659,0.014316,0.8801,0.9391,0.9747,0.9773,-1.6379,-1.6094,0.031185,0.588693,0.629752,4988,0.2976,0.2079,1.5000,0.9856,0.0500
50,1000,50000,10,0.052180,0.000962,0.050177,0.035508,0.070291,0.014318,0.9291,0.9663,0.9840,0.9864,-1.5999,-1.5807,0.027916,0.420388,0.455075,4992,0.3122,0.2000,1.5000,0.9039,0.0500
50,1000,50000,11,0.051509,0.000751,0.049479,0.035546,0.063951,0.014316,0.9149,0.9726,0.9920,0.9942,-1.6572,-1.6349,0.027054,0.450503,0.483736,4992,0.3358,0.2343,1.5000,1.0608,0.0500
50,1000,50000,12,0.048641,0.000689,0.046486,0.035452,0.057436,0.014318,0.9085,0.9668,0.9864,0.9894,-1.7125,-1.6938,0.025752,0.527553,0.581382,4996,0.2782,0.2279,1.5000,0.8489,0.0500
50,1000,50000,13,0.063927,0.000879,0.062303,0.045667,0.061340,0.014319,0.8629,0.9323,0.9698,0.9726,-1.5763,-1.5581,0.032102,0.706118,0.759495,4996,0.2963,0.2145,1.5000,0.7999,0.0500
50,1000,50000,14,0.048545,0.000587,0.046387,0.036346,0.070480,0.014316,0.9577,0.9874,0.9946,0.9968,-1.6113,-1.5923,0.027313,0.390311,0.426437,4991,0.3076,0.2038,1.5000,0.9668,0.0500
50,1000,50000,15,0.060191,0.000811,0.058463,0.041611,0.067346,0.014317,0.9181,0.9864,0.9988,1.0000,-1.6320,-1.6058,0.030089,0.474577,0.510532,4995,0.3170,0.2400,1.5000,1.0170,0.0500
50,1000,50000,16,0.052992,0.000660,0.051021,0.039251,0.060767,0.014317,0.8756,0.9453,0.9667,0.9730,-1.5959,-1.5862,0.028688,0.667489,0.739971,4992,0.3340,0.2370,1.5000,0.9396,0.0500
50,1000,50000,17,0.044495,0.000621,0.042128,0.032430,0.063560,0.014317,0.9367,0.9754,0.9898,0.9906,-1.6683,-1.6466,0.025160,0.421950,0.448137,4996,0.3005,0.2386,1.5000,1.0206,1.5023
50,1000,50000,18,0.049485,0.000723,0.047368,0.036146,0.065883,0.014319,0.9353,0.9860,0.9960,0.9984,-1.6362,-1.6190,0.026913,0.433516,0.474102,4992,0.2906,0.2167,1.5000,0.9050,0.0500
50,1000,50000,19,0.054481,0.000788,0.052566,0.039300,0.060170,0.014316,0.8880,0.9381,0.9645,0.9685,-1.5940,-1.5830,0.028816,0.656442,0.719048,4992,0.2821,0.2399,1.5000,0.8662,0.0500
50,1000,50000,20,0.052331,0.000945,0.050334,0.034543,0.057564,0.014317,0.8891,0.9307,0.9555,0.9612,-1.6434,-1.6240,0.026963,0.659391,0.713031,4994,0.2927,0.2305,1.5000,0.9418,0.0500
50,1000,50000,21,0.050157,0.001005,0.048071,0.033437,0.059385,0.014317,0.9239,0.9631,0.9812,0.9844,-1.7255,-1.7018,0.025368,0.457428,0.498591,4993,0.3131,0.2262,1.5000,0.9000,0.0500
50,1000,50000,22,0.072711,0.001316,0.071287,0.048586,0.061511,0.014317,0.8426,0.9283,0.9664,0.9708,-1.5513,-1.5330,0.034548,0.759005,0.812879,4993,0.2904,0.1999,1.5000,0.8198,0.0500
50,1000,50000,23,0.051747,0.000573,0.049727,0.040110,0.064061,0.014317,0.9078,0.9695,0.9924,0.9960,-1.6120,-1.5982,0.028324,0.545889,0.600684,4989,0.2756,0.2046,1.5000,0.8990,0.0500
50,1000,50000,24,0.047309,0.000647,0.045091,0.033400,0.068484,0.014317,0.9263,0.9772,0.9956,0.9972,-1.6151,-1.5969,0.026681,0.404976,0.435673,4993,0.2619,0.2012,1.5000,0.8769,0.0500
50,1000,50000,25,0.062516,0.001202,0.060854,0.037852,0.058157,0.014320,0.8712,0.9193,0.9545,0.9577,-1.6483,-1.6286,0.029434,0.655555,0.709049,4992,0.3505,0.2483,1.5000,0.8859,0.0500
50,1000,50000,26,0.054077,0.000886,0.052147,0.037114,0.059771,0.014319,0.8978,0.9515,0.9748,0.9788,-1.6745,-1.6542,0.027466,0.553998,0.602218,4991,0.3188,0.2409,1.5000,0.8959,0.0500
50,1000,50000,27,0.049558,0.000672,0.047445,0.036409,0.080923,0.014316,0.9709,0.9962,0.9990,1.0000,-1.5072,-1.4904,0.028874,0.304848,0.322761,4991,0.2451,0.1656,1.5000,0.9904,0.5945
50,1000,50000,28,0.049835,0.000696,0.047734,0.035970,0.062069,0.014317,0.9241,0.9750,0.9912,0.9940,-1.6782,-1.6563,0.026486,0.477619,0.523675,4991,0.3597,0.2285,1.5000,1.1157,0.0500
50,1000,50000,29,0.052495,0.000646,0.050505,0.038565,0.071265,0.014318,0.9706,0.9880,0.9968,0.9976,-1.6122,-1.5898,0.028042,0.366116,0.389216,4996,0.3438,0.2432,1.5000,0.8830,0.0500
50,1000,50000,30,0.046903,0.000539,0.044664,0.035861,0.064473,0.014319,0.9389,0.9705,0.9878,0.9904,-1.6502,-1.6290,0.026314,0.461542,0.498329,4990,0.3185,0.2411,1.5000,0.9345,0.0500
50,1000,50000,31,0.041983,0.000589,0.039467,0.030339,0.062402,0.014317,0.9387,0.9808,0.9958,0.9984,-1.7124,-1.6915,0.023866,0.372310,0.410058,4989,0.2874,0.2103,1.5000,0.9488,0.0500
50,1000,50000,32,0.047734,0.000678,0.045536,0.034469,0.064987,0.014317,0.9477,0.9844,0.9972,0.9982,-1.6909,-1.6647,0.025721,0.381587,0.410470,4993,0.3136,0.2029,1.5000,1.0061,0.0500
50,1000,50000,33,0.048021,0.000818,0.045837,0.032260,0.060986,0.014316,0.9237,0.9584,0.9746,0.9778,-1.6932,-1.6695,0.025428,0.474814,0.514006,4996,0.3332,0.2631,1.5000,1.0136,0.0500
50,1000,50000,34,0.058659,0.000887,0.056885,0.039743,0.069525,0.014317,0.9209,0.9764,0.9904,0.9930,-1.5940,-1.5706,0.029794,0.448465,0.479517,4994,0.3091,0.2033,1.5000,1.1877,0.0500
50,1000,50000,35,0.085521,0.001544,0.084314,0.053756,0.068301,0.014316,0.8536,0.9277,0.9575,0.9594,-1.4735,-1.4522,0.039041,0.740248,0.778172,4994,0.2681,0.2007,1.5000,0.8827,0.0500
50,1000,50000,36,0.050391,0.000785,0.048314,0.035653,0.068151,0.014318,0.9377,0.9886,0.9948,0.9966,-1.6423,-1.6200,0.027032,0.392031,0.427037,4990,0.3182,0.2171,1.5000,1.1709,0.0500
50,1000,50000,37,0.077554,0.001428,0.076221,0.049172,0.067209,0.014318,0.8756,0.9431,0.9740,0.9770,-1.5454,-1.5289,0.035397,0.655239,0.708741,4991,0.3089,0.2486,1.5000,0.9269,0.0500
50,1000,50000,38,0.050366,0.001015,0.048288,0.033301,0.066718,0.014319,0.9619,0.9912,0.9990,0.9992,-1.6933,-1.6679,0.025665,0.330930,0.353167,4993,0.3031,0.2050,1.5000,0.8894,0.4400
50,1000,50000,39,0.052737,0.000729,0.050756,0.038216,0.060081,0.014318,0.8925,0.9658,0.9902,0.9928,-1.6689,-1.6473,0.027581,0.545119,0.590086,4994,0.3170,0.2219,1.5000,0.9717,0.0500
50,1000,50000,40,0.065314,0.000951,0.063726,0.046513,0.058871,0.014317,0.8264,0.9175,0.9654,0.9728,-1.5636,-1.5503,0.032761,0.800306,0.871193,4995,0.3336,0.2598,1.5000,0.9382,0.0500
50,1000,50000,41,0.066525,0.000923,0.064966,0.044911,0.056278,0.014316,0.8034,0.8909,0.9417,0.9479,-1.5366,-1.5192,0.033150,0.922395,0.989923,4994,0.3052,0.2495,1.5000,1.0170,0.0500
50,1000,50000,42,0.056168,0.000956,0.054313,0.039762,0.064559,0.014317,0.8966,0.9433,0.9677,0.9735,-1.5684,-1.5552,0.029450,0.604811,0.662883,4990,0.2854,0.2324,1.5000,0.9589,0.0500
50,1000,50000,43,0.060389,0.001054,0.058667,0.040483,0.061330,0.014316,0.8982,0.9393,0.9649,0.9671,-1.6138,-1.5902,0.029881,0.619651,0.653279,4990,0.3460,0.2389,1.5000,1.0631,1.0333
50,1000,50000,44,0.062729,0.001210,0.061073,0.041644,0.075561,0.014318,0.9201,0.9672,0.9880,0.9888,-1.5074,-1.4890,0.031812,0.456880,0.483681,4993,0.2527,0.1964,1.5000,0.9196,0.0500
50,1000,50000,45,0.058274,0.000784,0.056487,0.041561,0.061788,0.014318,0.9035,0.9479,0.9664,0.9692,-1.6057,-1.5855,0.029910,0.629603,0.674410,4993,0.2894,0.2280,1.5000,1.0249,0.0500
50,1000,50000,46,0.066028,0.001257,0.064458,0.042918,0.057487,0.014316,0.8604,0.9101,0.9357,0.9419,-1.4928,-1.4791,0.032303,0.959532,1.028361,4994,0.3159,0.2802,1.5000,1.1800,0.0500
50,1000,50000,47,0.051860,0.000709,0.049844,0.037300,0.057127,0.014318,0.8590,0.9343,0.9702,0.9776,-1.6556,-1.6445,0.027475,0.661503,0.739616,4994,0.3403,0.2532,1.5000,0.9673,0.0500
50,1000,50000,48,0.066756,0.001380,0.065203,0.041558,0.064823,0.014317,0.8892,0.9439,0.9784,0.9814,-1.5861,-1.5665,0.031335,0.561537,0.598941,4992,0.2338,0.1863,1.5000,0.9408,0.0500
50,1000,50000,49,0.047267,0.000686,0.045047,0.033574,0.060060,0.014317,0.9209,0.9657,0.9866,0.9892,-1.7275,-1.7032,0.025221,0.466381,0.510627,4991,0.3365,0.2483,1.5000,0.8870,0.0500
50,1000,50000,50,0.045585,0.000598,0.043279,0.033596,0.064263,0.014318,0.9255,0.9728,0.9948,0.9976,-1.6594,-1.6408,0.025696,0.431156,0.465785,4994,0.3131,0.2588,1.5000,0.9079,0.7724
50,10000,500000,1,0.055886,0.001135,0.055702,0.033740,0.054261,0.004527,0.8863,0.9279,0.9535,0.9543,-1.7155,-1.7118,0.026504,0.692750,0.697396,4994,0.2832,0.2455,1.5000,1.1975,0.0500
50,10000,500000,2,0.059492,0.001134,0.059319,0.038636,0.061254,0.004528,0.9047,0.9595,0.9846,0.9850,-1.6960,-1.6925,0.028260,0.547809,0.551812,4993,0.3088,0.2017,1.5000,0.9198,0.0500
50,10000,500000,3,0.043681,0.000563,0.043446,0.031912,0.066546,0.004527,0.9552,0.9822,0.9934,0.9936,-1.6807,-1.6778,0.024821,0.385789,0.389000,4995,0.3571,0.2487,1.5000,1.0787,0.0500
50,10000,500000,4,0.050582,0.000730,0.050379,0.035576,0.058794,0.004528,0.9185,0.9581,0.9762,0.9768,-1.7122,-1.7089,0.026061,0.546846,0.550872,4992,0.3082,0.2451,1.5000,1.0042,0.0500
50,10000,500000,5,0.060492,0.000892,0.060322,0.042598,0.063798,0.004527,0.8883,0.9361,0.9554,0.9554,-1.5451,-1.5426,0.031022,0.776186,0.781996,4996,0.3149,0.2423,1.5000,1.0942,0.0500
50,10000,500000,6,0.070458,0.001548,0.070312,0.042994,0.068798,0.004527,0.9033,0.9569,0.9792,0.9794,-1.5688,-1.5658,0.032488,0.554487,0.557154,4994,0.2916,0.2007,1.5000,0.9180,0.0500
50,10000,500000,7,0.064222,0.001444,0.064062,0.038415,0.066420,0.004528,0.9095,0.9646,0.9848,0.9850,-1.6416,-1.6386,0.029568,0.491454,0.495055,4994,0.3240,0.2167,1.5000,0.9258,0.0500
50,10000,500000,8,0.054395,0.000978,0.054207,0.035628,0.057286,0.004528,0.8842,0.9395,0.9724,0.9728,-1.7066,-1.7036,0.026875,0.611348,0.616461,4993,0.3509,0.2306,1.5000,1.0600,0.0500
50,10000,500000,9,0.068313,0.001235,0.068163,0.042351,0.059988,0.004527,0.8703,0.9262,0.9641,0.9643,-1.6655,-1.6612,0.031316,0.663045,0.666964,4988,0.3166,0.2140,1.5000,0.9803,0.0500
50,10000,500000,10,0.054349,0.000940,0.054160,0.036888,0.065523,0.004528,0.9171,0.9575,0.9796,0.9796,-1.6467,-1.6438,0.027786,0.499387,0.503082,4992,0.3111,0.2066,1.5000,0.8551,0.0500
50,10000,500000,11,0.048726,0.000713,0.048516,0.033597,0.060368,0.004527,0.9341,0.9790,0.9914,0.9914,-1.7325,-1.7291,0.025181,0.446264,0.449211,4992,0.3376,0.2375,1.5000,1.0095,0.0500
50,10000,500000,12,0.049272,0.000850,0.049063,0.032613,0.056474,0.004528,0.9181,0.9664,0.9826,0.9828,-1.7702,-1.7669,0.024663,0.497445,0.501366,4996,0.2936,0.2312,1.5000,0.8774,0.0500
50,10000,500000,13,0.062916,0.000886,0.062753,0.044360,0.058936,0.004528,0.8585,0.9263,0.9678,0.9686,-1.6176,-1.6144,0.031241,0.752142,0.756884,4996,0.2864,0.2202,1.5000,0.7618,0.0500
50,10000,500000,14,0.046014,0.000634,0.045791,0.032222,0.067904,0.004527,0.9563,0.9884,0.9964,0.9964,-1.6838,-1.6805,0.025274,0.353171,0.355501,4991,0.3058,0.2027,1.5000,0.9328,0.0500
50,10000,500000,15,0.056745,0.000822,0.056564,0.037177,0.062268,0.004528,0.9129,0.9708,0.9924,0.9926,-1.7230,-1.7188,0.027637,0.488256,0.491665,4995,0.3416,0.2639,1.5000,1.0078,0.0500
50,10000,500000,16,0.050069,0.000685,0.049864,0.035909,0.058722,0.004527,0.8910,0.9393,0.9659,0.9665,-1.6659,-1.6636,0.026735,0.661908,0.668353,4992,0.3291,0.2430,1.5000,0.9286,0.0500
50,10000,500000,17,0.039166,0.000671,0.038903,0.027040,0.060255,0.004527,0.9500,0.9798,0.9922,0.9922,-1.7878,-1.7841,0.021963,0.352623,0.355488,4996,0.3086,0.2323,1.5000,1.0168,0.0500
50,10000,500000,18,0.048321,0.000830,0.048109,0.032825,0.061902,0.004528,0.9343,0.9782,0.9938,0.9940,-1.7161,-1.7129,0.025170,0.439001,0.442095,4992,0.3171,0.2198,1.5000,0.8900,0.0500
50,10000,500000,19,0.052232,0.000786,0.052036,0.036350,0.058549,0.004527,0.8956,0.9437,0.9667,0.9667,-1.6626,-1.6599,0.027100,0.633709,0.638436,4992,0.2926,0.2451,1.5000,0.8718,0.0500
50,10000,500000,20,0.044393,0.000806,0.044162,0.029198,0.058132,0.004528,0.9343,0.9614,0.9774,0.9776,-1.7649,-1.7613,0.023304,0.448840,0.451791,4994,0.3053,0.2324,1.5000,0.9687,0.0500
50,10000,500000,21,0.051618,0.001116,0.051419,0.031981,0.056194,0.004527,0.9195,0.9573,0.9770,0.9770,-1.7828,-1.7791,0.024676,0.494383,0.498196,4993,0.3483,0.2420,1.5000,0.9218,0.0500
50,10000,500000,22,0.068487,0.001226,0.068337,0.045301,0.061421,0.004528,0.8734,0.9379,0.9714,0.9718,-1.6039,-1.6010,0.032409,0.705793,0.710092,4993,0.2871,0.1999,1.5000,0.8212,0.0500
50,10000,500000,23,0.050270,0.000600,0.050065,0.037932,0.060373,0.004527,0.9272,0.9705,0.9912,0.9916,-1.6934,-1.6907,0.026683,0.553269,0.558163,4989,0.2817,0.2152,1.5000,0.8769,0.0500
50,10000,500000,24,0.044496,0.000626,0.044265,0.030569,0.064365,0.004528,0.9305,0.9730,0.9932,0.9932,-1.6901,-1.6874,0.024701,0.407504,0.410476,4993,0.2643,0.2059,1.5000,0.8321,0.0500
50,10000,500000,25,0.057517,0.001117,0.057339,0.035039,0.055724,0.004528,0.8864,0.9335,0.9595,0.9599,-1.7250,-1.7219,0.027012,0.635753,0.640866,4992,0.3472,0.2460,1.5000,0.8442,0.0500
50,10000,500000,26,0.051170,0.000911,0.050969,0.033706,0.058994,0.004528,0.9189,0.9549,0.9772,0.9774,-1.7256,-1.7224,0.025658,0.521144,0.525049,4991,0.2977,0.2404,1.5000,0.8570,0.0500
50,10000,500000,27,0.046071,0.000617,0.045848,0.033268,0.070661,0.004527,0.9597,0.9980,0.9998,0.9998,-1.6343,-1.6316,0.026060,0.352280,0.354692,4991,0.2601,0.1959,1.5000,0.9553,0.0500
50,10000,500000,28,0.046811,0.000666,0.046592,0.033173,0.060325,0.004527,0.9383,0.9782,0.9936,0.9936,-1.7398,-1.7364,0.024678,0.454655,0.458802,4991,0.3557,0.2428,1.5000,1.0966,0.0500
50,10000,500000,29,0.055263,0.000715,0.055077,0.039564,0.067897,0.004528,0.9520,0.9862,0.9954,0.9954,-1.6448,-1.6416,0.028261,0.424749,0.426842,4996,0.3935,0.2521,1.5000,0.9048,0.0500
50,10000,500000,30,0.042914,0.000492,0.042674,0.032685,0.064155,0.004528,0.9575,0.9830,0.9996,0.9996,-1.7148,-1.7118,0.024133,0.377232,0.380065,4990,0.3346,0.2292,1.5000,0.9160,0.0500
50,10000,500000,31,0.039751,0.000599,0.039493,0.027150,0.061713,0.004527,0.9493,0.9838,0.9970,0.9970,-1.7597,-1.7564,0.022417,0.336840,0.339446,4989,0.2927,0.2184,1.5000,0.9563,0.0500
50,10000,500000,32,0.046513,0.000703,0.046292,0.032066,0.064606,0.004527,0.9599,0.9912,0.9982,0.9982,-1.7288,-1.7252,0.024546,0.344201,0.346203,4993,0.3092,0.2029,1.5000,0.9962,0.0500
50,10000,500000,33,0.054922,0.000959,0.054735,0.035870,0.058799,0.004527,0.9019,0.9345,0.9542,0.9544,-1.6395,-1.6368,0.027595,0.691432,0.696573,4996,0.3410,0.2948,1.5000,1.0416,0.0500
50,10000,500000,34,0.060381,0.000868,0.060211,0.040713,0.064837,0.004528,0.9077,0.9668,0.9824,0.9824,-1.6404,-1.6370,0.029650,0.527588,0.530951,4994,0.3260,0.2258,1.5000,1.1893,0.0500
50,10000,500000,35,0.086957,0.001521,0.086839,0.054550,0.061554,0.004527,0.8122,0.9003,0.9399,0.9401,-1.4972,-1.4939,0.039529,0.941730,0.946292,4994,0.2986,0.2134,1.5000,0.8632,0.0500
50,10000,500000,36,0.049985,0.000682,0.049779,0.036311,0.063903,0.004528,0.9487,0.9904,0.9980,0.9980,-1.7009,-1.6975,0.026258,0.432396,0.435676,4990,0.3032,0.2352,1.5000,1.1338,0.0500
50,10000,500000,37,0.082789,0.001653,0.082665,0.048359,0.063700,0.004528,0.8788,0.9335,0.9609,0.9613,-1.5947,-1.5912,0.035557,0.722078,0.726202,4991,0.3307,0.2623,1.5000,0.9305,0.0500
50,10000,500000,38,0.045288,0.000956,0.045061,0.029194,0.063892,0.004528,0.9720,0.9920,0.9992,0.9992,-1.7704,-1.7668,0.023150,0.291712,0.293582,4993,0.3056,0.2258,1.5000,0.8948,0.0500
50,10000,500000,39,0.048582,0.000798,0.048371,0.031937,0.058350,0.004528,0.9191,0.9632,0.9858,0.9862,-1.7524,-1.7490,0.024799,0.479461,0.483102,4994,0.3273,0.2223,1.5000,0.9597,0.0500
50,10000,500000,40,0.065426,0.000981,0.065269,0.045217,0.054662,0.004527,0.8214,0.8997,0.9417,0.9421,-1.6101,-1.6074,0.032099,0.925176,0.932685,4995,0.3629,0.2879,1.5000,0.9490,0.0500
50,10000,500000,41,0.065728,0.000926,0.065572,0.044055,0.054374,0.004527,0.8054,0.8851,0.9401,0.9409,-1.5644,-1.5620,0.032419,0.995086,1.002508,4994,0.2997,0.2513,1.5000,0.9731,0.0500
50,10000,500000,42,0.051433,0.000963,0.051234,0.034835,0.061556,0.004527,0.9090,0.9523,0.9747,0.9747,-1.6698,-1.6667,0.026589,0.553144,0.557627,4990,0.3051,0.2371,1.5000,0.9545,0.0500
50,10000,500000,43,0.058128,0.001063,0.057951,0.036387,0.055065,0.004527,0.8794,0.9244,0.9489,0.9491,-1.7024,-1.6987,0.027742,0.714791,0.719947,4990,0.3728,0.2619,1.5000,1.0666,0.0500
50,10000,500000,44,0.065208,0.001166,0.065050,0.043811,0.064994,0.004528,0.8740,0.9331,0.9672,0.9678,-1.5712,-1.5686,0.031755,0.662735,0.667237,4993,0.2814,0.2293,1.5000,0.8899,0.0500
50,10000,500000,45,0.054714,0.000767,0.054526,0.037699,0.061136,0.004528,0.9191,0.9559,0.9740,0.9740,-1.6769,-1.6736,0.027643,0.550454,0.553583,4993,0.2942,0.2241,1.5000,1.0174,0.0500
50,10000,500000,46,0.059785,0.001113,0.059613,0.038987,0.054660,0.004527,0.8815,0.9337,0.9515,0.9517,-1.6302,-1.6270,0.028999,0.848358,0.853919,4994,0.3254,0.2564,1.5000,1.1079,0.0500
50,10000,500000,47,0.050023,0.000787,0.049818,0.034152,0.056215,0.004528,0.8995,0.9553,0.9770,0.9770,-1.7483,-1.7447,0.025450,0.580562,0.585327,4994,0.3384,0.2412,1.5000,0.9450,0.0500
50,10000,500000,48,0.061496,0.001318,0.061329,0.038245,0.059549,0.004527,0.8984,0.9503,0.9820,0.9826,-1.6911,-1.6879,0.028440,0.563425,0.567304,4992,0.2660,0.2032,1.5000,0.9460,0.0500
50,10000,500000,49,0.046202,0.000702,0.045979,0.032005,0.059049,0.004528,0.9347,0.9734,0.9912,0.9912,-1.7796,-1.7759,0.024013,0.435496,0.438867,4991,0.3463,0.2420,1.5000,0.8817,0.0500
50,10000,500000,50,0.045381,0.000640,0.045155,0.032264,0.060903,0.004528,0.9151,0.9670,0.9906,0.9910,-1.7085,-1.7059,0.024811,0.483041,0.487486,4994,0.3137,0.2609,1.5000,0.8904,0.0500
50,100000,5000000,1,0.056774,0.001158,0.056755,0.034045,0.053096,0.001432,0.8807,0.9213,0.9491,0.9491,-1.7113,-1.7109,0.026721,0.749124,0.749627,4994,0.2830,0.2487,1.5000,1.1814,0.0500
50,100000,5000000,2,0.059968,0.001140,0.059951,0.038840,0.060828,0.001432,0.9041,0.9579,0.9860,0.9860,-1.6987,-1.6983,0.028375,0.559948,0.560325,4993,0.3094,0.2011,1.5000,0.9143,0.0500
50,100000,5000000,3,0.042751,0.000569,0.042728,0.030973,0.066186,0.001432,0.9493,0.9800,0.9918,0.9918,-1.6881,-1.6878,0.024426,0.385080,0.385404,4995,0.3577,0.2514,1.5000,1.0788,0.0500
50,100000,5000000,4,0.050672,0.000726,0.050652,0.035484,0.058501,0.001432,0.9183,0.9585,0.9746,0.9746,-1.7148,-1.7145,0.026040,0.555798,0.556173,4992,0.3096,0.2488,1.5000,1.0056,0.0500
50,100000,5000000,5,0.060615,0.000897,0.060598,0.042652,0.062817,0.001432,0.8813,0.9297,0.9506,0.9506,-1.5443,-1.5440,0.031022,0.815753,0.816362,4996,0.3234,0.2473,1.5000,1.1038,0.0500
50,100000,5000000,6,0.070028,0.001533,0.070013,0.042504,0.068864,0.001432,0.9029,0.9547,0.9798,0.9798,-1.5739,-1.5736,0.032271,0.544887,0.545137,4994,0.2881,0.2048,1.5000,0.9192,0.0500
50,100000,5000000,7,0.063649,0.001425,0.063632,0.038160,0.066403,0.001432,0.9159,0.9692,0.9872,0.9872,-1.6504,-1.6501,0.029290,0.475772,0.476074,4994,0.3156,0.2139,1.5000,0.9127,0.0500
50,100000,5000000,8,0.053841,0.000982,0.053822,0.035187,0.057355,0.001432,0.8902,0.9405,0.9744,0.9748,-1.7166,-1.7162,0.026545,0.593120,0.593594,4993,0.3438,0.2321,1.5000,1.0564,0.0500
50,100000,5000000,9,0.067595,0.001229,0.067580,0.041550,0.060303,0.001432,0.8737,0.9302,0.9655,0.9655,-1.6737,-1.6732,0.030924,0.637657,0.637980,4988,0.3077,0.2128,1.5000,0.9747,0.0500
50,100000,5000000,10,0.052932,0.000954,0.052912,0.035166,0.064119,0.001432,0.9189,0.9565,0.9794,0.9796,-1.6778,-1.6775,0.026888,0.485845,0.486185,4992,0.3201,0.2126,1.5000,0.8612,0.0500
50,100000,5000000,11,0.048009,0.000704,0.047987,0.032838,0.059640,0.001432,0.9319,0.9746,0.9892,0.9894,-1.7441,-1.7437,0.024816,0.451240,0.451543,4992,0.3454,0.2419,1.5000,1.0178,0.0500
50,100000,5000000,12,0.048385,0.000840,0.048364,0.031829,0.056123,0.001432,0.9217,0.9686,0.9830,0.9830,-1.7835,-1.7831,0.024230,0.487654,0.488014,4996,0.3014,0.2333,1.5000,0.8812,0.0500
50,100000,5000000,13,0.062872,0.000885,0.062856,0.044262,0.058616,0.001432,0.8609,0.9255,0.9656,0.9658,-1.6229,-1.6225,0.031132,0.756902,0.757351,4996,0.2875,0.2205,1.5000,0.7604,0.0500
50,100000,5000000,14,0.045565,0.000626,0.045542,0.031953,0.068293,0.001432,0.9613,0.9888,0.9968,0.9968,-1.6864,-1.6861,0.025082,0.338531,0.338734,4991,0.3030,0.2039,1.5000,0.9357,0.0500
50,100000,5000000,15,0.058697,0.000851,0.058679,0.038458,0.061442,0.001432,0.8999,0.9668,0.9880,0.9880,-1.7179,-1.7174,0.028306,0.528386,0.528693,4995,0.3425,0.2631,1.5000,0.9992,0.0500
50,100000,5000000,16,0.050059,0.000659,0.050038,0.036155,0.058708,0.001432,0.8958,0.9479,0.9700,0.9700,-1.6737,-1.6735,0.026728,0.652472,0.653090,4992,0.3285,0.2429,1.5000,0.9219,0.0500
50,100000,5000000,17,0.039187,0.000678,0.039161,0.026886,0.060614,0.001432,0.9536,0.9802,0.9924,0.9924,-1.7877,-1.7873,0.021915,0.343037,0.343293,4996,0.3062,0.2322,1.5000,1.0202,0.0500
50,100000,5000000,18,0.048227,0.000825,0.048205,0.032652,0.061935,0.001432,0.9367,0.9788,0.9940,0.9940,-1.7207,-1.7203,0.025051,0.430997,0.431289,4992,0.3135,0.2180,1.5000,0.8861,0.0500
50,100000,5000000,19,0.052952,0.000797,0.052933,0.036738,0.057547,0.001432,0.8870,0.9365,0.9619,0.9619,-1.6587,-1.6585,0.027346,0.680801,0.681328,4992,0.2956,0.2480,1.5000,0.8659,0.0500
50,100000,5000000,20,0.044926,0.000820,0.044903,0.029070,0.057925,0.001432,0.9317,0.9581,0.9758,0.9758,-1.7649,-1.7645,0.023395,0.458915,0.459196,4994,0.3078,0.2319,1.5000,0.9697,0.0500
50,100000,5000000,21,0.051837,0.001172,0.051817,0.030826,0.055837,0.001432,0.9159,0.9545,0.9738,0.9738,-1.7876,-1.7872,0.024510,0.501864,0.502223,4993,0.3523,0.2463,1.5000,0.9269,0.0500
50,100000,5000000,22,0.069379,0.001269,0.069364,0.045297,0.060633,0.001432,0.8686,0.9329,0.9674,0.9674,-1.6072,-1.6069,0.032567,0.731296,0.731728,4993,0.2935,0.2044,1.5000,0.8212,0.0500
50,100000,5000000,23,0.050447,0.000600,0.050427,0.038282,0.059820,0.001432,0.9238,0.9677,0.9916,0.9916,-1.6957,-1.6954,0.026745,0.572143,0.572636,4989,0.2852,0.2148,1.5000,0.8739,0.0500
50,100000,5000000,24,0.043408,0.000626,0.043384,0.029313,0.064766,0.001432,0.9387,0.9780,0.9944,0.9944,-1.6993,-1.6990,0.024233,0.379233,0.379496,4993,0.2628,0.2045,1.5000,0.8332,0.0500
50,100000,5000000,25,0.056667,0.001103,0.056649,0.034312,0.056306,0.001432,0.8914,0.9387,0.9633,0.9635,-1.7352,-1.7349,0.026595,0.598797,0.599235,4992,0.3481,0.2422,1.5000,0.8467,0.0500
50,100000,5000000,26,0.050492,0.000913,0.050471,0.032965,0.059775,0.001432,0.9221,0.9587,0.9802,0.9802,-1.7277,-1.7274,0.025385,0.493488,0.493824,4991,0.2944,0.2366,1.5000,0.8587,0.0500
50,100000,5000000,27,0.045582,0.000626,0.045560,0.032787,0.070896,0.001432,0.9631,0.9978,1.0000,1.0000,-1.6383,-1.6380,0.025834,0.338761,0.338937,4991,0.2575,0.1920,1.5000,0.9492,0.0500
50,100000,5000000,28,0.046519,0.000665,0.046497,0.032669,0.059590,0.001432,0.9323,0.9750,0.9916,0.9916,-1.7466,-1.7462,0.024488,0.468982,0.469409,4991,0.3536,0.2430,1.5000,1.0834,0.0500
50,100000,5000000,29,0.055970,0.000727,0.055951,0.039979,0.066479,0.001432,0.9466,0.9842,0.9964,0.9964,-1.6572,-1.6569,0.028355,0.446664,0.446869,4996,0.4164,0.2577,1.5000,0.9154,0.0500
50,100000,5000000,30,0.041739,0.000498,0.041714,0.031222,0.064901,0.001432,0.9625,0.9866,0.9996,0.9996,-1.7198,-1.7195,0.023654,0.344203,0.344427,4990,0.3176,0.2282,1.5000,0.9082,0.0500
50,100000,5000000,31,0.040120,0.000599,0.040095,0.027643,0.061162,0.001432,0.9451,0.9830,0.9972,0.9972,-1.7644,-1.7641,0.022455,0.347980,0.348233,4989,0.2967,0.2188,1.5000,0.9559,0.0500
50,100000,5000000,32,0.046757,0.000705,0.046735,0.032084,0.063406,0.001432,0.9553,0.9880,0.9980,0.9980,-1.7406,-1.7402,0.024454,0.361131,0.361333,4993,0.3174,0.2064,1.5000,0.9939,0.0500
50,100000,5000000,33,0.054778,0.000953,0.054759,0.035808,0.059163,0.001432,0.9059,0.9357,0.9548,0.9548,-1.6445,-1.6442,0.027504,0.673545,0.674019,4996,0.3397,0.2915,1.5000,1.0386,0.0500
50,100000,5000000,34,0.059333,0.000861,0.059315,0.039855,0.063952,0.001432,0.9089,0.9662,0.9818,0.9818,-1.6571,-1.6567,0.029098,0.525000,0.525313,4994,0.3276,0.2259,1.5000,1.1808,0.0500
50,100000,5000000,35,0.085524,0.001498,0.085512,0.053495,0.062796,0.001432,0.8244,0.9089,0.9467,0.9467,-1.5117,-1.5113,0.038773,0.875283,0.875677,4994,0.2914,0.2100,1.5000,0.8678,0.0500
50,100000,5000000,36,0.049471,0.000721,0.049450,0.035100,0.064993,0.001432,0.9513,0.9926,0.9988,0.9988,-1.7036,-1.7032,0.025907,0.396535,0.396792,4990,0.3044,0.2297,1.5000,1.1367,0.0500
50,100000,5000000,37,0.082140,0.001635,0.082128,0.048019,0.063089,0.001432,0.8786,0.9333,0.9625,0.9625,-1.6060,-1.6056,0.035277,0.725013,0.725400,4991,0.3379,0.2661,1.5000,0.9318,0.0500
50,100000,5000000,38,0.045970,0.000962,0.045948,0.029603,0.063955,0.001432,0.9730,0.9926,0.9992,0.9992,-1.7705,-1.7701,0.023279,0.291030,0.291195,4993,0.3059,0.2240,1.5000,0.8899,0.0500
50,100000,5000000,39,0.047912,0.000776,0.047891,0.032154,0.057658,0.001432,0.9171,0.9630,0.9866,0.9866,-1.7657,-1.7653,0.024481,0.480349,0.480665,4994,0.3286,0.2222,1.5000,0.9485,0.0500
50,100000,5000000,40,0.064857,0.000973,0.064841,0.044686,0.053968,0.001432,0.8166,0.8967,0.9399,0.9399,-1.6175,-1.6172,0.031816,0.943187,0.943972,4995,0.3660,0.2903,1.5000,0.9436,0.0500
50,100000,5000000,41,0.067159,0.000937,0.067144,0.044873,0.053621,0.001432,0.7930,0.8702,0.9315,0.9315,-1.5367,-1.5365,0.033157,1.085780,1.086586,4994,0.3028,0.2587,1.5000,0.9755,0.0500
50,100000,5000000,42,0.051422,0.000992,0.051402,0.033913,0.059415,0.001432,0.8980,0.9435,0.9659,0.9659,-1.6831,-1.6827,0.026250,0.602682,0.603187,4990,0.3178,0.2496,1.5000,0.9579,0.0500
50,100000,5000000,43,0.058129,0.001075,0.058112,0.036133,0.054641,0.001432,0.8804,0.9220,0.9469,0.9469,-1.7059,-1.7055,0.027634,0.727640,0.728165,4990,0.3738,0.2591,1.5000,1.0545,0.0500
50,100000,5000000,44,0.063692,0.001123,0.063676,0.042993,0.064966,0.001432,0.8774,0.9345,0.9694,0.9694,-1.5799,-1.5797,0.031201,0.650618,0.651055,4993,0.2829,0.2309,1.5000,0.8928,0.0500
50,100000,5000000,45,0.054873,0.000752,0.054854,0.038093,0.061351,0.001432,0.9199,0.9589,0.9772,0.9772,-1.6777,-1.6774,0.027728,0.545495,0.545795,4993,0.2995,0.2250,1.5000,1.0273,0.0500
50,100000,5000000,46,0.059847,0.001094,0.059830,0.038959,0.054089,0.001432,0.8757,0.9305,0.9511,0.9511,-1.6348,-1.6344,0.029008,0.866882,0.867449,4994,0.3379,0.2600,1.5000,1.1141,0.0562
50,100000,5000000,47,0.049449,0.000780,0.049428,0.033515,0.056719,0.001432,0.9079,0.9584,0.9810,0.9810,-1.7594,-1.7590,0.025104,0.543195,0.543583,4994,0.3284,0.2344,1.5000,0.9268,0.0500
50,100000,5000000,48,0.061711,0.001333,0.061695,0.037876,0.060160,0.001432,0.8996,0.9497,0.9832,0.9832,-1.6898,-1.6894,0.028409,0.548168,0.548496,4992,0.2630,0.2007,1.5000,0.9459,0.0500
50,100000,5000000,49,0.045824,0.000711,0.045802,0.031607,0.058979,0.001432,0.9309,0.9734,0.9908,0.9908,-1.7854,-1.7850,0.023786,0.429363,0.429678,4991,0.3487,0.2420,1.5000,0.8838,0.0500
50,100000,5000000,50,0.043433,0.000621,0.043410,0.030913,0.060813,0.001432,0.9283,0.9772,0.9934,0.9934,-1.7339,-1.7336,0.023924,0.439153,0.439533,4994,0.3207,0.2559,1.5000,0.8943,0.0500
50,Inf,Inf,1,0.056534,0.001157,0.056534,0.033723,0.053435,0.000000,0.8819,0.9227,0.9509,0.9509,-1.7142,-1.7142,0.026601,0.730609,0.730609,4994,0.2801,0.2454,1.5000,1.1771,0.3873
50,Inf,Inf,2,0.060043,0.001141,0.060043,0.038837,0.060673,0.000000,0.9027,0.9569,0.9848,0.9848,-1.6992,-1.6992,0.028393,0.564603,0.564603,4993,0.3103,0.2012,1.5000,0.9141,0.3873
50,Inf,Inf,3,0.042562,0.000566,0.042562,0.030843,0.066023,0.000000,0.9506,0.9804,0.9920,0.9920,-1.6918,-1.6918,0.024328,0.383208,0.383208,4995,0.3588,0.2519,1.5000,1.0781,0.3873
50,Inf,Inf,4,0.050590,0.000721,0.050590,0.035543,0.058309,0.000000,0.9185,0.9583,0.9746,0.9746,-1.7163,-1.7163,0.026019,0.560112,0.560112,4992,0.3113,0.2500,1.5000,1.0069,0.3873
50,Inf,Inf,5,0.060546,0.000893,0.060546,0.042507,0.063228,0.000000,0.8825,0.9323,0.9520,0.9520,-1.5481,-1.5481,0.030973,0.794820,0.794820,4996,0.3194,0.2438,1.5000,1.0988,0.3873
50,Inf,Inf,6,0.069692,0.001531,0.069692,0.042294,0.068795,0.000000,0.9037,0.9549,0.9794,0.9794,-1.5770,-1.5770,0.032118,0.541118,0.541118,4994,0.2880,0.2055,1.5000,0.9185,0.3873
50,Inf,Inf,7,0.063794,0.001425,0.063794,0.038287,0.066265,0.000000,0.9131,0.9684,0.9868,0.9868,-1.6508,-1.6508,0.029338,0.480307,0.480307,4994,0.3201,0.2149,1.5000,0.9178,0.3873
50,Inf,Inf,8,0.053794,0.000978,0.053794,0.035224,0.057448,0.000000,0.8888,0.9417,0.9762,0.9762,-1.7164,-1.7164,0.026542,0.590838,0.590838,4993,0.3445,0.2326,1.5000,1.0615,0.3873
50,Inf,Inf,9,0.066967,0.001225,0.066967,0.041026,0.060602,0.000000,0.8787,0.9336,0.9687,0.9687,-1.6794,-1.6794,0.030615,0.616187,0.616187,4988,0.3063,0.2112,1.5000,0.9736,0.3873
50,Inf,Inf,10,0.052409,0.000958,0.052409,0.034786,0.064730,0.000000,0.9219,0.9593,0.9830,0.9830,-1.6776,-1.6776,0.026744,0.466871,0.466871,4992,0.3157,0.2104,1.5000,0.8597,0.3873
50,Inf,Inf,11,0.047820,0.000707,0.047820,0.032713,0.059752,0.000000,0.9351,0.9762,0.9898,0.9898,-1.7456,-1.7456,0.024721,0.444315,0.444315,4992,0.3422,0.2408,1.5000,1.0146,0.3873
50,Inf,Inf,12,0.048216,0.000836,0.048216,0.031581,0.056462,0.000000,0.9239,0.9694,0.9830,0.9830,-1.7829,-1.7829,0.024164,0.476889,0.476889,4996,0.2996,0.2322,1.5000,0.8820,0.3873
50,Inf,Inf,13,0.062711,0.000883,0.062711,0.044118,0.058559,0.000000,0.8617,0.9253,0.9656,0.9656,-1.6245,-1.6245,0.031057,0.756298,0.756298,4996,0.2884,0.2211,1.5000,0.7616,0.3873
50,Inf,Inf,14,0.045340,0.000626,0.045340,0.031729,0.068554,0.000000,0.9633,0.9890,0.9968,0.9968,-1.6860,-1.6860,0.025012,0.331592,0.331592,4991,0.3010,0.2031,1.5000,0.9354,0.3873
50,Inf,Inf,15,0.059223,0.000857,0.059223,0.038849,0.061377,0.000000,0.8967,0.9656,0.9870,0.9870,-1.7138,-1.7138,0.028521,0.538765,0.538765,4995,0.3409,0.2634,1.5000,0.9965,0.3873
50,Inf,Inf,16,0.049835,0.000659,0.049835,0.035859,0.058876,0.000000,0.8966,0.9495,0.9708,0.9708,-1.6764,-1.6764,0.026612,0.641912,0.641912,4992,0.3274,0.2424,1.5000,0.9214,0.3873
50,Inf,Inf,17,0.039197,0.000679,0.039197,0.026836,0.060725,0.000000,0.9540,0.9800,0.9924,0.9924,-1.7871,-1.7871,0.021913,0.340764,0.340764,4996,0.3051,0.2315,1.5000,1.0201,0.3873
50,Inf,Inf,18,0.048192,0.000823,0.048192,0.032597,0.061653,0.000000,0.9347,0.9792,0.9942,0.9942,-1.7233,-1.7233,0.025015,0.435379,0.435379,4992,0.3164,0.2183,1.5000,0.8852,0.3873
50,Inf,Inf,19,0.052398,0.000794,0.052398,0.036215,0.057545,0.000000,0.8894,0.9375,0.9641,0.9641,-1.6667,-1.6667,0.027070,0.665913,0.665913,4992,0.2979,0.2480,1.5000,0.8675,0.3873
50,Inf,Inf,20,0.045082,0.000818,0.045082,0.029174,0.057976,0.000000,0.9317,0.9586,0.9760,0.9760,-1.7634,-1.7634,0.023458,0.460276,0.460276,4994,0.3075,0.2321,1.5000,0.9702,0.3873
50,Inf,Inf,21,0.051837,0.001166,0.051837,0.030950,0.055626,0.000000,0.9151,0.9533,0.9732,0.9732,-1.7879,-1.7879,0.024522,0.509148,0.509148,4993,0.3534,0.2467,1.5000,0.9247,0.3873
50,Inf,Inf,22,0.069194,0.001269,0.069194,0.045119,0.060477,0.000000,0.8682,0.9323,0.9678,0.9678,-1.6097,-1.6097,0.032468,0.732254,0.732254,4993,0.2949,0.2050,1.5000,0.8206,0.3873
50,Inf,Inf,23,0.050236,0.000601,0.050236,0.038068,0.059841,0.000000,0.9254,0.9683,0.9902,0.9902,-1.6977,-1.6977,0.026639,0.567763,0.567763,4989,0.2848,0.2158,1.5000,0.8737,0.3873
50,Inf,Inf,24,0.043555,0.000629,0.043555,0.029332,0.064655,0.000000,0.9379,0.9774,0.9942,0.9942,-1.6994,-1.6994,0.024266,0.382473,0.382473,4993,0.2612,0.2036,1.5000,0.8296,0.3873
50,Inf,Inf,25,0.057068,0.001110,0.057068,0.034519,0.056200,0.000000,0.8890,0.9375,0.9615,0.9615,-1.7318,-1.7318,0.026745,0.609873,0.609873,4992,0.3477,0.2429,1.5000,0.8462,0.3873
50,Inf,Inf,26,0.050258,0.000913,0.050258,0.032886,0.059700,0.000000,0.9225,0.9583,0.9804,0.9804,-1.7292,-1.7292,0.025311,0.493398,0.493398,4991,0.2955,0.2359,1.5000,0.8592,0.3873
50,Inf,Inf,27,0.045479,0.000623,0.045479,0.032688,0.070585,0.000000,0.9619,0.9976,1.0000,1.0000,-1.6416,-1.6416,0.025764,0.341621,0.341621,4991,0.2581,0.1932,1.5000,0.9487,0.3873
50,Inf,Inf,28,0.046650,0.000668,0.046650,0.032727,0.059589,0.000000,0.9299,0.9740,0.9910,0.9910,-1.7446,-1.7446,0.024546,0.473669,0.473669,4991,0.3537,0.2444,1.5000,1.0855,0.3873
50,Inf,Inf,29,0.055405,0.000727,0.055405,0.039474,0.066631,0.000000,0.9478,0.9866,0.9966,0.9966,-1.6613,-1.6613,0.028091,0.433880,0.433880,4996,0.4134,0.2578,1.5000,0.9146,0.3873
50,Inf,Inf,30,0.041342,0.000495,0.041342,0.030740,0.064951,0.000000,0.9629,0.9884,0.9996,0.9996,-1.7233,-1.7233,0.023490,0.335558,0.335558,4990,0.3164,0.2270,1.5000,0.9055,0.3873
50,Inf,Inf,31,0.040213,0.000603,0.040213,0.027689,0.061069,0.000000,0.9435,0.9826,0.9970,0.9970,-1.7649,-1.7649,0.022464,0.350416,0.350416,4989,0.2971,0.2191,1.5000,0.9542,0.3873
50,Inf,Inf,32,0.047052,0.000710,0.047052,0.032243,0.063175,0.000000,0.9541,0.9874,0.9980,0.9980,-1.7419,-1.7419,0.024512,0.366011,0.366011,4993,0.3186,0.2060,1.5000,0.9922,0.3873
50,Inf,Inf,33,0.054358,0.000949,0.054358,0.035588,0.059384,0.000000,0.9075,0.9378,0.9566,0.9566,-1.6500,-1.6500,0.027319,0.655390,0.655390,4996,0.3389,0.2887,1.5000,1.0379,0.3873
50,Inf,Inf,34,0.059799,0.000863,0.059799,0.040261,0.063813,0.000000,0.9077,0.9664,0.9816,0.9816,-1.6542,-1.6542,0.029296,0.535354,0.535354,4994,0.3269,0.2270,1.5000,1.1782,0.3873
50,Inf,Inf,35,0.085514,0.001497,0.085514,0.053442,0.062899,0.000000,0.8256,0.9089,0.9469,0.9469,-1.5115,-1.5115,0.038766,0.872703,0.872703,4994,0.2911,0.2098,1.5000,0.8671,0.3873
50,Inf,Inf,36,0.049459,0.000719,0.049459,0.035109,0.064993,0.000000,0.9519,0.9928,0.9986,0.9986,-1.7043,-1.7043,0.025891,0.395371,0.395371,4990,0.3053,0.2303,1.5000,1.1385,0.3873
50,Inf,Inf,37,0.082702,0.001646,0.082702,0.048182,0.063001,0.000000,0.8778,0.9313,0.9609,0.9609,-1.6035,-1.6035,0.035465,0.733452,0.733452,4991,0.3383,0.2668,1.5000,0.9325,0.3873
50,Inf,Inf,38,0.046045,0.000961,0.046045,0.029758,0.063865,0.000000,0.9716,0.9926,0.9992,0.9992,-1.7697,-1.7697,0.023324,0.295423,0.295423,4993,0.3044,0.2241,1.5000,0.8875,0.3873
50,Inf,Inf,39,0.047563,0.000777,0.047563,0.031677,0.057816,0.000000,0.9197,0.9650,0.9872,0.9872,-1.7681,-1.7681,0.024325,0.469953,0.469953,4994,0.3269,0.2216,1.5000,0.9472,0.3873
50,Inf,Inf,40,0.064822,0.000968,0.064822,0.044682,0.054037,0.000000,0.8192,0.8967,0.9389,0.9389,-1.6168,-1.6168,0.031816,0.942378,0.942378,4995,0.3626,0.2894,1.5000,0.9394,0.3873
50,Inf,Inf,41,0.067109,0.000935,0.067109,0.044954,0.053561,0.000000,0.7938,0.8698,0.9313,0.9313,-1.5367,-1.5367,0.033155,1.089030,1.089030,4994,0.3035,0.2590,1.5000,0.9763,0.3873
50,Inf,Inf,42,0.051912,0.000993,0.051912,0.034357,0.059541,0.000000,0.8984,0.9427,0.9665,0.9665,-1.6787,-1.6787,0.026463,0.607543,0.607543,4990,0.3172,0.2490,1.5000,0.9581,0.3873
50,Inf,Inf,43,0.058344,0.001080,0.058344,0.036205,0.054133,0.000000,0.8766,0.9204,0.9445,0.9445,-1.7036,-1.7036,0.027695,0.751752,0.751752,4990,0.3748,0.2609,1.5000,1.0498,0.3873
50,Inf,Inf,44,0.063260,0.001117,0.063260,0.042645,0.064937,0.000000,0.8778,0.9331,0.9688,0.9688,-1.5801,-1.5801,0.031061,0.651376,0.651376,4993,0.2795,0.2306,1.5000,0.8880,0.3873
50,Inf,Inf,45,0.054707,0.000753,0.054707,0.037882,0.061349,0.000000,0.9199,0.9585,0.9766,0.9766,-1.6795,-1.6795,0.027638,0.542274,0.542274,4993,0.3000,0.2254,1.5000,1.0297,0.3873
50,Inf,Inf,46,0.059835,0.001103,0.059835,0.038811,0.054064,0.000000,0.8767,0.9303,0.9507,0.9507,-1.6347,-1.6347,0.028952,0.868482,0.868482,4994,0.3381,0.2603,1.5000,1.1142,0.3873
50,Inf,Inf,47,0.049653,0.000782,0.049653,0.033733,0.056483,0.000000,0.9075,0.9567,0.9798,0.9798,-1.7586,-1.7586,0.025183,0.553458,0.553458,4994,0.3278,0.2343,1.5000,0.9231,0.3873
50,Inf,Inf,48,0.061874,0.001336,0.061874,0.037889,0.060326,0.000000,0.8990,0.9491,0.9826,0.9826,-1.6878,-1.6878,0.028460,0.546708,0.546708,4992,0.2618,0.2001,1.5000,0.9455,0.3873
50,Inf,Inf,49,0.045774,0.000712,0.045774,0.031555,0.058931,0.000000,0.9309,0.9726,0.9910,0.9910,-1.7863,-1.7863,0.023757,0.429475,0.429475,4991,0.3504,0.2422,1.5000,0.8843,0.3873
50,Inf,Inf,50,0.043426,0.000622,0.043426,0.030898,0.060786,0.000000,0.9281,0.9764,0.9936,0.9936,-1.7340,-1.7340,0.023924,0.440218,0.440218,4994,0.3210,0.2570,1.5000,0.8958,0.3873
100,100,10000,1,0.044070,0.000675,0.000000,0.031673,0.055883,0.045275,0.9067,0.9448,0.9679,0.9854,-1.6975,-1.5385,0.026139,0.364714,0.603877,4986,0.2411,0.2248,1.5000,0.9944,0.8646
100,100,10000,2,0.059511,0.001085,0.038626,0.040359,0.063365,0.045273,0.8943,0.9631,0.9934,0.9996,-1.6025,-1.4486,0.031173,0.393513,0.589187,4986,0.2160,0.1620,1.5000,0.9110,0.7349
100,100,10000,3,0.042260,0.000531,0.000000,0.032475,0.059498,0.045272,0.9144,0.9705,0.9868,0.9990,-1.6747,-1.5276,0.026135,0.312727,0.536855,4987,0.2414,0.1829,1.5000,0.9864,0.6928
100,100,10000,4,0.048284,0.000656,0.016784,0.035613,0.060042,0.045273,0.9184,0.9711,0.9879,0.9954,-1.6601,-1.5031,0.027897,0.352816,0.541376,4977,0.2751,0.2188,1.5000,1.0137,0.9544
100,100,10000,5,0.051268,0.000647,0.024055,0.039560,0.068571,0.045274,0.8822,0.9365,0.9627,0.9968,-1.4568,-1.4093,0.030510,0.377479,0.790520,4992,0.2270,0.1354,1.5000,1.0455,0.0500
100,100,10000,6,0.061376,0.000874,0.041450,0.045664,0.052512,0.045265,0.7300,0.8349,0.9083,0.9924,-1.3643,-1.4453,0.032835,0.617467,1.534804,4985,0.3282,0.1920,1.5000,1.0737,0.0500
100,100,10000,7,0.056378,0.000986,0.033603,0.040928,0.058808,0.045269,0.8655,0.9436,0.9811,0.9980,-1.6018,-1.4737,0.030326,0.433825,0.725901,4980,0.2721,0.1808,1.5000,0.8891,0.7987
100,100,10000,8,0.046279,0.000663,0.009554,0.033765,0.059668,0.045282,0.9159,0.9562,0.9743,0.9872,-1.6539,-1.5007,0.027288,0.363716,0.561774,4982,0.2749,0.2194,1.5000,0.9308,0.9664
100,100,10000,9,0.048350,0.000655,0.016987,0.035757,0.052698,0.045268,0.8561,0.9311,0.9602,0.9930,-1.6873,-1.5423,0.027426,0.420658,0.793355,4976,0.2715,0.2199,1.5000,0.9655,0.5552
100,100,10000,10,0.039925,0.000499,0.000000,0.030398,0.053832,0.045278,0.8868,0.9400,0.9659,0.9956,-1.7144,-1.5724,0.024888,0.344650,0.660504,4983,0.2648,0.2235,1.5000,0.8927,0.6399
100,100,10000,11,0.044770,0.000634,0.000000,0.032768,0.056799,0.045277,0.9069,0.9569,0.9779,0.9978,-1.7025,-1.5469,0.026312,0.333721,0.595815,4984,0.2696,0.2093,1.5000,0.9481,0.6385
100,100,10000,12,0.049062,0.000682,0.018892,0.036675,0.058403,0.045278,0.8641,0.9294,0.9595,0.9924,-1.5930,-1.4895,0.028481,0.411993,0.752229,4988,0.2924,0.2034,1.5000,0.9962,0.6259
100,100,10000,13,0.044877,0.000517,0.000000,0.034583,0.056342,0.045283,0.8891,0.9555,0.9812,0.9986,-1.6866,-1.5415,0.026688,0.357751,0.630892,4988,0.2959,0.2180,1.5000,0.9871,0.8185
100,100,10000,14,0.046320,0.000531,0.009831,0.036120,0.060460,0.045265,0.9283,0.9781,0.9928,0.9982,-1.6646,-1.5030,0.027577,0.337697,0.533869,4980,0.3316,0.2228,1.5000,1.0937,0.9913
100,100,10000,15,0.053149,0.000887,0.027838,0.038322,0.059611,0.045275,0.8704,0.9424,0.9689,0.9962,-1.5961,-1.4738,0.029501,0.409566,0.714472,4984,0.2242,0.1949,1.5000,0.9987,0.5997
100,100,10000,16,0.048653,0.000605,0.017814,0.036675,0.056270,0.045274,0.8621,0.9358,0.9755,0.9980,-1.6453,-1.5176,0.028056,0.409171,0.722825,4988,0.2864,0.2157,1.5000,0.9020,0.7365
100,100,10000,17,0.038359,0.000555,0.000000,0.028668,0.055310,0.045275,0.9165,0.9669,0.9830,0.9990,-1.7701,-1.5983,0.024067,0.270363,0.524838,4992,0.3022,0.2123,1.5000,0.9060,0.6770
100,100,10000,18,0.043409,0.000530,0.000000,0.033629,0.056451,0.045284,0.9214,0.9707,0.9928,1.0000,-1.7249,-1.5599,0.025913,0.317941,0.543814,4989,0.3299,0.2486,1.5000,1.0293,0.8895
100,100,10000,19,0.048653,0.000699,0.017797,0.035579,0.051714,0.045281,0.8350,0.9219,0.9617,0.9890,-1.6529,-1.5405,0.027514,0.451645,0.886867,4981,0.3303,0.2262,1.5000,0.9709,0.4744
100,100,10000,20,0.046634,0.000692,0.011175,0.034087,0.059790,0.045275,0.9196,0.9667,0.9844,0.9924,-1.6702,-1.5116,0.027245,0.340674,0.529917,4989,0.2465,0.1981,1.5000,0.9565,0.8530
100,100,10000,21,0.064617,0.001177,0.046105,0.045869,0.058034,0.045274,0.8169,0.9153,0.9562,0.9843,-1.5180,-1.4203,0.033544,0.560513,0.924659,4982,0.2890,0.2067,1.5000,0.9833,0.6691
100,100,10000,22,0.050396,0.000607,0.022123,0.038765,0.054244,0.045280,0.8144,0.9098,0.9629,0.9964,-1.6026,-1.4934,0.029053,0.489677,0.888067,4990,0.3294,0.2701,1.5000,1.1329,0.7308
100,100,10000,23,0.055407,0.000736,0.031938,0.041126,0.059981,0.045276,0.8398,0.9246,0.9591,0.9900,-1.5340,-1.4348,0.031081,0.498413,0.854612,4986,0.2795,0.1900,1.5000,0.9507,0.6396
100,100,10000,24,0.044219,0.000561,0.000000,0.034364,0.060838,0.045274,0.9390,0.9793,0.9878,0.9976,-1.6674,-1.5190,0.026745,0.307608,0.510916,4987,0.2160,0.1894,1.5000,0.8739,0.8076
100,100,10000,25,0.048613,0.000525,0.017691,0.038655,0.059299,0.045279,0.8716,0.9539,0.9864,1.0000,-1.6077,-1.4936,0.028572,0.392712,0.681520,4985,0.2476,0.2065,1.5000,0.9059,0.7654
100,100,10000,26,0.049698,0.000512,0.020490,0.039091,0.057219,0.045277,0.8659,0.9474,0.9769,0.9986,-1.6109,-1.4978,0.028824,0.424446,0.746001,4983,0.3118,0.1879,1.5000,0.9640,0.7695
100,100,10000,27,0.046718,0.000473,0.011562,0.037602,0.062402,0.045265,0.9084,0.9634,0.9809,0.9990,-1.5987,-1.4771,0.028293,0.353176,0.604899,4977,0.2061,0.1899,1.5000,0.9990,0.7265
100,100,10000,28,0.045830,0.000481,0.007081,0.036227,0.054231,0.045279,0.8692,0.9344,0.9625,0.9972,-1.6525,-1.5424,0.027055,0.397180,0.807425,4985,0.2827,0.2137,1.5000,0.9881,0.4936
100,100,10000,29,0.049670,0.000589,0.020410,0.037509,0.058761,0.045283,0.8699,0.9527,0.9898,1.0000,-1.6341,-1.5002,0.028581,0.393805,0.662032,4989,0.3362,0.2306,1.5000,0.9149,0.8255
100,100,10000,30,0.050353,0.000600,0.022029,0.038616,0.056569,0.045278,0.8483,0.9119,0.9601,0.9900,-1.5962,-1.4757,0.029165,0.479036,0.793008,4982,0.2499,0.2319,1.5000,0.8843,0.8453
100,100,10000,31,0.042799,0.000538,0.000000,0.032998,0.053505,0.045273,0.9158,0.9767,0.9922,0.9998,-1.7643,-1.5875,0.025283,0.316044,0.568766,4979,0.2750,0.1908,1.5000,0.9335,0.7254
100,100,10000,32,0.043207,0.000632,0.000000,0.032167,0.057543,0.045270,0.9308,0.9759,0.9906,0.9998,-1.7320,-1.5634,0.025635,0.289264,0.513223,4982,0.3064,0.1917,1.5000,0.8802,0.8185
100,100,10000,33,0.054022,0.000663,0.029481,0.041653,0.056946,0.045269,0.8370,0.9200,0.9609,0.9938,-1.5672,-1.4723,0.030369,0.485795,0.879399,4987,0.2509,0.2400,1.5000,0.9811,0.6460
100,100,10000,34,0.037669,0.000395,0.000000,0.029613,0.055693,0.045279,0.9251,0.9812,0.9946,0.9992,-1.7573,-1.5821,0.024307,0.286504,0.509606,4990,0.2818,0.2023,1.5000,0.9530,0.7713
100,100,10000,35,0.067396,0.001340,0.049928,0.044056,0.055206,0.045271,0.8516,0.9158,0.9511,0.9751,-1.6216,-1.4610,0.032955,0.536470,0.837915,4987,0.2891,0.2155,1.5000,0.9562,0.7934
100,100,10000,36,0.043559,0.000392,0.000000,0.035733,0.057565,0.045284,0.9112,0.9777,0.9902,1.0000,-1.6768,-1.5362,0.026563,0.336145,0.607867,4980,0.2629,0.2033,1.5000,0.9928,0.7107
100,100,10000,37,0.046572,0.000758,0.010903,0.033648,0.061528,0.045278,0.9422,0.9825,0.9946,0.9988,-1.6914,-1.5238,0.026933,0.293273,0.459048,4983,0.2878,0.2417,1.5000,1.0206,0.9256
100,100,10000,38,0.039106,0.000551,0.000000,0.028875,0.059275,0.045278,0.9470,0.9846,0.9952,1.0000,-1.7448,-1.5685,0.024593,0.243272,0.408064,4984,0.3262,0.2058,1.5000,0.9634,0.8462
100,100,10000,39,0.045357,0.000525,0.002783,0.035823,0.054976,0.045272,0.8880,0.9502,0.9761,0.9942,-1.6754,-1.5370,0.026891,0.387296,0.703985,4983,0.2791,0.2213,1.5000,0.9554,0.7078
100,100,10000,40,0.042880,0.000540,0.000000,0.032621,0.057886,0.045270,0.9141,0.9675,0.9838,0.9998,-1.6994,-1.5497,0.025914,0.306056,0.567154,4985,0.2274,0.1664,1.5000,0.9031,0.4595
100,100,10000,41,0.046524,0.000510,0.010721,0.035628,0.058183,0.045272,0.8765,0.9495,0.9832,1.0000,-1.6446,-1.5114,0.027590,0.368820,0.636336,4987,0.2356,0.2275,1.5000,0.9572,0.8279
100,100,10000,42,0.051108,0.000707,0.023708,0.036964,0.054231,0.045276,0.8569,0.9336,0.9669,0.9954,-1.6768,-1.5227,0.028396,0.433829,0.747266,4983,0.2569,0.2032,1.5000,0.9223,0.6074
100,100,10000,43,0.047721,0.000576,0.015094,0.037069,0.057451,0.045271,0.8832,0.9597,0.9857,0.9992,-1.6534,-1.5186,0.027814,0.378252,0.665966,4982,0.2969,0.2249,1.5000,1.0151,0.6857
100,100,10000,44,0.056660,0.001231,0.034061,0.037197,0.055994,0.045280,0.8858,0.9460,0.9743,0.9831,-1.6875,-1.5132,0.029158,0.424488,0.652814,4984,0.3340,0.2292,1.5000,0.9914,0.9118
100,100,10000,45,0.050642,0.000664,0.022681,0.037818,0.061170,0.045278,0.9043,0.9649,0.9855,0.9990,-1.6367,-1.4971,0.028653,0.351263,0.602960,4982,0.2901,0.1767,1.5000,0.9960,0.6028
100,100,10000,46,0.054972,0.000881,0.031185,0.040121,0.060152,0.045271,0.8765,0.9537,0.9791,0.9932,-1.5869,-1.4598,0.030312,0.436340,0.683027,4988,0.2902,0.1868,1.5000,1.0170,0.9565
100,100,10000,47,0.051652,0.000852,0.024864,0.039415,0.054109,0.045274,0.8686,0.9531,0.9775,0.9910,-1.6415,-1.5119,0.028716,0.459513,0.785567,4985,0.3286,0.2473,1.5000,0.9947,0.8747
100,100,10000,48,0.047007,0.000820,0.012634,0.034809,0.059143,0.045277,0.9157,0.9651,0.9852,0.9948,-1.6645,-1.5149,0.027316,0.348101,0.562252,4985,0.2644,0.1923,1.5000,0.9163,0.9068
100,100,10000,49,0.044488,0.000555,0.000000,0.033551,0.052157,0.045269,0.8715,0.9424,0.9803,0.9990,-1.7416,-1.5842,0.025896,0.369943,0.674368,4981,0.2891,0.2252,1.5000,0.8118,0.7778
100,100,10000,50,0.042265,0.000502,0.000000,0.033526,0.052712,0.045281,0.8779,0.9521,0.9782,0.9986,-1.7156,-1.5792,0.025544,0.361661,0.721461,4989,0.3346,0.2071,1.5000,0.9744,0.5549
100,1000,100000,1,0.030040,0.000464,0.026409,0.021492,0.039225,0.014317,0.9067,0.9633,0.9864,0.9942,-2.1231,-2.0819,0.016544,0.434879,0.539742,4986,0.3100,0.2135,1.5000,0.9420,0.2199
100,1000,100000,2,0.044280,0.000977,0.041902,0.027481,0.041080,0.014316,0.8827,0.9485,0.9815,0.9878,-2.0502,-2.0041,0.020336,0.542873,0.632084,4986,0.2918,0.2143,1.5000,0.8647,0.6580
100,1000,100000,3,0.032969,0.000581,0.029698,0.022469,0.038442,0.014316,0.9046,0.9481,0.9691,0.9753,-2.1040,-2.0590,0.017329,0.511012,0.605739,4987,0.3439,0.2583,1.5000,0.9470,0.6286
100,1000,100000,4,0.033993,0.000618,0.030832,0.022999,0.038767,0.014317,0.8997,0.9530,0.9767,0.9807,-2.1034,-2.0558,0.017629,0.510247,0.603946,4977,0.3112,0.2387,1.5000,0.9005,0.4281
100,1000,100000,5,0.031507,0.000681,0.028066,0.021062,0.043680,0.014317,0.9305,0.9814,0.9924,0.9982,-2.0963,-2.0533,0.016887,0.344109,0.437282,4992,0.2950,0.2170,1.5000,0.9333,0.0500
100,1000,100000,6,0.043921,0.001002,0.041523,0.027009,0.043867,0.014314,0.8993,0.9587,0.9831,0.9882,-2.0183,-1.9794,0.020437,0.485481,0.585321,4985,0.2948,0.2059,1.5000,0.8908,0.0500
100,1000,100000,7,0.043424,0.001023,0.040996,0.027386,0.043473,0.014315,0.9064,0.9631,0.9886,0.9942,-2.0293,-1.9885,0.020156,0.470921,0.557044,4980,0.3302,0.2228,1.5000,0.8967,0.4815
100,1000,100000,8,0.036235,0.000582,0.033285,0.024982,0.041162,0.014319,0.9033,0.9496,0.9749,0.9805,-2.0435,-1.9987,0.018793,0.514355,0.587724,4982,0.3190,0.2350,1.5000,0.8606,0.7692
100,1000,100000,9,0.038255,0.000682,0.035476,0.025127,0.039890,0.014315,0.8798,0.9391,0.9640,0.9763,-2.0469,-2.0106,0.019121,0.568479,0.696244,4976,0.2604,0.2116,1.5000,0.8210,0.0500
100,1000,100000,10,0.026604,0.000447,0.022423,0.018932,0.040970,0.014318,0.9452,0.9821,0.9916,0.9954,-2.1409,-2.0919,0.015509,0.334337,0.400732,4983,0.2792,0.2243,1.5000,0.8025,0.4838
100,1000,100000,11,0.029667,0.000459,0.025983,0.021712,0.038541,0.014318,0.9328,0.9755,0.9908,0.9982,-2.1573,-2.1177,0.016109,0.407567,0.527624,4984,0.3184,0.2360,1.5000,0.8344,0.0500
100,1000,100000,12,0.030970,0.000526,0.027462,0.021478,0.036036,0.014318,0.8994,0.9507,0.9743,0.9856,-2.1778,-2.1314,0.016253,0.483537,0.609306,4988,0.3345,0.2489,1.5000,0.8535,0.0500
100,1000,100000,13,0.032775,0.000509,0.029481,0.022362,0.038847,0.014320,0.8847,0.9413,0.9717,0.9794,-2.0967,-2.0559,0.017455,0.519153,0.629832,4988,0.2928,0.2454,1.5000,0.8733,0.3084
100,1000,100000,14,0.031305,0.000527,0.027841,0.021557,0.039493,0.014314,0.9062,0.9608,0.9817,0.9894,-2.1258,-2.0855,0.016738,0.440760,0.566762,4980,0.3162,0.2382,1.5000,0.9201,0.0500
100,1000,100000,15,0.034619,0.000623,0.031519,0.023034,0.036942,0.014317,0.8943,0.9541,0.9793,0.9843,-2.1634,-2.1022,0.017354,0.505688,0.610652,4984,0.3595,0.2513,1.5000,1.0166,0.0500
100,1000,100000,16,0.031733,0.000422,0.028319,0.023875,0.040838,0.014317,0.9100,0.9653,0.9866,0.9922,-2.0666,-2.0287,0.017663,0.481971,0.571999,4988,0.2915,0.2350,1.5000,0.7928,0.6765
100,1000,100000,17,0.030484,0.000586,0.026913,0.021897,0.041728,0.014317,0.9511,0.9838,0.9956,0.9992,-2.1310,-2.0787,0.016605,0.357844,0.425113,4992,0.2888,0.2264,1.5000,0.8315,0.5152
100,1000,100000,18,0.036033,0.000833,0.033066,0.024273,0.040926,0.014320,0.9128,0.9615,0.9800,0.9902,-2.0652,-2.0395,0.018072,0.463107,0.589395,4989,0.3351,0.2516,1.5000,0.9406,0.0500
100,1000,100000,19,0.033890,0.000591,0.030717,0.023749,0.041114,0.014319,0.9026,0.9536,0.9755,0.9821,-2.0411,-2.0096,0.018126,0.501007,0.611023,4981,0.3178,0.2265,1.5000,0.8436,0.2806
100,1000,100000,20,0.039753,0.000788,0.037086,0.025497,0.035454,0.014317,0.8469,0.9128,0.9423,0.9555,-2.0382,-2.0013,0.019396,0.767700,0.920045,4989,0.3308,0.2306,1.5000,0.8849,0.0500
100,1000,100000,21,0.044285,0.001121,0.041907,0.027115,0.040768,0.014317,0.8741,0.9398,0.9649,0.9717,-2.0129,-1.9703,0.020576,0.593046,0.672882,4982,0.3309,0.2262,1.5000,0.8537,0.9440
100,1000,100000,22,0.033789,0.000547,0.030605,0.024702,0.041434,0.014319,0.9012,0.9643,0.9866,0.9914,-2.0488,-2.0103,0.018317,0.499708,0.594928,4990,0.3139,0.2318,1.5000,0.8964,0.6770
100,1000,100000,23,0.031196,0.000566,0.027716,0.021475,0.038699,0.014318,0.9124,0.9635,0.9838,0.9950,-2.1617,-2.1190,0.016372,0.423837,0.553774,4986,0.3369,0.2406,1.5000,0.8287,0.0500
100,1000,100000,24,0.031134,0.000495,0.027647,0.021758,0.040956,0.014317,0.9192,0.9633,0.9826,0.9896,-2.0904,-2.0479,0.017086,0.433646,0.519116,4987,0.2876,0.2297,1.5000,0.8353,0.4962
100,1000,100000,25,0.033543,0.000585,0.030334,0.022494,0.037679,0.014319,0.8867,0.9468,0.9743,0.9844,-2.1240,-2.0822,0.017352,0.509262,0.628170,4985,0.3402,0.2290,1.5000,0.8333,0.0500
100,1000,100000,26,0.030374,0.000493,0.026787,0.021734,0.037471,0.014318,0.9103,0.9651,0.9819,0.9902,-2.1438,-2.1071,0.016472,0.475751,0.610638,4983,0.3375,0.2613,1.5000,0.8961,0.0500
100,1000,100000,27,0.028881,0.000387,0.025084,0.021093,0.041641,0.014314,0.9182,0.9664,0.9861,0.9970,-2.0913,-2.0602,0.016535,0.393122,0.513303,4977,0.3299,0.2287,1.5000,1.0410,0.0992
100,1000,100000,28,0.028524,0.000622,0.024669,0.019206,0.037212,0.014319,0.9422,0.9777,0.9898,0.9954,-2.2402,-2.1787,0.014996,0.348254,0.445882,4985,0.3476,0.2301,1.5000,0.8638,0.0500
100,1000,100000,29,0.031505,0.000566,0.028063,0.021343,0.039367,0.014320,0.9389,0.9826,0.9926,0.9958,-2.1876,-2.1262,0.016283,0.367256,0.441778,4989,0.3487,0.2476,1.5000,0.7970,0.0500
100,1000,100000,30,0.028359,0.000404,0.024479,0.020790,0.040403,0.014318,0.9412,0.9715,0.9847,0.9906,-2.1288,-2.0773,0.016238,0.401107,0.473757,4982,0.3358,0.2505,1.5000,0.8936,0.5237
100,1000,100000,31,0.028837,0.000584,0.025032,0.019592,0.036894,0.014316,0.9375,0.9707,0.9815,0.9912,-2.2195,-2.1658,0.015209,0.376555,0.486360,4979,0.3048,0.2371,1.5000,0.8986,0.0500
100,1000,100000,32,0.039279,0.000882,0.036577,0.024281,0.042425,0.014316,0.9293,0.9695,0.9872,0.9924,-2.0991,-2.0494,0.018464,0.400396,0.477756,4982,0.3325,0.2161,1.5000,0.8531,0.0500
100,1000,100000,33,0.034629,0.000569,0.031532,0.023865,0.045191,0.014315,0.9495,0.9836,0.9944,0.9978,-2.0543,-2.0103,0.018142,0.357711,0.421328,4987,0.3039,0.2094,1.5000,0.8778,0.5654
100,1000,100000,34,0.027594,0.000451,0.023588,0.019621,0.039322,0.014318,0.9293,0.9697,0.9860,0.9932,-2.1738,-2.1252,0.015449,0.358017,0.456167,4990,0.3024,0.2136,1.5000,0.8535,0.0500
100,1000,100000,35,0.060200,0.001511,0.058473,0.033677,0.042828,0.014316,0.8516,0.9134,0.9483,0.9541,-1.9311,-1.8837,0.025358,0.726079,0.814543,4987,0.2945,0.1984,1.5000,0.8964,0.4694
100,1000,100000,36,0.030415,0.000463,0.026834,0.022066,0.038715,0.014320,0.9361,0.9787,0.9922,0.9984,-2.1657,-2.1169,0.016286,0.397887,0.500987,4980,0.3488,0.2291,1.5000,0.9501,0.0500
100,1000,100000,37,0.039461,0.000875,0.036772,0.024629,0.043286,0.014318,0.9261,0.9645,0.9783,0.9805,-2.0436,-2.0000,0.019050,0.451796,0.519344,4983,0.3351,0.2377,1.5000,0.9041,0.8964
100,1000,100000,38,0.024962,0.000413,0.020447,0.018416,0.038791,0.014318,0.9518,0.9854,0.9956,0.9996,-2.2037,-2.1527,0.014642,0.319381,0.407209,4984,0.2965,0.2190,1.5000,0.7498,0.0500
100,1000,100000,39,0.034711,0.000557,0.031621,0.025072,0.039983,0.014316,0.8780,0.9390,0.9751,0.9835,-2.0369,-2.0066,0.018586,0.561801,0.688583,4983,0.2952,0.2366,1.5000,0.8993,0.2824
100,1000,100000,40,0.030453,0.000568,0.026879,0.020508,0.036200,0.014316,0.9182,0.9657,0.9850,0.9926,-2.2156,-2.1606,0.015712,0.418992,0.525263,4985,0.3191,0.2309,1.5000,0.8437,0.0500
100,1000,100000,41,0.029750,0.000511,0.026078,0.020460,0.040014,0.014316,0.9316,0.9763,0.9932,0.9982,-2.1513,-2.1036,0.016057,0.359916,0.449136,4987,0.2887,0.2166,1.5000,0.8607,0.0500
100,1000,100000,42,0.038932,0.000816,0.036203,0.024586,0.037588,0.014318,0.8718,0.9215,0.9500,0.9611,-2.0601,-2.0162,0.019016,0.651225,0.771955,4983,0.3235,0.2488,1.5000,0.8556,0.5006
100,1000,100000,43,0.028762,0.000500,0.024946,0.020576,0.041765,0.014316,0.9454,0.9757,0.9880,0.9942,-2.1198,-2.0763,0.016161,0.346388,0.427107,4982,0.3118,0.2163,1.5000,0.8645,0.3773
100,1000,100000,44,0.045314,0.001106,0.042992,0.027570,0.040025,0.014319,0.8828,0.9436,0.9721,0.9791,-2.0624,-2.0155,0.020474,0.566941,0.661271,4984,0.3745,0.2614,1.5000,0.9643,0.6052
100,1000,100000,45,0.031055,0.000550,0.027557,0.021442,0.040339,0.014318,0.9550,0.9866,0.9962,1.0000,-2.1792,-2.1273,0.016097,0.329188,0.421199,4982,0.3137,0.2249,1.5000,0.8658,0.0500
100,1000,100000,46,0.037011,0.000608,0.034130,0.025722,0.037010,0.014316,0.8605,0.9445,0.9735,0.9836,-2.0699,-2.0414,0.018742,0.622946,0.772472,4988,0.3548,0.2377,1.5000,0.9319,0.4523
100,1000,100000,47,0.033623,0.000644,0.030422,0.023041,0.040547,0.014317,0.9170,0.9723,0.9934,0.9964,-2.0929,-2.0477,0.017537,0.436776,0.505742,4985,0.3104,0.2307,1.5000,0.8462,0.9088
100,1000,100000,48,0.029137,0.000584,0.025376,0.019800,0.039211,0.014318,0.9274,0.9731,0.9888,0.9962,-2.1583,-2.1116,0.015886,0.382265,0.480164,4985,0.3189,0.2272,1.5000,0.8840,0.0500
100,1000,100000,49,0.029533,0.000551,0.025832,0.019978,0.040355,0.014315,0.9237,0.9637,0.9888,0.9958,-2.1426,-2.0977,0.016082,0.371699,0.458415,4981,0.2976,0.2258,1.5000,0.7600,0.1465
100,1000,100000,50,0.030466,0.000444,0.026892,0.022724,0.039899,0.014319,0.9250,0.9745,0.9888,0.9960,-2.1047,-2.0733,0.016849,0.436819,0.559155,4989,0.3304,0.2413,1.5000,0.8673,0.0500
100,10000,1000000,1,0.027449,0.000489,0.027073,0.018154,0.033959,0.004528,0.9190,0.9601,0.9848,0.9854,-2.3019,-2.2923,0.014107,0.465871,0.477234,4986,0.3475,0.2397,1.5000,0.9206,0.0500
100,10000,1000000,2,0.041431,0.001002,0.041183,0.022747,0.035967,0.004527,0.8911,0.9450,0.9783,0.9791,-2.2342,-2.2241,0.017456,0.549426,0.560363,4986,0.3220,0.2282,1.5000,0.8437,0.0500
100,10000,1000000,3,0.029207,0.000510,0.028854,0.019661,0.035328,0.004527,0.9170,0.9625,0.9814,0.9822,-2.2464,-2.2379,0.015034,0.498459,0.510352,4987,0.3358,0.2544,1.5000,0.8838,0.0500
100,10000,1000000,4,0.032569,0.000672,0.032252,0.020197,0.035680,0.004527,0.9210,0.9524,0.9699,0.9703,-2.2246,-2.2151,0.015786,0.525755,0.533951,4977,0.3255,0.2507,1.5000,0.8753,0.8596
100,10000,1000000,5,0.028956,0.000666,0.028600,0.018045,0.038356,0.004527,0.9487,0.9820,0.9946,0.9948,-2.2697,-2.2598,0.014543,0.348499,0.357046,4992,0.3346,0.2364,1.5000,0.9099,0.0500
100,10000,1000000,6,0.042928,0.001036,0.042688,0.024535,0.038166,0.004526,0.9057,0.9521,0.9749,0.9753,-2.1813,-2.1716,0.018480,0.532911,0.541751,4985,0.3154,0.2205,1.5000,0.8376,0.0500
100,10000,1000000,7,0.038586,0.001041,0.038320,0.021868,0.038647,0.004527,0.9402,0.9777,0.9922,0.9922,-2.2296,-2.2201,0.016677,0.397219,0.404880,4980,0.3260,0.2163,1.5000,0.7984,0.0500
100,10000,1000000,8,0.035600,0.000581,0.035311,0.023538,0.036657,0.004528,0.8814,0.9404,0.9657,0.9673,-2.1404,-2.1336,0.017631,0.640340,0.654066,4982,0.3251,0.2420,1.5000,0.8149,0.0500
100,10000,1000000,9,0.035683,0.000741,0.035394,0.021145,0.035021,0.004527,0.9039,0.9463,0.9691,0.9701,-2.2372,-2.2266,0.016489,0.574484,0.585732,4976,0.3032,0.2315,1.5000,0.7967,0.0500
100,10000,1000000,10,0.021141,0.000410,0.020651,0.014274,0.037476,0.004528,0.9739,0.9922,0.9974,0.9976,-2.3096,-2.3003,0.012462,0.248175,0.253813,4983,0.3059,0.2251,1.5000,0.7747,0.0500
100,10000,1000000,11,0.030167,0.000614,0.029826,0.018490,0.035590,0.004528,0.9294,0.9789,0.9940,0.9946,-2.3006,-2.2908,0.014517,0.393475,0.402434,4984,0.3308,0.2457,1.5000,0.8022,0.0500
100,10000,1000000,12,0.028461,0.000579,0.028098,0.017714,0.034082,0.004528,0.9194,0.9683,0.9838,0.9842,-2.3059,-2.2963,0.014207,0.454467,0.465141,4988,0.3419,0.2450,1.5000,0.8076,0.0500
100,10000,1000000,13,0.031095,0.000577,0.030763,0.019619,0.034798,0.004528,0.9032,0.9453,0.9725,0.9729,-2.2514,-2.2420,0.015381,0.539046,0.549820,4988,0.3142,0.2431,1.5000,0.8172,0.0500
100,10000,1000000,14,0.027380,0.000500,0.027003,0.018100,0.035756,0.004526,0.9371,0.9733,0.9886,0.9892,-2.2970,-2.2868,0.014193,0.416042,0.426877,4980,0.3695,0.2513,1.5000,0.9172,0.0500
100,10000,1000000,15,0.030576,0.000563,0.030239,0.019555,0.034319,0.004528,0.9163,0.9743,0.9914,0.9920,-2.3115,-2.3000,0.014813,0.451015,0.461081,4984,0.3500,0.2452,1.5000,0.9306,0.0500
100,10000,1000000,16,0.031332,0.000452,0.031003,0.021683,0.034837,0.004527,0.8903,0.9543,0.9785,0.9798,-2.2221,-2.2142,0.016072,0.591555,0.604600,4988,0.3367,0.2495,1.5000,0.7683,0.0500
100,10000,1000000,17,0.025812,0.000597,0.025412,0.017302,0.037443,0.004527,0.9700,0.9918,0.9996,0.9998,-2.3057,-2.2956,0.013603,0.302520,0.309618,4992,0.3063,0.2322,1.5000,0.7852,0.0500
100,10000,1000000,18,0.031341,0.000845,0.031012,0.018277,0.036874,0.004528,0.9511,0.9804,0.9946,0.9946,-2.2811,-2.2713,0.014681,0.360244,0.366757,4989,0.3425,0.2477,1.5000,0.8539,0.0500
100,10000,1000000,19,0.029725,0.000517,0.029378,0.020057,0.035359,0.004528,0.9201,0.9645,0.9821,0.9823,-2.2457,-2.2372,0.015198,0.499866,0.511755,4981,0.3485,0.2482,1.5000,0.8045,0.0500
100,10000,1000000,20,0.035010,0.000675,0.034716,0.022121,0.033415,0.004527,0.8894,0.9349,0.9539,0.9545,-2.1985,-2.1893,0.016756,0.706500,0.719777,4989,0.3168,0.2451,1.5000,0.8358,0.0500
100,10000,1000000,21,0.036890,0.000962,0.036612,0.021190,0.034742,0.004527,0.8934,0.9508,0.9763,0.9767,-2.2496,-2.2395,0.016422,0.546544,0.557579,4982,0.3323,0.2303,1.5000,0.7906,0.0500
100,10000,1000000,22,0.028323,0.000535,0.027958,0.019139,0.036094,0.004528,0.9379,0.9689,0.9876,0.9880,-2.2675,-2.2581,0.014703,0.447770,0.458539,4990,0.3241,0.2463,1.5000,0.8494,0.0500
100,10000,1000000,23,0.032238,0.000637,0.031919,0.020752,0.035406,0.004528,0.9061,0.9637,0.9882,0.9894,-2.2718,-2.2624,0.015544,0.499948,0.512853,4986,0.3481,0.2400,1.5000,0.7811,0.0500
100,10000,1000000,24,0.027777,0.000498,0.027406,0.017616,0.036894,0.004527,0.9290,0.9679,0.9858,0.9866,-2.2423,-2.2340,0.014579,0.426579,0.436285,4987,0.2945,0.2243,1.5000,0.7667,0.0500
100,10000,1000000,25,0.031357,0.000600,0.031029,0.019983,0.034856,0.004528,0.9087,0.9533,0.9743,0.9747,-2.2456,-2.2366,0.015472,0.530802,0.541828,4985,0.3414,0.2432,1.5000,0.8012,0.0500
100,10000,1000000,26,0.024384,0.000441,0.023960,0.016359,0.035569,0.004528,0.9540,0.9882,0.9950,0.9958,-2.3187,-2.3095,0.013244,0.352499,0.362569,4983,0.3276,0.2424,1.5000,0.8202,0.0500
100,10000,1000000,27,0.023854,0.000370,0.023420,0.016599,0.037318,0.004527,0.9707,0.9918,0.9984,0.9986,-2.3072,-2.2971,0.013247,0.295197,0.302576,4977,0.3392,0.2450,1.5000,0.9840,0.0500
100,10000,1000000,28,0.025774,0.000572,0.025374,0.016177,0.035938,0.004528,0.9581,0.9842,0.9940,0.9946,-2.3319,-2.3216,0.013268,0.324140,0.333215,4985,0.3497,0.2429,1.5000,0.8586,0.0500
100,10000,1000000,29,0.029707,0.000566,0.029359,0.019468,0.037217,0.004528,0.9551,0.9864,0.9948,0.9950,-2.2774,-2.2672,0.014776,0.369120,0.375622,4989,0.3662,0.2520,1.5000,0.7719,0.0500
100,10000,1000000,30,0.025229,0.000431,0.024820,0.016899,0.037036,0.004528,0.9474,0.9785,0.9932,0.9932,-2.2778,-2.2682,0.013776,0.357059,0.364043,4982,0.3368,0.2413,1.5000,0.8273,0.0500
100,10000,1000000,31,0.025853,0.000574,0.025453,0.016361,0.035052,0.004527,0.9622,0.9918,0.9964,0.9966,-2.3542,-2.3432,0.013082,0.311717,0.319439,4979,0.3250,0.2321,1.5000,0.8785,0.0500
100,10000,1000000,32,0.031321,0.000705,0.030992,0.019203,0.037309,0.004527,0.9550,0.9855,0.9950,0.9952,-2.2846,-2.2750,0.014815,0.357816,0.366167,4982,0.3454,0.2296,1.5000,0.8021,0.0500
100,10000,1000000,33,0.030774,0.000684,0.030439,0.018824,0.036862,0.004527,0.9535,0.9759,0.9844,0.9848,-2.2853,-2.2747,0.014695,0.380581,0.388133,4987,0.3417,0.2344,1.5000,0.8265,0.0500
100,10000,1000000,34,0.023607,0.000459,0.023168,0.015233,0.036942,0.004528,0.9617,0.9836,0.9938,0.9944,-2.3136,-2.3035,0.013039,0.297680,0.304691,4990,0.3243,0.2278,1.5000,0.8545,0.0500
100,10000,1000000,35,0.050660,0.001298,0.050457,0.027124,0.037156,0.004527,0.8827,0.9320,0.9613,0.9615,-2.1657,-2.1546,0.020505,0.642892,0.652080,4987,0.3234,0.2229,1.5000,0.8720,0.0500
100,10000,1000000,36,0.026775,0.000521,0.026390,0.017814,0.035047,0.004528,0.9524,0.9821,0.9904,0.9906,-2.3227,-2.3121,0.013717,0.376551,0.385211,4980,0.3354,0.2337,1.5000,0.8623,0.0500
100,10000,1000000,37,0.034877,0.000832,0.034581,0.019785,0.037105,0.004528,0.9400,0.9667,0.9809,0.9813,-2.2630,-2.2526,0.015725,0.419142,0.426905,4983,0.3417,0.2529,1.5000,0.8441,0.5212
100,10000,1000000,38,0.022453,0.000462,0.021992,0.015410,0.037514,0.004528,0.9729,0.9922,0.9976,0.9976,-2.3046,-2.2956,0.012803,0.267555,0.274094,4984,0.3086,0.2271,1.5000,0.7520,0.0500
100,10000,1000000,39,0.030420,0.000572,0.030082,0.019715,0.034605,0.004527,0.8930,0.9420,0.9691,0.9707,-2.2337,-2.2254,0.015450,0.580077,0.594691,4983,0.3366,0.2558,1.5000,0.8712,0.0500
100,10000,1000000,40,0.029551,0.000604,0.029203,0.018237,0.034580,0.004527,0.9334,0.9677,0.9840,0.9842,-2.3092,-2.2989,0.014354,0.420454,0.429087,4985,0.3108,0.2327,1.5000,0.8071,0.0500
100,10000,1000000,41,0.024701,0.000517,0.024283,0.015702,0.036691,0.004527,0.9665,0.9914,0.9990,0.9990,-2.3260,-2.3154,0.013017,0.270752,0.276063,4987,0.3145,0.2226,1.5000,0.8381,0.0500
100,10000,1000000,42,0.038809,0.000920,0.038544,0.021427,0.034295,0.004528,0.8816,0.9227,0.9498,0.9512,-2.1776,-2.1688,0.017343,0.723070,0.738381,4983,0.3222,0.2448,1.5000,0.7882,0.0500
100,10000,1000000,43,0.031204,0.000683,0.030874,0.019345,0.035090,0.004527,0.9241,0.9554,0.9703,0.9719,-2.2448,-2.2362,0.015255,0.526534,0.538614,4982,0.3617,0.2423,1.5000,0.8361,0.0500
100,10000,1000000,44,0.044055,0.001098,0.043821,0.025876,0.035550,0.004528,0.8814,0.9396,0.9691,0.9697,-2.1872,-2.1782,0.018984,0.656172,0.668856,4984,0.3565,0.2505,1.5000,0.8548,0.0500
100,10000,1000000,45,0.031234,0.000577,0.030904,0.019719,0.038778,0.004528,0.9725,0.9960,0.9992,0.9994,-2.2731,-2.2630,0.014992,0.308789,0.314867,4982,0.3270,0.2354,1.5000,0.8611,0.0500
100,10000,1000000,46,0.032557,0.000621,0.032241,0.021038,0.033403,0.004527,0.9028,0.9505,0.9808,0.9812,-2.2851,-2.2756,0.015507,0.550356,0.564098,4988,0.3662,0.2501,1.5000,0.9013,0.0500
100,10000,1000000,47,0.028827,0.000657,0.028469,0.018579,0.034856,0.004527,0.9450,0.9836,0.9952,0.9954,-2.3086,-2.2987,0.014188,0.401592,0.410561,4985,0.3272,0.2292,1.5000,0.7943,0.0500
100,10000,1000000,48,0.027540,0.000630,0.027165,0.017680,0.036674,0.004528,0.9553,0.9831,0.9944,0.9944,-2.2813,-2.2718,0.014117,0.360310,0.367756,4985,0.3099,0.2285,1.5000,0.8145,0.0500
100,10000,1000000,49,0.028748,0.000586,0.028389,0.017603,0.035022,0.004527,0.9291,0.9572,0.9761,0.9771,-2.2930,-2.2834,0.014318,0.436146,0.444851,4981,0.3293,0.2340,1.5000,0.7069,0.0500
100,10000,1000000,50,0.028716,0.000478,0.028357,0.019814,0.034894,0.004528,0.9224,0.9751,0.9920,0.9926,-2.2704,-2.2623,0.014868,0.483783,0.496634,4989,0.3665,0.2317,1.5000,0.7934,0.0500
100,100000,10000000,1,0.026128,0.000483,0.026088,0.016829,0.033985,0.001432,0.9308,0.9689,0.9900,0.9900,-2.3367,-2.3355,0.013421,0.405173,0.406023,4986,0.3456,0.2392,1.5000,0.9153,0.0500
100,100000,10000000,2,0.040197,0.001000,0.040172,0.021964,0.035562,0.001432,0.8975,0.9501,0.9828,0.9830,-2.2623,-2.2612,0.016866,0.525641,0.526671,4986,0.3202,0.2287,1.5000,0.8285,0.0500
100,100000,10000000,3,0.029245,0.000538,0.029210,0.019286,0.034977,0.001432,0.9232,0.9621,0.9787,0.9787,-2.2595,-2.2586,0.014847,0.503432,0.504568,4987,0.3436,0.2546,1.5000,0.8845,0.0500
100,100000,10000000,4,0.032117,0.000670,0.032085,0.019509,0.033973,0.001432,0.9154,0.9480,0.9656,0.9656,-2.2638,-2.2627,0.015334,0.559078,0.559999,4977,0.3289,0.2501,1.5000,0.8470,0.0500
100,100000,10000000,5,0.027575,0.000676,0.027538,0.016820,0.037355,0.001432,0.9507,0.9824,0.9940,0.9940,-2.3102,-2.3090,0.013814,0.328874,0.329556,4992,0.3368,0.2407,1.5000,0.8962,0.0500
100,100000,10000000,6,0.040519,0.000991,0.040494,0.022780,0.037909,0.001431,0.9153,0.9597,0.9821,0.9821,-2.2206,-2.2194,0.017440,0.476683,0.477380,4985,0.3188,0.2228,1.5000,0.8388,0.0500
100,100000,10000000,7,0.039248,0.001067,0.039222,0.021858,0.037834,0.001432,0.9333,0.9739,0.9894,0.9894,-2.2442,-2.2431,0.016679,0.418106,0.418792,4980,0.3278,0.2191,1.5000,0.7893,0.0500
100,100000,10000000,8,0.034465,0.000598,0.034435,0.021940,0.035331,0.001432,0.8836,0.9316,0.9591,0.9593,-2.1784,-2.1776,0.016856,0.651642,0.652991,4982,0.3378,0.2492,1.5000,0.8135,0.0500
100,100000,10000000,9,0.035344,0.000750,0.035315,0.020478,0.034388,0.001432,0.9001,0.9431,0.9664,0.9664,-2.2533,-2.2521,0.016179,0.590405,0.591532,4976,0.3129,0.2336,1.5000,0.7981,0.0500
100,100000,10000000,10,0.020256,0.000419,0.020206,0.013189,0.036723,0.001432,0.9771,0.9918,0.9982,0.9982,-2.3420,-2.3410,0.011934,0.229533,0.229992,4983,0.3094,0.2291,1.5000,0.7723,0.0500
100,100000,10000000,11,0.029640,0.000619,0.029605,0.017875,0.035702,0.001432,0.9436,0.9833,0.9956,0.9956,-2.3167,-2.3156,0.014181,0.363405,0.364054,4984,0.3329,0.2447,1.5000,0.8049,0.0500
100,100000,10000000,12,0.027806,0.000561,0.027769,0.017132,0.033582,0.001432,0.9224,0.9681,0.9858,0.9858,-2.3296,-2.3286,0.013823,0.446719,0.447788,4988,0.3461,0.2459,1.5000,0.8035,0.0500
100,100000,10000000,13,0.030800,0.000582,0.030767,0.019012,0.034441,0.001432,0.9060,0.9475,0.9731,0.9733,-2.2718,-2.2707,0.015075,0.528179,0.529125,4988,0.3118,0.2396,1.5000,0.8004,0.0500
100,100000,10000000,14,0.027372,0.000493,0.027335,0.017811,0.035618,0.001431,0.9468,0.9809,0.9934,0.9934,-2.3215,-2.3203,0.013925,0.384257,0.385145,4980,0.3620,0.2474,1.5000,0.8994,0.0500
100,100000,10000000,15,0.030803,0.000589,0.030770,0.019005,0.033609,0.001432,0.9147,0.9695,0.9890,0.9890,-2.3353,-2.3339,0.014598,0.454959,0.455828,4984,0.3553,0.2494,1.5000,0.9218,0.0500
100,100000,10000000,16,0.030452,0.000450,0.030419,0.020522,0.034187,0.001432,0.8907,0.9513,0.9767,0.9767,-2.2499,-2.2489,0.015536,0.585317,0.586580,4988,0.3347,0.2504,1.5000,0.7567,0.0500
100,100000,10000000,17,0.025222,0.000624,0.025182,0.016473,0.037172,0.001432,0.9706,0.9916,0.9998,0.9998,-2.3254,-2.3243,0.013217,0.284622,0.285142,4992,0.3101,0.2350,1.5000,0.7887,0.0500
100,100000,10000000,18,0.031940,0.000860,0.031907,0.018369,0.036278,0.001432,0.9437,0.9776,0.9928,0.9928,-2.2930,-2.2919,0.014677,0.374950,0.375596,4989,0.3435,0.2464,1.5000,0.8411,0.0500
100,100000,10000000,19,0.029259,0.000493,0.029224,0.019491,0.035310,0.001432,0.9241,0.9649,0.9831,0.9831,-2.2607,-2.2597,0.014933,0.482777,0.483732,4981,0.3401,0.2463,1.5000,0.7925,0.0500
100,100000,10000000,20,0.033872,0.000693,0.033842,0.020524,0.033113,0.001432,0.9020,0.9365,0.9521,0.9523,-2.2307,-2.2296,0.016007,0.672724,0.673881,4989,0.3181,0.2472,1.5000,0.8336,0.0500
100,100000,10000000,21,0.037615,0.001006,0.037587,0.020951,0.034107,0.001432,0.8876,0.9478,0.9723,0.9723,-2.2590,-2.2578,0.016444,0.574869,0.575917,4982,0.3330,0.2304,1.5000,0.7762,0.0500
100,100000,10000000,22,0.027988,0.000513,0.027951,0.018694,0.035633,0.001432,0.9405,0.9727,0.9892,0.9892,-2.2913,-2.2902,0.014423,0.436483,0.437343,4990,0.3279,0.2456,1.5000,0.8423,0.0500
100,100000,10000000,23,0.032174,0.000662,0.032142,0.020296,0.035326,0.001432,0.9105,0.9677,0.9876,0.9876,-2.2835,-2.2825,0.015348,0.492367,0.493581,4986,0.3442,0.2382,1.5000,0.7734,0.0500
100,100000,10000000,24,0.027973,0.000497,0.027936,0.017487,0.036002,0.001432,0.9242,0.9687,0.9842,0.9844,-2.2642,-2.2632,0.014421,0.440809,0.441771,4987,0.3011,0.2263,1.5000,0.7615,0.0500
100,100000,10000000,25,0.030974,0.000602,0.030941,0.019496,0.034186,0.001432,0.9093,0.9531,0.9729,0.9731,-2.2696,-2.2686,0.015128,0.531707,0.532820,4985,0.3457,0.2441,1.5000,0.7923,0.0500
100,100000,10000000,26,0.024312,0.000455,0.024270,0.015772,0.035337,0.001432,0.9579,0.9878,0.9952,0.9952,-2.3357,-2.3346,0.013026,0.340781,0.341553,4983,0.3317,0.2424,1.5000,0.8207,0.0500
100,100000,10000000,27,0.023378,0.000362,0.023334,0.016181,0.037210,0.001431,0.9747,0.9912,0.9970,0.9970,-2.3174,-2.3162,0.013018,0.286480,0.287067,4977,0.3309,0.2387,1.5000,0.9556,0.0500
100,100000,10000000,28,0.025677,0.000586,0.025637,0.015837,0.035676,0.001432,0.9591,0.9842,0.9952,0.9952,-2.3481,-2.3469,0.013060,0.315410,0.316097,4985,0.3547,0.2433,1.5000,0.8572,0.0500
100,100000,10000000,29,0.030783,0.000603,0.030750,0.019557,0.036267,0.001432,0.9445,0.9796,0.9910,0.9910,-2.2922,-2.2910,0.014845,0.397473,0.398058,4989,0.3698,0.2529,1.5000,0.7584,0.0500
100,100000,10000000,30,0.025414,0.000436,0.025373,0.016672,0.036872,0.001432,0.9458,0.9767,0.9932,0.9932,-2.2865,-2.2854,0.013691,0.354475,0.355082,4982,0.3309,0.2412,1.5000,0.8153,0.0500
100,100000,10000000,31,0.025803,0.000607,0.025763,0.015730,0.034732,0.001432,0.9614,0.9910,0.9964,0.9964,-2.3703,-2.3690,0.012848,0.305261,0.305888,4979,0.3231,0.2341,1.5000,0.8689,0.0500
100,100000,10000000,32,0.030841,0.000713,0.030807,0.018103,0.036798,0.001432,0.9524,0.9839,0.9938,0.9938,-2.3074,-2.3063,0.014437,0.348072,0.348686,4982,0.3552,0.2302,1.5000,0.8020,0.0500
100,100000,10000000,33,0.030099,0.000678,0.030065,0.017896,0.036911,0.001432,0.9573,0.9777,0.9866,0.9866,-2.3039,-2.3027,0.014291,0.348228,0.348846,4987,0.3466,0.2351,1.5000,0.8341,0.0500
100,100000,10000000,34,0.023525,0.000461,0.023481,0.014911,0.036069,0.001432,0.9573,0.9824,0.9942,0.9942,-2.3373,-2.3361,0.012788,0.304690,0.305318,4990,0.3268,0.2279,1.5000,0.8390,0.0500
100,100000,10000000,35,0.051141,0.001323,0.051121,0.026528,0.037125,0.001432,0.8845,0.9342,0.9607,0.9607,-2.1771,-2.1759,0.020388,0.629768,0.630522,4987,0.3242,0.2207,1.5000,0.8664,0.0500
100,100000,10000000,36,0.027223,0.000526,0.027185,0.017977,0.034590,0.001432,0.9476,0.9785,0.9878,0.9880,-2.3282,-2.3271,0.013754,0.399858,0.400737,4980,0.3397,0.2359,1.5000,0.8629,0.0500
100,100000,10000000,37,0.036091,0.000838,0.036062,0.020421,0.036225,0.001432,0.9314,0.9651,0.9795,0.9795,-2.2711,-2.2698,0.016010,0.461832,0.462577,4983,0.3435,0.2588,1.5000,0.8389,0.0500
100,100000,10000000,38,0.021204,0.000447,0.021155,0.014156,0.036812,0.001432,0.9785,0.9942,0.9990,0.9990,-2.3434,-2.3423,0.012142,0.233635,0.234114,4984,0.3084,0.2255,1.5000,0.7369,0.0500
100,100000,10000000,39,0.029231,0.000557,0.029195,0.018911,0.034692,0.001432,0.9087,0.9524,0.9753,0.9753,-2.2693,-2.2683,0.014805,0.516898,0.517998,4983,0.3348,0.2522,1.5000,0.8648,0.0500
100,100000,10000000,40,0.029766,0.000602,0.029731,0.018027,0.033851,0.001432,0.9256,0.9647,0.9827,0.9827,-2.3260,-2.3248,0.014254,0.438316,0.439057,4985,0.3179,0.2378,1.5000,0.8056,0.0500
100,100000,10000000,41,0.024311,0.000510,0.024269,0.015241,0.035723,0.001432,0.9643,0.9912,0.9984,0.9984,-2.3525,-2.3513,0.012697,0.277351,0.277853,4987,0.3236,0.2282,1.5000,0.8378,0.0500
100,100000,10000000,42,0.037765,0.000883,0.037738,0.020804,0.033715,0.001432,0.8848,0.9270,0.9520,0.9520,-2.2077,-2.2067,0.016875,0.711291,0.712717,4983,0.3264,0.2452,1.5000,0.7840,0.0500
100,100000,10000000,43,0.030677,0.000709,0.030644,0.018375,0.034679,0.001432,0.9269,0.9560,0.9699,0.9699,-2.2687,-2.2677,0.014791,0.513497,0.514583,4982,0.3643,0.2439,1.5000,0.8303,0.0500
100,100000,10000000,44,0.042286,0.001065,0.042262,0.024409,0.034382,0.001432,0.8772,0.9378,0.9665,0.9665,-2.2311,-2.2300,0.018089,0.648275,0.649462,4984,0.3684,0.2597,1.5000,0.8530,0.0500
100,100000,10000000,45,0.030670,0.000578,0.030636,0.018948,0.038187,0.001432,0.9701,0.9958,0.9994,0.9994,-2.2977,-2.2964,0.014596,0.296831,0.297244,4982,0.3328,0.2365,1.5000,0.8563,0.0500
100,100000,10000000,46,0.031863,0.000633,0.031831,0.020027,0.033496,0.001432,0.9102,0.9631,0.9864,0.9864,-2.3094,-2.3083,0.015017,0.507703,0.508789,4988,0.3619,0.2451,1.5000,0.8912,0.0500
100,100000,10000000,47,0.029416,0.000669,0.029381,0.018325,0.033999,0.001432,0.9338,0.9789,0.9940,0.9940,-2.3262,-2.3250,0.014154,0.425323,0.426192,4985,0.3354,0.2337,1.5000,0.7921,0.0500
100,100000,10000000,48,0.027539,0.000638,0.027501,0.017324,0.035791,0.001432,0.9468,0.9801,0.9916,0.9916,-2.3036,-2.3025,0.013887,0.371997,0.372685,4985,0.3201,0.2302,1.5000,0.8145,0.0500
100,100000,10000000,49,0.028116,0.000584,0.028080,0.016868,0.034923,0.001432,0.9339,0.9604,0.9803,0.9803,-2.3167,-2.3156,0.013889,0.402254,0.402974,4981,0.3277,0.2333,1.5000,0.7023,0.0500
100,100000,10000000,50,0.027627,0.000472,0.027590,0.018900,0.034498,0.001432,0.9373,0.9765,0.9928,0.9928,-2.3020,-2.3010,0.014277,0.455558,0.456608,4989,0.3626,0.2366,1.5000,0.7896,0.0500
100,Inf,Inf,1,0.026120,0.000481,0.026120,0.016815,0.033722,0.000000,0.9262,0.9659,0.9890,0.9890,-2.3386,-2.3386,0.013408,0.417780,0.417780,4986,0.3458,0.2399,1.5000,0.9098,0.3873
100,Inf,Inf,2,0.040144,0.001001,0.040144,0.021822,0.035520,0.000000,0.8991,0.9503,0.9830,0.9830,-2.2653,-2.2653,0.016812,0.523336,0.523336,4986,0.3216,0.2300,1.5000,0.8327,0.3873
100,Inf,Inf,3,0.029042,0.000541,0.029042,0.018999,0.034966,0.000000,0.9236,0.9627,0.9787,0.9787,-2.2623,-2.2623,0.014752,0.499586,0.499586,4987,0.3428,0.2549,1.5000,0.8840,0.3873
100,Inf,Inf,4,0.032137,0.000679,0.032137,0.019354,0.034046,0.000000,0.9164,0.9480,0.9656,0.9656,-2.2634,-2.2634,0.015301,0.556653,0.556653,4977,0.3281,0.2495,1.5000,0.8471,0.3873
100,Inf,Inf,5,0.027353,0.000676,0.027353,0.016489,0.037473,0.000000,0.9531,0.9828,0.9950,0.9950,-2.3131,-2.3131,0.013710,0.317232,0.317232,4992,0.3347,0.2406,1.5000,0.8971,0.3873
100,Inf,Inf,6,0.040723,0.000997,0.040723,0.022745,0.037794,0.000000,0.9151,0.9575,0.9811,0.9811,-2.2210,-2.2210,0.017480,0.482585,0.482585,4985,0.3174,0.2233,1.5000,0.8354,0.3873
100,Inf,Inf,7,0.039210,0.001063,0.039210,0.021809,0.037712,0.000000,0.9333,0.9745,0.9892,0.9892,-2.2470,-2.2470,0.016655,0.419724,0.419724,4980,0.3277,0.2205,1.5000,0.7898,0.3873
100,Inf,Inf,8,0.034363,0.000590,0.034363,0.021991,0.035118,0.000000,0.8830,0.9316,0.9601,0.9601,-2.1844,-2.1844,0.016802,0.653432,0.653432,4982,0.3409,0.2495,1.5000,0.8130,0.3873
100,Inf,Inf,9,0.035369,0.000750,0.035369,0.020462,0.034164,0.000000,0.8995,0.9423,0.9652,0.9652,-2.2551,-2.2551,0.016175,0.601373,0.601373,4976,0.3145,0.2347,1.5000,0.7961,0.3873
100,Inf,Inf,10,0.020227,0.000415,0.020227,0.013179,0.036663,0.000000,0.9763,0.9920,0.9982,0.9982,-2.3442,-2.3442,0.011908,0.228964,0.228964,4983,0.3088,0.2287,1.5000,0.7697,0.3873
100,Inf,Inf,11,0.029581,0.000620,0.029581,0.017819,0.035767,0.000000,0.9458,0.9835,0.9958,0.9958,-2.3173,-2.3173,0.014150,0.359000,0.359000,4984,0.3314,0.2443,1.5000,0.8041,0.3873
100,Inf,Inf,12,0.027933,0.000568,0.027933,0.017170,0.033507,0.000000,0.9196,0.9659,0.9846,0.9846,-2.3283,-2.3283,0.013859,0.455186,0.455186,4988,0.3466,0.2477,1.5000,0.8052,0.3873
100,Inf,Inf,13,0.030137,0.000575,0.030137,0.018580,0.034500,0.000000,0.9116,0.9519,0.9759,0.9759,-2.2815,-2.2815,0.014816,0.506409,0.506409,4988,0.3122,0.2406,1.5000,0.8036,0.3873
100,Inf,Inf,14,0.027227,0.000496,0.027227,0.017576,0.035676,0.000000,0.9494,0.9815,0.9938,0.9938,-2.3234,-2.3234,0.013854,0.377963,0.377963,4980,0.3624,0.2473,1.5000,0.9016,0.3873
100,Inf,Inf,15,0.030943,0.000595,0.030943,0.018991,0.033610,0.000000,0.9153,0.9679,0.9902,0.9902,-2.3366,-2.3366,0.014613,0.453336,0.453336,4984,0.3556,0.2497,1.5000,0.9228,0.3873
100,Inf,Inf,16,0.030547,0.000455,0.030547,0.020565,0.033946,0.000000,0.8885,0.9473,0.9749,0.9749,-2.2494,-2.2494,0.015555,0.601783,0.601783,4988,0.3371,0.2517,1.5000,0.7555,0.3873
100,Inf,Inf,17,0.024964,0.000616,0.024964,0.016275,0.037125,0.000000,0.9714,0.9922,0.9998,0.9998,-2.3299,-2.3299,0.013110,0.278714,0.278714,4992,0.3092,0.2350,1.5000,0.7870,0.3873
100,Inf,Inf,18,0.032012,0.000861,0.032012,0.018275,0.036194,0.000000,0.9427,0.9759,0.9918,0.9918,-2.2931,-2.2931,0.014688,0.379954,0.379954,4989,0.3416,0.2464,1.5000,0.8370,0.3873
100,Inf,Inf,19,0.029094,0.000501,0.029094,0.019253,0.035171,0.000000,0.9249,0.9631,0.9819,0.9819,-2.2652,-2.2652,0.014834,0.482814,0.482814,4981,0.3415,0.2471,1.5000,0.7921,0.3873
100,Inf,Inf,20,0.033688,0.000687,0.033688,0.020430,0.033079,0.000000,0.9036,0.9375,0.9535,0.9535,-2.2346,-2.2346,0.015936,0.668161,0.668161,4989,0.3169,0.2469,1.5000,0.8320,0.3873
100,Inf,Inf,21,0.038108,0.001026,0.038108,0.021087,0.033938,0.000000,0.8848,0.9442,0.9685,0.9685,-2.2549,-2.2549,0.016578,0.593931,0.593931,4982,0.3331,0.2305,1.5000,0.7726,0.3873
100,Inf,Inf,22,0.028007,0.000520,0.028007,0.018526,0.035441,0.000000,0.9381,0.9719,0.9876,0.9876,-2.2939,-2.2939,0.014396,0.443011,0.443011,4990,0.3299,0.2479,1.5000,0.8436,0.3873
100,Inf,Inf,23,0.032329,0.000667,0.032329,0.020347,0.035305,0.000000,0.9110,0.9695,0.9878,0.9878,-2.2840,-2.2840,0.015385,0.493720,0.493720,4986,0.3432,0.2375,1.5000,0.7706,0.3873
100,Inf,Inf,24,0.028136,0.000502,0.028136,0.017386,0.035959,0.000000,0.9216,0.9679,0.9846,0.9846,-2.2648,-2.2648,0.014446,0.442857,0.442857,4987,0.3016,0.2268,1.5000,0.7617,0.3873
100,Inf,Inf,25,0.031002,0.000603,0.031002,0.019491,0.034178,0.000000,0.9093,0.9527,0.9723,0.9723,-2.2705,-2.2705,0.015116,0.531642,0.531642,4985,0.3468,0.2443,1.5000,0.7936,0.3873
100,Inf,Inf,26,0.024238,0.000460,0.024238,0.015532,0.035253,0.000000,0.9593,0.9872,0.9952,0.9952,-2.3410,-2.3410,0.012945,0.335705,0.335705,4983,0.3328,0.2419,1.5000,0.8194,0.3873
100,Inf,Inf,27,0.023701,0.000368,0.023701,0.016346,0.037110,0.000000,0.9733,0.9910,0.9966,0.9966,-2.3168,-2.3168,0.013089,0.293629,0.293629,4977,0.3315,0.2394,1.5000,0.9565,0.3873
100,Inf,Inf,28,0.026007,0.000599,0.026007,0.016006,0.035655,0.000000,0.9583,0.9838,0.9944,0.9944,-2.3469,-2.3469,0.013132,0.320032,0.320032,4985,0.3564,0.2438,1.5000,0.8587,0.3873
100,Inf,Inf,29,0.030666,0.000602,0.030666,0.019452,0.036136,0.000000,0.9449,0.9792,0.9914,0.9914,-2.2972,-2.2972,0.014771,0.395410,0.395410,4989,0.3727,0.2538,1.5000,0.7595,0.3873
100,Inf,Inf,30,0.025214,0.000427,0.025214,0.016743,0.036850,0.000000,0.9482,0.9799,0.9944,0.9944,-2.2904,-2.2904,0.013618,0.348425,0.348425,4982,0.3309,0.2402,1.5000,0.8124,0.3873
100,Inf,Inf,31,0.025794,0.000616,0.025794,0.015665,0.034650,0.000000,0.9614,0.9914,0.9964,0.9964,-2.3736,-2.3736,0.012805,0.304199,0.304199,4979,0.3238,0.2344,1.5000,0.8687,0.3873
100,Inf,Inf,32,0.030894,0.000723,0.030894,0.017944,0.036962,0.000000,0.9524,0.9841,0.9938,0.9938,-2.3081,-2.3081,0.014402,0.338337,0.338337,4982,0.3541,0.2296,1.5000,0.8033,0.3873
100,Inf,Inf,33,0.029948,0.000677,0.029948,0.017791,0.036765,0.000000,0.9573,0.9789,0.9874,0.9874,-2.3103,-2.3103,0.014197,0.344053,0.344053,4987,0.3493,0.2366,1.5000,0.8371,0.3873
100,Inf,Inf,34,0.023266,0.000449,0.023266,0.014813,0.035898,0.000000,0.9591,0.9828,0.9946,0.9946,-2.3437,-2.3437,0.012688,0.302260,0.302260,4990,0.3288,0.2293,1.5000,0.8393,0.3873
100,Inf,Inf,35,0.051260,0.001321,0.051260,0.026663,0.036896,0.000000,0.8833,0.9324,0.9589,0.9589,-2.1773,-2.1773,0.020446,0.642973,0.642973,4987,0.3265,0.2222,1.5000,0.8663,0.3873
100,Inf,Inf,36,0.027339,0.000521,0.027339,0.018017,0.034557,0.000000,0.9466,0.9781,0.9880,0.9880,-2.3276,-2.3276,0.013792,0.403761,0.403761,4980,0.3392,0.2365,1.5000,0.8632,0.3873
100,Inf,Inf,37,0.035689,0.000842,0.035689,0.020041,0.035995,0.000000,0.9364,0.9651,0.9799,0.9799,-2.2838,-2.2838,0.015766,0.450009,0.450009,4983,0.3471,0.2599,1.5000,0.8394,0.3873
100,Inf,Inf,38,0.021279,0.000455,0.021279,0.014041,0.036737,0.000000,0.9781,0.9944,0.9990,0.9990,-2.3456,-2.3456,0.012129,0.233956,0.233956,4984,0.3087,0.2265,1.5000,0.7373,0.3873
100,Inf,Inf,39,0.029121,0.000557,0.029121,0.018776,0.034777,0.000000,0.9105,0.9522,0.9763,0.9763,-2.2712,-2.2712,0.014747,0.509182,0.509182,4983,0.3327,0.2524,1.5000,0.8637,0.3873
100,Inf,Inf,40,0.029850,0.000607,0.029850,0.018018,0.033889,0.000000,0.9270,0.9649,0.9823,0.9823,-2.3259,-2.3259,0.014263,0.437073,0.437073,4985,0.3183,0.2376,1.5000,0.8063,0.3873
100,Inf,Inf,41,0.024437,0.000512,0.024437,0.015245,0.035720,0.000000,0.9639,0.9906,0.9984,0.9984,-2.3525,-2.3525,0.012715,0.277874,0.277874,4987,0.3232,0.2282,1.5000,0.8372,0.3873
100,Inf,Inf,42,0.037937,0.000884,0.037937,0.020904,0.033524,0.000000,0.8816,0.9229,0.9510,0.9510,-2.2056,-2.2056,0.016928,0.728414,0.728414,4983,0.3280,0.2457,1.5000,0.7829,0.3873
100,Inf,Inf,43,0.030596,0.000715,0.030596,0.018147,0.034710,0.000000,0.9261,0.9566,0.9695,0.9695,-2.2695,-2.2695,0.014735,0.511266,0.511266,4982,0.3653,0.2443,1.5000,0.8324,0.3873
100,Inf,Inf,44,0.042490,0.001080,0.042490,0.024527,0.034404,0.000000,0.8790,0.9384,0.9675,0.9675,-2.2314,-2.2314,0.018132,0.647337,0.647337,4984,0.3689,0.2588,1.5000,0.8524,0.3873
100,Inf,Inf,45,0.031136,0.000583,0.031136,0.019309,0.037991,0.000000,0.9657,0.9954,0.9992,0.9992,-2.2972,-2.2972,0.014737,0.308662,0.308662,4982,0.3343,0.2373,1.5000,0.8552,0.3873
100,Inf,Inf,46,0.032010,0.000644,0.032010,0.020004,0.033494,0.000000,0.9098,0.9619,0.9856,0.9856,-2.3101,-2.3101,0.015029,0.507274,0.507274,4988,0.3620,0.2439,1.5000,0.8891,0.3873
100,Inf,Inf,47,0.029581,0.000668,0.029581,0.018347,0.034013,0.000000,0.9314,0.9785,0.9944,0.9944,-2.3257,-2.3257,0.014194,0.426115,0.426115,4985,0.3336,0.2329,1.5000,0.7900,0.3873
100,Inf,Inf,48,0.027358,0.000639,0.027358,0.017129,0.035907,0.000000,0.9474,0.9811,0.9920,0.9920,-2.3046,-2.3046,0.013813,0.364091,0.364091,4985,0.3189,0.2302,1.5000,0.8160,0.3873
100,Inf,Inf,49,0.027857,0.000588,0.027857,0.016308,0.034834,0.000000,0.9333,0.9602,0.9795,0.9795,-2.3233,-2.3233,0.013745,0.394807,0.394807,4981,0.3266,0.2333,1.5000,0.7000,0.3873
100,Inf,Inf,50,0.027394,0.000472,0.027394,0.018710,0.034630,0.000000,0.9393,0.9769,0.9930,0.9930,-2.3046,-2.3046,0.014177,0.443707,0.443707,4989,0.3607,0.2361,1.5000,0.7899,0.3873
250,100,25000,1,0.035762,0.000515,0.000000,0.026429,0.035249,0.045270,0.8285,0.9123,0.9555,0.9911,-2.0066,-1.7589,0.021114,0.376330,0.893487,4962,0.3016,0.2291,1.5000,0.9194,0.8193
250,100,25000,2,0.031704,0.000406,0.000000,0.024388,0.037699,0.045265,0.8936,0.9585,0.9817,0.9970,-2.0526,-1.7855,0.019834,0.269884,0.667773,4964,0.3099,0.2421,1.5000,0.9833,0.9136
250,100,25000,3,0.030168,0.000414,0.000000,0.023259,0.037337,0.045278,0.8984,0.9639,0.9861,0.9956,-2.0894,-1.7985,0.019298,0.260554,0.617523,4959,0.3059,0.2226,1.5000,0.8300,0.9076
250,100,25000,4,0.030445,0.000373,0.000000,0.023707,0.038523,0.045275,0.9005,0.9649,0.9875,1.0000,-2.0659,-1.7903,0.019556,0.248263,0.615334,4957,0.3012,0.2079,1.5000,0.8503,0.8841
250,100,25000,5,0.032873,0.000391,0.000000,0.025772,0.038413,0.045278,0.8713,0.9446,0.9768,0.9986,-2.0030,-1.7624,0.020516,0.298115,0.739053,4965,0.3018,0.2225,1.5000,1.0264,0.7923
250,100,25000,6,0.034435,0.000390,0.000000,0.026835,0.036661,0.045273,0.8324,0.9194,0.9585,0.9990,-1.9798,-1.7626,0.020951,0.339558,0.872654,4963,0.3058,0.2306,1.5000,0.8565,0.8573
250,100,25000,7,0.031491,0.000517,0.000000,0.022662,0.036002,0.045279,0.8928,0.9433,0.9703,0.9968,-2.0950,-1.8085,0.019369,0.266917,0.677905,4953,0.3425,0.2288,1.5000,0.8984,0.8464
250,100,25000,8,0.028222,0.000353,0.000000,0.021417,0.038507,0.045286,0.9084,0.9637,0.9843,1.0000,-2.0938,-1.8077,0.018778,0.215790,0.555317,4958,0.2788,0.2294,1.5000,0.8514,0.8475
250,100,25000,9,0.041580,0.000682,0.000000,0.029377,0.036410,0.045273,0.8065,0.8842,0.9341,0.9844,-1.9216,-1.7192,0.022998,0.431413,1.002005,4950,0.2967,0.2141,1.5000,0.8638,0.8714
250,100,25000,10,0.029644,0.000307,0.000000,0.023495,0.038844,0.045272,0.8940,0.9603,0.9901,1.0000,-2.0525,-1.7897,0.019392,0.235997,0.607252,4963,0.2808,0.1873,1.5000,0.8515,0.8357
250,100,25000,11,0.027071,0.000309,0.000000,0.020956,0.036084,0.045264,0.9049,0.9661,0.9881,0.9990,-2.1512,-1.8345,0.018200,0.213787,0.562281,4955,0.3619,0.2471,1.5000,0.9754,0.8102
250,100,25000,12,0.028361,0.000335,0.000000,0.021766,0.037650,0.045276,0.9193,0.9694,0.9919,1.0000,-2.1232,-1.8086,0.018795,0.225784,0.529374,4968,0.2529,0.2049,1.5000,0.8284,0.8132
250,100,25000,13,0.031013,0.000450,0.000000,0.022950,0.037462,0.045280,0.9069,0.9512,0.9784,0.9992,-2.0902,-1.8005,0.019418,0.250836,0.597333,4963,0.3052,0.2202,1.5000,0.8462,0.9706
250,100,25000,14,0.033278,0.000455,0.000000,0.025174,0.038256,0.045261,0.8878,0.9577,0.9858,0.9992,-2.0494,-1.7724,0.020350,0.285771,0.642676,4946,0.3027,0.2320,1.5000,0.9120,0.9170
250,100,25000,15,0.029840,0.000316,0.000000,0.023861,0.039993,0.045270,0.9180,0.9672,0.9869,1.0000,-2.0368,-1.7742,0.019618,0.240773,0.570579,4962,0.3093,0.2172,1.5000,0.9873,1.0087
250,100,25000,16,0.035143,0.000423,0.000000,0.026682,0.036828,0.045284,0.8371,0.9209,0.9607,0.9978,-1.9825,-1.7643,0.021067,0.344767,0.853898,4966,0.2692,0.2251,1.5000,0.8335,0.8242
250,100,25000,17,0.030952,0.000334,0.000000,0.024409,0.038294,0.045270,0.8846,0.9543,0.9847,1.0000,-2.0426,-1.7857,0.019781,0.262824,0.663491,4972,0.2633,0.2082,1.5000,0.8413,0.8192
250,100,25000,18,0.029292,0.000325,0.000000,0.023222,0.038572,0.045295,0.9071,0.9700,0.9891,1.0000,-2.0741,-1.7950,0.019248,0.235512,0.585966,4961,0.3008,0.2103,1.5000,0.8834,0.8865
250,100,25000,19,0.033416,0.000445,0.000000,0.025166,0.038270,0.045276,0.8865,0.9522,0.9780,0.9994,-2.0396,-1.7748,0.020373,0.281516,0.665924,4962,0.3359,0.2392,1.5000,0.9416,0.9136
250,100,25000,20,0.032911,0.000397,0.000000,0.025561,0.036761,0.045284,0.8616,0.9387,0.9732,0.9972,-2.0274,-1.7768,0.020311,0.310738,0.755651,4956,0.3159,0.2088,1.5000,0.8969,0.9264
250,100,25000,21,0.030968,0.000334,0.000000,0.024292,0.037379,0.045278,0.8919,0.9611,0.9861,1.0000,-2.0770,-1.7951,0.019642,0.263564,0.641926,4957,0.2968,0.2193,1.5000,0.8319,0.8753
250,100,25000,22,0.029065,0.000355,0.000000,0.022911,0.037985,0.045284,0.9209,0.9769,0.9942,1.0000,-2.0989,-1.8021,0.019051,0.230899,0.564116,4970,0.2656,0.2139,1.5000,0.8587,0.8362
250,100,25000,23,0.034394,0.000580,0.000000,0.024288,0.036545,0.045270,0.8769,0.9375,0.9651,0.9927,-2.0707,-1.7781,0.020379,0.311013,0.706709,4963,0.3247,0.2251,1.5000,0.9023,0.8587
250,100,25000,24,0.029814,0.000319,0.000000,0.023541,0.037007,0.045273,0.8991,0.9625,0.9885,1.0000,-2.0923,-1.8100,0.019165,0.240557,0.630926,4965,0.3024,0.2059,1.5000,0.8316,0.8331
250,100,25000,25,0.030304,0.000397,0.000000,0.022671,0.038351,0.045279,0.9011,0.9627,0.9827,0.9992,-2.0765,-1.7971,0.019351,0.240734,0.587313,4966,0.2869,0.2130,1.5000,0.8179,0.9074
250,100,25000,26,0.027902,0.000366,0.000000,0.021220,0.036773,0.045273,0.9107,0.9659,0.9889,0.9996,-2.1396,-1.8263,0.018470,0.218445,0.551059,4963,0.2899,0.2296,1.5000,0.8492,0.8437
250,100,25000,27,0.029142,0.000313,0.000000,0.022861,0.039660,0.045275,0.9263,0.9800,0.9925,1.0000,-2.0699,-1.7854,0.019302,0.227727,0.530981,4953,0.2777,0.2140,1.5000,0.9177,0.9079
250,100,25000,28,0.029052,0.000344,0.000000,0.022335,0.039185,0.045277,0.9069,0.9714,0.9887,1.0000,-2.0805,-1.7970,0.019130,0.220170,0.554056,4962,0.3274,0.2315,1.5000,0.9264,0.8661
250,100,25000,29,0.027561,0.000298,0.000000,0.021626,0.039298,0.045280,0.9256,0.9807,0.9940,0.9996,-2.0954,-1.8036,0.018715,0.206061,0.493675,4971,0.3124,0.2032,1.5000,0.8210,0.9726
250,100,25000,30,0.029064,0.000330,0.000000,0.022551,0.038583,0.045274,0.9072,0.9659,0.9909,0.9998,-2.0856,-1.7964,0.019166,0.235479,0.572500,4956,0.2814,0.2280,1.5000,0.8443,0.8340
250,100,25000,31,0.031026,0.000454,0.000000,0.023555,0.036996,0.045278,0.8900,0.9544,0.9859,0.9996,-2.0890,-1.8037,0.019431,0.251779,0.639716,4956,0.3343,0.2350,1.5000,0.9380,0.8471
250,100,25000,32,0.033328,0.000491,0.000000,0.025260,0.038253,0.045273,0.9039,0.9641,0.9871,0.9986,-2.0618,-1.7804,0.020229,0.270363,0.630886,4962,0.3268,0.2443,1.5000,0.9371,0.8652
250,100,25000,33,0.027564,0.000686,0.000000,0.019509,0.041853,0.045263,0.9537,0.9885,0.9960,0.9992,-2.1054,-1.7893,0.018623,0.177471,0.375155,4969,0.2814,0.2147,1.5000,0.8814,1.0017
250,100,25000,34,0.030823,0.000311,0.000000,0.024811,0.038063,0.045276,0.8956,0.9708,0.9921,1.0000,-2.0645,-1.7899,0.019689,0.255487,0.643519,4963,0.3098,0.2110,1.5000,0.9619,0.7851
250,100,25000,35,0.032109,0.000524,0.000000,0.023761,0.039443,0.045274,0.9036,0.9626,0.9783,0.9948,-2.0404,-1.7635,0.020103,0.272399,0.614978,4969,0.2997,0.2347,1.5000,0.9861,0.8790
250,100,25000,36,0.029946,0.000390,0.000000,0.023238,0.036007,0.045286,0.8978,0.9686,0.9909,1.0000,-2.1262,-1.8129,0.019080,0.244606,0.631025,4970,0.3108,0.2226,1.5000,0.9075,0.7383
250,100,25000,37,0.029284,0.000358,0.000000,0.022653,0.037875,0.045286,0.9133,0.9642,0.9861,0.9988,-2.0915,-1.8029,0.019085,0.234991,0.585893,4949,0.3452,0.2444,1.5000,0.9522,0.9112
250,100,25000,38,0.033809,0.000582,0.000000,0.024429,0.038633,0.045275,0.8965,0.9488,0.9766,0.9978,-2.0399,-1.7733,0.020327,0.276775,0.643367,4964,0.2955,0.2246,1.5000,0.8646,0.9516
250,100,25000,39,0.027561,0.000482,0.000000,0.021043,0.037056,0.045273,0.9178,0.9728,0.9883,0.9988,-2.1390,-1.8275,0.018329,0.206614,0.549191,4966,0.2912,0.2108,1.5000,0.8667,0.7672
250,100,25000,40,0.036701,0.000741,0.000000,0.026766,0.035348,0.045273,0.8234,0.9088,0.9445,0.9925,-1.9724,-1.7619,0.021190,0.373189,0.974046,4956,0.2980,0.1782,1.5000,0.8084,0.6489
250,100,25000,41,0.034147,0.000619,0.000000,0.025068,0.034396,0.045291,0.8391,0.9223,0.9662,0.9938,-2.0768,-1.7998,0.020117,0.314135,0.819220,4965,0.3456,0.2204,1.5000,0.8758,0.7247
250,100,25000,42,0.034491,0.000517,0.000000,0.025354,0.037489,0.045280,0.8895,0.9521,0.9732,0.9960,-2.0386,-1.7725,0.020576,0.301455,0.722049,4968,0.3591,0.2475,1.5000,0.9580,0.9166
250,100,25000,43,0.033198,0.000338,0.000000,0.025934,0.038496,0.045274,0.8632,0.9437,0.9780,1.0000,-2.0071,-1.7692,0.020552,0.293886,0.722931,4956,0.3016,0.2228,1.5000,0.8410,0.9145
250,100,25000,44,0.032883,0.000420,0.000000,0.025239,0.038390,0.045286,0.8872,0.9547,0.9813,0.9996,-2.0359,-1.7796,0.020212,0.272048,0.679814,4964,0.3332,0.2327,1.5000,0.9888,0.8290
250,100,25000,45,0.029394,0.000356,0.000000,0.023045,0.037439,0.045292,0.8949,0.9629,0.9871,0.9994,-2.0885,-1.8054,0.019119,0.237566,0.626112,4955,0.2971,0.2004,1.5000,0.7884,0.7875
250,100,25000,46,0.041173,0.000870,0.000000,0.028566,0.040263,0.045264,0.8471,0.9188,0.9553,0.9934,-1.9231,-1.7082,0.022792,0.364819,0.822027,4963,0.2686,0.2163,1.5000,0.9186,0.8314
250,100,25000,47,0.036493,0.000602,0.000000,0.026793,0.037394,0.045276,0.8543,0.9319,0.9665,0.9952,-2.0057,-1.7523,0.021348,0.344518,0.792043,4961,0.3428,0.2247,1.5000,0.9499,0.8307
250,100,25000,48,0.030387,0.000409,0.000000,0.023181,0.037663,0.045278,0.9003,0.9643,0.9881,0.9992,-2.0945,-1.7961,0.019386,0.253395,0.588493,4964,0.2850,0.2105,1.5000,0.7977,0.8764
250,100,25000,49,0.031311,0.000420,0.000000,0.024044,0.036747,0.045269,0.8656,0.9411,0.9768,0.9992,-2.0620,-1.7931,0.019714,0.284905,0.708390,4957,0.2942,0.2198,1.5000,0.8472,0.7984
250,100,25000,50,0.034648,0.000415,0.000000,0.026726,0.034742,0.045287,0.8348,0.9264,0.9584,0.9992,-2.0186,-1.7877,0.020663,0.336758,0.898546,4957,0.3084,0.2146,1.5000,0.7966,0.8119
250,1000,250000,1,0.017785,0.000305,0.010553,0.012853,0.021547,0.014316,0.9015,0.9595,0.9831,0.9952,-2.6760,-2.5571,0.009944,0.386355,0.594840,4962,0.3290,0.2484,1.5000,0.8290,0.7201
250,1000,250000,2,0.016990,0.000278,0.009153,0.012523,0.022377,0.014314,0.9154,0.9668,0.9833,0.9954,-2.6653,-2.5546,0.009764,0.345559,0.564018,4964,0.3085,0.2212,1.5000,0.8001,0.5143
250,1000,250000,3,0.019181,0.000339,0.012764,0.013656,0.023171,0.014318,0.9080,0.9651,0.9877,0.9970,-2.6273,-2.5173,0.010498,0.379063,0.563064,4959,0.3151,0.2205,1.5000,0.7191,0.6552
250,1000,250000,4,0.018998,0.000615,0.012488,0.012674,0.022352,0.014317,0.9453,0.9818,0.9917,0.9962,-2.7102,-2.5730,0.009851,0.320547,0.479067,4957,0.3156,0.2301,1.5000,0.7075,0.6935
250,1000,250000,5,0.017789,0.000302,0.010557,0.013244,0.022834,0.014318,0.9124,0.9646,0.9859,0.9927,-2.6352,-2.5224,0.010186,0.380272,0.571767,4965,0.2968,0.2201,1.5000,0.7844,0.6512
250,1000,250000,6,0.017086,0.000217,0.009325,0.013053,0.023410,0.014317,0.9305,0.9811,0.9938,0.9998,-2.6394,-2.5267,0.010049,0.339976,0.512241,4963,0.3038,0.2342,1.5000,0.7542,0.6952
250,1000,250000,7,0.017918,0.000384,0.010772,0.012967,0.023128,0.014318,0.9352,0.9794,0.9933,0.9992,-2.6582,-2.5396,0.010006,0.328460,0.479143,4953,0.3246,0.2303,1.5000,0.7277,0.8575
250,1000,250000,8,0.018474,0.000283,0.011671,0.013305,0.023195,0.014321,0.9121,0.9724,0.9887,0.9992,-2.6386,-2.5300,0.010283,0.353855,0.540614,4958,0.3019,0.2195,1.5000,0.6818,0.6946
250,1000,250000,9,0.023982,0.000476,0.019239,0.015778,0.022515,0.014317,0.8715,0.9325,0.9695,0.9832,-2.5793,-2.4733,0.011853,0.500557,0.716106,4950,0.3226,0.2275,1.5000,0.8121,0.6662
250,1000,250000,10,0.016026,0.000308,0.007203,0.011838,0.022658,0.014316,0.9381,0.9736,0.9859,0.9950,-2.6717,-2.5604,0.009465,0.314620,0.509377,4963,0.3024,0.2154,1.5000,0.7435,0.5661
250,1000,250000,11,0.016518,0.000239,0.008245,0.012061,0.020506,0.014314,0.8868,0.9413,0.9734,0.9939,-2.7022,-2.5926,0.009496,0.389667,0.664278,4955,0.3414,0.2552,1.5000,0.7562,0.4157
250,1000,250000,12,0.017568,0.000324,0.010181,0.012807,0.022627,0.014318,0.9223,0.9722,0.9891,0.9976,-2.6599,-2.5444,0.009946,0.348283,0.531099,4968,0.3062,0.2164,1.5000,0.7326,0.6780
250,1000,250000,13,0.017659,0.000285,0.010335,0.012937,0.022748,0.014319,0.9238,0.9720,0.9907,0.9974,-2.6547,-2.5363,0.010044,0.357819,0.518772,4963,0.3100,0.2270,1.5000,0.7277,0.7847
250,1000,250000,14,0.020318,0.000378,0.014421,0.014037,0.022651,0.014313,0.9038,0.9610,0.9834,0.9921,-2.6226,-2.5088,0.010784,0.416983,0.594246,4946,0.3380,0.2477,1.5000,0.7829,0.8257
250,1000,250000,15,0.016566,0.000191,0.008337,0.012967,0.022997,0.014316,0.9091,0.9672,0.9827,0.9976,-2.6126,-2.5243,0.009960,0.362406,0.603022,4962,0.3000,0.2299,1.5000,0.8407,0.5094
250,1000,250000,16,0.018063,0.000296,0.011009,0.013608,0.021503,0.014320,0.8848,0.9478,0.9734,0.9952,-2.6298,-2.5436,0.010172,0.426298,0.699743,4966,0.3117,0.2258,1.5000,0.7169,0.4617
250,1000,250000,17,0.016003,0.000205,0.007153,0.012435,0.021878,0.014316,0.9081,0.9656,0.9811,0.9992,-2.6618,-2.5652,0.009589,0.358326,0.606477,4972,0.3062,0.2277,1.5000,0.7255,0.5685
250,1000,250000,18,0.016387,0.000227,0.007961,0.012375,0.022788,0.014323,0.9222,0.9704,0.9891,0.9996,-2.6603,-2.5516,0.009710,0.333085,0.533258,4961,0.3447,0.2412,1.5000,0.7982,0.6616
250,1000,250000,19,0.018500,0.000297,0.011716,0.013570,0.022428,0.014317,0.9057,0.9700,0.9921,0.9992,-2.6519,-2.5367,0.010274,0.378333,0.571750,4962,0.3283,0.2386,1.5000,0.7509,0.6715
250,1000,250000,20,0.018218,0.000259,0.011262,0.013688,0.021999,0.014320,0.8923,0.9588,0.9831,0.9950,-2.6290,-2.5316,0.010281,0.408192,0.647083,4956,0.3022,0.2252,1.5000,0.7905,0.5317
250,1000,250000,21,0.015155,0.000236,0.004967,0.011263,0.023641,0.014318,0.9603,0.9895,0.9968,1.0000,-2.6935,-2.5638,0.009280,0.257768,0.388290,4957,0.3051,0.2217,1.5000,0.7264,0.6899
250,1000,250000,22,0.017148,0.000312,0.009434,0.012096,0.022620,0.014320,0.9183,0.9600,0.9815,0.9942,-2.6690,-2.5509,0.009763,0.340606,0.523142,4970,0.3119,0.2248,1.5000,0.7357,0.6512
250,1000,250000,23,0.019565,0.000461,0.013336,0.013658,0.022629,0.014316,0.8999,0.9565,0.9803,0.9960,-2.6310,-2.5278,0.010448,0.391633,0.618847,4963,0.3219,0.2286,1.5000,0.7434,0.6483
250,1000,250000,24,0.017138,0.000244,0.009420,0.012650,0.022086,0.014317,0.9074,0.9672,0.9883,0.9994,-2.6786,-2.5634,0.009799,0.348619,0.554232,4965,0.3283,0.2451,1.5000,0.7504,0.6342
250,1000,250000,25,0.017193,0.000237,0.009518,0.012661,0.022884,0.014319,0.9184,0.9676,0.9877,0.9974,-2.6556,-2.5415,0.009938,0.345960,0.525760,4966,0.3118,0.2342,1.5000,0.7386,0.6584
250,1000,250000,26,0.015709,0.000220,0.006465,0.011763,0.022802,0.014317,0.9319,0.9760,0.9917,0.9992,-2.6793,-2.5627,0.009461,0.308463,0.473446,4963,0.3211,0.2427,1.5000,0.7308,0.8549
250,1000,250000,27,0.017501,0.000292,0.010065,0.012610,0.022668,0.014317,0.9085,0.9626,0.9843,0.9945,-2.6563,-2.5422,0.009945,0.351925,0.541577,4953,0.3257,0.2308,1.5000,0.8006,0.6297
250,1000,250000,28,0.017794,0.000343,0.010566,0.012944,0.023396,0.014318,0.9087,0.9659,0.9853,0.9962,-2.6313,-2.5233,0.010180,0.358568,0.552147,4962,0.3449,0.2416,1.5000,0.7717,0.6585
250,1000,250000,29,0.016269,0.000189,0.007723,0.012566,0.024277,0.014319,0.9519,0.9841,0.9956,0.9996,-2.6371,-2.5251,0.009827,0.291728,0.429495,4971,0.3010,0.2351,1.5000,0.7205,0.7953
250,1000,250000,30,0.017230,0.000263,0.009586,0.012848,0.023674,0.014317,0.9308,0.9859,0.9954,1.0000,-2.6525,-2.5358,0.009980,0.317547,0.480313,4956,0.2952,0.2379,1.5000,0.7160,0.6650
250,1000,250000,31,0.018623,0.000378,0.011908,0.013016,0.021898,0.014318,0.9074,0.9576,0.9826,0.9972,-2.6665,-2.5590,0.010037,0.369259,0.602098,4956,0.3241,0.2288,1.5000,0.7504,0.5349
250,1000,250000,32,0.018971,0.000379,0.012448,0.013677,0.021685,0.014317,0.8968,0.9615,0.9821,0.9950,-2.6651,-2.5531,0.010236,0.396533,0.632987,4962,0.3380,0.2283,1.5000,0.7190,0.4998
250,1000,250000,33,0.020020,0.000868,0.013997,0.012154,0.023973,0.014313,0.9473,0.9819,0.9915,0.9962,-2.6808,-2.5515,0.009922,0.275361,0.423465,4969,0.3167,0.2284,1.5000,0.7751,0.6685
250,1000,250000,34,0.018140,0.000298,0.011139,0.013172,0.023271,0.014318,0.9220,0.9768,0.9942,0.9996,-2.6493,-2.5308,0.010190,0.345401,0.510884,4963,0.3338,0.2348,1.5000,0.7958,0.7628
250,1000,250000,35,0.017854,0.000290,0.010668,0.013272,0.022784,0.014317,0.8941,0.9577,0.9817,0.9956,-2.6214,-2.5217,0.010262,0.389747,0.628498,4969,0.3258,0.2300,1.5000,0.7914,0.5579
250,1000,250000,36,0.022096,0.000558,0.016827,0.014447,0.022827,0.014321,0.8954,0.9527,0.9789,0.9922,-2.6156,-2.5041,0.011051,0.420857,0.622007,4970,0.3282,0.2267,1.5000,0.7739,0.6879
250,1000,250000,37,0.017201,0.000250,0.009529,0.013034,0.022274,0.014321,0.9176,0.9715,0.9897,0.9994,-2.6734,-2.5582,0.009859,0.347880,0.557560,4949,0.3327,0.2271,1.5000,0.7454,0.5373
250,1000,250000,38,0.016420,0.000361,0.008039,0.011738,0.022988,0.014317,0.9365,0.9748,0.9877,0.9966,-2.6753,-2.5607,0.009503,0.298395,0.479024,4964,0.2995,0.2144,1.5000,0.7394,0.5908
250,1000,250000,39,0.017014,0.000370,0.009192,0.011829,0.022871,0.014317,0.9245,0.9720,0.9869,0.9988,-2.6888,-2.5679,0.009577,0.300885,0.484785,4966,0.3178,0.2284,1.5000,0.7610,0.5602
250,1000,250000,40,0.016719,0.000372,0.008635,0.011789,0.021813,0.014317,0.9431,0.9796,0.9917,0.9986,-2.7363,-2.6001,0.009306,0.296209,0.459583,4956,0.3166,0.2300,1.5000,0.6977,0.6305
250,1000,250000,41,0.018840,0.000393,0.012239,0.013143,0.023023,0.014322,0.9251,0.9778,0.9905,0.9974,-2.6618,-2.5399,0.010183,0.341011,0.507456,4965,0.3048,0.2222,1.5000,0.7158,0.6840
250,1000,250000,42,0.020820,0.000354,0.015114,0.014525,0.022150,0.014319,0.8871,0.9557,0.9791,0.9930,-2.6298,-2.5176,0.010923,0.439170,0.659613,4968,0.3407,0.2460,1.5000,0.7568,0.6904
250,1000,250000,43,0.016807,0.000252,0.008803,0.012400,0.023102,0.014317,0.9211,0.9766,0.9927,0.9990,-2.6621,-2.5462,0.009811,0.326404,0.496643,4956,0.3024,0.2259,1.5000,0.7015,0.6949
250,1000,250000,44,0.016571,0.000394,0.008338,0.011268,0.022510,0.014321,0.9535,0.9821,0.9893,0.9938,-2.7222,-2.5843,0.009312,0.282310,0.426954,4964,0.3404,0.2422,1.5000,0.7766,0.7244
250,1000,250000,45,0.017960,0.000420,0.010836,0.012374,0.022169,0.014322,0.9173,0.9677,0.9843,0.9948,-2.6915,-2.5670,0.009803,0.340588,0.540090,4955,0.3146,0.2139,1.5000,0.6651,0.5091
250,1000,250000,46,0.021057,0.000591,0.015444,0.014212,0.023497,0.014314,0.9055,0.9629,0.9829,0.9982,-2.6093,-2.5102,0.010775,0.381469,0.611909,4963,0.3027,0.2286,1.5000,0.7974,0.4926
250,1000,250000,47,0.018442,0.000445,0.011624,0.012373,0.022522,0.014318,0.9170,0.9657,0.9867,0.9935,-2.6820,-2.5561,0.009931,0.338931,0.519824,4961,0.3123,0.2266,1.5000,0.7472,0.6125
250,1000,250000,48,0.018004,0.000332,0.010914,0.012626,0.023824,0.014318,0.9289,0.9716,0.9899,0.9964,-2.6374,-2.5187,0.010141,0.330092,0.469130,4964,0.3198,0.2231,1.5000,0.7099,0.8462
250,1000,250000,49,0.019857,0.000589,0.013761,0.012850,0.022027,0.014315,0.9165,0.9576,0.9796,0.9895,-2.6797,-2.5553,0.010148,0.371723,0.552679,4957,0.3021,0.2270,1.5000,0.6841,0.6165
250,1000,250000,50,0.018157,0.000295,0.011161,0.013177,0.021998,0.014321,0.9066,0.9667,0.9889,0.9974,-2.6667,-2.5543,0.010049,0.371885,0.571758,4957,0.3073,0.2290,1.5000,0.6917,0.6562
250,10000,2500000,1,0.013146,0.000289,0.012342,0.008501,0.016763,0.004527,0.9327,0.9704,0.9849,0.9889,-3.0274,-2.9953,0.006777,0.400220,0.452787,4962,0.3409,0.2431,1.5000,0.7308,0.0500
250,10000,2500000,2,0.014033,0.000346,0.013283,0.008689,0.016711,0.004527,0.9287,0.9696,0.9853,0.9893,-3.0317,-2.9969,0.006916,0.404536,0.451845,4964,0.3262,0.2294,1.5000,0.6627,0.0500
250,10000,2500000,3,0.015897,0.000408,0.015238,0.009299,0.017010,0.004528,0.9314,0.9651,0.9778,0.9798,-2.9989,-2.9669,0.007376,0.436685,0.483646,4959,0.3260,0.2343,1.5000,0.6050,0.0500
250,10000,2500000,4,0.014966,0.000616,0.014265,0.008480,0.017803,0.004527,0.9641,0.9845,0.9931,0.9939,-3.0276,-2.9907,0.006896,0.317440,0.346231,4957,0.3395,0.2371,1.5000,0.6520,0.4877
250,10000,2500000,5,0.011771,0.000325,0.010865,0.007420,0.017126,0.004528,0.9601,0.9805,0.9895,0.9913,-3.0606,-3.0229,0.006277,0.305268,0.338635,4965,0.3355,0.2425,1.5000,0.7071,0.4621
250,10000,2500000,6,0.010880,0.000200,0.009893,0.007401,0.017263,0.004527,0.9666,0.9887,0.9960,0.9984,-3.0636,-3.0291,0.006155,0.281473,0.321151,4963,0.3286,0.2436,1.5000,0.6495,0.0500
250,10000,2500000,7,0.013780,0.000635,0.013015,0.007845,0.016730,0.004528,0.9596,0.9816,0.9919,0.9933,-3.0678,-3.0324,0.006450,0.322867,0.362251,4953,0.3384,0.2348,1.5000,0.6167,0.3175
250,10000,2500000,8,0.013652,0.000321,0.012879,0.008330,0.017683,0.004529,0.9419,0.9764,0.9915,0.9939,-3.0214,-2.9878,0.006826,0.331238,0.370075,4958,0.3284,0.2364,1.5000,0.6203,0.0500
250,10000,2500000,9,0.020333,0.000494,0.019823,0.011397,0.016730,0.004527,0.8832,0.9293,0.9556,0.9614,-2.9077,-2.8779,0.008850,0.645131,0.703911,4950,0.3214,0.2341,1.5000,0.6694,0.1559
250,10000,2500000,10,0.011900,0.000260,0.011005,0.007931,0.016470,0.004527,0.9470,0.9845,0.9931,0.9958,-3.0692,-3.0355,0.006325,0.342248,0.388365,4963,0.3283,0.2356,1.5000,0.6281,0.0500
250,10000,2500000,11,0.011772,0.000250,0.010867,0.007872,0.016249,0.004526,0.9520,0.9830,0.9937,0.9952,-3.0914,-3.0541,0.006241,0.334361,0.376733,4955,0.3543,0.2580,1.5000,0.6436,0.0500
250,10000,2500000,12,0.011772,0.000275,0.010867,0.007720,0.017244,0.004528,0.9553,0.9839,0.9946,0.9960,-3.0478,-3.0132,0.006342,0.304806,0.340060,4968,0.3214,0.2330,1.5000,0.6454,0.4472
250,10000,2500000,13,0.012833,0.000310,0.012007,0.007801,0.016707,0.004528,0.9494,0.9734,0.9861,0.9877,-3.0586,-3.0208,0.006502,0.341966,0.372498,4963,0.3309,0.2337,1.5000,0.6206,0.4894
250,10000,2500000,14,0.014689,0.000388,0.013974,0.009122,0.016744,0.004526,0.9385,0.9701,0.9850,0.9889,-3.0156,-2.9838,0.007077,0.419946,0.468686,4946,0.3385,0.2470,1.5000,0.6639,0.3234
250,10000,2500000,15,0.010502,0.000216,0.009476,0.007050,0.017136,0.004527,0.9678,0.9869,0.9938,0.9958,-3.0748,-3.0376,0.005985,0.263359,0.296030,4962,0.3366,0.2440,1.5000,0.7224,0.3876
250,10000,2500000,16,0.010876,0.000251,0.009888,0.007059,0.016868,0.004528,0.9696,0.9897,0.9966,0.9980,-3.0897,-3.0526,0.005979,0.260860,0.290962,4966,0.3262,0.2394,1.5000,0.6239,0.0500
250,10000,2500000,17,0.009993,0.000181,0.008908,0.006895,0.016574,0.004527,0.9702,0.9926,0.9970,0.9988,-3.1122,-3.0741,0.005800,0.263387,0.301502,4972,0.3390,0.2451,1.5000,0.6478,0.0500
250,10000,2500000,18,0.011559,0.000283,0.010635,0.007359,0.017301,0.004529,0.9661,0.9897,0.9968,0.9978,-3.0714,-3.0343,0.006197,0.274497,0.309730,4961,0.3358,0.2463,1.5000,0.6637,0.0500
250,10000,2500000,19,0.013516,0.000415,0.012735,0.008512,0.017277,0.004528,0.9498,0.9786,0.9907,0.9925,-3.0281,-2.9934,0.006775,0.351214,0.392162,4962,0.3406,0.2427,1.5000,0.6496,0.0500
250,10000,2500000,20,0.012554,0.000271,0.011708,0.008184,0.016478,0.004528,0.9405,0.9756,0.9881,0.9899,-3.0503,-3.0148,0.006549,0.374488,0.416951,4956,0.3345,0.2426,1.5000,0.6958,0.0500
250,10000,2500000,21,0.010706,0.000224,0.009702,0.007257,0.018384,0.004528,0.9764,0.9935,0.9982,0.9988,-3.0245,-2.9908,0.006236,0.240227,0.263707,4957,0.3248,0.2364,1.5000,0.6469,0.7555
250,10000,2500000,22,0.011876,0.000389,0.010979,0.007228,0.017195,0.004528,0.9706,0.9907,0.9972,0.9984,-3.0873,-3.0493,0.006078,0.248806,0.280339,4970,0.3194,0.2332,1.5000,0.6322,0.0500
250,10000,2500000,23,0.014678,0.000517,0.013962,0.008405,0.017620,0.004527,0.9442,0.9744,0.9891,0.9899,-3.0225,-2.9867,0.006929,0.347446,0.384954,4963,0.3222,0.2299,1.5000,0.6344,0.3317
250,10000,2500000,24,0.012719,0.000254,0.011886,0.008475,0.016806,0.004527,0.9422,0.9817,0.9950,0.9972,-3.0511,-3.0163,0.006624,0.357502,0.402528,4965,0.3347,0.2483,1.5000,0.6360,0.0500
250,10000,2500000,25,0.011159,0.000222,0.010199,0.007556,0.017629,0.004528,0.9658,0.9867,0.9932,0.9942,-3.0363,-3.0030,0.006317,0.294388,0.331824,4966,0.3256,0.2448,1.5000,0.6484,0.0500
250,10000,2500000,26,0.011620,0.000210,0.010702,0.007973,0.017667,0.004527,0.9579,0.9885,0.9978,0.9990,-3.0257,-2.9925,0.006477,0.309577,0.342376,4963,0.3371,0.2471,1.5000,0.6613,0.6005
250,10000,2500000,27,0.012148,0.000290,0.011273,0.007864,0.017022,0.004527,0.9554,0.9784,0.9895,0.9919,-3.0515,-3.0164,0.006421,0.328780,0.369401,4953,0.3460,0.2449,1.5000,0.7000,0.0500
250,10000,2500000,28,0.012267,0.000352,0.011401,0.007985,0.017254,0.004528,0.9538,0.9794,0.9891,0.9915,-3.0490,-3.0158,0.006459,0.328134,0.375987,4962,0.3415,0.2434,1.5000,0.6218,0.0500
250,10000,2500000,29,0.010412,0.000196,0.009376,0.007012,0.017258,0.004528,0.9722,0.9903,0.9964,0.9976,-3.0800,-3.0428,0.005965,0.247373,0.277760,4971,0.3435,0.2453,1.5000,0.6250,0.0500
250,10000,2500000,30,0.011958,0.000283,0.011068,0.007594,0.017101,0.004527,0.9600,0.9885,0.9958,0.9968,-3.0841,-3.0452,0.006241,0.281550,0.315871,4956,0.3338,0.2386,1.5000,0.6036,0.0500
250,10000,2500000,31,0.015445,0.000590,0.014767,0.008463,0.016779,0.004528,0.9459,0.9730,0.9853,0.9871,-3.0417,-3.0069,0.006907,0.375213,0.417521,4956,0.3285,0.2339,1.5000,0.6223,0.3002
250,10000,2500000,32,0.013764,0.000458,0.012998,0.008328,0.017254,0.004527,0.9571,0.9831,0.9931,0.9946,-3.0476,-3.0102,0.006687,0.323809,0.356690,4962,0.3526,0.2426,1.5000,0.6398,0.3783
250,10000,2500000,33,0.019784,0.001060,0.019259,0.009647,0.017476,0.004526,0.9547,0.9807,0.9887,0.9893,-3.0277,-2.9886,0.007555,0.379420,0.417616,4969,0.3480,0.2447,1.5000,0.6676,0.0500
250,10000,2500000,34,0.013919,0.000389,0.013163,0.008533,0.016831,0.004528,0.9349,0.9754,0.9881,0.9909,-3.0435,-3.0084,0.006818,0.382229,0.428986,4963,0.3351,0.2375,1.5000,0.6496,0.0500
250,10000,2500000,35,0.012057,0.000290,0.011174,0.007923,0.018170,0.004527,0.9624,0.9869,0.9915,0.9940,-3.0199,-2.9847,0.006557,0.290940,0.325527,4969,0.3245,0.2309,1.5000,0.6833,0.0500
250,10000,2500000,36,0.016358,0.000501,0.015719,0.009493,0.017583,0.004529,0.9266,0.9692,0.9873,0.9901,-2.9866,-2.9542,0.007468,0.411951,0.457247,4970,0.3427,0.2409,1.5000,0.6944,0.1774
250,10000,2500000,37,0.013611,0.000349,0.012836,0.008735,0.017763,0.004529,0.9535,0.9792,0.9903,0.9929,-3.0070,-2.9750,0.006893,0.338712,0.378217,4949,0.3409,0.2375,1.5000,0.6494,0.3829
250,10000,2500000,38,0.012323,0.000389,0.011462,0.007731,0.016934,0.004527,0.9647,0.9893,0.9960,0.9968,-3.0723,-3.0375,0.006282,0.295679,0.335448,4964,0.3234,0.2312,1.5000,0.6315,0.0500
250,10000,2500000,39,0.014375,0.000592,0.013644,0.008062,0.017540,0.004527,0.9621,0.9847,0.9909,0.9936,-3.0410,-3.0063,0.006666,0.312883,0.351388,4966,0.3347,0.2383,1.5000,0.6540,0.0500
250,10000,2500000,40,0.013188,0.000403,0.012386,0.007944,0.017272,0.004527,0.9600,0.9901,0.9970,0.9988,-3.0541,-3.0220,0.006477,0.293891,0.334086,4956,0.3104,0.2257,1.5000,0.5964,0.0500
250,10000,2500000,41,0.014916,0.000489,0.014212,0.008517,0.016629,0.004529,0.9444,0.9732,0.9875,0.9887,-3.0643,-3.0243,0.006840,0.366281,0.404226,4965,0.3406,0.2410,1.5000,0.6292,0.0500
250,10000,2500000,42,0.014497,0.000308,0.013772,0.009206,0.017036,0.004528,0.9344,0.9771,0.9913,0.9926,-3.0325,-2.9945,0.007084,0.389728,0.427467,4968,0.3390,0.2443,1.5000,0.6423,0.5040
250,10000,2500000,43,0.012088,0.000258,0.011208,0.007951,0.017046,0.004527,0.9598,0.9895,0.9982,0.9990,-3.0690,-3.0311,0.006397,0.307001,0.342277,4956,0.3413,0.2493,1.5000,0.6300,0.0500
250,10000,2500000,44,0.011777,0.000228,0.010872,0.008042,0.017603,0.004529,0.9645,0.9881,0.9952,0.9970,-3.0346,-3.0017,0.006452,0.305134,0.345218,4964,0.3324,0.2446,1.5000,0.6725,0.2829
250,10000,2500000,45,0.012184,0.000402,0.011311,0.007452,0.017400,0.004529,0.9695,0.9861,0.9919,0.9948,-3.0680,-3.0299,0.006266,0.274834,0.307468,4955,0.3298,0.2318,1.5000,0.5898,0.0500
250,10000,2500000,46,0.017825,0.000776,0.017240,0.008798,0.017559,0.004526,0.9496,0.9734,0.9839,0.9863,-3.0337,-2.9973,0.007223,0.341971,0.382073,4963,0.3342,0.2381,1.5000,0.6792,0.0500
250,10000,2500000,47,0.015340,0.000500,0.014656,0.008993,0.017770,0.004528,0.9478,0.9776,0.9869,0.9887,-2.9982,-2.9643,0.007187,0.366551,0.403065,4961,0.3362,0.2366,1.5000,0.6687,0.4325
250,10000,2500000,48,0.013403,0.000269,0.012615,0.008881,0.017191,0.004528,0.9382,0.9744,0.9903,0.9934,-3.0098,-2.9794,0.006923,0.389392,0.440197,4964,0.3418,0.2391,1.5000,0.6257,0.0500
250,10000,2500000,49,0.013586,0.000522,0.012809,0.007883,0.017266,0.004527,0.9570,0.9835,0.9923,0.9944,-3.0522,-3.0172,0.006516,0.302116,0.337269,4957,0.3199,0.2335,1.5000,0.6077,0.0500
250,10000,2500000,50,0.011533,0.000269,0.010607,0.007416,0.016883,0.004529,0.9623,0.9867,0.9958,0.9972,-3.0783,-3.0426,0.006157,0.285348,0.321133,4957,0.3325,0.2359,1.5000,0.6139,0.0500
250,100000,25000000,1,0.012675,0.000320,0.012594,0.007319,0.015626,0.001432,0.9416,0.9700,0.9849,0.9849,-3.1370,-3.1311,0.006118,0.371039,0.374607,4962,0.3483,0.2499,1.5000,0.6970,0.0500
250,100000,25000000,2,0.013031,0.000355,0.012952,0.007398,0.015968,0.001431,0.9525,0.9819,0.9903,0.9903,-3.1336,-3.1281,0.006154,0.335723,0.339210,4964,0.3297,0.2350,1.5000,0.6445,0.0500
250,100000,25000000,3,0.015493,0.000432,0.015427,0.008162,0.015952,0.001432,0.9314,0.9623,0.9752,0.9754,-3.0874,-3.0821,0.006792,0.432302,0.435773,4959,0.3406,0.2424,1.5000,0.5898,0.0500
250,100000,25000000,4,0.014340,0.000558,0.014268,0.007491,0.016560,0.001432,0.9625,0.9851,0.9917,0.9917,-3.1267,-3.1211,0.006293,0.295089,0.297208,4957,0.3423,0.2402,1.5000,0.6182,0.8866
250,100000,25000000,5,0.010936,0.000320,0.010842,0.006387,0.015939,0.001432,0.9644,0.9776,0.9893,0.9893,-3.1644,-3.1583,0.005596,0.279627,0.282142,4965,0.3380,0.2463,1.5000,0.6727,0.0500
250,100000,25000000,6,0.010260,0.000219,0.010160,0.006348,0.016341,0.001432,0.9766,0.9913,0.9966,0.9966,-3.1591,-3.1535,0.005534,0.237585,0.239951,4963,0.3336,0.2428,1.5000,0.6185,0.0500
250,100000,25000000,7,0.012785,0.000619,0.012705,0.006652,0.015697,0.001432,0.9610,0.9832,0.9929,0.9931,-3.1696,-3.1639,0.005757,0.286730,0.289486,4953,0.3377,0.2381,1.5000,0.5849,0.0500
250,100000,25000000,8,0.011899,0.000298,0.011813,0.006720,0.016673,0.001432,0.9653,0.9883,0.9970,0.9970,-3.1407,-3.1352,0.005860,0.246967,0.249310,4958,0.3353,0.2411,1.5000,0.5974,0.0500
250,100000,25000000,9,0.019825,0.000508,0.019773,0.010076,0.015242,0.001432,0.8885,0.9216,0.9477,0.9487,-3.0089,-3.0033,0.008163,0.683745,0.688816,4950,0.3306,0.2376,1.5000,0.6250,0.0500
250,100000,25000000,10,0.010870,0.000296,0.010776,0.006350,0.015895,0.001432,0.9657,0.9865,0.9942,0.9946,-3.1631,-3.1576,0.005571,0.269274,0.271959,4963,0.3346,0.2362,1.5000,0.6136,0.0500
250,100000,25000000,11,0.010612,0.000257,0.010515,0.006319,0.015615,0.001431,0.9653,0.9841,0.9939,0.9939,-3.1811,-3.1754,0.005509,0.273821,0.276780,4955,0.3522,0.2567,1.5000,0.6150,0.0500
250,100000,25000000,12,0.010105,0.000247,0.010003,0.006263,0.016168,0.001432,0.9734,0.9911,0.9980,0.9980,-3.1662,-3.1605,0.005449,0.236113,0.238387,4968,0.3345,0.2385,1.5000,0.6288,0.0500
250,100000,25000000,13,0.012341,0.000320,0.012258,0.006939,0.015544,0.001432,0.9448,0.9694,0.9823,0.9825,-3.1395,-3.1342,0.005978,0.358590,0.361930,4963,0.3327,0.2394,1.5000,0.5943,0.0500
250,100000,25000000,14,0.013717,0.000372,0.013642,0.007637,0.015746,0.001431,0.9476,0.9723,0.9858,0.9860,-3.1242,-3.1188,0.006323,0.374732,0.378550,4946,0.3423,0.2472,1.5000,0.6301,0.0500
250,100000,25000000,15,0.010303,0.000241,0.010203,0.006259,0.015935,0.001432,0.9694,0.9875,0.9933,0.9933,-3.1671,-3.1612,0.005491,0.259266,0.261779,4962,0.3421,0.2484,1.5000,0.6876,0.0500
250,100000,25000000,16,0.010574,0.000278,0.010477,0.006268,0.016009,0.001432,0.9730,0.9919,0.9984,0.9984,-3.1659,-3.1606,0.005507,0.240855,0.243061,4966,0.3253,0.2417,1.5000,0.5937,0.0500
250,100000,25000000,17,0.009157,0.000200,0.009045,0.005727,0.016069,0.001432,0.9841,0.9966,0.9998,0.9998,-3.1947,-3.1888,0.005179,0.196312,0.198183,4972,0.3373,0.2428,1.5000,0.6232,0.0500
250,100000,25000000,18,0.010813,0.000305,0.010717,0.006187,0.016222,0.001432,0.9746,0.9901,0.9958,0.9958,-3.1717,-3.1659,0.005521,0.236088,0.238395,4961,0.3418,0.2467,1.5000,0.6282,0.0500
250,100000,25000000,19,0.012735,0.000473,0.012654,0.007196,0.016022,0.001432,0.9528,0.9786,0.9889,0.9891,-3.1309,-3.1252,0.006049,0.334851,0.338003,4962,0.3501,0.2489,1.5000,0.6195,0.0500
250,100000,25000000,20,0.011559,0.000268,0.011470,0.006920,0.015693,0.001432,0.9550,0.9814,0.9901,0.9901,-3.1458,-3.1401,0.005840,0.320981,0.323667,4956,0.3352,0.2430,1.5000,0.6642,0.0500
250,100000,25000000,21,0.009766,0.000235,0.009661,0.006111,0.016747,0.001432,0.9786,0.9909,0.9976,0.9978,-3.1483,-3.1429,0.005457,0.215281,0.217502,4957,0.3293,0.2360,1.5000,0.6075,0.0500
250,100000,25000000,22,0.011569,0.000428,0.011480,0.005938,0.016396,0.001432,0.9730,0.9887,0.9960,0.9960,-3.1689,-3.1633,0.005517,0.210793,0.212820,4970,0.3253,0.2367,1.5000,0.6134,0.0500
250,100000,25000000,23,0.013713,0.000566,0.013638,0.007189,0.016332,0.001432,0.9545,0.9799,0.9911,0.9913,-3.1374,-3.1316,0.006135,0.308602,0.311643,4963,0.3334,0.2336,1.5000,0.6066,0.0500
250,100000,25000000,24,0.011250,0.000270,0.011159,0.006668,0.015937,0.001432,0.9641,0.9885,0.9964,0.9966,-3.1637,-3.1578,0.005724,0.280880,0.283507,4965,0.3363,0.2489,1.5000,0.6053,0.0500
250,100000,25000000,25,0.009376,0.000220,0.009266,0.005777,0.016685,0.001432,0.9768,0.9921,0.9962,0.9962,-3.1519,-3.1464,0.005372,0.208770,0.210688,4966,0.3282,0.2459,1.5000,0.6185,0.0500
250,100000,25000000,26,0.010410,0.000228,0.010312,0.006298,0.015974,0.001432,0.9633,0.9859,0.9944,0.9944,-3.1637,-3.1581,0.005562,0.275486,0.278579,4963,0.3470,0.2519,1.5000,0.6233,0.0500
250,100000,25000000,27,0.010596,0.000283,0.010499,0.006257,0.016170,0.001432,0.9689,0.9873,0.9945,0.9945,-3.1652,-3.1594,0.005519,0.242309,0.244472,4953,0.3404,0.2419,1.5000,0.6554,0.0500
250,100000,25000000,28,0.011824,0.000407,0.011737,0.006969,0.016297,0.001432,0.9653,0.9855,0.9913,0.9915,-3.1454,-3.1396,0.005872,0.294832,0.297823,4962,0.3485,0.2452,1.5000,0.5956,0.0500
250,100000,25000000,29,0.009063,0.000180,0.008949,0.005755,0.016445,0.001432,0.9875,0.9966,0.9980,0.9980,-3.1744,-3.1688,0.005216,0.183982,0.185705,4971,0.3438,0.2473,1.5000,0.5980,0.0500
250,100000,25000000,30,0.011087,0.000295,0.010995,0.006304,0.016389,0.001432,0.9695,0.9895,0.9976,0.9976,-3.1647,-3.1588,0.005624,0.238112,0.240188,4956,0.3366,0.2452,1.5000,0.5898,0.0500
250,100000,25000000,31,0.014796,0.000615,0.014726,0.007360,0.015769,0.001432,0.9477,0.9738,0.9859,0.9863,-3.1353,-3.1298,0.006271,0.354448,0.357811,4956,0.3340,0.2386,1.5000,0.5983,0.0500
250,100000,25000000,32,0.013916,0.000470,0.013842,0.007626,0.015645,0.001432,0.9448,0.9748,0.9873,0.9873,-3.1406,-3.1347,0.006276,0.368241,0.371530,4962,0.3623,0.2460,1.5000,0.5963,0.0500
250,100000,25000000,33,0.017602,0.001033,0.017544,0.007780,0.016579,0.001431,0.9710,0.9843,0.9915,0.9917,-3.1430,-3.1370,0.006466,0.290119,0.292563,4969,0.3509,0.2457,1.5000,0.6390,0.0500
250,100000,25000000,34,0.012995,0.000395,0.012916,0.007328,0.015919,0.001432,0.9533,0.9831,0.9905,0.9905,-3.1463,-3.1405,0.006096,0.331914,0.335116,4963,0.3446,0.2416,1.5000,0.6287,0.0500
250,100000,25000000,35,0.010999,0.000306,0.010906,0.006494,0.017011,0.001432,0.9726,0.9877,0.9932,0.9934,-3.1260,-3.1203,0.005775,0.243679,0.245755,4969,0.3342,0.2389,1.5000,0.6604,0.0500
250,100000,25000000,36,0.015739,0.000531,0.015674,0.008324,0.016286,0.001432,0.9326,0.9734,0.9887,0.9889,-3.0980,-3.0924,0.006759,0.385860,0.389118,4970,0.3438,0.2432,1.5000,0.6486,0.0500
250,100000,25000000,37,0.012390,0.000391,0.012307,0.006853,0.016312,0.001432,0.9622,0.9840,0.9925,0.9929,-3.1438,-3.1379,0.005931,0.278101,0.280443,4949,0.3430,0.2402,1.5000,0.6052,0.0500
250,100000,25000000,38,0.011063,0.000405,0.010970,0.005928,0.016117,0.001432,0.9728,0.9889,0.9970,0.9970,-3.1802,-3.1745,0.005426,0.217054,0.219098,4964,0.3310,0.2369,1.5000,0.6151,0.0500
250,100000,25000000,39,0.013416,0.000646,0.013339,0.006841,0.016588,0.001432,0.9728,0.9895,0.9950,0.9950,-3.1384,-3.1329,0.005919,0.266282,0.268868,4966,0.3427,0.2408,1.5000,0.6296,0.0500
250,100000,25000000,40,0.012290,0.000421,0.012207,0.006683,0.015944,0.001432,0.9685,0.9887,0.9956,0.9958,-3.1727,-3.1671,0.005721,0.255513,0.257848,4956,0.3261,0.2370,1.5000,0.5773,0.0500
250,100000,25000000,41,0.014799,0.000492,0.014730,0.007599,0.015888,0.001432,0.9422,0.9674,0.9833,0.9833,-3.1313,-3.1254,0.006413,0.358591,0.361457,4965,0.3405,0.2385,1.5000,0.5983,0.0500
250,100000,25000000,42,0.013539,0.000313,0.013463,0.007828,0.015929,0.001432,0.9402,0.9758,0.9903,0.9905,-3.1347,-3.1288,0.006346,0.364219,0.367625,4968,0.3467,0.2507,1.5000,0.6236,0.0500
250,100000,25000000,43,0.011997,0.000289,0.011911,0.006996,0.016010,0.001432,0.9540,0.9820,0.9911,0.9911,-3.1442,-3.1385,0.005950,0.314689,0.317596,4956,0.3443,0.2504,1.5000,0.5950,0.0500
250,100000,25000000,44,0.010356,0.000225,0.010257,0.006728,0.016422,0.001432,0.9821,0.9952,0.9976,0.9978,-3.1546,-3.1490,0.005600,0.244089,0.246770,4964,0.3486,0.2510,1.5000,0.6526,0.0500
250,100000,25000000,45,0.011640,0.000406,0.011552,0.006507,0.016502,0.001432,0.9734,0.9873,0.9927,0.9929,-3.1472,-3.1415,0.005732,0.253236,0.255388,4955,0.3395,0.2378,1.5000,0.5736,0.0500
250,100000,25000000,46,0.017561,0.000759,0.017502,0.008190,0.016501,0.001431,0.9438,0.9718,0.9845,0.9845,-3.1099,-3.1041,0.006813,0.351563,0.354401,4963,0.3410,0.2435,1.5000,0.6521,0.0500
250,100000,25000000,47,0.015186,0.000550,0.015118,0.008056,0.015972,0.001432,0.9444,0.9744,0.9869,0.9869,-3.1206,-3.1146,0.006562,0.375937,0.378866,4961,0.3489,0.2448,1.5000,0.6277,0.0500
250,100000,25000000,48,0.012135,0.000298,0.012051,0.007041,0.016316,0.001432,0.9617,0.9811,0.9897,0.9899,-3.1301,-3.1246,0.005989,0.301236,0.304326,4964,0.3464,0.2399,1.5000,0.5979,0.0500
250,100000,25000000,49,0.013075,0.000525,0.012996,0.006898,0.015974,0.001432,0.9627,0.9831,0.9907,0.9909,-3.1565,-3.1508,0.005894,0.282047,0.284406,4957,0.3296,0.2394,1.5000,0.5785,0.0500
250,100000,25000000,50,0.011768,0.000310,0.011681,0.006915,0.015865,0.001432,0.9613,0.9839,0.9948,0.9948,-3.1533,-3.1479,0.005804,0.293046,0.295834,4957,0.3380,0.2382,1.5000,0.5846,0.0500
250,Inf,Inf,1,0.012463,0.000327,0.012463,0.006983,0.015608,0.000000,0.9458,0.9720,0.9851,0.9851,-3.1515,-3.1515,0.005979,0.347919,0.347919,4962,0.3487,0.2503,1.5000,0.6971,0.3873
250,Inf,Inf,2,0.013050,0.000367,0.013050,0.007192,0.015851,0.000000,0.9543,0.9803,0.9899,0.9899,-3.1456,-3.1456,0.006088,0.329892,0.329892,4964,0.3286,0.2353,1.5000,0.6390,0.3873
250,Inf,Inf,3,0.015270,0.000433,0.015270,0.007814,0.015895,0.000000,0.9341,0.9645,0.9766,0.9766,-3.1020,-3.1020,0.006659,0.413913,0.413913,4959,0.3414,0.2429,1.5000,0.5892,0.3873
250,Inf,Inf,4,0.014358,0.000564,0.014358,0.007317,0.016140,0.000000,0.9605,0.9833,0.9907,0.9907,-3.1522,-3.1522,0.006192,0.300894,0.300894,4957,0.3430,0.2410,1.5000,0.6069,0.3873
250,Inf,Inf,5,0.010676,0.000322,0.010676,0.006064,0.015876,0.000000,0.9646,0.9789,0.9899,0.9899,-3.1771,-3.1771,0.005471,0.264673,0.264673,4965,0.3385,0.2462,1.5000,0.6704,0.3873
250,Inf,Inf,6,0.010026,0.000218,0.010026,0.005961,0.016211,0.000000,0.9770,0.9909,0.9970,0.9970,-3.1758,-3.1758,0.005400,0.222582,0.222582,4963,0.3339,0.2433,1.5000,0.6146,0.3873
250,Inf,Inf,7,0.013031,0.000652,0.013031,0.006619,0.015657,0.000000,0.9626,0.9834,0.9921,0.9921,-3.1734,-3.1734,0.005750,0.287037,0.287037,4953,0.3382,0.2373,1.5000,0.5828,0.3873
250,Inf,Inf,8,0.011994,0.000303,0.011994,0.006570,0.016522,0.000000,0.9629,0.9873,0.9958,0.9958,-3.1518,-3.1518,0.005818,0.245223,0.245223,4958,0.3362,0.2413,1.5000,0.5930,0.3873
250,Inf,Inf,9,0.019476,0.000502,0.019476,0.009707,0.015095,0.000000,0.8887,0.9212,0.9489,0.9489,-3.0292,-3.0292,0.007984,0.667696,0.667696,4950,0.3313,0.2384,1.5000,0.6207,0.3873
250,Inf,Inf,10,0.010842,0.000294,0.010842,0.006224,0.015702,0.000000,0.9635,0.9845,0.9940,0.9940,-3.1763,-3.1763,0.005505,0.270152,0.270152,4963,0.3354,0.2374,1.5000,0.6086,0.3873
250,Inf,Inf,11,0.010608,0.000263,0.010608,0.006157,0.015529,0.000000,0.9647,0.9845,0.9935,0.9935,-3.1903,-3.1903,0.005454,0.269567,0.269567,4955,0.3525,0.2576,1.5000,0.6128,0.3873
250,Inf,Inf,12,0.010279,0.000282,0.010279,0.006153,0.015944,0.000000,0.9734,0.9887,0.9974,0.9974,-3.1803,-3.1803,0.005400,0.238056,0.238056,4968,0.3354,0.2396,1.5000,0.6229,0.3873
250,Inf,Inf,13,0.012170,0.000322,0.012170,0.006680,0.015540,0.000000,0.9486,0.9710,0.9831,0.9831,-3.1514,-3.1514,0.005867,0.338736,0.338736,4963,0.3315,0.2384,1.5000,0.5914,0.3873
250,Inf,Inf,14,0.013941,0.000371,0.013941,0.007599,0.015479,0.000000,0.9424,0.9705,0.9840,0.9840,-3.1356,-3.1356,0.006331,0.390031,0.390031,4946,0.3443,0.2496,1.5000,0.6243,0.3873
250,Inf,Inf,15,0.010259,0.000244,0.010259,0.006141,0.015777,0.000000,0.9718,0.9881,0.9933,0.9933,-3.1802,-3.1802,0.005419,0.255581,0.255581,4962,0.3426,0.2483,1.5000,0.6809,0.3873
250,Inf,Inf,16,0.010481,0.000278,0.010481,0.006090,0.015842,0.000000,0.9720,0.9917,0.9980,0.9980,-3.1780,-3.1780,0.005431,0.239909,0.239909,4966,0.3267,0.2428,1.5000,0.5903,0.3873
250,Inf,Inf,17,0.009097,0.000202,0.009097,0.005553,0.015855,0.000000,0.9811,0.9970,0.9990,0.9990,-3.2093,-3.2093,0.005099,0.195476,0.195476,4972,0.3331,0.2414,1.5000,0.6094,0.3873
250,Inf,Inf,18,0.010823,0.000313,0.010823,0.005990,0.016153,0.000000,0.9718,0.9887,0.9952,0.9952,-3.1777,-3.1777,0.005476,0.234953,0.234953,4961,0.3405,0.2460,1.5000,0.6235,0.3873
250,Inf,Inf,19,0.012532,0.000465,0.012532,0.006976,0.015903,0.000000,0.9532,0.9792,0.9893,0.9893,-3.1467,-3.1467,0.005935,0.321368,0.321368,4962,0.3521,0.2490,1.5000,0.6164,0.3873
250,Inf,Inf,20,0.011561,0.000267,0.011561,0.006782,0.015584,0.000000,0.9530,0.9806,0.9899,0.9899,-3.1549,-3.1549,0.005797,0.319359,0.319359,4956,0.3325,0.2431,1.5000,0.6570,0.3873
250,Inf,Inf,21,0.009616,0.000239,0.009616,0.005813,0.016565,0.000000,0.9798,0.9915,0.9974,0.9974,-3.1665,-3.1665,0.005332,0.202819,0.202819,4957,0.3298,0.2370,1.5000,0.6028,0.3873
250,Inf,Inf,22,0.011408,0.000421,0.011408,0.005719,0.016212,0.000000,0.9726,0.9883,0.9960,0.9960,-3.1835,-3.1835,0.005424,0.206425,0.206425,4970,0.3269,0.2375,1.5000,0.6087,0.3873
250,Inf,Inf,23,0.013832,0.000565,0.013832,0.007073,0.016199,0.000000,0.9502,0.9770,0.9901,0.9901,-3.1429,-3.1429,0.006124,0.317118,0.317118,4963,0.3335,0.2336,1.5000,0.6021,0.3873
250,Inf,Inf,24,0.011475,0.000271,0.011475,0.006694,0.015800,0.000000,0.9575,0.9879,0.9962,0.9962,-3.1682,-3.1682,0.005749,0.291920,0.291920,4965,0.3366,0.2495,1.5000,0.6008,0.3873
250,Inf,Inf,25,0.009364,0.000225,0.009364,0.005542,0.016499,0.000000,0.9764,0.9913,0.9956,0.9956,-3.1655,-3.1655,0.005296,0.206033,0.206033,4966,0.3291,0.2471,1.5000,0.6136,0.3873
250,Inf,Inf,26,0.010181,0.000230,0.010181,0.006000,0.015891,0.000000,0.9647,0.9867,0.9942,0.9942,-3.1797,-3.1797,0.005428,0.256716,0.256716,4963,0.3471,0.2504,1.5000,0.6186,0.3873
250,Inf,Inf,27,0.010693,0.000293,0.010693,0.006107,0.016111,0.000000,0.9691,0.9859,0.9921,0.9921,-3.1704,-3.1704,0.005490,0.241462,0.241462,4953,0.3414,0.2429,1.5000,0.6551,0.3873
250,Inf,Inf,28,0.011532,0.000404,0.011532,0.006606,0.016201,0.000000,0.9672,0.9865,0.9919,0.9919,-3.1617,-3.1617,0.005721,0.276949,0.276949,4962,0.3465,0.2454,1.5000,0.5909,0.3873
250,Inf,Inf,29,0.008904,0.000182,0.008904,0.005526,0.016383,0.000000,0.9873,0.9964,0.9980,0.9980,-3.1840,-3.1840,0.005130,0.173984,0.173984,4971,0.3448,0.2483,1.5000,0.5976,0.3873
250,Inf,Inf,30,0.010953,0.000296,0.010953,0.006086,0.016301,0.000000,0.9691,0.9903,0.9976,0.9976,-3.1742,-3.1742,0.005544,0.231935,0.231935,4956,0.3365,0.2450,1.5000,0.5863,0.3873
250,Inf,Inf,31,0.014968,0.000623,0.014968,0.007246,0.015452,0.000000,0.9435,0.9695,0.9845,0.9845,-3.1499,-3.1499,0.006239,0.369466,0.369466,4956,0.3368,0.2413,1.5000,0.5923,0.3873
250,Inf,Inf,32,0.013741,0.000483,0.013741,0.007385,0.015585,0.000000,0.9502,0.9776,0.9887,0.9887,-3.1566,-3.1566,0.006145,0.347191,0.347191,4962,0.3619,0.2462,1.5000,0.5939,0.3873
250,Inf,Inf,33,0.017708,0.001041,0.017708,0.007621,0.016467,0.000000,0.9708,0.9851,0.9913,0.9913,-3.1543,-3.1543,0.006410,0.283692,0.283692,4969,0.3544,0.2463,1.5000,0.6382,0.3873
250,Inf,Inf,34,0.012511,0.000392,0.012511,0.006784,0.015902,0.000000,0.9583,0.9851,0.9913,0.9913,-3.1668,-3.1668,0.005869,0.296060,0.296060,4963,0.3443,0.2418,1.5000,0.6283,0.3873
250,Inf,Inf,35,0.010854,0.000295,0.010854,0.006283,0.016783,0.000000,0.9740,0.9879,0.9940,0.9940,-3.1429,-3.1429,0.005675,0.239068,0.239068,4969,0.3385,0.2416,1.5000,0.6593,0.3873
250,Inf,Inf,36,0.015260,0.000510,0.015260,0.008059,0.016165,0.000000,0.9414,0.9757,0.9905,0.9905,-3.1183,-3.1183,0.006568,0.363433,0.363433,4970,0.3440,0.2444,1.5000,0.6456,0.3873
250,Inf,Inf,37,0.012219,0.000397,0.012219,0.006469,0.016145,0.000000,0.9628,0.9836,0.9913,0.9913,-3.1609,-3.1609,0.005796,0.266776,0.266776,4949,0.3441,0.2409,1.5000,0.6007,0.3873
250,Inf,Inf,38,0.010960,0.000402,0.010960,0.005748,0.016012,0.000000,0.9728,0.9887,0.9970,0.9970,-3.1916,-3.1916,0.005347,0.209676,0.209676,4964,0.3329,0.2376,1.5000,0.6137,0.3873
250,Inf,Inf,39,0.013272,0.000645,0.013272,0.006618,0.016472,0.000000,0.9734,0.9897,0.9948,0.9948,-3.1503,-3.1503,0.005829,0.259173,0.259173,4966,0.3426,0.2406,1.5000,0.6251,0.3873
250,Inf,Inf,40,0.012031,0.000414,0.012031,0.006318,0.015880,0.000000,0.9685,0.9903,0.9962,0.9962,-3.1869,-3.1869,0.005591,0.237674,0.237674,4956,0.3262,0.2372,1.5000,0.5750,0.3873
250,Inf,Inf,41,0.014769,0.000496,0.014769,0.007433,0.015835,0.000000,0.9430,0.9676,0.9831,0.9831,-3.1398,-3.1398,0.006348,0.351142,0.351142,4965,0.3412,0.2388,1.5000,0.5973,0.3873
250,Inf,Inf,42,0.013462,0.000316,0.013462,0.007626,0.015703,0.000000,0.9390,0.9736,0.9899,0.9899,-3.1511,-3.1511,0.006257,0.363794,0.363794,4968,0.3487,0.2527,1.5000,0.6188,0.3873
250,Inf,Inf,43,0.011774,0.000283,0.011774,0.006745,0.015843,0.000000,0.9510,0.9808,0.9923,0.9923,-3.1599,-3.1599,0.005835,0.307127,0.307127,4956,0.3434,0.2501,1.5000,0.5882,0.3873
250,Inf,Inf,44,0.010013,0.000229,0.010013,0.006293,0.016311,0.000000,0.9815,0.9956,0.9980,0.9980,-3.1727,-3.1727,0.005435,0.224231,0.224231,4964,0.3456,0.2508,1.5000,0.6452,0.3873
250,Inf,Inf,45,0.011676,0.000413,0.011676,0.006354,0.016387,0.000000,0.9715,0.9861,0.9915,0.9915,-3.1554,-3.1554,0.005682,0.253036,0.253036,4955,0.3387,0.2376,1.5000,0.5688,0.3873
250,Inf,Inf,46,0.017503,0.000761,0.017503,0.007874,0.016475,0.000000,0.9464,0.9732,0.9851,0.9851,-3.1202,-3.1202,0.006727,0.336954,0.336954,4963,0.3405,0.2433,1.5000,0.6500,0.3873
250,Inf,Inf,47,0.015076,0.000541,0.015076,0.007899,0.015810,0.000000,0.9456,0.9730,0.9865,0.9865,-3.1316,-3.1316,0.006491,0.376958,0.376958,4961,0.3476,0.2429,1.5000,0.6180,0.3873
250,Inf,Inf,48,0.012316,0.000301,0.012316,0.007052,0.016093,0.000000,0.9579,0.9793,0.9881,0.9881,-3.1375,-3.1375,0.006000,0.317244,0.317244,4964,0.3473,0.2413,1.5000,0.5924,0.3873
250,Inf,Inf,49,0.012772,0.000537,0.012772,0.006422,0.015894,0.000000,0.9653,0.9837,0.9901,0.9901,-3.1730,-3.1730,0.005724,0.261486,0.261486,4957,0.3304,0.2391,1.5000,0.5757,0.3873
250,Inf,Inf,50,0.011602,0.000313,0.011602,0.006625,0.015779,0.000000,0.9623,0.9843,0.9956,0.9956,-3.1670,-3.1670,0.005691,0.279403,0.279403,4957,0.3394,0.2383,1.5000,0.5825,0.3873
500,100,50000,1,0.023316,0.000259,0.000000,0.018444,0.029319,0.045273,0.9058,0.9695,0.9888,1.0000,-2.3208,-1.9208,0.016373,0.188610,0.616072,4924,0.3038,0.2250,1.5000,0.8535,0.9392
500,100,50000,2,0.022356,0.000268,0.000000,0.017222,0.028563,0.045271,0.9032,0.9566,0.9830,0.9998,-2.3578,-1.9355,0.015986,0.176910,0.603835,4927,0.2880,0.2202,1.5000,0.8130,0.8534
500,100,50000,3,0.024163,0.000333,0.000000,0.018504,0.028698,0.045282,0.8948,0.9591,0.9833,1.0000,-2.3342,-1.9235,0.016467,0.196228,0.642594,4913,0.3413,0.2384,1.5000,0.9074,0.9003
500,100,50000,4,0.022718,0.000245,0.000000,0.017932,0.029227,0.045285,0.9042,0.9693,0.9919,1.0000,-2.3475,-1.9306,0.016136,0.172925,0.584185,4916,0.2831,0.2189,1.5000,0.7611,0.9061
500,100,50000,5,0.022855,0.000316,0.000000,0.017606,0.030588,0.045273,0.9199,0.9661,0.9850,0.9998,-2.3077,-1.9129,0.016326,0.175908,0.560737,4921,0.2600,0.2156,1.5000,0.8442,0.9138
500,100,50000,6,0.024069,0.000326,0.000000,0.018292,0.029833,0.045268,0.8999,0.9586,0.9821,0.9982,-2.3061,-1.9099,0.016622,0.202399,0.617089,4925,0.2573,0.2067,1.5000,0.7394,0.9034
500,100,50000,7,0.023486,0.000283,0.000000,0.018363,0.028416,0.045272,0.8943,0.9598,0.9839,0.9998,-2.3348,-1.9267,0.016346,0.197456,0.653932,4921,0.2794,0.2172,1.5000,0.7758,0.9195
500,100,50000,8,0.023371,0.000285,0.000000,0.018103,0.029122,0.045294,0.8999,0.9652,0.9849,0.9996,-2.3303,-1.9208,0.016357,0.189463,0.611522,4914,0.2967,0.2303,1.5000,0.8410,0.9339
500,100,50000,9,0.024029,0.000302,0.000000,0.018588,0.028602,0.045281,0.8920,0.9601,0.9892,1.0000,-2.3401,-1.9238,0.016464,0.196573,0.637407,4916,0.2994,0.2154,1.5000,0.8030,0.8809
500,100,50000,10,0.022787,0.000275,0.000000,0.017623,0.029084,0.045274,0.8961,0.9652,0.9884,1.0000,-2.3383,-1.9324,0.016111,0.172460,0.599105,4918,0.2902,0.2206,1.5000,0.7885,0.9447
500,100,50000,11,0.023892,0.000306,0.000000,0.018513,0.029964,0.045259,0.9081,0.9644,0.9833,1.0000,-2.3073,-1.9142,0.016551,0.192266,0.612139,4918,0.3038,0.2116,1.5000,0.7985,0.9355
500,100,50000,12,0.024907,0.000274,0.000000,0.019686,0.028140,0.045290,0.8492,0.9372,0.9760,0.9998,-2.2816,-1.9205,0.016747,0.217254,0.778441,4921,0.2894,0.2236,1.5000,0.7624,0.8767
500,100,50000,13,0.023043,0.000268,0.000000,0.018159,0.029693,0.045296,0.9078,0.9712,0.9886,0.9978,-2.3232,-1.9148,0.016379,0.194895,0.589926,4923,0.2901,0.2117,1.5000,0.7694,0.9672
500,100,50000,14,0.022492,0.000345,0.000000,0.017495,0.028093,0.045280,0.9022,0.9665,0.9861,0.9992,-2.3668,-1.9370,0.015966,0.178313,0.619560,4900,0.3349,0.2304,1.5000,0.8512,0.8461
500,100,50000,15,0.023272,0.000239,0.000000,0.018289,0.028517,0.045263,0.8797,0.9542,0.9856,1.0000,-2.3314,-1.9278,0.016279,0.185921,0.653112,4930,0.3089,0.2135,1.5000,0.8173,0.9318
500,100,50000,16,0.022469,0.000407,0.000000,0.016763,0.029530,0.045289,0.9290,0.9767,0.9925,0.9984,-2.3759,-1.9335,0.015957,0.164531,0.499248,4933,0.3014,0.2304,1.5000,0.7953,0.9301
500,100,50000,17,0.021654,0.000225,0.000000,0.017202,0.029297,0.045258,0.9105,0.9771,0.9951,1.0000,-2.3601,-1.9345,0.015876,0.162333,0.552064,4927,0.2928,0.2072,1.5000,0.7968,0.8871
500,100,50000,18,0.022011,0.000288,0.000000,0.016912,0.029125,0.045293,0.9198,0.9724,0.9846,0.9998,-2.3604,-1.9345,0.015914,0.166689,0.553208,4928,0.2837,0.2141,1.5000,0.8026,0.9559
500,100,50000,19,0.023039,0.000419,0.000000,0.017423,0.029909,0.045277,0.9187,0.9758,0.9894,0.9994,-2.3421,-1.9235,0.016197,0.172021,0.541946,4920,0.3052,0.2100,1.5000,0.7941,0.9374
500,100,50000,20,0.021977,0.000255,0.000000,0.017105,0.028043,0.045286,0.9021,0.9634,0.9862,1.0000,-2.3712,-1.9406,0.015854,0.175879,0.605503,4924,0.2985,0.2214,1.5000,0.8238,0.9003
500,100,50000,21,0.023130,0.000268,0.000000,0.017910,0.028730,0.045285,0.9009,0.9563,0.9764,1.0000,-2.3310,-1.9304,0.016212,0.181762,0.641520,4916,0.3010,0.2393,1.5000,0.8287,0.9185
500,100,50000,22,0.021869,0.000262,0.000000,0.016800,0.029797,0.045283,0.9191,0.9730,0.9894,1.0000,-2.3519,-1.9295,0.015950,0.162274,0.525519,4922,0.2599,0.2008,1.5000,0.7407,0.9236
500,100,50000,23,0.024870,0.000432,0.000000,0.018175,0.028793,0.045274,0.8893,0.9482,0.9740,0.9996,-2.3261,-1.9166,0.016620,0.203972,0.650578,4921,0.2948,0.2144,1.5000,0.8130,0.9158
500,100,50000,24,0.021505,0.000277,0.000000,0.016578,0.028654,0.045291,0.9210,0.9784,0.9927,1.0000,-2.3950,-1.9450,0.015683,0.156218,0.521932,4912,0.3005,0.2289,1.5000,0.7845,0.9113
500,100,50000,25,0.021250,0.000238,0.000000,0.016537,0.028429,0.045282,0.9140,0.9732,0.9919,1.0000,-2.3886,-1.9489,0.015612,0.153231,0.546527,4931,0.3410,0.2459,1.5000,0.8767,0.9164
500,100,50000,26,0.021994,0.000272,0.000000,0.016954,0.029666,0.045285,0.9236,0.9691,0.9874,1.0000,-2.3527,-1.9302,0.015975,0.165975,0.535074,4919,0.2937,0.2079,1.5000,0.7790,0.9404
500,100,50000,27,0.023544,0.000324,0.000000,0.017940,0.027427,0.045261,0.8894,0.9639,0.9890,0.9994,-2.3796,-1.9341,0.016206,0.199508,0.639715,4909,0.3504,0.2289,1.5000,0.8441,0.8793
500,100,50000,28,0.023630,0.000355,0.000000,0.017823,0.028957,0.045273,0.8867,0.9482,0.9728,0.9986,-2.3169,-1.9189,0.016420,0.201159,0.659062,4925,0.3000,0.2195,1.5000,0.8417,0.8741
500,100,50000,29,0.022741,0.000244,0.000000,0.018011,0.028129,0.045278,0.8870,0.9647,0.9880,1.0000,-2.3505,-1.9406,0.016042,0.177720,0.643940,4936,0.3159,0.2208,1.5000,0.8039,0.8646
500,100,50000,30,0.021567,0.000255,0.000000,0.016698,0.029977,0.045261,0.9265,0.9712,0.9900,1.0000,-2.3562,-1.9319,0.015874,0.156097,0.515685,4923,0.3191,0.2309,1.5000,0.7895,1.0048
500,100,50000,31,0.022600,0.000273,0.000000,0.017547,0.030486,0.045267,0.9129,0.9705,0.9900,1.0000,-2.3227,-1.9153,0.016264,0.172361,0.543283,4914,0.2739,0.1914,1.5000,0.8033,0.9033
500,100,50000,32,0.021916,0.000261,0.000000,0.016901,0.028473,0.045272,0.9079,0.9754,0.9945,0.9990,-2.3838,-1.9407,0.015815,0.165674,0.552395,4928,0.3003,0.2237,1.5000,0.8015,0.9157
500,100,50000,33,0.022518,0.000289,0.000000,0.017574,0.029076,0.045248,0.9093,0.9738,0.9903,0.9998,-2.3582,-1.9351,0.016030,0.167564,0.577640,4929,0.2870,0.2132,1.5000,0.7987,0.8767
500,100,50000,34,0.026255,0.000291,0.000000,0.020730,0.028660,0.045274,0.8393,0.9285,0.9659,0.9976,-2.2388,-1.8967,0.017317,0.250609,0.832598,4923,0.2969,0.2269,1.5000,0.8040,0.8950
500,100,50000,35,0.023524,0.000276,0.000000,0.018036,0.028169,0.045268,0.8768,0.9364,0.9716,1.0000,-2.3228,-1.9325,0.016265,0.188412,0.701523,4937,0.2975,0.2100,1.5000,0.7868,0.8499
500,100,50000,36,0.024241,0.000264,0.000000,0.019039,0.030177,0.045283,0.8906,0.9586,0.9862,1.0000,-2.2887,-1.9062,0.016732,0.193798,0.630506,4927,0.2824,0.2179,1.5000,0.8130,0.9183
500,100,50000,37,0.024525,0.000326,0.000000,0.018728,0.028157,0.045279,0.8771,0.9470,0.9731,0.9994,-2.3128,-1.9245,0.016552,0.206566,0.715209,4907,0.3281,0.2409,1.5000,0.8205,0.9604
500,100,50000,38,0.020138,0.000270,0.000000,0.015258,0.028707,0.045282,0.9372,0.9765,0.9891,1.0000,-2.4144,-1.9542,0.015321,0.138901,0.474360,4934,0.2898,0.2213,1.5000,0.7764,0.9334
500,100,50000,39,0.024218,0.000279,0.000000,0.019132,0.027468,0.045270,0.8639,0.9501,0.9775,0.9998,-2.3228,-1.9304,0.016489,0.213020,0.750125,4929,0.3135,0.2170,1.5000,0.7970,0.8423
500,100,50000,40,0.021716,0.000281,0.000000,0.016987,0.028313,0.045273,0.9183,0.9732,0.9919,0.9994,-2.3820,-1.9454,0.015729,0.161953,0.567200,4918,0.3091,0.2185,1.5000,0.7773,0.9038
500,100,50000,41,0.026120,0.000341,0.000000,0.020206,0.028577,0.045290,0.8491,0.9426,0.9772,0.9996,-2.2775,-1.9109,0.017071,0.220299,0.764859,4917,0.3220,0.2263,1.5000,0.8403,0.8703
500,100,50000,42,0.024671,0.000323,0.000000,0.018722,0.027941,0.045290,0.8669,0.9467,0.9779,0.9998,-2.3317,-1.9248,0.016589,0.207982,0.703265,4935,0.3078,0.2284,1.5000,0.7783,0.8910
500,100,50000,43,0.022549,0.000271,0.000000,0.017360,0.029655,0.045283,0.9147,0.9760,0.9931,1.0000,-2.3549,-1.9326,0.016053,0.163518,0.530443,4914,0.2787,0.2163,1.5000,0.8010,0.9431
500,100,50000,44,0.020448,0.000229,0.000000,0.015790,0.028348,0.045297,0.9245,0.9771,0.9947,1.0000,-2.4174,-1.9537,0.015408,0.147327,0.498224,4927,0.2713,0.2107,1.5000,0.7246,0.8880
500,100,50000,45,0.023142,0.000271,0.000000,0.018146,0.030146,0.045285,0.9168,0.9742,0.9904,1.0000,-2.3242,-1.9239,0.016290,0.170335,0.564545,4914,0.2643,0.1981,1.5000,0.7228,0.9303
500,100,50000,46,0.022944,0.000276,0.000000,0.017967,0.029466,0.045259,0.9218,0.9793,0.9963,1.0000,-2.3541,-1.9274,0.016192,0.173462,0.549044,4923,0.2968,0.2270,1.5000,0.8132,0.9199
500,100,50000,47,0.022420,0.000269,0.000000,0.017327,0.029145,0.045289,0.9204,0.9693,0.9880,1.0000,-2.3610,-1.9310,0.016022,0.167729,0.554699,4926,0.3075,0.2315,1.5000,0.8740,0.9142
500,100,50000,48,0.022658,0.000347,0.000000,0.017212,0.029189,0.045288,0.9173,0.9724,0.9878,0.9996,-2.3598,-1.9318,0.016041,0.170699,0.550760,4924,0.3234,0.2088,1.5000,0.8015,0.9439
500,100,50000,49,0.022573,0.000278,0.000000,0.017271,0.029421,0.045266,0.9095,0.9711,0.9910,1.0000,-2.3549,-1.9326,0.016062,0.170164,0.545272,4915,0.2870,0.2217,1.5000,0.7459,1.0173
500,100,50000,50,0.023464,0.000357,0.000000,0.018310,0.029780,0.045297,0.9146,0.9736,0.9898,0.9984,-2.3241,-1.9177,0.016377,0.185690,0.580666,4919,0.3023,0.2090,1.5000,0.7878,0.9809
500,1000,500000,1,0.010921,0.000137,0.000000,0.008370,0.015842,0.014317,0.9379,0.9789,0.9913,0.9996,-3.0269,-2.8127,0.007013,0.245543,0.468212,4924,0.3217,0.2391,1.5000,0.7247,0.8389
500,1000,500000,2,0.011926,0.000143,0.000000,0.009248,0.015695,0.014316,0.9046,0.9639,0.9854,0.9996,-2.9798,-2.7978,0.007349,0.290061,0.596127,4927,0.3100,0.2334,1.5000,0.6804,0.7447
500,1000,500000,3,0.011833,0.000202,0.000000,0.008739,0.015878,0.014319,0.9257,0.9762,0.9927,0.9992,-3.0146,-2.8064,0.007216,0.260427,0.503344,4913,0.3230,0.2299,1.5000,0.6815,0.8409
500,1000,500000,4,0.013310,0.000458,0.000000,0.009074,0.016669,0.014320,0.9353,0.9750,0.9904,0.9969,-2.9802,-2.7790,0.007519,0.264277,0.485077,4916,0.3198,0.2286,1.5000,0.6671,0.8260
500,1000,500000,5,0.012258,0.000175,0.000000,0.009375,0.015956,0.014317,0.9098,0.9657,0.9846,0.9974,-2.9626,-2.7813,0.007476,0.300695,0.587590,4921,0.3114,0.2294,1.5000,0.6853,0.8356
500,1000,500000,6,0.012469,0.000170,0.000000,0.009576,0.015671,0.014315,0.8922,0.9598,0.9856,0.9998,-2.9668,-2.7893,0.007513,0.309613,0.627554,4925,0.3114,0.2282,1.5000,0.6635,0.6943
500,1000,500000,7,0.011801,0.000170,0.000000,0.008894,0.015964,0.014316,0.9266,0.9740,0.9923,0.9994,-3.0011,-2.7998,0.007263,0.266051,0.511542,4921,0.3268,0.2329,1.5000,0.6937,0.8170
500,1000,500000,8,0.010992,0.000136,0.000000,0.008564,0.015449,0.014323,0.9314,0.9778,0.9898,0.9996,-3.0352,-2.8234,0.006992,0.249971,0.514570,4914,0.3111,0.2281,1.5000,0.6898,0.7160
500,1000,500000,9,0.013018,0.000234,0.000000,0.009691,0.015630,0.014319,0.9052,0.9614,0.9849,0.9980,-2.9799,-2.7882,0.007584,0.313275,0.607218,4916,0.3239,0.2232,1.5000,0.6709,0.7668
500,1000,500000,10,0.010729,0.000178,0.000000,0.008209,0.015255,0.014317,0.9355,0.9774,0.9915,0.9986,-3.0599,-2.8389,0.006832,0.236218,0.487914,4918,0.3067,0.2166,1.5000,0.6448,0.7069
500,1000,500000,11,0.011950,0.000151,0.000000,0.009212,0.015552,0.014312,0.9093,0.9662,0.9880,0.9990,-2.9990,-2.8043,0.007326,0.291490,0.582999,4918,0.3335,0.2277,1.5000,0.6519,0.7678
500,1000,500000,12,0.012680,0.000222,0.000000,0.009284,0.015121,0.014322,0.8994,0.9583,0.9825,0.9953,-3.0036,-2.8017,0.007438,0.321423,0.613288,4921,0.3161,0.2316,1.5000,0.6359,0.7467
500,1000,500000,13,0.011917,0.000164,0.000000,0.008992,0.015867,0.014324,0.9200,0.9734,0.9917,0.9998,-3.0030,-2.7975,0.007320,0.279532,0.521405,4923,0.3042,0.2251,1.5000,0.6306,0.8240
500,1000,500000,14,0.011456,0.000183,0.000000,0.008556,0.015784,0.014319,0.9373,0.9822,0.9898,0.9998,-3.0337,-2.8169,0.007079,0.244276,0.474740,4900,0.3136,0.2327,1.5000,0.6555,0.8179
500,1000,500000,15,0.010933,0.000145,0.000000,0.008373,0.016185,0.014313,0.9450,0.9836,0.9961,1.0000,-3.0269,-2.8087,0.007017,0.227596,0.434380,4930,0.3413,0.2403,1.5000,0.7525,0.8674
500,1000,500000,16,0.012299,0.000189,0.000000,0.009180,0.015922,0.014322,0.9236,0.9749,0.9929,1.0000,-3.0015,-2.7985,0.007380,0.278175,0.516412,4933,0.3012,0.2291,1.5000,0.6129,0.8335
500,1000,500000,17,0.011848,0.000154,0.000000,0.009102,0.016254,0.014312,0.9288,0.9801,0.9925,1.0000,-2.9932,-2.7915,0.007338,0.264876,0.509663,4927,0.3207,0.2212,1.5000,0.6863,0.7623
500,1000,500000,18,0.013021,0.000157,0.000000,0.010280,0.015180,0.014323,0.8616,0.9383,0.9696,0.9982,-2.9187,-2.7769,0.007759,0.362818,0.790255,4928,0.3362,0.2404,1.5000,0.7561,0.6364
500,1000,500000,19,0.013696,0.000260,0.000000,0.010056,0.015557,0.014318,0.8890,0.9565,0.9817,0.9963,-2.9615,-2.7786,0.007789,0.337765,0.654590,4920,0.3285,0.2300,1.5000,0.6557,0.7474
500,1000,500000,20,0.011948,0.000194,0.000000,0.008783,0.015484,0.014321,0.9096,0.9649,0.9866,0.9978,-3.0100,-2.8057,0.007253,0.284957,0.553607,4924,0.3129,0.2306,1.5000,0.6909,0.7815
500,1000,500000,21,0.011757,0.000137,0.000000,0.009139,0.015926,0.014320,0.9150,0.9687,0.9890,0.9990,-2.9807,-2.7925,0.007336,0.284205,0.561851,4916,0.3245,0.2360,1.5000,0.7028,0.7753
500,1000,500000,22,0.011616,0.000138,0.000000,0.009042,0.015773,0.014320,0.9141,0.9697,0.9902,0.9994,-2.9911,-2.8003,0.007263,0.278642,0.557611,4922,0.3287,0.2341,1.5000,0.6815,0.7930
500,1000,500000,23,0.014636,0.000542,0.003039,0.009605,0.014754,0.014317,0.8909,0.9545,0.9817,0.9941,-3.0154,-2.8059,0.007642,0.334090,0.660830,4921,0.3156,0.2295,1.5000,0.6701,0.6917
500,1000,500000,24,0.012161,0.000227,0.000000,0.008905,0.015580,0.014322,0.9196,0.9709,0.9857,0.9959,-3.0126,-2.8079,0.007264,0.278470,0.546155,4912,0.3225,0.2357,1.5000,0.6493,0.7857
500,1000,500000,25,0.011977,0.000135,0.000000,0.009317,0.016364,0.014319,0.9189,0.9700,0.9878,1.0000,-2.9589,-2.7766,0.007469,0.287504,0.545607,4931,0.3133,0.2299,1.5000,0.6664,0.8628
500,1000,500000,26,0.011840,0.000147,0.000000,0.009030,0.015688,0.014320,0.9042,0.9614,0.9831,0.9988,-2.9864,-2.7969,0.007323,0.294206,0.578379,4919,0.3503,0.2520,1.5000,0.7015,0.8385
500,1000,500000,27,0.013130,0.000240,0.000000,0.009565,0.016239,0.014313,0.9159,0.9664,0.9839,0.9953,-2.9581,-2.7665,0.007688,0.313290,0.570182,4909,0.3061,0.2235,1.5000,0.6751,0.8433
500,1000,500000,28,0.011254,0.000147,0.000000,0.008588,0.016118,0.014317,0.9308,0.9760,0.9917,0.9992,-3.0071,-2.8033,0.007142,0.251049,0.488264,4925,0.3223,0.2347,1.5000,0.6911,0.8254
500,1000,500000,29,0.011925,0.000152,0.000000,0.009159,0.015464,0.014318,0.9042,0.9652,0.9860,0.9992,-2.9923,-2.8001,0.007333,0.300635,0.590301,4936,0.3236,0.2354,1.5000,0.6509,0.7717
500,1000,500000,30,0.011525,0.000165,0.000000,0.008626,0.015768,0.014313,0.9165,0.9710,0.9900,0.9996,-3.0187,-2.8126,0.007157,0.260463,0.521113,4923,0.3064,0.2303,1.5000,0.6106,0.8027
500,1000,500000,31,0.012201,0.000141,0.000000,0.009514,0.015573,0.014315,0.8980,0.9597,0.9851,0.9998,-2.9802,-2.7941,0.007443,0.302574,0.622830,4914,0.3327,0.2286,1.5000,0.7175,0.6798
500,1000,500000,32,0.011854,0.000212,0.000000,0.008787,0.015083,0.014316,0.9087,0.9623,0.9834,0.9976,-3.0258,-2.8208,0.007158,0.282527,0.583757,4928,0.3075,0.2279,1.5000,0.6560,0.6908
500,1000,500000,33,0.011344,0.000177,0.000000,0.008553,0.015629,0.014309,0.9341,0.9771,0.9915,0.9996,-3.0438,-2.8263,0.007023,0.240789,0.494563,4929,0.3191,0.2245,1.5000,0.6654,0.7397
500,1000,500000,34,0.012239,0.000185,0.000000,0.009293,0.015473,0.014317,0.9098,0.9673,0.9856,0.9972,-2.9942,-2.7990,0.007383,0.301564,0.592835,4923,0.3287,0.2522,1.5000,0.6937,0.7849
500,1000,500000,35,0.011774,0.000171,0.000000,0.008974,0.015788,0.014315,0.9277,0.9723,0.9899,0.9976,-3.0064,-2.8007,0.007264,0.275816,0.535481,4937,0.3093,0.2248,1.5000,0.6669,0.7542
500,1000,500000,36,0.013140,0.000207,0.000000,0.009710,0.016048,0.014320,0.9024,0.9590,0.9838,0.9984,-2.9579,-2.7675,0.007726,0.321031,0.598047,4927,0.3321,0.2340,1.5000,0.7002,0.7903
500,1000,500000,37,0.013364,0.000177,0.000000,0.010048,0.015925,0.014318,0.8779,0.9433,0.9764,0.9986,-2.9246,-2.7569,0.007885,0.353236,0.674625,4907,0.3276,0.2409,1.5000,0.7066,0.7769
500,1000,500000,38,0.011591,0.000147,0.000000,0.008925,0.015627,0.014319,0.9185,0.9743,0.9909,0.9998,-3.0092,-2.8095,0.007201,0.273130,0.535762,4934,0.3205,0.2385,1.5000,0.6703,0.8275
500,1000,500000,39,0.013000,0.000295,0.000000,0.009536,0.014550,0.014316,0.8738,0.9446,0.9730,0.9949,-2.9906,-2.8095,0.007473,0.347134,0.725119,4929,0.3229,0.2281,1.5000,0.6319,0.6806
500,1000,500000,40,0.012284,0.000205,0.000000,0.009066,0.015632,0.014317,0.9134,0.9634,0.9831,0.9972,-2.9924,-2.7969,0.007372,0.296162,0.572572,4918,0.3181,0.2260,1.5000,0.6496,0.7862
500,1000,500000,41,0.013381,0.000212,0.000000,0.010047,0.016359,0.014322,0.9042,0.9719,0.9888,0.9980,-2.9421,-2.7603,0.007832,0.317614,0.587906,4917,0.3159,0.2320,1.5000,0.6678,0.8657
500,1000,500000,42,0.013717,0.000195,0.000000,0.010297,0.015862,0.014322,0.8859,0.9558,0.9803,0.9961,-2.9368,-2.7612,0.007933,0.352071,0.661774,4935,0.3327,0.2349,1.5000,0.6549,0.8690
500,1000,500000,43,0.011791,0.000160,0.000000,0.009006,0.014761,0.014320,0.9011,0.9595,0.9835,0.9982,-3.0264,-2.8290,0.007162,0.294755,0.624932,4914,0.3092,0.2358,1.5000,0.6472,0.6856
500,1000,500000,44,0.013014,0.000199,0.000000,0.009579,0.015409,0.014324,0.9068,0.9616,0.9807,0.9972,-2.9906,-2.7951,0.007563,0.317548,0.607922,4927,0.3305,0.2483,1.5000,0.6734,0.7854
500,1000,500000,45,0.012034,0.000211,0.000000,0.009129,0.015546,0.014320,0.9115,0.9672,0.9882,0.9986,-3.0058,-2.8071,0.007293,0.285030,0.568619,4914,0.3190,0.2357,1.5000,0.6389,0.7418
500,1000,500000,46,0.011511,0.000193,0.000000,0.008530,0.015384,0.014312,0.9261,0.9760,0.9915,0.9998,-3.0458,-2.8284,0.007042,0.251961,0.507324,4923,0.3224,0.2285,1.5000,0.6520,0.7425
500,1000,500000,47,0.012597,0.000189,0.000000,0.009316,0.016156,0.014322,0.9078,0.9618,0.9811,0.9970,-2.9603,-2.7729,0.007572,0.304059,0.579421,4926,0.3134,0.2281,1.5000,0.7087,0.7674
500,1000,500000,48,0.011056,0.000161,0.000000,0.008347,0.015915,0.014321,0.9316,0.9791,0.9939,0.9996,-3.0249,-2.8148,0.007025,0.240265,0.467602,4924,0.3181,0.2276,1.5000,0.6493,0.8648
500,1000,500000,49,0.011270,0.000159,0.000000,0.008553,0.015121,0.014314,0.9251,0.9723,0.9868,0.9994,-3.0440,-2.8339,0.006999,0.262606,0.538335,4915,0.3278,0.2340,1.5000,0.6364,0.7681
500,1000,500000,50,0.011719,0.000135,0.000000,0.009221,0.015897,0.014324,0.9158,0.9746,0.9933,1.0000,-2.9898,-2.7994,0.007291,0.273180,0.543979,4919,0.3159,0.2198,1.5000,0.6555,0.8113
500,10000,5000000,1,0.006817,0.000138,0.005097,0.004802,0.010070,0.004527,0.9496,0.9779,0.9896,0.9953,-3.5417,-3.4640,0.003901,0.308280,0.402446,4924,0.3356,0.2420,1.5000,0.5799,0.5308
500,10000,5000000,2,0.006815,0.000176,0.005094,0.004609,0.009936,0.004527,0.9450,0.9779,0.9899,0.9961,-3.5615,-3.4862,0.003815,0.296066,0.406280,4927,0.3323,0.2391,1.5000,0.5424,0.3869
500,10000,5000000,3,0.007808,0.000240,0.006360,0.005052,0.010345,0.004528,0.9599,0.9860,0.9927,0.9976,-3.5386,-3.4576,0.004057,0.291802,0.374265,4913,0.3391,0.2393,1.5000,0.5673,0.5782
500,10000,5000000,4,0.009291,0.000459,0.008112,0.005620,0.010343,0.004528,0.9335,0.9729,0.9880,0.9935,-3.4876,-3.4174,0.004406,0.380484,0.492072,4916,0.3391,0.2417,1.5000,0.5321,0.4175
500,10000,5000000,5,0.006259,0.000100,0.004321,0.004623,0.010024,0.004527,0.9555,0.9811,0.9915,0.9976,-3.5613,-3.4851,0.003761,0.282314,0.394869,4921,0.3325,0.2427,1.5000,0.5712,0.2659
500,10000,5000000,6,0.007457,0.000162,0.005926,0.005269,0.010102,0.004527,0.9387,0.9783,0.9907,0.9968,-3.5098,-3.4442,0.004110,0.352480,0.473770,4925,0.3282,0.2350,1.5000,0.5222,0.3770
500,10000,5000000,7,0.007308,0.000166,0.005737,0.004900,0.010189,0.004527,0.9413,0.9774,0.9888,0.9927,-3.5193,-3.4504,0.004011,0.323673,0.433863,4921,0.3309,0.2328,1.5000,0.5437,0.4381
500,10000,5000000,8,0.006196,0.000129,0.004229,0.004427,0.010386,0.004529,0.9636,0.9847,0.9931,0.9969,-3.5481,-3.4699,0.003753,0.253693,0.342065,4914,0.3368,0.2410,1.5000,0.5871,0.4213
500,10000,5000000,9,0.008305,0.000279,0.006963,0.005254,0.009997,0.004528,0.9404,0.9740,0.9880,0.9949,-3.5374,-3.4629,0.004134,0.338076,0.452794,4916,0.3391,0.2342,1.5000,0.5493,0.3307
500,10000,5000000,10,0.007078,0.000191,0.005441,0.004759,0.009989,0.004527,0.9467,0.9789,0.9898,0.9953,-3.5469,-3.4721,0.003904,0.310184,0.414559,4918,0.3324,0.2334,1.5000,0.5428,0.4048
500,10000,5000000,11,0.007587,0.000136,0.006089,0.005310,0.010177,0.004526,0.9388,0.9760,0.9882,0.9953,-3.5154,-3.4448,0.004146,0.349398,0.461928,4918,0.3347,0.2482,1.5000,0.5392,0.4253
500,10000,5000000,12,0.006717,0.000121,0.004961,0.004737,0.009859,0.004529,0.9480,0.9825,0.9939,0.9984,-3.5623,-3.4860,0.003835,0.302951,0.408535,4921,0.3276,0.2425,1.5000,0.5233,0.3924
500,10000,5000000,13,0.006695,0.000136,0.004931,0.004729,0.010122,0.004530,0.9565,0.9842,0.9939,0.9984,-3.5490,-3.4734,0.003859,0.290002,0.386215,4923,0.3321,0.2391,1.5000,0.5329,0.4925
500,10000,5000000,14,0.007479,0.000198,0.005952,0.004957,0.010231,0.004528,0.9482,0.9812,0.9933,0.9990,-3.5419,-3.4645,0.003991,0.295753,0.392631,4900,0.3332,0.2354,1.5000,0.5460,0.3992
500,10000,5000000,15,0.007355,0.000137,0.005797,0.005187,0.010097,0.004526,0.9314,0.9690,0.9832,0.9949,-3.5089,-3.4458,0.004093,0.354167,0.497803,4930,0.3435,0.2440,1.5000,0.6028,0.0500
500,10000,5000000,16,0.006948,0.000214,0.005269,0.004527,0.010223,0.004529,0.9641,0.9889,0.9964,0.9978,-3.5658,-3.4818,0.003813,0.256352,0.324744,4933,0.3343,0.2386,1.5000,0.5125,0.5999
500,10000,5000000,17,0.006768,0.000117,0.005032,0.004961,0.010361,0.004526,0.9446,0.9809,0.9929,0.9986,-3.5222,-3.4533,0.003962,0.304925,0.422962,4927,0.3344,0.2372,1.5000,0.5633,0.2618
500,10000,5000000,18,0.006282,0.000117,0.004354,0.004482,0.010123,0.004529,0.9663,0.9901,0.9966,0.9990,-3.5757,-3.4897,0.003728,0.253666,0.332130,4928,0.3379,0.2425,1.5000,0.5821,0.4900
500,10000,5000000,19,0.007840,0.000283,0.006400,0.005008,0.010107,0.004528,0.9484,0.9748,0.9888,0.9941,-3.5402,-3.4620,0.004048,0.320137,0.418897,4920,0.3510,0.2469,1.5000,0.5443,0.4964
500,10000,5000000,20,0.007333,0.000190,0.005767,0.004966,0.010044,0.004529,0.9444,0.9762,0.9880,0.9929,-3.5291,-3.4554,0.004005,0.334480,0.442878,4924,0.3229,0.2342,1.5000,0.5610,0.3868
500,10000,5000000,21,0.006392,0.000159,0.004511,0.004531,0.010148,0.004529,0.9583,0.9862,0.9935,0.9986,-3.5578,-3.4816,0.003759,0.270470,0.367062,4916,0.3231,0.2299,1.5000,0.5333,0.3946
500,10000,5000000,22,0.005741,0.000102,0.003528,0.004202,0.010136,0.004528,0.9655,0.9872,0.9953,0.9996,-3.5768,-3.4992,0.003608,0.238855,0.338226,4922,0.3339,0.2317,1.5000,0.5407,0.2153
500,10000,5000000,23,0.010177,0.000626,0.009115,0.005218,0.010092,0.004527,0.9413,0.9724,0.9858,0.9909,-3.5317,-3.4505,0.004294,0.347909,0.443042,4921,0.3347,0.2347,1.5000,0.5561,0.5977
500,10000,5000000,24,0.006960,0.000147,0.005285,0.004742,0.010116,0.004529,0.9463,0.9829,0.9912,0.9974,-3.5524,-3.4756,0.003898,0.293083,0.396686,4912,0.3345,0.2421,1.5000,0.5324,0.3922
500,10000,5000000,25,0.006402,0.000125,0.004526,0.004525,0.010108,0.004528,0.9613,0.9884,0.9955,0.9984,-3.5685,-3.4865,0.003756,0.264596,0.346609,4931,0.3432,0.2437,1.5000,0.5423,0.5535
500,10000,5000000,26,0.006910,0.000134,0.005219,0.004777,0.010239,0.004529,0.9467,0.9811,0.9925,0.9970,-3.5349,-3.4585,0.003946,0.302119,0.391718,4919,0.3416,0.2452,1.5000,0.5461,0.5640
500,10000,5000000,27,0.007403,0.000186,0.005859,0.005094,0.010050,0.004526,0.9419,0.9835,0.9937,0.9986,-3.5453,-3.4681,0.004014,0.320188,0.435626,4909,0.3226,0.2364,1.5000,0.5515,0.2148
500,10000,5000000,28,0.006517,0.000144,0.004688,0.004594,0.010412,0.004527,0.9608,0.9894,0.9957,0.9988,-3.5404,-3.4641,0.003836,0.267301,0.353648,4925,0.3297,0.2353,1.5000,0.5457,0.5583
500,10000,5000000,29,0.006340,0.000124,0.004437,0.004547,0.010161,0.004528,0.9577,0.9834,0.9923,0.9968,-3.5485,-3.4748,0.003776,0.276353,0.375416,4936,0.3341,0.2391,1.5000,0.5306,0.4019
500,10000,5000000,30,0.006540,0.000115,0.004721,0.004685,0.010321,0.004526,0.9582,0.9850,0.9931,0.9988,-3.5486,-3.4747,0.003848,0.275754,0.387152,4923,0.3401,0.2417,1.5000,0.5376,0.2652
500,10000,5000000,31,0.006242,0.000152,0.004297,0.004407,0.010307,0.004527,0.9695,0.9898,0.9961,0.9994,-3.5709,-3.4868,0.003711,0.239128,0.319950,4914,0.3273,0.2335,1.5000,0.5509,0.4935
500,10000,5000000,32,0.006983,0.000190,0.005316,0.004777,0.010281,0.004527,0.9625,0.9870,0.9966,0.9986,-3.5442,-3.4646,0.003904,0.279201,0.359317,4928,0.3420,0.2433,1.5000,0.5599,0.6311
500,10000,5000000,33,0.006513,0.000128,0.004685,0.004579,0.010345,0.004525,0.9639,0.9921,0.9980,0.9998,-3.5672,-3.4825,0.003795,0.251075,0.328510,4929,0.3405,0.2386,1.5000,0.5495,0.5970
500,10000,5000000,34,0.007661,0.000181,0.006181,0.005111,0.010014,0.004527,0.9456,0.9724,0.9870,0.9935,-3.5395,-3.4605,0.004071,0.333856,0.430688,4923,0.3333,0.2428,1.5000,0.5364,0.5039
500,10000,5000000,35,0.006533,0.000096,0.004710,0.004879,0.010321,0.004527,0.9548,0.9856,0.9935,0.9988,-3.5305,-3.4575,0.003909,0.296975,0.400695,4937,0.3382,0.2336,1.5000,0.5561,0.3998
500,10000,5000000,36,0.006774,0.000128,0.005037,0.004904,0.010597,0.004528,0.9614,0.9876,0.9943,0.9992,-3.5186,-3.4436,0.003962,0.280498,0.370946,4927,0.3327,0.2318,1.5000,0.5549,0.4822
500,10000,5000000,37,0.007058,0.000150,0.005414,0.004831,0.010363,0.004528,0.9580,0.9843,0.9931,0.9963,-3.5348,-3.4554,0.003957,0.286718,0.370663,4907,0.3360,0.2357,1.5000,0.5540,0.5144
500,10000,5000000,38,0.006593,0.000166,0.004792,0.004614,0.010115,0.004528,0.9643,0.9858,0.9941,0.9988,-3.5608,-3.4841,0.003785,0.269513,0.365692,4934,0.3335,0.2368,1.5000,0.5428,0.4242
500,10000,5000000,39,0.006531,0.000210,0.004708,0.004419,0.010151,0.004527,0.9600,0.9868,0.9937,0.9966,-3.5639,-3.4842,0.003746,0.261111,0.343987,4929,0.3318,0.2348,1.5000,0.5282,0.6173
500,10000,5000000,40,0.005837,0.000114,0.003684,0.004261,0.010254,0.004527,0.9717,0.9927,0.9965,0.9980,-3.5704,-3.4899,0.003629,0.233127,0.308703,4918,0.3360,0.2398,1.5000,0.5357,0.6652
500,10000,5000000,41,0.007433,0.000218,0.005893,0.005014,0.010175,0.004529,0.9496,0.9803,0.9894,0.9967,-3.5360,-3.4639,0.003995,0.309185,0.426409,4917,0.3328,0.2363,1.5000,0.5408,0.3159
500,10000,5000000,42,0.008422,0.000205,0.007100,0.005499,0.009908,0.004529,0.9319,0.9716,0.9868,0.9929,-3.5255,-3.4485,0.004270,0.381773,0.491309,4935,0.3506,0.2466,1.5000,0.5354,0.4877
500,10000,5000000,43,0.006898,0.000137,0.005203,0.004737,0.009674,0.004528,0.9373,0.9744,0.9872,0.9959,-3.5675,-3.4942,0.003851,0.323255,0.451704,4914,0.3235,0.2370,1.5000,0.5292,0.0500
500,10000,5000000,44,0.006626,0.000116,0.004836,0.004825,0.010054,0.004530,0.9556,0.9850,0.9947,0.9996,-3.5536,-3.4778,0.003855,0.294583,0.397659,4927,0.3364,0.2349,1.5000,0.5255,0.3744
500,10000,5000000,45,0.007802,0.000400,0.006353,0.004928,0.009985,0.004528,0.9522,0.9792,0.9870,0.9939,-3.5458,-3.4715,0.003974,0.323824,0.441219,4914,0.3391,0.2386,1.5000,0.5176,0.2442
500,10000,5000000,46,0.007906,0.000219,0.006482,0.005195,0.010300,0.004526,0.9472,0.9831,0.9931,0.9970,-3.5287,-3.4501,0.004126,0.313194,0.400735,4923,0.3358,0.2295,1.5000,0.5337,0.4719
500,10000,5000000,47,0.007626,0.000167,0.006136,0.005275,0.010473,0.004529,0.9330,0.9758,0.9903,0.9961,-3.4870,-3.4204,0.004203,0.345256,0.457163,4926,0.3466,0.2481,1.5000,0.6063,0.3889
500,10000,5000000,48,0.006937,0.000147,0.005255,0.004876,0.010090,0.004529,0.9574,0.9833,0.9919,0.9968,-3.5494,-3.4708,0.003913,0.299854,0.397740,4924,0.3378,0.2397,1.5000,0.5422,0.4426
500,10000,5000000,49,0.007492,0.000192,0.005970,0.005028,0.009848,0.004527,0.9365,0.9758,0.9898,0.9967,-3.5404,-3.4749,0.004002,0.336747,0.472431,4915,0.3329,0.2398,1.5000,0.5248,0.1804
500,10000,5000000,50,0.006570,0.000122,0.004759,0.004787,0.010059,0.004530,0.9569,0.9845,0.9935,0.9988,-3.5523,-3.4787,0.003834,0.291526,0.399370,4919,0.3195,0.2290,1.5000,0.5246,0.3588
500,100000,50000000,1,0.005274,0.000147,0.005076,0.003077,0.008541,0.001432,0.9708,0.9852,0.9909,0.9911,-3.7964,-3.7782,0.002858,0.232459,0.241197,4924,0.3445,0.2453,1.5000,0.5183,0.0500
500,100000,50000000,2,0.005659,0.000206,0.005475,0.003116,0.008571,0.001432,0.9763,0.9909,0.9957,0.9968,-3.8065,-3.7885,0.002870,0.214030,0.222850,4927,0.3304,0.2376,1.5000,0.4735,0.0500
500,100000,50000000,3,0.006532,0.000241,0.006373,0.003515,0.008701,0.001432,0.9729,0.9880,0.9947,0.9949,-3.7854,-3.7669,0.003079,0.240509,0.249045,4913,0.3389,0.2409,1.5000,0.4966,0.0500
500,100000,50000000,4,0.008204,0.000548,0.008078,0.003794,0.008848,0.001432,0.9656,0.9843,0.9919,0.9927,-3.7413,-3.7240,0.003331,0.296722,0.304969,4916,0.3467,0.2450,1.5000,0.4702,0.6715
500,100000,50000000,5,0.004450,0.000114,0.004213,0.002778,0.008652,0.001432,0.9868,0.9965,0.9980,0.9982,-3.8200,-3.8013,0.002679,0.170058,0.177743,4921,0.3377,0.2412,1.5000,0.5004,0.0500
500,100000,50000000,6,0.005652,0.000196,0.005468,0.003261,0.008693,0.001432,0.9750,0.9905,0.9953,0.9957,-3.7835,-3.7665,0.002928,0.227774,0.237222,4925,0.3419,0.2430,1.5000,0.4748,0.0500
500,100000,50000000,7,0.005017,0.000148,0.004809,0.002976,0.008627,0.001432,0.9795,0.9931,0.9970,0.9970,-3.8098,-3.7917,0.002776,0.191171,0.198834,4921,0.3408,0.2383,1.5000,0.4835,0.0500
500,100000,50000000,8,0.004636,0.000130,0.004409,0.002881,0.008717,0.001432,0.9886,0.9935,0.9965,0.9967,-3.8057,-3.7876,0.002732,0.181828,0.189913,4914,0.3395,0.2425,1.5000,0.5069,0.0500
500,100000,50000000,9,0.007649,0.000309,0.007514,0.003710,0.008630,0.001432,0.9567,0.9788,0.9908,0.9910,-3.7683,-3.7506,0.003265,0.281554,0.290396,4916,0.3343,0.2348,1.5000,0.4757,0.5364
500,100000,50000000,10,0.005464,0.000208,0.005274,0.003070,0.008396,0.001432,0.9734,0.9878,0.9933,0.9943,-3.8129,-3.7947,0.002830,0.231925,0.241193,4918,0.3397,0.2390,1.5000,0.4765,0.0500
500,100000,50000000,11,0.005261,0.000128,0.005063,0.003201,0.008641,0.001431,0.9758,0.9896,0.9959,0.9963,-3.8001,-3.7822,0.002879,0.223300,0.232619,4918,0.3419,0.2453,1.5000,0.4698,0.1624
500,100000,50000000,12,0.005503,0.000149,0.005313,0.003087,0.008423,0.001432,0.9695,0.9866,0.9949,0.9955,-3.8095,-3.7913,0.002867,0.230915,0.239517,4921,0.3416,0.2443,1.5000,0.4674,0.0500
500,100000,50000000,13,0.005276,0.000163,0.005078,0.003093,0.008699,0.001432,0.9762,0.9882,0.9951,0.9951,-3.7917,-3.7742,0.002865,0.211440,0.219520,4923,0.3407,0.2424,1.5000,0.4801,0.0500
500,100000,50000000,14,0.006268,0.000223,0.006102,0.003324,0.008664,0.001432,0.9718,0.9890,0.9957,0.9961,-3.7917,-3.7738,0.003003,0.227297,0.235860,4900,0.3436,0.2418,1.5000,0.4838,0.3962
500,100000,50000000,15,0.005764,0.000165,0.005584,0.003322,0.008647,0.001431,0.9740,0.9901,0.9957,0.9957,-3.7929,-3.7743,0.002962,0.231588,0.240132,4930,0.3406,0.2442,1.5000,0.5142,0.0500
500,100000,50000000,16,0.005810,0.000235,0.005631,0.003144,0.008609,0.001432,0.9734,0.9893,0.9949,0.9949,-3.7991,-3.7814,0.002899,0.214223,0.221343,4933,0.3312,0.2397,1.5000,0.4482,0.0500
500,100000,50000000,17,0.004801,0.000139,0.004583,0.002848,0.008832,0.001431,0.9832,0.9957,0.9984,0.9988,-3.8079,-3.7895,0.002759,0.169181,0.176732,4927,0.3361,0.2378,1.5000,0.4863,0.0500
500,100000,50000000,18,0.004773,0.000127,0.004553,0.002906,0.008547,0.001432,0.9825,0.9929,0.9974,0.9980,-3.8208,-3.8021,0.002727,0.188203,0.196189,4928,0.3376,0.2399,1.5000,0.5025,0.0500
500,100000,50000000,19,0.007002,0.000467,0.006854,0.003258,0.008552,0.001432,0.9691,0.9823,0.9900,0.9902,-3.7874,-3.7692,0.003026,0.266122,0.276455,4920,0.3494,0.2437,1.5000,0.4687,0.0500
500,100000,50000000,20,0.005207,0.000135,0.005006,0.003197,0.008698,0.001432,0.9740,0.9898,0.9963,0.9965,-3.7822,-3.7649,0.002891,0.226586,0.235565,4924,0.3334,0.2389,1.5000,0.5083,0.0500
500,100000,50000000,21,0.004937,0.000177,0.004725,0.002950,0.008632,0.001432,0.9864,0.9947,0.9988,0.9988,-3.8151,-3.7970,0.002745,0.180012,0.186915,4916,0.3391,0.2416,1.5000,0.4857,0.0500
500,100000,50000000,22,0.004564,0.000131,0.004334,0.002780,0.008712,0.001432,0.9868,0.9953,0.9974,0.9974,-3.8146,-3.7966,0.002691,0.162729,0.169227,4922,0.3408,0.2400,1.5000,0.4807,0.0500
500,100000,50000000,23,0.009451,0.000691,0.009342,0.003758,0.008413,0.001432,0.9624,0.9783,0.9858,0.9858,-3.7817,-3.7621,0.003346,0.322511,0.332598,4921,0.3349,0.2378,1.5000,0.4855,0.0500
500,100000,50000000,24,0.006163,0.000178,0.005994,0.003465,0.008524,0.001432,0.9646,0.9862,0.9931,0.9939,-3.7888,-3.7706,0.003052,0.267989,0.277998,4912,0.3341,0.2411,1.5000,0.4559,0.0500
500,100000,50000000,25,0.004596,0.000119,0.004368,0.002806,0.008597,0.001432,0.9840,0.9939,0.9976,0.9976,-3.8214,-3.8033,0.002696,0.175777,0.183512,4931,0.3383,0.2440,1.5000,0.4739,0.0500
500,100000,50000000,26,0.005058,0.000130,0.004851,0.003055,0.008666,0.001432,0.9754,0.9917,0.9963,0.9967,-3.7979,-3.7804,0.002835,0.209966,0.218688,4919,0.3456,0.2459,1.5000,0.4838,0.0500
500,100000,50000000,27,0.005990,0.000194,0.005816,0.003414,0.008647,0.001431,0.9682,0.9900,0.9965,0.9976,-3.7910,-3.7729,0.003000,0.239268,0.249157,4909,0.3365,0.2418,1.5000,0.4936,0.0500
500,100000,50000000,28,0.005050,0.000160,0.004843,0.002996,0.008750,0.001432,0.9848,0.9949,0.9986,0.9990,-3.8047,-3.7870,0.002793,0.184477,0.193171,4925,0.3387,0.2382,1.5000,0.4840,0.0500
500,100000,50000000,29,0.004743,0.000139,0.004522,0.002838,0.008544,0.001432,0.9844,0.9937,0.9962,0.9962,-3.8181,-3.7998,0.002713,0.185975,0.193301,4936,0.3426,0.2443,1.5000,0.4653,0.0500
500,100000,50000000,30,0.004964,0.000141,0.004753,0.002941,0.008754,0.001431,0.9815,0.9931,0.9967,0.9970,-3.8121,-3.7935,0.002789,0.186939,0.195077,4923,0.3348,0.2410,1.5000,0.4547,0.0500
500,100000,50000000,31,0.004964,0.000168,0.004753,0.002897,0.008755,0.001431,0.9866,0.9961,0.9990,0.9990,-3.8151,-3.7961,0.002753,0.168448,0.175192,4914,0.3374,0.2396,1.5000,0.4951,0.0500
500,100000,50000000,32,0.005821,0.000249,0.005642,0.003309,0.008515,0.001432,0.9763,0.9897,0.9955,0.9955,-3.8028,-3.7847,0.002915,0.234000,0.243672,4928,0.3534,0.2495,1.5000,0.4990,0.0500
500,100000,50000000,33,0.005626,0.000171,0.005441,0.003194,0.008776,0.001431,0.9836,0.9953,0.9988,0.9988,-3.8038,-3.7856,0.002896,0.198659,0.206824,4929,0.3400,0.2394,1.5000,0.4846,0.0500
500,100000,50000000,34,0.005557,0.000177,0.005369,0.003026,0.008519,0.001432,0.9720,0.9848,0.9943,0.9945,-3.8104,-3.7921,0.002864,0.220359,0.229316,4923,0.3406,0.2450,1.5000,0.4776,0.0500
500,100000,50000000,35,0.004697,0.000115,0.004474,0.002972,0.008809,0.001432,0.9878,0.9959,0.9980,0.9984,-3.8025,-3.7844,0.002768,0.177549,0.184522,4937,0.3422,0.2413,1.5000,0.4950,0.0500
500,100000,50000000,36,0.005732,0.000233,0.005550,0.003223,0.008773,0.001432,0.9756,0.9884,0.9955,0.9957,-3.7857,-3.7677,0.002944,0.222438,0.231558,4927,0.3436,0.2407,1.5000,0.4896,0.0500
500,100000,50000000,37,0.005554,0.000153,0.005366,0.003265,0.008769,0.001432,0.9766,0.9929,0.9974,0.9974,-3.7857,-3.7672,0.002937,0.213292,0.220584,4907,0.3380,0.2392,1.5000,0.4895,0.0500
500,100000,50000000,38,0.004901,0.000164,0.004687,0.002840,0.008506,0.001432,0.9856,0.9951,0.9986,0.9988,-3.8332,-3.8142,0.002700,0.173051,0.179892,4934,0.3401,0.2388,1.5000,0.4731,0.0500
500,100000,50000000,39,0.005260,0.000240,0.005062,0.003017,0.008607,0.001432,0.9811,0.9921,0.9951,0.9955,-3.8049,-3.7876,0.002804,0.205394,0.215078,4929,0.3464,0.2415,1.5000,0.4835,0.0500
500,100000,50000000,40,0.004428,0.000145,0.004190,0.002734,0.008631,0.001432,0.9911,0.9969,0.9988,0.9990,-3.8264,-3.8083,0.002638,0.158606,0.166315,4918,0.3393,0.2393,1.5000,0.4739,0.0500
500,100000,50000000,41,0.006804,0.000289,0.006652,0.003596,0.008674,0.001432,0.9695,0.9874,0.9927,0.9929,-3.7771,-3.7589,0.003129,0.262485,0.271763,4917,0.3400,0.2376,1.5000,0.4736,0.0500
500,100000,50000000,42,0.006617,0.000222,0.006460,0.003667,0.008540,0.001432,0.9635,0.9840,0.9921,0.9935,-3.7836,-3.7654,0.003131,0.278618,0.288067,4935,0.3482,0.2471,1.5000,0.4745,0.1960
500,100000,50000000,43,0.005469,0.000135,0.005279,0.003262,0.008305,0.001432,0.9689,0.9886,0.9953,0.9957,-3.8185,-3.8002,0.002877,0.245368,0.254765,4914,0.3420,0.2445,1.5000,0.4754,0.0500
500,100000,50000000,44,0.005279,0.000155,0.005081,0.003087,0.008640,0.001432,0.9805,0.9921,0.9955,0.9955,-3.8038,-3.7865,0.002837,0.201948,0.211467,4927,0.3378,0.2402,1.5000,0.4666,0.0500
500,100000,50000000,45,0.006169,0.000455,0.006000,0.002996,0.008732,0.001432,0.9833,0.9915,0.9929,0.9929,-3.7911,-3.7732,0.002884,0.214396,0.221889,4914,0.3409,0.2416,1.5000,0.4583,0.4266
500,100000,50000000,46,0.006086,0.000240,0.005915,0.003343,0.008660,0.001431,0.9716,0.9884,0.9959,0.9963,-3.7905,-3.7728,0.002987,0.230325,0.239291,4923,0.3415,0.2394,1.5000,0.4754,0.0500
500,100000,50000000,47,0.005861,0.000175,0.005683,0.003402,0.008675,0.001432,0.9704,0.9894,0.9935,0.9945,-3.7827,-3.7646,0.003007,0.244591,0.253829,4926,0.3370,0.2414,1.5000,0.4974,0.0500
500,100000,50000000,48,0.005218,0.000153,0.005018,0.003122,0.008608,0.001432,0.9750,0.9890,0.9949,0.9955,-3.7974,-3.7796,0.002855,0.224063,0.233901,4924,0.3438,0.2405,1.5000,0.4792,0.0500
500,100000,50000000,49,0.005552,0.000203,0.005365,0.003129,0.008586,0.001431,0.9768,0.9908,0.9976,0.9978,-3.8063,-3.7886,0.002859,0.209343,0.217650,4915,0.3392,0.2436,1.5000,0.4678,0.0500
500,100000,50000000,50,0.005091,0.000141,0.004885,0.003091,0.008580,0.001432,0.9817,0.9933,0.9978,0.9980,-3.8127,-3.7945,0.002798,0.198094,0.206162,4919,0.3324,0.2337,1.5000,0.4691,0.0500
500,Inf,Inf,1,0.004924,0.000142,0.004924,0.002620,0.008297,0.000000,0.9734,0.9854,0.9927,0.9927,-3.8466,-3.8466,0.002660,0.198744,0.198744,4924,0.3457,0.2474,1.5000,0.5067,0.3873
500,Inf,Inf,2,0.005273,0.000211,0.005273,0.002584,0.008362,0.000000,0.9795,0.9935,0.9968,0.9968,-3.8594,-3.8594,0.002647,0.166467,0.166467,4927,0.3307,0.2373,1.5000,0.4621,0.3873
500,Inf,Inf,3,0.006209,0.000249,0.006209,0.002901,0.008466,0.000000,0.9735,0.9898,0.9947,0.9947,-3.8368,-3.8368,0.002859,0.200995,0.200995,4913,0.3388,0.2413,1.5000,0.4834,0.3873
500,Inf,Inf,4,0.008026,0.000575,0.008026,0.003294,0.008479,0.000000,0.9703,0.9854,0.9910,0.9910,-3.8026,-3.8026,0.003108,0.272799,0.272799,4916,0.3466,0.2447,1.5000,0.4542,0.3873
500,Inf,Inf,5,0.004238,0.000122,0.004238,0.002385,0.008436,0.000000,0.9878,0.9955,0.9982,0.9982,-3.8636,-3.8636,0.002515,0.141331,0.141331,4921,0.3384,0.2400,1.5000,0.4872,0.3873
500,Inf,Inf,6,0.005325,0.000198,0.005325,0.002728,0.008359,0.000000,0.9760,0.9907,0.9945,0.9945,-3.8435,-3.8435,0.002706,0.195653,0.195653,4925,0.3418,0.2430,1.5000,0.4563,0.3873
500,Inf,Inf,7,0.004816,0.000154,0.004816,0.002526,0.008411,0.000000,0.9811,0.9925,0.9972,0.9972,-3.8531,-3.8531,0.002610,0.163008,0.163008,4921,0.3402,0.2387,1.5000,0.4717,0.3873
500,Inf,Inf,8,0.004449,0.000141,0.004449,0.002443,0.008484,0.000000,0.9858,0.9939,0.9969,0.9969,-3.8510,-3.8510,0.002565,0.153386,0.153386,4914,0.3402,0.2426,1.5000,0.4941,0.3873
500,Inf,Inf,9,0.007396,0.000318,0.007396,0.003236,0.008245,0.000000,0.9593,0.9790,0.9892,0.9892,-3.8310,-3.8310,0.003049,0.259776,0.259776,4916,0.3355,0.2349,1.5000,0.4579,0.3873
500,Inf,Inf,10,0.005084,0.000200,0.005084,0.002573,0.008240,0.000000,0.9774,0.9900,0.9957,0.9957,-3.8575,-3.8575,0.002634,0.189359,0.189359,4918,0.3395,0.2391,1.5000,0.4678,0.3873
500,Inf,Inf,11,0.005010,0.000130,0.005010,0.002746,0.008417,0.000000,0.9766,0.9892,0.9951,0.9951,-3.8475,-3.8475,0.002697,0.191047,0.191047,4918,0.3426,0.2459,1.5000,0.4592,0.3873
500,Inf,Inf,12,0.005201,0.000149,0.005201,0.002665,0.008235,0.000000,0.9726,0.9874,0.9951,0.9951,-3.8528,-3.8528,0.002687,0.198053,0.198053,4921,0.3401,0.2442,1.5000,0.4558,0.3873
500,Inf,Inf,13,0.005158,0.000168,0.005158,0.002687,0.008399,0.000000,0.9752,0.9878,0.9941,0.9941,-3.8397,-3.8397,0.002708,0.193508,0.193508,4923,0.3384,0.2410,1.5000,0.4606,0.3873
500,Inf,Inf,14,0.005961,0.000227,0.005961,0.002828,0.008369,0.000000,0.9720,0.9898,0.9951,0.9951,-3.8476,-3.8476,0.002790,0.195414,0.195414,4900,0.3428,0.2409,1.5000,0.4671,0.3873
500,Inf,Inf,15,0.005557,0.000171,0.005557,0.002901,0.008398,0.000000,0.9763,0.9901,0.9945,0.9945,-3.8403,-3.8403,0.002786,0.203722,0.203722,4930,0.3413,0.2447,1.5000,0.5007,0.3873
500,Inf,Inf,16,0.005464,0.000234,0.005464,0.002658,0.008381,0.000000,0.9747,0.9897,0.9957,0.9957,-3.8460,-3.8460,0.002700,0.181377,0.181377,4933,0.3343,0.2422,1.5000,0.4407,0.3873
500,Inf,Inf,17,0.004592,0.000143,0.004592,0.002448,0.008614,0.000000,0.9842,0.9955,0.9984,0.9984,-3.8515,-3.8515,0.002595,0.139470,0.139470,4927,0.3374,0.2389,1.5000,0.4765,0.3873
500,Inf,Inf,18,0.004671,0.000134,0.004671,0.002543,0.008284,0.000000,0.9811,0.9929,0.9974,0.9974,-3.8655,-3.8655,0.002583,0.169280,0.169280,4928,0.3371,0.2403,1.5000,0.4873,0.3873
500,Inf,Inf,19,0.006555,0.000430,0.006555,0.002805,0.008361,0.000000,0.9711,0.9852,0.9904,0.9904,-3.8355,-3.8355,0.002829,0.225312,0.225312,4920,0.3507,0.2444,1.5000,0.4597,0.3873
500,Inf,Inf,20,0.004909,0.000135,0.004909,0.002705,0.008398,0.000000,0.9754,0.9894,0.9965,0.9965,-3.8395,-3.8395,0.002680,0.191143,0.191143,4924,0.3343,0.2403,1.5000,0.4931,0.3873
500,Inf,Inf,21,0.004684,0.000196,0.004684,0.002473,0.008454,0.000000,0.9870,0.9953,0.9986,0.9986,-3.8579,-3.8579,0.002564,0.142979,0.142979,4916,0.3397,0.2419,1.5000,0.4762,0.3873
500,Inf,Inf,22,0.004341,0.000143,0.004341,0.002339,0.008512,0.000000,0.9876,0.9943,0.9976,0.9976,-3.8543,-3.8543,0.002531,0.136115,0.136115,4922,0.3416,0.2426,1.5000,0.4731,0.3873
500,Inf,Inf,23,0.009212,0.000704,0.009212,0.003217,0.008289,0.000000,0.9663,0.9797,0.9870,0.9870,-3.8270,-3.8270,0.003137,0.271619,0.271619,4921,0.3329,0.2358,1.5000,0.4749,0.3873
500,Inf,Inf,24,0.005855,0.000181,0.005855,0.002930,0.008386,0.000000,0.9703,0.9864,0.9937,0.9937,-3.8306,-3.8306,0.002861,0.227149,0.227149,4912,0.3345,0.2412,1.5000,0.4490,0.3873
500,Inf,Inf,25,0.004363,0.000136,0.004363,0.002340,0.008361,0.000000,0.9848,0.9941,0.9972,0.9972,-3.8676,-3.8676,0.002521,0.146892,0.146892,4931,0.3389,0.2450,1.5000,0.4624,0.3873
500,Inf,Inf,26,0.004970,0.000137,0.004970,0.002701,0.008413,0.000000,0.9772,0.9888,0.9959,0.9959,-3.8391,-3.8391,0.002699,0.195605,0.195605,4919,0.3463,0.2461,1.5000,0.4704,0.3873
500,Inf,Inf,27,0.005633,0.000208,0.005633,0.002869,0.008401,0.000000,0.9743,0.9896,0.9967,0.9967,-3.8484,-3.8484,0.002763,0.191926,0.191926,4909,0.3403,0.2428,1.5000,0.4832,0.3873
500,Inf,Inf,28,0.004840,0.000175,0.004840,0.002518,0.008517,0.000000,0.9848,0.9953,0.9986,0.9986,-3.8523,-3.8523,0.002614,0.152027,0.152027,4925,0.3391,0.2389,1.5000,0.4723,0.3873
500,Inf,Inf,29,0.004557,0.000146,0.004557,0.002428,0.008352,0.000000,0.9846,0.9941,0.9962,0.9962,-3.8600,-3.8600,0.002553,0.155083,0.155083,4936,0.3429,0.2451,1.5000,0.4558,0.3873
500,Inf,Inf,30,0.004813,0.000155,0.004813,0.002512,0.008565,0.000000,0.9803,0.9929,0.9972,0.9972,-3.8535,-3.8535,0.002632,0.156005,0.156005,4923,0.3382,0.2428,1.5000,0.4491,0.3873
500,Inf,Inf,31,0.004744,0.000172,0.004744,0.002516,0.008575,0.000000,0.9896,0.9967,0.9988,0.9988,-3.8534,-3.8534,0.002596,0.140135,0.140135,4914,0.3396,0.2406,1.5000,0.4876,0.3873
500,Inf,Inf,32,0.005450,0.000250,0.005450,0.002738,0.008324,0.000000,0.9763,0.9897,0.9963,0.9963,-3.8524,-3.8524,0.002703,0.189892,0.189892,4928,0.3516,0.2471,1.5000,0.4840,0.3873
500,Inf,Inf,33,0.005188,0.000168,0.005188,0.002679,0.008537,0.000000,0.9860,0.9953,0.9988,0.9988,-3.8565,-3.8565,0.002672,0.156768,0.156768,4929,0.3420,0.2405,1.5000,0.4739,0.3873
500,Inf,Inf,34,0.005496,0.000182,0.005496,0.002746,0.008321,0.000000,0.9681,0.9860,0.9939,0.9939,-3.8462,-3.8462,0.002747,0.204959,0.204959,4923,0.3406,0.2450,1.5000,0.4665,0.3873
500,Inf,Inf,35,0.004410,0.000118,0.004410,0.002483,0.008572,0.000000,0.9876,0.9957,0.9982,0.9982,-3.8489,-3.8489,0.002582,0.146316,0.146316,4937,0.3422,0.2413,1.5000,0.4817,0.3873
500,Inf,Inf,36,0.005374,0.000228,0.005374,0.002696,0.008493,0.000000,0.9779,0.9903,0.9961,0.9961,-3.8433,-3.8433,0.002722,0.181213,0.181213,4927,0.3483,0.2431,1.5000,0.4796,0.3873
500,Inf,Inf,37,0.005285,0.000156,0.005285,0.002811,0.008523,0.000000,0.9749,0.9912,0.9963,0.9963,-3.8303,-3.8303,0.002757,0.188290,0.188290,4907,0.3400,0.2412,1.5000,0.4791,0.3873
500,Inf,Inf,38,0.004756,0.000184,0.004756,0.002460,0.008357,0.000000,0.9856,0.9961,0.9986,0.9986,-3.8672,-3.8672,0.002561,0.147301,0.147301,4934,0.3404,0.2390,1.5000,0.4652,0.3873
500,Inf,Inf,39,0.005184,0.000257,0.005184,0.002617,0.008328,0.000000,0.9813,0.9911,0.9943,0.9943,-3.8532,-3.8532,0.002648,0.184664,0.184664,4929,0.3452,0.2412,1.5000,0.4666,0.3873
500,Inf,Inf,40,0.004343,0.000157,0.004343,0.002281,0.008369,0.000000,0.9892,0.9974,0.9988,0.9988,-3.8773,-3.8773,0.002473,0.126182,0.126182,4918,0.3393,0.2389,1.5000,0.4592,0.3873
500,Inf,Inf,41,0.006411,0.000296,0.006411,0.002997,0.008479,0.000000,0.9740,0.9874,0.9937,0.9937,-3.8290,-3.8290,0.002894,0.213472,0.213472,4917,0.3410,0.2380,1.5000,0.4640,0.3873
500,Inf,Inf,42,0.006459,0.000218,0.006459,0.003246,0.008224,0.000000,0.9621,0.9816,0.9919,0.9919,-3.8359,-3.8359,0.002959,0.259341,0.259341,4935,0.3471,0.2464,1.5000,0.4560,0.3873
500,Inf,Inf,43,0.005210,0.000141,0.005210,0.002817,0.008175,0.000000,0.9737,0.9898,0.9961,0.9961,-3.8564,-3.8564,0.002710,0.210729,0.210729,4914,0.3410,0.2438,1.5000,0.4664,0.3873
500,Inf,Inf,44,0.005210,0.000161,0.005210,0.002736,0.008388,0.000000,0.9777,0.9907,0.9949,0.9949,-3.8459,-3.8459,0.002704,0.186252,0.186252,4927,0.3369,0.2393,1.5000,0.4516,0.3873
500,Inf,Inf,45,0.005930,0.000455,0.005930,0.002610,0.008484,0.000000,0.9833,0.9912,0.9933,0.9933,-3.8374,-3.8374,0.002715,0.188901,0.188901,4914,0.3406,0.2418,1.5000,0.4469,0.3873
500,Inf,Inf,46,0.005687,0.000245,0.005687,0.002771,0.008458,0.000000,0.9758,0.9890,0.9955,0.9955,-3.8416,-3.8416,0.002757,0.184413,0.184413,4923,0.3416,0.2402,1.5000,0.4652,0.3873
500,Inf,Inf,47,0.005487,0.000182,0.005487,0.002884,0.008435,0.000000,0.9738,0.9882,0.9943,0.9943,-3.8345,-3.8345,0.002785,0.206233,0.206233,4926,0.3394,0.2427,1.5000,0.4869,0.3873
500,Inf,Inf,48,0.004937,0.000166,0.004937,0.002638,0.008352,0.000000,0.9799,0.9903,0.9959,0.9959,-3.8517,-3.8517,0.002648,0.185589,0.185589,4924,0.3438,0.2399,1.5000,0.4645,0.3873
500,Inf,Inf,49,0.005243,0.000210,0.005243,0.002521,0.008358,0.000000,0.9784,0.9904,0.9972,0.9972,-3.8591,-3.8591,0.002646,0.165777,0.165777,4915,0.3363,0.2417,1.5000,0.4516,0.3873
500,Inf,Inf,50,0.004802,0.000143,0.004802,0.002602,0.008409,0.000000,0.9841,0.9941,0.9982,0.9982,-3.8557,-3.8557,0.002615,0.160170,0.160170,4919,0.3338,0.2350,1.5000,0.4619,0.3873
1000,100,100000,1,0.018125,0.000242,0.000000,0.013845,0.022794,0.045265,0.9049,0.9645,0.9849,1.0000,-2.5792,-2.0188,0.014234,0.130102,0.598171,4848,0.3024,0.2035,1.5000,0.7648,0.9424
1000,100,100000,2,0.016940,0.000222,0.000000,0.012979,0.022367,0.045262,0.9098,0.9656,0.9852,1.0000,-2.6131,-2.0309,0.013894,0.114568,0.572248,4857,0.3072,0.2167,1.5000,0.7358,0.9135
1000,100,100000,3,0.018108,0.000208,0.000000,0.014079,0.022542,0.045261,0.8910,0.9646,0.9886,1.0000,-2.5852,-2.0177,0.014244,0.132640,0.613556,4834,0.3093,0.2246,1.5000,0.7807,0.9394
1000,100,100000,4,0.016096,0.000175,0.000000,0.012786,0.022501,0.045297,0.9312,0.9796,0.9952,0.9998,-2.6411,-2.0297,0.013771,0.111945,0.505963,4842,0.3169,0.2317,1.5000,0.7246,0.9563
1000,100,100000,5,0.017411,0.000191,0.000000,0.013790,0.021970,0.045273,0.8969,0.9650,0.9890,1.0000,-2.5996,-2.0262,0.014043,0.127838,0.630008,4829,0.3035,0.2338,1.5000,0.7806,0.9071
1000,100,100000,6,0.015995,0.000206,0.000000,0.012322,0.022474,0.045274,0.9354,0.9778,0.9919,1.0000,-2.6540,-2.0362,0.013668,0.101158,0.476607,4828,0.3042,0.2241,1.5000,0.7373,0.9710
1000,100,100000,7,0.016917,0.000194,0.000000,0.013038,0.022794,0.045294,0.9144,0.9724,0.9893,1.0000,-2.6111,-2.0256,0.013957,0.114488,0.535114,4847,0.2968,0.2316,1.5000,0.7491,0.9563
1000,100,100000,8,0.017937,0.000197,0.000000,0.014164,0.022060,0.045300,0.8976,0.9594,0.9878,1.0000,-2.5964,-2.0235,0.014162,0.129812,0.626934,4824,0.3089,0.2300,1.5000,0.7832,0.9237
1000,100,100000,9,0.018700,0.000254,0.000000,0.014438,0.021897,0.045294,0.8944,0.9572,0.9806,1.0000,-2.5857,-2.0226,0.014295,0.137977,0.666179,4839,0.3315,0.2413,1.5000,0.7726,0.9418
1000,100,100000,10,0.017823,0.000230,0.000000,0.013788,0.022566,0.045283,0.9028,0.9650,0.9884,1.0000,-2.5938,-2.0231,0.014141,0.127302,0.589838,4835,0.3032,0.2183,1.5000,0.7177,0.9650
1000,100,100000,11,0.017043,0.000205,0.000000,0.013157,0.022911,0.045263,0.9198,0.9756,0.9909,1.0000,-2.6090,-2.0274,0.013957,0.113205,0.530605,4835,0.3092,0.2285,1.5000,0.7307,1.0020
1000,100,100000,12,0.016852,0.000197,0.000000,0.013144,0.021903,0.045295,0.9095,0.9768,0.9934,1.0000,-2.6393,-2.0359,0.013834,0.113577,0.556925,4828,0.3238,0.2309,1.5000,0.7513,0.9410
1000,100,100000,13,0.016835,0.000208,0.000000,0.013022,0.021607,0.045294,0.9063,0.9683,0.9911,1.0000,-2.6461,-2.0383,0.013804,0.113457,0.575226,4854,0.3135,0.2390,1.5000,0.7310,0.9063
1000,100,100000,14,0.018642,0.000208,0.000000,0.014624,0.023182,0.045261,0.8899,0.9581,0.9874,0.9998,-2.5460,-2.0111,0.014426,0.137653,0.630685,4823,0.3067,0.2222,1.5000,0.7750,0.9654
1000,100,100000,15,0.017023,0.000202,0.000000,0.013333,0.023249,0.045294,0.9186,0.9732,0.9926,1.0000,-2.5974,-2.0169,0.014061,0.119807,0.523950,4853,0.2944,0.2105,1.5000,0.7491,0.9548
1000,100,100000,16,0.017853,0.000196,0.000000,0.014048,0.022747,0.045294,0.8986,0.9633,0.9862,1.0000,-2.5813,-2.0210,0.014188,0.128493,0.605721,4852,0.2949,0.2249,1.5000,0.7313,0.9176
1000,100,100000,17,0.017772,0.000248,0.000000,0.013508,0.022517,0.045251,0.9121,0.9688,0.9872,1.0000,-2.6118,-2.0203,0.014147,0.130260,0.563088,4845,0.3188,0.2174,1.5000,0.7516,0.9606
1000,100,100000,18,0.019005,0.000234,0.000000,0.014583,0.021627,0.045288,0.8638,0.9395,0.9735,1.0000,-2.5679,-2.0197,0.014389,0.147650,0.724121,4839,0.3238,0.2322,1.5000,0.7475,0.9563
1000,100,100000,19,0.018180,0.000483,0.000000,0.013254,0.021863,0.045267,0.9153,0.9684,0.9872,0.9986,-2.6318,-2.0317,0.014004,0.122693,0.578440,4843,0.3105,0.2212,1.5000,0.7240,0.9176
1000,100,100000,20,0.016966,0.000182,0.000000,0.013496,0.022402,0.045293,0.9226,0.9785,0.9920,1.0000,-2.6211,-2.0301,0.013921,0.114528,0.551649,4848,0.2972,0.2302,1.5000,0.7497,0.9352
1000,100,100000,21,0.017366,0.000182,0.000000,0.013820,0.023428,0.045264,0.9243,0.9764,0.9921,0.9998,-2.5790,-2.0148,0.014163,0.123987,0.548503,4836,0.3038,0.2274,1.5000,0.8196,0.9341
1000,100,100000,22,0.017786,0.000209,0.000000,0.013946,0.022052,0.045277,0.9042,0.9598,0.9816,1.0000,-2.5958,-2.0254,0.014120,0.130801,0.633827,4845,0.3361,0.2425,1.5000,0.7864,0.9485
1000,100,100000,23,0.018937,0.000243,0.000000,0.014814,0.022111,0.045276,0.8847,0.9565,0.9851,1.0000,-2.5715,-2.0150,0.014428,0.146947,0.675825,4830,0.3128,0.2178,1.5000,0.7637,0.9267
1000,100,100000,24,0.019031,0.000200,0.000000,0.015069,0.022147,0.045300,0.8636,0.9539,0.9837,1.0000,-2.5523,-2.0202,0.014407,0.137117,0.714562,4833,0.3337,0.2277,1.5000,0.7673,0.9160
1000,100,100000,25,0.018282,0.000198,0.000000,0.014507,0.022318,0.045265,0.8755,0.9566,0.9860,1.0000,-2.5631,-2.0202,0.014282,0.137071,0.675400,4858,0.2890,0.2218,1.5000,0.7069,0.9224
1000,100,100000,26,0.016621,0.000177,0.000000,0.013202,0.022967,0.045274,0.9244,0.9835,0.9957,1.0000,-2.6137,-2.0259,0.013912,0.111707,0.517048,4841,0.3077,0.2254,1.5000,0.7721,0.9554
1000,100,100000,27,0.017446,0.000235,0.000000,0.013517,0.022626,0.045265,0.9074,0.9671,0.9892,0.9998,-2.6009,-2.0205,0.014088,0.127520,0.570577,4827,0.3015,0.2174,1.5000,0.7569,0.9461
1000,100,100000,28,0.017672,0.000204,0.000000,0.013874,0.022474,0.045272,0.9105,0.9666,0.9889,1.0000,-2.5975,-2.0250,0.014097,0.123911,0.592201,4850,0.3322,0.2486,1.5000,0.8095,0.9502
1000,100,100000,29,0.017165,0.000213,0.000000,0.013167,0.022170,0.045280,0.9085,0.9666,0.9874,1.0000,-2.6217,-2.0322,0.013923,0.115587,0.571301,4850,0.3130,0.2297,1.5000,0.7137,0.9553
1000,100,100000,30,0.018082,0.000213,0.000000,0.014181,0.021956,0.045258,0.8909,0.9661,0.9884,1.0000,-2.5969,-2.0255,0.014164,0.131182,0.642482,4841,0.3069,0.2288,1.5000,0.7424,0.9164
1000,100,100000,31,0.016531,0.000172,0.000000,0.013163,0.022202,0.045259,0.9235,0.9793,0.9936,1.0000,-2.6363,-2.0331,0.013805,0.109171,0.537082,4835,0.3141,0.2296,1.5000,0.7702,0.9379
1000,100,100000,32,0.018490,0.000257,0.000000,0.014177,0.021672,0.045274,0.8792,0.9540,0.9817,1.0000,-2.5943,-2.0243,0.014243,0.139288,0.669786,4851,0.3242,0.2465,1.5000,0.7838,0.9158
1000,100,100000,33,0.018093,0.000214,0.000000,0.013933,0.022725,0.045235,0.8941,0.9582,0.9864,1.0000,-2.5795,-2.0207,0.014214,0.127922,0.609034,4852,0.3250,0.2270,1.5000,0.7908,0.9369
1000,100,100000,34,0.018129,0.000251,0.000000,0.013879,0.022590,0.045251,0.8979,0.9633,0.9880,0.9998,-2.5892,-2.0189,0.014226,0.133772,0.597616,4846,0.3060,0.2211,1.5000,0.7495,0.9600
1000,100,100000,35,0.017132,0.000192,0.000000,0.013583,0.023080,0.045257,0.9143,0.9751,0.9930,1.0000,-2.5917,-2.0199,0.014064,0.121316,0.549258,4856,0.3130,0.2259,1.5000,0.7736,0.9793
1000,100,100000,36,0.019484,0.000266,0.000000,0.014847,0.022382,0.045299,0.8712,0.9454,0.9773,1.0000,-2.5436,-2.0076,0.014595,0.152759,0.707549,4838,0.3371,0.2424,1.5000,0.8052,0.9590
1000,100,100000,37,0.018219,0.000214,0.000000,0.014228,0.022637,0.045285,0.8967,0.9620,0.9868,1.0000,-2.5799,-2.0188,0.014269,0.133211,0.613768,4839,0.2996,0.2149,1.5000,0.7523,0.9219
1000,100,100000,38,0.015909,0.000194,0.000000,0.012253,0.022384,0.045276,0.9371,0.9792,0.9942,1.0000,-2.6585,-2.0382,0.013643,0.100553,0.477079,4862,0.3050,0.2213,1.5000,0.7323,0.9430
1000,100,100000,39,0.017407,0.000244,0.000000,0.013433,0.022362,0.045287,0.9207,0.9738,0.9878,0.9994,-2.6082,-2.0265,0.014004,0.122118,0.579482,4853,0.3029,0.2174,1.5000,0.7391,0.9246
1000,100,100000,40,0.016925,0.000183,0.000000,0.013399,0.022802,0.045280,0.9190,0.9713,0.9921,1.0000,-2.6032,-2.0269,0.013939,0.113436,0.548637,4837,0.3046,0.2207,1.5000,0.7835,0.9376
1000,100,100000,41,0.018626,0.000272,0.000000,0.013907,0.022730,0.045292,0.9066,0.9635,0.9819,1.0000,-2.5809,-2.0136,0.014340,0.135157,0.602800,4850,0.3224,0.2356,1.5000,0.7588,0.9738
1000,100,100000,42,0.018224,0.000210,0.000000,0.014034,0.022610,0.045306,0.8890,0.9523,0.9806,1.0000,-2.5724,-2.0159,0.014291,0.135200,0.631227,4839,0.2970,0.2113,1.5000,0.7208,0.9429
1000,100,100000,43,0.017890,0.000201,0.000000,0.013980,0.021575,0.045266,0.8901,0.9528,0.9814,1.0000,-2.6067,-2.0325,0.014061,0.127262,0.653857,4833,0.3169,0.2369,1.5000,0.7520,0.9296
1000,100,100000,44,0.017192,0.000206,0.000000,0.013350,0.022008,0.045292,0.9107,0.9704,0.9856,1.0000,-2.6257,-2.0334,0.013920,0.116005,0.581147,4858,0.3213,0.2363,1.5000,0.7524,0.9208
1000,100,100000,45,0.018564,0.000268,0.000000,0.014445,0.022935,0.045317,0.8929,0.9642,0.9864,1.0000,-2.5609,-2.0119,0.014395,0.139241,0.625767,4837,0.2972,0.2108,1.5000,0.7313,0.9409
1000,100,100000,46,0.018130,0.000233,0.000000,0.014031,0.022364,0.045263,0.8964,0.9656,0.9878,1.0000,-2.5847,-2.0240,0.014180,0.128500,0.628360,4853,0.3255,0.2273,1.5000,0.7385,0.9254
1000,100,100000,47,0.017223,0.000182,0.000000,0.013659,0.022556,0.045284,0.9142,0.9769,0.9940,1.0000,-2.6081,-2.0251,0.014012,0.118110,0.564992,4848,0.2965,0.2264,1.5000,0.7663,0.9243
1000,100,100000,48,0.016659,0.000177,0.000000,0.013240,0.022885,0.045283,0.9258,0.9803,0.9940,1.0000,-2.6147,-2.0276,0.013892,0.110037,0.521004,4826,0.3124,0.2297,1.5000,0.7456,0.9883
1000,100,100000,49,0.018197,0.000210,0.000000,0.014229,0.022368,0.045259,0.8934,0.9559,0.9832,1.0000,-2.5771,-2.0250,0.014191,0.127653,0.642048,4833,0.3043,0.2200,1.5000,0.7591,0.8932
1000,100,100000,50,0.017935,0.000226,0.000000,0.014106,0.022632,0.045281,0.9188,0.9708,0.9909,1.0000,-2.5935,-2.0209,0.014184,0.128691,0.585971,4837,0.2907,0.2130,1.5000,0.7387,0.9288
1000,1000,1000000,1,0.008953,0.000109,0.000000,0.006938,0.011324,0.014314,0.9047,0.9647,0.9880,1.0000,-3.2929,-2.9820,0.005856,0.226452,0.591881,4848,0.3365,0.2420,1.5000,0.6607,0.8368
1000,1000,1000000,2,0.008971,0.000139,0.000000,0.006742,0.011325,0.014313,0.9121,0.9677,0.9874,0.9986,-3.3008,-2.9863,0.005817,0.220364,0.581633,4857,0.3196,0.2308,1.5000,0.5839,0.8379
1000,1000,1000000,3,0.009871,0.000138,0.000000,0.007586,0.011632,0.014313,0.8935,0.9632,0.9872,0.9994,-3.2458,-2.9525,0.006174,0.260734,0.644591,4834,0.3252,0.2285,1.5000,0.6442,0.8255
1000,1000,1000000,4,0.009065,0.000116,0.000000,0.006927,0.011694,0.014324,0.9002,0.9612,0.9857,0.9990,-3.2650,-2.9688,0.005933,0.227750,0.591304,4842,0.3084,0.2344,1.5000,0.5755,0.8638
1000,1000,1000000,5,0.008583,0.000106,0.000000,0.006715,0.011321,0.014317,0.9190,0.9710,0.9907,0.9996,-3.3104,-2.9850,0.005760,0.217622,0.556567,4829,0.3327,0.2334,1.5000,0.6370,0.8313
1000,1000,1000000,6,0.008155,0.000101,0.000000,0.006386,0.011563,0.014317,0.9275,0.9791,0.9952,1.0000,-3.3188,-2.9931,0.005638,0.188593,0.500110,4828,0.3297,0.2385,1.5000,0.6283,0.8556
1000,1000,1000000,7,0.008457,0.000092,0.000000,0.006603,0.011462,0.014323,0.9030,0.9598,0.9868,0.9998,-3.2870,-2.9845,0.005749,0.210736,0.580941,4847,0.3292,0.2263,1.5000,0.6082,0.8182
1000,1000,1000000,8,0.008789,0.000104,0.000000,0.006821,0.011671,0.014325,0.9202,0.9693,0.9847,1.0000,-3.2782,-2.9742,0.005847,0.214468,0.558372,4824,0.3142,0.2298,1.5000,0.6286,0.8768
1000,1000,1000000,9,0.008657,0.000168,0.000000,0.006528,0.011467,0.014323,0.9237,0.9740,0.9882,0.9996,-3.3116,-2.9882,0.005733,0.204461,0.531351,4839,0.3344,0.2335,1.5000,0.6121,0.8522
1000,1000,1000000,10,0.008502,0.000112,0.000000,0.006603,0.011687,0.014320,0.9222,0.9733,0.9917,1.0000,-3.2955,-2.9842,0.005747,0.201578,0.521925,4835,0.3193,0.2311,1.5000,0.5915,0.8945
1000,1000,1000000,11,0.008662,0.000102,0.000000,0.006772,0.011278,0.014313,0.9088,0.9694,0.9888,0.9998,-3.3043,-2.9905,0.005767,0.218034,0.581143,4835,0.3259,0.2362,1.5000,0.5935,0.8234
1000,1000,1000000,12,0.008827,0.000109,0.000000,0.006840,0.011137,0.014323,0.9035,0.9644,0.9892,1.0000,-3.3048,-2.9906,0.005797,0.226300,0.598481,4828,0.3343,0.2436,1.5000,0.6059,0.8490
1000,1000,1000000,13,0.009030,0.000116,0.000000,0.006869,0.011271,0.014323,0.8978,0.9578,0.9839,0.9996,-3.2914,-2.9846,0.005863,0.228485,0.608930,4854,0.3272,0.2356,1.5000,0.5918,0.8187
1000,1000,1000000,14,0.008633,0.000126,0.000000,0.006658,0.011484,0.014313,0.9179,0.9672,0.9911,0.9996,-3.3004,-2.9844,0.005768,0.212011,0.546167,4823,0.3364,0.2382,1.5000,0.6183,0.8776
1000,1000,1000000,15,0.008600,0.000111,0.000000,0.006654,0.011674,0.014323,0.9306,0.9775,0.9942,1.0000,-3.3059,-2.9801,0.005777,0.203954,0.506077,4853,0.3380,0.2432,1.5000,0.6387,0.8956
1000,1000,1000000,16,0.008874,0.000125,0.000000,0.006769,0.011538,0.014323,0.9169,0.9697,0.9870,0.9996,-3.2950,-2.9835,0.005824,0.214798,0.557659,4852,0.3356,0.2382,1.5000,0.5938,0.8624
1000,1000,1000000,17,0.008500,0.000117,0.000000,0.006559,0.011849,0.014310,0.9259,0.9787,0.9955,1.0000,-3.2977,-2.9796,0.005754,0.193978,0.498905,4845,0.3121,0.2257,1.5000,0.6134,0.8913
1000,1000,1000000,18,0.008638,0.000119,0.000000,0.006639,0.011527,0.014321,0.9196,0.9748,0.9934,0.9998,-3.3084,-2.9847,0.005761,0.205718,0.522685,4839,0.3097,0.2269,1.5000,0.6065,0.8677
1000,1000,1000000,19,0.011490,0.000458,0.000000,0.007722,0.011478,0.014315,0.8852,0.9492,0.9756,0.9944,-3.2183,-2.9447,0.006374,0.293811,0.715268,4843,0.3397,0.2388,1.5000,0.6225,0.8833
1000,1000,1000000,20,0.008915,0.000137,0.000000,0.006716,0.011626,0.014323,0.9233,0.9717,0.9872,0.9992,-3.2943,-2.9794,0.005832,0.212189,0.538112,4848,0.3309,0.2317,1.5000,0.6130,0.8851
1000,1000,1000000,21,0.008881,0.000119,0.000000,0.006840,0.011843,0.014314,0.9169,0.9684,0.9880,0.9992,-3.2710,-2.9689,0.005885,0.217556,0.550547,4836,0.3277,0.2306,1.5000,0.6265,0.8825
1000,1000,1000000,22,0.008779,0.000130,0.000000,0.006678,0.011175,0.014318,0.9162,0.9713,0.9878,0.9988,-3.3190,-2.9920,0.005756,0.218503,0.568497,4845,0.3284,0.2389,1.5000,0.6067,0.8325
1000,1000,1000000,23,0.008451,0.000111,0.000000,0.006441,0.011321,0.014317,0.9234,0.9733,0.9892,1.0000,-3.3284,-2.9973,0.005667,0.195585,0.523178,4830,0.3180,0.2385,1.5000,0.6109,0.8611
1000,1000,1000000,24,0.008784,0.000104,0.000000,0.006833,0.011335,0.014325,0.9063,0.9659,0.9892,0.9998,-3.2968,-2.9850,0.005813,0.219089,0.590519,4833,0.3158,0.2361,1.5000,0.6026,0.8080
1000,1000,1000000,25,0.008874,0.000102,0.000000,0.006953,0.011457,0.014314,0.9070,0.9679,0.9901,0.9998,-3.2850,-2.9806,0.005853,0.222570,0.586482,4858,0.3408,0.2379,1.5000,0.6128,0.8596
1000,1000,1000000,26,0.008827,0.000121,0.000000,0.006759,0.011493,0.014317,0.9147,0.9647,0.9847,1.0000,-3.2914,-2.9819,0.005816,0.215527,0.570243,4841,0.3147,0.2269,1.5000,0.5849,0.8400
1000,1000,1000000,27,0.009312,0.000127,0.000000,0.007081,0.011510,0.014314,0.8954,0.9625,0.9869,0.9996,-3.2712,-2.9692,0.005977,0.236936,0.606540,4827,0.3275,0.2377,1.5000,0.6416,0.8331
1000,1000,1000000,28,0.008839,0.000108,0.000000,0.006751,0.011218,0.014316,0.8986,0.9614,0.9835,0.9998,-3.3001,-2.9890,0.005804,0.221226,0.601301,4850,0.3270,0.2268,1.5000,0.5946,0.7957
1000,1000,1000000,29,0.008404,0.000110,0.000000,0.006474,0.011652,0.014319,0.9282,0.9763,0.9932,1.0000,-3.3096,-2.9863,0.005711,0.197768,0.502795,4850,0.3190,0.2269,1.5000,0.5761,0.8871
1000,1000,1000000,30,0.008595,0.000101,0.000000,0.006766,0.011803,0.014312,0.9298,0.9787,0.9924,1.0000,-3.2880,-2.9765,0.005801,0.204583,0.524926,4841,0.3242,0.2329,1.5000,0.6183,0.8796
1000,1000,1000000,31,0.008373,0.000096,0.000000,0.006624,0.011177,0.014312,0.9233,0.9741,0.9928,0.9996,-3.3293,-2.9971,0.005670,0.204555,0.549099,4835,0.3103,0.2240,1.5000,0.5997,0.7888
1000,1000,1000000,32,0.009295,0.000166,0.000000,0.007005,0.011155,0.014317,0.8922,0.9600,0.9854,0.9990,-3.2889,-2.9849,0.005893,0.233604,0.628988,4851,0.3374,0.2443,1.5000,0.6163,0.8470
1000,1000,1000000,33,0.009066,0.000121,0.000000,0.006764,0.011406,0.014305,0.9122,0.9637,0.9833,0.9996,-3.2964,-2.9818,0.005864,0.223527,0.574004,4852,0.3420,0.2432,1.5000,0.6245,0.8731
1000,1000,1000000,34,0.008624,0.000126,0.000000,0.006567,0.011355,0.014310,0.9286,0.9734,0.9880,0.9992,-3.3182,-2.9913,0.005728,0.208071,0.536339,4846,0.3157,0.2329,1.5000,0.5938,0.8705
1000,1000,1000000,35,0.009062,0.000104,0.000000,0.007107,0.011674,0.014311,0.9040,0.9681,0.9881,0.9996,-3.2633,-2.9672,0.005948,0.230182,0.596021,4856,0.3289,0.2347,1.5000,0.6425,0.8306
1000,1000,1000000,36,0.009134,0.000160,0.000000,0.006943,0.011440,0.014325,0.9113,0.9742,0.9905,0.9992,-3.2924,-2.9773,0.005886,0.222404,0.577041,4838,0.3281,0.2345,1.5000,0.6128,0.8437
1000,1000,1000000,37,0.008759,0.000120,0.000000,0.006643,0.011674,0.014320,0.9186,0.9709,0.9884,1.0000,-3.2945,-2.9811,0.005801,0.206147,0.528399,4839,0.3159,0.2300,1.5000,0.5976,0.8933
1000,1000,1000000,38,0.008337,0.000102,0.000000,0.006447,0.011496,0.014318,0.9163,0.9694,0.9899,0.9996,-3.3085,-2.9901,0.005693,0.201488,0.531244,4862,0.3185,0.2294,1.5000,0.5965,0.8552
1000,1000,1000000,39,0.008638,0.000162,0.000000,0.006511,0.011778,0.014321,0.9273,0.9767,0.9924,0.9994,-3.2989,-2.9776,0.005777,0.205923,0.499285,4853,0.3274,0.2301,1.5000,0.6145,0.9114
1000,1000,1000000,40,0.007850,0.000090,0.000000,0.006163,0.011480,0.014319,0.9355,0.9818,0.9928,1.0000,-3.3349,-3.0012,0.005543,0.179770,0.476414,4837,0.3175,0.2376,1.5000,0.6192,0.8784
1000,1000,1000000,41,0.009052,0.000126,0.000000,0.007005,0.011691,0.014323,0.9204,0.9730,0.9911,0.9994,-3.2796,-2.9710,0.005905,0.219355,0.558759,4850,0.3240,0.2401,1.5000,0.6014,0.8934
1000,1000,1000000,42,0.008701,0.000114,0.000000,0.006660,0.011686,0.014327,0.9165,0.9696,0.9897,0.9996,-3.2896,-2.9776,0.005810,0.208023,0.539981,4839,0.3181,0.2226,1.5000,0.5943,0.8666
1000,1000,1000000,43,0.008172,0.000126,0.000000,0.006232,0.011192,0.014314,0.9243,0.9752,0.9928,0.9994,-3.3480,-3.0058,0.005573,0.191054,0.506058,4833,0.3163,0.2266,1.5000,0.5999,0.8110
1000,1000,1000000,44,0.008844,0.000105,0.000000,0.006850,0.011976,0.014323,0.9230,0.9765,0.9926,1.0000,-3.2756,-2.9712,0.005873,0.206549,0.516872,4858,0.3296,0.2305,1.5000,0.6013,0.9296
1000,1000,1000000,45,0.009584,0.000227,0.000000,0.007149,0.011665,0.014330,0.9039,0.9655,0.9868,0.9986,-3.2595,-2.9665,0.006004,0.233598,0.602554,4837,0.3172,0.2192,1.5000,0.5940,0.8484
1000,1000,1000000,46,0.009044,0.000128,0.000000,0.006906,0.011399,0.014314,0.8928,0.9623,0.9837,0.9998,-3.2840,-2.9828,0.005862,0.222965,0.599055,4853,0.3315,0.2362,1.5000,0.5837,0.8391
1000,1000,1000000,47,0.008043,0.000114,0.000000,0.006118,0.011658,0.014320,0.9408,0.9818,0.9961,1.0000,-3.3380,-2.9937,0.005590,0.178233,0.447833,4848,0.3153,0.2308,1.5000,0.6111,0.8676
1000,1000,1000000,48,0.008792,0.000133,0.000000,0.006604,0.011560,0.014320,0.9233,0.9704,0.9894,0.9992,-3.3045,-2.9806,0.005800,0.213777,0.529263,4826,0.3301,0.2336,1.5000,0.6008,0.8801
1000,1000,1000000,49,0.008377,0.000115,0.000000,0.006417,0.011431,0.014312,0.9241,0.9745,0.9923,0.9990,-3.3194,-2.9947,0.005671,0.198350,0.517565,4833,0.3209,0.2358,1.5000,0.5876,0.8820
1000,1000,1000000,50,0.008450,0.000099,0.000000,0.006631,0.011187,0.014319,0.9092,0.9680,0.9890,1.0000,-3.3136,-2.9958,0.005698,0.209489,0.577403,4837,0.3244,0.2297,1.5000,0.6061,0.8061
1000,10000,10000000,1,0.004839,0.000090,0.001710,0.003494,0.006497,0.004526,0.9245,0.9707,0.9876,0.9973,-3.9127,-3.7783,0.002817,0.310328,0.508870,4848,0.3351,0.2447,1.5000,0.4996,0.6681
1000,10000,10000000,2,0.004438,0.000058,0.000000,0.003414,0.006364,0.004526,0.9288,0.9718,0.9874,0.9992,-3.9392,-3.8032,0.002712,0.293948,0.517290,4857,0.3351,0.2356,1.5000,0.4609,0.5254
1000,10000,10000000,3,0.004914,0.000117,0.001913,0.003476,0.006791,0.004526,0.9466,0.9832,0.9946,0.9979,-3.9186,-3.7712,0.002819,0.271455,0.425306,4834,0.3256,0.2353,1.5000,0.4929,0.6835
1000,10000,10000000,4,0.004776,0.000091,0.001514,0.003440,0.006726,0.004530,0.9401,0.9791,0.9930,0.9983,-3.9129,-3.7717,0.002812,0.283897,0.445519,4842,0.3393,0.2435,1.5000,0.4569,0.7466
1000,10000,10000000,5,0.004709,0.000089,0.001294,0.003480,0.006617,0.004527,0.9306,0.9691,0.9855,0.9981,-3.9010,-3.7701,0.002807,0.301823,0.498070,4829,0.3408,0.2420,1.5000,0.5036,0.6632
1000,10000,10000000,6,0.004445,0.000070,0.000000,0.003334,0.006409,0.004527,0.9387,0.9774,0.9901,0.9994,-3.9517,-3.8047,0.002695,0.278684,0.464337,4828,0.3265,0.2325,1.5000,0.4567,0.6007
1000,10000,10000000,7,0.004397,0.000062,0.000000,0.003348,0.006679,0.004529,0.9466,0.9845,0.9940,0.9996,-3.9212,-3.7830,0.002725,0.265533,0.435595,4847,0.3382,0.2379,1.5000,0.4763,0.6858
1000,10000,10000000,8,0.004167,0.000062,0.000000,0.003188,0.006545,0.004530,0.9453,0.9805,0.9909,0.9988,-3.9437,-3.7998,0.002643,0.257038,0.433891,4824,0.3436,0.2432,1.5000,0.5036,0.6580
1000,10000,10000000,9,0.004530,0.000137,0.000069,0.003277,0.006419,0.004529,0.9372,0.9787,0.9917,0.9983,-3.9512,-3.8064,0.002684,0.273223,0.464416,4839,0.3412,0.2394,1.5000,0.4677,0.6117
1000,10000,10000000,10,0.004391,0.000077,0.000000,0.003316,0.006626,0.004528,0.9473,0.9810,0.9923,0.9988,-3.9296,-3.7902,0.002703,0.264858,0.436584,4835,0.3286,0.2310,1.5000,0.4576,0.6486
1000,10000,10000000,11,0.004449,0.000065,0.000000,0.003391,0.006511,0.004526,0.9315,0.9772,0.9915,0.9998,-3.9265,-3.7924,0.002727,0.286120,0.481366,4835,0.3267,0.2337,1.5000,0.4507,0.6281
1000,10000,10000000,12,0.004941,0.000096,0.001974,0.003574,0.006290,0.004529,0.9138,0.9629,0.9830,0.9957,-3.9137,-3.7863,0.002830,0.339509,0.573315,4828,0.3348,0.2453,1.5000,0.4661,0.5749
1000,10000,10000000,13,0.004126,0.000057,0.000000,0.003163,0.006768,0.004529,0.9571,0.9837,0.9957,0.9998,-3.9304,-3.7896,0.002656,0.240339,0.393629,4854,0.3314,0.2409,1.5000,0.4680,0.7162
1000,10000,10000000,14,0.004543,0.000098,0.000395,0.003312,0.006566,0.004526,0.9401,0.9809,0.9930,0.9992,-3.9346,-3.7922,0.002718,0.270593,0.439183,4823,0.3417,0.2412,1.5000,0.4737,0.7202
1000,10000,10000000,15,0.004855,0.000087,0.001749,0.003581,0.006587,0.004529,0.9238,0.9749,0.9928,0.9990,-3.9050,-3.7720,0.002840,0.307531,0.504312,4853,0.3379,0.2365,1.5000,0.4771,0.6555
1000,10000,10000000,16,0.004638,0.000090,0.000996,0.003370,0.006594,0.004529,0.9437,0.9771,0.9911,0.9990,-3.9325,-3.7917,0.002743,0.273592,0.447962,4852,0.3264,0.2361,1.5000,0.4395,0.6718
1000,10000,10000000,17,0.004734,0.000086,0.001389,0.003450,0.006694,0.004525,0.9325,0.9750,0.9893,0.9992,-3.9068,-3.7720,0.002809,0.289049,0.477232,4845,0.3406,0.2374,1.5000,0.4979,0.6505
1000,10000,10000000,18,0.005010,0.000118,0.002142,0.003525,0.006497,0.004529,0.9260,0.9702,0.9868,0.9948,-3.9128,-3.7761,0.002838,0.314135,0.506356,4839,0.3362,0.2372,1.5000,0.4825,0.6782
1000,10000,10000000,19,0.005396,0.000249,0.002936,0.003555,0.006551,0.004527,0.9300,0.9760,0.9895,0.9967,-3.9173,-3.7786,0.002857,0.303570,0.483122,4843,0.3444,0.2413,1.5000,0.4751,0.7287
1000,10000,10000000,20,0.004560,0.000087,0.000526,0.003384,0.006568,0.004529,0.9449,0.9812,0.9946,0.9992,-3.9368,-3.7923,0.002729,0.271670,0.445813,4848,0.3365,0.2346,1.5000,0.4719,0.6485
1000,10000,10000000,21,0.004503,0.000074,0.000000,0.003355,0.006862,0.004526,0.9444,0.9851,0.9961,0.9986,-3.9066,-3.7674,0.002772,0.264766,0.416667,4836,0.3337,0.2354,1.5000,0.4828,0.7332
1000,10000,10000000,22,0.004229,0.000053,0.000000,0.003261,0.006576,0.004528,0.9465,0.9825,0.9934,0.9996,-3.9367,-3.7969,0.002672,0.261140,0.441846,4845,0.3343,0.2378,1.5000,0.4761,0.6472
1000,10000,10000000,23,0.004358,0.000089,0.000000,0.003173,0.006651,0.004528,0.9559,0.9867,0.9959,0.9998,-3.9521,-3.8009,0.002655,0.238525,0.389669,4830,0.3249,0.2297,1.5000,0.4755,0.6847
1000,10000,10000000,24,0.004668,0.000078,0.001128,0.003428,0.006493,0.004530,0.9319,0.9741,0.9899,0.9981,-3.9317,-3.7904,0.002766,0.292058,0.487793,4833,0.3386,0.2419,1.5000,0.4759,0.5945
1000,10000,10000000,25,0.004053,0.000060,0.000000,0.003025,0.006638,0.004526,0.9582,0.9833,0.9942,0.9990,-3.9549,-3.8057,0.002600,0.231255,0.378951,4858,0.3389,0.2399,1.5000,0.4624,0.7517
1000,10000,10000000,26,0.004604,0.000070,0.000836,0.003469,0.006609,0.004527,0.9343,0.9765,0.9905,0.9990,-3.9150,-3.7807,0.002776,0.287083,0.481553,4841,0.3306,0.2336,1.5000,0.4646,0.6267
1000,10000,10000000,27,0.004489,0.000074,0.000000,0.003338,0.006499,0.004526,0.9323,0.9774,0.9927,0.9990,-3.9363,-3.7934,0.002722,0.281723,0.467784,4827,0.3331,0.2394,1.5000,0.4771,0.6653
1000,10000,10000000,28,0.004476,0.000079,0.000000,0.003350,0.006681,0.004527,0.9480,0.9847,0.9948,0.9990,-3.9253,-3.7834,0.002732,0.267595,0.428485,4850,0.3448,0.2399,1.5000,0.4741,0.7385
1000,10000,10000000,29,0.004251,0.000077,0.000000,0.003172,0.006637,0.004528,0.9524,0.9837,0.9948,0.9994,-3.9467,-3.7999,0.002648,0.243625,0.403148,4850,0.3338,0.2340,1.5000,0.4567,0.6594
1000,10000,10000000,30,0.004446,0.000079,0.000000,0.003279,0.006571,0.004526,0.9376,0.9767,0.9907,0.9981,-3.9368,-3.7929,0.002709,0.270994,0.452899,4841,0.3321,0.2370,1.5000,0.4704,0.6286
1000,10000,10000000,31,0.004477,0.000094,0.000000,0.003315,0.006411,0.004526,0.9373,0.9777,0.9915,0.9986,-3.9513,-3.8067,0.002688,0.273821,0.467989,4835,0.3318,0.2323,1.5000,0.4760,0.5792
1000,10000,10000000,32,0.004896,0.000145,0.001863,0.003420,0.006437,0.004527,0.9274,0.9709,0.9864,0.9975,-3.9318,-3.7915,0.002773,0.297975,0.490946,4851,0.3434,0.2402,1.5000,0.4762,0.6513
1000,10000,10000000,33,0.004332,0.000074,0.000000,0.003224,0.006492,0.004524,0.9421,0.9812,0.9928,0.9996,-3.9549,-3.8072,0.002657,0.258594,0.435145,4852,0.3340,0.2380,1.5000,0.4675,0.6438
1000,10000,10000000,34,0.004333,0.000075,0.000000,0.003208,0.006477,0.004525,0.9453,0.9835,0.9932,0.9992,-3.9593,-3.8083,0.002653,0.257947,0.425596,4846,0.3375,0.2357,1.5000,0.4711,0.6549
1000,10000,10000000,35,0.004254,0.000064,0.000000,0.003231,0.006628,0.004526,0.9495,0.9829,0.9926,0.9998,-3.9408,-3.7955,0.002669,0.252263,0.416508,4856,0.3359,0.2339,1.5000,0.4706,0.7204
1000,10000,10000000,36,0.004609,0.000110,0.000852,0.003299,0.006668,0.004530,0.9498,0.9828,0.9942,0.9992,-3.9400,-3.7892,0.002724,0.256203,0.411123,4838,0.3297,0.2307,1.5000,0.4660,0.6889
1000,10000,10000000,37,0.004344,0.000068,0.000000,0.003251,0.006620,0.004529,0.9467,0.9839,0.9955,0.9994,-3.9396,-3.7940,0.002686,0.256978,0.423448,4839,0.3276,0.2316,1.5000,0.4685,0.6342
1000,10000,10000000,38,0.004260,0.000067,0.000000,0.003198,0.006475,0.004528,0.9395,0.9805,0.9922,0.9990,-3.9546,-3.8078,0.002646,0.260207,0.436797,4862,0.3287,0.2363,1.5000,0.4623,0.6211
1000,10000,10000000,39,0.004483,0.000150,0.000000,0.003224,0.006501,0.004529,0.9400,0.9798,0.9922,0.9984,-3.9459,-3.8022,0.002673,0.264309,0.443979,4853,0.3323,0.2337,1.5000,0.4685,0.6288
1000,10000,10000000,40,0.004224,0.000066,0.000000,0.003151,0.006358,0.004528,0.9380,0.9740,0.9895,0.9983,-3.9575,-3.8136,0.002628,0.269578,0.460987,4837,0.3386,0.2382,1.5000,0.4764,0.6353
1000,10000,10000000,41,0.004497,0.000069,0.000000,0.003363,0.006899,0.004529,0.9497,0.9854,0.9953,0.9996,-3.9068,-3.7667,0.002770,0.258435,0.410698,4850,0.3382,0.2383,1.5000,0.4814,0.7137
1000,10000,10000000,42,0.004718,0.000084,0.001317,0.003486,0.006508,0.004531,0.9295,0.9729,0.9890,0.9983,-3.9196,-3.7824,0.002792,0.302522,0.499318,4839,0.3372,0.2422,1.5000,0.4678,0.6760
1000,10000,10000000,43,0.004378,0.000068,0.000000,0.003237,0.006317,0.004527,0.9352,0.9774,0.9913,0.9990,-3.9648,-3.8168,0.002653,0.272539,0.463416,4833,0.3493,0.2426,1.5000,0.4838,0.6009
1000,10000,10000000,44,0.004483,0.000070,0.000000,0.003386,0.006552,0.004529,0.9397,0.9817,0.9930,1.0000,-3.9327,-3.7931,0.002725,0.275133,0.458070,4858,0.3331,0.2356,1.5000,0.4563,0.6480
1000,10000,10000000,45,0.004615,0.000180,0.000872,0.003211,0.006454,0.004532,0.9380,0.9756,0.9892,0.9979,-3.9501,-3.8068,0.002674,0.264589,0.456918,4837,0.3398,0.2373,1.5000,0.4740,0.5796
1000,10000,10000000,46,0.004580,0.000083,0.000699,0.003331,0.006459,0.004526,0.9460,0.9821,0.9946,0.9998,-3.9551,-3.8053,0.002705,0.268861,0.440287,4853,0.3378,0.2376,1.5000,0.4429,0.6277
1000,10000,10000000,47,0.005119,0.000120,0.002388,0.003611,0.006596,0.004528,0.9218,0.9686,0.9889,0.9983,-3.9037,-3.7688,0.002880,0.313066,0.506512,4848,0.3359,0.2406,1.5000,0.4859,0.6533
1000,10000,10000000,48,0.004588,0.000089,0.000737,0.003379,0.006631,0.004528,0.9399,0.9805,0.9911,0.9981,-3.9212,-3.7826,0.002754,0.277903,0.458405,4826,0.3418,0.2408,1.5000,0.4763,0.6659
1000,10000,10000000,49,0.004423,0.000071,0.000000,0.003303,0.006567,0.004526,0.9410,0.9789,0.9899,0.9990,-3.9327,-3.7925,0.002708,0.271830,0.448248,4833,0.3340,0.2357,1.5000,0.4666,0.6358
1000,10000,10000000,50,0.004232,0.000058,0.000000,0.003261,0.006543,0.004528,0.9516,0.9845,0.9936,0.9996,-3.9487,-3.8028,0.002655,0.255466,0.425365,4837,0.3342,0.2350,1.5000,0.4741,0.6582
1000,100000,100000000,1,0.003066,0.000096,0.002712,0.001916,0.004614,0.001431,0.9641,0.9845,0.9922,0.9936,-4.3727,-4.3263,0.001655,0.272175,0.315335,4848,0.3366,0.2419,1.5000,0.3926,0.0500
1000,100000,100000000,2,0.002559,0.000063,0.002121,0.001718,0.004757,0.001431,0.9804,0.9934,0.9986,0.9998,-4.3863,-4.3405,0.001555,0.199291,0.237613,4857,0.3408,0.2374,1.5000,0.3751,0.0500
1000,100000,100000000,3,0.003674,0.000140,0.003383,0.002079,0.004813,0.001431,0.9671,0.9859,0.9930,0.9938,-4.3431,-4.2965,0.001773,0.269955,0.305610,4834,0.3392,0.2405,1.5000,0.3967,0.3775
1000,100000,100000000,4,0.003102,0.000097,0.002752,0.001877,0.004763,0.001432,0.9725,0.9874,0.9942,0.9948,-4.3655,-4.3174,0.001667,0.239856,0.269590,4842,0.3503,0.2493,1.5000,0.3702,0.4861
1000,100000,100000000,5,0.002868,0.000096,0.002485,0.001830,0.004737,0.001432,0.9785,0.9913,0.9952,0.9967,-4.3708,-4.3246,0.001616,0.229285,0.266589,4829,0.3393,0.2398,1.5000,0.3941,0.3014
1000,100000,100000000,6,0.002896,0.000087,0.002517,0.001817,0.004738,0.001432,0.9731,0.9896,0.9942,0.9961,-4.3707,-4.3248,0.001618,0.228287,0.263488,4828,0.3367,0.2357,1.5000,0.3749,0.3278
1000,100000,100000000,7,0.002577,0.000060,0.002143,0.001752,0.004824,0.001432,0.9812,0.9936,0.9979,0.9990,-4.3652,-4.3203,0.001582,0.204009,0.238638,4847,0.3413,0.2378,1.5000,0.3837,0.0500
1000,100000,100000000,8,0.002465,0.000064,0.002006,0.001682,0.004778,0.001432,0.9816,0.9942,0.9977,0.9992,-4.3833,-4.3357,0.001542,0.192531,0.225352,4824,0.3377,0.2388,1.5000,0.3990,0.1079
1000,100000,100000000,9,0.003121,0.000223,0.002773,0.001791,0.004717,0.001432,0.9766,0.9905,0.9952,0.9965,-4.3772,-4.3318,0.001611,0.226713,0.267207,4839,0.3455,0.2437,1.5000,0.3829,0.1959
1000,100000,100000000,10,0.002543,0.000074,0.002102,0.001679,0.004694,0.001432,0.9785,0.9923,0.9967,0.9981,-4.3925,-4.3465,0.001538,0.200193,0.237892,4835,0.3443,0.2394,1.5000,0.3716,0.0500
1000,100000,100000000,11,0.002542,0.000058,0.002100,0.001705,0.004719,0.001431,0.9808,0.9926,0.9981,0.9986,-4.3888,-4.3435,0.001547,0.199454,0.236138,4835,0.3355,0.2393,1.5000,0.3676,0.0785
1000,100000,100000000,12,0.002850,0.000087,0.002464,0.001745,0.004554,0.001432,0.9720,0.9870,0.9938,0.9952,-4.4084,-4.3584,0.001570,0.227625,0.262719,4828,0.3426,0.2431,1.5000,0.3695,0.0500
1000,100000,100000000,13,0.002389,0.000063,0.001912,0.001646,0.004794,0.001432,0.9852,0.9967,0.9990,1.0000,-4.3867,-4.3398,0.001526,0.180458,0.211157,4854,0.3389,0.2403,1.5000,0.3734,0.1823
1000,100000,100000000,14,0.002734,0.000119,0.002330,0.001699,0.004766,0.001431,0.9801,0.9925,0.9969,0.9979,-4.3788,-4.3322,0.001569,0.198781,0.229918,4823,0.3450,0.2418,1.5000,0.3837,0.4715
1000,100000,100000000,15,0.002776,0.000100,0.002378,0.001742,0.004685,0.001432,0.9798,0.9944,0.9969,0.9979,-4.3975,-4.3481,0.001564,0.207410,0.242539,4853,0.3417,0.2395,1.5000,0.3794,0.0500
1000,100000,100000000,16,0.003025,0.000137,0.002664,0.001799,0.004768,0.001432,0.9784,0.9913,0.9961,0.9965,-4.3776,-4.3299,0.001616,0.212752,0.242575,4852,0.3432,0.2412,1.5000,0.3633,0.3571
1000,100000,100000000,17,0.003223,0.000135,0.002888,0.001881,0.004808,0.001431,0.9734,0.9880,0.9932,0.9950,-4.3633,-4.3153,0.001674,0.233582,0.267841,4845,0.3453,0.2417,1.5000,0.3997,0.2307
1000,100000,100000000,18,0.002900,0.000092,0.002522,0.001808,0.004623,0.001432,0.9742,0.9893,0.9957,0.9969,-4.3938,-4.3454,0.001595,0.228812,0.267362,4839,0.3444,0.2421,1.5000,0.3910,0.0500
1000,100000,100000000,19,0.004138,0.000353,0.003883,0.001987,0.004662,0.001431,0.9632,0.9814,0.9893,0.9909,-4.3555,-4.3107,0.001747,0.288628,0.331225,4843,0.3439,0.2414,1.5000,0.3795,0.2475
1000,100000,100000000,20,0.002683,0.000085,0.002269,0.001720,0.004791,0.001432,0.9802,0.9911,0.9959,0.9981,-4.3776,-4.3313,0.001573,0.200420,0.236265,4848,0.3382,0.2372,1.5000,0.3828,0.1260
1000,100000,100000000,21,0.002687,0.000100,0.002274,0.001702,0.004884,0.001431,0.9870,0.9950,0.9979,0.9983,-4.3670,-4.3196,0.001582,0.186979,0.212274,4836,0.3388,0.2385,1.5000,0.3854,0.5292
1000,100000,100000000,22,0.002430,0.000054,0.001964,0.001638,0.004765,0.001432,0.9816,0.9946,0.9977,0.9990,-4.3870,-4.3398,0.001534,0.190645,0.222928,4845,0.3416,0.2430,1.5000,0.3870,0.2908
1000,100000,100000000,23,0.003015,0.000124,0.002654,0.001759,0.004747,0.001432,0.9764,0.9921,0.9957,0.9975,-4.3845,-4.3376,0.001600,0.206168,0.242196,4830,0.3364,0.2352,1.5000,0.3875,0.2027
1000,100000,100000000,24,0.002681,0.000076,0.002266,0.001703,0.004778,0.001433,0.9789,0.9917,0.9973,0.9979,-4.3852,-4.3366,0.001571,0.197081,0.226775,4833,0.3415,0.2413,1.5000,0.3794,0.4183
1000,100000,100000000,25,0.002582,0.000058,0.002149,0.001762,0.004739,0.001431,0.9804,0.9938,0.9981,0.9986,-4.3811,-4.3340,0.001571,0.209764,0.241707,4858,0.3410,0.2417,1.5000,0.3737,0.3888
1000,100000,100000000,26,0.002760,0.000087,0.002359,0.001778,0.004719,0.001432,0.9793,0.9907,0.9963,0.9973,-4.3877,-4.3390,0.001585,0.214037,0.250287,4841,0.3427,0.2388,1.5000,0.3752,0.0500
1000,100000,100000000,27,0.002927,0.000076,0.002553,0.001919,0.004765,0.001431,0.9714,0.9869,0.9936,0.9967,-4.3584,-4.3137,0.001657,0.246871,0.287794,4827,0.3391,0.2415,1.5000,0.3936,0.0500
1000,100000,100000000,28,0.002737,0.000079,0.002333,0.001783,0.004769,0.001432,0.9781,0.9909,0.9967,0.9975,-4.3739,-4.3275,0.001594,0.215137,0.249463,4850,0.3435,0.2423,1.5000,0.3806,0.2757
1000,100000,100000000,29,0.002686,0.000092,0.002273,0.001686,0.004798,0.001432,0.9823,0.9920,0.9969,0.9986,-4.3828,-4.3363,0.001559,0.186489,0.220625,4850,0.3384,0.2373,1.5000,0.3699,0.0500
1000,100000,100000000,30,0.002613,0.000077,0.002186,0.001696,0.004833,0.001431,0.9800,0.9926,0.9957,0.9975,-4.3752,-4.3286,0.001572,0.195238,0.230472,4841,0.3392,0.2409,1.5000,0.3863,0.2804
1000,100000,100000000,31,0.002418,0.000085,0.001949,0.001544,0.004629,0.001431,0.9847,0.9940,0.9983,0.9996,-4.4287,-4.3771,0.001470,0.168507,0.200107,4835,0.3403,0.2406,1.5000,0.3852,0.0500
1000,100000,100000000,32,0.003483,0.000198,0.003175,0.001909,0.004618,0.001432,0.9604,0.9812,0.9885,0.9918,-4.3737,-4.3274,0.001679,0.269044,0.311681,4851,0.3491,0.2468,1.5000,0.3864,0.1904
1000,100000,100000000,33,0.002808,0.000098,0.002416,0.001771,0.004718,0.001430,0.9792,0.9936,0.9971,0.9979,-4.3892,-4.3422,0.001582,0.208898,0.246449,4852,0.3457,0.2413,1.5000,0.3837,0.0500
1000,100000,100000000,34,0.002666,0.000083,0.002250,0.001746,0.004767,0.001431,0.9804,0.9915,0.9959,0.9969,-4.3768,-4.3306,0.001578,0.209132,0.244315,4846,0.3399,0.2384,1.5000,0.3881,0.0500
1000,100000,100000000,35,0.002766,0.000083,0.002366,0.001792,0.004788,0.001431,0.9790,0.9920,0.9957,0.9973,-4.3703,-4.3247,0.001602,0.216944,0.254067,4856,0.3461,0.2421,1.5000,0.3944,0.1210
1000,100000,100000000,36,0.003174,0.000168,0.002832,0.001817,0.004802,0.001432,0.9795,0.9915,0.9959,0.9975,-4.3727,-4.3247,0.001633,0.213038,0.245505,4838,0.3425,0.2377,1.5000,0.3847,0.2629
1000,100000,100000000,37,0.002846,0.000095,0.002459,0.001764,0.004779,0.001432,0.9783,0.9909,0.9963,0.9973,-4.3739,-4.3266,0.001603,0.208184,0.239036,4839,0.3396,0.2395,1.5000,0.3811,0.4523
1000,100000,100000000,38,0.002494,0.000074,0.002042,0.001638,0.004719,0.001432,0.9821,0.9942,0.9981,0.9992,-4.3974,-4.3497,0.001523,0.187049,0.220903,4862,0.3412,0.2416,1.5000,0.3810,0.0500
1000,100000,100000000,39,0.003037,0.000219,0.002678,0.001747,0.004691,0.001432,0.9765,0.9895,0.9942,0.9963,-4.3823,-4.3373,0.001589,0.220824,0.262239,4853,0.3406,0.2378,1.5000,0.3785,0.1784
1000,100000,100000000,40,0.002399,0.000078,0.001925,0.001545,0.004606,0.001432,0.9808,0.9932,0.9963,0.9981,-4.4223,-4.3717,0.001476,0.182757,0.216122,4837,0.3394,0.2377,1.5000,0.3810,0.0500
1000,100000,100000000,41,0.003039,0.000097,0.002680,0.001881,0.004822,0.001432,0.9742,0.9899,0.9953,0.9967,-4.3598,-4.3144,0.001656,0.228585,0.266076,4850,0.3412,0.2415,1.5000,0.3790,0.0500
1000,100000,100000000,42,0.002781,0.000076,0.002383,0.001770,0.004671,0.001433,0.9733,0.9907,0.9963,0.9975,-4.3949,-4.3464,0.001580,0.218368,0.256487,4839,0.3444,0.2450,1.5000,0.3800,0.1432
1000,100000,100000000,43,0.002721,0.000073,0.002315,0.001799,0.004636,0.001431,0.9793,0.9901,0.9971,0.9975,-4.3970,-4.3478,0.001573,0.219924,0.253631,4833,0.3439,0.2428,1.5000,0.3856,0.0500
1000,100000,100000000,44,0.002969,0.000089,0.002600,0.001881,0.004778,0.001432,0.9759,0.9930,0.9965,0.9986,-4.3661,-4.3212,0.001635,0.222802,0.257664,4858,0.3429,0.2417,1.5000,0.3736,0.4115
1000,100000,100000000,45,0.003434,0.000281,0.003121,0.001768,0.004774,0.001433,0.9818,0.9921,0.9952,0.9961,-4.3748,-4.3265,0.001625,0.211398,0.240120,4837,0.3374,0.2365,1.5000,0.3739,0.4579
1000,100000,100000000,46,0.002841,0.000081,0.002454,0.001827,0.004731,0.001431,0.9769,0.9916,0.9953,0.9965,-4.3767,-4.3295,0.001610,0.223098,0.257227,4853,0.3504,0.2437,1.5000,0.3682,0.0500
1000,100000,100000000,47,0.003217,0.000125,0.002881,0.001926,0.004802,0.001432,0.9752,0.9928,0.9967,0.9975,-4.3638,-4.3160,0.001676,0.228651,0.261264,4848,0.3486,0.2452,1.5000,0.4009,0.2519
1000,100000,100000000,48,0.003039,0.000095,0.002681,0.001871,0.004801,0.001432,0.9751,0.9909,0.9959,0.9975,-4.3601,-4.3127,0.001661,0.232733,0.265477,4826,0.3410,0.2386,1.5000,0.3762,0.3806
1000,100000,100000000,49,0.002742,0.000093,0.002338,0.001738,0.004751,0.001431,0.9789,0.9921,0.9957,0.9961,-4.3752,-4.3285,0.001583,0.214242,0.246955,4833,0.3440,0.2446,1.5000,0.3833,0.2104
1000,100000,100000000,50,0.002485,0.000075,0.002031,0.001626,0.004720,0.001432,0.9830,0.9934,0.9979,0.9981,-4.3994,-4.3500,0.001523,0.186227,0.217106,4837,0.3404,0.2380,1.5000,0.3840,0.0500
1000,Inf,Inf,1,0.002598,0.000109,0.002598,0.001161,0.004237,0.000000,0.9761,0.9868,0.9924,0.9924,-4.5294,-4.5294,0.001326,0.172486,0.172486,4848,0.3422,0.2444,1.5000,0.3657,0.3873
1000,Inf,Inf,2,0.002055,0.000074,0.002055,0.001032,0.004353,0.000000,0.9911,0.9975,0.9998,0.9998,-4.5424,-4.5424,0.001241,0.102648,0.102648,4857,0.3423,0.2403,1.5000,0.3463,0.3873
1000,Inf,Inf,3,0.003213,0.000153,0.003213,0.001319,0.004344,0.000000,0.9777,0.9884,0.9926,0.9926,-4.5130,-4.5130,0.001423,0.175810,0.175810,4834,0.3430,0.2414,1.5000,0.3638,0.3873
1000,Inf,Inf,4,0.002573,0.000103,0.002573,0.001183,0.004353,0.000000,0.9816,0.9913,0.9948,0.9948,-4.5168,-4.5168,0.001343,0.153790,0.153790,4842,0.3470,0.2473,1.5000,0.3399,0.3873
1000,Inf,Inf,5,0.002395,0.000102,0.002395,0.001114,0.004316,0.000000,0.9872,0.9930,0.9959,0.9959,-4.5308,-4.5308,0.001293,0.136111,0.136111,4829,0.3415,0.2400,1.5000,0.3623,0.3873
1000,Inf,Inf,6,0.002252,0.000091,0.002252,0.001061,0.004330,0.000000,0.9867,0.9946,0.9969,0.9969,-4.5338,-4.5338,0.001268,0.120999,0.120999,4828,0.3412,0.2392,1.5000,0.3498,0.3872
1000,Inf,Inf,7,0.002071,0.000076,0.002071,0.000995,0.004355,0.000000,0.9895,0.9969,0.9988,0.9988,-4.5351,-4.5351,0.001244,0.103531,0.103531,4847,0.3406,0.2393,1.5000,0.3471,0.3872
1000,Inf,Inf,8,0.001868,0.000079,0.001868,0.000918,0.004352,0.000000,0.9930,0.9979,0.9994,0.9994,-4.5450,-4.5450,0.001204,0.089424,0.089424,4824,0.3423,0.2412,1.5000,0.3679,0.3873
1000,Inf,Inf,9,0.002712,0.000244,0.002712,0.001076,0.004330,0.000000,0.9868,0.9930,0.9961,0.9961,-4.5302,-4.5302,0.001302,0.134115,0.134115,4839,0.3445,0.2413,1.5000,0.3501,0.3873
1000,Inf,Inf,10,0.002149,0.000114,0.002149,0.000987,0.004318,0.000000,0.9884,0.9952,0.9967,0.9967,-4.5387,-4.5387,0.001243,0.112496,0.112496,4835,0.3442,0.2401,1.5000,0.3426,0.3873
1000,Inf,Inf,11,0.002069,0.000067,0.002069,0.001044,0.004310,0.000000,0.9899,0.9965,0.9988,0.9988,-4.5418,-4.5418,0.001244,0.111247,0.111247,4835,0.3395,0.2399,1.5000,0.3385,0.3873
1000,Inf,Inf,12,0.002407,0.000094,0.002407,0.001089,0.004238,0.000000,0.9824,0.9923,0.9957,0.9957,-4.5421,-4.5421,0.001282,0.139280,0.139280,4828,0.3450,0.2448,1.5000,0.3464,0.3873
1000,Inf,Inf,13,0.001959,0.000079,0.001959,0.000967,0.004356,0.000000,0.9918,0.9973,0.9992,0.9992,-4.5408,-4.5408,0.001225,0.095465,0.095465,4854,0.3381,0.2392,1.5000,0.3388,0.3873
1000,Inf,Inf,14,0.002207,0.000144,0.002207,0.000995,0.004293,0.000000,0.9900,0.9961,0.9975,0.9975,-4.5464,-4.5464,0.001235,0.110082,0.110082,4823,0.3472,0.2435,1.5000,0.3522,0.3873
1000,Inf,Inf,15,0.002316,0.000108,0.002316,0.001045,0.004346,0.000000,0.9895,0.9971,0.9988,0.9988,-4.5409,-4.5409,0.001262,0.105996,0.105996,4853,0.3446,0.2422,1.5000,0.3558,0.3873
1000,Inf,Inf,16,0.002423,0.000129,0.002423,0.001093,0.004359,0.000000,0.9883,0.9936,0.9975,0.9975,-4.5299,-4.5299,0.001289,0.121293,0.121293,4852,0.3419,0.2412,1.5000,0.3339,0.3873
1000,Inf,Inf,17,0.002456,0.000132,0.002456,0.001085,0.004364,0.000000,0.9853,0.9936,0.9969,0.9969,-4.5334,-4.5334,0.001295,0.123274,0.123274,4845,0.3429,0.2405,1.5000,0.3617,0.3873
1000,Inf,Inf,18,0.002532,0.000110,0.002532,0.001123,0.004260,0.000000,0.9802,0.9911,0.9948,0.9948,-4.5368,-4.5368,0.001303,0.145366,0.145366,4839,0.3433,0.2424,1.5000,0.3598,0.3873
1000,Inf,Inf,19,0.003999,0.000439,0.003999,0.001246,0.004246,0.000000,0.9765,0.9853,0.9911,0.9911,-4.5158,-4.5158,0.001418,0.199810,0.199810,4843,0.3466,0.2419,1.5000,0.3484,0.3873
1000,Inf,Inf,20,0.002243,0.000087,0.002243,0.001052,0.004358,0.000000,0.9876,0.9953,0.9986,0.9986,-4.5326,-4.5326,0.001272,0.116415,0.116415,4848,0.3404,0.2398,1.5000,0.3516,0.3873
1000,Inf,Inf,21,0.002212,0.000108,0.002212,0.001067,0.004408,0.000000,0.9899,0.9959,0.9981,0.9981,-4.5229,-4.5229,0.001274,0.113310,0.113310,4836,0.3422,0.2398,1.5000,0.3558,0.3872
1000,Inf,Inf,22,0.001917,0.000061,0.001917,0.000980,0.004360,0.000000,0.9930,0.9981,0.9990,0.9990,-4.5405,-4.5405,0.001223,0.096277,0.096277,4845,0.3441,0.2421,1.5000,0.3565,0.3873
1000,Inf,Inf,23,0.002540,0.000136,0.002540,0.001039,0.004305,0.000000,0.9853,0.9940,0.9969,0.9969,-4.5478,-4.5478,0.001272,0.112073,0.112073,4830,0.3405,0.2380,1.5000,0.3567,0.3873
1000,Inf,Inf,24,0.002386,0.000094,0.002386,0.001092,0.004332,0.000000,0.9816,0.9936,0.9963,0.9963,-4.5330,-4.5330,0.001295,0.132721,0.132721,4833,0.3411,0.2413,1.5000,0.3472,0.3873
1000,Inf,Inf,25,0.001927,0.000063,0.001927,0.000982,0.004316,0.000000,0.9909,0.9967,0.9990,0.9990,-4.5465,-4.5465,0.001221,0.102515,0.102515,4858,0.3413,0.2413,1.5000,0.3435,0.3873
1000,Inf,Inf,26,0.002337,0.000099,0.002337,0.001084,0.004376,0.000000,0.9882,0.9952,0.9971,0.9971,-4.5278,-4.5278,0.001290,0.121145,0.121145,4841,0.3450,0.2423,1.5000,0.3518,0.3873
1000,Inf,Inf,27,0.002203,0.000079,0.002203,0.001082,0.004327,0.000000,0.9851,0.9942,0.9971,0.9971,-4.5359,-4.5359,0.001274,0.125521,0.125521,4827,0.3393,0.2401,1.5000,0.3565,0.3873
1000,Inf,Inf,28,0.002240,0.000087,0.002240,0.001093,0.004338,0.000000,0.9868,0.9948,0.9975,0.9975,-4.5320,-4.5320,0.001276,0.125106,0.125106,4850,0.3465,0.2432,1.5000,0.3499,0.3872
1000,Inf,Inf,29,0.002189,0.000091,0.002189,0.001008,0.004362,0.000000,0.9915,0.9965,0.9977,0.9977,-4.5378,-4.5378,0.001251,0.101260,0.101260,4850,0.3405,0.2393,1.5000,0.3389,0.3873
1000,Inf,Inf,30,0.002262,0.000093,0.002262,0.001067,0.004359,0.000000,0.9862,0.9932,0.9969,0.9969,-4.5334,-4.5334,0.001281,0.123174,0.123174,4841,0.3403,0.2421,1.5000,0.3514,0.3873
1000,Inf,Inf,31,0.002018,0.000102,0.002018,0.000882,0.004319,0.000000,0.9923,0.9973,0.9994,0.9994,-4.5565,-4.5565,0.001202,0.083191,0.083191,4835,0.3398,0.2408,1.5000,0.3594,0.3873
1000,Inf,Inf,32,0.003066,0.000217,0.003066,0.001233,0.004234,0.000000,0.9755,0.9866,0.9928,0.9928,-4.5291,-4.5291,0.001365,0.175716,0.175716,4851,0.3474,0.2443,1.5000,0.3523,0.3873
1000,Inf,Inf,33,0.002478,0.000116,0.002478,0.001118,0.004324,0.000000,0.9835,0.9942,0.9981,0.9981,-4.5366,-4.5366,0.001295,0.126310,0.126310,4852,0.3474,0.2433,1.5000,0.3541,0.3873
1000,Inf,Inf,34,0.002246,0.000096,0.002246,0.001079,0.004322,0.000000,0.9858,0.9942,0.9969,0.9969,-4.5334,-4.5334,0.001273,0.127267,0.127267,4846,0.3424,0.2412,1.5000,0.3554,0.3873
1000,Inf,Inf,35,0.002043,0.000079,0.002043,0.001014,0.004372,0.000000,0.9916,0.9971,0.9986,0.9986,-4.5375,-4.5375,0.001243,0.101880,0.101880,4856,0.3467,0.2413,1.5000,0.3602,0.3873
1000,Inf,Inf,36,0.002843,0.000185,0.002843,0.001174,0.004369,0.000000,0.9839,0.9928,0.9965,0.9965,-4.5214,-4.5214,0.001344,0.139442,0.139442,4838,0.3443,0.2393,1.5000,0.3536,0.3872
1000,Inf,Inf,37,0.002241,0.000089,0.002241,0.001068,0.004348,0.000000,0.9876,0.9948,0.9979,0.9979,-4.5330,-4.5330,0.001272,0.116727,0.116727,4839,0.3414,0.2408,1.5000,0.3527,0.3873
1000,Inf,Inf,38,0.001913,0.000076,0.001913,0.000924,0.004313,0.000000,0.9910,0.9965,0.9984,0.9984,-4.5510,-4.5510,0.001206,0.093626,0.093626,4862,0.3461,0.2434,1.5000,0.3523,0.3873
1000,Inf,Inf,39,0.002682,0.000273,0.002682,0.001019,0.004305,0.000000,0.9883,0.9936,0.9963,0.9963,-4.5385,-4.5385,0.001270,0.122636,0.122636,4853,0.3421,0.2373,1.5000,0.3486,0.3873
1000,Inf,Inf,40,0.001879,0.000091,0.001879,0.000882,0.004273,0.000000,0.9921,0.9969,0.9986,0.9986,-4.5598,-4.5598,0.001186,0.091381,0.091381,4837,0.3411,0.2396,1.5000,0.3557,0.3873
1000,Inf,Inf,41,0.002586,0.000121,0.002586,0.001124,0.004402,0.000000,0.9843,0.9944,0.9975,0.9975,-4.5227,-4.5227,0.001320,0.122617,0.122617,4850,0.3444,0.2422,1.5000,0.3482,0.3873
1000,Inf,Inf,42,0.002334,0.000085,0.002334,0.001122,0.004313,0.000000,0.9822,0.9919,0.9969,0.9969,-4.5368,-4.5368,0.001290,0.132571,0.132571,4839,0.3427,0.2433,1.5000,0.3493,0.3873
1000,Inf,Inf,43,0.002211,0.000083,0.002211,0.001090,0.004241,0.000000,0.9872,0.9936,0.9961,0.9961,-4.5476,-4.5476,0.001258,0.130387,0.130387,4833,0.3470,0.2454,1.5000,0.3563,0.3873
1000,Inf,Inf,44,0.002444,0.000098,0.002444,0.001124,0.004339,0.000000,0.9858,0.9957,0.9977,0.9977,-4.5313,-4.5313,0.001298,0.124952,0.124952,4858,0.3400,0.2401,1.5000,0.3397,0.3873
1000,Inf,Inf,45,0.003219,0.000330,0.003219,0.001094,0.004296,0.000000,0.9876,0.9928,0.9938,0.9938,-4.5316,-4.5316,0.001323,0.144246,0.144246,4837,0.3381,0.2364,1.5000,0.3408,0.3873
1000,Inf,Inf,46,0.002309,0.000095,0.002309,0.001102,0.004340,0.000000,0.9862,0.9951,0.9971,0.9971,-4.5295,-4.5295,0.001281,0.124171,0.124171,4853,0.3515,0.2446,1.5000,0.3390,0.3873
1000,Inf,Inf,47,0.002680,0.000133,0.002680,0.001179,0.004337,0.000000,0.9825,0.9938,0.9965,0.9965,-4.5285,-4.5285,0.001333,0.137902,0.137902,4848,0.3454,0.2427,1.5000,0.3598,0.3873
1000,Inf,Inf,48,0.002494,0.000112,0.002494,0.001145,0.004344,0.000000,0.9828,0.9919,0.9959,0.9959,-4.5244,-4.5244,0.001315,0.142151,0.142151,4826,0.3433,0.2413,1.5000,0.3465,0.3873
1000,Inf,Inf,49,0.002310,0.000113,0.002310,0.001054,0.004316,0.000000,0.9870,0.9932,0.9963,0.9963,-4.5313,-4.5313,0.001273,0.128573,0.128573,4833,0.3399,0.2422,1.5000,0.3453,0.3873
1000,Inf,Inf,50,0.001955,0.000087,0.001955,0.000939,0.004302,0.000000,0.9913,0.9965,0.9983,0.9983,-4.5526,-4.5526,0.001209,0.096403,0.096403,4837,0.3427,0.2397,1.5000,0.3525,0.3873
