plane,slice_fixed_val,u1_fcl,u2_fsb,u3_A,Q_det,Q_varMS
XY,-1.0000,-1.0000,-1.0000,-1.0000,0.476242,0.012000
XY,-1.0000,-1.0000,-0.9310,-1.0000,0.474393,0.040000
XY,-1.0000,-1.0000,-0.8621,-1.0000,0.477744,0.075000
XY,-1.0000,-1.0000,-0.7931,-1.0000,0.485064,0.051000
XY,-1.0000,-1.0000,-0.7241,-1.0000,0.503270,0.037000
XY,-1.0000,-1.0000,-0.6552,-1.0000,0.523275,0.023000
XY,-1.0000,-1.0000,-0.5862,-1.0000,0.529456,0.007000
XY,-1.0000,-1.0000,-0.5172,-1.0000,0.527378,0.013000
XY,-1.0000,-1.0000,-0.4483,-1.0000,0.520499,0.038000
XY,-1.0000,-1.0000,-0.3793,-1.0000,0.496438,0.053000
XY,-1.0000,-1.0000,-0.3103,-1.0000,0.434677,0.058000
XY,-1.0000,-1.0000,-0.2414,-1.0000,0.333507,0.088000
XY,-1.0000,-1.0000,-0.1724,-1.0000,0.233189,0.137000
XY,-1.0000,-1.0000,-0.1034,-1.0000,0.156080,0.181000
XY,-1.0000,-1.0000,-0.0345,-1.0000,0.213855,0.119000
XY,-1.0000,-1.0000,0.0345,-1.0000,0.321003,0.087000
XY,-1.0000,-1.0000,0.1034,-1.0000,0.408139,0.086000
XY,-1.0000,-1.0000,0.1724,-1.0000,0.452205,0.087000
XY,-1.0000,-1.0000,0.2414,-1.0000,0.495889,0.076000
XY,-1.0000,-1.0000,0.3103,-1.0000,0.505564,0.087000
XY,-1.0000,-1.0000,0.3793,-1.0000,0.443169,0.094000
XY,-1.0000,-1.0000,0.4483,-1.0000,0.344278,0.157000
XY,-1.0000,-1.0000,0.5172,-1.0000,0.242731,0.186000
XY,-1.0000,-1.0000,0.5862,-1.0000,0.179070,0.211000
XY,-1.0000,-1.0000,0.6552,-1.0000,0.235347,0.173000
XY,-1.0000,-1.0000,0.7241,-1.0000,0.335544,0.083000
XY,-1.0000,-1.0000,0.7931,-1.0000,0.428122,0.041000
XY,-1.0000,-1.0000,0.8621,-1.0000,0.490856,0.032000
XY,-1.0000,-1.0000,0.9310,-1.0000,0.517252,0.024000
XY,-1.0000,-1.0000,1.0000,-1.0000,0.519694,0.012000
XY,-1.0000,-0.9310,-1.0000,-1.0000,0.468036,0.036000
XY,-1.0000,-0.9310,-0.9310,-1.0000,0.471987,0.097000
XY,-1.0000,-0.9310,-0.8621,-1.0000,0.476712,0.076000
XY,-1.0000,-0.9310,-0.7931,-1.0000,0.485300,0.049000
XY,-1.0000,-0.9310,-0.7241,-1.0000,0.510949,0.027000
XY,-1.0000,-0.9310,-0.6552,-1.0000,0.530204,0.018000
XY,-1.0000,-0.9310,-0.5862,-1.0000,0.531814,0.023000
XY,-1.0000,-0.9310,-0.5172,-1.0000,0.530614,0.037000
XY,-1.0000,-0.9310,-0.4483,-1.0000,0.518604,0.096000
XY,-1.0000,-0.9310,-0.3793,-1.0000,0.474731,0.124000
XY,-1.0000,-0.9310,-0.3103,-1.0000,0.379898,0.133000
XY,-1.0000,-0.9310,-0.2414,-1.0000,0.244884,0.172000
XY,-1.0000,-0.9310,-0.1724,-1.0000,0.168363,0.191000
XY,-1.0000,-0.9310,-0.1034,-1.0000,0.186425,0.145000
XY,-1.0000,-0.9310,-0.0345,-1.0000,0.297858,0.051000
XY,-1.0000,-0.9310,0.0345,-1.0000,0.408354,0.037000
XY,-1.0000,-0.9310,0.1034,-1.0000,0.457351,0.084000
XY,-1.0000,-0.9310,0.1724,-1.0000,0.498717,0.090000
XY,-1.0000,-0.9310,0.2414,-1.0000,0.523213,0.106000
XY,-1.0000,-0.9310,0.3103,-1.0000,0.455191,0.113000
XY,-1.0000,-0.9310,0.3793,-1.0000,0.345955,0.141000
XY,-1.0000,-0.9310,0.4483,-1.0000,0.246291,0.186000
XY,-1.0000,-0.9310,0.5172,-1.0000,0.186591,0.215000
XY,-1.0000,-0.9310,0.5862,-1.0000,0.230760,0.183000
XY,-1.0000,-0.9310,0.6552,-1.0000,0.333882,0.102000
XY,-1.0000,-0.9310,0.7241,-1.0000,0.427943,0.042000
XY,-1.0000,-0.9310,0.7931,-1.0000,0.492339,0.029000
XY,-1.0000,-0.9310,0.8621,-1.0000,0.519582,0.024000
XY,-1.0000,-0.9310,0.9310,-1.0000,0.517630,0.017000
XY,-1.0000,-0.9310,1.0000,-1.0000,0.506096,0.024000
XY,-1.0000,-0.8621,-1.0000,-1.0000,0.485149,0.102000
XY,-1.0000,-0.8621,-0.9310,-1.0000,0.487469,0.130000
XY,-1.0000,-0.8621,-0.8621,-1.0000,0.486305,0.082000
XY,-1.0000,-0.8621,-0.7931,-1.0000,0.487347,0.027000
XY,-1.0000,-0.8621,-0.7241,-1.0000,0.515833,0.021000
XY,-1.0000,-0.8621,-0.6552,-1.0000,0.532922,0.045000
XY,-1.0000,-0.8621,-0.5862,-1.0000,0.531977,0.072000
XY,-1.0000,-0.8621,-0.5172,-1.0000,0.525177,0.118000
XY,-1.0000,-0.8621,-0.4483,-1.0000,0.497872,0.189000
XY,-1.0000,-0.8621,-0.3793,-1.0000,0.430369,0.275000
XY,-1.0000,-0.8621,-0.3103,-1.0000,0.311422,0.305000
XY,-1.0000,-0.8621,-0.2414,-1.0000,0.191090,0.280000
XY,-1.0000,-0.8621,-0.1724,-1.0000,0.181987,0.211000
XY,-1.0000,-0.8621,-0.1034,-1.0000,0.254184,0.093000
XY,-1.0000,-0.8621,-0.0345,-1.0000,0.381370,0.011000
XY,-1.0000,-0.8621,0.0345,-1.0000,0.453830,0.024000
XY,-1.0000,-0.8621,0.1034,-1.0000,0.494361,0.060000
XY,-1.0000,-0.8621,0.1724,-1.0000,0.539680,0.113000
XY,-1.0000,-0.8621,0.2414,-1.0000,0.484145,0.128000
XY,-1.0000,-0.8621,0.3103,-1.0000,0.362559,0.155000
XY,-1.0000,-0.8621,0.3793,-1.0000,0.250197,0.221000
XY,-1.0000,-0.8621,0.4483,-1.0000,0.189568,0.240000
XY,-1.0000,-0.8621,0.5172,-1.0000,0.217218,0.178000
XY,-1.0000,-0.8621,0.5862,-1.0000,0.322900,0.105000
XY,-1.0000,-0.8621,0.6552,-1.0000,0.418235,0.039000
XY,-1.0000,-0.8621,0.7241,-1.0000,0.482931,0.025000
XY,-1.0000,-0.8621,0.7931,-1.0000,0.511495,0.026000
XY,-1.0000,-0.8621,0.8621,-1.0000,0.509112,0.010000
XY,-1.0000,-0.8621,0.9310,-1.0000,0.496642,0.026000
XY,-1.0000,-0.8621,1.0000,-1.0000,0.485812,0.095000
XY,-1.0000,-0.7931,-1.0000,-1.0000,0.517535,0.207000
XY,-1.0000,-0.7931,-0.9310,-1.0000,0.512891,0.186000
XY,-1.0000,-0.7931,-0.8621,-1.0000,0.503072,0.079000
XY,-1.0000,-0.7931,-0.7931,-1.0000,0.490592,0.020000
XY,-1.0000,-0.7931,-0.7241,-1.0000,0.516850,0.033000
XY,-1.0000,-0.7931,-0.6552,-1.0000,0.525066,0.102000
XY,-1.0000,-0.7931,-0.5862,-1.0000,0.514323,0.191000
XY,-1.0000,-0.7931,-0.5172,-1.0000,0.494426,0.251000
XY,-1.0000,-0.7931,-0.4483,-1.0000,0.449910,0.347000
XY,-1.0000,-0.7931,-0.3793,-1.0000,0.365863,0.418000
XY,-1.0000,-0.7931,-0.3103,-1.0000,0.248790,0.445000
XY,-1.0000,-0.7931,-0.2414,-1.0000,0.204181,0.407000
XY,-1.0000,-0.7931,-0.1724,-1.0000,0.235979,0.259000
XY,-1.0000,-0.7931,-0.1034,-1.0000,0.329621,0.100000
XY,-1.0000,-0.7931,-0.0345,-1.0000,0.429570,0.010000
XY,-1.0000,-0.7931,0.0345,-1.0000,0.481150,0.046000
XY,-1.0000,-0.7931,0.1034,-1.0000,0.543761,0.106000
XY,-1.0000,-0.7931,0.1724,-1.0000,0.511646,0.132000
XY,-1.0000,-0.7931,0.2414,-1.0000,0.394171,0.170000
XY,-1.0000,-0.7931,0.3103,-1.0000,0.262853,0.219000
XY,-1.0000,-0.7931,0.3793,-1.0000,0.189638,0.235000
XY,-1.0000,-0.7931,0.4483,-1.0000,0.211189,0.198000
XY,-1.0000,-0.7931,0.5172,-1.0000,0.312996,0.131000
XY,-1.0000,-0.7931,0.5862,-1.0000,0.407792,0.058000
XY,-1.0000,-0.7931,0.6552,-1.0000,0.470398,0.035000
XY,-1.0000,-0.7931,0.7241,-1.0000,0.497432,0.015000
XY,-1.0000,-0.7931,0.7931,-1.0000,0.506333,0.012000
XY,-1.0000,-0.7931,0.8621,-1.0000,0.510101,0.024000
XY,-1.0000,-0.7931,0.9310,-1.0000,0.498305,0.083000
XY,-1.0000,-0.7931,1.0000,-1.0000,0.481342,0.143000
XY,-1.0000,-0.7241,-1.0000,-1.0000,0.547707,0.275000
XY,-1.0000,-0.7241,-0.9310,-1.0000,0.534314,0.230000
XY,-1.0000,-0.7241,-0.8621,-1.0000,0.517628,0.067000
XY,-1.0000,-0.7241,-0.7931,-1.0000,0.492702,0.013000
XY,-1.0000,-0.7241,-0.7241,-1.0000,0.504847,0.071000
XY,-1.0000,-0.7241,-0.6552,-1.0000,0.491642,0.198000
XY,-1.0000,-0.7241,-0.5862,-1.0000,0.464828,0.300000
XY,-1.0000,-0.7241,-0.5172,-1.0000,0.433006,0.391000
XY,-1.0000,-0.7241,-0.4483,-1.0000,0.381760,0.489000
XY,-1.0000,-0.7241,-0.3793,-1.0000,0.305010,0.558000
XY,-1.0000,-0.7241,-0.3103,-1.0000,0.246864,0.532000
XY,-1.0000,-0.7241,-0.2414,-1.0000,0.257294,0.473000
XY,-1.0000,-0.7241,-0.1724,-1.0000,0.305796,0.303000
XY,-1.0000,-0.7241,-0.1034,-1.0000,0.382232,0.118000
XY,-1.0000,-0.7241,-0.0345,-1.0000,0.465219,0.047000
XY,-1.0000,-0.7241,0.0345,-1.0000,0.533476,0.071000
XY,-1.0000,-0.7241,0.1034,-1.0000,0.522250,0.128000
XY,-1.0000,-0.7241,0.1724,-1.0000,0.423561,0.195000
XY,-1.0000,-0.7241,0.2414,-1.0000,0.286072,0.220000
XY,-1.0000,-0.7241,0.3103,-1.0000,0.189991,0.285000
XY,-1.0000,-0.7241,0.3793,-1.0000,0.227861,0.246000
XY,-1.0000,-0.7241,0.4483,-1.0000,0.324155,0.148000
XY,-1.0000,-0.7241,0.5172,-1.0000,0.416310,0.092000
XY,-1.0000,-0.7241,0.5862,-1.0000,0.477728,0.035000
XY,-1.0000,-0.7241,0.6552,-1.0000,0.507474,0.028000
XY,-1.0000,-0.7241,0.7241,-1.0000,0.524796,0.021000
XY,-1.0000,-0.7241,0.7931,-1.0000,0.529396,0.037000
XY,-1.0000,-0.7241,0.8621,-1.0000,0.518800,0.073000
XY,-1.0000,-0.7241,0.9310,-1.0000,0.501541,0.116000
XY,-1.0000,-0.7241,1.0000,-1.0000,0.485380,0.159000
XY,-1.0000,-0.6552,-1.0000,-1.0000,0.554415,0.317000
XY,-1.0000,-0.6552,-0.9310,-1.0000,0.535169,0.272000
XY,-1.0000,-0.6552,-0.8621,-1.0000,0.517098,0.062000
XY,-1.0000,-0.6552,-0.7931,-1.0000,0.489931,0.007000
XY,-1.0000,-0.6552,-0.7241,-1.0000,0.468623,0.136000
XY,-1.0000,-0.6552,-0.6552,-1.0000,0.424497,0.238000
XY,-1.0000,-0.6552,-0.5862,-1.0000,0.383919,0.393000
XY,-1.0000,-0.6552,-0.5172,-1.0000,0.361274,0.579000
XY,-1.0000,-0.6552,-0.4483,-1.0000,0.336335,0.645000
XY,-1.0000,-0.6552,-0.3793,-1.0000,0.305064,0.640000
XY,-1.0000,-0.6552,-0.3103,-1.0000,0.294488,0.615000
XY,-1.0000,-0.6552,-0.2414,-1.0000,0.317394,0.487000
XY,-1.0000,-0.6552,-0.1724,-1.0000,0.365611,0.344000
XY,-1.0000,-0.6552,-0.1034,-1.0000,0.463654,0.135000
XY,-1.0000,-0.6552,-0.0345,-1.0000,0.522131,0.098000
XY,-1.0000,-0.6552,0.0345,-1.0000,0.514462,0.122000
XY,-1.0000,-0.6552,0.1034,-1.0000,0.436199,0.169000
XY,-1.0000,-0.6552,0.1724,-1.0000,0.309737,0.249000
XY,-1.0000,-0.6552,0.2414,-1.0000,0.197401,0.262000
XY,-1.0000,-0.6552,0.3103,-1.0000,0.244854,0.257000
XY,-1.0000,-0.6552,0.3793,-1.0000,0.346335,0.167000
XY,-1.0000,-0.6552,0.4483,-1.0000,0.440245,0.089000
XY,-1.0000,-0.6552,0.5172,-1.0000,0.503044,0.061000
XY,-1.0000,-0.6552,0.5862,-1.0000,0.531256,0.027000
XY,-1.0000,-0.6552,0.6552,-1.0000,0.541162,0.021000
XY,-1.0000,-0.6552,0.7241,-1.0000,0.542500,0.034000
XY,-1.0000,-0.6552,0.7931,-1.0000,0.533477,0.073000
XY,-1.0000,-0.6552,0.8621,-1.0000,0.517987,0.127000
XY,-1.0000,-0.6552,0.9310,-1.0000,0.502759,0.175000
XY,-1.0000,-0.6552,1.0000,-1.0000,0.492930,0.188000
XY,-1.0000,-0.5862,-1.0000,-1.0000,0.520247,0.288000
XY,-1.0000,-0.5862,-0.9310,-1.0000,0.501198,0.256000
XY,-1.0000,-0.5862,-0.8621,-1.0000,0.490282,0.071000
XY,-1.0000,-0.5862,-0.7931,-1.0000,0.488666,0.018000
XY,-1.0000,-0.5862,-0.7241,-1.0000,0.422151,0.182000
XY,-1.0000,-0.5862,-0.6552,-1.0000,0.360170,0.307000
XY,-1.0000,-0.5862,-0.5862,-1.0000,0.346461,0.507000
XY,-1.0000,-0.5862,-0.5172,-1.0000,0.359543,0.598000
XY,-1.0000,-0.5862,-0.4483,-1.0000,0.357745,0.617000
XY,-1.0000,-0.5862,-0.3793,-1.0000,0.340752,0.583000
XY,-1.0000,-0.5862,-0.3103,-1.0000,0.331887,0.555000
XY,-1.0000,-0.5862,-0.2414,-1.0000,0.353994,0.464000
XY,-1.0000,-0.5862,-0.1724,-1.0000,0.451087,0.282000
XY,-1.0000,-0.5862,-0.1034,-1.0000,0.534777,0.162000
XY,-1.0000,-0.5862,-0.0345,-1.0000,0.511748,0.132000
XY,-1.0000,-0.5862,0.0345,-1.0000,0.434332,0.164000
XY,-1.0000,-0.5862,0.1034,-1.0000,0.323876,0.220000
XY,-1.0000,-0.5862,0.1724,-1.0000,0.216453,0.253000
XY,-1.0000,-0.5862,0.2414,-1.0000,0.251206,0.247000
XY,-1.0000,-0.5862,0.3103,-1.0000,0.359947,0.161000
XY,-1.0000,-0.5862,0.3793,-1.0000,0.458119,0.102000
XY,-1.0000,-0.5862,0.4483,-1.0000,0.524037,0.063000
XY,-1.0000,-0.5862,0.5172,-1.0000,0.550615,0.051000
XY,-1.0000,-0.5862,0.5862,-1.0000,0.551121,0.019000
XY,-1.0000,-0.5862,0.6552,-1.0000,0.544065,0.030000
XY,-1.0000,-0.5862,0.7241,-1.0000,0.534079,0.075000
XY,-1.0000,-0.5862,0.7931,-1.0000,0.521109,0.097000
XY,-1.0000,-0.5862,0.8621,-1.0000,0.508582,0.185000
XY,-1.0000,-0.5862,0.9310,-1.0000,0.500815,0.169000
XY,-1.0000,-0.5862,1.0000,-1.0000,0.500576,0.144000
XY,-1.0000,-0.5172,-1.0000,-1.0000,0.448078,0.214000
XY,-1.0000,-0.5172,-0.9310,-1.0000,0.432533,0.215000
XY,-1.0000,-0.5172,-0.8621,-1.0000,0.468822,0.086000
XY,-1.0000,-0.5172,-0.7931,-1.0000,0.490972,0.073000
XY,-1.0000,-0.5172,-0.7241,-1.0000,0.418066,0.282000
XY,-1.0000,-0.5172,-0.6552,-1.0000,0.379037,0.310000
XY,-1.0000,-0.5172,-0.5862,-1.0000,0.383005,0.479000
XY,-1.0000,-0.5172,-0.5172,-1.0000,0.393515,0.570000
XY,-1.0000,-0.5172,-0.4483,-1.0000,0.380761,0.524000
XY,-1.0000,-0.5172,-0.3793,-1.0000,0.348758,0.483000
XY,-1.0000,-0.5172,-0.3103,-1.0000,0.330598,0.442000
XY,-1.0000,-0.5172,-0.2414,-1.0000,0.420509,0.361000
XY,-1.0000,-0.5172,-0.1724,-1.0000,0.547062,0.223000
XY,-1.0000,-0.5172,-0.1034,-1.0000,0.552744,0.141000
XY,-1.0000,-0.5172,-0.0345,-1.0000,0.449882,0.172000
XY,-1.0000,-0.5172,0.0345,-1.0000,0.333430,0.244000
XY,-1.0000,-0.5172,0.1034,-1.0000,0.234493,0.248000
XY,-1.0000,-0.5172,0.1724,-1.0000,0.238883,0.261000
XY,-1.0000,-0.5172,0.2414,-1.0000,0.353024,0.168000
XY,-1.0000,-0.5172,0.3103,-1.0000,0.455316,0.105000
XY,-1.0000,-0.5172,0.3793,-1.0000,0.524889,0.064000
XY,-1.0000,-0.5172,0.4483,-1.0000,0.553425,0.045000
XY,-1.0000,-0.5172,0.5172,-1.0000,0.548732,0.014000
XY,-1.0000,-0.5172,0.5862,-1.0000,0.531846,0.020000
XY,-1.0000,-0.5172,0.6552,-1.0000,0.517601,0.061000
XY,-1.0000,-0.5172,0.7241,-1.0000,0.505967,0.117000
XY,-1.0000,-0.5172,0.7931,-1.0000,0.496714,0.156000
XY,-1.0000,-0.5172,0.8621,-1.0000,0.492174,0.149000
XY,-1.0000,-0.5172,0.9310,-1.0000,0.494476,0.145000
XY,-1.0000,-0.5172,1.0000,-1.0000,0.503823,0.101000
XY,-1.0000,-0.4483,-1.0000,-1.0000,0.420228,0.147000
XY,-1.0000,-0.4483,-0.9310,-1.0000,0.456364,0.170000
XY,-1.0000,-0.4483,-0.8621,-1.0000,0.511655,0.092000
XY,-1.0000,-0.4483,-0.7931,-1.0000,0.492147,0.167000
XY,-1.0000,-0.4483,-0.7241,-1.0000,0.421141,0.369000
XY,-1.0000,-0.4483,-0.6552,-1.0000,0.397872,0.294000
XY,-1.0000,-0.4483,-0.5862,-1.0000,0.406003,0.405000
XY,-1.0000,-0.4483,-0.5172,-1.0000,0.399846,0.496000
XY,-1.0000,-0.4483,-0.4483,-1.0000,0.362771,0.453000
XY,-1.0000,-0.4483,-0.3793,-1.0000,0.308224,0.420000
XY,-1.0000,-0.4483,-0.3103,-1.0000,0.391634,0.334000
XY,-1.0000,-0.4483,-0.2414,-1.0000,0.532149,0.255000
XY,-1.0000,-0.4483,-0.1724,-1.0000,0.603800,0.140000
XY,-1.0000,-0.4483,-0.1034,-1.0000,0.521035,0.160000
XY,-1.0000,-0.4483,-0.0345,-1.0000,0.367280,0.242000
XY,-1.0000,-0.4483,0.0345,-1.0000,0.253868,0.298000
XY,-1.0000,-0.4483,0.1034,-1.0000,0.205862,0.235000
XY,-1.0000,-0.4483,0.1724,-1.0000,0.323169,0.192000
XY,-1.0000,-0.4483,0.2414,-1.0000,0.428003,0.104000
XY,-1.0000,-0.4483,0.3103,-1.0000,0.498465,0.054000
XY,-1.0000,-0.4483,0.3793,-1.0000,0.529853,0.030000
XY,-1.0000,-0.4483,0.4483,-1.0000,0.526372,0.016000
XY,-1.0000,-0.4483,0.5172,-1.0000,0.504625,0.017000
XY,-1.0000,-0.4483,0.5862,-1.0000,0.492792,0.064000
XY,-1.0000,-0.4483,0.6552,-1.0000,0.483094,0.102000
XY,-1.0000,-0.4483,0.7241,-1.0000,0.474339,0.161000
XY,-1.0000,-0.4483,0.7931,-1.0000,0.470314,0.145000
XY,-1.0000,-0.4483,0.8621,-1.0000,0.473321,0.114000
XY,-1.0000,-0.4483,0.9310,-1.0000,0.483285,0.095000
XY,-1.0000,-0.4483,1.0000,-1.0000,0.497783,0.051000
XY,-1.0000,-0.3793,-1.0000,-1.0000,0.481626,0.072000
XY,-1.0000,-0.3793,-0.9310,-1.0000,0.530233,0.094000
XY,-1.0000,-0.3793,-0.8621,-1.0000,0.546232,0.091000
XY,-1.0000,-0.3793,-0.7931,-1.0000,0.489244,0.204000
XY,-1.0000,-0.3793,-0.7241,-1.0000,0.420841,0.396000
XY,-1.0000,-0.3793,-0.6552,-1.0000,0.398452,0.239000
XY,-1.0000,-0.3793,-0.5862,-1.0000,0.394029,0.337000
XY,-1.0000,-0.3793,-0.5172,-1.0000,0.362444,0.433000
XY,-1.0000,-0.3793,-0.4483,-1.0000,0.303972,0.415000
XY,-1.0000,-0.3793,-0.3793,-1.0000,0.384904,0.368000
XY,-1.0000,-0.3793,-0.3103,-1.0000,0.506944,0.298000
XY,-1.0000,-0.3793,-0.2414,-1.0000,0.612864,0.172000
XY,-1.0000,-0.3793,-0.1724,-1.0000,0.604265,0.136000
XY,-1.0000,-0.3793,-0.1034,-1.0000,0.452933,0.256000
XY,-1.0000,-0.3793,-0.0345,-1.0000,0.295130,0.371000
XY,-1.0000,-0.3793,0.0345,-1.0000,0.243438,0.358000
XY,-1.0000,-0.3793,0.1034,-1.0000,0.310965,0.250000
XY,-1.0000,-0.3793,0.1724,-1.0000,0.405494,0.131000
XY,-1.0000,-0.3793,0.2414,-1.0000,0.468681,0.067000
XY,-1.0000,-0.3793,0.3103,-1.0000,0.496228,0.035000
XY,-1.0000,-0.3793,0.3793,-1.0000,0.517647,0.026000
XY,-1.0000,-0.3793,0.4483,-1.0000,0.534649,0.023000
XY,-1.0000,-0.3793,0.5172,-1.0000,0.530050,0.061000
XY,-1.0000,-0.3793,0.5862,-1.0000,0.514870,0.119000
XY,-1.0000,-0.3793,0.6552,-1.0000,0.497901,0.156000
XY,-1.0000,-0.3793,0.7241,-1.0000,0.484209,0.156000
XY,-1.0000,-0.3793,0.7931,-1.0000,0.476829,0.128000
XY,-1.0000,-0.3793,0.8621,-1.0000,0.476746,0.099000
XY,-1.0000,-0.3793,0.9310,-1.0000,0.482267,0.042000
XY,-1.0000,-0.3793,1.0000,-1.0000,0.489938,0.019000
XY,-1.0000,-0.3103,-1.0000,-1.0000,0.546029,0.096000
XY,-1.0000,-0.3103,-0.9310,-1.0000,0.583703,0.093000
XY,-1.0000,-0.3103,-0.8621,-1.0000,0.558038,0.079000
XY,-1.0000,-0.3103,-0.7931,-1.0000,0.480574,0.196000
XY,-1.0000,-0.3103,-0.7241,-1.0000,0.408947,0.299000
XY,-1.0000,-0.3103,-0.6552,-1.0000,0.371902,0.171000
XY,-1.0000,-0.3103,-0.5862,-1.0000,0.346572,0.259000
XY,-1.0000,-0.3103,-0.5172,-1.0000,0.317962,0.382000
XY,-1.0000,-0.3103,-0.4483,-1.0000,0.398538,0.430000
XY,-1.0000,-0.3103,-0.3793,-1.0000,0.492811,0.414000
XY,-1.0000,-0.3103,-0.3103,-1.0000,0.588988,0.295000
XY,-1.0000,-0.3103,-0.2414,-1.0000,0.633729,0.221000
XY,-1.0000,-0.3103,-0.1724,-1.0000,0.550419,0.189000
XY,-1.0000,-0.3103,-0.1034,-1.0000,0.377019,0.388000
XY,-1.0000,-0.3103,-0.0345,-1.0000,0.315713,0.456000
XY,-1.0000,-0.3103,0.0345,-1.0000,0.381907,0.376000
XY,-1.0000,-0.3103,0.1034,-1.0000,0.465372,0.257000
XY,-1.0000,-0.3103,0.1724,-1.0000,0.525546,0.163000
XY,-1.0000,-0.3103,0.2414,-1.0000,0.560559,0.076000
XY,-1.0000,-0.3103,0.3103,-1.0000,0.586849,0.065000
XY,-1.0000,-0.3103,0.3793,-1.0000,0.602211,0.059000
XY,-1.0000,-0.3103,0.4483,-1.0000,0.599261,0.092000
XY,-1.0000,-0.3103,0.5172,-1.0000,0.583708,0.152000
XY,-1.0000,-0.3103,0.5862,-1.0000,0.564706,0.203000
XY,-1.0000,-0.3103,0.6552,-1.0000,0.548408,0.210000
XY,-1.0000,-0.3103,0.7241,-1.0000,0.537748,0.179000
XY,-1.0000,-0.3103,0.7931,-1.0000,0.533264,0.117000
XY,-1.0000,-0.3103,0.8621,-1.0000,0.533569,0.079000
XY,-1.0000,-0.3103,0.9310,-1.0000,0.536791,0.044000
XY,-1.0000,-0.3103,1.0000,-1.0000,0.542572,0.017000
XY,-1.0000,-0.2414,-1.0000,-1.0000,0.582270,0.225000
XY,-1.0000,-0.2414,-0.9310,-1.0000,0.597957,0.137000
XY,-1.0000,-0.2414,-0.8621,-1.0000,0.543543,0.122000
XY,-1.0000,-0.2414,-0.7931,-1.0000,0.467243,0.167000
XY,-1.0000,-0.2414,-0.7241,-1.0000,0.382782,0.224000
XY,-1.0000,-0.2414,-0.6552,-1.0000,0.334692,0.144000
XY,-1.0000,-0.2414,-0.5862,-1.0000,0.363121,0.203000
XY,-1.0000,-0.2414,-0.5172,-1.0000,0.427184,0.354000
XY,-1.0000,-0.2414,-0.4483,-1.0000,0.495072,0.460000
XY,-1.0000,-0.2414,-0.3793,-1.0000,0.563331,0.430000
XY,-1.0000,-0.2414,-0.3103,-1.0000,0.613570,0.355000
XY,-1.0000,-0.2414,-0.2414,-1.0000,0.594542,0.283000
XY,-1.0000,-0.2414,-0.1724,-1.0000,0.473976,0.302000
XY,-1.0000,-0.2414,-0.1034,-1.0000,0.407057,0.447000
XY,-1.0000,-0.2414,-0.0345,-1.0000,0.486315,0.527000
XY,-1.0000,-0.2414,0.0345,-1.0000,0.578063,0.407000
XY,-1.0000,-0.2414,0.1034,-1.0000,0.639818,0.283000
XY,-1.0000,-0.2414,0.1724,-1.0000,0.666838,0.199000
XY,-1.0000,-0.2414,0.2414,-1.0000,0.676458,0.137000
XY,-1.0000,-0.2414,0.3103,-1.0000,0.679772,0.143000
XY,-1.0000,-0.2414,0.3793,-1.0000,0.674508,0.146000
XY,-1.0000,-0.2414,0.4483,-1.0000,0.660034,0.221000
XY,-1.0000,-0.2414,0.5172,-1.0000,0.641626,0.260000
XY,-1.0000,-0.2414,0.5862,-1.0000,0.625491,0.301000
XY,-1.0000,-0.2414,0.6552,-1.0000,0.615346,0.273000
XY,-1.0000,-0.2414,0.7241,-1.0000,0.611590,0.212000
XY,-1.0000,-0.2414,0.7931,-1.0000,0.611774,0.153000
XY,-1.0000,-0.2414,0.8621,-1.0000,0.612509,0.098000
XY,-1.0000,-0.2414,0.9310,-1.0000,0.612324,0.066000
XY,-1.0000,-0.2414,1.0000,-1.0000,0.612440,0.055000
XY,-1.0000,-0.1724,-1.0000,-1.0000,0.577251,0.334000
XY,-1.0000,-0.1724,-0.9310,-1.0000,0.570200,0.247000
XY,-1.0000,-0.1724,-0.8621,-1.0000,0.512306,0.119000
XY,-1.0000,-0.1724,-0.7931,-1.0000,0.456504,0.109000
XY,-1.0000,-0.1724,-0.7241,-1.0000,0.384419,0.158000
XY,-1.0000,-0.1724,-0.6552,-1.0000,0.412657,0.146000
XY,-1.0000,-0.1724,-0.5862,-1.0000,0.463647,0.227000
XY,-1.0000,-0.1724,-0.5172,-1.0000,0.508344,0.347000
XY,-1.0000,-0.1724,-0.4483,-1.0000,0.548896,0.459000
XY,-1.0000,-0.1724,-0.3793,-1.0000,0.581277,0.412000
XY,-1.0000,-0.1724,-0.3103,-1.0000,0.585969,0.383000
XY,-1.0000,-0.1724,-0.2414,-1.0000,0.533557,0.323000
XY,-1.0000,-0.1724,-0.1724,-1.0000,0.494184,0.338000
XY,-1.0000,-0.1724,-0.1034,-1.0000,0.583345,0.537000
XY,-1.0000,-0.1724,-0.0345,-1.0000,0.693974,0.611000
XY,-1.0000,-0.1724,0.0345,-1.0000,0.766812,0.564000
XY,-1.0000,-0.1724,0.1034,-1.0000,0.788416,0.414000
XY,-1.0000,-0.1724,0.1724,-1.0000,0.777622,0.271000
XY,-1.0000,-0.1724,0.2414,-1.0000,0.758949,0.250000
XY,-1.0000,-0.1724,0.3103,-1.0000,0.741971,0.243000
XY,-1.0000,-0.1724,0.3793,-1.0000,0.725728,0.285000
XY,-1.0000,-0.1724,0.4483,-1.0000,0.709635,0.340000
XY,-1.0000,-0.1724,0.5172,-1.0000,0.696202,0.340000
XY,-1.0000,-0.1724,0.5862,-1.0000,0.688532,0.375000
XY,-1.0000,-0.1724,0.6552,-1.0000,0.687438,0.307000
XY,-1.0000,-0.1724,0.7241,-1.0000,0.690186,0.269000
XY,-1.0000,-0.1724,0.7931,-1.0000,0.691725,0.216000
XY,-1.0000,-0.1724,0.8621,-1.0000,0.688215,0.164000
XY,-1.0000,-0.1724,0.9310,-1.0000,0.680141,0.121000
XY,-1.0000,-0.1724,1.0000,-1.0000,0.671271,0.133000
XY,-1.0000,-0.1034,-1.0000,-1.0000,0.537377,0.470000
XY,-1.0000,-0.1034,-0.9310,-1.0000,0.521405,0.314000
XY,-1.0000,-0.1034,-0.8621,-1.0000,0.488678,0.160000
XY,-1.0000,-0.1034,-0.7931,-1.0000,0.468043,0.113000
XY,-1.0000,-0.1034,-0.7241,-1.0000,0.462679,0.160000
XY,-1.0000,-0.1034,-0.6552,-1.0000,0.485544,0.194000
XY,-1.0000,-0.1034,-0.5862,-1.0000,0.514792,0.239000
XY,-1.0000,-0.1034,-0.5172,-1.0000,0.535369,0.350000
XY,-1.0000,-0.1034,-0.4483,-1.0000,0.550637,0.462000
XY,-1.0000,-0.1034,-0.3793,-1.0000,0.556894,0.409000
XY,-1.0000,-0.1034,-0.3103,-1.0000,0.545812,0.364000
XY,-1.0000,-0.1034,-0.2414,-1.0000,0.546027,0.300000
XY,-1.0000,-0.1034,-0.1724,-1.0000,0.634471,0.389000
XY,-1.0000,-0.1034,-0.1034,-1.0000,0.765930,0.633000
XY,-1.0000,-0.1034,-0.0345,-1.0000,0.865953,0.774000
XY,-1.0000,-0.1034,0.0345,-1.0000,0.898616,0.672000
XY,-1.0000,-0.1034,0.1034,-1.0000,0.874987,0.502000
XY,-1.0000,-0.1034,0.1724,-1.0000,0.831109,0.400000
XY,-1.0000,-0.1034,0.2414,-1.0000,0.792960,0.339000
XY,-1.0000,-0.1034,0.3103,-1.0000,0.767285,0.333000
XY,-1.0000,-0.1034,0.3793,-1.0000,0.751561,0.355000
XY,-1.0000,-0.1034,0.4483,-1.0000,0.742976,0.406000
XY,-1.0000,-0.1034,0.5172,-1.0000,0.740778,0.411000
XY,-1.0000,-0.1034,0.5862,-1.0000,0.744568,0.393000
XY,-1.0000,-0.1034,0.6552,-1.0000,0.751831,0.364000
XY,-1.0000,-0.1034,0.7241,-1.0000,0.757219,0.331000
XY,-1.0000,-0.1034,0.7931,-1.0000,0.754946,0.262000
XY,-1.0000,-0.1034,0.8621,-1.0000,0.743065,0.231000
XY,-1.0000,-0.1034,0.9310,-1.0000,0.725342,0.183000
XY,-1.0000,-0.1034,1.0000,-1.0000,0.708147,0.169000
XY,-1.0000,-0.0345,-1.0000,-1.0000,0.500358,0.433000
XY,-1.0000,-0.0345,-0.9310,-1.0000,0.496430,0.298000
XY,-1.0000,-0.0345,-0.8621,-1.0000,0.494147,0.183000
XY,-1.0000,-0.0345,-0.7931,-1.0000,0.495443,0.096000
XY,-1.0000,-0.0345,-0.7241,-1.0000,0.498840,0.145000
XY,-1.0000,-0.0345,-0.6552,-1.0000,0.504356,0.277000
XY,-1.0000,-0.0345,-0.5862,-1.0000,0.509924,0.346000
XY,-1.0000,-0.0345,-0.5172,-1.0000,0.514763,0.413000
XY,-1.0000,-0.0345,-0.4483,-1.0000,0.519441,0.428000
XY,-1.0000,-0.0345,-0.3793,-1.0000,0.525136,0.368000
XY,-1.0000,-0.0345,-0.3103,-1.0000,0.546456,0.370000
XY,-1.0000,-0.0345,-0.2414,-1.0000,0.621499,0.367000
XY,-1.0000,-0.0345,-0.1724,-1.0000,0.754632,0.465000
XY,-1.0000,-0.0345,-0.1034,-1.0000,0.890560,0.762000
XY,-1.0000,-0.0345,-0.0345,-1.0000,0.962995,0.917000
XY,-1.0000,-0.0345,0.0345,-1.0000,0.950839,0.812000
XY,-1.0000,-0.0345,0.1034,-1.0000,0.889866,0.566000
XY,-1.0000,-0.0345,0.1724,-1.0000,0.826319,0.454000
XY,-1.0000,-0.0345,0.2414,-1.0000,0.782685,0.411000
XY,-1.0000,-0.0345,0.3103,-1.0000,0.760792,0.419000
XY,-1.0000,-0.0345,0.3793,-1.0000,0.755072,0.423000
XY,-1.0000,-0.0345,0.4483,-1.0000,0.759895,0.442000
XY,-1.0000,-0.0345,0.5172,-1.0000,0.771152,0.428000
XY,-1.0000,-0.0345,0.5862,-1.0000,0.785040,0.441000
XY,-1.0000,-0.0345,0.6552,-1.0000,0.796421,0.403000
XY,-1.0000,-0.0345,0.7241,-1.0000,0.799051,0.387000
XY,-1.0000,-0.0345,0.7931,-1.0000,0.788771,0.320000
XY,-1.0000,-0.0345,0.8621,-1.0000,0.767207,0.293000
XY,-1.0000,-0.0345,0.9310,-1.0000,0.741437,0.240000
XY,-1.0000,-0.0345,1.0000,-1.0000,0.719337,0.224000
XY,-1.0000,0.0345,-1.0000,-1.0000,0.509545,0.301000
XY,-1.0000,0.0345,-0.9310,-1.0000,0.503894,0.277000
XY,-1.0000,0.0345,-0.8621,-1.0000,0.498469,0.182000
XY,-1.0000,0.0345,-0.7931,-1.0000,0.495329,0.103000
XY,-1.0000,0.0345,-0.7241,-1.0000,0.494188,0.193000
XY,-1.0000,0.0345,-0.6552,-1.0000,0.496772,0.321000
XY,-1.0000,0.0345,-0.5862,-1.0000,0.500490,0.424000
XY,-1.0000,0.0345,-0.5172,-1.0000,0.500953,0.411000
XY,-1.0000,0.0345,-0.4483,-1.0000,0.503750,0.375000
XY,-1.0000,0.0345,-0.3793,-1.0000,0.518671,0.416000
XY,-1.0000,0.0345,-0.3103,-1.0000,0.565874,0.433000
XY,-1.0000,0.0345,-0.2414,-1.0000,0.666492,0.440000
XY,-1.0000,0.0345,-0.1724,-1.0000,0.811949,0.520000
XY,-1.0000,0.0345,-0.1034,-1.0000,0.941574,0.719000
XY,-1.0000,0.0345,-0.0345,-1.0000,0.983544,0.914000
XY,-1.0000,0.0345,0.0345,-1.0000,0.934095,0.789000
XY,-1.0000,0.0345,0.1034,-1.0000,0.850661,0.619000
XY,-1.0000,0.0345,0.1724,-1.0000,0.782518,0.484000
XY,-1.0000,0.0345,0.2414,-1.0000,0.745346,0.449000
XY,-1.0000,0.0345,0.3103,-1.0000,0.735483,0.405000
XY,-1.0000,0.0345,0.3793,-1.0000,0.744116,0.422000
XY,-1.0000,0.0345,0.4483,-1.0000,0.762769,0.387000
XY,-1.0000,0.0345,0.5172,-1.0000,0.784499,0.383000
XY,-1.0000,0.0345,0.5862,-1.0000,0.803299,0.385000
XY,-1.0000,0.0345,0.6552,-1.0000,0.813133,0.385000
XY,-1.0000,0.0345,0.7241,-1.0000,0.808798,0.368000
XY,-1.0000,0.0345,0.7931,-1.0000,0.789267,0.314000
XY,-1.0000,0.0345,0.8621,-1.0000,0.759883,0.288000
XY,-1.0000,0.0345,0.9310,-1.0000,0.729868,0.245000
XY,-1.0000,0.0345,1.0000,-1.0000,0.707153,0.208000
XY,-1.0000,0.1034,-1.0000,-1.0000,0.512961,0.268000
XY,-1.0000,0.1034,-0.9310,-1.0000,0.483343,0.194000
XY,-1.0000,0.1034,-0.8621,-1.0000,0.461717,0.136000
XY,-1.0000,0.1034,-0.7931,-1.0000,0.469979,0.112000
XY,-1.0000,0.1034,-0.7241,-1.0000,0.491115,0.155000
XY,-1.0000,0.1034,-0.6552,-1.0000,0.523771,0.317000
XY,-1.0000,0.1034,-0.5862,-1.0000,0.537097,0.449000
XY,-1.0000,0.1034,-0.5172,-1.0000,0.527362,0.405000
XY,-1.0000,0.1034,-0.4483,-1.0000,0.518363,0.373000
XY,-1.0000,0.1034,-0.3793,-1.0000,0.525437,0.480000
XY,-1.0000,0.1034,-0.3103,-1.0000,0.569036,0.498000
XY,-1.0000,0.1034,-0.2414,-1.0000,0.669500,0.395000
XY,-1.0000,0.1034,-0.1724,-1.0000,0.816828,0.415000
XY,-1.0000,0.1034,-0.1034,-1.0000,0.937457,0.565000
XY,-1.0000,0.1034,-0.0345,-1.0000,0.953201,0.740000
XY,-1.0000,0.1034,0.0345,-1.0000,0.878927,0.709000
XY,-1.0000,0.1034,0.1034,-1.0000,0.787253,0.548000
XY,-1.0000,0.1034,0.1724,-1.0000,0.724494,0.479000
XY,-1.0000,0.1034,0.2414,-1.0000,0.698813,0.413000
XY,-1.0000,0.1034,0.3103,-1.0000,0.702304,0.390000
XY,-1.0000,0.1034,0.3793,-1.0000,0.723565,0.343000
XY,-1.0000,0.1034,0.4483,-1.0000,0.751600,0.350000
XY,-1.0000,0.1034,0.5172,-1.0000,0.777657,0.337000
XY,-1.0000,0.1034,0.5862,-1.0000,0.795281,0.309000
XY,-1.0000,0.1034,0.6552,-1.0000,0.799343,0.317000
XY,-1.0000,0.1034,0.7241,-1.0000,0.786914,0.305000
XY,-1.0000,0.1034,0.7931,-1.0000,0.760133,0.276000
XY,-1.0000,0.1034,0.8621,-1.0000,0.726824,0.247000
XY,-1.0000,0.1034,0.9310,-1.0000,0.696749,0.204000
XY,-1.0000,0.1034,1.0000,-1.0000,0.676875,0.187000
XY,-1.0000,0.1724,-1.0000,-1.0000,0.460041,0.217000
XY,-1.0000,0.1724,-0.9310,-1.0000,0.409519,0.136000
XY,-1.0000,0.1724,-0.8621,-1.0000,0.385677,0.142000
XY,-1.0000,0.1724,-0.7931,-1.0000,0.461667,0.084000
XY,-1.0000,0.1724,-0.7241,-1.0000,0.517850,0.135000
XY,-1.0000,0.1724,-0.6552,-1.0000,0.572845,0.236000
XY,-1.0000,0.1724,-0.5862,-1.0000,0.575657,0.378000
XY,-1.0000,0.1724,-0.5172,-1.0000,0.551453,0.362000
XY,-1.0000,0.1724,-0.4483,-1.0000,0.531722,0.343000
XY,-1.0000,0.1724,-0.3793,-1.0000,0.528630,0.410000
XY,-1.0000,0.1724,-0.3103,-1.0000,0.560520,0.390000
XY,-1.0000,0.1724,-0.2414,-1.0000,0.652512,0.350000
XY,-1.0000,0.1724,-0.1724,-1.0000,0.795543,0.280000
XY,-1.0000,0.1724,-0.1034,-1.0000,0.904251,0.389000
XY,-1.0000,0.1724,-0.0345,-1.0000,0.899628,0.540000
XY,-1.0000,0.1724,0.0345,-1.0000,0.812608,0.551000
XY,-1.0000,0.1724,0.1034,-1.0000,0.721622,0.502000
XY,-1.0000,0.1724,0.1724,-1.0000,0.666462,0.416000
XY,-1.0000,0.1724,0.2414,-1.0000,0.649996,0.378000
XY,-1.0000,0.1724,0.3103,-1.0000,0.662725,0.293000
XY,-1.0000,0.1724,0.3793,-1.0000,0.691525,0.265000
XY,-1.0000,0.1724,0.4483,-1.0000,0.723088,0.252000
XY,-1.0000,0.1724,0.5172,-1.0000,0.747792,0.249000
XY,-1.0000,0.1724,0.5862,-1.0000,0.760249,0.268000
XY,-1.0000,0.1724,0.6552,-1.0000,0.757471,0.214000
XY,-1.0000,0.1724,0.7241,-1.0000,0.739036,0.235000
XY,-1.0000,0.1724,0.7931,-1.0000,0.709119,0.194000
XY,-1.0000,0.1724,0.8621,-1.0000,0.676179,0.176000
XY,-1.0000,0.1724,0.9310,-1.0000,0.649221,0.168000
XY,-1.0000,0.1724,1.0000,-1.0000,0.633973,0.156000
XY,-1.0000,0.2414,-1.0000,-1.0000,0.358641,0.207000
XY,-1.0000,0.2414,-0.9310,-1.0000,0.336046,0.114000
XY,-1.0000,0.2414,-0.8621,-1.0000,0.389235,0.216000
XY,-1.0000,0.2414,-0.7931,-1.0000,0.473587,0.139000
XY,-1.0000,0.2414,-0.7241,-1.0000,0.550208,0.102000
XY,-1.0000,0.2414,-0.6552,-1.0000,0.598774,0.139000
XY,-1.0000,0.2414,-0.5862,-1.0000,0.579513,0.206000
XY,-1.0000,0.2414,-0.5172,-1.0000,0.548016,0.214000
XY,-1.0000,0.2414,-0.4483,-1.0000,0.526999,0.237000
XY,-1.0000,0.2414,-0.3793,-1.0000,0.520668,0.313000
XY,-1.0000,0.2414,-0.3103,-1.0000,0.545214,0.289000
XY,-1.0000,0.2414,-0.2414,-1.0000,0.628655,0.266000
XY,-1.0000,0.2414,-0.1724,-1.0000,0.761480,0.248000
XY,-1.0000,0.2414,-0.1034,-1.0000,0.854430,0.273000
XY,-1.0000,0.2414,-0.0345,-1.0000,0.836443,0.377000
XY,-1.0000,0.2414,0.0345,-1.0000,0.747571,0.352000
XY,-1.0000,0.2414,0.1034,-1.0000,0.661456,0.336000
XY,-1.0000,0.2414,0.1724,-1.0000,0.610476,0.332000
XY,-1.0000,0.2414,0.2414,-1.0000,0.596779,0.224000
XY,-1.0000,0.2414,0.3103,-1.0000,0.612778,0.195000
XY,-1.0000,0.2414,0.3793,-1.0000,0.644155,0.142000
XY,-1.0000,0.2414,0.4483,-1.0000,0.674975,0.132000
XY,-1.0000,0.2414,0.5172,-1.0000,0.695365,0.130000
XY,-1.0000,0.2414,0.5862,-1.0000,0.701938,0.135000
XY,-1.0000,0.2414,0.6552,-1.0000,0.694290,0.132000
XY,-1.0000,0.2414,0.7241,-1.0000,0.673945,0.133000
XY,-1.0000,0.2414,0.7931,-1.0000,0.645541,0.129000
XY,-1.0000,0.2414,0.8621,-1.0000,0.616479,0.098000
XY,-1.0000,0.2414,0.9310,-1.0000,0.594259,0.114000
XY,-1.0000,0.2414,1.0000,-1.0000,0.583699,0.083000
XY,-1.0000,0.3103,-1.0000,-1.0000,0.349023,0.233000
XY,-1.0000,0.3103,-0.9310,-1.0000,0.373218,0.184000
XY,-1.0000,0.3103,-0.8621,-1.0000,0.413274,0.328000
XY,-1.0000,0.3103,-0.7931,-1.0000,0.487446,0.193000
XY,-1.0000,0.3103,-0.7241,-1.0000,0.563217,0.091000
XY,-1.0000,0.3103,-0.6552,-1.0000,0.581815,0.089000
XY,-1.0000,0.3103,-0.5862,-1.0000,0.542966,0.081000
XY,-1.0000,0.3103,-0.5172,-1.0000,0.514829,0.100000
XY,-1.0000,0.3103,-0.4483,-1.0000,0.499960,0.126000
XY,-1.0000,0.3103,-0.3793,-1.0000,0.496200,0.164000
XY,-1.0000,0.3103,-0.3103,-1.0000,0.519307,0.167000
XY,-1.0000,0.3103,-0.2414,-1.0000,0.595918,0.164000
XY,-1.0000,0.3103,-0.1724,-1.0000,0.713778,0.171000
XY,-1.0000,0.3103,-0.1034,-1.0000,0.789781,0.175000
XY,-1.0000,0.3103,-0.0345,-1.0000,0.768204,0.227000
XY,-1.0000,0.3103,0.0345,-1.0000,0.689425,0.270000
XY,-1.0000,0.3103,0.1034,-1.0000,0.612618,0.258000
XY,-1.0000,0.3103,0.1724,-1.0000,0.561640,0.204000
XY,-1.0000,0.3103,0.2414,-1.0000,0.541337,0.145000
XY,-1.0000,0.3103,0.3103,-1.0000,0.552455,0.073000
XY,-1.0000,0.3103,0.3793,-1.0000,0.582293,0.043000
XY,-1.0000,0.3103,0.4483,-1.0000,0.610386,0.047000
XY,-1.0000,0.3103,0.5172,-1.0000,0.626346,0.057000
XY,-1.0000,0.3103,0.5862,-1.0000,0.629057,0.061000
XY,-1.0000,0.3103,0.6552,-1.0000,0.620402,0.066000
XY,-1.0000,0.3103,0.7241,-1.0000,0.602930,0.063000
XY,-1.0000,0.3103,0.7931,-1.0000,0.580365,0.085000
XY,-1.0000,0.3103,0.8621,-1.0000,0.557763,0.051000
XY,-1.0000,0.3103,0.9310,-1.0000,0.540474,0.052000
XY,-1.0000,0.3103,1.0000,-1.0000,0.532829,0.049000
XY,-1.0000,0.3793,-1.0000,-1.0000,0.394717,0.280000
XY,-1.0000,0.3793,-0.9310,-1.0000,0.398513,0.253000
XY,-1.0000,0.3793,-0.8621,-1.0000,0.424477,0.393000
XY,-1.0000,0.3793,-0.7931,-1.0000,0.495839,0.162000
XY,-1.0000,0.3793,-0.7241,-1.0000,0.547820,0.086000
XY,-1.0000,0.3793,-0.6552,-1.0000,0.526040,0.103000
XY,-1.0000,0.3793,-0.5862,-1.0000,0.479257,0.058000
XY,-1.0000,0.3793,-0.5172,-1.0000,0.463070,0.029000
XY,-1.0000,0.3793,-0.4483,-1.0000,0.458458,0.039000
XY,-1.0000,0.3793,-0.3793,-1.0000,0.461222,0.041000
XY,-1.0000,0.3793,-0.3103,-1.0000,0.485691,0.066000
XY,-1.0000,0.3793,-0.2414,-1.0000,0.553657,0.083000
XY,-1.0000,0.3793,-0.1724,-1.0000,0.652403,0.091000
XY,-1.0000,0.3793,-0.1034,-1.0000,0.713868,0.096000
XY,-1.0000,0.3793,-0.0345,-1.0000,0.701168,0.149000
XY,-1.0000,0.3793,0.0345,-1.0000,0.647999,0.152000
XY,-1.0000,0.3793,0.1034,-1.0000,0.593677,0.170000
XY,-1.0000,0.3793,0.1724,-1.0000,0.551854,0.140000
XY,-1.0000,0.3793,0.2414,-1.0000,0.523084,0.081000
XY,-1.0000,0.3793,0.3103,-1.0000,0.505679,0.019000
XY,-1.0000,0.3793,0.3793,-1.0000,0.513737,0.003000
XY,-1.0000,0.3793,0.4483,-1.0000,0.538172,0.008000
XY,-1.0000,0.3793,0.5172,-1.0000,0.551582,0.010000
XY,-1.0000,0.3793,0.5862,-1.0000,0.554356,0.016000
XY,-1.0000,0.3793,0.6552,-1.0000,0.549986,0.030000
XY,-1.0000,0.3793,0.7241,-1.0000,0.541298,0.025000
XY,-1.0000,0.3793,0.7931,-1.0000,0.530432,0.051000
XY,-1.0000,0.3793,0.8621,-1.0000,0.519340,0.044000
XY,-1.0000,0.3793,0.9310,-1.0000,0.509884,0.022000
XY,-1.0000,0.3793,1.0000,-1.0000,0.503326,0.013000
XY,-1.0000,0.4483,-1.0000,-1.0000,0.405136,0.387000
XY,-1.0000,0.4483,-0.9310,-1.0000,0.397801,0.292000
XY,-1.0000,0.4483,-0.8621,-1.0000,0.425504,0.353000
XY,-1.0000,0.4483,-0.7931,-1.0000,0.497429,0.120000
XY,-1.0000,0.4483,-0.7241,-1.0000,0.508679,0.087000
XY,-1.0000,0.4483,-0.6552,-1.0000,0.451519,0.181000
XY,-1.0000,0.4483,-0.5862,-1.0000,0.419896,0.111000
XY,-1.0000,0.4483,-0.5172,-1.0000,0.427488,0.047000
XY,-1.0000,0.4483,-0.4483,-1.0000,0.440223,0.018000
XY,-1.0000,0.4483,-0.3793,-1.0000,0.454288,0.005000
XY,-1.0000,0.4483,-0.3103,-1.0000,0.475201,0.002000
XY,-1.0000,0.4483,-0.2414,-1.0000,0.517456,0.017000
XY,-1.0000,0.4483,-0.1724,-1.0000,0.585656,0.041000
XY,-1.0000,0.4483,-0.1034,-1.0000,0.635727,0.056000
XY,-1.0000,0.4483,-0.0345,-1.0000,0.644251,0.097000
XY,-1.0000,0.4483,0.0345,-1.0000,0.630693,0.112000
XY,-1.0000,0.4483,0.1034,-1.0000,0.613708,0.113000
XY,-1.0000,0.4483,0.1724,-1.0000,0.599930,0.085000
XY,-1.0000,0.4483,0.2414,-1.0000,0.588647,0.063000
XY,-1.0000,0.4483,0.3103,-1.0000,0.574661,0.023000
XY,-1.0000,0.4483,0.3793,-1.0000,0.553350,0.009000
XY,-1.0000,0.4483,0.4483,-1.0000,0.526202,0.005000
XY,-1.0000,0.4483,0.5172,-1.0000,0.502911,0.003000
XY,-1.0000,0.4483,0.5862,-1.0000,0.502426,0.008000
XY,-1.0000,0.4483,0.6552,-1.0000,0.509753,0.021000
XY,-1.0000,0.4483,0.7241,-1.0000,0.517778,0.033000
XY,-1.0000,0.4483,0.7931,-1.0000,0.525321,0.034000
XY,-1.0000,0.4483,0.8621,-1.0000,0.531573,0.035000
XY,-1.0000,0.4483,0.9310,-1.0000,0.536430,0.028000
XY,-1.0000,0.4483,1.0000,-1.0000,0.539713,0.021000
XY,-1.0000,0.5172,-1.0000,-1.0000,0.381693,0.467000
XY,-1.0000,0.5172,-0.9310,-1.0000,0.380242,0.292000
XY,-1.0000,0.5172,-0.8621,-1.0000,0.423968,0.271000
XY,-1.0000,0.5172,-0.7931,-1.0000,0.494147,0.047000
XY,-1.0000,0.5172,-0.7241,-1.0000,0.461512,0.082000
XY,-1.0000,0.5172,-0.6552,-1.0000,0.433375,0.214000
XY,-1.0000,0.5172,-0.5862,-1.0000,0.449449,0.229000
XY,-1.0000,0.5172,-0.5172,-1.0000,0.475354,0.146000
XY,-1.0000,0.5172,-0.4483,-1.0000,0.499908,0.097000
XY,-1.0000,0.5172,-0.3793,-1.0000,0.521569,0.070000
XY,-1.0000,0.5172,-0.3103,-1.0000,0.536555,0.035000
XY,-1.0000,0.5172,-0.2414,-1.0000,0.538451,0.007000
XY,-1.0000,0.5172,-0.1724,-1.0000,0.533792,0.005000
XY,-1.0000,0.5172,-0.1034,-1.0000,0.565452,0.014000
XY,-1.0000,0.5172,-0.0345,-1.0000,0.600028,0.024000
XY,-1.0000,0.5172,0.0345,-1.0000,0.621681,0.037000
XY,-1.0000,0.5172,0.1034,-1.0000,0.635479,0.056000
XY,-1.0000,0.5172,0.1724,-1.0000,0.644259,0.056000
XY,-1.0000,0.5172,0.2414,-1.0000,0.644924,0.046000
XY,-1.0000,0.5172,0.3103,-1.0000,0.631283,0.038000
XY,-1.0000,0.5172,0.3793,-1.0000,0.602160,0.040000
XY,-1.0000,0.5172,0.4483,-1.0000,0.565471,0.025000
XY,-1.0000,0.5172,0.5172,-1.0000,0.533514,0.014000
XY,-1.0000,0.5172,0.5862,-1.0000,0.517001,0.026000
XY,-1.0000,0.5172,0.6552,-1.0000,0.518663,0.032000
XY,-1.0000,0.5172,0.7241,-1.0000,0.530465,0.034000
XY,-1.0000,0.5172,0.7931,-1.0000,0.544630,0.015000
XY,-1.0000,0.5172,0.8621,-1.0000,0.557226,0.027000
XY,-1.0000,0.5172,0.9310,-1.0000,0.566520,0.023000
XY,-1.0000,0.5172,1.0000,-1.0000,0.571343,0.020000
XY,-1.0000,0.5862,-1.0000,-1.0000,0.345765,0.459000
XY,-1.0000,0.5862,-0.9310,-1.0000,0.363492,0.321000
XY,-1.0000,0.5862,-0.8621,-1.0000,0.429717,0.197000
XY,-1.0000,0.5862,-0.7931,-1.0000,0.490191,0.008000
XY,-1.0000,0.5862,-0.7241,-1.0000,0.491217,0.088000
XY,-1.0000,0.5862,-0.6552,-1.0000,0.502178,0.259000
XY,-1.0000,0.5862,-0.5862,-1.0000,0.521412,0.309000
XY,-1.0000,0.5862,-0.5172,-1.0000,0.544914,0.305000
XY,-1.0000,0.5862,-0.4483,-1.0000,0.567122,0.231000
XY,-1.0000,0.5862,-0.3793,-1.0000,0.588956,0.174000
XY,-1.0000,0.5862,-0.3103,-1.0000,0.603850,0.099000
XY,-1.0000,0.5862,-0.2414,-1.0000,0.596225,0.039000
XY,-1.0000,0.5862,-0.1724,-1.0000,0.550490,0.011000
XY,-1.0000,0.5862,-0.1034,-1.0000,0.510469,0.000000
XY,-1.0000,0.5862,-0.0345,-1.0000,0.560355,0.004000
XY,-1.0000,0.5862,0.0345,-1.0000,0.599749,0.003000
XY,-1.0000,0.5862,0.1034,-1.0000,0.632299,0.017000
XY,-1.0000,0.5862,0.1724,-1.0000,0.657429,0.020000
XY,-1.0000,0.5862,0.2414,-1.0000,0.668111,0.023000
XY,-1.0000,0.5862,0.3103,-1.0000,0.656374,0.044000
XY,-1.0000,0.5862,0.3793,-1.0000,0.623584,0.058000
XY,-1.0000,0.5862,0.4483,-1.0000,0.581983,0.065000
XY,-1.0000,0.5862,0.5172,-1.0000,0.546043,0.036000
XY,-1.0000,0.5862,0.5862,-1.0000,0.525971,0.036000
XY,-1.0000,0.5862,0.6552,-1.0000,0.525381,0.027000
XY,-1.0000,0.5862,0.7241,-1.0000,0.538118,0.015000
XY,-1.0000,0.5862,0.7931,-1.0000,0.554692,0.031000
XY,-1.0000,0.5862,0.8621,-1.0000,0.569279,0.020000
XY,-1.0000,0.5862,0.9310,-1.0000,0.579222,0.025000
XY,-1.0000,0.5862,1.0000,-1.0000,0.583089,0.020000
XY,-1.0000,0.6552,-1.0000,-1.0000,0.385966,0.416000
XY,-1.0000,0.6552,-0.9310,-1.0000,0.427539,0.237000
XY,-1.0000,0.6552,-0.8621,-1.0000,0.471288,0.113000
XY,-1.0000,0.6552,-0.7931,-1.0000,0.492717,0.007000
XY,-1.0000,0.6552,-0.7241,-1.0000,0.518882,0.081000
XY,-1.0000,0.6552,-0.6552,-1.0000,0.536309,0.274000
XY,-1.0000,0.6552,-0.5862,-1.0000,0.555224,0.330000
XY,-1.0000,0.6552,-0.5172,-1.0000,0.571727,0.324000
XY,-1.0000,0.6552,-0.4483,-1.0000,0.588863,0.318000
XY,-1.0000,0.6552,-0.3793,-1.0000,0.610950,0.234000
XY,-1.0000,0.6552,-0.3103,-1.0000,0.630407,0.132000
XY,-1.0000,0.6552,-0.2414,-1.0000,0.626023,0.092000
XY,-1.0000,0.6552,-0.1724,-1.0000,0.576575,0.025000
XY,-1.0000,0.6552,-0.1034,-1.0000,0.496902,0.004000
XY,-1.0000,0.6552,-0.0345,-1.0000,0.519715,0.001000
XY,-1.0000,0.6552,0.0345,-1.0000,0.564247,0.002000
XY,-1.0000,0.6552,0.1034,-1.0000,0.607083,0.002000
XY,-1.0000,0.6552,0.1724,-1.0000,0.643872,0.010000
XY,-1.0000,0.6552,0.2414,-1.0000,0.663780,0.023000
XY,-1.0000,0.6552,0.3103,-1.0000,0.656961,0.032000
XY,-1.0000,0.6552,0.3793,-1.0000,0.625896,0.059000
XY,-1.0000,0.6552,0.4483,-1.0000,0.584461,0.067000
XY,-1.0000,0.6552,0.5172,-1.0000,0.547184,0.055000
XY,-1.0000,0.6552,0.5862,-1.0000,0.523646,0.040000
XY,-1.0000,0.6552,0.6552,-1.0000,0.519659,0.028000
XY,-1.0000,0.6552,0.7241,-1.0000,0.532332,0.013000
XY,-1.0000,0.6552,0.7931,-1.0000,0.550046,0.022000
XY,-1.0000,0.6552,0.8621,-1.0000,0.564877,0.014000
XY,-1.0000,0.6552,0.9310,-1.0000,0.573890,0.018000
XY,-1.0000,0.6552,1.0000,-1.0000,0.576215,0.017000
XY,-1.0000,0.7241,-1.0000,-1.0000,0.466480,0.275000
XY,-1.0000,0.7241,-0.9310,-1.0000,0.492965,0.160000
XY,-1.0000,0.7241,-0.8621,-1.0000,0.504122,0.064000
XY,-1.0000,0.7241,-0.7931,-1.0000,0.495479,0.018000
XY,-1.0000,0.7241,-0.7241,-1.0000,0.519133,0.092000
XY,-1.0000,0.7241,-0.6552,-1.0000,0.535183,0.259000
XY,-1.0000,0.7241,-0.5862,-1.0000,0.547988,0.288000
XY,-1.0000,0.7241,-0.5172,-1.0000,0.556310,0.329000
XY,-1.0000,0.7241,-0.4483,-1.0000,0.570418,0.297000
XY,-1.0000,0.7241,-0.3793,-1.0000,0.595302,0.267000
XY,-1.0000,0.7241,-0.3103,-1.0000,0.622709,0.158000
XY,-1.0000,0.7241,-0.2414,-1.0000,0.627331,0.075000
XY,-1.0000,0.7241,-0.1724,-1.0000,0.583964,0.023000
XY,-1.0000,0.7241,-0.1034,-1.0000,0.505295,0.011000
XY,-1.0000,0.7241,-0.0345,-1.0000,0.481258,0.003000
XY,-1.0000,0.7241,0.0345,-1.0000,0.525415,0.011000
XY,-1.0000,0.7241,0.1034,-1.0000,0.571828,0.013000
XY,-1.0000,0.7241,0.1724,-1.0000,0.614751,0.007000
XY,-1.0000,0.7241,0.2414,-1.0000,0.641570,0.017000
XY,-1.0000,0.7241,0.3103,-1.0000,0.641759,0.035000
XY,-1.0000,0.7241,0.3793,-1.0000,0.617766,0.051000
XY,-1.0000,0.7241,0.4483,-1.0000,0.582284,0.079000
XY,-1.0000,0.7241,0.5172,-1.0000,0.547662,0.056000
XY,-1.0000,0.7241,0.5862,-1.0000,0.521148,0.035000
XY,-1.0000,0.7241,0.6552,-1.0000,0.507953,0.016000
XY,-1.0000,0.7241,0.7241,-1.0000,0.514886,0.009000
XY,-1.0000,0.7241,0.7931,-1.0000,0.532282,0.004000
XY,-1.0000,0.7241,0.8621,-1.0000,0.546523,0.008000
XY,-1.0000,0.7241,0.9310,-1.0000,0.554258,0.014000
XY,-1.0000,0.7241,1.0000,-1.0000,0.555691,0.008000
XY,-1.0000,0.7931,-1.0000,-1.0000,0.514922,0.154000
XY,-1.0000,0.7931,-0.9310,-1.0000,0.525099,0.098000
XY,-1.0000,0.7931,-0.8621,-1.0000,0.514322,0.031000
XY,-1.0000,0.7931,-0.7931,-1.0000,0.491841,0.019000
XY,-1.0000,0.7931,-0.7241,-1.0000,0.503932,0.092000
XY,-1.0000,0.7931,-0.6552,-1.0000,0.513181,0.171000
XY,-1.0000,0.7931,-0.5862,-1.0000,0.517374,0.173000
XY,-1.0000,0.7931,-0.5172,-1.0000,0.520561,0.209000
XY,-1.0000,0.7931,-0.4483,-1.0000,0.534966,0.228000
XY,-1.0000,0.7931,-0.3793,-1.0000,0.563722,0.210000
XY,-1.0000,0.7931,-0.3103,-1.0000,0.598982,0.102000
XY,-1.0000,0.7931,-0.2414,-1.0000,0.613743,0.042000
XY,-1.0000,0.7931,-0.1724,-1.0000,0.583032,0.009000
XY,-1.0000,0.7931,-0.1034,-1.0000,0.520923,0.003000
XY,-1.0000,0.7931,-0.0345,-1.0000,0.471877,0.001000
XY,-1.0000,0.7931,0.0345,-1.0000,0.495247,0.005000
XY,-1.0000,0.7931,0.1034,-1.0000,0.536623,0.009000
XY,-1.0000,0.7931,0.1724,-1.0000,0.578865,0.017000
XY,-1.0000,0.7931,0.2414,-1.0000,0.609021,0.025000
XY,-1.0000,0.7931,0.3103,-1.0000,0.617372,0.033000
XY,-1.0000,0.7931,0.3793,-1.0000,0.605516,0.057000
XY,-1.0000,0.7931,0.4483,-1.0000,0.582682,0.057000
XY,-1.0000,0.7931,0.5172,-1.0000,0.557850,0.069000
XY,-1.0000,0.7931,0.5862,-1.0000,0.536364,0.038000
XY,-1.0000,0.7931,0.6552,-1.0000,0.519776,0.016000
XY,-1.0000,0.7931,0.7241,-1.0000,0.506767,0.002000
XY,-1.0000,0.7931,0.7931,-1.0000,0.505549,0.000000
XY,-1.0000,0.7931,0.8621,-1.0000,0.518922,0.000000
XY,-1.0000,0.7931,0.9310,-1.0000,0.526238,0.004000
XY,-1.0000,0.7931,1.0000,-1.0000,0.528729,0.003000
XY,-1.0000,0.8621,-1.0000,-1.0000,0.531855,0.072000
XY,-1.0000,0.8621,-0.9310,-1.0000,0.532386,0.053000
XY,-1.0000,0.8621,-0.8621,-1.0000,0.513049,0.018000
XY,-1.0000,0.8621,-0.7931,-1.0000,0.487202,0.026000
XY,-1.0000,0.8621,-0.7241,-1.0000,0.486496,0.089000
XY,-1.0000,0.8621,-0.6552,-1.0000,0.487180,0.136000
XY,-1.0000,0.8621,-0.5862,-1.0000,0.484821,0.116000
XY,-1.0000,0.8621,-0.5172,-1.0000,0.487204,0.094000
XY,-1.0000,0.8621,-0.4483,-1.0000,0.502510,0.145000
XY,-1.0000,0.8621,-0.3793,-1.0000,0.532556,0.142000
XY,-1.0000,0.8621,-0.3103,-1.0000,0.572704,0.070000
XY,-1.0000,0.8621,-0.2414,-1.0000,0.596438,0.026000
XY,-1.0000,0.8621,-0.1724,-1.0000,0.583350,0.003000
XY,-1.0000,0.8621,-0.1034,-1.0000,0.547875,0.003000
XY,-1.0000,0.8621,-0.0345,-1.0000,0.516991,0.005000
XY,-1.0000,0.8621,0.0345,-1.0000,0.504942,0.001000
XY,-1.0000,0.8621,0.1034,-1.0000,0.515840,0.001000
XY,-1.0000,0.8621,0.1724,-1.0000,0.543624,0.009000
XY,-1.0000,0.8621,0.2414,-1.0000,0.571611,0.013000
XY,-1.0000,0.8621,0.3103,-1.0000,0.588209,0.036000
XY,-1.0000,0.8621,0.3793,-1.0000,0.591801,0.041000
XY,-1.0000,0.8621,0.4483,-1.0000,0.586188,0.037000
XY,-1.0000,0.8621,0.5172,-1.0000,0.576378,0.052000
XY,-1.0000,0.8621,0.5862,-1.0000,0.565912,0.027000
XY,-1.0000,0.8621,0.6552,-1.0000,0.555138,0.017000
XY,-1.0000,0.8621,0.7241,-1.0000,0.542033,0.004000
XY,-1.0000,0.8621,0.7931,-1.0000,0.525520,0.001000
XY,-1.0000,0.8621,0.8621,-1.0000,0.507747,0.000000
XY,-1.0000,0.8621,0.9310,-1.0000,0.500438,0.000000
XY,-1.0000,0.8621,1.0000,-1.0000,0.506450,0.004000
XY,-1.0000,0.9310,-1.0000,-1.0000,0.531630,0.017000
XY,-1.0000,0.9310,-0.9310,-1.0000,0.529403,0.019000
XY,-1.0000,0.9310,-0.8621,-1.0000,0.508645,0.023000
XY,-1.0000,0.9310,-0.7931,-1.0000,0.484716,0.048000
XY,-1.0000,0.9310,-0.7241,-1.0000,0.476529,0.097000
XY,-1.0000,0.9310,-0.6552,-1.0000,0.471458,0.106000
XY,-1.0000,0.9310,-0.5862,-1.0000,0.467828,0.046000
XY,-1.0000,0.9310,-0.5172,-1.0000,0.472105,0.039000
XY,-1.0000,0.9310,-0.4483,-1.0000,0.483946,0.054000
XY,-1.0000,0.9310,-0.3793,-1.0000,0.508397,0.056000
XY,-1.0000,0.9310,-0.3103,-1.0000,0.550668,0.026000
XY,-1.0000,0.9310,-0.2414,-1.0000,0.581956,0.005000
XY,-1.0000,0.9310,-0.1724,-1.0000,0.587284,0.017000
XY,-1.0000,0.9310,-0.1034,-1.0000,0.576575,0.028000
XY,-1.0000,0.9310,-0.0345,-1.0000,0.562296,0.019000
XY,-1.0000,0.9310,0.0345,-1.0000,0.548874,0.018000
XY,-1.0000,0.9310,0.1034,-1.0000,0.536213,0.002000
XY,-1.0000,0.9310,0.1724,-1.0000,0.526244,0.001000
XY,-1.0000,0.9310,0.2414,-1.0000,0.534701,0.006000
XY,-1.0000,0.9310,0.3103,-1.0000,0.557083,0.010000
XY,-1.0000,0.9310,0.3793,-1.0000,0.575124,0.019000
XY,-1.0000,0.9310,0.4483,-1.0000,0.585680,0.019000
XY,-1.0000,0.9310,0.5172,-1.0000,0.590443,0.019000
XY,-1.0000,0.9310,0.5862,-1.0000,0.590530,0.013000
XY,-1.0000,0.9310,0.6552,-1.0000,0.584520,0.009000
XY,-1.0000,0.9310,0.7241,-1.0000,0.570588,0.011000
XY,-1.0000,0.9310,0.7931,-1.0000,0.550004,0.017000
XY,-1.0000,0.9310,0.8621,-1.0000,0.527562,0.008000
XY,-1.0000,0.9310,0.9310,-1.0000,0.509843,0.006000
XY,-1.0000,0.9310,1.0000,-1.0000,0.504938,0.007000
XY,-1.0000,1.0000,-1.0000,-1.0000,0.529101,0.008000
XY,-1.0000,1.0000,-0.9310,-1.0000,0.521974,0.026000
XY,-1.0000,1.0000,-0.8621,-1.0000,0.501720,0.040000
XY,-1.0000,1.0000,-0.7931,-1.0000,0.484883,0.056000
XY,-1.0000,1.0000,-0.7241,-1.0000,0.477752,0.087000
XY,-1.0000,1.0000,-0.6552,-1.0000,0.474223,0.044000
XY,-1.0000,1.0000,-0.5862,-1.0000,0.476413,0.011000
XY,-1.0000,1.0000,-0.5172,-1.0000,0.484285,0.006000
XY,-1.0000,1.0000,-0.4483,-1.0000,0.487874,0.016000
XY,-1.0000,1.0000,-0.3793,-1.0000,0.492525,0.019000
XY,-1.0000,1.0000,-0.3103,-1.0000,0.536618,0.006000
XY,-1.0000,1.0000,-0.2414,-1.0000,0.571091,0.007000
XY,-1.0000,1.0000,-0.1724,-1.0000,0.588074,0.036000
XY,-1.0000,1.0000,-0.1034,-1.0000,0.592979,0.072000
XY,-1.0000,1.0000,-0.0345,-1.0000,0.590949,0.066000
XY,-1.0000,1.0000,0.0345,-1.0000,0.583842,0.048000
XY,-1.0000,1.0000,0.1034,-1.0000,0.569938,0.017000
XY,-1.0000,1.0000,0.1724,-1.0000,0.545550,0.004000
XY,-1.0000,1.0000,0.2414,-1.0000,0.513247,0.001000
XY,-1.0000,1.0000,0.3103,-1.0000,0.525884,0.004000
XY,-1.0000,1.0000,0.3793,-1.0000,0.553034,0.005000
XY,-1.0000,1.0000,0.4483,-1.0000,0.574951,0.006000
XY,-1.0000,1.0000,0.5172,-1.0000,0.591418,0.006000
XY,-1.0000,1.0000,0.5862,-1.0000,0.600915,0.006000
XY,-1.0000,1.0000,0.6552,-1.0000,0.600034,0.010000
XY,-1.0000,1.0000,0.7241,-1.0000,0.586987,0.021000
XY,-1.0000,1.0000,0.7931,-1.0000,0.564708,0.023000
XY,-1.0000,1.0000,0.8621,-1.0000,0.539625,0.018000
XY,-1.0000,1.0000,0.9310,-1.0000,0.518635,0.010000
XY,-1.0000,1.0000,1.0000,-1.0000,0.508580,0.011000
XY,-0.5000,-1.0000,-1.0000,-0.5000,0.475559,0.011000
XY,-0.5000,-1.0000,-0.9310,-0.5000,0.471445,0.052000
XY,-0.5000,-1.0000,-0.8621,-0.5000,0.474828,0.086000
XY,-0.5000,-1.0000,-0.7931,-0.5000,0.481945,0.053000
XY,-0.5000,-1.0000,-0.7241,-0.5000,0.501435,0.033000
XY,-0.5000,-1.0000,-0.6552,-0.5000,0.523576,0.027000
XY,-0.5000,-1.0000,-0.5862,-0.5000,0.530801,0.013000
XY,-0.5000,-1.0000,-0.5172,-0.5000,0.530525,0.012000
XY,-0.5000,-1.0000,-0.4483,-0.5000,0.525703,0.049000
XY,-0.5000,-1.0000,-0.3793,-0.5000,0.505068,0.088000
XY,-0.5000,-1.0000,-0.3103,-0.5000,0.450545,0.099000
XY,-0.5000,-1.0000,-0.2414,-0.5000,0.354458,0.135000
XY,-0.5000,-1.0000,-0.1724,-0.5000,0.248440,0.204000
XY,-0.5000,-1.0000,-0.1034,-0.5000,0.156961,0.212000
XY,-0.5000,-1.0000,-0.0345,-0.5000,0.189497,0.142000
XY,-0.5000,-1.0000,0.0345,-0.5000,0.296938,0.087000
XY,-0.5000,-1.0000,0.1034,-0.5000,0.386906,0.077000
XY,-0.5000,-1.0000,0.1724,-0.5000,0.434163,0.103000
XY,-0.5000,-1.0000,0.2414,-0.5000,0.477341,0.082000
XY,-0.5000,-1.0000,0.3103,-0.5000,0.490570,0.078000
XY,-0.5000,-1.0000,0.3793,-0.5000,0.433738,0.121000
XY,-0.5000,-1.0000,0.4483,-0.5000,0.338939,0.197000
XY,-0.5000,-1.0000,0.5172,-0.5000,0.238908,0.192000
XY,-0.5000,-1.0000,0.5862,-0.5000,0.178942,0.205000
XY,-0.5000,-1.0000,0.6552,-0.5000,0.232292,0.137000
XY,-0.5000,-1.0000,0.7241,-0.5000,0.335013,0.050000
XY,-0.5000,-1.0000,0.7931,-0.5000,0.430235,0.045000
XY,-0.5000,-1.0000,0.8621,-0.5000,0.494069,0.035000
XY,-0.5000,-1.0000,0.9310,-0.5000,0.520167,0.018000
XY,-0.5000,-1.0000,1.0000,-0.5000,0.521961,0.015000
XY,-0.5000,-0.9310,-1.0000,-0.5000,0.462661,0.034000
XY,-0.5000,-0.9310,-0.9310,-0.5000,0.467690,0.091000
XY,-0.5000,-0.9310,-0.8621,-0.5000,0.473576,0.103000
XY,-0.5000,-0.9310,-0.7931,-0.5000,0.482088,0.041000
XY,-0.5000,-0.9310,-0.7241,-0.5000,0.510399,0.029000
XY,-0.5000,-0.9310,-0.6552,-0.5000,0.531634,0.017000
XY,-0.5000,-0.9310,-0.5862,-0.5000,0.533724,0.018000
XY,-0.5000,-0.9310,-0.5172,-0.5000,0.535116,0.045000
XY,-0.5000,-0.9310,-0.4483,-0.5000,0.527925,0.106000
XY,-0.5000,-0.9310,-0.3793,-0.5000,0.492585,0.173000
XY,-0.5000,-0.9310,-0.3103,-0.5000,0.409197,0.210000
XY,-0.5000,-0.9310,-0.2414,-0.5000,0.276436,0.243000
XY,-0.5000,-0.9310,-0.1724,-0.5000,0.160316,0.271000
XY,-0.5000,-0.9310,-0.1034,-0.5000,0.158539,0.179000
XY,-0.5000,-0.9310,-0.0345,-0.5000,0.265555,0.071000
XY,-0.5000,-0.9310,0.0345,-0.5000,0.383463,0.024000
XY,-0.5000,-0.9310,0.1034,-0.5000,0.440467,0.088000
XY,-0.5000,-0.9310,0.1724,-0.5000,0.483726,0.096000
XY,-0.5000,-0.9310,0.2414,-0.5000,0.510819,0.106000
XY,-0.5000,-0.9310,0.3103,-0.5000,0.446197,0.124000
XY,-0.5000,-0.9310,0.3793,-0.5000,0.338830,0.164000
XY,-0.5000,-0.9310,0.4483,-0.5000,0.240770,0.217000
XY,-0.5000,-0.9310,0.5172,-0.5000,0.184378,0.209000
XY,-0.5000,-0.9310,0.5862,-0.5000,0.228314,0.134000
XY,-0.5000,-0.9310,0.6552,-0.5000,0.333155,0.066000
XY,-0.5000,-0.9310,0.7241,-0.5000,0.429582,0.029000
XY,-0.5000,-0.9310,0.7931,-0.5000,0.495076,0.036000
XY,-0.5000,-0.9310,0.8621,-0.5000,0.522062,0.033000
XY,-0.5000,-0.9310,0.9310,-0.5000,0.519111,0.016000
XY,-0.5000,-0.9310,1.0000,-0.5000,0.506479,0.042000
XY,-0.5000,-0.8621,-1.0000,-0.5000,0.477833,0.109000
XY,-0.5000,-0.8621,-0.9310,-0.5000,0.483427,0.153000
XY,-0.5000,-0.8621,-0.8621,-0.5000,0.483633,0.102000
XY,-0.5000,-0.8621,-0.7931,-0.5000,0.484550,0.044000
XY,-0.5000,-0.8621,-0.7241,-0.5000,0.516374,0.037000
XY,-0.5000,-0.8621,-0.6552,-0.5000,0.534889,0.053000
XY,-0.5000,-0.8621,-0.5862,-0.5000,0.535036,0.073000
XY,-0.5000,-0.8621,-0.5172,-0.5000,0.533676,0.136000
XY,-0.5000,-0.8621,-0.4483,-0.5000,0.515082,0.224000
XY,-0.5000,-0.8621,-0.3793,-0.5000,0.460544,0.344000
XY,-0.5000,-0.8621,-0.3103,-0.5000,0.352569,0.360000
XY,-0.5000,-0.8621,-0.2414,-0.5000,0.211633,0.399000
XY,-0.5000,-0.8621,-0.1724,-0.5000,0.163036,0.328000
XY,-0.5000,-0.8621,-0.1034,-0.5000,0.216962,0.127000
XY,-0.5000,-0.8621,-0.0345,-0.5000,0.346735,0.014000
XY,-0.5000,-0.8621,0.0345,-0.5000,0.432954,0.045000
XY,-0.5000,-0.8621,0.1034,-0.5000,0.481970,0.102000
XY,-0.5000,-0.8621,0.1724,-0.5000,0.531175,0.118000
XY,-0.5000,-0.8621,0.2414,-0.5000,0.479744,0.181000
XY,-0.5000,-0.8621,0.3103,-0.5000,0.357031,0.210000
XY,-0.5000,-0.8621,0.3793,-0.5000,0.242480,0.248000
XY,-0.5000,-0.8621,0.4483,-0.5000,0.182697,0.232000
XY,-0.5000,-0.8621,0.5172,-0.5000,0.213480,0.156000
XY,-0.5000,-0.8621,0.5862,-0.5000,0.320780,0.072000
XY,-0.5000,-0.8621,0.6552,-0.5000,0.418564,0.029000
XY,-0.5000,-0.8621,0.7241,-0.5000,0.484206,0.034000
XY,-0.5000,-0.8621,0.7931,-0.5000,0.512526,0.030000
XY,-0.5000,-0.8621,0.8621,-0.5000,0.509165,0.017000
XY,-0.5000,-0.8621,0.9310,-0.5000,0.496310,0.039000
XY,-0.5000,-0.8621,1.0000,-0.5000,0.484702,0.106000
XY,-0.5000,-0.7931,-1.0000,-0.5000,0.510922,0.190000
XY,-0.5000,-0.7931,-0.9310,-0.5000,0.509709,0.200000
XY,-0.5000,-0.7931,-0.8621,-0.5000,0.501061,0.100000
XY,-0.5000,-0.7931,-0.7931,-0.5000,0.488689,0.011000
XY,-0.5000,-0.7931,-0.7241,-0.5000,0.517501,0.039000
XY,-0.5000,-0.7931,-0.6552,-0.5000,0.527524,0.107000
XY,-0.5000,-0.7931,-0.5862,-0.5000,0.520073,0.201000
XY,-0.5000,-0.7931,-0.5172,-0.5000,0.509727,0.304000
XY,-0.5000,-0.7931,-0.4483,-0.5000,0.477911,0.373000
XY,-0.5000,-0.7931,-0.3793,-0.5000,0.408840,0.507000
XY,-0.5000,-0.7931,-0.3103,-0.5000,0.292711,0.540000
XY,-0.5000,-0.7931,-0.2414,-0.5000,0.197708,0.526000
XY,-0.5000,-0.7931,-0.1724,-0.5000,0.209065,0.332000
XY,-0.5000,-0.7931,-0.1034,-0.5000,0.288648,0.114000
XY,-0.5000,-0.7931,-0.0345,-0.5000,0.398333,0.034000
XY,-0.5000,-0.7931,0.0345,-0.5000,0.467127,0.080000
XY,-0.5000,-0.7931,0.1034,-0.5000,0.537138,0.111000
XY,-0.5000,-0.7931,0.1724,-0.5000,0.512448,0.181000
XY,-0.5000,-0.7931,0.2414,-0.5000,0.394696,0.196000
XY,-0.5000,-0.7931,0.3103,-0.5000,0.256995,0.236000
XY,-0.5000,-0.7931,0.3793,-0.5000,0.177870,0.252000
XY,-0.5000,-0.7931,0.4483,-0.5000,0.200315,0.197000
XY,-0.5000,-0.7931,0.5172,-0.5000,0.308557,0.092000
XY,-0.5000,-0.7931,0.5862,-0.5000,0.406861,0.056000
XY,-0.5000,-0.7931,0.6552,-0.5000,0.470567,0.043000
XY,-0.5000,-0.7931,0.7241,-0.5000,0.497445,0.023000
XY,-0.5000,-0.7931,0.7931,-0.5000,0.508271,0.012000
XY,-0.5000,-0.7931,0.8621,-0.5000,0.512003,0.044000
XY,-0.5000,-0.7931,0.9310,-0.5000,0.499385,0.088000
XY,-0.5000,-0.7931,1.0000,-0.5000,0.481047,0.170000
XY,-0.5000,-0.7241,-1.0000,-0.5000,0.543041,0.294000
XY,-0.5000,-0.7241,-0.9310,-0.5000,0.531535,0.253000
XY,-0.5000,-0.7241,-0.8621,-0.5000,0.516084,0.084000
XY,-0.5000,-0.7241,-0.7931,-0.5000,0.491820,0.010000
XY,-0.5000,-0.7241,-0.7241,-0.5000,0.504599,0.068000
XY,-0.5000,-0.7241,-0.6552,-0.5000,0.494197,0.223000
XY,-0.5000,-0.7241,-0.5862,-0.5000,0.474442,0.355000
XY,-0.5000,-0.7241,-0.5172,-0.5000,0.457899,0.447000
XY,-0.5000,-0.7241,-0.4483,-0.5000,0.422101,0.580000
XY,-0.5000,-0.7241,-0.3793,-0.5000,0.354369,0.634000
XY,-0.5000,-0.7241,-0.3103,-0.5000,0.263932,0.661000
XY,-0.5000,-0.7241,-0.2414,-0.5000,0.239683,0.566000
XY,-0.5000,-0.7241,-0.1724,-0.5000,0.277351,0.357000
XY,-0.5000,-0.7241,-0.1034,-0.5000,0.349426,0.135000
XY,-0.5000,-0.7241,-0.0345,-0.5000,0.444879,0.069000
XY,-0.5000,-0.7241,0.0345,-0.5000,0.524598,0.085000
XY,-0.5000,-0.7241,0.1034,-0.5000,0.525157,0.164000
XY,-0.5000,-0.7241,0.1724,-0.5000,0.430229,0.262000
XY,-0.5000,-0.7241,0.2414,-0.5000,0.287043,0.266000
XY,-0.5000,-0.7241,0.3103,-0.5000,0.179262,0.255000
XY,-0.5000,-0.7241,0.3793,-0.5000,0.215385,0.190000
XY,-0.5000,-0.7241,0.4483,-0.5000,0.318910,0.116000
XY,-0.5000,-0.7241,0.5172,-0.5000,0.415882,0.062000
XY,-0.5000,-0.7241,0.5862,-0.5000,0.479513,0.064000
XY,-0.5000,-0.7241,0.6552,-0.5000,0.510422,0.039000
XY,-0.5000,-0.7241,0.7241,-0.5000,0.528779,0.010000
XY,-0.5000,-0.7241,0.7931,-0.5000,0.533492,0.032000
XY,-0.5000,-0.7241,0.8621,-0.5000,0.522147,0.092000
XY,-0.5000,-0.7241,0.9310,-0.5000,0.503494,0.161000
XY,-0.5000,-0.7241,1.0000,-0.5000,0.485617,0.197000
XY,-0.5000,-0.6552,-1.0000,-0.5000,0.551367,0.331000
XY,-0.5000,-0.6552,-0.9310,-0.5000,0.531662,0.304000
XY,-0.5000,-0.6552,-0.8621,-0.5000,0.515474,0.083000
XY,-0.5000,-0.6552,-0.7931,-0.5000,0.489416,0.014000
XY,-0.5000,-0.6552,-0.7241,-0.5000,0.467440,0.129000
XY,-0.5000,-0.6552,-0.6552,-0.5000,0.426029,0.283000
XY,-0.5000,-0.6552,-0.5862,-0.5000,0.400706,0.460000
XY,-0.5000,-0.6552,-0.5172,-0.5000,0.398670,0.553000
XY,-0.5000,-0.6552,-0.4483,-0.5000,0.379957,0.631000
XY,-0.5000,-0.6552,-0.3793,-0.5000,0.335218,0.680000
XY,-0.5000,-0.6552,-0.3103,-0.5000,0.290301,0.690000
XY,-0.5000,-0.6552,-0.2414,-0.5000,0.296511,0.534000
XY,-0.5000,-0.6552,-0.1724,-0.5000,0.345014,0.338000
XY,-0.5000,-0.6552,-0.1034,-0.5000,0.441437,0.148000
XY,-0.5000,-0.6552,-0.0345,-0.5000,0.509152,0.088000
XY,-0.5000,-0.6552,0.0345,-0.5000,0.514745,0.113000
XY,-0.5000,-0.6552,0.1034,-0.5000,0.445024,0.203000
XY,-0.5000,-0.6552,0.1724,-0.5000,0.317219,0.269000
XY,-0.5000,-0.6552,0.2414,-0.5000,0.198784,0.254000
XY,-0.5000,-0.6552,0.3103,-0.5000,0.234836,0.207000
XY,-0.5000,-0.6552,0.3793,-0.5000,0.342040,0.121000
XY,-0.5000,-0.6552,0.4483,-0.5000,0.441300,0.085000
XY,-0.5000,-0.6552,0.5172,-0.5000,0.507137,0.066000
XY,-0.5000,-0.6552,0.5862,-0.5000,0.536393,0.039000
XY,-0.5000,-0.6552,0.6552,-0.5000,0.546627,0.022000
XY,-0.5000,-0.6552,0.7241,-0.5000,0.547854,0.034000
XY,-0.5000,-0.6552,0.7931,-0.5000,0.538144,0.094000
XY,-0.5000,-0.6552,0.8621,-0.5000,0.521317,0.164000
XY,-0.5000,-0.6552,0.9310,-0.5000,0.504435,0.202000
XY,-0.5000,-0.6552,1.0000,-0.5000,0.493137,0.208000
XY,-0.5000,-0.5862,-1.0000,-0.5000,0.517687,0.346000
XY,-0.5000,-0.5862,-0.9310,-0.5000,0.496152,0.305000
XY,-0.5000,-0.5862,-0.8621,-0.5000,0.487039,0.092000
XY,-0.5000,-0.5862,-0.7931,-0.5000,0.486688,0.018000
XY,-0.5000,-0.5862,-0.7241,-0.5000,0.428728,0.196000
XY,-0.5000,-0.5862,-0.6552,-0.5000,0.364446,0.375000
XY,-0.5000,-0.5862,-0.5862,-0.5000,0.366196,0.525000
XY,-0.5000,-0.5862,-0.5172,-0.5000,0.390436,0.616000
XY,-0.5000,-0.5862,-0.4483,-0.5000,0.385812,0.555000
XY,-0.5000,-0.5862,-0.3793,-0.5000,0.352801,0.574000
XY,-0.5000,-0.5862,-0.3103,-0.5000,0.319759,0.540000
XY,-0.5000,-0.5862,-0.2414,-0.5000,0.336678,0.457000
XY,-0.5000,-0.5862,-0.1724,-0.5000,0.431952,0.285000
XY,-0.5000,-0.5862,-0.1034,-0.5000,0.522503,0.148000
XY,-0.5000,-0.5862,-0.0345,-0.5000,0.509355,0.115000
XY,-0.5000,-0.5862,0.0345,-0.5000,0.440415,0.163000
XY,-0.5000,-0.5862,0.1034,-0.5000,0.333019,0.218000
XY,-0.5000,-0.5862,0.1724,-0.5000,0.223652,0.259000
XY,-0.5000,-0.5862,0.2414,-0.5000,0.243862,0.213000
XY,-0.5000,-0.5862,0.3103,-0.5000,0.356133,0.146000
XY,-0.5000,-0.5862,0.3793,-0.5000,0.459689,0.074000
XY,-0.5000,-0.5862,0.4483,-0.5000,0.529255,0.088000
XY,-0.5000,-0.5862,0.5172,-0.5000,0.556987,0.049000
XY,-0.5000,-0.5862,0.5862,-0.5000,0.557139,0.018000
XY,-0.5000,-0.5862,0.6552,-0.5000,0.549288,0.032000
XY,-0.5000,-0.5862,0.7241,-0.5000,0.538396,0.095000
XY,-0.5000,-0.5862,0.7931,-0.5000,0.524210,0.142000
XY,-0.5000,-0.5862,0.8621,-0.5000,0.510207,0.190000
XY,-0.5000,-0.5862,0.9310,-0.5000,0.501195,0.226000
XY,-0.5000,-0.5862,1.0000,-0.5000,0.500490,0.165000
XY,-0.5000,-0.5172,-1.0000,-0.5000,0.447743,0.231000
XY,-0.5000,-0.5172,-0.9310,-0.5000,0.429511,0.250000
XY,-0.5000,-0.5172,-0.8621,-0.5000,0.446789,0.090000
XY,-0.5000,-0.5172,-0.7931,-0.5000,0.489288,0.057000
XY,-0.5000,-0.5172,-0.7241,-0.5000,0.430973,0.312000
XY,-0.5000,-0.5172,-0.6552,-0.5000,0.389496,0.334000
XY,-0.5000,-0.5172,-0.5862,-0.5000,0.400556,0.540000
XY,-0.5000,-0.5172,-0.5172,-0.5000,0.416835,0.549000
XY,-0.5000,-0.5172,-0.4483,-0.5000,0.398942,0.414000
XY,-0.5000,-0.5172,-0.3793,-0.5000,0.351970,0.429000
XY,-0.5000,-0.5172,-0.3103,-0.5000,0.315263,0.429000
XY,-0.5000,-0.5172,-0.2414,-0.5000,0.405255,0.330000
XY,-0.5000,-0.5172,-0.1724,-0.5000,0.535358,0.233000
XY,-0.5000,-0.5172,-0.1034,-0.5000,0.556071,0.140000
XY,-0.5000,-0.5172,-0.0345,-0.5000,0.456050,0.140000
XY,-0.5000,-0.5172,0.0345,-0.5000,0.339759,0.219000
XY,-0.5000,-0.5172,0.1034,-0.5000,0.239824,0.254000
XY,-0.5000,-0.5172,0.1724,-0.5000,0.233059,0.214000
XY,-0.5000,-0.5172,0.2414,-0.5000,0.347766,0.145000
XY,-0.5000,-0.5172,0.3103,-0.5000,0.455280,0.078000
XY,-0.5000,-0.5172,0.3793,-0.5000,0.528850,0.080000
XY,-0.5000,-0.5172,0.4483,-0.5000,0.559046,0.058000
XY,-0.5000,-0.5172,0.5172,-0.5000,0.553860,0.033000
XY,-0.5000,-0.5172,0.5862,-0.5000,0.535505,0.034000
XY,-0.5000,-0.5172,0.6552,-0.5000,0.519813,0.080000
XY,-0.5000,-0.5172,0.7241,-0.5000,0.506959,0.136000
XY,-0.5000,-0.5172,0.7931,-0.5000,0.496464,0.186000
XY,-0.5000,-0.5172,0.8621,-0.5000,0.490938,0.177000
XY,-0.5000,-0.5172,0.9310,-0.5000,0.493057,0.151000
XY,-0.5000,-0.5172,1.0000,-0.5000,0.503279,0.105000
XY,-0.5000,-0.4483,-1.0000,-0.5000,0.420327,0.126000
XY,-0.5000,-0.4483,-0.9310,-0.5000,0.446066,0.184000
XY,-0.5000,-0.4483,-0.8621,-0.5000,0.493704,0.092000
XY,-0.5000,-0.4483,-0.7931,-0.5000,0.493294,0.130000
XY,-0.5000,-0.4483,-0.7241,-0.5000,0.441721,0.352000
XY,-0.5000,-0.4483,-0.6552,-0.5000,0.412332,0.312000
XY,-0.5000,-0.4483,-0.5862,-0.5000,0.423234,0.443000
XY,-0.5000,-0.4483,-0.5172,-0.5000,0.418227,0.450000
XY,-0.5000,-0.4483,-0.4483,-0.5000,0.374988,0.364000
XY,-0.5000,-0.4483,-0.3793,-0.5000,0.305012,0.317000
XY,-0.5000,-0.4483,-0.3103,-0.5000,0.380131,0.357000
XY,-0.5000,-0.4483,-0.2414,-0.5000,0.519418,0.269000
XY,-0.5000,-0.4483,-0.1724,-0.5000,0.609530,0.168000
XY,-0.5000,-0.4483,-0.1034,-0.5000,0.539650,0.163000
XY,-0.5000,-0.4483,-0.0345,-0.5000,0.376722,0.218000
XY,-0.5000,-0.4483,0.0345,-0.5000,0.254256,0.286000
XY,-0.5000,-0.4483,0.1034,-0.5000,0.202856,0.252000
XY,-0.5000,-0.4483,0.1724,-0.5000,0.313421,0.180000
XY,-0.5000,-0.4483,0.2414,-0.5000,0.424138,0.111000
XY,-0.5000,-0.4483,0.3103,-0.5000,0.498592,0.063000
XY,-0.5000,-0.4483,0.3793,-0.5000,0.531925,0.042000
XY,-0.5000,-0.4483,0.4483,-0.5000,0.528414,0.020000
XY,-0.5000,-0.4483,0.5172,-0.5000,0.505205,0.024000
XY,-0.5000,-0.4483,0.5862,-0.5000,0.492353,0.080000
XY,-0.5000,-0.4483,0.6552,-0.5000,0.481929,0.128000
XY,-0.5000,-0.4483,0.7241,-0.5000,0.471963,0.192000
XY,-0.5000,-0.4483,0.7931,-0.5000,0.466743,0.172000
XY,-0.5000,-0.4483,0.8621,-0.5000,0.469357,0.142000
XY,-0.5000,-0.4483,0.9310,-0.5000,0.480108,0.110000
XY,-0.5000,-0.4483,1.0000,-0.5000,0.496315,0.052000
XY,-0.5000,-0.3793,-1.0000,-0.5000,0.473447,0.053000
XY,-0.5000,-0.3793,-0.9310,-0.5000,0.520123,0.100000
XY,-0.5000,-0.3793,-0.8621,-0.5000,0.532769,0.088000
XY,-0.5000,-0.3793,-0.7931,-0.5000,0.495518,0.163000
XY,-0.5000,-0.3793,-0.7241,-0.5000,0.448323,0.352000
XY,-0.5000,-0.3793,-0.6552,-0.5000,0.412946,0.237000
XY,-0.5000,-0.3793,-0.5862,-0.5000,0.408168,0.381000
XY,-0.5000,-0.3793,-0.5172,-0.5000,0.375856,0.460000
XY,-0.5000,-0.3793,-0.4483,-0.5000,0.317376,0.388000
XY,-0.5000,-0.3793,-0.3793,-0.5000,0.376624,0.389000
XY,-0.5000,-0.3793,-0.3103,-0.5000,0.493467,0.382000
XY,-0.5000,-0.3793,-0.2414,-0.5000,0.611871,0.264000
XY,-0.5000,-0.3793,-0.1724,-0.5000,0.629486,0.184000
XY,-0.5000,-0.3793,-0.1034,-0.5000,0.480728,0.237000
XY,-0.5000,-0.3793,-0.0345,-0.5000,0.297957,0.318000
XY,-0.5000,-0.3793,0.0345,-0.5000,0.223394,0.313000
XY,-0.5000,-0.3793,0.1034,-0.5000,0.293998,0.259000
XY,-0.5000,-0.3793,0.1724,-0.5000,0.397966,0.166000
XY,-0.5000,-0.3793,0.2414,-0.5000,0.466286,0.080000
XY,-0.5000,-0.3793,0.3103,-0.5000,0.496274,0.045000
XY,-0.5000,-0.3793,0.3793,-0.5000,0.520172,0.021000
XY,-0.5000,-0.3793,0.4483,-0.5000,0.539291,0.035000
XY,-0.5000,-0.3793,0.5172,-0.5000,0.535168,0.084000
XY,-0.5000,-0.3793,0.5862,-0.5000,0.519175,0.157000
XY,-0.5000,-0.3793,0.6552,-0.5000,0.500491,0.187000
XY,-0.5000,-0.3793,0.7241,-0.5000,0.484562,0.191000
XY,-0.5000,-0.3793,0.7931,-0.5000,0.475188,0.170000
XY,-0.5000,-0.3793,0.8621,-0.5000,0.474149,0.120000
XY,-0.5000,-0.3793,0.9310,-0.5000,0.479899,0.064000
XY,-0.5000,-0.3793,1.0000,-0.5000,0.488457,0.008000
XY,-0.5000,-0.3103,-1.0000,-0.5000,0.532041,0.078000
XY,-0.5000,-0.3103,-0.9310,-0.5000,0.576613,0.092000
XY,-0.5000,-0.3103,-0.8621,-0.5000,0.549106,0.074000
XY,-0.5000,-0.3103,-0.7931,-0.5000,0.493690,0.162000
XY,-0.5000,-0.3103,-0.7241,-0.5000,0.440584,0.302000
XY,-0.5000,-0.3103,-0.6552,-0.5000,0.382619,0.185000
XY,-0.5000,-0.3103,-0.5862,-0.5000,0.355587,0.321000
XY,-0.5000,-0.3103,-0.5172,-0.5000,0.316783,0.459000
XY,-0.5000,-0.3103,-0.4483,-0.5000,0.387959,0.494000
XY,-0.5000,-0.3103,-0.3793,-0.5000,0.477962,0.492000
XY,-0.5000,-0.3103,-0.3103,-0.5000,0.579638,0.459000
XY,-0.5000,-0.3103,-0.2414,-0.5000,0.648768,0.293000
XY,-0.5000,-0.3103,-0.1724,-0.5000,0.589985,0.228000
XY,-0.5000,-0.3103,-0.1034,-0.5000,0.399245,0.345000
XY,-0.5000,-0.3103,-0.0345,-0.5000,0.293529,0.452000
XY,-0.5000,-0.3103,0.0345,-0.5000,0.365135,0.391000
XY,-0.5000,-0.3103,0.1034,-0.5000,0.459674,0.263000
XY,-0.5000,-0.3103,0.1724,-0.5000,0.527678,0.164000
XY,-0.5000,-0.3103,0.2414,-0.5000,0.566931,0.109000
XY,-0.5000,-0.3103,0.3103,-0.5000,0.596195,0.068000
XY,-0.5000,-0.3103,0.3793,-0.5000,0.613992,0.074000
XY,-0.5000,-0.3103,0.4483,-0.5000,0.611879,0.125000
XY,-0.5000,-0.3103,0.5172,-0.5000,0.595541,0.208000
XY,-0.5000,-0.3103,0.5862,-0.5000,0.574768,0.245000
XY,-0.5000,-0.3103,0.6552,-0.5000,0.556263,0.248000
XY,-0.5000,-0.3103,0.7241,-0.5000,0.543536,0.199000
XY,-0.5000,-0.3103,0.7931,-0.5000,0.537701,0.161000
XY,-0.5000,-0.3103,0.8621,-0.5000,0.537568,0.084000
XY,-0.5000,-0.3103,0.9310,-0.5000,0.541001,0.041000
XY,-0.5000,-0.3103,1.0000,-0.5000,0.547382,0.024000
XY,-0.5000,-0.2414,-1.0000,-0.5000,0.564816,0.208000
XY,-0.5000,-0.2414,-0.9310,-0.5000,0.593691,0.154000
XY,-0.5000,-0.2414,-0.8621,-0.5000,0.538564,0.084000
XY,-0.5000,-0.2414,-0.7931,-0.5000,0.487186,0.099000
XY,-0.5000,-0.2414,-0.7241,-0.5000,0.414702,0.188000
XY,-0.5000,-0.2414,-0.6552,-0.5000,0.340249,0.151000
XY,-0.5000,-0.2414,-0.5862,-0.5000,0.355742,0.309000
XY,-0.5000,-0.2414,-0.5172,-0.5000,0.414079,0.428000
XY,-0.5000,-0.2414,-0.4483,-0.5000,0.479044,0.549000
XY,-0.5000,-0.2414,-0.3793,-0.5000,0.548957,0.518000
XY,-0.5000,-0.2414,-0.3103,-0.5000,0.614566,0.467000
XY,-0.5000,-0.2414,-0.2414,-0.5000,0.624259,0.349000
XY,-0.5000,-0.2414,-0.1724,-0.5000,0.512305,0.296000
XY,-0.5000,-0.2414,-0.1034,-0.5000,0.388749,0.374000
XY,-0.5000,-0.2414,-0.0345,-0.5000,0.468491,0.514000
XY,-0.5000,-0.2414,0.0345,-0.5000,0.575017,0.449000
XY,-0.5000,-0.2414,0.1034,-0.5000,0.648323,0.343000
XY,-0.5000,-0.2414,0.1724,-0.5000,0.681340,0.254000
XY,-0.5000,-0.2414,0.2414,-0.5000,0.693669,0.173000
XY,-0.5000,-0.2414,0.3103,-0.5000,0.698706,0.158000
XY,-0.5000,-0.2414,0.3793,-0.5000,0.694230,0.191000
XY,-0.5000,-0.2414,0.4483,-0.5000,0.679116,0.246000
XY,-0.5000,-0.2414,0.5172,-0.5000,0.658960,0.299000
XY,-0.5000,-0.2414,0.5862,-0.5000,0.640734,0.344000
XY,-0.5000,-0.2414,0.6552,-0.5000,0.628868,0.327000
XY,-0.5000,-0.2414,0.7241,-0.5000,0.624193,0.245000
XY,-0.5000,-0.2414,0.7931,-0.5000,0.624234,0.197000
XY,-0.5000,-0.2414,0.8621,-0.5000,0.625162,0.133000
XY,-0.5000,-0.2414,0.9310,-0.5000,0.625120,0.089000
XY,-0.5000,-0.2414,1.0000,-0.5000,0.625391,0.073000
XY,-0.5000,-0.1724,-1.0000,-0.5000,0.559846,0.361000
XY,-0.5000,-0.1724,-0.9310,-0.5000,0.567155,0.212000
XY,-0.5000,-0.1724,-0.8621,-0.5000,0.510103,0.115000
XY,-0.5000,-0.1724,-0.7931,-0.5000,0.478564,0.050000
XY,-0.5000,-0.1724,-0.7241,-0.5000,0.378824,0.118000
XY,-0.5000,-0.1724,-0.6552,-0.5000,0.408977,0.154000
XY,-0.5000,-0.1724,-0.5862,-0.5000,0.457596,0.266000
XY,-0.5000,-0.1724,-0.5172,-0.5000,0.496284,0.391000
XY,-0.5000,-0.1724,-0.4483,-0.5000,0.536096,0.481000
XY,-0.5000,-0.1724,-0.3793,-0.5000,0.575632,0.511000
XY,-0.5000,-0.1724,-0.3103,-0.5000,0.600001,0.459000
XY,-0.5000,-0.1724,-0.2414,-0.5000,0.565353,0.355000
XY,-0.5000,-0.1724,-0.1724,-0.5000,0.486139,0.266000
XY,-0.5000,-0.1724,-0.1034,-0.5000,0.558809,0.412000
XY,-0.5000,-0.1724,-0.0345,-0.5000,0.687480,0.643000
XY,-0.5000,-0.1724,0.0345,-0.5000,0.778059,0.594000
XY,-0.5000,-0.1724,0.1034,-0.5000,0.809560,0.485000
XY,-0.5000,-0.1724,0.1724,-0.5000,0.801886,0.349000
XY,-0.5000,-0.1724,0.2414,-0.5000,0.783576,0.303000
XY,-0.5000,-0.1724,0.3103,-0.5000,0.766329,0.291000
XY,-0.5000,-0.1724,0.3793,-0.5000,0.749285,0.343000
XY,-0.5000,-0.1724,0.4483,-0.5000,0.731706,0.364000
XY,-0.5000,-0.1724,0.5172,-0.5000,0.716551,0.394000
XY,-0.5000,-0.1724,0.5862,-0.5000,0.707701,0.435000
XY,-0.5000,-0.1724,0.6552,-0.5000,0.706482,0.392000
XY,-0.5000,-0.1724,0.7241,-0.5000,0.710004,0.302000
XY,-0.5000,-0.1724,0.7931,-0.5000,0.712447,0.232000
XY,-0.5000,-0.1724,0.8621,-0.5000,0.709178,0.206000
XY,-0.5000,-0.1724,0.9310,-0.5000,0.700550,0.162000
XY,-0.5000,-0.1724,1.0000,-0.5000,0.690860,0.127000
XY,-0.5000,-0.1034,-1.0000,-0.5000,0.524023,0.428000
XY,-0.5000,-0.1034,-0.9310,-0.5000,0.518174,0.254000
XY,-0.5000,-0.1034,-0.8621,-0.5000,0.487567,0.128000
XY,-0.5000,-0.1034,-0.7931,-0.5000,0.477502,0.032000
XY,-0.5000,-0.1034,-0.7241,-0.5000,0.460816,0.107000
XY,-0.5000,-0.1034,-0.6552,-0.5000,0.484391,0.187000
XY,-0.5000,-0.1034,-0.5862,-0.5000,0.512509,0.285000
XY,-0.5000,-0.1034,-0.5172,-0.5000,0.530321,0.354000
XY,-0.5000,-0.1034,-0.4483,-0.5000,0.547867,0.449000
XY,-0.5000,-0.1034,-0.3793,-0.5000,0.562725,0.412000
XY,-0.5000,-0.1034,-0.3103,-0.5000,0.561662,0.400000
XY,-0.5000,-0.1034,-0.2414,-0.5000,0.540532,0.312000
XY,-0.5000,-0.1034,-0.1724,-0.5000,0.598513,0.301000
XY,-0.5000,-0.1034,-0.1034,-0.5000,0.743524,0.562000
XY,-0.5000,-0.1034,-0.0345,-0.5000,0.869014,0.808000
XY,-0.5000,-0.1034,0.0345,-0.5000,0.919855,0.783000
XY,-0.5000,-0.1034,0.1034,-0.5000,0.902692,0.603000
XY,-0.5000,-0.1034,0.1724,-0.5000,0.858531,0.443000
XY,-0.5000,-0.1034,0.2414,-0.5000,0.818412,0.386000
XY,-0.5000,-0.1034,0.3103,-0.5000,0.790968,0.404000
XY,-0.5000,-0.1034,0.3793,-0.5000,0.773817,0.419000
XY,-0.5000,-0.1034,0.4483,-0.5000,0.764157,0.446000
XY,-0.5000,-0.1034,0.5172,-0.5000,0.761629,0.454000
XY,-0.5000,-0.1034,0.5862,-0.5000,0.766287,0.475000
XY,-0.5000,-0.1034,0.6552,-0.5000,0.775523,0.449000
XY,-0.5000,-0.1034,0.7241,-0.5000,0.783118,0.369000
XY,-0.5000,-0.1034,0.7931,-0.5000,0.782057,0.335000
XY,-0.5000,-0.1034,0.8621,-0.5000,0.769735,0.282000
XY,-0.5000,-0.1034,0.9310,-0.5000,0.750349,0.227000
XY,-0.5000,-0.1034,1.0000,-0.5000,0.731283,0.210000
XY,-0.5000,-0.0345,-1.0000,-0.5000,0.495172,0.420000
XY,-0.5000,-0.0345,-0.9310,-0.5000,0.494603,0.284000
XY,-0.5000,-0.0345,-0.8621,-0.5000,0.493563,0.121000
XY,-0.5000,-0.0345,-0.7931,-0.5000,0.495814,0.049000
XY,-0.5000,-0.0345,-0.7241,-0.5000,0.498697,0.139000
XY,-0.5000,-0.0345,-0.6552,-0.5000,0.504513,0.262000
XY,-0.5000,-0.0345,-0.5862,-0.5000,0.510245,0.333000
XY,-0.5000,-0.0345,-0.5172,-0.5000,0.515319,0.386000
XY,-0.5000,-0.0345,-0.4483,-0.5000,0.520995,0.444000
XY,-0.5000,-0.0345,-0.3793,-0.5000,0.525410,0.401000
XY,-0.5000,-0.0345,-0.3103,-0.5000,0.530734,0.393000
XY,-0.5000,-0.0345,-0.2414,-0.5000,0.575634,0.333000
XY,-0.5000,-0.0345,-0.1724,-0.5000,0.705937,0.384000
XY,-0.5000,-0.0345,-0.1034,-0.5000,0.868244,0.670000
XY,-0.5000,-0.0345,-0.0345,-0.5000,0.971135,0.928000
XY,-0.5000,-0.0345,0.0345,-0.5000,0.975090,0.886000
XY,-0.5000,-0.0345,0.1034,-0.5000,0.916379,0.641000
XY,-0.5000,-0.0345,0.1724,-0.5000,0.849750,0.502000
XY,-0.5000,-0.0345,0.2414,-0.5000,0.802914,0.454000
XY,-0.5000,-0.0345,0.3103,-0.5000,0.779097,0.447000
XY,-0.5000,-0.0345,0.3793,-0.5000,0.772752,0.454000
XY,-0.5000,-0.0345,0.4483,-0.5000,0.778190,0.484000
XY,-0.5000,-0.0345,0.5172,-0.5000,0.791379,0.459000
XY,-0.5000,-0.0345,0.5862,-0.5000,0.808394,0.466000
XY,-0.5000,-0.0345,0.6552,-0.5000,0.823379,0.452000
XY,-0.5000,-0.0345,0.7241,-0.5000,0.828747,0.497000
XY,-0.5000,-0.0345,0.7931,-0.5000,0.819110,0.399000
XY,-0.5000,-0.0345,0.8621,-0.5000,0.795960,0.382000
XY,-0.5000,-0.0345,0.9310,-0.5000,0.767441,0.298000
XY,-0.5000,-0.0345,1.0000,-0.5000,0.742751,0.258000
XY,-0.5000,0.0345,-1.0000,-0.5000,0.509864,0.343000
XY,-0.5000,0.0345,-0.9310,-0.5000,0.504024,0.235000
XY,-0.5000,0.0345,-0.8621,-0.5000,0.498317,0.113000
XY,-0.5000,0.0345,-0.7931,-0.5000,0.495732,0.040000
XY,-0.5000,0.0345,-0.7241,-0.5000,0.493528,0.140000
XY,-0.5000,0.0345,-0.6552,-0.5000,0.494796,0.270000
XY,-0.5000,0.0345,-0.5862,-0.5000,0.494972,0.419000
XY,-0.5000,0.0345,-0.5172,-0.5000,0.490259,0.448000
XY,-0.5000,0.0345,-0.4483,-0.5000,0.485373,0.427000
XY,-0.5000,0.0345,-0.3793,-0.5000,0.486175,0.469000
XY,-0.5000,0.0345,-0.3103,-0.5000,0.511922,0.450000
XY,-0.5000,0.0345,-0.2414,-0.5000,0.597623,0.381000
XY,-0.5000,0.0345,-0.1724,-0.5000,0.754395,0.445000
XY,-0.5000,0.0345,-0.1034,-0.5000,0.919275,0.713000
XY,-0.5000,0.0345,-0.0345,-0.5000,0.993538,0.960000
XY,-0.5000,0.0345,0.0345,-0.5000,0.956102,0.873000
XY,-0.5000,0.0345,0.1034,-0.5000,0.871131,0.677000
XY,-0.5000,0.0345,0.1724,-0.5000,0.798627,0.527000
XY,-0.5000,0.0345,0.2414,-0.5000,0.758595,0.496000
XY,-0.5000,0.0345,0.3103,-0.5000,0.747983,0.428000
XY,-0.5000,0.0345,0.3793,-0.5000,0.757717,0.421000
XY,-0.5000,0.0345,0.4483,-0.5000,0.778998,0.460000
XY,-0.5000,0.0345,0.5172,-0.5000,0.804563,0.446000
XY,-0.5000,0.0345,0.5862,-0.5000,0.827868,0.453000
XY,-0.5000,0.0345,0.6552,-0.5000,0.841808,0.450000
XY,-0.5000,0.0345,0.7241,-0.5000,0.839723,0.446000
XY,-0.5000,0.0345,0.7931,-0.5000,0.819681,0.395000
XY,-0.5000,0.0345,0.8621,-0.5000,0.787539,0.332000
XY,-0.5000,0.0345,0.9310,-0.5000,0.754042,0.307000
XY,-0.5000,0.0345,1.0000,-0.5000,0.728506,0.288000
XY,-0.5000,0.1034,-1.0000,-0.5000,0.510854,0.306000
XY,-0.5000,0.1034,-0.9310,-0.5000,0.482157,0.205000
XY,-0.5000,0.1034,-0.8621,-0.5000,0.459842,0.099000
XY,-0.5000,0.1034,-0.7931,-0.5000,0.478771,0.041000
XY,-0.5000,0.1034,-0.7241,-0.5000,0.489778,0.126000
XY,-0.5000,0.1034,-0.6552,-0.5000,0.520211,0.293000
XY,-0.5000,0.1034,-0.5862,-0.5000,0.522851,0.433000
XY,-0.5000,0.1034,-0.5172,-0.5000,0.501946,0.415000
XY,-0.5000,0.1034,-0.4483,-0.5000,0.482463,0.395000
XY,-0.5000,0.1034,-0.3793,-0.5000,0.475729,0.492000
XY,-0.5000,0.1034,-0.3103,-0.5000,0.503122,0.458000
XY,-0.5000,0.1034,-0.2414,-0.5000,0.595254,0.399000
XY,-0.5000,0.1034,-0.1724,-0.5000,0.759692,0.401000
XY,-0.5000,0.1034,-0.1034,-0.5000,0.919709,0.567000
XY,-0.5000,0.1034,-0.0345,-0.5000,0.965691,0.785000
XY,-0.5000,0.1034,0.0345,-0.5000,0.898182,0.784000
XY,-0.5000,0.1034,0.1034,-0.5000,0.802297,0.650000
XY,-0.5000,0.1034,0.1724,-0.5000,0.735338,0.532000
XY,-0.5000,0.1034,0.2414,-0.5000,0.707964,0.481000
XY,-0.5000,0.1034,0.3103,-0.5000,0.712059,0.411000
XY,-0.5000,0.1034,0.3793,-0.5000,0.735792,0.399000
XY,-0.5000,0.1034,0.4483,-0.5000,0.767626,0.382000
XY,-0.5000,0.1034,0.5172,-0.5000,0.798223,0.376000
XY,-0.5000,0.1034,0.5862,-0.5000,0.820438,0.400000
XY,-0.5000,0.1034,0.6552,-0.5000,0.828017,0.438000
XY,-0.5000,0.1034,0.7241,-0.5000,0.816708,0.398000
XY,-0.5000,0.1034,0.7931,-0.5000,0.788188,0.363000
XY,-0.5000,0.1034,0.8621,-0.5000,0.751282,0.307000
XY,-0.5000,0.1034,0.9310,-0.5000,0.717453,0.264000
XY,-0.5000,0.1034,1.0000,-0.5000,0.694927,0.222000
XY,-0.5000,0.1724,-1.0000,-0.5000,0.454264,0.263000
XY,-0.5000,0.1724,-0.9310,-0.5000,0.405938,0.147000
XY,-0.5000,0.1724,-0.8621,-0.5000,0.390236,0.105000
XY,-0.5000,0.1724,-0.7931,-0.5000,0.480180,0.054000
XY,-0.5000,0.1724,-0.7241,-0.5000,0.515552,0.111000
XY,-0.5000,0.1724,-0.6552,-0.5000,0.569236,0.209000
XY,-0.5000,0.1724,-0.5862,-0.5000,0.557325,0.362000
XY,-0.5000,0.1724,-0.5172,-0.5000,0.525129,0.365000
XY,-0.5000,0.1724,-0.4483,-0.5000,0.500517,0.390000
XY,-0.5000,0.1724,-0.3793,-0.5000,0.489472,0.465000
XY,-0.5000,0.1724,-0.3103,-0.5000,0.507818,0.432000
XY,-0.5000,0.1724,-0.2414,-0.5000,0.590636,0.409000
XY,-0.5000,0.1724,-0.1724,-0.5000,0.750036,0.323000
XY,-0.5000,0.1724,-0.1034,-0.5000,0.896587,0.401000
XY,-0.5000,0.1724,-0.0345,-0.5000,0.916940,0.583000
XY,-0.5000,0.1724,0.0345,-0.5000,0.831607,0.604000
XY,-0.5000,0.1724,0.1034,-0.5000,0.734846,0.541000
XY,-0.5000,0.1724,0.1724,-0.5000,0.675986,0.470000
XY,-0.5000,0.1724,0.2414,-0.5000,0.658469,0.420000
XY,-0.5000,0.1724,0.3103,-0.5000,0.672203,0.324000
XY,-0.5000,0.1724,0.3793,-0.5000,0.703807,0.325000
XY,-0.5000,0.1724,0.4483,-0.5000,0.739277,0.278000
XY,-0.5000,0.1724,0.5172,-0.5000,0.768178,0.270000
XY,-0.5000,0.1724,0.5862,-0.5000,0.784406,0.281000
XY,-0.5000,0.1724,0.6552,-0.5000,0.783990,0.277000
XY,-0.5000,0.1724,0.7241,-0.5000,0.765477,0.263000
XY,-0.5000,0.1724,0.7931,-0.5000,0.732960,0.240000
XY,-0.5000,0.1724,0.8621,-0.5000,0.696101,0.214000
XY,-0.5000,0.1724,0.9310,-0.5000,0.665513,0.221000
XY,-0.5000,0.1724,1.0000,-0.5000,0.647975,0.182000
XY,-0.5000,0.2414,-1.0000,-0.5000,0.351496,0.252000
XY,-0.5000,0.2414,-0.9310,-0.5000,0.342508,0.158000
XY,-0.5000,0.2414,-0.8621,-0.5000,0.423252,0.189000
XY,-0.5000,0.2414,-0.7931,-0.5000,0.489301,0.089000
XY,-0.5000,0.2414,-0.7241,-0.5000,0.545446,0.095000
XY,-0.5000,0.2414,-0.6552,-0.5000,0.593819,0.137000
XY,-0.5000,0.2414,-0.5862,-0.5000,0.561611,0.229000
XY,-0.5000,0.2414,-0.5172,-0.5000,0.530278,0.257000
XY,-0.5000,0.2414,-0.4483,-0.5000,0.510167,0.305000
XY,-0.5000,0.2414,-0.3793,-0.5000,0.499919,0.344000
XY,-0.5000,0.2414,-0.3103,-0.5000,0.512863,0.320000
XY,-0.5000,0.2414,-0.2414,-0.5000,0.586266,0.326000
XY,-0.5000,0.2414,-0.1724,-0.5000,0.732353,0.280000
XY,-0.5000,0.2414,-0.1034,-0.5000,0.857755,0.324000
XY,-0.5000,0.2414,-0.0345,-0.5000,0.858361,0.397000
XY,-0.5000,0.2414,0.0345,-0.5000,0.767593,0.430000
XY,-0.5000,0.2414,0.1034,-0.5000,0.674973,0.420000
XY,-0.5000,0.2414,0.1724,-0.5000,0.620251,0.376000
XY,-0.5000,0.2414,0.2414,-0.5000,0.605090,0.307000
XY,-0.5000,0.2414,0.3103,-0.5000,0.621509,0.236000
XY,-0.5000,0.2414,0.3793,-0.5000,0.655287,0.187000
XY,-0.5000,0.2414,0.4483,-0.5000,0.689560,0.160000
XY,-0.5000,0.2414,0.5172,-0.5000,0.713345,0.173000
XY,-0.5000,0.2414,0.5862,-0.5000,0.722584,0.158000
XY,-0.5000,0.2414,0.6552,-0.5000,0.716149,0.153000
XY,-0.5000,0.2414,0.7241,-0.5000,0.694903,0.153000
XY,-0.5000,0.2414,0.7931,-0.5000,0.663635,0.151000
XY,-0.5000,0.2414,0.8621,-0.5000,0.630858,0.132000
XY,-0.5000,0.2414,0.9310,-0.5000,0.605399,0.103000
XY,-0.5000,0.2414,1.0000,-0.5000,0.592937,0.098000
XY,-0.5000,0.3103,-1.0000,-0.5000,0.357759,0.282000
XY,-0.5000,0.3103,-0.9310,-0.5000,0.384723,0.189000
XY,-0.5000,0.3103,-0.8621,-0.5000,0.446114,0.282000
XY,-0.5000,0.3103,-0.7931,-0.5000,0.496501,0.142000
XY,-0.5000,0.3103,-0.7241,-0.5000,0.554646,0.111000
XY,-0.5000,0.3103,-0.6552,-0.5000,0.574214,0.088000
XY,-0.5000,0.3103,-0.5862,-0.5000,0.529220,0.080000
XY,-0.5000,0.3103,-0.5172,-0.5000,0.508704,0.153000
XY,-0.5000,0.3103,-0.4483,-0.5000,0.496923,0.191000
XY,-0.5000,0.3103,-0.3793,-0.5000,0.490361,0.234000
XY,-0.5000,0.3103,-0.3103,-0.5000,0.503540,0.223000
XY,-0.5000,0.3103,-0.2414,-0.5000,0.570905,0.242000
XY,-0.5000,0.3103,-0.1724,-0.5000,0.698847,0.203000
XY,-0.5000,0.3103,-0.1034,-0.5000,0.800141,0.208000
XY,-0.5000,0.3103,-0.0345,-0.5000,0.791271,0.257000
XY,-0.5000,0.3103,0.0345,-0.5000,0.709104,0.269000
XY,-0.5000,0.3103,0.1034,-0.5000,0.625868,0.272000
XY,-0.5000,0.3103,0.1724,-0.5000,0.570661,0.238000
XY,-0.5000,0.3103,0.2414,-0.5000,0.547921,0.166000
XY,-0.5000,0.3103,0.3103,-0.5000,0.558295,0.094000
XY,-0.5000,0.3103,0.3793,-0.5000,0.589760,0.066000
XY,-0.5000,0.3103,0.4483,-0.5000,0.620711,0.074000
XY,-0.5000,0.3103,0.5172,-0.5000,0.639252,0.077000
XY,-0.5000,0.3103,0.5862,-0.5000,0.643663,0.068000
XY,-0.5000,0.3103,0.6552,-0.5000,0.635429,0.086000
XY,-0.5000,0.3103,0.7241,-0.5000,0.616796,0.070000
XY,-0.5000,0.3103,0.7931,-0.5000,0.591726,0.090000
XY,-0.5000,0.3103,0.8621,-0.5000,0.566092,0.084000
XY,-0.5000,0.3103,0.9310,-0.5000,0.546166,0.059000
XY,-0.5000,0.3103,1.0000,-0.5000,0.536929,0.044000
XY,-0.5000,0.3793,-1.0000,-0.5000,0.408562,0.324000
XY,-0.5000,0.3793,-0.9310,-0.5000,0.413518,0.252000
XY,-0.5000,0.3793,-0.8621,-0.5000,0.452359,0.373000
XY,-0.5000,0.3793,-0.7931,-0.5000,0.498584,0.156000
XY,-0.5000,0.3793,-0.7241,-0.5000,0.534633,0.100000
XY,-0.5000,0.3793,-0.6552,-0.5000,0.515912,0.088000
XY,-0.5000,0.3793,-0.5862,-0.5000,0.471888,0.046000
XY,-0.5000,0.3793,-0.5172,-0.5000,0.467016,0.044000
XY,-0.5000,0.3793,-0.4483,-0.5000,0.465041,0.062000
XY,-0.5000,0.3793,-0.3793,-0.5000,0.465728,0.049000
XY,-0.5000,0.3793,-0.3103,-0.5000,0.483145,0.077000
XY,-0.5000,0.3793,-0.2414,-0.5000,0.543328,0.119000
XY,-0.5000,0.3793,-0.1724,-0.5000,0.647784,0.139000
XY,-0.5000,0.3793,-0.1034,-0.5000,0.725979,0.135000
XY,-0.5000,0.3793,-0.0345,-0.5000,0.720819,0.177000
XY,-0.5000,0.3793,0.0345,-0.5000,0.664510,0.171000
XY,-0.5000,0.3793,0.1034,-0.5000,0.604788,0.191000
XY,-0.5000,0.3793,0.1724,-0.5000,0.558430,0.171000
XY,-0.5000,0.3793,0.2414,-0.5000,0.526375,0.115000
XY,-0.5000,0.3793,0.3103,-0.5000,0.507426,0.032000
XY,-0.5000,0.3793,0.3793,-0.5000,0.515789,0.004000
XY,-0.5000,0.3793,0.4483,-0.5000,0.542258,0.007000
XY,-0.5000,0.3793,0.5172,-0.5000,0.557595,0.013000
XY,-0.5000,0.3793,0.5862,-0.5000,0.561420,0.019000
XY,-0.5000,0.3793,0.6552,-0.5000,0.557158,0.038000
XY,-0.5000,0.3793,0.7241,-0.5000,0.547656,0.048000
XY,-0.5000,0.3793,0.7931,-0.5000,0.535306,0.046000
XY,-0.5000,0.3793,0.8621,-0.5000,0.522513,0.049000
XY,-0.5000,0.3793,0.9310,-0.5000,0.511572,0.028000
XY,-0.5000,0.3793,1.0000,-0.5000,0.503988,0.016000
XY,-0.5000,0.4483,-1.0000,-0.5000,0.421874,0.395000
XY,-0.5000,0.4483,-0.9310,-0.5000,0.412401,0.301000
XY,-0.5000,0.4483,-0.8621,-0.5000,0.446046,0.352000
XY,-0.5000,0.4483,-0.7931,-0.5000,0.495766,0.108000
XY,-0.5000,0.4483,-0.7241,-0.5000,0.490792,0.107000
XY,-0.5000,0.4483,-0.6552,-0.5000,0.442071,0.182000
XY,-0.5000,0.4483,-0.5862,-0.5000,0.420930,0.108000
XY,-0.5000,0.4483,-0.5172,-0.5000,0.437994,0.033000
XY,-0.5000,0.4483,-0.4483,-0.5000,0.451923,0.016000
XY,-0.5000,0.4483,-0.3793,-0.5000,0.466555,0.007000
XY,-0.5000,0.4483,-0.3103,-0.5000,0.487341,0.016000
XY,-0.5000,0.4483,-0.2414,-0.5000,0.525567,0.022000
XY,-0.5000,0.4483,-0.1724,-0.5000,0.590685,0.051000
XY,-0.5000,0.4483,-0.1034,-0.5000,0.645665,0.086000
XY,-0.5000,0.4483,-0.0345,-0.5000,0.656665,0.098000
XY,-0.5000,0.4483,0.0345,-0.5000,0.641704,0.100000
XY,-0.5000,0.4483,0.1034,-0.5000,0.622483,0.117000
XY,-0.5000,0.4483,0.1724,-0.5000,0.606917,0.098000
XY,-0.5000,0.4483,0.2414,-0.5000,0.594745,0.060000
XY,-0.5000,0.4483,0.3103,-0.5000,0.580294,0.029000
XY,-0.5000,0.4483,0.3793,-0.5000,0.557959,0.010000
XY,-0.5000,0.4483,0.4483,-0.5000,0.528963,0.003000
XY,-0.5000,0.4483,0.5172,-0.5000,0.503623,0.004000
XY,-0.5000,0.4483,0.5862,-0.5000,0.502708,0.013000
XY,-0.5000,0.4483,0.6552,-0.5000,0.510662,0.023000
XY,-0.5000,0.4483,0.7241,-0.5000,0.519347,0.036000
XY,-0.5000,0.4483,0.7931,-0.5000,0.527497,0.041000
XY,-0.5000,0.4483,0.8621,-0.5000,0.534305,0.039000
XY,-0.5000,0.4483,0.9310,-0.5000,0.539741,0.028000
XY,-0.5000,0.4483,1.0000,-0.5000,0.543643,0.012000
XY,-0.5000,0.5172,-1.0000,-0.5000,0.398361,0.528000
XY,-0.5000,0.5172,-0.9310,-0.5000,0.390552,0.319000
XY,-0.5000,0.5172,-0.8621,-0.5000,0.436730,0.297000
XY,-0.5000,0.5172,-0.7931,-0.5000,0.490526,0.069000
XY,-0.5000,0.5172,-0.7241,-0.5000,0.438424,0.107000
XY,-0.5000,0.5172,-0.6552,-0.5000,0.430292,0.262000
XY,-0.5000,0.5172,-0.5862,-0.5000,0.449622,0.235000
XY,-0.5000,0.5172,-0.5172,-0.5000,0.480057,0.143000
XY,-0.5000,0.5172,-0.4483,-0.5000,0.505205,0.087000
XY,-0.5000,0.5172,-0.3793,-0.5000,0.529554,0.055000
XY,-0.5000,0.5172,-0.3103,-0.5000,0.550059,0.031000
XY,-0.5000,0.5172,-0.2414,-0.5000,0.559140,0.015000
XY,-0.5000,0.5172,-0.1724,-0.5000,0.555644,0.007000
XY,-0.5000,0.5172,-0.1034,-0.5000,0.571326,0.026000
XY,-0.5000,0.5172,-0.0345,-0.5000,0.603605,0.028000
XY,-0.5000,0.5172,0.0345,-0.5000,0.627270,0.050000
XY,-0.5000,0.5172,0.1034,-0.5000,0.642998,0.056000
XY,-0.5000,0.5172,0.1724,-0.5000,0.653566,0.050000
XY,-0.5000,0.5172,0.2414,-0.5000,0.655832,0.049000
XY,-0.5000,0.5172,0.3103,-0.5000,0.642590,0.044000
XY,-0.5000,0.5172,0.3793,-0.5000,0.611936,0.043000
XY,-0.5000,0.5172,0.4483,-0.5000,0.572506,0.026000
XY,-0.5000,0.5172,0.5172,-0.5000,0.537949,0.021000
XY,-0.5000,0.5172,0.5862,-0.5000,0.519675,0.015000
XY,-0.5000,0.5172,0.6552,-0.5000,0.520739,0.028000
XY,-0.5000,0.5172,0.7241,-0.5000,0.533092,0.032000
XY,-0.5000,0.5172,0.7931,-0.5000,0.548405,0.032000
XY,-0.5000,0.5172,0.8621,-0.5000,0.562358,0.029000
XY,-0.5000,0.5172,0.9310,-0.5000,0.573017,0.024000
XY,-0.5000,0.5172,1.0000,-0.5000,0.578991,0.032000
XY,-0.5000,0.5862,-1.0000,-0.5000,0.364012,0.509000
XY,-0.5000,0.5862,-0.9310,-0.5000,0.367371,0.352000
XY,-0.5000,0.5862,-0.8621,-0.5000,0.435876,0.203000
XY,-0.5000,0.5862,-0.7931,-0.5000,0.487614,0.019000
XY,-0.5000,0.5862,-0.7241,-0.5000,0.487980,0.083000
XY,-0.5000,0.5862,-0.6552,-0.5000,0.497193,0.311000
XY,-0.5000,0.5862,-0.5862,-0.5000,0.519100,0.302000
XY,-0.5000,0.5862,-0.5172,-0.5000,0.543472,0.280000
XY,-0.5000,0.5862,-0.4483,-0.5000,0.565102,0.257000
XY,-0.5000,0.5862,-0.3793,-0.5000,0.589551,0.210000
XY,-0.5000,0.5862,-0.3103,-0.5000,0.610776,0.136000
XY,-0.5000,0.5862,-0.2414,-0.5000,0.611958,0.051000
XY,-0.5000,0.5862,-0.1724,-0.5000,0.572095,0.011000
XY,-0.5000,0.5862,-0.1034,-0.5000,0.512701,0.001000
XY,-0.5000,0.5862,-0.0345,-0.5000,0.556757,0.001000
XY,-0.5000,0.5862,0.0345,-0.5000,0.601022,0.008000
XY,-0.5000,0.5862,0.1034,-0.5000,0.637933,0.012000
XY,-0.5000,0.5862,0.1724,-0.5000,0.667040,0.014000
XY,-0.5000,0.5862,0.2414,-0.5000,0.680842,0.025000
XY,-0.5000,0.5862,0.3103,-0.5000,0.669939,0.047000
XY,-0.5000,0.5862,0.3793,-0.5000,0.635248,0.062000
XY,-0.5000,0.5862,0.4483,-0.5000,0.590459,0.065000
XY,-0.5000,0.5862,0.5172,-0.5000,0.551796,0.056000
XY,-0.5000,0.5862,0.5862,-0.5000,0.530091,0.042000
XY,-0.5000,0.5862,0.6552,-0.5000,0.528840,0.042000
XY,-0.5000,0.5862,0.7241,-0.5000,0.541952,0.031000
XY,-0.5000,0.5862,0.7931,-0.5000,0.559708,0.034000
XY,-0.5000,0.5862,0.8621,-0.5000,0.575843,0.025000
XY,-0.5000,0.5862,0.9310,-0.5000,0.587347,0.029000
XY,-0.5000,0.5862,1.0000,-0.5000,0.592421,0.029000
XY,-0.5000,0.6552,-1.0000,-0.5000,0.400971,0.472000
XY,-0.5000,0.6552,-0.9310,-0.5000,0.428632,0.300000
XY,-0.5000,0.6552,-0.8621,-0.5000,0.469941,0.140000
XY,-0.5000,0.6552,-0.7931,-0.5000,0.492434,0.010000
XY,-0.5000,0.6552,-0.7241,-0.5000,0.517066,0.089000
XY,-0.5000,0.6552,-0.6552,-0.5000,0.532857,0.317000
XY,-0.5000,0.6552,-0.5862,-0.5000,0.552132,0.354000
XY,-0.5000,0.6552,-0.5172,-0.5000,0.565882,0.362000
XY,-0.5000,0.6552,-0.4483,-0.5000,0.581217,0.305000
XY,-0.5000,0.6552,-0.3793,-0.5000,0.604950,0.267000
XY,-0.5000,0.6552,-0.3103,-0.5000,0.630231,0.176000
XY,-0.5000,0.6552,-0.2414,-0.5000,0.635686,0.095000
XY,-0.5000,0.6552,-0.1724,-0.5000,0.592237,0.038000
XY,-0.5000,0.6552,-0.1034,-0.5000,0.504209,0.013000
XY,-0.5000,0.6552,-0.0345,-0.5000,0.512822,0.002000
XY,-0.5000,0.6552,0.0345,-0.5000,0.563159,0.004000
XY,-0.5000,0.6552,0.1034,-0.5000,0.610926,0.010000
XY,-0.5000,0.6552,0.1724,-0.5000,0.652458,0.002000
XY,-0.5000,0.6552,0.2414,-0.5000,0.676159,0.024000
XY,-0.5000,0.6552,0.3103,-0.5000,0.670446,0.037000
XY,-0.5000,0.6552,0.3793,-0.5000,0.637460,0.066000
XY,-0.5000,0.6552,0.4483,-0.5000,0.592794,0.079000
XY,-0.5000,0.6552,0.5172,-0.5000,0.552816,0.047000
XY,-0.5000,0.6552,0.5862,-0.5000,0.527768,0.047000
XY,-0.5000,0.6552,0.6552,-0.5000,0.523232,0.023000
XY,-0.5000,0.6552,0.7241,-0.5000,0.536216,0.027000
XY,-0.5000,0.6552,0.7931,-0.5000,0.555089,0.020000
XY,-0.5000,0.6552,0.8621,-0.5000,0.571439,0.021000
XY,-0.5000,0.6552,0.9310,-0.5000,0.581908,0.023000
XY,-0.5000,0.6552,1.0000,-0.5000,0.585248,0.028000
XY,-0.5000,0.7241,-1.0000,-0.5000,0.475185,0.342000
XY,-0.5000,0.7241,-0.9310,-0.5000,0.495273,0.193000
XY,-0.5000,0.7241,-0.8621,-0.5000,0.503552,0.056000
XY,-0.5000,0.7241,-0.7931,-0.5000,0.494769,0.013000
XY,-0.5000,0.7241,-0.7241,-0.5000,0.517459,0.110000
XY,-0.5000,0.7241,-0.6552,-0.5000,0.532400,0.279000
XY,-0.5000,0.7241,-0.5862,-0.5000,0.543083,0.280000
XY,-0.5000,0.7241,-0.5172,-0.5000,0.546998,0.311000
XY,-0.5000,0.7241,-0.4483,-0.5000,0.559177,0.309000
XY,-0.5000,0.7241,-0.3793,-0.5000,0.584437,0.285000
XY,-0.5000,0.7241,-0.3103,-0.5000,0.616411,0.195000
XY,-0.5000,0.7241,-0.2414,-0.5000,0.631699,0.098000
XY,-0.5000,0.7241,-0.1724,-0.5000,0.596450,0.044000
XY,-0.5000,0.7241,-0.1034,-0.5000,0.516035,0.016000
XY,-0.5000,0.7241,-0.0345,-0.5000,0.478565,0.010000
XY,-0.5000,0.7241,0.0345,-0.5000,0.525635,0.014000
XY,-0.5000,0.7241,0.1034,-0.5000,0.575684,0.026000
XY,-0.5000,0.7241,0.1724,-0.5000,0.622575,0.023000
XY,-0.5000,0.7241,0.2414,-0.5000,0.652795,0.019000
XY,-0.5000,0.7241,0.3103,-0.5000,0.654021,0.038000
XY,-0.5000,0.7241,0.3793,-0.5000,0.628321,0.070000
XY,-0.5000,0.7241,0.4483,-0.5000,0.589849,0.083000
XY,-0.5000,0.7241,0.5172,-0.5000,0.552471,0.057000
XY,-0.5000,0.7241,0.5862,-0.5000,0.524141,0.047000
XY,-0.5000,0.7241,0.6552,-0.5000,0.510449,0.014000
XY,-0.5000,0.7241,0.7241,-0.5000,0.517752,0.015000
XY,-0.5000,0.7241,0.7931,-0.5000,0.536165,0.011000
XY,-0.5000,0.7241,0.8621,-0.5000,0.551762,0.008000
XY,-0.5000,0.7241,0.9310,-0.5000,0.560678,0.013000
XY,-0.5000,0.7241,1.0000,-0.5000,0.562826,0.015000
XY,-0.5000,0.7931,-1.0000,-0.5000,0.520186,0.177000
XY,-0.5000,0.7931,-0.9310,-0.5000,0.527454,0.089000
XY,-0.5000,0.7931,-0.8621,-0.5000,0.514662,0.038000
XY,-0.5000,0.7931,-0.7931,-0.5000,0.490113,0.019000
XY,-0.5000,0.7931,-0.7241,-0.5000,0.501845,0.105000
XY,-0.5000,0.7931,-0.6552,-0.5000,0.509896,0.210000
XY,-0.5000,0.7931,-0.5862,-0.5000,0.510493,0.201000
XY,-0.5000,0.7931,-0.5172,-0.5000,0.509970,0.234000
XY,-0.5000,0.7931,-0.4483,-0.5000,0.522997,0.260000
XY,-0.5000,0.7931,-0.3793,-0.5000,0.550484,0.235000
XY,-0.5000,0.7931,-0.3103,-0.5000,0.588750,0.154000
XY,-0.5000,0.7931,-0.2414,-0.5000,0.614448,0.070000
XY,-0.5000,0.7931,-0.1724,-0.5000,0.593392,0.023000
XY,-0.5000,0.7931,-0.1034,-0.5000,0.533274,0.004000
XY,-0.5000,0.7931,-0.0345,-0.5000,0.486471,0.005000
XY,-0.5000,0.7931,0.0345,-0.5000,0.503365,0.013000
XY,-0.5000,0.7931,0.1034,-0.5000,0.543817,0.016000
XY,-0.5000,0.7931,0.1724,-0.5000,0.587251,0.022000
XY,-0.5000,0.7931,0.2414,-0.5000,0.619066,0.047000
XY,-0.5000,0.7931,0.3103,-0.5000,0.627835,0.057000
XY,-0.5000,0.7931,0.3793,-0.5000,0.614615,0.044000
XY,-0.5000,0.7931,0.4483,-0.5000,0.589404,0.075000
XY,-0.5000,0.7931,0.5172,-0.5000,0.562052,0.057000
XY,-0.5000,0.7931,0.5862,-0.5000,0.538393,0.045000
XY,-0.5000,0.7931,0.6552,-0.5000,0.520237,0.021000
XY,-0.5000,0.7931,0.7241,-0.5000,0.506481,0.010000
XY,-0.5000,0.7931,0.7931,-0.5000,0.507321,0.000000
XY,-0.5000,0.7931,0.8621,-0.5000,0.521766,0.001000
XY,-0.5000,0.7931,0.9310,-0.5000,0.529949,0.005000
XY,-0.5000,0.7931,1.0000,-0.5000,0.532891,0.005000
XY,-0.5000,0.8621,-1.0000,-0.5000,0.534680,0.089000
XY,-0.5000,0.8621,-0.9310,-0.5000,0.534339,0.039000
XY,-0.5000,0.8621,-0.8621,-0.5000,0.513251,0.026000
XY,-0.5000,0.8621,-0.7931,-0.5000,0.484524,0.034000
XY,-0.5000,0.8621,-0.7241,-0.5000,0.483780,0.087000
XY,-0.5000,0.8621,-0.6552,-0.5000,0.482979,0.137000
XY,-0.5000,0.8621,-0.5862,-0.5000,0.477361,0.109000
XY,-0.5000,0.8621,-0.5172,-0.5000,0.478375,0.118000
XY,-0.5000,0.8621,-0.4483,-0.5000,0.492654,0.150000
XY,-0.5000,0.8621,-0.3793,-0.5000,0.519012,0.116000
XY,-0.5000,0.8621,-0.3103,-0.5000,0.560753,0.099000
XY,-0.5000,0.8621,-0.2414,-0.5000,0.595216,0.031000
XY,-0.5000,0.8621,-0.1724,-0.5000,0.592023,0.003000
XY,-0.5000,0.8621,-0.1034,-0.5000,0.560194,0.006000
XY,-0.5000,0.8621,-0.0345,-0.5000,0.530660,0.003000
XY,-0.5000,0.8621,0.0345,-0.5000,0.520473,0.001000
XY,-0.5000,0.8621,0.1034,-0.5000,0.530823,0.012000
XY,-0.5000,0.8621,0.1724,-0.5000,0.555389,0.032000
XY,-0.5000,0.8621,0.2414,-0.5000,0.581072,0.028000
XY,-0.5000,0.8621,0.3103,-0.5000,0.596494,0.046000
XY,-0.5000,0.8621,0.3793,-0.5000,0.599115,0.037000
XY,-0.5000,0.8621,0.4483,-0.5000,0.592313,0.041000
XY,-0.5000,0.8621,0.5172,-0.5000,0.581176,0.050000
XY,-0.5000,0.8621,0.5862,-0.5000,0.569594,0.041000
XY,-0.5000,0.8621,0.6552,-0.5000,0.558063,0.012000
XY,-0.5000,0.8621,0.7241,-0.5000,0.544283,0.006000
XY,-0.5000,0.8621,0.7931,-0.5000,0.526851,0.004000
XY,-0.5000,0.8621,0.8621,-0.5000,0.508007,0.001000
XY,-0.5000,0.8621,0.9310,-0.5000,0.500912,0.000000
XY,-0.5000,0.8621,1.0000,-0.5000,0.507477,0.005000
XY,-0.5000,0.9310,-1.0000,-0.5000,0.533418,0.017000
XY,-0.5000,0.9310,-0.9310,-0.5000,0.530793,0.024000
XY,-0.5000,0.9310,-0.8621,-0.5000,0.507792,0.028000
XY,-0.5000,0.9310,-0.7931,-0.5000,0.481574,0.051000
XY,-0.5000,0.9310,-0.7241,-0.5000,0.473378,0.078000
XY,-0.5000,0.9310,-0.6552,-0.5000,0.467058,0.080000
XY,-0.5000,0.9310,-0.5862,-0.5000,0.462540,0.039000
XY,-0.5000,0.9310,-0.5172,-0.5000,0.468655,0.048000
XY,-0.5000,0.9310,-0.4483,-0.5000,0.479514,0.056000
XY,-0.5000,0.9310,-0.3793,-0.5000,0.495888,0.061000
XY,-0.5000,0.9310,-0.3103,-0.5000,0.538901,0.047000
XY,-0.5000,0.9310,-0.2414,-0.5000,0.580384,0.005000
XY,-0.5000,0.9310,-0.1724,-0.5000,0.594442,0.011000
XY,-0.5000,0.9310,-0.1034,-0.5000,0.587788,0.024000
XY,-0.5000,0.9310,-0.0345,-0.5000,0.574909,0.041000
XY,-0.5000,0.9310,0.0345,-0.5000,0.562682,0.022000
XY,-0.5000,0.9310,0.1034,-0.5000,0.552051,0.002000
XY,-0.5000,0.9310,0.1724,-0.5000,0.543488,0.001000
XY,-0.5000,0.9310,0.2414,-0.5000,0.545891,0.015000
XY,-0.5000,0.9310,0.3103,-0.5000,0.563073,0.010000
XY,-0.5000,0.9310,0.3793,-0.5000,0.580404,0.024000
XY,-0.5000,0.9310,0.4483,-0.5000,0.591225,0.028000
XY,-0.5000,0.9310,0.5172,-0.5000,0.596225,0.023000
XY,-0.5000,0.9310,0.5862,-0.5000,0.596486,0.021000
XY,-0.5000,0.9310,0.6552,-0.5000,0.590409,0.011000
XY,-0.5000,0.9310,0.7241,-0.5000,0.575800,0.013000
XY,-0.5000,0.9310,0.7931,-0.5000,0.553900,0.012000
XY,-0.5000,0.9310,0.8621,-0.5000,0.529952,0.007000
XY,-0.5000,0.9310,0.9310,-0.5000,0.511083,0.010000
XY,-0.5000,0.9310,1.0000,-0.5000,0.505735,0.010000
XY,-0.5000,1.0000,-1.0000,-0.5000,0.530302,0.006000
XY,-0.5000,1.0000,-0.9310,-0.5000,0.522170,0.029000
XY,-0.5000,1.0000,-0.8621,-0.5000,0.499731,0.035000
XY,-0.5000,1.0000,-0.7931,-0.5000,0.481842,0.063000
XY,-0.5000,1.0000,-0.7241,-0.5000,0.474874,0.082000
XY,-0.5000,1.0000,-0.6552,-0.5000,0.471349,0.042000
XY,-0.5000,1.0000,-0.5862,-0.5000,0.476014,0.009000
XY,-0.5000,1.0000,-0.5172,-0.5000,0.487795,0.012000
XY,-0.5000,1.0000,-0.4483,-0.5000,0.491876,0.016000
XY,-0.5000,1.0000,-0.3793,-0.5000,0.484001,0.021000
XY,-0.5000,1.0000,-0.3103,-0.5000,0.527911,0.012000
XY,-0.5000,1.0000,-0.2414,-0.5000,0.570356,0.006000
XY,-0.5000,1.0000,-0.1724,-0.5000,0.593504,0.027000
XY,-0.5000,1.0000,-0.1034,-0.5000,0.601721,0.064000
XY,-0.5000,1.0000,-0.0345,-0.5000,0.601117,0.074000
XY,-0.5000,1.0000,0.0345,-0.5000,0.595006,0.059000
XY,-0.5000,1.0000,0.1034,-0.5000,0.582278,0.027000
XY,-0.5000,1.0000,0.1724,-0.5000,0.558989,0.009000
XY,-0.5000,1.0000,0.2414,-0.5000,0.528780,0.000000
XY,-0.5000,1.0000,0.3103,-0.5000,0.530392,0.002000
XY,-0.5000,1.0000,0.3793,-0.5000,0.556347,0.001000
XY,-0.5000,1.0000,0.4483,-0.5000,0.579596,0.003000
XY,-0.5000,1.0000,0.5172,-0.5000,0.597505,0.003000
XY,-0.5000,1.0000,0.5862,-0.5000,0.608155,0.005000
XY,-0.5000,1.0000,0.6552,-0.5000,0.607671,0.006000
XY,-0.5000,1.0000,0.7241,-0.5000,0.593893,0.024000
XY,-0.5000,1.0000,0.7931,-0.5000,0.570000,0.020000
XY,-0.5000,1.0000,0.8621,-0.5000,0.543135,0.012000
XY,-0.5000,1.0000,0.9310,-0.5000,0.520841,0.019000
XY,-0.5000,1.0000,1.0000,-0.5000,0.510237,0.009000
XY,0.0000,-1.0000,-1.0000,0.0000,0.476246,0.010000
XY,0.0000,-1.0000,-0.9310,0.0000,0.468716,0.047000
XY,0.0000,-1.0000,-0.8621,0.0000,0.471662,0.091000
XY,0.0000,-1.0000,-0.7931,0.0000,0.478378,0.053000
XY,0.0000,-1.0000,-0.7241,0.0000,0.499481,0.040000
XY,0.0000,-1.0000,-0.6552,0.0000,0.523710,0.016000
XY,0.0000,-1.0000,-0.5862,0.0000,0.531718,0.021000
XY,0.0000,-1.0000,-0.5172,0.0000,0.533073,0.027000
XY,0.0000,-1.0000,-0.4483,0.0000,0.530108,0.056000
XY,0.0000,-1.0000,-0.3793,0.0000,0.512025,0.110000
XY,0.0000,-1.0000,-0.3103,0.0000,0.464645,0.171000
XY,0.0000,-1.0000,-0.2414,0.0000,0.379135,0.199000
XY,0.0000,-1.0000,-0.1724,0.0000,0.274339,0.271000
XY,0.0000,-1.0000,-0.1034,0.0000,0.179620,0.309000
XY,0.0000,-1.0000,-0.0345,0.0000,0.172595,0.186000
XY,0.0000,-1.0000,0.0345,0.0000,0.272930,0.095000
XY,0.0000,-1.0000,0.1034,0.0000,0.362553,0.079000
XY,0.0000,-1.0000,0.1724,0.0000,0.410276,0.101000
XY,0.0000,-1.0000,0.2414,0.0000,0.452159,0.090000
XY,0.0000,-1.0000,0.3103,0.0000,0.468741,0.090000
XY,0.0000,-1.0000,0.3793,0.0000,0.419414,0.123000
XY,0.0000,-1.0000,0.4483,0.0000,0.332419,0.232000
XY,0.0000,-1.0000,0.5172,0.0000,0.238748,0.262000
XY,0.0000,-1.0000,0.5862,0.0000,0.186792,0.192000
XY,0.0000,-1.0000,0.6552,0.0000,0.238381,0.117000
XY,0.0000,-1.0000,0.7241,0.0000,0.339934,0.037000
XY,0.0000,-1.0000,0.7931,0.0000,0.434959,0.034000
XY,0.0000,-1.0000,0.8621,0.0000,0.498044,0.041000
XY,0.0000,-1.0000,0.9310,0.0000,0.523072,0.028000
XY,0.0000,-1.0000,1.0000,0.0000,0.524126,0.022000
XY,0.0000,-0.9310,-1.0000,0.0000,0.458013,0.031000
XY,0.0000,-0.9310,-0.9310,0.0000,0.463257,0.089000
XY,0.0000,-0.9310,-0.8621,0.0000,0.470174,0.104000
XY,0.0000,-0.9310,-0.7931,0.0000,0.478500,0.044000
XY,0.0000,-0.9310,-0.7241,0.0000,0.509824,0.022000
XY,0.0000,-0.9310,-0.6552,0.0000,0.532999,0.028000
XY,0.0000,-0.9310,-0.5862,0.0000,0.535425,0.025000
XY,0.0000,-0.9310,-0.5172,0.0000,0.538945,0.056000
XY,0.0000,-0.9310,-0.4483,0.0000,0.535431,0.131000
XY,0.0000,-0.9310,-0.3793,0.0000,0.507224,0.231000
XY,0.0000,-0.9310,-0.3103,0.0000,0.437132,0.310000
XY,0.0000,-0.9310,-0.2414,0.0000,0.314999,0.329000
XY,0.0000,-0.9310,-0.1724,0.0000,0.182163,0.353000
XY,0.0000,-0.9310,-0.1034,0.0000,0.138867,0.231000
XY,0.0000,-0.9310,-0.0345,0.0000,0.233517,0.067000
XY,0.0000,-0.9310,0.0345,0.0000,0.354174,0.037000
XY,0.0000,-0.9310,0.1034,0.0000,0.416934,0.095000
XY,0.0000,-0.9310,0.1724,0.0000,0.461378,0.131000
XY,0.0000,-0.9310,0.2414,0.0000,0.490979,0.115000
XY,0.0000,-0.9310,0.3103,0.0000,0.431809,0.144000
XY,0.0000,-0.9310,0.3793,0.0000,0.330155,0.213000
XY,0.0000,-0.9310,0.4483,0.0000,0.238135,0.250000
XY,0.0000,-0.9310,0.5172,0.0000,0.189392,0.200000
XY,0.0000,-0.9310,0.5862,0.0000,0.234772,0.126000
XY,0.0000,-0.9310,0.6552,0.0000,0.337863,0.041000
XY,0.0000,-0.9310,0.7241,0.0000,0.433783,0.036000
XY,0.0000,-0.9310,0.7931,0.0000,0.498487,0.044000
XY,0.0000,-0.9310,0.8621,0.0000,0.524381,0.035000
XY,0.0000,-0.9310,0.9310,0.0000,0.520382,0.023000
XY,0.0000,-0.9310,1.0000,0.0000,0.506791,0.052000
XY,0.0000,-0.8621,-1.0000,0.0000,0.470109,0.107000
XY,0.0000,-0.8621,-0.9310,0.0000,0.478960,0.190000
XY,0.0000,-0.8621,-0.8621,0.0000,0.480726,0.103000
XY,0.0000,-0.8621,-0.7931,0.0000,0.481561,0.029000
XY,0.0000,-0.8621,-0.7241,0.0000,0.517015,0.031000
XY,0.0000,-0.8621,-0.6552,0.0000,0.536900,0.065000
XY,0.0000,-0.8621,-0.5862,0.0000,0.537723,0.087000
XY,0.0000,-0.8621,-0.5172,0.0000,0.540952,0.151000
XY,0.0000,-0.8621,-0.4483,0.0000,0.529343,0.255000
XY,0.0000,-0.8621,-0.3793,0.0000,0.486882,0.409000
XY,0.0000,-0.8621,-0.3103,0.0000,0.394613,0.477000
XY,0.0000,-0.8621,-0.2414,0.0000,0.252982,0.544000
XY,0.0000,-0.8621,-0.1724,0.0000,0.154542,0.423000
XY,0.0000,-0.8621,-0.1034,0.0000,0.183867,0.170000
XY,0.0000,-0.8621,-0.0345,0.0000,0.307851,0.039000
XY,0.0000,-0.8621,0.0345,0.0000,0.404755,0.090000
XY,0.0000,-0.8621,0.1034,0.0000,0.461897,0.157000
XY,0.0000,-0.8621,0.1724,0.0000,0.515096,0.165000
XY,0.0000,-0.8621,0.2414,0.0000,0.469359,0.202000
XY,0.0000,-0.8621,0.3103,0.0000,0.349676,0.250000
XY,0.0000,-0.8621,0.3793,0.0000,0.237330,0.266000
XY,0.0000,-0.8621,0.4483,0.0000,0.182659,0.255000
XY,0.0000,-0.8621,0.5172,0.0000,0.218677,0.158000
XY,0.0000,-0.8621,0.5862,0.0000,0.324141,0.067000
XY,0.0000,-0.8621,0.6552,0.0000,0.421435,0.030000
XY,0.0000,-0.8621,0.7241,0.0000,0.486131,0.034000
XY,0.0000,-0.8621,0.7931,0.0000,0.513333,0.020000
XY,0.0000,-0.8621,0.8621,0.0000,0.508956,0.016000
XY,0.0000,-0.8621,0.9310,0.0000,0.496048,0.047000
XY,0.0000,-0.8621,1.0000,0.0000,0.483777,0.117000
XY,0.0000,-0.7931,-1.0000,0.0000,0.503102,0.206000
XY,0.0000,-0.7931,-0.9310,0.0000,0.505888,0.251000
XY,0.0000,-0.7931,-0.8621,0.0000,0.498855,0.102000
XY,0.0000,-0.7931,-0.7931,0.0000,0.486917,0.019000
XY,0.0000,-0.7931,-0.7241,0.0000,0.518346,0.039000
XY,0.0000,-0.7931,-0.6552,0.0000,0.530284,0.113000
XY,0.0000,-0.7931,-0.5862,0.0000,0.525522,0.236000
XY,0.0000,-0.7931,-0.5172,0.0000,0.523701,0.318000
XY,0.0000,-0.7931,-0.4483,0.0000,0.502350,0.429000
XY,0.0000,-0.7931,-0.3793,0.0000,0.448562,0.582000
XY,0.0000,-0.7931,-0.3103,0.0000,0.343579,0.653000
XY,0.0000,-0.7931,-0.2414,0.0000,0.214653,0.640000
XY,0.0000,-0.7931,-0.1724,0.0000,0.189475,0.409000
XY,0.0000,-0.7931,-0.1034,0.0000,0.249015,0.147000
XY,0.0000,-0.7931,-0.0345,0.0000,0.360613,0.084000
XY,0.0000,-0.7931,0.0345,0.0000,0.445607,0.140000
XY,0.0000,-0.7931,0.1034,0.0000,0.523272,0.177000
XY,0.0000,-0.7931,0.1724,0.0000,0.506923,0.251000
XY,0.0000,-0.7931,0.2414,0.0000,0.392985,0.300000
XY,0.0000,-0.7931,0.3103,0.0000,0.254179,0.292000
XY,0.0000,-0.7931,0.3793,0.0000,0.174189,0.273000
XY,0.0000,-0.7931,0.4483,0.0000,0.201379,0.174000
XY,0.0000,-0.7931,0.5172,0.0000,0.309700,0.117000
XY,0.0000,-0.7931,0.5862,0.0000,0.408522,0.064000
XY,0.0000,-0.7931,0.6552,0.0000,0.471518,0.035000
XY,0.0000,-0.7931,0.7241,0.0000,0.497636,0.025000
XY,0.0000,-0.7931,0.7931,0.0000,0.510438,0.014000
XY,0.0000,-0.7931,0.8621,0.0000,0.514013,0.038000
XY,0.0000,-0.7931,0.9310,0.0000,0.500723,0.117000
XY,0.0000,-0.7931,1.0000,0.0000,0.481183,0.197000
XY,0.0000,-0.7241,-1.0000,0.0000,0.536937,0.281000
XY,0.0000,-0.7241,-0.9310,0.0000,0.527952,0.316000
XY,0.0000,-0.7241,-0.8621,0.0000,0.514378,0.094000
XY,0.0000,-0.7241,-0.7931,0.0000,0.491385,0.014000
XY,0.0000,-0.7241,-0.7241,0.0000,0.504662,0.096000
XY,0.0000,-0.7241,-0.6552,0.0000,0.497808,0.228000
XY,0.0000,-0.7241,-0.5862,0.0000,0.484717,0.354000
XY,0.0000,-0.7241,-0.5172,0.0000,0.481969,0.485000
XY,0.0000,-0.7241,-0.4483,0.0000,0.458600,0.563000
XY,0.0000,-0.7241,-0.3793,0.0000,0.403797,0.629000
XY,0.0000,-0.7241,-0.3103,0.0000,0.305038,0.724000
XY,0.0000,-0.7241,-0.2414,0.0000,0.231513,0.627000
XY,0.0000,-0.7241,-0.1724,0.0000,0.252666,0.383000
XY,0.0000,-0.7241,-0.1034,0.0000,0.318973,0.188000
XY,0.0000,-0.7241,-0.0345,0.0000,0.420018,0.116000
XY,0.0000,-0.7241,0.0345,0.0000,0.508924,0.148000
XY,0.0000,-0.7241,0.1034,0.0000,0.521668,0.227000
XY,0.0000,-0.7241,0.1724,0.0000,0.434073,0.308000
XY,0.0000,-0.7241,0.2414,0.0000,0.291090,0.303000
XY,0.0000,-0.7241,0.3103,0.0000,0.181713,0.286000
XY,0.0000,-0.7241,0.3793,0.0000,0.213019,0.196000
XY,0.0000,-0.7241,0.4483,0.0000,0.318991,0.142000
XY,0.0000,-0.7241,0.5172,0.0000,0.418037,0.075000
XY,0.0000,-0.7241,0.5862,0.0000,0.482243,0.058000
XY,0.0000,-0.7241,0.6552,0.0000,0.513759,0.028000
XY,0.0000,-0.7241,0.7241,0.0000,0.532916,0.024000
XY,0.0000,-0.7241,0.7931,0.0000,0.537638,0.041000
XY,0.0000,-0.7241,0.8621,0.0000,0.525663,0.117000
XY,0.0000,-0.7241,0.9310,0.0000,0.505774,0.187000
XY,0.0000,-0.7241,1.0000,0.0000,0.486239,0.269000
XY,0.0000,-0.6552,-1.0000,0.0000,0.547410,0.337000
XY,0.0000,-0.6552,-0.9310,0.0000,0.527294,0.362000
XY,0.0000,-0.6552,-0.8621,0.0000,0.513798,0.094000
XY,0.0000,-0.6552,-0.7931,0.0000,0.489439,0.018000
XY,0.0000,-0.6552,-0.7241,0.0000,0.467551,0.135000
XY,0.0000,-0.6552,-0.6552,0.0000,0.430718,0.333000
XY,0.0000,-0.6552,-0.5862,0.0000,0.420091,0.495000
XY,0.0000,-0.6552,-0.5172,0.0000,0.434639,0.555000
XY,0.0000,-0.6552,-0.4483,0.0000,0.422923,0.567000
XY,0.0000,-0.6552,-0.3793,0.0000,0.378287,0.640000
XY,0.0000,-0.6552,-0.3103,0.0000,0.303983,0.696000
XY,0.0000,-0.6552,-0.2414,0.0000,0.278812,0.570000
XY,0.0000,-0.6552,-0.1724,0.0000,0.322419,0.332000
XY,0.0000,-0.6552,-0.1034,0.0000,0.416139,0.194000
XY,0.0000,-0.6552,-0.0345,0.0000,0.490001,0.121000
XY,0.0000,-0.6552,0.0345,0.0000,0.508507,0.152000
XY,0.0000,-0.6552,0.1034,0.0000,0.450420,0.246000
XY,0.0000,-0.6552,0.1724,0.0000,0.326747,0.312000
XY,0.0000,-0.6552,0.2414,0.0000,0.210247,0.257000
XY,0.0000,-0.6552,0.3103,0.0000,0.235304,0.210000
XY,0.0000,-0.6552,0.3793,0.0000,0.342942,0.133000
XY,0.0000,-0.6552,0.4483,0.0000,0.444788,0.102000
XY,0.0000,-0.6552,0.5172,0.0000,0.512014,0.074000
XY,0.0000,-0.6552,0.5862,0.0000,0.541672,0.044000
XY,0.0000,-0.6552,0.6552,0.0000,0.552096,0.032000
XY,0.0000,-0.6552,0.7241,0.0000,0.553180,0.048000
XY,0.0000,-0.6552,0.7931,0.0000,0.542869,0.101000
XY,0.0000,-0.6552,0.8621,0.0000,0.524828,0.184000
XY,0.0000,-0.6552,0.9310,0.0000,0.506333,0.209000
XY,0.0000,-0.6552,1.0000,0.0000,0.493508,0.238000
XY,0.0000,-0.5862,-1.0000,0.0000,0.515423,0.306000
XY,0.0000,-0.5862,-0.9310,0.0000,0.490474,0.365000
XY,0.0000,-0.5862,-0.8621,0.0000,0.484533,0.109000
XY,0.0000,-0.5862,-0.7931,0.0000,0.484909,0.027000
XY,0.0000,-0.5862,-0.7241,0.0000,0.438196,0.223000
XY,0.0000,-0.5862,-0.6552,0.0000,0.374762,0.381000
XY,0.0000,-0.5862,-0.5862,0.0000,0.390276,0.537000
XY,0.0000,-0.5862,-0.5172,0.0000,0.425158,0.552000
XY,0.0000,-0.5862,-0.4483,0.0000,0.420024,0.473000
XY,0.0000,-0.5862,-0.3793,0.0000,0.378780,0.512000
XY,0.0000,-0.5862,-0.3103,0.0000,0.316840,0.491000
XY,0.0000,-0.5862,-0.2414,0.0000,0.318011,0.430000
XY,0.0000,-0.5862,-0.1724,0.0000,0.409209,0.287000
XY,0.0000,-0.5862,-0.1034,0.0000,0.503715,0.149000
XY,0.0000,-0.5862,-0.0345,0.0000,0.500499,0.090000
XY,0.0000,-0.5862,0.0345,0.0000,0.442372,0.171000
XY,0.0000,-0.5862,0.1034,0.0000,0.342835,0.254000
XY,0.0000,-0.5862,0.1724,0.0000,0.237117,0.244000
XY,0.0000,-0.5862,0.2414,0.0000,0.247460,0.195000
XY,0.0000,-0.5862,0.3103,0.0000,0.357506,0.119000
XY,0.0000,-0.5862,0.3793,0.0000,0.463516,0.081000
XY,0.0000,-0.5862,0.4483,0.0000,0.535022,0.102000
XY,0.0000,-0.5862,0.5172,0.0000,0.563230,0.065000
XY,0.0000,-0.5862,0.5862,0.0000,0.562987,0.030000
XY,0.0000,-0.5862,0.6552,0.0000,0.554427,0.047000
XY,0.0000,-0.5862,0.7241,0.0000,0.542705,0.089000
XY,0.0000,-0.5862,0.7931,0.0000,0.527379,0.162000
XY,0.0000,-0.5862,0.8621,0.0000,0.511908,0.216000
XY,0.0000,-0.5862,0.9310,0.0000,0.501584,0.229000
XY,0.0000,-0.5862,1.0000,0.0000,0.500323,0.179000
XY,0.0000,-0.5172,-1.0000,0.0000,0.448784,0.209000
XY,0.0000,-0.5172,-0.9310,0.0000,0.426144,0.308000
XY,0.0000,-0.5172,-0.8621,0.0000,0.423310,0.105000
XY,0.0000,-0.5172,-0.7931,0.0000,0.486235,0.064000
XY,0.0000,-0.5172,-0.7241,0.0000,0.447646,0.317000
XY,0.0000,-0.5172,-0.6552,0.0000,0.402226,0.383000
XY,0.0000,-0.5172,-0.5862,0.0000,0.420485,0.542000
XY,0.0000,-0.5172,-0.5172,0.0000,0.443776,0.438000
XY,0.0000,-0.5172,-0.4483,0.0000,0.422922,0.291000
XY,0.0000,-0.5172,-0.3793,0.0000,0.367193,0.306000
XY,0.0000,-0.5172,-0.3103,0.0000,0.301191,0.342000
XY,0.0000,-0.5172,-0.2414,0.0000,0.388787,0.308000
XY,0.0000,-0.5172,-0.1724,0.0000,0.516943,0.222000
XY,0.0000,-0.5172,-0.1034,0.0000,0.552283,0.154000
XY,0.0000,-0.5172,-0.0345,0.0000,0.458158,0.142000
XY,0.0000,-0.5172,0.0345,0.0000,0.345595,0.209000
XY,0.0000,-0.5172,0.1034,0.0000,0.249440,0.268000
XY,0.0000,-0.5172,0.1724,0.0000,0.238070,0.184000
XY,0.0000,-0.5172,0.2414,0.0000,0.347689,0.113000
XY,0.0000,-0.5172,0.3103,0.0000,0.457369,0.084000
XY,0.0000,-0.5172,0.3793,0.0000,0.533192,0.092000
XY,0.0000,-0.5172,0.4483,0.0000,0.564336,0.077000
XY,0.0000,-0.5172,0.5172,0.0000,0.558681,0.031000
XY,0.0000,-0.5172,0.5862,0.0000,0.539094,0.040000
XY,0.0000,-0.5172,0.6552,0.0000,0.522053,0.102000
XY,0.0000,-0.5172,0.7241,0.0000,0.508011,0.180000
XY,0.0000,-0.5172,0.7931,0.0000,0.496248,0.179000
XY,0.0000,-0.5172,0.8621,0.0000,0.489639,0.204000
XY,0.0000,-0.5172,0.9310,0.0000,0.491469,0.189000
XY,0.0000,-0.5172,1.0000,0.0000,0.502511,0.119000
XY,0.0000,-0.4483,-1.0000,0.0000,0.423016,0.111000
XY,0.0000,-0.4483,-0.9310,0.0000,0.440296,0.198000
XY,0.0000,-0.4483,-0.8621,0.0000,0.473700,0.118000
XY,0.0000,-0.4483,-0.7931,0.0000,0.491247,0.114000
XY,0.0000,-0.4483,-0.7241,0.0000,0.466652,0.350000
XY,0.0000,-0.4483,-0.6552,0.0000,0.427658,0.346000
XY,0.0000,-0.4483,-0.5862,0.0000,0.441188,0.442000
XY,0.0000,-0.4483,-0.5172,0.0000,0.439306,0.337000
XY,0.0000,-0.4483,-0.4483,0.0000,0.393027,0.264000
XY,0.0000,-0.4483,-0.3793,0.0000,0.322055,0.225000
XY,0.0000,-0.4483,-0.3103,0.0000,0.372452,0.279000
XY,0.0000,-0.4483,-0.2414,0.0000,0.502753,0.269000
XY,0.0000,-0.4483,-0.1724,0.0000,0.605926,0.214000
XY,0.0000,-0.4483,-0.1034,0.0000,0.553636,0.185000
XY,0.0000,-0.4483,-0.0345,0.0000,0.386308,0.216000
XY,0.0000,-0.4483,0.0345,0.0000,0.257952,0.275000
XY,0.0000,-0.4483,0.1034,0.0000,0.207971,0.249000
XY,0.0000,-0.4483,0.1724,0.0000,0.308920,0.171000
XY,0.0000,-0.4483,0.2414,0.0000,0.422356,0.099000
XY,0.0000,-0.4483,0.3103,0.0000,0.499110,0.075000
XY,0.0000,-0.4483,0.3793,0.0000,0.533646,0.052000
XY,0.0000,-0.4483,0.4483,0.0000,0.530105,0.024000
XY,0.0000,-0.4483,0.5172,0.0000,0.505800,0.030000
XY,0.0000,-0.4483,0.5862,0.0000,0.492025,0.091000
XY,0.0000,-0.4483,0.6552,0.0000,0.481009,0.169000
XY,0.0000,-0.4483,0.7241,0.0000,0.469847,0.183000
XY,0.0000,-0.4483,0.7931,0.0000,0.463279,0.188000
XY,0.0000,-0.4483,0.8621,0.0000,0.465310,0.145000
XY,0.0000,-0.4483,0.9310,0.0000,0.476737,0.113000
XY,0.0000,-0.4483,1.0000,0.0000,0.494628,0.063000
XY,0.0000,-0.3793,-1.0000,0.0000,0.468722,0.053000
XY,0.0000,-0.3793,-0.9310,0.0000,0.513183,0.105000
XY,0.0000,-0.3793,-0.8621,0.0000,0.514875,0.103000
XY,0.0000,-0.3793,-0.7931,0.0000,0.496794,0.148000
XY,0.0000,-0.3793,-0.7241,0.0000,0.480336,0.331000
XY,0.0000,-0.3793,-0.6552,0.0000,0.427307,0.279000
XY,0.0000,-0.3793,-0.5862,0.0000,0.422848,0.390000
XY,0.0000,-0.3793,-0.5172,0.0000,0.392584,0.468000
XY,0.0000,-0.3793,-0.4483,0.0000,0.337073,0.375000
XY,0.0000,-0.3793,-0.3793,0.0000,0.375025,0.346000
XY,0.0000,-0.3793,-0.3103,0.0000,0.479319,0.381000
XY,0.0000,-0.3793,-0.2414,0.0000,0.601802,0.313000
XY,0.0000,-0.3793,-0.1724,0.0000,0.645512,0.204000
XY,0.0000,-0.3793,-0.1034,0.0000,0.508874,0.255000
XY,0.0000,-0.3793,-0.0345,0.0000,0.306484,0.306000
XY,0.0000,-0.3793,0.0345,0.0000,0.207914,0.337000
XY,0.0000,-0.3793,0.1034,0.0000,0.279899,0.284000
XY,0.0000,-0.3793,0.1724,0.0000,0.391955,0.147000
XY,0.0000,-0.3793,0.2414,0.0000,0.464336,0.083000
XY,0.0000,-0.3793,0.3103,0.0000,0.496404,0.052000
XY,0.0000,-0.3793,0.3793,0.0000,0.522686,0.030000
XY,0.0000,-0.3793,0.4483,0.0000,0.543810,0.034000
XY,0.0000,-0.3793,0.5172,0.0000,0.540379,0.094000
XY,0.0000,-0.3793,0.5862,0.0000,0.523878,0.173000
XY,0.0000,-0.3793,0.6552,0.0000,0.503657,0.216000
XY,0.0000,-0.3793,0.7241,0.0000,0.485438,0.200000
XY,0.0000,-0.3793,0.7931,0.0000,0.473850,0.160000
XY,0.0000,-0.3793,0.8621,0.0000,0.471638,0.125000
XY,0.0000,-0.3793,0.9310,0.0000,0.477509,0.060000
XY,0.0000,-0.3793,1.0000,0.0000,0.486936,0.021000
XY,0.0000,-0.3103,-1.0000,0.0000,0.519804,0.107000
XY,0.0000,-0.3103,-0.9310,0.0000,0.571029,0.072000
XY,0.0000,-0.3103,-0.8621,0.0000,0.533899,0.097000
XY,0.0000,-0.3103,-0.7931,0.0000,0.500376,0.128000
XY,0.0000,-0.3103,-0.7241,0.0000,0.476335,0.306000
XY,0.0000,-0.3103,-0.6552,0.0000,0.392790,0.219000
XY,0.0000,-0.3103,-0.5862,0.0000,0.366261,0.385000
XY,0.0000,-0.3103,-0.5172,0.0000,0.327581,0.533000
XY,0.0000,-0.3103,-0.4483,0.0000,0.381557,0.503000
XY,0.0000,-0.3103,-0.3793,0.0000,0.463507,0.533000
XY,0.0000,-0.3103,-0.3103,0.0000,0.563528,0.526000
XY,0.0000,-0.3103,-0.2414,0.0000,0.651469,0.379000
XY,0.0000,-0.3103,-0.1724,0.0000,0.623933,0.249000
XY,0.0000,-0.3103,-0.1034,0.0000,0.430695,0.319000
XY,0.0000,-0.3103,-0.0345,0.0000,0.273458,0.379000
XY,0.0000,-0.3103,0.0345,0.0000,0.347970,0.403000
XY,0.0000,-0.3103,0.1034,0.0000,0.453423,0.309000
XY,0.0000,-0.3103,0.1724,0.0000,0.529095,0.196000
XY,0.0000,-0.3103,0.2414,0.0000,0.572604,0.116000
XY,0.0000,-0.3103,0.3103,0.0000,0.604884,0.098000
XY,0.0000,-0.3103,0.3793,0.0000,0.625221,0.091000
XY,0.0000,-0.3103,0.4483,0.0000,0.624225,0.149000
XY,0.0000,-0.3103,0.5172,0.0000,0.607433,0.221000
XY,0.0000,-0.3103,0.5862,0.0000,0.585112,0.292000
XY,0.0000,-0.3103,0.6552,0.0000,0.564420,0.287000
XY,0.0000,-0.3103,0.7241,0.0000,0.549474,0.226000
XY,0.0000,-0.3103,0.7931,0.0000,0.542100,0.173000
XY,0.0000,-0.3103,0.8621,0.0000,0.541420,0.095000
XY,0.0000,-0.3103,0.9310,0.0000,0.545034,0.061000
XY,0.0000,-0.3103,1.0000,0.0000,0.552007,0.038000
XY,0.0000,-0.2414,-1.0000,0.0000,0.546957,0.212000
XY,0.0000,-0.2414,-0.9310,0.0000,0.589808,0.108000
XY,0.0000,-0.2414,-0.8621,0.0000,0.526635,0.082000
XY,0.0000,-0.2414,-0.7931,0.0000,0.500366,0.045000
XY,0.0000,-0.2414,-0.7241,0.0000,0.449669,0.200000
XY,0.0000,-0.2414,-0.6552,0.0000,0.345619,0.189000
XY,0.0000,-0.2414,-0.5862,0.0000,0.348331,0.396000
XY,0.0000,-0.2414,-0.5172,0.0000,0.400265,0.530000
XY,0.0000,-0.2414,-0.4483,0.0000,0.461863,0.549000
XY,0.0000,-0.2414,-0.3793,0.0000,0.529304,0.564000
XY,0.0000,-0.2414,-0.3103,0.0000,0.604341,0.550000
XY,0.0000,-0.2414,-0.2414,0.0000,0.642565,0.428000
XY,0.0000,-0.2414,-0.1724,0.0000,0.554954,0.279000
XY,0.0000,-0.2414,-0.1034,0.0000,0.380960,0.335000
XY,0.0000,-0.2414,-0.0345,0.0000,0.447201,0.460000
XY,0.0000,-0.2414,0.0345,0.0000,0.568351,0.505000
XY,0.0000,-0.2414,0.1034,0.0000,0.653765,0.386000
XY,0.0000,-0.2414,0.1724,0.0000,0.693489,0.286000
XY,0.0000,-0.2414,0.2414,0.0000,0.709088,0.197000
XY,0.0000,-0.2414,0.3103,0.0000,0.716283,0.195000
XY,0.0000,-0.2414,0.3793,0.0000,0.713021,0.242000
XY,0.0000,-0.2414,0.4483,0.0000,0.697649,0.295000
XY,0.0000,-0.2414,0.5172,0.0000,0.675986,0.335000
XY,0.0000,-0.2414,0.5862,0.0000,0.655721,0.400000
XY,0.0000,-0.2414,0.6552,0.0000,0.642041,0.369000
XY,0.0000,-0.2414,0.7241,0.0000,0.636321,0.284000
XY,0.0000,-0.2414,0.7931,0.0000,0.636164,0.218000
XY,0.0000,-0.2414,0.8621,0.0000,0.637315,0.140000
XY,0.0000,-0.2414,0.9310,0.0000,0.637477,0.123000
XY,0.0000,-0.2414,1.0000,0.0000,0.637959,0.087000
XY,0.0000,-0.1724,-1.0000,0.0000,0.540927,0.362000
XY,0.0000,-0.1724,-0.9310,0.0000,0.564242,0.199000
XY,0.0000,-0.1724,-0.8621,0.0000,0.502076,0.114000
XY,0.0000,-0.1724,-0.7931,0.0000,0.496883,0.022000
XY,0.0000,-0.1724,-0.7241,0.0000,0.406567,0.121000
XY,0.0000,-0.1724,-0.6552,0.0000,0.405574,0.214000
XY,0.0000,-0.1724,-0.5862,0.0000,0.449455,0.397000
XY,0.0000,-0.1724,-0.5172,0.0000,0.480671,0.423000
XY,0.0000,-0.1724,-0.4483,0.0000,0.518463,0.490000
XY,0.0000,-0.1724,-0.3793,0.0000,0.561302,0.480000
XY,0.0000,-0.1724,-0.3103,0.0000,0.602871,0.439000
XY,0.0000,-0.1724,-0.2414,0.0000,0.595132,0.401000
XY,0.0000,-0.1724,-0.1724,0.0000,0.499238,0.237000
XY,0.0000,-0.1724,-0.1034,0.0000,0.529026,0.361000
XY,0.0000,-0.1724,-0.0345,0.0000,0.673262,0.573000
XY,0.0000,-0.1724,0.0345,0.0000,0.782630,0.657000
XY,0.0000,-0.1724,0.1034,0.0000,0.825750,0.512000
XY,0.0000,-0.1724,0.1724,0.0000,0.822596,0.377000
XY,0.0000,-0.1724,0.2414,0.0000,0.805592,0.334000
XY,0.0000,-0.1724,0.3103,0.0000,0.788725,0.322000
XY,0.0000,-0.1724,0.3793,0.0000,0.771338,0.344000
XY,0.0000,-0.1724,0.4483,0.0000,0.752531,0.432000
XY,0.0000,-0.1724,0.5172,0.0000,0.735712,0.461000
XY,0.0000,-0.1724,0.5862,0.0000,0.725624,0.449000
XY,0.0000,-0.1724,0.6552,0.0000,0.724234,0.449000
XY,0.0000,-0.1724,0.7241,0.0000,0.728588,0.387000
XY,0.0000,-0.1724,0.7931,0.0000,0.732097,0.305000
XY,0.0000,-0.1724,0.8621,0.0000,0.729258,0.245000
XY,0.0000,-0.1724,0.9310,0.0000,0.720231,0.195000
XY,0.0000,-0.1724,1.0000,0.0000,0.709832,0.181000
XY,0.0000,-0.1034,-1.0000,0.0000,0.510194,0.438000
XY,0.0000,-0.1034,-0.9310,0.0000,0.515510,0.279000
XY,0.0000,-0.1034,-0.8621,0.0000,0.483817,0.121000
XY,0.0000,-0.1034,-0.7931,0.0000,0.492555,0.004000
XY,0.0000,-0.1034,-0.7241,0.0000,0.458282,0.162000
XY,0.0000,-0.1034,-0.6552,0.0000,0.482448,0.279000
XY,0.0000,-0.1034,-0.5862,0.0000,0.507537,0.409000
XY,0.0000,-0.1034,-0.5172,0.0000,0.521266,0.378000
XY,0.0000,-0.1034,-0.4483,0.0000,0.539678,0.433000
XY,0.0000,-0.1034,-0.3793,0.0000,0.561490,0.401000
XY,0.0000,-0.1034,-0.3103,0.0000,0.575635,0.386000
XY,0.0000,-0.1034,-0.2414,0.0000,0.553852,0.349000
XY,0.0000,-0.1034,-0.1724,0.0000,0.563740,0.243000
XY,0.0000,-0.1034,-0.1034,0.0000,0.709909,0.434000
XY,0.0000,-0.1034,-0.0345,0.0000,0.860570,0.781000
XY,0.0000,-0.1034,0.0345,0.0000,0.932328,0.817000
XY,0.0000,-0.1034,0.1034,0.0000,0.924291,0.649000
XY,0.0000,-0.1034,0.1724,0.0000,0.881606,0.492000
XY,0.0000,-0.1034,0.2414,0.0000,0.840546,0.452000
XY,0.0000,-0.1034,0.3103,0.0000,0.811902,0.430000
XY,0.0000,-0.1034,0.3793,0.0000,0.793591,0.433000
XY,0.0000,-0.1034,0.4483,0.0000,0.782904,0.473000
XY,0.0000,-0.1034,0.5172,0.0000,0.779997,0.530000
XY,0.0000,-0.1034,0.5862,0.0000,0.785524,0.517000
XY,0.0000,-0.1034,0.6552,0.0000,0.796902,0.502000
XY,0.0000,-0.1034,0.7241,0.0000,0.807036,0.468000
XY,0.0000,-0.1034,0.7931,0.0000,0.807578,0.418000
XY,0.0000,-0.1034,0.8621,0.0000,0.795135,0.356000
XY,0.0000,-0.1034,0.9310,0.0000,0.774302,0.282000
XY,0.0000,-0.1034,1.0000,0.0000,0.753498,0.224000
XY,0.0000,-0.0345,-1.0000,0.0000,0.491315,0.392000
XY,0.0000,-0.0345,-0.9310,0.0000,0.493461,0.353000
XY,0.0000,-0.0345,-0.8621,0.0000,0.492896,0.140000
XY,0.0000,-0.0345,-0.7931,0.0000,0.496693,0.006000
XY,0.0000,-0.0345,-0.7241,0.0000,0.498372,0.170000
XY,0.0000,-0.0345,-0.6552,0.0000,0.504328,0.359000
XY,0.0000,-0.0345,-0.5862,0.0000,0.509712,0.359000
XY,0.0000,-0.0345,-0.5172,0.0000,0.514695,0.357000
XY,0.0000,-0.0345,-0.4483,0.0000,0.521835,0.406000
XY,0.0000,-0.0345,-0.3793,0.0000,0.529193,0.385000
XY,0.0000,-0.0345,-0.3103,0.0000,0.531096,0.370000
XY,0.0000,-0.0345,-0.2414,0.0000,0.542182,0.326000
XY,0.0000,-0.0345,-0.1724,0.0000,0.648411,0.308000
XY,0.0000,-0.0345,-0.1034,0.0000,0.830176,0.586000
XY,0.0000,-0.0345,-0.0345,0.0000,0.965446,0.924000
XY,0.0000,-0.0345,0.0345,0.0000,0.989612,0.941000
XY,0.0000,-0.0345,0.1034,0.0000,0.936235,0.732000
XY,0.0000,-0.0345,0.1724,0.0000,0.868275,0.540000
XY,0.0000,-0.0345,0.2414,0.0000,0.819105,0.488000
XY,0.0000,-0.0345,0.3103,0.0000,0.793708,0.453000
XY,0.0000,-0.0345,0.3793,0.0000,0.786791,0.492000
XY,0.0000,-0.0345,0.4483,0.0000,0.792786,0.531000
XY,0.0000,-0.0345,0.5172,0.0000,0.807904,0.524000
XY,0.0000,-0.0345,0.5862,0.0000,0.828242,0.539000
XY,0.0000,-0.0345,0.6552,0.0000,0.847267,0.570000
XY,0.0000,-0.0345,0.7241,0.0000,0.855959,0.549000
XY,0.0000,-0.0345,0.7931,0.0000,0.847512,0.472000
XY,0.0000,-0.0345,0.8621,0.0000,0.823159,0.393000
XY,0.0000,-0.0345,0.9310,0.0000,0.792113,0.299000
XY,0.0000,-0.0345,1.0000,0.0000,0.764951,0.302000
XY,0.0000,0.0345,-1.0000,0.0000,0.509361,0.367000
XY,0.0000,0.0345,-0.9310,0.0000,0.503838,0.333000
XY,0.0000,0.0345,-0.8621,0.0000,0.497976,0.132000
XY,0.0000,0.0345,-0.7931,0.0000,0.496538,0.007000
XY,0.0000,0.0345,-0.7241,0.0000,0.492863,0.171000
XY,0.0000,0.0345,-0.6552,0.0000,0.493540,0.337000
XY,0.0000,0.0345,-0.5862,0.0000,0.490887,0.412000
XY,0.0000,0.0345,-0.5172,0.0000,0.483367,0.380000
XY,0.0000,0.0345,-0.4483,0.0000,0.474623,0.379000
XY,0.0000,0.0345,-0.3793,0.0000,0.466628,0.428000
XY,0.0000,0.0345,-0.3103,0.0000,0.470778,0.432000
XY,0.0000,0.0345,-0.2414,0.0000,0.528290,0.361000
XY,0.0000,0.0345,-0.1724,0.0000,0.682926,0.415000
XY,0.0000,0.0345,-0.1034,0.0000,0.879094,0.570000
XY,0.0000,0.0345,-0.0345,0.0000,0.989315,0.922000
XY,0.0000,0.0345,0.0345,0.0000,0.968489,0.941000
XY,0.0000,0.0345,0.1034,0.0000,0.884917,0.736000
XY,0.0000,0.0345,0.1724,0.0000,0.809616,0.584000
XY,0.0000,0.0345,0.2414,0.0000,0.767430,0.520000
XY,0.0000,0.0345,0.3103,0.0000,0.756276,0.477000
XY,0.0000,0.0345,0.3793,0.0000,0.767081,0.450000
XY,0.0000,0.0345,0.4483,0.0000,0.790930,0.488000
XY,0.0000,0.0345,0.5172,0.0000,0.820413,0.487000
XY,0.0000,0.0345,0.5862,0.0000,0.848575,0.494000
XY,0.0000,0.0345,0.6552,0.0000,0.867244,0.516000
XY,0.0000,0.0345,0.7241,0.0000,0.868127,0.534000
XY,0.0000,0.0345,0.7931,0.0000,0.848160,0.497000
XY,0.0000,0.0345,0.8621,0.0000,0.813613,0.409000
XY,0.0000,0.0345,0.9310,0.0000,0.776810,0.341000
XY,0.0000,0.0345,1.0000,0.0000,0.748535,0.306000
XY,0.0000,0.1034,-1.0000,0.0000,0.506174,0.392000
XY,0.0000,0.1034,-0.9310,0.0000,0.480284,0.278000
XY,0.0000,0.1034,-0.8621,0.0000,0.457133,0.140000
XY,0.0000,0.1034,-0.7931,0.0000,0.490277,0.005000
XY,0.0000,0.1034,-0.7241,0.0000,0.486271,0.136000
XY,0.0000,0.1034,-0.6552,0.0000,0.517174,0.306000
XY,0.0000,0.1034,-0.5862,0.0000,0.508225,0.428000
XY,0.0000,0.1034,-0.5172,0.0000,0.479631,0.432000
XY,0.0000,0.1034,-0.4483,0.0000,0.452955,0.362000
XY,0.0000,0.1034,-0.3793,0.0000,0.434349,0.467000
XY,0.0000,0.1034,-0.3103,0.0000,0.443228,0.393000
XY,0.0000,0.1034,-0.2414,0.0000,0.517897,0.427000
XY,0.0000,0.1034,-0.1724,0.0000,0.688586,0.401000
XY,0.0000,0.1034,-0.1034,0.0000,0.885155,0.489000
XY,0.0000,0.1034,-0.0345,0.0000,0.965627,0.777000
XY,0.0000,0.1034,0.0345,0.0000,0.909049,0.851000
XY,0.0000,0.1034,0.1034,0.0000,0.811410,0.697000
XY,0.0000,0.1034,0.1724,0.0000,0.741671,0.598000
XY,0.0000,0.1034,0.2414,0.0000,0.713288,0.521000
XY,0.0000,0.1034,0.3103,0.0000,0.718137,0.462000
XY,0.0000,0.1034,0.3793,0.0000,0.744229,0.455000
XY,0.0000,0.1034,0.4483,0.0000,0.779741,0.433000
XY,0.0000,0.1034,0.5172,0.0000,0.814957,0.434000
XY,0.0000,0.1034,0.5862,0.0000,0.842161,0.432000
XY,0.0000,0.1034,0.6552,0.0000,0.853929,0.480000
XY,0.0000,0.1034,0.7241,0.0000,0.844454,0.473000
XY,0.0000,0.1034,0.7931,0.0000,0.814707,0.420000
XY,0.0000,0.1034,0.8621,0.0000,0.774464,0.402000
XY,0.0000,0.1034,0.9310,0.0000,0.736982,0.317000
XY,0.0000,0.1034,1.0000,0.0000,0.711832,0.274000
XY,0.0000,0.1724,-1.0000,0.0000,0.446501,0.405000
XY,0.0000,0.1724,-0.9310,0.0000,0.402789,0.206000
XY,0.0000,0.1724,-0.8621,0.0000,0.421215,0.162000
XY,0.0000,0.1724,-0.7931,0.0000,0.493033,0.022000
XY,0.0000,0.1724,-0.7241,0.0000,0.508356,0.125000
XY,0.0000,0.1724,-0.6552,0.0000,0.565663,0.220000
XY,0.0000,0.1724,-0.5862,0.0000,0.537644,0.369000
XY,0.0000,0.1724,-0.5172,0.0000,0.502563,0.343000
XY,0.0000,0.1724,-0.4483,0.0000,0.476460,0.358000
XY,0.0000,0.1724,-0.3793,0.0000,0.460558,0.478000
XY,0.0000,0.1724,-0.3103,0.0000,0.464860,0.407000
XY,0.0000,0.1724,-0.2414,0.0000,0.529558,0.425000
XY,0.0000,0.1724,-0.1724,0.0000,0.693747,0.368000
XY,0.0000,0.1724,-0.1034,0.0000,0.875268,0.408000
XY,0.0000,0.1724,-0.0345,0.0000,0.924607,0.581000
XY,0.0000,0.1724,0.0345,0.0000,0.844311,0.660000
XY,0.0000,0.1724,0.1034,0.0000,0.743702,0.592000
XY,0.0000,0.1724,0.1724,0.0000,0.682443,0.555000
XY,0.0000,0.1724,0.2414,0.0000,0.664520,0.497000
XY,0.0000,0.1724,0.3103,0.0000,0.679277,0.419000
XY,0.0000,0.1724,0.3793,0.0000,0.713401,0.343000
XY,0.0000,0.1724,0.4483,0.0000,0.752544,0.325000
XY,0.0000,0.1724,0.5172,0.0000,0.785670,0.291000
XY,0.0000,0.1724,0.5862,0.0000,0.806048,0.323000
XY,0.0000,0.1724,0.6552,0.0000,0.808622,0.334000
XY,0.0000,0.1724,0.7241,0.0000,0.790642,0.314000
XY,0.0000,0.1724,0.7931,0.0000,0.755906,0.285000
XY,0.0000,0.1724,0.8621,0.0000,0.715275,0.298000
XY,0.0000,0.1724,0.9310,0.0000,0.681078,0.239000
XY,0.0000,0.1724,1.0000,0.0000,0.661225,0.222000
XY,0.0000,0.2414,-1.0000,0.0000,0.344280,0.404000
XY,0.0000,0.2414,-0.9310,0.0000,0.348750,0.195000
XY,0.0000,0.2414,-0.8621,0.0000,0.460376,0.196000
XY,0.0000,0.2414,-0.7931,0.0000,0.496531,0.044000
XY,0.0000,0.2414,-0.7241,0.0000,0.534861,0.104000
XY,0.0000,0.2414,-0.6552,0.0000,0.589186,0.126000
XY,0.0000,0.2414,-0.5862,0.0000,0.543550,0.225000
XY,0.0000,0.2414,-0.5172,0.0000,0.517546,0.307000
XY,0.0000,0.2414,-0.4483,0.0000,0.499639,0.322000
XY,0.0000,0.2414,-0.3793,0.0000,0.487721,0.396000
XY,0.0000,0.2414,-0.3103,0.0000,0.489589,0.355000
XY,0.0000,0.2414,-0.2414,0.0000,0.546217,0.397000
XY,0.0000,0.2414,-0.1724,0.0000,0.695221,0.325000
XY,0.0000,0.2414,-0.1034,0.0000,0.850632,0.303000
XY,0.0000,0.2414,-0.0345,0.0000,0.873450,0.413000
XY,0.0000,0.2414,0.0345,0.0000,0.783469,0.476000
XY,0.0000,0.2414,0.1034,0.0000,0.685869,0.470000
XY,0.0000,0.2414,0.1724,0.0000,0.628543,0.440000
XY,0.0000,0.2414,0.2414,0.0000,0.612461,0.387000
XY,0.0000,0.2414,0.3103,0.0000,0.629155,0.263000
XY,0.0000,0.2414,0.3793,0.0000,0.664882,0.195000
XY,0.0000,0.2414,0.4483,0.0000,0.702288,0.163000
XY,0.0000,0.2414,0.5172,0.0000,0.729473,0.180000
XY,0.0000,0.2414,0.5862,0.0000,0.741715,0.201000
XY,0.0000,0.2414,0.6552,0.0000,0.737020,0.197000
XY,0.0000,0.2414,0.7241,0.0000,0.715337,0.189000
XY,0.0000,0.2414,0.7931,0.0000,0.681448,0.202000
XY,0.0000,0.2414,0.8621,0.0000,0.645014,0.151000
XY,0.0000,0.2414,0.9310,0.0000,0.616283,0.130000
XY,0.0000,0.2414,1.0000,0.0000,0.601842,0.133000
XY,0.0000,0.3103,-1.0000,0.0000,0.367728,0.393000
XY,0.0000,0.3103,-0.9310,0.0000,0.395891,0.229000
XY,0.0000,0.3103,-0.8621,0.0000,0.483080,0.297000
XY,0.0000,0.3103,-0.7931,0.0000,0.497501,0.095000
XY,0.0000,0.3103,-0.7241,0.0000,0.540957,0.092000
XY,0.0000,0.3103,-0.6552,0.0000,0.568140,0.084000
XY,0.0000,0.3103,-0.5862,0.0000,0.517435,0.088000
XY,0.0000,0.3103,-0.5172,0.0000,0.507591,0.158000
XY,0.0000,0.3103,-0.4483,0.0000,0.497722,0.199000
XY,0.0000,0.3103,-0.3793,0.0000,0.489682,0.247000
XY,0.0000,0.3103,-0.3103,0.0000,0.493938,0.278000
XY,0.0000,0.3103,-0.2414,0.0000,0.547763,0.307000
XY,0.0000,0.3103,-0.1724,0.0000,0.677892,0.267000
XY,0.0000,0.3103,-0.1034,0.0000,0.802769,0.249000
XY,0.0000,0.3103,-0.0345,0.0000,0.809617,0.299000
XY,0.0000,0.3103,0.0345,0.0000,0.726204,0.279000
XY,0.0000,0.3103,0.1034,0.0000,0.637813,0.316000
XY,0.0000,0.3103,0.1724,0.0000,0.579353,0.303000
XY,0.0000,0.3103,0.2414,0.0000,0.554648,0.231000
XY,0.0000,0.3103,0.3103,0.0000,0.564080,0.123000
XY,0.0000,0.3103,0.3793,0.0000,0.596613,0.089000
XY,0.0000,0.3103,0.4483,0.0000,0.630061,0.074000
XY,0.0000,0.3103,0.5172,0.0000,0.651177,0.064000
XY,0.0000,0.3103,0.5862,0.0000,0.657561,0.077000
XY,0.0000,0.3103,0.6552,0.0000,0.650138,0.103000
XY,0.0000,0.3103,0.7241,0.0000,0.630652,0.097000
XY,0.0000,0.3103,0.7931,0.0000,0.603210,0.085000
XY,0.0000,0.3103,0.8621,0.0000,0.574552,0.101000
XY,0.0000,0.3103,0.9310,0.0000,0.551934,0.082000
XY,0.0000,0.3103,1.0000,0.0000,0.541012,0.073000
XY,0.0000,0.3793,-1.0000,0.0000,0.422664,0.358000
XY,0.0000,0.3793,-0.9310,0.0000,0.428682,0.277000
XY,0.0000,0.3793,-0.8621,0.0000,0.484736,0.331000
XY,0.0000,0.3793,-0.7931,0.0000,0.494992,0.116000
XY,0.0000,0.3793,-0.7241,0.0000,0.518135,0.113000
XY,0.0000,0.3793,-0.6552,0.0000,0.509029,0.125000
XY,0.0000,0.3793,-0.5862,0.0000,0.468042,0.058000
XY,0.0000,0.3793,-0.5172,0.0000,0.474642,0.054000
XY,0.0000,0.3793,-0.4483,0.0000,0.472664,0.085000
XY,0.0000,0.3793,-0.3793,0.0000,0.472076,0.073000
XY,0.0000,0.3793,-0.3103,0.0000,0.483877,0.101000
XY,0.0000,0.3793,-0.2414,0.0000,0.534651,0.160000
XY,0.0000,0.3793,-0.1724,0.0000,0.639506,0.172000
XY,0.0000,0.3793,-0.1034,0.0000,0.733045,0.161000
XY,0.0000,0.3793,-0.0345,0.0000,0.737338,0.172000
XY,0.0000,0.3793,0.0345,0.0000,0.679331,0.217000
XY,0.0000,0.3793,0.1034,0.0000,0.615159,0.208000
XY,0.0000,0.3793,0.1724,0.0000,0.564945,0.200000
XY,0.0000,0.3793,0.2414,0.0000,0.529966,0.103000
XY,0.0000,0.3793,0.3103,0.0000,0.509610,0.030000
XY,0.0000,0.3793,0.3793,0.0000,0.517962,0.004000
XY,0.0000,0.3793,0.4483,0.0000,0.546038,0.005000
XY,0.0000,0.3793,0.5172,0.0000,0.563261,0.016000
XY,0.0000,0.3793,0.5862,0.0000,0.568304,0.025000
XY,0.0000,0.3793,0.6552,0.0000,0.564366,0.029000
XY,0.0000,0.3793,0.7241,0.0000,0.554190,0.058000
XY,0.0000,0.3793,0.7931,0.0000,0.540387,0.068000
XY,0.0000,0.3793,0.8621,0.0000,0.525860,0.054000
XY,0.0000,0.3793,0.9310,0.0000,0.513386,0.047000
XY,0.0000,0.3793,1.0000,0.0000,0.504734,0.022000
XY,0.0000,0.4483,-1.0000,0.0000,0.439136,0.423000
XY,0.0000,0.4483,-0.9310,0.0000,0.428137,0.309000
XY,0.0000,0.4483,-0.8621,0.0000,0.470826,0.337000
XY,0.0000,0.4483,-0.7931,0.0000,0.490012,0.084000
XY,0.0000,0.4483,-0.7241,0.0000,0.472027,0.142000
XY,0.0000,0.4483,-0.6552,0.0000,0.437005,0.190000
XY,0.0000,0.4483,-0.5862,0.0000,0.424499,0.099000
XY,0.0000,0.4483,-0.5172,0.0000,0.449478,0.033000
XY,0.0000,0.4483,-0.4483,0.0000,0.461770,0.017000
XY,0.0000,0.4483,-0.3793,0.0000,0.476815,0.029000
XY,0.0000,0.4483,-0.3103,0.0000,0.497967,0.026000
XY,0.0000,0.4483,-0.2414,0.0000,0.533813,0.040000
XY,0.0000,0.4483,-0.1724,0.0000,0.595358,0.079000
XY,0.0000,0.4483,-0.1034,0.0000,0.653907,0.104000
XY,0.0000,0.4483,-0.0345,0.0000,0.667518,0.096000
XY,0.0000,0.4483,0.0345,0.0000,0.651446,0.111000
XY,0.0000,0.4483,0.1034,0.0000,0.630265,0.127000
XY,0.0000,0.4483,0.1724,0.0000,0.612996,0.121000
XY,0.0000,0.4483,0.2414,0.0000,0.599932,0.071000
XY,0.0000,0.4483,0.3103,0.0000,0.585133,0.042000
XY,0.0000,0.4483,0.3793,0.0000,0.562055,0.014000
XY,0.0000,0.4483,0.4483,0.0000,0.531562,0.004000
XY,0.0000,0.4483,0.5172,0.0000,0.504457,0.001000
XY,0.0000,0.4483,0.5862,0.0000,0.503005,0.012000
XY,0.0000,0.4483,0.6552,0.0000,0.511530,0.031000
XY,0.0000,0.4483,0.7241,0.0000,0.520821,0.030000
XY,0.0000,0.4483,0.7931,0.0000,0.529515,0.049000
XY,0.0000,0.4483,0.8621,0.0000,0.536827,0.037000
XY,0.0000,0.4483,0.9310,0.0000,0.542825,0.045000
XY,0.0000,0.4483,1.0000,0.0000,0.547373,0.013000
XY,0.0000,0.5172,-1.0000,0.0000,0.417250,0.506000
XY,0.0000,0.5172,-0.9310,0.0000,0.403282,0.369000
XY,0.0000,0.5172,-0.8621,0.0000,0.453053,0.311000
XY,0.0000,0.5172,-0.7931,0.0000,0.485189,0.043000
XY,0.0000,0.5172,-0.7241,0.0000,0.422399,0.129000
XY,0.0000,0.5172,-0.6552,0.0000,0.426969,0.312000
XY,0.0000,0.5172,-0.5862,0.0000,0.451245,0.231000
XY,0.0000,0.5172,-0.5172,0.0000,0.484964,0.138000
XY,0.0000,0.5172,-0.4483,0.0000,0.508382,0.122000
XY,0.0000,0.5172,-0.3793,0.0000,0.534409,0.102000
XY,0.0000,0.5172,-0.3103,0.0000,0.559449,0.049000
XY,0.0000,0.5172,-0.2414,0.0000,0.575633,0.026000
XY,0.0000,0.5172,-0.1724,0.0000,0.575948,0.015000
XY,0.0000,0.5172,-0.1034,0.0000,0.580964,0.032000
XY,0.0000,0.5172,-0.0345,0.0000,0.607465,0.031000
XY,0.0000,0.5172,0.0345,0.0000,0.632054,0.053000
XY,0.0000,0.5172,0.1034,0.0000,0.649420,0.048000
XY,0.0000,0.5172,0.1724,0.0000,0.661537,0.058000
XY,0.0000,0.5172,0.2414,0.0000,0.665287,0.052000
XY,0.0000,0.5172,0.3103,0.0000,0.652592,0.056000
XY,0.0000,0.5172,0.3793,0.0000,0.620791,0.053000
XY,0.0000,0.5172,0.4483,0.0000,0.579109,0.045000
XY,0.0000,0.5172,0.5172,0.0000,0.542388,0.026000
XY,0.0000,0.5172,0.5862,0.0000,0.522544,0.024000
XY,0.0000,0.5172,0.6552,0.0000,0.522872,0.033000
XY,0.0000,0.5172,0.7241,0.0000,0.535538,0.042000
XY,0.0000,0.5172,0.7931,0.0000,0.551827,0.042000
XY,0.0000,0.5172,0.8621,0.0000,0.567066,0.039000
XY,0.0000,0.5172,0.9310,0.0000,0.579115,0.031000
XY,0.0000,0.5172,1.0000,0.0000,0.586342,0.024000
XY,0.0000,0.5862,-1.0000,0.0000,0.386689,0.580000
XY,0.0000,0.5862,-0.9310,0.0000,0.377175,0.402000
XY,0.0000,0.5862,-0.8621,0.0000,0.444723,0.219000
XY,0.0000,0.5862,-0.7931,0.0000,0.485401,0.015000
XY,0.0000,0.5862,-0.7241,0.0000,0.485259,0.121000
XY,0.0000,0.5862,-0.6552,0.0000,0.491662,0.338000
XY,0.0000,0.5862,-0.5862,0.0000,0.517079,0.327000
XY,0.0000,0.5862,-0.5172,0.0000,0.540742,0.256000
XY,0.0000,0.5862,-0.4483,0.0000,0.560351,0.278000
XY,0.0000,0.5862,-0.3793,0.0000,0.586186,0.232000
XY,0.0000,0.5862,-0.3103,0.0000,0.612279,0.139000
XY,0.0000,0.5862,-0.2414,0.0000,0.623060,0.070000
XY,0.0000,0.5862,-0.1724,0.0000,0.592802,0.026000
XY,0.0000,0.5862,-0.1034,0.0000,0.531141,0.001000
XY,0.0000,0.5862,-0.0345,0.0000,0.555457,0.001000
XY,0.0000,0.5862,0.0345,0.0000,0.602469,0.002000
XY,0.0000,0.5862,0.1034,0.0000,0.642947,0.006000
XY,0.0000,0.5862,0.1724,0.0000,0.675387,0.009000
XY,0.0000,0.5862,0.2414,0.0000,0.691901,0.026000
XY,0.0000,0.5862,0.3103,0.0000,0.681827,0.041000
XY,0.0000,0.5862,0.3793,0.0000,0.645614,0.063000
XY,0.0000,0.5862,0.4483,0.0000,0.598219,0.070000
XY,0.0000,0.5862,0.5172,0.0000,0.557413,0.051000
XY,0.0000,0.5862,0.5862,0.0000,0.534422,0.041000
XY,0.0000,0.5862,0.6552,0.0000,0.532469,0.044000
XY,0.0000,0.5862,0.7241,0.0000,0.545666,0.040000
XY,0.0000,0.5862,0.7931,0.0000,0.564346,0.044000
XY,0.0000,0.5862,0.8621,0.0000,0.581926,0.032000
XY,0.0000,0.5862,0.9310,0.0000,0.595038,0.034000
XY,0.0000,0.5862,1.0000,0.0000,0.601464,0.033000
XY,0.0000,0.6552,-1.0000,0.0000,0.418796,0.459000
XY,0.0000,0.6552,-0.9310,0.0000,0.432768,0.357000
XY,0.0000,0.6552,-0.8621,0.0000,0.469782,0.143000
XY,0.0000,0.6552,-0.7931,0.0000,0.492714,0.021000
XY,0.0000,0.6552,-0.7241,0.0000,0.515068,0.113000
XY,0.0000,0.6552,-0.6552,0.0000,0.528598,0.340000
XY,0.0000,0.6552,-0.5862,0.0000,0.548071,0.335000
XY,0.0000,0.6552,-0.5172,0.0000,0.557860,0.360000
XY,0.0000,0.6552,-0.4483,0.0000,0.570988,0.389000
XY,0.0000,0.6552,-0.3793,0.0000,0.595004,0.297000
XY,0.0000,0.6552,-0.3103,0.0000,0.623772,0.233000
XY,0.0000,0.6552,-0.2414,0.0000,0.639478,0.148000
XY,0.0000,0.6552,-0.1724,0.0000,0.607208,0.067000
XY,0.0000,0.6552,-0.1034,0.0000,0.523257,0.013000
XY,0.0000,0.6552,-0.0345,0.0000,0.510746,0.020000
XY,0.0000,0.6552,0.0345,0.0000,0.563551,0.013000
XY,0.0000,0.6552,0.1034,0.0000,0.614958,0.010000
XY,0.0000,0.6552,0.1724,0.0000,0.660163,0.013000
XY,0.0000,0.6552,0.2414,0.0000,0.686885,0.015000
XY,0.0000,0.6552,0.3103,0.0000,0.682044,0.041000
XY,0.0000,0.6552,0.3793,0.0000,0.647442,0.080000
XY,0.0000,0.6552,0.4483,0.0000,0.600166,0.095000
XY,0.0000,0.6552,0.5172,0.0000,0.558170,0.074000
XY,0.0000,0.6552,0.5862,0.0000,0.532110,0.052000
XY,0.0000,0.6552,0.6552,0.0000,0.527119,0.039000
XY,0.0000,0.6552,0.7241,0.0000,0.540141,0.029000
XY,0.0000,0.6552,0.7931,0.0000,0.559867,0.023000
XY,0.0000,0.6552,0.8621,0.0000,0.577606,0.020000
XY,0.0000,0.6552,0.9310,0.0000,0.589581,0.027000
XY,0.0000,0.6552,1.0000,0.0000,0.594095,0.026000
XY,0.0000,0.7241,-1.0000,0.0000,0.484601,0.353000
XY,0.0000,0.7241,-0.9310,0.0000,0.498608,0.221000
XY,0.0000,0.7241,-0.8621,0.0000,0.503278,0.075000
XY,0.0000,0.7241,-0.7931,0.0000,0.494534,0.014000
XY,0.0000,0.7241,-0.7241,0.0000,0.515526,0.126000
XY,0.0000,0.7241,-0.6552,0.0000,0.528816,0.293000
XY,0.0000,0.7241,-0.5862,0.0000,0.536694,0.279000
XY,0.0000,0.7241,-0.5172,0.0000,0.535987,0.331000
XY,0.0000,0.7241,-0.4483,0.0000,0.546682,0.383000
XY,0.0000,0.7241,-0.3793,0.0000,0.570738,0.303000
XY,0.0000,0.7241,-0.3103,0.0000,0.603960,0.269000
XY,0.0000,0.7241,-0.2414,0.0000,0.629550,0.119000
XY,0.0000,0.7241,-0.1724,0.0000,0.607308,0.054000
XY,0.0000,0.7241,-0.1034,0.0000,0.531666,0.030000
XY,0.0000,0.7241,-0.0345,0.0000,0.485119,0.024000
XY,0.0000,0.7241,0.0345,0.0000,0.528717,0.039000
XY,0.0000,0.7241,0.1034,0.0000,0.580670,0.048000
XY,0.0000,0.7241,0.1724,0.0000,0.630138,0.024000
XY,0.0000,0.7241,0.2414,0.0000,0.662659,0.028000
XY,0.0000,0.7241,0.3103,0.0000,0.664432,0.040000
XY,0.0000,0.7241,0.3793,0.0000,0.637180,0.073000
XY,0.0000,0.7241,0.4483,0.0000,0.596266,0.077000
XY,0.0000,0.7241,0.5172,0.0000,0.556798,0.076000
XY,0.0000,0.7241,0.5862,0.0000,0.527240,0.054000
XY,0.0000,0.7241,0.6552,0.0000,0.513371,0.026000
XY,0.0000,0.7241,0.7241,0.0000,0.520903,0.015000
XY,0.0000,0.7241,0.7931,0.0000,0.540010,0.005000
XY,0.0000,0.7241,0.8621,0.0000,0.556805,0.013000
XY,0.0000,0.7241,0.9310,0.0000,0.566930,0.013000
XY,0.0000,0.7241,1.0000,0.0000,0.569925,0.016000
XY,0.0000,0.7931,-1.0000,0.0000,0.525223,0.218000
XY,0.0000,0.7931,-0.9310,0.0000,0.530107,0.115000
XY,0.0000,0.7931,-0.8621,0.0000,0.515210,0.056000
XY,0.0000,0.7931,-0.7931,0.0000,0.488541,0.012000
XY,0.0000,0.7931,-0.7241,0.0000,0.499512,0.125000
XY,0.0000,0.7931,-0.6552,0.0000,0.505946,0.250000
XY,0.0000,0.7931,-0.5862,0.0000,0.502416,0.194000
XY,0.0000,0.7931,-0.5172,0.0000,0.499081,0.249000
XY,0.0000,0.7931,-0.4483,0.0000,0.511605,0.292000
XY,0.0000,0.7931,-0.3793,0.0000,0.535906,0.243000
XY,0.0000,0.7931,-0.3103,0.0000,0.572992,0.167000
XY,0.0000,0.7931,-0.2414,0.0000,0.608739,0.093000
XY,0.0000,0.7931,-0.1724,0.0000,0.601454,0.029000
XY,0.0000,0.7931,-0.1034,0.0000,0.547502,0.014000
XY,0.0000,0.7931,-0.0345,0.0000,0.502132,0.006000
XY,0.0000,0.7931,0.0345,0.0000,0.514216,0.019000
XY,0.0000,0.7931,0.1034,0.0000,0.552852,0.036000
XY,0.0000,0.7931,0.1724,0.0000,0.596183,0.058000
XY,0.0000,0.7931,0.2414,0.0000,0.628376,0.048000
XY,0.0000,0.7931,0.3103,0.0000,0.636814,0.057000
XY,0.0000,0.7931,0.3793,0.0000,0.622137,0.072000
XY,0.0000,0.7931,0.4483,0.0000,0.594859,0.079000
XY,0.0000,0.7931,0.5172,0.0000,0.565404,0.069000
XY,0.0000,0.7931,0.5862,0.0000,0.539913,0.063000
XY,0.0000,0.7931,0.6552,0.0000,0.520444,0.020000
XY,0.0000,0.7931,0.7241,0.0000,0.506340,0.006000
XY,0.0000,0.7931,0.7931,0.0000,0.509348,0.000000
XY,0.0000,0.7931,0.8621,0.0000,0.524667,0.001000
XY,0.0000,0.7931,0.9310,0.0000,0.533694,0.005000
XY,0.0000,0.7931,1.0000,0.0000,0.537145,0.015000
XY,0.0000,0.8621,-1.0000,0.0000,0.537193,0.076000
XY,0.0000,0.8621,-0.9310,0.0000,0.536336,0.049000
XY,0.0000,0.8621,-0.8621,0.0000,0.513546,0.031000
XY,0.0000,0.8621,-0.7931,0.0000,0.481663,0.024000
XY,0.0000,0.8621,-0.7241,0.0000,0.480819,0.113000
XY,0.0000,0.8621,-0.6552,0.0000,0.478330,0.165000
XY,0.0000,0.8621,-0.5862,0.0000,0.469575,0.110000
XY,0.0000,0.8621,-0.5172,0.0000,0.470959,0.138000
XY,0.0000,0.8621,-0.4483,0.0000,0.485169,0.184000
XY,0.0000,0.8621,-0.3793,0.0000,0.505521,0.165000
XY,0.0000,0.8621,-0.3103,0.0000,0.543832,0.104000
XY,0.0000,0.8621,-0.2414,0.0000,0.588187,0.043000
XY,0.0000,0.8621,-0.1724,0.0000,0.598005,0.007000
XY,0.0000,0.8621,-0.1034,0.0000,0.572757,0.004000
XY,0.0000,0.8621,-0.0345,0.0000,0.545343,0.001000
XY,0.0000,0.8621,0.0345,0.0000,0.536182,0.003000
XY,0.0000,0.8621,0.1034,0.0000,0.546052,0.011000
XY,0.0000,0.8621,0.1724,0.0000,0.568067,0.033000
XY,0.0000,0.8621,0.2414,0.0000,0.590812,0.045000
XY,0.0000,0.8621,0.3103,0.0000,0.604116,0.055000
XY,0.0000,0.8621,0.3793,0.0000,0.605299,0.051000
XY,0.0000,0.8621,0.4483,0.0000,0.597243,0.044000
XY,0.0000,0.8621,0.5172,0.0000,0.584845,0.045000
XY,0.0000,0.8621,0.5862,0.0000,0.572218,0.041000
XY,0.0000,0.8621,0.6552,0.0000,0.560040,0.017000
XY,0.0000,0.8621,0.7241,0.0000,0.545783,0.007000
XY,0.0000,0.8621,0.7931,0.0000,0.527703,0.004000
XY,0.0000,0.8621,0.8621,0.0000,0.508090,0.000000
XY,0.0000,0.8621,0.9310,0.0000,0.501534,0.003000
XY,0.0000,0.8621,1.0000,0.0000,0.508585,0.007000
XY,0.0000,0.9310,-1.0000,0.0000,0.535018,0.024000
XY,0.0000,0.9310,-0.9310,0.0000,0.532127,0.024000
XY,0.0000,0.9310,-0.8621,0.0000,0.506887,0.034000
XY,0.0000,0.9310,-0.7931,0.0000,0.478041,0.041000
XY,0.0000,0.9310,-0.7241,0.0000,0.469980,0.094000
XY,0.0000,0.9310,-0.6552,0.0000,0.462537,0.101000
XY,0.0000,0.9310,-0.5862,0.0000,0.458109,0.035000
XY,0.0000,0.9310,-0.5172,0.0000,0.467937,0.060000
XY,0.0000,0.9310,-0.4483,0.0000,0.478910,0.062000
XY,0.0000,0.9310,-0.3793,0.0000,0.485374,0.075000
XY,0.0000,0.9310,-0.3103,0.0000,0.522554,0.049000
XY,0.0000,0.9310,-0.2414,0.0000,0.574126,0.012000
XY,0.0000,0.9310,-0.1724,0.0000,0.598837,0.002000
XY,0.0000,0.9310,-0.1034,0.0000,0.598043,0.021000
XY,0.0000,0.9310,-0.0345,0.0000,0.587348,0.020000
XY,0.0000,0.9310,0.0345,0.0000,0.576400,0.017000
XY,0.0000,0.9310,0.1034,0.0000,0.567458,0.004000
XY,0.0000,0.9310,0.1724,0.0000,0.559754,0.002000
XY,0.0000,0.9310,0.2414,0.0000,0.558204,0.016000
XY,0.0000,0.9310,0.3103,0.0000,0.569858,0.021000
XY,0.0000,0.9310,0.3793,0.0000,0.585407,0.015000
XY,0.0000,0.9310,0.4483,0.0000,0.595989,0.027000
XY,0.0000,0.9310,0.5172,0.0000,0.600967,0.014000
XY,0.0000,0.9310,0.5862,0.0000,0.601265,0.014000
XY,0.0000,0.9310,0.6552,0.0000,0.595129,0.014000
XY,0.0000,0.9310,0.7241,0.0000,0.580022,0.019000
XY,0.0000,0.9310,0.7931,0.0000,0.557121,0.011000
XY,0.0000,0.9310,0.8621,0.0000,0.532029,0.004000
XY,0.0000,0.9310,0.9310,0.0000,0.512308,0.002000
XY,0.0000,0.9310,1.0000,0.0000,0.506595,0.009000
XY,0.0000,1.0000,-1.0000,0.0000,0.531092,0.013000
XY,0.0000,1.0000,-0.9310,0.0000,0.522225,0.024000
XY,0.0000,1.0000,-0.8621,0.0000,0.497599,0.036000
XY,0.0000,1.0000,-0.7931,0.0000,0.478331,0.055000
XY,0.0000,1.0000,-0.7241,0.0000,0.471782,0.072000
XY,0.0000,1.0000,-0.6552,0.0000,0.468753,0.041000
XY,0.0000,1.0000,-0.5862,0.0000,0.477056,0.010000
XY,0.0000,1.0000,-0.5172,0.0000,0.493086,0.014000
XY,0.0000,1.0000,-0.4483,0.0000,0.497623,0.028000
XY,0.0000,1.0000,-0.3793,0.0000,0.485811,0.022000
XY,0.0000,1.0000,-0.3103,0.0000,0.516645,0.014000
XY,0.0000,1.0000,-0.2414,0.0000,0.566567,0.004000
XY,0.0000,1.0000,-0.1724,0.0000,0.596419,0.033000
XY,0.0000,1.0000,-0.1034,0.0000,0.608639,0.067000
XY,0.0000,1.0000,-0.0345,0.0000,0.609821,0.069000
XY,0.0000,1.0000,0.0345,0.0000,0.604931,0.047000
XY,0.0000,1.0000,0.1034,0.0000,0.593791,0.033000
XY,0.0000,1.0000,0.1724,0.0000,0.572235,0.014000
XY,0.0000,1.0000,0.2414,0.0000,0.543485,0.005000
XY,0.0000,1.0000,0.3103,0.0000,0.538022,0.003000
XY,0.0000,1.0000,0.3793,0.0000,0.560603,0.005000
XY,0.0000,1.0000,0.4483,0.0000,0.584174,0.004000
XY,0.0000,1.0000,0.5172,0.0000,0.602932,0.006000
XY,0.0000,1.0000,0.5862,0.0000,0.614334,0.005000
XY,0.0000,1.0000,0.6552,0.0000,0.614062,0.008000
XY,0.0000,1.0000,0.7241,0.0000,0.599631,0.024000
XY,0.0000,1.0000,0.7931,0.0000,0.574423,0.026000
XY,0.0000,1.0000,0.8621,0.0000,0.546191,0.018000
XY,0.0000,1.0000,0.9310,0.0000,0.522987,0.015000
XY,0.0000,1.0000,1.0000,0.0000,0.512039,0.012000
XY,0.5000,-1.0000,-1.0000,0.5000,0.478380,0.012000
XY,0.5000,-1.0000,-0.9310,0.5000,0.466357,0.044000
XY,0.5000,-1.0000,-0.8621,0.5000,0.468148,0.078000
XY,0.5000,-1.0000,-0.7931,0.5000,0.474056,0.056000
XY,0.5000,-1.0000,-0.7241,0.5000,0.497432,0.034000
XY,0.5000,-1.0000,-0.6552,0.5000,0.523706,0.017000
XY,0.5000,-1.0000,-0.5862,0.5000,0.532112,0.024000
XY,0.5000,-1.0000,-0.5172,0.5000,0.534660,0.056000
XY,0.5000,-1.0000,-0.4483,0.5000,0.533346,0.100000
XY,0.5000,-1.0000,-0.3793,0.5000,0.517221,0.159000
XY,0.5000,-1.0000,-0.3103,0.5000,0.475637,0.223000
XY,0.5000,-1.0000,-0.2414,0.5000,0.403075,0.272000
XY,0.5000,-1.0000,-0.1724,0.5000,0.307164,0.350000
XY,0.5000,-1.0000,-0.1034,0.5000,0.211482,0.321000
XY,0.5000,-1.0000,-0.0345,0.5000,0.171409,0.184000
XY,0.5000,-1.0000,0.0345,0.5000,0.253053,0.103000
XY,0.5000,-1.0000,0.1034,0.5000,0.338817,0.098000
XY,0.5000,-1.0000,0.1724,0.5000,0.384064,0.154000
XY,0.5000,-1.0000,0.2414,0.5000,0.423257,0.176000
XY,0.5000,-1.0000,0.3103,0.5000,0.443772,0.169000
XY,0.5000,-1.0000,0.3793,0.5000,0.403355,0.159000
XY,0.5000,-1.0000,0.4483,0.5000,0.326952,0.247000
XY,0.5000,-1.0000,0.5172,0.5000,0.243530,0.296000
XY,0.5000,-1.0000,0.5862,0.5000,0.202098,0.243000
XY,0.5000,-1.0000,0.6552,0.5000,0.252344,0.108000
XY,0.5000,-1.0000,0.7241,0.5000,0.349753,0.044000
XY,0.5000,-1.0000,0.7931,0.5000,0.441899,0.024000
XY,0.5000,-1.0000,0.8621,0.5000,0.502562,0.037000
XY,0.5000,-1.0000,0.9310,0.5000,0.525900,0.035000
XY,0.5000,-1.0000,1.0000,0.5000,0.526179,0.026000
XY,0.5000,-0.9310,-1.0000,0.5000,0.454593,0.025000
XY,0.5000,-0.9310,-0.9310,0.5000,0.458813,0.102000
XY,0.5000,-0.9310,-0.8621,0.5000,0.466238,0.105000
XY,0.5000,-0.9310,-0.7931,0.5000,0.474120,0.042000
XY,0.5000,-0.9310,-0.7241,0.5000,0.509277,0.029000
XY,0.5000,-0.9310,-0.6552,0.5000,0.534300,0.014000
XY,0.5000,-0.9310,-0.5862,0.5000,0.536924,0.036000
XY,0.5000,-0.9310,-0.5172,0.5000,0.542048,0.090000
XY,0.5000,-0.9310,-0.4483,0.5000,0.541109,0.167000
XY,0.5000,-0.9310,-0.3793,0.5000,0.517918,0.271000
XY,0.5000,-0.9310,-0.3103,0.5000,0.460377,0.383000
XY,0.5000,-0.9310,-0.2414,0.5000,0.354924,0.455000
XY,0.5000,-0.9310,-0.1724,0.5000,0.220866,0.412000
XY,0.5000,-0.9310,-0.1034,0.5000,0.143743,0.243000
XY,0.5000,-0.9310,-0.0345,0.5000,0.206769,0.062000
XY,0.5000,-0.9310,0.0345,0.5000,0.324403,0.074000
XY,0.5000,-0.9310,0.1034,0.5000,0.389940,0.144000
XY,0.5000,-0.9310,0.1724,0.5000,0.434321,0.178000
XY,0.5000,-0.9310,0.2414,0.5000,0.467308,0.179000
XY,0.5000,-0.9310,0.3103,0.5000,0.415288,0.172000
XY,0.5000,-0.9310,0.3793,0.5000,0.322277,0.223000
XY,0.5000,-0.9310,0.4483,0.5000,0.239758,0.290000
XY,0.5000,-0.9310,0.5172,0.5000,0.201488,0.233000
XY,0.5000,-0.9310,0.5862,0.5000,0.248598,0.143000
XY,0.5000,-0.9310,0.6552,0.5000,0.347366,0.030000
XY,0.5000,-0.9310,0.7241,0.5000,0.440136,0.026000
XY,0.5000,-0.9310,0.7931,0.5000,0.502352,0.051000
XY,0.5000,-0.9310,0.8621,0.5000,0.526467,0.039000
XY,0.5000,-0.9310,0.9310,0.5000,0.521444,0.019000
XY,0.5000,-0.9310,1.0000,0.5000,0.507038,0.059000
XY,0.5000,-0.8621,-1.0000,0.5000,0.462506,0.099000
XY,0.5000,-0.8621,-0.9310,0.5000,0.474161,0.181000
XY,0.5000,-0.8621,-0.8621,0.5000,0.477213,0.123000
XY,0.5000,-0.8621,-0.7931,0.5000,0.477969,0.015000
XY,0.5000,-0.8621,-0.7241,0.5000,0.517806,0.020000
XY,0.5000,-0.8621,-0.6552,0.5000,0.538913,0.065000
XY,0.5000,-0.8621,-0.5862,0.5000,0.540083,0.094000
XY,0.5000,-0.8621,-0.5172,0.5000,0.546939,0.172000
XY,0.5000,-0.8621,-0.4483,0.5000,0.540248,0.292000
XY,0.5000,-0.8621,-0.3793,0.5000,0.507223,0.440000
XY,0.5000,-0.8621,-0.3103,0.5000,0.432053,0.581000
XY,0.5000,-0.8621,-0.2414,0.5000,0.302039,0.611000
XY,0.5000,-0.8621,-0.1724,0.5000,0.165479,0.459000
XY,0.5000,-0.8621,-0.1034,0.5000,0.159066,0.151000
XY,0.5000,-0.8621,-0.0345,0.5000,0.269329,0.051000
XY,0.5000,-0.8621,0.0345,0.5000,0.372366,0.178000
XY,0.5000,-0.8621,0.1034,0.5000,0.436607,0.246000
XY,0.5000,-0.8621,0.1724,0.5000,0.494761,0.251000
XY,0.5000,-0.8621,0.2414,0.5000,0.456162,0.254000
XY,0.5000,-0.8621,0.3103,0.5000,0.342965,0.293000
XY,0.5000,-0.8621,0.3793,0.5000,0.236416,0.332000
XY,0.5000,-0.8621,0.4483,0.5000,0.189941,0.259000
XY,0.5000,-0.8621,0.5172,0.5000,0.230970,0.140000
XY,0.5000,-0.8621,0.5862,0.5000,0.332298,0.061000
XY,0.5000,-0.8621,0.6552,0.5000,0.426422,0.037000
XY,0.5000,-0.8621,0.7241,0.5000,0.488477,0.040000
XY,0.5000,-0.8621,0.7931,0.5000,0.513843,0.029000
XY,0.5000,-0.8621,0.8621,0.5000,0.508513,0.014000
XY,0.5000,-0.8621,0.9310,0.5000,0.495865,0.053000
XY,0.5000,-0.8621,1.0000,0.5000,0.483048,0.126000
XY,0.5000,-0.7931,-1.0000,0.5000,0.494531,0.190000
XY,0.5000,-0.7931,-0.9310,0.5000,0.501549,0.268000
XY,0.5000,-0.7931,-0.8621,0.5000,0.496088,0.109000
XY,0.5000,-0.7931,-0.7931,0.5000,0.485022,0.013000
XY,0.5000,-0.7931,-0.7241,0.5000,0.519446,0.038000
XY,0.5000,-0.7931,-0.6552,0.5000,0.533238,0.150000
XY,0.5000,-0.7931,-0.5862,0.5000,0.530461,0.236000
XY,0.5000,-0.7931,-0.5172,0.5000,0.535744,0.362000
XY,0.5000,-0.7931,-0.4483,0.5000,0.521727,0.384000
XY,0.5000,-0.7931,-0.3793,0.5000,0.480993,0.566000
XY,0.5000,-0.7931,-0.3103,0.5000,0.392576,0.739000
XY,0.5000,-0.7931,-0.2414,0.5000,0.256433,0.730000
XY,0.5000,-0.7931,-0.1724,0.5000,0.179492,0.439000
XY,0.5000,-0.7931,-0.1034,0.5000,0.216313,0.155000
XY,0.5000,-0.7931,-0.0345,0.5000,0.320142,0.162000
XY,0.5000,-0.7931,0.0345,0.5000,0.419398,0.265000
XY,0.5000,-0.7931,0.1034,0.5000,0.505226,0.255000
XY,0.5000,-0.7931,0.1724,0.5000,0.497992,0.308000
XY,0.5000,-0.7931,0.2414,0.5000,0.391332,0.355000
XY,0.5000,-0.7931,0.3103,0.5000,0.256231,0.364000
XY,0.5000,-0.7931,0.3793,0.5000,0.180157,0.269000
XY,0.5000,-0.7931,0.4483,0.5000,0.211733,0.178000
XY,0.5000,-0.7931,0.5172,0.5000,0.315947,0.101000
XY,0.5000,-0.7931,0.5862,0.5000,0.412387,0.054000
XY,0.5000,-0.7931,0.6552,0.5000,0.473045,0.049000
XY,0.5000,-0.7931,0.7241,0.5000,0.498064,0.024000
XY,0.5000,-0.7931,0.7931,0.5000,0.512803,0.013000
XY,0.5000,-0.7931,0.8621,0.5000,0.516125,0.036000
XY,0.5000,-0.7931,0.9310,0.5000,0.502312,0.112000
XY,0.5000,-0.7931,1.0000,0.5000,0.481735,0.196000
XY,0.5000,-0.7241,-1.0000,0.5000,0.529781,0.299000
XY,0.5000,-0.7241,-0.9310,0.5000,0.523759,0.332000
XY,0.5000,-0.7241,-0.8621,0.5000,0.512246,0.134000
XY,0.5000,-0.7241,-0.7931,0.5000,0.491370,0.017000
XY,0.5000,-0.7241,-0.7241,0.5000,0.505185,0.114000
XY,0.5000,-0.7241,-0.6552,0.5000,0.502275,0.268000
XY,0.5000,-0.7241,-0.5862,0.5000,0.494745,0.424000
XY,0.5000,-0.7241,-0.5172,0.5000,0.503489,0.477000
XY,0.5000,-0.7241,-0.4483,0.5000,0.488416,0.473000
XY,0.5000,-0.7241,-0.3793,0.5000,0.446583,0.602000
XY,0.5000,-0.7241,-0.3103,0.5000,0.355076,0.771000
XY,0.5000,-0.7241,-0.2414,0.5000,0.242379,0.690000
XY,0.5000,-0.7241,-0.1724,0.5000,0.233901,0.418000
XY,0.5000,-0.7241,-0.1034,0.5000,0.292999,0.248000
XY,0.5000,-0.7241,-0.0345,0.5000,0.394023,0.206000
XY,0.5000,-0.7241,0.0345,0.5000,0.489604,0.252000
XY,0.5000,-0.7241,0.1034,0.5000,0.514506,0.262000
XY,0.5000,-0.7241,0.1724,0.5000,0.437071,0.369000
XY,0.5000,-0.7241,0.2414,0.5000,0.299515,0.399000
XY,0.5000,-0.7241,0.3103,0.5000,0.195336,0.343000
XY,0.5000,-0.7241,0.3793,0.5000,0.221329,0.204000
XY,0.5000,-0.7241,0.4483,0.5000,0.324319,0.121000
XY,0.5000,-0.7241,0.5172,0.5000,0.422520,0.085000
XY,0.5000,-0.7241,0.5862,0.5000,0.485753,0.088000
XY,0.5000,-0.7241,0.6552,0.5000,0.517426,0.043000
XY,0.5000,-0.7241,0.7241,0.5000,0.537175,0.020000
XY,0.5000,-0.7241,0.7931,0.5000,0.541826,0.062000
XY,0.5000,-0.7241,0.8621,0.5000,0.529333,0.133000
XY,0.5000,-0.7241,0.9310,0.5000,0.508361,0.190000
XY,0.5000,-0.7241,1.0000,0.5000,0.487218,0.257000
XY,0.5000,-0.6552,-1.0000,0.5000,0.542865,0.348000
XY,0.5000,-0.6552,-0.9310,0.5000,0.522312,0.406000
XY,0.5000,-0.6552,-0.8621,0.5000,0.511958,0.120000
XY,0.5000,-0.6552,-0.7931,0.5000,0.490057,0.017000
XY,0.5000,-0.6552,-0.7241,0.5000,0.469408,0.165000
XY,0.5000,-0.6552,-0.6552,0.5000,0.438232,0.370000
XY,0.5000,-0.6552,-0.5862,0.5000,0.439435,0.539000
XY,0.5000,-0.6552,-0.5172,0.5000,0.466900,0.543000
XY,0.5000,-0.6552,-0.4483,0.5000,0.459670,0.456000
XY,0.5000,-0.6552,-0.3793,0.5000,0.421694,0.534000
XY,0.5000,-0.6552,-0.3103,0.5000,0.337106,0.662000
XY,0.5000,-0.6552,-0.2414,0.5000,0.268396,0.555000
XY,0.5000,-0.6552,-0.1724,0.5000,0.300882,0.341000
XY,0.5000,-0.6552,-0.1034,0.5000,0.390441,0.222000
XY,0.5000,-0.6552,-0.0345,0.5000,0.468291,0.119000
XY,0.5000,-0.6552,0.0345,0.5000,0.498528,0.153000
XY,0.5000,-0.6552,0.1034,0.5000,0.454173,0.276000
XY,0.5000,-0.6552,0.1724,0.5000,0.339167,0.366000
XY,0.5000,-0.6552,0.2414,0.5000,0.229395,0.323000
XY,0.5000,-0.6552,0.3103,0.5000,0.246052,0.199000
XY,0.5000,-0.6552,0.3793,0.5000,0.349060,0.118000
XY,0.5000,-0.6552,0.4483,0.5000,0.450551,0.115000
XY,0.5000,-0.6552,0.5172,0.5000,0.517534,0.092000
XY,0.5000,-0.6552,0.5862,0.5000,0.547026,0.053000
XY,0.5000,-0.6552,0.6552,0.5000,0.557540,0.020000
XY,0.5000,-0.6552,0.7241,0.5000,0.558467,0.063000
XY,0.5000,-0.6552,0.7931,0.5000,0.547640,0.129000
XY,0.5000,-0.6552,0.8621,0.5000,0.528500,0.185000
XY,0.5000,-0.6552,0.9310,0.5000,0.508432,0.251000
XY,0.5000,-0.6552,1.0000,0.5000,0.494022,0.257000
XY,0.5000,-0.5862,-1.0000,0.5000,0.513691,0.331000
XY,0.5000,-0.5862,-0.9310,0.5000,0.484333,0.378000
XY,0.5000,-0.5862,-0.8621,0.5000,0.482637,0.131000
XY,0.5000,-0.5862,-0.7931,0.5000,0.483665,0.026000
XY,0.5000,-0.5862,-0.7241,0.5000,0.450021,0.248000
XY,0.5000,-0.5862,-0.6552,0.5000,0.389300,0.410000
XY,0.5000,-0.5862,-0.5862,0.5000,0.415022,0.539000
XY,0.5000,-0.5862,-0.5172,0.5000,0.458837,0.449000
XY,0.5000,-0.5862,-0.4483,0.5000,0.452840,0.322000
XY,0.5000,-0.5862,-0.3793,0.5000,0.411772,0.407000
XY,0.5000,-0.5862,-0.3103,0.5000,0.330226,0.464000
XY,0.5000,-0.5862,-0.2414,0.5000,0.301284,0.421000
XY,0.5000,-0.5862,-0.1724,0.5000,0.385522,0.283000
XY,0.5000,-0.5862,-0.1034,0.5000,0.481863,0.165000
XY,0.5000,-0.5862,-0.0345,0.5000,0.488332,0.084000
XY,0.5000,-0.5862,0.0345,0.5000,0.442072,0.137000
XY,0.5000,-0.5862,0.1034,0.5000,0.354067,0.263000
XY,0.5000,-0.5862,0.1724,0.5000,0.256132,0.259000
XY,0.5000,-0.5862,0.2414,0.5000,0.260568,0.192000
XY,0.5000,-0.5862,0.3103,0.5000,0.364008,0.093000
XY,0.5000,-0.5862,0.3793,0.5000,0.469483,0.088000
XY,0.5000,-0.5862,0.4483,0.5000,0.541225,0.097000
XY,0.5000,-0.5862,0.5172,0.5000,0.569280,0.076000
XY,0.5000,-0.5862,0.5862,0.5000,0.568645,0.034000
XY,0.5000,-0.5862,0.6552,0.5000,0.559478,0.066000
XY,0.5000,-0.5862,0.7241,0.5000,0.547001,0.123000
XY,0.5000,-0.5862,0.7931,0.5000,0.530604,0.171000
XY,0.5000,-0.5862,0.8621,0.5000,0.513673,0.241000
XY,0.5000,-0.5862,0.9310,0.5000,0.501971,0.232000
XY,0.5000,-0.5862,1.0000,0.5000,0.500068,0.199000
XY,0.5000,-0.5172,-1.0000,0.5000,0.451208,0.203000
XY,0.5000,-0.5172,-0.9310,0.5000,0.422536,0.299000
XY,0.5000,-0.5172,-0.8621,0.5000,0.422807,0.154000
XY,0.5000,-0.5172,-0.7931,0.5000,0.482712,0.060000
XY,0.5000,-0.5172,-0.7241,0.5000,0.467445,0.329000
XY,0.5000,-0.5172,-0.6552,0.5000,0.417023,0.400000
XY,0.5000,-0.5172,-0.5862,0.5000,0.441233,0.483000
XY,0.5000,-0.5172,-0.5172,0.5000,0.471131,0.309000
XY,0.5000,-0.5172,-0.4483,0.5000,0.447345,0.186000
XY,0.5000,-0.5172,-0.3793,0.5000,0.390964,0.242000
XY,0.5000,-0.5172,-0.3103,0.5000,0.297913,0.296000
XY,0.5000,-0.5172,-0.2414,0.5000,0.374878,0.278000
XY,0.5000,-0.5172,-0.1724,0.5000,0.495172,0.223000
XY,0.5000,-0.5172,-0.1034,0.5000,0.544278,0.158000
XY,0.5000,-0.5172,-0.0345,0.5000,0.458467,0.148000
XY,0.5000,-0.5172,0.0345,0.5000,0.351918,0.174000
XY,0.5000,-0.5172,0.1034,0.5000,0.263165,0.226000
XY,0.5000,-0.5172,0.1724,0.5000,0.251108,0.189000
XY,0.5000,-0.5172,0.2414,0.5000,0.352596,0.099000
XY,0.5000,-0.5172,0.3103,0.5000,0.461468,0.081000
XY,0.5000,-0.5172,0.3793,0.5000,0.537832,0.102000
XY,0.5000,-0.5172,0.4483,0.5000,0.569244,0.080000
XY,0.5000,-0.5172,0.5172,0.5000,0.563177,0.041000
XY,0.5000,-0.5172,0.5862,0.5000,0.542613,0.042000
XY,0.5000,-0.5172,0.6552,0.5000,0.524326,0.124000
XY,0.5000,-0.5172,0.7241,0.5000,0.509123,0.179000
XY,0.5000,-0.5172,0.7931,0.5000,0.496067,0.198000
XY,0.5000,-0.5172,0.8621,0.5000,0.488279,0.222000
XY,0.5000,-0.5172,0.9310,0.5000,0.489719,0.204000
XY,0.5000,-0.5172,1.0000,0.5000,0.501527,0.160000
XY,0.5000,-0.4483,-1.0000,0.5000,0.427330,0.090000
XY,0.5000,-0.4483,-0.9310,0.5000,0.437638,0.212000
XY,0.5000,-0.4483,-0.8621,0.5000,0.455293,0.148000
XY,0.5000,-0.4483,-0.7931,0.5000,0.487000,0.097000
XY,0.5000,-0.4483,-0.7241,0.5000,0.495029,0.318000
XY,0.5000,-0.4483,-0.6552,0.5000,0.443632,0.348000
XY,0.5000,-0.4483,-0.5862,0.5000,0.458916,0.405000
XY,0.5000,-0.4483,-0.5172,0.5000,0.460660,0.240000
XY,0.5000,-0.4483,-0.4483,0.5000,0.411801,0.178000
XY,0.5000,-0.4483,-0.3793,0.5000,0.348169,0.184000
XY,0.5000,-0.4483,-0.3103,0.5000,0.372248,0.218000
XY,0.5000,-0.4483,-0.2414,0.5000,0.485937,0.239000
XY,0.5000,-0.4483,-0.1724,0.5000,0.595744,0.202000
XY,0.5000,-0.4483,-0.1034,0.5000,0.564594,0.154000
XY,0.5000,-0.4483,-0.0345,0.5000,0.397426,0.214000
XY,0.5000,-0.4483,0.0345,0.5000,0.265416,0.242000
XY,0.5000,-0.4483,0.1034,0.5000,0.218401,0.218000
XY,0.5000,-0.4483,0.1724,0.5000,0.309543,0.160000
XY,0.5000,-0.4483,0.2414,0.5000,0.422540,0.088000
XY,0.5000,-0.4483,0.3103,0.5000,0.499955,0.095000
XY,0.5000,-0.4483,0.3793,0.5000,0.534985,0.066000
XY,0.5000,-0.4483,0.4483,0.5000,0.531431,0.040000
XY,0.5000,-0.4483,0.5172,0.5000,0.506407,0.039000
XY,0.5000,-0.4483,0.5862,0.5000,0.491800,0.107000
XY,0.5000,-0.4483,0.6552,0.5000,0.480336,0.170000
XY,0.5000,-0.4483,0.7241,0.5000,0.468011,0.200000
XY,0.5000,-0.4483,0.7931,0.5000,0.459951,0.207000
XY,0.5000,-0.4483,0.8621,0.5000,0.461202,0.176000
XY,0.5000,-0.4483,0.9310,0.5000,0.473192,0.133000
XY,0.5000,-0.4483,1.0000,0.5000,0.492739,0.068000
XY,0.5000,-0.3793,-1.0000,0.5000,0.466395,0.069000
XY,0.5000,-0.3793,-0.9310,0.5000,0.509211,0.115000
XY,0.5000,-0.3793,-0.8621,0.5000,0.495754,0.127000
XY,0.5000,-0.3793,-0.7931,0.5000,0.493591,0.109000
XY,0.5000,-0.3793,-0.7241,0.5000,0.515607,0.350000
XY,0.5000,-0.3793,-0.6552,0.5000,0.441356,0.311000
XY,0.5000,-0.3793,-0.5862,0.5000,0.437327,0.400000
XY,0.5000,-0.3793,-0.5172,0.5000,0.409988,0.371000
XY,0.5000,-0.3793,-0.4483,0.5000,0.356230,0.292000
XY,0.5000,-0.3793,-0.3793,0.5000,0.381094,0.289000
XY,0.5000,-0.3793,-0.3103,0.5000,0.468065,0.343000
XY,0.5000,-0.3793,-0.2414,0.5000,0.586319,0.328000
XY,0.5000,-0.3793,-0.1724,0.5000,0.653313,0.239000
XY,0.5000,-0.3793,-0.1034,0.5000,0.537364,0.253000
XY,0.5000,-0.3793,-0.0345,0.5000,0.321654,0.287000
XY,0.5000,-0.3793,0.0345,0.5000,0.201524,0.326000
XY,0.5000,-0.3793,0.1034,0.5000,0.269498,0.265000
XY,0.5000,-0.3793,0.1724,0.5000,0.387412,0.180000
XY,0.5000,-0.3793,0.2414,0.5000,0.462712,0.115000
XY,0.5000,-0.3793,0.3103,0.5000,0.496530,0.082000
XY,0.5000,-0.3793,0.3793,0.5000,0.525127,0.039000
XY,0.5000,-0.3793,0.4483,0.5000,0.548148,0.033000
XY,0.5000,-0.3793,0.5172,0.5000,0.545613,0.117000
XY,0.5000,-0.3793,0.5862,0.5000,0.528921,0.194000
XY,0.5000,-0.3793,0.6552,0.5000,0.507366,0.267000
XY,0.5000,-0.3793,0.7241,0.5000,0.486824,0.232000
XY,0.5000,-0.3793,0.7931,0.5000,0.472812,0.180000
XY,0.5000,-0.3793,0.8621,0.5000,0.469212,0.116000
XY,0.5000,-0.3793,0.9310,0.5000,0.475096,0.085000
XY,0.5000,-0.3793,1.0000,0.5000,0.485372,0.035000
XY,0.5000,-0.3103,-1.0000,0.5000,0.509122,0.117000
XY,0.5000,-0.3103,-0.9310,0.5000,0.567265,0.062000
XY,0.5000,-0.3103,-0.8621,0.5000,0.515141,0.084000
XY,0.5000,-0.3103,-0.7931,0.5000,0.500023,0.085000
XY,0.5000,-0.3103,-0.7241,0.5000,0.514537,0.298000
XY,0.5000,-0.3103,-0.6552,0.5000,0.402346,0.252000
XY,0.5000,-0.3103,-0.5862,0.5000,0.377929,0.473000
XY,0.5000,-0.3103,-0.5172,0.5000,0.342256,0.513000
XY,0.5000,-0.3103,-0.4483,0.5000,0.380546,0.449000
XY,0.5000,-0.3103,-0.3793,0.5000,0.452782,0.482000
XY,0.5000,-0.3103,-0.3103,0.5000,0.545057,0.532000
XY,0.5000,-0.3103,-0.2414,0.5000,0.644178,0.456000
XY,0.5000,-0.3103,-0.1724,0.5000,0.650765,0.322000
XY,0.5000,-0.3103,-0.1034,0.5000,0.469078,0.294000
XY,0.5000,-0.3103,-0.0345,0.5000,0.261182,0.381000
XY,0.5000,-0.3103,0.0345,0.5000,0.330672,0.377000
XY,0.5000,-0.3103,0.1034,0.5000,0.446541,0.351000
XY,0.5000,-0.3103,0.1724,0.5000,0.529612,0.247000
XY,0.5000,-0.3103,0.2414,0.5000,0.577412,0.143000
XY,0.5000,-0.3103,0.3103,0.5000,0.612799,0.097000
XY,0.5000,-0.3103,0.3793,0.5000,0.635798,0.102000
XY,0.5000,-0.3103,0.4483,0.5000,0.636198,0.151000
XY,0.5000,-0.3103,0.5172,0.5000,0.619299,0.264000
XY,0.5000,-0.3103,0.5862,0.5000,0.595685,0.356000
XY,0.5000,-0.3103,0.6552,0.5000,0.572851,0.310000
XY,0.5000,-0.3103,0.7241,0.5000,0.555542,0.283000
XY,0.5000,-0.3103,0.7931,0.5000,0.546438,0.206000
XY,0.5000,-0.3103,0.8621,0.5000,0.545098,0.127000
XY,0.5000,-0.3103,0.9310,0.5000,0.548865,0.080000
XY,0.5000,-0.3103,1.0000,0.5000,0.556427,0.041000
XY,0.5000,-0.2414,-1.0000,0.5000,0.529084,0.208000
XY,0.5000,-0.2414,-0.9310,0.5000,0.586764,0.127000
XY,0.5000,-0.2414,-0.8621,0.5000,0.509702,0.089000
XY,0.5000,-0.2414,-0.7931,0.5000,0.504212,0.023000
XY,0.5000,-0.2414,-0.7241,0.5000,0.485645,0.259000
XY,0.5000,-0.2414,-0.6552,0.5000,0.350781,0.210000
XY,0.5000,-0.2414,-0.5862,0.5000,0.341746,0.466000
XY,0.5000,-0.2414,-0.5172,0.5000,0.387960,0.560000
XY,0.5000,-0.2414,-0.4483,0.5000,0.446940,0.514000
XY,0.5000,-0.2414,-0.3793,0.5000,0.508928,0.567000
XY,0.5000,-0.2414,-0.3103,0.5000,0.586836,0.575000
XY,0.5000,-0.2414,-0.2414,0.5000,0.649268,0.494000
XY,0.5000,-0.2414,-0.1724,0.5000,0.596247,0.333000
XY,0.5000,-0.2414,-0.1034,0.5000,0.396172,0.275000
XY,0.5000,-0.2414,-0.0345,0.5000,0.422842,0.448000
XY,0.5000,-0.2414,0.0345,0.5000,0.558015,0.520000
XY,0.5000,-0.2414,0.1034,0.5000,0.655905,0.427000
XY,0.5000,-0.2414,0.1724,0.5000,0.703036,0.331000
XY,0.5000,-0.2414,0.2414,0.5000,0.722518,0.245000
XY,0.5000,-0.2414,0.3103,0.5000,0.732346,0.215000
XY,0.5000,-0.2414,0.3793,0.5000,0.730749,0.242000
XY,0.5000,-0.2414,0.4483,0.5000,0.715532,0.310000
XY,0.5000,-0.2414,0.5172,0.5000,0.692643,0.388000
XY,0.5000,-0.2414,0.5862,0.5000,0.670422,0.429000
XY,0.5000,-0.2414,0.6552,0.5000,0.654842,0.382000
XY,0.5000,-0.2414,0.7241,0.5000,0.647940,0.335000
XY,0.5000,-0.2414,0.7931,0.5000,0.647517,0.240000
XY,0.5000,-0.2414,0.8621,0.5000,0.648918,0.209000
XY,0.5000,-0.2414,0.9310,0.5000,0.649350,0.132000
XY,0.5000,-0.2414,1.0000,0.5000,0.650106,0.096000
XY,0.5000,-0.1724,-1.0000,0.5000,0.520876,0.377000
XY,0.5000,-0.1724,-0.9310,0.5000,0.561766,0.241000
XY,0.5000,-0.1724,-0.8621,0.5000,0.489242,0.137000
XY,0.5000,-0.1724,-0.7931,0.5000,0.505112,0.002000
XY,0.5000,-0.1724,-0.7241,0.5000,0.435721,0.189000
XY,0.5000,-0.1724,-0.6552,0.5000,0.402588,0.257000
XY,0.5000,-0.1724,-0.5862,0.5000,0.440286,0.477000
XY,0.5000,-0.1724,-0.5172,0.5000,0.464186,0.492000
XY,0.5000,-0.1724,-0.4483,0.5000,0.499844,0.486000
XY,0.5000,-0.1724,-0.3793,0.5000,0.542320,0.447000
XY,0.5000,-0.1724,-0.3103,0.5000,0.596155,0.460000
XY,0.5000,-0.1724,-0.2414,0.5000,0.617567,0.424000
XY,0.5000,-0.1724,-0.1724,0.5000,0.532877,0.289000
XY,0.5000,-0.1724,-0.1034,0.5000,0.496912,0.294000
XY,0.5000,-0.1724,-0.0345,0.5000,0.651630,0.559000
XY,0.5000,-0.1724,0.0345,0.5000,0.780320,0.670000
XY,0.5000,-0.1724,0.1034,0.5000,0.836669,0.583000
XY,0.5000,-0.1724,0.1724,0.5000,0.839479,0.446000
XY,0.5000,-0.1724,0.2414,0.5000,0.824792,0.350000
XY,0.5000,-0.1724,0.3103,0.5000,0.809008,0.366000
XY,0.5000,-0.1724,0.3793,0.5000,0.791783,0.394000
XY,0.5000,-0.1724,0.4483,0.5000,0.772054,0.440000
XY,0.5000,-0.1724,0.5172,0.5000,0.753662,0.471000
XY,0.5000,-0.1724,0.5862,0.5000,0.742277,0.525000
XY,0.5000,-0.1724,0.6552,0.5000,0.740645,0.473000
XY,0.5000,-0.1724,0.7241,0.5000,0.745861,0.412000
XY,0.5000,-0.1724,0.7931,0.5000,0.750585,0.361000
XY,0.5000,-0.1724,0.8621,0.5000,0.748372,0.283000
XY,0.5000,-0.1724,0.9310,0.5000,0.739113,0.215000
XY,0.5000,-0.1724,1.0000,0.5000,0.728130,0.171000
XY,0.5000,-0.1034,-1.0000,0.5000,0.495926,0.459000
XY,0.5000,-0.1034,-0.9310,0.5000,0.513380,0.368000
XY,0.5000,-0.1034,-0.8621,0.5000,0.477687,0.137000
XY,0.5000,-0.1034,-0.7931,0.5000,0.503150,0.000000
XY,0.5000,-0.1034,-0.7241,0.5000,0.455392,0.183000
XY,0.5000,-0.1034,-0.6552,0.5000,0.479982,0.402000
XY,0.5000,-0.1034,-0.5862,0.5000,0.500841,0.499000
XY,0.5000,-0.1034,-0.5172,0.5000,0.510366,0.435000
XY,0.5000,-0.1034,-0.4483,0.5000,0.528645,0.412000
XY,0.5000,-0.1034,-0.3793,0.5000,0.554498,0.350000
XY,0.5000,-0.1034,-0.3103,0.5000,0.583604,0.365000
XY,0.5000,-0.1034,-0.2414,0.5000,0.578010,0.374000
XY,0.5000,-0.1034,-0.1724,0.5000,0.543069,0.216000
XY,0.5000,-0.1034,-0.1034,0.5000,0.667273,0.330000
XY,0.5000,-0.1034,-0.0345,0.5000,0.840897,0.721000
XY,0.5000,-0.1034,0.0345,0.5000,0.935766,0.824000
XY,0.5000,-0.1034,0.1034,0.5000,0.939470,0.690000
XY,0.5000,-0.1034,0.1724,0.5000,0.900105,0.552000
XY,0.5000,-0.1034,0.2414,0.5000,0.859216,0.452000
XY,0.5000,-0.1034,0.3103,0.5000,0.830006,0.443000
XY,0.5000,-0.1034,0.3793,0.5000,0.810846,0.476000
XY,0.5000,-0.1034,0.4483,0.5000,0.799206,0.530000
XY,0.5000,-0.1034,0.5172,0.5000,0.795858,0.542000
XY,0.5000,-0.1034,0.5862,0.5000,0.802216,0.576000
XY,0.5000,-0.1034,0.6552,0.5000,0.815858,0.560000
XY,0.5000,-0.1034,0.7241,0.5000,0.828838,0.533000
XY,0.5000,-0.1034,0.7931,0.5000,0.831370,0.453000
XY,0.5000,-0.1034,0.8621,0.5000,0.819151,0.413000
XY,0.5000,-0.1034,0.9310,0.5000,0.797110,0.354000
XY,0.5000,-0.1034,1.0000,0.5000,0.774720,0.293000
XY,0.5000,-0.0345,-1.0000,0.5000,0.488378,0.421000
XY,0.5000,-0.0345,-0.9310,0.5000,0.492769,0.485000
XY,0.5000,-0.0345,-0.8621,0.5000,0.492130,0.186000
XY,0.5000,-0.0345,-0.7931,0.5000,0.499991,0.001000
XY,0.5000,-0.0345,-0.7241,0.5000,0.497894,0.249000
XY,0.5000,-0.0345,-0.6552,0.5000,0.503842,0.481000
XY,0.5000,-0.0345,-0.5862,0.5000,0.508460,0.438000
XY,0.5000,-0.0345,-0.5172,0.5000,0.513046,0.398000
XY,0.5000,-0.0345,-0.4483,0.5000,0.521175,0.369000
XY,0.5000,-0.0345,-0.3793,0.5000,0.532241,0.356000
XY,0.5000,-0.0345,-0.3103,0.5000,0.540479,0.378000
XY,0.5000,-0.0345,-0.2414,0.5000,0.533528,0.336000
XY,0.5000,-0.0345,-0.1724,0.5000,0.590122,0.279000
XY,0.5000,-0.0345,-0.1034,0.5000,0.778421,0.447000
XY,0.5000,-0.0345,-0.0345,0.5000,0.946143,0.850000
XY,0.5000,-0.0345,0.0345,0.5000,0.994134,0.953000
XY,0.5000,-0.0345,0.1034,0.5000,0.949196,0.753000
XY,0.5000,-0.0345,0.1724,0.5000,0.881764,0.583000
XY,0.5000,-0.0345,0.2414,0.5000,0.831204,0.559000
XY,0.5000,-0.0345,0.3103,0.5000,0.804615,0.489000
XY,0.5000,-0.0345,0.3793,0.5000,0.797194,0.489000
XY,0.5000,-0.0345,0.4483,0.5000,0.803667,0.525000
XY,0.5000,-0.0345,0.5172,0.5000,0.820664,0.567000
XY,0.5000,-0.0345,0.5862,0.5000,0.844458,0.601000
XY,0.5000,-0.0345,0.6552,0.5000,0.867914,0.622000
XY,0.5000,-0.0345,0.7241,0.5000,0.880501,0.605000
XY,0.5000,-0.0345,0.7931,0.5000,0.873808,0.578000
XY,0.5000,-0.0345,0.8621,0.5000,0.848668,0.484000
XY,0.5000,-0.0345,0.9310,0.5000,0.815348,0.420000
XY,0.5000,-0.0345,1.0000,0.5000,0.785856,0.345000
XY,0.5000,0.0345,-1.0000,0.5000,0.508162,0.442000
XY,0.5000,0.0345,-0.9310,0.5000,0.503379,0.449000
XY,0.5000,0.0345,-0.8621,0.5000,0.497471,0.195000
XY,0.5000,0.0345,-0.7931,0.5000,0.498013,0.000000
XY,0.5000,0.0345,-0.7241,0.5000,0.492169,0.230000
XY,0.5000,0.0345,-0.6552,0.5000,0.492745,0.465000
XY,0.5000,0.0345,-0.5862,0.5000,0.487817,0.428000
XY,0.5000,0.0345,-0.5172,0.5000,0.479399,0.389000
XY,0.5000,0.0345,-0.4483,0.5000,0.469777,0.346000
XY,0.5000,0.0345,-0.3793,0.5000,0.459346,0.389000
XY,0.5000,0.0345,-0.3103,0.5000,0.451139,0.398000
XY,0.5000,0.0345,-0.2414,0.5000,0.469952,0.360000
XY,0.5000,0.0345,-0.1724,0.5000,0.602880,0.350000
XY,0.5000,0.0345,-0.1034,0.5000,0.822927,0.468000
XY,0.5000,0.0345,-0.0345,0.5000,0.971049,0.850000
XY,0.5000,0.0345,0.0345,0.5000,0.971028,0.948000
XY,0.5000,0.0345,0.1034,0.5000,0.891858,0.743000
XY,0.5000,0.0345,0.1724,0.5000,0.815430,0.589000
XY,0.5000,0.0345,0.2414,0.5000,0.771855,0.550000
XY,0.5000,0.0345,0.3103,0.5000,0.760388,0.517000
XY,0.5000,0.0345,0.3793,0.5000,0.772223,0.511000
XY,0.5000,0.0345,0.4483,0.5000,0.798535,0.470000
XY,0.5000,0.0345,0.5172,0.5000,0.831957,0.549000
XY,0.5000,0.0345,0.5862,0.5000,0.865264,0.566000
XY,0.5000,0.0345,0.6552,0.5000,0.889241,0.596000
XY,0.5000,0.0345,0.7241,0.5000,0.893810,0.571000
XY,0.5000,0.0345,0.7931,0.5000,0.874535,0.551000
XY,0.5000,0.0345,0.8621,0.5000,0.837975,0.494000
XY,0.5000,0.0345,0.9310,0.5000,0.798075,0.410000
XY,0.5000,0.0345,1.0000,0.5000,0.767159,0.374000
XY,0.5000,0.1034,-1.0000,0.5000,0.499809,0.478000
XY,0.5000,0.1034,-0.9310,0.5000,0.477974,0.386000
XY,0.5000,0.1034,-0.8621,0.5000,0.453867,0.157000
XY,0.5000,0.1034,-0.7931,0.5000,0.495650,0.001000
XY,0.5000,0.1034,-0.7241,0.5000,0.480907,0.207000
XY,0.5000,0.1034,-0.6552,0.5000,0.514574,0.397000
XY,0.5000,0.1034,-0.5862,0.5000,0.493325,0.441000
XY,0.5000,0.1034,-0.5172,0.5000,0.461299,0.358000
XY,0.5000,0.1034,-0.4483,0.5000,0.430642,0.326000
XY,0.5000,0.1034,-0.3793,0.5000,0.403246,0.481000
XY,0.5000,0.1034,-0.3103,0.5000,0.393714,0.347000
XY,0.5000,0.1034,-0.2414,0.5000,0.443664,0.408000
XY,0.5000,0.1034,-0.1724,0.5000,0.608495,0.376000
XY,0.5000,0.1034,-0.1034,0.5000,0.835718,0.418000
XY,0.5000,0.1034,-0.0345,0.5000,0.953244,0.740000
XY,0.5000,0.1034,0.0345,0.5000,0.911394,0.886000
XY,0.5000,0.1034,0.1034,0.5000,0.814491,0.736000
XY,0.5000,0.1034,0.1724,0.5000,0.743473,0.641000
XY,0.5000,0.1034,0.2414,0.5000,0.714823,0.571000
XY,0.5000,0.1034,0.3103,0.5000,0.720604,0.518000
XY,0.5000,0.1034,0.3793,0.5000,0.748926,0.489000
XY,0.5000,0.1034,0.4483,0.5000,0.787945,0.481000
XY,0.5000,0.1034,0.5172,0.5000,0.827785,0.449000
XY,0.5000,0.1034,0.5862,0.5000,0.860307,0.522000
XY,0.5000,0.1034,0.6552,0.5000,0.876903,0.504000
XY,0.5000,0.1034,0.7241,0.5000,0.869984,0.499000
XY,0.5000,0.1034,0.7931,0.5000,0.839554,0.483000
XY,0.5000,0.1034,0.8621,0.5000,0.796266,0.425000
XY,0.5000,0.1034,0.9310,0.5000,0.755259,0.356000
XY,0.5000,0.1034,1.0000,0.5000,0.727533,0.331000
XY,0.5000,0.1724,-1.0000,0.5000,0.437713,0.496000
XY,0.5000,0.1724,-0.9310,0.5000,0.400179,0.267000
XY,0.5000,0.1724,-0.8621,0.5000,0.452494,0.163000
XY,0.5000,0.1724,-0.7931,0.5000,0.494538,0.005000
XY,0.5000,0.1724,-0.7241,0.5000,0.497352,0.108000
XY,0.5000,0.1724,-0.6552,0.5000,0.562356,0.241000
XY,0.5000,0.1724,-0.5862,0.5000,0.517071,0.370000
XY,0.5000,0.1724,-0.5172,0.5000,0.484823,0.363000
XY,0.5000,0.1724,-0.4483,0.5000,0.459218,0.342000
XY,0.5000,0.1724,-0.3793,0.5000,0.441971,0.422000
XY,0.5000,0.1724,-0.3103,0.5000,0.434945,0.387000
XY,0.5000,0.1724,-0.2414,0.5000,0.475537,0.420000
XY,0.5000,0.1724,-0.1724,0.5000,0.631474,0.419000
XY,0.5000,0.1724,-0.1034,0.5000,0.841941,0.353000
XY,0.5000,0.1724,-0.0345,0.5000,0.922843,0.543000
XY,0.5000,0.1724,0.0345,0.5000,0.850676,0.685000
XY,0.5000,0.1724,0.1034,0.5000,0.748129,0.642000
XY,0.5000,0.1724,0.1724,0.5000,0.685811,0.617000
XY,0.5000,0.1724,0.2414,0.5000,0.668182,0.518000
XY,0.5000,0.1724,0.3103,0.5000,0.684024,0.448000
XY,0.5000,0.1724,0.3793,0.5000,0.720375,0.400000
XY,0.5000,0.1724,0.4483,0.5000,0.762902,0.337000
XY,0.5000,0.1724,0.5172,0.5000,0.800213,0.364000
XY,0.5000,0.1724,0.5862,0.5000,0.825061,0.336000
XY,0.5000,0.1724,0.6552,0.5000,0.831226,0.337000
XY,0.5000,0.1724,0.7241,0.5000,0.814405,0.345000
XY,0.5000,0.1724,0.7931,0.5000,0.777856,0.363000
XY,0.5000,0.1724,0.8621,0.5000,0.733626,0.294000
XY,0.5000,0.1724,0.9310,0.5000,0.695867,0.284000
XY,0.5000,0.1724,1.0000,0.5000,0.673688,0.253000
XY,0.5000,0.2414,-1.0000,0.5000,0.337553,0.449000
XY,0.5000,0.2414,-0.9310,0.5000,0.354806,0.222000
XY,0.5000,0.2414,-0.8621,0.5000,0.498158,0.232000
XY,0.5000,0.2414,-0.7931,0.5000,0.493034,0.019000
XY,0.5000,0.2414,-0.7241,0.5000,0.520408,0.103000
XY,0.5000,0.2414,-0.6552,0.5000,0.585245,0.135000
XY,0.5000,0.2414,-0.5862,0.5000,0.525745,0.228000
XY,0.5000,0.2414,-0.5172,0.5000,0.509728,0.313000
XY,0.5000,0.2414,-0.4483,0.5000,0.493214,0.292000
XY,0.5000,0.2414,-0.3793,0.5000,0.481849,0.390000
XY,0.5000,0.2414,-0.3103,0.5000,0.475436,0.348000
XY,0.5000,0.2414,-0.2414,0.5000,0.512003,0.403000
XY,0.5000,0.2414,-0.1724,0.5000,0.653312,0.389000
XY,0.5000,0.2414,-0.1034,0.5000,0.833931,0.326000
XY,0.5000,0.2414,-0.0345,0.5000,0.881682,0.405000
XY,0.5000,0.2414,0.0345,0.5000,0.795116,0.491000
XY,0.5000,0.2414,0.1034,0.5000,0.694050,0.493000
XY,0.5000,0.2414,0.1724,0.5000,0.635257,0.483000
XY,0.5000,0.2414,0.2414,0.5000,0.618852,0.388000
XY,0.5000,0.2414,0.3103,0.5000,0.635744,0.286000
XY,0.5000,0.2414,0.3793,0.5000,0.672978,0.251000
XY,0.5000,0.2414,0.4483,0.5000,0.713153,0.236000
XY,0.5000,0.2414,0.5172,0.5000,0.743689,0.194000
XY,0.5000,0.2414,0.5862,0.5000,0.759233,0.212000
XY,0.5000,0.2414,0.6552,0.5000,0.756796,0.224000
XY,0.5000,0.2414,0.7241,0.5000,0.735155,0.196000
XY,0.5000,0.2414,0.7931,0.5000,0.698912,0.213000
XY,0.5000,0.2414,0.8621,0.5000,0.658898,0.209000
XY,0.5000,0.2414,0.9310,0.5000,0.626878,0.157000
XY,0.5000,0.2414,1.0000,0.5000,0.610402,0.137000
XY,0.5000,0.3103,-1.0000,0.5000,0.378335,0.428000
XY,0.5000,0.3103,-0.9310,0.5000,0.406661,0.238000
XY,0.5000,0.3103,-0.8621,0.5000,0.522253,0.302000
XY,0.5000,0.3103,-0.7931,0.5000,0.490170,0.055000
XY,0.5000,0.3103,-0.7241,0.5000,0.524781,0.114000
XY,0.5000,0.3103,-0.6552,0.5000,0.563816,0.078000
XY,0.5000,0.3103,-0.5862,0.5000,0.507374,0.099000
XY,0.5000,0.3103,-0.5172,0.5000,0.509960,0.186000
XY,0.5000,0.3103,-0.4483,0.5000,0.499319,0.202000
XY,0.5000,0.3103,-0.3793,0.5000,0.491399,0.239000
XY,0.5000,0.3103,-0.3103,0.5000,0.489177,0.266000
XY,0.5000,0.3103,-0.2414,0.5000,0.527823,0.305000
XY,0.5000,0.3103,-0.1724,0.5000,0.652517,0.337000
XY,0.5000,0.3103,-0.1034,0.5000,0.797787,0.298000
XY,0.5000,0.3103,-0.0345,0.5000,0.822951,0.274000
XY,0.5000,0.3103,0.0345,0.5000,0.740532,0.325000
XY,0.5000,0.3103,0.1034,0.5000,0.648285,0.334000
XY,0.5000,0.3103,0.1724,0.5000,0.587555,0.313000
XY,0.5000,0.3103,0.2414,0.5000,0.561411,0.246000
XY,0.5000,0.3103,0.3103,0.5000,0.569787,0.141000
XY,0.5000,0.3103,0.3793,0.5000,0.602857,0.075000
XY,0.5000,0.3103,0.4483,0.5000,0.638406,0.083000
XY,0.5000,0.3103,0.5172,0.5000,0.662051,0.084000
XY,0.5000,0.3103,0.5862,0.5000,0.670665,0.102000
XY,0.5000,0.3103,0.6552,0.5000,0.664446,0.111000
XY,0.5000,0.3103,0.7241,0.5000,0.644431,0.112000
XY,0.5000,0.3103,0.7931,0.5000,0.614771,0.107000
XY,0.5000,0.3103,0.8621,0.5000,0.583108,0.116000
XY,0.5000,0.3103,0.9310,0.5000,0.557759,0.100000
XY,0.5000,0.3103,1.0000,0.5000,0.545072,0.068000
XY,0.5000,0.3793,-1.0000,0.5000,0.436335,0.396000
XY,0.5000,0.3793,-0.9310,0.5000,0.443846,0.279000
XY,0.5000,0.3793,-0.8621,0.5000,0.520168,0.361000
XY,0.5000,0.3793,-0.7931,0.5000,0.485952,0.087000
XY,0.5000,0.3793,-0.7241,0.5000,0.501340,0.154000
XY,0.5000,0.3793,-0.6552,0.5000,0.505078,0.152000
XY,0.5000,0.3793,-0.5862,0.5000,0.466593,0.061000
XY,0.5000,0.3793,-0.5172,0.5000,0.483696,0.064000
XY,0.5000,0.3793,-0.4483,0.5000,0.478592,0.078000
XY,0.5000,0.3793,-0.3793,0.5000,0.478021,0.097000
XY,0.5000,0.3793,-0.3103,0.5000,0.486083,0.117000
XY,0.5000,0.3793,-0.2414,0.5000,0.527321,0.192000
XY,0.5000,0.3793,-0.1724,0.5000,0.627854,0.254000
XY,0.5000,0.3793,-0.1034,0.5000,0.734683,0.231000
XY,0.5000,0.3793,-0.0345,0.5000,0.750284,0.187000
XY,0.5000,0.3793,0.0345,0.5000,0.692180,0.215000
XY,0.5000,0.3793,0.1034,0.5000,0.624607,0.238000
XY,0.5000,0.3793,0.1724,0.5000,0.571312,0.223000
XY,0.5000,0.3793,0.2414,0.5000,0.533850,0.140000
XY,0.5000,0.3793,0.3103,0.5000,0.512226,0.044000
XY,0.5000,0.3793,0.3793,0.5000,0.520245,0.011000
XY,0.5000,0.3793,0.4483,0.5000,0.549476,0.010000
XY,0.5000,0.3793,0.5172,0.5000,0.568516,0.006000
XY,0.5000,0.3793,0.5862,0.5000,0.574943,0.023000
XY,0.5000,0.3793,0.6552,0.5000,0.571557,0.032000
XY,0.5000,0.3793,0.7241,0.5000,0.560865,0.061000
XY,0.5000,0.3793,0.7931,0.5000,0.545657,0.053000
XY,0.5000,0.3793,0.8621,0.5000,0.529376,0.065000
XY,0.5000,0.3793,0.9310,0.5000,0.515327,0.053000
XY,0.5000,0.3793,1.0000,0.5000,0.505570,0.029000
XY,0.5000,0.4483,-1.0000,0.5000,0.456041,0.435000
XY,0.5000,0.4483,-0.9310,0.5000,0.444830,0.333000
XY,0.5000,0.4483,-0.8621,0.5000,0.498828,0.337000
XY,0.5000,0.4483,-0.7931,0.5000,0.481528,0.064000
XY,0.5000,0.4483,-0.7241,0.5000,0.455803,0.154000
XY,0.5000,0.4483,-0.6552,0.5000,0.434871,0.229000
XY,0.5000,0.4483,-0.5862,0.5000,0.429619,0.085000
XY,0.5000,0.4483,-0.5172,0.5000,0.460425,0.027000
XY,0.5000,0.4483,-0.4483,0.5000,0.468603,0.050000
XY,0.5000,0.4483,-0.3793,0.5000,0.484480,0.047000
XY,0.5000,0.4483,-0.3103,0.5000,0.506081,0.035000
XY,0.5000,0.4483,-0.2414,0.5000,0.540401,0.068000
XY,0.5000,0.4483,-0.1724,0.5000,0.598185,0.127000
XY,0.5000,0.4483,-0.1034,0.5000,0.659564,0.115000
XY,0.5000,0.4483,-0.0345,0.5000,0.676312,0.125000
XY,0.5000,0.4483,0.0345,0.5000,0.659645,0.106000
XY,0.5000,0.4483,0.1034,0.5000,0.636943,0.138000
XY,0.5000,0.4483,0.1724,0.5000,0.618184,0.137000
XY,0.5000,0.4483,0.2414,0.5000,0.604263,0.073000
XY,0.5000,0.4483,0.3103,0.5000,0.589221,0.039000
XY,0.5000,0.4483,0.3793,0.5000,0.565658,0.016000
XY,0.5000,0.4483,0.4483,0.5000,0.534003,0.009000
XY,0.5000,0.4483,0.5172,0.5000,0.505418,0.001000
XY,0.5000,0.4483,0.5862,0.5000,0.503312,0.012000
XY,0.5000,0.4483,0.6552,0.5000,0.512355,0.022000
XY,0.5000,0.4483,0.7241,0.5000,0.522207,0.043000
XY,0.5000,0.4483,0.7931,0.5000,0.531390,0.049000
XY,0.5000,0.4483,0.8621,0.5000,0.539157,0.057000
XY,0.5000,0.4483,0.9310,0.5000,0.545697,0.038000
XY,0.5000,0.4483,1.0000,0.5000,0.550915,0.026000
XY,0.5000,0.5172,-1.0000,0.5000,0.436925,0.498000
XY,0.5000,0.5172,-0.9310,0.5000,0.418299,0.347000
XY,0.5000,0.5172,-0.8621,0.5000,0.472233,0.321000
XY,0.5000,0.5172,-0.7931,0.5000,0.479347,0.034000
XY,0.5000,0.5172,-0.7241,0.5000,0.423934,0.157000
XY,0.5000,0.5172,-0.6552,0.5000,0.423557,0.351000
XY,0.5000,0.5172,-0.5862,0.5000,0.454243,0.189000
XY,0.5000,0.5172,-0.5172,0.5000,0.489321,0.136000
XY,0.5000,0.5172,-0.4483,0.5000,0.509336,0.127000
XY,0.5000,0.5172,-0.3793,0.5000,0.536349,0.120000
XY,0.5000,0.5172,-0.3103,0.5000,0.564234,0.091000
XY,0.5000,0.5172,-0.2414,0.5000,0.586752,0.038000
XY,0.5000,0.5172,-0.1724,0.5000,0.592316,0.022000
XY,0.5000,0.5172,-0.1034,0.5000,0.591783,0.040000
XY,0.5000,0.5172,-0.0345,0.5000,0.611191,0.042000
XY,0.5000,0.5172,0.0345,0.5000,0.635828,0.036000
XY,0.5000,0.5172,0.1034,0.5000,0.654698,0.052000
XY,0.5000,0.5172,0.1724,0.5000,0.668214,0.056000
XY,0.5000,0.5172,0.2414,0.5000,0.673331,0.048000
XY,0.5000,0.5172,0.3103,0.5000,0.661294,0.050000
XY,0.5000,0.5172,0.3793,0.5000,0.628712,0.071000
XY,0.5000,0.5172,0.4483,0.5000,0.585268,0.041000
XY,0.5000,0.5172,0.5172,0.5000,0.546823,0.032000
XY,0.5000,0.5172,0.5862,0.5000,0.525613,0.033000
XY,0.5000,0.5172,0.6552,0.5000,0.525078,0.031000
XY,0.5000,0.5172,0.7241,0.5000,0.537817,0.029000
XY,0.5000,0.5172,0.7931,0.5000,0.554908,0.043000
XY,0.5000,0.5172,0.8621,0.5000,0.571360,0.048000
XY,0.5000,0.5172,0.9310,0.5000,0.584822,0.049000
XY,0.5000,0.5172,1.0000,0.5000,0.593397,0.046000
XY,0.5000,0.5862,-1.0000,0.5000,0.410219,0.566000
XY,0.5000,0.5862,-0.9310,0.5000,0.391345,0.397000
XY,0.5000,0.5862,-0.8621,0.5000,0.455725,0.243000
XY,0.5000,0.5862,-0.7931,0.5000,0.483945,0.027000
XY,0.5000,0.5862,-0.7241,0.5000,0.482916,0.148000
XY,0.5000,0.5862,-0.6552,0.5000,0.485802,0.402000
XY,0.5000,0.5862,-0.5862,0.5000,0.515545,0.314000
XY,0.5000,0.5862,-0.5172,0.5000,0.536944,0.311000
XY,0.5000,0.5862,-0.4483,0.5000,0.553913,0.290000
XY,0.5000,0.5862,-0.3793,0.5000,0.580024,0.251000
XY,0.5000,0.5862,-0.3103,0.5000,0.608466,0.229000
XY,0.5000,0.5862,-0.2414,0.5000,0.627830,0.111000
XY,0.5000,0.5862,-0.1724,0.5000,0.609332,0.049000
XY,0.5000,0.5862,-0.1034,0.5000,0.550791,0.005000
XY,0.5000,0.5862,-0.0345,0.5000,0.556351,0.005000
XY,0.5000,0.5862,0.0345,0.5000,0.603955,0.005000
XY,0.5000,0.5862,0.1034,0.5000,0.647341,0.006000
XY,0.5000,0.5862,0.1724,0.5000,0.682530,0.008000
XY,0.5000,0.5862,0.2414,0.5000,0.701320,0.025000
XY,0.5000,0.5862,0.3103,0.5000,0.692020,0.043000
XY,0.5000,0.5862,0.3793,0.5000,0.654643,0.084000
XY,0.5000,0.5862,0.4483,0.5000,0.605239,0.069000
XY,0.5000,0.5862,0.5172,0.5000,0.562879,0.060000
XY,0.5000,0.5862,0.5862,0.5000,0.538952,0.052000
XY,0.5000,0.5862,0.6552,0.5000,0.536270,0.041000
XY,0.5000,0.5862,0.7241,0.5000,0.549266,0.037000
XY,0.5000,0.5862,0.7931,0.5000,0.568611,0.043000
XY,0.5000,0.5862,0.8621,0.5000,0.587529,0.038000
XY,0.5000,0.5862,0.9310,0.5000,0.602291,0.032000
XY,0.5000,0.5862,1.0000,0.5000,0.610209,0.039000
XY,0.5000,0.6552,-1.0000,0.5000,0.436885,0.529000
XY,0.5000,0.6552,-0.9310,0.5000,0.439731,0.334000
XY,0.5000,0.6552,-0.8621,0.5000,0.471289,0.165000
XY,0.5000,0.6552,-0.7931,0.5000,0.493622,0.014000
XY,0.5000,0.6552,-0.7241,0.5000,0.512773,0.155000
XY,0.5000,0.6552,-0.6552,0.5000,0.523805,0.383000
XY,0.5000,0.6552,-0.5862,0.5000,0.543366,0.332000
XY,0.5000,0.6552,-0.5172,0.5000,0.548619,0.385000
XY,0.5000,0.6552,-0.4483,0.5000,0.559990,0.358000
XY,0.5000,0.6552,-0.3793,0.5000,0.583056,0.308000
XY,0.5000,0.6552,-0.3103,0.5000,0.612012,0.256000
XY,0.5000,0.6552,-0.2414,0.5000,0.636197,0.156000
XY,0.5000,0.6552,-0.1724,0.5000,0.618413,0.086000
XY,0.5000,0.6552,-0.1034,0.5000,0.542829,0.018000
XY,0.5000,0.6552,-0.0345,0.5000,0.513597,0.014000
XY,0.5000,0.6552,0.0345,0.5000,0.565211,0.018000
XY,0.5000,0.6552,0.1034,0.5000,0.619110,0.012000
XY,0.5000,0.6552,0.1724,0.5000,0.666996,0.022000
XY,0.5000,0.6552,0.2414,0.5000,0.695947,0.027000
XY,0.5000,0.6552,0.3103,0.5000,0.691690,0.047000
XY,0.5000,0.6552,0.3793,0.5000,0.655770,0.073000
XY,0.5000,0.6552,0.4483,0.5000,0.606540,0.093000
XY,0.5000,0.6552,0.5172,0.5000,0.563232,0.088000
XY,0.5000,0.6552,0.5862,0.5000,0.536658,0.070000
XY,0.5000,0.6552,0.6552,0.5000,0.531305,0.047000
XY,0.5000,0.6552,0.7241,0.5000,0.544101,0.030000
XY,0.5000,0.6552,0.7931,0.5000,0.564374,0.032000
XY,0.5000,0.6552,0.8621,0.5000,0.583369,0.024000
XY,0.5000,0.6552,0.9310,0.5000,0.596895,0.032000
XY,0.5000,0.6552,1.0000,0.5000,0.602737,0.024000
XY,0.5000,0.7241,-1.0000,0.5000,0.493905,0.423000
XY,0.5000,0.7241,-0.9310,0.5000,0.502777,0.244000
XY,0.5000,0.7241,-0.8621,0.5000,0.503499,0.111000
XY,0.5000,0.7241,-0.7931,0.5000,0.494684,0.020000
XY,0.5000,0.7241,-0.7241,0.5000,0.513097,0.134000
XY,0.5000,0.7241,-0.6552,0.5000,0.524639,0.348000
XY,0.5000,0.7241,-0.5862,0.5000,0.529243,0.288000
XY,0.5000,0.7241,-0.5172,0.5000,0.524596,0.342000
XY,0.5000,0.7241,-0.4483,0.5000,0.534946,0.409000
XY,0.5000,0.7241,-0.3793,0.5000,0.556482,0.328000
XY,0.5000,0.7241,-0.3103,0.5000,0.586936,0.298000
XY,0.5000,0.7241,-0.2414,0.5000,0.620169,0.129000
XY,0.5000,0.7241,-0.1724,0.5000,0.614196,0.061000
XY,0.5000,0.7241,-0.1034,0.5000,0.547985,0.028000
XY,0.5000,0.7241,-0.0345,0.5000,0.496880,0.014000
XY,0.5000,0.7241,0.0345,0.5000,0.533963,0.046000
XY,0.5000,0.7241,0.1034,0.5000,0.586417,0.065000
XY,0.5000,0.7241,0.1724,0.5000,0.637255,0.043000
XY,0.5000,0.7241,0.2414,0.5000,0.671027,0.055000
XY,0.5000,0.7241,0.3103,0.5000,0.672844,0.047000
XY,0.5000,0.7241,0.3793,0.5000,0.644223,0.073000
XY,0.5000,0.7241,0.4483,0.5000,0.601478,0.081000
XY,0.5000,0.7241,0.5172,0.5000,0.560638,0.083000
XY,0.5000,0.7241,0.5862,0.5000,0.530466,0.069000
XY,0.5000,0.7241,0.6552,0.5000,0.516716,0.028000
XY,0.5000,0.7241,0.7241,0.5000,0.524320,0.020000
XY,0.5000,0.7241,0.7931,0.5000,0.543804,0.018000
XY,0.5000,0.7241,0.8621,0.5000,0.561633,0.014000
XY,0.5000,0.7241,0.9310,0.5000,0.572996,0.011000
XY,0.5000,0.7241,1.0000,0.5000,0.576970,0.024000
XY,0.5000,0.7931,-1.0000,0.5000,0.529853,0.244000
XY,0.5000,0.7931,-0.9310,0.5000,0.532934,0.153000
XY,0.5000,0.7931,-0.8621,0.5000,0.516066,0.050000
XY,0.5000,0.7931,-0.7931,0.5000,0.486802,0.008000
XY,0.5000,0.7931,-0.7241,0.5000,0.496612,0.136000
XY,0.5000,0.7931,-0.6552,0.5000,0.501462,0.244000
XY,0.5000,0.7931,-0.5862,0.5000,0.493651,0.201000
XY,0.5000,0.7931,-0.5172,0.5000,0.489218,0.246000
XY,0.5000,0.7931,-0.4483,0.5000,0.502533,0.323000
XY,0.5000,0.7931,-0.3793,0.5000,0.522268,0.291000
XY,0.5000,0.7931,-0.3103,0.5000,0.553492,0.209000
XY,0.5000,0.7931,-0.2414,0.5000,0.596166,0.096000
XY,0.5000,0.7931,-0.1724,0.5000,0.605454,0.044000
XY,0.5000,0.7931,-0.1034,0.5000,0.561482,0.022000
XY,0.5000,0.7931,-0.0345,0.5000,0.518100,0.010000
XY,0.5000,0.7931,0.0345,0.5000,0.526331,0.030000
XY,0.5000,0.7931,0.1034,0.5000,0.562737,0.045000
XY,0.5000,0.7931,0.1724,0.5000,0.605053,0.078000
XY,0.5000,0.7931,0.2414,0.5000,0.636568,0.069000
XY,0.5000,0.7931,0.3103,0.5000,0.644024,0.071000
XY,0.5000,0.7931,0.3793,0.5000,0.627882,0.071000
XY,0.5000,0.7931,0.4483,0.5000,0.598944,0.068000
XY,0.5000,0.7931,0.5172,0.5000,0.567889,0.066000
XY,0.5000,0.7931,0.5862,0.5000,0.540984,0.054000
XY,0.5000,0.7931,0.6552,0.5000,0.520521,0.031000
XY,0.5000,0.7931,0.7241,0.5000,0.506556,0.005000
XY,0.5000,0.7931,0.7931,0.5000,0.511609,0.000000
XY,0.5000,0.7931,0.8621,0.5000,0.527604,0.003000
XY,0.5000,0.7931,0.9310,0.5000,0.537453,0.006000
XY,0.5000,0.7931,1.0000,0.5000,0.541478,0.011000
XY,0.5000,0.8621,-1.0000,0.5000,0.539443,0.110000
XY,0.5000,0.8621,-0.9310,0.5000,0.538322,0.058000
XY,0.5000,0.8621,-0.8621,0.5000,0.514011,0.021000
XY,0.5000,0.8621,-0.7931,0.5000,0.478154,0.023000
XY,0.5000,0.8621,-0.7241,0.5000,0.477296,0.126000
XY,0.5000,0.8621,-0.6552,0.5000,0.473339,0.172000
XY,0.5000,0.8621,-0.5862,0.5000,0.462037,0.100000
XY,0.5000,0.8621,-0.5172,0.5000,0.465955,0.136000
XY,0.5000,0.8621,-0.4483,0.5000,0.481174,0.194000
XY,0.5000,0.8621,-0.3793,0.5000,0.494392,0.182000
XY,0.5000,0.8621,-0.3103,0.5000,0.523553,0.134000
XY,0.5000,0.8621,-0.2414,0.5000,0.575012,0.066000
XY,0.5000,0.8621,-0.1724,0.5000,0.600044,0.008000
XY,0.5000,0.8621,-0.1034,0.5000,0.584252,0.000000
XY,0.5000,0.8621,-0.0345,0.5000,0.559957,0.002000
XY,0.5000,0.8621,0.0345,0.5000,0.551418,0.007000
XY,0.5000,0.8621,0.1034,0.5000,0.560652,0.020000
XY,0.5000,0.8621,0.1724,0.5000,0.580410,0.048000
XY,0.5000,0.8621,0.2414,0.5000,0.599951,0.053000
XY,0.5000,0.8621,0.3103,0.5000,0.610559,0.056000
XY,0.5000,0.8621,0.3793,0.5000,0.610045,0.061000
XY,0.5000,0.8621,0.4483,0.5000,0.600808,0.052000
XY,0.5000,0.8621,0.5172,0.5000,0.587315,0.053000
XY,0.5000,0.8621,0.5862,0.5000,0.573774,0.042000
XY,0.5000,0.8621,0.6552,0.5000,0.561081,0.020000
XY,0.5000,0.8621,0.7241,0.5000,0.546550,0.009000
XY,0.5000,0.8621,0.7931,0.5000,0.528093,0.002000
XY,0.5000,0.8621,0.8621,0.5000,0.508018,0.001000
XY,0.5000,0.8621,0.9310,0.5000,0.502307,0.001000
XY,0.5000,0.8621,1.0000,0.5000,0.509779,0.004000
XY,0.5000,0.9310,-1.0000,0.5000,0.536440,0.037000
XY,0.5000,0.9310,-0.9310,0.5000,0.533399,0.027000
XY,0.5000,0.9310,-0.8621,0.5000,0.505985,0.030000
XY,0.5000,0.9310,-0.7931,0.5000,0.473669,0.037000
XY,0.5000,0.9310,-0.7241,0.5000,0.466114,0.120000
XY,0.5000,0.9310,-0.6552,0.5000,0.458038,0.100000
XY,0.5000,0.9310,-0.5862,0.5000,0.455043,0.050000
XY,0.5000,0.9310,-0.5172,0.5000,0.469999,0.049000
XY,0.5000,0.9310,-0.4483,0.5000,0.481644,0.096000
XY,0.5000,0.9310,-0.3793,0.5000,0.479799,0.085000
XY,0.5000,0.9310,-0.3103,0.5000,0.502482,0.061000
XY,0.5000,0.9310,-0.2414,0.5000,0.563086,0.025000
XY,0.5000,0.9310,-0.1724,0.5000,0.599741,0.000000
XY,0.5000,0.9310,-0.1034,0.5000,0.606511,0.021000
XY,0.5000,0.9310,-0.0345,0.5000,0.598798,0.028000
XY,0.5000,0.9310,0.0345,0.5000,0.589125,0.019000
XY,0.5000,0.9310,0.1034,0.5000,0.581501,0.011000
XY,0.5000,0.9310,0.1724,0.5000,0.574317,0.015000
XY,0.5000,0.9310,0.2414,0.5000,0.569859,0.025000
XY,0.5000,0.9310,0.3103,0.5000,0.576475,0.028000
XY,0.5000,0.9310,0.3793,0.5000,0.589709,0.019000
XY,0.5000,0.9310,0.4483,0.5000,0.599753,0.031000
XY,0.5000,0.9310,0.5172,0.5000,0.604562,0.019000
XY,0.5000,0.9310,0.5862,0.5000,0.604818,0.023000
XY,0.5000,0.9310,0.6552,0.5000,0.598660,0.009000
XY,0.5000,0.9310,0.7241,0.5000,0.583251,0.021000
XY,0.5000,0.9310,0.7931,0.5000,0.559674,0.012000
XY,0.5000,0.9310,0.8621,0.5000,0.533803,0.007000
XY,0.5000,0.9310,0.9310,0.5000,0.513519,0.004000
XY,0.5000,0.9310,1.0000,0.5000,0.507510,0.007000
XY,0.5000,1.0000,-1.0000,0.5000,0.531395,0.019000
XY,0.5000,1.0000,-0.9310,0.5000,0.522171,0.018000
XY,0.5000,1.0000,-0.8621,0.5000,0.495331,0.035000
XY,0.5000,1.0000,-0.7931,0.5000,0.474037,0.068000
XY,0.5000,1.0000,-0.7241,0.5000,0.468410,0.089000
XY,0.5000,1.0000,-0.6552,0.5000,0.466598,0.050000
XY,0.5000,1.0000,-0.5862,0.5000,0.479572,0.011000
XY,0.5000,1.0000,-0.5172,0.5000,0.499293,0.017000
XY,0.5000,1.0000,-0.4483,0.5000,0.503509,0.020000
XY,0.5000,1.0000,-0.3793,0.5000,0.491299,0.028000
XY,0.5000,1.0000,-0.3103,0.5000,0.505022,0.020000
XY,0.5000,1.0000,-0.2414,0.5000,0.560116,0.002000
XY,0.5000,1.0000,-0.1724,0.5000,0.596575,0.019000
XY,0.5000,1.0000,-0.1034,0.5000,0.613314,0.051000
XY,0.5000,1.0000,-0.0345,0.5000,0.616604,0.079000
XY,0.5000,1.0000,0.0345,0.5000,0.613012,0.058000
XY,0.5000,1.0000,0.1034,0.5000,0.603556,0.031000
XY,0.5000,1.0000,0.1724,0.5000,0.583925,0.008000
XY,0.5000,1.0000,0.2414,0.5000,0.556478,0.005000
XY,0.5000,1.0000,0.3103,0.5000,0.546570,0.005000
XY,0.5000,1.0000,0.3793,0.5000,0.565221,0.008000
XY,0.5000,1.0000,0.4483,0.5000,0.588420,0.004000
XY,0.5000,1.0000,0.5172,0.5000,0.607561,0.003000
XY,0.5000,1.0000,0.5862,0.5000,0.619375,0.004000
XY,0.5000,1.0000,0.6552,0.5000,0.619162,0.005000
XY,0.5000,1.0000,0.7241,0.5000,0.604177,0.015000
XY,0.5000,1.0000,0.7931,0.5000,0.577978,0.020000
XY,0.5000,1.0000,0.8621,0.5000,0.548808,0.023000
XY,0.5000,1.0000,0.9310,0.5000,0.525082,0.014000
XY,0.5000,1.0000,1.0000,0.5000,0.513974,0.013000
XY,1.0000,-1.0000,-1.0000,1.0000,0.481819,0.017000
XY,1.0000,-1.0000,-0.9310,1.0000,0.464506,0.041000
XY,1.0000,-1.0000,-0.8621,1.0000,0.464394,0.109000
XY,1.0000,-1.0000,-0.7931,1.0000,0.468885,0.070000
XY,1.0000,-1.0000,-0.7241,1.0000,0.495345,0.044000
XY,1.0000,-1.0000,-0.6552,1.0000,0.523546,0.011000
XY,1.0000,-1.0000,-0.5862,1.0000,0.531873,0.035000
XY,1.0000,-1.0000,-0.5172,1.0000,0.534920,0.071000
XY,1.0000,-1.0000,-0.4483,1.0000,0.534880,0.133000
XY,1.0000,-1.0000,-0.3793,1.0000,0.520597,0.195000
XY,1.0000,-1.0000,-0.3103,1.0000,0.483476,0.294000
XY,1.0000,-1.0000,-0.2414,1.0000,0.422916,0.363000
XY,1.0000,-1.0000,-0.1724,1.0000,0.342990,0.396000
XY,1.0000,-1.0000,-0.1034,1.0000,0.249363,0.344000
XY,1.0000,-1.0000,-0.0345,1.0000,0.190883,0.213000
XY,1.0000,-1.0000,0.0345,1.0000,0.241735,0.140000
XY,1.0000,-1.0000,0.1034,1.0000,0.319506,0.155000
XY,1.0000,-1.0000,0.1724,1.0000,0.359525,0.247000
XY,1.0000,-1.0000,0.2414,1.0000,0.393736,0.288000
XY,1.0000,-1.0000,0.3103,1.0000,0.418995,0.221000
XY,1.0000,-1.0000,0.3793,1.0000,0.388366,0.192000
XY,1.0000,-1.0000,0.4483,1.0000,0.324481,0.260000
XY,1.0000,-1.0000,0.5172,1.0000,0.254094,0.328000
XY,1.0000,-1.0000,0.5862,1.0000,0.224024,0.295000
XY,1.0000,-1.0000,0.6552,1.0000,0.272622,0.131000
XY,1.0000,-1.0000,0.7241,1.0000,0.363642,0.023000
XY,1.0000,-1.0000,0.7931,1.0000,0.450568,0.030000
XY,1.0000,-1.0000,0.8621,1.0000,0.507390,0.044000
XY,1.0000,-1.0000,0.9310,1.0000,0.528593,0.031000
XY,1.0000,-1.0000,1.0000,1.0000,0.528114,0.017000
XY,1.0000,-0.9310,-1.0000,1.0000,0.452782,0.032000
XY,1.0000,-0.9310,-0.9310,1.0000,0.454525,0.124000
XY,1.0000,-0.9310,-0.8621,1.0000,0.461652,0.118000
XY,1.0000,-0.9310,-0.7931,1.0000,0.468602,0.045000
XY,1.0000,-0.9310,-0.7241,1.0000,0.508854,0.038000
XY,1.0000,-0.9310,-0.6552,1.0000,0.535492,0.017000
XY,1.0000,-0.9310,-0.5862,1.0000,0.538193,0.063000
XY,1.0000,-0.9310,-0.5172,1.0000,0.544335,0.108000
XY,1.0000,-0.9310,-0.4483,1.0000,0.545065,0.168000
XY,1.0000,-0.9310,-0.3793,1.0000,0.524835,0.321000
XY,1.0000,-0.9310,-0.3103,1.0000,0.477459,0.467000
XY,1.0000,-0.9310,-0.2414,1.0000,0.391236,0.532000
XY,1.0000,-0.9310,-0.1724,1.0000,0.266362,0.464000
XY,1.0000,-0.9310,-0.1034,1.0000,0.175566,0.275000
XY,1.0000,-0.9310,-0.0345,1.0000,0.192441,0.089000
XY,1.0000,-0.9310,0.0345,1.0000,0.298454,0.109000
XY,1.0000,-0.9310,0.1034,1.0000,0.363228,0.247000
XY,1.0000,-0.9310,0.1724,1.0000,0.405661,0.292000
XY,1.0000,-0.9310,0.2414,1.0000,0.443265,0.249000
XY,1.0000,-0.9310,0.3103,1.0000,0.399599,0.216000
XY,1.0000,-0.9310,0.3793,1.0000,0.317265,0.253000
XY,1.0000,-0.9310,0.4483,1.0000,0.246656,0.327000
XY,1.0000,-0.9310,0.5172,1.0000,0.220044,0.294000
XY,1.0000,-0.9310,0.5862,1.0000,0.268228,0.169000
XY,1.0000,-0.9310,0.6552,1.0000,0.360763,0.045000
XY,1.0000,-0.9310,0.7241,1.0000,0.448132,0.019000
XY,1.0000,-0.9310,0.7931,1.0000,0.506425,0.047000
XY,1.0000,-0.9310,0.8621,1.0000,0.528255,0.035000
XY,1.0000,-0.9310,0.9310,1.0000,0.522301,0.019000
XY,1.0000,-0.9310,1.0000,1.0000,0.507225,0.069000
XY,1.0000,-0.8621,-1.0000,1.0000,0.455589,0.089000
XY,1.0000,-0.8621,-0.9310,1.0000,0.469187,0.195000
XY,1.0000,-0.8621,-0.8621,1.0000,0.472760,0.110000
XY,1.0000,-0.8621,-0.7931,1.0000,0.473249,0.018000
XY,1.0000,-0.8621,-0.7241,1.0000,0.518826,0.031000
XY,1.0000,-0.8621,-0.6552,1.0000,0.540851,0.058000
XY,1.0000,-0.8621,-0.5862,1.0000,0.542199,0.123000
XY,1.0000,-0.8621,-0.5172,1.0000,0.551774,0.189000
XY,1.0000,-0.8621,-0.4483,1.0000,0.548134,0.287000
XY,1.0000,-0.8621,-0.3793,1.0000,0.521174,0.452000
XY,1.0000,-0.8621,-0.3103,1.0000,0.461502,0.669000
XY,1.0000,-0.8621,-0.2414,1.0000,0.350907,0.705000
XY,1.0000,-0.8621,-0.1724,1.0000,0.204766,0.502000
XY,1.0000,-0.8621,-0.1034,1.0000,0.145998,0.167000
XY,1.0000,-0.8621,-0.0345,1.0000,0.236323,0.081000
XY,1.0000,-0.8621,0.0345,1.0000,0.339502,0.256000
XY,1.0000,-0.8621,0.1034,1.0000,0.409360,0.337000
XY,1.0000,-0.8621,0.1724,1.0000,0.473519,0.319000
XY,1.0000,-0.8621,0.2414,1.0000,0.443168,0.285000
XY,1.0000,-0.8621,0.3103,1.0000,0.339155,0.334000
XY,1.0000,-0.8621,0.3793,1.0000,0.241117,0.379000
XY,1.0000,-0.8621,0.4483,1.0000,0.204323,0.328000
XY,1.0000,-0.8621,0.5172,1.0000,0.248868,0.174000
XY,1.0000,-0.8621,0.5862,1.0000,0.344311,0.072000
XY,1.0000,-0.8621,0.6552,1.0000,0.432998,0.026000
XY,1.0000,-0.8621,0.7241,1.0000,0.490994,0.045000
XY,1.0000,-0.8621,0.7931,1.0000,0.513993,0.038000
XY,1.0000,-0.8621,0.8621,1.0000,0.507879,0.016000
XY,1.0000,-0.8621,0.9310,1.0000,0.495765,0.048000
XY,1.0000,-0.8621,1.0000,1.0000,0.482523,0.166000
XY,1.0000,-0.7931,-1.0000,1.0000,0.485718,0.236000
XY,1.0000,-0.7931,-0.9310,1.0000,0.496875,0.281000
XY,1.0000,-0.7931,-0.8621,1.0000,0.492293,0.131000
XY,1.0000,-0.7931,-0.7931,1.0000,0.482539,0.012000
XY,1.0000,-0.7931,-0.7241,1.0000,0.520844,0.060000
XY,1.0000,-0.7931,-0.6552,1.0000,0.536240,0.152000
XY,1.0000,-0.7931,-0.5862,1.0000,0.534835,0.260000
XY,1.0000,-0.7931,-0.5172,1.0000,0.545840,0.328000
XY,1.0000,-0.7931,-0.4483,1.0000,0.536065,0.390000
XY,1.0000,-0.7931,-0.3793,1.0000,0.504589,0.557000
XY,1.0000,-0.7931,-0.3103,1.0000,0.433760,0.740000
XY,1.0000,-0.7931,-0.2414,1.0000,0.308158,0.766000
XY,1.0000,-0.7931,-0.1724,1.0000,0.182796,0.471000
XY,1.0000,-0.7931,-0.1034,1.0000,0.196137,0.151000
XY,1.0000,-0.7931,-0.0345,1.0000,0.280735,0.233000
XY,1.0000,-0.7931,0.0345,1.0000,0.392769,0.389000
XY,1.0000,-0.7931,0.1034,1.0000,0.486178,0.334000
XY,1.0000,-0.7931,0.1724,1.0000,0.488483,0.351000
XY,1.0000,-0.7931,0.2414,1.0000,0.391875,0.448000
XY,1.0000,-0.7931,0.3103,1.0000,0.264562,0.473000
XY,1.0000,-0.7931,0.3793,1.0000,0.195385,0.362000
XY,1.0000,-0.7931,0.4483,1.0000,0.228781,0.224000
XY,1.0000,-0.7931,0.5172,1.0000,0.326475,0.109000
XY,1.0000,-0.7931,0.5862,1.0000,0.417975,0.052000
XY,1.0000,-0.7931,0.6552,1.0000,0.474932,0.050000
XY,1.0000,-0.7931,0.7241,1.0000,0.498814,0.027000
XY,1.0000,-0.7931,0.7931,1.0000,0.515332,0.017000
XY,1.0000,-0.7931,0.8621,1.0000,0.518333,0.056000
XY,1.0000,-0.7931,0.9310,1.0000,0.504142,0.144000
XY,1.0000,-0.7931,1.0000,1.0000,0.482684,0.232000
XY,1.0000,-0.7241,-1.0000,1.0000,0.521966,0.278000
XY,1.0000,-0.7241,-0.9310,1.0000,0.519204,0.361000
XY,1.0000,-0.7241,-0.8621,1.0000,0.509209,0.149000
XY,1.0000,-0.7241,-0.7931,1.0000,0.491584,0.007000
XY,1.0000,-0.7241,-0.7241,1.0000,0.506238,0.111000
XY,1.0000,-0.7241,-0.6552,1.0000,0.507330,0.286000
XY,1.0000,-0.7241,-0.5862,1.0000,0.503954,0.425000
XY,1.0000,-0.7241,-0.5172,1.0000,0.521925,0.454000
XY,1.0000,-0.7241,-0.4483,1.0000,0.510895,0.436000
XY,1.0000,-0.7241,-0.3793,1.0000,0.479344,0.495000
XY,1.0000,-0.7241,-0.3103,1.0000,0.401803,0.706000
XY,1.0000,-0.7241,-0.2414,1.0000,0.277934,0.685000
XY,1.0000,-0.7241,-0.1724,1.0000,0.222421,0.375000
XY,1.0000,-0.7241,-0.1034,1.0000,0.273773,0.228000
XY,1.0000,-0.7241,-0.0345,1.0000,0.371341,0.309000
XY,1.0000,-0.7241,0.0345,1.0000,0.469871,0.299000
XY,1.0000,-0.7241,0.1034,1.0000,0.506274,0.332000
XY,1.0000,-0.7241,0.1724,1.0000,0.441084,0.390000
XY,1.0000,-0.7241,0.2414,1.0000,0.313231,0.458000
XY,1.0000,-0.7241,0.3103,1.0000,0.217447,0.373000
XY,1.0000,-0.7241,0.3793,1.0000,0.238445,0.225000
XY,1.0000,-0.7241,0.4483,1.0000,0.334434,0.111000
XY,1.0000,-0.7241,0.5172,1.0000,0.428981,0.095000
XY,1.0000,-0.7241,0.5862,1.0000,0.489866,0.054000
XY,1.0000,-0.7241,0.6552,1.0000,0.521361,0.041000
XY,1.0000,-0.7241,0.7241,1.0000,0.541525,0.030000
XY,1.0000,-0.7241,0.7931,1.0000,0.546046,0.059000
XY,1.0000,-0.7241,0.8621,1.0000,0.533145,0.130000
XY,1.0000,-0.7241,0.9310,1.0000,0.511232,0.205000
XY,1.0000,-0.7241,1.0000,1.0000,0.488527,0.266000
XY,1.0000,-0.6552,-1.0000,1.0000,0.537975,0.345000
XY,1.0000,-0.6552,-0.9310,1.0000,0.517030,0.405000
XY,1.0000,-0.6552,-0.8621,1.0000,0.509585,0.159000
XY,1.0000,-0.6552,-0.7931,1.0000,0.491315,0.008000
XY,1.0000,-0.6552,-0.7241,1.0000,0.473082,0.181000
XY,1.0000,-0.6552,-0.6552,1.0000,0.447859,0.399000
XY,1.0000,-0.6552,-0.5862,1.0000,0.457267,0.526000
XY,1.0000,-0.6552,-0.5172,1.0000,0.494549,0.432000
XY,1.0000,-0.6552,-0.4483,1.0000,0.488004,0.367000
XY,1.0000,-0.6552,-0.3793,1.0000,0.457583,0.404000
XY,1.0000,-0.6552,-0.3103,1.0000,0.377511,0.587000
XY,1.0000,-0.6552,-0.2414,1.0000,0.273069,0.538000
XY,1.0000,-0.6552,-0.1724,1.0000,0.283024,0.339000
XY,1.0000,-0.6552,-0.1034,1.0000,0.366990,0.255000
XY,1.0000,-0.6552,-0.0345,1.0000,0.447314,0.207000
XY,1.0000,-0.6552,0.0345,1.0000,0.487403,0.164000
XY,1.0000,-0.6552,0.1034,1.0000,0.457941,0.263000
XY,1.0000,-0.6552,0.1724,1.0000,0.355099,0.376000
XY,1.0000,-0.6552,0.2414,1.0000,0.254904,0.337000
XY,1.0000,-0.6552,0.3103,1.0000,0.265265,0.201000
XY,1.0000,-0.6552,0.3793,1.0000,0.360047,0.109000
XY,1.0000,-0.6552,0.4483,1.0000,0.458323,0.091000
XY,1.0000,-0.6552,0.5172,1.0000,0.523537,0.105000
XY,1.0000,-0.6552,0.5862,1.0000,0.552390,0.063000
XY,1.0000,-0.6552,0.6552,1.0000,0.562935,0.040000
XY,1.0000,-0.6552,0.7241,1.0000,0.563708,0.079000
XY,1.0000,-0.6552,0.7931,1.0000,0.552447,0.146000
XY,1.0000,-0.6552,0.8621,1.0000,0.532314,0.233000
XY,1.0000,-0.6552,0.9310,1.0000,0.510708,0.274000
XY,1.0000,-0.6552,1.0000,1.0000,0.494657,0.262000
XY,1.0000,-0.5862,-1.0000,1.0000,0.512542,0.265000
XY,1.0000,-0.5862,-0.9310,1.0000,0.478008,0.385000
XY,1.0000,-0.5862,-0.8621,1.0000,0.481107,0.160000
XY,1.0000,-0.5862,-0.7931,1.0000,0.483095,0.015000
XY,1.0000,-0.5862,-0.7241,1.0000,0.463669,0.285000
XY,1.0000,-0.5862,-0.6552,1.0000,0.406341,0.431000
XY,1.0000,-0.5862,-0.5862,1.0000,0.438199,0.534000
XY,1.0000,-0.5862,-0.5172,1.0000,0.488784,0.372000
XY,1.0000,-0.5862,-0.4483,1.0000,0.479351,0.223000
XY,1.0000,-0.5862,-0.3793,1.0000,0.442308,0.308000
XY,1.0000,-0.5862,-0.3103,1.0000,0.357361,0.386000
XY,1.0000,-0.5862,-0.2414,1.0000,0.289733,0.395000
XY,1.0000,-0.5862,-0.1724,1.0000,0.363854,0.299000
XY,1.0000,-0.5862,-0.1034,1.0000,0.459912,0.181000
XY,1.0000,-0.5862,-0.0345,1.0000,0.475704,0.090000
XY,1.0000,-0.5862,0.0345,1.0000,0.441245,0.133000
XY,1.0000,-0.5862,0.1034,1.0000,0.367309,0.250000
XY,1.0000,-0.5862,0.1724,1.0000,0.279932,0.304000
XY,1.0000,-0.5862,0.2414,1.0000,0.280955,0.176000
XY,1.0000,-0.5862,0.3103,1.0000,0.375200,0.094000
XY,1.0000,-0.5862,0.3793,1.0000,0.477360,0.109000
XY,1.0000,-0.5862,0.4483,1.0000,0.547724,0.107000
XY,1.0000,-0.5862,0.5172,1.0000,0.575078,0.088000
XY,1.0000,-0.5862,0.5862,1.0000,0.574094,0.062000
XY,1.0000,-0.5862,0.6552,1.0000,0.564439,0.067000
XY,1.0000,-0.5862,0.7241,1.0000,0.551281,0.133000
XY,1.0000,-0.5862,0.7931,1.0000,0.533876,0.205000
XY,1.0000,-0.5862,0.8621,1.0000,0.515491,0.260000
XY,1.0000,-0.5862,0.9310,1.0000,0.502346,0.259000
XY,1.0000,-0.5862,1.0000,1.0000,0.499719,0.205000
XY,1.0000,-0.5172,-1.0000,1.0000,0.454735,0.178000
XY,1.0000,-0.5172,-0.9310,1.0000,0.418905,0.326000
XY,1.0000,-0.5172,-0.8621,1.0000,0.426434,0.152000
XY,1.0000,-0.5172,-0.7931,1.0000,0.479551,0.037000
XY,1.0000,-0.5172,-0.7241,1.0000,0.489623,0.364000
XY,1.0000,-0.5172,-0.6552,1.0000,0.433486,0.362000
XY,1.0000,-0.5172,-0.5862,1.0000,0.461164,0.376000
XY,1.0000,-0.5172,-0.5172,1.0000,0.496152,0.223000
XY,1.0000,-0.5172,-0.4483,1.0000,0.467138,0.127000
XY,1.0000,-0.5172,-0.3793,1.0000,0.414572,0.192000
XY,1.0000,-0.5172,-0.3103,1.0000,0.324946,0.252000
XY,1.0000,-0.5172,-0.2414,1.0000,0.367525,0.266000
XY,1.0000,-0.5172,-0.1724,1.0000,0.473192,0.218000
XY,1.0000,-0.5172,-0.1034,1.0000,0.534622,0.151000
XY,1.0000,-0.5172,-0.0345,1.0000,0.459068,0.129000
XY,1.0000,-0.5172,0.0345,1.0000,0.359604,0.161000
XY,1.0000,-0.5172,0.1034,1.0000,0.280656,0.245000
XY,1.0000,-0.5172,0.1724,1.0000,0.269860,0.193000
XY,1.0000,-0.5172,0.2414,1.0000,0.361909,0.093000
XY,1.0000,-0.5172,0.3103,1.0000,0.467339,0.063000
XY,1.0000,-0.5172,0.3793,1.0000,0.542650,0.117000
XY,1.0000,-0.5172,0.4483,1.0000,0.573718,0.095000
XY,1.0000,-0.5172,0.5172,1.0000,0.567331,0.058000
XY,1.0000,-0.5172,0.5862,1.0000,0.546063,0.056000
XY,1.0000,-0.5172,0.6552,1.0000,0.526639,0.108000
XY,1.0000,-0.5172,0.7241,1.0000,0.510296,0.196000
XY,1.0000,-0.5172,0.7931,1.0000,0.495925,0.232000
XY,1.0000,-0.5172,0.8621,1.0000,0.486867,0.234000
XY,1.0000,-0.5172,0.9310,1.0000,0.487814,0.190000
XY,1.0000,-0.5172,1.0000,1.0000,0.500336,0.152000
XY,1.0000,-0.4483,-1.0000,1.0000,0.432399,0.090000
XY,1.0000,-0.4483,-0.9310,1.0000,0.436989,0.215000
XY,1.0000,-0.4483,-0.8621,1.0000,0.442717,0.149000
XY,1.0000,-0.4483,-0.7931,1.0000,0.482211,0.085000
XY,1.0000,-0.4483,-0.7241,1.0000,0.525886,0.377000
XY,1.0000,-0.4483,-0.6552,1.0000,0.459962,0.348000
XY,1.0000,-0.4483,-0.5862,1.0000,0.475340,0.341000
XY,1.0000,-0.4483,-0.5172,1.0000,0.479891,0.164000
XY,1.0000,-0.4483,-0.4483,1.0000,0.425937,0.152000
XY,1.0000,-0.4483,-0.3793,1.0000,0.371240,0.163000
XY,1.0000,-0.4483,-0.3103,1.0000,0.379693,0.226000
XY,1.0000,-0.4483,-0.2414,1.0000,0.472185,0.224000
XY,1.0000,-0.4483,-0.1724,1.0000,0.581594,0.188000
XY,1.0000,-0.4483,-0.1034,1.0000,0.573893,0.173000
XY,1.0000,-0.4483,-0.0345,1.0000,0.411263,0.190000
XY,1.0000,-0.4483,0.0345,1.0000,0.276939,0.247000
XY,1.0000,-0.4483,0.1034,1.0000,0.233263,0.229000
XY,1.0000,-0.4483,0.1724,1.0000,0.314721,0.173000
XY,1.0000,-0.4483,0.2414,1.0000,0.424459,0.098000
XY,1.0000,-0.4483,0.3103,1.0000,0.501023,0.073000
XY,1.0000,-0.4483,0.3793,1.0000,0.535913,0.087000
XY,1.0000,-0.4483,0.4483,1.0000,0.532382,0.042000
XY,1.0000,-0.4483,0.5172,1.0000,0.507016,0.048000
XY,1.0000,-0.4483,0.5862,1.0000,0.491669,0.114000
XY,1.0000,-0.4483,0.6552,1.0000,0.479909,0.184000
XY,1.0000,-0.4483,0.7241,1.0000,0.466476,0.224000
XY,1.0000,-0.4483,0.7931,1.0000,0.456787,0.230000
XY,1.0000,-0.4483,0.8621,1.0000,0.457060,0.183000
XY,1.0000,-0.4483,0.9310,1.0000,0.469493,0.142000
XY,1.0000,-0.4483,1.0000,1.0000,0.490663,0.083000
XY,1.0000,-0.3793,-1.0000,1.0000,0.465440,0.075000
XY,1.0000,-0.3793,-0.9310,1.0000,0.507591,0.128000
XY,1.0000,-0.3793,-0.8621,1.0000,0.479414,0.139000
XY,1.0000,-0.3793,-0.7931,1.0000,0.488176,0.086000
XY,1.0000,-0.3793,-0.7241,1.0000,0.552949,0.346000
XY,1.0000,-0.3793,-0.6552,1.0000,0.454888,0.259000
XY,1.0000,-0.3793,-0.5862,1.0000,0.450696,0.375000
XY,1.0000,-0.3793,-0.5172,1.0000,0.425410,0.299000
XY,1.0000,-0.3793,-0.4483,1.0000,0.369449,0.256000
XY,1.0000,-0.3793,-0.3793,1.0000,0.391299,0.267000
XY,1.0000,-0.3793,-0.3103,1.0000,0.461428,0.317000
XY,1.0000,-0.3793,-0.2414,1.0000,0.568740,0.305000
XY,1.0000,-0.3793,-0.1724,1.0000,0.654011,0.286000
XY,1.0000,-0.3793,-0.1034,1.0000,0.565927,0.237000
XY,1.0000,-0.3793,-0.0345,1.0000,0.343727,0.314000
XY,1.0000,-0.3793,0.0345,1.0000,0.207981,0.314000
XY,1.0000,-0.3793,0.1034,1.0000,0.263827,0.287000
XY,1.0000,-0.3793,0.1724,1.0000,0.384235,0.198000
XY,1.0000,-0.3793,0.2414,1.0000,0.461274,0.137000
XY,1.0000,-0.3793,0.3103,1.0000,0.496554,0.065000
XY,1.0000,-0.3793,0.3793,1.0000,0.527428,0.051000
XY,1.0000,-0.3793,0.4483,1.0000,0.552246,0.043000
XY,1.0000,-0.3793,0.5172,1.0000,0.550800,0.118000
XY,1.0000,-0.3793,0.5862,1.0000,0.534240,0.217000
XY,1.0000,-0.3793,0.6552,1.0000,0.511577,0.292000
XY,1.0000,-0.3793,0.7241,1.0000,0.488700,0.251000
XY,1.0000,-0.3793,0.7931,1.0000,0.472071,0.208000
XY,1.0000,-0.3793,0.8621,1.0000,0.466869,0.126000
XY,1.0000,-0.3793,0.9310,1.0000,0.472656,0.090000
XY,1.0000,-0.3793,1.0000,1.0000,0.483765,0.031000
XY,1.0000,-0.3103,-1.0000,1.0000,0.499685,0.118000
XY,1.0000,-0.3103,-0.9310,1.0000,0.565116,0.092000
XY,1.0000,-0.3103,-0.8621,1.0000,0.496845,0.102000
XY,1.0000,-0.3103,-0.7931,1.0000,0.495075,0.056000
XY,1.0000,-0.3103,-0.7241,1.0000,0.553863,0.272000
XY,1.0000,-0.3103,-0.6552,1.0000,0.411195,0.225000
XY,1.0000,-0.3103,-0.5862,1.0000,0.389642,0.437000
XY,1.0000,-0.3103,-0.5172,1.0000,0.355832,0.489000
XY,1.0000,-0.3103,-0.4483,1.0000,0.382942,0.405000
XY,1.0000,-0.3103,-0.3793,1.0000,0.446943,0.374000
XY,1.0000,-0.3103,-0.3103,1.0000,0.527628,0.484000
XY,1.0000,-0.3103,-0.2414,1.0000,0.629603,0.476000
XY,1.0000,-0.3103,-0.1724,1.0000,0.669493,0.365000
XY,1.0000,-0.3103,-0.1034,1.0000,0.511695,0.312000
XY,1.0000,-0.3103,-0.0345,1.0000,0.269338,0.373000
XY,1.0000,-0.3103,0.0345,1.0000,0.313625,0.419000
XY,1.0000,-0.3103,0.1034,1.0000,0.438962,0.354000
XY,1.0000,-0.3103,0.1724,1.0000,0.529049,0.238000
XY,1.0000,-0.3103,0.2414,1.0000,0.581190,0.172000
XY,1.0000,-0.3103,0.3103,1.0000,0.619821,0.116000
XY,1.0000,-0.3103,0.3793,1.0000,0.645626,0.109000
XY,1.0000,-0.3103,0.4483,1.0000,0.647700,0.175000
XY,1.0000,-0.3103,0.5172,1.0000,0.631051,0.277000
XY,1.0000,-0.3103,0.5862,1.0000,0.606428,0.350000
XY,1.0000,-0.3103,0.6552,1.0000,0.581527,0.365000
XY,1.0000,-0.3103,0.7241,1.0000,0.561721,0.320000
XY,1.0000,-0.3103,0.7931,1.0000,0.550693,0.209000
XY,1.0000,-0.3103,0.8621,1.0000,0.548576,0.139000
XY,1.0000,-0.3103,0.9310,1.0000,0.552471,0.096000
XY,1.0000,-0.3103,1.0000,1.0000,0.560622,0.050000
XY,1.0000,-0.2414,-1.0000,1.0000,0.511563,0.215000
XY,1.0000,-0.2414,-0.9310,1.0000,0.584544,0.159000
XY,1.0000,-0.2414,-0.8621,1.0000,0.491452,0.113000
XY,1.0000,-0.2414,-0.7931,1.0000,0.500684,0.020000
XY,1.0000,-0.2414,-0.7241,1.0000,0.521339,0.222000
XY,1.0000,-0.2414,-0.6552,1.0000,0.355753,0.186000
XY,1.0000,-0.2414,-0.5862,1.0000,0.337552,0.472000
XY,1.0000,-0.2414,-0.5172,1.0000,0.378615,0.566000
XY,1.0000,-0.2414,-0.4483,1.0000,0.436144,0.526000
XY,1.0000,-0.2414,-0.3793,1.0000,0.491222,0.457000
XY,1.0000,-0.2414,-0.3103,1.0000,0.565953,0.546000
XY,1.0000,-0.2414,-0.2414,1.0000,0.645390,0.551000
XY,1.0000,-0.2414,-0.1724,1.0000,0.632046,0.374000
XY,1.0000,-0.2414,-0.1034,1.0000,0.435200,0.270000
XY,1.0000,-0.2414,-0.0345,1.0000,0.395885,0.382000
XY,1.0000,-0.2414,0.0345,1.0000,0.544032,0.543000
XY,1.0000,-0.2414,0.1034,1.0000,0.654553,0.477000
XY,1.0000,-0.2414,0.1724,1.0000,0.709767,0.365000
XY,1.0000,-0.2414,0.2414,1.0000,0.733780,0.282000
XY,1.0000,-0.2414,0.3103,1.0000,0.746750,0.230000
XY,1.0000,-0.2414,0.3793,1.0000,0.747287,0.282000
XY,1.0000,-0.2414,0.4483,1.0000,0.732666,0.389000
XY,1.0000,-0.2414,0.5172,1.0000,0.708870,0.428000
XY,1.0000,-0.2414,0.5862,1.0000,0.684813,0.453000
XY,1.0000,-0.2414,0.6552,1.0000,0.667257,0.455000
XY,1.0000,-0.2414,0.7241,1.0000,0.659025,0.376000
XY,1.0000,-0.2414,0.7931,1.0000,0.658253,0.286000
XY,1.0000,-0.2414,0.8621,1.0000,0.659923,0.214000
XY,1.0000,-0.2414,0.9310,1.0000,0.660695,0.144000
XY,1.0000,-0.2414,1.0000,1.0000,0.661792,0.119000
XY,1.0000,-0.1724,-1.0000,1.0000,0.500203,0.383000
XY,1.0000,-0.1724,-0.9310,1.0000,0.559704,0.276000
XY,1.0000,-0.1724,-0.8621,1.0000,0.474541,0.141000
XY,1.0000,-0.1724,-0.7931,1.0000,0.503374,0.002000
XY,1.0000,-0.1724,-0.7241,1.0000,0.462956,0.196000
XY,1.0000,-0.1724,-0.6552,1.0000,0.400070,0.281000
XY,1.0000,-0.1724,-0.5862,1.0000,0.431091,0.532000
XY,1.0000,-0.1724,-0.5172,1.0000,0.448975,0.543000
XY,1.0000,-0.1724,-0.4483,1.0000,0.483196,0.479000
XY,1.0000,-0.1724,-0.3793,1.0000,0.522422,0.384000
XY,1.0000,-0.1724,-0.3103,1.0000,0.582503,0.400000
XY,1.0000,-0.1724,-0.2414,1.0000,0.630216,0.464000
XY,1.0000,-0.1724,-0.1724,1.0000,0.575541,0.313000
XY,1.0000,-0.1724,-0.1034,1.0000,0.469184,0.220000
XY,1.0000,-0.1724,-0.0345,1.0000,0.623115,0.476000
XY,1.0000,-0.1724,0.0345,1.0000,0.771069,0.679000
XY,1.0000,-0.1724,0.1034,1.0000,0.842089,0.603000
XY,1.0000,-0.1724,0.1724,1.0000,0.852314,0.473000
XY,1.0000,-0.1724,0.2414,1.0000,0.841001,0.413000
XY,1.0000,-0.1724,0.3103,1.0000,0.827043,0.392000
XY,1.0000,-0.1724,0.3793,1.0000,0.810530,0.438000
XY,1.0000,-0.1724,0.4483,1.0000,0.790235,0.457000
XY,1.0000,-0.1724,0.5172,1.0000,0.770397,0.529000
XY,1.0000,-0.1724,0.5862,1.0000,0.757658,0.543000
XY,1.0000,-0.1724,0.6552,1.0000,0.755685,0.524000
XY,1.0000,-0.1724,0.7241,1.0000,0.761763,0.486000
XY,1.0000,-0.1724,0.7931,1.0000,0.767832,0.400000
XY,1.0000,-0.1724,0.8621,1.0000,0.766440,0.320000
XY,1.0000,-0.1724,0.9310,1.0000,0.757129,0.261000
XY,1.0000,-0.1724,1.0000,1.0000,0.745698,0.230000
XY,1.0000,-0.1034,-1.0000,1.0000,0.481469,0.481000
XY,1.0000,-0.1034,-0.9310,1.0000,0.511628,0.435000
XY,1.0000,-0.1034,-0.8621,1.0000,0.470773,0.179000
XY,1.0000,-0.1034,-0.7931,1.0000,0.502690,0.002000
XY,1.0000,-0.1034,-0.7241,1.0000,0.453312,0.189000
XY,1.0000,-0.1034,-0.6552,1.0000,0.477177,0.419000
XY,1.0000,-0.1034,-0.5862,1.0000,0.493382,0.575000
XY,1.0000,-0.1034,-0.5172,1.0000,0.499482,0.491000
XY,1.0000,-0.1034,-0.4483,1.0000,0.517135,0.424000
XY,1.0000,-0.1034,-0.3793,1.0000,0.543962,0.297000
XY,1.0000,-0.1034,-0.3103,1.0000,0.584494,0.275000
XY,1.0000,-0.1034,-0.2414,1.0000,0.602562,0.361000
XY,1.0000,-0.1034,-0.1724,1.0000,0.550899,0.223000
XY,1.0000,-0.1034,-0.1034,1.0000,0.619081,0.242000
XY,1.0000,-0.1034,-0.0345,1.0000,0.810618,0.626000
XY,1.0000,-0.1034,0.0345,1.0000,0.930092,0.841000
XY,1.0000,-0.1034,0.1034,1.0000,0.948025,0.737000
XY,1.0000,-0.1034,0.1724,1.0000,0.913864,0.540000
XY,1.0000,-0.1034,0.2414,1.0000,0.874318,0.483000
XY,1.0000,-0.1034,0.3103,1.0000,0.845229,0.472000
XY,1.0000,-0.1034,0.3793,1.0000,0.825583,0.464000
XY,1.0000,-0.1034,0.4483,1.0000,0.813093,0.534000
XY,1.0000,-0.1034,0.5172,1.0000,0.809231,0.582000
XY,1.0000,-0.1034,0.5862,1.0000,0.816334,0.604000
XY,1.0000,-0.1034,0.6552,1.0000,0.832307,0.606000
XY,1.0000,-0.1034,0.7241,1.0000,0.848406,0.606000
XY,1.0000,-0.1034,0.7931,1.0000,0.853312,0.526000
XY,1.0000,-0.1034,0.8621,1.0000,0.841674,0.486000
XY,1.0000,-0.1034,0.9310,1.0000,0.818685,0.368000
XY,1.0000,-0.1034,1.0000,1.0000,0.794881,0.299000
XY,1.0000,-0.0345,-1.0000,1.0000,0.486088,0.522000
XY,1.0000,-0.0345,-0.9310,1.0000,0.492355,0.526000
XY,1.0000,-0.0345,-0.8621,1.0000,0.491412,0.215000
XY,1.0000,-0.0345,-0.7931,1.0000,0.499477,0.001000
XY,1.0000,-0.0345,-0.7241,1.0000,0.497363,0.270000
XY,1.0000,-0.0345,-0.6552,1.0000,0.503116,0.563000
XY,1.0000,-0.0345,-0.5862,1.0000,0.506775,0.519000
XY,1.0000,-0.0345,-0.5172,1.0000,0.510840,0.444000
XY,1.0000,-0.0345,-0.4483,1.0000,0.519258,0.410000
XY,1.0000,-0.0345,-0.3793,1.0000,0.532792,0.297000
XY,1.0000,-0.0345,-0.3103,1.0000,0.550593,0.318000
XY,1.0000,-0.0345,-0.2414,1.0000,0.548336,0.326000
XY,1.0000,-0.0345,-0.1724,1.0000,0.545941,0.227000
XY,1.0000,-0.0345,-0.1034,1.0000,0.715903,0.341000
XY,1.0000,-0.0345,-0.0345,1.0000,0.913842,0.757000
XY,1.0000,-0.0345,0.0345,1.0000,0.988593,0.923000
XY,1.0000,-0.0345,0.1034,1.0000,0.955132,0.771000
XY,1.0000,-0.0345,0.1724,1.0000,0.890159,0.593000
XY,1.0000,-0.0345,0.2414,1.0000,0.839216,0.505000
XY,1.0000,-0.0345,0.3103,1.0000,0.811861,0.502000
XY,1.0000,-0.0345,0.3793,1.0000,0.804016,0.482000
XY,1.0000,-0.0345,0.4483,1.0000,0.810869,0.537000
XY,1.0000,-0.0345,0.5172,1.0000,0.829639,0.592000
XY,1.0000,-0.0345,0.5862,1.0000,0.856954,0.622000
XY,1.0000,-0.0345,0.6552,1.0000,0.885175,0.677000
XY,1.0000,-0.0345,0.7241,1.0000,0.902205,0.674000
XY,1.0000,-0.0345,0.7931,1.0000,0.897843,0.622000
XY,1.0000,-0.0345,0.8621,1.0000,0.872362,0.525000
XY,1.0000,-0.0345,0.9310,1.0000,0.837051,0.455000
XY,1.0000,-0.0345,1.0000,1.0000,0.805391,0.419000
XY,1.0000,0.0345,-1.0000,1.0000,0.506536,0.546000
XY,1.0000,0.0345,-0.9310,1.0000,0.502701,0.559000
XY,1.0000,0.0345,-0.8621,1.0000,0.496920,0.208000
XY,1.0000,0.0345,-0.7931,1.0000,0.495502,0.000000
XY,1.0000,0.0345,-0.7241,1.0000,0.491543,0.259000
XY,1.0000,0.0345,-0.6552,1.0000,0.492227,0.553000
XY,1.0000,0.0345,-0.5862,1.0000,0.485477,0.484000
XY,1.0000,0.0345,-0.5172,1.0000,0.477457,0.367000
XY,1.0000,0.0345,-0.4483,1.0000,0.468555,0.340000
XY,1.0000,0.0345,-0.3793,1.0000,0.459523,0.353000
XY,1.0000,0.0345,-0.3103,1.0000,0.452490,0.346000
XY,1.0000,0.0345,-0.2414,1.0000,0.442499,0.318000
XY,1.0000,0.0345,-0.1724,1.0000,0.521206,0.320000
XY,1.0000,0.0345,-0.1034,1.0000,0.753284,0.347000
XY,1.0000,0.0345,-0.0345,1.0000,0.939328,0.735000
XY,1.0000,0.0345,0.0345,1.0000,0.963698,0.917000
XY,1.0000,0.0345,0.1034,1.0000,0.891900,0.773000
XY,1.0000,0.0345,0.1724,1.0000,0.816083,0.643000
XY,1.0000,0.0345,0.2414,1.0000,0.771931,0.535000
XY,1.0000,0.0345,0.3103,1.0000,0.760395,0.517000
XY,1.0000,0.0345,0.3793,1.0000,0.773206,0.507000
XY,1.0000,0.0345,0.4483,1.0000,0.801839,0.528000
XY,1.0000,0.0345,0.5172,1.0000,0.839153,0.547000
XY,1.0000,0.0345,0.5862,1.0000,0.877819,0.598000
XY,1.0000,0.0345,0.6552,1.0000,0.907634,0.664000
XY,1.0000,0.0345,0.7241,1.0000,0.916598,0.669000
XY,1.0000,0.0345,0.7931,1.0000,0.898650,0.640000
XY,1.0000,0.0345,0.8621,1.0000,0.860503,0.563000
XY,1.0000,0.0345,0.9310,1.0000,0.817743,0.448000
XY,1.0000,0.0345,1.0000,1.0000,0.784310,0.412000
XY,1.0000,0.1034,-1.0000,1.0000,0.492651,0.573000
XY,1.0000,0.1034,-0.9310,1.0000,0.475392,0.389000
XY,1.0000,0.1034,-0.8621,1.0000,0.452001,0.183000
XY,1.0000,0.1034,-0.7931,1.0000,0.490027,0.002000
XY,1.0000,0.1034,-0.7241,1.0000,0.474966,0.229000
XY,1.0000,0.1034,-0.6552,1.0000,0.512216,0.450000
XY,1.0000,0.1034,-0.5862,1.0000,0.478465,0.503000
XY,1.0000,0.1034,-0.5172,1.0000,0.447422,0.321000
XY,1.0000,0.1034,-0.4483,1.0000,0.415404,0.297000
XY,1.0000,0.1034,-0.3793,1.0000,0.382875,0.440000
XY,1.0000,0.1034,-0.3103,1.0000,0.357287,0.346000
XY,1.0000,0.1034,-0.2414,1.0000,0.378200,0.338000
XY,1.0000,0.1034,-0.1724,1.0000,0.524905,0.379000
XY,1.0000,0.1034,-0.1034,1.0000,0.774066,0.322000
XY,1.0000,0.1034,-0.0345,1.0000,0.929223,0.639000
XY,1.0000,0.1034,0.0345,1.0000,0.905301,0.852000
XY,1.0000,0.1034,0.1034,1.0000,0.811551,0.752000
XY,1.0000,0.1034,0.1724,1.0000,0.740794,0.675000
XY,1.0000,0.1034,0.2414,1.0000,0.712659,0.589000
XY,1.0000,0.1034,0.3103,1.0000,0.719571,0.537000
XY,1.0000,0.1034,0.3793,1.0000,0.749982,0.486000
XY,1.0000,0.1034,0.4483,1.0000,0.792287,0.479000
XY,1.0000,0.1034,0.5172,1.0000,0.836682,0.502000
XY,1.0000,0.1034,0.5862,1.0000,0.874776,0.539000
XY,1.0000,0.1034,0.6552,1.0000,0.896791,0.552000
XY,1.0000,0.1034,0.7241,1.0000,0.893145,0.581000
XY,1.0000,0.1034,0.7931,1.0000,0.862601,0.526000
XY,1.0000,0.1034,0.8621,1.0000,0.816591,0.488000
XY,1.0000,0.1034,0.9310,1.0000,0.772213,0.443000
XY,1.0000,0.1034,1.0000,1.0000,0.741977,0.382000
XY,1.0000,0.1724,-1.0000,1.0000,0.428812,0.516000
XY,1.0000,0.1724,-0.9310,1.0000,0.398129,0.262000
XY,1.0000,0.1724,-0.8621,1.0000,0.481270,0.167000
XY,1.0000,0.1724,-0.7931,1.0000,0.485550,0.004000
XY,1.0000,0.1724,-0.7241,1.0000,0.485032,0.153000
XY,1.0000,0.1724,-0.6552,1.0000,0.559249,0.311000
XY,1.0000,0.1724,-0.5862,1.0000,0.496175,0.397000
XY,1.0000,0.1724,-0.5172,1.0000,0.472264,0.332000
XY,1.0000,0.1724,-0.4483,1.0000,0.447223,0.303000
XY,1.0000,0.1724,-0.3793,1.0000,0.431578,0.419000
XY,1.0000,0.1724,-0.3103,1.0000,0.418082,0.331000
XY,1.0000,0.1724,-0.2414,1.0000,0.433842,0.398000
XY,1.0000,0.1724,-0.1724,1.0000,0.568531,0.424000
XY,1.0000,0.1724,-0.1034,1.0000,0.798924,0.387000
XY,1.0000,0.1724,-0.0345,1.0000,0.912254,0.538000
XY,1.0000,0.1724,0.0345,1.0000,0.850870,0.682000
XY,1.0000,0.1724,0.1034,1.0000,0.748187,0.689000
XY,1.0000,0.1724,0.1724,1.0000,0.686127,0.657000
XY,1.0000,0.1724,0.2414,1.0000,0.669523,0.554000
XY,1.0000,0.1724,0.3103,1.0000,0.686545,0.505000
XY,1.0000,0.1724,0.3793,1.0000,0.724828,0.437000
XY,1.0000,0.1724,0.4483,1.0000,0.770403,0.399000
XY,1.0000,0.1724,0.5172,1.0000,0.811792,0.381000
XY,1.0000,0.1724,0.5862,1.0000,0.841361,0.379000
XY,1.0000,0.1724,0.6552,1.0000,0.851688,0.413000
XY,1.0000,0.1724,0.7241,1.0000,0.836653,0.439000
XY,1.0000,0.1724,0.7931,1.0000,0.798722,0.397000
XY,1.0000,0.1724,0.8621,1.0000,0.751088,0.328000
XY,1.0000,0.1724,0.9310,1.0000,0.709834,0.326000
XY,1.0000,0.1724,1.0000,1.0000,0.685338,0.279000
XY,1.0000,0.2414,-1.0000,1.0000,0.332100,0.450000
XY,1.0000,0.2414,-0.9310,1.0000,0.360713,0.202000
XY,1.0000,0.2414,-0.8621,1.0000,0.535182,0.241000
XY,1.0000,0.2414,-0.7931,1.0000,0.481451,0.009000
XY,1.0000,0.2414,-0.7241,1.0000,0.505267,0.118000
XY,1.0000,0.2414,-0.6552,1.0000,0.581955,0.133000
XY,1.0000,0.2414,-0.5862,1.0000,0.508558,0.234000
XY,1.0000,0.2414,-0.5172,1.0000,0.506026,0.306000
XY,1.0000,0.2414,-0.4483,1.0000,0.488417,0.307000
XY,1.0000,0.2414,-0.3793,1.0000,0.479476,0.356000
XY,1.0000,0.2414,-0.3103,1.0000,0.468457,0.314000
XY,1.0000,0.2414,-0.2414,1.0000,0.485641,0.387000
XY,1.0000,0.2414,-0.1724,1.0000,0.609918,0.416000
XY,1.0000,0.2414,-0.1034,1.0000,0.808956,0.376000
XY,1.0000,0.2414,-0.0345,1.0000,0.883305,0.388000
XY,1.0000,0.2414,0.0345,1.0000,0.802626,0.492000
XY,1.0000,0.2414,0.1034,1.0000,0.699523,0.555000
XY,1.0000,0.2414,0.1724,1.0000,0.640344,0.507000
XY,1.0000,0.2414,0.2414,1.0000,0.624231,0.481000
XY,1.0000,0.2414,0.3103,1.0000,0.641307,0.333000
XY,1.0000,0.2414,0.3793,1.0000,0.679624,0.293000
XY,1.0000,0.2414,0.4483,1.0000,0.722173,0.284000
XY,1.0000,0.2414,0.5172,1.0000,0.755958,0.251000
XY,1.0000,0.2414,0.5862,1.0000,0.775060,0.232000
XY,1.0000,0.2414,0.6552,1.0000,0.775380,0.252000
XY,1.0000,0.2414,0.7241,1.0000,0.754273,0.258000
XY,1.0000,0.2414,0.7931,1.0000,0.715964,0.263000
XY,1.0000,0.2414,0.8621,1.0000,0.672463,0.244000
XY,1.0000,0.2414,0.9310,1.0000,0.637158,0.197000
XY,1.0000,0.2414,1.0000,1.0000,0.618603,0.158000
XY,1.0000,0.3103,-1.0000,1.0000,0.388747,0.422000
XY,1.0000,0.3103,-0.9310,1.0000,0.416941,0.220000
XY,1.0000,0.3103,-0.8621,1.0000,0.562229,0.317000
XY,1.0000,0.3103,-0.7931,1.0000,0.477629,0.032000
XY,1.0000,0.3103,-0.7241,1.0000,0.509558,0.114000
XY,1.0000,0.3103,-0.6552,1.0000,0.561013,0.082000
XY,1.0000,0.3103,-0.5862,1.0000,0.498660,0.136000
XY,1.0000,0.3103,-0.5172,1.0000,0.514161,0.182000
XY,1.0000,0.3103,-0.4483,1.0000,0.499442,0.186000
XY,1.0000,0.3103,-0.3793,1.0000,0.493365,0.232000
XY,1.0000,0.3103,-0.3103,1.0000,0.487438,0.240000
XY,1.0000,0.3103,-0.2414,1.0000,0.511706,0.322000
XY,1.0000,0.3103,-0.1724,1.0000,0.624384,0.342000
XY,1.0000,0.3103,-0.1034,1.0000,0.785623,0.348000
XY,1.0000,0.3103,-0.0345,1.0000,0.831176,0.324000
XY,1.0000,0.3103,0.0345,1.0000,0.752020,0.337000
XY,1.0000,0.3103,0.1034,1.0000,0.657193,0.351000
XY,1.0000,0.3103,0.1724,1.0000,0.595133,0.358000
XY,1.0000,0.3103,0.2414,1.0000,0.568100,0.286000
XY,1.0000,0.3103,0.3103,1.0000,0.575380,0.137000
XY,1.0000,0.3103,0.3793,1.0000,0.608496,0.116000
XY,1.0000,0.3103,0.4483,1.0000,0.645728,0.105000
XY,1.0000,0.3103,0.5172,1.0000,0.671820,0.110000
XY,1.0000,0.3103,0.5862,1.0000,0.682897,0.096000
XY,1.0000,0.3103,0.6552,1.0000,0.678275,0.116000
XY,1.0000,0.3103,0.7241,1.0000,0.658071,0.137000
XY,1.0000,0.3103,0.7931,1.0000,0.626360,0.132000
XY,1.0000,0.3103,0.8621,1.0000,0.591730,0.125000
XY,1.0000,0.3103,0.9310,1.0000,0.563624,0.114000
XY,1.0000,0.3103,1.0000,1.0000,0.549105,0.069000
XY,1.0000,0.3793,-1.0000,1.0000,0.448747,0.347000
XY,1.0000,0.3793,-0.9310,1.0000,0.458805,0.278000
XY,1.0000,0.3793,-0.8621,1.0000,0.557422,0.327000
XY,1.0000,0.3793,-0.7931,1.0000,0.474340,0.063000
XY,1.0000,0.3793,-0.7241,1.0000,0.487602,0.131000
XY,1.0000,0.3793,-0.6552,1.0000,0.503422,0.103000
XY,1.0000,0.3793,-0.5862,1.0000,0.466447,0.087000
XY,1.0000,0.3793,-0.5172,1.0000,0.492408,0.077000
XY,1.0000,0.3793,-0.4483,1.0000,0.481417,0.087000
XY,1.0000,0.3793,-0.3793,1.0000,0.482533,0.096000
XY,1.0000,0.3793,-0.3103,1.0000,0.488474,0.124000
XY,1.0000,0.3793,-0.2414,1.0000,0.521077,0.182000
XY,1.0000,0.3793,-0.1724,1.0000,0.613277,0.264000
XY,1.0000,0.3793,-0.1034,1.0000,0.730744,0.291000
XY,1.0000,0.3793,-0.0345,1.0000,0.759372,0.221000
XY,1.0000,0.3793,0.0345,1.0000,0.702879,0.216000
XY,1.0000,0.3793,0.1034,1.0000,0.632994,0.247000
XY,1.0000,0.3793,0.1724,1.0000,0.577438,0.214000
XY,1.0000,0.3793,0.2414,1.0000,0.537997,0.145000
XY,1.0000,0.3793,0.3103,1.0000,0.515248,0.052000
XY,1.0000,0.3793,0.3793,1.0000,0.522619,0.011000
XY,1.0000,0.3793,0.4483,1.0000,0.552542,0.008000
XY,1.0000,0.3793,0.5172,1.0000,0.573304,0.015000
XY,1.0000,0.3793,0.5862,1.0000,0.581271,0.026000
XY,1.0000,0.3793,0.6552,1.0000,0.578677,0.039000
XY,1.0000,0.3793,0.7241,1.0000,0.567645,0.069000
XY,1.0000,0.3793,0.7931,1.0000,0.551096,0.092000
XY,1.0000,0.3793,0.8621,1.0000,0.533052,0.068000
XY,1.0000,0.3793,0.9310,1.0000,0.517396,0.067000
XY,1.0000,0.3793,1.0000,1.0000,0.506499,0.031000
XY,1.0000,0.4483,-1.0000,1.0000,0.471593,0.344000
XY,1.0000,0.4483,-0.9310,1.0000,0.462206,0.336000
XY,1.0000,0.4483,-0.8621,1.0000,0.529068,0.359000
XY,1.0000,0.4483,-0.7931,1.0000,0.472453,0.065000
XY,1.0000,0.4483,-0.7241,1.0000,0.445406,0.187000
XY,1.0000,0.4483,-0.6552,1.0000,0.434640,0.201000
XY,1.0000,0.4483,-0.5862,1.0000,0.435376,0.084000
XY,1.0000,0.4483,-0.5172,1.0000,0.469777,0.047000
XY,1.0000,0.4483,-0.4483,1.0000,0.472334,0.066000
XY,1.0000,0.4483,-0.3793,1.0000,0.489877,0.102000
XY,1.0000,0.4483,-0.3103,1.0000,0.511444,0.061000
XY,1.0000,0.4483,-0.2414,1.0000,0.544537,0.074000
XY,1.0000,0.4483,-0.1724,1.0000,0.598180,0.117000
XY,1.0000,0.4483,-0.1034,1.0000,0.661914,0.160000
XY,1.0000,0.4483,-0.0345,1.0000,0.682646,0.133000
XY,1.0000,0.4483,0.0345,1.0000,0.666072,0.147000
XY,1.0000,0.4483,0.1034,1.0000,0.642408,0.121000
XY,1.0000,0.4483,0.1724,1.0000,0.622486,0.127000
XY,1.0000,0.4483,0.2414,1.0000,0.607796,0.091000
XY,1.0000,0.4483,0.3103,1.0000,0.592608,0.041000
XY,1.0000,0.4483,0.3793,1.0000,0.568796,0.020000
XY,1.0000,0.4483,0.4483,1.0000,0.536300,0.010000
XY,1.0000,0.4483,0.5172,1.0000,0.506509,0.003000
XY,1.0000,0.4483,0.5862,1.0000,0.503619,0.012000
XY,1.0000,0.4483,0.6552,1.0000,0.513131,0.024000
XY,1.0000,0.4483,0.7241,1.0000,0.523513,0.040000
XY,1.0000,0.4483,0.7931,1.0000,0.533135,0.043000
XY,1.0000,0.4483,0.8621,1.0000,0.541312,0.047000
XY,1.0000,0.4483,0.9310,1.0000,0.548374,0.047000
XY,1.0000,0.4483,1.0000,1.0000,0.554279,0.032000
XY,1.0000,0.5172,-1.0000,1.0000,0.455863,0.394000
XY,1.0000,0.5172,-0.9310,1.0000,0.435254,0.400000
XY,1.0000,0.5172,-0.8621,1.0000,0.493541,0.331000
XY,1.0000,0.5172,-0.7931,1.0000,0.474106,0.031000
XY,1.0000,0.5172,-0.7241,1.0000,0.426692,0.199000
XY,1.0000,0.5172,-0.6552,1.0000,0.420305,0.325000
XY,1.0000,0.5172,-0.5862,1.0000,0.458255,0.182000
XY,1.0000,0.5172,-0.5172,1.0000,0.492688,0.154000
XY,1.0000,0.5172,-0.4483,1.0000,0.508668,0.170000
XY,1.0000,0.5172,-0.3793,1.0000,0.536277,0.174000
XY,1.0000,0.5172,-0.3103,1.0000,0.564786,0.125000
XY,1.0000,0.5172,-0.2414,1.0000,0.592108,0.072000
XY,1.0000,0.5172,-0.1724,1.0000,0.603477,0.033000
XY,1.0000,0.5172,-0.1034,1.0000,0.601547,0.049000
XY,1.0000,0.5172,-0.0345,1.0000,0.614243,0.048000
XY,1.0000,0.5172,0.0345,1.0000,0.638324,0.046000
XY,1.0000,0.5172,0.1034,1.0000,0.658728,0.061000
XY,1.0000,0.5172,0.1724,1.0000,0.673609,0.050000
XY,1.0000,0.5172,0.2414,1.0000,0.680002,0.043000
XY,1.0000,0.5172,0.3103,1.0000,0.668718,0.053000
XY,1.0000,0.5172,0.3793,1.0000,0.635703,0.071000
XY,1.0000,0.5172,0.4483,1.0000,0.590982,0.045000
XY,1.0000,0.5172,0.5172,1.0000,0.551250,0.045000
XY,1.0000,0.5172,0.5862,1.0000,0.528880,0.032000
XY,1.0000,0.5172,0.6552,1.0000,0.527369,0.038000
XY,1.0000,0.5172,0.7241,1.0000,0.539941,0.036000
XY,1.0000,0.5172,0.7931,1.0000,0.557660,0.038000
XY,1.0000,0.5172,0.8621,1.0000,0.575252,0.055000
XY,1.0000,0.5172,0.9310,1.0000,0.590146,0.041000
XY,1.0000,0.5172,1.0000,1.0000,0.600156,0.047000
XY,1.0000,0.5862,-1.0000,1.0000,0.432411,0.509000
XY,1.0000,0.5862,-0.9310,1.0000,0.408257,0.423000
XY,1.0000,0.5862,-0.8621,1.0000,0.468384,0.258000
XY,1.0000,0.5862,-0.7931,1.0000,0.483429,0.008000
XY,1.0000,0.5862,-0.7241,1.0000,0.480697,0.172000
XY,1.0000,0.5862,-0.6552,1.0000,0.479929,0.400000
XY,1.0000,0.5862,-0.5862,1.0000,0.514514,0.286000
XY,1.0000,0.5862,-0.5172,1.0000,0.532461,0.278000
XY,1.0000,0.5862,-0.4483,1.0000,0.547034,0.305000
XY,1.0000,0.5862,-0.3793,1.0000,0.572519,0.305000
XY,1.0000,0.5862,-0.3103,1.0000,0.600308,0.272000
XY,1.0000,0.5862,-0.2414,1.0000,0.625777,0.155000
XY,1.0000,0.5862,-0.1724,1.0000,0.619919,0.040000
XY,1.0000,0.5862,-0.1034,1.0000,0.568080,0.010000
XY,1.0000,0.5862,-0.0345,1.0000,0.558754,0.001000
XY,1.0000,0.5862,0.0345,1.0000,0.605169,0.006000
XY,1.0000,0.5862,0.1034,1.0000,0.651014,0.004000
XY,1.0000,0.5862,0.1724,1.0000,0.688488,0.012000
XY,1.0000,0.5862,0.2414,1.0000,0.709136,0.013000
XY,1.0000,0.5862,0.3103,1.0000,0.700526,0.050000
XY,1.0000,0.5862,0.3793,1.0000,0.662329,0.080000
XY,1.0000,0.5862,0.4483,1.0000,0.611515,0.065000
XY,1.0000,0.5862,0.5172,1.0000,0.568188,0.064000
XY,1.0000,0.5862,0.5862,1.0000,0.543670,0.060000
XY,1.0000,0.5862,0.6552,1.0000,0.540239,0.057000
XY,1.0000,0.5862,0.7241,1.0000,0.552758,0.043000
XY,1.0000,0.5862,0.7931,1.0000,0.572508,0.040000
XY,1.0000,0.5862,0.8621,1.0000,0.592655,0.042000
XY,1.0000,0.5862,0.9310,1.0000,0.609105,0.040000
XY,1.0000,0.5862,1.0000,1.0000,0.618648,0.045000
XY,1.0000,0.6552,-1.0000,1.0000,0.453762,0.516000
XY,1.0000,0.6552,-0.9310,1.0000,0.448891,0.393000
XY,1.0000,0.6552,-0.8621,1.0000,0.474540,0.202000
XY,1.0000,0.6552,-0.7931,1.0000,0.495153,0.011000
XY,1.0000,0.6552,-0.7241,1.0000,0.509841,0.162000
XY,1.0000,0.6552,-0.6552,1.0000,0.518807,0.421000
XY,1.0000,0.6552,-0.5862,1.0000,0.538275,0.335000
XY,1.0000,0.6552,-0.5172,1.0000,0.539134,0.364000
XY,1.0000,0.6552,-0.4483,1.0000,0.549803,0.396000
XY,1.0000,0.6552,-0.3793,1.0000,0.570933,0.353000
XY,1.0000,0.6552,-0.3103,1.0000,0.596623,0.302000
XY,1.0000,0.6552,-0.2414,1.0000,0.625760,0.210000
XY,1.0000,0.6552,-0.1724,1.0000,0.623890,0.093000
XY,1.0000,0.6552,-0.1034,1.0000,0.560099,0.039000
XY,1.0000,0.6552,-0.0345,1.0000,0.520030,0.018000
XY,1.0000,0.6552,0.0345,1.0000,0.567730,0.021000
XY,1.0000,0.6552,0.1034,1.0000,0.623213,0.031000
XY,1.0000,0.6552,0.1724,1.0000,0.672923,0.030000
XY,1.0000,0.6552,0.2414,1.0000,0.703344,0.032000
XY,1.0000,0.6552,0.3103,1.0000,0.699363,0.035000
XY,1.0000,0.6552,0.3793,1.0000,0.662420,0.080000
XY,1.0000,0.6552,0.4483,1.0000,0.611909,0.079000
XY,1.0000,0.6552,0.5172,1.0000,0.568002,0.083000
XY,1.0000,0.6552,0.5862,1.0000,0.541395,0.069000
XY,1.0000,0.6552,0.6552,1.0000,0.535767,0.060000
XY,1.0000,0.6552,0.7241,1.0000,0.548084,0.041000
XY,1.0000,0.6552,0.7931,1.0000,0.568603,0.025000
XY,1.0000,0.6552,0.8621,1.0000,0.588719,0.021000
XY,1.0000,0.6552,0.9310,1.0000,0.603840,0.041000
XY,1.0000,0.6552,1.0000,1.0000,0.611160,0.028000
XY,1.0000,0.7241,-1.0000,1.0000,0.502559,0.377000
XY,1.0000,0.7241,-0.9310,1.0000,0.507510,0.251000
XY,1.0000,0.7241,-0.8621,1.0000,0.504334,0.091000
XY,1.0000,0.7241,-0.7931,1.0000,0.494894,0.007000
XY,1.0000,0.7241,-0.7241,1.0000,0.509759,0.178000
XY,1.0000,0.7241,-0.6552,1.0000,0.520124,0.378000
XY,1.0000,0.7241,-0.5862,1.0000,0.521168,0.282000
XY,1.0000,0.7241,-0.5172,1.0000,0.514002,0.354000
XY,1.0000,0.7241,-0.4483,1.0000,0.525407,0.431000
XY,1.0000,0.7241,-0.3793,1.0000,0.543507,0.347000
XY,1.0000,0.7241,-0.3103,1.0000,0.567475,0.331000
XY,1.0000,0.7241,-0.2414,1.0000,0.603838,0.177000
XY,1.0000,0.7241,-0.1724,1.0000,0.615490,0.087000
XY,1.0000,0.7241,-0.1034,1.0000,0.562648,0.040000
XY,1.0000,0.7241,-0.0345,1.0000,0.510403,0.021000
XY,1.0000,0.7241,0.0345,1.0000,0.540615,0.057000
XY,1.0000,0.7241,0.1034,1.0000,0.592534,0.082000
XY,1.0000,0.7241,0.1724,1.0000,0.643728,0.068000
XY,1.0000,0.7241,0.2414,1.0000,0.677791,0.050000
XY,1.0000,0.7241,0.3103,1.0000,0.679166,0.044000
XY,1.0000,0.7241,0.3793,1.0000,0.649386,0.066000
XY,1.0000,0.7241,0.4483,1.0000,0.605467,0.100000
XY,1.0000,0.7241,0.5172,1.0000,0.564009,0.092000
XY,1.0000,0.7241,0.5862,1.0000,0.533844,0.069000
XY,1.0000,0.7241,0.6552,1.0000,0.520470,0.028000
XY,1.0000,0.7241,0.7241,1.0000,0.527976,0.020000
XY,1.0000,0.7241,0.7931,1.0000,0.547529,0.011000
XY,1.0000,0.7241,0.8621,1.0000,0.566229,0.013000
XY,1.0000,0.7241,0.9310,1.0000,0.578857,0.018000
XY,1.0000,0.7241,1.0000,1.0000,0.583943,0.016000
XY,1.0000,0.7931,-1.0000,1.0000,0.534027,0.256000
XY,1.0000,0.7931,-0.9310,1.0000,0.535776,0.154000
XY,1.0000,0.7931,-0.8621,1.0000,0.517323,0.041000
XY,1.0000,0.7931,-0.7931,1.0000,0.484322,0.011000
XY,1.0000,0.7931,-0.7241,1.0000,0.492758,0.156000
XY,1.0000,0.7931,-0.6552,1.0000,0.496629,0.275000
XY,1.0000,0.7931,-0.5862,1.0000,0.484757,0.190000
XY,1.0000,0.7931,-0.5172,1.0000,0.481378,0.283000
XY,1.0000,0.7931,-0.4483,1.0000,0.496691,0.361000
XY,1.0000,0.7931,-0.3793,1.0000,0.511187,0.299000
XY,1.0000,0.7931,-0.3103,1.0000,0.532598,0.278000
XY,1.0000,0.7931,-0.2414,1.0000,0.577093,0.130000
XY,1.0000,0.7931,-0.1724,1.0000,0.604109,0.051000
XY,1.0000,0.7931,-0.1034,1.0000,0.573635,0.023000
XY,1.0000,0.7931,-0.0345,1.0000,0.533613,0.019000
XY,1.0000,0.7931,0.0345,1.0000,0.538792,0.033000
XY,1.0000,0.7931,0.1034,1.0000,0.572733,0.077000
XY,1.0000,0.7931,0.1724,1.0000,0.613357,0.091000
XY,1.0000,0.7931,0.2414,1.0000,0.643323,0.102000
XY,1.0000,0.7931,0.3103,1.0000,0.649249,0.071000
XY,1.0000,0.7931,0.3793,1.0000,0.631715,0.074000
XY,1.0000,0.7931,0.4483,1.0000,0.601604,0.074000
XY,1.0000,0.7931,0.5172,1.0000,0.569524,0.057000
XY,1.0000,0.7931,0.5862,1.0000,0.541690,0.050000
XY,1.0000,0.7931,0.6552,1.0000,0.520615,0.033000
XY,1.0000,0.7931,0.7241,1.0000,0.507303,0.006000
XY,1.0000,0.7931,0.7931,1.0000,0.514080,0.000000
XY,1.0000,0.7931,0.8621,1.0000,0.530557,0.003000
XY,1.0000,0.7931,0.9310,1.0000,0.541209,0.007000
XY,1.0000,0.7931,1.0000,1.0000,0.545879,0.018000
XY,1.0000,0.8621,-1.0000,1.0000,0.541508,0.117000
XY,1.0000,0.8621,-0.9310,1.0000,0.540208,0.053000
XY,1.0000,0.8621,-0.8621,1.0000,0.514765,0.037000
XY,1.0000,0.8621,-0.7931,1.0000,0.473408,0.023000
XY,1.0000,0.8621,-0.7241,1.0000,0.472947,0.139000
XY,1.0000,0.8621,-0.6552,1.0000,0.468174,0.193000
XY,1.0000,0.8621,-0.5862,1.0000,0.455343,0.085000
XY,1.0000,0.8621,-0.5172,1.0000,0.463795,0.174000
XY,1.0000,0.8621,-0.4483,1.0000,0.480647,0.232000
XY,1.0000,0.8621,-0.3793,1.0000,0.486962,0.209000
XY,1.0000,0.8621,-0.3103,1.0000,0.502317,0.165000
XY,1.0000,0.8621,-0.2414,1.0000,0.555897,0.071000
XY,1.0000,0.8621,-0.1724,1.0000,0.597210,0.012000
XY,1.0000,0.8621,-0.1034,1.0000,0.593578,0.002000
XY,1.0000,0.8621,-0.0345,1.0000,0.573678,0.001000
XY,1.0000,0.8621,0.0345,1.0000,0.565677,0.004000
XY,1.0000,0.8621,0.1034,1.0000,0.574062,0.020000
XY,1.0000,0.8621,0.1724,1.0000,0.591618,0.055000
XY,1.0000,0.8621,0.2414,1.0000,0.607804,0.079000
XY,1.0000,0.8621,0.3103,1.0000,0.615383,0.073000
XY,1.0000,0.8621,0.3793,1.0000,0.613093,0.069000
XY,1.0000,0.8621,0.4483,1.0000,0.602870,0.054000
XY,1.0000,0.8621,0.5172,1.0000,0.588535,0.058000
XY,1.0000,0.8621,0.5862,1.0000,0.574266,0.030000
XY,1.0000,0.8621,0.6552,1.0000,0.561215,0.029000
XY,1.0000,0.8621,0.7241,1.0000,0.546615,0.004000
XY,1.0000,0.8621,0.7931,1.0000,0.528048,0.004000
XY,1.0000,0.8621,0.8621,1.0000,0.507825,0.001000
XY,1.0000,0.8621,0.9310,1.0000,0.503227,0.000000
XY,1.0000,0.8621,1.0000,1.0000,0.511061,0.003000
XY,1.0000,0.9310,-1.0000,1.0000,0.537663,0.046000
XY,1.0000,0.9310,-0.9310,1.0000,0.534560,0.008000
XY,1.0000,0.9310,-0.8621,1.0000,0.505199,0.028000
XY,1.0000,0.9310,-0.7931,1.0000,0.468085,0.050000
XY,1.0000,0.9310,-0.7241,1.0000,0.461708,0.112000
XY,1.0000,0.9310,-0.6552,1.0000,0.453745,0.097000
XY,1.0000,0.9310,-0.5862,1.0000,0.453697,0.039000
XY,1.0000,0.9310,-0.5172,1.0000,0.474218,0.081000
XY,1.0000,0.9310,-0.4483,1.0000,0.486245,0.111000
XY,1.0000,0.9310,-0.3793,1.0000,0.479174,0.107000
XY,1.0000,0.9310,-0.3103,1.0000,0.480213,0.090000
XY,1.0000,0.9310,-0.2414,1.0000,0.547590,0.029000
XY,1.0000,0.9310,-0.1724,1.0000,0.596678,0.003000
XY,1.0000,0.9310,-0.1034,1.0000,0.612509,0.015000
XY,1.0000,0.9310,-0.0345,1.0000,0.608647,0.025000
XY,1.0000,0.9310,0.0345,1.0000,0.600277,0.019000
XY,1.0000,0.9310,0.1034,1.0000,0.593611,0.012000
XY,1.0000,0.9310,0.1724,1.0000,0.586650,0.024000
XY,1.0000,0.9310,0.2414,1.0000,0.579836,0.041000
XY,1.0000,0.9310,0.3103,1.0000,0.582078,0.053000
XY,1.0000,0.9310,0.3793,1.0000,0.592878,0.033000
XY,1.0000,0.9310,0.4483,1.0000,0.602288,0.025000
XY,1.0000,0.9310,0.5172,1.0000,0.606898,0.029000
XY,1.0000,0.9310,0.5862,1.0000,0.607104,0.016000
XY,1.0000,0.9310,0.6552,1.0000,0.600996,0.009000
XY,1.0000,0.9310,0.7241,1.0000,0.585500,0.019000
XY,1.0000,0.9310,0.7931,1.0000,0.561580,0.014000
XY,1.0000,0.9310,0.8621,1.0000,0.535291,0.012000
XY,1.0000,0.9310,0.9310,1.0000,0.514714,0.007000
XY,1.0000,0.9310,1.0000,1.0000,0.508468,0.012000
XY,1.0000,1.0000,-1.0000,1.0000,0.531114,0.030000
XY,1.0000,1.0000,-0.9310,1.0000,0.521990,0.022000
XY,1.0000,1.0000,-0.8621,1.0000,0.492980,0.037000
XY,1.0000,1.0000,-0.7931,1.0000,0.468876,0.076000
XY,1.0000,1.0000,-0.7241,1.0000,0.464879,0.105000
XY,1.0000,1.0000,-0.6552,1.0000,0.465027,0.038000
XY,1.0000,1.0000,-0.5862,1.0000,0.483362,0.017000
XY,1.0000,1.0000,-0.5172,1.0000,0.505440,0.025000
XY,1.0000,1.0000,-0.4483,1.0000,0.508286,0.043000
XY,1.0000,1.0000,-0.3793,1.0000,0.496317,0.029000
XY,1.0000,1.0000,-0.3103,1.0000,0.498317,0.023000
XY,1.0000,1.0000,-0.2414,1.0000,0.551908,0.006000
XY,1.0000,1.0000,-0.1724,1.0000,0.593950,0.025000
XY,1.0000,1.0000,-0.1034,1.0000,0.615469,0.044000
XY,1.0000,1.0000,-0.0345,1.0000,0.621188,0.060000
XY,1.0000,1.0000,0.0345,1.0000,0.618906,0.071000
XY,1.0000,1.0000,0.1034,1.0000,0.611024,0.064000
XY,1.0000,1.0000,0.1724,1.0000,0.593263,0.028000
XY,1.0000,1.0000,0.2414,1.0000,0.567118,0.007000
XY,1.0000,1.0000,0.3103,1.0000,0.554482,0.005000
XY,1.0000,1.0000,0.3793,1.0000,0.569550,0.009000
XY,1.0000,1.0000,0.4483,1.0000,0.592022,0.000000
XY,1.0000,1.0000,0.5172,1.0000,0.611232,0.003000
XY,1.0000,1.0000,0.5862,1.0000,0.623201,0.004000
XY,1.0000,1.0000,0.6552,1.0000,0.622942,0.006000
XY,1.0000,1.0000,0.7241,1.0000,0.607535,0.015000
XY,1.0000,1.0000,0.7931,1.0000,0.580686,0.022000
XY,1.0000,1.0000,0.8621,1.0000,0.551011,0.018000
XY,1.0000,1.0000,0.9310,1.0000,0.527135,0.014000
XY,1.0000,1.0000,1.0000,1.0000,0.516030,0.016000
XZ,-1.0000,-1.0000,-1.0000,-1.0000,0.476242,0.009000
XZ,-1.0000,-1.0000,-1.0000,-0.9310,0.476075,0.009000
XZ,-1.0000,-1.0000,-1.0000,-0.8621,0.475929,0.014000
XZ,-1.0000,-1.0000,-1.0000,-0.7931,0.475807,0.010000
XZ,-1.0000,-1.0000,-1.0000,-0.7241,0.475708,0.010000
XZ,-1.0000,-1.0000,-1.0000,-0.6552,0.475634,0.014000
XZ,-1.0000,-1.0000,-1.0000,-0.5862,0.475584,0.008000
XZ,-1.0000,-1.0000,-1.0000,-0.5172,0.475561,0.010000
XZ,-1.0000,-1.0000,-1.0000,-0.4483,0.475563,0.008000
XZ,-1.0000,-1.0000,-1.0000,-0.3793,0.475593,0.009000
XZ,-1.0000,-1.0000,-1.0000,-0.3103,0.475649,0.007000
XZ,-1.0000,-1.0000,-1.0000,-0.2414,0.475733,0.008000
XZ,-1.0000,-1.0000,-1.0000,-0.1724,0.475845,0.010000
XZ,-1.0000,-1.0000,-1.0000,-0.1034,0.475984,0.006000
XZ,-1.0000,-1.0000,-1.0000,-0.0345,0.476151,0.006000
XZ,-1.0000,-1.0000,-1.0000,0.0345,0.476347,0.009000
XZ,-1.0000,-1.0000,-1.0000,0.1034,0.476570,0.009000
XZ,-1.0000,-1.0000,-1.0000,0.1724,0.476821,0.013000
XZ,-1.0000,-1.0000,-1.0000,0.2414,0.477099,0.009000
XZ,-1.0000,-1.0000,-1.0000,0.3103,0.477404,0.013000
XZ,-1.0000,-1.0000,-1.0000,0.3793,0.477737,0.009000
XZ,-1.0000,-1.0000,-1.0000,0.4483,0.478095,0.012000
XZ,-1.0000,-1.0000,-1.0000,0.5172,0.478479,0.016000
XZ,-1.0000,-1.0000,-1.0000,0.5862,0.478887,0.011000
XZ,-1.0000,-1.0000,-1.0000,0.6552,0.479321,0.009000
XZ,-1.0000,-1.0000,-1.0000,0.7241,0.479777,0.019000
XZ,-1.0000,-1.0000,-1.0000,0.7931,0.480256,0.009000
XZ,-1.0000,-1.0000,-1.0000,0.8621,0.480757,0.020000
XZ,-1.0000,-1.0000,-1.0000,0.9310,0.481278,0.009000
XZ,-1.0000,-1.0000,-1.0000,1.0000,0.481819,0.016000
XZ,-1.0000,-0.9310,-1.0000,-1.0000,0.468036,0.049000
XZ,-1.0000,-0.9310,-1.0000,-0.9310,0.467270,0.044000
XZ,-1.0000,-0.9310,-1.0000,-0.8621,0.466510,0.039000
XZ,-1.0000,-0.9310,-1.0000,-0.7931,0.465756,0.042000
XZ,-1.0000,-0.9310,-1.0000,-0.7241,0.465011,0.044000
XZ,-1.0000,-0.9310,-1.0000,-0.6552,0.464275,0.041000
XZ,-1.0000,-0.9310,-1.0000,-0.5862,0.463550,0.041000
XZ,-1.0000,-0.9310,-1.0000,-0.5172,0.462837,0.033000
XZ,-1.0000,-0.9310,-1.0000,-0.4483,0.462137,0.034000
XZ,-1.0000,-0.9310,-1.0000,-0.3793,0.461452,0.037000
XZ,-1.0000,-0.9310,-1.0000,-0.3103,0.460784,0.042000
XZ,-1.0000,-0.9310,-1.0000,-0.2414,0.460133,0.033000
XZ,-1.0000,-0.9310,-1.0000,-0.1724,0.459501,0.037000
XZ,-1.0000,-0.9310,-1.0000,-0.1034,0.458890,0.034000
XZ,-1.0000,-0.9310,-1.0000,-0.0345,0.458300,0.031000
XZ,-1.0000,-0.9310,-1.0000,0.0345,0.457733,0.037000
XZ,-1.0000,-0.9310,-1.0000,0.1034,0.457190,0.033000
XZ,-1.0000,-0.9310,-1.0000,0.1724,0.456672,0.042000
XZ,-1.0000,-0.9310,-1.0000,0.2414,0.456181,0.033000
XZ,-1.0000,-0.9310,-1.0000,0.3103,0.455718,0.036000
XZ,-1.0000,-0.9310,-1.0000,0.3793,0.455283,0.034000
XZ,-1.0000,-0.9310,-1.0000,0.4483,0.454878,0.045000
XZ,-1.0000,-0.9310,-1.0000,0.5172,0.454503,0.037000
XZ,-1.0000,-0.9310,-1.0000,0.5862,0.454159,0.030000
XZ,-1.0000,-0.9310,-1.0000,0.6552,0.453847,0.043000
XZ,-1.0000,-0.9310,-1.0000,0.7241,0.453567,0.047000
XZ,-1.0000,-0.9310,-1.0000,0.7931,0.453320,0.044000
XZ,-1.0000,-0.9310,-1.0000,0.8621,0.453107,0.035000
XZ,-1.0000,-0.9310,-1.0000,0.9310,0.452927,0.045000
XZ,-1.0000,-0.9310,-1.0000,1.0000,0.452782,0.039000
XZ,-1.0000,-0.8621,-1.0000,-1.0000,0.485149,0.094000
XZ,-1.0000,-0.8621,-1.0000,-0.9310,0.484181,0.105000
XZ,-1.0000,-0.8621,-1.0000,-0.8621,0.483198,0.108000
XZ,-1.0000,-0.8621,-1.0000,-0.7931,0.482201,0.111000
XZ,-1.0000,-0.8621,-1.0000,-0.7241,0.481191,0.087000
XZ,-1.0000,-0.8621,-1.0000,-0.6552,0.480169,0.110000
XZ,-1.0000,-0.8621,-1.0000,-0.5862,0.479137,0.092000
XZ,-1.0000,-0.8621,-1.0000,-0.5172,0.478095,0.102000
XZ,-1.0000,-0.8621,-1.0000,-0.4483,0.477044,0.104000
XZ,-1.0000,-0.8621,-1.0000,-0.3793,0.475987,0.106000
XZ,-1.0000,-0.8621,-1.0000,-0.3103,0.474924,0.104000
XZ,-1.0000,-0.8621,-1.0000,-0.2414,0.473856,0.075000
XZ,-1.0000,-0.8621,-1.0000,-0.1724,0.472786,0.099000
XZ,-1.0000,-0.8621,-1.0000,-0.1034,0.471715,0.122000
XZ,-1.0000,-0.8621,-1.0000,-0.0345,0.470644,0.096000
XZ,-1.0000,-0.8621,-1.0000,0.0345,0.469574,0.117000
XZ,-1.0000,-0.8621,-1.0000,0.1034,0.468507,0.114000
XZ,-1.0000,-0.8621,-1.0000,0.1724,0.467445,0.103000
XZ,-1.0000,-0.8621,-1.0000,0.2414,0.466388,0.108000
XZ,-1.0000,-0.8621,-1.0000,0.3103,0.465340,0.125000
XZ,-1.0000,-0.8621,-1.0000,0.3793,0.464300,0.117000
XZ,-1.0000,-0.8621,-1.0000,0.4483,0.463271,0.102000
XZ,-1.0000,-0.8621,-1.0000,0.5172,0.462253,0.117000
XZ,-1.0000,-0.8621,-1.0000,0.5862,0.461249,0.098000
XZ,-1.0000,-0.8621,-1.0000,0.6552,0.460261,0.112000
XZ,-1.0000,-0.8621,-1.0000,0.7241,0.459288,0.110000
XZ,-1.0000,-0.8621,-1.0000,0.7931,0.458333,0.107000
XZ,-1.0000,-0.8621,-1.0000,0.8621,0.457398,0.105000
XZ,-1.0000,-0.8621,-1.0000,0.9310,0.456483,0.111000
XZ,-1.0000,-0.8621,-1.0000,1.0000,0.455589,0.104000
XZ,-1.0000,-0.7931,-1.0000,-1.0000,0.517535,0.198000
XZ,-1.0000,-0.7931,-1.0000,-0.9310,0.516710,0.230000
XZ,-1.0000,-0.7931,-1.0000,-0.8621,0.515855,0.186000
XZ,-1.0000,-0.7931,-1.0000,-0.7931,0.514972,0.189000
XZ,-1.0000,-0.7931,-1.0000,-0.7241,0.514061,0.192000
XZ,-1.0000,-0.7931,-1.0000,-0.6552,0.513123,0.216000
XZ,-1.0000,-0.7931,-1.0000,-0.5862,0.512160,0.181000
XZ,-1.0000,-0.7931,-1.0000,-0.5172,0.511173,0.181000
XZ,-1.0000,-0.7931,-1.0000,-0.4483,0.510162,0.197000
XZ,-1.0000,-0.7931,-1.0000,-0.3793,0.509129,0.209000
XZ,-1.0000,-0.7931,-1.0000,-0.3103,0.508075,0.190000
XZ,-1.0000,-0.7931,-1.0000,-0.2414,0.507000,0.195000
XZ,-1.0000,-0.7931,-1.0000,-0.1724,0.505908,0.176000
XZ,-1.0000,-0.7931,-1.0000,-0.1034,0.504797,0.186000
XZ,-1.0000,-0.7931,-1.0000,-0.0345,0.503671,0.187000
XZ,-1.0000,-0.7931,-1.0000,0.0345,0.502529,0.199000
XZ,-1.0000,-0.7931,-1.0000,0.1034,0.501374,0.209000
XZ,-1.0000,-0.7931,-1.0000,0.1724,0.500206,0.201000
XZ,-1.0000,-0.7931,-1.0000,0.2414,0.499027,0.211000
XZ,-1.0000,-0.7931,-1.0000,0.3103,0.497838,0.199000
XZ,-1.0000,-0.7931,-1.0000,0.3793,0.496641,0.195000
XZ,-1.0000,-0.7931,-1.0000,0.4483,0.495437,0.194000
XZ,-1.0000,-0.7931,-1.0000,0.5172,0.494228,0.215000
XZ,-1.0000,-0.7931,-1.0000,0.5862,0.493014,0.194000
XZ,-1.0000,-0.7931,-1.0000,0.6552,0.491797,0.206000
XZ,-1.0000,-0.7931,-1.0000,0.7241,0.490579,0.202000
XZ,-1.0000,-0.7931,-1.0000,0.7931,0.489360,0.225000
XZ,-1.0000,-0.7931,-1.0000,0.8621,0.488143,0.227000
XZ,-1.0000,-0.7931,-1.0000,0.9310,0.486929,0.225000
XZ,-1.0000,-0.7931,-1.0000,1.0000,0.485718,0.197000
XZ,-1.0000,-0.7241,-1.0000,-1.0000,0.547707,0.278000
XZ,-1.0000,-0.7241,-1.0000,-0.9310,0.547163,0.285000
XZ,-1.0000,-0.7241,-1.0000,-0.8621,0.546585,0.280000
XZ,-1.0000,-0.7241,-1.0000,-0.7931,0.545975,0.264000
XZ,-1.0000,-0.7241,-1.0000,-0.7241,0.545333,0.317000
XZ,-1.0000,-0.7241,-1.0000,-0.6552,0.544661,0.291000
XZ,-1.0000,-0.7241,-1.0000,-0.5862,0.543959,0.283000
XZ,-1.0000,-0.7241,-1.0000,-0.5172,0.543228,0.290000
XZ,-1.0000,-0.7241,-1.0000,-0.4483,0.542470,0.284000
XZ,-1.0000,-0.7241,-1.0000,-0.3793,0.541685,0.253000
XZ,-1.0000,-0.7241,-1.0000,-0.3103,0.540875,0.311000
XZ,-1.0000,-0.7241,-1.0000,-0.2414,0.540040,0.290000
XZ,-1.0000,-0.7241,-1.0000,-0.1724,0.539181,0.309000
XZ,-1.0000,-0.7241,-1.0000,-0.1034,0.538300,0.293000
XZ,-1.0000,-0.7241,-1.0000,-0.0345,0.537397,0.291000
XZ,-1.0000,-0.7241,-1.0000,0.0345,0.536473,0.307000
XZ,-1.0000,-0.7241,-1.0000,0.1034,0.535530,0.304000
XZ,-1.0000,-0.7241,-1.0000,0.1724,0.534569,0.298000
XZ,-1.0000,-0.7241,-1.0000,0.2414,0.533590,0.300000
XZ,-1.0000,-0.7241,-1.0000,0.3103,0.532595,0.298000
XZ,-1.0000,-0.7241,-1.0000,0.3793,0.531584,0.287000
XZ,-1.0000,-0.7241,-1.0000,0.4483,0.530559,0.283000
XZ,-1.0000,-0.7241,-1.0000,0.5172,0.529520,0.293000
XZ,-1.0000,-0.7241,-1.0000,0.5862,0.528470,0.284000
XZ,-1.0000,-0.7241,-1.0000,0.6552,0.527408,0.293000
XZ,-1.0000,-0.7241,-1.0000,0.7241,0.526336,0.299000
XZ,-1.0000,-0.7241,-1.0000,0.7931,0.525255,0.276000
XZ,-1.0000,-0.7241,-1.0000,0.8621,0.524165,0.296000
XZ,-1.0000,-0.7241,-1.0000,0.9310,0.523069,0.302000
XZ,-1.0000,-0.7241,-1.0000,1.0000,0.521966,0.301000
XZ,-1.0000,-0.6552,-1.0000,-1.0000,0.554415,0.337000
XZ,-1.0000,-0.6552,-1.0000,-0.9310,0.554062,0.339000
XZ,-1.0000,-0.6552,-1.0000,-0.8621,0.553686,0.343000
XZ,-1.0000,-0.6552,-1.0000,-0.7931,0.553288,0.309000
XZ,-1.0000,-0.6552,-1.0000,-0.7241,0.552868,0.355000
XZ,-1.0000,-0.6552,-1.0000,-0.6552,0.552427,0.328000
XZ,-1.0000,-0.6552,-1.0000,-0.5862,0.551968,0.324000
XZ,-1.0000,-0.6552,-1.0000,-0.5172,0.551490,0.325000
XZ,-1.0000,-0.6552,-1.0000,-0.4483,0.550994,0.339000
XZ,-1.0000,-0.6552,-1.0000,-0.3793,0.550482,0.320000
XZ,-1.0000,-0.6552,-1.0000,-0.3103,0.549954,0.347000
XZ,-1.0000,-0.6552,-1.0000,-0.2414,0.549412,0.350000
XZ,-1.0000,-0.6552,-1.0000,-0.1724,0.548856,0.360000
XZ,-1.0000,-0.6552,-1.0000,-0.1034,0.548286,0.332000
XZ,-1.0000,-0.6552,-1.0000,-0.0345,0.547705,0.356000
XZ,-1.0000,-0.6552,-1.0000,0.0345,0.547112,0.344000
XZ,-1.0000,-0.6552,-1.0000,0.1034,0.546509,0.336000
XZ,-1.0000,-0.6552,-1.0000,0.1724,0.545895,0.329000
XZ,-1.0000,-0.6552,-1.0000,0.2414,0.545272,0.346000
XZ,-1.0000,-0.6552,-1.0000,0.3103,0.544641,0.333000
XZ,-1.0000,-0.6552,-1.0000,0.3793,0.544001,0.340000
XZ,-1.0000,-0.6552,-1.0000,0.4483,0.543355,0.346000
XZ,-1.0000,-0.6552,-1.0000,0.5172,0.542701,0.315000
XZ,-1.0000,-0.6552,-1.0000,0.5862,0.542041,0.342000
XZ,-1.0000,-0.6552,-1.0000,0.6552,0.541375,0.337000
XZ,-1.0000,-0.6552,-1.0000,0.7241,0.540703,0.347000
XZ,-1.0000,-0.6552,-1.0000,0.7931,0.540027,0.325000
XZ,-1.0000,-0.6552,-1.0000,0.8621,0.539347,0.325000
XZ,-1.0000,-0.6552,-1.0000,0.9310,0.538663,0.322000
XZ,-1.0000,-0.6552,-1.0000,1.0000,0.537975,0.322000
XZ,-1.0000,-0.5862,-1.0000,-1.0000,0.520247,0.338000
XZ,-1.0000,-0.5862,-1.0000,-0.9310,0.519889,0.323000
XZ,-1.0000,-0.5862,-1.0000,-0.8621,0.519531,0.316000
XZ,-1.0000,-0.5862,-1.0000,-0.7931,0.519174,0.339000
XZ,-1.0000,-0.5862,-1.0000,-0.7241,0.518818,0.324000
XZ,-1.0000,-0.5862,-1.0000,-0.6552,0.518466,0.309000
XZ,-1.0000,-0.5862,-1.0000,-0.5862,0.518117,0.333000
XZ,-1.0000,-0.5862,-1.0000,-0.5172,0.517772,0.314000
XZ,-1.0000,-0.5862,-1.0000,-0.4483,0.517434,0.331000
XZ,-1.0000,-0.5862,-1.0000,-0.3793,0.517102,0.328000
XZ,-1.0000,-0.5862,-1.0000,-0.3103,0.516777,0.305000
XZ,-1.0000,-0.5862,-1.0000,-0.2414,0.516460,0.315000
XZ,-1.0000,-0.5862,-1.0000,-0.1724,0.516152,0.294000
XZ,-1.0000,-0.5862,-1.0000,-0.1034,0.515853,0.343000
XZ,-1.0000,-0.5862,-1.0000,-0.0345,0.515564,0.293000
XZ,-1.0000,-0.5862,-1.0000,0.0345,0.515285,0.327000
XZ,-1.0000,-0.5862,-1.0000,0.1034,0.515017,0.313000
XZ,-1.0000,-0.5862,-1.0000,0.1724,0.514759,0.298000
XZ,-1.0000,-0.5862,-1.0000,0.2414,0.514513,0.325000
XZ,-1.0000,-0.5862,-1.0000,0.3103,0.514278,0.309000
XZ,-1.0000,-0.5862,-1.0000,0.3793,0.514055,0.322000
XZ,-1.0000,-0.5862,-1.0000,0.4483,0.513843,0.319000
XZ,-1.0000,-0.5862,-1.0000,0.5172,0.513642,0.319000
XZ,-1.0000,-0.5862,-1.0000,0.5862,0.513453,0.317000
XZ,-1.0000,-0.5862,-1.0000,0.6552,0.513275,0.268000
XZ,-1.0000,-0.5862,-1.0000,0.7241,0.513108,0.303000
XZ,-1.0000,-0.5862,-1.0000,0.7931,0.512951,0.307000
XZ,-1.0000,-0.5862,-1.0000,0.8621,0.512805,0.302000
XZ,-1.0000,-0.5862,-1.0000,0.9310,0.512669,0.305000
XZ,-1.0000,-0.5862,-1.0000,1.0000,0.512542,0.265000
XZ,-1.0000,-0.5172,-1.0000,-1.0000,0.448078,0.254000
XZ,-1.0000,-0.5172,-1.0000,-0.9310,0.447957,0.246000
XZ,-1.0000,-0.5172,-1.0000,-0.8621,0.447859,0.220000
XZ,-1.0000,-0.5172,-1.0000,-0.7931,0.447784,0.219000
XZ,-1.0000,-0.5172,-1.0000,-0.7241,0.447733,0.227000
XZ,-1.0000,-0.5172,-1.0000,-0.6552,0.447707,0.230000
XZ,-1.0000,-0.5172,-1.0000,-0.5862,0.447707,0.237000
XZ,-1.0000,-0.5172,-1.0000,-0.5172,0.447732,0.264000
XZ,-1.0000,-0.5172,-1.0000,-0.4483,0.447784,0.232000
XZ,-1.0000,-0.5172,-1.0000,-0.3793,0.447863,0.234000
XZ,-1.0000,-0.5172,-1.0000,-0.3103,0.447969,0.215000
XZ,-1.0000,-0.5172,-1.0000,-0.2414,0.448102,0.190000
XZ,-1.0000,-0.5172,-1.0000,-0.1724,0.448263,0.229000
XZ,-1.0000,-0.5172,-1.0000,-0.1034,0.448451,0.226000
XZ,-1.0000,-0.5172,-1.0000,-0.0345,0.448666,0.213000
XZ,-1.0000,-0.5172,-1.0000,0.0345,0.448908,0.253000
XZ,-1.0000,-0.5172,-1.0000,0.1034,0.449177,0.200000
XZ,-1.0000,-0.5172,-1.0000,0.1724,0.449472,0.209000
XZ,-1.0000,-0.5172,-1.0000,0.2414,0.449792,0.190000
XZ,-1.0000,-0.5172,-1.0000,0.3103,0.450138,0.207000
XZ,-1.0000,-0.5172,-1.0000,0.3793,0.450507,0.209000
XZ,-1.0000,-0.5172,-1.0000,0.4483,0.450899,0.210000
XZ,-1.0000,-0.5172,-1.0000,0.5172,0.451314,0.188000
XZ,-1.0000,-0.5172,-1.0000,0.5862,0.451749,0.225000
XZ,-1.0000,-0.5172,-1.0000,0.6552,0.452205,0.200000
XZ,-1.0000,-0.5172,-1.0000,0.7241,0.452679,0.182000
XZ,-1.0000,-0.5172,-1.0000,0.7931,0.453170,0.182000
XZ,-1.0000,-0.5172,-1.0000,0.8621,0.453677,0.169000
XZ,-1.0000,-0.5172,-1.0000,0.9310,0.454199,0.187000
XZ,-1.0000,-0.5172,-1.0000,1.0000,0.454735,0.169000
XZ,-1.0000,-0.4483,-1.0000,-1.0000,0.420228,0.117000
XZ,-1.0000,-0.4483,-1.0000,-0.9310,0.420042,0.137000
XZ,-1.0000,-0.4483,-1.0000,-0.8621,0.419927,0.134000
XZ,-1.0000,-0.4483,-1.0000,-0.7931,0.419879,0.111000
XZ,-1.0000,-0.4483,-1.0000,-0.7241,0.419893,0.112000
XZ,-1.0000,-0.4483,-1.0000,-0.6552,0.419966,0.124000
XZ,-1.0000,-0.4483,-1.0000,-0.5862,0.420094,0.135000
XZ,-1.0000,-0.4483,-1.0000,-0.5172,0.420274,0.115000
XZ,-1.0000,-0.4483,-1.0000,-0.4483,0.420503,0.130000
XZ,-1.0000,-0.4483,-1.0000,-0.3793,0.420779,0.118000
XZ,-1.0000,-0.4483,-1.0000,-0.3103,0.421099,0.124000
XZ,-1.0000,-0.4483,-1.0000,-0.2414,0.421460,0.132000
XZ,-1.0000,-0.4483,-1.0000,-0.1724,0.421860,0.139000
XZ,-1.0000,-0.4483,-1.0000,-0.1034,0.422297,0.117000
XZ,-1.0000,-0.4483,-1.0000,-0.0345,0.422768,0.111000
XZ,-1.0000,-0.4483,-1.0000,0.0345,0.423271,0.111000
XZ,-1.0000,-0.4483,-1.0000,0.1034,0.423804,0.097000
XZ,-1.0000,-0.4483,-1.0000,0.1724,0.424364,0.106000
XZ,-1.0000,-0.4483,-1.0000,0.2414,0.424950,0.105000
XZ,-1.0000,-0.4483,-1.0000,0.3103,0.425558,0.107000
XZ,-1.0000,-0.4483,-1.0000,0.3793,0.426187,0.096000
XZ,-1.0000,-0.4483,-1.0000,0.4483,0.426834,0.094000
XZ,-1.0000,-0.4483,-1.0000,0.5172,0.427498,0.125000
XZ,-1.0000,-0.4483,-1.0000,0.5862,0.428174,0.089000
XZ,-1.0000,-0.4483,-1.0000,0.6552,0.428863,0.104000
XZ,-1.0000,-0.4483,-1.0000,0.7241,0.429560,0.089000
XZ,-1.0000,-0.4483,-1.0000,0.7931,0.430265,0.090000
XZ,-1.0000,-0.4483,-1.0000,0.8621,0.430974,0.096000
XZ,-1.0000,-0.4483,-1.0000,0.9310,0.431686,0.068000
XZ,-1.0000,-0.4483,-1.0000,1.0000,0.432399,0.080000
XZ,-1.0000,-0.3793,-1.0000,-1.0000,0.481626,0.061000
XZ,-1.0000,-0.3793,-1.0000,-0.9310,0.480253,0.058000
XZ,-1.0000,-0.3793,-1.0000,-0.8621,0.478964,0.059000
XZ,-1.0000,-0.3793,-1.0000,-0.7931,0.477755,0.063000
XZ,-1.0000,-0.3793,-1.0000,-0.7241,0.476623,0.057000
XZ,-1.0000,-0.3793,-1.0000,-0.6552,0.475566,0.057000
XZ,-1.0000,-0.3793,-1.0000,-0.5862,0.474581,0.056000
XZ,-1.0000,-0.3793,-1.0000,-0.5172,0.473665,0.057000
XZ,-1.0000,-0.3793,-1.0000,-0.4483,0.472816,0.054000
XZ,-1.0000,-0.3793,-1.0000,-0.3793,0.472030,0.045000
XZ,-1.0000,-0.3793,-1.0000,-0.3103,0.471306,0.053000
XZ,-1.0000,-0.3793,-1.0000,-0.2414,0.470639,0.060000
XZ,-1.0000,-0.3793,-1.0000,-0.1724,0.470027,0.043000
XZ,-1.0000,-0.3793,-1.0000,-0.1034,0.469468,0.070000
XZ,-1.0000,-0.3793,-1.0000,-0.0345,0.468959,0.055000
XZ,-1.0000,-0.3793,-1.0000,0.0345,0.468496,0.046000
XZ,-1.0000,-0.3793,-1.0000,0.1034,0.468078,0.053000
XZ,-1.0000,-0.3793,-1.0000,0.1724,0.467701,0.067000
XZ,-1.0000,-0.3793,-1.0000,0.2414,0.467363,0.057000
XZ,-1.0000,-0.3793,-1.0000,0.3103,0.467062,0.060000
XZ,-1.0000,-0.3793,-1.0000,0.3793,0.466793,0.061000
XZ,-1.0000,-0.3793,-1.0000,0.4483,0.466555,0.045000
XZ,-1.0000,-0.3793,-1.0000,0.5172,0.466345,0.059000
XZ,-1.0000,-0.3793,-1.0000,0.5862,0.466160,0.058000
XZ,-1.0000,-0.3793,-1.0000,0.6552,0.465999,0.066000
XZ,-1.0000,-0.3793,-1.0000,0.7241,0.465857,0.075000
XZ,-1.0000,-0.3793,-1.0000,0.7931,0.465733,0.060000
XZ,-1.0000,-0.3793,-1.0000,0.8621,0.465623,0.079000
XZ,-1.0000,-0.3793,-1.0000,0.9310,0.465527,0.076000
XZ,-1.0000,-0.3793,-1.0000,1.0000,0.465440,0.079000
XZ,-1.0000,-0.3103,-1.0000,-1.0000,0.546029,0.075000
XZ,-1.0000,-0.3103,-1.0000,-0.9310,0.543993,0.084000
XZ,-1.0000,-0.3103,-1.0000,-0.8621,0.541992,0.082000
XZ,-1.0000,-0.3103,-1.0000,-0.7931,0.540024,0.090000
XZ,-1.0000,-0.3103,-1.0000,-0.7241,0.538090,0.078000
XZ,-1.0000,-0.3103,-1.0000,-0.6552,0.536191,0.098000
XZ,-1.0000,-0.3103,-1.0000,-0.5862,0.534325,0.085000
XZ,-1.0000,-0.3103,-1.0000,-0.5172,0.532494,0.082000
XZ,-1.0000,-0.3103,-1.0000,-0.4483,0.530696,0.095000
XZ,-1.0000,-0.3103,-1.0000,-0.3793,0.528932,0.098000
XZ,-1.0000,-0.3103,-1.0000,-0.3103,0.527201,0.102000
XZ,-1.0000,-0.3103,-1.0000,-0.2414,0.525502,0.080000
XZ,-1.0000,-0.3103,-1.0000,-0.1724,0.523835,0.093000
XZ,-1.0000,-0.3103,-1.0000,-0.1034,0.522199,0.093000
XZ,-1.0000,-0.3103,-1.0000,-0.0345,0.520595,0.094000
XZ,-1.0000,-0.3103,-1.0000,0.0345,0.519020,0.096000
XZ,-1.0000,-0.3103,-1.0000,0.1034,0.517475,0.090000
XZ,-1.0000,-0.3103,-1.0000,0.1724,0.515958,0.095000
XZ,-1.0000,-0.3103,-1.0000,0.2414,0.514470,0.102000
XZ,-1.0000,-0.3103,-1.0000,0.3103,0.513008,0.115000
XZ,-1.0000,-0.3103,-1.0000,0.3793,0.511573,0.094000
XZ,-1.0000,-0.3103,-1.0000,0.4483,0.510163,0.092000
XZ,-1.0000,-0.3103,-1.0000,0.5172,0.508778,0.099000
XZ,-1.0000,-0.3103,-1.0000,0.5862,0.507416,0.086000
XZ,-1.0000,-0.3103,-1.0000,0.6552,0.506077,0.110000
XZ,-1.0000,-0.3103,-1.0000,0.7241,0.504759,0.116000
XZ,-1.0000,-0.3103,-1.0000,0.7931,0.503462,0.104000
XZ,-1.0000,-0.3103,-1.0000,0.8621,0.502185,0.119000
XZ,-1.0000,-0.3103,-1.0000,0.9310,0.500926,0.129000
XZ,-1.0000,-0.3103,-1.0000,1.0000,0.499685,0.113000
XZ,-1.0000,-0.2414,-1.0000,-1.0000,0.582270,0.225000
XZ,-1.0000,-0.2414,-1.0000,-0.9310,0.579903,0.213000
XZ,-1.0000,-0.2414,-1.0000,-0.8621,0.577521,0.217000
XZ,-1.0000,-0.2414,-1.0000,-0.7931,0.575124,0.193000
XZ,-1.0000,-0.2414,-1.0000,-0.7241,0.572716,0.207000
XZ,-1.0000,-0.2414,-1.0000,-0.6552,0.570296,0.210000
XZ,-1.0000,-0.2414,-1.0000,-0.5862,0.567866,0.232000
XZ,-1.0000,-0.2414,-1.0000,-0.5172,0.565427,0.207000
XZ,-1.0000,-0.2414,-1.0000,-0.4483,0.562980,0.210000
XZ,-1.0000,-0.2414,-1.0000,-0.3793,0.560526,0.212000
XZ,-1.0000,-0.2414,-1.0000,-0.3103,0.558067,0.225000
XZ,-1.0000,-0.2414,-1.0000,-0.2414,0.555603,0.228000
XZ,-1.0000,-0.2414,-1.0000,-0.1724,0.553136,0.207000
XZ,-1.0000,-0.2414,-1.0000,-0.1034,0.550666,0.212000
XZ,-1.0000,-0.2414,-1.0000,-0.0345,0.548194,0.233000
XZ,-1.0000,-0.2414,-1.0000,0.0345,0.545721,0.228000
XZ,-1.0000,-0.2414,-1.0000,0.1034,0.543248,0.228000
XZ,-1.0000,-0.2414,-1.0000,0.1724,0.540777,0.189000
XZ,-1.0000,-0.2414,-1.0000,0.2414,0.538308,0.196000
XZ,-1.0000,-0.2414,-1.0000,0.3103,0.535842,0.210000
XZ,-1.0000,-0.2414,-1.0000,0.3793,0.533380,0.214000
XZ,-1.0000,-0.2414,-1.0000,0.4483,0.530923,0.204000
XZ,-1.0000,-0.2414,-1.0000,0.5172,0.528472,0.198000
XZ,-1.0000,-0.2414,-1.0000,0.5862,0.526028,0.227000
XZ,-1.0000,-0.2414,-1.0000,0.6552,0.523592,0.227000
XZ,-1.0000,-0.2414,-1.0000,0.7241,0.521165,0.216000
XZ,-1.0000,-0.2414,-1.0000,0.7931,0.518748,0.218000
XZ,-1.0000,-0.2414,-1.0000,0.8621,0.516341,0.225000
XZ,-1.0000,-0.2414,-1.0000,0.9310,0.513946,0.201000
XZ,-1.0000,-0.2414,-1.0000,1.0000,0.511563,0.225000
XZ,-1.0000,-0.1724,-1.0000,-1.0000,0.577251,0.350000
XZ,-1.0000,-0.1724,-1.0000,-0.9310,0.574952,0.378000
XZ,-1.0000,-0.1724,-1.0000,-0.8621,0.572619,0.359000
XZ,-1.0000,-0.1724,-1.0000,-0.7931,0.570253,0.356000
XZ,-1.0000,-0.1724,-1.0000,-0.7241,0.567855,0.361000
XZ,-1.0000,-0.1724,-1.0000,-0.6552,0.565424,0.342000
XZ,-1.0000,-0.1724,-1.0000,-0.5862,0.562964,0.377000
XZ,-1.0000,-0.1724,-1.0000,-0.5172,0.560473,0.370000
XZ,-1.0000,-0.1724,-1.0000,-0.4483,0.557953,0.344000
XZ,-1.0000,-0.1724,-1.0000,-0.3793,0.555405,0.326000
XZ,-1.0000,-0.1724,-1.0000,-0.3103,0.552829,0.352000
XZ,-1.0000,-0.1724,-1.0000,-0.2414,0.550228,0.353000
XZ,-1.0000,-0.1724,-1.0000,-0.1724,0.547600,0.369000
XZ,-1.0000,-0.1724,-1.0000,-0.1034,0.544949,0.350000
XZ,-1.0000,-0.1724,-1.0000,-0.0345,0.542273,0.365000
XZ,-1.0000,-0.1724,-1.0000,0.0345,0.539576,0.351000
XZ,-1.0000,-0.1724,-1.0000,0.1034,0.536857,0.331000
XZ,-1.0000,-0.1724,-1.0000,0.1724,0.534118,0.371000
XZ,-1.0000,-0.1724,-1.0000,0.2414,0.531361,0.339000
XZ,-1.0000,-0.1724,-1.0000,0.3103,0.528586,0.349000
XZ,-1.0000,-0.1724,-1.0000,0.3793,0.525795,0.345000
XZ,-1.0000,-0.1724,-1.0000,0.4483,0.522989,0.354000
XZ,-1.0000,-0.1724,-1.0000,0.5172,0.520170,0.361000
XZ,-1.0000,-0.1724,-1.0000,0.5862,0.517340,0.351000
XZ,-1.0000,-0.1724,-1.0000,0.6552,0.514499,0.354000
XZ,-1.0000,-0.1724,-1.0000,0.7241,0.511650,0.353000
XZ,-1.0000,-0.1724,-1.0000,0.7931,0.508794,0.368000
XZ,-1.0000,-0.1724,-1.0000,0.8621,0.505933,0.339000
XZ,-1.0000,-0.1724,-1.0000,0.9310,0.503069,0.349000
XZ,-1.0000,-0.1724,-1.0000,1.0000,0.500203,0.384000
XZ,-1.0000,-0.1034,-1.0000,-1.0000,0.537377,0.454000
XZ,-1.0000,-0.1034,-1.0000,-0.9310,0.535561,0.440000
XZ,-1.0000,-0.1034,-1.0000,-0.8621,0.533737,0.450000
XZ,-1.0000,-0.1034,-1.0000,-0.7931,0.531905,0.450000
XZ,-1.0000,-0.1034,-1.0000,-0.7241,0.530065,0.454000
XZ,-1.0000,-0.1034,-1.0000,-0.6552,0.528216,0.459000
XZ,-1.0000,-0.1034,-1.0000,-0.5862,0.526358,0.424000
XZ,-1.0000,-0.1034,-1.0000,-0.5172,0.524491,0.454000
XZ,-1.0000,-0.1034,-1.0000,-0.4483,0.522615,0.441000
XZ,-1.0000,-0.1034,-1.0000,-0.3793,0.520730,0.444000
XZ,-1.0000,-0.1034,-1.0000,-0.3103,0.518836,0.414000
XZ,-1.0000,-0.1034,-1.0000,-0.2414,0.516931,0.425000
XZ,-1.0000,-0.1034,-1.0000,-0.1724,0.515018,0.408000
XZ,-1.0000,-0.1034,-1.0000,-0.1034,0.513095,0.443000
XZ,-1.0000,-0.1034,-1.0000,-0.0345,0.511163,0.436000
XZ,-1.0000,-0.1034,-1.0000,0.0345,0.509222,0.431000
XZ,-1.0000,-0.1034,-1.0000,0.1034,0.507273,0.445000
XZ,-1.0000,-0.1034,-1.0000,0.1724,0.505316,0.421000
XZ,-1.0000,-0.1034,-1.0000,0.2414,0.503351,0.415000
XZ,-1.0000,-0.1034,-1.0000,0.3103,0.501379,0.428000
XZ,-1.0000,-0.1034,-1.0000,0.3793,0.499401,0.426000
XZ,-1.0000,-0.1034,-1.0000,0.4483,0.497417,0.428000
XZ,-1.0000,-0.1034,-1.0000,0.5172,0.495429,0.431000
XZ,-1.0000,-0.1034,-1.0000,0.5862,0.493437,0.459000
XZ,-1.0000,-0.1034,-1.0000,0.6552,0.491442,0.459000
XZ,-1.0000,-0.1034,-1.0000,0.7241,0.489446,0.475000
XZ,-1.0000,-0.1034,-1.0000,0.7931,0.487449,0.457000
XZ,-1.0000,-0.1034,-1.0000,0.8621,0.485453,0.469000
XZ,-1.0000,-0.1034,-1.0000,0.9310,0.483459,0.476000
XZ,-1.0000,-0.1034,-1.0000,1.0000,0.481469,0.475000
XZ,-1.0000,-0.0345,-1.0000,-1.0000,0.500358,0.410000
XZ,-1.0000,-0.0345,-1.0000,-0.9310,0.499545,0.440000
XZ,-1.0000,-0.0345,-1.0000,-0.8621,0.498766,0.427000
XZ,-1.0000,-0.0345,-1.0000,-0.7931,0.498019,0.437000
XZ,-1.0000,-0.0345,-1.0000,-0.7241,0.497303,0.421000
XZ,-1.0000,-0.0345,-1.0000,-0.6552,0.496616,0.385000
XZ,-1.0000,-0.0345,-1.0000,-0.5862,0.495958,0.391000
XZ,-1.0000,-0.0345,-1.0000,-0.5172,0.495326,0.395000
XZ,-1.0000,-0.0345,-1.0000,-0.4483,0.494719,0.429000
XZ,-1.0000,-0.0345,-1.0000,-0.3793,0.494137,0.415000
XZ,-1.0000,-0.0345,-1.0000,-0.3103,0.493578,0.411000
XZ,-1.0000,-0.0345,-1.0000,-0.2414,0.493040,0.384000
XZ,-1.0000,-0.0345,-1.0000,-0.1724,0.492523,0.406000
XZ,-1.0000,-0.0345,-1.0000,-0.1034,0.492026,0.400000
XZ,-1.0000,-0.0345,-1.0000,-0.0345,0.491548,0.416000
XZ,-1.0000,-0.0345,-1.0000,0.0345,0.491087,0.393000
XZ,-1.0000,-0.0345,-1.0000,0.1034,0.490643,0.400000
XZ,-1.0000,-0.0345,-1.0000,0.1724,0.490215,0.384000
XZ,-1.0000,-0.0345,-1.0000,0.2414,0.489802,0.406000
XZ,-1.0000,-0.0345,-1.0000,0.3103,0.489404,0.439000
XZ,-1.0000,-0.0345,-1.0000,0.3793,0.489020,0.400000
XZ,-1.0000,-0.0345,-1.0000,0.4483,0.488648,0.425000
XZ,-1.0000,-0.0345,-1.0000,0.5172,0.488290,0.474000
XZ,-1.0000,-0.0345,-1.0000,0.5862,0.487943,0.480000
XZ,-1.0000,-0.0345,-1.0000,0.6552,0.487608,0.481000
XZ,-1.0000,-0.0345,-1.0000,0.7241,0.487283,0.483000
XZ,-1.0000,-0.0345,-1.0000,0.7931,0.486970,0.513000
XZ,-1.0000,-0.0345,-1.0000,0.8621,0.486666,0.487000
XZ,-1.0000,-0.0345,-1.0000,0.9310,0.486372,0.504000
XZ,-1.0000,-0.0345,-1.0000,1.0000,0.486088,0.531000
XZ,-1.0000,0.0345,-1.0000,-1.0000,0.509545,0.327000
XZ,-1.0000,0.0345,-1.0000,-0.9310,0.509635,0.346000
XZ,-1.0000,0.0345,-1.0000,-0.8621,0.509712,0.329000
XZ,-1.0000,0.0345,-1.0000,-0.7931,0.509774,0.355000
XZ,-1.0000,0.0345,-1.0000,-0.7241,0.509821,0.320000
XZ,-1.0000,0.0345,-1.0000,-0.6552,0.509852,0.328000
XZ,-1.0000,0.0345,-1.0000,-0.5862,0.509868,0.310000
XZ,-1.0000,0.0345,-1.0000,-0.5172,0.509867,0.336000
XZ,-1.0000,0.0345,-1.0000,-0.4483,0.509850,0.339000
XZ,-1.0000,0.0345,-1.0000,-0.3793,0.509817,0.341000
XZ,-1.0000,0.0345,-1.0000,-0.3103,0.509768,0.325000
XZ,-1.0000,0.0345,-1.0000,-0.2414,0.509704,0.343000
XZ,-1.0000,0.0345,-1.0000,-0.1724,0.509624,0.362000
XZ,-1.0000,0.0345,-1.0000,-0.1034,0.509529,0.355000
XZ,-1.0000,0.0345,-1.0000,-0.0345,0.509421,0.384000
XZ,-1.0000,0.0345,-1.0000,0.0345,0.509298,0.368000
XZ,-1.0000,0.0345,-1.0000,0.1034,0.509162,0.389000
XZ,-1.0000,0.0345,-1.0000,0.1724,0.509014,0.378000
XZ,-1.0000,0.0345,-1.0000,0.2414,0.508854,0.411000
XZ,-1.0000,0.0345,-1.0000,0.3103,0.508683,0.407000
XZ,-1.0000,0.0345,-1.0000,0.3793,0.508502,0.418000
XZ,-1.0000,0.0345,-1.0000,0.4483,0.508311,0.442000
XZ,-1.0000,0.0345,-1.0000,0.5172,0.508111,0.459000
XZ,-1.0000,0.0345,-1.0000,0.5862,0.507904,0.495000
XZ,-1.0000,0.0345,-1.0000,0.6552,0.507689,0.518000
XZ,-1.0000,0.0345,-1.0000,0.7241,0.507468,0.487000
XZ,-1.0000,0.0345,-1.0000,0.7931,0.507242,0.524000
XZ,-1.0000,0.0345,-1.0000,0.8621,0.507010,0.504000
XZ,-1.0000,0.0345,-1.0000,0.9310,0.506775,0.549000
XZ,-1.0000,0.0345,-1.0000,1.0000,0.506536,0.542000
XZ,-1.0000,0.1034,-1.0000,-1.0000,0.512961,0.255000
XZ,-1.0000,0.1034,-1.0000,-0.9310,0.512853,0.282000
XZ,-1.0000,0.1034,-1.0000,-0.8621,0.512683,0.268000
XZ,-1.0000,0.1034,-1.0000,-0.7931,0.512453,0.281000
XZ,-1.0000,0.1034,-1.0000,-0.7241,0.512166,0.273000
XZ,-1.0000,0.1034,-1.0000,-0.6552,0.511822,0.267000
XZ,-1.0000,0.1034,-1.0000,-0.5862,0.511424,0.276000
XZ,-1.0000,0.1034,-1.0000,-0.5172,0.510974,0.324000
XZ,-1.0000,0.1034,-1.0000,-0.4483,0.510474,0.308000
XZ,-1.0000,0.1034,-1.0000,-0.3793,0.509927,0.320000
XZ,-1.0000,0.1034,-1.0000,-0.3103,0.509335,0.341000
XZ,-1.0000,0.1034,-1.0000,-0.2414,0.508700,0.315000
XZ,-1.0000,0.1034,-1.0000,-0.1724,0.508024,0.346000
XZ,-1.0000,0.1034,-1.0000,-0.1034,0.507311,0.341000
XZ,-1.0000,0.1034,-1.0000,-0.0345,0.506561,0.376000
XZ,-1.0000,0.1034,-1.0000,0.0345,0.505779,0.379000
XZ,-1.0000,0.1034,-1.0000,0.1034,0.504965,0.383000
XZ,-1.0000,0.1034,-1.0000,0.1724,0.504123,0.435000
XZ,-1.0000,0.1034,-1.0000,0.2414,0.503255,0.452000
XZ,-1.0000,0.1034,-1.0000,0.3103,0.502364,0.425000
XZ,-1.0000,0.1034,-1.0000,0.3793,0.501451,0.481000
XZ,-1.0000,0.1034,-1.0000,0.4483,0.500519,0.476000
XZ,-1.0000,0.1034,-1.0000,0.5172,0.499570,0.513000
XZ,-1.0000,0.1034,-1.0000,0.5862,0.498608,0.509000
XZ,-1.0000,0.1034,-1.0000,0.6552,0.497633,0.525000
XZ,-1.0000,0.1034,-1.0000,0.7241,0.496648,0.541000
XZ,-1.0000,0.1034,-1.0000,0.7931,0.495655,0.550000
XZ,-1.0000,0.1034,-1.0000,0.8621,0.494657,0.548000
XZ,-1.0000,0.1034,-1.0000,0.9310,0.493655,0.563000
XZ,-1.0000,0.1034,-1.0000,1.0000,0.492651,0.553000
XZ,-1.0000,0.1724,-1.0000,-1.0000,0.460041,0.219000
XZ,-1.0000,0.1724,-1.0000,-0.9310,0.459397,0.228000
XZ,-1.0000,0.1724,-1.0000,-0.8621,0.458700,0.240000
XZ,-1.0000,0.1724,-1.0000,-0.7931,0.457952,0.238000
XZ,-1.0000,0.1724,-1.0000,-0.7241,0.457156,0.245000
XZ,-1.0000,0.1724,-1.0000,-0.6552,0.456314,0.241000
XZ,-1.0000,0.1724,-1.0000,-0.5862,0.455428,0.265000
XZ,-1.0000,0.1724,-1.0000,-0.5172,0.454501,0.289000
XZ,-1.0000,0.1724,-1.0000,-0.4483,0.453536,0.277000
XZ,-1.0000,0.1724,-1.0000,-0.3793,0.452535,0.288000
XZ,-1.0000,0.1724,-1.0000,-0.3103,0.451501,0.309000
XZ,-1.0000,0.1724,-1.0000,-0.2414,0.450436,0.328000
XZ,-1.0000,0.1724,-1.0000,-0.1724,0.449342,0.350000
XZ,-1.0000,0.1724,-1.0000,-0.1034,0.448223,0.385000
XZ,-1.0000,0.1724,-1.0000,-0.0345,0.447080,0.398000
XZ,-1.0000,0.1724,-1.0000,0.0345,0.445917,0.339000
XZ,-1.0000,0.1724,-1.0000,0.1034,0.444736,0.395000
XZ,-1.0000,0.1724,-1.0000,0.1724,0.443539,0.433000
XZ,-1.0000,0.1724,-1.0000,0.2414,0.442329,0.436000
XZ,-1.0000,0.1724,-1.0000,0.3103,0.441107,0.440000
XZ,-1.0000,0.1724,-1.0000,0.3793,0.439878,0.473000
XZ,-1.0000,0.1724,-1.0000,0.4483,0.438642,0.475000
XZ,-1.0000,0.1724,-1.0000,0.5172,0.437403,0.461000
XZ,-1.0000,0.1724,-1.0000,0.5862,0.436162,0.461000
XZ,-1.0000,0.1724,-1.0000,0.6552,0.434922,0.492000
XZ,-1.0000,0.1724,-1.0000,0.7241,0.433685,0.496000
XZ,-1.0000,0.1724,-1.0000,0.7931,0.432454,0.508000
XZ,-1.0000,0.1724,-1.0000,0.8621,0.431229,0.515000
XZ,-1.0000,0.1724,-1.0000,0.9310,0.430015,0.515000
XZ,-1.0000,0.1724,-1.0000,1.0000,0.428812,0.524000
XZ,-1.0000,0.2414,-1.0000,-1.0000,0.358641,0.190000
XZ,-1.0000,0.2414,-1.0000,-0.9310,0.357677,0.221000
XZ,-1.0000,0.2414,-1.0000,-0.8621,0.356705,0.198000
XZ,-1.0000,0.2414,-1.0000,-0.7931,0.355724,0.228000
XZ,-1.0000,0.2414,-1.0000,-0.7241,0.354737,0.266000
XZ,-1.0000,0.2414,-1.0000,-0.6552,0.353744,0.263000
XZ,-1.0000,0.2414,-1.0000,-0.5862,0.352747,0.278000
XZ,-1.0000,0.2414,-1.0000,-0.5172,0.351747,0.309000
XZ,-1.0000,0.2414,-1.0000,-0.4483,0.350745,0.293000
XZ,-1.0000,0.2414,-1.0000,-0.3793,0.349742,0.292000
XZ,-1.0000,0.2414,-1.0000,-0.3103,0.348740,0.307000
XZ,-1.0000,0.2414,-1.0000,-0.2414,0.347740,0.344000
XZ,-1.0000,0.2414,-1.0000,-0.1724,0.346744,0.348000
XZ,-1.0000,0.2414,-1.0000,-0.1034,0.345754,0.396000
XZ,-1.0000,0.2414,-1.0000,-0.0345,0.344769,0.362000
XZ,-1.0000,0.2414,-1.0000,0.0345,0.343794,0.406000
XZ,-1.0000,0.2414,-1.0000,0.1034,0.342828,0.418000
XZ,-1.0000,0.2414,-1.0000,0.1724,0.341873,0.429000
XZ,-1.0000,0.2414,-1.0000,0.2414,0.340932,0.417000
XZ,-1.0000,0.2414,-1.0000,0.3103,0.340006,0.413000
XZ,-1.0000,0.2414,-1.0000,0.3793,0.339097,0.430000
XZ,-1.0000,0.2414,-1.0000,0.4483,0.338207,0.437000
XZ,-1.0000,0.2414,-1.0000,0.5172,0.337338,0.448000
XZ,-1.0000,0.2414,-1.0000,0.5862,0.336493,0.457000
XZ,-1.0000,0.2414,-1.0000,0.6552,0.335673,0.486000
XZ,-1.0000,0.2414,-1.0000,0.7241,0.334883,0.452000
XZ,-1.0000,0.2414,-1.0000,0.7931,0.334125,0.489000
XZ,-1.0000,0.2414,-1.0000,0.8621,0.333404,0.463000
XZ,-1.0000,0.2414,-1.0000,0.9310,0.332727,0.467000
XZ,-1.0000,0.2414,-1.0000,1.0000,0.332100,0.430000
XZ,-1.0000,0.3103,-1.0000,-1.0000,0.349023,0.244000
XZ,-1.0000,0.3103,-1.0000,-0.9310,0.350142,0.218000
XZ,-1.0000,0.3103,-1.0000,-0.8621,0.351289,0.267000
XZ,-1.0000,0.3103,-1.0000,-0.7931,0.352464,0.247000
XZ,-1.0000,0.3103,-1.0000,-0.7241,0.353667,0.308000
XZ,-1.0000,0.3103,-1.0000,-0.6552,0.354897,0.288000
XZ,-1.0000,0.3103,-1.0000,-0.5862,0.356153,0.282000
XZ,-1.0000,0.3103,-1.0000,-0.5172,0.357435,0.299000
XZ,-1.0000,0.3103,-1.0000,-0.4483,0.358741,0.298000
XZ,-1.0000,0.3103,-1.0000,-0.3793,0.360070,0.288000
XZ,-1.0000,0.3103,-1.0000,-0.3103,0.361420,0.307000
XZ,-1.0000,0.3103,-1.0000,-0.2414,0.362791,0.310000
XZ,-1.0000,0.3103,-1.0000,-0.1724,0.364181,0.349000
XZ,-1.0000,0.3103,-1.0000,-0.1034,0.365589,0.330000
XZ,-1.0000,0.3103,-1.0000,-0.0345,0.367011,0.369000
XZ,-1.0000,0.3103,-1.0000,0.0345,0.368447,0.361000
XZ,-1.0000,0.3103,-1.0000,0.1034,0.369895,0.381000
XZ,-1.0000,0.3103,-1.0000,0.1724,0.371352,0.377000
XZ,-1.0000,0.3103,-1.0000,0.2414,0.372816,0.415000
XZ,-1.0000,0.3103,-1.0000,0.3103,0.374286,0.417000
XZ,-1.0000,0.3103,-1.0000,0.3793,0.375759,0.393000
XZ,-1.0000,0.3103,-1.0000,0.4483,0.377232,0.439000
XZ,-1.0000,0.3103,-1.0000,0.5172,0.378703,0.423000
XZ,-1.0000,0.3103,-1.0000,0.5862,0.380170,0.430000
XZ,-1.0000,0.3103,-1.0000,0.6552,0.381630,0.392000
XZ,-1.0000,0.3103,-1.0000,0.7241,0.383081,0.424000
XZ,-1.0000,0.3103,-1.0000,0.7931,0.384521,0.404000
XZ,-1.0000,0.3103,-1.0000,0.8621,0.385947,0.414000
XZ,-1.0000,0.3103,-1.0000,0.9310,0.387357,0.406000
XZ,-1.0000,0.3103,-1.0000,1.0000,0.388747,0.390000
XZ,-1.0000,0.3793,-1.0000,-1.0000,0.394717,0.298000
XZ,-1.0000,0.3793,-1.0000,-0.9310,0.396592,0.310000
XZ,-1.0000,0.3793,-1.0000,-0.8621,0.398481,0.337000
XZ,-1.0000,0.3793,-1.0000,-0.7931,0.400381,0.306000
XZ,-1.0000,0.3793,-1.0000,-0.7241,0.402292,0.352000
XZ,-1.0000,0.3793,-1.0000,-0.6552,0.404212,0.324000
XZ,-1.0000,0.3793,-1.0000,-0.5862,0.406141,0.344000
XZ,-1.0000,0.3793,-1.0000,-0.5172,0.408077,0.321000
XZ,-1.0000,0.3793,-1.0000,-0.4483,0.410019,0.355000
XZ,-1.0000,0.3793,-1.0000,-0.3793,0.411965,0.337000
XZ,-1.0000,0.3793,-1.0000,-0.3103,0.413913,0.323000
XZ,-1.0000,0.3793,-1.0000,-0.2414,0.415863,0.367000
XZ,-1.0000,0.3793,-1.0000,-0.1724,0.417811,0.354000
XZ,-1.0000,0.3793,-1.0000,-0.1034,0.419756,0.363000
XZ,-1.0000,0.3793,-1.0000,-0.0345,0.421696,0.352000
XZ,-1.0000,0.3793,-1.0000,0.0345,0.423629,0.378000
XZ,-1.0000,0.3793,-1.0000,0.1034,0.425554,0.379000
XZ,-1.0000,0.3793,-1.0000,0.1724,0.427467,0.401000
XZ,-1.0000,0.3793,-1.0000,0.2414,0.429367,0.369000
XZ,-1.0000,0.3793,-1.0000,0.3103,0.431251,0.384000
XZ,-1.0000,0.3793,-1.0000,0.3793,0.433118,0.373000
XZ,-1.0000,0.3793,-1.0000,0.4483,0.434964,0.401000
XZ,-1.0000,0.3793,-1.0000,0.5172,0.436789,0.387000
XZ,-1.0000,0.3793,-1.0000,0.5862,0.438588,0.378000
XZ,-1.0000,0.3793,-1.0000,0.6552,0.440361,0.372000
XZ,-1.0000,0.3793,-1.0000,0.7241,0.442105,0.381000
XZ,-1.0000,0.3793,-1.0000,0.7931,0.443818,0.362000
XZ,-1.0000,0.3793,-1.0000,0.8621,0.445497,0.357000
XZ,-1.0000,0.3793,-1.0000,0.9310,0.447141,0.348000
XZ,-1.0000,0.3793,-1.0000,1.0000,0.448747,0.368000
XZ,-1.0000,0.4483,-1.0000,-1.0000,0.405136,0.380000
XZ,-1.0000,0.4483,-1.0000,-0.9310,0.407388,0.416000
XZ,-1.0000,0.4483,-1.0000,-0.8621,0.409661,0.418000
XZ,-1.0000,0.4483,-1.0000,-0.7931,0.411953,0.428000
XZ,-1.0000,0.4483,-1.0000,-0.7241,0.414263,0.394000
XZ,-1.0000,0.4483,-1.0000,-0.6552,0.416589,0.444000
XZ,-1.0000,0.4483,-1.0000,-0.5862,0.418930,0.410000
XZ,-1.0000,0.4483,-1.0000,-0.5172,0.421284,0.418000
XZ,-1.0000,0.4483,-1.0000,-0.4483,0.423649,0.418000
XZ,-1.0000,0.4483,-1.0000,-0.3793,0.426022,0.442000
XZ,-1.0000,0.4483,-1.0000,-0.3103,0.428403,0.442000
XZ,-1.0000,0.4483,-1.0000,-0.2414,0.430788,0.417000
XZ,-1.0000,0.4483,-1.0000,-0.1724,0.433175,0.438000
XZ,-1.0000,0.4483,-1.0000,-0.1034,0.435561,0.421000
XZ,-1.0000,0.4483,-1.0000,-0.0345,0.437945,0.418000
XZ,-1.0000,0.4483,-1.0000,0.0345,0.440324,0.421000
XZ,-1.0000,0.4483,-1.0000,0.1034,0.442695,0.391000
XZ,-1.0000,0.4483,-1.0000,0.1724,0.445055,0.434000
XZ,-1.0000,0.4483,-1.0000,0.2414,0.447402,0.413000
XZ,-1.0000,0.4483,-1.0000,0.3103,0.449733,0.420000
XZ,-1.0000,0.4483,-1.0000,0.3793,0.452046,0.415000
XZ,-1.0000,0.4483,-1.0000,0.4483,0.454338,0.387000
XZ,-1.0000,0.4483,-1.0000,0.5172,0.456605,0.396000
XZ,-1.0000,0.4483,-1.0000,0.5862,0.458846,0.386000
XZ,-1.0000,0.4483,-1.0000,0.6552,0.461058,0.367000
XZ,-1.0000,0.4483,-1.0000,0.7241,0.463238,0.355000
XZ,-1.0000,0.4483,-1.0000,0.7931,0.465384,0.389000
XZ,-1.0000,0.4483,-1.0000,0.8621,0.467494,0.364000
XZ,-1.0000,0.4483,-1.0000,0.9310,0.469564,0.369000
XZ,-1.0000,0.4483,-1.0000,1.0000,0.471593,0.323000
XZ,-1.0000,0.5172,-1.0000,-1.0000,0.381693,0.476000
XZ,-1.0000,0.5172,-1.0000,-0.9310,0.383818,0.491000
XZ,-1.0000,0.5172,-1.0000,-0.8621,0.386003,0.517000
XZ,-1.0000,0.5172,-1.0000,-0.7931,0.388245,0.492000
XZ,-1.0000,0.5172,-1.0000,-0.7241,0.390543,0.524000
XZ,-1.0000,0.5172,-1.0000,-0.6552,0.392894,0.504000
XZ,-1.0000,0.5172,-1.0000,-0.5862,0.395294,0.511000
XZ,-1.0000,0.5172,-1.0000,-0.5172,0.397742,0.529000
XZ,-1.0000,0.5172,-1.0000,-0.4483,0.400234,0.518000
XZ,-1.0000,0.5172,-1.0000,-0.3793,0.402766,0.500000
XZ,-1.0000,0.5172,-1.0000,-0.3103,0.405335,0.516000
XZ,-1.0000,0.5172,-1.0000,-0.2414,0.407937,0.546000
XZ,-1.0000,0.5172,-1.0000,-0.1724,0.410569,0.553000
XZ,-1.0000,0.5172,-1.0000,-0.1034,0.413226,0.532000
XZ,-1.0000,0.5172,-1.0000,-0.0345,0.415904,0.516000
XZ,-1.0000,0.5172,-1.0000,0.0345,0.418599,0.515000
XZ,-1.0000,0.5172,-1.0000,0.1034,0.421308,0.525000
XZ,-1.0000,0.5172,-1.0000,0.1724,0.424025,0.506000
XZ,-1.0000,0.5172,-1.0000,0.2414,0.426747,0.533000
XZ,-1.0000,0.5172,-1.0000,0.3103,0.429469,0.502000
XZ,-1.0000,0.5172,-1.0000,0.3793,0.432188,0.511000
XZ,-1.0000,0.5172,-1.0000,0.4483,0.434899,0.495000
XZ,-1.0000,0.5172,-1.0000,0.5172,0.437599,0.529000
XZ,-1.0000,0.5172,-1.0000,0.5862,0.440283,0.475000
XZ,-1.0000,0.5172,-1.0000,0.6552,0.442948,0.500000
XZ,-1.0000,0.5172,-1.0000,0.7241,0.445590,0.452000
XZ,-1.0000,0.5172,-1.0000,0.7931,0.448206,0.461000
XZ,-1.0000,0.5172,-1.0000,0.8621,0.450792,0.441000
XZ,-1.0000,0.5172,-1.0000,0.9310,0.453346,0.456000
XZ,-1.0000,0.5172,-1.0000,1.0000,0.455863,0.435000
XZ,-1.0000,0.5862,-1.0000,-1.0000,0.345765,0.490000
XZ,-1.0000,0.5862,-1.0000,-0.9310,0.347849,0.495000
XZ,-1.0000,0.5862,-1.0000,-0.8621,0.350093,0.484000
XZ,-1.0000,0.5862,-1.0000,-0.7931,0.352486,0.514000
XZ,-1.0000,0.5862,-1.0000,-0.7241,0.355015,0.474000
XZ,-1.0000,0.5862,-1.0000,-0.6552,0.357666,0.500000
XZ,-1.0000,0.5862,-1.0000,-0.5862,0.360427,0.496000
XZ,-1.0000,0.5862,-1.0000,-0.5172,0.363284,0.532000
XZ,-1.0000,0.5862,-1.0000,-0.4483,0.366227,0.552000
XZ,-1.0000,0.5862,-1.0000,-0.3793,0.369243,0.542000
XZ,-1.0000,0.5862,-1.0000,-0.3103,0.372321,0.546000
XZ,-1.0000,0.5862,-1.0000,-0.2414,0.375452,0.534000
XZ,-1.0000,0.5862,-1.0000,-0.1724,0.378626,0.564000
XZ,-1.0000,0.5862,-1.0000,-0.1034,0.381833,0.535000
XZ,-1.0000,0.5862,-1.0000,-0.0345,0.385066,0.557000
XZ,-1.0000,0.5862,-1.0000,0.0345,0.388317,0.561000
XZ,-1.0000,0.5862,-1.0000,0.1034,0.391578,0.560000
XZ,-1.0000,0.5862,-1.0000,0.1724,0.394842,0.532000
XZ,-1.0000,0.5862,-1.0000,0.2414,0.398105,0.555000
XZ,-1.0000,0.5862,-1.0000,0.3103,0.401358,0.570000
XZ,-1.0000,0.5862,-1.0000,0.3793,0.404598,0.539000
XZ,-1.0000,0.5862,-1.0000,0.4483,0.407819,0.567000
XZ,-1.0000,0.5862,-1.0000,0.5172,0.411016,0.545000
XZ,-1.0000,0.5862,-1.0000,0.5862,0.414186,0.526000
XZ,-1.0000,0.5862,-1.0000,0.6552,0.417323,0.571000
XZ,-1.0000,0.5862,-1.0000,0.7241,0.420425,0.517000
XZ,-1.0000,0.5862,-1.0000,0.7931,0.423487,0.519000
XZ,-1.0000,0.5862,-1.0000,0.8621,0.426508,0.544000
XZ,-1.0000,0.5862,-1.0000,0.9310,0.429483,0.518000
XZ,-1.0000,0.5862,-1.0000,1.0000,0.432411,0.526000
XZ,-1.0000,0.6552,-1.0000,-1.0000,0.385966,0.423000
XZ,-1.0000,0.6552,-1.0000,-0.9310,0.387739,0.411000
XZ,-1.0000,0.6552,-1.0000,-0.8621,0.389625,0.421000
XZ,-1.0000,0.6552,-1.0000,-0.7931,0.391614,0.434000
XZ,-1.0000,0.6552,-1.0000,-0.7241,0.393694,0.477000
XZ,-1.0000,0.6552,-1.0000,-0.6552,0.395857,0.437000
XZ,-1.0000,0.6552,-1.0000,-0.5862,0.398091,0.452000
XZ,-1.0000,0.6552,-1.0000,-0.5172,0.400388,0.465000
XZ,-1.0000,0.6552,-1.0000,-0.4483,0.402738,0.509000
XZ,-1.0000,0.6552,-1.0000,-0.3793,0.405134,0.483000
XZ,-1.0000,0.6552,-1.0000,-0.3103,0.407567,0.508000
XZ,-1.0000,0.6552,-1.0000,-0.2414,0.410030,0.473000
XZ,-1.0000,0.6552,-1.0000,-0.1724,0.412517,0.495000
XZ,-1.0000,0.6552,-1.0000,-0.1034,0.415020,0.483000
XZ,-1.0000,0.6552,-1.0000,-0.0345,0.417536,0.498000
XZ,-1.0000,0.6552,-1.0000,0.0345,0.420057,0.535000
XZ,-1.0000,0.6552,-1.0000,0.1034,0.422579,0.489000
XZ,-1.0000,0.6552,-1.0000,0.1724,0.425097,0.489000
XZ,-1.0000,0.6552,-1.0000,0.2414,0.427607,0.523000
XZ,-1.0000,0.6552,-1.0000,0.3103,0.430106,0.518000
XZ,-1.0000,0.6552,-1.0000,0.3793,0.432588,0.507000
XZ,-1.0000,0.6552,-1.0000,0.4483,0.435052,0.503000
XZ,-1.0000,0.6552,-1.0000,0.5172,0.437494,0.527000
XZ,-1.0000,0.6552,-1.0000,0.5862,0.439911,0.497000
XZ,-1.0000,0.6552,-1.0000,0.6552,0.442300,0.514000
XZ,-1.0000,0.6552,-1.0000,0.7241,0.444660,0.507000
XZ,-1.0000,0.6552,-1.0000,0.7931,0.446988,0.523000
XZ,-1.0000,0.6552,-1.0000,0.8621,0.449282,0.515000
XZ,-1.0000,0.6552,-1.0000,0.9310,0.451541,0.525000
XZ,-1.0000,0.6552,-1.0000,1.0000,0.453762,0.495000
XZ,-1.0000,0.7241,-1.0000,-1.0000,0.466480,0.319000
XZ,-1.0000,0.7241,-1.0000,-0.9310,0.467601,0.298000
XZ,-1.0000,0.7241,-1.0000,-0.8621,0.468754,0.299000
XZ,-1.0000,0.7241,-1.0000,-0.7931,0.469933,0.305000
XZ,-1.0000,0.7241,-1.0000,-0.7241,0.471137,0.281000
XZ,-1.0000,0.7241,-1.0000,-0.6552,0.472362,0.324000
XZ,-1.0000,0.7241,-1.0000,-0.5862,0.473607,0.349000
XZ,-1.0000,0.7241,-1.0000,-0.5172,0.474868,0.331000
XZ,-1.0000,0.7241,-1.0000,-0.4483,0.476142,0.333000
XZ,-1.0000,0.7241,-1.0000,-0.3793,0.477428,0.334000
XZ,-1.0000,0.7241,-1.0000,-0.3103,0.478723,0.355000
XZ,-1.0000,0.7241,-1.0000,-0.2414,0.480025,0.344000
XZ,-1.0000,0.7241,-1.0000,-0.1724,0.481331,0.366000
XZ,-1.0000,0.7241,-1.0000,-0.1034,0.482639,0.365000
XZ,-1.0000,0.7241,-1.0000,-0.0345,0.483947,0.368000
XZ,-1.0000,0.7241,-1.0000,0.0345,0.485254,0.390000
XZ,-1.0000,0.7241,-1.0000,0.1034,0.486557,0.399000
XZ,-1.0000,0.7241,-1.0000,0.1724,0.487855,0.404000
XZ,-1.0000,0.7241,-1.0000,0.2414,0.489146,0.373000
XZ,-1.0000,0.7241,-1.0000,0.3103,0.490429,0.405000
XZ,-1.0000,0.7241,-1.0000,0.3793,0.491703,0.378000
XZ,-1.0000,0.7241,-1.0000,0.4483,0.492965,0.389000
XZ,-1.0000,0.7241,-1.0000,0.5172,0.494216,0.391000
XZ,-1.0000,0.7241,-1.0000,0.5862,0.495454,0.409000
XZ,-1.0000,0.7241,-1.0000,0.6552,0.496678,0.395000
XZ,-1.0000,0.7241,-1.0000,0.7241,0.497886,0.389000
XZ,-1.0000,0.7241,-1.0000,0.7931,0.499079,0.386000
XZ,-1.0000,0.7241,-1.0000,0.8621,0.500256,0.408000
XZ,-1.0000,0.7241,-1.0000,0.9310,0.501417,0.397000
XZ,-1.0000,0.7241,-1.0000,1.0000,0.502559,0.401000
XZ,-1.0000,0.7931,-1.0000,-1.0000,0.514922,0.168000
XZ,-1.0000,0.7931,-1.0000,-0.9310,0.515650,0.175000
XZ,-1.0000,0.7931,-1.0000,-0.8621,0.516380,0.191000
XZ,-1.0000,0.7931,-1.0000,-0.7931,0.517109,0.169000
XZ,-1.0000,0.7931,-1.0000,-0.7241,0.517838,0.179000
XZ,-1.0000,0.7931,-1.0000,-0.6552,0.518564,0.180000
XZ,-1.0000,0.7931,-1.0000,-0.5862,0.519287,0.162000
XZ,-1.0000,0.7931,-1.0000,-0.5172,0.520006,0.184000
XZ,-1.0000,0.7931,-1.0000,-0.4483,0.520722,0.197000
XZ,-1.0000,0.7931,-1.0000,-0.3793,0.521432,0.194000
XZ,-1.0000,0.7931,-1.0000,-0.3103,0.522136,0.227000
XZ,-1.0000,0.7931,-1.0000,-0.2414,0.522835,0.205000
XZ,-1.0000,0.7931,-1.0000,-0.1724,0.523526,0.240000
XZ,-1.0000,0.7931,-1.0000,-0.1034,0.524211,0.207000
XZ,-1.0000,0.7931,-1.0000,-0.0345,0.524888,0.212000
XZ,-1.0000,0.7931,-1.0000,0.0345,0.525557,0.205000
XZ,-1.0000,0.7931,-1.0000,0.1034,0.526218,0.235000
XZ,-1.0000,0.7931,-1.0000,0.1724,0.526871,0.222000
XZ,-1.0000,0.7931,-1.0000,0.2414,0.527515,0.210000
XZ,-1.0000,0.7931,-1.0000,0.3103,0.528150,0.223000
XZ,-1.0000,0.7931,-1.0000,0.3793,0.528777,0.215000
XZ,-1.0000,0.7931,-1.0000,0.4483,0.529395,0.245000
XZ,-1.0000,0.7931,-1.0000,0.5172,0.530004,0.224000
XZ,-1.0000,0.7931,-1.0000,0.5862,0.530605,0.232000
XZ,-1.0000,0.7931,-1.0000,0.6552,0.531196,0.236000
XZ,-1.0000,0.7931,-1.0000,0.7241,0.531779,0.257000
XZ,-1.0000,0.7931,-1.0000,0.7931,0.532354,0.239000
XZ,-1.0000,0.7931,-1.0000,0.8621,0.532920,0.264000
XZ,-1.0000,0.7931,-1.0000,0.9310,0.533477,0.246000
XZ,-1.0000,0.7931,-1.0000,1.0000,0.534027,0.258000
XZ,-1.0000,0.8621,-1.0000,-1.0000,0.531855,0.087000
XZ,-1.0000,0.8621,-1.0000,-0.9310,0.532263,0.070000
XZ,-1.0000,0.8621,-1.0000,-0.8621,0.532666,0.061000
XZ,-1.0000,0.8621,-1.0000,-0.7931,0.533063,0.081000
XZ,-1.0000,0.8621,-1.0000,-0.7241,0.533454,0.096000
XZ,-1.0000,0.8621,-1.0000,-0.6552,0.533838,0.067000
XZ,-1.0000,0.8621,-1.0000,-0.5862,0.534216,0.081000
XZ,-1.0000,0.8621,-1.0000,-0.5172,0.534588,0.069000
XZ,-1.0000,0.8621,-1.0000,-0.4483,0.534954,0.076000
XZ,-1.0000,0.8621,-1.0000,-0.3793,0.535314,0.078000
XZ,-1.0000,0.8621,-1.0000,-0.3103,0.535669,0.092000
XZ,-1.0000,0.8621,-1.0000,-0.2414,0.536017,0.090000
XZ,-1.0000,0.8621,-1.0000,-0.1724,0.536360,0.091000
XZ,-1.0000,0.8621,-1.0000,-0.1034,0.536697,0.088000
XZ,-1.0000,0.8621,-1.0000,-0.0345,0.537029,0.080000
XZ,-1.0000,0.8621,-1.0000,0.0345,0.537356,0.090000
XZ,-1.0000,0.8621,-1.0000,0.1034,0.537678,0.092000
XZ,-1.0000,0.8621,-1.0000,0.1724,0.537995,0.085000
XZ,-1.0000,0.8621,-1.0000,0.2414,0.538307,0.113000
XZ,-1.0000,0.8621,-1.0000,0.3103,0.538616,0.111000
XZ,-1.0000,0.8621,-1.0000,0.3793,0.538920,0.110000
XZ,-1.0000,0.8621,-1.0000,0.4483,0.539220,0.118000
XZ,-1.0000,0.8621,-1.0000,0.5172,0.539517,0.095000
XZ,-1.0000,0.8621,-1.0000,0.5862,0.539810,0.100000
XZ,-1.0000,0.8621,-1.0000,0.6552,0.540100,0.130000
XZ,-1.0000,0.8621,-1.0000,0.7241,0.540387,0.112000
XZ,-1.0000,0.8621,-1.0000,0.7931,0.540671,0.107000
XZ,-1.0000,0.8621,-1.0000,0.8621,0.540952,0.127000
XZ,-1.0000,0.8621,-1.0000,0.9310,0.541231,0.093000
XZ,-1.0000,0.8621,-1.0000,1.0000,0.541508,0.146000
XZ,-1.0000,0.9310,-1.0000,-1.0000,0.531630,0.019000
XZ,-1.0000,0.9310,-1.0000,-0.9310,0.531889,0.017000
XZ,-1.0000,0.9310,-1.0000,-0.8621,0.532144,0.025000
XZ,-1.0000,0.9310,-1.0000,-0.7931,0.532395,0.020000
XZ,-1.0000,0.9310,-1.0000,-0.7241,0.532642,0.022000
XZ,-1.0000,0.9310,-1.0000,-0.6552,0.532885,0.017000
XZ,-1.0000,0.9310,-1.0000,-0.5862,0.533124,0.013000
XZ,-1.0000,0.9310,-1.0000,-0.5172,0.533360,0.023000
XZ,-1.0000,0.9310,-1.0000,-0.4483,0.533592,0.018000
XZ,-1.0000,0.9310,-1.0000,-0.3793,0.533821,0.024000
XZ,-1.0000,0.9310,-1.0000,-0.3103,0.534046,0.024000
XZ,-1.0000,0.9310,-1.0000,-0.2414,0.534268,0.028000
XZ,-1.0000,0.9310,-1.0000,-0.1724,0.534486,0.025000
XZ,-1.0000,0.9310,-1.0000,-0.1034,0.534701,0.023000
XZ,-1.0000,0.9310,-1.0000,-0.0345,0.534913,0.033000
XZ,-1.0000,0.9310,-1.0000,0.0345,0.535122,0.023000
XZ,-1.0000,0.9310,-1.0000,0.1034,0.535327,0.024000
XZ,-1.0000,0.9310,-1.0000,0.1724,0.535529,0.030000
XZ,-1.0000,0.9310,-1.0000,0.2414,0.535727,0.036000
XZ,-1.0000,0.9310,-1.0000,0.3103,0.535922,0.030000
XZ,-1.0000,0.9310,-1.0000,0.3793,0.536114,0.033000
XZ,-1.0000,0.9310,-1.0000,0.4483,0.536302,0.029000
XZ,-1.0000,0.9310,-1.0000,0.5172,0.536486,0.030000
XZ,-1.0000,0.9310,-1.0000,0.5862,0.536667,0.036000
XZ,-1.0000,0.9310,-1.0000,0.6552,0.536843,0.035000
XZ,-1.0000,0.9310,-1.0000,0.7241,0.537016,0.041000
XZ,-1.0000,0.9310,-1.0000,0.7931,0.537184,0.057000
XZ,-1.0000,0.9310,-1.0000,0.8621,0.537348,0.047000
XZ,-1.0000,0.9310,-1.0000,0.9310,0.537508,0.043000
XZ,-1.0000,0.9310,-1.0000,1.0000,0.537663,0.057000
XZ,-1.0000,1.0000,-1.0000,-1.0000,0.529101,0.013000
XZ,-1.0000,1.0000,-1.0000,-0.9310,0.529289,0.012000
XZ,-1.0000,1.0000,-1.0000,-0.8621,0.529470,0.006000
XZ,-1.0000,1.0000,-1.0000,-0.7931,0.529644,0.007000
XZ,-1.0000,1.0000,-1.0000,-0.7241,0.529811,0.010000
XZ,-1.0000,1.0000,-1.0000,-0.6552,0.529970,0.009000
XZ,-1.0000,1.0000,-1.0000,-0.5862,0.530122,0.010000
XZ,-1.0000,1.0000,-1.0000,-0.5172,0.530267,0.011000
XZ,-1.0000,1.0000,-1.0000,-0.4483,0.530404,0.011000
XZ,-1.0000,1.0000,-1.0000,-0.3793,0.530533,0.013000
XZ,-1.0000,1.0000,-1.0000,-0.3103,0.530654,0.014000
XZ,-1.0000,1.0000,-1.0000,-0.2414,0.530766,0.011000
XZ,-1.0000,1.0000,-1.0000,-0.1724,0.530870,0.018000
XZ,-1.0000,1.0000,-1.0000,-0.1034,0.530966,0.016000
XZ,-1.0000,1.0000,-1.0000,-0.0345,0.531052,0.011000
XZ,-1.0000,1.0000,-1.0000,0.0345,0.531130,0.016000
XZ,-1.0000,1.0000,-1.0000,0.1034,0.531198,0.014000
XZ,-1.0000,1.0000,-1.0000,0.1724,0.531256,0.007000
XZ,-1.0000,1.0000,-1.0000,0.2414,0.531305,0.017000
XZ,-1.0000,1.0000,-1.0000,0.3103,0.531343,0.016000
XZ,-1.0000,1.0000,-1.0000,0.3793,0.531372,0.019000
XZ,-1.0000,1.0000,-1.0000,0.4483,0.531389,0.019000
XZ,-1.0000,1.0000,-1.0000,0.5172,0.531396,0.011000
XZ,-1.0000,1.0000,-1.0000,0.5862,0.531391,0.026000
XZ,-1.0000,1.0000,-1.0000,0.6552,0.531375,0.025000
XZ,-1.0000,1.0000,-1.0000,0.7241,0.531347,0.016000
XZ,-1.0000,1.0000,-1.0000,0.7931,0.531308,0.035000
XZ,-1.0000,1.0000,-1.0000,0.8621,0.531256,0.020000
XZ,-1.0000,1.0000,-1.0000,0.9310,0.531192,0.030000
XZ,-1.0000,1.0000,-1.0000,1.0000,0.531114,0.036000
XZ,-0.5000,-1.0000,-0.5000,-1.0000,0.526295,0.013000
XZ,-0.5000,-1.0000,-0.5000,-0.9310,0.526825,0.018000
XZ,-0.5000,-1.0000,-0.5000,-0.8621,0.527349,0.022000
XZ,-0.5000,-1.0000,-0.5000,-0.7931,0.527865,0.016000
XZ,-0.5000,-1.0000,-0.5000,-0.7241,0.528373,0.017000
XZ,-0.5000,-1.0000,-0.5000,-0.6552,0.528873,0.019000
XZ,-0.5000,-1.0000,-0.5000,-0.5862,0.529362,0.009000
XZ,-0.5000,-1.0000,-0.5000,-0.5172,0.529841,0.020000
XZ,-0.5000,-1.0000,-0.5000,-0.4483,0.530309,0.021000
XZ,-0.5000,-1.0000,-0.5000,-0.3793,0.530764,0.026000
XZ,-0.5000,-1.0000,-0.5000,-0.3103,0.531206,0.025000
XZ,-0.5000,-1.0000,-0.5000,-0.2414,0.531632,0.025000
XZ,-0.5000,-1.0000,-0.5000,-0.1724,0.532044,0.035000
XZ,-0.5000,-1.0000,-0.5000,-0.1034,0.532438,0.033000
XZ,-0.5000,-1.0000,-0.5000,-0.0345,0.532814,0.028000
XZ,-0.5000,-1.0000,-0.5000,0.0345,0.533172,0.034000
XZ,-0.5000,-1.0000,-0.5000,0.1034,0.533509,0.048000
XZ,-0.5000,-1.0000,-0.5000,0.1724,0.533824,0.038000
XZ,-0.5000,-1.0000,-0.5000,0.2414,0.534117,0.042000
XZ,-0.5000,-1.0000,-0.5000,0.3103,0.534386,0.040000
XZ,-0.5000,-1.0000,-0.5000,0.3793,0.534630,0.029000
XZ,-0.5000,-1.0000,-0.5000,0.4483,0.534847,0.051000
XZ,-0.5000,-1.0000,-0.5000,0.5172,0.535037,0.054000
XZ,-0.5000,-1.0000,-0.5000,0.5862,0.535199,0.049000
XZ,-0.5000,-1.0000,-0.5000,0.6552,0.535331,0.055000
XZ,-0.5000,-1.0000,-0.5000,0.7241,0.535432,0.055000
XZ,-0.5000,-1.0000,-0.5000,0.7931,0.535501,0.070000
XZ,-0.5000,-1.0000,-0.5000,0.8621,0.535538,0.064000
XZ,-0.5000,-1.0000,-0.5000,0.9310,0.535541,0.061000
XZ,-0.5000,-1.0000,-0.5000,1.0000,0.535510,0.070000
XZ,-0.5000,-0.9310,-0.5000,-1.0000,0.529388,0.037000
XZ,-0.5000,-0.9310,-0.5000,-0.9310,0.530196,0.045000
XZ,-0.5000,-0.9310,-0.5000,-0.8621,0.530989,0.069000
XZ,-0.5000,-0.9310,-0.5000,-0.7931,0.531767,0.048000
XZ,-0.5000,-0.9310,-0.5000,-0.7241,0.532530,0.058000
XZ,-0.5000,-0.9310,-0.5000,-0.6552,0.533276,0.056000
XZ,-0.5000,-0.9310,-0.5000,-0.5862,0.534007,0.053000
XZ,-0.5000,-0.9310,-0.5000,-0.5172,0.534721,0.056000
XZ,-0.5000,-0.9310,-0.5000,-0.4483,0.535418,0.059000
XZ,-0.5000,-0.9310,-0.5000,-0.3793,0.536099,0.063000
XZ,-0.5000,-0.9310,-0.5000,-0.3103,0.536763,0.060000
XZ,-0.5000,-0.9310,-0.5000,-0.2414,0.537410,0.064000
XZ,-0.5000,-0.9310,-0.5000,-0.1724,0.538040,0.073000
XZ,-0.5000,-0.9310,-0.5000,-0.1034,0.538653,0.063000
XZ,-0.5000,-0.9310,-0.5000,-0.0345,0.539249,0.084000
XZ,-0.5000,-0.9310,-0.5000,0.0345,0.539828,0.086000
XZ,-0.5000,-0.9310,-0.5000,0.1034,0.540389,0.091000
XZ,-0.5000,-0.9310,-0.5000,0.1724,0.540933,0.110000
XZ,-0.5000,-0.9310,-0.5000,0.2414,0.541460,0.089000
XZ,-0.5000,-0.9310,-0.5000,0.3103,0.541970,0.072000
XZ,-0.5000,-0.9310,-0.5000,0.3793,0.542461,0.090000
XZ,-0.5000,-0.9310,-0.5000,0.4483,0.542935,0.093000
XZ,-0.5000,-0.9310,-0.5000,0.5172,0.543390,0.097000
XZ,-0.5000,-0.9310,-0.5000,0.5862,0.543827,0.109000
XZ,-0.5000,-0.9310,-0.5000,0.6552,0.544244,0.097000
XZ,-0.5000,-0.9310,-0.5000,0.7241,0.544643,0.101000
XZ,-0.5000,-0.9310,-0.5000,0.7931,0.545022,0.125000
XZ,-0.5000,-0.9310,-0.5000,0.8621,0.545381,0.110000
XZ,-0.5000,-0.9310,-0.5000,0.9310,0.545719,0.114000
XZ,-0.5000,-0.9310,-0.5000,1.0000,0.546036,0.121000
XZ,-0.5000,-0.8621,-0.5000,-1.0000,0.521057,0.128000
XZ,-0.5000,-0.8621,-0.5000,-0.9310,0.522566,0.141000
XZ,-0.5000,-0.8621,-0.5000,-0.8621,0.524054,0.154000
XZ,-0.5000,-0.8621,-0.5000,-0.7931,0.525518,0.127000
XZ,-0.5000,-0.8621,-0.5000,-0.7241,0.526958,0.138000
XZ,-0.5000,-0.8621,-0.5000,-0.6552,0.528372,0.151000
XZ,-0.5000,-0.8621,-0.5000,-0.5862,0.529757,0.170000
XZ,-0.5000,-0.8621,-0.5000,-0.5172,0.531114,0.142000
XZ,-0.5000,-0.8621,-0.5000,-0.4483,0.532440,0.155000
XZ,-0.5000,-0.8621,-0.5000,-0.3793,0.533736,0.192000
XZ,-0.5000,-0.8621,-0.5000,-0.3103,0.535001,0.165000
XZ,-0.5000,-0.8621,-0.5000,-0.2414,0.536235,0.162000
XZ,-0.5000,-0.8621,-0.5000,-0.1724,0.537436,0.150000
XZ,-0.5000,-0.8621,-0.5000,-0.1034,0.538606,0.183000
XZ,-0.5000,-0.8621,-0.5000,-0.0345,0.539744,0.180000
XZ,-0.5000,-0.8621,-0.5000,0.0345,0.540850,0.197000
XZ,-0.5000,-0.8621,-0.5000,0.1034,0.541925,0.160000
XZ,-0.5000,-0.8621,-0.5000,0.1724,0.542969,0.171000
XZ,-0.5000,-0.8621,-0.5000,0.2414,0.543983,0.195000
XZ,-0.5000,-0.8621,-0.5000,0.3103,0.544967,0.186000
XZ,-0.5000,-0.8621,-0.5000,0.3793,0.545922,0.202000
XZ,-0.5000,-0.8621,-0.5000,0.4483,0.546848,0.191000
XZ,-0.5000,-0.8621,-0.5000,0.5172,0.547747,0.223000
XZ,-0.5000,-0.8621,-0.5000,0.5862,0.548619,0.208000
XZ,-0.5000,-0.8621,-0.5000,0.6552,0.549464,0.200000
XZ,-0.5000,-0.8621,-0.5000,0.7241,0.550283,0.212000
XZ,-0.5000,-0.8621,-0.5000,0.7931,0.551077,0.194000
XZ,-0.5000,-0.8621,-0.5000,0.8621,0.551848,0.193000
XZ,-0.5000,-0.8621,-0.5000,0.9310,0.552594,0.202000
XZ,-0.5000,-0.8621,-0.5000,1.0000,0.553318,0.212000
XZ,-0.5000,-0.7931,-0.5000,-1.0000,0.486243,0.252000
XZ,-0.5000,-0.7931,-0.5000,-0.9310,0.488807,0.294000
XZ,-0.5000,-0.7931,-0.5000,-0.8621,0.491363,0.276000
XZ,-0.5000,-0.7931,-0.5000,-0.7931,0.493906,0.267000
XZ,-0.5000,-0.7931,-0.5000,-0.7241,0.496429,0.277000
XZ,-0.5000,-0.7931,-0.5000,-0.6552,0.498930,0.296000
XZ,-0.5000,-0.7931,-0.5000,-0.5862,0.501403,0.325000
XZ,-0.5000,-0.7931,-0.5000,-0.5172,0.503844,0.291000
XZ,-0.5000,-0.7931,-0.5000,-0.4483,0.506251,0.306000
XZ,-0.5000,-0.7931,-0.5000,-0.3793,0.508620,0.286000
XZ,-0.5000,-0.7931,-0.5000,-0.3103,0.510948,0.293000
XZ,-0.5000,-0.7931,-0.5000,-0.2414,0.513233,0.329000
XZ,-0.5000,-0.7931,-0.5000,-0.1724,0.515474,0.313000
XZ,-0.5000,-0.7931,-0.5000,-0.1034,0.517668,0.314000
XZ,-0.5000,-0.7931,-0.5000,-0.0345,0.519814,0.306000
XZ,-0.5000,-0.7931,-0.5000,0.0345,0.521912,0.308000
XZ,-0.5000,-0.7931,-0.5000,0.1034,0.523961,0.339000
XZ,-0.5000,-0.7931,-0.5000,0.1724,0.525960,0.308000
XZ,-0.5000,-0.7931,-0.5000,0.2414,0.527910,0.325000
XZ,-0.5000,-0.7931,-0.5000,0.3103,0.529810,0.338000
XZ,-0.5000,-0.7931,-0.5000,0.3793,0.531661,0.367000
XZ,-0.5000,-0.7931,-0.5000,0.4483,0.533463,0.338000
XZ,-0.5000,-0.7931,-0.5000,0.5172,0.535217,0.367000
XZ,-0.5000,-0.7931,-0.5000,0.5862,0.536925,0.355000
XZ,-0.5000,-0.7931,-0.5000,0.6552,0.538586,0.326000
XZ,-0.5000,-0.7931,-0.5000,0.7241,0.540203,0.349000
XZ,-0.5000,-0.7931,-0.5000,0.7931,0.541776,0.337000
XZ,-0.5000,-0.7931,-0.5000,0.8621,0.543307,0.313000
XZ,-0.5000,-0.7931,-0.5000,0.9310,0.544797,0.334000
XZ,-0.5000,-0.7931,-0.5000,1.0000,0.546248,0.333000
XZ,-0.5000,-0.7241,-0.5000,-1.0000,0.422440,0.406000
XZ,-0.5000,-0.7241,-0.5000,-0.9310,0.426395,0.441000
XZ,-0.5000,-0.7241,-0.5000,-0.8621,0.430376,0.407000
XZ,-0.5000,-0.7241,-0.5000,-0.7931,0.434371,0.458000
XZ,-0.5000,-0.7241,-0.5000,-0.7241,0.438370,0.472000
XZ,-0.5000,-0.7241,-0.5000,-0.6552,0.442363,0.456000
XZ,-0.5000,-0.7241,-0.5000,-0.5862,0.446340,0.447000
XZ,-0.5000,-0.7241,-0.5000,-0.5172,0.450294,0.486000
XZ,-0.5000,-0.7241,-0.5000,-0.4483,0.454215,0.456000
XZ,-0.5000,-0.7241,-0.5000,-0.3793,0.458098,0.475000
XZ,-0.5000,-0.7241,-0.5000,-0.3103,0.461935,0.485000
XZ,-0.5000,-0.7241,-0.5000,-0.2414,0.465722,0.461000
XZ,-0.5000,-0.7241,-0.5000,-0.1724,0.469453,0.458000
XZ,-0.5000,-0.7241,-0.5000,-0.1034,0.473124,0.458000
XZ,-0.5000,-0.7241,-0.5000,-0.0345,0.476730,0.458000
XZ,-0.5000,-0.7241,-0.5000,0.0345,0.480270,0.473000
XZ,-0.5000,-0.7241,-0.5000,0.1034,0.483740,0.491000
XZ,-0.5000,-0.7241,-0.5000,0.1724,0.487137,0.475000
XZ,-0.5000,-0.7241,-0.5000,0.2414,0.490461,0.449000
XZ,-0.5000,-0.7241,-0.5000,0.3103,0.493710,0.471000
XZ,-0.5000,-0.7241,-0.5000,0.3793,0.496883,0.447000
XZ,-0.5000,-0.7241,-0.5000,0.4483,0.499980,0.493000
XZ,-0.5000,-0.7241,-0.5000,0.5172,0.503001,0.451000
XZ,-0.5000,-0.7241,-0.5000,0.5862,0.505945,0.502000
XZ,-0.5000,-0.7241,-0.5000,0.6552,0.508815,0.465000
XZ,-0.5000,-0.7241,-0.5000,0.7241,0.511610,0.448000
XZ,-0.5000,-0.7241,-0.5000,0.7931,0.514332,0.451000
XZ,-0.5000,-0.7241,-0.5000,0.8621,0.516981,0.440000
XZ,-0.5000,-0.7241,-0.5000,0.9310,0.519561,0.426000
XZ,-0.5000,-0.7241,-0.5000,1.0000,0.522072,0.442000
XZ,-0.5000,-0.6552,-0.5000,-1.0000,0.355894,0.548000
XZ,-0.5000,-0.6552,-0.5000,-0.9310,0.361423,0.581000
XZ,-0.5000,-0.6552,-0.5000,-0.8621,0.366981,0.602000
XZ,-0.5000,-0.6552,-0.5000,-0.7931,0.372555,0.549000
XZ,-0.5000,-0.6552,-0.5000,-0.7241,0.378132,0.561000
XZ,-0.5000,-0.6552,-0.5000,-0.6552,0.383702,0.587000
XZ,-0.5000,-0.6552,-0.5000,-0.5862,0.389252,0.548000
XZ,-0.5000,-0.6552,-0.5000,-0.5172,0.394774,0.564000
XZ,-0.5000,-0.6552,-0.5000,-0.4483,0.400256,0.579000
XZ,-0.5000,-0.6552,-0.5000,-0.3793,0.405690,0.602000
XZ,-0.5000,-0.6552,-0.5000,-0.3103,0.411069,0.562000
XZ,-0.5000,-0.6552,-0.5000,-0.2414,0.416383,0.583000
XZ,-0.5000,-0.6552,-0.5000,-0.1724,0.421626,0.583000
XZ,-0.5000,-0.6552,-0.5000,-0.1034,0.426792,0.558000
XZ,-0.5000,-0.6552,-0.5000,-0.0345,0.431875,0.572000
XZ,-0.5000,-0.6552,-0.5000,0.0345,0.436870,0.552000
XZ,-0.5000,-0.6552,-0.5000,0.1034,0.441772,0.577000
XZ,-0.5000,-0.6552,-0.5000,0.1724,0.446578,0.544000
XZ,-0.5000,-0.6552,-0.5000,0.2414,0.451285,0.554000
XZ,-0.5000,-0.6552,-0.5000,0.3103,0.455890,0.531000
XZ,-0.5000,-0.6552,-0.5000,0.3793,0.460390,0.527000
XZ,-0.5000,-0.6552,-0.5000,0.4483,0.464785,0.517000
XZ,-0.5000,-0.6552,-0.5000,0.5172,0.469073,0.528000
XZ,-0.5000,-0.6552,-0.5000,0.5862,0.473254,0.510000
XZ,-0.5000,-0.6552,-0.5000,0.6552,0.477327,0.508000
XZ,-0.5000,-0.6552,-0.5000,0.7241,0.481294,0.506000
XZ,-0.5000,-0.6552,-0.5000,0.7931,0.485154,0.482000
XZ,-0.5000,-0.6552,-0.5000,0.8621,0.488908,0.484000
XZ,-0.5000,-0.6552,-0.5000,0.9310,0.492559,0.458000
XZ,-0.5000,-0.6552,-0.5000,1.0000,0.496107,0.423000
XZ,-0.5000,-0.5862,-0.5000,-1.0000,0.360998,0.636000
XZ,-0.5000,-0.5862,-0.5000,-0.9310,0.364835,0.647000
XZ,-0.5000,-0.5862,-0.5000,-0.8621,0.368853,0.623000
XZ,-0.5000,-0.5862,-0.5000,-0.7931,0.373036,0.606000
XZ,-0.5000,-0.5862,-0.5000,-0.7241,0.377365,0.609000
XZ,-0.5000,-0.5862,-0.5000,-0.6552,0.381825,0.643000
XZ,-0.5000,-0.5862,-0.5000,-0.5862,0.386396,0.619000
XZ,-0.5000,-0.5862,-0.5000,-0.5172,0.391061,0.616000
XZ,-0.5000,-0.5862,-0.5000,-0.4483,0.395802,0.597000
XZ,-0.5000,-0.5862,-0.5000,-0.3793,0.400602,0.584000
XZ,-0.5000,-0.5862,-0.5000,-0.3103,0.405444,0.534000
XZ,-0.5000,-0.5862,-0.5000,-0.2414,0.410313,0.560000
XZ,-0.5000,-0.5862,-0.5000,-0.1724,0.415193,0.534000
XZ,-0.5000,-0.5862,-0.5000,-0.1034,0.420071,0.555000
XZ,-0.5000,-0.5862,-0.5000,-0.0345,0.424934,0.516000
XZ,-0.5000,-0.5862,-0.5000,0.0345,0.429769,0.517000
XZ,-0.5000,-0.5862,-0.5000,0.1034,0.434566,0.477000
XZ,-0.5000,-0.5862,-0.5000,0.1724,0.439313,0.479000
XZ,-0.5000,-0.5862,-0.5000,0.2414,0.444003,0.481000
XZ,-0.5000,-0.5862,-0.5000,0.3103,0.448627,0.471000
XZ,-0.5000,-0.5862,-0.5000,0.3793,0.453178,0.452000
XZ,-0.5000,-0.5862,-0.5000,0.4483,0.457648,0.466000
XZ,-0.5000,-0.5862,-0.5000,0.5172,0.462034,0.435000
XZ,-0.5000,-0.5862,-0.5000,0.5862,0.466329,0.428000
XZ,-0.5000,-0.5862,-0.5000,0.6552,0.470531,0.390000
XZ,-0.5000,-0.5862,-0.5000,0.7241,0.474635,0.397000
XZ,-0.5000,-0.5862,-0.5000,0.7931,0.478640,0.387000
XZ,-0.5000,-0.5862,-0.5000,0.8621,0.482543,0.374000
XZ,-0.5000,-0.5862,-0.5000,0.9310,0.486343,0.358000
XZ,-0.5000,-0.5862,-0.5000,1.0000,0.490040,0.319000
XZ,-0.5000,-0.5172,-0.5000,-1.0000,0.392734,0.566000
XZ,-0.5000,-0.5172,-0.5000,-0.9310,0.395546,0.589000
XZ,-0.5000,-0.5172,-0.5000,-0.8621,0.398474,0.579000
XZ,-0.5000,-0.5172,-0.5000,-0.7931,0.401514,0.552000
XZ,-0.5000,-0.5172,-0.5000,-0.7241,0.404661,0.548000
XZ,-0.5000,-0.5172,-0.5000,-0.6552,0.407909,0.542000
XZ,-0.5000,-0.5172,-0.5000,-0.5862,0.411249,0.523000
XZ,-0.5000,-0.5172,-0.5000,-0.5172,0.414674,0.554000
XZ,-0.5000,-0.5172,-0.5000,-0.4483,0.418176,0.511000
XZ,-0.5000,-0.5172,-0.5000,-0.3793,0.421743,0.483000
XZ,-0.5000,-0.5172,-0.5000,-0.3103,0.425367,0.481000
XZ,-0.5000,-0.5172,-0.5000,-0.2414,0.429036,0.467000
XZ,-0.5000,-0.5172,-0.5000,-0.1724,0.432741,0.408000
XZ,-0.5000,-0.5172,-0.5000,-0.1034,0.436471,0.416000
XZ,-0.5000,-0.5172,-0.5000,-0.0345,0.440215,0.409000
XZ,-0.5000,-0.5172,-0.5000,0.0345,0.443962,0.395000
XZ,-0.5000,-0.5172,-0.5000,0.1034,0.447704,0.385000
XZ,-0.5000,-0.5172,-0.5000,0.1724,0.451429,0.347000
XZ,-0.5000,-0.5172,-0.5000,0.2414,0.455129,0.314000
XZ,-0.5000,-0.5172,-0.5000,0.3103,0.458794,0.317000
XZ,-0.5000,-0.5172,-0.5000,0.3793,0.462417,0.320000
XZ,-0.5000,-0.5172,-0.5000,0.4483,0.465989,0.294000
XZ,-0.5000,-0.5172,-0.5000,0.5172,0.469504,0.270000
XZ,-0.5000,-0.5172,-0.5000,0.5862,0.472955,0.237000
XZ,-0.5000,-0.5172,-0.5000,0.6552,0.476337,0.259000
XZ,-0.5000,-0.5172,-0.5000,0.7241,0.479643,0.222000
XZ,-0.5000,-0.5172,-0.5000,0.7931,0.482871,0.203000
XZ,-0.5000,-0.5172,-0.5000,0.8621,0.486016,0.191000
XZ,-0.5000,-0.5172,-0.5000,0.9310,0.489075,0.195000
XZ,-0.5000,-0.5172,-0.5000,1.0000,0.492046,0.157000
XZ,-0.5000,-0.4483,-0.5000,-1.0000,0.393176,0.483000
XZ,-0.5000,-0.4483,-0.5000,-0.9310,0.395289,0.500000
XZ,-0.5000,-0.4483,-0.5000,-0.8621,0.397490,0.478000
XZ,-0.5000,-0.4483,-0.5000,-0.7931,0.399776,0.499000
XZ,-0.5000,-0.4483,-0.5000,-0.7241,0.402145,0.469000
XZ,-0.5000,-0.4483,-0.5000,-0.6552,0.404592,0.458000
XZ,-0.5000,-0.4483,-0.5000,-0.5862,0.407112,0.476000
XZ,-0.5000,-0.4483,-0.5000,-0.5172,0.409700,0.409000
XZ,-0.5000,-0.4483,-0.5000,-0.4483,0.412349,0.404000
XZ,-0.5000,-0.4483,-0.5000,-0.3793,0.415052,0.430000
XZ,-0.5000,-0.4483,-0.5000,-0.3103,0.417801,0.392000
XZ,-0.5000,-0.4483,-0.5000,-0.2414,0.420588,0.379000
XZ,-0.5000,-0.4483,-0.5000,-0.1724,0.423404,0.361000
XZ,-0.5000,-0.4483,-0.5000,-0.1034,0.426241,0.346000
XZ,-0.5000,-0.4483,-0.5000,-0.0345,0.429090,0.342000
XZ,-0.5000,-0.4483,-0.5000,0.0345,0.431942,0.299000
XZ,-0.5000,-0.4483,-0.5000,0.1034,0.434787,0.289000
XZ,-0.5000,-0.4483,-0.5000,0.1724,0.437618,0.309000
XZ,-0.5000,-0.4483,-0.5000,0.2414,0.440425,0.252000
XZ,-0.5000,-0.4483,-0.5000,0.3103,0.443201,0.255000
XZ,-0.5000,-0.4483,-0.5000,0.3793,0.445937,0.243000
XZ,-0.5000,-0.4483,-0.5000,0.4483,0.448626,0.210000
XZ,-0.5000,-0.4483,-0.5000,0.5172,0.451260,0.241000
XZ,-0.5000,-0.4483,-0.5000,0.5862,0.453834,0.207000
XZ,-0.5000,-0.4483,-0.5000,0.6552,0.456341,0.165000
XZ,-0.5000,-0.4483,-0.5000,0.7241,0.458777,0.181000
XZ,-0.5000,-0.4483,-0.5000,0.7931,0.461135,0.171000
XZ,-0.5000,-0.4483,-0.5000,0.8621,0.463413,0.154000
XZ,-0.5000,-0.4483,-0.5000,0.9310,0.465606,0.161000
XZ,-0.5000,-0.4483,-0.5000,1.0000,0.467711,0.169000
XZ,-0.5000,-0.3793,-0.5000,-1.0000,0.349321,0.438000
XZ,-0.5000,-0.3793,-0.5000,-0.9310,0.350704,0.454000
XZ,-0.5000,-0.3793,-0.5000,-0.8621,0.352195,0.491000
XZ,-0.5000,-0.3793,-0.5000,-0.7931,0.353794,0.448000
XZ,-0.5000,-0.3793,-0.5000,-0.7241,0.355495,0.453000
XZ,-0.5000,-0.3793,-0.5000,-0.6552,0.357293,0.470000
XZ,-0.5000,-0.3793,-0.5000,-0.5862,0.359184,0.483000
XZ,-0.5000,-0.3793,-0.5000,-0.5172,0.361159,0.468000
XZ,-0.5000,-0.3793,-0.5000,-0.4483,0.363211,0.450000
XZ,-0.5000,-0.3793,-0.5000,-0.3793,0.365332,0.464000
XZ,-0.5000,-0.3793,-0.5000,-0.3103,0.367512,0.487000
XZ,-0.5000,-0.3793,-0.5000,-0.2414,0.369742,0.450000
XZ,-0.5000,-0.3793,-0.5000,-0.1724,0.372012,0.434000
XZ,-0.5000,-0.3793,-0.5000,-0.1034,0.374311,0.475000
XZ,-0.5000,-0.3793,-0.5000,-0.0345,0.376630,0.425000
XZ,-0.5000,-0.3793,-0.5000,0.0345,0.378958,0.393000
XZ,-0.5000,-0.3793,-0.5000,0.1034,0.381285,0.373000
XZ,-0.5000,-0.3793,-0.5000,0.1724,0.383600,0.403000
XZ,-0.5000,-0.3793,-0.5000,0.2414,0.385893,0.397000
XZ,-0.5000,-0.3793,-0.5000,0.3103,0.388156,0.358000
XZ,-0.5000,-0.3793,-0.5000,0.3793,0.390378,0.382000
XZ,-0.5000,-0.3793,-0.5000,0.4483,0.392551,0.324000
XZ,-0.5000,-0.3793,-0.5000,0.5172,0.394668,0.379000
XZ,-0.5000,-0.3793,-0.5000,0.5862,0.396720,0.337000
XZ,-0.5000,-0.3793,-0.5000,0.6552,0.398700,0.341000
XZ,-0.5000,-0.3793,-0.5000,0.7241,0.400603,0.328000
XZ,-0.5000,-0.3793,-0.5000,0.7931,0.402421,0.299000
XZ,-0.5000,-0.3793,-0.5000,0.8621,0.404151,0.314000
XZ,-0.5000,-0.3793,-0.5000,0.9310,0.405788,0.271000
XZ,-0.5000,-0.3793,-0.5000,1.0000,0.407327,0.272000
XZ,-0.5000,-0.3103,-0.5000,-1.0000,0.336136,0.388000
XZ,-0.5000,-0.3103,-0.5000,-0.9310,0.334913,0.403000
XZ,-0.5000,-0.3103,-0.5000,-0.8621,0.333756,0.451000
XZ,-0.5000,-0.3103,-0.5000,-0.7931,0.332679,0.448000
XZ,-0.5000,-0.3103,-0.5000,-0.7241,0.331696,0.473000
XZ,-0.5000,-0.3103,-0.5000,-0.6552,0.330821,0.444000
XZ,-0.5000,-0.3103,-0.5000,-0.5862,0.330071,0.485000
XZ,-0.5000,-0.3103,-0.5000,-0.5172,0.329460,0.482000
XZ,-0.5000,-0.3103,-0.5000,-0.4483,0.329001,0.520000
XZ,-0.5000,-0.3103,-0.5000,-0.3793,0.328706,0.489000
XZ,-0.5000,-0.3103,-0.5000,-0.3103,0.328583,0.518000
XZ,-0.5000,-0.3103,-0.5000,-0.2414,0.328636,0.524000
XZ,-0.5000,-0.3103,-0.5000,-0.1724,0.328866,0.482000
XZ,-0.5000,-0.3103,-0.5000,-0.1034,0.329268,0.552000
XZ,-0.5000,-0.3103,-0.5000,-0.0345,0.329833,0.533000
XZ,-0.5000,-0.3103,-0.5000,0.0345,0.330548,0.519000
XZ,-0.5000,-0.3103,-0.5000,0.1034,0.331396,0.544000
XZ,-0.5000,-0.3103,-0.5000,0.1724,0.332360,0.536000
XZ,-0.5000,-0.3103,-0.5000,0.2414,0.333419,0.537000
XZ,-0.5000,-0.3103,-0.5000,0.3103,0.334554,0.526000
XZ,-0.5000,-0.3103,-0.5000,0.3793,0.335747,0.530000
XZ,-0.5000,-0.3103,-0.5000,0.4483,0.336977,0.543000
XZ,-0.5000,-0.3103,-0.5000,0.5172,0.338228,0.530000
XZ,-0.5000,-0.3103,-0.5000,0.5862,0.339484,0.514000
XZ,-0.5000,-0.3103,-0.5000,0.6552,0.340729,0.499000
XZ,-0.5000,-0.3103,-0.5000,0.7241,0.341951,0.468000
XZ,-0.5000,-0.3103,-0.5000,0.7931,0.343138,0.482000
XZ,-0.5000,-0.3103,-0.5000,0.8621,0.344278,0.481000
XZ,-0.5000,-0.3103,-0.5000,0.9310,0.345362,0.471000
XZ,-0.5000,-0.3103,-0.5000,1.0000,0.346381,0.440000
XZ,-0.5000,-0.2414,-0.5000,-1.0000,0.443524,0.384000
XZ,-0.5000,-0.2414,-0.5000,-0.9310,0.441694,0.377000
XZ,-0.5000,-0.2414,-0.5000,-0.8621,0.439800,0.378000
XZ,-0.5000,-0.2414,-0.5000,-0.7931,0.437850,0.400000
XZ,-0.5000,-0.2414,-0.5000,-0.7241,0.435852,0.414000
XZ,-0.5000,-0.2414,-0.5000,-0.6552,0.433813,0.443000
XZ,-0.5000,-0.2414,-0.5000,-0.5862,0.431742,0.462000
XZ,-0.5000,-0.2414,-0.5000,-0.5172,0.429646,0.483000
XZ,-0.5000,-0.2414,-0.5000,-0.4483,0.427533,0.444000
XZ,-0.5000,-0.2414,-0.5000,-0.3793,0.425410,0.449000
XZ,-0.5000,-0.2414,-0.5000,-0.3103,0.423285,0.511000
XZ,-0.5000,-0.2414,-0.5000,-0.2414,0.421164,0.530000
XZ,-0.5000,-0.2414,-0.5000,-0.1724,0.419053,0.497000
XZ,-0.5000,-0.2414,-0.5000,-0.1034,0.416960,0.510000
XZ,-0.5000,-0.2414,-0.5000,-0.0345,0.414890,0.489000
XZ,-0.5000,-0.2414,-0.5000,0.0345,0.412849,0.521000
XZ,-0.5000,-0.2414,-0.5000,0.1034,0.410842,0.556000
XZ,-0.5000,-0.2414,-0.5000,0.1724,0.408874,0.518000
XZ,-0.5000,-0.2414,-0.5000,0.2414,0.406950,0.565000
XZ,-0.5000,-0.2414,-0.5000,0.3103,0.405072,0.548000
XZ,-0.5000,-0.2414,-0.5000,0.3793,0.403246,0.544000
XZ,-0.5000,-0.2414,-0.5000,0.4483,0.401474,0.538000
XZ,-0.5000,-0.2414,-0.5000,0.5172,0.399759,0.565000
XZ,-0.5000,-0.2414,-0.5000,0.5862,0.398102,0.544000
XZ,-0.5000,-0.2414,-0.5000,0.6552,0.396506,0.547000
XZ,-0.5000,-0.2414,-0.5000,0.7241,0.394971,0.561000
XZ,-0.5000,-0.2414,-0.5000,0.7931,0.393500,0.528000
XZ,-0.5000,-0.2414,-0.5000,0.8621,0.392091,0.539000
XZ,-0.5000,-0.2414,-0.5000,0.9310,0.390745,0.527000
XZ,-0.5000,-0.2414,-0.5000,1.0000,0.389463,0.504000
XZ,-0.5000,-0.1724,-0.5000,-1.0000,0.518653,0.384000
XZ,-0.5000,-0.1724,-0.5000,-0.9310,0.517210,0.398000
XZ,-0.5000,-0.1724,-0.5000,-0.8621,0.515642,0.392000
XZ,-0.5000,-0.1724,-0.5000,-0.7931,0.513956,0.388000
XZ,-0.5000,-0.1724,-0.5000,-0.7241,0.512163,0.436000
XZ,-0.5000,-0.1724,-0.5000,-0.6552,0.510270,0.397000
XZ,-0.5000,-0.1724,-0.5000,-0.5862,0.508285,0.375000
XZ,-0.5000,-0.1724,-0.5000,-0.5172,0.506219,0.408000
XZ,-0.5000,-0.1724,-0.5000,-0.4483,0.504079,0.404000
XZ,-0.5000,-0.1724,-0.5000,-0.3793,0.501873,0.393000
XZ,-0.5000,-0.1724,-0.5000,-0.3103,0.499611,0.419000
XZ,-0.5000,-0.1724,-0.5000,-0.2414,0.497301,0.409000
XZ,-0.5000,-0.1724,-0.5000,-0.1724,0.494951,0.425000
XZ,-0.5000,-0.1724,-0.5000,-0.1034,0.492568,0.418000
XZ,-0.5000,-0.1724,-0.5000,-0.0345,0.490161,0.456000
XZ,-0.5000,-0.1724,-0.5000,0.0345,0.487736,0.452000
XZ,-0.5000,-0.1724,-0.5000,0.1034,0.485302,0.466000
XZ,-0.5000,-0.1724,-0.5000,0.1724,0.482866,0.469000
XZ,-0.5000,-0.1724,-0.5000,0.2414,0.480433,0.460000
XZ,-0.5000,-0.1724,-0.5000,0.3103,0.478010,0.458000
XZ,-0.5000,-0.1724,-0.5000,0.3793,0.475604,0.498000
XZ,-0.5000,-0.1724,-0.5000,0.4483,0.473220,0.494000
XZ,-0.5000,-0.1724,-0.5000,0.5172,0.470864,0.469000
XZ,-0.5000,-0.1724,-0.5000,0.5862,0.468540,0.497000
XZ,-0.5000,-0.1724,-0.5000,0.6552,0.466254,0.513000
XZ,-0.5000,-0.1724,-0.5000,0.7241,0.464009,0.522000
XZ,-0.5000,-0.1724,-0.5000,0.7931,0.461810,0.495000
XZ,-0.5000,-0.1724,-0.5000,0.8621,0.459661,0.480000
XZ,-0.5000,-0.1724,-0.5000,0.9310,0.457565,0.537000
XZ,-0.5000,-0.1724,-0.5000,1.0000,0.455524,0.485000
XZ,-0.5000,-0.1034,-0.5000,-1.0000,0.539609,0.399000
XZ,-0.5000,-0.1034,-0.5000,-0.9310,0.539248,0.389000
XZ,-0.5000,-0.1034,-0.5000,-0.8621,0.538770,0.383000
XZ,-0.5000,-0.1034,-0.5000,-0.7931,0.538179,0.375000
XZ,-0.5000,-0.1034,-0.5000,-0.7241,0.537481,0.382000
XZ,-0.5000,-0.1034,-0.5000,-0.6552,0.536681,0.391000
XZ,-0.5000,-0.1034,-0.5000,-0.5862,0.535786,0.417000
XZ,-0.5000,-0.1034,-0.5000,-0.5172,0.534801,0.369000
XZ,-0.5000,-0.1034,-0.5000,-0.4483,0.533734,0.382000
XZ,-0.5000,-0.1034,-0.5000,-0.3793,0.532589,0.365000
XZ,-0.5000,-0.1034,-0.5000,-0.3103,0.531374,0.359000
XZ,-0.5000,-0.1034,-0.5000,-0.2414,0.530095,0.370000
XZ,-0.5000,-0.1034,-0.5000,-0.1724,0.528758,0.388000
XZ,-0.5000,-0.1034,-0.5000,-0.1034,0.527370,0.415000
XZ,-0.5000,-0.1034,-0.5000,-0.0345,0.525937,0.396000
XZ,-0.5000,-0.1034,-0.5000,0.0345,0.524465,0.371000
XZ,-0.5000,-0.1034,-0.5000,0.1034,0.522960,0.377000
XZ,-0.5000,-0.1034,-0.5000,0.1724,0.521429,0.407000
XZ,-0.5000,-0.1034,-0.5000,0.2414,0.519876,0.421000
XZ,-0.5000,-0.1034,-0.5000,0.3103,0.518308,0.378000
XZ,-0.5000,-0.1034,-0.5000,0.3793,0.516729,0.396000
XZ,-0.5000,-0.1034,-0.5000,0.4483,0.515145,0.436000
XZ,-0.5000,-0.1034,-0.5000,0.5172,0.513560,0.413000
XZ,-0.5000,-0.1034,-0.5000,0.5862,0.511979,0.437000
XZ,-0.5000,-0.1034,-0.5000,0.6552,0.510406,0.434000
XZ,-0.5000,-0.1034,-0.5000,0.7241,0.508845,0.439000
XZ,-0.5000,-0.1034,-0.5000,0.7931,0.507300,0.437000
XZ,-0.5000,-0.1034,-0.5000,0.8621,0.505774,0.472000
XZ,-0.5000,-0.1034,-0.5000,0.9310,0.504271,0.469000
XZ,-0.5000,-0.1034,-0.5000,1.0000,0.502794,0.470000
XZ,-0.5000,-0.0345,-0.5000,-1.0000,0.515950,0.415000
XZ,-0.5000,-0.0345,-0.5000,-0.9310,0.516103,0.381000
XZ,-0.5000,-0.0345,-0.5000,-0.8621,0.516247,0.419000
XZ,-0.5000,-0.0345,-0.5000,-0.7931,0.516376,0.409000
XZ,-0.5000,-0.0345,-0.5000,-0.7241,0.516488,0.407000
XZ,-0.5000,-0.0345,-0.5000,-0.6552,0.516581,0.385000
XZ,-0.5000,-0.0345,-0.5000,-0.5862,0.516653,0.407000
XZ,-0.5000,-0.0345,-0.5000,-0.5172,0.516702,0.405000
XZ,-0.5000,-0.0345,-0.5000,-0.4483,0.516727,0.367000
XZ,-0.5000,-0.0345,-0.5000,-0.3793,0.516727,0.415000
XZ,-0.5000,-0.0345,-0.5000,-0.3103,0.516702,0.403000
XZ,-0.5000,-0.0345,-0.5000,-0.2414,0.516653,0.393000
XZ,-0.5000,-0.0345,-0.5000,-0.1724,0.516578,0.393000
XZ,-0.5000,-0.0345,-0.5000,-0.1034,0.516480,0.403000
XZ,-0.5000,-0.0345,-0.5000,-0.0345,0.516358,0.387000
XZ,-0.5000,-0.0345,-0.5000,0.0345,0.516213,0.374000
XZ,-0.5000,-0.0345,-0.5000,0.1034,0.516047,0.377000
XZ,-0.5000,-0.0345,-0.5000,0.1724,0.515861,0.405000
XZ,-0.5000,-0.0345,-0.5000,0.2414,0.515656,0.348000
XZ,-0.5000,-0.0345,-0.5000,0.3103,0.515432,0.389000
XZ,-0.5000,-0.0345,-0.5000,0.3793,0.515193,0.370000
XZ,-0.5000,-0.0345,-0.5000,0.4483,0.514939,0.385000
XZ,-0.5000,-0.0345,-0.5000,0.5172,0.514670,0.400000
XZ,-0.5000,-0.0345,-0.5000,0.5862,0.514390,0.354000
XZ,-0.5000,-0.0345,-0.5000,0.6552,0.514100,0.406000
XZ,-0.5000,-0.0345,-0.5000,0.7241,0.513799,0.394000
XZ,-0.5000,-0.0345,-0.5000,0.7931,0.513491,0.378000
XZ,-0.5000,-0.0345,-0.5000,0.8621,0.513176,0.399000
XZ,-0.5000,-0.0345,-0.5000,0.9310,0.512856,0.427000
XZ,-0.5000,-0.0345,-0.5000,1.0000,0.512531,0.414000
XZ,-0.5000,0.0345,-0.5000,-1.0000,0.501165,0.418000
XZ,-0.5000,0.0345,-0.5000,-0.9310,0.499175,0.423000
XZ,-0.5000,0.0345,-0.5000,-0.8621,0.497284,0.435000
XZ,-0.5000,0.0345,-0.5000,-0.7931,0.495490,0.459000
XZ,-0.5000,0.0345,-0.5000,-0.7241,0.493794,0.411000
XZ,-0.5000,0.0345,-0.5000,-0.6552,0.492193,0.436000
XZ,-0.5000,0.0345,-0.5000,-0.5862,0.490685,0.440000
XZ,-0.5000,0.0345,-0.5000,-0.5172,0.489269,0.424000
XZ,-0.5000,0.0345,-0.5000,-0.4483,0.487941,0.399000
XZ,-0.5000,0.0345,-0.5000,-0.3793,0.486701,0.421000
XZ,-0.5000,0.0345,-0.5000,-0.3103,0.485544,0.406000
XZ,-0.5000,0.0345,-0.5000,-0.2414,0.484469,0.426000
XZ,-0.5000,0.0345,-0.5000,-0.1724,0.483471,0.401000
XZ,-0.5000,0.0345,-0.5000,-0.1034,0.482549,0.388000
XZ,-0.5000,0.0345,-0.5000,-0.0345,0.481698,0.359000
XZ,-0.5000,0.0345,-0.5000,0.0345,0.480915,0.369000
XZ,-0.5000,0.0345,-0.5000,0.1034,0.480198,0.381000
XZ,-0.5000,0.0345,-0.5000,0.1724,0.479543,0.384000
XZ,-0.5000,0.0345,-0.5000,0.2414,0.478947,0.382000
XZ,-0.5000,0.0345,-0.5000,0.3103,0.478406,0.401000
XZ,-0.5000,0.0345,-0.5000,0.3793,0.477918,0.389000
XZ,-0.5000,0.0345,-0.5000,0.4483,0.477479,0.384000
XZ,-0.5000,0.0345,-0.5000,0.5172,0.477087,0.372000
XZ,-0.5000,0.0345,-0.5000,0.5862,0.476738,0.390000
XZ,-0.5000,0.0345,-0.5000,0.6552,0.476430,0.377000
XZ,-0.5000,0.0345,-0.5000,0.7241,0.476161,0.371000
XZ,-0.5000,0.0345,-0.5000,0.7931,0.475927,0.370000
XZ,-0.5000,0.0345,-0.5000,0.8621,0.475726,0.361000
XZ,-0.5000,0.0345,-0.5000,0.9310,0.475556,0.334000
XZ,-0.5000,0.0345,-0.5000,1.0000,0.475415,0.371000
XZ,-0.5000,0.1034,-0.5000,-1.0000,0.524468,0.410000
XZ,-0.5000,0.1034,-0.5000,-0.9310,0.520436,0.386000
XZ,-0.5000,0.1034,-0.5000,-0.8621,0.516460,0.407000
XZ,-0.5000,0.1034,-0.5000,-0.7931,0.512544,0.414000
XZ,-0.5000,0.1034,-0.5000,-0.7241,0.508692,0.419000
XZ,-0.5000,0.1034,-0.5000,-0.6552,0.504908,0.417000
XZ,-0.5000,0.1034,-0.5000,-0.5862,0.501196,0.402000
XZ,-0.5000,0.1034,-0.5000,-0.5172,0.497559,0.423000
XZ,-0.5000,0.1034,-0.5000,-0.4483,0.494000,0.411000
XZ,-0.5000,0.1034,-0.5000,-0.3793,0.490522,0.418000
XZ,-0.5000,0.1034,-0.5000,-0.3103,0.487129,0.427000
XZ,-0.5000,0.1034,-0.5000,-0.2414,0.483822,0.399000
XZ,-0.5000,0.1034,-0.5000,-0.1724,0.480604,0.371000
XZ,-0.5000,0.1034,-0.5000,-0.1034,0.477478,0.379000
XZ,-0.5000,0.1034,-0.5000,-0.0345,0.474444,0.419000
XZ,-0.5000,0.1034,-0.5000,0.0345,0.471505,0.370000
XZ,-0.5000,0.1034,-0.5000,0.1034,0.468663,0.386000
XZ,-0.5000,0.1034,-0.5000,0.1724,0.465918,0.381000
XZ,-0.5000,0.1034,-0.5000,0.2414,0.463272,0.370000
XZ,-0.5000,0.1034,-0.5000,0.3103,0.460726,0.359000
XZ,-0.5000,0.1034,-0.5000,0.3793,0.458280,0.367000
XZ,-0.5000,0.1034,-0.5000,0.4483,0.455935,0.366000
XZ,-0.5000,0.1034,-0.5000,0.5172,0.453691,0.357000
XZ,-0.5000,0.1034,-0.5000,0.5862,0.451548,0.301000
XZ,-0.5000,0.1034,-0.5000,0.6552,0.449507,0.325000
XZ,-0.5000,0.1034,-0.5000,0.7241,0.447566,0.327000
XZ,-0.5000,0.1034,-0.5000,0.7931,0.445725,0.302000
XZ,-0.5000,0.1034,-0.5000,0.8621,0.443984,0.302000
XZ,-0.5000,0.1034,-0.5000,0.9310,0.442342,0.298000
XZ,-0.5000,0.1034,-0.5000,1.0000,0.440797,0.288000
XZ,-0.5000,0.1724,-0.5000,-1.0000,0.545661,0.331000
XZ,-0.5000,0.1724,-0.5000,-0.9310,0.541651,0.345000
XZ,-0.5000,0.1724,-0.5000,-0.8621,0.537710,0.321000
XZ,-0.5000,0.1724,-0.5000,-0.7931,0.533842,0.361000
XZ,-0.5000,0.1724,-0.5000,-0.7241,0.530052,0.331000
XZ,-0.5000,0.1724,-0.5000,-0.6552,0.526345,0.355000
XZ,-0.5000,0.1724,-0.5000,-0.5862,0.522725,0.357000
XZ,-0.5000,0.1724,-0.5000,-0.5172,0.519196,0.358000
XZ,-0.5000,0.1724,-0.5000,-0.4483,0.515762,0.352000
XZ,-0.5000,0.1724,-0.5000,-0.3793,0.512426,0.336000
XZ,-0.5000,0.1724,-0.5000,-0.3103,0.509191,0.365000
XZ,-0.5000,0.1724,-0.5000,-0.2414,0.506059,0.367000
XZ,-0.5000,0.1724,-0.5000,-0.1724,0.503033,0.367000
XZ,-0.5000,0.1724,-0.5000,-0.1034,0.500115,0.349000
XZ,-0.5000,0.1724,-0.5000,-0.0345,0.497306,0.360000
XZ,-0.5000,0.1724,-0.5000,0.0345,0.494607,0.373000
XZ,-0.5000,0.1724,-0.5000,0.1034,0.492020,0.349000
XZ,-0.5000,0.1724,-0.5000,0.1724,0.489544,0.343000
XZ,-0.5000,0.1724,-0.5000,0.2414,0.487181,0.355000
XZ,-0.5000,0.1724,-0.5000,0.3103,0.484929,0.344000
XZ,-0.5000,0.1724,-0.5000,0.3793,0.482789,0.327000
XZ,-0.5000,0.1724,-0.5000,0.4483,0.480759,0.346000
XZ,-0.5000,0.1724,-0.5000,0.5172,0.478839,0.339000
XZ,-0.5000,0.1724,-0.5000,0.5862,0.477026,0.299000
XZ,-0.5000,0.1724,-0.5000,0.6552,0.475321,0.312000
XZ,-0.5000,0.1724,-0.5000,0.7241,0.473720,0.298000
XZ,-0.5000,0.1724,-0.5000,0.7931,0.472221,0.315000
XZ,-0.5000,0.1724,-0.5000,0.8621,0.470823,0.304000
XZ,-0.5000,0.1724,-0.5000,0.9310,0.469523,0.298000
XZ,-0.5000,0.1724,-0.5000,1.0000,0.468318,0.298000
XZ,-0.5000,0.2414,-0.5000,-1.0000,0.541807,0.219000
XZ,-0.5000,0.2414,-0.5000,-0.9310,0.539126,0.235000
XZ,-0.5000,0.2414,-0.5000,-0.8621,0.536551,0.268000
XZ,-0.5000,0.2414,-0.5000,-0.7931,0.534082,0.256000
XZ,-0.5000,0.2414,-0.5000,-0.7241,0.531721,0.247000
XZ,-0.5000,0.2414,-0.5000,-0.6552,0.529471,0.266000
XZ,-0.5000,0.2414,-0.5000,-0.5862,0.527331,0.282000
XZ,-0.5000,0.2414,-0.5000,-0.5172,0.525301,0.250000
XZ,-0.5000,0.2414,-0.5000,-0.4483,0.523382,0.233000
XZ,-0.5000,0.2414,-0.5000,-0.3793,0.521573,0.278000
XZ,-0.5000,0.2414,-0.5000,-0.3103,0.519873,0.285000
XZ,-0.5000,0.2414,-0.5000,-0.2414,0.518281,0.294000
XZ,-0.5000,0.2414,-0.5000,-0.1724,0.516795,0.293000
XZ,-0.5000,0.2414,-0.5000,-0.1034,0.515414,0.303000
XZ,-0.5000,0.2414,-0.5000,-0.0345,0.514134,0.316000
XZ,-0.5000,0.2414,-0.5000,0.0345,0.512953,0.318000
XZ,-0.5000,0.2414,-0.5000,0.1034,0.511869,0.311000
XZ,-0.5000,0.2414,-0.5000,0.1724,0.510877,0.299000
XZ,-0.5000,0.2414,-0.5000,0.2414,0.509976,0.314000
XZ,-0.5000,0.2414,-0.5000,0.3103,0.509160,0.321000
XZ,-0.5000,0.2414,-0.5000,0.3793,0.508428,0.321000
XZ,-0.5000,0.2414,-0.5000,0.4483,0.507774,0.306000
XZ,-0.5000,0.2414,-0.5000,0.5172,0.507194,0.301000
XZ,-0.5000,0.2414,-0.5000,0.5862,0.506686,0.342000
XZ,-0.5000,0.2414,-0.5000,0.6552,0.506245,0.323000
XZ,-0.5000,0.2414,-0.5000,0.7241,0.505867,0.311000
XZ,-0.5000,0.2414,-0.5000,0.7931,0.505547,0.289000
XZ,-0.5000,0.2414,-0.5000,0.8621,0.505284,0.274000
XZ,-0.5000,0.2414,-0.5000,0.9310,0.505071,0.296000
XZ,-0.5000,0.2414,-0.5000,1.0000,0.504907,0.323000
XZ,-0.5000,0.3103,-0.5000,-1.0000,0.510378,0.116000
XZ,-0.5000,0.3103,-0.5000,-0.9310,0.509398,0.118000
XZ,-0.5000,0.3103,-0.5000,-0.8621,0.508540,0.135000
XZ,-0.5000,0.3103,-0.5000,-0.7931,0.507799,0.133000
XZ,-0.5000,0.3103,-0.5000,-0.7241,0.507173,0.133000
XZ,-0.5000,0.3103,-0.5000,-0.6552,0.506656,0.152000
XZ,-0.5000,0.3103,-0.5000,-0.5862,0.506245,0.154000
XZ,-0.5000,0.3103,-0.5000,-0.5172,0.505934,0.136000
XZ,-0.5000,0.3103,-0.5000,-0.4483,0.505720,0.183000
XZ,-0.5000,0.3103,-0.5000,-0.3793,0.505597,0.168000
XZ,-0.5000,0.3103,-0.5000,-0.3103,0.505560,0.167000
XZ,-0.5000,0.3103,-0.5000,-0.2414,0.505603,0.175000
XZ,-0.5000,0.3103,-0.5000,-0.1724,0.505721,0.183000
XZ,-0.5000,0.3103,-0.5000,-0.1034,0.505909,0.207000
XZ,-0.5000,0.3103,-0.5000,-0.0345,0.506161,0.212000
XZ,-0.5000,0.3103,-0.5000,0.0345,0.506471,0.193000
XZ,-0.5000,0.3103,-0.5000,0.1034,0.506834,0.208000
XZ,-0.5000,0.3103,-0.5000,0.1724,0.507244,0.203000
XZ,-0.5000,0.3103,-0.5000,0.2414,0.507696,0.222000
XZ,-0.5000,0.3103,-0.5000,0.3103,0.508185,0.209000
XZ,-0.5000,0.3103,-0.5000,0.3793,0.508705,0.194000
XZ,-0.5000,0.3103,-0.5000,0.4483,0.509252,0.232000
XZ,-0.5000,0.3103,-0.5000,0.5172,0.509820,0.217000
XZ,-0.5000,0.3103,-0.5000,0.5862,0.510406,0.204000
XZ,-0.5000,0.3103,-0.5000,0.6552,0.511004,0.226000
XZ,-0.5000,0.3103,-0.5000,0.7241,0.511612,0.207000
XZ,-0.5000,0.3103,-0.5000,0.7931,0.512224,0.226000
XZ,-0.5000,0.3103,-0.5000,0.8621,0.512838,0.198000
XZ,-0.5000,0.3103,-0.5000,0.9310,0.513451,0.227000
XZ,-0.5000,0.3103,-0.5000,1.0000,0.514058,0.223000
XZ,-0.5000,0.3793,-0.5000,-1.0000,0.461565,0.045000
XZ,-0.5000,0.3793,-0.5000,-0.9310,0.462043,0.033000
XZ,-0.5000,0.3793,-0.5000,-0.8621,0.462625,0.039000
XZ,-0.5000,0.3793,-0.5000,-0.7931,0.463302,0.040000
XZ,-0.5000,0.3793,-0.5000,-0.7241,0.464069,0.036000
XZ,-0.5000,0.3793,-0.5000,-0.6552,0.464916,0.041000
XZ,-0.5000,0.3793,-0.5000,-0.5862,0.465837,0.058000
XZ,-0.5000,0.3793,-0.5000,-0.5172,0.466824,0.054000
XZ,-0.5000,0.3793,-0.5000,-0.4483,0.467870,0.043000
XZ,-0.5000,0.3793,-0.5000,-0.3793,0.468967,0.057000
XZ,-0.5000,0.3793,-0.5000,-0.3103,0.470109,0.060000
XZ,-0.5000,0.3793,-0.5000,-0.2414,0.471289,0.054000
XZ,-0.5000,0.3793,-0.5000,-0.1724,0.472499,0.058000
XZ,-0.5000,0.3793,-0.5000,-0.1034,0.473733,0.072000
XZ,-0.5000,0.3793,-0.5000,-0.0345,0.474985,0.065000
XZ,-0.5000,0.3793,-0.5000,0.0345,0.476249,0.068000
XZ,-0.5000,0.3793,-0.5000,0.1034,0.477519,0.065000
XZ,-0.5000,0.3793,-0.5000,0.1724,0.478789,0.070000
XZ,-0.5000,0.3793,-0.5000,0.2414,0.480055,0.075000
XZ,-0.5000,0.3793,-0.5000,0.3103,0.481311,0.090000
XZ,-0.5000,0.3793,-0.5000,0.3793,0.482552,0.069000
XZ,-0.5000,0.3793,-0.5000,0.4483,0.483776,0.084000
XZ,-0.5000,0.3793,-0.5000,0.5172,0.484976,0.076000
XZ,-0.5000,0.3793,-0.5000,0.5862,0.486151,0.075000
XZ,-0.5000,0.3793,-0.5000,0.6552,0.487297,0.075000
XZ,-0.5000,0.3793,-0.5000,0.7241,0.488411,0.081000
XZ,-0.5000,0.3793,-0.5000,0.7931,0.489491,0.091000
XZ,-0.5000,0.3793,-0.5000,0.8621,0.490536,0.086000
XZ,-0.5000,0.3793,-0.5000,0.9310,0.491542,0.070000
XZ,-0.5000,0.3793,-0.5000,1.0000,0.492509,0.082000
XZ,-0.5000,0.4483,-0.5000,-1.0000,0.430773,0.039000
XZ,-0.5000,0.4483,-0.5000,-0.9310,0.432262,0.051000
XZ,-0.5000,0.4483,-0.5000,-0.8621,0.433785,0.050000
XZ,-0.5000,0.4483,-0.5000,-0.7931,0.435335,0.032000
XZ,-0.5000,0.4483,-0.5000,-0.7241,0.436908,0.035000
XZ,-0.5000,0.4483,-0.5000,-0.6552,0.438500,0.027000
XZ,-0.5000,0.4483,-0.5000,-0.5862,0.440104,0.039000
XZ,-0.5000,0.4483,-0.5000,-0.5172,0.441717,0.023000
XZ,-0.5000,0.4483,-0.5000,-0.4483,0.443334,0.033000
XZ,-0.5000,0.4483,-0.5000,-0.3793,0.444949,0.038000
XZ,-0.5000,0.4483,-0.5000,-0.3103,0.446559,0.034000
XZ,-0.5000,0.4483,-0.5000,-0.2414,0.448159,0.030000
XZ,-0.5000,0.4483,-0.5000,-0.1724,0.449744,0.037000
XZ,-0.5000,0.4483,-0.5000,-0.1034,0.451311,0.030000
XZ,-0.5000,0.4483,-0.5000,-0.0345,0.452855,0.023000
XZ,-0.5000,0.4483,-0.5000,0.0345,0.454374,0.027000
XZ,-0.5000,0.4483,-0.5000,0.1034,0.455864,0.022000
XZ,-0.5000,0.4483,-0.5000,0.1724,0.457321,0.020000
XZ,-0.5000,0.4483,-0.5000,0.2414,0.458743,0.025000
XZ,-0.5000,0.4483,-0.5000,0.3103,0.460127,0.019000
XZ,-0.5000,0.4483,-0.5000,0.3793,0.461471,0.027000
XZ,-0.5000,0.4483,-0.5000,0.4483,0.462774,0.031000
XZ,-0.5000,0.4483,-0.5000,0.5172,0.464033,0.021000
XZ,-0.5000,0.4483,-0.5000,0.5862,0.465247,0.039000
XZ,-0.5000,0.4483,-0.5000,0.6552,0.466416,0.038000
XZ,-0.5000,0.4483,-0.5000,0.7241,0.467538,0.035000
XZ,-0.5000,0.4483,-0.5000,0.7931,0.468614,0.041000
XZ,-0.5000,0.4483,-0.5000,0.8621,0.469643,0.045000
XZ,-0.5000,0.4483,-0.5000,0.9310,0.470626,0.048000
XZ,-0.5000,0.4483,-0.5000,1.0000,0.471563,0.061000
XZ,-0.5000,0.5172,-0.5000,-1.0000,0.481790,0.150000
XZ,-0.5000,0.5172,-0.5000,-0.9310,0.482470,0.136000
XZ,-0.5000,0.5172,-0.5000,-0.8621,0.483156,0.134000
XZ,-0.5000,0.5172,-0.5000,-0.7931,0.483846,0.146000
XZ,-0.5000,0.5172,-0.5000,-0.7241,0.484537,0.144000
XZ,-0.5000,0.5172,-0.5000,-0.6552,0.485226,0.134000
XZ,-0.5000,0.5172,-0.5000,-0.5862,0.485911,0.139000
XZ,-0.5000,0.5172,-0.5000,-0.5172,0.486588,0.121000
XZ,-0.5000,0.5172,-0.5000,-0.4483,0.487256,0.128000
XZ,-0.5000,0.5172,-0.5000,-0.3793,0.487912,0.134000
XZ,-0.5000,0.5172,-0.5000,-0.3103,0.488554,0.128000
XZ,-0.5000,0.5172,-0.5000,-0.2414,0.489179,0.120000
XZ,-0.5000,0.5172,-0.5000,-0.1724,0.489787,0.127000
XZ,-0.5000,0.5172,-0.5000,-0.1034,0.490375,0.112000
XZ,-0.5000,0.5172,-0.5000,-0.0345,0.490942,0.120000
XZ,-0.5000,0.5172,-0.5000,0.0345,0.491485,0.123000
XZ,-0.5000,0.5172,-0.5000,0.1034,0.492005,0.137000
XZ,-0.5000,0.5172,-0.5000,0.1724,0.492500,0.115000
XZ,-0.5000,0.5172,-0.5000,0.2414,0.492970,0.137000
XZ,-0.5000,0.5172,-0.5000,0.3103,0.493413,0.127000
XZ,-0.5000,0.5172,-0.5000,0.3793,0.493829,0.154000
XZ,-0.5000,0.5172,-0.5000,0.4483,0.494218,0.116000
XZ,-0.5000,0.5172,-0.5000,0.5172,0.494581,0.143000
XZ,-0.5000,0.5172,-0.5000,0.5862,0.494916,0.150000
XZ,-0.5000,0.5172,-0.5000,0.6552,0.495225,0.146000
XZ,-0.5000,0.5172,-0.5000,0.7241,0.495508,0.142000
XZ,-0.5000,0.5172,-0.5000,0.7931,0.495765,0.163000
XZ,-0.5000,0.5172,-0.5000,0.8621,0.495998,0.138000
XZ,-0.5000,0.5172,-0.5000,0.9310,0.496206,0.141000
XZ,-0.5000,0.5172,-0.5000,1.0000,0.496392,0.142000
XZ,-0.5000,0.5862,-0.5000,-1.0000,0.550529,0.278000
XZ,-0.5000,0.5862,-0.5000,-0.9310,0.550404,0.273000
XZ,-0.5000,0.5862,-0.5000,-0.8621,0.550242,0.273000
XZ,-0.5000,0.5862,-0.5000,-0.7931,0.550044,0.281000
XZ,-0.5000,0.5862,-0.5000,-0.7241,0.549811,0.280000
XZ,-0.5000,0.5862,-0.5000,-0.6552,0.549542,0.268000
XZ,-0.5000,0.5862,-0.5000,-0.5862,0.549237,0.240000
XZ,-0.5000,0.5862,-0.5000,-0.5172,0.548898,0.247000
XZ,-0.5000,0.5862,-0.5000,-0.4483,0.548524,0.299000
XZ,-0.5000,0.5862,-0.5000,-0.3793,0.548117,0.260000
XZ,-0.5000,0.5862,-0.5000,-0.3103,0.547678,0.262000
XZ,-0.5000,0.5862,-0.5000,-0.2414,0.547206,0.273000
XZ,-0.5000,0.5862,-0.5000,-0.1724,0.546704,0.293000
XZ,-0.5000,0.5862,-0.5000,-0.1034,0.546173,0.278000
XZ,-0.5000,0.5862,-0.5000,-0.0345,0.545613,0.287000
XZ,-0.5000,0.5862,-0.5000,0.0345,0.545026,0.275000
XZ,-0.5000,0.5862,-0.5000,0.1034,0.544415,0.259000
XZ,-0.5000,0.5862,-0.5000,0.1724,0.543779,0.251000
XZ,-0.5000,0.5862,-0.5000,0.2414,0.543121,0.265000
XZ,-0.5000,0.5862,-0.5000,0.3103,0.542443,0.287000
XZ,-0.5000,0.5862,-0.5000,0.3793,0.541746,0.279000
XZ,-0.5000,0.5862,-0.5000,0.4483,0.541032,0.275000
XZ,-0.5000,0.5862,-0.5000,0.5172,0.540303,0.301000
XZ,-0.5000,0.5862,-0.5000,0.5862,0.539560,0.267000
XZ,-0.5000,0.5862,-0.5000,0.6552,0.538806,0.266000
XZ,-0.5000,0.5862,-0.5000,0.7241,0.538043,0.292000
XZ,-0.5000,0.5862,-0.5000,0.7931,0.537271,0.296000
XZ,-0.5000,0.5862,-0.5000,0.8621,0.536494,0.278000
XZ,-0.5000,0.5862,-0.5000,0.9310,0.535712,0.291000
XZ,-0.5000,0.5862,-0.5000,1.0000,0.534927,0.279000
XZ,-0.5000,0.6552,-0.5000,-1.0000,0.575635,0.326000
XZ,-0.5000,0.6552,-0.5000,-0.9310,0.574904,0.297000
XZ,-0.5000,0.6552,-0.5000,-0.8621,0.574112,0.350000
XZ,-0.5000,0.6552,-0.5000,-0.7931,0.573260,0.339000
XZ,-0.5000,0.6552,-0.5000,-0.7241,0.572353,0.338000
XZ,-0.5000,0.6552,-0.5000,-0.6552,0.571391,0.339000
XZ,-0.5000,0.6552,-0.5000,-0.5862,0.570378,0.355000
XZ,-0.5000,0.6552,-0.5000,-0.5172,0.569316,0.332000
XZ,-0.5000,0.6552,-0.5000,-0.4483,0.568210,0.342000
XZ,-0.5000,0.6552,-0.5000,-0.3793,0.567060,0.345000
XZ,-0.5000,0.6552,-0.5000,-0.3103,0.565872,0.352000
XZ,-0.5000,0.6552,-0.5000,-0.2414,0.564647,0.369000
XZ,-0.5000,0.6552,-0.5000,-0.1724,0.563390,0.345000
XZ,-0.5000,0.6552,-0.5000,-0.1034,0.562103,0.365000
XZ,-0.5000,0.6552,-0.5000,-0.0345,0.560790,0.365000
XZ,-0.5000,0.6552,-0.5000,0.0345,0.559453,0.355000
XZ,-0.5000,0.6552,-0.5000,0.1034,0.558097,0.350000
XZ,-0.5000,0.6552,-0.5000,0.1724,0.556725,0.366000
XZ,-0.5000,0.6552,-0.5000,0.2414,0.555340,0.372000
XZ,-0.5000,0.6552,-0.5000,0.3103,0.553944,0.326000
XZ,-0.5000,0.6552,-0.5000,0.3793,0.552543,0.364000
XZ,-0.5000,0.6552,-0.5000,0.4483,0.551137,0.355000
XZ,-0.5000,0.6552,-0.5000,0.5172,0.549731,0.380000
XZ,-0.5000,0.6552,-0.5000,0.5862,0.548327,0.349000
XZ,-0.5000,0.6552,-0.5000,0.6552,0.546928,0.351000
XZ,-0.5000,0.6552,-0.5000,0.7241,0.545537,0.376000
XZ,-0.5000,0.6552,-0.5000,0.7931,0.544156,0.364000
XZ,-0.5000,0.6552,-0.5000,0.8621,0.542788,0.361000
XZ,-0.5000,0.6552,-0.5000,0.9310,0.541435,0.363000
XZ,-0.5000,0.6552,-0.5000,1.0000,0.540098,0.373000
XZ,-0.5000,0.7241,-0.5000,-1.0000,0.558885,0.285000
XZ,-0.5000,0.7241,-0.5000,-0.9310,0.557642,0.305000
XZ,-0.5000,0.7241,-0.5000,-0.8621,0.556345,0.310000
XZ,-0.5000,0.7241,-0.5000,-0.7931,0.554998,0.317000
XZ,-0.5000,0.7241,-0.5000,-0.7241,0.553603,0.308000
XZ,-0.5000,0.7241,-0.5000,-0.6552,0.552166,0.312000
XZ,-0.5000,0.7241,-0.5000,-0.5862,0.550690,0.311000
XZ,-0.5000,0.7241,-0.5000,-0.5172,0.549179,0.333000
XZ,-0.5000,0.7241,-0.5000,-0.4483,0.547638,0.363000
XZ,-0.5000,0.7241,-0.5000,-0.3793,0.546071,0.334000
XZ,-0.5000,0.7241,-0.5000,-0.3103,0.544481,0.344000
XZ,-0.5000,0.7241,-0.5000,-0.2414,0.542874,0.336000
XZ,-0.5000,0.7241,-0.5000,-0.1724,0.541253,0.348000
XZ,-0.5000,0.7241,-0.5000,-0.1034,0.539622,0.348000
XZ,-0.5000,0.7241,-0.5000,-0.0345,0.537986,0.378000
XZ,-0.5000,0.7241,-0.5000,0.0345,0.536348,0.361000
XZ,-0.5000,0.7241,-0.5000,0.1034,0.534713,0.348000
XZ,-0.5000,0.7241,-0.5000,0.1724,0.533084,0.375000
XZ,-0.5000,0.7241,-0.5000,0.2414,0.531465,0.365000
XZ,-0.5000,0.7241,-0.5000,0.3103,0.529859,0.382000
XZ,-0.5000,0.7241,-0.5000,0.3793,0.528270,0.373000
XZ,-0.5000,0.7241,-0.5000,0.4483,0.526701,0.370000
XZ,-0.5000,0.7241,-0.5000,0.5172,0.525155,0.402000
XZ,-0.5000,0.7241,-0.5000,0.5862,0.523635,0.386000
XZ,-0.5000,0.7241,-0.5000,0.6552,0.522143,0.368000
XZ,-0.5000,0.7241,-0.5000,0.7241,0.520683,0.381000
XZ,-0.5000,0.7241,-0.5000,0.7931,0.519256,0.375000
XZ,-0.5000,0.7241,-0.5000,0.8621,0.517864,0.369000
XZ,-0.5000,0.7241,-0.5000,0.9310,0.516510,0.395000
XZ,-0.5000,0.7241,-0.5000,1.0000,0.515194,0.396000
XZ,-0.5000,0.7931,-0.5000,-1.0000,0.522810,0.236000
XZ,-0.5000,0.7931,-0.5000,-0.9310,0.521342,0.199000
XZ,-0.5000,0.7931,-0.5000,-0.8621,0.519848,0.195000
XZ,-0.5000,0.7931,-0.5000,-0.7931,0.518333,0.226000
XZ,-0.5000,0.7931,-0.5000,-0.7241,0.516801,0.214000
XZ,-0.5000,0.7931,-0.5000,-0.6552,0.515257,0.218000
XZ,-0.5000,0.7931,-0.5000,-0.5862,0.513704,0.253000
XZ,-0.5000,0.7931,-0.5000,-0.5172,0.512147,0.258000
XZ,-0.5000,0.7931,-0.5000,-0.4483,0.510590,0.251000
XZ,-0.5000,0.7931,-0.5000,-0.3793,0.509038,0.270000
XZ,-0.5000,0.7931,-0.5000,-0.3103,0.507495,0.249000
XZ,-0.5000,0.7931,-0.5000,-0.2414,0.505965,0.254000
XZ,-0.5000,0.7931,-0.5000,-0.1724,0.504451,0.274000
XZ,-0.5000,0.7931,-0.5000,-0.1034,0.502958,0.264000
XZ,-0.5000,0.7931,-0.5000,-0.0345,0.501489,0.243000
XZ,-0.5000,0.7931,-0.5000,0.0345,0.500048,0.263000
XZ,-0.5000,0.7931,-0.5000,0.1034,0.498639,0.291000
XZ,-0.5000,0.7931,-0.5000,0.1724,0.497263,0.284000
XZ,-0.5000,0.7931,-0.5000,0.2414,0.495926,0.292000
XZ,-0.5000,0.7931,-0.5000,0.3103,0.494628,0.278000
XZ,-0.5000,0.7931,-0.5000,0.3793,0.493373,0.250000
XZ,-0.5000,0.7931,-0.5000,0.4483,0.492164,0.295000
XZ,-0.5000,0.7931,-0.5000,0.5172,0.491001,0.278000
XZ,-0.5000,0.7931,-0.5000,0.5862,0.489888,0.304000
XZ,-0.5000,0.7931,-0.5000,0.6552,0.488824,0.301000
XZ,-0.5000,0.7931,-0.5000,0.7241,0.487813,0.298000
XZ,-0.5000,0.7931,-0.5000,0.7931,0.486854,0.304000
XZ,-0.5000,0.7931,-0.5000,0.8621,0.485949,0.338000
XZ,-0.5000,0.7931,-0.5000,0.9310,0.485098,0.296000
XZ,-0.5000,0.7931,-0.5000,1.0000,0.484301,0.303000
XZ,-0.5000,0.8621,-0.5000,-1.0000,0.489727,0.117000
XZ,-0.5000,0.8621,-0.5000,-0.9310,0.488443,0.122000
XZ,-0.5000,0.8621,-0.5000,-0.8621,0.487170,0.121000
XZ,-0.5000,0.8621,-0.5000,-0.7931,0.485913,0.134000
XZ,-0.5000,0.8621,-0.5000,-0.7241,0.484675,0.126000
XZ,-0.5000,0.8621,-0.5000,-0.6552,0.483462,0.140000
XZ,-0.5000,0.8621,-0.5000,-0.5862,0.482276,0.123000
XZ,-0.5000,0.8621,-0.5000,-0.5172,0.481120,0.135000
XZ,-0.5000,0.8621,-0.5000,-0.4483,0.480000,0.141000
XZ,-0.5000,0.8621,-0.5000,-0.3793,0.478918,0.132000
XZ,-0.5000,0.8621,-0.5000,-0.3103,0.477877,0.131000
XZ,-0.5000,0.8621,-0.5000,-0.2414,0.476881,0.142000
XZ,-0.5000,0.8621,-0.5000,-0.1724,0.475932,0.142000
XZ,-0.5000,0.8621,-0.5000,-0.1034,0.475033,0.146000
XZ,-0.5000,0.8621,-0.5000,-0.0345,0.474187,0.142000
XZ,-0.5000,0.8621,-0.5000,0.0345,0.473394,0.163000
XZ,-0.5000,0.8621,-0.5000,0.1034,0.472657,0.161000
XZ,-0.5000,0.8621,-0.5000,0.1724,0.471978,0.149000
XZ,-0.5000,0.8621,-0.5000,0.2414,0.471358,0.170000
XZ,-0.5000,0.8621,-0.5000,0.3103,0.470797,0.149000
XZ,-0.5000,0.8621,-0.5000,0.3793,0.470296,0.154000
XZ,-0.5000,0.8621,-0.5000,0.4483,0.469855,0.160000
XZ,-0.5000,0.8621,-0.5000,0.5172,0.469475,0.161000
XZ,-0.5000,0.8621,-0.5000,0.5862,0.469154,0.156000
XZ,-0.5000,0.8621,-0.5000,0.6552,0.468893,0.168000
XZ,-0.5000,0.8621,-0.5000,0.7241,0.468690,0.172000
XZ,-0.5000,0.8621,-0.5000,0.7931,0.468544,0.182000
XZ,-0.5000,0.8621,-0.5000,0.8621,0.468454,0.180000
XZ,-0.5000,0.8621,-0.5000,0.9310,0.468418,0.212000
XZ,-0.5000,0.8621,-0.5000,1.0000,0.468433,0.211000
XZ,-0.5000,0.9310,-0.5000,-1.0000,0.474470,0.032000
XZ,-0.5000,0.9310,-0.5000,-0.9310,0.473874,0.050000
XZ,-0.5000,0.9310,-0.5000,-0.8621,0.473327,0.041000
XZ,-0.5000,0.9310,-0.5000,-0.7931,0.472831,0.047000
XZ,-0.5000,0.9310,-0.5000,-0.7241,0.472388,0.058000
XZ,-0.5000,0.9310,-0.5000,-0.6552,0.472001,0.053000
XZ,-0.5000,0.9310,-0.5000,-0.5862,0.471671,0.044000
XZ,-0.5000,0.9310,-0.5000,-0.5172,0.471400,0.050000
XZ,-0.5000,0.9310,-0.5000,-0.4483,0.471189,0.043000
XZ,-0.5000,0.9310,-0.5000,-0.3793,0.471037,0.039000
XZ,-0.5000,0.9310,-0.5000,-0.3103,0.470947,0.041000
XZ,-0.5000,0.9310,-0.5000,-0.2414,0.470917,0.047000
XZ,-0.5000,0.9310,-0.5000,-0.1724,0.470947,0.055000
XZ,-0.5000,0.9310,-0.5000,-0.1034,0.471036,0.049000
XZ,-0.5000,0.9310,-0.5000,-0.0345,0.471184,0.059000
XZ,-0.5000,0.9310,-0.5000,0.0345,0.471390,0.053000
XZ,-0.5000,0.9310,-0.5000,0.1034,0.471650,0.070000
XZ,-0.5000,0.9310,-0.5000,0.1724,0.471964,0.066000
XZ,-0.5000,0.9310,-0.5000,0.2414,0.472330,0.063000
XZ,-0.5000,0.9310,-0.5000,0.3103,0.472745,0.062000
XZ,-0.5000,0.9310,-0.5000,0.3793,0.473206,0.081000
XZ,-0.5000,0.9310,-0.5000,0.4483,0.473710,0.065000
XZ,-0.5000,0.9310,-0.5000,0.5172,0.474256,0.073000
XZ,-0.5000,0.9310,-0.5000,0.5862,0.474839,0.074000
XZ,-0.5000,0.9310,-0.5000,0.6552,0.475457,0.063000
XZ,-0.5000,0.9310,-0.5000,0.7241,0.476106,0.087000
XZ,-0.5000,0.9310,-0.5000,0.7931,0.476784,0.076000
XZ,-0.5000,0.9310,-0.5000,0.8621,0.477486,0.098000
XZ,-0.5000,0.9310,-0.5000,0.9310,0.478211,0.097000
XZ,-0.5000,0.9310,-0.5000,1.0000,0.478953,0.088000
XZ,-0.5000,1.0000,-0.5000,-1.0000,0.485957,0.011000
XZ,-0.5000,1.0000,-0.5000,-0.9310,0.486385,0.004000
XZ,-0.5000,1.0000,-0.5000,-0.8621,0.486858,0.010000
XZ,-0.5000,1.0000,-0.5000,-0.7931,0.487375,0.012000
XZ,-0.5000,1.0000,-0.5000,-0.7241,0.487935,0.005000
XZ,-0.5000,1.0000,-0.5000,-0.6552,0.488534,0.007000
XZ,-0.5000,1.0000,-0.5000,-0.5862,0.489172,0.013000
XZ,-0.5000,1.0000,-0.5000,-0.5172,0.489846,0.006000
XZ,-0.5000,1.0000,-0.5000,-0.4483,0.490553,0.016000
XZ,-0.5000,1.0000,-0.5000,-0.3793,0.491291,0.015000
XZ,-0.5000,1.0000,-0.5000,-0.3103,0.492057,0.012000
XZ,-0.5000,1.0000,-0.5000,-0.2414,0.492848,0.011000
XZ,-0.5000,1.0000,-0.5000,-0.1724,0.493662,0.015000
XZ,-0.5000,1.0000,-0.5000,-0.1034,0.494495,0.020000
XZ,-0.5000,1.0000,-0.5000,-0.0345,0.495344,0.018000
XZ,-0.5000,1.0000,-0.5000,0.0345,0.496207,0.010000
XZ,-0.5000,1.0000,-0.5000,0.1034,0.497081,0.017000
XZ,-0.5000,1.0000,-0.5000,0.1724,0.497962,0.012000
XZ,-0.5000,1.0000,-0.5000,0.2414,0.498847,0.027000
XZ,-0.5000,1.0000,-0.5000,0.3103,0.499734,0.018000
XZ,-0.5000,1.0000,-0.5000,0.3793,0.500620,0.019000
XZ,-0.5000,1.0000,-0.5000,0.4483,0.501502,0.022000
XZ,-0.5000,1.0000,-0.5000,0.5172,0.502377,0.022000
XZ,-0.5000,1.0000,-0.5000,0.5862,0.503242,0.023000
XZ,-0.5000,1.0000,-0.5000,0.6552,0.504096,0.027000
XZ,-0.5000,1.0000,-0.5000,0.7241,0.504934,0.023000
XZ,-0.5000,1.0000,-0.5000,0.7931,0.505756,0.016000
XZ,-0.5000,1.0000,-0.5000,0.8621,0.506559,0.031000
XZ,-0.5000,1.0000,-0.5000,0.9310,0.507341,0.026000
XZ,-0.5000,1.0000,-0.5000,1.0000,0.508099,0.033000
XZ,0.0000,-1.0000,0.0000,-1.0000,0.266683,0.077000
XZ,0.0000,-1.0000,0.0000,-0.9310,0.263214,0.087000
XZ,0.0000,-1.0000,0.0000,-0.8621,0.259730,0.097000
XZ,0.0000,-1.0000,0.0000,-0.7931,0.256240,0.116000
XZ,0.0000,-1.0000,0.0000,-0.7241,0.252756,0.097000
XZ,0.0000,-1.0000,0.0000,-0.6552,0.249288,0.103000
XZ,0.0000,-1.0000,0.0000,-0.5862,0.245847,0.101000
XZ,0.0000,-1.0000,0.0000,-0.5172,0.242445,0.108000
XZ,0.0000,-1.0000,0.0000,-0.4483,0.239092,0.102000
XZ,0.0000,-1.0000,0.0000,-0.3793,0.235802,0.114000
XZ,0.0000,-1.0000,0.0000,-0.3103,0.232586,0.120000
XZ,0.0000,-1.0000,0.0000,-0.2414,0.229455,0.130000
XZ,0.0000,-1.0000,0.0000,-0.1724,0.226423,0.128000
XZ,0.0000,-1.0000,0.0000,-0.1034,0.223502,0.130000
XZ,0.0000,-1.0000,0.0000,-0.0345,0.220706,0.155000
XZ,0.0000,-1.0000,0.0000,0.0345,0.218049,0.128000
XZ,0.0000,-1.0000,0.0000,0.1034,0.215545,0.131000
XZ,0.0000,-1.0000,0.0000,0.1724,0.213209,0.147000
XZ,0.0000,-1.0000,0.0000,0.2414,0.211057,0.128000
XZ,0.0000,-1.0000,0.0000,0.3103,0.209104,0.139000
XZ,0.0000,-1.0000,0.0000,0.3793,0.207368,0.139000
XZ,0.0000,-1.0000,0.0000,0.4483,0.205865,0.169000
XZ,0.0000,-1.0000,0.0000,0.5172,0.204613,0.142000
XZ,0.0000,-1.0000,0.0000,0.5862,0.203629,0.144000
XZ,0.0000,-1.0000,0.0000,0.6552,0.202930,0.138000
XZ,0.0000,-1.0000,0.0000,0.7241,0.202530,0.151000
XZ,0.0000,-1.0000,0.0000,0.7931,0.202446,0.146000
XZ,0.0000,-1.0000,0.0000,0.8621,0.202689,0.153000
XZ,0.0000,-1.0000,0.0000,0.9310,0.203267,0.149000
XZ,0.0000,-1.0000,0.0000,1.0000,0.204189,0.149000
XZ,0.0000,-0.9310,0.0000,-1.0000,0.358939,0.037000
XZ,0.0000,-0.9310,0.0000,-0.9310,0.355236,0.036000
XZ,0.0000,-0.9310,0.0000,-0.8621,0.351413,0.034000
XZ,0.0000,-0.9310,0.0000,-0.7931,0.347483,0.034000
XZ,0.0000,-0.9310,0.0000,-0.7241,0.343455,0.030000
XZ,0.0000,-0.9310,0.0000,-0.6552,0.339341,0.026000
XZ,0.0000,-0.9310,0.0000,-0.5862,0.335152,0.024000
XZ,0.0000,-0.9310,0.0000,-0.5172,0.330898,0.036000
XZ,0.0000,-0.9310,0.0000,-0.4483,0.326590,0.033000
XZ,0.0000,-0.9310,0.0000,-0.3793,0.322241,0.036000
XZ,0.0000,-0.9310,0.0000,-0.3103,0.317860,0.044000
XZ,0.0000,-0.9310,0.0000,-0.2414,0.313460,0.037000
XZ,0.0000,-0.9310,0.0000,-0.1724,0.309051,0.035000
XZ,0.0000,-0.9310,0.0000,-0.1034,0.304645,0.035000
XZ,0.0000,-0.9310,0.0000,-0.0345,0.300254,0.048000
XZ,0.0000,-0.9310,0.0000,0.0345,0.295890,0.028000
XZ,0.0000,-0.9310,0.0000,0.1034,0.291564,0.040000
XZ,0.0000,-0.9310,0.0000,0.1724,0.287287,0.053000
XZ,0.0000,-0.9310,0.0000,0.2414,0.283074,0.045000
XZ,0.0000,-0.9310,0.0000,0.3103,0.278936,0.058000
XZ,0.0000,-0.9310,0.0000,0.3793,0.274885,0.045000
XZ,0.0000,-0.9310,0.0000,0.4483,0.270937,0.053000
XZ,0.0000,-0.9310,0.0000,0.5172,0.267104,0.052000
XZ,0.0000,-0.9310,0.0000,0.5862,0.263402,0.057000
XZ,0.0000,-0.9310,0.0000,0.6552,0.259846,0.057000
XZ,0.0000,-0.9310,0.0000,0.7241,0.256452,0.056000
XZ,0.0000,-0.9310,0.0000,0.7931,0.253238,0.071000
XZ,0.0000,-0.9310,0.0000,0.8621,0.250222,0.081000
XZ,0.0000,-0.9310,0.0000,0.9310,0.247424,0.064000
XZ,0.0000,-0.9310,0.0000,1.0000,0.244865,0.069000
XZ,0.0000,-0.8621,0.0000,-1.0000,0.428543,0.011000
XZ,0.0000,-0.8621,0.0000,-0.9310,0.425176,0.009000
XZ,0.0000,-0.8621,0.0000,-0.8621,0.421632,0.010000
XZ,0.0000,-0.8621,0.0000,-0.7931,0.417920,0.006000
XZ,0.0000,-0.8621,0.0000,-0.7241,0.414049,0.009000
XZ,0.0000,-0.8621,0.0000,-0.6552,0.410028,0.018000
XZ,0.0000,-0.8621,0.0000,-0.5862,0.405867,0.011000
XZ,0.0000,-0.8621,0.0000,-0.5172,0.401574,0.021000
XZ,0.0000,-0.8621,0.0000,-0.4483,0.397160,0.022000
XZ,0.0000,-0.8621,0.0000,-0.3793,0.392635,0.027000
XZ,0.0000,-0.8621,0.0000,-0.3103,0.388009,0.025000
XZ,0.0000,-0.8621,0.0000,-0.2414,0.383292,0.039000
XZ,0.0000,-0.8621,0.0000,-0.1724,0.378494,0.040000
XZ,0.0000,-0.8621,0.0000,-0.1034,0.373625,0.036000
XZ,0.0000,-0.8621,0.0000,-0.0345,0.368697,0.048000
XZ,0.0000,-0.8621,0.0000,0.0345,0.363719,0.054000
XZ,0.0000,-0.8621,0.0000,0.1034,0.358702,0.052000
XZ,0.0000,-0.8621,0.0000,0.1724,0.353658,0.057000
XZ,0.0000,-0.8621,0.0000,0.2414,0.348596,0.072000
XZ,0.0000,-0.8621,0.0000,0.3103,0.343529,0.079000
XZ,0.0000,-0.8621,0.0000,0.3793,0.338468,0.095000
XZ,0.0000,-0.8621,0.0000,0.4483,0.333424,0.083000
XZ,0.0000,-0.8621,0.0000,0.5172,0.328410,0.103000
XZ,0.0000,-0.8621,0.0000,0.5862,0.323438,0.137000
XZ,0.0000,-0.8621,0.0000,0.6552,0.318521,0.125000
XZ,0.0000,-0.8621,0.0000,0.7241,0.313673,0.123000
XZ,0.0000,-0.8621,0.0000,0.7931,0.308910,0.124000
XZ,0.0000,-0.8621,0.0000,0.8621,0.304247,0.146000
XZ,0.0000,-0.8621,0.0000,0.9310,0.299704,0.168000
XZ,0.0000,-0.8621,0.0000,1.0000,0.295300,0.166000
XZ,0.0000,-0.7931,0.0000,-1.0000,0.449011,0.010000
XZ,0.0000,-0.7931,0.0000,-0.9310,0.446918,0.017000
XZ,0.0000,-0.7931,0.0000,-0.8621,0.444627,0.023000
XZ,0.0000,-0.7931,0.0000,-0.7931,0.442140,0.027000
XZ,0.0000,-0.7931,0.0000,-0.7241,0.439458,0.028000
XZ,0.0000,-0.7931,0.0000,-0.6552,0.436588,0.038000
XZ,0.0000,-0.7931,0.0000,-0.5862,0.433534,0.047000
XZ,0.0000,-0.7931,0.0000,-0.5172,0.430303,0.035000
XZ,0.0000,-0.7931,0.0000,-0.4483,0.426904,0.052000
XZ,0.0000,-0.7931,0.0000,-0.3793,0.423343,0.076000
XZ,0.0000,-0.7931,0.0000,-0.3103,0.419630,0.069000
XZ,0.0000,-0.7931,0.0000,-0.2414,0.415774,0.072000
XZ,0.0000,-0.7931,0.0000,-0.1724,0.411784,0.081000
XZ,0.0000,-0.7931,0.0000,-0.1034,0.407669,0.107000
XZ,0.0000,-0.7931,0.0000,-0.0345,0.403439,0.097000
XZ,0.0000,-0.7931,0.0000,0.0345,0.399105,0.115000
XZ,0.0000,-0.7931,0.0000,0.1034,0.394677,0.135000
XZ,0.0000,-0.7931,0.0000,0.1724,0.390164,0.144000
XZ,0.0000,-0.7931,0.0000,0.2414,0.385579,0.155000
XZ,0.0000,-0.7931,0.0000,0.3103,0.380931,0.175000
XZ,0.0000,-0.7931,0.0000,0.3793,0.376233,0.173000
XZ,0.0000,-0.7931,0.0000,0.4483,0.371496,0.193000
XZ,0.0000,-0.7931,0.0000,0.5172,0.366733,0.196000
XZ,0.0000,-0.7931,0.0000,0.5862,0.361956,0.257000
XZ,0.0000,-0.7931,0.0000,0.6552,0.357182,0.258000
XZ,0.0000,-0.7931,0.0000,0.7241,0.352427,0.273000
XZ,0.0000,-0.7931,0.0000,0.7931,0.347711,0.306000
XZ,0.0000,-0.7931,0.0000,0.8621,0.343059,0.292000
XZ,0.0000,-0.7931,0.0000,0.9310,0.338501,0.321000
XZ,0.0000,-0.7931,0.0000,1.0000,0.334078,0.326000
XZ,0.0000,-0.7241,0.0000,-1.0000,0.506990,0.043000
XZ,0.0000,-0.7241,0.0000,-0.9310,0.505319,0.050000
XZ,0.0000,-0.7241,0.0000,-0.8621,0.503493,0.053000
XZ,0.0000,-0.7241,0.0000,-0.7931,0.501518,0.040000
XZ,0.0000,-0.7241,0.0000,-0.7241,0.499401,0.054000
XZ,0.0000,-0.7241,0.0000,-0.6552,0.497147,0.061000
XZ,0.0000,-0.7241,0.0000,-0.5862,0.494765,0.055000
XZ,0.0000,-0.7241,0.0000,-0.5172,0.492261,0.084000
XZ,0.0000,-0.7241,0.0000,-0.4483,0.489642,0.076000
XZ,0.0000,-0.7241,0.0000,-0.3793,0.486916,0.095000
XZ,0.0000,-0.7241,0.0000,-0.3103,0.484090,0.085000
XZ,0.0000,-0.7241,0.0000,-0.2414,0.481174,0.098000
XZ,0.0000,-0.7241,0.0000,-0.1724,0.478175,0.104000
XZ,0.0000,-0.7241,0.0000,-0.1034,0.475102,0.117000
XZ,0.0000,-0.7241,0.0000,-0.0345,0.471965,0.136000
XZ,0.0000,-0.7241,0.0000,0.0345,0.468771,0.126000
XZ,0.0000,-0.7241,0.0000,0.1034,0.465531,0.152000
XZ,0.0000,-0.7241,0.0000,0.1724,0.462255,0.145000
XZ,0.0000,-0.7241,0.0000,0.2414,0.458951,0.181000
XZ,0.0000,-0.7241,0.0000,0.3103,0.455630,0.194000
XZ,0.0000,-0.7241,0.0000,0.3793,0.452302,0.184000
XZ,0.0000,-0.7241,0.0000,0.4483,0.448978,0.213000
XZ,0.0000,-0.7241,0.0000,0.5172,0.445666,0.218000
XZ,0.0000,-0.7241,0.0000,0.5862,0.442378,0.247000
XZ,0.0000,-0.7241,0.0000,0.6552,0.439123,0.251000
XZ,0.0000,-0.7241,0.0000,0.7241,0.435912,0.268000
XZ,0.0000,-0.7241,0.0000,0.7931,0.432756,0.258000
XZ,0.0000,-0.7241,0.0000,0.8621,0.429663,0.275000
XZ,0.0000,-0.7241,0.0000,0.9310,0.426644,0.328000
XZ,0.0000,-0.7241,0.0000,1.0000,0.423709,0.321000
XZ,0.0000,-0.6552,0.0000,-1.0000,0.526658,0.106000
XZ,0.0000,-0.6552,0.0000,-0.9310,0.526307,0.094000
XZ,0.0000,-0.6552,0.0000,-0.8621,0.525771,0.110000
XZ,0.0000,-0.6552,0.0000,-0.7931,0.525061,0.104000
XZ,0.0000,-0.6552,0.0000,-0.7241,0.524183,0.095000
XZ,0.0000,-0.6552,0.0000,-0.6552,0.523147,0.087000
XZ,0.0000,-0.6552,0.0000,-0.5862,0.521962,0.105000
XZ,0.0000,-0.6552,0.0000,-0.5172,0.520636,0.081000
XZ,0.0000,-0.6552,0.0000,-0.4483,0.519177,0.109000
XZ,0.0000,-0.6552,0.0000,-0.3793,0.517596,0.120000
XZ,0.0000,-0.6552,0.0000,-0.3103,0.515899,0.101000
XZ,0.0000,-0.6552,0.0000,-0.2414,0.514097,0.108000
XZ,0.0000,-0.6552,0.0000,-0.1724,0.512197,0.103000
XZ,0.0000,-0.6552,0.0000,-0.1034,0.510208,0.121000
XZ,0.0000,-0.6552,0.0000,-0.0345,0.508140,0.099000
XZ,0.0000,-0.6552,0.0000,0.0345,0.505999,0.109000
XZ,0.0000,-0.6552,0.0000,0.1034,0.503796,0.120000
XZ,0.0000,-0.6552,0.0000,0.1724,0.501537,0.099000
XZ,0.0000,-0.6552,0.0000,0.2414,0.499232,0.108000
XZ,0.0000,-0.6552,0.0000,0.3103,0.496888,0.138000
XZ,0.0000,-0.6552,0.0000,0.3793,0.494514,0.138000
XZ,0.0000,-0.6552,0.0000,0.4483,0.492117,0.140000
XZ,0.0000,-0.6552,0.0000,0.5172,0.489705,0.128000
XZ,0.0000,-0.6552,0.0000,0.5862,0.487287,0.142000
XZ,0.0000,-0.6552,0.0000,0.6552,0.484868,0.114000
XZ,0.0000,-0.6552,0.0000,0.7241,0.482457,0.168000
XZ,0.0000,-0.6552,0.0000,0.7931,0.480061,0.134000
XZ,0.0000,-0.6552,0.0000,0.8621,0.477686,0.171000
XZ,0.0000,-0.6552,0.0000,0.9310,0.475339,0.157000
XZ,0.0000,-0.6552,0.0000,1.0000,0.473027,0.160000
XZ,0.0000,-0.5862,0.0000,-1.0000,0.478018,0.134000
XZ,0.0000,-0.5862,0.0000,-0.9310,0.478731,0.127000
XZ,0.0000,-0.5862,0.0000,-0.8621,0.479296,0.149000
XZ,0.0000,-0.5862,0.0000,-0.7931,0.479717,0.144000
XZ,0.0000,-0.5862,0.0000,-0.7241,0.480002,0.116000
XZ,0.0000,-0.5862,0.0000,-0.6552,0.480157,0.146000
XZ,0.0000,-0.5862,0.0000,-0.5862,0.480189,0.122000
XZ,0.0000,-0.5862,0.0000,-0.5172,0.480104,0.108000
XZ,0.0000,-0.5862,0.0000,-0.4483,0.479909,0.112000
XZ,0.0000,-0.5862,0.0000,-0.3793,0.479611,0.128000
XZ,0.0000,-0.5862,0.0000,-0.3103,0.479216,0.136000
XZ,0.0000,-0.5862,0.0000,-0.2414,0.478732,0.127000
XZ,0.0000,-0.5862,0.0000,-0.1724,0.478165,0.107000
XZ,0.0000,-0.5862,0.0000,-0.1034,0.477521,0.110000
XZ,0.0000,-0.5862,0.0000,-0.0345,0.476808,0.105000
XZ,0.0000,-0.5862,0.0000,0.0345,0.476032,0.118000
XZ,0.0000,-0.5862,0.0000,0.1034,0.475200,0.124000
XZ,0.0000,-0.5862,0.0000,0.1724,0.474318,0.116000
XZ,0.0000,-0.5862,0.0000,0.2414,0.473392,0.092000
XZ,0.0000,-0.5862,0.0000,0.3103,0.472429,0.103000
XZ,0.0000,-0.5862,0.0000,0.3793,0.471435,0.105000
XZ,0.0000,-0.5862,0.0000,0.4483,0.470416,0.103000
XZ,0.0000,-0.5862,0.0000,0.5172,0.469377,0.098000
XZ,0.0000,-0.5862,0.0000,0.5862,0.468326,0.089000
XZ,0.0000,-0.5862,0.0000,0.6552,0.467267,0.094000
XZ,0.0000,-0.5862,0.0000,0.7241,0.466205,0.096000
XZ,0.0000,-0.5862,0.0000,0.7931,0.465147,0.083000
XZ,0.0000,-0.5862,0.0000,0.8621,0.464096,0.090000
XZ,0.0000,-0.5862,0.0000,0.9310,0.463059,0.091000
XZ,0.0000,-0.5862,0.0000,1.0000,0.462040,0.088000
XZ,0.0000,-0.5172,0.0000,-1.0000,0.390544,0.175000
XZ,0.0000,-0.5172,0.0000,-0.9310,0.391602,0.193000
XZ,0.0000,-0.5172,0.0000,-0.8621,0.392587,0.220000
XZ,0.0000,-0.5172,0.0000,-0.7931,0.393504,0.169000
XZ,0.0000,-0.5172,0.0000,-0.7241,0.394355,0.189000
XZ,0.0000,-0.5172,0.0000,-0.6552,0.395145,0.179000
XZ,0.0000,-0.5172,0.0000,-0.5862,0.395877,0.191000
XZ,0.0000,-0.5172,0.0000,-0.5172,0.396557,0.197000
XZ,0.0000,-0.5172,0.0000,-0.4483,0.397187,0.180000
XZ,0.0000,-0.5172,0.0000,-0.3793,0.397772,0.185000
XZ,0.0000,-0.5172,0.0000,-0.3103,0.398316,0.151000
XZ,0.0000,-0.5172,0.0000,-0.2414,0.398824,0.184000
XZ,0.0000,-0.5172,0.0000,-0.1724,0.399300,0.186000
XZ,0.0000,-0.5172,0.0000,-0.1034,0.399748,0.152000
XZ,0.0000,-0.5172,0.0000,-0.0345,0.400174,0.164000
XZ,0.0000,-0.5172,0.0000,0.0345,0.400580,0.155000
XZ,0.0000,-0.5172,0.0000,0.1034,0.400971,0.167000
XZ,0.0000,-0.5172,0.0000,0.1724,0.401352,0.166000
XZ,0.0000,-0.5172,0.0000,0.2414,0.401727,0.170000
XZ,0.0000,-0.5172,0.0000,0.3103,0.402100,0.175000
XZ,0.0000,-0.5172,0.0000,0.3793,0.402475,0.156000
XZ,0.0000,-0.5172,0.0000,0.4483,0.402855,0.147000
XZ,0.0000,-0.5172,0.0000,0.5172,0.403245,0.130000
XZ,0.0000,-0.5172,0.0000,0.5862,0.403649,0.153000
XZ,0.0000,-0.5172,0.0000,0.6552,0.404069,0.149000
XZ,0.0000,-0.5172,0.0000,0.7241,0.404510,0.128000
XZ,0.0000,-0.5172,0.0000,0.7931,0.404975,0.137000
XZ,0.0000,-0.5172,0.0000,0.8621,0.405467,0.143000
XZ,0.0000,-0.5172,0.0000,0.9310,0.405989,0.158000
XZ,0.0000,-0.5172,0.0000,1.0000,0.406544,0.138000
XZ,0.0000,-0.4483,0.0000,-1.0000,0.303265,0.302000
XZ,0.0000,-0.4483,0.0000,-0.9310,0.303777,0.284000
XZ,0.0000,-0.4483,0.0000,-0.8621,0.304305,0.296000
XZ,0.0000,-0.4483,0.0000,-0.7931,0.304852,0.247000
XZ,0.0000,-0.4483,0.0000,-0.7241,0.305418,0.303000
XZ,0.0000,-0.4483,0.0000,-0.6552,0.306007,0.250000
XZ,0.0000,-0.4483,0.0000,-0.5862,0.306620,0.295000
XZ,0.0000,-0.4483,0.0000,-0.5172,0.307260,0.276000
XZ,0.0000,-0.4483,0.0000,-0.4483,0.307930,0.278000
XZ,0.0000,-0.4483,0.0000,-0.3793,0.308631,0.266000
XZ,0.0000,-0.4483,0.0000,-0.3103,0.309368,0.259000
XZ,0.0000,-0.4483,0.0000,-0.2414,0.310142,0.256000
XZ,0.0000,-0.4483,0.0000,-0.1724,0.310955,0.258000
XZ,0.0000,-0.4483,0.0000,-0.1034,0.311811,0.248000
XZ,0.0000,-0.4483,0.0000,-0.0345,0.312713,0.246000
XZ,0.0000,-0.4483,0.0000,0.0345,0.313662,0.253000
XZ,0.0000,-0.4483,0.0000,0.1034,0.314662,0.235000
XZ,0.0000,-0.4483,0.0000,0.1724,0.315715,0.245000
XZ,0.0000,-0.4483,0.0000,0.2414,0.316823,0.223000
XZ,0.0000,-0.4483,0.0000,0.3103,0.317989,0.228000
XZ,0.0000,-0.4483,0.0000,0.3793,0.319214,0.253000
XZ,0.0000,-0.4483,0.0000,0.4483,0.320502,0.229000
XZ,0.0000,-0.4483,0.0000,0.5172,0.321854,0.232000
XZ,0.0000,-0.4483,0.0000,0.5862,0.323271,0.226000
XZ,0.0000,-0.4483,0.0000,0.6552,0.324756,0.237000
XZ,0.0000,-0.4483,0.0000,0.7241,0.326311,0.237000
XZ,0.0000,-0.4483,0.0000,0.7931,0.327936,0.263000
XZ,0.0000,-0.4483,0.0000,0.8621,0.329633,0.226000
XZ,0.0000,-0.4483,0.0000,0.9310,0.331403,0.245000
XZ,0.0000,-0.4483,0.0000,1.0000,0.333247,0.240000
XZ,0.0000,-0.3793,0.0000,-1.0000,0.253821,0.390000
XZ,0.0000,-0.3793,0.0000,-0.9310,0.252189,0.366000
XZ,0.0000,-0.3793,0.0000,-0.8621,0.250644,0.352000
XZ,0.0000,-0.3793,0.0000,-0.7931,0.249192,0.364000
XZ,0.0000,-0.3793,0.0000,-0.7241,0.247837,0.372000
XZ,0.0000,-0.3793,0.0000,-0.6552,0.246584,0.363000
XZ,0.0000,-0.3793,0.0000,-0.5862,0.245437,0.363000
XZ,0.0000,-0.3793,0.0000,-0.5172,0.244402,0.353000
XZ,0.0000,-0.3793,0.0000,-0.4483,0.243484,0.372000
XZ,0.0000,-0.3793,0.0000,-0.3793,0.242689,0.356000
XZ,0.0000,-0.3793,0.0000,-0.3103,0.242021,0.340000
XZ,0.0000,-0.3793,0.0000,-0.2414,0.241486,0.346000
XZ,0.0000,-0.3793,0.0000,-0.1724,0.241089,0.327000
XZ,0.0000,-0.3793,0.0000,-0.1034,0.240835,0.361000
XZ,0.0000,-0.3793,0.0000,-0.0345,0.240729,0.334000
XZ,0.0000,-0.3793,0.0000,0.0345,0.240774,0.325000
XZ,0.0000,-0.3793,0.0000,0.1034,0.240974,0.327000
XZ,0.0000,-0.3793,0.0000,0.1724,0.241334,0.314000
XZ,0.0000,-0.3793,0.0000,0.2414,0.241855,0.325000
XZ,0.0000,-0.3793,0.0000,0.3103,0.242541,0.335000
XZ,0.0000,-0.3793,0.0000,0.3793,0.243392,0.326000
XZ,0.0000,-0.3793,0.0000,0.4483,0.244410,0.316000
XZ,0.0000,-0.3793,0.0000,0.5172,0.245595,0.289000
XZ,0.0000,-0.3793,0.0000,0.5862,0.246948,0.347000
XZ,0.0000,-0.3793,0.0000,0.6552,0.248467,0.333000
XZ,0.0000,-0.3793,0.0000,0.7241,0.250151,0.296000
XZ,0.0000,-0.3793,0.0000,0.7931,0.252000,0.306000
XZ,0.0000,-0.3793,0.0000,0.8621,0.254009,0.302000
XZ,0.0000,-0.3793,0.0000,0.9310,0.256178,0.309000
XZ,0.0000,-0.3793,0.0000,1.0000,0.258503,0.322000
XZ,0.0000,-0.3103,0.0000,-1.0000,0.342363,0.434000
XZ,0.0000,-0.3103,0.0000,-0.9310,0.339401,0.416000
XZ,0.0000,-0.3103,0.0000,-0.8621,0.336424,0.440000
XZ,0.0000,-0.3103,0.0000,-0.7931,0.333433,0.437000
XZ,0.0000,-0.3103,0.0000,-0.7241,0.330429,0.427000
XZ,0.0000,-0.3103,0.0000,-0.6552,0.327412,0.423000
XZ,0.0000,-0.3103,0.0000,-0.5862,0.324382,0.427000
XZ,0.0000,-0.3103,0.0000,-0.5172,0.321341,0.398000
XZ,0.0000,-0.3103,0.0000,-0.4483,0.318289,0.410000
XZ,0.0000,-0.3103,0.0000,-0.3793,0.315227,0.419000
XZ,0.0000,-0.3103,0.0000,-0.3103,0.312156,0.420000
XZ,0.0000,-0.3103,0.0000,-0.2414,0.309076,0.429000
XZ,0.0000,-0.3103,0.0000,-0.1724,0.305988,0.431000
XZ,0.0000,-0.3103,0.0000,-0.1034,0.302894,0.404000
XZ,0.0000,-0.3103,0.0000,-0.0345,0.299793,0.406000
XZ,0.0000,-0.3103,0.0000,0.0345,0.296687,0.421000
XZ,0.0000,-0.3103,0.0000,0.1034,0.293576,0.425000
XZ,0.0000,-0.3103,0.0000,0.1724,0.290462,0.402000
XZ,0.0000,-0.3103,0.0000,0.2414,0.287346,0.395000
XZ,0.0000,-0.3103,0.0000,0.3103,0.284227,0.406000
XZ,0.0000,-0.3103,0.0000,0.3793,0.281108,0.427000
XZ,0.0000,-0.3103,0.0000,0.4483,0.277989,0.398000
XZ,0.0000,-0.3103,0.0000,0.5172,0.274871,0.414000
XZ,0.0000,-0.3103,0.0000,0.5862,0.271755,0.414000
XZ,0.0000,-0.3103,0.0000,0.6552,0.268642,0.398000
XZ,0.0000,-0.3103,0.0000,0.7241,0.265534,0.435000
XZ,0.0000,-0.3103,0.0000,0.7931,0.262431,0.411000
XZ,0.0000,-0.3103,0.0000,0.8621,0.259334,0.412000
XZ,0.0000,-0.3103,0.0000,0.9310,0.256246,0.406000
XZ,0.0000,-0.3103,0.0000,1.0000,0.253167,0.396000
XZ,0.0000,-0.2414,0.0000,-1.0000,0.534328,0.467000
XZ,0.0000,-0.2414,0.0000,-0.9310,0.533112,0.492000
XZ,0.0000,-0.2414,0.0000,-0.8621,0.531825,0.475000
XZ,0.0000,-0.2414,0.0000,-0.7931,0.530467,0.479000
XZ,0.0000,-0.2414,0.0000,-0.7241,0.529038,0.497000
XZ,0.0000,-0.2414,0.0000,-0.6552,0.527539,0.504000
XZ,0.0000,-0.2414,0.0000,-0.5862,0.525969,0.500000
XZ,0.0000,-0.2414,0.0000,-0.5172,0.524329,0.480000
XZ,0.0000,-0.2414,0.0000,-0.4483,0.522619,0.488000
XZ,0.0000,-0.2414,0.0000,-0.3793,0.520839,0.500000
XZ,0.0000,-0.2414,0.0000,-0.3103,0.518990,0.535000
XZ,0.0000,-0.2414,0.0000,-0.2414,0.517072,0.507000
XZ,0.0000,-0.2414,0.0000,-0.1724,0.515085,0.498000
XZ,0.0000,-0.2414,0.0000,-0.1034,0.513030,0.504000
XZ,0.0000,-0.2414,0.0000,-0.0345,0.510907,0.499000
XZ,0.0000,-0.2414,0.0000,0.0345,0.508716,0.490000
XZ,0.0000,-0.2414,0.0000,0.1034,0.506459,0.539000
XZ,0.0000,-0.2414,0.0000,0.1724,0.504135,0.496000
XZ,0.0000,-0.2414,0.0000,0.2414,0.501745,0.531000
XZ,0.0000,-0.2414,0.0000,0.3103,0.499290,0.520000
XZ,0.0000,-0.2414,0.0000,0.3793,0.496771,0.505000
XZ,0.0000,-0.2414,0.0000,0.4483,0.494187,0.509000
XZ,0.0000,-0.2414,0.0000,0.5172,0.491540,0.484000
XZ,0.0000,-0.2414,0.0000,0.5862,0.488831,0.491000
XZ,0.0000,-0.2414,0.0000,0.6552,0.486059,0.509000
XZ,0.0000,-0.2414,0.0000,0.7241,0.483226,0.477000
XZ,0.0000,-0.2414,0.0000,0.7931,0.480333,0.465000
XZ,0.0000,-0.2414,0.0000,0.8621,0.477381,0.503000
XZ,0.0000,-0.2414,0.0000,0.9310,0.474369,0.487000
XZ,0.0000,-0.2414,0.0000,1.0000,0.471301,0.502000
XZ,0.0000,-0.1724,0.0000,-1.0000,0.736872,0.560000
XZ,0.0000,-0.1724,0.0000,-0.9310,0.737737,0.614000
XZ,0.0000,-0.1724,0.0000,-0.8621,0.738464,0.616000
XZ,0.0000,-0.1724,0.0000,-0.7931,0.739053,0.607000
XZ,0.0000,-0.1724,0.0000,-0.7241,0.739503,0.629000
XZ,0.0000,-0.1724,0.0000,-0.6552,0.739813,0.621000
XZ,0.0000,-0.1724,0.0000,-0.5862,0.739983,0.626000
XZ,0.0000,-0.1724,0.0000,-0.5172,0.740012,0.656000
XZ,0.0000,-0.1724,0.0000,-0.4483,0.739900,0.637000
XZ,0.0000,-0.1724,0.0000,-0.3793,0.739648,0.650000
XZ,0.0000,-0.1724,0.0000,-0.3103,0.739254,0.656000
XZ,0.0000,-0.1724,0.0000,-0.2414,0.738719,0.655000
XZ,0.0000,-0.1724,0.0000,-0.1724,0.738042,0.671000
XZ,0.0000,-0.1724,0.0000,-0.1034,0.737223,0.665000
XZ,0.0000,-0.1724,0.0000,-0.0345,0.736264,0.685000
XZ,0.0000,-0.1724,0.0000,0.0345,0.735163,0.644000
XZ,0.0000,-0.1724,0.0000,0.1034,0.733921,0.681000
XZ,0.0000,-0.1724,0.0000,0.1724,0.732538,0.672000
XZ,0.0000,-0.1724,0.0000,0.2414,0.731015,0.644000
XZ,0.0000,-0.1724,0.0000,0.3103,0.729351,0.663000
XZ,0.0000,-0.1724,0.0000,0.3793,0.727549,0.670000
XZ,0.0000,-0.1724,0.0000,0.4483,0.725606,0.647000
XZ,0.0000,-0.1724,0.0000,0.5172,0.723526,0.652000
XZ,0.0000,-0.1724,0.0000,0.5862,0.721307,0.675000
XZ,0.0000,-0.1724,0.0000,0.6552,0.718951,0.617000
XZ,0.0000,-0.1724,0.0000,0.7241,0.716459,0.647000
XZ,0.0000,-0.1724,0.0000,0.7931,0.713832,0.630000
XZ,0.0000,-0.1724,0.0000,0.8621,0.711069,0.636000
XZ,0.0000,-0.1724,0.0000,0.9310,0.708173,0.627000
XZ,0.0000,-0.1724,0.0000,1.0000,0.705145,0.632000
XZ,0.0000,-0.1034,0.0000,-1.0000,0.891052,0.755000
XZ,0.0000,-0.1034,0.0000,-0.9310,0.893536,0.765000
XZ,0.0000,-0.1034,0.0000,-0.8621,0.895831,0.761000
XZ,0.0000,-0.1034,0.0000,-0.7931,0.897934,0.779000
XZ,0.0000,-0.1034,0.0000,-0.7241,0.899845,0.798000
XZ,0.0000,-0.1034,0.0000,-0.6552,0.901562,0.809000
XZ,0.0000,-0.1034,0.0000,-0.5862,0.903086,0.825000
XZ,0.0000,-0.1034,0.0000,-0.5172,0.904416,0.833000
XZ,0.0000,-0.1034,0.0000,-0.4483,0.905549,0.839000
XZ,0.0000,-0.1034,0.0000,-0.3793,0.906487,0.832000
XZ,0.0000,-0.1034,0.0000,-0.3103,0.907229,0.840000
XZ,0.0000,-0.1034,0.0000,-0.2414,0.907774,0.859000
XZ,0.0000,-0.1034,0.0000,-0.1724,0.908121,0.860000
XZ,0.0000,-0.1034,0.0000,-0.1034,0.908272,0.842000
XZ,0.0000,-0.1034,0.0000,-0.0345,0.908225,0.840000
XZ,0.0000,-0.1034,0.0000,0.0345,0.907981,0.855000
XZ,0.0000,-0.1034,0.0000,0.1034,0.907540,0.859000
XZ,0.0000,-0.1034,0.0000,0.1724,0.906902,0.842000
XZ,0.0000,-0.1034,0.0000,0.2414,0.906067,0.859000
XZ,0.0000,-0.1034,0.0000,0.3103,0.905035,0.823000
XZ,0.0000,-0.1034,0.0000,0.3793,0.903808,0.835000
XZ,0.0000,-0.1034,0.0000,0.4483,0.902385,0.843000
XZ,0.0000,-0.1034,0.0000,0.5172,0.900768,0.840000
XZ,0.0000,-0.1034,0.0000,0.5862,0.898956,0.838000
XZ,0.0000,-0.1034,0.0000,0.6552,0.896952,0.805000
XZ,0.0000,-0.1034,0.0000,0.7241,0.894755,0.797000
XZ,0.0000,-0.1034,0.0000,0.7931,0.892367,0.811000
XZ,0.0000,-0.1034,0.0000,0.8621,0.889790,0.806000
XZ,0.0000,-0.1034,0.0000,0.9310,0.887023,0.815000
XZ,0.0000,-0.1034,0.0000,1.0000,0.884069,0.810000
XZ,0.0000,-0.0345,0.0000,-1.0000,0.966178,0.877000
XZ,0.0000,-0.0345,0.0000,-0.9310,0.969395,0.875000
XZ,0.0000,-0.0345,0.0000,-0.8621,0.972395,0.909000
XZ,0.0000,-0.0345,0.0000,-0.7931,0.975176,0.921000
XZ,0.0000,-0.0345,0.0000,-0.7241,0.977737,0.924000
XZ,0.0000,-0.0345,0.0000,-0.6552,0.980077,0.946000
XZ,0.0000,-0.0345,0.0000,-0.5862,0.982195,0.952000
XZ,0.0000,-0.0345,0.0000,-0.5172,0.984089,0.966000
XZ,0.0000,-0.0345,0.0000,-0.4483,0.985760,0.957000
XZ,0.0000,-0.0345,0.0000,-0.3793,0.987206,0.965000
XZ,0.0000,-0.0345,0.0000,-0.3103,0.988427,0.967000
XZ,0.0000,-0.0345,0.0000,-0.2414,0.989423,0.977000
XZ,0.0000,-0.0345,0.0000,-0.1724,0.990192,0.978000
XZ,0.0000,-0.0345,0.0000,-0.1034,0.990735,0.985000
XZ,0.0000,-0.0345,0.0000,-0.0345,0.991051,0.983000
XZ,0.0000,-0.0345,0.0000,0.0345,0.991140,0.978000
XZ,0.0000,-0.0345,0.0000,0.1034,0.991003,0.980000
XZ,0.0000,-0.0345,0.0000,0.1724,0.990639,0.981000
XZ,0.0000,-0.0345,0.0000,0.2414,0.990049,0.984000
XZ,0.0000,-0.0345,0.0000,0.3103,0.989233,0.976000
XZ,0.0000,-0.0345,0.0000,0.3793,0.988192,0.979000
XZ,0.0000,-0.0345,0.0000,0.4483,0.986925,0.971000
XZ,0.0000,-0.0345,0.0000,0.5172,0.985434,0.964000
XZ,0.0000,-0.0345,0.0000,0.5862,0.983720,0.953000
XZ,0.0000,-0.0345,0.0000,0.6552,0.981783,0.959000
XZ,0.0000,-0.0345,0.0000,0.7241,0.979624,0.933000
XZ,0.0000,-0.0345,0.0000,0.7931,0.977245,0.924000
XZ,0.0000,-0.0345,0.0000,0.8621,0.974646,0.920000
XZ,0.0000,-0.0345,0.0000,0.9310,0.971829,0.917000
XZ,0.0000,-0.0345,0.0000,1.0000,0.968795,0.912000
XZ,0.0000,0.0345,0.0000,-1.0000,0.967230,0.868000
XZ,0.0000,0.0345,0.0000,-0.9310,0.970465,0.886000
XZ,0.0000,0.0345,0.0000,-0.8621,0.973483,0.897000
XZ,0.0000,0.0345,0.0000,-0.7931,0.976283,0.921000
XZ,0.0000,0.0345,0.0000,-0.7241,0.978862,0.934000
XZ,0.0000,0.0345,0.0000,-0.6552,0.981221,0.942000
XZ,0.0000,0.0345,0.0000,-0.5862,0.983357,0.944000
XZ,0.0000,0.0345,0.0000,-0.5172,0.985270,0.949000
XZ,0.0000,0.0345,0.0000,-0.4483,0.986959,0.963000
XZ,0.0000,0.0345,0.0000,-0.3793,0.988423,0.959000
XZ,0.0000,0.0345,0.0000,-0.3103,0.989663,0.973000
XZ,0.0000,0.0345,0.0000,-0.2414,0.990676,0.984000
XZ,0.0000,0.0345,0.0000,-0.1724,0.991464,0.985000
XZ,0.0000,0.0345,0.0000,-0.1034,0.992025,0.982000
XZ,0.0000,0.0345,0.0000,-0.0345,0.992360,0.985000
XZ,0.0000,0.0345,0.0000,0.0345,0.992468,0.980000
XZ,0.0000,0.0345,0.0000,0.1034,0.992349,0.985000
XZ,0.0000,0.0345,0.0000,0.1724,0.992004,0.982000
XZ,0.0000,0.0345,0.0000,0.2414,0.991433,0.979000
XZ,0.0000,0.0345,0.0000,0.3103,0.990636,0.983000
XZ,0.0000,0.0345,0.0000,0.3793,0.989614,0.965000
XZ,0.0000,0.0345,0.0000,0.4483,0.988367,0.962000
XZ,0.0000,0.0345,0.0000,0.5172,0.986896,0.964000
XZ,0.0000,0.0345,0.0000,0.5862,0.985202,0.956000
XZ,0.0000,0.0345,0.0000,0.6552,0.983285,0.950000
XZ,0.0000,0.0345,0.0000,0.7241,0.981147,0.935000
XZ,0.0000,0.0345,0.0000,0.7931,0.978788,0.939000
XZ,0.0000,0.0345,0.0000,0.8621,0.976210,0.916000
XZ,0.0000,0.0345,0.0000,0.9310,0.973415,0.920000
XZ,0.0000,0.0345,0.0000,1.0000,0.970403,0.896000
XZ,0.0000,0.1034,0.0000,-1.0000,0.922869,0.765000
XZ,0.0000,0.1034,0.0000,-0.9310,0.925990,0.795000
XZ,0.0000,0.1034,0.0000,-0.8621,0.928922,0.776000
XZ,0.0000,0.1034,0.0000,-0.7931,0.931662,0.815000
XZ,0.0000,0.1034,0.0000,-0.7241,0.934211,0.834000
XZ,0.0000,0.1034,0.0000,-0.6552,0.936566,0.797000
XZ,0.0000,0.1034,0.0000,-0.5862,0.938728,0.838000
XZ,0.0000,0.1034,0.0000,-0.5172,0.940695,0.845000
XZ,0.0000,0.1034,0.0000,-0.4483,0.942467,0.816000
XZ,0.0000,0.1034,0.0000,-0.3793,0.944044,0.836000
XZ,0.0000,0.1034,0.0000,-0.3103,0.945425,0.840000
XZ,0.0000,0.1034,0.0000,-0.2414,0.946610,0.847000
XZ,0.0000,0.1034,0.0000,-0.1724,0.947599,0.843000
XZ,0.0000,0.1034,0.0000,-0.1034,0.948391,0.857000
XZ,0.0000,0.1034,0.0000,-0.0345,0.948987,0.863000
XZ,0.0000,0.1034,0.0000,0.0345,0.949386,0.839000
XZ,0.0000,0.1034,0.0000,0.1034,0.949590,0.870000
XZ,0.0000,0.1034,0.0000,0.1724,0.949599,0.889000
XZ,0.0000,0.1034,0.0000,0.2414,0.949413,0.851000
XZ,0.0000,0.1034,0.0000,0.3103,0.949032,0.862000
XZ,0.0000,0.1034,0.0000,0.3793,0.948458,0.845000
XZ,0.0000,0.1034,0.0000,0.4483,0.947691,0.862000
XZ,0.0000,0.1034,0.0000,0.5172,0.946733,0.858000
XZ,0.0000,0.1034,0.0000,0.5862,0.945584,0.847000
XZ,0.0000,0.1034,0.0000,0.6552,0.944246,0.847000
XZ,0.0000,0.1034,0.0000,0.7241,0.942719,0.867000
XZ,0.0000,0.1034,0.0000,0.7931,0.941006,0.818000
XZ,0.0000,0.1034,0.0000,0.8621,0.939107,0.803000
XZ,0.0000,0.1034,0.0000,0.9310,0.937026,0.835000
XZ,0.0000,0.1034,0.0000,1.0000,0.934762,0.817000
XZ,0.0000,0.1724,0.0000,-1.0000,0.861158,0.588000
XZ,0.0000,0.1724,0.0000,-0.9310,0.864397,0.568000
XZ,0.0000,0.1724,0.0000,-0.8621,0.867492,0.596000
XZ,0.0000,0.1724,0.0000,-0.7931,0.870443,0.584000
XZ,0.0000,0.1724,0.0000,-0.7241,0.873249,0.599000
XZ,0.0000,0.1724,0.0000,-0.6552,0.875910,0.607000
XZ,0.0000,0.1724,0.0000,-0.5862,0.878424,0.609000
XZ,0.0000,0.1724,0.0000,-0.5172,0.880791,0.615000
XZ,0.0000,0.1724,0.0000,-0.4483,0.883011,0.643000
XZ,0.0000,0.1724,0.0000,-0.3793,0.885084,0.605000
XZ,0.0000,0.1724,0.0000,-0.3103,0.887009,0.643000
XZ,0.0000,0.1724,0.0000,-0.2414,0.888786,0.640000
XZ,0.0000,0.1724,0.0000,-0.1724,0.890415,0.643000
XZ,0.0000,0.1724,0.0000,-0.1034,0.891898,0.643000
XZ,0.0000,0.1724,0.0000,-0.0345,0.893232,0.656000
XZ,0.0000,0.1724,0.0000,0.0345,0.894420,0.666000
XZ,0.0000,0.1724,0.0000,0.1034,0.895461,0.655000
XZ,0.0000,0.1724,0.0000,0.1724,0.896356,0.666000
XZ,0.0000,0.1724,0.0000,0.2414,0.897105,0.668000
XZ,0.0000,0.1724,0.0000,0.3103,0.897710,0.676000
XZ,0.0000,0.1724,0.0000,0.3793,0.898170,0.698000
XZ,0.0000,0.1724,0.0000,0.4483,0.898488,0.658000
XZ,0.0000,0.1724,0.0000,0.5172,0.898665,0.678000
XZ,0.0000,0.1724,0.0000,0.5862,0.898700,0.677000
XZ,0.0000,0.1724,0.0000,0.6552,0.898596,0.652000
XZ,0.0000,0.1724,0.0000,0.7241,0.898353,0.660000
XZ,0.0000,0.1724,0.0000,0.7931,0.897975,0.642000
XZ,0.0000,0.1724,0.0000,0.8621,0.897461,0.639000
XZ,0.0000,0.1724,0.0000,0.9310,0.896814,0.652000
XZ,0.0000,0.1724,0.0000,1.0000,0.896036,0.660000
XZ,0.0000,0.2414,0.0000,-1.0000,0.795635,0.422000
XZ,0.0000,0.2414,0.0000,-0.9310,0.799050,0.391000
XZ,0.0000,0.2414,0.0000,-0.8621,0.802368,0.429000
XZ,0.0000,0.2414,0.0000,-0.7931,0.805590,0.411000
XZ,0.0000,0.2414,0.0000,-0.7241,0.808715,0.393000
XZ,0.0000,0.2414,0.0000,-0.6552,0.811741,0.391000
XZ,0.0000,0.2414,0.0000,-0.5862,0.814668,0.408000
XZ,0.0000,0.2414,0.0000,-0.5172,0.817496,0.428000
XZ,0.0000,0.2414,0.0000,-0.4483,0.820223,0.433000
XZ,0.0000,0.2414,0.0000,-0.3793,0.822850,0.460000
XZ,0.0000,0.2414,0.0000,-0.3103,0.825376,0.429000
XZ,0.0000,0.2414,0.0000,-0.2414,0.827800,0.451000
XZ,0.0000,0.2414,0.0000,-0.1724,0.830123,0.456000
XZ,0.0000,0.2414,0.0000,-0.1034,0.832345,0.438000
XZ,0.0000,0.2414,0.0000,-0.0345,0.834464,0.442000
XZ,0.0000,0.2414,0.0000,0.0345,0.836482,0.464000
XZ,0.0000,0.2414,0.0000,0.1034,0.838398,0.464000
XZ,0.0000,0.2414,0.0000,0.1724,0.840212,0.476000
XZ,0.0000,0.2414,0.0000,0.2414,0.841925,0.456000
XZ,0.0000,0.2414,0.0000,0.3103,0.843537,0.469000
XZ,0.0000,0.2414,0.0000,0.3793,0.845048,0.466000
XZ,0.0000,0.2414,0.0000,0.4483,0.846460,0.467000
XZ,0.0000,0.2414,0.0000,0.5172,0.847771,0.452000
XZ,0.0000,0.2414,0.0000,0.5862,0.848983,0.449000
XZ,0.0000,0.2414,0.0000,0.6552,0.850097,0.455000
XZ,0.0000,0.2414,0.0000,0.7241,0.851113,0.453000
XZ,0.0000,0.2414,0.0000,0.7931,0.852033,0.453000
XZ,0.0000,0.2414,0.0000,0.8621,0.852856,0.499000
XZ,0.0000,0.2414,0.0000,0.9310,0.853585,0.462000
XZ,0.0000,0.2414,0.0000,1.0000,0.854220,0.471000
XZ,0.0000,0.3103,0.0000,-1.0000,0.731567,0.250000
XZ,0.0000,0.3103,0.0000,-0.9310,0.734866,0.220000
XZ,0.0000,0.3103,0.0000,-0.8621,0.738105,0.249000
XZ,0.0000,0.3103,0.0000,-0.7931,0.741282,0.280000
XZ,0.0000,0.3103,0.0000,-0.7241,0.744398,0.246000
XZ,0.0000,0.3103,0.0000,-0.6552,0.747450,0.272000
XZ,0.0000,0.3103,0.0000,-0.5862,0.750439,0.265000
XZ,0.0000,0.3103,0.0000,-0.5172,0.753362,0.285000
XZ,0.0000,0.3103,0.0000,-0.4483,0.756220,0.279000
XZ,0.0000,0.3103,0.0000,-0.3793,0.759010,0.300000
XZ,0.0000,0.3103,0.0000,-0.3103,0.761733,0.273000
XZ,0.0000,0.3103,0.0000,-0.2414,0.764388,0.272000
XZ,0.0000,0.3103,0.0000,-0.1724,0.766974,0.286000
XZ,0.0000,0.3103,0.0000,-0.1034,0.769490,0.289000
XZ,0.0000,0.3103,0.0000,-0.0345,0.771936,0.310000
XZ,0.0000,0.3103,0.0000,0.0345,0.774312,0.286000
XZ,0.0000,0.3103,0.0000,0.1034,0.776616,0.324000
XZ,0.0000,0.3103,0.0000,0.1724,0.778849,0.286000
XZ,0.0000,0.3103,0.0000,0.2414,0.781011,0.285000
XZ,0.0000,0.3103,0.0000,0.3103,0.783100,0.327000
XZ,0.0000,0.3103,0.0000,0.3793,0.785117,0.324000
XZ,0.0000,0.3103,0.0000,0.4483,0.787062,0.331000
XZ,0.0000,0.3103,0.0000,0.5172,0.788934,0.318000
XZ,0.0000,0.3103,0.0000,0.5862,0.790734,0.275000
XZ,0.0000,0.3103,0.0000,0.6552,0.792461,0.283000
XZ,0.0000,0.3103,0.0000,0.7241,0.794116,0.344000
XZ,0.0000,0.3103,0.0000,0.7931,0.795698,0.305000
XZ,0.0000,0.3103,0.0000,0.8621,0.797208,0.315000
XZ,0.0000,0.3103,0.0000,0.9310,0.798647,0.317000
XZ,0.0000,0.3103,0.0000,1.0000,0.800013,0.300000
XZ,0.0000,0.3793,0.0000,-1.0000,0.676573,0.153000
XZ,0.0000,0.3793,0.0000,-0.9310,0.679289,0.167000
XZ,0.0000,0.3793,0.0000,-0.8621,0.681969,0.174000
XZ,0.0000,0.3793,0.0000,-0.7931,0.684611,0.169000
XZ,0.0000,0.3793,0.0000,-0.7241,0.687213,0.168000
XZ,0.0000,0.3793,0.0000,-0.6552,0.689776,0.187000
XZ,0.0000,0.3793,0.0000,-0.5862,0.692296,0.164000
XZ,0.0000,0.3793,0.0000,-0.5172,0.694774,0.164000
XZ,0.0000,0.3793,0.0000,-0.4483,0.697208,0.186000
XZ,0.0000,0.3793,0.0000,-0.3793,0.699597,0.178000
XZ,0.0000,0.3793,0.0000,-0.3103,0.701940,0.196000
XZ,0.0000,0.3793,0.0000,-0.2414,0.704237,0.177000
XZ,0.0000,0.3793,0.0000,-0.1724,0.706485,0.174000
XZ,0.0000,0.3793,0.0000,-0.1034,0.708684,0.199000
XZ,0.0000,0.3793,0.0000,-0.0345,0.710834,0.178000
XZ,0.0000,0.3793,0.0000,0.0345,0.712934,0.185000
XZ,0.0000,0.3793,0.0000,0.1034,0.714982,0.190000
XZ,0.0000,0.3793,0.0000,0.1724,0.716978,0.200000
XZ,0.0000,0.3793,0.0000,0.2414,0.718921,0.195000
XZ,0.0000,0.3793,0.0000,0.3103,0.720812,0.180000
XZ,0.0000,0.3793,0.0000,0.3793,0.722648,0.205000
XZ,0.0000,0.3793,0.0000,0.4483,0.724430,0.194000
XZ,0.0000,0.3793,0.0000,0.5172,0.726157,0.214000
XZ,0.0000,0.3793,0.0000,0.5862,0.727829,0.209000
XZ,0.0000,0.3793,0.0000,0.6552,0.729445,0.209000
XZ,0.0000,0.3793,0.0000,0.7241,0.731006,0.213000
XZ,0.0000,0.3793,0.0000,0.7931,0.732510,0.202000
XZ,0.0000,0.3793,0.0000,0.8621,0.733957,0.202000
XZ,0.0000,0.3793,0.0000,0.9310,0.735348,0.202000
XZ,0.0000,0.3793,0.0000,1.0000,0.736683,0.193000
XZ,0.0000,0.4483,0.0000,-1.0000,0.638733,0.093000
XZ,0.0000,0.4483,0.0000,-0.9310,0.640453,0.097000
XZ,0.0000,0.4483,0.0000,-0.8621,0.642153,0.105000
XZ,0.0000,0.4483,0.0000,-0.7931,0.643830,0.110000
XZ,0.0000,0.4483,0.0000,-0.7241,0.645486,0.109000
XZ,0.0000,0.4483,0.0000,-0.6552,0.647117,0.091000
XZ,0.0000,0.4483,0.0000,-0.5862,0.648724,0.100000
XZ,0.0000,0.4483,0.0000,-0.5172,0.650305,0.108000
XZ,0.0000,0.4483,0.0000,-0.4483,0.651859,0.096000
XZ,0.0000,0.4483,0.0000,-0.3793,0.653385,0.081000
XZ,0.0000,0.4483,0.0000,-0.3103,0.654883,0.114000
XZ,0.0000,0.4483,0.0000,-0.2414,0.656351,0.121000
XZ,0.0000,0.4483,0.0000,-0.1724,0.657788,0.087000
XZ,0.0000,0.4483,0.0000,-0.1034,0.659193,0.106000
XZ,0.0000,0.4483,0.0000,-0.0345,0.660566,0.109000
XZ,0.0000,0.4483,0.0000,0.0345,0.661905,0.119000
XZ,0.0000,0.4483,0.0000,0.1034,0.663209,0.132000
XZ,0.0000,0.4483,0.0000,0.1724,0.664478,0.111000
XZ,0.0000,0.4483,0.0000,0.2414,0.665710,0.104000
XZ,0.0000,0.4483,0.0000,0.3103,0.666905,0.129000
XZ,0.0000,0.4483,0.0000,0.3793,0.668063,0.126000
XZ,0.0000,0.4483,0.0000,0.4483,0.669181,0.106000
XZ,0.0000,0.4483,0.0000,0.5172,0.670261,0.122000
XZ,0.0000,0.4483,0.0000,0.5862,0.671300,0.120000
XZ,0.0000,0.4483,0.0000,0.6552,0.672299,0.129000
XZ,0.0000,0.4483,0.0000,0.7241,0.673256,0.139000
XZ,0.0000,0.4483,0.0000,0.7931,0.674172,0.114000
XZ,0.0000,0.4483,0.0000,0.8621,0.675046,0.127000
XZ,0.0000,0.4483,0.0000,0.9310,0.675877,0.130000
XZ,0.0000,0.4483,0.0000,1.0000,0.676666,0.133000
XZ,0.0000,0.5172,0.0000,-1.0000,0.612188,0.039000
XZ,0.0000,0.5172,0.0000,-0.9310,0.612832,0.034000
XZ,0.0000,0.5172,0.0000,-0.8621,0.613469,0.045000
XZ,0.0000,0.5172,0.0000,-0.7931,0.614099,0.040000
XZ,0.0000,0.5172,0.0000,-0.7241,0.614723,0.041000
XZ,0.0000,0.5172,0.0000,-0.6552,0.615339,0.039000
XZ,0.0000,0.5172,0.0000,-0.5862,0.615948,0.044000
XZ,0.0000,0.5172,0.0000,-0.5172,0.616549,0.043000
XZ,0.0000,0.5172,0.0000,-0.4483,0.617141,0.041000
XZ,0.0000,0.5172,0.0000,-0.3793,0.617725,0.038000
XZ,0.0000,0.5172,0.0000,-0.3103,0.618299,0.035000
XZ,0.0000,0.5172,0.0000,-0.2414,0.618862,0.033000
XZ,0.0000,0.5172,0.0000,-0.1724,0.619414,0.037000
XZ,0.0000,0.5172,0.0000,-0.1034,0.619955,0.050000
XZ,0.0000,0.5172,0.0000,-0.0345,0.620482,0.040000
XZ,0.0000,0.5172,0.0000,0.0345,0.620996,0.051000
XZ,0.0000,0.5172,0.0000,0.1034,0.621496,0.037000
XZ,0.0000,0.5172,0.0000,0.1724,0.621979,0.048000
XZ,0.0000,0.5172,0.0000,0.2414,0.622447,0.042000
XZ,0.0000,0.5172,0.0000,0.3103,0.622896,0.049000
XZ,0.0000,0.5172,0.0000,0.3793,0.623328,0.037000
XZ,0.0000,0.5172,0.0000,0.4483,0.623739,0.037000
XZ,0.0000,0.5172,0.0000,0.5172,0.624131,0.040000
XZ,0.0000,0.5172,0.0000,0.5862,0.624500,0.042000
XZ,0.0000,0.5172,0.0000,0.6552,0.624848,0.054000
XZ,0.0000,0.5172,0.0000,0.7241,0.625172,0.041000
XZ,0.0000,0.5172,0.0000,0.7931,0.625472,0.047000
XZ,0.0000,0.5172,0.0000,0.8621,0.625748,0.054000
XZ,0.0000,0.5172,0.0000,0.9310,0.625997,0.045000
XZ,0.0000,0.5172,0.0000,1.0000,0.626219,0.057000
XZ,0.0000,0.5862,0.0000,-1.0000,0.581087,0.007000
XZ,0.0000,0.5862,0.0000,-0.9310,0.580882,0.004000
XZ,0.0000,0.5862,0.0000,-0.8621,0.580691,0.005000
XZ,0.0000,0.5862,0.0000,-0.7931,0.580514,0.007000
XZ,0.0000,0.5862,0.0000,-0.7241,0.580354,0.006000
XZ,0.0000,0.5862,0.0000,-0.6552,0.580209,0.002000
XZ,0.0000,0.5862,0.0000,-0.5862,0.580081,0.006000
XZ,0.0000,0.5862,0.0000,-0.5172,0.579969,0.004000
XZ,0.0000,0.5862,0.0000,-0.4483,0.579875,0.005000
XZ,0.0000,0.5862,0.0000,-0.3793,0.579796,0.002000
XZ,0.0000,0.5862,0.0000,-0.3103,0.579735,0.008000
XZ,0.0000,0.5862,0.0000,-0.2414,0.579689,0.003000
XZ,0.0000,0.5862,0.0000,-0.1724,0.579659,0.007000
XZ,0.0000,0.5862,0.0000,-0.1034,0.579645,0.001000
XZ,0.0000,0.5862,0.0000,-0.0345,0.579645,0.000000
XZ,0.0000,0.5862,0.0000,0.0345,0.579658,0.008000
XZ,0.0000,0.5862,0.0000,0.1034,0.579684,0.001000
XZ,0.0000,0.5862,0.0000,0.1724,0.579722,0.005000
XZ,0.0000,0.5862,0.0000,0.2414,0.579771,0.004000
XZ,0.0000,0.5862,0.0000,0.3103,0.579830,0.001000
XZ,0.0000,0.5862,0.0000,0.3793,0.579897,0.003000
XZ,0.0000,0.5862,0.0000,0.4483,0.579971,0.003000
XZ,0.0000,0.5862,0.0000,0.5172,0.580051,0.005000
XZ,0.0000,0.5862,0.0000,0.5862,0.580135,0.002000
XZ,0.0000,0.5862,0.0000,0.6552,0.580223,0.004000
XZ,0.0000,0.5862,0.0000,0.7241,0.580312,0.004000
XZ,0.0000,0.5862,0.0000,0.7931,0.580401,0.004000
XZ,0.0000,0.5862,0.0000,0.8621,0.580489,0.005000
XZ,0.0000,0.5862,0.0000,0.9310,0.580575,0.007000
XZ,0.0000,0.5862,0.0000,1.0000,0.580656,0.006000
XZ,0.0000,0.6552,0.0000,-1.0000,0.542117,0.004000
XZ,0.0000,0.6552,0.0000,-0.9310,0.541448,0.002000
XZ,0.0000,0.6552,0.0000,-0.8621,0.540824,0.004000
XZ,0.0000,0.6552,0.0000,-0.7931,0.540245,0.002000
XZ,0.0000,0.6552,0.0000,-0.7241,0.539714,0.004000
XZ,0.0000,0.6552,0.0000,-0.6552,0.539230,0.005000
XZ,0.0000,0.6552,0.0000,-0.5862,0.538795,0.005000
XZ,0.0000,0.6552,0.0000,-0.5172,0.538407,0.009000
XZ,0.0000,0.6552,0.0000,-0.4483,0.538069,0.007000
XZ,0.0000,0.6552,0.0000,-0.3793,0.537778,0.006000
XZ,0.0000,0.6552,0.0000,-0.3103,0.537536,0.005000
XZ,0.0000,0.6552,0.0000,-0.2414,0.537342,0.009000
XZ,0.0000,0.6552,0.0000,-0.1724,0.537195,0.007000
XZ,0.0000,0.6552,0.0000,-0.1034,0.537094,0.009000
XZ,0.0000,0.6552,0.0000,-0.0345,0.537040,0.008000
XZ,0.0000,0.6552,0.0000,0.0345,0.537030,0.012000
XZ,0.0000,0.6552,0.0000,0.1034,0.537063,0.005000
XZ,0.0000,0.6552,0.0000,0.1724,0.537139,0.009000
XZ,0.0000,0.6552,0.0000,0.2414,0.537255,0.010000
XZ,0.0000,0.6552,0.0000,0.3103,0.537411,0.011000
XZ,0.0000,0.6552,0.0000,0.3793,0.537604,0.013000
XZ,0.0000,0.6552,0.0000,0.4483,0.537833,0.010000
XZ,0.0000,0.6552,0.0000,0.5172,0.538096,0.013000
XZ,0.0000,0.6552,0.0000,0.5862,0.538392,0.013000
XZ,0.0000,0.6552,0.0000,0.6552,0.538717,0.010000
XZ,0.0000,0.6552,0.0000,0.7241,0.539070,0.020000
XZ,0.0000,0.6552,0.0000,0.7931,0.539449,0.019000
XZ,0.0000,0.6552,0.0000,0.8621,0.539851,0.008000
XZ,0.0000,0.6552,0.0000,0.9310,0.540274,0.014000
XZ,0.0000,0.6552,0.0000,1.0000,0.540717,0.020000
XZ,0.0000,0.7241,0.0000,-1.0000,0.502916,0.008000
XZ,0.0000,0.7241,0.0000,-0.9310,0.502416,0.006000
XZ,0.0000,0.7241,0.0000,-0.8621,0.502011,0.006000
XZ,0.0000,0.7241,0.0000,-0.7931,0.501702,0.013000
XZ,0.0000,0.7241,0.0000,-0.7241,0.501487,0.013000
XZ,0.0000,0.7241,0.0000,-0.6552,0.501365,0.009000
XZ,0.0000,0.7241,0.0000,-0.5862,0.501334,0.012000
XZ,0.0000,0.7241,0.0000,-0.5172,0.501393,0.010000
XZ,0.0000,0.7241,0.0000,-0.4483,0.501539,0.018000
XZ,0.0000,0.7241,0.0000,-0.3793,0.501769,0.018000
XZ,0.0000,0.7241,0.0000,-0.3103,0.502082,0.023000
XZ,0.0000,0.7241,0.0000,-0.2414,0.502474,0.014000
XZ,0.0000,0.7241,0.0000,-0.1724,0.502943,0.028000
XZ,0.0000,0.7241,0.0000,-0.1034,0.503484,0.014000
XZ,0.0000,0.7241,0.0000,-0.0345,0.504096,0.020000
XZ,0.0000,0.7241,0.0000,0.0345,0.504774,0.026000
XZ,0.0000,0.7241,0.0000,0.1034,0.505515,0.026000
XZ,0.0000,0.7241,0.0000,0.1724,0.506316,0.017000
XZ,0.0000,0.7241,0.0000,0.2414,0.507174,0.032000
XZ,0.0000,0.7241,0.0000,0.3103,0.508084,0.029000
XZ,0.0000,0.7241,0.0000,0.3793,0.509043,0.030000
XZ,0.0000,0.7241,0.0000,0.4483,0.510048,0.032000
XZ,0.0000,0.7241,0.0000,0.5172,0.511096,0.027000
XZ,0.0000,0.7241,0.0000,0.5862,0.512182,0.030000
XZ,0.0000,0.7241,0.0000,0.6552,0.513304,0.027000
XZ,0.0000,0.7241,0.0000,0.7241,0.514458,0.028000
XZ,0.0000,0.7241,0.0000,0.7931,0.515641,0.030000
XZ,0.0000,0.7241,0.0000,0.8621,0.516850,0.041000
XZ,0.0000,0.7241,0.0000,0.9310,0.518081,0.042000
XZ,0.0000,0.7241,0.0000,1.0000,0.519331,0.029000
XZ,0.0000,0.7931,0.0000,-1.0000,0.478373,0.003000
XZ,0.0000,0.7931,0.0000,-0.9310,0.479607,0.002000
XZ,0.0000,0.7931,0.0000,-0.8621,0.480938,0.004000
XZ,0.0000,0.7931,0.0000,-0.7931,0.482353,0.006000
XZ,0.0000,0.7931,0.0000,-0.7241,0.483841,0.007000
XZ,0.0000,0.7931,0.0000,-0.6552,0.485394,0.006000
XZ,0.0000,0.7931,0.0000,-0.5862,0.487003,0.005000
XZ,0.0000,0.7931,0.0000,-0.5172,0.488663,0.010000
XZ,0.0000,0.7931,0.0000,-0.4483,0.490368,0.010000
XZ,0.0000,0.7931,0.0000,-0.3793,0.492113,0.012000
XZ,0.0000,0.7931,0.0000,-0.3103,0.493893,0.014000
XZ,0.0000,0.7931,0.0000,-0.2414,0.495705,0.011000
XZ,0.0000,0.7931,0.0000,-0.1724,0.497545,0.009000
XZ,0.0000,0.7931,0.0000,-0.1034,0.499409,0.013000
XZ,0.0000,0.7931,0.0000,-0.0345,0.501295,0.017000
XZ,0.0000,0.7931,0.0000,0.0345,0.503200,0.011000
XZ,0.0000,0.7931,0.0000,0.1034,0.505120,0.005000
XZ,0.0000,0.7931,0.0000,0.1724,0.507055,0.017000
XZ,0.0000,0.7931,0.0000,0.2414,0.509001,0.016000
XZ,0.0000,0.7931,0.0000,0.3103,0.510956,0.013000
XZ,0.0000,0.7931,0.0000,0.3793,0.512918,0.016000
XZ,0.0000,0.7931,0.0000,0.4483,0.514885,0.009000
XZ,0.0000,0.7931,0.0000,0.5172,0.516854,0.010000
XZ,0.0000,0.7931,0.0000,0.5862,0.518825,0.011000
XZ,0.0000,0.7931,0.0000,0.6552,0.520794,0.021000
XZ,0.0000,0.7931,0.0000,0.7241,0.522760,0.013000
XZ,0.0000,0.7931,0.0000,0.7931,0.524722,0.017000
XZ,0.0000,0.7931,0.0000,0.8621,0.526677,0.022000
XZ,0.0000,0.7931,0.0000,0.9310,0.528624,0.010000
XZ,0.0000,0.7931,0.0000,1.0000,0.530560,0.019000
XZ,0.0000,0.8621,0.0000,-1.0000,0.508222,0.001000
XZ,0.0000,0.8621,0.0000,-0.9310,0.510157,0.002000
XZ,0.0000,0.8621,0.0000,-0.8621,0.512125,0.002000
XZ,0.0000,0.8621,0.0000,-0.7931,0.514122,0.001000
XZ,0.0000,0.8621,0.0000,-0.7241,0.516144,0.002000
XZ,0.0000,0.8621,0.0000,-0.6552,0.518188,0.000000
XZ,0.0000,0.8621,0.0000,-0.5862,0.520250,0.000000
XZ,0.0000,0.8621,0.0000,-0.5172,0.522327,0.000000
XZ,0.0000,0.8621,0.0000,-0.4483,0.524417,0.000000
XZ,0.0000,0.8621,0.0000,-0.3793,0.526517,0.000000
XZ,0.0000,0.8621,0.0000,-0.3103,0.528625,0.000000
XZ,0.0000,0.8621,0.0000,-0.2414,0.530738,0.001000
XZ,0.0000,0.8621,0.0000,-0.1724,0.532854,0.000000
XZ,0.0000,0.8621,0.0000,-0.1034,0.534970,0.000000
XZ,0.0000,0.8621,0.0000,-0.0345,0.537085,0.000000
XZ,0.0000,0.8621,0.0000,0.0345,0.539198,0.000000
XZ,0.0000,0.8621,0.0000,0.1034,0.541305,0.001000
XZ,0.0000,0.8621,0.0000,0.1724,0.543405,0.002000
XZ,0.0000,0.8621,0.0000,0.2414,0.545496,0.000000
XZ,0.0000,0.8621,0.0000,0.3103,0.547577,0.002000
XZ,0.0000,0.8621,0.0000,0.3793,0.549646,0.000000
XZ,0.0000,0.8621,0.0000,0.4483,0.551701,0.002000
XZ,0.0000,0.8621,0.0000,0.5172,0.553741,0.001000
XZ,0.0000,0.8621,0.0000,0.5862,0.555765,0.003000
XZ,0.0000,0.8621,0.0000,0.6552,0.557770,0.001000
XZ,0.0000,0.8621,0.0000,0.7241,0.559756,0.004000
XZ,0.0000,0.8621,0.0000,0.7931,0.561721,0.003000
XZ,0.0000,0.8621,0.0000,0.8621,0.563664,0.003000
XZ,0.0000,0.8621,0.0000,0.9310,0.565583,0.001000
XZ,0.0000,0.8621,0.0000,1.0000,0.567478,0.000000
XZ,0.0000,0.9310,0.0000,-1.0000,0.555437,0.019000
XZ,0.0000,0.9310,0.0000,-0.9310,0.557213,0.023000
XZ,0.0000,0.9310,0.0000,-0.8621,0.559005,0.016000
XZ,0.0000,0.9310,0.0000,-0.7931,0.560812,0.025000
XZ,0.0000,0.9310,0.0000,-0.7241,0.562629,0.031000
XZ,0.0000,0.9310,0.0000,-0.6552,0.564453,0.021000
XZ,0.0000,0.9310,0.0000,-0.5862,0.566282,0.020000
XZ,0.0000,0.9310,0.0000,-0.5172,0.568112,0.024000
XZ,0.0000,0.9310,0.0000,-0.4483,0.569940,0.018000
XZ,0.0000,0.9310,0.0000,-0.3793,0.571765,0.024000
XZ,0.0000,0.9310,0.0000,-0.3103,0.573583,0.026000
XZ,0.0000,0.9310,0.0000,-0.2414,0.575393,0.026000
XZ,0.0000,0.9310,0.0000,-0.1724,0.577191,0.022000
XZ,0.0000,0.9310,0.0000,-0.1034,0.578977,0.022000
XZ,0.0000,0.9310,0.0000,-0.0345,0.580748,0.025000
XZ,0.0000,0.9310,0.0000,0.0345,0.582501,0.026000
XZ,0.0000,0.9310,0.0000,0.1034,0.584236,0.016000
XZ,0.0000,0.9310,0.0000,0.1724,0.585950,0.027000
XZ,0.0000,0.9310,0.0000,0.2414,0.587642,0.029000
XZ,0.0000,0.9310,0.0000,0.3103,0.589309,0.019000
XZ,0.0000,0.9310,0.0000,0.3793,0.590952,0.032000
XZ,0.0000,0.9310,0.0000,0.4483,0.592568,0.027000
XZ,0.0000,0.9310,0.0000,0.5172,0.594156,0.016000
XZ,0.0000,0.9310,0.0000,0.5862,0.595714,0.021000
XZ,0.0000,0.9310,0.0000,0.6552,0.597242,0.032000
XZ,0.0000,0.9310,0.0000,0.7241,0.598738,0.037000
XZ,0.0000,0.9310,0.0000,0.7931,0.600202,0.024000
XZ,0.0000,0.9310,0.0000,0.8621,0.601632,0.019000
XZ,0.0000,0.9310,0.0000,0.9310,0.603027,0.029000
XZ,0.0000,0.9310,0.0000,1.0000,0.604387,0.019000
XZ,0.0000,1.0000,0.0000,-1.0000,0.588052,0.073000
XZ,0.0000,1.0000,0.0000,-0.9310,0.589577,0.057000
XZ,0.0000,1.0000,0.0000,-0.8621,0.591088,0.067000
XZ,0.0000,1.0000,0.0000,-0.7931,0.592582,0.058000
XZ,0.0000,1.0000,0.0000,-0.7241,0.594058,0.078000
XZ,0.0000,1.0000,0.0000,-0.6552,0.595513,0.049000
XZ,0.0000,1.0000,0.0000,-0.5862,0.596946,0.064000
XZ,0.0000,1.0000,0.0000,-0.5172,0.598355,0.067000
XZ,0.0000,1.0000,0.0000,-0.4483,0.599738,0.058000
XZ,0.0000,1.0000,0.0000,-0.3793,0.601094,0.067000
XZ,0.0000,1.0000,0.0000,-0.3103,0.602421,0.066000
XZ,0.0000,1.0000,0.0000,-0.2414,0.603718,0.064000
XZ,0.0000,1.0000,0.0000,-0.1724,0.604982,0.065000
XZ,0.0000,1.0000,0.0000,-0.1034,0.606214,0.073000
XZ,0.0000,1.0000,0.0000,-0.0345,0.607411,0.067000
XZ,0.0000,1.0000,0.0000,0.0345,0.608573,0.070000
XZ,0.0000,1.0000,0.0000,0.1034,0.609699,0.060000
XZ,0.0000,1.0000,0.0000,0.1724,0.610787,0.060000
XZ,0.0000,1.0000,0.0000,0.2414,0.611837,0.067000
XZ,0.0000,1.0000,0.0000,0.3103,0.612848,0.086000
XZ,0.0000,1.0000,0.0000,0.3793,0.613819,0.057000
XZ,0.0000,1.0000,0.0000,0.4483,0.614750,0.068000
XZ,0.0000,1.0000,0.0000,0.5172,0.615640,0.060000
XZ,0.0000,1.0000,0.0000,0.5862,0.616488,0.062000
XZ,0.0000,1.0000,0.0000,0.6552,0.617295,0.072000
XZ,0.0000,1.0000,0.0000,0.7241,0.618059,0.074000
XZ,0.0000,1.0000,0.0000,0.7931,0.618780,0.055000
XZ,0.0000,1.0000,0.0000,0.8621,0.619459,0.074000
XZ,0.0000,1.0000,0.0000,0.9310,0.620094,0.072000
XZ,0.0000,1.0000,0.0000,1.0000,0.620686,0.061000
XZ,0.5000,-1.0000,0.5000,-1.0000,0.266264,0.163000
XZ,0.5000,-1.0000,0.5000,-0.9310,0.265626,0.199000
XZ,0.5000,-1.0000,0.5000,-0.8621,0.265007,0.189000
XZ,0.5000,-1.0000,0.5000,-0.7931,0.264411,0.165000
XZ,0.5000,-1.0000,0.5000,-0.7241,0.263842,0.200000
XZ,0.5000,-1.0000,0.5000,-0.6552,0.263304,0.187000
XZ,0.5000,-1.0000,0.5000,-0.5862,0.262802,0.219000
XZ,0.5000,-1.0000,0.5000,-0.5172,0.262339,0.215000
XZ,0.5000,-1.0000,0.5000,-0.4483,0.261921,0.220000
XZ,0.5000,-1.0000,0.5000,-0.3793,0.261551,0.185000
XZ,0.5000,-1.0000,0.5000,-0.3103,0.261234,0.225000
XZ,0.5000,-1.0000,0.5000,-0.2414,0.260974,0.224000
XZ,0.5000,-1.0000,0.5000,-0.1724,0.260776,0.268000
XZ,0.5000,-1.0000,0.5000,-0.1034,0.260642,0.225000
XZ,0.5000,-1.0000,0.5000,-0.0345,0.260577,0.256000
XZ,0.5000,-1.0000,0.5000,0.0345,0.260586,0.251000
XZ,0.5000,-1.0000,0.5000,0.1034,0.260671,0.257000
XZ,0.5000,-1.0000,0.5000,0.1724,0.260836,0.246000
XZ,0.5000,-1.0000,0.5000,0.2414,0.261085,0.285000
XZ,0.5000,-1.0000,0.5000,0.3103,0.261421,0.234000
XZ,0.5000,-1.0000,0.5000,0.3793,0.261847,0.256000
XZ,0.5000,-1.0000,0.5000,0.4483,0.262366,0.270000
XZ,0.5000,-1.0000,0.5000,0.5172,0.262980,0.292000
XZ,0.5000,-1.0000,0.5000,0.5862,0.263692,0.304000
XZ,0.5000,-1.0000,0.5000,0.6552,0.264504,0.318000
XZ,0.5000,-1.0000,0.5000,0.7241,0.265419,0.335000
XZ,0.5000,-1.0000,0.5000,0.7931,0.266437,0.300000
XZ,0.5000,-1.0000,0.5000,0.8621,0.267561,0.339000
XZ,0.5000,-1.0000,0.5000,0.9310,0.268792,0.321000
XZ,0.5000,-1.0000,0.5000,1.0000,0.270130,0.326000
XZ,0.5000,-0.9310,0.5000,-1.0000,0.196103,0.199000
XZ,0.5000,-0.9310,0.5000,-0.9310,0.195242,0.189000
XZ,0.5000,-0.9310,0.5000,-0.8621,0.194491,0.203000
XZ,0.5000,-0.9310,0.5000,-0.7931,0.193851,0.207000
XZ,0.5000,-0.9310,0.5000,-0.7241,0.193324,0.208000
XZ,0.5000,-0.9310,0.5000,-0.6552,0.192912,0.209000
XZ,0.5000,-0.9310,0.5000,-0.5862,0.192617,0.226000
XZ,0.5000,-0.9310,0.5000,-0.5172,0.192442,0.208000
XZ,0.5000,-0.9310,0.5000,-0.4483,0.192388,0.190000
XZ,0.5000,-0.9310,0.5000,-0.3793,0.192456,0.232000
XZ,0.5000,-0.9310,0.5000,-0.3103,0.192649,0.185000
XZ,0.5000,-0.9310,0.5000,-0.2414,0.192967,0.226000
XZ,0.5000,-0.9310,0.5000,-0.1724,0.193412,0.198000
XZ,0.5000,-0.9310,0.5000,-0.1034,0.193984,0.223000
XZ,0.5000,-0.9310,0.5000,-0.0345,0.194685,0.216000
XZ,0.5000,-0.9310,0.5000,0.0345,0.195514,0.232000
XZ,0.5000,-0.9310,0.5000,0.1034,0.196473,0.256000
XZ,0.5000,-0.9310,0.5000,0.1724,0.197562,0.231000
XZ,0.5000,-0.9310,0.5000,0.2414,0.198779,0.249000
XZ,0.5000,-0.9310,0.5000,0.3103,0.200126,0.238000
XZ,0.5000,-0.9310,0.5000,0.3793,0.201601,0.222000
XZ,0.5000,-0.9310,0.5000,0.4483,0.203204,0.262000
XZ,0.5000,-0.9310,0.5000,0.5172,0.204933,0.277000
XZ,0.5000,-0.9310,0.5000,0.5862,0.206787,0.249000
XZ,0.5000,-0.9310,0.5000,0.6552,0.208765,0.246000
XZ,0.5000,-0.9310,0.5000,0.7241,0.210866,0.282000
XZ,0.5000,-0.9310,0.5000,0.7931,0.213087,0.317000
XZ,0.5000,-0.9310,0.5000,0.8621,0.215426,0.290000
XZ,0.5000,-0.9310,0.5000,0.9310,0.217882,0.303000
XZ,0.5000,-0.9310,0.5000,1.0000,0.220451,0.272000
XZ,0.5000,-0.8621,0.5000,-1.0000,0.194797,0.190000
XZ,0.5000,-0.8621,0.5000,-0.9310,0.193948,0.168000
XZ,0.5000,-0.8621,0.5000,-0.8621,0.193304,0.170000
XZ,0.5000,-0.8621,0.5000,-0.7931,0.192849,0.210000
XZ,0.5000,-0.8621,0.5000,-0.7241,0.192573,0.215000
XZ,0.5000,-0.8621,0.5000,-0.6552,0.192465,0.168000
XZ,0.5000,-0.8621,0.5000,-0.5862,0.192518,0.161000
XZ,0.5000,-0.8621,0.5000,-0.5172,0.192729,0.184000
XZ,0.5000,-0.8621,0.5000,-0.4483,0.193090,0.178000
XZ,0.5000,-0.8621,0.5000,-0.3793,0.193600,0.178000
XZ,0.5000,-0.8621,0.5000,-0.3103,0.194254,0.168000
XZ,0.5000,-0.8621,0.5000,-0.2414,0.195050,0.160000
XZ,0.5000,-0.8621,0.5000,-0.1724,0.195984,0.148000
XZ,0.5000,-0.8621,0.5000,-0.1034,0.197054,0.175000
XZ,0.5000,-0.8621,0.5000,-0.0345,0.198257,0.174000
XZ,0.5000,-0.8621,0.5000,0.0345,0.199590,0.168000
XZ,0.5000,-0.8621,0.5000,0.1034,0.201050,0.164000
XZ,0.5000,-0.8621,0.5000,0.1724,0.202636,0.174000
XZ,0.5000,-0.8621,0.5000,0.2414,0.204344,0.181000
XZ,0.5000,-0.8621,0.5000,0.3103,0.206171,0.151000
XZ,0.5000,-0.8621,0.5000,0.3793,0.208115,0.172000
XZ,0.5000,-0.8621,0.5000,0.4483,0.210172,0.187000
XZ,0.5000,-0.8621,0.5000,0.5172,0.212340,0.190000
XZ,0.5000,-0.8621,0.5000,0.5862,0.214616,0.181000
XZ,0.5000,-0.8621,0.5000,0.6552,0.216996,0.192000
XZ,0.5000,-0.8621,0.5000,0.7241,0.219478,0.196000
XZ,0.5000,-0.8621,0.5000,0.7931,0.222059,0.180000
XZ,0.5000,-0.8621,0.5000,0.8621,0.224735,0.202000
XZ,0.5000,-0.8621,0.5000,0.9310,0.227502,0.214000
XZ,0.5000,-0.8621,0.5000,1.0000,0.230358,0.213000
XZ,0.5000,-0.7931,0.5000,-1.0000,0.286583,0.140000
XZ,0.5000,-0.7931,0.5000,-0.9310,0.285402,0.127000
XZ,0.5000,-0.7931,0.5000,-0.8621,0.284346,0.143000
XZ,0.5000,-0.7931,0.5000,-0.7931,0.283415,0.117000
XZ,0.5000,-0.7931,0.5000,-0.7241,0.282610,0.127000
XZ,0.5000,-0.7931,0.5000,-0.6552,0.281931,0.133000
XZ,0.5000,-0.7931,0.5000,-0.5862,0.281379,0.143000
XZ,0.5000,-0.7931,0.5000,-0.5172,0.280953,0.129000
XZ,0.5000,-0.7931,0.5000,-0.4483,0.280653,0.145000
XZ,0.5000,-0.7931,0.5000,-0.3793,0.280479,0.109000
XZ,0.5000,-0.7931,0.5000,-0.3103,0.280430,0.123000
XZ,0.5000,-0.7931,0.5000,-0.2414,0.280504,0.131000
XZ,0.5000,-0.7931,0.5000,-0.1724,0.280701,0.121000
XZ,0.5000,-0.7931,0.5000,-0.1034,0.281018,0.136000
XZ,0.5000,-0.7931,0.5000,-0.0345,0.281454,0.123000
XZ,0.5000,-0.7931,0.5000,0.0345,0.282007,0.105000
XZ,0.5000,-0.7931,0.5000,0.1034,0.282675,0.123000
XZ,0.5000,-0.7931,0.5000,0.1724,0.283455,0.126000
XZ,0.5000,-0.7931,0.5000,0.2414,0.284346,0.111000
XZ,0.5000,-0.7931,0.5000,0.3103,0.285343,0.097000
XZ,0.5000,-0.7931,0.5000,0.3793,0.286446,0.102000
XZ,0.5000,-0.7931,0.5000,0.4483,0.287650,0.127000
XZ,0.5000,-0.7931,0.5000,0.5172,0.288953,0.125000
XZ,0.5000,-0.7931,0.5000,0.5862,0.290352,0.118000
XZ,0.5000,-0.7931,0.5000,0.6552,0.291844,0.113000
XZ,0.5000,-0.7931,0.5000,0.7241,0.293426,0.134000
XZ,0.5000,-0.7931,0.5000,0.7931,0.295094,0.115000
XZ,0.5000,-0.7931,0.5000,0.8621,0.296846,0.114000
XZ,0.5000,-0.7931,0.5000,0.9310,0.298678,0.099000
XZ,0.5000,-0.7931,0.5000,1.0000,0.300587,0.124000
XZ,0.5000,-0.7241,0.5000,-1.0000,0.395499,0.098000
XZ,0.5000,-0.7241,0.5000,-0.9310,0.395116,0.086000
XZ,0.5000,-0.7241,0.5000,-0.8621,0.394795,0.090000
XZ,0.5000,-0.7241,0.5000,-0.7931,0.394536,0.086000
XZ,0.5000,-0.7241,0.5000,-0.7241,0.394338,0.095000
XZ,0.5000,-0.7241,0.5000,-0.6552,0.394203,0.103000
XZ,0.5000,-0.7241,0.5000,-0.5862,0.394129,0.085000
XZ,0.5000,-0.7241,0.5000,-0.5172,0.394116,0.083000
XZ,0.5000,-0.7241,0.5000,-0.4483,0.394164,0.102000
XZ,0.5000,-0.7241,0.5000,-0.3793,0.394272,0.086000
XZ,0.5000,-0.7241,0.5000,-0.3103,0.394440,0.107000
XZ,0.5000,-0.7241,0.5000,-0.2414,0.394667,0.076000
XZ,0.5000,-0.7241,0.5000,-0.1724,0.394953,0.077000
XZ,0.5000,-0.7241,0.5000,-0.1034,0.395296,0.079000
XZ,0.5000,-0.7241,0.5000,-0.0345,0.395697,0.091000
XZ,0.5000,-0.7241,0.5000,0.0345,0.396154,0.083000
XZ,0.5000,-0.7241,0.5000,0.1034,0.396666,0.088000
XZ,0.5000,-0.7241,0.5000,0.1724,0.397233,0.090000
XZ,0.5000,-0.7241,0.5000,0.2414,0.397853,0.078000
XZ,0.5000,-0.7241,0.5000,0.3103,0.398526,0.087000
XZ,0.5000,-0.7241,0.5000,0.3793,0.399251,0.092000
XZ,0.5000,-0.7241,0.5000,0.4483,0.400025,0.095000
XZ,0.5000,-0.7241,0.5000,0.5172,0.400850,0.094000
XZ,0.5000,-0.7241,0.5000,0.5862,0.401722,0.104000
XZ,0.5000,-0.7241,0.5000,0.6552,0.402642,0.091000
XZ,0.5000,-0.7241,0.5000,0.7241,0.403607,0.090000
XZ,0.5000,-0.7241,0.5000,0.7931,0.404616,0.085000
XZ,0.5000,-0.7241,0.5000,0.8621,0.405669,0.094000
XZ,0.5000,-0.7241,0.5000,0.9310,0.406764,0.078000
XZ,0.5000,-0.7241,0.5000,1.0000,0.407900,0.083000
XZ,0.5000,-0.6552,0.5000,-1.0000,0.490894,0.053000
XZ,0.5000,-0.6552,0.5000,-0.9310,0.491317,0.064000
XZ,0.5000,-0.6552,0.5000,-0.8621,0.491762,0.076000
XZ,0.5000,-0.6552,0.5000,-0.7931,0.492230,0.058000
XZ,0.5000,-0.6552,0.5000,-0.7241,0.492721,0.070000
XZ,0.5000,-0.6552,0.5000,-0.6552,0.493233,0.088000
XZ,0.5000,-0.6552,0.5000,-0.5862,0.493767,0.068000
XZ,0.5000,-0.6552,0.5000,-0.5172,0.494322,0.062000
XZ,0.5000,-0.6552,0.5000,-0.4483,0.494898,0.084000
XZ,0.5000,-0.6552,0.5000,-0.3793,0.495495,0.079000
XZ,0.5000,-0.6552,0.5000,-0.3103,0.496112,0.079000
XZ,0.5000,-0.6552,0.5000,-0.2414,0.496749,0.086000
XZ,0.5000,-0.6552,0.5000,-0.1724,0.497405,0.080000
XZ,0.5000,-0.6552,0.5000,-0.1034,0.498081,0.092000
XZ,0.5000,-0.6552,0.5000,-0.0345,0.498775,0.094000
XZ,0.5000,-0.6552,0.5000,0.0345,0.499486,0.077000
XZ,0.5000,-0.6552,0.5000,0.1034,0.500216,0.076000
XZ,0.5000,-0.6552,0.5000,0.1724,0.500963,0.092000
XZ,0.5000,-0.6552,0.5000,0.2414,0.501726,0.098000
XZ,0.5000,-0.6552,0.5000,0.3103,0.502506,0.100000
XZ,0.5000,-0.6552,0.5000,0.3793,0.503301,0.103000
XZ,0.5000,-0.6552,0.5000,0.4483,0.504111,0.095000
XZ,0.5000,-0.6552,0.5000,0.5172,0.504936,0.094000
XZ,0.5000,-0.6552,0.5000,0.5862,0.505776,0.097000
XZ,0.5000,-0.6552,0.5000,0.6552,0.506628,0.083000
XZ,0.5000,-0.6552,0.5000,0.7241,0.507494,0.106000
XZ,0.5000,-0.6552,0.5000,0.7931,0.508373,0.103000
XZ,0.5000,-0.6552,0.5000,0.8621,0.509263,0.095000
XZ,0.5000,-0.6552,0.5000,0.9310,0.510165,0.081000
XZ,0.5000,-0.6552,0.5000,1.0000,0.511077,0.099000
XZ,0.5000,-0.5862,0.5000,-1.0000,0.547219,0.048000
XZ,0.5000,-0.5862,0.5000,-0.9310,0.548085,0.059000
XZ,0.5000,-0.5862,0.5000,-0.8621,0.548952,0.058000
XZ,0.5000,-0.5862,0.5000,-0.7931,0.549818,0.046000
XZ,0.5000,-0.5862,0.5000,-0.7241,0.550685,0.071000
XZ,0.5000,-0.5862,0.5000,-0.6552,0.551552,0.065000
XZ,0.5000,-0.5862,0.5000,-0.5862,0.552418,0.057000
XZ,0.5000,-0.5862,0.5000,-0.5172,0.553284,0.064000
XZ,0.5000,-0.5862,0.5000,-0.4483,0.554149,0.053000
XZ,0.5000,-0.5862,0.5000,-0.3793,0.555013,0.064000
XZ,0.5000,-0.5862,0.5000,-0.3103,0.555876,0.064000
XZ,0.5000,-0.5862,0.5000,-0.2414,0.556738,0.070000
XZ,0.5000,-0.5862,0.5000,-0.1724,0.557598,0.079000
XZ,0.5000,-0.5862,0.5000,-0.1034,0.558456,0.082000
XZ,0.5000,-0.5862,0.5000,-0.0345,0.559313,0.065000
XZ,0.5000,-0.5862,0.5000,0.0345,0.560167,0.072000
XZ,0.5000,-0.5862,0.5000,0.1034,0.561019,0.076000
XZ,0.5000,-0.5862,0.5000,0.1724,0.561869,0.082000
XZ,0.5000,-0.5862,0.5000,0.2414,0.562715,0.086000
XZ,0.5000,-0.5862,0.5000,0.3103,0.563559,0.093000
XZ,0.5000,-0.5862,0.5000,0.3793,0.564400,0.086000
XZ,0.5000,-0.5862,0.5000,0.4483,0.565237,0.098000
XZ,0.5000,-0.5862,0.5000,0.5172,0.566070,0.118000
XZ,0.5000,-0.5862,0.5000,0.5862,0.566900,0.076000
XZ,0.5000,-0.5862,0.5000,0.6552,0.567726,0.079000
XZ,0.5000,-0.5862,0.5000,0.7241,0.568548,0.082000
XZ,0.5000,-0.5862,0.5000,0.7931,0.569365,0.107000
XZ,0.5000,-0.5862,0.5000,0.8621,0.570178,0.102000
XZ,0.5000,-0.5862,0.5000,0.9310,0.570986,0.103000
XZ,0.5000,-0.5862,0.5000,1.0000,0.571790,0.116000
XZ,0.5000,-0.5172,0.5000,-1.0000,0.551960,0.037000
XZ,0.5000,-0.5172,0.5000,-0.9310,0.552724,0.019000
XZ,0.5000,-0.5172,0.5000,-0.8621,0.553481,0.032000
XZ,0.5000,-0.5172,0.5000,-0.7931,0.554232,0.037000
XZ,0.5000,-0.5172,0.5000,-0.7241,0.554977,0.028000
XZ,0.5000,-0.5172,0.5000,-0.6552,0.555715,0.025000
XZ,0.5000,-0.5172,0.5000,-0.5862,0.556446,0.023000
XZ,0.5000,-0.5172,0.5000,-0.5172,0.557171,0.039000
XZ,0.5000,-0.5172,0.5000,-0.4483,0.557889,0.030000
XZ,0.5000,-0.5172,0.5000,-0.3793,0.558600,0.023000
XZ,0.5000,-0.5172,0.5000,-0.3103,0.559305,0.036000
XZ,0.5000,-0.5172,0.5000,-0.2414,0.560002,0.043000
XZ,0.5000,-0.5172,0.5000,-0.1724,0.560693,0.041000
XZ,0.5000,-0.5172,0.5000,-0.1034,0.561376,0.044000
XZ,0.5000,-0.5172,0.5000,-0.0345,0.562052,0.046000
XZ,0.5000,-0.5172,0.5000,0.0345,0.562721,0.039000
XZ,0.5000,-0.5172,0.5000,0.1034,0.563383,0.042000
XZ,0.5000,-0.5172,0.5000,0.1724,0.564037,0.042000
XZ,0.5000,-0.5172,0.5000,0.2414,0.564684,0.040000
XZ,0.5000,-0.5172,0.5000,0.3103,0.565323,0.038000
XZ,0.5000,-0.5172,0.5000,0.3793,0.565955,0.044000
XZ,0.5000,-0.5172,0.5000,0.4483,0.566579,0.047000
XZ,0.5000,-0.5172,0.5000,0.5172,0.567196,0.046000
XZ,0.5000,-0.5172,0.5000,0.5862,0.567805,0.061000
XZ,0.5000,-0.5172,0.5000,0.6552,0.568406,0.058000
XZ,0.5000,-0.5172,0.5000,0.7241,0.569000,0.056000
XZ,0.5000,-0.5172,0.5000,0.7931,0.569585,0.064000
XZ,0.5000,-0.5172,0.5000,0.8621,0.570163,0.056000
XZ,0.5000,-0.5172,0.5000,0.9310,0.570733,0.053000
XZ,0.5000,-0.5172,0.5000,1.0000,0.571295,0.054000
XZ,0.5000,-0.4483,0.5000,-1.0000,0.510081,0.015000
XZ,0.5000,-0.4483,0.5000,-0.9310,0.510227,0.020000
XZ,0.5000,-0.4483,0.5000,-0.8621,0.510372,0.017000
XZ,0.5000,-0.4483,0.5000,-0.7931,0.510515,0.014000
XZ,0.5000,-0.4483,0.5000,-0.7241,0.510657,0.013000
XZ,0.5000,-0.4483,0.5000,-0.6552,0.510797,0.020000
XZ,0.5000,-0.4483,0.5000,-0.5862,0.510937,0.014000
XZ,0.5000,-0.4483,0.5000,-0.5172,0.511075,0.023000
XZ,0.5000,-0.4483,0.5000,-0.4483,0.511211,0.024000
XZ,0.5000,-0.4483,0.5000,-0.3793,0.511346,0.022000
XZ,0.5000,-0.4483,0.5000,-0.3103,0.511480,0.015000
XZ,0.5000,-0.4483,0.5000,-0.2414,0.511612,0.022000
XZ,0.5000,-0.4483,0.5000,-0.1724,0.511743,0.026000
XZ,0.5000,-0.4483,0.5000,-0.1034,0.511872,0.035000
XZ,0.5000,-0.4483,0.5000,-0.0345,0.512000,0.017000
XZ,0.5000,-0.4483,0.5000,0.0345,0.512126,0.028000
XZ,0.5000,-0.4483,0.5000,0.1034,0.512250,0.029000
XZ,0.5000,-0.4483,0.5000,0.1724,0.512373,0.023000
XZ,0.5000,-0.4483,0.5000,0.2414,0.512494,0.040000
XZ,0.5000,-0.4483,0.5000,0.3103,0.512614,0.025000
XZ,0.5000,-0.4483,0.5000,0.3793,0.512732,0.025000
XZ,0.5000,-0.4483,0.5000,0.4483,0.512848,0.033000
XZ,0.5000,-0.4483,0.5000,0.5172,0.512963,0.031000
XZ,0.5000,-0.4483,0.5000,0.5862,0.513076,0.037000
XZ,0.5000,-0.4483,0.5000,0.6552,0.513187,0.037000
XZ,0.5000,-0.4483,0.5000,0.7241,0.513296,0.029000
XZ,0.5000,-0.4483,0.5000,0.7931,0.513403,0.038000
XZ,0.5000,-0.4483,0.5000,0.8621,0.513509,0.022000
XZ,0.5000,-0.4483,0.5000,0.9310,0.513613,0.038000
XZ,0.5000,-0.4483,0.5000,1.0000,0.513715,0.024000
XZ,0.5000,-0.3793,0.5000,-1.0000,0.532638,0.067000
XZ,0.5000,-0.3793,0.5000,-0.9310,0.533344,0.056000
XZ,0.5000,-0.3793,0.5000,-0.8621,0.534051,0.045000
XZ,0.5000,-0.3793,0.5000,-0.7931,0.534759,0.054000
XZ,0.5000,-0.3793,0.5000,-0.7241,0.535469,0.063000
XZ,0.5000,-0.3793,0.5000,-0.6552,0.536180,0.046000
XZ,0.5000,-0.3793,0.5000,-0.5862,0.536891,0.058000
XZ,0.5000,-0.3793,0.5000,-0.5172,0.537603,0.063000
XZ,0.5000,-0.3793,0.5000,-0.4483,0.538316,0.057000
XZ,0.5000,-0.3793,0.5000,-0.3793,0.539029,0.073000
XZ,0.5000,-0.3793,0.5000,-0.3103,0.539741,0.066000
XZ,0.5000,-0.3793,0.5000,-0.2414,0.540454,0.072000
XZ,0.5000,-0.3793,0.5000,-0.1724,0.541167,0.091000
XZ,0.5000,-0.3793,0.5000,-0.1034,0.541879,0.071000
XZ,0.5000,-0.3793,0.5000,-0.0345,0.542590,0.070000
XZ,0.5000,-0.3793,0.5000,0.0345,0.543301,0.086000
XZ,0.5000,-0.3793,0.5000,0.1034,0.544010,0.083000
XZ,0.5000,-0.3793,0.5000,0.1724,0.544719,0.083000
XZ,0.5000,-0.3793,0.5000,0.2414,0.545425,0.075000
XZ,0.5000,-0.3793,0.5000,0.3103,0.546131,0.079000
XZ,0.5000,-0.3793,0.5000,0.3793,0.546835,0.096000
XZ,0.5000,-0.3793,0.5000,0.4483,0.547537,0.101000
XZ,0.5000,-0.3793,0.5000,0.5172,0.548236,0.095000
XZ,0.5000,-0.3793,0.5000,0.5862,0.548934,0.083000
XZ,0.5000,-0.3793,0.5000,0.6552,0.549629,0.095000
XZ,0.5000,-0.3793,0.5000,0.7241,0.550321,0.089000
XZ,0.5000,-0.3793,0.5000,0.7931,0.551011,0.088000
XZ,0.5000,-0.3793,0.5000,0.8621,0.551697,0.105000
XZ,0.5000,-0.3793,0.5000,0.9310,0.552381,0.096000
XZ,0.5000,-0.3793,0.5000,1.0000,0.553061,0.105000
XZ,0.5000,-0.3103,0.5000,-1.0000,0.588244,0.141000
XZ,0.5000,-0.3103,0.5000,-0.9310,0.589917,0.171000
XZ,0.5000,-0.3103,0.5000,-0.8621,0.591591,0.142000
XZ,0.5000,-0.3103,0.5000,-0.7931,0.593267,0.176000
XZ,0.5000,-0.3103,0.5000,-0.7241,0.594943,0.172000
XZ,0.5000,-0.3103,0.5000,-0.6552,0.596619,0.160000
XZ,0.5000,-0.3103,0.5000,-0.5862,0.598295,0.162000
XZ,0.5000,-0.3103,0.5000,-0.5172,0.599971,0.174000
XZ,0.5000,-0.3103,0.5000,-0.4483,0.601647,0.176000
XZ,0.5000,-0.3103,0.5000,-0.3793,0.603323,0.184000
XZ,0.5000,-0.3103,0.5000,-0.3103,0.604997,0.198000
XZ,0.5000,-0.3103,0.5000,-0.2414,0.606671,0.177000
XZ,0.5000,-0.3103,0.5000,-0.1724,0.608343,0.201000
XZ,0.5000,-0.3103,0.5000,-0.1034,0.610014,0.206000
XZ,0.5000,-0.3103,0.5000,-0.0345,0.611683,0.199000
XZ,0.5000,-0.3103,0.5000,0.0345,0.613350,0.195000
XZ,0.5000,-0.3103,0.5000,0.1034,0.615015,0.218000
XZ,0.5000,-0.3103,0.5000,0.1724,0.616678,0.221000
XZ,0.5000,-0.3103,0.5000,0.2414,0.618337,0.210000
XZ,0.5000,-0.3103,0.5000,0.3103,0.619994,0.220000
XZ,0.5000,-0.3103,0.5000,0.3793,0.621648,0.212000
XZ,0.5000,-0.3103,0.5000,0.4483,0.623298,0.213000
XZ,0.5000,-0.3103,0.5000,0.5172,0.624945,0.253000
XZ,0.5000,-0.3103,0.5000,0.5862,0.626587,0.205000
XZ,0.5000,-0.3103,0.5000,0.6552,0.628226,0.233000
XZ,0.5000,-0.3103,0.5000,0.7241,0.629860,0.230000
XZ,0.5000,-0.3103,0.5000,0.7931,0.631490,0.225000
XZ,0.5000,-0.3103,0.5000,0.8621,0.633114,0.227000
XZ,0.5000,-0.3103,0.5000,0.9310,0.634734,0.246000
XZ,0.5000,-0.3103,0.5000,1.0000,0.636348,0.250000
XZ,0.5000,-0.2414,0.5000,-1.0000,0.646230,0.263000
XZ,0.5000,-0.2414,0.5000,-0.9310,0.648708,0.255000
XZ,0.5000,-0.2414,0.5000,-0.8621,0.651181,0.261000
XZ,0.5000,-0.2414,0.5000,-0.7931,0.653648,0.252000
XZ,0.5000,-0.2414,0.5000,-0.7241,0.656109,0.272000
XZ,0.5000,-0.2414,0.5000,-0.6552,0.658564,0.275000
XZ,0.5000,-0.2414,0.5000,-0.5862,0.661012,0.308000
XZ,0.5000,-0.2414,0.5000,-0.5172,0.663455,0.283000
XZ,0.5000,-0.2414,0.5000,-0.4483,0.665890,0.286000
XZ,0.5000,-0.2414,0.5000,-0.3793,0.668319,0.282000
XZ,0.5000,-0.2414,0.5000,-0.3103,0.670741,0.322000
XZ,0.5000,-0.2414,0.5000,-0.2414,0.673156,0.327000
XZ,0.5000,-0.2414,0.5000,-0.1724,0.675563,0.320000
XZ,0.5000,-0.2414,0.5000,-0.1034,0.677963,0.340000
XZ,0.5000,-0.2414,0.5000,-0.0345,0.680355,0.336000
XZ,0.5000,-0.2414,0.5000,0.0345,0.682739,0.349000
XZ,0.5000,-0.2414,0.5000,0.1034,0.685115,0.351000
XZ,0.5000,-0.2414,0.5000,0.1724,0.687482,0.371000
XZ,0.5000,-0.2414,0.5000,0.2414,0.689841,0.367000
XZ,0.5000,-0.2414,0.5000,0.3103,0.692192,0.351000
XZ,0.5000,-0.2414,0.5000,0.3793,0.694533,0.359000
XZ,0.5000,-0.2414,0.5000,0.4483,0.696866,0.384000
XZ,0.5000,-0.2414,0.5000,0.5172,0.699189,0.385000
XZ,0.5000,-0.2414,0.5000,0.5862,0.701503,0.383000
XZ,0.5000,-0.2414,0.5000,0.6552,0.703807,0.398000
XZ,0.5000,-0.2414,0.5000,0.7241,0.706102,0.380000
XZ,0.5000,-0.2414,0.5000,0.7931,0.708386,0.388000
XZ,0.5000,-0.2414,0.5000,0.8621,0.710661,0.387000
XZ,0.5000,-0.2414,0.5000,0.9310,0.712925,0.429000
XZ,0.5000,-0.2414,0.5000,1.0000,0.715178,0.408000
XZ,0.5000,-0.1724,0.5000,-1.0000,0.699121,0.353000
XZ,0.5000,-0.1724,0.5000,-0.9310,0.702053,0.370000
XZ,0.5000,-0.1724,0.5000,-0.8621,0.704963,0.406000
XZ,0.5000,-0.1724,0.5000,-0.7931,0.707852,0.363000
XZ,0.5000,-0.1724,0.5000,-0.7241,0.710718,0.377000
XZ,0.5000,-0.1724,0.5000,-0.6552,0.713562,0.391000
XZ,0.5000,-0.1724,0.5000,-0.5862,0.716384,0.410000
XZ,0.5000,-0.1724,0.5000,-0.5172,0.719183,0.404000
XZ,0.5000,-0.1724,0.5000,-0.4483,0.721960,0.429000
XZ,0.5000,-0.1724,0.5000,-0.3793,0.724714,0.419000
XZ,0.5000,-0.1724,0.5000,-0.3103,0.727445,0.438000
XZ,0.5000,-0.1724,0.5000,-0.2414,0.730153,0.442000
XZ,0.5000,-0.1724,0.5000,-0.1724,0.732839,0.452000
XZ,0.5000,-0.1724,0.5000,-0.1034,0.735502,0.416000
XZ,0.5000,-0.1724,0.5000,-0.0345,0.738141,0.457000
XZ,0.5000,-0.1724,0.5000,0.0345,0.740757,0.467000
XZ,0.5000,-0.1724,0.5000,0.1034,0.743350,0.469000
XZ,0.5000,-0.1724,0.5000,0.1724,0.745920,0.472000
XZ,0.5000,-0.1724,0.5000,0.2414,0.748467,0.484000
XZ,0.5000,-0.1724,0.5000,0.3103,0.750990,0.466000
XZ,0.5000,-0.1724,0.5000,0.3793,0.753490,0.487000
XZ,0.5000,-0.1724,0.5000,0.4483,0.755967,0.464000
XZ,0.5000,-0.1724,0.5000,0.5172,0.758420,0.481000
XZ,0.5000,-0.1724,0.5000,0.5862,0.760850,0.492000
XZ,0.5000,-0.1724,0.5000,0.6552,0.763257,0.520000
XZ,0.5000,-0.1724,0.5000,0.7241,0.765640,0.507000
XZ,0.5000,-0.1724,0.5000,0.7931,0.768000,0.490000
XZ,0.5000,-0.1724,0.5000,0.8621,0.770336,0.524000
XZ,0.5000,-0.1724,0.5000,0.9310,0.772650,0.509000
XZ,0.5000,-0.1724,0.5000,1.0000,0.774940,0.507000
XZ,0.5000,-0.1034,0.5000,-1.0000,0.740731,0.391000
XZ,0.5000,-0.1034,0.5000,-0.9310,0.743749,0.428000
XZ,0.5000,-0.1034,0.5000,-0.8621,0.746722,0.441000
XZ,0.5000,-0.1034,0.5000,-0.7931,0.749649,0.425000
XZ,0.5000,-0.1034,0.5000,-0.7241,0.752528,0.431000
XZ,0.5000,-0.1034,0.5000,-0.6552,0.755361,0.458000
XZ,0.5000,-0.1034,0.5000,-0.5862,0.758148,0.465000
XZ,0.5000,-0.1034,0.5000,-0.5172,0.760887,0.466000
XZ,0.5000,-0.1034,0.5000,-0.4483,0.763579,0.452000
XZ,0.5000,-0.1034,0.5000,-0.3793,0.766225,0.445000
XZ,0.5000,-0.1034,0.5000,-0.3103,0.768823,0.481000
XZ,0.5000,-0.1034,0.5000,-0.2414,0.771373,0.491000
XZ,0.5000,-0.1034,0.5000,-0.1724,0.773877,0.477000
XZ,0.5000,-0.1034,0.5000,-0.1034,0.776333,0.490000
XZ,0.5000,-0.1034,0.5000,-0.0345,0.778742,0.514000
XZ,0.5000,-0.1034,0.5000,0.0345,0.781103,0.508000
XZ,0.5000,-0.1034,0.5000,0.1034,0.783417,0.500000
XZ,0.5000,-0.1034,0.5000,0.1724,0.785684,0.517000
XZ,0.5000,-0.1034,0.5000,0.2414,0.787903,0.531000
XZ,0.5000,-0.1034,0.5000,0.3103,0.790075,0.505000
XZ,0.5000,-0.1034,0.5000,0.3793,0.792200,0.519000
XZ,0.5000,-0.1034,0.5000,0.4483,0.794278,0.538000
XZ,0.5000,-0.1034,0.5000,0.5172,0.796309,0.555000
XZ,0.5000,-0.1034,0.5000,0.5862,0.798293,0.564000
XZ,0.5000,-0.1034,0.5000,0.6552,0.800231,0.527000
XZ,0.5000,-0.1034,0.5000,0.7241,0.802122,0.516000
XZ,0.5000,-0.1034,0.5000,0.7931,0.803966,0.544000
XZ,0.5000,-0.1034,0.5000,0.8621,0.805764,0.566000
XZ,0.5000,-0.1034,0.5000,0.9310,0.807516,0.550000
XZ,0.5000,-0.1034,0.5000,1.0000,0.809222,0.578000
XZ,0.5000,-0.0345,0.5000,-1.0000,0.767930,0.415000
XZ,0.5000,-0.0345,0.5000,-0.9310,0.770853,0.438000
XZ,0.5000,-0.0345,0.5000,-0.8621,0.773708,0.453000
XZ,0.5000,-0.0345,0.5000,-0.7931,0.776493,0.449000
XZ,0.5000,-0.0345,0.5000,-0.7241,0.779208,0.447000
XZ,0.5000,-0.0345,0.5000,-0.6552,0.781853,0.464000
XZ,0.5000,-0.0345,0.5000,-0.5862,0.784428,0.476000
XZ,0.5000,-0.0345,0.5000,-0.5172,0.786933,0.480000
XZ,0.5000,-0.0345,0.5000,-0.4483,0.789367,0.496000
XZ,0.5000,-0.0345,0.5000,-0.3793,0.791730,0.482000
XZ,0.5000,-0.0345,0.5000,-0.3103,0.794022,0.463000
XZ,0.5000,-0.0345,0.5000,-0.2414,0.796243,0.506000
XZ,0.5000,-0.0345,0.5000,-0.1724,0.798393,0.477000
XZ,0.5000,-0.0345,0.5000,-0.1034,0.800470,0.507000
XZ,0.5000,-0.0345,0.5000,-0.0345,0.802477,0.524000
XZ,0.5000,-0.0345,0.5000,0.0345,0.804411,0.521000
XZ,0.5000,-0.0345,0.5000,0.1034,0.806274,0.532000
XZ,0.5000,-0.0345,0.5000,0.1724,0.808065,0.526000
XZ,0.5000,-0.0345,0.5000,0.2414,0.809785,0.535000
XZ,0.5000,-0.0345,0.5000,0.3103,0.811432,0.553000
XZ,0.5000,-0.0345,0.5000,0.3793,0.813008,0.540000
XZ,0.5000,-0.0345,0.5000,0.4483,0.814511,0.581000
XZ,0.5000,-0.0345,0.5000,0.5172,0.815943,0.538000
XZ,0.5000,-0.0345,0.5000,0.5862,0.817303,0.564000
XZ,0.5000,-0.0345,0.5000,0.6552,0.818592,0.544000
XZ,0.5000,-0.0345,0.5000,0.7241,0.819809,0.573000
XZ,0.5000,-0.0345,0.5000,0.7931,0.820955,0.558000
XZ,0.5000,-0.0345,0.5000,0.8621,0.822029,0.553000
XZ,0.5000,-0.0345,0.5000,0.9310,0.823032,0.550000
XZ,0.5000,-0.0345,0.5000,1.0000,0.823964,0.571000
XZ,0.5000,0.0345,0.5000,-1.0000,0.779111,0.390000
XZ,0.5000,0.0345,0.5000,-0.9310,0.781982,0.388000
XZ,0.5000,0.0345,0.5000,-0.8621,0.784775,0.437000
XZ,0.5000,0.0345,0.5000,-0.7931,0.787488,0.424000
XZ,0.5000,0.0345,0.5000,-0.7241,0.790121,0.429000
XZ,0.5000,0.0345,0.5000,-0.6552,0.792675,0.431000
XZ,0.5000,0.0345,0.5000,-0.5862,0.795147,0.409000
XZ,0.5000,0.0345,0.5000,-0.5172,0.797539,0.455000
XZ,0.5000,0.0345,0.5000,-0.4483,0.799851,0.442000
XZ,0.5000,0.0345,0.5000,-0.3793,0.802081,0.467000
XZ,0.5000,0.0345,0.5000,-0.3103,0.804229,0.456000
XZ,0.5000,0.0345,0.5000,-0.2414,0.806296,0.497000
XZ,0.5000,0.0345,0.5000,-0.1724,0.808280,0.469000
XZ,0.5000,0.0345,0.5000,-0.1034,0.810183,0.476000
XZ,0.5000,0.0345,0.5000,-0.0345,0.812003,0.526000
XZ,0.5000,0.0345,0.5000,0.0345,0.813741,0.500000
XZ,0.5000,0.0345,0.5000,0.1034,0.815396,0.513000
XZ,0.5000,0.0345,0.5000,0.1724,0.816969,0.525000
XZ,0.5000,0.0345,0.5000,0.2414,0.818459,0.515000
XZ,0.5000,0.0345,0.5000,0.3103,0.819866,0.542000
XZ,0.5000,0.0345,0.5000,0.3793,0.821191,0.540000
XZ,0.5000,0.0345,0.5000,0.4483,0.822432,0.531000
XZ,0.5000,0.0345,0.5000,0.5172,0.823590,0.541000
XZ,0.5000,0.0345,0.5000,0.5862,0.824666,0.516000
XZ,0.5000,0.0345,0.5000,0.6552,0.825658,0.551000
XZ,0.5000,0.0345,0.5000,0.7241,0.826568,0.548000
XZ,0.5000,0.0345,0.5000,0.7931,0.827395,0.545000
XZ,0.5000,0.0345,0.5000,0.8621,0.828139,0.543000
XZ,0.5000,0.0345,0.5000,0.9310,0.828801,0.546000
XZ,0.5000,0.0345,0.5000,1.0000,0.829380,0.575000
XZ,0.5000,0.1034,0.5000,-1.0000,0.771709,0.325000
XZ,0.5000,0.1034,0.5000,-0.9310,0.774611,0.331000
XZ,0.5000,0.1034,0.5000,-0.8621,0.777441,0.346000
XZ,0.5000,0.1034,0.5000,-0.7931,0.780199,0.376000
XZ,0.5000,0.1034,0.5000,-0.7241,0.782884,0.376000
XZ,0.5000,0.1034,0.5000,-0.6552,0.785496,0.362000
XZ,0.5000,0.1034,0.5000,-0.5862,0.788034,0.365000
XZ,0.5000,0.1034,0.5000,-0.5172,0.790499,0.372000
XZ,0.5000,0.1034,0.5000,-0.4483,0.792890,0.404000
XZ,0.5000,0.1034,0.5000,-0.3793,0.795206,0.409000
XZ,0.5000,0.1034,0.5000,-0.3103,0.797449,0.436000
XZ,0.5000,0.1034,0.5000,-0.2414,0.799617,0.429000
XZ,0.5000,0.1034,0.5000,-0.1724,0.801711,0.407000
XZ,0.5000,0.1034,0.5000,-0.1034,0.803730,0.418000
XZ,0.5000,0.1034,0.5000,-0.0345,0.805674,0.440000
XZ,0.5000,0.1034,0.5000,0.0345,0.807544,0.432000
XZ,0.5000,0.1034,0.5000,0.1034,0.809338,0.454000
XZ,0.5000,0.1034,0.5000,0.1724,0.811057,0.469000
XZ,0.5000,0.1034,0.5000,0.2414,0.812702,0.470000
XZ,0.5000,0.1034,0.5000,0.3103,0.814271,0.443000
XZ,0.5000,0.1034,0.5000,0.3793,0.815765,0.449000
XZ,0.5000,0.1034,0.5000,0.4483,0.817184,0.484000
XZ,0.5000,0.1034,0.5000,0.5172,0.818528,0.450000
XZ,0.5000,0.1034,0.5000,0.5862,0.819797,0.470000
XZ,0.5000,0.1034,0.5000,0.6552,0.820991,0.489000
XZ,0.5000,0.1034,0.5000,0.7241,0.822111,0.483000
XZ,0.5000,0.1034,0.5000,0.7931,0.823155,0.496000
XZ,0.5000,0.1034,0.5000,0.8621,0.824125,0.492000
XZ,0.5000,0.1034,0.5000,0.9310,0.825020,0.480000
XZ,0.5000,0.1034,0.5000,1.0000,0.825841,0.505000
XZ,0.5000,0.1724,0.5000,-1.0000,0.742608,0.255000
XZ,0.5000,0.1724,0.5000,-0.9310,0.745448,0.218000
XZ,0.5000,0.1724,0.5000,-0.8621,0.748234,0.275000
XZ,0.5000,0.1724,0.5000,-0.7931,0.750964,0.263000
XZ,0.5000,0.1724,0.5000,-0.7241,0.753640,0.269000
XZ,0.5000,0.1724,0.5000,-0.6552,0.756261,0.280000
XZ,0.5000,0.1724,0.5000,-0.5862,0.758826,0.251000
XZ,0.5000,0.1724,0.5000,-0.5172,0.761335,0.269000
XZ,0.5000,0.1724,0.5000,-0.4483,0.763789,0.277000
XZ,0.5000,0.1724,0.5000,-0.3793,0.766186,0.299000
XZ,0.5000,0.1724,0.5000,-0.3103,0.768528,0.294000
XZ,0.5000,0.1724,0.5000,-0.2414,0.770813,0.312000
XZ,0.5000,0.1724,0.5000,-0.1724,0.773043,0.305000
XZ,0.5000,0.1724,0.5000,-0.1034,0.775215,0.311000
XZ,0.5000,0.1724,0.5000,-0.0345,0.777331,0.305000
XZ,0.5000,0.1724,0.5000,0.0345,0.779391,0.334000
XZ,0.5000,0.1724,0.5000,0.1034,0.781394,0.343000
XZ,0.5000,0.1724,0.5000,0.1724,0.783340,0.327000
XZ,0.5000,0.1724,0.5000,0.2414,0.785230,0.318000
XZ,0.5000,0.1724,0.5000,0.3103,0.787063,0.340000
XZ,0.5000,0.1724,0.5000,0.3793,0.788839,0.348000
XZ,0.5000,0.1724,0.5000,0.4483,0.790559,0.374000
XZ,0.5000,0.1724,0.5000,0.5172,0.792222,0.368000
XZ,0.5000,0.1724,0.5000,0.5862,0.793828,0.369000
XZ,0.5000,0.1724,0.5000,0.6552,0.795379,0.381000
XZ,0.5000,0.1724,0.5000,0.7241,0.796872,0.348000
XZ,0.5000,0.1724,0.5000,0.7931,0.798310,0.386000
XZ,0.5000,0.1724,0.5000,0.8621,0.799691,0.386000
XZ,0.5000,0.1724,0.5000,0.9310,0.801016,0.383000
XZ,0.5000,0.1724,0.5000,1.0000,0.802286,0.397000
XZ,0.5000,0.2414,0.5000,-1.0000,0.691506,0.114000
XZ,0.5000,0.2414,0.5000,-0.9310,0.693985,0.135000
XZ,0.5000,0.2414,0.5000,-0.8621,0.696429,0.137000
XZ,0.5000,0.2414,0.5000,-0.7931,0.698838,0.137000
XZ,0.5000,0.2414,0.5000,-0.7241,0.701212,0.124000
XZ,0.5000,0.2414,0.5000,-0.6552,0.703551,0.140000
XZ,0.5000,0.2414,0.5000,-0.5862,0.705854,0.155000
XZ,0.5000,0.2414,0.5000,-0.5172,0.708121,0.171000
XZ,0.5000,0.2414,0.5000,-0.4483,0.710353,0.150000
XZ,0.5000,0.2414,0.5000,-0.3793,0.712548,0.167000
XZ,0.5000,0.2414,0.5000,-0.3103,0.714707,0.170000
XZ,0.5000,0.2414,0.5000,-0.2414,0.716830,0.164000
XZ,0.5000,0.2414,0.5000,-0.1724,0.718917,0.186000
XZ,0.5000,0.2414,0.5000,-0.1034,0.720967,0.180000
XZ,0.5000,0.2414,0.5000,-0.0345,0.722980,0.184000
XZ,0.5000,0.2414,0.5000,0.0345,0.724956,0.185000
XZ,0.5000,0.2414,0.5000,0.1034,0.726895,0.188000
XZ,0.5000,0.2414,0.5000,0.1724,0.728798,0.200000
XZ,0.5000,0.2414,0.5000,0.2414,0.730663,0.225000
XZ,0.5000,0.2414,0.5000,0.3103,0.732492,0.217000
XZ,0.5000,0.2414,0.5000,0.3793,0.734283,0.230000
XZ,0.5000,0.2414,0.5000,0.4483,0.736037,0.235000
XZ,0.5000,0.2414,0.5000,0.5172,0.737754,0.233000
XZ,0.5000,0.2414,0.5000,0.5862,0.739434,0.191000
XZ,0.5000,0.2414,0.5000,0.6552,0.741076,0.227000
XZ,0.5000,0.2414,0.5000,0.7241,0.742681,0.241000
XZ,0.5000,0.2414,0.5000,0.7931,0.744249,0.234000
XZ,0.5000,0.2414,0.5000,0.8621,0.745779,0.241000
XZ,0.5000,0.2414,0.5000,0.9310,0.747273,0.229000
XZ,0.5000,0.2414,0.5000,1.0000,0.748729,0.249000
XZ,0.5000,0.3103,0.5000,-1.0000,0.623643,0.063000
XZ,0.5000,0.3103,0.5000,-0.9310,0.625401,0.048000
XZ,0.5000,0.3103,0.5000,-0.8621,0.627141,0.049000
XZ,0.5000,0.3103,0.5000,-0.7931,0.628863,0.038000
XZ,0.5000,0.3103,0.5000,-0.7241,0.630567,0.055000
XZ,0.5000,0.3103,0.5000,-0.6552,0.632251,0.058000
XZ,0.5000,0.3103,0.5000,-0.5862,0.633917,0.062000
XZ,0.5000,0.3103,0.5000,-0.5172,0.635564,0.059000
XZ,0.5000,0.3103,0.5000,-0.4483,0.637191,0.054000
XZ,0.5000,0.3103,0.5000,-0.3793,0.638800,0.056000
XZ,0.5000,0.3103,0.5000,-0.3103,0.640388,0.082000
XZ,0.5000,0.3103,0.5000,-0.2414,0.641957,0.072000
XZ,0.5000,0.3103,0.5000,-0.1724,0.643506,0.072000
XZ,0.5000,0.3103,0.5000,-0.1034,0.645035,0.072000
XZ,0.5000,0.3103,0.5000,-0.0345,0.646544,0.079000
XZ,0.5000,0.3103,0.5000,0.0345,0.648032,0.088000
XZ,0.5000,0.3103,0.5000,0.1034,0.649500,0.086000
XZ,0.5000,0.3103,0.5000,0.1724,0.650947,0.073000
XZ,0.5000,0.3103,0.5000,0.2414,0.652374,0.082000
XZ,0.5000,0.3103,0.5000,0.3103,0.653780,0.085000
XZ,0.5000,0.3103,0.5000,0.3793,0.655164,0.081000
XZ,0.5000,0.3103,0.5000,0.4483,0.656528,0.076000
XZ,0.5000,0.3103,0.5000,0.5172,0.657870,0.107000
XZ,0.5000,0.3103,0.5000,0.5862,0.659192,0.100000
XZ,0.5000,0.3103,0.5000,0.6552,0.660491,0.087000
XZ,0.5000,0.3103,0.5000,0.7241,0.661769,0.096000
XZ,0.5000,0.3103,0.5000,0.7931,0.663026,0.094000
XZ,0.5000,0.3103,0.5000,0.8621,0.664261,0.099000
XZ,0.5000,0.3103,0.5000,0.9310,0.665474,0.089000
XZ,0.5000,0.3103,0.5000,1.0000,0.666666,0.101000
XZ,0.5000,0.3793,0.5000,-1.0000,0.549357,0.011000
XZ,0.5000,0.3793,0.5000,-0.9310,0.550150,0.010000
XZ,0.5000,0.3793,0.5000,-0.8621,0.550937,0.020000
XZ,0.5000,0.3793,0.5000,-0.7931,0.551718,0.005000
XZ,0.5000,0.3793,0.5000,-0.7241,0.552493,0.005000
XZ,0.5000,0.3793,0.5000,-0.6552,0.553261,0.006000
XZ,0.5000,0.3793,0.5000,-0.5862,0.554023,0.016000
XZ,0.5000,0.3793,0.5000,-0.5172,0.554778,0.012000
XZ,0.5000,0.3793,0.5000,-0.4483,0.555526,0.011000
XZ,0.5000,0.3793,0.5000,-0.3793,0.556267,0.012000
XZ,0.5000,0.3793,0.5000,-0.3103,0.557001,0.016000
XZ,0.5000,0.3793,0.5000,-0.2414,0.557727,0.007000
XZ,0.5000,0.3793,0.5000,-0.1724,0.558446,0.012000
XZ,0.5000,0.3793,0.5000,-0.1034,0.559158,0.010000
XZ,0.5000,0.3793,0.5000,-0.0345,0.559861,0.013000
XZ,0.5000,0.3793,0.5000,0.0345,0.560557,0.012000
XZ,0.5000,0.3793,0.5000,0.1034,0.561244,0.013000
XZ,0.5000,0.3793,0.5000,0.1724,0.561924,0.007000
XZ,0.5000,0.3793,0.5000,0.2414,0.562595,0.021000
XZ,0.5000,0.3793,0.5000,0.3103,0.563257,0.017000
XZ,0.5000,0.3793,0.5000,0.3793,0.563910,0.015000
XZ,0.5000,0.3793,0.5000,0.4483,0.564555,0.010000
XZ,0.5000,0.3793,0.5000,0.5172,0.565191,0.012000
XZ,0.5000,0.3793,0.5000,0.5862,0.565818,0.008000
XZ,0.5000,0.3793,0.5000,0.6552,0.566436,0.019000
XZ,0.5000,0.3793,0.5000,0.7241,0.567044,0.009000
XZ,0.5000,0.3793,0.5000,0.7931,0.567643,0.017000
XZ,0.5000,0.3793,0.5000,0.8621,0.568232,0.014000
XZ,0.5000,0.3793,0.5000,0.9310,0.568812,0.018000
XZ,0.5000,0.3793,0.5000,1.0000,0.569381,0.017000
XZ,0.5000,0.4483,0.5000,-1.0000,0.507237,0.002000
XZ,0.5000,0.4483,0.5000,-0.9310,0.507398,0.002000
XZ,0.5000,0.4483,0.5000,-0.8621,0.507560,0.001000
XZ,0.5000,0.4483,0.5000,-0.7931,0.507723,0.001000
XZ,0.5000,0.4483,0.5000,-0.7241,0.507889,0.000000
XZ,0.5000,0.4483,0.5000,-0.6552,0.508055,0.002000
XZ,0.5000,0.4483,0.5000,-0.5862,0.508223,0.007000
XZ,0.5000,0.4483,0.5000,-0.5172,0.508392,0.001000
XZ,0.5000,0.4483,0.5000,-0.4483,0.508563,0.003000
XZ,0.5000,0.4483,0.5000,-0.3793,0.508735,0.003000
XZ,0.5000,0.4483,0.5000,-0.3103,0.508909,0.003000
XZ,0.5000,0.4483,0.5000,-0.2414,0.509084,0.002000
XZ,0.5000,0.4483,0.5000,-0.1724,0.509261,0.002000
XZ,0.5000,0.4483,0.5000,-0.1034,0.509439,0.003000
XZ,0.5000,0.4483,0.5000,-0.0345,0.509619,0.004000
XZ,0.5000,0.4483,0.5000,0.0345,0.509800,0.005000
XZ,0.5000,0.4483,0.5000,0.1034,0.509982,0.002000
XZ,0.5000,0.4483,0.5000,0.1724,0.510166,0.003000
XZ,0.5000,0.4483,0.5000,0.2414,0.510352,0.003000
XZ,0.5000,0.4483,0.5000,0.3103,0.510539,0.004000
XZ,0.5000,0.4483,0.5000,0.3793,0.510728,0.002000
XZ,0.5000,0.4483,0.5000,0.4483,0.510918,0.001000
XZ,0.5000,0.4483,0.5000,0.5172,0.511110,0.003000
XZ,0.5000,0.4483,0.5000,0.5862,0.511303,0.003000
XZ,0.5000,0.4483,0.5000,0.6552,0.511498,0.003000
XZ,0.5000,0.4483,0.5000,0.7241,0.511694,0.005000
XZ,0.5000,0.4483,0.5000,0.7931,0.511892,0.001000
XZ,0.5000,0.4483,0.5000,0.8621,0.512091,0.003000
XZ,0.5000,0.4483,0.5000,0.9310,0.512292,0.003000
XZ,0.5000,0.4483,0.5000,1.0000,0.512495,0.000000
XZ,0.5000,0.5172,0.5000,-1.0000,0.540408,0.024000
XZ,0.5000,0.5172,0.5000,-0.9310,0.541105,0.015000
XZ,0.5000,0.5172,0.5000,-0.8621,0.541801,0.015000
XZ,0.5000,0.5172,0.5000,-0.7931,0.542495,0.015000
XZ,0.5000,0.5172,0.5000,-0.7241,0.543188,0.024000
XZ,0.5000,0.5172,0.5000,-0.6552,0.543878,0.020000
XZ,0.5000,0.5172,0.5000,-0.5862,0.544568,0.024000
XZ,0.5000,0.5172,0.5000,-0.5172,0.545255,0.025000
XZ,0.5000,0.5172,0.5000,-0.4483,0.545941,0.020000
XZ,0.5000,0.5172,0.5000,-0.3793,0.546625,0.026000
XZ,0.5000,0.5172,0.5000,-0.3103,0.547307,0.019000
XZ,0.5000,0.5172,0.5000,-0.2414,0.547988,0.030000
XZ,0.5000,0.5172,0.5000,-0.1724,0.548666,0.023000
XZ,0.5000,0.5172,0.5000,-0.1034,0.549343,0.019000
XZ,0.5000,0.5172,0.5000,-0.0345,0.550018,0.027000
XZ,0.5000,0.5172,0.5000,0.0345,0.550692,0.029000
XZ,0.5000,0.5172,0.5000,0.1034,0.551363,0.016000
XZ,0.5000,0.5172,0.5000,0.1724,0.552032,0.030000
XZ,0.5000,0.5172,0.5000,0.2414,0.552700,0.022000
XZ,0.5000,0.5172,0.5000,0.3103,0.553365,0.032000
XZ,0.5000,0.5172,0.5000,0.3793,0.554029,0.038000
XZ,0.5000,0.5172,0.5000,0.4483,0.554690,0.044000
XZ,0.5000,0.5172,0.5000,0.5172,0.555350,0.031000
XZ,0.5000,0.5172,0.5000,0.5862,0.556008,0.034000
XZ,0.5000,0.5172,0.5000,0.6552,0.556663,0.026000
XZ,0.5000,0.5172,0.5000,0.7241,0.557317,0.037000
XZ,0.5000,0.5172,0.5000,0.7931,0.557969,0.022000
XZ,0.5000,0.5172,0.5000,0.8621,0.558618,0.046000
XZ,0.5000,0.5172,0.5000,0.9310,0.559266,0.041000
XZ,0.5000,0.5172,0.5000,1.0000,0.559911,0.033000
XZ,0.5000,0.5862,0.5000,-1.0000,0.553849,0.043000
XZ,0.5000,0.5862,0.5000,-0.9310,0.554738,0.050000
XZ,0.5000,0.5862,0.5000,-0.8621,0.555622,0.057000
XZ,0.5000,0.5862,0.5000,-0.7931,0.556502,0.036000
XZ,0.5000,0.5862,0.5000,-0.7241,0.557376,0.043000
XZ,0.5000,0.5862,0.5000,-0.6552,0.558246,0.039000
XZ,0.5000,0.5862,0.5000,-0.5862,0.559110,0.050000
XZ,0.5000,0.5862,0.5000,-0.5172,0.559970,0.043000
XZ,0.5000,0.5862,0.5000,-0.4483,0.560824,0.052000
XZ,0.5000,0.5862,0.5000,-0.3793,0.561673,0.058000
XZ,0.5000,0.5862,0.5000,-0.3103,0.562517,0.047000
XZ,0.5000,0.5862,0.5000,-0.2414,0.563356,0.050000
XZ,0.5000,0.5862,0.5000,-0.1724,0.564189,0.059000
XZ,0.5000,0.5862,0.5000,-0.1034,0.565017,0.068000
XZ,0.5000,0.5862,0.5000,-0.0345,0.565840,0.053000
XZ,0.5000,0.5862,0.5000,0.0345,0.566657,0.055000
XZ,0.5000,0.5862,0.5000,0.1034,0.567469,0.052000
XZ,0.5000,0.5862,0.5000,0.1724,0.568276,0.039000
XZ,0.5000,0.5862,0.5000,0.2414,0.569076,0.064000
XZ,0.5000,0.5862,0.5000,0.3103,0.569872,0.062000
XZ,0.5000,0.5862,0.5000,0.3793,0.570662,0.050000
XZ,0.5000,0.5862,0.5000,0.4483,0.571446,0.050000
XZ,0.5000,0.5862,0.5000,0.5172,0.572225,0.078000
XZ,0.5000,0.5862,0.5000,0.5862,0.572999,0.054000
XZ,0.5000,0.5862,0.5000,0.6552,0.573767,0.063000
XZ,0.5000,0.5862,0.5000,0.7241,0.574529,0.048000
XZ,0.5000,0.5862,0.5000,0.7931,0.575286,0.076000
XZ,0.5000,0.5862,0.5000,0.8621,0.576037,0.057000
XZ,0.5000,0.5862,0.5000,0.9310,0.576783,0.081000
XZ,0.5000,0.5862,0.5000,1.0000,0.577523,0.077000
XZ,0.5000,0.6552,0.5000,-1.0000,0.555513,0.057000
XZ,0.5000,0.6552,0.5000,-0.9310,0.556394,0.066000
XZ,0.5000,0.6552,0.5000,-0.8621,0.557266,0.059000
XZ,0.5000,0.6552,0.5000,-0.7931,0.558131,0.052000
XZ,0.5000,0.6552,0.5000,-0.7241,0.558987,0.051000
XZ,0.5000,0.6552,0.5000,-0.6552,0.559835,0.062000
XZ,0.5000,0.6552,0.5000,-0.5862,0.560675,0.074000
XZ,0.5000,0.6552,0.5000,-0.5172,0.561507,0.066000
XZ,0.5000,0.6552,0.5000,-0.4483,0.562330,0.071000
XZ,0.5000,0.6552,0.5000,-0.3793,0.563145,0.065000
XZ,0.5000,0.6552,0.5000,-0.3103,0.563952,0.073000
XZ,0.5000,0.6552,0.5000,-0.2414,0.564749,0.074000
XZ,0.5000,0.6552,0.5000,-0.1724,0.565539,0.072000
XZ,0.5000,0.6552,0.5000,-0.1034,0.566319,0.075000
XZ,0.5000,0.6552,0.5000,-0.0345,0.567091,0.075000
XZ,0.5000,0.6552,0.5000,0.0345,0.567854,0.074000
XZ,0.5000,0.6552,0.5000,0.1034,0.568608,0.080000
XZ,0.5000,0.6552,0.5000,0.1724,0.569354,0.066000
XZ,0.5000,0.6552,0.5000,0.2414,0.570091,0.082000
XZ,0.5000,0.6552,0.5000,0.3103,0.570819,0.085000
XZ,0.5000,0.6552,0.5000,0.3793,0.571538,0.082000
XZ,0.5000,0.6552,0.5000,0.4483,0.572248,0.103000
XZ,0.5000,0.6552,0.5000,0.5172,0.572950,0.086000
XZ,0.5000,0.6552,0.5000,0.5862,0.573643,0.096000
XZ,0.5000,0.6552,0.5000,0.6552,0.574327,0.072000
XZ,0.5000,0.6552,0.5000,0.7241,0.575002,0.084000
XZ,0.5000,0.6552,0.5000,0.7931,0.575669,0.084000
XZ,0.5000,0.6552,0.5000,0.8621,0.576327,0.064000
XZ,0.5000,0.6552,0.5000,0.9310,0.576977,0.091000
XZ,0.5000,0.6552,0.5000,1.0000,0.577618,0.094000
XZ,0.5000,0.7241,0.5000,-1.0000,0.555762,0.085000
XZ,0.5000,0.7241,0.5000,-0.9310,0.556548,0.082000
XZ,0.5000,0.7241,0.5000,-0.8621,0.557322,0.073000
XZ,0.5000,0.7241,0.5000,-0.7931,0.558084,0.065000
XZ,0.5000,0.7241,0.5000,-0.7241,0.558834,0.090000
XZ,0.5000,0.7241,0.5000,-0.6552,0.559572,0.071000
XZ,0.5000,0.7241,0.5000,-0.5862,0.560298,0.081000
XZ,0.5000,0.7241,0.5000,-0.5172,0.561012,0.084000
XZ,0.5000,0.7241,0.5000,-0.4483,0.561713,0.071000
XZ,0.5000,0.7241,0.5000,-0.3793,0.562402,0.070000
XZ,0.5000,0.7241,0.5000,-0.3103,0.563079,0.077000
XZ,0.5000,0.7241,0.5000,-0.2414,0.563743,0.095000
XZ,0.5000,0.7241,0.5000,-0.1724,0.564395,0.076000
XZ,0.5000,0.7241,0.5000,-0.1034,0.565033,0.067000
XZ,0.5000,0.7241,0.5000,-0.0345,0.565660,0.086000
XZ,0.5000,0.7241,0.5000,0.0345,0.566273,0.070000
XZ,0.5000,0.7241,0.5000,0.1034,0.566874,0.080000
XZ,0.5000,0.7241,0.5000,0.1724,0.567462,0.089000
XZ,0.5000,0.7241,0.5000,0.2414,0.568038,0.080000
XZ,0.5000,0.7241,0.5000,0.3103,0.568601,0.086000
XZ,0.5000,0.7241,0.5000,0.3793,0.569151,0.082000
XZ,0.5000,0.7241,0.5000,0.4483,0.569689,0.083000
XZ,0.5000,0.7241,0.5000,0.5172,0.570214,0.074000
XZ,0.5000,0.7241,0.5000,0.5862,0.570727,0.075000
XZ,0.5000,0.7241,0.5000,0.6552,0.571228,0.078000
XZ,0.5000,0.7241,0.5000,0.7241,0.571716,0.082000
XZ,0.5000,0.7241,0.5000,0.7931,0.572192,0.076000
XZ,0.5000,0.7241,0.5000,0.8621,0.572656,0.093000
XZ,0.5000,0.7241,0.5000,0.9310,0.573108,0.095000
XZ,0.5000,0.7241,0.5000,1.0000,0.573548,0.090000
XZ,0.5000,0.7931,0.5000,-1.0000,0.563886,0.071000
XZ,0.5000,0.7931,0.5000,-0.9310,0.564604,0.066000
XZ,0.5000,0.7931,0.5000,-0.8621,0.565305,0.060000
XZ,0.5000,0.7931,0.5000,-0.7931,0.565989,0.062000
XZ,0.5000,0.7931,0.5000,-0.7241,0.566656,0.076000
XZ,0.5000,0.7931,0.5000,-0.6552,0.567305,0.061000
XZ,0.5000,0.7931,0.5000,-0.5862,0.567936,0.069000
XZ,0.5000,0.7931,0.5000,-0.5172,0.568549,0.057000
XZ,0.5000,0.7931,0.5000,-0.4483,0.569144,0.097000
XZ,0.5000,0.7931,0.5000,-0.3793,0.569720,0.069000
XZ,0.5000,0.7931,0.5000,-0.3103,0.570279,0.070000
XZ,0.5000,0.7931,0.5000,-0.2414,0.570818,0.081000
XZ,0.5000,0.7931,0.5000,-0.1724,0.571340,0.073000
XZ,0.5000,0.7931,0.5000,-0.1034,0.571842,0.064000
XZ,0.5000,0.7931,0.5000,-0.0345,0.572326,0.082000
XZ,0.5000,0.7931,0.5000,0.0345,0.572791,0.074000
XZ,0.5000,0.7931,0.5000,0.1034,0.573237,0.068000
XZ,0.5000,0.7931,0.5000,0.1724,0.573664,0.064000
XZ,0.5000,0.7931,0.5000,0.2414,0.574072,0.068000
XZ,0.5000,0.7931,0.5000,0.3103,0.574461,0.071000
XZ,0.5000,0.7931,0.5000,0.3793,0.574831,0.067000
XZ,0.5000,0.7931,0.5000,0.4483,0.575182,0.070000
XZ,0.5000,0.7931,0.5000,0.5172,0.575515,0.074000
XZ,0.5000,0.7931,0.5000,0.5862,0.575828,0.080000
XZ,0.5000,0.7931,0.5000,0.6552,0.576123,0.086000
XZ,0.5000,0.7931,0.5000,0.7241,0.576399,0.083000
XZ,0.5000,0.7931,0.5000,0.7931,0.576656,0.069000
XZ,0.5000,0.7931,0.5000,0.8621,0.576895,0.073000
XZ,0.5000,0.7931,0.5000,0.9310,0.577115,0.064000
XZ,0.5000,0.7931,0.5000,1.0000,0.577318,0.074000
XZ,0.5000,0.8621,0.5000,-1.0000,0.578983,0.045000
XZ,0.5000,0.8621,0.5000,-0.9310,0.579755,0.049000
XZ,0.5000,0.8621,0.5000,-0.8621,0.580506,0.051000
XZ,0.5000,0.8621,0.5000,-0.7931,0.581237,0.053000
XZ,0.5000,0.8621,0.5000,-0.7241,0.581947,0.060000
XZ,0.5000,0.8621,0.5000,-0.6552,0.582636,0.054000
XZ,0.5000,0.8621,0.5000,-0.5862,0.583304,0.038000
XZ,0.5000,0.8621,0.5000,-0.5172,0.583950,0.044000
XZ,0.5000,0.8621,0.5000,-0.4483,0.584574,0.043000
XZ,0.5000,0.8621,0.5000,-0.3793,0.585177,0.046000
XZ,0.5000,0.8621,0.5000,-0.3103,0.585757,0.052000
XZ,0.5000,0.8621,0.5000,-0.2414,0.586314,0.039000
XZ,0.5000,0.8621,0.5000,-0.1724,0.586849,0.063000
XZ,0.5000,0.8621,0.5000,-0.1034,0.587361,0.054000
XZ,0.5000,0.8621,0.5000,-0.0345,0.587849,0.058000
XZ,0.5000,0.8621,0.5000,0.0345,0.588314,0.053000
XZ,0.5000,0.8621,0.5000,0.1034,0.588755,0.049000
XZ,0.5000,0.8621,0.5000,0.1724,0.589173,0.050000
XZ,0.5000,0.8621,0.5000,0.2414,0.589566,0.060000
XZ,0.5000,0.8621,0.5000,0.3103,0.589935,0.050000
XZ,0.5000,0.8621,0.5000,0.3793,0.590279,0.046000
XZ,0.5000,0.8621,0.5000,0.4483,0.590599,0.052000
XZ,0.5000,0.8621,0.5000,0.5172,0.590894,0.066000
XZ,0.5000,0.8621,0.5000,0.5862,0.591163,0.052000
XZ,0.5000,0.8621,0.5000,0.6552,0.591408,0.054000
XZ,0.5000,0.8621,0.5000,0.7241,0.591628,0.053000
XZ,0.5000,0.8621,0.5000,0.7931,0.591822,0.043000
XZ,0.5000,0.8621,0.5000,0.8621,0.591991,0.057000
XZ,0.5000,0.8621,0.5000,0.9310,0.592134,0.040000
XZ,0.5000,0.8621,0.5000,1.0000,0.592251,0.056000
XZ,0.5000,0.9310,0.5000,-1.0000,0.589692,0.025000
XZ,0.5000,0.9310,0.5000,-0.9310,0.590537,0.024000
XZ,0.5000,0.9310,0.5000,-0.8621,0.591365,0.036000
XZ,0.5000,0.9310,0.5000,-0.7931,0.592175,0.018000
XZ,0.5000,0.9310,0.5000,-0.7241,0.592968,0.019000
XZ,0.5000,0.9310,0.5000,-0.6552,0.593744,0.029000
XZ,0.5000,0.9310,0.5000,-0.5862,0.594501,0.028000
XZ,0.5000,0.9310,0.5000,-0.5172,0.595240,0.030000
XZ,0.5000,0.9310,0.5000,-0.4483,0.595960,0.029000
XZ,0.5000,0.9310,0.5000,-0.3793,0.596661,0.020000
XZ,0.5000,0.9310,0.5000,-0.3103,0.597343,0.018000
XZ,0.5000,0.9310,0.5000,-0.2414,0.598005,0.029000
XZ,0.5000,0.9310,0.5000,-0.1724,0.598648,0.031000
XZ,0.5000,0.9310,0.5000,-0.1034,0.599270,0.024000
XZ,0.5000,0.9310,0.5000,-0.0345,0.599871,0.022000
XZ,0.5000,0.9310,0.5000,0.0345,0.600451,0.027000
XZ,0.5000,0.9310,0.5000,0.1034,0.601010,0.027000
XZ,0.5000,0.9310,0.5000,0.1724,0.601547,0.025000
XZ,0.5000,0.9310,0.5000,0.2414,0.602061,0.021000
XZ,0.5000,0.9310,0.5000,0.3103,0.602554,0.022000
XZ,0.5000,0.9310,0.5000,0.3793,0.603023,0.025000
XZ,0.5000,0.9310,0.5000,0.4483,0.603469,0.022000
XZ,0.5000,0.9310,0.5000,0.5172,0.603892,0.026000
XZ,0.5000,0.9310,0.5000,0.5862,0.604291,0.018000
XZ,0.5000,0.9310,0.5000,0.6552,0.604665,0.020000
XZ,0.5000,0.9310,0.5000,0.7241,0.605015,0.027000
XZ,0.5000,0.9310,0.5000,0.7931,0.605340,0.021000
XZ,0.5000,0.9310,0.5000,0.8621,0.605639,0.024000
XZ,0.5000,0.9310,0.5000,0.9310,0.605913,0.024000
XZ,0.5000,0.9310,0.5000,1.0000,0.606161,0.014000
XZ,0.5000,1.0000,0.5000,-1.0000,0.587849,0.004000
XZ,0.5000,1.0000,0.5000,-0.9310,0.588668,0.003000
XZ,0.5000,1.0000,0.5000,-0.8621,0.589478,0.005000
XZ,0.5000,1.0000,0.5000,-0.7931,0.590280,0.007000
XZ,0.5000,1.0000,0.5000,-0.7241,0.591074,0.005000
XZ,0.5000,1.0000,0.5000,-0.6552,0.591858,0.004000
XZ,0.5000,1.0000,0.5000,-0.5862,0.592634,0.005000
XZ,0.5000,1.0000,0.5000,-0.5172,0.593399,0.006000
XZ,0.5000,1.0000,0.5000,-0.4483,0.594155,0.006000
XZ,0.5000,1.0000,0.5000,-0.3793,0.594901,0.002000
XZ,0.5000,1.0000,0.5000,-0.3103,0.595635,0.010000
XZ,0.5000,1.0000,0.5000,-0.2414,0.596359,0.004000
XZ,0.5000,1.0000,0.5000,-0.1724,0.597071,0.005000
XZ,0.5000,1.0000,0.5000,-0.1034,0.597771,0.003000
XZ,0.5000,1.0000,0.5000,-0.0345,0.598459,0.005000
XZ,0.5000,1.0000,0.5000,0.0345,0.599134,0.006000
XZ,0.5000,1.0000,0.5000,0.1034,0.599795,0.004000
XZ,0.5000,1.0000,0.5000,0.1724,0.600443,0.004000
XZ,0.5000,1.0000,0.5000,0.2414,0.601076,0.007000
XZ,0.5000,1.0000,0.5000,0.3103,0.601694,0.003000
XZ,0.5000,1.0000,0.5000,0.3793,0.602297,0.006000
XZ,0.5000,1.0000,0.5000,0.4483,0.602884,0.006000
XZ,0.5000,1.0000,0.5000,0.5172,0.603455,0.002000
XZ,0.5000,1.0000,0.5000,0.5862,0.604009,0.005000
XZ,0.5000,1.0000,0.5000,0.6552,0.604545,0.004000
XZ,0.5000,1.0000,0.5000,0.7241,0.605063,0.002000
XZ,0.5000,1.0000,0.5000,0.7931,0.605563,0.004000
XZ,0.5000,1.0000,0.5000,0.8621,0.606044,0.003000
XZ,0.5000,1.0000,0.5000,0.9310,0.606505,0.001000
XZ,0.5000,1.0000,0.5000,1.0000,0.606947,0.005000
XZ,1.0000,-1.0000,1.0000,-1.0000,0.519694,0.008000
XZ,1.0000,-1.0000,1.0000,-0.9310,0.520012,0.020000
XZ,1.0000,-1.0000,1.0000,-0.8621,0.520329,0.011000
XZ,1.0000,-1.0000,1.0000,-0.7931,0.520644,0.014000
XZ,1.0000,-1.0000,1.0000,-0.7241,0.520957,0.014000
XZ,1.0000,-1.0000,1.0000,-0.6552,0.521268,0.017000
XZ,1.0000,-1.0000,1.0000,-0.5862,0.521577,0.017000
XZ,1.0000,-1.0000,1.0000,-0.5172,0.521884,0.007000
XZ,1.0000,-1.0000,1.0000,-0.4483,0.522190,0.015000
XZ,1.0000,-1.0000,1.0000,-0.3793,0.522493,0.014000
XZ,1.0000,-1.0000,1.0000,-0.3103,0.522795,0.024000
XZ,1.0000,-1.0000,1.0000,-0.2414,0.523094,0.017000
XZ,1.0000,-1.0000,1.0000,-0.1724,0.523392,0.017000
XZ,1.0000,-1.0000,1.0000,-0.1034,0.523687,0.021000
XZ,1.0000,-1.0000,1.0000,-0.0345,0.523980,0.022000
XZ,1.0000,-1.0000,1.0000,0.0345,0.524271,0.017000
XZ,1.0000,-1.0000,1.0000,0.1034,0.524560,0.016000
XZ,1.0000,-1.0000,1.0000,0.1724,0.524847,0.012000
XZ,1.0000,-1.0000,1.0000,0.2414,0.525132,0.016000
XZ,1.0000,-1.0000,1.0000,0.3103,0.525414,0.020000
XZ,1.0000,-1.0000,1.0000,0.3793,0.525694,0.022000
XZ,1.0000,-1.0000,1.0000,0.4483,0.525972,0.017000
XZ,1.0000,-1.0000,1.0000,0.5172,0.526248,0.019000
XZ,1.0000,-1.0000,1.0000,0.5862,0.526521,0.022000
XZ,1.0000,-1.0000,1.0000,0.6552,0.526792,0.023000
XZ,1.0000,-1.0000,1.0000,0.7241,0.527061,0.028000
XZ,1.0000,-1.0000,1.0000,0.7931,0.527328,0.018000
XZ,1.0000,-1.0000,1.0000,0.8621,0.527592,0.020000
XZ,1.0000,-1.0000,1.0000,0.9310,0.527854,0.016000
XZ,1.0000,-1.0000,1.0000,1.0000,0.528114,0.027000
XZ,1.0000,-0.9310,1.0000,-1.0000,0.506096,0.037000
XZ,1.0000,-0.9310,1.0000,-0.9310,0.506153,0.028000
XZ,1.0000,-0.9310,1.0000,-0.8621,0.506209,0.030000
XZ,1.0000,-0.9310,1.0000,-0.7931,0.506263,0.028000
XZ,1.0000,-0.9310,1.0000,-0.7241,0.506316,0.041000
XZ,1.0000,-0.9310,1.0000,-0.6552,0.506368,0.033000
XZ,1.0000,-0.9310,1.0000,-0.5862,0.506418,0.033000
XZ,1.0000,-0.9310,1.0000,-0.5172,0.506467,0.047000
XZ,1.0000,-0.9310,1.0000,-0.4483,0.506515,0.043000
XZ,1.0000,-0.9310,1.0000,-0.3793,0.506561,0.042000
XZ,1.0000,-0.9310,1.0000,-0.3103,0.506606,0.023000
XZ,1.0000,-0.9310,1.0000,-0.2414,0.506649,0.043000
XZ,1.0000,-0.9310,1.0000,-0.1724,0.506691,0.031000
XZ,1.0000,-0.9310,1.0000,-0.1034,0.506732,0.050000
XZ,1.0000,-0.9310,1.0000,-0.0345,0.506772,0.053000
XZ,1.0000,-0.9310,1.0000,0.0345,0.506810,0.044000
XZ,1.0000,-0.9310,1.0000,0.1034,0.506848,0.045000
XZ,1.0000,-0.9310,1.0000,0.1724,0.506884,0.030000
XZ,1.0000,-0.9310,1.0000,0.2414,0.506918,0.036000
XZ,1.0000,-0.9310,1.0000,0.3103,0.506952,0.046000
XZ,1.0000,-0.9310,1.0000,0.3793,0.506984,0.045000
XZ,1.0000,-0.9310,1.0000,0.4483,0.507016,0.056000
XZ,1.0000,-0.9310,1.0000,0.5172,0.507046,0.056000
XZ,1.0000,-0.9310,1.0000,0.5862,0.507075,0.042000
XZ,1.0000,-0.9310,1.0000,0.6552,0.507103,0.064000
XZ,1.0000,-0.9310,1.0000,0.7241,0.507129,0.051000
XZ,1.0000,-0.9310,1.0000,0.7931,0.507155,0.077000
XZ,1.0000,-0.9310,1.0000,0.8621,0.507179,0.072000
XZ,1.0000,-0.9310,1.0000,0.9310,0.507203,0.061000
XZ,1.0000,-0.9310,1.0000,1.0000,0.507225,0.064000
XZ,1.0000,-0.8621,1.0000,-1.0000,0.485812,0.080000
XZ,1.0000,-0.8621,1.0000,-0.9310,0.485649,0.078000
XZ,1.0000,-0.8621,1.0000,-0.8621,0.485488,0.065000
XZ,1.0000,-0.8621,1.0000,-0.7931,0.485331,0.097000
XZ,1.0000,-0.8621,1.0000,-0.7241,0.485178,0.070000
XZ,1.0000,-0.8621,1.0000,-0.6552,0.485027,0.101000
XZ,1.0000,-0.8621,1.0000,-0.5862,0.484881,0.071000
XZ,1.0000,-0.8621,1.0000,-0.5172,0.484737,0.078000
XZ,1.0000,-0.8621,1.0000,-0.4483,0.484598,0.086000
XZ,1.0000,-0.8621,1.0000,-0.3793,0.484462,0.102000
XZ,1.0000,-0.8621,1.0000,-0.3103,0.484329,0.109000
XZ,1.0000,-0.8621,1.0000,-0.2414,0.484200,0.111000
XZ,1.0000,-0.8621,1.0000,-0.1724,0.484075,0.110000
XZ,1.0000,-0.8621,1.0000,-0.1034,0.483953,0.115000
XZ,1.0000,-0.8621,1.0000,-0.0345,0.483835,0.096000
XZ,1.0000,-0.8621,1.0000,0.0345,0.483721,0.104000
XZ,1.0000,-0.8621,1.0000,0.1034,0.483610,0.103000
XZ,1.0000,-0.8621,1.0000,0.1724,0.483503,0.129000
XZ,1.0000,-0.8621,1.0000,0.2414,0.483400,0.120000
XZ,1.0000,-0.8621,1.0000,0.3103,0.483301,0.131000
XZ,1.0000,-0.8621,1.0000,0.3793,0.483205,0.113000
XZ,1.0000,-0.8621,1.0000,0.4483,0.483114,0.128000
XZ,1.0000,-0.8621,1.0000,0.5172,0.483026,0.121000
XZ,1.0000,-0.8621,1.0000,0.5862,0.482942,0.125000
XZ,1.0000,-0.8621,1.0000,0.6552,0.482863,0.127000
XZ,1.0000,-0.8621,1.0000,0.7241,0.482787,0.139000
XZ,1.0000,-0.8621,1.0000,0.7931,0.482715,0.133000
XZ,1.0000,-0.8621,1.0000,0.8621,0.482647,0.137000
XZ,1.0000,-0.8621,1.0000,0.9310,0.482583,0.123000
XZ,1.0000,-0.8621,1.0000,1.0000,0.482523,0.124000
XZ,1.0000,-0.7931,1.0000,-1.0000,0.481342,0.138000
XZ,1.0000,-0.7931,1.0000,-0.9310,0.481276,0.149000
XZ,1.0000,-0.7931,1.0000,-0.8621,0.481217,0.135000
XZ,1.0000,-0.7931,1.0000,-0.7931,0.481167,0.133000
XZ,1.0000,-0.7931,1.0000,-0.7241,0.481126,0.162000
XZ,1.0000,-0.7931,1.0000,-0.6552,0.481092,0.150000
XZ,1.0000,-0.7931,1.0000,-0.5862,0.481067,0.153000
XZ,1.0000,-0.7931,1.0000,-0.5172,0.481050,0.165000
XZ,1.0000,-0.7931,1.0000,-0.4483,0.481042,0.161000
XZ,1.0000,-0.7931,1.0000,-0.3793,0.481041,0.192000
XZ,1.0000,-0.7931,1.0000,-0.3103,0.481049,0.170000
XZ,1.0000,-0.7931,1.0000,-0.2414,0.481065,0.169000
XZ,1.0000,-0.7931,1.0000,-0.1724,0.481089,0.177000
XZ,1.0000,-0.7931,1.0000,-0.1034,0.481121,0.211000
XZ,1.0000,-0.7931,1.0000,-0.0345,0.481160,0.178000
XZ,1.0000,-0.7931,1.0000,0.0345,0.481208,0.224000
XZ,1.0000,-0.7931,1.0000,0.1034,0.481264,0.177000
XZ,1.0000,-0.7931,1.0000,0.1724,0.481327,0.194000
XZ,1.0000,-0.7931,1.0000,0.2414,0.481399,0.229000
XZ,1.0000,-0.7931,1.0000,0.3103,0.481478,0.185000
XZ,1.0000,-0.7931,1.0000,0.3793,0.481565,0.218000
XZ,1.0000,-0.7931,1.0000,0.4483,0.481659,0.190000
XZ,1.0000,-0.7931,1.0000,0.5172,0.481761,0.232000
XZ,1.0000,-0.7931,1.0000,0.5862,0.481871,0.188000
XZ,1.0000,-0.7931,1.0000,0.6552,0.481988,0.200000
XZ,1.0000,-0.7931,1.0000,0.7241,0.482112,0.202000
XZ,1.0000,-0.7931,1.0000,0.7931,0.482244,0.202000
XZ,1.0000,-0.7931,1.0000,0.8621,0.482383,0.218000
XZ,1.0000,-0.7931,1.0000,0.9310,0.482530,0.231000
XZ,1.0000,-0.7931,1.0000,1.0000,0.482684,0.214000
XZ,1.0000,-0.7241,1.0000,-1.0000,0.485380,0.175000
XZ,1.0000,-0.7241,1.0000,-0.9310,0.485389,0.170000
XZ,1.0000,-0.7241,1.0000,-0.8621,0.485405,0.194000
XZ,1.0000,-0.7241,1.0000,-0.7931,0.485430,0.198000
XZ,1.0000,-0.7241,1.0000,-0.7241,0.485461,0.186000
XZ,1.0000,-0.7241,1.0000,-0.6552,0.485501,0.199000
XZ,1.0000,-0.7241,1.0000,-0.5862,0.485548,0.193000
XZ,1.0000,-0.7241,1.0000,-0.5172,0.485602,0.211000
XZ,1.0000,-0.7241,1.0000,-0.4483,0.485664,0.203000
XZ,1.0000,-0.7241,1.0000,-0.3793,0.485732,0.183000
XZ,1.0000,-0.7241,1.0000,-0.3103,0.485809,0.215000
XZ,1.0000,-0.7241,1.0000,-0.2414,0.485892,0.235000
XZ,1.0000,-0.7241,1.0000,-0.1724,0.485982,0.213000
XZ,1.0000,-0.7241,1.0000,-0.1034,0.486080,0.212000
XZ,1.0000,-0.7241,1.0000,-0.0345,0.486184,0.227000
XZ,1.0000,-0.7241,1.0000,0.0345,0.486295,0.216000
XZ,1.0000,-0.7241,1.0000,0.1034,0.486413,0.220000
XZ,1.0000,-0.7241,1.0000,0.1724,0.486537,0.254000
XZ,1.0000,-0.7241,1.0000,0.2414,0.486669,0.242000
XZ,1.0000,-0.7241,1.0000,0.3103,0.486806,0.250000
XZ,1.0000,-0.7241,1.0000,0.3793,0.486951,0.262000
XZ,1.0000,-0.7241,1.0000,0.4483,0.487101,0.244000
XZ,1.0000,-0.7241,1.0000,0.5172,0.487258,0.253000
XZ,1.0000,-0.7241,1.0000,0.5862,0.487421,0.249000
XZ,1.0000,-0.7241,1.0000,0.6552,0.487591,0.254000
XZ,1.0000,-0.7241,1.0000,0.7241,0.487766,0.252000
XZ,1.0000,-0.7241,1.0000,0.7931,0.487947,0.262000
XZ,1.0000,-0.7241,1.0000,0.8621,0.488135,0.246000
XZ,1.0000,-0.7241,1.0000,0.9310,0.488328,0.264000
XZ,1.0000,-0.7241,1.0000,1.0000,0.488527,0.271000
XZ,1.0000,-0.6552,1.0000,-1.0000,0.492930,0.164000
XZ,1.0000,-0.6552,1.0000,-0.9310,0.492948,0.167000
XZ,1.0000,-0.6552,1.0000,-0.8621,0.492969,0.184000
XZ,1.0000,-0.6552,1.0000,-0.7931,0.492994,0.182000
XZ,1.0000,-0.6552,1.0000,-0.7241,0.493023,0.202000
XZ,1.0000,-0.6552,1.0000,-0.6552,0.493054,0.212000
XZ,1.0000,-0.6552,1.0000,-0.5862,0.493089,0.179000
XZ,1.0000,-0.6552,1.0000,-0.5172,0.493127,0.222000
XZ,1.0000,-0.6552,1.0000,-0.4483,0.493168,0.232000
XZ,1.0000,-0.6552,1.0000,-0.3793,0.493212,0.198000
XZ,1.0000,-0.6552,1.0000,-0.3103,0.493260,0.187000
XZ,1.0000,-0.6552,1.0000,-0.2414,0.493310,0.202000
XZ,1.0000,-0.6552,1.0000,-0.1724,0.493363,0.213000
XZ,1.0000,-0.6552,1.0000,-0.1034,0.493419,0.209000
XZ,1.0000,-0.6552,1.0000,-0.0345,0.493478,0.243000
XZ,1.0000,-0.6552,1.0000,0.0345,0.493540,0.242000
XZ,1.0000,-0.6552,1.0000,0.1034,0.493604,0.234000
XZ,1.0000,-0.6552,1.0000,0.1724,0.493671,0.229000
XZ,1.0000,-0.6552,1.0000,0.2414,0.493740,0.253000
XZ,1.0000,-0.6552,1.0000,0.3103,0.493812,0.236000
XZ,1.0000,-0.6552,1.0000,0.3793,0.493886,0.263000
XZ,1.0000,-0.6552,1.0000,0.4483,0.493963,0.269000
XZ,1.0000,-0.6552,1.0000,0.5172,0.494042,0.258000
XZ,1.0000,-0.6552,1.0000,0.5862,0.494123,0.264000
XZ,1.0000,-0.6552,1.0000,0.6552,0.494207,0.260000
XZ,1.0000,-0.6552,1.0000,0.7241,0.494293,0.242000
XZ,1.0000,-0.6552,1.0000,0.7931,0.494381,0.277000
XZ,1.0000,-0.6552,1.0000,0.8621,0.494471,0.259000
XZ,1.0000,-0.6552,1.0000,0.9310,0.494563,0.287000
XZ,1.0000,-0.6552,1.0000,1.0000,0.494657,0.289000
XZ,1.0000,-0.5862,1.0000,-1.0000,0.500576,0.158000
XZ,1.0000,-0.5862,1.0000,-0.9310,0.500568,0.155000
XZ,1.0000,-0.5862,1.0000,-0.8621,0.500559,0.142000
XZ,1.0000,-0.5862,1.0000,-0.7931,0.500549,0.164000
XZ,1.0000,-0.5862,1.0000,-0.7241,0.500538,0.182000
XZ,1.0000,-0.5862,1.0000,-0.6552,0.500525,0.152000
XZ,1.0000,-0.5862,1.0000,-0.5862,0.500510,0.175000
XZ,1.0000,-0.5862,1.0000,-0.5172,0.500494,0.167000
XZ,1.0000,-0.5862,1.0000,-0.4483,0.500476,0.171000
XZ,1.0000,-0.5862,1.0000,-0.3793,0.500457,0.187000
XZ,1.0000,-0.5862,1.0000,-0.3103,0.500437,0.164000
XZ,1.0000,-0.5862,1.0000,-0.2414,0.500414,0.183000
XZ,1.0000,-0.5862,1.0000,-0.1724,0.500390,0.181000
XZ,1.0000,-0.5862,1.0000,-0.1034,0.500365,0.207000
XZ,1.0000,-0.5862,1.0000,-0.0345,0.500338,0.186000
XZ,1.0000,-0.5862,1.0000,0.0345,0.500309,0.181000
XZ,1.0000,-0.5862,1.0000,0.1034,0.500278,0.203000
XZ,1.0000,-0.5862,1.0000,0.1724,0.500246,0.216000
XZ,1.0000,-0.5862,1.0000,0.2414,0.500212,0.193000
XZ,1.0000,-0.5862,1.0000,0.3103,0.500176,0.215000
XZ,1.0000,-0.5862,1.0000,0.3793,0.500138,0.230000
XZ,1.0000,-0.5862,1.0000,0.4483,0.500099,0.208000
XZ,1.0000,-0.5862,1.0000,0.5172,0.500058,0.188000
XZ,1.0000,-0.5862,1.0000,0.5862,0.500015,0.216000
XZ,1.0000,-0.5862,1.0000,0.6552,0.499970,0.219000
XZ,1.0000,-0.5862,1.0000,0.7241,0.499923,0.190000
XZ,1.0000,-0.5862,1.0000,0.7931,0.499875,0.216000
XZ,1.0000,-0.5862,1.0000,0.8621,0.499825,0.196000
XZ,1.0000,-0.5862,1.0000,0.9310,0.499773,0.227000
XZ,1.0000,-0.5862,1.0000,1.0000,0.499719,0.222000
XZ,1.0000,-0.5172,1.0000,-1.0000,0.503823,0.102000
XZ,1.0000,-0.5172,1.0000,-0.9310,0.503761,0.094000
XZ,1.0000,-0.5172,1.0000,-0.8621,0.503695,0.097000
XZ,1.0000,-0.5172,1.0000,-0.7931,0.503625,0.126000
XZ,1.0000,-0.5172,1.0000,-0.7241,0.503551,0.101000
XZ,1.0000,-0.5172,1.0000,-0.6552,0.503472,0.105000
XZ,1.0000,-0.5172,1.0000,-0.5862,0.503389,0.113000
XZ,1.0000,-0.5172,1.0000,-0.5172,0.503301,0.119000
XZ,1.0000,-0.5172,1.0000,-0.4483,0.503209,0.101000
XZ,1.0000,-0.5172,1.0000,-0.3793,0.503114,0.114000
XZ,1.0000,-0.5172,1.0000,-0.3103,0.503013,0.129000
XZ,1.0000,-0.5172,1.0000,-0.2414,0.502909,0.136000
XZ,1.0000,-0.5172,1.0000,-0.1724,0.502800,0.114000
XZ,1.0000,-0.5172,1.0000,-0.1034,0.502688,0.132000
XZ,1.0000,-0.5172,1.0000,-0.0345,0.502571,0.125000
XZ,1.0000,-0.5172,1.0000,0.0345,0.502450,0.130000
XZ,1.0000,-0.5172,1.0000,0.1034,0.502325,0.139000
XZ,1.0000,-0.5172,1.0000,0.1724,0.502196,0.126000
XZ,1.0000,-0.5172,1.0000,0.2414,0.502062,0.122000
XZ,1.0000,-0.5172,1.0000,0.3103,0.501925,0.121000
XZ,1.0000,-0.5172,1.0000,0.3793,0.501784,0.128000
XZ,1.0000,-0.5172,1.0000,0.4483,0.501638,0.149000
XZ,1.0000,-0.5172,1.0000,0.5172,0.501489,0.126000
XZ,1.0000,-0.5172,1.0000,0.5862,0.501336,0.141000
XZ,1.0000,-0.5172,1.0000,0.6552,0.501179,0.141000
XZ,1.0000,-0.5172,1.0000,0.7241,0.501018,0.151000
XZ,1.0000,-0.5172,1.0000,0.7931,0.500853,0.164000
XZ,1.0000,-0.5172,1.0000,0.8621,0.500684,0.150000
XZ,1.0000,-0.5172,1.0000,0.9310,0.500512,0.139000
XZ,1.0000,-0.5172,1.0000,1.0000,0.500336,0.171000
XZ,1.0000,-0.4483,1.0000,-1.0000,0.497783,0.049000
XZ,1.0000,-0.4483,1.0000,-0.9310,0.497594,0.051000
XZ,1.0000,-0.4483,1.0000,-0.8621,0.497401,0.047000
XZ,1.0000,-0.4483,1.0000,-0.7931,0.497203,0.043000
XZ,1.0000,-0.4483,1.0000,-0.7241,0.497001,0.052000
XZ,1.0000,-0.4483,1.0000,-0.6552,0.496795,0.058000
XZ,1.0000,-0.4483,1.0000,-0.5862,0.496584,0.048000
XZ,1.0000,-0.4483,1.0000,-0.5172,0.496369,0.042000
XZ,1.0000,-0.4483,1.0000,-0.4483,0.496150,0.054000
XZ,1.0000,-0.4483,1.0000,-0.3793,0.495927,0.053000
XZ,1.0000,-0.4483,1.0000,-0.3103,0.495700,0.060000
XZ,1.0000,-0.4483,1.0000,-0.2414,0.495469,0.067000
XZ,1.0000,-0.4483,1.0000,-0.1724,0.495234,0.046000
XZ,1.0000,-0.4483,1.0000,-0.1034,0.494994,0.056000
XZ,1.0000,-0.4483,1.0000,-0.0345,0.494751,0.057000
XZ,1.0000,-0.4483,1.0000,0.0345,0.494504,0.060000
XZ,1.0000,-0.4483,1.0000,0.1034,0.494253,0.061000
XZ,1.0000,-0.4483,1.0000,0.1724,0.493999,0.066000
XZ,1.0000,-0.4483,1.0000,0.2414,0.493740,0.073000
XZ,1.0000,-0.4483,1.0000,0.3103,0.493478,0.077000
XZ,1.0000,-0.4483,1.0000,0.3793,0.493212,0.078000
XZ,1.0000,-0.4483,1.0000,0.4483,0.492943,0.074000
XZ,1.0000,-0.4483,1.0000,0.5172,0.492670,0.083000
XZ,1.0000,-0.4483,1.0000,0.5862,0.492394,0.054000
XZ,1.0000,-0.4483,1.0000,0.6552,0.492114,0.076000
XZ,1.0000,-0.4483,1.0000,0.7241,0.491830,0.081000
XZ,1.0000,-0.4483,1.0000,0.7931,0.491544,0.072000
XZ,1.0000,-0.4483,1.0000,0.8621,0.491253,0.064000
XZ,1.0000,-0.4483,1.0000,0.9310,0.490960,0.076000
XZ,1.0000,-0.4483,1.0000,1.0000,0.490663,0.068000
XZ,1.0000,-0.3793,1.0000,-1.0000,0.489938,0.019000
XZ,1.0000,-0.3793,1.0000,-0.9310,0.489737,0.024000
XZ,1.0000,-0.3793,1.0000,-0.8621,0.489534,0.024000
XZ,1.0000,-0.3793,1.0000,-0.7931,0.489331,0.027000
XZ,1.0000,-0.3793,1.0000,-0.7241,0.489126,0.016000
XZ,1.0000,-0.3793,1.0000,-0.6552,0.488921,0.022000
XZ,1.0000,-0.3793,1.0000,-0.5862,0.488716,0.015000
XZ,1.0000,-0.3793,1.0000,-0.5172,0.488509,0.023000
XZ,1.0000,-0.3793,1.0000,-0.4483,0.488302,0.028000
XZ,1.0000,-0.3793,1.0000,-0.3793,0.488094,0.020000
XZ,1.0000,-0.3793,1.0000,-0.3103,0.487885,0.015000
XZ,1.0000,-0.3793,1.0000,-0.2414,0.487676,0.019000
XZ,1.0000,-0.3793,1.0000,-0.1724,0.487465,0.024000
XZ,1.0000,-0.3793,1.0000,-0.1034,0.487254,0.018000
XZ,1.0000,-0.3793,1.0000,-0.0345,0.487042,0.033000
XZ,1.0000,-0.3793,1.0000,0.0345,0.486829,0.035000
XZ,1.0000,-0.3793,1.0000,0.1034,0.486616,0.029000
XZ,1.0000,-0.3793,1.0000,0.1724,0.486402,0.022000
XZ,1.0000,-0.3793,1.0000,0.2414,0.486186,0.027000
XZ,1.0000,-0.3793,1.0000,0.3103,0.485970,0.030000
XZ,1.0000,-0.3793,1.0000,0.3793,0.485754,0.027000
XZ,1.0000,-0.3793,1.0000,0.4483,0.485536,0.037000
XZ,1.0000,-0.3793,1.0000,0.5172,0.485318,0.026000
XZ,1.0000,-0.3793,1.0000,0.5862,0.485098,0.026000
XZ,1.0000,-0.3793,1.0000,0.6552,0.484878,0.033000
XZ,1.0000,-0.3793,1.0000,0.7241,0.484657,0.031000
XZ,1.0000,-0.3793,1.0000,0.7931,0.484435,0.038000
XZ,1.0000,-0.3793,1.0000,0.8621,0.484213,0.035000
XZ,1.0000,-0.3793,1.0000,0.9310,0.483989,0.043000
XZ,1.0000,-0.3793,1.0000,1.0000,0.483765,0.038000
XZ,1.0000,-0.3103,1.0000,-1.0000,0.542572,0.023000
XZ,1.0000,-0.3103,1.0000,-0.9310,0.543246,0.021000
XZ,1.0000,-0.3103,1.0000,-0.8621,0.543916,0.019000
XZ,1.0000,-0.3103,1.0000,-0.7931,0.544583,0.034000
XZ,1.0000,-0.3103,1.0000,-0.7241,0.545247,0.015000
XZ,1.0000,-0.3103,1.0000,-0.6552,0.545908,0.024000
XZ,1.0000,-0.3103,1.0000,-0.5862,0.546565,0.033000
XZ,1.0000,-0.3103,1.0000,-0.5172,0.547219,0.022000
XZ,1.0000,-0.3103,1.0000,-0.4483,0.547869,0.020000
XZ,1.0000,-0.3103,1.0000,-0.3793,0.548516,0.024000
XZ,1.0000,-0.3103,1.0000,-0.3103,0.549159,0.035000
XZ,1.0000,-0.3103,1.0000,-0.2414,0.549799,0.029000
XZ,1.0000,-0.3103,1.0000,-0.1724,0.550435,0.021000
XZ,1.0000,-0.3103,1.0000,-0.1034,0.551067,0.038000
XZ,1.0000,-0.3103,1.0000,-0.0345,0.551695,0.030000
XZ,1.0000,-0.3103,1.0000,0.0345,0.552319,0.049000
XZ,1.0000,-0.3103,1.0000,0.1034,0.552939,0.037000
XZ,1.0000,-0.3103,1.0000,0.1724,0.553556,0.032000
XZ,1.0000,-0.3103,1.0000,0.2414,0.554168,0.035000
XZ,1.0000,-0.3103,1.0000,0.3103,0.554776,0.043000
XZ,1.0000,-0.3103,1.0000,0.3793,0.555380,0.042000
XZ,1.0000,-0.3103,1.0000,0.4483,0.555980,0.044000
XZ,1.0000,-0.3103,1.0000,0.5172,0.556576,0.040000
XZ,1.0000,-0.3103,1.0000,0.5862,0.557167,0.051000
XZ,1.0000,-0.3103,1.0000,0.6552,0.557754,0.049000
XZ,1.0000,-0.3103,1.0000,0.7241,0.558337,0.049000
XZ,1.0000,-0.3103,1.0000,0.7931,0.558915,0.048000
XZ,1.0000,-0.3103,1.0000,0.8621,0.559489,0.038000
XZ,1.0000,-0.3103,1.0000,0.9310,0.560058,0.046000
XZ,1.0000,-0.3103,1.0000,1.0000,0.560622,0.061000
XZ,1.0000,-0.2414,1.0000,-1.0000,0.612440,0.051000
XZ,1.0000,-0.2414,1.0000,-0.9310,0.614248,0.050000
XZ,1.0000,-0.2414,1.0000,-0.8621,0.616049,0.063000
XZ,1.0000,-0.2414,1.0000,-0.7931,0.617843,0.079000
XZ,1.0000,-0.2414,1.0000,-0.7241,0.619631,0.053000
XZ,1.0000,-0.2414,1.0000,-0.6552,0.621411,0.058000
XZ,1.0000,-0.2414,1.0000,-0.5862,0.623184,0.073000
XZ,1.0000,-0.2414,1.0000,-0.5172,0.624951,0.058000
XZ,1.0000,-0.2414,1.0000,-0.4483,0.626710,0.066000
XZ,1.0000,-0.2414,1.0000,-0.3793,0.628461,0.077000
XZ,1.0000,-0.2414,1.0000,-0.3103,0.630206,0.080000
XZ,1.0000,-0.2414,1.0000,-0.2414,0.631942,0.081000
XZ,1.0000,-0.2414,1.0000,-0.1724,0.633671,0.081000
XZ,1.0000,-0.2414,1.0000,-0.1034,0.635392,0.086000
XZ,1.0000,-0.2414,1.0000,-0.0345,0.637106,0.082000
XZ,1.0000,-0.2414,1.0000,0.0345,0.638811,0.101000
XZ,1.0000,-0.2414,1.0000,0.1034,0.640508,0.089000
XZ,1.0000,-0.2414,1.0000,0.1724,0.642197,0.089000
XZ,1.0000,-0.2414,1.0000,0.2414,0.643878,0.098000
XZ,1.0000,-0.2414,1.0000,0.3103,0.645550,0.106000
XZ,1.0000,-0.2414,1.0000,0.3793,0.647214,0.097000
XZ,1.0000,-0.2414,1.0000,0.4483,0.648870,0.105000
XZ,1.0000,-0.2414,1.0000,0.5172,0.650516,0.106000
XZ,1.0000,-0.2414,1.0000,0.5862,0.652154,0.115000
XZ,1.0000,-0.2414,1.0000,0.6552,0.653783,0.117000
XZ,1.0000,-0.2414,1.0000,0.7241,0.655403,0.125000
XZ,1.0000,-0.2414,1.0000,0.7931,0.657014,0.110000
XZ,1.0000,-0.2414,1.0000,0.8621,0.658616,0.126000
XZ,1.0000,-0.2414,1.0000,0.9310,0.660209,0.125000
XZ,1.0000,-0.2414,1.0000,1.0000,0.661792,0.108000
XZ,1.0000,-0.1724,1.0000,-1.0000,0.671271,0.103000
XZ,1.0000,-0.1724,1.0000,-0.9310,0.674007,0.127000
XZ,1.0000,-0.1724,1.0000,-0.8621,0.676733,0.106000
XZ,1.0000,-0.1724,1.0000,-0.7931,0.679448,0.118000
XZ,1.0000,-0.1724,1.0000,-0.7241,0.682151,0.113000
XZ,1.0000,-0.1724,1.0000,-0.6552,0.684844,0.124000
XZ,1.0000,-0.1724,1.0000,-0.5862,0.687525,0.145000
XZ,1.0000,-0.1724,1.0000,-0.5172,0.690194,0.137000
XZ,1.0000,-0.1724,1.0000,-0.4483,0.692852,0.149000
XZ,1.0000,-0.1724,1.0000,-0.3793,0.695498,0.135000
XZ,1.0000,-0.1724,1.0000,-0.3103,0.698132,0.150000
XZ,1.0000,-0.1724,1.0000,-0.2414,0.700754,0.163000
XZ,1.0000,-0.1724,1.0000,-0.1724,0.703363,0.172000
XZ,1.0000,-0.1724,1.0000,-0.1034,0.705960,0.172000
XZ,1.0000,-0.1724,1.0000,-0.0345,0.708545,0.158000
XZ,1.0000,-0.1724,1.0000,0.0345,0.711116,0.158000
XZ,1.0000,-0.1724,1.0000,0.1034,0.713675,0.176000
XZ,1.0000,-0.1724,1.0000,0.1724,0.716221,0.172000
XZ,1.0000,-0.1724,1.0000,0.2414,0.718753,0.188000
XZ,1.0000,-0.1724,1.0000,0.3103,0.721273,0.195000
XZ,1.0000,-0.1724,1.0000,0.3793,0.723778,0.185000
XZ,1.0000,-0.1724,1.0000,0.4483,0.726270,0.187000
XZ,1.0000,-0.1724,1.0000,0.5172,0.728748,0.177000
XZ,1.0000,-0.1724,1.0000,0.5862,0.731213,0.202000
XZ,1.0000,-0.1724,1.0000,0.6552,0.733663,0.198000
XZ,1.0000,-0.1724,1.0000,0.7241,0.736099,0.204000
XZ,1.0000,-0.1724,1.0000,0.7931,0.738520,0.217000
XZ,1.0000,-0.1724,1.0000,0.8621,0.740928,0.228000
XZ,1.0000,-0.1724,1.0000,0.9310,0.743320,0.211000
XZ,1.0000,-0.1724,1.0000,1.0000,0.745698,0.221000
XZ,1.0000,-0.1034,1.0000,-1.0000,0.708147,0.177000
XZ,1.0000,-0.1034,1.0000,-0.9310,0.711390,0.179000
XZ,1.0000,-0.1034,1.0000,-0.8621,0.714617,0.166000
XZ,1.0000,-0.1034,1.0000,-0.7931,0.717827,0.180000
XZ,1.0000,-0.1034,1.0000,-0.7241,0.721021,0.191000
XZ,1.0000,-0.1034,1.0000,-0.6552,0.724198,0.201000
XZ,1.0000,-0.1034,1.0000,-0.5862,0.727357,0.193000
XZ,1.0000,-0.1034,1.0000,-0.5172,0.730500,0.208000
XZ,1.0000,-0.1034,1.0000,-0.4483,0.733625,0.217000
XZ,1.0000,-0.1034,1.0000,-0.3793,0.736732,0.186000
XZ,1.0000,-0.1034,1.0000,-0.3103,0.739822,0.210000
XZ,1.0000,-0.1034,1.0000,-0.2414,0.742893,0.203000
XZ,1.0000,-0.1034,1.0000,-0.1724,0.745946,0.233000
XZ,1.0000,-0.1034,1.0000,-0.1034,0.748981,0.221000
XZ,1.0000,-0.1034,1.0000,-0.0345,0.751997,0.245000
XZ,1.0000,-0.1034,1.0000,0.0345,0.754994,0.262000
XZ,1.0000,-0.1034,1.0000,0.1034,0.757973,0.255000
XZ,1.0000,-0.1034,1.0000,0.1724,0.760932,0.275000
XZ,1.0000,-0.1034,1.0000,0.2414,0.763872,0.254000
XZ,1.0000,-0.1034,1.0000,0.3103,0.766792,0.281000
XZ,1.0000,-0.1034,1.0000,0.3793,0.769692,0.265000
XZ,1.0000,-0.1034,1.0000,0.4483,0.772573,0.308000
XZ,1.0000,-0.1034,1.0000,0.5172,0.775433,0.292000
XZ,1.0000,-0.1034,1.0000,0.5862,0.778274,0.301000
XZ,1.0000,-0.1034,1.0000,0.6552,0.781094,0.312000
XZ,1.0000,-0.1034,1.0000,0.7241,0.783893,0.321000
XZ,1.0000,-0.1034,1.0000,0.7931,0.786672,0.326000
XZ,1.0000,-0.1034,1.0000,0.8621,0.789429,0.330000
XZ,1.0000,-0.1034,1.0000,0.9310,0.792166,0.340000
XZ,1.0000,-0.1034,1.0000,1.0000,0.794881,0.326000
XZ,1.0000,-0.0345,1.0000,-1.0000,0.719337,0.222000
XZ,1.0000,-0.0345,1.0000,-0.9310,0.722636,0.232000
XZ,1.0000,-0.0345,1.0000,-0.8621,0.725912,0.239000
XZ,1.0000,-0.0345,1.0000,-0.7931,0.729167,0.226000
XZ,1.0000,-0.0345,1.0000,-0.7241,0.732400,0.227000
XZ,1.0000,-0.0345,1.0000,-0.6552,0.735611,0.240000
XZ,1.0000,-0.0345,1.0000,-0.5862,0.738798,0.198000
XZ,1.0000,-0.0345,1.0000,-0.5172,0.741963,0.240000
XZ,1.0000,-0.0345,1.0000,-0.4483,0.745105,0.276000
XZ,1.0000,-0.0345,1.0000,-0.3793,0.748224,0.247000
XZ,1.0000,-0.0345,1.0000,-0.3103,0.751319,0.287000
XZ,1.0000,-0.0345,1.0000,-0.2414,0.754391,0.255000
XZ,1.0000,-0.0345,1.0000,-0.1724,0.757438,0.281000
XZ,1.0000,-0.0345,1.0000,-0.1034,0.760462,0.287000
XZ,1.0000,-0.0345,1.0000,-0.0345,0.763461,0.271000
XZ,1.0000,-0.0345,1.0000,0.0345,0.766435,0.312000
XZ,1.0000,-0.0345,1.0000,0.1034,0.769385,0.326000
XZ,1.0000,-0.0345,1.0000,0.1724,0.772310,0.305000
XZ,1.0000,-0.0345,1.0000,0.2414,0.775209,0.339000
XZ,1.0000,-0.0345,1.0000,0.3103,0.778084,0.337000
XZ,1.0000,-0.0345,1.0000,0.3793,0.780933,0.342000
XZ,1.0000,-0.0345,1.0000,0.4483,0.783756,0.334000
XZ,1.0000,-0.0345,1.0000,0.5172,0.786553,0.339000
XZ,1.0000,-0.0345,1.0000,0.5862,0.789324,0.329000
XZ,1.0000,-0.0345,1.0000,0.6552,0.792069,0.352000
XZ,1.0000,-0.0345,1.0000,0.7241,0.794787,0.387000
XZ,1.0000,-0.0345,1.0000,0.7931,0.797478,0.373000
XZ,1.0000,-0.0345,1.0000,0.8621,0.800143,0.369000
XZ,1.0000,-0.0345,1.0000,0.9310,0.802781,0.381000
XZ,1.0000,-0.0345,1.0000,1.0000,0.805391,0.391000
XZ,1.0000,0.0345,1.0000,-1.0000,0.707153,0.209000
XZ,1.0000,0.0345,1.0000,-0.9310,0.710174,0.218000
XZ,1.0000,0.0345,1.0000,-0.8621,0.713171,0.232000
XZ,1.0000,0.0345,1.0000,-0.7931,0.716144,0.268000
XZ,1.0000,0.0345,1.0000,-0.7241,0.719093,0.246000
XZ,1.0000,0.0345,1.0000,-0.6552,0.722017,0.227000
XZ,1.0000,0.0345,1.0000,-0.5862,0.724917,0.276000
XZ,1.0000,0.0345,1.0000,-0.5172,0.727792,0.263000
XZ,1.0000,0.0345,1.0000,-0.4483,0.730641,0.299000
XZ,1.0000,0.0345,1.0000,-0.3793,0.733465,0.280000
XZ,1.0000,0.0345,1.0000,-0.3103,0.736264,0.299000
XZ,1.0000,0.0345,1.0000,-0.2414,0.739036,0.295000
XZ,1.0000,0.0345,1.0000,-0.1724,0.741783,0.305000
XZ,1.0000,0.0345,1.0000,-0.1034,0.744503,0.337000
XZ,1.0000,0.0345,1.0000,-0.0345,0.747197,0.306000
XZ,1.0000,0.0345,1.0000,0.0345,0.749865,0.327000
XZ,1.0000,0.0345,1.0000,0.1034,0.752505,0.340000
XZ,1.0000,0.0345,1.0000,0.1724,0.755119,0.308000
XZ,1.0000,0.0345,1.0000,0.2414,0.757705,0.344000
XZ,1.0000,0.0345,1.0000,0.3103,0.760265,0.363000
XZ,1.0000,0.0345,1.0000,0.3793,0.762796,0.337000
XZ,1.0000,0.0345,1.0000,0.4483,0.765300,0.349000
XZ,1.0000,0.0345,1.0000,0.5172,0.767776,0.344000
XZ,1.0000,0.0345,1.0000,0.5862,0.770223,0.369000
XZ,1.0000,0.0345,1.0000,0.6552,0.772643,0.385000
XZ,1.0000,0.0345,1.0000,0.7241,0.775034,0.418000
XZ,1.0000,0.0345,1.0000,0.7931,0.777396,0.391000
XZ,1.0000,0.0345,1.0000,0.8621,0.779730,0.404000
XZ,1.0000,0.0345,1.0000,0.9310,0.782035,0.427000
XZ,1.0000,0.0345,1.0000,1.0000,0.784310,0.415000
XZ,1.0000,0.1034,1.0000,-1.0000,0.676875,0.204000
XZ,1.0000,0.1034,1.0000,-0.9310,0.679430,0.216000
XZ,1.0000,0.1034,1.0000,-0.8621,0.681966,0.224000
XZ,1.0000,0.1034,1.0000,-0.7931,0.684480,0.202000
XZ,1.0000,0.1034,1.0000,-0.7241,0.686973,0.190000
XZ,1.0000,0.1034,1.0000,-0.6552,0.689444,0.217000
XZ,1.0000,0.1034,1.0000,-0.5862,0.691895,0.261000
XZ,1.0000,0.1034,1.0000,-0.5172,0.694323,0.253000
XZ,1.0000,0.1034,1.0000,-0.4483,0.696730,0.244000
XZ,1.0000,0.1034,1.0000,-0.3793,0.699115,0.230000
XZ,1.0000,0.1034,1.0000,-0.3103,0.701478,0.262000
XZ,1.0000,0.1034,1.0000,-0.2414,0.703818,0.255000
XZ,1.0000,0.1034,1.0000,-0.1724,0.706136,0.262000
XZ,1.0000,0.1034,1.0000,-0.1034,0.708432,0.292000
XZ,1.0000,0.1034,1.0000,-0.0345,0.710705,0.263000
XZ,1.0000,0.1034,1.0000,0.0345,0.712955,0.305000
XZ,1.0000,0.1034,1.0000,0.1034,0.715182,0.301000
XZ,1.0000,0.1034,1.0000,0.1724,0.717385,0.293000
XZ,1.0000,0.1034,1.0000,0.2414,0.719566,0.318000
XZ,1.0000,0.1034,1.0000,0.3103,0.721723,0.347000
XZ,1.0000,0.1034,1.0000,0.3793,0.723856,0.330000
XZ,1.0000,0.1034,1.0000,0.4483,0.725966,0.307000
XZ,1.0000,0.1034,1.0000,0.5172,0.728052,0.333000
XZ,1.0000,0.1034,1.0000,0.5862,0.730114,0.333000
XZ,1.0000,0.1034,1.0000,0.6552,0.732152,0.357000
XZ,1.0000,0.1034,1.0000,0.7241,0.734166,0.336000
XZ,1.0000,0.1034,1.0000,0.7931,0.736155,0.349000
XZ,1.0000,0.1034,1.0000,0.8621,0.738120,0.340000
XZ,1.0000,0.1034,1.0000,0.9310,0.740061,0.353000
XZ,1.0000,0.1034,1.0000,1.0000,0.741977,0.394000
XZ,1.0000,0.1724,1.0000,-1.0000,0.633973,0.152000
XZ,1.0000,0.1724,1.0000,-0.9310,0.635948,0.151000
XZ,1.0000,0.1724,1.0000,-0.8621,0.637909,0.153000
XZ,1.0000,0.1724,1.0000,-0.7931,0.639856,0.163000
XZ,1.0000,0.1724,1.0000,-0.7241,0.641790,0.168000
XZ,1.0000,0.1724,1.0000,-0.6552,0.643709,0.175000
XZ,1.0000,0.1724,1.0000,-0.5862,0.645614,0.195000
XZ,1.0000,0.1724,1.0000,-0.5172,0.647505,0.190000
XZ,1.0000,0.1724,1.0000,-0.4483,0.649382,0.178000
XZ,1.0000,0.1724,1.0000,-0.3793,0.651244,0.187000
XZ,1.0000,0.1724,1.0000,-0.3103,0.653091,0.196000
XZ,1.0000,0.1724,1.0000,-0.2414,0.654925,0.215000
XZ,1.0000,0.1724,1.0000,-0.1724,0.656743,0.201000
XZ,1.0000,0.1724,1.0000,-0.1034,0.658547,0.200000
XZ,1.0000,0.1724,1.0000,-0.0345,0.660336,0.210000
XZ,1.0000,0.1724,1.0000,0.0345,0.662110,0.181000
XZ,1.0000,0.1724,1.0000,0.1034,0.663869,0.245000
XZ,1.0000,0.1724,1.0000,0.1724,0.665613,0.192000
XZ,1.0000,0.1724,1.0000,0.2414,0.667341,0.231000
XZ,1.0000,0.1724,1.0000,0.3103,0.669055,0.248000
XZ,1.0000,0.1724,1.0000,0.3793,0.670753,0.247000
XZ,1.0000,0.1724,1.0000,0.4483,0.672436,0.245000
XZ,1.0000,0.1724,1.0000,0.5172,0.674104,0.258000
XZ,1.0000,0.1724,1.0000,0.5862,0.675755,0.263000
XZ,1.0000,0.1724,1.0000,0.6552,0.677392,0.280000
XZ,1.0000,0.1724,1.0000,0.7241,0.679013,0.267000
XZ,1.0000,0.1724,1.0000,0.7931,0.680618,0.288000
XZ,1.0000,0.1724,1.0000,0.8621,0.682207,0.276000
XZ,1.0000,0.1724,1.0000,0.9310,0.683780,0.281000
XZ,1.0000,0.1724,1.0000,1.0000,0.685338,0.297000
XZ,1.0000,0.2414,1.0000,-1.0000,0.583699,0.078000
XZ,1.0000,0.2414,1.0000,-0.9310,0.584992,0.075000
XZ,1.0000,0.2414,1.0000,-0.8621,0.586280,0.091000
XZ,1.0000,0.2414,1.0000,-0.7931,0.587561,0.077000
XZ,1.0000,0.2414,1.0000,-0.7241,0.588836,0.094000
XZ,1.0000,0.2414,1.0000,-0.6552,0.590105,0.081000
XZ,1.0000,0.2414,1.0000,-0.5862,0.591368,0.103000
XZ,1.0000,0.2414,1.0000,-0.5172,0.592624,0.119000
XZ,1.0000,0.2414,1.0000,-0.4483,0.593874,0.101000
XZ,1.0000,0.2414,1.0000,-0.3793,0.595118,0.115000
XZ,1.0000,0.2414,1.0000,-0.3103,0.596355,0.136000
XZ,1.0000,0.2414,1.0000,-0.2414,0.597586,0.099000
XZ,1.0000,0.2414,1.0000,-0.1724,0.598810,0.126000
XZ,1.0000,0.2414,1.0000,-0.1034,0.600028,0.122000
XZ,1.0000,0.2414,1.0000,-0.0345,0.601239,0.146000
XZ,1.0000,0.2414,1.0000,0.0345,0.602444,0.126000
XZ,1.0000,0.2414,1.0000,0.1034,0.603642,0.130000
XZ,1.0000,0.2414,1.0000,0.1724,0.604834,0.119000
XZ,1.0000,0.2414,1.0000,0.2414,0.606019,0.144000
XZ,1.0000,0.2414,1.0000,0.3103,0.607197,0.146000
XZ,1.0000,0.2414,1.0000,0.3793,0.608368,0.152000
XZ,1.0000,0.2414,1.0000,0.4483,0.609533,0.148000
XZ,1.0000,0.2414,1.0000,0.5172,0.610691,0.145000
XZ,1.0000,0.2414,1.0000,0.5862,0.611842,0.143000
XZ,1.0000,0.2414,1.0000,0.6552,0.612986,0.159000
XZ,1.0000,0.2414,1.0000,0.7241,0.614123,0.174000
XZ,1.0000,0.2414,1.0000,0.7931,0.615253,0.161000
XZ,1.0000,0.2414,1.0000,0.8621,0.616377,0.177000
XZ,1.0000,0.2414,1.0000,0.9310,0.617493,0.170000
XZ,1.0000,0.2414,1.0000,1.0000,0.618603,0.179000
XZ,1.0000,0.3103,1.0000,-1.0000,0.532829,0.044000
XZ,1.0000,0.3103,1.0000,-0.9310,0.533395,0.039000
XZ,1.0000,0.3103,1.0000,-0.8621,0.533961,0.034000
XZ,1.0000,0.3103,1.0000,-0.7931,0.534527,0.031000
XZ,1.0000,0.3103,1.0000,-0.7241,0.535093,0.042000
XZ,1.0000,0.3103,1.0000,-0.6552,0.535658,0.038000
XZ,1.0000,0.3103,1.0000,-0.5862,0.536224,0.052000
XZ,1.0000,0.3103,1.0000,-0.5172,0.536788,0.057000
XZ,1.0000,0.3103,1.0000,-0.4483,0.537353,0.054000
XZ,1.0000,0.3103,1.0000,-0.3793,0.537917,0.063000
XZ,1.0000,0.3103,1.0000,-0.3103,0.538481,0.045000
XZ,1.0000,0.3103,1.0000,-0.2414,0.539044,0.053000
XZ,1.0000,0.3103,1.0000,-0.1724,0.539607,0.039000
XZ,1.0000,0.3103,1.0000,-0.1034,0.540169,0.056000
XZ,1.0000,0.3103,1.0000,-0.0345,0.540731,0.055000
XZ,1.0000,0.3103,1.0000,0.0345,0.541293,0.059000
XZ,1.0000,0.3103,1.0000,0.1034,0.541854,0.062000
XZ,1.0000,0.3103,1.0000,0.1724,0.542415,0.059000
XZ,1.0000,0.3103,1.0000,0.2414,0.542976,0.056000
XZ,1.0000,0.3103,1.0000,0.3103,0.543535,0.072000
XZ,1.0000,0.3103,1.0000,0.3793,0.544095,0.059000
XZ,1.0000,0.3103,1.0000,0.4483,0.544654,0.067000
XZ,1.0000,0.3103,1.0000,0.5172,0.545212,0.069000
XZ,1.0000,0.3103,1.0000,0.5862,0.545770,0.079000
XZ,1.0000,0.3103,1.0000,0.6552,0.546327,0.075000
XZ,1.0000,0.3103,1.0000,0.7241,0.546884,0.066000
XZ,1.0000,0.3103,1.0000,0.7931,0.547440,0.070000
XZ,1.0000,0.3103,1.0000,0.8621,0.547995,0.086000
XZ,1.0000,0.3103,1.0000,0.9310,0.548550,0.102000
XZ,1.0000,0.3103,1.0000,1.0000,0.549105,0.088000
XZ,1.0000,0.3793,1.0000,-1.0000,0.503326,0.016000
XZ,1.0000,0.3793,1.0000,-0.9310,0.503413,0.014000
XZ,1.0000,0.3793,1.0000,-0.8621,0.503501,0.021000
XZ,1.0000,0.3793,1.0000,-0.7931,0.503590,0.027000
XZ,1.0000,0.3793,1.0000,-0.7241,0.503681,0.013000
XZ,1.0000,0.3793,1.0000,-0.6552,0.503774,0.025000
XZ,1.0000,0.3793,1.0000,-0.5862,0.503868,0.022000
XZ,1.0000,0.3793,1.0000,-0.5172,0.503964,0.016000
XZ,1.0000,0.3793,1.0000,-0.4483,0.504061,0.018000
XZ,1.0000,0.3793,1.0000,-0.3793,0.504160,0.015000
XZ,1.0000,0.3793,1.0000,-0.3103,0.504261,0.013000
XZ,1.0000,0.3793,1.0000,-0.2414,0.504363,0.019000
XZ,1.0000,0.3793,1.0000,-0.1724,0.504467,0.020000
XZ,1.0000,0.3793,1.0000,-0.1034,0.504573,0.031000
XZ,1.0000,0.3793,1.0000,-0.0345,0.504680,0.024000
XZ,1.0000,0.3793,1.0000,0.0345,0.504789,0.029000
XZ,1.0000,0.3793,1.0000,0.1034,0.504900,0.027000
XZ,1.0000,0.3793,1.0000,0.1724,0.505012,0.022000
XZ,1.0000,0.3793,1.0000,0.2414,0.505127,0.035000
XZ,1.0000,0.3793,1.0000,0.3103,0.505242,0.016000
XZ,1.0000,0.3793,1.0000,0.3793,0.505360,0.023000
XZ,1.0000,0.3793,1.0000,0.4483,0.505480,0.033000
XZ,1.0000,0.3793,1.0000,0.5172,0.505601,0.029000
XZ,1.0000,0.3793,1.0000,0.5862,0.505724,0.030000
XZ,1.0000,0.3793,1.0000,0.6552,0.505849,0.040000
XZ,1.0000,0.3793,1.0000,0.7241,0.505975,0.029000
XZ,1.0000,0.3793,1.0000,0.7931,0.506104,0.036000
XZ,1.0000,0.3793,1.0000,0.8621,0.506234,0.040000
XZ,1.0000,0.3793,1.0000,0.9310,0.506366,0.032000
XZ,1.0000,0.3793,1.0000,1.0000,0.506499,0.042000
XZ,1.0000,0.4483,1.0000,-1.0000,0.539713,0.016000
XZ,1.0000,0.4483,1.0000,-0.9310,0.540268,0.009000
XZ,1.0000,0.4483,1.0000,-0.8621,0.540818,0.017000
XZ,1.0000,0.4483,1.0000,-0.7931,0.541364,0.012000
XZ,1.0000,0.4483,1.0000,-0.7241,0.541907,0.024000
XZ,1.0000,0.4483,1.0000,-0.6552,0.542445,0.007000
XZ,1.0000,0.4483,1.0000,-0.5862,0.542980,0.020000
XZ,1.0000,0.4483,1.0000,-0.5172,0.543511,0.018000
XZ,1.0000,0.4483,1.0000,-0.4483,0.544038,0.014000
XZ,1.0000,0.4483,1.0000,-0.3793,0.544561,0.024000
XZ,1.0000,0.4483,1.0000,-0.3103,0.545081,0.021000
XZ,1.0000,0.4483,1.0000,-0.2414,0.545597,0.021000
XZ,1.0000,0.4483,1.0000,-0.1724,0.546109,0.030000
XZ,1.0000,0.4483,1.0000,-0.1034,0.546617,0.022000
XZ,1.0000,0.4483,1.0000,-0.0345,0.547122,0.021000
XZ,1.0000,0.4483,1.0000,0.0345,0.547624,0.011000
XZ,1.0000,0.4483,1.0000,0.1034,0.548121,0.019000
XZ,1.0000,0.4483,1.0000,0.1724,0.548615,0.018000
XZ,1.0000,0.4483,1.0000,0.2414,0.549106,0.027000
XZ,1.0000,0.4483,1.0000,0.3103,0.549593,0.026000
XZ,1.0000,0.4483,1.0000,0.3793,0.550077,0.030000
XZ,1.0000,0.4483,1.0000,0.4483,0.550557,0.020000
XZ,1.0000,0.4483,1.0000,0.5172,0.551034,0.019000
XZ,1.0000,0.4483,1.0000,0.5862,0.551508,0.025000
XZ,1.0000,0.4483,1.0000,0.6552,0.551978,0.020000
XZ,1.0000,0.4483,1.0000,0.7241,0.552445,0.027000
XZ,1.0000,0.4483,1.0000,0.7931,0.552908,0.032000
XZ,1.0000,0.4483,1.0000,0.8621,0.553368,0.032000
XZ,1.0000,0.4483,1.0000,0.9310,0.553826,0.034000
XZ,1.0000,0.4483,1.0000,1.0000,0.554279,0.028000
XZ,1.0000,0.5172,1.0000,-1.0000,0.571343,0.021000
XZ,1.0000,0.5172,1.0000,-0.9310,0.572416,0.022000
XZ,1.0000,0.5172,1.0000,-0.8621,0.573483,0.031000
XZ,1.0000,0.5172,1.0000,-0.7931,0.574544,0.021000
XZ,1.0000,0.5172,1.0000,-0.7241,0.575600,0.021000
XZ,1.0000,0.5172,1.0000,-0.6552,0.576650,0.026000
XZ,1.0000,0.5172,1.0000,-0.5862,0.577694,0.019000
XZ,1.0000,0.5172,1.0000,-0.5172,0.578733,0.023000
XZ,1.0000,0.5172,1.0000,-0.4483,0.579766,0.022000
XZ,1.0000,0.5172,1.0000,-0.3793,0.580793,0.034000
XZ,1.0000,0.5172,1.0000,-0.3103,0.581815,0.023000
XZ,1.0000,0.5172,1.0000,-0.2414,0.582831,0.036000
XZ,1.0000,0.5172,1.0000,-0.1724,0.583841,0.027000
XZ,1.0000,0.5172,1.0000,-0.1034,0.584846,0.028000
XZ,1.0000,0.5172,1.0000,-0.0345,0.585845,0.037000
XZ,1.0000,0.5172,1.0000,0.0345,0.586838,0.035000
XZ,1.0000,0.5172,1.0000,0.1034,0.587826,0.024000
XZ,1.0000,0.5172,1.0000,0.1724,0.588808,0.021000
XZ,1.0000,0.5172,1.0000,0.2414,0.589785,0.030000
XZ,1.0000,0.5172,1.0000,0.3103,0.590756,0.037000
XZ,1.0000,0.5172,1.0000,0.3793,0.591721,0.034000
XZ,1.0000,0.5172,1.0000,0.4483,0.592681,0.030000
XZ,1.0000,0.5172,1.0000,0.5172,0.593635,0.028000
XZ,1.0000,0.5172,1.0000,0.5862,0.594583,0.033000
XZ,1.0000,0.5172,1.0000,0.6552,0.595526,0.032000
XZ,1.0000,0.5172,1.0000,0.7241,0.596463,0.037000
XZ,1.0000,0.5172,1.0000,0.7931,0.597395,0.034000
XZ,1.0000,0.5172,1.0000,0.8621,0.598321,0.040000
XZ,1.0000,0.5172,1.0000,0.9310,0.599241,0.034000
XZ,1.0000,0.5172,1.0000,1.0000,0.600156,0.045000
XZ,1.0000,0.5862,1.0000,-1.0000,0.583089,0.019000
XZ,1.0000,0.5862,1.0000,-0.9310,0.584393,0.029000
XZ,1.0000,0.5862,1.0000,-0.8621,0.585692,0.025000
XZ,1.0000,0.5862,1.0000,-0.7931,0.586985,0.020000
XZ,1.0000,0.5862,1.0000,-0.7241,0.588273,0.028000
XZ,1.0000,0.5862,1.0000,-0.6552,0.589555,0.030000
XZ,1.0000,0.5862,1.0000,-0.5862,0.590832,0.026000
XZ,1.0000,0.5862,1.0000,-0.5172,0.592104,0.026000
XZ,1.0000,0.5862,1.0000,-0.4483,0.593370,0.032000
XZ,1.0000,0.5862,1.0000,-0.3793,0.594631,0.025000
XZ,1.0000,0.5862,1.0000,-0.3103,0.595886,0.033000
XZ,1.0000,0.5862,1.0000,-0.2414,0.597135,0.034000
XZ,1.0000,0.5862,1.0000,-0.1724,0.598379,0.035000
XZ,1.0000,0.5862,1.0000,-0.1034,0.599618,0.024000
XZ,1.0000,0.5862,1.0000,-0.0345,0.600850,0.038000
XZ,1.0000,0.5862,1.0000,0.0345,0.602077,0.028000
XZ,1.0000,0.5862,1.0000,0.1034,0.603298,0.030000
XZ,1.0000,0.5862,1.0000,0.1724,0.604514,0.022000
XZ,1.0000,0.5862,1.0000,0.2414,0.605724,0.036000
XZ,1.0000,0.5862,1.0000,0.3103,0.606928,0.036000
XZ,1.0000,0.5862,1.0000,0.3793,0.608126,0.042000
XZ,1.0000,0.5862,1.0000,0.4483,0.609319,0.045000
XZ,1.0000,0.5862,1.0000,0.5172,0.610506,0.034000
XZ,1.0000,0.5862,1.0000,0.5862,0.611686,0.041000
XZ,1.0000,0.5862,1.0000,0.6552,0.612861,0.035000
XZ,1.0000,0.5862,1.0000,0.7241,0.614031,0.037000
XZ,1.0000,0.5862,1.0000,0.7931,0.615194,0.046000
XZ,1.0000,0.5862,1.0000,0.8621,0.616351,0.038000
XZ,1.0000,0.5862,1.0000,0.9310,0.617503,0.047000
XZ,1.0000,0.5862,1.0000,1.0000,0.618648,0.046000
XZ,1.0000,0.6552,1.0000,-1.0000,0.576215,0.016000
XZ,1.0000,0.6552,1.0000,-0.9310,0.577471,0.019000
XZ,1.0000,0.6552,1.0000,-0.8621,0.578725,0.023000
XZ,1.0000,0.6552,1.0000,-0.7931,0.579974,0.022000
XZ,1.0000,0.6552,1.0000,-0.7241,0.581221,0.028000
XZ,1.0000,0.6552,1.0000,-0.6552,0.582464,0.017000
XZ,1.0000,0.6552,1.0000,-0.5862,0.583704,0.021000
XZ,1.0000,0.6552,1.0000,-0.5172,0.584940,0.018000
XZ,1.0000,0.6552,1.0000,-0.4483,0.586172,0.024000
XZ,1.0000,0.6552,1.0000,-0.3793,0.587401,0.028000
XZ,1.0000,0.6552,1.0000,-0.3103,0.588627,0.020000
XZ,1.0000,0.6552,1.0000,-0.2414,0.589848,0.028000
XZ,1.0000,0.6552,1.0000,-0.1724,0.591066,0.032000
XZ,1.0000,0.6552,1.0000,-0.1034,0.592281,0.032000
XZ,1.0000,0.6552,1.0000,-0.0345,0.593491,0.019000
XZ,1.0000,0.6552,1.0000,0.0345,0.594697,0.017000
XZ,1.0000,0.6552,1.0000,0.1034,0.595900,0.019000
XZ,1.0000,0.6552,1.0000,0.1724,0.597099,0.021000
XZ,1.0000,0.6552,1.0000,0.2414,0.598293,0.035000
XZ,1.0000,0.6552,1.0000,0.3103,0.599484,0.020000
XZ,1.0000,0.6552,1.0000,0.3793,0.600670,0.039000
XZ,1.0000,0.6552,1.0000,0.4483,0.601853,0.033000
XZ,1.0000,0.6552,1.0000,0.5172,0.603031,0.021000
XZ,1.0000,0.6552,1.0000,0.5862,0.604205,0.035000
XZ,1.0000,0.6552,1.0000,0.6552,0.605375,0.032000
XZ,1.0000,0.6552,1.0000,0.7241,0.606541,0.036000
XZ,1.0000,0.6552,1.0000,0.7931,0.607702,0.027000
XZ,1.0000,0.6552,1.0000,0.8621,0.608859,0.029000
XZ,1.0000,0.6552,1.0000,0.9310,0.610012,0.040000
XZ,1.0000,0.6552,1.0000,1.0000,0.611160,0.041000
XZ,1.0000,0.7241,1.0000,-1.0000,0.555691,0.009000
XZ,1.0000,0.7241,1.0000,-0.9310,0.556676,0.015000
XZ,1.0000,0.7241,1.0000,-0.8621,0.557661,0.014000
XZ,1.0000,0.7241,1.0000,-0.7931,0.558646,0.020000
XZ,1.0000,0.7241,1.0000,-0.7241,0.559631,0.011000
XZ,1.0000,0.7241,1.0000,-0.6552,0.560615,0.007000
XZ,1.0000,0.7241,1.0000,-0.5862,0.561598,0.018000
XZ,1.0000,0.7241,1.0000,-0.5172,0.562580,0.019000
XZ,1.0000,0.7241,1.0000,-0.4483,0.563562,0.011000
XZ,1.0000,0.7241,1.0000,-0.3793,0.564544,0.021000
XZ,1.0000,0.7241,1.0000,-0.3103,0.565524,0.016000
XZ,1.0000,0.7241,1.0000,-0.2414,0.566504,0.014000
XZ,1.0000,0.7241,1.0000,-0.1724,0.567483,0.015000
XZ,1.0000,0.7241,1.0000,-0.1034,0.568460,0.015000
XZ,1.0000,0.7241,1.0000,-0.0345,0.569437,0.017000
XZ,1.0000,0.7241,1.0000,0.0345,0.570413,0.024000
XZ,1.0000,0.7241,1.0000,0.1034,0.571388,0.015000
XZ,1.0000,0.7241,1.0000,0.1724,0.572361,0.017000
XZ,1.0000,0.7241,1.0000,0.2414,0.573334,0.023000
XZ,1.0000,0.7241,1.0000,0.3103,0.574305,0.017000
XZ,1.0000,0.7241,1.0000,0.3793,0.575275,0.026000
XZ,1.0000,0.7241,1.0000,0.4483,0.576244,0.017000
XZ,1.0000,0.7241,1.0000,0.5172,0.577212,0.012000
XZ,1.0000,0.7241,1.0000,0.5862,0.578178,0.021000
XZ,1.0000,0.7241,1.0000,0.6552,0.579142,0.028000
XZ,1.0000,0.7241,1.0000,0.7241,0.580106,0.018000
XZ,1.0000,0.7241,1.0000,0.7931,0.581067,0.016000
XZ,1.0000,0.7241,1.0000,0.8621,0.582028,0.026000
XZ,1.0000,0.7241,1.0000,0.9310,0.582986,0.027000
XZ,1.0000,0.7241,1.0000,1.0000,0.583943,0.020000
XZ,1.0000,0.7931,1.0000,-1.0000,0.528729,0.005000
XZ,1.0000,0.7931,1.0000,-0.9310,0.529297,0.005000
XZ,1.0000,0.7931,1.0000,-0.8621,0.529868,0.007000
XZ,1.0000,0.7931,1.0000,-0.7931,0.530440,0.011000
XZ,1.0000,0.7931,1.0000,-0.7241,0.531014,0.008000
XZ,1.0000,0.7931,1.0000,-0.6552,0.531589,0.007000
XZ,1.0000,0.7931,1.0000,-0.5862,0.532167,0.007000
XZ,1.0000,0.7931,1.0000,-0.5172,0.532746,0.008000
XZ,1.0000,0.7931,1.0000,-0.4483,0.533327,0.006000
XZ,1.0000,0.7931,1.0000,-0.3793,0.533910,0.011000
XZ,1.0000,0.7931,1.0000,-0.3103,0.534495,0.011000
XZ,1.0000,0.7931,1.0000,-0.2414,0.535081,0.006000
XZ,1.0000,0.7931,1.0000,-0.1724,0.535669,0.011000
XZ,1.0000,0.7931,1.0000,-0.1034,0.536258,0.008000
XZ,1.0000,0.7931,1.0000,-0.0345,0.536849,0.009000
XZ,1.0000,0.7931,1.0000,0.0345,0.537441,0.004000
XZ,1.0000,0.7931,1.0000,0.1034,0.538035,0.010000
XZ,1.0000,0.7931,1.0000,0.1724,0.538631,0.011000
XZ,1.0000,0.7931,1.0000,0.2414,0.539227,0.008000
XZ,1.0000,0.7931,1.0000,0.3103,0.539826,0.009000
XZ,1.0000,0.7931,1.0000,0.3793,0.540425,0.006000
XZ,1.0000,0.7931,1.0000,0.4483,0.541026,0.011000
XZ,1.0000,0.7931,1.0000,0.5172,0.541628,0.008000
XZ,1.0000,0.7931,1.0000,0.5862,0.542232,0.011000
XZ,1.0000,0.7931,1.0000,0.6552,0.542837,0.008000
XZ,1.0000,0.7931,1.0000,0.7241,0.543443,0.006000
XZ,1.0000,0.7931,1.0000,0.7931,0.544050,0.007000
XZ,1.0000,0.7931,1.0000,0.8621,0.544659,0.010000
XZ,1.0000,0.7931,1.0000,0.9310,0.545268,0.013000
XZ,1.0000,0.7931,1.0000,1.0000,0.545879,0.010000
XZ,1.0000,0.8621,1.0000,-1.0000,0.506450,0.011000
XZ,1.0000,0.8621,1.0000,-0.9310,0.506587,0.005000
XZ,1.0000,0.8621,1.0000,-0.8621,0.506725,0.006000
XZ,1.0000,0.8621,1.0000,-0.7931,0.506865,0.007000
XZ,1.0000,0.8621,1.0000,-0.7241,0.507007,0.006000
XZ,1.0000,0.8621,1.0000,-0.6552,0.507150,0.002000
XZ,1.0000,0.8621,1.0000,-0.5862,0.507294,0.006000
XZ,1.0000,0.8621,1.0000,-0.5172,0.507440,0.001000
XZ,1.0000,0.8621,1.0000,-0.4483,0.507588,0.001000
XZ,1.0000,0.8621,1.0000,-0.3793,0.507737,0.003000
XZ,1.0000,0.8621,1.0000,-0.3103,0.507887,0.004000
XZ,1.0000,0.8621,1.0000,-0.2414,0.508040,0.009000
XZ,1.0000,0.8621,1.0000,-0.1724,0.508194,0.006000
XZ,1.0000,0.8621,1.0000,-0.1034,0.508349,0.009000
XZ,1.0000,0.8621,1.0000,-0.0345,0.508506,0.003000
XZ,1.0000,0.8621,1.0000,0.0345,0.508665,0.007000
XZ,1.0000,0.8621,1.0000,0.1034,0.508825,0.003000
XZ,1.0000,0.8621,1.0000,0.1724,0.508987,0.003000
XZ,1.0000,0.8621,1.0000,0.2414,0.509151,0.005000
XZ,1.0000,0.8621,1.0000,0.3103,0.509316,0.005000
XZ,1.0000,0.8621,1.0000,0.3793,0.509483,0.009000
XZ,1.0000,0.8621,1.0000,0.4483,0.509652,0.005000
XZ,1.0000,0.8621,1.0000,0.5172,0.509822,0.007000
XZ,1.0000,0.8621,1.0000,0.5862,0.509994,0.006000
XZ,1.0000,0.8621,1.0000,0.6552,0.510167,0.006000
XZ,1.0000,0.8621,1.0000,0.7241,0.510342,0.005000
XZ,1.0000,0.8621,1.0000,0.7931,0.510519,0.009000
XZ,1.0000,0.8621,1.0000,0.8621,0.510698,0.009000
XZ,1.0000,0.8621,1.0000,0.9310,0.510878,0.005000
XZ,1.0000,0.8621,1.0000,1.0000,0.511061,0.006000
XZ,1.0000,0.9310,1.0000,-1.0000,0.504938,0.004000
XZ,1.0000,0.9310,1.0000,-0.9310,0.505044,0.004000
XZ,1.0000,0.9310,1.0000,-0.8621,0.505151,0.006000
XZ,1.0000,0.9310,1.0000,-0.7931,0.505259,0.008000
XZ,1.0000,0.9310,1.0000,-0.7241,0.505369,0.008000
XZ,1.0000,0.9310,1.0000,-0.6552,0.505480,0.004000
XZ,1.0000,0.9310,1.0000,-0.5862,0.505592,0.006000
XZ,1.0000,0.9310,1.0000,-0.5172,0.505706,0.011000
XZ,1.0000,0.9310,1.0000,-0.4483,0.505821,0.010000
XZ,1.0000,0.9310,1.0000,-0.3793,0.505937,0.009000
XZ,1.0000,0.9310,1.0000,-0.3103,0.506054,0.004000
XZ,1.0000,0.9310,1.0000,-0.2414,0.506172,0.006000
XZ,1.0000,0.9310,1.0000,-0.1724,0.506292,0.003000
XZ,1.0000,0.9310,1.0000,-0.1034,0.506412,0.009000
XZ,1.0000,0.9310,1.0000,-0.0345,0.506534,0.006000
XZ,1.0000,0.9310,1.0000,0.0345,0.506657,0.006000
XZ,1.0000,0.9310,1.0000,0.1034,0.506780,0.000000
XZ,1.0000,0.9310,1.0000,0.1724,0.506905,0.008000
XZ,1.0000,0.9310,1.0000,0.2414,0.507031,0.011000
XZ,1.0000,0.9310,1.0000,0.3103,0.507158,0.008000
XZ,1.0000,0.9310,1.0000,0.3793,0.507285,0.002000
XZ,1.0000,0.9310,1.0000,0.4483,0.507414,0.005000
XZ,1.0000,0.9310,1.0000,0.5172,0.507543,0.005000
XZ,1.0000,0.9310,1.0000,0.5862,0.507673,0.010000
XZ,1.0000,0.9310,1.0000,0.6552,0.507804,0.003000
XZ,1.0000,0.9310,1.0000,0.7241,0.507935,0.009000
XZ,1.0000,0.9310,1.0000,0.7931,0.508068,0.006000
XZ,1.0000,0.9310,1.0000,0.8621,0.508200,0.009000
XZ,1.0000,0.9310,1.0000,0.9310,0.508334,0.008000
XZ,1.0000,0.9310,1.0000,1.0000,0.508468,0.006000
XZ,1.0000,1.0000,1.0000,-1.0000,0.508580,0.006000
XZ,1.0000,1.0000,1.0000,-0.9310,0.508799,0.012000
XZ,1.0000,1.0000,1.0000,-0.8621,0.509022,0.008000
XZ,1.0000,1.0000,1.0000,-0.7931,0.509248,0.009000
XZ,1.0000,1.0000,1.0000,-0.7241,0.509476,0.009000
XZ,1.0000,1.0000,1.0000,-0.6552,0.509707,0.007000
XZ,1.0000,1.0000,1.0000,-0.5862,0.509941,0.008000
XZ,1.0000,1.0000,1.0000,-0.5172,0.510178,0.009000
XZ,1.0000,1.0000,1.0000,-0.4483,0.510417,0.012000
XZ,1.0000,1.0000,1.0000,-0.3793,0.510659,0.014000
XZ,1.0000,1.0000,1.0000,-0.3103,0.510904,0.010000
XZ,1.0000,1.0000,1.0000,-0.2414,0.511152,0.011000
XZ,1.0000,1.0000,1.0000,-0.1724,0.511402,0.012000
XZ,1.0000,1.0000,1.0000,-0.1034,0.511655,0.008000
XZ,1.0000,1.0000,1.0000,-0.0345,0.511910,0.011000
XZ,1.0000,1.0000,1.0000,0.0345,0.512168,0.013000
XZ,1.0000,1.0000,1.0000,0.1034,0.512429,0.011000
XZ,1.0000,1.0000,1.0000,0.1724,0.512692,0.010000
XZ,1.0000,1.0000,1.0000,0.2414,0.512957,0.010000
XZ,1.0000,1.0000,1.0000,0.3103,0.513225,0.021000
XZ,1.0000,1.0000,1.0000,0.3793,0.513495,0.011000
XZ,1.0000,1.0000,1.0000,0.4483,0.513768,0.024000
XZ,1.0000,1.0000,1.0000,0.5172,0.514043,0.015000
XZ,1.0000,1.0000,1.0000,0.5862,0.514321,0.009000
XZ,1.0000,1.0000,1.0000,0.6552,0.514600,0.016000
XZ,1.0000,1.0000,1.0000,0.7241,0.514882,0.010000
XZ,1.0000,1.0000,1.0000,0.7931,0.515166,0.012000
XZ,1.0000,1.0000,1.0000,0.8621,0.515452,0.016000
XZ,1.0000,1.0000,1.0000,0.9310,0.515740,0.016000
XZ,1.0000,1.0000,1.0000,1.0000,0.516030,0.013000
YZ,-1.0000,-1.0000,-1.0000,-1.0000,0.476242,0.017000
YZ,-1.0000,-1.0000,-1.0000,-0.9310,0.476075,0.016000
YZ,-1.0000,-1.0000,-1.0000,-0.8621,0.475929,0.008000
YZ,-1.0000,-1.0000,-1.0000,-0.7931,0.475807,0.013000
YZ,-1.0000,-1.0000,-1.0000,-0.7241,0.475708,0.015000
YZ,-1.0000,-1.0000,-1.0000,-0.6552,0.475634,0.008000
YZ,-1.0000,-1.0000,-1.0000,-0.5862,0.475584,0.010000
YZ,-1.0000,-1.0000,-1.0000,-0.5172,0.475561,0.008000
YZ,-1.0000,-1.0000,-1.0000,-0.4483,0.475563,0.013000
YZ,-1.0000,-1.0000,-1.0000,-0.3793,0.475593,0.006000
YZ,-1.0000,-1.0000,-1.0000,-0.3103,0.475649,0.013000
YZ,-1.0000,-1.0000,-1.0000,-0.2414,0.475733,0.008000
YZ,-1.0000,-1.0000,-1.0000,-0.1724,0.475845,0.004000
YZ,-1.0000,-1.0000,-1.0000,-0.1034,0.475984,0.010000
YZ,-1.0000,-1.0000,-1.0000,-0.0345,0.476151,0.009000
YZ,-1.0000,-1.0000,-1.0000,0.0345,0.476347,0.012000
YZ,-1.0000,-1.0000,-1.0000,0.1034,0.476570,0.007000
YZ,-1.0000,-1.0000,-1.0000,0.1724,0.476821,0.008000
YZ,-1.0000,-1.0000,-1.0000,0.2414,0.477099,0.010000
YZ,-1.0000,-1.0000,-1.0000,0.3103,0.477404,0.018000
YZ,-1.0000,-1.0000,-1.0000,0.3793,0.477737,0.010000
YZ,-1.0000,-1.0000,-1.0000,0.4483,0.478095,0.014000
YZ,-1.0000,-1.0000,-1.0000,0.5172,0.478479,0.013000
YZ,-1.0000,-1.0000,-1.0000,0.5862,0.478887,0.017000
YZ,-1.0000,-1.0000,-1.0000,0.6552,0.479321,0.011000
YZ,-1.0000,-1.0000,-1.0000,0.7241,0.479777,0.008000
YZ,-1.0000,-1.0000,-1.0000,0.7931,0.480256,0.018000
YZ,-1.0000,-1.0000,-1.0000,0.8621,0.480757,0.020000
YZ,-1.0000,-1.0000,-1.0000,0.9310,0.481278,0.020000
YZ,-1.0000,-1.0000,-1.0000,1.0000,0.481819,0.013000
YZ,-1.0000,-1.0000,-0.9310,-1.0000,0.474393,0.062000
YZ,-1.0000,-1.0000,-0.9310,-0.9310,0.473978,0.062000
YZ,-1.0000,-1.0000,-0.9310,-0.8621,0.473565,0.054000
YZ,-1.0000,-1.0000,-0.9310,-0.7931,0.473155,0.064000
YZ,-1.0000,-1.0000,-0.9310,-0.7241,0.472747,0.041000
YZ,-1.0000,-1.0000,-0.9310,-0.6552,0.472342,0.054000
YZ,-1.0000,-1.0000,-0.9310,-0.5862,0.471941,0.047000
YZ,-1.0000,-1.0000,-0.9310,-0.5172,0.471543,0.041000
YZ,-1.0000,-1.0000,-0.9310,-0.4483,0.471150,0.046000
YZ,-1.0000,-1.0000,-0.9310,-0.3793,0.470761,0.047000
YZ,-1.0000,-1.0000,-0.9310,-0.3103,0.470376,0.047000
YZ,-1.0000,-1.0000,-0.9310,-0.2414,0.469997,0.044000
YZ,-1.0000,-1.0000,-0.9310,-0.1724,0.469623,0.055000
YZ,-1.0000,-1.0000,-0.9310,-0.1034,0.469256,0.046000
YZ,-1.0000,-1.0000,-0.9310,-0.0345,0.468894,0.052000
YZ,-1.0000,-1.0000,-0.9310,0.0345,0.468540,0.043000
YZ,-1.0000,-1.0000,-0.9310,0.1034,0.468193,0.050000
YZ,-1.0000,-1.0000,-0.9310,0.1724,0.467853,0.048000
YZ,-1.0000,-1.0000,-0.9310,0.2414,0.467521,0.044000
YZ,-1.0000,-1.0000,-0.9310,0.3103,0.467198,0.056000
YZ,-1.0000,-1.0000,-0.9310,0.3793,0.466884,0.046000
YZ,-1.0000,-1.0000,-0.9310,0.4483,0.466579,0.064000
YZ,-1.0000,-1.0000,-0.9310,0.5172,0.466284,0.047000
YZ,-1.0000,-1.0000,-0.9310,0.5862,0.465998,0.039000
YZ,-1.0000,-1.0000,-0.9310,0.6552,0.465723,0.050000
YZ,-1.0000,-1.0000,-0.9310,0.7241,0.465458,0.052000
YZ,-1.0000,-1.0000,-0.9310,0.7931,0.465204,0.049000
YZ,-1.0000,-1.0000,-0.9310,0.8621,0.464960,0.047000
YZ,-1.0000,-1.0000,-0.9310,0.9310,0.464727,0.055000
YZ,-1.0000,-1.0000,-0.9310,1.0000,0.464506,0.049000
YZ,-1.0000,-1.0000,-0.8621,-1.0000,0.477744,0.079000
YZ,-1.0000,-1.0000,-0.8621,-0.9310,0.477350,0.072000
YZ,-1.0000,-1.0000,-0.8621,-0.8621,0.476954,0.067000
YZ,-1.0000,-1.0000,-0.8621,-0.7931,0.476556,0.078000
YZ,-1.0000,-1.0000,-0.8621,-0.7241,0.476155,0.079000
YZ,-1.0000,-1.0000,-0.8621,-0.6552,0.475751,0.079000
YZ,-1.0000,-1.0000,-0.8621,-0.5862,0.475344,0.081000
YZ,-1.0000,-1.0000,-0.8621,-0.5172,0.474932,0.081000
YZ,-1.0000,-1.0000,-0.8621,-0.4483,0.474515,0.083000
YZ,-1.0000,-1.0000,-0.8621,-0.3793,0.474093,0.080000
YZ,-1.0000,-1.0000,-0.8621,-0.3103,0.473665,0.080000
YZ,-1.0000,-1.0000,-0.8621,-0.2414,0.473231,0.071000
YZ,-1.0000,-1.0000,-0.8621,-0.1724,0.472791,0.076000
YZ,-1.0000,-1.0000,-0.8621,-0.1034,0.472345,0.079000
YZ,-1.0000,-1.0000,-0.8621,-0.0345,0.471891,0.086000
YZ,-1.0000,-1.0000,-0.8621,0.0345,0.471431,0.067000
YZ,-1.0000,-1.0000,-0.8621,0.1034,0.470963,0.081000
YZ,-1.0000,-1.0000,-0.8621,0.1724,0.470489,0.095000
YZ,-1.0000,-1.0000,-0.8621,0.2414,0.470008,0.087000
YZ,-1.0000,-1.0000,-0.8621,0.3103,0.469520,0.096000
YZ,-1.0000,-1.0000,-0.8621,0.3793,0.469026,0.065000
YZ,-1.0000,-1.0000,-0.8621,0.4483,0.468526,0.084000
YZ,-1.0000,-1.0000,-0.8621,0.5172,0.468021,0.075000
YZ,-1.0000,-1.0000,-0.8621,0.5862,0.467511,0.084000
YZ,-1.0000,-1.0000,-0.8621,0.6552,0.466997,0.099000
YZ,-1.0000,-1.0000,-0.8621,0.7241,0.466479,0.089000
YZ,-1.0000,-1.0000,-0.8621,0.7931,0.465959,0.084000
YZ,-1.0000,-1.0000,-0.8621,0.8621,0.465438,0.095000
YZ,-1.0000,-1.0000,-0.8621,0.9310,0.464915,0.093000
YZ,-1.0000,-1.0000,-0.8621,1.0000,0.464394,0.091000
YZ,-1.0000,-1.0000,-0.7931,-1.0000,0.485064,0.058000
YZ,-1.0000,-1.0000,-0.7931,-0.9310,0.484648,0.060000
YZ,-1.0000,-1.0000,-0.7931,-0.8621,0.484229,0.046000
YZ,-1.0000,-1.0000,-0.7931,-0.7931,0.483806,0.054000
YZ,-1.0000,-1.0000,-0.7931,-0.7241,0.483378,0.059000
YZ,-1.0000,-1.0000,-0.7931,-0.6552,0.482945,0.050000
YZ,-1.0000,-1.0000,-0.7931,-0.5862,0.482505,0.061000
YZ,-1.0000,-1.0000,-0.7931,-0.5172,0.482058,0.059000
YZ,-1.0000,-1.0000,-0.7931,-0.4483,0.481603,0.057000
YZ,-1.0000,-1.0000,-0.7931,-0.3793,0.481138,0.061000
YZ,-1.0000,-1.0000,-0.7931,-0.3103,0.480664,0.050000
YZ,-1.0000,-1.0000,-0.7931,-0.2414,0.480178,0.042000
YZ,-1.0000,-1.0000,-0.7931,-0.1724,0.479680,0.049000
YZ,-1.0000,-1.0000,-0.7931,-0.1034,0.479170,0.044000
YZ,-1.0000,-1.0000,-0.7931,-0.0345,0.478646,0.060000
YZ,-1.0000,-1.0000,-0.7931,0.0345,0.478107,0.049000
YZ,-1.0000,-1.0000,-0.7931,0.1034,0.477554,0.062000
YZ,-1.0000,-1.0000,-0.7931,0.1724,0.476984,0.056000
YZ,-1.0000,-1.0000,-0.7931,0.2414,0.476399,0.071000
YZ,-1.0000,-1.0000,-0.7931,0.3103,0.475797,0.064000
YZ,-1.0000,-1.0000,-0.7931,0.3793,0.475179,0.063000
YZ,-1.0000,-1.0000,-0.7931,0.4483,0.474543,0.045000
YZ,-1.0000,-1.0000,-0.7931,0.5172,0.473891,0.076000
YZ,-1.0000,-1.0000,-0.7931,0.5862,0.473222,0.060000
YZ,-1.0000,-1.0000,-0.7931,0.6552,0.472536,0.076000
YZ,-1.0000,-1.0000,-0.7931,0.7241,0.471835,0.058000
YZ,-1.0000,-1.0000,-0.7931,0.7931,0.471118,0.065000
YZ,-1.0000,-1.0000,-0.7931,0.8621,0.470387,0.070000
YZ,-1.0000,-1.0000,-0.7931,0.9310,0.469642,0.053000
YZ,-1.0000,-1.0000,-0.7931,1.0000,0.468885,0.055000
YZ,-1.0000,-1.0000,-0.7241,-1.0000,0.503270,0.040000
YZ,-1.0000,-1.0000,-0.7241,-0.9310,0.503025,0.038000
YZ,-1.0000,-1.0000,-0.7241,-0.8621,0.502777,0.051000
YZ,-1.0000,-1.0000,-0.7241,-0.7931,0.502527,0.046000
YZ,-1.0000,-1.0000,-0.7241,-0.7241,0.502274,0.043000
YZ,-1.0000,-1.0000,-0.7241,-0.6552,0.502018,0.039000
YZ,-1.0000,-1.0000,-0.7241,-0.5862,0.501761,0.039000
YZ,-1.0000,-1.0000,-0.7241,-0.5172,0.501501,0.038000
YZ,-1.0000,-1.0000,-0.7241,-0.4483,0.501238,0.034000
YZ,-1.0000,-1.0000,-0.7241,-0.3793,0.500974,0.039000
YZ,-1.0000,-1.0000,-0.7241,-0.3103,0.500707,0.045000
YZ,-1.0000,-1.0000,-0.7241,-0.2414,0.500438,0.040000
YZ,-1.0000,-1.0000,-0.7241,-0.1724,0.500167,0.052000
YZ,-1.0000,-1.0000,-0.7241,-0.1034,0.499895,0.043000
YZ,-1.0000,-1.0000,-0.7241,-0.0345,0.499620,0.037000
YZ,-1.0000,-1.0000,-0.7241,0.0345,0.499343,0.037000
YZ,-1.0000,-1.0000,-0.7241,0.1034,0.499064,0.049000
YZ,-1.0000,-1.0000,-0.7241,0.1724,0.498784,0.049000
YZ,-1.0000,-1.0000,-0.7241,0.2414,0.498502,0.034000
YZ,-1.0000,-1.0000,-0.7241,0.3103,0.498218,0.036000
YZ,-1.0000,-1.0000,-0.7241,0.3793,0.497934,0.035000
YZ,-1.0000,-1.0000,-0.7241,0.4483,0.497648,0.038000
YZ,-1.0000,-1.0000,-0.7241,0.5172,0.497361,0.030000
YZ,-1.0000,-1.0000,-0.7241,0.5862,0.497073,0.052000
YZ,-1.0000,-1.0000,-0.7241,0.6552,0.496785,0.038000
YZ,-1.0000,-1.0000,-0.7241,0.7241,0.496496,0.045000
YZ,-1.0000,-1.0000,-0.7241,0.7931,0.496208,0.037000
YZ,-1.0000,-1.0000,-0.7241,0.8621,0.495919,0.040000
YZ,-1.0000,-1.0000,-0.7241,0.9310,0.495631,0.036000
YZ,-1.0000,-1.0000,-0.7241,1.0000,0.495345,0.042000
YZ,-1.0000,-1.0000,-0.6552,-1.0000,0.523275,0.021000
YZ,-1.0000,-1.0000,-0.6552,-0.9310,0.523329,0.020000
YZ,-1.0000,-1.0000,-0.6552,-0.8621,0.523378,0.026000
YZ,-1.0000,-1.0000,-0.6552,-0.7931,0.523424,0.014000
YZ,-1.0000,-1.0000,-0.6552,-0.7241,0.523465,0.015000
YZ,-1.0000,-1.0000,-0.6552,-0.6552,0.523503,0.027000
YZ,-1.0000,-1.0000,-0.6552,-0.5862,0.523538,0.029000
YZ,-1.0000,-1.0000,-0.6552,-0.5172,0.523569,0.030000
YZ,-1.0000,-1.0000,-0.6552,-0.4483,0.523597,0.020000
YZ,-1.0000,-1.0000,-0.6552,-0.3793,0.523622,0.025000
YZ,-1.0000,-1.0000,-0.6552,-0.3103,0.523644,0.023000
YZ,-1.0000,-1.0000,-0.6552,-0.2414,0.523663,0.011000
YZ,-1.0000,-1.0000,-0.6552,-0.1724,0.523679,0.019000
YZ,-1.0000,-1.0000,-0.6552,-0.1034,0.523693,0.017000
YZ,-1.0000,-1.0000,-0.6552,-0.0345,0.523705,0.024000
YZ,-1.0000,-1.0000,-0.6552,0.0345,0.523714,0.014000
YZ,-1.0000,-1.0000,-0.6552,0.1034,0.523720,0.020000
YZ,-1.0000,-1.0000,-0.6552,0.1724,0.523724,0.019000
YZ,-1.0000,-1.0000,-0.6552,0.2414,0.523725,0.012000
YZ,-1.0000,-1.0000,-0.6552,0.3103,0.523724,0.021000
YZ,-1.0000,-1.0000,-0.6552,0.3793,0.523720,0.012000
YZ,-1.0000,-1.0000,-0.6552,0.4483,0.523713,0.013000
YZ,-1.0000,-1.0000,-0.6552,0.5172,0.523703,0.011000
YZ,-1.0000,-1.0000,-0.6552,0.5862,0.523691,0.016000
YZ,-1.0000,-1.0000,-0.6552,0.6552,0.523675,0.021000
YZ,-1.0000,-1.0000,-0.6552,0.7241,0.523656,0.018000
YZ,-1.0000,-1.0000,-0.6552,0.7931,0.523634,0.011000
YZ,-1.0000,-1.0000,-0.6552,0.8621,0.523609,0.012000
YZ,-1.0000,-1.0000,-0.6552,0.9310,0.523579,0.008000
YZ,-1.0000,-1.0000,-0.6552,1.0000,0.523546,0.020000
YZ,-1.0000,-1.0000,-0.5862,-1.0000,0.529456,0.008000
YZ,-1.0000,-1.0000,-0.5862,-0.9310,0.529664,0.010000
YZ,-1.0000,-1.0000,-0.5862,-0.8621,0.529865,0.012000
YZ,-1.0000,-1.0000,-0.5862,-0.7931,0.530059,0.012000
YZ,-1.0000,-1.0000,-0.5862,-0.7241,0.530246,0.007000
YZ,-1.0000,-1.0000,-0.5862,-0.6552,0.530426,0.007000
YZ,-1.0000,-1.0000,-0.5862,-0.5862,0.530597,0.007000
YZ,-1.0000,-1.0000,-0.5862,-0.5172,0.530761,0.010000
YZ,-1.0000,-1.0000,-0.5862,-0.4483,0.530917,0.008000
YZ,-1.0000,-1.0000,-0.5862,-0.3793,0.531065,0.011000
YZ,-1.0000,-1.0000,-0.5862,-0.3103,0.531204,0.006000
YZ,-1.0000,-1.0000,-0.5862,-0.2414,0.531334,0.014000
YZ,-1.0000,-1.0000,-0.5862,-0.1724,0.531456,0.007000
YZ,-1.0000,-1.0000,-0.5862,-0.1034,0.531568,0.013000
YZ,-1.0000,-1.0000,-0.5862,-0.0345,0.531670,0.008000
YZ,-1.0000,-1.0000,-0.5862,0.0345,0.531763,0.019000
YZ,-1.0000,-1.0000,-0.5862,0.1034,0.531846,0.014000
YZ,-1.0000,-1.0000,-0.5862,0.1724,0.531919,0.017000
YZ,-1.0000,-1.0000,-0.5862,0.2414,0.531980,0.012000
YZ,-1.0000,-1.0000,-0.5862,0.3103,0.532031,0.019000
YZ,-1.0000,-1.0000,-0.5862,0.3793,0.532071,0.018000
YZ,-1.0000,-1.0000,-0.5862,0.4483,0.532099,0.023000
YZ,-1.0000,-1.0000,-0.5862,0.5172,0.532115,0.015000
YZ,-1.0000,-1.0000,-0.5862,0.5862,0.532119,0.018000
YZ,-1.0000,-1.0000,-0.5862,0.6552,0.532111,0.028000
YZ,-1.0000,-1.0000,-0.5862,0.7241,0.532090,0.015000
YZ,-1.0000,-1.0000,-0.5862,0.7931,0.532056,0.018000
YZ,-1.0000,-1.0000,-0.5862,0.8621,0.532009,0.030000
YZ,-1.0000,-1.0000,-0.5862,0.9310,0.531948,0.024000
YZ,-1.0000,-1.0000,-0.5862,1.0000,0.531873,0.034000
YZ,-1.0000,-1.0000,-0.5172,-1.0000,0.527378,0.014000
YZ,-1.0000,-1.0000,-0.5172,-0.9310,0.527836,0.014000
YZ,-1.0000,-1.0000,-0.5172,-0.8621,0.528288,0.008000
YZ,-1.0000,-1.0000,-0.5172,-0.7931,0.528732,0.016000
YZ,-1.0000,-1.0000,-0.5172,-0.7241,0.529169,0.013000
YZ,-1.0000,-1.0000,-0.5172,-0.6552,0.529597,0.020000
YZ,-1.0000,-1.0000,-0.5172,-0.5862,0.530016,0.009000
YZ,-1.0000,-1.0000,-0.5172,-0.5172,0.530424,0.013000
YZ,-1.0000,-1.0000,-0.5172,-0.4483,0.530822,0.016000
YZ,-1.0000,-1.0000,-0.5172,-0.3793,0.531207,0.017000
YZ,-1.0000,-1.0000,-0.5172,-0.3103,0.531580,0.016000
YZ,-1.0000,-1.0000,-0.5172,-0.2414,0.531939,0.031000
YZ,-1.0000,-1.0000,-0.5172,-0.1724,0.532283,0.023000
YZ,-1.0000,-1.0000,-0.5172,-0.1034,0.532612,0.020000
YZ,-1.0000,-1.0000,-0.5172,-0.0345,0.532923,0.023000
YZ,-1.0000,-1.0000,-0.5172,0.0345,0.533217,0.034000
YZ,-1.0000,-1.0000,-0.5172,0.1034,0.533492,0.029000
YZ,-1.0000,-1.0000,-0.5172,0.1724,0.533748,0.036000
YZ,-1.0000,-1.0000,-0.5172,0.2414,0.533982,0.040000
YZ,-1.0000,-1.0000,-0.5172,0.3103,0.534195,0.032000
YZ,-1.0000,-1.0000,-0.5172,0.3793,0.534385,0.035000
YZ,-1.0000,-1.0000,-0.5172,0.4483,0.534552,0.043000
YZ,-1.0000,-1.0000,-0.5172,0.5172,0.534693,0.049000
YZ,-1.0000,-1.0000,-0.5172,0.5862,0.534809,0.061000
YZ,-1.0000,-1.0000,-0.5172,0.6552,0.534899,0.062000
YZ,-1.0000,-1.0000,-0.5172,0.7241,0.534961,0.061000
YZ,-1.0000,-1.0000,-0.5172,0.7931,0.534995,0.058000
YZ,-1.0000,-1.0000,-0.5172,0.8621,0.535000,0.074000
YZ,-1.0000,-1.0000,-0.5172,0.9310,0.534975,0.056000
YZ,-1.0000,-1.0000,-0.5172,1.0000,0.534920,0.088000
YZ,-1.0000,-1.0000,-0.4483,-1.0000,0.520499,0.027000
YZ,-1.0000,-1.0000,-0.4483,-0.9310,0.521255,0.038000
YZ,-1.0000,-1.0000,-0.4483,-0.8621,0.521999,0.032000
YZ,-1.0000,-1.0000,-0.4483,-0.7931,0.522732,0.039000
YZ,-1.0000,-1.0000,-0.4483,-0.7241,0.523452,0.038000
YZ,-1.0000,-1.0000,-0.4483,-0.6552,0.524160,0.042000
YZ,-1.0000,-1.0000,-0.4483,-0.5862,0.524855,0.046000
YZ,-1.0000,-1.0000,-0.4483,-0.5172,0.525535,0.038000
YZ,-1.0000,-1.0000,-0.4483,-0.4483,0.526200,0.060000
YZ,-1.0000,-1.0000,-0.4483,-0.3793,0.526850,0.058000
YZ,-1.0000,-1.0000,-0.4483,-0.3103,0.527484,0.050000
YZ,-1.0000,-1.0000,-0.4483,-0.2414,0.528100,0.052000
YZ,-1.0000,-1.0000,-0.4483,-0.1724,0.528699,0.062000
YZ,-1.0000,-1.0000,-0.4483,-0.1034,0.529278,0.063000
YZ,-1.0000,-1.0000,-0.4483,-0.0345,0.529837,0.060000
YZ,-1.0000,-1.0000,-0.4483,0.0345,0.530374,0.076000
YZ,-1.0000,-1.0000,-0.4483,0.1034,0.530889,0.065000
YZ,-1.0000,-1.0000,-0.4483,0.1724,0.531381,0.064000
YZ,-1.0000,-1.0000,-0.4483,0.2414,0.531847,0.080000
YZ,-1.0000,-1.0000,-0.4483,0.3103,0.532286,0.100000
YZ,-1.0000,-1.0000,-0.4483,0.3793,0.532698,0.079000
YZ,-1.0000,-1.0000,-0.4483,0.4483,0.533080,0.081000
YZ,-1.0000,-1.0000,-0.4483,0.5172,0.533430,0.090000
YZ,-1.0000,-1.0000,-0.4483,0.5862,0.533748,0.073000
YZ,-1.0000,-1.0000,-0.4483,0.6552,0.534032,0.090000
YZ,-1.0000,-1.0000,-0.4483,0.7241,0.534279,0.084000
YZ,-1.0000,-1.0000,-0.4483,0.7931,0.534490,0.102000
YZ,-1.0000,-1.0000,-0.4483,0.8621,0.534661,0.103000
YZ,-1.0000,-1.0000,-0.4483,0.9310,0.534791,0.107000
YZ,-1.0000,-1.0000,-0.4483,1.0000,0.534880,0.108000
YZ,-1.0000,-1.0000,-0.3793,-1.0000,0.496438,0.050000
YZ,-1.0000,-1.0000,-0.3793,-0.9310,0.497713,0.066000
YZ,-1.0000,-1.0000,-0.3793,-0.8621,0.498965,0.073000
YZ,-1.0000,-1.0000,-0.3793,-0.7931,0.500190,0.068000
YZ,-1.0000,-1.0000,-0.3793,-0.7241,0.501387,0.077000
YZ,-1.0000,-1.0000,-0.3793,-0.6552,0.502554,0.073000
YZ,-1.0000,-1.0000,-0.3793,-0.5862,0.503691,0.081000
YZ,-1.0000,-1.0000,-0.3793,-0.5172,0.504797,0.087000
YZ,-1.0000,-1.0000,-0.3793,-0.4483,0.505869,0.087000
YZ,-1.0000,-1.0000,-0.3793,-0.3793,0.506909,0.103000
YZ,-1.0000,-1.0000,-0.3793,-0.3103,0.507915,0.092000
YZ,-1.0000,-1.0000,-0.3793,-0.2414,0.508887,0.097000
YZ,-1.0000,-1.0000,-0.3793,-0.1724,0.509826,0.115000
YZ,-1.0000,-1.0000,-0.3793,-0.1034,0.510731,0.108000
YZ,-1.0000,-1.0000,-0.3793,-0.0345,0.511602,0.104000
YZ,-1.0000,-1.0000,-0.3793,0.0345,0.512439,0.119000
YZ,-1.0000,-1.0000,-0.3793,0.1034,0.513244,0.129000
YZ,-1.0000,-1.0000,-0.3793,0.1724,0.514014,0.143000
YZ,-1.0000,-1.0000,-0.3793,0.2414,0.514752,0.133000
YZ,-1.0000,-1.0000,-0.3793,0.3103,0.515456,0.140000
YZ,-1.0000,-1.0000,-0.3793,0.3793,0.516127,0.157000
YZ,-1.0000,-1.0000,-0.3793,0.4483,0.516765,0.149000
YZ,-1.0000,-1.0000,-0.3793,0.5172,0.517369,0.180000
YZ,-1.0000,-1.0000,-0.3793,0.5862,0.517939,0.156000
YZ,-1.0000,-1.0000,-0.3793,0.6552,0.518474,0.168000
YZ,-1.0000,-1.0000,-0.3793,0.7241,0.518974,0.183000
YZ,-1.0000,-1.0000,-0.3793,0.7931,0.519437,0.174000
YZ,-1.0000,-1.0000,-0.3793,0.8621,0.519863,0.193000
YZ,-1.0000,-1.0000,-0.3793,0.9310,0.520250,0.228000
YZ,-1.0000,-1.0000,-0.3793,1.0000,0.520597,0.215000
YZ,-1.0000,-1.0000,-0.3103,-1.0000,0.434677,0.058000
YZ,-1.0000,-1.0000,-0.3103,-0.9310,0.436884,0.054000
YZ,-1.0000,-1.0000,-0.3103,-0.8621,0.439099,0.073000
YZ,-1.0000,-1.0000,-0.3103,-0.7931,0.441313,0.070000
YZ,-1.0000,-1.0000,-0.3103,-0.7241,0.443519,0.083000
YZ,-1.0000,-1.0000,-0.3103,-0.6552,0.445709,0.103000
YZ,-1.0000,-1.0000,-0.3103,-0.5862,0.447877,0.092000
YZ,-1.0000,-1.0000,-0.3103,-0.5172,0.450016,0.121000
YZ,-1.0000,-1.0000,-0.3103,-0.4483,0.452120,0.117000
YZ,-1.0000,-1.0000,-0.3103,-0.3793,0.454185,0.112000
YZ,-1.0000,-1.0000,-0.3103,-0.3103,0.456205,0.125000
YZ,-1.0000,-1.0000,-0.3103,-0.2414,0.458177,0.148000
YZ,-1.0000,-1.0000,-0.3103,-0.1724,0.460096,0.151000
YZ,-1.0000,-1.0000,-0.3103,-0.1034,0.461960,0.160000
YZ,-1.0000,-1.0000,-0.3103,-0.0345,0.463765,0.163000
YZ,-1.0000,-1.0000,-0.3103,0.0345,0.465510,0.184000
YZ,-1.0000,-1.0000,-0.3103,0.1034,0.467193,0.173000
YZ,-1.0000,-1.0000,-0.3103,0.1724,0.468813,0.187000
YZ,-1.0000,-1.0000,-0.3103,0.2414,0.470369,0.185000
YZ,-1.0000,-1.0000,-0.3103,0.3103,0.471860,0.205000
YZ,-1.0000,-1.0000,-0.3103,0.3793,0.473289,0.219000
YZ,-1.0000,-1.0000,-0.3103,0.4483,0.474654,0.224000
YZ,-1.0000,-1.0000,-0.3103,0.5172,0.475957,0.203000
YZ,-1.0000,-1.0000,-0.3103,0.5862,0.477199,0.276000
YZ,-1.0000,-1.0000,-0.3103,0.6552,0.478381,0.280000
YZ,-1.0000,-1.0000,-0.3103,0.7241,0.479507,0.244000
YZ,-1.0000,-1.0000,-0.3103,0.7931,0.480577,0.283000
YZ,-1.0000,-1.0000,-0.3103,0.8621,0.481593,0.303000
YZ,-1.0000,-1.0000,-0.3103,0.9310,0.482559,0.306000
YZ,-1.0000,-1.0000,-0.3103,1.0000,0.483476,0.308000
YZ,-1.0000,-1.0000,-0.2414,-1.0000,0.333507,0.069000
YZ,-1.0000,-1.0000,-0.2414,-0.9310,0.335998,0.083000
YZ,-1.0000,-1.0000,-0.2414,-0.8621,0.338638,0.096000
YZ,-1.0000,-1.0000,-0.2414,-0.7931,0.341415,0.099000
YZ,-1.0000,-1.0000,-0.2414,-0.7241,0.344317,0.095000
YZ,-1.0000,-1.0000,-0.2414,-0.6552,0.347332,0.116000
YZ,-1.0000,-1.0000,-0.2414,-0.5862,0.350446,0.111000
YZ,-1.0000,-1.0000,-0.2414,-0.5172,0.353646,0.129000
YZ,-1.0000,-1.0000,-0.2414,-0.4483,0.356920,0.123000
YZ,-1.0000,-1.0000,-0.2414,-0.3793,0.360255,0.148000
YZ,-1.0000,-1.0000,-0.2414,-0.3103,0.363638,0.137000
YZ,-1.0000,-1.0000,-0.2414,-0.2414,0.367057,0.155000
YZ,-1.0000,-1.0000,-0.2414,-0.1724,0.370500,0.183000
YZ,-1.0000,-1.0000,-0.2414,-0.1034,0.373955,0.166000
YZ,-1.0000,-1.0000,-0.2414,-0.0345,0.377410,0.188000
YZ,-1.0000,-1.0000,-0.2414,0.0345,0.380855,0.221000
YZ,-1.0000,-1.0000,-0.2414,0.1034,0.384279,0.215000
YZ,-1.0000,-1.0000,-0.2414,0.1724,0.387672,0.222000
YZ,-1.0000,-1.0000,-0.2414,0.2414,0.391024,0.235000
YZ,-1.0000,-1.0000,-0.2414,0.3103,0.394325,0.255000
YZ,-1.0000,-1.0000,-0.2414,0.3793,0.397567,0.266000
YZ,-1.0000,-1.0000,-0.2414,0.4483,0.400742,0.259000
YZ,-1.0000,-1.0000,-0.2414,0.5172,0.403842,0.268000
YZ,-1.0000,-1.0000,-0.2414,0.5862,0.406860,0.278000
YZ,-1.0000,-1.0000,-0.2414,0.6552,0.409789,0.279000
YZ,-1.0000,-1.0000,-0.2414,0.7241,0.412624,0.306000
YZ,-1.0000,-1.0000,-0.2414,0.7931,0.415358,0.338000
YZ,-1.0000,-1.0000,-0.2414,0.8621,0.417987,0.366000
YZ,-1.0000,-1.0000,-0.2414,0.9310,0.420508,0.344000
YZ,-1.0000,-1.0000,-0.2414,1.0000,0.422916,0.367000
YZ,-1.0000,-1.0000,-0.1724,-1.0000,0.233189,0.155000
YZ,-1.0000,-1.0000,-0.1724,-0.9310,0.234544,0.139000
YZ,-1.0000,-1.0000,-0.1724,-0.8621,0.236150,0.167000
YZ,-1.0000,-1.0000,-0.1724,-0.7931,0.238001,0.176000
YZ,-1.0000,-1.0000,-0.1724,-0.7241,0.240090,0.186000
YZ,-1.0000,-1.0000,-0.1724,-0.6552,0.242412,0.179000
YZ,-1.0000,-1.0000,-0.1724,-0.5862,0.244957,0.188000
YZ,-1.0000,-1.0000,-0.1724,-0.5172,0.247717,0.190000
YZ,-1.0000,-1.0000,-0.1724,-0.4483,0.250684,0.214000
YZ,-1.0000,-1.0000,-0.1724,-0.3793,0.253848,0.232000
YZ,-1.0000,-1.0000,-0.1724,-0.3103,0.257200,0.225000
YZ,-1.0000,-1.0000,-0.1724,-0.2414,0.260730,0.238000
YZ,-1.0000,-1.0000,-0.1724,-0.1724,0.264427,0.243000
YZ,-1.0000,-1.0000,-0.1724,-0.1034,0.268282,0.251000
YZ,-1.0000,-1.0000,-0.1724,-0.0345,0.272285,0.232000
YZ,-1.0000,-1.0000,-0.1724,0.0345,0.276425,0.272000
YZ,-1.0000,-1.0000,-0.1724,0.1034,0.280691,0.301000
YZ,-1.0000,-1.0000,-0.1724,0.1724,0.285075,0.325000
YZ,-1.0000,-1.0000,-0.1724,0.2414,0.289564,0.307000
YZ,-1.0000,-1.0000,-0.1724,0.3103,0.294148,0.276000
YZ,-1.0000,-1.0000,-0.1724,0.3793,0.298818,0.326000
YZ,-1.0000,-1.0000,-0.1724,0.4483,0.303563,0.337000
YZ,-1.0000,-1.0000,-0.1724,0.5172,0.308372,0.348000
YZ,-1.0000,-1.0000,-0.1724,0.5862,0.313236,0.363000
YZ,-1.0000,-1.0000,-0.1724,0.6552,0.318144,0.330000
YZ,-1.0000,-1.0000,-0.1724,0.7241,0.323085,0.375000
YZ,-1.0000,-1.0000,-0.1724,0.7931,0.328051,0.405000
YZ,-1.0000,-1.0000,-0.1724,0.8621,0.333030,0.394000
YZ,-1.0000,-1.0000,-0.1724,0.9310,0.338013,0.403000
YZ,-1.0000,-1.0000,-0.1724,1.0000,0.342990,0.407000
YZ,-1.0000,-1.0000,-0.1034,-1.0000,0.156080,0.166000
YZ,-1.0000,-1.0000,-0.1034,-0.9310,0.153773,0.177000
YZ,-1.0000,-1.0000,-0.1034,-0.8621,0.152048,0.194000
YZ,-1.0000,-1.0000,-0.1034,-0.7931,0.151252,0.221000
YZ,-1.0000,-1.0000,-0.1034,-0.7241,0.151541,0.188000
YZ,-1.0000,-1.0000,-0.1034,-0.6552,0.152669,0.192000
YZ,-1.0000,-1.0000,-0.1034,-0.5862,0.154342,0.187000
YZ,-1.0000,-1.0000,-0.1034,-0.5172,0.156398,0.229000
YZ,-1.0000,-1.0000,-0.1034,-0.4483,0.158756,0.242000
YZ,-1.0000,-1.0000,-0.1034,-0.3793,0.161375,0.249000
YZ,-1.0000,-1.0000,-0.1034,-0.3103,0.164230,0.252000
YZ,-1.0000,-1.0000,-0.1034,-0.2414,0.167304,0.264000
YZ,-1.0000,-1.0000,-0.1034,-0.1724,0.170585,0.238000
YZ,-1.0000,-1.0000,-0.1034,-0.1034,0.174060,0.263000
YZ,-1.0000,-1.0000,-0.1034,-0.0345,0.177722,0.301000
YZ,-1.0000,-1.0000,-0.1034,0.0345,0.181562,0.291000
YZ,-1.0000,-1.0000,-0.1034,0.1034,0.185569,0.254000
YZ,-1.0000,-1.0000,-0.1034,0.1724,0.189738,0.315000
YZ,-1.0000,-1.0000,-0.1034,0.2414,0.194059,0.297000
YZ,-1.0000,-1.0000,-0.1034,0.3103,0.198524,0.289000
YZ,-1.0000,-1.0000,-0.1034,0.3793,0.203125,0.309000
YZ,-1.0000,-1.0000,-0.1034,0.4483,0.207855,0.323000
YZ,-1.0000,-1.0000,-0.1034,0.5172,0.212705,0.308000
YZ,-1.0000,-1.0000,-0.1034,0.5862,0.217668,0.310000
YZ,-1.0000,-1.0000,-0.1034,0.6552,0.222735,0.328000
YZ,-1.0000,-1.0000,-0.1034,0.7241,0.227898,0.316000
YZ,-1.0000,-1.0000,-0.1034,0.7931,0.233151,0.352000
YZ,-1.0000,-1.0000,-0.1034,0.8621,0.238484,0.342000
YZ,-1.0000,-1.0000,-0.1034,0.9310,0.243891,0.336000
YZ,-1.0000,-1.0000,-0.1034,1.0000,0.249363,0.337000
YZ,-1.0000,-1.0000,-0.0345,-1.0000,0.213855,0.115000
YZ,-1.0000,-1.0000,-0.0345,-0.9310,0.210271,0.120000
YZ,-1.0000,-1.0000,-0.0345,-0.8621,0.206737,0.140000
YZ,-1.0000,-1.0000,-0.0345,-0.7931,0.203263,0.128000
YZ,-1.0000,-1.0000,-0.0345,-0.7241,0.199864,0.145000
YZ,-1.0000,-1.0000,-0.0345,-0.6552,0.196553,0.148000
YZ,-1.0000,-1.0000,-0.0345,-0.5862,0.193343,0.153000
YZ,-1.0000,-1.0000,-0.0345,-0.5172,0.190250,0.149000
YZ,-1.0000,-1.0000,-0.0345,-0.4483,0.187290,0.143000
YZ,-1.0000,-1.0000,-0.0345,-0.3793,0.184479,0.152000
YZ,-1.0000,-1.0000,-0.0345,-0.3103,0.181836,0.166000
YZ,-1.0000,-1.0000,-0.0345,-0.2414,0.179381,0.162000
YZ,-1.0000,-1.0000,-0.0345,-0.1724,0.177135,0.172000
YZ,-1.0000,-1.0000,-0.0345,-0.1034,0.175122,0.176000
YZ,-1.0000,-1.0000,-0.0345,-0.0345,0.173367,0.183000
YZ,-1.0000,-1.0000,-0.0345,0.0345,0.171897,0.179000
YZ,-1.0000,-1.0000,-0.0345,0.1034,0.170740,0.198000
YZ,-1.0000,-1.0000,-0.0345,0.1724,0.169924,0.192000
YZ,-1.0000,-1.0000,-0.0345,0.2414,0.169476,0.179000
YZ,-1.0000,-1.0000,-0.0345,0.3103,0.169419,0.200000
YZ,-1.0000,-1.0000,-0.0345,0.3793,0.169772,0.185000
YZ,-1.0000,-1.0000,-0.0345,0.4483,0.170547,0.207000
YZ,-1.0000,-1.0000,-0.0345,0.5172,0.171749,0.205000
YZ,-1.0000,-1.0000,-0.0345,0.5862,0.173372,0.209000
YZ,-1.0000,-1.0000,-0.0345,0.6552,0.175404,0.207000
YZ,-1.0000,-1.0000,-0.0345,0.7241,0.177825,0.202000
YZ,-1.0000,-1.0000,-0.0345,0.7931,0.180611,0.238000
YZ,-1.0000,-1.0000,-0.0345,0.8621,0.183734,0.241000
YZ,-1.0000,-1.0000,-0.0345,0.9310,0.187168,0.219000
YZ,-1.0000,-1.0000,-0.0345,1.0000,0.190883,0.219000
YZ,-1.0000,-1.0000,0.0345,-1.0000,0.321003,0.080000
YZ,-1.0000,-1.0000,0.0345,-0.9310,0.317825,0.088000
YZ,-1.0000,-1.0000,0.0345,-0.8621,0.314584,0.076000
YZ,-1.0000,-1.0000,0.0345,-0.7931,0.311291,0.070000
YZ,-1.0000,-1.0000,0.0345,-0.7241,0.307954,0.061000
YZ,-1.0000,-1.0000,0.0345,-0.6552,0.304585,0.075000
YZ,-1.0000,-1.0000,0.0345,-0.5862,0.301193,0.091000
YZ,-1.0000,-1.0000,0.0345,-0.5172,0.297789,0.094000
YZ,-1.0000,-1.0000,0.0345,-0.4483,0.294384,0.103000
YZ,-1.0000,-1.0000,0.0345,-0.3793,0.290987,0.085000
YZ,-1.0000,-1.0000,0.0345,-0.3103,0.287609,0.081000
YZ,-1.0000,-1.0000,0.0345,-0.2414,0.284261,0.104000
YZ,-1.0000,-1.0000,0.0345,-0.1724,0.280953,0.099000
YZ,-1.0000,-1.0000,0.0345,-0.1034,0.277696,0.084000
YZ,-1.0000,-1.0000,0.0345,-0.0345,0.274501,0.096000
YZ,-1.0000,-1.0000,0.0345,0.0345,0.271378,0.095000
YZ,-1.0000,-1.0000,0.0345,0.1034,0.268339,0.093000
YZ,-1.0000,-1.0000,0.0345,0.1724,0.265394,0.097000
YZ,-1.0000,-1.0000,0.0345,0.2414,0.262556,0.104000
YZ,-1.0000,-1.0000,0.0345,0.3103,0.259835,0.108000
YZ,-1.0000,-1.0000,0.0345,0.3793,0.257243,0.117000
YZ,-1.0000,-1.0000,0.0345,0.4483,0.254792,0.103000
YZ,-1.0000,-1.0000,0.0345,0.5172,0.252494,0.134000
YZ,-1.0000,-1.0000,0.0345,0.5862,0.250361,0.130000
YZ,-1.0000,-1.0000,0.0345,0.6552,0.248406,0.120000
YZ,-1.0000,-1.0000,0.0345,0.7241,0.246642,0.120000
YZ,-1.0000,-1.0000,0.0345,0.7931,0.245080,0.116000
YZ,-1.0000,-1.0000,0.0345,0.8621,0.243733,0.132000
YZ,-1.0000,-1.0000,0.0345,0.9310,0.242614,0.131000
YZ,-1.0000,-1.0000,0.0345,1.0000,0.241735,0.134000
YZ,-1.0000,-1.0000,0.1034,-1.0000,0.408139,0.084000
YZ,-1.0000,-1.0000,0.1034,-0.9310,0.405530,0.050000
YZ,-1.0000,-1.0000,0.1034,-0.8621,0.402803,0.080000
YZ,-1.0000,-1.0000,0.1034,-0.7931,0.399966,0.064000
YZ,-1.0000,-1.0000,0.1034,-0.7241,0.397029,0.081000
YZ,-1.0000,-1.0000,0.1034,-0.6552,0.394002,0.077000
YZ,-1.0000,-1.0000,0.1034,-0.5862,0.390892,0.077000
YZ,-1.0000,-1.0000,0.1034,-0.5172,0.387712,0.078000
YZ,-1.0000,-1.0000,0.1034,-0.4483,0.384469,0.075000
YZ,-1.0000,-1.0000,0.1034,-0.3793,0.381174,0.061000
YZ,-1.0000,-1.0000,0.1034,-0.3103,0.377836,0.089000
YZ,-1.0000,-1.0000,0.1034,-0.2414,0.374465,0.077000
YZ,-1.0000,-1.0000,0.1034,-0.1724,0.371072,0.069000
YZ,-1.0000,-1.0000,0.1034,-0.1034,0.367665,0.099000
YZ,-1.0000,-1.0000,0.1034,-0.0345,0.364256,0.094000
YZ,-1.0000,-1.0000,0.1034,0.0345,0.360853,0.062000
YZ,-1.0000,-1.0000,0.1034,0.1034,0.357467,0.093000
YZ,-1.0000,-1.0000,0.1034,0.1724,0.354107,0.112000
YZ,-1.0000,-1.0000,0.1034,0.2414,0.350784,0.092000
YZ,-1.0000,-1.0000,0.1034,0.3103,0.347507,0.113000
YZ,-1.0000,-1.0000,0.1034,0.3793,0.344287,0.098000
YZ,-1.0000,-1.0000,0.1034,0.4483,0.341133,0.118000
YZ,-1.0000,-1.0000,0.1034,0.5172,0.338056,0.125000
YZ,-1.0000,-1.0000,0.1034,0.5862,0.335065,0.099000
YZ,-1.0000,-1.0000,0.1034,0.6552,0.332171,0.120000
YZ,-1.0000,-1.0000,0.1034,0.7241,0.329384,0.120000
YZ,-1.0000,-1.0000,0.1034,0.7931,0.326713,0.144000
YZ,-1.0000,-1.0000,0.1034,0.8621,0.324170,0.145000
YZ,-1.0000,-1.0000,0.1034,0.9310,0.321764,0.153000
YZ,-1.0000,-1.0000,0.1034,1.0000,0.319506,0.165000
YZ,-1.0000,-1.0000,0.1724,-1.0000,0.452205,0.088000
YZ,-1.0000,-1.0000,0.1724,-0.9310,0.450170,0.103000
YZ,-1.0000,-1.0000,0.1724,-0.8621,0.447980,0.084000
YZ,-1.0000,-1.0000,0.1724,-0.7931,0.445639,0.097000
YZ,-1.0000,-1.0000,0.1724,-0.7241,0.443154,0.061000
YZ,-1.0000,-1.0000,0.1724,-0.6552,0.440531,0.089000
YZ,-1.0000,-1.0000,0.1724,-0.5862,0.437777,0.078000
YZ,-1.0000,-1.0000,0.1724,-0.5172,0.434900,0.075000
YZ,-1.0000,-1.0000,0.1724,-0.4483,0.431908,0.080000
YZ,-1.0000,-1.0000,0.1724,-0.3793,0.428810,0.095000
YZ,-1.0000,-1.0000,0.1724,-0.3103,0.425614,0.098000
YZ,-1.0000,-1.0000,0.1724,-0.2414,0.422329,0.069000
YZ,-1.0000,-1.0000,0.1724,-0.1724,0.418966,0.098000
YZ,-1.0000,-1.0000,0.1724,-0.1034,0.415534,0.099000
YZ,-1.0000,-1.0000,0.1724,-0.0345,0.412041,0.099000
YZ,-1.0000,-1.0000,0.1724,0.0345,0.408499,0.116000
YZ,-1.0000,-1.0000,0.1724,0.1034,0.404917,0.114000
YZ,-1.0000,-1.0000,0.1724,0.1724,0.401306,0.110000
YZ,-1.0000,-1.0000,0.1724,0.2414,0.397675,0.111000
YZ,-1.0000,-1.0000,0.1724,0.3103,0.394035,0.135000
YZ,-1.0000,-1.0000,0.1724,0.3793,0.390396,0.147000
YZ,-1.0000,-1.0000,0.1724,0.4483,0.386769,0.149000
YZ,-1.0000,-1.0000,0.1724,0.5172,0.383165,0.175000
YZ,-1.0000,-1.0000,0.1724,0.5862,0.379595,0.163000
YZ,-1.0000,-1.0000,0.1724,0.6552,0.376069,0.198000
YZ,-1.0000,-1.0000,0.1724,0.7241,0.372599,0.201000
YZ,-1.0000,-1.0000,0.1724,0.7931,0.369198,0.196000
YZ,-1.0000,-1.0000,0.1724,0.8621,0.365877,0.222000
YZ,-1.0000,-1.0000,0.1724,0.9310,0.362648,0.207000
YZ,-1.0000,-1.0000,0.1724,1.0000,0.359525,0.217000
YZ,-1.0000,-1.0000,0.2414,-1.0000,0.495889,0.066000
YZ,-1.0000,-1.0000,0.2414,-0.9310,0.493813,0.097000
YZ,-1.0000,-1.0000,0.2414,-0.8621,0.491574,0.076000
YZ,-1.0000,-1.0000,0.2414,-0.7931,0.489176,0.088000
YZ,-1.0000,-1.0000,0.2414,-0.7241,0.486625,0.073000
YZ,-1.0000,-1.0000,0.2414,-0.6552,0.483926,0.089000
YZ,-1.0000,-1.0000,0.2414,-0.5862,0.481084,0.090000
YZ,-1.0000,-1.0000,0.2414,-0.5172,0.478106,0.087000
YZ,-1.0000,-1.0000,0.2414,-0.4483,0.474999,0.091000
YZ,-1.0000,-1.0000,0.2414,-0.3793,0.471769,0.093000
YZ,-1.0000,-1.0000,0.2414,-0.3103,0.468424,0.095000
YZ,-1.0000,-1.0000,0.2414,-0.2414,0.464972,0.086000
YZ,-1.0000,-1.0000,0.2414,-0.1724,0.461421,0.101000
YZ,-1.0000,-1.0000,0.2414,-0.1034,0.457777,0.090000
YZ,-1.0000,-1.0000,0.2414,-0.0345,0.454051,0.112000
YZ,-1.0000,-1.0000,0.2414,0.0345,0.450249,0.100000
YZ,-1.0000,-1.0000,0.2414,0.1034,0.446380,0.124000
YZ,-1.0000,-1.0000,0.2414,0.1724,0.442453,0.151000
YZ,-1.0000,-1.0000,0.2414,0.2414,0.438476,0.140000
YZ,-1.0000,-1.0000,0.2414,0.3103,0.434457,0.152000
YZ,-1.0000,-1.0000,0.2414,0.3793,0.430405,0.145000
YZ,-1.0000,-1.0000,0.2414,0.4483,0.426327,0.169000
YZ,-1.0000,-1.0000,0.2414,0.5172,0.422232,0.184000
YZ,-1.0000,-1.0000,0.2414,0.5862,0.418127,0.196000
YZ,-1.0000,-1.0000,0.2414,0.6552,0.414021,0.219000
YZ,-1.0000,-1.0000,0.2414,0.7241,0.409921,0.243000
YZ,-1.0000,-1.0000,0.2414,0.7931,0.405835,0.230000
YZ,-1.0000,-1.0000,0.2414,0.8621,0.401771,0.234000
YZ,-1.0000,-1.0000,0.2414,0.9310,0.397735,0.292000
YZ,-1.0000,-1.0000,0.2414,1.0000,0.393736,0.296000
YZ,-1.0000,-1.0000,0.3103,-1.0000,0.505564,0.089000
YZ,-1.0000,-1.0000,0.3103,-0.9310,0.504044,0.074000
YZ,-1.0000,-1.0000,0.3103,-0.8621,0.502331,0.094000
YZ,-1.0000,-1.0000,0.3103,-0.7931,0.500434,0.082000
YZ,-1.0000,-1.0000,0.3103,-0.7241,0.498365,0.078000
YZ,-1.0000,-1.0000,0.3103,-0.6552,0.496134,0.088000
YZ,-1.0000,-1.0000,0.3103,-0.5862,0.493749,0.085000
YZ,-1.0000,-1.0000,0.3103,-0.5172,0.491222,0.082000
YZ,-1.0000,-1.0000,0.3103,-0.4483,0.488563,0.078000
YZ,-1.0000,-1.0000,0.3103,-0.3793,0.485782,0.081000
YZ,-1.0000,-1.0000,0.3103,-0.3103,0.482888,0.078000
YZ,-1.0000,-1.0000,0.3103,-0.2414,0.479892,0.095000
YZ,-1.0000,-1.0000,0.3103,-0.1724,0.476804,0.086000
YZ,-1.0000,-1.0000,0.3103,-0.1034,0.473632,0.091000
YZ,-1.0000,-1.0000,0.3103,-0.0345,0.470388,0.091000
YZ,-1.0000,-1.0000,0.3103,0.0345,0.467079,0.116000
YZ,-1.0000,-1.0000,0.3103,0.1034,0.463716,0.113000
YZ,-1.0000,-1.0000,0.3103,0.1724,0.460307,0.126000
YZ,-1.0000,-1.0000,0.3103,0.2414,0.456863,0.131000
YZ,-1.0000,-1.0000,0.3103,0.3103,0.453391,0.117000
YZ,-1.0000,-1.0000,0.3103,0.3793,0.449900,0.141000
YZ,-1.0000,-1.0000,0.3103,0.4483,0.446399,0.140000
YZ,-1.0000,-1.0000,0.3103,0.5172,0.442896,0.177000
YZ,-1.0000,-1.0000,0.3103,0.5862,0.439400,0.156000
YZ,-1.0000,-1.0000,0.3103,0.6552,0.435918,0.172000
YZ,-1.0000,-1.0000,0.3103,0.7241,0.432459,0.176000
YZ,-1.0000,-1.0000,0.3103,0.7931,0.429029,0.171000
YZ,-1.0000,-1.0000,0.3103,0.8621,0.425637,0.186000
YZ,-1.0000,-1.0000,0.3103,0.9310,0.422290,0.219000
YZ,-1.0000,-1.0000,0.3103,1.0000,0.418995,0.218000
YZ,-1.0000,-1.0000,0.3793,-1.0000,0.443169,0.111000
YZ,-1.0000,-1.0000,0.3793,-0.9310,0.442279,0.102000
YZ,-1.0000,-1.0000,0.3793,-0.8621,0.441243,0.096000
YZ,-1.0000,-1.0000,0.3793,-0.7931,0.440069,0.110000
YZ,-1.0000,-1.0000,0.3793,-0.7241,0.438766,0.122000
YZ,-1.0000,-1.0000,0.3793,-0.6552,0.437341,0.119000
YZ,-1.0000,-1.0000,0.3793,-0.5862,0.435804,0.119000
YZ,-1.0000,-1.0000,0.3793,-0.5172,0.434163,0.106000
YZ,-1.0000,-1.0000,0.3793,-0.4483,0.432427,0.117000
YZ,-1.0000,-1.0000,0.3793,-0.3793,0.430605,0.131000
YZ,-1.0000,-1.0000,0.3793,-0.3103,0.428704,0.122000
YZ,-1.0000,-1.0000,0.3793,-0.2414,0.426735,0.112000
YZ,-1.0000,-1.0000,0.3793,-0.1724,0.424704,0.124000
YZ,-1.0000,-1.0000,0.3793,-0.1034,0.422620,0.124000
YZ,-1.0000,-1.0000,0.3793,-0.0345,0.420492,0.142000
YZ,-1.0000,-1.0000,0.3793,0.0345,0.418327,0.119000
YZ,-1.0000,-1.0000,0.3793,0.1034,0.416134,0.134000
YZ,-1.0000,-1.0000,0.3793,0.1724,0.413920,0.138000
YZ,-1.0000,-1.0000,0.3793,0.2414,0.411694,0.118000
YZ,-1.0000,-1.0000,0.3793,0.3103,0.409462,0.141000
YZ,-1.0000,-1.0000,0.3793,0.3793,0.407232,0.132000
YZ,-1.0000,-1.0000,0.3793,0.4483,0.405011,0.131000
YZ,-1.0000,-1.0000,0.3793,0.5172,0.402806,0.135000
YZ,-1.0000,-1.0000,0.3793,0.5862,0.400624,0.144000
YZ,-1.0000,-1.0000,0.3793,0.6552,0.398471,0.164000
YZ,-1.0000,-1.0000,0.3793,0.7241,0.396354,0.154000
YZ,-1.0000,-1.0000,0.3793,0.7931,0.394279,0.162000
YZ,-1.0000,-1.0000,0.3793,0.8621,0.392253,0.185000
YZ,-1.0000,-1.0000,0.3793,0.9310,0.390280,0.168000
YZ,-1.0000,-1.0000,0.3793,1.0000,0.388366,0.155000
YZ,-1.0000,-1.0000,0.4483,-1.0000,0.344278,0.154000
YZ,-1.0000,-1.0000,0.4483,-0.9310,0.343696,0.137000
YZ,-1.0000,-1.0000,0.4483,-0.8621,0.343054,0.169000
YZ,-1.0000,-1.0000,0.4483,-0.7931,0.342359,0.163000
YZ,-1.0000,-1.0000,0.4483,-0.7241,0.341615,0.166000
YZ,-1.0000,-1.0000,0.4483,-0.6552,0.340829,0.164000
YZ,-1.0000,-1.0000,0.4483,-0.5862,0.340007,0.171000
YZ,-1.0000,-1.0000,0.4483,-0.5172,0.339156,0.170000
YZ,-1.0000,-1.0000,0.4483,-0.4483,0.338280,0.202000
YZ,-1.0000,-1.0000,0.4483,-0.3793,0.337386,0.171000
YZ,-1.0000,-1.0000,0.4483,-0.3103,0.336480,0.194000
YZ,-1.0000,-1.0000,0.4483,-0.2414,0.335569,0.189000
YZ,-1.0000,-1.0000,0.4483,-0.1724,0.334658,0.207000
YZ,-1.0000,-1.0000,0.4483,-0.1034,0.333753,0.190000
YZ,-1.0000,-1.0000,0.4483,-0.0345,0.332859,0.175000
YZ,-1.0000,-1.0000,0.4483,0.0345,0.331984,0.211000
YZ,-1.0000,-1.0000,0.4483,0.1034,0.331132,0.233000
YZ,-1.0000,-1.0000,0.4483,0.1724,0.330308,0.206000
YZ,-1.0000,-1.0000,0.4483,0.2414,0.329519,0.219000
YZ,-1.0000,-1.0000,0.4483,0.3103,0.328769,0.221000
YZ,-1.0000,-1.0000,0.4483,0.3793,0.328064,0.217000
YZ,-1.0000,-1.0000,0.4483,0.4483,0.327408,0.231000
YZ,-1.0000,-1.0000,0.4483,0.5172,0.326807,0.231000
YZ,-1.0000,-1.0000,0.4483,0.5862,0.326264,0.230000
YZ,-1.0000,-1.0000,0.4483,0.6552,0.325785,0.241000
YZ,-1.0000,-1.0000,0.4483,0.7241,0.325374,0.240000
YZ,-1.0000,-1.0000,0.4483,0.7931,0.325034,0.219000
YZ,-1.0000,-1.0000,0.4483,0.8621,0.324770,0.235000
YZ,-1.0000,-1.0000,0.4483,0.9310,0.324584,0.248000
YZ,-1.0000,-1.0000,0.4483,1.0000,0.324481,0.245000
YZ,-1.0000,-1.0000,0.5172,-1.0000,0.242731,0.198000
YZ,-1.0000,-1.0000,0.5172,-0.9310,0.242039,0.192000
YZ,-1.0000,-1.0000,0.5172,-0.8621,0.241392,0.190000
YZ,-1.0000,-1.0000,0.5172,-0.7931,0.240796,0.192000
YZ,-1.0000,-1.0000,0.5172,-0.7241,0.240254,0.184000
YZ,-1.0000,-1.0000,0.5172,-0.6552,0.239769,0.189000
YZ,-1.0000,-1.0000,0.5172,-0.5862,0.239346,0.203000
YZ,-1.0000,-1.0000,0.5172,-0.5172,0.238987,0.202000
YZ,-1.0000,-1.0000,0.5172,-0.4483,0.238698,0.235000
YZ,-1.0000,-1.0000,0.5172,-0.3793,0.238481,0.203000
YZ,-1.0000,-1.0000,0.5172,-0.3103,0.238341,0.233000
YZ,-1.0000,-1.0000,0.5172,-0.2414,0.238281,0.234000
YZ,-1.0000,-1.0000,0.5172,-0.1724,0.238304,0.227000
YZ,-1.0000,-1.0000,0.5172,-0.1034,0.238414,0.233000
YZ,-1.0000,-1.0000,0.5172,-0.0345,0.238614,0.247000
YZ,-1.0000,-1.0000,0.5172,0.0345,0.238907,0.259000
YZ,-1.0000,-1.0000,0.5172,0.1034,0.239296,0.264000
YZ,-1.0000,-1.0000,0.5172,0.1724,0.239785,0.232000
YZ,-1.0000,-1.0000,0.5172,0.2414,0.240375,0.277000
YZ,-1.0000,-1.0000,0.5172,0.3103,0.241069,0.271000
YZ,-1.0000,-1.0000,0.5172,0.3793,0.241869,0.286000
YZ,-1.0000,-1.0000,0.5172,0.4483,0.242777,0.303000
YZ,-1.0000,-1.0000,0.5172,0.5172,0.243795,0.303000
YZ,-1.0000,-1.0000,0.5172,0.5862,0.244925,0.306000
YZ,-1.0000,-1.0000,0.5172,0.6552,0.246167,0.328000
YZ,-1.0000,-1.0000,0.5172,0.7241,0.247523,0.335000
YZ,-1.0000,-1.0000,0.5172,0.7931,0.248994,0.337000
YZ,-1.0000,-1.0000,0.5172,0.8621,0.250579,0.331000
YZ,-1.0000,-1.0000,0.5172,0.9310,0.252279,0.317000
YZ,-1.0000,-1.0000,0.5172,1.0000,0.254094,0.306000
YZ,-1.0000,-1.0000,0.5862,-1.0000,0.179070,0.187000
YZ,-1.0000,-1.0000,0.5862,-0.9310,0.178560,0.201000
YZ,-1.0000,-1.0000,0.5862,-0.8621,0.178211,0.206000
YZ,-1.0000,-1.0000,0.5862,-0.7931,0.178020,0.197000
YZ,-1.0000,-1.0000,0.5862,-0.7241,0.177986,0.196000
YZ,-1.0000,-1.0000,0.5862,-0.6552,0.178107,0.191000
YZ,-1.0000,-1.0000,0.5862,-0.5862,0.178383,0.188000
YZ,-1.0000,-1.0000,0.5862,-0.5172,0.178811,0.211000
YZ,-1.0000,-1.0000,0.5862,-0.4483,0.179391,0.188000
YZ,-1.0000,-1.0000,0.5862,-0.3793,0.180122,0.196000
YZ,-1.0000,-1.0000,0.5862,-0.3103,0.181003,0.202000
YZ,-1.0000,-1.0000,0.5862,-0.2414,0.182033,0.188000
YZ,-1.0000,-1.0000,0.5862,-0.1724,0.183211,0.190000
YZ,-1.0000,-1.0000,0.5862,-0.1034,0.184535,0.219000
YZ,-1.0000,-1.0000,0.5862,-0.0345,0.186004,0.199000
YZ,-1.0000,-1.0000,0.5862,0.0345,0.187616,0.191000
YZ,-1.0000,-1.0000,0.5862,0.1034,0.189369,0.211000
YZ,-1.0000,-1.0000,0.5862,0.1724,0.191262,0.229000
YZ,-1.0000,-1.0000,0.5862,0.2414,0.193293,0.221000
YZ,-1.0000,-1.0000,0.5862,0.3103,0.195460,0.232000
YZ,-1.0000,-1.0000,0.5862,0.3793,0.197760,0.252000
YZ,-1.0000,-1.0000,0.5862,0.4483,0.200191,0.237000
YZ,-1.0000,-1.0000,0.5862,0.5172,0.202750,0.241000
YZ,-1.0000,-1.0000,0.5862,0.5862,0.205435,0.267000
YZ,-1.0000,-1.0000,0.5862,0.6552,0.208243,0.277000
YZ,-1.0000,-1.0000,0.5862,0.7241,0.211171,0.252000
YZ,-1.0000,-1.0000,0.5862,0.7931,0.214217,0.283000
YZ,-1.0000,-1.0000,0.5862,0.8621,0.217376,0.269000
YZ,-1.0000,-1.0000,0.5862,0.9310,0.220646,0.286000
YZ,-1.0000,-1.0000,0.5862,1.0000,0.224024,0.298000
YZ,-1.0000,-1.0000,0.6552,-1.0000,0.235347,0.156000
YZ,-1.0000,-1.0000,0.6552,-0.9310,0.234355,0.142000
YZ,-1.0000,-1.0000,0.6552,-0.8621,0.233547,0.154000
YZ,-1.0000,-1.0000,0.6552,-0.7931,0.232922,0.168000
YZ,-1.0000,-1.0000,0.6552,-0.7241,0.232480,0.156000
YZ,-1.0000,-1.0000,0.6552,-0.6552,0.232220,0.145000
YZ,-1.0000,-1.0000,0.6552,-0.5862,0.232141,0.132000
YZ,-1.0000,-1.0000,0.6552,-0.5172,0.232240,0.140000
YZ,-1.0000,-1.0000,0.6552,-0.4483,0.232515,0.128000
YZ,-1.0000,-1.0000,0.6552,-0.3793,0.232963,0.132000
YZ,-1.0000,-1.0000,0.6552,-0.3103,0.233582,0.129000
YZ,-1.0000,-1.0000,0.6552,-0.2414,0.234368,0.139000
YZ,-1.0000,-1.0000,0.6552,-0.1724,0.235317,0.126000
YZ,-1.0000,-1.0000,0.6552,-0.1034,0.236426,0.137000
YZ,-1.0000,-1.0000,0.6552,-0.0345,0.237691,0.123000
YZ,-1.0000,-1.0000,0.6552,0.0345,0.239108,0.125000
YZ,-1.0000,-1.0000,0.6552,0.1034,0.240674,0.134000
YZ,-1.0000,-1.0000,0.6552,0.1724,0.242383,0.117000
YZ,-1.0000,-1.0000,0.6552,0.2414,0.244233,0.129000
YZ,-1.0000,-1.0000,0.6552,0.3103,0.246218,0.105000
YZ,-1.0000,-1.0000,0.6552,0.3793,0.248335,0.125000
YZ,-1.0000,-1.0000,0.6552,0.4483,0.250579,0.139000
YZ,-1.0000,-1.0000,0.6552,0.5172,0.252947,0.116000
YZ,-1.0000,-1.0000,0.6552,0.5862,0.255434,0.138000
YZ,-1.0000,-1.0000,0.6552,0.6552,0.258036,0.132000
YZ,-1.0000,-1.0000,0.6552,0.7241,0.260748,0.138000
YZ,-1.0000,-1.0000,0.6552,0.7931,0.263567,0.144000
YZ,-1.0000,-1.0000,0.6552,0.8621,0.266489,0.147000
YZ,-1.0000,-1.0000,0.6552,0.9310,0.269508,0.131000
YZ,-1.0000,-1.0000,0.6552,1.0000,0.272622,0.124000
YZ,-1.0000,-1.0000,0.7241,-1.0000,0.335544,0.085000
YZ,-1.0000,-1.0000,0.7241,-0.9310,0.335136,0.071000
YZ,-1.0000,-1.0000,0.7241,-0.8621,0.334835,0.084000
YZ,-1.0000,-1.0000,0.7241,-0.7931,0.334642,0.071000
YZ,-1.0000,-1.0000,0.7241,-0.7241,0.334557,0.079000
YZ,-1.0000,-1.0000,0.7241,-0.6552,0.334578,0.073000
YZ,-1.0000,-1.0000,0.7241,-0.5862,0.334706,0.066000
YZ,-1.0000,-1.0000,0.7241,-0.5172,0.334939,0.073000
YZ,-1.0000,-1.0000,0.7241,-0.4483,0.335276,0.065000
YZ,-1.0000,-1.0000,0.7241,-0.3793,0.335717,0.050000
YZ,-1.0000,-1.0000,0.7241,-0.3103,0.336261,0.042000
YZ,-1.0000,-1.0000,0.7241,-0.2414,0.336905,0.049000
YZ,-1.0000,-1.0000,0.7241,-0.1724,0.337649,0.051000
YZ,-1.0000,-1.0000,0.7241,-0.1034,0.338491,0.043000
YZ,-1.0000,-1.0000,0.7241,-0.0345,0.339429,0.061000
YZ,-1.0000,-1.0000,0.7241,0.0345,0.340462,0.040000
YZ,-1.0000,-1.0000,0.7241,0.1034,0.341587,0.047000
YZ,-1.0000,-1.0000,0.7241,0.1724,0.342804,0.039000
YZ,-1.0000,-1.0000,0.7241,0.2414,0.344108,0.029000
YZ,-1.0000,-1.0000,0.7241,0.3103,0.345500,0.043000
YZ,-1.0000,-1.0000,0.7241,0.3793,0.346975,0.034000
YZ,-1.0000,-1.0000,0.7241,0.4483,0.348532,0.046000
YZ,-1.0000,-1.0000,0.7241,0.5172,0.350169,0.037000
YZ,-1.0000,-1.0000,0.7241,0.5862,0.351883,0.037000
YZ,-1.0000,-1.0000,0.7241,0.6552,0.353672,0.037000
YZ,-1.0000,-1.0000,0.7241,0.7241,0.355532,0.033000
YZ,-1.0000,-1.0000,0.7241,0.7931,0.357462,0.040000
YZ,-1.0000,-1.0000,0.7241,0.8621,0.359459,0.036000
YZ,-1.0000,-1.0000,0.7241,0.9310,0.361520,0.036000
YZ,-1.0000,-1.0000,0.7241,1.0000,0.363642,0.034000
YZ,-1.0000,-1.0000,0.7931,-1.0000,0.428122,0.031000
YZ,-1.0000,-1.0000,0.7931,-0.9310,0.428247,0.046000
YZ,-1.0000,-1.0000,0.7931,-0.8621,0.428427,0.026000
YZ,-1.0000,-1.0000,0.7931,-0.7931,0.428660,0.050000
YZ,-1.0000,-1.0000,0.7931,-0.7241,0.428946,0.045000
YZ,-1.0000,-1.0000,0.7931,-0.6552,0.429285,0.035000
YZ,-1.0000,-1.0000,0.7931,-0.5862,0.429676,0.026000
YZ,-1.0000,-1.0000,0.7931,-0.5172,0.430117,0.043000
YZ,-1.0000,-1.0000,0.7931,-0.4483,0.430609,0.045000
YZ,-1.0000,-1.0000,0.7931,-0.3793,0.431149,0.036000
YZ,-1.0000,-1.0000,0.7931,-0.3103,0.431738,0.027000
YZ,-1.0000,-1.0000,0.7931,-0.2414,0.432375,0.034000
YZ,-1.0000,-1.0000,0.7931,-0.1724,0.433057,0.038000
YZ,-1.0000,-1.0000,0.7931,-0.1034,0.433785,0.040000
YZ,-1.0000,-1.0000,0.7931,-0.0345,0.434557,0.041000
YZ,-1.0000,-1.0000,0.7931,0.0345,0.435371,0.032000
YZ,-1.0000,-1.0000,0.7931,0.1034,0.436228,0.033000
YZ,-1.0000,-1.0000,0.7931,0.1724,0.437125,0.030000
YZ,-1.0000,-1.0000,0.7931,0.2414,0.438061,0.026000
YZ,-1.0000,-1.0000,0.7931,0.3103,0.439035,0.031000
YZ,-1.0000,-1.0000,0.7931,0.3793,0.440046,0.036000
YZ,-1.0000,-1.0000,0.7931,0.4483,0.441092,0.030000
YZ,-1.0000,-1.0000,0.7931,0.5172,0.442172,0.033000
YZ,-1.0000,-1.0000,0.7931,0.5862,0.443285,0.033000
YZ,-1.0000,-1.0000,0.7931,0.6552,0.444429,0.035000
YZ,-1.0000,-1.0000,0.7931,0.7241,0.445603,0.044000
YZ,-1.0000,-1.0000,0.7931,0.7931,0.446805,0.031000
YZ,-1.0000,-1.0000,0.7931,0.8621,0.448034,0.039000
YZ,-1.0000,-1.0000,0.7931,0.9310,0.449289,0.029000
YZ,-1.0000,-1.0000,0.7931,1.0000,0.450568,0.039000
YZ,-1.0000,-1.0000,0.8621,-1.0000,0.490856,0.039000
YZ,-1.0000,-1.0000,0.8621,-0.9310,0.491246,0.038000
YZ,-1.0000,-1.0000,0.8621,-0.8621,0.491654,0.038000
YZ,-1.0000,-1.0000,0.8621,-0.7931,0.492080,0.041000
YZ,-1.0000,-1.0000,0.8621,-0.7241,0.492522,0.041000
YZ,-1.0000,-1.0000,0.8621,-0.6552,0.492980,0.035000
YZ,-1.0000,-1.0000,0.8621,-0.5862,0.493454,0.041000
YZ,-1.0000,-1.0000,0.8621,-0.5172,0.493944,0.051000
YZ,-1.0000,-1.0000,0.8621,-0.4483,0.494448,0.048000
YZ,-1.0000,-1.0000,0.8621,-0.3793,0.494966,0.048000
YZ,-1.0000,-1.0000,0.8621,-0.3103,0.495498,0.053000
YZ,-1.0000,-1.0000,0.8621,-0.2414,0.496043,0.039000
YZ,-1.0000,-1.0000,0.8621,-0.1724,0.496600,0.055000
YZ,-1.0000,-1.0000,0.8621,-0.1034,0.497169,0.046000
YZ,-1.0000,-1.0000,0.8621,-0.0345,0.497750,0.054000
YZ,-1.0000,-1.0000,0.8621,0.0345,0.498341,0.046000
YZ,-1.0000,-1.0000,0.8621,0.1034,0.498942,0.050000
YZ,-1.0000,-1.0000,0.8621,0.1724,0.499552,0.051000
YZ,-1.0000,-1.0000,0.8621,0.2414,0.500172,0.050000
YZ,-1.0000,-1.0000,0.8621,0.3103,0.500799,0.059000
YZ,-1.0000,-1.0000,0.8621,0.3793,0.501434,0.054000
YZ,-1.0000,-1.0000,0.8621,0.4483,0.502076,0.052000
YZ,-1.0000,-1.0000,0.8621,0.5172,0.502724,0.060000
YZ,-1.0000,-1.0000,0.8621,0.5862,0.503378,0.054000
YZ,-1.0000,-1.0000,0.8621,0.6552,0.504038,0.059000
YZ,-1.0000,-1.0000,0.8621,0.7241,0.504701,0.043000
YZ,-1.0000,-1.0000,0.8621,0.7931,0.505369,0.059000
YZ,-1.0000,-1.0000,0.8621,0.8621,0.506040,0.047000
YZ,-1.0000,-1.0000,0.8621,0.9310,0.506714,0.060000
YZ,-1.0000,-1.0000,0.8621,1.0000,0.507390,0.068000
YZ,-1.0000,-1.0000,0.9310,-1.0000,0.517252,0.025000
YZ,-1.0000,-1.0000,0.9310,-0.9310,0.517652,0.024000
YZ,-1.0000,-1.0000,0.9310,-0.8621,0.518053,0.022000
YZ,-1.0000,-1.0000,0.9310,-0.7931,0.518454,0.023000
YZ,-1.0000,-1.0000,0.9310,-0.7241,0.518857,0.027000
YZ,-1.0000,-1.0000,0.9310,-0.6552,0.519260,0.033000
YZ,-1.0000,-1.0000,0.9310,-0.5862,0.519663,0.023000
YZ,-1.0000,-1.0000,0.9310,-0.5172,0.520066,0.027000
YZ,-1.0000,-1.0000,0.9310,-0.4483,0.520469,0.036000
YZ,-1.0000,-1.0000,0.9310,-0.3793,0.520872,0.038000
YZ,-1.0000,-1.0000,0.9310,-0.3103,0.521274,0.027000
YZ,-1.0000,-1.0000,0.9310,-0.2414,0.521675,0.024000
YZ,-1.0000,-1.0000,0.9310,-0.1724,0.522076,0.024000
YZ,-1.0000,-1.0000,0.9310,-0.1034,0.522476,0.029000
YZ,-1.0000,-1.0000,0.9310,-0.0345,0.522874,0.041000
YZ,-1.0000,-1.0000,0.9310,0.0345,0.523271,0.033000
YZ,-1.0000,-1.0000,0.9310,0.1034,0.523666,0.028000
YZ,-1.0000,-1.0000,0.9310,0.1724,0.524060,0.031000
YZ,-1.0000,-1.0000,0.9310,0.2414,0.524451,0.041000
YZ,-1.0000,-1.0000,0.9310,0.3103,0.524841,0.035000
YZ,-1.0000,-1.0000,0.9310,0.3793,0.525228,0.031000
YZ,-1.0000,-1.0000,0.9310,0.4483,0.525613,0.036000
YZ,-1.0000,-1.0000,0.9310,0.5172,0.525996,0.027000
YZ,-1.0000,-1.0000,0.9310,0.5862,0.526376,0.042000
YZ,-1.0000,-1.0000,0.9310,0.6552,0.526753,0.032000
YZ,-1.0000,-1.0000,0.9310,0.7241,0.527127,0.036000
YZ,-1.0000,-1.0000,0.9310,0.7931,0.527498,0.040000
YZ,-1.0000,-1.0000,0.9310,0.8621,0.527867,0.044000
YZ,-1.0000,-1.0000,0.9310,0.9310,0.528232,0.033000
YZ,-1.0000,-1.0000,0.9310,1.0000,0.528593,0.028000
YZ,-1.0000,-1.0000,1.0000,-1.0000,0.519694,0.013000
YZ,-1.0000,-1.0000,1.0000,-0.9310,0.520012,0.011000
YZ,-1.0000,-1.0000,1.0000,-0.8621,0.520329,0.007000
YZ,-1.0000,-1.0000,1.0000,-0.7931,0.520644,0.015000
YZ,-1.0000,-1.0000,1.0000,-0.7241,0.520957,0.012000
YZ,-1.0000,-1.0000,1.0000,-0.6552,0.521268,0.013000
YZ,-1.0000,-1.0000,1.0000,-0.5862,0.521577,0.013000
YZ,-1.0000,-1.0000,1.0000,-0.5172,0.521884,0.010000
YZ,-1.0000,-1.0000,1.0000,-0.4483,0.522190,0.015000
YZ,-1.0000,-1.0000,1.0000,-0.3793,0.522493,0.013000
YZ,-1.0000,-1.0000,1.0000,-0.3103,0.522795,0.011000
YZ,-1.0000,-1.0000,1.0000,-0.2414,0.523094,0.015000
YZ,-1.0000,-1.0000,1.0000,-0.1724,0.523392,0.016000
YZ,-1.0000,-1.0000,1.0000,-0.1034,0.523687,0.014000
YZ,-1.0000,-1.0000,1.0000,-0.0345,0.523980,0.016000
YZ,-1.0000,-1.0000,1.0000,0.0345,0.524271,0.027000
YZ,-1.0000,-1.0000,1.0000,0.1034,0.524560,0.011000
YZ,-1.0000,-1.0000,1.0000,0.1724,0.524847,0.022000
YZ,-1.0000,-1.0000,1.0000,0.2414,0.525132,0.009000
YZ,-1.0000,-1.0000,1.0000,0.3103,0.525414,0.031000
YZ,-1.0000,-1.0000,1.0000,0.3793,0.525694,0.024000
YZ,-1.0000,-1.0000,1.0000,0.4483,0.525972,0.013000
YZ,-1.0000,-1.0000,1.0000,0.5172,0.526248,0.019000
YZ,-1.0000,-1.0000,1.0000,0.5862,0.526521,0.021000
YZ,-1.0000,-1.0000,1.0000,0.6552,0.526792,0.019000
YZ,-1.0000,-1.0000,1.0000,0.7241,0.527061,0.026000
YZ,-1.0000,-1.0000,1.0000,0.7931,0.527328,0.020000
YZ,-1.0000,-1.0000,1.0000,0.8621,0.527592,0.029000
YZ,-1.0000,-1.0000,1.0000,0.9310,0.527854,0.017000
YZ,-1.0000,-1.0000,1.0000,1.0000,0.528114,0.029000
YZ,-0.5000,-0.5000,-1.0000,-1.0000,0.430364,0.227000
YZ,-0.5000,-0.5000,-1.0000,-0.9310,0.430449,0.238000
YZ,-0.5000,-0.5000,-1.0000,-0.8621,0.430557,0.206000
YZ,-0.5000,-0.5000,-1.0000,-0.7931,0.430686,0.200000
YZ,-0.5000,-0.5000,-1.0000,-0.7241,0.430839,0.202000
YZ,-0.5000,-0.5000,-1.0000,-0.6552,0.431015,0.191000
YZ,-0.5000,-0.5000,-1.0000,-0.5862,0.431216,0.210000
YZ,-0.5000,-0.5000,-1.0000,-0.5172,0.431443,0.206000
YZ,-0.5000,-0.5000,-1.0000,-0.4483,0.431694,0.198000
YZ,-0.5000,-0.5000,-1.0000,-0.3793,0.431972,0.195000
YZ,-0.5000,-0.5000,-1.0000,-0.3103,0.432276,0.197000
YZ,-0.5000,-0.5000,-1.0000,-0.2414,0.432607,0.199000
YZ,-0.5000,-0.5000,-1.0000,-0.1724,0.432963,0.180000
YZ,-0.5000,-0.5000,-1.0000,-0.1034,0.433346,0.213000
YZ,-0.5000,-0.5000,-1.0000,-0.0345,0.433755,0.179000
YZ,-0.5000,-0.5000,-1.0000,0.0345,0.434190,0.191000
YZ,-0.5000,-0.5000,-1.0000,0.1034,0.434649,0.184000
YZ,-0.5000,-0.5000,-1.0000,0.1724,0.435133,0.167000
YZ,-0.5000,-0.5000,-1.0000,0.2414,0.435640,0.176000
YZ,-0.5000,-0.5000,-1.0000,0.3103,0.436169,0.176000
YZ,-0.5000,-0.5000,-1.0000,0.3793,0.436720,0.193000
YZ,-0.5000,-0.5000,-1.0000,0.4483,0.437292,0.171000
YZ,-0.5000,-0.5000,-1.0000,0.5172,0.437882,0.167000
YZ,-0.5000,-0.5000,-1.0000,0.5862,0.438490,0.187000
YZ,-0.5000,-0.5000,-1.0000,0.6552,0.439115,0.160000
YZ,-0.5000,-0.5000,-1.0000,0.7241,0.439755,0.175000
YZ,-0.5000,-0.5000,-1.0000,0.7931,0.440409,0.162000
YZ,-0.5000,-0.5000,-1.0000,0.8621,0.441074,0.155000
YZ,-0.5000,-0.5000,-1.0000,0.9310,0.441750,0.154000
YZ,-0.5000,-0.5000,-1.0000,1.0000,0.442436,0.144000
YZ,-0.5000,-0.5000,-0.9310,-1.0000,0.420148,0.245000
YZ,-0.5000,-0.5000,-0.9310,-0.9310,0.419882,0.214000
YZ,-0.5000,-0.5000,-0.9310,-0.8621,0.419621,0.199000
YZ,-0.5000,-0.5000,-0.9310,-0.7931,0.419361,0.219000
YZ,-0.5000,-0.5000,-0.9310,-0.7241,0.419102,0.225000
YZ,-0.5000,-0.5000,-0.9310,-0.6552,0.418841,0.252000
YZ,-0.5000,-0.5000,-0.9310,-0.5862,0.418580,0.231000
YZ,-0.5000,-0.5000,-0.9310,-0.5172,0.418316,0.232000
YZ,-0.5000,-0.5000,-0.9310,-0.4483,0.418051,0.252000
YZ,-0.5000,-0.5000,-0.9310,-0.3793,0.417783,0.236000
YZ,-0.5000,-0.5000,-0.9310,-0.3103,0.417514,0.252000
YZ,-0.5000,-0.5000,-0.9310,-0.2414,0.417242,0.248000
YZ,-0.5000,-0.5000,-0.9310,-0.1724,0.416968,0.250000
YZ,-0.5000,-0.5000,-0.9310,-0.1034,0.416693,0.257000
YZ,-0.5000,-0.5000,-0.9310,-0.0345,0.416417,0.266000
YZ,-0.5000,-0.5000,-0.9310,0.0345,0.416139,0.253000
YZ,-0.5000,-0.5000,-0.9310,0.1034,0.415861,0.282000
YZ,-0.5000,-0.5000,-0.9310,0.1724,0.415582,0.285000
YZ,-0.5000,-0.5000,-0.9310,0.2414,0.415304,0.253000
YZ,-0.5000,-0.5000,-0.9310,0.3103,0.415025,0.259000
YZ,-0.5000,-0.5000,-0.9310,0.3793,0.414748,0.297000
YZ,-0.5000,-0.5000,-0.9310,0.4483,0.414471,0.299000
YZ,-0.5000,-0.5000,-0.9310,0.5172,0.414197,0.319000
YZ,-0.5000,-0.5000,-0.9310,0.5862,0.413924,0.289000
YZ,-0.5000,-0.5000,-0.9310,0.6552,0.413654,0.288000
YZ,-0.5000,-0.5000,-0.9310,0.7241,0.413387,0.316000
YZ,-0.5000,-0.5000,-0.9310,0.7931,0.413123,0.297000
YZ,-0.5000,-0.5000,-0.9310,0.8621,0.412863,0.319000
YZ,-0.5000,-0.5000,-0.9310,0.9310,0.412608,0.286000
YZ,-0.5000,-0.5000,-0.9310,1.0000,0.412358,0.321000
YZ,-0.5000,-0.5000,-0.8621,-1.0000,0.478625,0.074000
YZ,-0.5000,-0.5000,-0.8621,-0.9310,0.475833,0.078000
YZ,-0.5000,-0.5000,-0.8621,-0.8621,0.472987,0.086000
YZ,-0.5000,-0.5000,-0.8621,-0.7931,0.470090,0.062000
YZ,-0.5000,-0.5000,-0.8621,-0.7241,0.467146,0.082000
YZ,-0.5000,-0.5000,-0.8621,-0.6552,0.464162,0.109000
YZ,-0.5000,-0.5000,-0.8621,-0.5862,0.461141,0.101000
YZ,-0.5000,-0.5000,-0.8621,-0.5172,0.458093,0.092000
YZ,-0.5000,-0.5000,-0.8621,-0.4483,0.455023,0.105000
YZ,-0.5000,-0.5000,-0.8621,-0.3793,0.451943,0.098000
YZ,-0.5000,-0.5000,-0.8621,-0.3103,0.448861,0.134000
YZ,-0.5000,-0.5000,-0.8621,-0.2414,0.445793,0.110000
YZ,-0.5000,-0.5000,-0.8621,-0.1724,0.442752,0.106000
YZ,-0.5000,-0.5000,-0.8621,-0.1034,0.439758,0.116000
YZ,-0.5000,-0.5000,-0.8621,-0.0345,0.436836,0.095000
YZ,-0.5000,-0.5000,-0.8621,0.0345,0.434012,0.110000
YZ,-0.5000,-0.5000,-0.8621,0.1034,0.431324,0.110000
YZ,-0.5000,-0.5000,-0.8621,0.1724,0.428811,0.132000
YZ,-0.5000,-0.5000,-0.8621,0.2414,0.426522,0.135000
YZ,-0.5000,-0.5000,-0.8621,0.3103,0.424504,0.134000
YZ,-0.5000,-0.5000,-0.8621,0.3793,0.422795,0.116000
YZ,-0.5000,-0.5000,-0.8621,0.4483,0.421419,0.148000
YZ,-0.5000,-0.5000,-0.8621,0.5172,0.420378,0.150000
YZ,-0.5000,-0.5000,-0.8621,0.5862,0.419650,0.158000
YZ,-0.5000,-0.5000,-0.8621,0.6552,0.419202,0.143000
YZ,-0.5000,-0.5000,-0.8621,0.7241,0.418992,0.161000
YZ,-0.5000,-0.5000,-0.8621,0.7931,0.418983,0.181000
YZ,-0.5000,-0.5000,-0.8621,0.8621,0.419140,0.178000
YZ,-0.5000,-0.5000,-0.8621,0.9310,0.419436,0.157000
YZ,-0.5000,-0.5000,-0.8621,1.0000,0.419849,0.175000
YZ,-0.5000,-0.5000,-0.7931,-1.0000,0.491504,0.096000
YZ,-0.5000,-0.5000,-0.7931,-0.9310,0.491461,0.078000
YZ,-0.5000,-0.5000,-0.7931,-0.8621,0.491379,0.080000
YZ,-0.5000,-0.5000,-0.7931,-0.7931,0.491258,0.095000
YZ,-0.5000,-0.5000,-0.7931,-0.7241,0.491097,0.092000
YZ,-0.5000,-0.5000,-0.7931,-0.6552,0.490896,0.065000
YZ,-0.5000,-0.5000,-0.7931,-0.5862,0.490656,0.087000
YZ,-0.5000,-0.5000,-0.7931,-0.5172,0.490377,0.093000
YZ,-0.5000,-0.5000,-0.7931,-0.4483,0.490062,0.082000
YZ,-0.5000,-0.5000,-0.7931,-0.3793,0.489713,0.074000
YZ,-0.5000,-0.5000,-0.7931,-0.3103,0.489331,0.075000
YZ,-0.5000,-0.5000,-0.7931,-0.2414,0.488919,0.072000
YZ,-0.5000,-0.5000,-0.7931,-0.1724,0.488480,0.081000
YZ,-0.5000,-0.5000,-0.7931,-0.1034,0.488017,0.072000
YZ,-0.5000,-0.5000,-0.7931,-0.0345,0.487533,0.065000
YZ,-0.5000,-0.5000,-0.7931,0.0345,0.487031,0.077000
YZ,-0.5000,-0.5000,-0.7931,0.1034,0.486515,0.083000
YZ,-0.5000,-0.5000,-0.7931,0.1724,0.485988,0.073000
YZ,-0.5000,-0.5000,-0.7931,0.2414,0.485452,0.075000
YZ,-0.5000,-0.5000,-0.7931,0.3103,0.484912,0.063000
YZ,-0.5000,-0.5000,-0.7931,0.3793,0.484369,0.063000
YZ,-0.5000,-0.5000,-0.7931,0.4483,0.483826,0.054000
YZ,-0.5000,-0.5000,-0.7931,0.5172,0.483287,0.069000
YZ,-0.5000,-0.5000,-0.7931,0.5862,0.482753,0.054000
YZ,-0.5000,-0.5000,-0.7931,0.6552,0.482226,0.058000
YZ,-0.5000,-0.5000,-0.7931,0.7241,0.481709,0.058000
YZ,-0.5000,-0.5000,-0.7931,0.7931,0.481202,0.061000
YZ,-0.5000,-0.5000,-0.7931,0.8621,0.480708,0.049000
YZ,-0.5000,-0.5000,-0.7931,0.9310,0.480227,0.043000
YZ,-0.5000,-0.5000,-0.7931,1.0000,0.479760,0.050000
YZ,-0.5000,-0.5000,-0.7241,-1.0000,0.418633,0.311000
YZ,-0.5000,-0.5000,-0.7241,-0.9310,0.420417,0.327000
YZ,-0.5000,-0.5000,-0.7241,-0.8621,0.422283,0.314000
YZ,-0.5000,-0.5000,-0.7241,-0.7931,0.424232,0.296000
YZ,-0.5000,-0.5000,-0.7241,-0.7241,0.426262,0.326000
YZ,-0.5000,-0.5000,-0.7241,-0.6552,0.428373,0.328000
YZ,-0.5000,-0.5000,-0.7241,-0.5862,0.430561,0.317000
YZ,-0.5000,-0.5000,-0.7241,-0.5172,0.432827,0.307000
YZ,-0.5000,-0.5000,-0.7241,-0.4483,0.435169,0.309000
YZ,-0.5000,-0.5000,-0.7241,-0.3793,0.437585,0.316000
YZ,-0.5000,-0.5000,-0.7241,-0.3103,0.440074,0.318000
YZ,-0.5000,-0.5000,-0.7241,-0.2414,0.442633,0.329000
YZ,-0.5000,-0.5000,-0.7241,-0.1724,0.445260,0.309000
YZ,-0.5000,-0.5000,-0.7241,-0.1034,0.447955,0.316000
YZ,-0.5000,-0.5000,-0.7241,-0.0345,0.450715,0.315000
YZ,-0.5000,-0.5000,-0.7241,0.0345,0.453537,0.309000
YZ,-0.5000,-0.5000,-0.7241,0.1034,0.456421,0.326000
YZ,-0.5000,-0.5000,-0.7241,0.1724,0.459363,0.336000
YZ,-0.5000,-0.5000,-0.7241,0.2414,0.462362,0.343000
YZ,-0.5000,-0.5000,-0.7241,0.3103,0.465415,0.307000
YZ,-0.5000,-0.5000,-0.7241,0.3793,0.468521,0.310000
YZ,-0.5000,-0.5000,-0.7241,0.4483,0.471678,0.345000
YZ,-0.5000,-0.5000,-0.7241,0.5172,0.474882,0.335000
YZ,-0.5000,-0.5000,-0.7241,0.5862,0.478133,0.353000
YZ,-0.5000,-0.5000,-0.7241,0.6552,0.481427,0.350000
YZ,-0.5000,-0.5000,-0.7241,0.7241,0.484764,0.321000
YZ,-0.5000,-0.5000,-0.7241,0.7931,0.488140,0.334000
YZ,-0.5000,-0.5000,-0.7241,0.8621,0.491554,0.344000
YZ,-0.5000,-0.5000,-0.7241,0.9310,0.495003,0.341000
YZ,-0.5000,-0.5000,-0.7241,1.0000,0.498486,0.334000
YZ,-0.5000,-0.5000,-0.6552,-1.0000,0.384526,0.300000
YZ,-0.5000,-0.5000,-0.6552,-0.9310,0.386032,0.332000
YZ,-0.5000,-0.5000,-0.6552,-0.8621,0.387574,0.330000
YZ,-0.5000,-0.5000,-0.6552,-0.7931,0.389155,0.330000
YZ,-0.5000,-0.5000,-0.6552,-0.7241,0.390772,0.344000
YZ,-0.5000,-0.5000,-0.6552,-0.6552,0.392427,0.333000
YZ,-0.5000,-0.5000,-0.6552,-0.5862,0.394117,0.342000
YZ,-0.5000,-0.5000,-0.6552,-0.5172,0.395845,0.324000
YZ,-0.5000,-0.5000,-0.6552,-0.4483,0.397608,0.364000
YZ,-0.5000,-0.5000,-0.6552,-0.3793,0.399406,0.338000
YZ,-0.5000,-0.5000,-0.6552,-0.3103,0.401240,0.352000
YZ,-0.5000,-0.5000,-0.6552,-0.2414,0.403109,0.322000
YZ,-0.5000,-0.5000,-0.6552,-0.1724,0.405011,0.355000
YZ,-0.5000,-0.5000,-0.6552,-0.1034,0.406947,0.350000
YZ,-0.5000,-0.5000,-0.6552,-0.0345,0.408917,0.388000
YZ,-0.5000,-0.5000,-0.6552,0.0345,0.410918,0.370000
YZ,-0.5000,-0.5000,-0.6552,0.1034,0.412951,0.369000
YZ,-0.5000,-0.5000,-0.6552,0.1724,0.415015,0.400000
YZ,-0.5000,-0.5000,-0.6552,0.2414,0.417109,0.376000
YZ,-0.5000,-0.5000,-0.6552,0.3103,0.419232,0.354000
YZ,-0.5000,-0.5000,-0.6552,0.3793,0.421383,0.388000
YZ,-0.5000,-0.5000,-0.6552,0.4483,0.423561,0.399000
YZ,-0.5000,-0.5000,-0.6552,0.5172,0.425765,0.369000
YZ,-0.5000,-0.5000,-0.6552,0.5862,0.427994,0.388000
YZ,-0.5000,-0.5000,-0.6552,0.6552,0.430247,0.392000
YZ,-0.5000,-0.5000,-0.6552,0.7241,0.432522,0.370000
YZ,-0.5000,-0.5000,-0.6552,0.7931,0.434818,0.407000
YZ,-0.5000,-0.5000,-0.6552,0.8621,0.437134,0.410000
YZ,-0.5000,-0.5000,-0.6552,0.9310,0.439468,0.368000
YZ,-0.5000,-0.5000,-0.6552,1.0000,0.441819,0.374000
YZ,-0.5000,-0.5000,-0.5862,-1.0000,0.391171,0.439000
YZ,-0.5000,-0.5000,-0.5862,-0.9310,0.393459,0.487000
YZ,-0.5000,-0.5000,-0.5862,-0.8621,0.395798,0.490000
YZ,-0.5000,-0.5000,-0.5862,-0.7931,0.398186,0.509000
YZ,-0.5000,-0.5000,-0.5862,-0.7241,0.400621,0.501000
YZ,-0.5000,-0.5000,-0.5862,-0.6552,0.403100,0.502000
YZ,-0.5000,-0.5000,-0.5862,-0.5862,0.405621,0.530000
YZ,-0.5000,-0.5000,-0.5862,-0.5172,0.408181,0.485000
YZ,-0.5000,-0.5000,-0.5862,-0.4483,0.410777,0.517000
YZ,-0.5000,-0.5000,-0.5862,-0.3793,0.413407,0.530000
YZ,-0.5000,-0.5000,-0.5862,-0.3103,0.416066,0.508000
YZ,-0.5000,-0.5000,-0.5862,-0.2414,0.418752,0.511000
YZ,-0.5000,-0.5000,-0.5862,-0.1724,0.421461,0.486000
YZ,-0.5000,-0.5000,-0.5862,-0.1034,0.424189,0.501000
YZ,-0.5000,-0.5000,-0.5862,-0.0345,0.426932,0.517000
YZ,-0.5000,-0.5000,-0.5862,0.0345,0.429687,0.487000
YZ,-0.5000,-0.5000,-0.5862,0.1034,0.432449,0.513000
YZ,-0.5000,-0.5000,-0.5862,0.1724,0.435215,0.497000
YZ,-0.5000,-0.5000,-0.5862,0.2414,0.437981,0.481000
YZ,-0.5000,-0.5000,-0.5862,0.3103,0.440743,0.494000
YZ,-0.5000,-0.5000,-0.5862,0.3793,0.443497,0.461000
YZ,-0.5000,-0.5000,-0.5862,0.4483,0.446239,0.462000
YZ,-0.5000,-0.5000,-0.5862,0.5172,0.448965,0.472000
YZ,-0.5000,-0.5000,-0.5862,0.5862,0.451672,0.442000
YZ,-0.5000,-0.5000,-0.5862,0.6552,0.454356,0.452000
YZ,-0.5000,-0.5000,-0.5862,0.7241,0.457014,0.426000
YZ,-0.5000,-0.5000,-0.5862,0.7931,0.459642,0.426000
YZ,-0.5000,-0.5000,-0.5862,0.8621,0.462236,0.420000
YZ,-0.5000,-0.5000,-0.5862,0.9310,0.464795,0.390000
YZ,-0.5000,-0.5000,-0.5862,1.0000,0.467315,0.390000
YZ,-0.5000,-0.5000,-0.5172,-1.0000,0.398864,0.568000
YZ,-0.5000,-0.5000,-0.5172,-0.9310,0.401628,0.549000
YZ,-0.5000,-0.5000,-0.5172,-0.8621,0.404487,0.542000
YZ,-0.5000,-0.5000,-0.5172,-0.7931,0.407440,0.532000
YZ,-0.5000,-0.5000,-0.5172,-0.7241,0.410481,0.549000
YZ,-0.5000,-0.5000,-0.5172,-0.6552,0.413606,0.567000
YZ,-0.5000,-0.5000,-0.5172,-0.5862,0.416811,0.523000
YZ,-0.5000,-0.5000,-0.5172,-0.5172,0.420088,0.528000
YZ,-0.5000,-0.5000,-0.5172,-0.4483,0.423432,0.502000
YZ,-0.5000,-0.5000,-0.5172,-0.3793,0.426835,0.488000
YZ,-0.5000,-0.5000,-0.5172,-0.3103,0.430289,0.494000
YZ,-0.5000,-0.5000,-0.5172,-0.2414,0.433787,0.462000
YZ,-0.5000,-0.5000,-0.5172,-0.1724,0.437320,0.453000
YZ,-0.5000,-0.5000,-0.5172,-0.1034,0.440881,0.453000
YZ,-0.5000,-0.5000,-0.5172,-0.0345,0.444461,0.425000
YZ,-0.5000,-0.5000,-0.5172,0.0345,0.448052,0.398000
YZ,-0.5000,-0.5000,-0.5172,0.1034,0.451646,0.355000
YZ,-0.5000,-0.5000,-0.5172,0.1724,0.455235,0.347000
YZ,-0.5000,-0.5000,-0.5172,0.2414,0.458811,0.348000
YZ,-0.5000,-0.5000,-0.5172,0.3103,0.462366,0.315000
YZ,-0.5000,-0.5000,-0.5172,0.3793,0.465895,0.306000
YZ,-0.5000,-0.5000,-0.5172,0.4483,0.469390,0.301000
YZ,-0.5000,-0.5000,-0.5172,0.5172,0.472845,0.270000
YZ,-0.5000,-0.5000,-0.5172,0.5862,0.476254,0.249000
YZ,-0.5000,-0.5000,-0.5172,0.6552,0.479612,0.257000
YZ,-0.5000,-0.5000,-0.5172,0.7241,0.482914,0.246000
YZ,-0.5000,-0.5000,-0.5172,0.7931,0.486156,0.201000
YZ,-0.5000,-0.5000,-0.5172,0.8621,0.489335,0.191000
YZ,-0.5000,-0.5000,-0.5172,0.9310,0.492447,0.186000
YZ,-0.5000,-0.5000,-0.5172,1.0000,0.495488,0.198000
YZ,-0.5000,-0.5000,-0.4483,-1.0000,0.380794,0.508000
YZ,-0.5000,-0.5000,-0.4483,-0.9310,0.382616,0.500000
YZ,-0.5000,-0.5000,-0.4483,-0.8621,0.384584,0.505000
YZ,-0.5000,-0.5000,-0.4483,-0.7931,0.386698,0.509000
YZ,-0.5000,-0.5000,-0.4483,-0.7241,0.388956,0.434000
YZ,-0.5000,-0.5000,-0.4483,-0.6552,0.391354,0.481000
YZ,-0.5000,-0.5000,-0.4483,-0.5862,0.393885,0.448000
YZ,-0.5000,-0.5000,-0.4483,-0.5172,0.396542,0.414000
YZ,-0.5000,-0.5000,-0.4483,-0.4483,0.399314,0.403000
YZ,-0.5000,-0.5000,-0.4483,-0.3793,0.402192,0.378000
YZ,-0.5000,-0.5000,-0.4483,-0.3103,0.405161,0.355000
YZ,-0.5000,-0.5000,-0.4483,-0.2414,0.408209,0.336000
YZ,-0.5000,-0.5000,-0.4483,-0.1724,0.411322,0.330000
YZ,-0.5000,-0.5000,-0.4483,-0.1034,0.414484,0.320000
YZ,-0.5000,-0.5000,-0.4483,-0.0345,0.417679,0.279000
YZ,-0.5000,-0.5000,-0.4483,0.0345,0.420892,0.265000
YZ,-0.5000,-0.5000,-0.4483,0.1034,0.424107,0.234000
YZ,-0.5000,-0.5000,-0.4483,0.1724,0.427309,0.235000
YZ,-0.5000,-0.5000,-0.4483,0.2414,0.430483,0.219000
YZ,-0.5000,-0.5000,-0.4483,0.3103,0.433613,0.196000
YZ,-0.5000,-0.5000,-0.4483,0.3793,0.436687,0.195000
YZ,-0.5000,-0.5000,-0.4483,0.4483,0.439691,0.156000
YZ,-0.5000,-0.5000,-0.4483,0.5172,0.442613,0.185000
YZ,-0.5000,-0.5000,-0.4483,0.5862,0.445443,0.140000
YZ,-0.5000,-0.5000,-0.4483,0.6552,0.448170,0.117000
YZ,-0.5000,-0.5000,-0.4483,0.7241,0.450785,0.135000
YZ,-0.5000,-0.5000,-0.4483,0.7931,0.453282,0.154000
YZ,-0.5000,-0.5000,-0.4483,0.8621,0.455652,0.127000
YZ,-0.5000,-0.5000,-0.4483,0.9310,0.457891,0.126000
YZ,-0.5000,-0.5000,-0.4483,1.0000,0.459995,0.133000
YZ,-0.5000,-0.5000,-0.3793,-1.0000,0.343033,0.452000
YZ,-0.5000,-0.5000,-0.3793,-0.9310,0.342655,0.455000
YZ,-0.5000,-0.5000,-0.3793,-0.8621,0.342440,0.427000
YZ,-0.5000,-0.5000,-0.3793,-0.7931,0.342406,0.439000
YZ,-0.5000,-0.5000,-0.3793,-0.7241,0.342570,0.438000
YZ,-0.5000,-0.5000,-0.3793,-0.6552,0.342946,0.408000
YZ,-0.5000,-0.5000,-0.3793,-0.5862,0.343548,0.425000
YZ,-0.5000,-0.5000,-0.3793,-0.5172,0.344387,0.383000
YZ,-0.5000,-0.5000,-0.3793,-0.4483,0.345471,0.357000
YZ,-0.5000,-0.5000,-0.3793,-0.3793,0.346806,0.327000
YZ,-0.5000,-0.5000,-0.3793,-0.3103,0.348391,0.308000
YZ,-0.5000,-0.5000,-0.3793,-0.2414,0.350223,0.333000
YZ,-0.5000,-0.5000,-0.3793,-0.1724,0.352295,0.308000
YZ,-0.5000,-0.5000,-0.3793,-0.1034,0.354593,0.312000
YZ,-0.5000,-0.5000,-0.3793,-0.0345,0.357103,0.280000
YZ,-0.5000,-0.5000,-0.3793,0.0345,0.359804,0.254000
YZ,-0.5000,-0.5000,-0.3793,0.1034,0.362674,0.264000
YZ,-0.5000,-0.5000,-0.3793,0.1724,0.365689,0.247000
YZ,-0.5000,-0.5000,-0.3793,0.2414,0.368823,0.229000
YZ,-0.5000,-0.5000,-0.3793,0.3103,0.372048,0.223000
YZ,-0.5000,-0.5000,-0.3793,0.3793,0.375338,0.211000
YZ,-0.5000,-0.5000,-0.3793,0.4483,0.378665,0.212000
YZ,-0.5000,-0.5000,-0.3793,0.5172,0.382005,0.193000
YZ,-0.5000,-0.5000,-0.3793,0.5862,0.385332,0.191000
YZ,-0.5000,-0.5000,-0.3793,0.6552,0.388622,0.198000
YZ,-0.5000,-0.5000,-0.3793,0.7241,0.391853,0.186000
YZ,-0.5000,-0.5000,-0.3793,0.7931,0.395005,0.194000
YZ,-0.5000,-0.5000,-0.3793,0.8621,0.398060,0.184000
YZ,-0.5000,-0.5000,-0.3793,0.9310,0.401001,0.194000
YZ,-0.5000,-0.5000,-0.3793,1.0000,0.403812,0.185000
YZ,-0.5000,-0.5000,-0.3103,-1.0000,0.330915,0.447000
YZ,-0.5000,-0.5000,-0.3103,-0.9310,0.329121,0.420000
YZ,-0.5000,-0.5000,-0.3103,-0.8621,0.327268,0.435000
YZ,-0.5000,-0.5000,-0.3103,-0.7931,0.325365,0.412000
YZ,-0.5000,-0.5000,-0.3103,-0.7241,0.323424,0.408000
YZ,-0.5000,-0.5000,-0.3103,-0.6552,0.321457,0.393000
YZ,-0.5000,-0.5000,-0.3103,-0.5862,0.319474,0.385000
YZ,-0.5000,-0.5000,-0.3103,-0.5172,0.317489,0.388000
YZ,-0.5000,-0.5000,-0.3103,-0.4483,0.315515,0.352000
YZ,-0.5000,-0.5000,-0.3103,-0.3793,0.313565,0.351000
YZ,-0.5000,-0.5000,-0.3103,-0.3103,0.311655,0.366000
YZ,-0.5000,-0.5000,-0.3103,-0.2414,0.309802,0.331000
YZ,-0.5000,-0.5000,-0.3103,-0.1724,0.308025,0.325000
YZ,-0.5000,-0.5000,-0.3103,-0.1034,0.306347,0.330000
YZ,-0.5000,-0.5000,-0.3103,-0.0345,0.304795,0.312000
YZ,-0.5000,-0.5000,-0.3103,0.0345,0.303407,0.307000
YZ,-0.5000,-0.5000,-0.3103,0.1034,0.302232,0.277000
YZ,-0.5000,-0.5000,-0.3103,0.1724,0.301340,0.277000
YZ,-0.5000,-0.5000,-0.3103,0.2414,0.300827,0.238000
YZ,-0.5000,-0.5000,-0.3103,0.3103,0.300817,0.264000
YZ,-0.5000,-0.5000,-0.3103,0.3793,0.301442,0.271000
YZ,-0.5000,-0.5000,-0.3103,0.4483,0.302781,0.252000
YZ,-0.5000,-0.5000,-0.3103,0.5172,0.304807,0.244000
YZ,-0.5000,-0.5000,-0.3103,0.5862,0.307400,0.251000
YZ,-0.5000,-0.5000,-0.3103,0.6552,0.310407,0.252000
YZ,-0.5000,-0.5000,-0.3103,0.7241,0.313694,0.249000
YZ,-0.5000,-0.5000,-0.3103,0.7931,0.317155,0.225000
YZ,-0.5000,-0.5000,-0.3103,0.8621,0.320715,0.214000
YZ,-0.5000,-0.5000,-0.3103,0.9310,0.324316,0.231000
YZ,-0.5000,-0.5000,-0.3103,1.0000,0.327913,0.214000
YZ,-0.5000,-0.5000,-0.2414,-1.0000,0.448394,0.351000
YZ,-0.5000,-0.5000,-0.2414,-0.9310,0.446420,0.341000
YZ,-0.5000,-0.5000,-0.2414,-0.8621,0.444377,0.327000
YZ,-0.5000,-0.5000,-0.2414,-0.7931,0.442269,0.331000
YZ,-0.5000,-0.5000,-0.2414,-0.7241,0.440103,0.334000
YZ,-0.5000,-0.5000,-0.2414,-0.6552,0.437886,0.324000
YZ,-0.5000,-0.5000,-0.2414,-0.5862,0.435624,0.336000
YZ,-0.5000,-0.5000,-0.2414,-0.5172,0.433327,0.325000
YZ,-0.5000,-0.5000,-0.2414,-0.4483,0.431002,0.325000
YZ,-0.5000,-0.5000,-0.2414,-0.3793,0.428659,0.318000
YZ,-0.5000,-0.5000,-0.2414,-0.3103,0.426305,0.319000
YZ,-0.5000,-0.5000,-0.2414,-0.2414,0.423952,0.292000
YZ,-0.5000,-0.5000,-0.2414,-0.1724,0.421607,0.287000
YZ,-0.5000,-0.5000,-0.2414,-0.1034,0.419283,0.293000
YZ,-0.5000,-0.5000,-0.2414,-0.0345,0.416987,0.312000
YZ,-0.5000,-0.5000,-0.2414,0.0345,0.414731,0.271000
YZ,-0.5000,-0.5000,-0.2414,0.1034,0.412525,0.297000
YZ,-0.5000,-0.5000,-0.2414,0.1724,0.410379,0.262000
YZ,-0.5000,-0.5000,-0.2414,0.2414,0.408303,0.259000
YZ,-0.5000,-0.5000,-0.2414,0.3103,0.406307,0.244000
YZ,-0.5000,-0.5000,-0.2414,0.3793,0.404401,0.260000
YZ,-0.5000,-0.5000,-0.2414,0.4483,0.402593,0.267000
YZ,-0.5000,-0.5000,-0.2414,0.5172,0.400894,0.255000
YZ,-0.5000,-0.5000,-0.2414,0.5862,0.399311,0.246000
YZ,-0.5000,-0.5000,-0.2414,0.6552,0.397853,0.267000
YZ,-0.5000,-0.5000,-0.2414,0.7241,0.396526,0.232000
YZ,-0.5000,-0.5000,-0.2414,0.7931,0.395338,0.252000
YZ,-0.5000,-0.5000,-0.2414,0.8621,0.394293,0.226000
YZ,-0.5000,-0.5000,-0.2414,0.9310,0.393397,0.238000
YZ,-0.5000,-0.5000,-0.2414,1.0000,0.392654,0.254000
YZ,-0.5000,-0.5000,-0.1724,-1.0000,0.565905,0.194000
YZ,-0.5000,-0.5000,-0.1724,-0.9310,0.565383,0.194000
YZ,-0.5000,-0.5000,-0.1724,-0.8621,0.564661,0.227000
YZ,-0.5000,-0.5000,-0.1724,-0.7931,0.563748,0.199000
YZ,-0.5000,-0.5000,-0.1724,-0.7241,0.562653,0.192000
YZ,-0.5000,-0.5000,-0.1724,-0.6552,0.561384,0.187000
YZ,-0.5000,-0.5000,-0.1724,-0.5862,0.559952,0.214000
YZ,-0.5000,-0.5000,-0.1724,-0.5172,0.558365,0.215000
YZ,-0.5000,-0.5000,-0.1724,-0.4483,0.556632,0.226000
YZ,-0.5000,-0.5000,-0.1724,-0.3793,0.554762,0.202000
YZ,-0.5000,-0.5000,-0.1724,-0.3103,0.552764,0.209000
YZ,-0.5000,-0.5000,-0.1724,-0.2414,0.550646,0.202000
YZ,-0.5000,-0.5000,-0.1724,-0.1724,0.548419,0.211000
YZ,-0.5000,-0.5000,-0.1724,-0.1034,0.546089,0.216000
YZ,-0.5000,-0.5000,-0.1724,-0.0345,0.543667,0.214000
YZ,-0.5000,-0.5000,-0.1724,0.0345,0.541161,0.230000
YZ,-0.5000,-0.5000,-0.1724,0.1034,0.538580,0.228000
YZ,-0.5000,-0.5000,-0.1724,0.1724,0.535931,0.207000
YZ,-0.5000,-0.5000,-0.1724,0.2414,0.533224,0.200000
YZ,-0.5000,-0.5000,-0.1724,0.3103,0.530467,0.218000
YZ,-0.5000,-0.5000,-0.1724,0.3793,0.527668,0.215000
YZ,-0.5000,-0.5000,-0.1724,0.4483,0.524835,0.202000
YZ,-0.5000,-0.5000,-0.1724,0.5172,0.521976,0.211000
YZ,-0.5000,-0.5000,-0.1724,0.5862,0.519099,0.220000
YZ,-0.5000,-0.5000,-0.1724,0.6552,0.516212,0.200000
YZ,-0.5000,-0.5000,-0.1724,0.7241,0.513321,0.222000
YZ,-0.5000,-0.5000,-0.1724,0.7931,0.510434,0.217000
YZ,-0.5000,-0.5000,-0.1724,0.8621,0.507558,0.215000
YZ,-0.5000,-0.5000,-0.1724,0.9310,0.504700,0.223000
YZ,-0.5000,-0.5000,-0.1724,1.0000,0.501867,0.234000
YZ,-0.5000,-0.5000,-0.1034,-1.0000,0.549092,0.132000
YZ,-0.5000,-0.5000,-0.1034,-0.9310,0.550615,0.165000
YZ,-0.5000,-0.5000,-0.1034,-0.8621,0.551965,0.127000
YZ,-0.5000,-0.5000,-0.1034,-0.7931,0.553150,0.142000
YZ,-0.5000,-0.5000,-0.1034,-0.7241,0.554176,0.153000
YZ,-0.5000,-0.5000,-0.1034,-0.6552,0.555051,0.127000
YZ,-0.5000,-0.5000,-0.1034,-0.5862,0.555781,0.155000
YZ,-0.5000,-0.5000,-0.1034,-0.5172,0.556374,0.130000
YZ,-0.5000,-0.5000,-0.1034,-0.4483,0.556837,0.129000
YZ,-0.5000,-0.5000,-0.1034,-0.3793,0.557176,0.150000
YZ,-0.5000,-0.5000,-0.1034,-0.3103,0.557399,0.129000
YZ,-0.5000,-0.5000,-0.1034,-0.2414,0.557512,0.142000
YZ,-0.5000,-0.5000,-0.1034,-0.1724,0.557524,0.145000
YZ,-0.5000,-0.5000,-0.1034,-0.1034,0.557441,0.138000
YZ,-0.5000,-0.5000,-0.1034,-0.0345,0.557269,0.134000
YZ,-0.5000,-0.5000,-0.1034,0.0345,0.557015,0.145000
YZ,-0.5000,-0.5000,-0.1034,0.1034,0.556687,0.151000
YZ,-0.5000,-0.5000,-0.1034,0.1724,0.556290,0.151000
YZ,-0.5000,-0.5000,-0.1034,0.2414,0.555832,0.153000
YZ,-0.5000,-0.5000,-0.1034,0.3103,0.555317,0.143000
YZ,-0.5000,-0.5000,-0.1034,0.3793,0.554753,0.148000
YZ,-0.5000,-0.5000,-0.1034,0.4483,0.554146,0.148000
YZ,-0.5000,-0.5000,-0.1034,0.5172,0.553500,0.143000
YZ,-0.5000,-0.5000,-0.1034,0.5862,0.552822,0.155000
YZ,-0.5000,-0.5000,-0.1034,0.6552,0.552118,0.131000
YZ,-0.5000,-0.5000,-0.1034,0.7241,0.551392,0.155000
YZ,-0.5000,-0.5000,-0.1034,0.7931,0.550649,0.165000
YZ,-0.5000,-0.5000,-0.1034,0.8621,0.549895,0.150000
YZ,-0.5000,-0.5000,-0.1034,0.9310,0.549134,0.169000
YZ,-0.5000,-0.5000,-0.1034,1.0000,0.548369,0.147000
YZ,-0.5000,-0.5000,-0.0345,-1.0000,0.429956,0.191000
YZ,-0.5000,-0.5000,-0.0345,-0.9310,0.431263,0.181000
YZ,-0.5000,-0.5000,-0.0345,-0.8621,0.432479,0.171000
YZ,-0.5000,-0.5000,-0.0345,-0.7931,0.433609,0.180000
YZ,-0.5000,-0.5000,-0.0345,-0.7241,0.434657,0.185000
YZ,-0.5000,-0.5000,-0.0345,-0.6552,0.435627,0.188000
YZ,-0.5000,-0.5000,-0.0345,-0.5862,0.436527,0.177000
YZ,-0.5000,-0.5000,-0.0345,-0.5172,0.437359,0.159000
YZ,-0.5000,-0.5000,-0.0345,-0.4483,0.438130,0.166000
YZ,-0.5000,-0.5000,-0.0345,-0.3793,0.438846,0.174000
YZ,-0.5000,-0.5000,-0.0345,-0.3103,0.439511,0.170000
YZ,-0.5000,-0.5000,-0.0345,-0.2414,0.440131,0.172000
YZ,-0.5000,-0.5000,-0.0345,-0.1724,0.440711,0.158000
YZ,-0.5000,-0.5000,-0.0345,-0.1034,0.441257,0.171000
YZ,-0.5000,-0.5000,-0.0345,-0.0345,0.441774,0.142000
YZ,-0.5000,-0.5000,-0.0345,0.0345,0.442268,0.132000
YZ,-0.5000,-0.5000,-0.0345,0.1034,0.442743,0.154000
YZ,-0.5000,-0.5000,-0.0345,0.1724,0.443206,0.145000
YZ,-0.5000,-0.5000,-0.0345,0.2414,0.443661,0.166000
YZ,-0.5000,-0.5000,-0.0345,0.3103,0.444113,0.142000
YZ,-0.5000,-0.5000,-0.0345,0.3793,0.444567,0.138000
YZ,-0.5000,-0.5000,-0.0345,0.4483,0.445029,0.132000
YZ,-0.5000,-0.5000,-0.0345,0.5172,0.445502,0.138000
YZ,-0.5000,-0.5000,-0.0345,0.5862,0.445991,0.134000
YZ,-0.5000,-0.5000,-0.0345,0.6552,0.446501,0.143000
YZ,-0.5000,-0.5000,-0.0345,0.7241,0.447036,0.149000
YZ,-0.5000,-0.5000,-0.0345,0.7931,0.447600,0.136000
YZ,-0.5000,-0.5000,-0.0345,0.8621,0.448197,0.134000
YZ,-0.5000,-0.5000,-0.0345,0.9310,0.448830,0.133000
YZ,-0.5000,-0.5000,-0.0345,1.0000,0.449503,0.149000
YZ,-0.5000,-0.5000,0.0345,-1.0000,0.310229,0.255000
YZ,-0.5000,-0.5000,0.0345,-0.9310,0.310984,0.253000
YZ,-0.5000,-0.5000,0.0345,-0.8621,0.311736,0.240000
YZ,-0.5000,-0.5000,0.0345,-0.7931,0.312486,0.244000
YZ,-0.5000,-0.5000,0.0345,-0.7241,0.313237,0.230000
YZ,-0.5000,-0.5000,0.0345,-0.6552,0.313990,0.228000
YZ,-0.5000,-0.5000,0.0345,-0.5862,0.314747,0.220000
YZ,-0.5000,-0.5000,0.0345,-0.5172,0.315509,0.247000
YZ,-0.5000,-0.5000,0.0345,-0.4483,0.316280,0.209000
YZ,-0.5000,-0.5000,0.0345,-0.3793,0.317061,0.229000
YZ,-0.5000,-0.5000,0.0345,-0.3103,0.317854,0.204000
YZ,-0.5000,-0.5000,0.0345,-0.2414,0.318662,0.214000
YZ,-0.5000,-0.5000,0.0345,-0.1724,0.319486,0.216000
YZ,-0.5000,-0.5000,0.0345,-0.1034,0.320330,0.219000
YZ,-0.5000,-0.5000,0.0345,-0.0345,0.321194,0.235000
YZ,-0.5000,-0.5000,0.0345,0.0345,0.322082,0.192000
YZ,-0.5000,-0.5000,0.0345,0.1034,0.322995,0.204000
YZ,-0.5000,-0.5000,0.0345,0.1724,0.323935,0.215000
YZ,-0.5000,-0.5000,0.0345,0.2414,0.324905,0.231000
YZ,-0.5000,-0.5000,0.0345,0.3103,0.325907,0.182000
YZ,-0.5000,-0.5000,0.0345,0.3793,0.326941,0.225000
YZ,-0.5000,-0.5000,0.0345,0.4483,0.328011,0.186000
YZ,-0.5000,-0.5000,0.0345,0.5172,0.329117,0.189000
YZ,-0.5000,-0.5000,0.0345,0.5862,0.330261,0.202000
YZ,-0.5000,-0.5000,0.0345,0.6552,0.331446,0.182000
YZ,-0.5000,-0.5000,0.0345,0.7241,0.332671,0.183000
YZ,-0.5000,-0.5000,0.0345,0.7931,0.333939,0.211000
YZ,-0.5000,-0.5000,0.0345,0.8621,0.335250,0.207000
YZ,-0.5000,-0.5000,0.0345,0.9310,0.336606,0.188000
YZ,-0.5000,-0.5000,0.0345,1.0000,0.338007,0.199000
YZ,-0.5000,-0.5000,0.1034,-1.0000,0.220394,0.286000
YZ,-0.5000,-0.5000,0.1034,-0.9310,0.220650,0.273000
YZ,-0.5000,-0.5000,0.1034,-0.8621,0.221007,0.255000
YZ,-0.5000,-0.5000,0.1034,-0.7931,0.221462,0.276000
YZ,-0.5000,-0.5000,0.1034,-0.7241,0.222014,0.270000
YZ,-0.5000,-0.5000,0.1034,-0.6552,0.222662,0.262000
YZ,-0.5000,-0.5000,0.1034,-0.5862,0.223406,0.250000
YZ,-0.5000,-0.5000,0.1034,-0.5172,0.224243,0.262000
YZ,-0.5000,-0.5000,0.1034,-0.4483,0.225173,0.251000
YZ,-0.5000,-0.5000,0.1034,-0.3793,0.226196,0.255000
YZ,-0.5000,-0.5000,0.1034,-0.3103,0.227311,0.240000
YZ,-0.5000,-0.5000,0.1034,-0.2414,0.228516,0.230000
YZ,-0.5000,-0.5000,0.1034,-0.1724,0.229811,0.270000
YZ,-0.5000,-0.5000,0.1034,-0.1034,0.231196,0.236000
YZ,-0.5000,-0.5000,0.1034,-0.0345,0.232668,0.235000
YZ,-0.5000,-0.5000,0.1034,0.0345,0.234227,0.252000
YZ,-0.5000,-0.5000,0.1034,0.1034,0.235872,0.219000
YZ,-0.5000,-0.5000,0.1034,0.1724,0.237603,0.233000
YZ,-0.5000,-0.5000,0.1034,0.2414,0.239417,0.225000
YZ,-0.5000,-0.5000,0.1034,0.3103,0.241313,0.214000
YZ,-0.5000,-0.5000,0.1034,0.3793,0.243290,0.252000
YZ,-0.5000,-0.5000,0.1034,0.4483,0.245347,0.217000
YZ,-0.5000,-0.5000,0.1034,0.5172,0.247482,0.236000
YZ,-0.5000,-0.5000,0.1034,0.5862,0.249693,0.239000
YZ,-0.5000,-0.5000,0.1034,0.6552,0.251979,0.225000
YZ,-0.5000,-0.5000,0.1034,0.7241,0.254338,0.235000
YZ,-0.5000,-0.5000,0.1034,0.7931,0.256769,0.207000
YZ,-0.5000,-0.5000,0.1034,0.8621,0.259268,0.208000
YZ,-0.5000,-0.5000,0.1034,0.9310,0.261835,0.251000
YZ,-0.5000,-0.5000,0.1034,1.0000,0.264468,0.244000
YZ,-0.5000,-0.5000,0.1724,-1.0000,0.260026,0.219000
YZ,-0.5000,-0.5000,0.1724,-0.9310,0.258353,0.243000
YZ,-0.5000,-0.5000,0.1724,-0.8621,0.256864,0.213000
YZ,-0.5000,-0.5000,0.1724,-0.7931,0.255559,0.244000
YZ,-0.5000,-0.5000,0.1724,-0.7241,0.254441,0.229000
YZ,-0.5000,-0.5000,0.1724,-0.6552,0.253509,0.226000
YZ,-0.5000,-0.5000,0.1724,-0.5862,0.252764,0.227000
YZ,-0.5000,-0.5000,0.1724,-0.5172,0.252204,0.205000
YZ,-0.5000,-0.5000,0.1724,-0.4483,0.251826,0.234000
YZ,-0.5000,-0.5000,0.1724,-0.3793,0.251627,0.198000
YZ,-0.5000,-0.5000,0.1724,-0.3103,0.251605,0.196000
YZ,-0.5000,-0.5000,0.1724,-0.2414,0.251755,0.212000
YZ,-0.5000,-0.5000,0.1724,-0.1724,0.252073,0.199000
YZ,-0.5000,-0.5000,0.1724,-0.1034,0.252553,0.178000
YZ,-0.5000,-0.5000,0.1724,-0.0345,0.253192,0.198000
YZ,-0.5000,-0.5000,0.1724,0.0345,0.253983,0.208000
YZ,-0.5000,-0.5000,0.1724,0.1034,0.254921,0.176000
YZ,-0.5000,-0.5000,0.1724,0.1724,0.256001,0.174000
YZ,-0.5000,-0.5000,0.1724,0.2414,0.257219,0.174000
YZ,-0.5000,-0.5000,0.1724,0.3103,0.258567,0.189000
YZ,-0.5000,-0.5000,0.1724,0.3793,0.260042,0.159000
YZ,-0.5000,-0.5000,0.1724,0.4483,0.261638,0.178000
YZ,-0.5000,-0.5000,0.1724,0.5172,0.263350,0.170000
YZ,-0.5000,-0.5000,0.1724,0.5862,0.265174,0.182000
YZ,-0.5000,-0.5000,0.1724,0.6552,0.267103,0.183000
YZ,-0.5000,-0.5000,0.1724,0.7241,0.269134,0.188000
YZ,-0.5000,-0.5000,0.1724,0.7931,0.271262,0.162000
YZ,-0.5000,-0.5000,0.1724,0.8621,0.273483,0.178000
YZ,-0.5000,-0.5000,0.1724,0.9310,0.275791,0.175000
YZ,-0.5000,-0.5000,0.1724,1.0000,0.278184,0.197000
YZ,-0.5000,-0.5000,0.2414,-1.0000,0.375476,0.125000
YZ,-0.5000,-0.5000,0.2414,-0.9310,0.374574,0.127000
YZ,-0.5000,-0.5000,0.2414,-0.8621,0.373750,0.157000
YZ,-0.5000,-0.5000,0.2414,-0.7931,0.373006,0.151000
YZ,-0.5000,-0.5000,0.2414,-0.7241,0.372342,0.143000
YZ,-0.5000,-0.5000,0.2414,-0.6552,0.371759,0.146000
YZ,-0.5000,-0.5000,0.2414,-0.5862,0.371256,0.125000
YZ,-0.5000,-0.5000,0.2414,-0.5172,0.370835,0.115000
YZ,-0.5000,-0.5000,0.2414,-0.4483,0.370496,0.147000
YZ,-0.5000,-0.5000,0.2414,-0.3793,0.370237,0.133000
YZ,-0.5000,-0.5000,0.2414,-0.3103,0.370060,0.125000
YZ,-0.5000,-0.5000,0.2414,-0.2414,0.369963,0.109000
YZ,-0.5000,-0.5000,0.2414,-0.1724,0.369947,0.119000
YZ,-0.5000,-0.5000,0.2414,-0.1034,0.370010,0.138000
YZ,-0.5000,-0.5000,0.2414,-0.0345,0.370153,0.132000
YZ,-0.5000,-0.5000,0.2414,0.0345,0.370374,0.112000
YZ,-0.5000,-0.5000,0.2414,0.1034,0.370672,0.115000
YZ,-0.5000,-0.5000,0.2414,0.1724,0.371047,0.115000
YZ,-0.5000,-0.5000,0.2414,0.2414,0.371498,0.113000
YZ,-0.5000,-0.5000,0.2414,0.3103,0.372022,0.113000
YZ,-0.5000,-0.5000,0.2414,0.3793,0.372620,0.106000
YZ,-0.5000,-0.5000,0.2414,0.4483,0.373289,0.117000
YZ,-0.5000,-0.5000,0.2414,0.5172,0.374029,0.101000
YZ,-0.5000,-0.5000,0.2414,0.5862,0.374838,0.105000
YZ,-0.5000,-0.5000,0.2414,0.6552,0.375713,0.097000
YZ,-0.5000,-0.5000,0.2414,0.7241,0.376655,0.082000
YZ,-0.5000,-0.5000,0.2414,0.7931,0.377660,0.101000
YZ,-0.5000,-0.5000,0.2414,0.8621,0.378728,0.092000
YZ,-0.5000,-0.5000,0.2414,0.9310,0.379855,0.107000
YZ,-0.5000,-0.5000,0.2414,1.0000,0.381042,0.106000
YZ,-0.5000,-0.5000,0.3103,-1.0000,0.471720,0.082000
YZ,-0.5000,-0.5000,0.3103,-0.9310,0.471675,0.087000
YZ,-0.5000,-0.5000,0.3103,-0.8621,0.471661,0.084000
YZ,-0.5000,-0.5000,0.3103,-0.7931,0.471677,0.093000
YZ,-0.5000,-0.5000,0.3103,-0.7241,0.471722,0.090000
YZ,-0.5000,-0.5000,0.3103,-0.6552,0.471798,0.079000
YZ,-0.5000,-0.5000,0.3103,-0.5862,0.471905,0.080000
YZ,-0.5000,-0.5000,0.3103,-0.5172,0.472041,0.078000
YZ,-0.5000,-0.5000,0.3103,-0.4483,0.472208,0.066000
YZ,-0.5000,-0.5000,0.3103,-0.3793,0.472404,0.076000
YZ,-0.5000,-0.5000,0.3103,-0.3103,0.472630,0.076000
YZ,-0.5000,-0.5000,0.3103,-0.2414,0.472885,0.084000
YZ,-0.5000,-0.5000,0.3103,-0.1724,0.473170,0.077000
YZ,-0.5000,-0.5000,0.3103,-0.1034,0.473483,0.095000
YZ,-0.5000,-0.5000,0.3103,-0.0345,0.473825,0.079000
YZ,-0.5000,-0.5000,0.3103,0.0345,0.474195,0.089000
YZ,-0.5000,-0.5000,0.3103,0.1034,0.474592,0.089000
YZ,-0.5000,-0.5000,0.3103,0.1724,0.475017,0.090000
YZ,-0.5000,-0.5000,0.3103,0.2414,0.475469,0.073000
YZ,-0.5000,-0.5000,0.3103,0.3103,0.475947,0.077000
YZ,-0.5000,-0.5000,0.3103,0.3793,0.476450,0.075000
YZ,-0.5000,-0.5000,0.3103,0.4483,0.476978,0.091000
YZ,-0.5000,-0.5000,0.3103,0.5172,0.477532,0.086000
YZ,-0.5000,-0.5000,0.3103,0.5862,0.478109,0.086000
YZ,-0.5000,-0.5000,0.3103,0.6552,0.478709,0.075000
YZ,-0.5000,-0.5000,0.3103,0.7241,0.479332,0.101000
YZ,-0.5000,-0.5000,0.3103,0.7931,0.479976,0.082000
YZ,-0.5000,-0.5000,0.3103,0.8621,0.480642,0.104000
YZ,-0.5000,-0.5000,0.3103,0.9310,0.481329,0.077000
YZ,-0.5000,-0.5000,0.3103,1.0000,0.482035,0.074000
YZ,-0.5000,-0.5000,0.3793,-1.0000,0.532033,0.069000
YZ,-0.5000,-0.5000,0.3793,-0.9310,0.532561,0.065000
YZ,-0.5000,-0.5000,0.3793,-0.8621,0.533093,0.065000
YZ,-0.5000,-0.5000,0.3793,-0.7931,0.533626,0.061000
YZ,-0.5000,-0.5000,0.3793,-0.7241,0.534162,0.071000
YZ,-0.5000,-0.5000,0.3793,-0.6552,0.534700,0.076000
YZ,-0.5000,-0.5000,0.3793,-0.5862,0.535240,0.074000
YZ,-0.5000,-0.5000,0.3793,-0.5172,0.535783,0.053000
YZ,-0.5000,-0.5000,0.3793,-0.4483,0.536327,0.068000
YZ,-0.5000,-0.5000,0.3793,-0.3793,0.536873,0.057000
YZ,-0.5000,-0.5000,0.3793,-0.3103,0.537420,0.074000
YZ,-0.5000,-0.5000,0.3793,-0.2414,0.537969,0.069000
YZ,-0.5000,-0.5000,0.3793,-0.1724,0.538519,0.089000
YZ,-0.5000,-0.5000,0.3793,-0.1034,0.539070,0.074000
YZ,-0.5000,-0.5000,0.3793,-0.0345,0.539622,0.085000
YZ,-0.5000,-0.5000,0.3793,0.0345,0.540174,0.080000
YZ,-0.5000,-0.5000,0.3793,0.1034,0.540727,0.085000
YZ,-0.5000,-0.5000,0.3793,0.1724,0.541280,0.079000
YZ,-0.5000,-0.5000,0.3793,0.2414,0.541833,0.084000
YZ,-0.5000,-0.5000,0.3793,0.3103,0.542385,0.103000
YZ,-0.5000,-0.5000,0.3793,0.3793,0.542937,0.104000
YZ,-0.5000,-0.5000,0.3793,0.4483,0.543488,0.098000
YZ,-0.5000,-0.5000,0.3793,0.5172,0.544038,0.106000
YZ,-0.5000,-0.5000,0.3793,0.5862,0.544587,0.099000
YZ,-0.5000,-0.5000,0.3793,0.6552,0.545134,0.097000
YZ,-0.5000,-0.5000,0.3793,0.7241,0.545679,0.108000
YZ,-0.5000,-0.5000,0.3793,0.7931,0.546222,0.099000
YZ,-0.5000,-0.5000,0.3793,0.8621,0.546762,0.119000
YZ,-0.5000,-0.5000,0.3793,0.9310,0.547300,0.114000
YZ,-0.5000,-0.5000,0.3793,1.0000,0.547834,0.107000
YZ,-0.5000,-0.5000,0.4483,-1.0000,0.551603,0.043000
YZ,-0.5000,-0.5000,0.4483,-0.9310,0.552325,0.032000
YZ,-0.5000,-0.5000,0.4483,-0.8621,0.553041,0.043000
YZ,-0.5000,-0.5000,0.4483,-0.7931,0.553749,0.049000
YZ,-0.5000,-0.5000,0.4483,-0.7241,0.554450,0.046000
YZ,-0.5000,-0.5000,0.4483,-0.6552,0.555144,0.053000
YZ,-0.5000,-0.5000,0.4483,-0.5862,0.555830,0.054000
YZ,-0.5000,-0.5000,0.4483,-0.5172,0.556509,0.047000
YZ,-0.5000,-0.5000,0.4483,-0.4483,0.557180,0.041000
YZ,-0.5000,-0.5000,0.4483,-0.3793,0.557843,0.047000
YZ,-0.5000,-0.5000,0.4483,-0.3103,0.558498,0.051000
YZ,-0.5000,-0.5000,0.4483,-0.2414,0.559146,0.059000
YZ,-0.5000,-0.5000,0.4483,-0.1724,0.559785,0.053000
YZ,-0.5000,-0.5000,0.4483,-0.1034,0.560416,0.053000
YZ,-0.5000,-0.5000,0.4483,-0.0345,0.561039,0.051000
YZ,-0.5000,-0.5000,0.4483,0.0345,0.561653,0.069000
YZ,-0.5000,-0.5000,0.4483,0.1034,0.562258,0.061000
YZ,-0.5000,-0.5000,0.4483,0.1724,0.562855,0.066000
YZ,-0.5000,-0.5000,0.4483,0.2414,0.563444,0.049000
YZ,-0.5000,-0.5000,0.4483,0.3103,0.564023,0.070000
YZ,-0.5000,-0.5000,0.4483,0.3793,0.564594,0.069000
YZ,-0.5000,-0.5000,0.4483,0.4483,0.565155,0.085000
YZ,-0.5000,-0.5000,0.4483,0.5172,0.565708,0.072000
YZ,-0.5000,-0.5000,0.4483,0.5862,0.566251,0.073000
YZ,-0.5000,-0.5000,0.4483,0.6552,0.566785,0.077000
YZ,-0.5000,-0.5000,0.4483,0.7241,0.567310,0.078000
YZ,-0.5000,-0.5000,0.4483,0.7931,0.567825,0.076000
YZ,-0.5000,-0.5000,0.4483,0.8621,0.568331,0.083000
YZ,-0.5000,-0.5000,0.4483,0.9310,0.568826,0.079000
YZ,-0.5000,-0.5000,0.4483,1.0000,0.569312,0.091000
YZ,-0.5000,-0.5000,0.5172,-1.0000,0.540951,0.017000
YZ,-0.5000,-0.5000,0.5172,-0.9310,0.541553,0.022000
YZ,-0.5000,-0.5000,0.5172,-0.8621,0.542151,0.023000
YZ,-0.5000,-0.5000,0.5172,-0.7931,0.542745,0.018000
YZ,-0.5000,-0.5000,0.5172,-0.7241,0.543333,0.017000
YZ,-0.5000,-0.5000,0.5172,-0.6552,0.543917,0.020000
YZ,-0.5000,-0.5000,0.5172,-0.5862,0.544496,0.022000
YZ,-0.5000,-0.5000,0.5172,-0.5172,0.545070,0.022000
YZ,-0.5000,-0.5000,0.5172,-0.4483,0.545639,0.033000
YZ,-0.5000,-0.5000,0.5172,-0.3793,0.546203,0.022000
YZ,-0.5000,-0.5000,0.5172,-0.3103,0.546762,0.028000
YZ,-0.5000,-0.5000,0.5172,-0.2414,0.547316,0.029000
YZ,-0.5000,-0.5000,0.5172,-0.1724,0.547864,0.035000
YZ,-0.5000,-0.5000,0.5172,-0.1034,0.548408,0.029000
YZ,-0.5000,-0.5000,0.5172,-0.0345,0.548946,0.032000
YZ,-0.5000,-0.5000,0.5172,0.0345,0.549479,0.031000
YZ,-0.5000,-0.5000,0.5172,0.1034,0.550007,0.031000
YZ,-0.5000,-0.5000,0.5172,0.1724,0.550530,0.030000
YZ,-0.5000,-0.5000,0.5172,0.2414,0.551048,0.029000
YZ,-0.5000,-0.5000,0.5172,0.3103,0.551560,0.034000
YZ,-0.5000,-0.5000,0.5172,0.3793,0.552066,0.038000
YZ,-0.5000,-0.5000,0.5172,0.4483,0.552567,0.028000
YZ,-0.5000,-0.5000,0.5172,0.5172,0.553063,0.035000
YZ,-0.5000,-0.5000,0.5172,0.5862,0.553554,0.029000
YZ,-0.5000,-0.5000,0.5172,0.6552,0.554038,0.035000
YZ,-0.5000,-0.5000,0.5172,0.7241,0.554518,0.037000
YZ,-0.5000,-0.5000,0.5172,0.7931,0.554991,0.044000
YZ,-0.5000,-0.5000,0.5172,0.8621,0.555460,0.044000
YZ,-0.5000,-0.5000,0.5172,0.9310,0.555922,0.047000
YZ,-0.5000,-0.5000,0.5172,1.0000,0.556380,0.042000
YZ,-0.5000,-0.5000,0.5862,-1.0000,0.522065,0.020000
YZ,-0.5000,-0.5000,0.5862,-0.9310,0.522425,0.035000
YZ,-0.5000,-0.5000,0.5862,-0.8621,0.522785,0.027000
YZ,-0.5000,-0.5000,0.5862,-0.7931,0.523145,0.034000
YZ,-0.5000,-0.5000,0.5862,-0.7241,0.523504,0.038000
YZ,-0.5000,-0.5000,0.5862,-0.6552,0.523864,0.048000
YZ,-0.5000,-0.5000,0.5862,-0.5862,0.524223,0.052000
YZ,-0.5000,-0.5000,0.5862,-0.5172,0.524582,0.043000
YZ,-0.5000,-0.5000,0.5862,-0.4483,0.524940,0.047000
YZ,-0.5000,-0.5000,0.5862,-0.3793,0.525299,0.042000
YZ,-0.5000,-0.5000,0.5862,-0.3103,0.525657,0.040000
YZ,-0.5000,-0.5000,0.5862,-0.2414,0.526015,0.038000
YZ,-0.5000,-0.5000,0.5862,-0.1724,0.526373,0.044000
YZ,-0.5000,-0.5000,0.5862,-0.1034,0.526731,0.041000
YZ,-0.5000,-0.5000,0.5862,-0.0345,0.527089,0.056000
YZ,-0.5000,-0.5000,0.5862,0.0345,0.527447,0.050000
YZ,-0.5000,-0.5000,0.5862,0.1034,0.527804,0.048000
YZ,-0.5000,-0.5000,0.5862,0.1724,0.528162,0.061000
YZ,-0.5000,-0.5000,0.5862,0.2414,0.528519,0.041000
YZ,-0.5000,-0.5000,0.5862,0.3103,0.528876,0.044000
YZ,-0.5000,-0.5000,0.5862,0.3793,0.529234,0.063000
YZ,-0.5000,-0.5000,0.5862,0.4483,0.529591,0.063000
YZ,-0.5000,-0.5000,0.5862,0.5172,0.529948,0.062000
YZ,-0.5000,-0.5000,0.5862,0.5862,0.530305,0.053000
YZ,-0.5000,-0.5000,0.5862,0.6552,0.530662,0.051000
YZ,-0.5000,-0.5000,0.5862,0.7241,0.531019,0.069000
YZ,-0.5000,-0.5000,0.5862,0.7931,0.531376,0.069000
YZ,-0.5000,-0.5000,0.5862,0.8621,0.531733,0.068000
YZ,-0.5000,-0.5000,0.5862,0.9310,0.532090,0.062000
YZ,-0.5000,-0.5000,0.5862,1.0000,0.532447,0.063000
YZ,-0.5000,-0.5000,0.6552,-1.0000,0.508057,0.083000
YZ,-0.5000,-0.5000,0.6552,-0.9310,0.508212,0.081000
YZ,-0.5000,-0.5000,0.6552,-0.8621,0.508368,0.082000
YZ,-0.5000,-0.5000,0.6552,-0.7931,0.508525,0.089000
YZ,-0.5000,-0.5000,0.6552,-0.7241,0.508683,0.093000
YZ,-0.5000,-0.5000,0.6552,-0.6552,0.508842,0.091000
YZ,-0.5000,-0.5000,0.6552,-0.5862,0.509002,0.072000
YZ,-0.5000,-0.5000,0.6552,-0.5172,0.509163,0.099000
YZ,-0.5000,-0.5000,0.6552,-0.4483,0.509325,0.100000
YZ,-0.5000,-0.5000,0.6552,-0.3793,0.509489,0.093000
YZ,-0.5000,-0.5000,0.6552,-0.3103,0.509653,0.111000
YZ,-0.5000,-0.5000,0.6552,-0.2414,0.509819,0.093000
YZ,-0.5000,-0.5000,0.6552,-0.1724,0.509986,0.092000
YZ,-0.5000,-0.5000,0.6552,-0.1034,0.510154,0.104000
YZ,-0.5000,-0.5000,0.6552,-0.0345,0.510323,0.117000
YZ,-0.5000,-0.5000,0.6552,0.0345,0.510494,0.120000
YZ,-0.5000,-0.5000,0.6552,0.1034,0.510666,0.107000
YZ,-0.5000,-0.5000,0.6552,0.1724,0.510839,0.116000
YZ,-0.5000,-0.5000,0.6552,0.2414,0.511014,0.112000
YZ,-0.5000,-0.5000,0.6552,0.3103,0.511189,0.121000
YZ,-0.5000,-0.5000,0.6552,0.3793,0.511367,0.118000
YZ,-0.5000,-0.5000,0.6552,0.4483,0.511545,0.115000
YZ,-0.5000,-0.5000,0.6552,0.5172,0.511725,0.116000
YZ,-0.5000,-0.5000,0.6552,0.5862,0.511906,0.136000
YZ,-0.5000,-0.5000,0.6552,0.6552,0.512089,0.149000
YZ,-0.5000,-0.5000,0.6552,0.7241,0.512273,0.125000
YZ,-0.5000,-0.5000,0.6552,0.7931,0.512458,0.126000
YZ,-0.5000,-0.5000,0.6552,0.8621,0.512645,0.131000
YZ,-0.5000,-0.5000,0.6552,0.9310,0.512834,0.129000
YZ,-0.5000,-0.5000,0.6552,1.0000,0.513023,0.123000
YZ,-0.5000,-0.5000,0.7241,-1.0000,0.497259,0.131000
YZ,-0.5000,-0.5000,0.7241,-0.9310,0.497248,0.126000
YZ,-0.5000,-0.5000,0.7241,-0.8621,0.497239,0.142000
YZ,-0.5000,-0.5000,0.7241,-0.7931,0.497232,0.146000
YZ,-0.5000,-0.5000,0.7241,-0.7241,0.497225,0.129000
YZ,-0.5000,-0.5000,0.7241,-0.6552,0.497221,0.135000
YZ,-0.5000,-0.5000,0.7241,-0.5862,0.497218,0.133000
YZ,-0.5000,-0.5000,0.7241,-0.5172,0.497216,0.144000
YZ,-0.5000,-0.5000,0.7241,-0.4483,0.497216,0.139000
YZ,-0.5000,-0.5000,0.7241,-0.3793,0.497217,0.139000
YZ,-0.5000,-0.5000,0.7241,-0.3103,0.497220,0.141000
YZ,-0.5000,-0.5000,0.7241,-0.2414,0.497225,0.170000
YZ,-0.5000,-0.5000,0.7241,-0.1724,0.497231,0.182000
YZ,-0.5000,-0.5000,0.7241,-0.1034,0.497238,0.176000
YZ,-0.5000,-0.5000,0.7241,-0.0345,0.497248,0.184000
YZ,-0.5000,-0.5000,0.7241,0.0345,0.497258,0.168000
YZ,-0.5000,-0.5000,0.7241,0.1034,0.497271,0.161000
YZ,-0.5000,-0.5000,0.7241,0.1724,0.497284,0.162000
YZ,-0.5000,-0.5000,0.7241,0.2414,0.497300,0.178000
YZ,-0.5000,-0.5000,0.7241,0.3103,0.497317,0.190000
YZ,-0.5000,-0.5000,0.7241,0.3793,0.497335,0.170000
YZ,-0.5000,-0.5000,0.7241,0.4483,0.497356,0.163000
YZ,-0.5000,-0.5000,0.7241,0.5172,0.497377,0.171000
YZ,-0.5000,-0.5000,0.7241,0.5862,0.497401,0.173000
YZ,-0.5000,-0.5000,0.7241,0.6552,0.497426,0.182000
YZ,-0.5000,-0.5000,0.7241,0.7241,0.497452,0.184000
YZ,-0.5000,-0.5000,0.7241,0.7931,0.497481,0.197000
YZ,-0.5000,-0.5000,0.7241,0.8621,0.497510,0.198000
YZ,-0.5000,-0.5000,0.7241,0.9310,0.497542,0.185000
YZ,-0.5000,-0.5000,0.7241,1.0000,0.497575,0.189000
YZ,-0.5000,-0.5000,0.7931,-1.0000,0.489612,0.153000
YZ,-0.5000,-0.5000,0.7931,-0.9310,0.489443,0.164000
YZ,-0.5000,-0.5000,0.7931,-0.8621,0.489274,0.151000
YZ,-0.5000,-0.5000,0.7931,-0.7931,0.489105,0.169000
YZ,-0.5000,-0.5000,0.7931,-0.7241,0.488937,0.175000
YZ,-0.5000,-0.5000,0.7931,-0.6552,0.488770,0.170000
YZ,-0.5000,-0.5000,0.7931,-0.5862,0.488603,0.184000
YZ,-0.5000,-0.5000,0.7931,-0.5172,0.488437,0.183000
YZ,-0.5000,-0.5000,0.7931,-0.4483,0.488271,0.195000
YZ,-0.5000,-0.5000,0.7931,-0.3793,0.488106,0.180000
YZ,-0.5000,-0.5000,0.7931,-0.3103,0.487942,0.190000
YZ,-0.5000,-0.5000,0.7931,-0.2414,0.487778,0.202000
YZ,-0.5000,-0.5000,0.7931,-0.1724,0.487615,0.194000
YZ,-0.5000,-0.5000,0.7931,-0.1034,0.487452,0.172000
YZ,-0.5000,-0.5000,0.7931,-0.0345,0.487290,0.182000
YZ,-0.5000,-0.5000,0.7931,0.0345,0.487129,0.195000
YZ,-0.5000,-0.5000,0.7931,0.1034,0.486968,0.198000
YZ,-0.5000,-0.5000,0.7931,0.1724,0.486808,0.193000
YZ,-0.5000,-0.5000,0.7931,0.2414,0.486649,0.215000
YZ,-0.5000,-0.5000,0.7931,0.3103,0.486491,0.215000
YZ,-0.5000,-0.5000,0.7931,0.3793,0.486333,0.211000
YZ,-0.5000,-0.5000,0.7931,0.4483,0.486177,0.209000
YZ,-0.5000,-0.5000,0.7931,0.5172,0.486021,0.229000
YZ,-0.5000,-0.5000,0.7931,0.5862,0.485865,0.229000
YZ,-0.5000,-0.5000,0.7931,0.6552,0.485711,0.211000
YZ,-0.5000,-0.5000,0.7931,0.7241,0.485558,0.196000
YZ,-0.5000,-0.5000,0.7931,0.7931,0.485406,0.227000
YZ,-0.5000,-0.5000,0.7931,0.8621,0.485254,0.210000
YZ,-0.5000,-0.5000,0.7931,0.9310,0.485103,0.240000
YZ,-0.5000,-0.5000,0.7931,1.0000,0.484954,0.213000
YZ,-0.5000,-0.5000,0.8621,-1.0000,0.487347,0.152000
YZ,-0.5000,-0.5000,0.8621,-0.9310,0.487075,0.165000
YZ,-0.5000,-0.5000,0.8621,-0.8621,0.486802,0.167000
YZ,-0.5000,-0.5000,0.8621,-0.7931,0.486527,0.150000
YZ,-0.5000,-0.5000,0.8621,-0.7241,0.486250,0.173000
YZ,-0.5000,-0.5000,0.8621,-0.6552,0.485972,0.163000
YZ,-0.5000,-0.5000,0.8621,-0.5862,0.485692,0.182000
YZ,-0.5000,-0.5000,0.8621,-0.5172,0.485410,0.194000
YZ,-0.5000,-0.5000,0.8621,-0.4483,0.485127,0.185000
YZ,-0.5000,-0.5000,0.8621,-0.3793,0.484841,0.181000
YZ,-0.5000,-0.5000,0.8621,-0.3103,0.484555,0.215000
YZ,-0.5000,-0.5000,0.8621,-0.2414,0.484266,0.191000
YZ,-0.5000,-0.5000,0.8621,-0.1724,0.483976,0.181000
YZ,-0.5000,-0.5000,0.8621,-0.1034,0.483684,0.197000
YZ,-0.5000,-0.5000,0.8621,-0.0345,0.483391,0.177000
YZ,-0.5000,-0.5000,0.8621,0.0345,0.483097,0.185000
YZ,-0.5000,-0.5000,0.8621,0.1034,0.482800,0.176000
YZ,-0.5000,-0.5000,0.8621,0.1724,0.482503,0.175000
YZ,-0.5000,-0.5000,0.8621,0.2414,0.482204,0.197000
YZ,-0.5000,-0.5000,0.8621,0.3103,0.481903,0.206000
YZ,-0.5000,-0.5000,0.8621,0.3793,0.481602,0.215000
YZ,-0.5000,-0.5000,0.8621,0.4483,0.481299,0.193000
YZ,-0.5000,-0.5000,0.8621,0.5172,0.480994,0.202000
YZ,-0.5000,-0.5000,0.8621,0.5862,0.480688,0.199000
YZ,-0.5000,-0.5000,0.8621,0.6552,0.480381,0.195000
YZ,-0.5000,-0.5000,0.8621,0.7241,0.480073,0.223000
YZ,-0.5000,-0.5000,0.8621,0.7931,0.479764,0.212000
YZ,-0.5000,-0.5000,0.8621,0.8621,0.479453,0.201000
YZ,-0.5000,-0.5000,0.8621,0.9310,0.479142,0.230000
YZ,-0.5000,-0.5000,0.8621,1.0000,0.478829,0.206000
YZ,-0.5000,-0.5000,0.9310,-1.0000,0.492074,0.129000
YZ,-0.5000,-0.5000,0.9310,-0.9310,0.491825,0.123000
YZ,-0.5000,-0.5000,0.9310,-0.8621,0.491572,0.136000
YZ,-0.5000,-0.5000,0.9310,-0.7931,0.491315,0.141000
YZ,-0.5000,-0.5000,0.9310,-0.7241,0.491055,0.128000
YZ,-0.5000,-0.5000,0.9310,-0.6552,0.490791,0.156000
YZ,-0.5000,-0.5000,0.9310,-0.5862,0.490524,0.136000
YZ,-0.5000,-0.5000,0.9310,-0.5172,0.490252,0.127000
YZ,-0.5000,-0.5000,0.9310,-0.4483,0.489977,0.148000
YZ,-0.5000,-0.5000,0.9310,-0.3793,0.489698,0.151000
YZ,-0.5000,-0.5000,0.9310,-0.3103,0.489416,0.150000
YZ,-0.5000,-0.5000,0.9310,-0.2414,0.489130,0.141000
YZ,-0.5000,-0.5000,0.9310,-0.1724,0.488841,0.172000
YZ,-0.5000,-0.5000,0.9310,-0.1034,0.488548,0.143000
YZ,-0.5000,-0.5000,0.9310,-0.0345,0.488251,0.149000
YZ,-0.5000,-0.5000,0.9310,0.0345,0.487951,0.162000
YZ,-0.5000,-0.5000,0.9310,0.1034,0.487647,0.161000
YZ,-0.5000,-0.5000,0.9310,0.1724,0.487340,0.188000
YZ,-0.5000,-0.5000,0.9310,0.2414,0.487030,0.183000
YZ,-0.5000,-0.5000,0.9310,0.3103,0.486716,0.182000
YZ,-0.5000,-0.5000,0.9310,0.3793,0.486399,0.173000
YZ,-0.5000,-0.5000,0.9310,0.4483,0.486079,0.171000
YZ,-0.5000,-0.5000,0.9310,0.5172,0.485755,0.166000
YZ,-0.5000,-0.5000,0.9310,0.5862,0.485428,0.196000
YZ,-0.5000,-0.5000,0.9310,0.6552,0.485098,0.165000
YZ,-0.5000,-0.5000,0.9310,0.7241,0.484765,0.167000
YZ,-0.5000,-0.5000,0.9310,0.7931,0.484429,0.174000
YZ,-0.5000,-0.5000,0.9310,0.8621,0.484089,0.203000
YZ,-0.5000,-0.5000,0.9310,0.9310,0.483747,0.183000
YZ,-0.5000,-0.5000,0.9310,1.0000,0.483402,0.183000
YZ,-0.5000,-0.5000,1.0000,-1.0000,0.503331,0.077000
YZ,-0.5000,-0.5000,1.0000,-0.9310,0.503246,0.095000
YZ,-0.5000,-0.5000,1.0000,-0.8621,0.503156,0.086000
YZ,-0.5000,-0.5000,1.0000,-0.7931,0.503062,0.088000
YZ,-0.5000,-0.5000,1.0000,-0.7241,0.502964,0.093000
YZ,-0.5000,-0.5000,1.0000,-0.6552,0.502860,0.099000
YZ,-0.5000,-0.5000,1.0000,-0.5862,0.502753,0.103000
YZ,-0.5000,-0.5000,1.0000,-0.5172,0.502640,0.088000
YZ,-0.5000,-0.5000,1.0000,-0.4483,0.502523,0.087000
YZ,-0.5000,-0.5000,1.0000,-0.3793,0.502402,0.093000
YZ,-0.5000,-0.5000,1.0000,-0.3103,0.502276,0.114000
YZ,-0.5000,-0.5000,1.0000,-0.2414,0.502146,0.099000
YZ,-0.5000,-0.5000,1.0000,-0.1724,0.502011,0.103000
YZ,-0.5000,-0.5000,1.0000,-0.1034,0.501872,0.110000
YZ,-0.5000,-0.5000,1.0000,-0.0345,0.501729,0.117000
YZ,-0.5000,-0.5000,1.0000,0.0345,0.501581,0.102000
YZ,-0.5000,-0.5000,1.0000,0.1034,0.501429,0.108000
YZ,-0.5000,-0.5000,1.0000,0.1724,0.501273,0.125000
YZ,-0.5000,-0.5000,1.0000,0.2414,0.501112,0.115000
YZ,-0.5000,-0.5000,1.0000,0.3103,0.500948,0.119000
YZ,-0.5000,-0.5000,1.0000,0.3793,0.500779,0.115000
YZ,-0.5000,-0.5000,1.0000,0.4483,0.500606,0.109000
YZ,-0.5000,-0.5000,1.0000,0.5172,0.500429,0.114000
YZ,-0.5000,-0.5000,1.0000,0.5862,0.500247,0.090000
YZ,-0.5000,-0.5000,1.0000,0.6552,0.500062,0.123000
YZ,-0.5000,-0.5000,1.0000,0.7241,0.499873,0.136000
YZ,-0.5000,-0.5000,1.0000,0.7931,0.499680,0.125000
YZ,-0.5000,-0.5000,1.0000,0.8621,0.499483,0.109000
YZ,-0.5000,-0.5000,1.0000,0.9310,0.499282,0.119000
YZ,-0.5000,-0.5000,1.0000,1.0000,0.499077,0.136000
YZ,0.0000,0.0000,-1.0000,-1.0000,0.500214,0.378000
YZ,0.0000,0.0000,-1.0000,-0.9310,0.499989,0.402000
YZ,0.0000,0.0000,-1.0000,-0.8621,0.499785,0.371000
YZ,0.0000,0.0000,-1.0000,-0.7931,0.499599,0.358000
YZ,0.0000,0.0000,-1.0000,-0.7241,0.499432,0.386000
YZ,0.0000,0.0000,-1.0000,-0.6552,0.499279,0.361000
YZ,0.0000,0.0000,-1.0000,-0.5862,0.499141,0.399000
YZ,0.0000,0.0000,-1.0000,-0.5172,0.499016,0.397000
YZ,0.0000,0.0000,-1.0000,-0.4483,0.498903,0.389000
YZ,0.0000,0.0000,-1.0000,-0.3793,0.498800,0.356000
YZ,0.0000,0.0000,-1.0000,-0.3103,0.498706,0.392000
YZ,0.0000,0.0000,-1.0000,-0.2414,0.498621,0.357000
YZ,0.0000,0.0000,-1.0000,-0.1724,0.498543,0.355000
YZ,0.0000,0.0000,-1.0000,-0.1034,0.498472,0.355000
YZ,0.0000,0.0000,-1.0000,-0.0345,0.498406,0.381000
YZ,0.0000,0.0000,-1.0000,0.0345,0.498346,0.368000
YZ,0.0000,0.0000,-1.0000,0.1034,0.498291,0.391000
YZ,0.0000,0.0000,-1.0000,0.1724,0.498240,0.404000
YZ,0.0000,0.0000,-1.0000,0.2414,0.498192,0.382000
YZ,0.0000,0.0000,-1.0000,0.3103,0.498147,0.408000
YZ,0.0000,0.0000,-1.0000,0.3793,0.498105,0.438000
YZ,0.0000,0.0000,-1.0000,0.4483,0.498066,0.438000
YZ,0.0000,0.0000,-1.0000,0.5172,0.498029,0.449000
YZ,0.0000,0.0000,-1.0000,0.5862,0.497994,0.477000
YZ,0.0000,0.0000,-1.0000,0.6552,0.497960,0.495000
YZ,0.0000,0.0000,-1.0000,0.7241,0.497928,0.486000
YZ,0.0000,0.0000,-1.0000,0.7931,0.497897,0.487000
YZ,0.0000,0.0000,-1.0000,0.8621,0.497867,0.524000
YZ,0.0000,0.0000,-1.0000,0.9310,0.497839,0.489000
YZ,0.0000,0.0000,-1.0000,1.0000,0.497811,0.533000
YZ,0.0000,0.0000,-0.9310,-1.0000,0.499644,0.308000
YZ,0.0000,0.0000,-0.9310,-0.9310,0.499552,0.311000
YZ,0.0000,0.0000,-0.9310,-0.8621,0.499468,0.267000
YZ,0.0000,0.0000,-0.9310,-0.7931,0.499392,0.292000
YZ,0.0000,0.0000,-0.9310,-0.7241,0.499322,0.250000
YZ,0.0000,0.0000,-0.9310,-0.6552,0.499257,0.271000
YZ,0.0000,0.0000,-0.9310,-0.5862,0.499199,0.255000
YZ,0.0000,0.0000,-0.9310,-0.5172,0.499144,0.277000
YZ,0.0000,0.0000,-0.9310,-0.4483,0.499095,0.277000
YZ,0.0000,0.0000,-0.9310,-0.3793,0.499049,0.280000
YZ,0.0000,0.0000,-0.9310,-0.3103,0.499006,0.274000
YZ,0.0000,0.0000,-0.9310,-0.2414,0.498967,0.287000
YZ,0.0000,0.0000,-0.9310,-0.1724,0.498930,0.283000
YZ,0.0000,0.0000,-0.9310,-0.1034,0.498896,0.353000
YZ,0.0000,0.0000,-0.9310,-0.0345,0.498864,0.332000
YZ,0.0000,0.0000,-0.9310,0.0345,0.498834,0.383000
YZ,0.0000,0.0000,-0.9310,0.1034,0.498805,0.398000
YZ,0.0000,0.0000,-0.9310,0.1724,0.498778,0.402000
YZ,0.0000,0.0000,-0.9310,0.2414,0.498752,0.410000
YZ,0.0000,0.0000,-0.9310,0.3103,0.498727,0.445000
YZ,0.0000,0.0000,-0.9310,0.3793,0.498704,0.486000
YZ,0.0000,0.0000,-0.9310,0.4483,0.498681,0.440000
YZ,0.0000,0.0000,-0.9310,0.5172,0.498658,0.519000
YZ,0.0000,0.0000,-0.9310,0.5862,0.498637,0.479000
YZ,0.0000,0.0000,-0.9310,0.6552,0.498615,0.529000
YZ,0.0000,0.0000,-0.9310,0.7241,0.498594,0.522000
YZ,0.0000,0.0000,-0.9310,0.7931,0.498574,0.537000
YZ,0.0000,0.0000,-0.9310,0.8621,0.498553,0.583000
YZ,0.0000,0.0000,-0.9310,0.9310,0.498533,0.533000
YZ,0.0000,0.0000,-0.9310,1.0000,0.498513,0.540000
YZ,0.0000,0.0000,-0.8621,-1.0000,0.499798,0.179000
YZ,0.0000,0.0000,-0.8621,-0.9310,0.499767,0.179000
YZ,0.0000,0.0000,-0.8621,-0.8621,0.499737,0.168000
YZ,0.0000,0.0000,-0.8621,-0.7931,0.499709,0.160000
YZ,0.0000,0.0000,-0.8621,-0.7241,0.499683,0.145000
YZ,0.0000,0.0000,-0.8621,-0.6552,0.499657,0.129000
YZ,0.0000,0.0000,-0.8621,-0.5862,0.499632,0.135000
YZ,0.0000,0.0000,-0.8621,-0.5172,0.499609,0.141000
YZ,0.0000,0.0000,-0.8621,-0.4483,0.499587,0.139000
YZ,0.0000,0.0000,-0.8621,-0.3793,0.499565,0.119000
YZ,0.0000,0.0000,-0.8621,-0.3103,0.499545,0.121000
YZ,0.0000,0.0000,-0.8621,-0.2414,0.499525,0.155000
YZ,0.0000,0.0000,-0.8621,-0.1724,0.499507,0.145000
YZ,0.0000,0.0000,-0.8621,-0.1034,0.499489,0.151000
YZ,0.0000,0.0000,-0.8621,-0.0345,0.499472,0.143000
YZ,0.0000,0.0000,-0.8621,0.0345,0.499456,0.173000
YZ,0.0000,0.0000,-0.8621,0.1034,0.499440,0.146000
YZ,0.0000,0.0000,-0.8621,0.1724,0.499425,0.169000
YZ,0.0000,0.0000,-0.8621,0.2414,0.499411,0.167000
YZ,0.0000,0.0000,-0.8621,0.3103,0.499398,0.189000
YZ,0.0000,0.0000,-0.8621,0.3793,0.499385,0.177000
YZ,0.0000,0.0000,-0.8621,0.4483,0.499373,0.178000
YZ,0.0000,0.0000,-0.8621,0.5172,0.499361,0.200000
YZ,0.0000,0.0000,-0.8621,0.5862,0.499350,0.196000
YZ,0.0000,0.0000,-0.8621,0.6552,0.499340,0.192000
YZ,0.0000,0.0000,-0.8621,0.7241,0.499330,0.204000
YZ,0.0000,0.0000,-0.8621,0.7931,0.499321,0.212000
YZ,0.0000,0.0000,-0.8621,0.8621,0.499312,0.201000
YZ,0.0000,0.0000,-0.8621,0.9310,0.499304,0.206000
YZ,0.0000,0.0000,-0.8621,1.0000,0.499297,0.220000
YZ,0.0000,0.0000,-0.7931,-1.0000,0.500007,0.126000
YZ,0.0000,0.0000,-0.7931,-0.9310,0.500007,0.107000
YZ,0.0000,0.0000,-0.7931,-0.8621,0.500007,0.113000
YZ,0.0000,0.0000,-0.7931,-0.7931,0.500007,0.077000
YZ,0.0000,0.0000,-0.7931,-0.7241,0.500007,0.075000
YZ,0.0000,0.0000,-0.7931,-0.6552,0.500007,0.070000
YZ,0.0000,0.0000,-0.7931,-0.5862,0.500007,0.054000
YZ,0.0000,0.0000,-0.7931,-0.5172,0.500007,0.051000
YZ,0.0000,0.0000,-0.7931,-0.4483,0.500007,0.040000
YZ,0.0000,0.0000,-0.7931,-0.3793,0.500007,0.032000
YZ,0.0000,0.0000,-0.7931,-0.3103,0.500007,0.022000
YZ,0.0000,0.0000,-0.7931,-0.2414,0.500007,0.014000
YZ,0.0000,0.0000,-0.7931,-0.1724,0.500008,0.009000
YZ,0.0000,0.0000,-0.7931,-0.1034,0.500008,0.007000
YZ,0.0000,0.0000,-0.7931,-0.0345,0.500008,0.008000
YZ,0.0000,0.0000,-0.7931,0.0345,0.500008,0.004000
YZ,0.0000,0.0000,-0.7931,0.1034,0.500008,0.002000
YZ,0.0000,0.0000,-0.7931,0.1724,0.500008,0.002000
YZ,0.0000,0.0000,-0.7931,0.2414,0.500008,0.002000
YZ,0.0000,0.0000,-0.7931,0.3103,0.500008,0.002000
YZ,0.0000,0.0000,-0.7931,0.3793,0.500008,0.002000
YZ,0.0000,0.0000,-0.7931,0.4483,0.500008,0.001000
YZ,0.0000,0.0000,-0.7931,0.5172,0.500008,0.001000
YZ,0.0000,0.0000,-0.7931,0.5862,0.500008,0.000000
YZ,0.0000,0.0000,-0.7931,0.6552,0.500009,0.001000
YZ,0.0000,0.0000,-0.7931,0.7241,0.500008,0.000000
YZ,0.0000,0.0000,-0.7931,0.7931,0.500008,0.002000
YZ,0.0000,0.0000,-0.7931,0.8621,0.500007,0.000000
YZ,0.0000,0.0000,-0.7931,0.9310,0.500007,0.000000
YZ,0.0000,0.0000,-0.7931,1.0000,0.500007,0.001000
YZ,0.0000,0.0000,-0.7241,-1.0000,0.499775,0.180000
YZ,0.0000,0.0000,-0.7241,-0.9310,0.499740,0.163000
YZ,0.0000,0.0000,-0.7241,-0.8621,0.499708,0.177000
YZ,0.0000,0.0000,-0.7241,-0.7931,0.499677,0.171000
YZ,0.0000,0.0000,-0.7241,-0.7241,0.499647,0.154000
YZ,0.0000,0.0000,-0.7241,-0.6552,0.499619,0.139000
YZ,0.0000,0.0000,-0.7241,-0.5862,0.499592,0.131000
YZ,0.0000,0.0000,-0.7241,-0.5172,0.499567,0.131000
YZ,0.0000,0.0000,-0.7241,-0.4483,0.499543,0.170000
YZ,0.0000,0.0000,-0.7241,-0.3793,0.499520,0.126000
YZ,0.0000,0.0000,-0.7241,-0.3103,0.499498,0.149000
YZ,0.0000,0.0000,-0.7241,-0.2414,0.499478,0.163000
YZ,0.0000,0.0000,-0.7241,-0.1724,0.499458,0.165000
YZ,0.0000,0.0000,-0.7241,-0.1034,0.499439,0.172000
YZ,0.0000,0.0000,-0.7241,-0.0345,0.499421,0.168000
YZ,0.0000,0.0000,-0.7241,0.0345,0.499404,0.171000
YZ,0.0000,0.0000,-0.7241,0.1034,0.499388,0.189000
YZ,0.0000,0.0000,-0.7241,0.1724,0.499373,0.191000
YZ,0.0000,0.0000,-0.7241,0.2414,0.499358,0.208000
YZ,0.0000,0.0000,-0.7241,0.3103,0.499344,0.198000
YZ,0.0000,0.0000,-0.7241,0.3793,0.499331,0.210000
YZ,0.0000,0.0000,-0.7241,0.4483,0.499318,0.203000
YZ,0.0000,0.0000,-0.7241,0.5172,0.499306,0.202000
YZ,0.0000,0.0000,-0.7241,0.5862,0.499295,0.227000
YZ,0.0000,0.0000,-0.7241,0.6552,0.499284,0.249000
YZ,0.0000,0.0000,-0.7241,0.7241,0.499274,0.244000
YZ,0.0000,0.0000,-0.7241,0.7931,0.499265,0.238000
YZ,0.0000,0.0000,-0.7241,0.8621,0.499256,0.247000
YZ,0.0000,0.0000,-0.7241,0.9310,0.499247,0.249000
YZ,0.0000,0.0000,-0.7241,1.0000,0.499239,0.273000
YZ,0.0000,0.0000,-0.6552,-1.0000,0.499653,0.306000
YZ,0.0000,0.0000,-0.6552,-0.9310,0.499554,0.343000
YZ,0.0000,0.0000,-0.6552,-0.8621,0.499464,0.294000
YZ,0.0000,0.0000,-0.6552,-0.7931,0.499382,0.298000
YZ,0.0000,0.0000,-0.6552,-0.7241,0.499306,0.298000
YZ,0.0000,0.0000,-0.6552,-0.6552,0.499237,0.265000
YZ,0.0000,0.0000,-0.6552,-0.5862,0.499173,0.302000
YZ,0.0000,0.0000,-0.6552,-0.5172,0.499115,0.258000
YZ,0.0000,0.0000,-0.6552,-0.4483,0.499062,0.252000
YZ,0.0000,0.0000,-0.6552,-0.3793,0.499012,0.291000
YZ,0.0000,0.0000,-0.6552,-0.3103,0.498966,0.320000
YZ,0.0000,0.0000,-0.6552,-0.2414,0.498924,0.314000
YZ,0.0000,0.0000,-0.6552,-0.1724,0.498884,0.329000
YZ,0.0000,0.0000,-0.6552,-0.1034,0.498848,0.336000
YZ,0.0000,0.0000,-0.6552,-0.0345,0.498813,0.349000
YZ,0.0000,0.0000,-0.6552,0.0345,0.498780,0.355000
YZ,0.0000,0.0000,-0.6552,0.1034,0.498750,0.361000
YZ,0.0000,0.0000,-0.6552,0.1724,0.498720,0.423000
YZ,0.0000,0.0000,-0.6552,0.2414,0.498693,0.454000
YZ,0.0000,0.0000,-0.6552,0.3103,0.498666,0.433000
YZ,0.0000,0.0000,-0.6552,0.3793,0.498640,0.458000
YZ,0.0000,0.0000,-0.6552,0.4483,0.498616,0.480000
YZ,0.0000,0.0000,-0.6552,0.5172,0.498592,0.477000
YZ,0.0000,0.0000,-0.6552,0.5862,0.498568,0.515000
YZ,0.0000,0.0000,-0.6552,0.6552,0.498545,0.530000
YZ,0.0000,0.0000,-0.6552,0.7241,0.498523,0.535000
YZ,0.0000,0.0000,-0.6552,0.7931,0.498501,0.543000
YZ,0.0000,0.0000,-0.6552,0.8621,0.498479,0.587000
YZ,0.0000,0.0000,-0.6552,0.9310,0.498457,0.548000
YZ,0.0000,0.0000,-0.6552,1.0000,0.498436,0.567000
YZ,0.0000,0.0000,-0.5862,-1.0000,0.500326,0.376000
YZ,0.0000,0.0000,-0.5862,-0.9310,0.500087,0.402000
YZ,0.0000,0.0000,-0.5862,-0.8621,0.499871,0.384000
YZ,0.0000,0.0000,-0.5862,-0.7931,0.499675,0.412000
YZ,0.0000,0.0000,-0.5862,-0.7241,0.499497,0.362000
YZ,0.0000,0.0000,-0.5862,-0.6552,0.499337,0.368000
YZ,0.0000,0.0000,-0.5862,-0.5862,0.499192,0.385000
YZ,0.0000,0.0000,-0.5862,-0.5172,0.499060,0.398000
YZ,0.0000,0.0000,-0.5862,-0.4483,0.498941,0.376000
YZ,0.0000,0.0000,-0.5862,-0.3793,0.498834,0.360000
YZ,0.0000,0.0000,-0.5862,-0.3103,0.498736,0.356000
YZ,0.0000,0.0000,-0.5862,-0.2414,0.498647,0.406000
YZ,0.0000,0.0000,-0.5862,-0.1724,0.498567,0.356000
YZ,0.0000,0.0000,-0.5862,-0.1034,0.498493,0.369000
YZ,0.0000,0.0000,-0.5862,-0.0345,0.498426,0.382000
YZ,0.0000,0.0000,-0.5862,0.0345,0.498364,0.395000
YZ,0.0000,0.0000,-0.5862,0.1034,0.498308,0.401000
YZ,0.0000,0.0000,-0.5862,0.1724,0.498256,0.428000
YZ,0.0000,0.0000,-0.5862,0.2414,0.498207,0.423000
YZ,0.0000,0.0000,-0.5862,0.3103,0.498163,0.425000
YZ,0.0000,0.0000,-0.5862,0.3793,0.498121,0.415000
YZ,0.0000,0.0000,-0.5862,0.4483,0.498081,0.427000
YZ,0.0000,0.0000,-0.5862,0.5172,0.498044,0.441000
YZ,0.0000,0.0000,-0.5862,0.5862,0.498009,0.444000
YZ,0.0000,0.0000,-0.5862,0.6552,0.497976,0.452000
YZ,0.0000,0.0000,-0.5862,0.7241,0.497945,0.487000
YZ,0.0000,0.0000,-0.5862,0.7931,0.497914,0.499000
YZ,0.0000,0.0000,-0.5862,0.8621,0.497885,0.516000
YZ,0.0000,0.0000,-0.5862,0.9310,0.497857,0.490000
YZ,0.0000,0.0000,-0.5862,1.0000,0.497830,0.523000
YZ,0.0000,0.0000,-0.5172,-1.0000,0.502397,0.404000
YZ,0.0000,0.0000,-0.5172,-0.9310,0.501903,0.419000
YZ,0.0000,0.0000,-0.5172,-0.8621,0.501464,0.408000
YZ,0.0000,0.0000,-0.5172,-0.7931,0.501075,0.424000
YZ,0.0000,0.0000,-0.5172,-0.7241,0.500732,0.395000
YZ,0.0000,0.0000,-0.5172,-0.6552,0.500431,0.380000
YZ,0.0000,0.0000,-0.5172,-0.5862,0.500168,0.405000
YZ,0.0000,0.0000,-0.5172,-0.5172,0.499938,0.365000
YZ,0.0000,0.0000,-0.5172,-0.4483,0.499739,0.391000
YZ,0.0000,0.0000,-0.5172,-0.3793,0.499568,0.413000
YZ,0.0000,0.0000,-0.5172,-0.3103,0.499421,0.402000
YZ,0.0000,0.0000,-0.5172,-0.2414,0.499295,0.414000
YZ,0.0000,0.0000,-0.5172,-0.1724,0.499188,0.398000
YZ,0.0000,0.0000,-0.5172,-0.1034,0.499097,0.383000
YZ,0.0000,0.0000,-0.5172,-0.0345,0.499020,0.394000
YZ,0.0000,0.0000,-0.5172,0.0345,0.498956,0.388000
YZ,0.0000,0.0000,-0.5172,0.1034,0.498902,0.380000
YZ,0.0000,0.0000,-0.5172,0.1724,0.498857,0.378000
YZ,0.0000,0.0000,-0.5172,0.2414,0.498820,0.379000
YZ,0.0000,0.0000,-0.5172,0.3103,0.498789,0.371000
YZ,0.0000,0.0000,-0.5172,0.3793,0.498762,0.385000
YZ,0.0000,0.0000,-0.5172,0.4483,0.498740,0.387000
YZ,0.0000,0.0000,-0.5172,0.5172,0.498722,0.390000
YZ,0.0000,0.0000,-0.5172,0.5862,0.498705,0.373000
YZ,0.0000,0.0000,-0.5172,0.6552,0.498691,0.401000
YZ,0.0000,0.0000,-0.5172,0.7241,0.498678,0.400000
YZ,0.0000,0.0000,-0.5172,0.7931,0.498666,0.411000
YZ,0.0000,0.0000,-0.5172,0.8621,0.498655,0.384000
YZ,0.0000,0.0000,-0.5172,0.9310,0.498644,0.376000
YZ,0.0000,0.0000,-0.5172,1.0000,0.498632,0.418000
YZ,0.0000,0.0000,-0.4483,-1.0000,0.506715,0.393000
YZ,0.0000,0.0000,-0.4483,-0.9310,0.505597,0.395000
YZ,0.0000,0.0000,-0.4483,-0.8621,0.504607,0.405000
YZ,0.0000,0.0000,-0.4483,-0.7931,0.503735,0.407000
YZ,0.0000,0.0000,-0.4483,-0.7241,0.502976,0.418000
YZ,0.0000,0.0000,-0.4483,-0.6552,0.502320,0.406000
YZ,0.0000,0.0000,-0.4483,-0.5862,0.501760,0.403000
YZ,0.0000,0.0000,-0.4483,-0.5172,0.501287,0.397000
YZ,0.0000,0.0000,-0.4483,-0.4483,0.500894,0.427000
YZ,0.0000,0.0000,-0.4483,-0.3793,0.500572,0.414000
YZ,0.0000,0.0000,-0.4483,-0.3103,0.500315,0.405000
YZ,0.0000,0.0000,-0.4483,-0.2414,0.500114,0.399000
YZ,0.0000,0.0000,-0.4483,-0.1724,0.499963,0.403000
YZ,0.0000,0.0000,-0.4483,-0.1034,0.499855,0.418000
YZ,0.0000,0.0000,-0.4483,-0.0345,0.499785,0.389000
YZ,0.0000,0.0000,-0.4483,0.0345,0.499746,0.399000
YZ,0.0000,0.0000,-0.4483,0.1034,0.499733,0.400000
YZ,0.0000,0.0000,-0.4483,0.1724,0.499743,0.378000
YZ,0.0000,0.0000,-0.4483,0.2414,0.499769,0.397000
YZ,0.0000,0.0000,-0.4483,0.3103,0.499810,0.369000
YZ,0.0000,0.0000,-0.4483,0.3793,0.499860,0.341000
YZ,0.0000,0.0000,-0.4483,0.4483,0.499918,0.391000
YZ,0.0000,0.0000,-0.4483,0.5172,0.499980,0.332000
YZ,0.0000,0.0000,-0.4483,0.5862,0.500044,0.346000
YZ,0.0000,0.0000,-0.4483,0.6552,0.500109,0.359000
YZ,0.0000,0.0000,-0.4483,0.7241,0.500173,0.345000
YZ,0.0000,0.0000,-0.4483,0.7931,0.500233,0.356000
YZ,0.0000,0.0000,-0.4483,0.8621,0.500291,0.354000
YZ,0.0000,0.0000,-0.4483,0.9310,0.500343,0.334000
YZ,0.0000,0.0000,-0.4483,1.0000,0.500390,0.385000
YZ,0.0000,0.0000,-0.3793,-1.0000,0.518625,0.406000
YZ,0.0000,0.0000,-0.3793,-0.9310,0.515859,0.367000
YZ,0.0000,0.0000,-0.3793,-0.8621,0.513335,0.431000
YZ,0.0000,0.0000,-0.3793,-0.7931,0.511053,0.453000
YZ,0.0000,0.0000,-0.3793,-0.7241,0.509011,0.409000
YZ,0.0000,0.0000,-0.3793,-0.6552,0.507205,0.420000
YZ,0.0000,0.0000,-0.3793,-0.5862,0.505630,0.444000
YZ,0.0000,0.0000,-0.3793,-0.5172,0.504277,0.422000
YZ,0.0000,0.0000,-0.3793,-0.4483,0.503136,0.439000
YZ,0.0000,0.0000,-0.3793,-0.3793,0.502195,0.415000
YZ,0.0000,0.0000,-0.3793,-0.3103,0.501441,0.441000
YZ,0.0000,0.0000,-0.3793,-0.2414,0.500861,0.389000
YZ,0.0000,0.0000,-0.3793,-0.1724,0.500439,0.443000
YZ,0.0000,0.0000,-0.3793,-0.1034,0.500161,0.431000
YZ,0.0000,0.0000,-0.3793,-0.0345,0.500010,0.405000
YZ,0.0000,0.0000,-0.3793,0.0345,0.499972,0.409000
YZ,0.0000,0.0000,-0.3793,0.1034,0.500031,0.428000
YZ,0.0000,0.0000,-0.3793,0.1724,0.500173,0.396000
YZ,0.0000,0.0000,-0.3793,0.2414,0.500385,0.410000
YZ,0.0000,0.0000,-0.3793,0.3103,0.500653,0.377000
YZ,0.0000,0.0000,-0.3793,0.3793,0.500965,0.412000
YZ,0.0000,0.0000,-0.3793,0.4483,0.501310,0.377000
YZ,0.0000,0.0000,-0.3793,0.5172,0.501678,0.408000
YZ,0.0000,0.0000,-0.3793,0.5862,0.502059,0.368000
YZ,0.0000,0.0000,-0.3793,0.6552,0.502446,0.379000
YZ,0.0000,0.0000,-0.3793,0.7241,0.502831,0.370000
YZ,0.0000,0.0000,-0.3793,0.7931,0.503207,0.353000
YZ,0.0000,0.0000,-0.3793,0.8621,0.503570,0.369000
YZ,0.0000,0.0000,-0.3793,0.9310,0.503915,0.369000
YZ,0.0000,0.0000,-0.3793,1.0000,0.504237,0.359000
YZ,0.0000,0.0000,-0.3103,-1.0000,0.557296,0.392000
YZ,0.0000,0.0000,-0.3103,-0.9310,0.551425,0.376000
YZ,0.0000,0.0000,-0.3103,-0.8621,0.545758,0.410000
YZ,0.0000,0.0000,-0.3103,-0.7931,0.540323,0.403000
YZ,0.0000,0.0000,-0.3103,-0.7241,0.535144,0.408000
YZ,0.0000,0.0000,-0.3103,-0.6552,0.530249,0.400000
YZ,0.0000,0.0000,-0.3103,-0.5862,0.525660,0.417000
YZ,0.0000,0.0000,-0.3103,-0.5172,0.521400,0.387000
YZ,0.0000,0.0000,-0.3103,-0.4483,0.517489,0.405000
YZ,0.0000,0.0000,-0.3103,-0.3793,0.513945,0.389000
YZ,0.0000,0.0000,-0.3103,-0.3103,0.510780,0.410000
YZ,0.0000,0.0000,-0.3103,-0.2414,0.508005,0.416000
YZ,0.0000,0.0000,-0.3103,-0.1724,0.505624,0.391000
YZ,0.0000,0.0000,-0.3103,-0.1034,0.503637,0.416000
YZ,0.0000,0.0000,-0.3103,-0.0345,0.502039,0.414000
YZ,0.0000,0.0000,-0.3103,0.0345,0.500818,0.389000
YZ,0.0000,0.0000,-0.3103,0.1034,0.499961,0.398000
YZ,0.0000,0.0000,-0.3103,0.1724,0.499445,0.392000
YZ,0.0000,0.0000,-0.3103,0.2414,0.499249,0.380000
YZ,0.0000,0.0000,-0.3103,0.3103,0.499345,0.395000
YZ,0.0000,0.0000,-0.3103,0.3793,0.499704,0.387000
YZ,0.0000,0.0000,-0.3103,0.4483,0.500297,0.397000
YZ,0.0000,0.0000,-0.3103,0.5172,0.501092,0.379000
YZ,0.0000,0.0000,-0.3103,0.5862,0.502058,0.366000
YZ,0.0000,0.0000,-0.3103,0.6552,0.503166,0.395000
YZ,0.0000,0.0000,-0.3103,0.7241,0.504388,0.364000
YZ,0.0000,0.0000,-0.3103,0.7931,0.505697,0.338000
YZ,0.0000,0.0000,-0.3103,0.8621,0.507067,0.355000
YZ,0.0000,0.0000,-0.3103,0.9310,0.508475,0.319000
YZ,0.0000,0.0000,-0.3103,1.0000,0.509901,0.352000
YZ,0.0000,0.0000,-0.2414,-1.0000,0.649995,0.374000
YZ,0.0000,0.0000,-0.2414,-0.9310,0.641933,0.377000
YZ,0.0000,0.0000,-0.2414,-0.8621,0.633789,0.381000
YZ,0.0000,0.0000,-0.2414,-0.7931,0.625589,0.382000
YZ,0.0000,0.0000,-0.2414,-0.7241,0.617358,0.355000
YZ,0.0000,0.0000,-0.2414,-0.6552,0.609121,0.372000
YZ,0.0000,0.0000,-0.2414,-0.5862,0.600907,0.376000
YZ,0.0000,0.0000,-0.2414,-0.5172,0.592745,0.377000
YZ,0.0000,0.0000,-0.2414,-0.4483,0.584665,0.358000
YZ,0.0000,0.0000,-0.2414,-0.3793,0.576700,0.353000
YZ,0.0000,0.0000,-0.2414,-0.3103,0.568886,0.390000
YZ,0.0000,0.0000,-0.2414,-0.2414,0.561259,0.342000
YZ,0.0000,0.0000,-0.2414,-0.1724,0.553858,0.342000
YZ,0.0000,0.0000,-0.2414,-0.1034,0.546725,0.345000
YZ,0.0000,0.0000,-0.2414,-0.0345,0.539904,0.341000
YZ,0.0000,0.0000,-0.2414,0.0345,0.533441,0.337000
YZ,0.0000,0.0000,-0.2414,0.1034,0.527384,0.328000
YZ,0.0000,0.0000,-0.2414,0.1724,0.521783,0.332000
YZ,0.0000,0.0000,-0.2414,0.2414,0.516685,0.343000
YZ,0.0000,0.0000,-0.2414,0.3103,0.512137,0.340000
YZ,0.0000,0.0000,-0.2414,0.3793,0.508182,0.323000
YZ,0.0000,0.0000,-0.2414,0.4483,0.504856,0.312000
YZ,0.0000,0.0000,-0.2414,0.5172,0.502186,0.322000
YZ,0.0000,0.0000,-0.2414,0.5862,0.500188,0.337000
YZ,0.0000,0.0000,-0.2414,0.6552,0.498864,0.337000
YZ,0.0000,0.0000,-0.2414,0.7241,0.498203,0.319000
YZ,0.0000,0.0000,-0.2414,0.7931,0.498180,0.325000
YZ,0.0000,0.0000,-0.2414,0.8621,0.498757,0.309000
YZ,0.0000,0.0000,-0.2414,0.9310,0.499888,0.336000
YZ,0.0000,0.0000,-0.2414,1.0000,0.501516,0.294000
YZ,0.0000,0.0000,-0.1724,-1.0000,0.791298,0.524000
YZ,0.0000,0.0000,-0.1724,-0.9310,0.784764,0.496000
YZ,0.0000,0.0000,-0.1724,-0.8621,0.777923,0.496000
YZ,0.0000,0.0000,-0.1724,-0.7931,0.770785,0.499000
YZ,0.0000,0.0000,-0.1724,-0.7241,0.763362,0.479000
YZ,0.0000,0.0000,-0.1724,-0.6552,0.755667,0.466000
YZ,0.0000,0.0000,-0.1724,-0.5862,0.747712,0.448000
YZ,0.0000,0.0000,-0.1724,-0.5172,0.739510,0.450000
YZ,0.0000,0.0000,-0.1724,-0.4483,0.731075,0.418000
YZ,0.0000,0.0000,-0.1724,-0.3793,0.722421,0.396000
YZ,0.0000,0.0000,-0.1724,-0.3103,0.713563,0.424000
YZ,0.0000,0.0000,-0.1724,-0.2414,0.704517,0.418000
YZ,0.0000,0.0000,-0.1724,-0.1724,0.695298,0.403000
YZ,0.0000,0.0000,-0.1724,-0.1034,0.685923,0.375000
YZ,0.0000,0.0000,-0.1724,-0.0345,0.676410,0.368000
YZ,0.0000,0.0000,-0.1724,0.0345,0.666778,0.374000
YZ,0.0000,0.0000,-0.1724,0.1034,0.657047,0.351000
YZ,0.0000,0.0000,-0.1724,0.1724,0.647237,0.347000
YZ,0.0000,0.0000,-0.1724,0.2414,0.637371,0.328000
YZ,0.0000,0.0000,-0.1724,0.3103,0.627474,0.344000
YZ,0.0000,0.0000,-0.1724,0.3793,0.617572,0.334000
YZ,0.0000,0.0000,-0.1724,0.4483,0.607695,0.317000
YZ,0.0000,0.0000,-0.1724,0.5172,0.597875,0.326000
YZ,0.0000,0.0000,-0.1724,0.5862,0.588147,0.290000
YZ,0.0000,0.0000,-0.1724,0.6552,0.578553,0.302000
YZ,0.0000,0.0000,-0.1724,0.7241,0.569138,0.278000
YZ,0.0000,0.0000,-0.1724,0.7931,0.559954,0.279000
YZ,0.0000,0.0000,-0.1724,0.8621,0.551062,0.275000
YZ,0.0000,0.0000,-0.1724,0.9310,0.542530,0.264000
YZ,0.0000,0.0000,-0.1724,1.0000,0.534437,0.274000
YZ,0.0000,0.0000,-0.1034,-1.0000,0.924653,0.761000
YZ,0.0000,0.0000,-0.1034,-0.9310,0.922613,0.752000
YZ,0.0000,0.0000,-0.1034,-0.8621,0.920224,0.764000
YZ,0.0000,0.0000,-0.1034,-0.7931,0.917487,0.761000
YZ,0.0000,0.0000,-0.1034,-0.7241,0.914407,0.716000
YZ,0.0000,0.0000,-0.1034,-0.6552,0.910986,0.728000
YZ,0.0000,0.0000,-0.1034,-0.5862,0.907228,0.707000
YZ,0.0000,0.0000,-0.1034,-0.5172,0.903137,0.685000
YZ,0.0000,0.0000,-0.1034,-0.4483,0.898716,0.688000
YZ,0.0000,0.0000,-0.1034,-0.3793,0.893970,0.671000
YZ,0.0000,0.0000,-0.1034,-0.3103,0.888904,0.657000
YZ,0.0000,0.0000,-0.1034,-0.2414,0.883523,0.671000
YZ,0.0000,0.0000,-0.1034,-0.1724,0.877830,0.637000
YZ,0.0000,0.0000,-0.1034,-0.1034,0.871832,0.626000
YZ,0.0000,0.0000,-0.1034,-0.0345,0.865535,0.584000
YZ,0.0000,0.0000,-0.1034,0.0345,0.858944,0.571000
YZ,0.0000,0.0000,-0.1034,0.1034,0.852065,0.577000
YZ,0.0000,0.0000,-0.1034,0.1724,0.844905,0.562000
YZ,0.0000,0.0000,-0.1034,0.2414,0.837470,0.526000
YZ,0.0000,0.0000,-0.1034,0.3103,0.829767,0.521000
YZ,0.0000,0.0000,-0.1034,0.3793,0.821803,0.482000
YZ,0.0000,0.0000,-0.1034,0.4483,0.813585,0.502000
YZ,0.0000,0.0000,-0.1034,0.5172,0.805121,0.497000
YZ,0.0000,0.0000,-0.1034,0.5862,0.796419,0.439000
YZ,0.0000,0.0000,-0.1034,0.6552,0.787487,0.425000
YZ,0.0000,0.0000,-0.1034,0.7241,0.778332,0.418000
YZ,0.0000,0.0000,-0.1034,0.7931,0.768965,0.410000
YZ,0.0000,0.0000,-0.1034,0.8621,0.759393,0.368000
YZ,0.0000,0.0000,-0.1034,0.9310,0.749626,0.347000
YZ,0.0000,0.0000,-0.1034,1.0000,0.739674,0.315000
YZ,0.0000,0.0000,-0.0345,-1.0000,0.981596,0.937000
YZ,0.0000,0.0000,-0.0345,-0.9310,0.983716,0.929000
YZ,0.0000,0.0000,-0.0345,-0.8621,0.985567,0.932000
YZ,0.0000,0.0000,-0.0345,-0.7931,0.987147,0.945000
YZ,0.0000,0.0000,-0.0345,-0.7241,0.988457,0.959000
YZ,0.0000,0.0000,-0.0345,-0.6552,0.989495,0.955000
YZ,0.0000,0.0000,-0.0345,-0.5862,0.990262,0.963000
YZ,0.0000,0.0000,-0.0345,-0.5172,0.990756,0.974000
YZ,0.0000,0.0000,-0.0345,-0.4483,0.990978,0.957000
YZ,0.0000,0.0000,-0.0345,-0.3793,0.990927,0.973000
YZ,0.0000,0.0000,-0.0345,-0.3103,0.990604,0.969000
YZ,0.0000,0.0000,-0.0345,-0.2414,0.990009,0.964000
YZ,0.0000,0.0000,-0.0345,-0.1724,0.989143,0.961000
YZ,0.0000,0.0000,-0.0345,-0.1034,0.988005,0.957000
YZ,0.0000,0.0000,-0.0345,-0.0345,0.986598,0.955000
YZ,0.0000,0.0000,-0.0345,0.0345,0.984920,0.942000
YZ,0.0000,0.0000,-0.0345,0.1034,0.982975,0.939000
YZ,0.0000,0.0000,-0.0345,0.1724,0.980762,0.931000
YZ,0.0000,0.0000,-0.0345,0.2414,0.978283,0.905000
YZ,0.0000,0.0000,-0.0345,0.3103,0.975540,0.908000
YZ,0.0000,0.0000,-0.0345,0.3793,0.972534,0.895000
YZ,0.0000,0.0000,-0.0345,0.4483,0.969267,0.889000
YZ,0.0000,0.0000,-0.0345,0.5172,0.965741,0.861000
YZ,0.0000,0.0000,-0.0345,0.5862,0.961958,0.869000
YZ,0.0000,0.0000,-0.0345,0.6552,0.957919,0.827000
YZ,0.0000,0.0000,-0.0345,0.7241,0.953629,0.834000
YZ,0.0000,0.0000,-0.0345,0.7931,0.949088,0.818000
YZ,0.0000,0.0000,-0.0345,0.8621,0.944299,0.789000
YZ,0.0000,0.0000,-0.0345,0.9310,0.939266,0.777000
YZ,0.0000,0.0000,-0.0345,1.0000,0.933990,0.739000
YZ,0.0000,0.0000,0.0345,-1.0000,0.949373,0.826000
YZ,0.0000,0.0000,0.0345,-0.9310,0.953184,0.835000
YZ,0.0000,0.0000,0.0345,-0.8621,0.956816,0.844000
YZ,0.0000,0.0000,0.0345,-0.7931,0.960267,0.844000
YZ,0.0000,0.0000,0.0345,-0.7241,0.963535,0.896000
YZ,0.0000,0.0000,0.0345,-0.6552,0.966620,0.876000
YZ,0.0000,0.0000,0.0345,-0.5862,0.969520,0.868000
YZ,0.0000,0.0000,0.0345,-0.5172,0.972235,0.909000
YZ,0.0000,0.0000,0.0345,-0.4483,0.974762,0.907000
YZ,0.0000,0.0000,0.0345,-0.3793,0.977103,0.921000
YZ,0.0000,0.0000,0.0345,-0.3103,0.979254,0.939000
YZ,0.0000,0.0000,0.0345,-0.2414,0.981217,0.931000
YZ,0.0000,0.0000,0.0345,-0.1724,0.982989,0.932000
YZ,0.0000,0.0000,0.0345,-0.1034,0.984571,0.937000
YZ,0.0000,0.0000,0.0345,-0.0345,0.985962,0.943000
YZ,0.0000,0.0000,0.0345,0.0345,0.987162,0.949000
YZ,0.0000,0.0000,0.0345,0.1034,0.988169,0.953000
YZ,0.0000,0.0000,0.0345,0.1724,0.988984,0.958000
YZ,0.0000,0.0000,0.0345,0.2414,0.989606,0.967000
YZ,0.0000,0.0000,0.0345,0.3103,0.990036,0.961000
YZ,0.0000,0.0000,0.0345,0.3793,0.990273,0.971000
YZ,0.0000,0.0000,0.0345,0.4483,0.990317,0.957000
YZ,0.0000,0.0000,0.0345,0.5172,0.990168,0.963000
YZ,0.0000,0.0000,0.0345,0.5862,0.989827,0.954000
YZ,0.0000,0.0000,0.0345,0.6552,0.989293,0.955000
YZ,0.0000,0.0000,0.0345,0.7241,0.988567,0.950000
YZ,0.0000,0.0000,0.0345,0.7931,0.987649,0.951000
YZ,0.0000,0.0000,0.0345,0.8621,0.986540,0.946000
YZ,0.0000,0.0000,0.0345,0.9310,0.985240,0.932000
YZ,0.0000,0.0000,0.0345,1.0000,0.983749,0.933000
YZ,0.0000,0.0000,0.1034,-1.0000,0.875187,0.582000
YZ,0.0000,0.0000,0.1034,-0.9310,0.878855,0.594000
YZ,0.0000,0.0000,0.1034,-0.8621,0.882400,0.595000
YZ,0.0000,0.0000,0.1034,-0.7931,0.885820,0.635000
YZ,0.0000,0.0000,0.1034,-0.7241,0.889115,0.621000
YZ,0.0000,0.0000,0.1034,-0.6552,0.892283,0.640000
YZ,0.0000,0.0000,0.1034,-0.5862,0.895326,0.691000
YZ,0.0000,0.0000,0.1034,-0.5172,0.898240,0.664000
YZ,0.0000,0.0000,0.1034,-0.4483,0.901026,0.695000
YZ,0.0000,0.0000,0.1034,-0.3793,0.903683,0.714000
YZ,0.0000,0.0000,0.1034,-0.3103,0.906210,0.692000
YZ,0.0000,0.0000,0.1034,-0.2414,0.908607,0.688000
YZ,0.0000,0.0000,0.1034,-0.1724,0.910874,0.711000
YZ,0.0000,0.0000,0.1034,-0.1034,0.913009,0.707000
YZ,0.0000,0.0000,0.1034,-0.0345,0.915013,0.688000
YZ,0.0000,0.0000,0.1034,0.0345,0.916884,0.710000
YZ,0.0000,0.0000,0.1034,0.1034,0.918623,0.713000
YZ,0.0000,0.0000,0.1034,0.1724,0.920229,0.727000
YZ,0.0000,0.0000,0.1034,0.2414,0.921703,0.748000
YZ,0.0000,0.0000,0.1034,0.3103,0.923042,0.739000
YZ,0.0000,0.0000,0.1034,0.3793,0.924249,0.754000
YZ,0.0000,0.0000,0.1034,0.4483,0.925321,0.746000
YZ,0.0000,0.0000,0.1034,0.5172,0.926260,0.737000
YZ,0.0000,0.0000,0.1034,0.5862,0.927065,0.763000
YZ,0.0000,0.0000,0.1034,0.6552,0.927736,0.767000
YZ,0.0000,0.0000,0.1034,0.7241,0.928273,0.787000
YZ,0.0000,0.0000,0.1034,0.7931,0.928676,0.785000
YZ,0.0000,0.0000,0.1034,0.8621,0.928944,0.787000
YZ,0.0000,0.0000,0.1034,0.9310,0.929080,0.770000
YZ,0.0000,0.0000,0.1034,1.0000,0.929081,0.785000
YZ,0.0000,0.0000,0.1724,-1.0000,0.807652,0.433000
YZ,0.0000,0.0000,0.1724,-0.9310,0.810684,0.485000
YZ,0.0000,0.0000,0.1724,-0.8621,0.813621,0.499000
YZ,0.0000,0.0000,0.1724,-0.7931,0.816463,0.473000
YZ,0.0000,0.0000,0.1724,-0.7241,0.819211,0.532000
YZ,0.0000,0.0000,0.1724,-0.6552,0.821862,0.500000
YZ,0.0000,0.0000,0.1724,-0.5862,0.824418,0.504000
YZ,0.0000,0.0000,0.1724,-0.5172,0.826877,0.531000
YZ,0.0000,0.0000,0.1724,-0.4483,0.829240,0.524000
YZ,0.0000,0.0000,0.1724,-0.3793,0.831505,0.566000
YZ,0.0000,0.0000,0.1724,-0.3103,0.833673,0.548000
YZ,0.0000,0.0000,0.1724,-0.2414,0.835744,0.554000
YZ,0.0000,0.0000,0.1724,-0.1724,0.837716,0.550000
YZ,0.0000,0.0000,0.1724,-0.1034,0.839591,0.553000
YZ,0.0000,0.0000,0.1724,-0.0345,0.841367,0.554000
YZ,0.0000,0.0000,0.1724,0.0345,0.843045,0.546000
YZ,0.0000,0.0000,0.1724,0.1034,0.844624,0.569000
YZ,0.0000,0.0000,0.1724,0.1724,0.846105,0.576000
YZ,0.0000,0.0000,0.1724,0.2414,0.847487,0.591000
YZ,0.0000,0.0000,0.1724,0.3103,0.848771,0.610000
YZ,0.0000,0.0000,0.1724,0.3793,0.849955,0.584000
YZ,0.0000,0.0000,0.1724,0.4483,0.851041,0.610000
YZ,0.0000,0.0000,0.1724,0.5172,0.852028,0.579000
YZ,0.0000,0.0000,0.1724,0.5862,0.852916,0.610000
YZ,0.0000,0.0000,0.1724,0.6552,0.853706,0.614000
YZ,0.0000,0.0000,0.1724,0.7241,0.854397,0.606000
YZ,0.0000,0.0000,0.1724,0.7931,0.854990,0.624000
YZ,0.0000,0.0000,0.1724,0.8621,0.855484,0.623000
YZ,0.0000,0.0000,0.1724,0.9310,0.855880,0.622000
YZ,0.0000,0.0000,0.1724,1.0000,0.856179,0.643000
YZ,0.0000,0.0000,0.2414,-1.0000,0.766118,0.396000
YZ,0.0000,0.0000,0.2414,-0.9310,0.768664,0.399000
YZ,0.0000,0.0000,0.2414,-0.8621,0.771129,0.419000
YZ,0.0000,0.0000,0.2414,-0.7931,0.773512,0.438000
YZ,0.0000,0.0000,0.2414,-0.7241,0.775814,0.463000
YZ,0.0000,0.0000,0.2414,-0.6552,0.778035,0.467000
YZ,0.0000,0.0000,0.2414,-0.5862,0.780173,0.467000
YZ,0.0000,0.0000,0.2414,-0.5172,0.782230,0.454000
YZ,0.0000,0.0000,0.2414,-0.4483,0.784205,0.446000
YZ,0.0000,0.0000,0.2414,-0.3793,0.786097,0.474000
YZ,0.0000,0.0000,0.2414,-0.3103,0.787907,0.455000
YZ,0.0000,0.0000,0.2414,-0.2414,0.789634,0.502000
YZ,0.0000,0.0000,0.2414,-0.1724,0.791279,0.486000
YZ,0.0000,0.0000,0.2414,-0.1034,0.792842,0.482000
YZ,0.0000,0.0000,0.2414,-0.0345,0.794322,0.496000
YZ,0.0000,0.0000,0.2414,0.0345,0.795720,0.496000
YZ,0.0000,0.0000,0.2414,0.1034,0.797035,0.509000
YZ,0.0000,0.0000,0.2414,0.1724,0.798268,0.501000
YZ,0.0000,0.0000,0.2414,0.2414,0.799418,0.518000
YZ,0.0000,0.0000,0.2414,0.3103,0.800486,0.532000
YZ,0.0000,0.0000,0.2414,0.3793,0.801472,0.523000
YZ,0.0000,0.0000,0.2414,0.4483,0.802376,0.568000
YZ,0.0000,0.0000,0.2414,0.5172,0.803198,0.541000
YZ,0.0000,0.0000,0.2414,0.5862,0.803938,0.549000
YZ,0.0000,0.0000,0.2414,0.6552,0.804597,0.499000
YZ,0.0000,0.0000,0.2414,0.7241,0.805174,0.539000
YZ,0.0000,0.0000,0.2414,0.7931,0.805670,0.534000
YZ,0.0000,0.0000,0.2414,0.8621,0.806086,0.569000
YZ,0.0000,0.0000,0.2414,0.9310,0.806421,0.520000
YZ,0.0000,0.0000,0.2414,1.0000,0.806676,0.531000
YZ,0.0000,0.0000,0.3103,-1.0000,0.749623,0.431000
YZ,0.0000,0.0000,0.3103,-0.9310,0.751954,0.418000
YZ,0.0000,0.0000,0.3103,-0.8621,0.754209,0.424000
YZ,0.0000,0.0000,0.3103,-0.7931,0.756387,0.435000
YZ,0.0000,0.0000,0.3103,-0.7241,0.758488,0.427000
YZ,0.0000,0.0000,0.3103,-0.6552,0.760512,0.432000
YZ,0.0000,0.0000,0.3103,-0.5862,0.762459,0.444000
YZ,0.0000,0.0000,0.3103,-0.5172,0.764329,0.438000
YZ,0.0000,0.0000,0.3103,-0.4483,0.766121,0.459000
YZ,0.0000,0.0000,0.3103,-0.3793,0.767836,0.449000
YZ,0.0000,0.0000,0.3103,-0.3103,0.769474,0.472000
YZ,0.0000,0.0000,0.3103,-0.2414,0.771035,0.475000
YZ,0.0000,0.0000,0.3103,-0.1724,0.772518,0.443000
YZ,0.0000,0.0000,0.3103,-0.1034,0.773924,0.437000
YZ,0.0000,0.0000,0.3103,-0.0345,0.775253,0.473000
YZ,0.0000,0.0000,0.3103,0.0345,0.776505,0.467000
YZ,0.0000,0.0000,0.3103,0.1034,0.777680,0.477000
YZ,0.0000,0.0000,0.3103,0.1724,0.778778,0.478000
YZ,0.0000,0.0000,0.3103,0.2414,0.779799,0.483000
YZ,0.0000,0.0000,0.3103,0.3103,0.780743,0.486000
YZ,0.0000,0.0000,0.3103,0.3793,0.781611,0.482000
YZ,0.0000,0.0000,0.3103,0.4483,0.782403,0.518000
YZ,0.0000,0.0000,0.3103,0.5172,0.783119,0.499000
YZ,0.0000,0.0000,0.3103,0.5862,0.783759,0.495000
YZ,0.0000,0.0000,0.3103,0.6552,0.784323,0.511000
YZ,0.0000,0.0000,0.3103,0.7241,0.784813,0.467000
YZ,0.0000,0.0000,0.3103,0.7931,0.785227,0.526000
YZ,0.0000,0.0000,0.3103,0.8621,0.785566,0.481000
YZ,0.0000,0.0000,0.3103,0.9310,0.785831,0.490000
YZ,0.0000,0.0000,0.3103,1.0000,0.786022,0.517000
YZ,0.0000,0.0000,0.3793,-1.0000,0.750938,0.411000
YZ,0.0000,0.0000,0.3793,-0.9310,0.753297,0.416000
YZ,0.0000,0.0000,0.3793,-0.8621,0.755579,0.424000
YZ,0.0000,0.0000,0.3793,-0.7931,0.757784,0.436000
YZ,0.0000,0.0000,0.3793,-0.7241,0.759913,0.424000
YZ,0.0000,0.0000,0.3793,-0.6552,0.761964,0.446000
YZ,0.0000,0.0000,0.3793,-0.5862,0.763938,0.452000
YZ,0.0000,0.0000,0.3793,-0.5172,0.765836,0.424000
YZ,0.0000,0.0000,0.3793,-0.4483,0.767655,0.457000
YZ,0.0000,0.0000,0.3793,-0.3793,0.769398,0.443000
YZ,0.0000,0.0000,0.3793,-0.3103,0.771063,0.459000
YZ,0.0000,0.0000,0.3793,-0.2414,0.772651,0.459000
YZ,0.0000,0.0000,0.3793,-0.1724,0.774161,0.439000
YZ,0.0000,0.0000,0.3793,-0.1034,0.775594,0.481000
YZ,0.0000,0.0000,0.3793,-0.0345,0.776950,0.497000
YZ,0.0000,0.0000,0.3793,0.0345,0.778229,0.477000
YZ,0.0000,0.0000,0.3793,0.1034,0.779431,0.480000
YZ,0.0000,0.0000,0.3793,0.1724,0.780555,0.495000
YZ,0.0000,0.0000,0.3793,0.2414,0.781603,0.505000
YZ,0.0000,0.0000,0.3793,0.3103,0.782574,0.484000
YZ,0.0000,0.0000,0.3793,0.3793,0.783468,0.505000
YZ,0.0000,0.0000,0.3793,0.4483,0.784286,0.496000
YZ,0.0000,0.0000,0.3793,0.5172,0.785028,0.489000
YZ,0.0000,0.0000,0.3793,0.5862,0.785694,0.505000
YZ,0.0000,0.0000,0.3793,0.6552,0.786284,0.480000
YZ,0.0000,0.0000,0.3793,0.7241,0.786799,0.515000
YZ,0.0000,0.0000,0.3793,0.7931,0.787238,0.525000
YZ,0.0000,0.0000,0.3793,0.8621,0.787603,0.501000
YZ,0.0000,0.0000,0.3793,0.9310,0.787893,0.508000
YZ,0.0000,0.0000,0.3793,1.0000,0.788108,0.482000
YZ,0.0000,0.0000,0.4483,-1.0000,0.762988,0.403000
YZ,0.0000,0.0000,0.4483,-0.9310,0.765579,0.389000
YZ,0.0000,0.0000,0.4483,-0.8621,0.768093,0.420000
YZ,0.0000,0.0000,0.4483,-0.7931,0.770529,0.429000
YZ,0.0000,0.0000,0.4483,-0.7241,0.772888,0.430000
YZ,0.0000,0.0000,0.4483,-0.6552,0.775169,0.456000
YZ,0.0000,0.0000,0.4483,-0.5862,0.777372,0.442000
YZ,0.0000,0.0000,0.4483,-0.5172,0.779496,0.450000
YZ,0.0000,0.0000,0.4483,-0.4483,0.781542,0.476000
YZ,0.0000,0.0000,0.4483,-0.3793,0.783509,0.443000
YZ,0.0000,0.0000,0.4483,-0.3103,0.785398,0.476000
YZ,0.0000,0.0000,0.4483,-0.2414,0.787208,0.460000
YZ,0.0000,0.0000,0.4483,-0.1724,0.788939,0.467000
YZ,0.0000,0.0000,0.4483,-0.1034,0.790591,0.478000
YZ,0.0000,0.0000,0.4483,-0.0345,0.792164,0.466000
YZ,0.0000,0.0000,0.4483,0.0345,0.793659,0.526000
YZ,0.0000,0.0000,0.4483,0.1034,0.795074,0.500000
YZ,0.0000,0.0000,0.4483,0.1724,0.796410,0.496000
YZ,0.0000,0.0000,0.4483,0.2414,0.797667,0.518000
YZ,0.0000,0.0000,0.4483,0.3103,0.798846,0.497000
YZ,0.0000,0.0000,0.4483,0.3793,0.799945,0.535000
YZ,0.0000,0.0000,0.4483,0.4483,0.800966,0.521000
YZ,0.0000,0.0000,0.4483,0.5172,0.801909,0.512000
YZ,0.0000,0.0000,0.4483,0.5862,0.802773,0.542000
YZ,0.0000,0.0000,0.4483,0.6552,0.803558,0.520000
YZ,0.0000,0.0000,0.4483,0.7241,0.804265,0.509000
YZ,0.0000,0.0000,0.4483,0.7931,0.804895,0.503000
YZ,0.0000,0.0000,0.4483,0.8621,0.805447,0.525000
YZ,0.0000,0.0000,0.4483,0.9310,0.805921,0.537000
YZ,0.0000,0.0000,0.4483,1.0000,0.806318,0.556000
YZ,0.0000,0.0000,0.5172,-1.0000,0.780135,0.394000
YZ,0.0000,0.0000,0.5172,-0.9310,0.783135,0.407000
YZ,0.0000,0.0000,0.5172,-0.8621,0.786060,0.446000
YZ,0.0000,0.0000,0.5172,-0.7931,0.788910,0.433000
YZ,0.0000,0.0000,0.5172,-0.7241,0.791683,0.461000
YZ,0.0000,0.0000,0.5172,-0.6552,0.794379,0.460000
YZ,0.0000,0.0000,0.5172,-0.5862,0.796999,0.443000
YZ,0.0000,0.0000,0.5172,-0.5172,0.799541,0.496000
YZ,0.0000,0.0000,0.5172,-0.4483,0.802006,0.455000
YZ,0.0000,0.0000,0.5172,-0.3793,0.804394,0.487000
YZ,0.0000,0.0000,0.5172,-0.3103,0.806703,0.487000
YZ,0.0000,0.0000,0.5172,-0.2414,0.808934,0.476000
YZ,0.0000,0.0000,0.5172,-0.1724,0.811087,0.492000
YZ,0.0000,0.0000,0.5172,-0.1034,0.813160,0.512000
YZ,0.0000,0.0000,0.5172,-0.0345,0.815155,0.489000
YZ,0.0000,0.0000,0.5172,0.0345,0.817071,0.522000
YZ,0.0000,0.0000,0.5172,0.1034,0.818907,0.529000
YZ,0.0000,0.0000,0.5172,0.1724,0.820665,0.538000
YZ,0.0000,0.0000,0.5172,0.2414,0.822342,0.557000
YZ,0.0000,0.0000,0.5172,0.3103,0.823940,0.547000
YZ,0.0000,0.0000,0.5172,0.3793,0.825459,0.536000
YZ,0.0000,0.0000,0.5172,0.4483,0.826897,0.546000
YZ,0.0000,0.0000,0.5172,0.5172,0.828256,0.525000
YZ,0.0000,0.0000,0.5172,0.5862,0.829535,0.544000
YZ,0.0000,0.0000,0.5172,0.6552,0.830734,0.553000
YZ,0.0000,0.0000,0.5172,0.7241,0.831853,0.554000
YZ,0.0000,0.0000,0.5172,0.7931,0.832892,0.560000
YZ,0.0000,0.0000,0.5172,0.8621,0.833852,0.563000
YZ,0.0000,0.0000,0.5172,0.9310,0.834731,0.552000
YZ,0.0000,0.0000,0.5172,1.0000,0.835531,0.567000
YZ,0.0000,0.0000,0.5862,-1.0000,0.797266,0.416000
YZ,0.0000,0.0000,0.5862,-0.9310,0.800796,0.404000
YZ,0.0000,0.0000,0.5862,-0.8621,0.804256,0.445000
YZ,0.0000,0.0000,0.5862,-0.7931,0.807647,0.432000
YZ,0.0000,0.0000,0.5862,-0.7241,0.810968,0.472000
YZ,0.0000,0.0000,0.5862,-0.6552,0.814218,0.460000
YZ,0.0000,0.0000,0.5862,-0.5862,0.817397,0.478000
YZ,0.0000,0.0000,0.5862,-0.5172,0.820505,0.482000
YZ,0.0000,0.0000,0.5862,-0.4483,0.823541,0.483000
YZ,0.0000,0.0000,0.5862,-0.3793,0.826504,0.516000
YZ,0.0000,0.0000,0.5862,-0.3103,0.829395,0.486000
YZ,0.0000,0.0000,0.5862,-0.2414,0.832212,0.512000
YZ,0.0000,0.0000,0.5862,-0.1724,0.834956,0.512000
YZ,0.0000,0.0000,0.5862,-0.1034,0.837626,0.534000
YZ,0.0000,0.0000,0.5862,-0.0345,0.840221,0.514000
YZ,0.0000,0.0000,0.5862,0.0345,0.842742,0.563000
YZ,0.0000,0.0000,0.5862,0.1034,0.845187,0.551000
YZ,0.0000,0.0000,0.5862,0.1724,0.847557,0.547000
YZ,0.0000,0.0000,0.5862,0.2414,0.849852,0.541000
YZ,0.0000,0.0000,0.5862,0.3103,0.852070,0.568000
YZ,0.0000,0.0000,0.5862,0.3793,0.854212,0.582000
YZ,0.0000,0.0000,0.5862,0.4483,0.856278,0.618000
YZ,0.0000,0.0000,0.5862,0.5172,0.858266,0.589000
YZ,0.0000,0.0000,0.5862,0.5862,0.860178,0.616000
YZ,0.0000,0.0000,0.5862,0.6552,0.862013,0.606000
YZ,0.0000,0.0000,0.5862,0.7241,0.863770,0.607000
YZ,0.0000,0.0000,0.5862,0.7931,0.865449,0.606000
YZ,0.0000,0.0000,0.5862,0.8621,0.867051,0.619000
YZ,0.0000,0.0000,0.5862,0.9310,0.868575,0.616000
YZ,0.0000,0.0000,0.5862,1.0000,0.870021,0.631000
YZ,0.0000,0.0000,0.6552,-1.0000,0.808553,0.413000
YZ,0.0000,0.0000,0.6552,-0.9310,0.812602,0.419000
YZ,0.0000,0.0000,0.6552,-0.8621,0.816593,0.446000
YZ,0.0000,0.0000,0.6552,-0.7931,0.820525,0.438000
YZ,0.0000,0.0000,0.6552,-0.7241,0.824398,0.471000
YZ,0.0000,0.0000,0.6552,-0.6552,0.828211,0.452000
YZ,0.0000,0.0000,0.6552,-0.5862,0.831963,0.443000
YZ,0.0000,0.0000,0.6552,-0.5172,0.835655,0.502000
YZ,0.0000,0.0000,0.6552,-0.4483,0.839285,0.454000
YZ,0.0000,0.0000,0.6552,-0.3793,0.842853,0.471000
YZ,0.0000,0.0000,0.6552,-0.3103,0.846358,0.474000
YZ,0.0000,0.0000,0.6552,-0.2414,0.849800,0.526000
YZ,0.0000,0.0000,0.6552,-0.1724,0.853179,0.507000
YZ,0.0000,0.0000,0.6552,-0.1034,0.856493,0.536000
YZ,0.0000,0.0000,0.6552,-0.0345,0.859743,0.550000
YZ,0.0000,0.0000,0.6552,0.0345,0.862928,0.577000
YZ,0.0000,0.0000,0.6552,0.1034,0.866047,0.586000
YZ,0.0000,0.0000,0.6552,0.1724,0.869100,0.582000
YZ,0.0000,0.0000,0.6552,0.2414,0.872086,0.585000
YZ,0.0000,0.0000,0.6552,0.3103,0.875006,0.598000
YZ,0.0000,0.0000,0.6552,0.3793,0.877858,0.628000
YZ,0.0000,0.0000,0.6552,0.4483,0.880643,0.619000
YZ,0.0000,0.0000,0.6552,0.5172,0.883360,0.654000
YZ,0.0000,0.0000,0.6552,0.5862,0.886008,0.639000
YZ,0.0000,0.0000,0.6552,0.6552,0.888587,0.663000
YZ,0.0000,0.0000,0.6552,0.7241,0.891097,0.655000
YZ,0.0000,0.0000,0.6552,0.7931,0.893537,0.644000
YZ,0.0000,0.0000,0.6552,0.8621,0.895908,0.649000
YZ,0.0000,0.0000,0.6552,0.9310,0.898208,0.642000
YZ,0.0000,0.0000,0.6552,1.0000,0.900438,0.654000
YZ,0.0000,0.0000,0.7241,-1.0000,0.808059,0.374000
YZ,0.0000,0.0000,0.7241,-0.9310,0.812428,0.372000
YZ,0.0000,0.0000,0.7241,-0.8621,0.816751,0.410000
YZ,0.0000,0.0000,0.7241,-0.7931,0.821029,0.420000
YZ,0.0000,0.0000,0.7241,-0.7241,0.825259,0.426000
YZ,0.0000,0.0000,0.7241,-0.6552,0.829443,0.418000
YZ,0.0000,0.0000,0.7241,-0.5862,0.833579,0.469000
YZ,0.0000,0.0000,0.7241,-0.5172,0.837667,0.449000
YZ,0.0000,0.0000,0.7241,-0.4483,0.841706,0.455000
YZ,0.0000,0.0000,0.7241,-0.3793,0.845696,0.492000
YZ,0.0000,0.0000,0.7241,-0.3103,0.849635,0.501000
YZ,0.0000,0.0000,0.7241,-0.2414,0.853525,0.524000
YZ,0.0000,0.0000,0.7241,-0.1724,0.857363,0.501000
YZ,0.0000,0.0000,0.7241,-0.1034,0.861150,0.514000
YZ,0.0000,0.0000,0.7241,-0.0345,0.864885,0.540000
YZ,0.0000,0.0000,0.7241,0.0345,0.868568,0.567000
YZ,0.0000,0.0000,0.7241,0.1034,0.872197,0.560000
YZ,0.0000,0.0000,0.7241,0.1724,0.875773,0.560000
YZ,0.0000,0.0000,0.7241,0.2414,0.879296,0.582000
YZ,0.0000,0.0000,0.7241,0.3103,0.882764,0.584000
YZ,0.0000,0.0000,0.7241,0.3793,0.886177,0.598000
YZ,0.0000,0.0000,0.7241,0.4483,0.889535,0.604000
YZ,0.0000,0.0000,0.7241,0.5172,0.892836,0.631000
YZ,0.0000,0.0000,0.7241,0.5862,0.896082,0.652000
YZ,0.0000,0.0000,0.7241,0.6552,0.899272,0.671000
YZ,0.0000,0.0000,0.7241,0.7241,0.902404,0.657000
YZ,0.0000,0.0000,0.7241,0.7931,0.905479,0.646000
YZ,0.0000,0.0000,0.7241,0.8621,0.908496,0.681000
YZ,0.0000,0.0000,0.7241,0.9310,0.911454,0.669000
YZ,0.0000,0.0000,0.7241,1.0000,0.914354,0.679000
YZ,0.0000,0.0000,0.7931,-1.0000,0.793092,0.328000
YZ,0.0000,0.0000,0.7931,-0.9310,0.797442,0.363000
YZ,0.0000,0.0000,0.7931,-0.8621,0.801758,0.377000
YZ,0.0000,0.0000,0.7931,-0.7931,0.806038,0.394000
YZ,0.0000,0.0000,0.7931,-0.7241,0.810282,0.375000
YZ,0.0000,0.0000,0.7931,-0.6552,0.814490,0.401000
YZ,0.0000,0.0000,0.7931,-0.5862,0.818662,0.422000
YZ,0.0000,0.0000,0.7931,-0.5172,0.822796,0.438000
YZ,0.0000,0.0000,0.7931,-0.4483,0.826892,0.433000
YZ,0.0000,0.0000,0.7931,-0.3793,0.830950,0.436000
YZ,0.0000,0.0000,0.7931,-0.3103,0.834969,0.435000
YZ,0.0000,0.0000,0.7931,-0.2414,0.838950,0.492000
YZ,0.0000,0.0000,0.7931,-0.1724,0.842890,0.482000
YZ,0.0000,0.0000,0.7931,-0.1034,0.846791,0.487000
YZ,0.0000,0.0000,0.7931,-0.0345,0.850651,0.511000
YZ,0.0000,0.0000,0.7931,0.0345,0.854470,0.493000
YZ,0.0000,0.0000,0.7931,0.1034,0.858248,0.521000
YZ,0.0000,0.0000,0.7931,0.1724,0.861985,0.522000
YZ,0.0000,0.0000,0.7931,0.2414,0.865679,0.547000
YZ,0.0000,0.0000,0.7931,0.3103,0.869330,0.556000
YZ,0.0000,0.0000,0.7931,0.3793,0.872938,0.575000
YZ,0.0000,0.0000,0.7931,0.4483,0.876503,0.541000
YZ,0.0000,0.0000,0.7931,0.5172,0.880024,0.569000
YZ,0.0000,0.0000,0.7931,0.5862,0.883501,0.591000
YZ,0.0000,0.0000,0.7931,0.6552,0.886933,0.602000
YZ,0.0000,0.0000,0.7931,0.7241,0.890320,0.625000
YZ,0.0000,0.0000,0.7931,0.7931,0.893661,0.601000
YZ,0.0000,0.0000,0.7931,0.8621,0.896957,0.656000
YZ,0.0000,0.0000,0.7931,0.9310,0.900207,0.626000
YZ,0.0000,0.0000,0.7931,1.0000,0.903410,0.669000
YZ,0.0000,0.0000,0.8621,-1.0000,0.767221,0.305000
YZ,0.0000,0.0000,0.8621,-0.9310,0.771247,0.298000
YZ,0.0000,0.0000,0.8621,-0.8621,0.775245,0.329000
YZ,0.0000,0.0000,0.8621,-0.7931,0.779215,0.308000
YZ,0.0000,0.0000,0.8621,-0.7241,0.783155,0.326000
YZ,0.0000,0.0000,0.8621,-0.6552,0.787066,0.330000
YZ,0.0000,0.0000,0.8621,-0.5862,0.790947,0.328000
YZ,0.0000,0.0000,0.8621,-0.5172,0.794798,0.333000
YZ,0.0000,0.0000,0.8621,-0.4483,0.798619,0.407000
YZ,0.0000,0.0000,0.8621,-0.3793,0.802409,0.349000
YZ,0.0000,0.0000,0.8621,-0.3103,0.806167,0.369000
YZ,0.0000,0.0000,0.8621,-0.2414,0.809894,0.367000
YZ,0.0000,0.0000,0.8621,-0.1724,0.813589,0.413000
YZ,0.0000,0.0000,0.8621,-0.1034,0.817251,0.457000
YZ,0.0000,0.0000,0.8621,-0.0345,0.820881,0.396000
YZ,0.0000,0.0000,0.8621,0.0345,0.824478,0.426000
YZ,0.0000,0.0000,0.8621,0.1034,0.828041,0.409000
YZ,0.0000,0.0000,0.8621,0.1724,0.831570,0.438000
YZ,0.0000,0.0000,0.8621,0.2414,0.835066,0.478000
YZ,0.0000,0.0000,0.8621,0.3103,0.838527,0.459000
YZ,0.0000,0.0000,0.8621,0.3793,0.841954,0.491000
YZ,0.0000,0.0000,0.8621,0.4483,0.845345,0.518000
YZ,0.0000,0.0000,0.8621,0.5172,0.848701,0.493000
YZ,0.0000,0.0000,0.8621,0.5862,0.852021,0.545000
YZ,0.0000,0.0000,0.8621,0.6552,0.855305,0.510000
YZ,0.0000,0.0000,0.8621,0.7241,0.858553,0.520000
YZ,0.0000,0.0000,0.8621,0.7931,0.861765,0.544000
YZ,0.0000,0.0000,0.8621,0.8621,0.864939,0.546000
YZ,0.0000,0.0000,0.8621,0.9310,0.868076,0.540000
YZ,0.0000,0.0000,0.8621,1.0000,0.871175,0.556000
YZ,0.0000,0.0000,0.9310,-1.0000,0.738787,0.242000
YZ,0.0000,0.0000,0.9310,-0.9310,0.742365,0.252000
YZ,0.0000,0.0000,0.9310,-0.8621,0.745918,0.266000
YZ,0.0000,0.0000,0.9310,-0.7931,0.749446,0.281000
YZ,0.0000,0.0000,0.9310,-0.7241,0.752948,0.290000
YZ,0.0000,0.0000,0.9310,-0.6552,0.756425,0.262000
YZ,0.0000,0.0000,0.9310,-0.5862,0.759875,0.278000
YZ,0.0000,0.0000,0.9310,-0.5172,0.763299,0.307000
YZ,0.0000,0.0000,0.9310,-0.4483,0.766697,0.283000
YZ,0.0000,0.0000,0.9310,-0.3793,0.770067,0.333000
YZ,0.0000,0.0000,0.9310,-0.3103,0.773411,0.322000
YZ,0.0000,0.0000,0.9310,-0.2414,0.776726,0.317000
YZ,0.0000,0.0000,0.9310,-0.1724,0.780014,0.346000
YZ,0.0000,0.0000,0.9310,-0.1034,0.783274,0.311000
YZ,0.0000,0.0000,0.9310,-0.0345,0.786506,0.345000
YZ,0.0000,0.0000,0.9310,0.0345,0.789709,0.360000
YZ,0.0000,0.0000,0.9310,0.1034,0.792883,0.356000
YZ,0.0000,0.0000,0.9310,0.1724,0.796029,0.386000
YZ,0.0000,0.0000,0.9310,0.2414,0.799144,0.363000
YZ,0.0000,0.0000,0.9310,0.3103,0.802231,0.396000
YZ,0.0000,0.0000,0.9310,0.3793,0.805287,0.407000
YZ,0.0000,0.0000,0.9310,0.4483,0.808313,0.388000
YZ,0.0000,0.0000,0.9310,0.5172,0.811309,0.421000
YZ,0.0000,0.0000,0.9310,0.5862,0.814275,0.384000
YZ,0.0000,0.0000,0.9310,0.6552,0.817209,0.408000
YZ,0.0000,0.0000,0.9310,0.7241,0.820113,0.420000
YZ,0.0000,0.0000,0.9310,0.7931,0.822985,0.409000
YZ,0.0000,0.0000,0.9310,0.8621,0.825825,0.454000
YZ,0.0000,0.0000,0.9310,0.9310,0.828634,0.431000
YZ,0.0000,0.0000,0.9310,1.0000,0.831411,0.490000
YZ,0.0000,0.0000,1.0000,-1.0000,0.715864,0.204000
YZ,0.0000,0.0000,1.0000,-0.9310,0.719056,0.229000
YZ,0.0000,0.0000,1.0000,-0.8621,0.722224,0.248000
YZ,0.0000,0.0000,1.0000,-0.7931,0.725368,0.239000
YZ,0.0000,0.0000,1.0000,-0.7241,0.728489,0.249000
YZ,0.0000,0.0000,1.0000,-0.6552,0.731585,0.249000
YZ,0.0000,0.0000,1.0000,-0.5862,0.734657,0.268000
YZ,0.0000,0.0000,1.0000,-0.5172,0.737705,0.247000
YZ,0.0000,0.0000,1.0000,-0.4483,0.740728,0.264000
YZ,0.0000,0.0000,1.0000,-0.3793,0.743726,0.274000
YZ,0.0000,0.0000,1.0000,-0.3103,0.746699,0.314000
YZ,0.0000,0.0000,1.0000,-0.2414,0.749646,0.313000
YZ,0.0000,0.0000,1.0000,-0.1724,0.752568,0.281000
YZ,0.0000,0.0000,1.0000,-0.1034,0.755464,0.304000
YZ,0.0000,0.0000,1.0000,-0.0345,0.758334,0.306000
YZ,0.0000,0.0000,1.0000,0.0345,0.761178,0.314000
YZ,0.0000,0.0000,1.0000,0.1034,0.763995,0.337000
YZ,0.0000,0.0000,1.0000,0.1724,0.766785,0.305000
YZ,0.0000,0.0000,1.0000,0.2414,0.769549,0.371000
YZ,0.0000,0.0000,1.0000,0.3103,0.772286,0.349000
YZ,0.0000,0.0000,1.0000,0.3793,0.774995,0.394000
YZ,0.0000,0.0000,1.0000,0.4483,0.777677,0.354000
YZ,0.0000,0.0000,1.0000,0.5172,0.780332,0.356000
YZ,0.0000,0.0000,1.0000,0.5862,0.782958,0.363000
YZ,0.0000,0.0000,1.0000,0.6552,0.785557,0.388000
YZ,0.0000,0.0000,1.0000,0.7241,0.788127,0.406000
YZ,0.0000,0.0000,1.0000,0.7931,0.790669,0.408000
YZ,0.0000,0.0000,1.0000,0.8621,0.793183,0.418000
YZ,0.0000,0.0000,1.0000,0.9310,0.795668,0.419000
YZ,0.0000,0.0000,1.0000,1.0000,0.798124,0.383000
YZ,0.5000,0.5000,-1.0000,-1.0000,0.389842,0.460000
YZ,0.5000,0.5000,-1.0000,-0.9310,0.392037,0.476000
YZ,0.5000,0.5000,-1.0000,-0.8621,0.394279,0.460000
YZ,0.5000,0.5000,-1.0000,-0.7931,0.396565,0.515000
YZ,0.5000,0.5000,-1.0000,-0.7241,0.398894,0.480000
YZ,0.5000,0.5000,-1.0000,-0.6552,0.401263,0.488000
YZ,0.5000,0.5000,-1.0000,-0.5862,0.403671,0.491000
YZ,0.5000,0.5000,-1.0000,-0.5172,0.406115,0.461000
YZ,0.5000,0.5000,-1.0000,-0.4483,0.408591,0.494000
YZ,0.5000,0.5000,-1.0000,-0.3793,0.411097,0.495000
YZ,0.5000,0.5000,-1.0000,-0.3103,0.413631,0.495000
YZ,0.5000,0.5000,-1.0000,-0.2414,0.416189,0.496000
YZ,0.5000,0.5000,-1.0000,-0.1724,0.418767,0.499000
YZ,0.5000,0.5000,-1.0000,-0.1034,0.421362,0.483000
YZ,0.5000,0.5000,-1.0000,-0.0345,0.423971,0.511000
YZ,0.5000,0.5000,-1.0000,0.0345,0.426590,0.498000
YZ,0.5000,0.5000,-1.0000,0.1034,0.429216,0.490000
YZ,0.5000,0.5000,-1.0000,0.1724,0.431845,0.517000
YZ,0.5000,0.5000,-1.0000,0.2414,0.434473,0.491000
YZ,0.5000,0.5000,-1.0000,0.3103,0.437097,0.461000
YZ,0.5000,0.5000,-1.0000,0.3793,0.439713,0.465000
YZ,0.5000,0.5000,-1.0000,0.4483,0.442318,0.450000
YZ,0.5000,0.5000,-1.0000,0.5172,0.444907,0.441000
YZ,0.5000,0.5000,-1.0000,0.5862,0.447479,0.458000
YZ,0.5000,0.5000,-1.0000,0.6552,0.450028,0.455000
YZ,0.5000,0.5000,-1.0000,0.7241,0.452553,0.450000
YZ,0.5000,0.5000,-1.0000,0.7931,0.455049,0.415000
YZ,0.5000,0.5000,-1.0000,0.8621,0.457514,0.414000
YZ,0.5000,0.5000,-1.0000,0.9310,0.459944,0.445000
YZ,0.5000,0.5000,-1.0000,1.0000,0.462338,0.391000
YZ,0.5000,0.5000,-0.9310,-1.0000,0.385301,0.296000
YZ,0.5000,0.5000,-0.9310,-0.9310,0.386785,0.319000
YZ,0.5000,0.5000,-0.9310,-0.8621,0.388309,0.308000
YZ,0.5000,0.5000,-0.9310,-0.7931,0.389873,0.335000
YZ,0.5000,0.5000,-0.9310,-0.7241,0.391477,0.316000
YZ,0.5000,0.5000,-0.9310,-0.6552,0.393121,0.316000
YZ,0.5000,0.5000,-0.9310,-0.5862,0.394805,0.304000
YZ,0.5000,0.5000,-0.9310,-0.5172,0.396529,0.332000
YZ,0.5000,0.5000,-0.9310,-0.4483,0.398292,0.329000
YZ,0.5000,0.5000,-0.9310,-0.3793,0.400094,0.345000
YZ,0.5000,0.5000,-0.9310,-0.3103,0.401935,0.333000
YZ,0.5000,0.5000,-0.9310,-0.2414,0.403815,0.349000
YZ,0.5000,0.5000,-0.9310,-0.1724,0.405733,0.345000
YZ,0.5000,0.5000,-0.9310,-0.1034,0.407690,0.361000
YZ,0.5000,0.5000,-0.9310,-0.0345,0.409684,0.382000
YZ,0.5000,0.5000,-0.9310,0.0345,0.411715,0.335000
YZ,0.5000,0.5000,-0.9310,0.1034,0.413782,0.347000
YZ,0.5000,0.5000,-0.9310,0.1724,0.415885,0.360000
YZ,0.5000,0.5000,-0.9310,0.2414,0.418024,0.324000
YZ,0.5000,0.5000,-0.9310,0.3103,0.420196,0.357000
YZ,0.5000,0.5000,-0.9310,0.3793,0.422402,0.364000
YZ,0.5000,0.5000,-0.9310,0.4483,0.424641,0.340000
YZ,0.5000,0.5000,-0.9310,0.5172,0.426911,0.366000
YZ,0.5000,0.5000,-0.9310,0.5862,0.429212,0.330000
YZ,0.5000,0.5000,-0.9310,0.6552,0.431541,0.403000
YZ,0.5000,0.5000,-0.9310,0.7241,0.433899,0.385000
YZ,0.5000,0.5000,-0.9310,0.7931,0.436284,0.384000
YZ,0.5000,0.5000,-0.9310,0.8621,0.438694,0.385000
YZ,0.5000,0.5000,-0.9310,0.9310,0.441128,0.367000
YZ,0.5000,0.5000,-0.9310,1.0000,0.443585,0.380000
YZ,0.5000,0.5000,-0.8621,-1.0000,0.424119,0.318000
YZ,0.5000,0.5000,-0.8621,-0.9310,0.425889,0.300000
YZ,0.5000,0.5000,-0.8621,-0.8621,0.427741,0.295000
YZ,0.5000,0.5000,-0.8621,-0.7931,0.429675,0.309000
YZ,0.5000,0.5000,-0.8621,-0.7241,0.431687,0.311000
YZ,0.5000,0.5000,-0.8621,-0.6552,0.433777,0.324000
YZ,0.5000,0.5000,-0.8621,-0.5862,0.435943,0.298000
YZ,0.5000,0.5000,-0.8621,-0.5172,0.438183,0.319000
YZ,0.5000,0.5000,-0.8621,-0.4483,0.440495,0.326000
YZ,0.5000,0.5000,-0.8621,-0.3793,0.442878,0.341000
YZ,0.5000,0.5000,-0.8621,-0.3103,0.445329,0.320000
YZ,0.5000,0.5000,-0.8621,-0.2414,0.447846,0.311000
YZ,0.5000,0.5000,-0.8621,-0.1724,0.450427,0.341000
YZ,0.5000,0.5000,-0.8621,-0.1034,0.453071,0.329000
YZ,0.5000,0.5000,-0.8621,-0.0345,0.455775,0.327000
YZ,0.5000,0.5000,-0.8621,0.0345,0.458536,0.312000
YZ,0.5000,0.5000,-0.8621,0.1034,0.461354,0.314000
YZ,0.5000,0.5000,-0.8621,0.1724,0.464225,0.335000
YZ,0.5000,0.5000,-0.8621,0.2414,0.467148,0.343000
YZ,0.5000,0.5000,-0.8621,0.3103,0.470120,0.348000
YZ,0.5000,0.5000,-0.8621,0.3793,0.473139,0.327000
YZ,0.5000,0.5000,-0.8621,0.4483,0.476204,0.313000
YZ,0.5000,0.5000,-0.8621,0.5172,0.479312,0.334000
YZ,0.5000,0.5000,-0.8621,0.5862,0.482462,0.296000
YZ,0.5000,0.5000,-0.8621,0.6552,0.485650,0.319000
YZ,0.5000,0.5000,-0.8621,0.7241,0.488876,0.323000
YZ,0.5000,0.5000,-0.8621,0.7931,0.492137,0.320000
YZ,0.5000,0.5000,-0.8621,0.8621,0.495432,0.357000
YZ,0.5000,0.5000,-0.8621,0.9310,0.498758,0.336000
YZ,0.5000,0.5000,-0.8621,1.0000,0.502113,0.347000
YZ,0.5000,0.5000,-0.7931,-1.0000,0.495240,0.073000
YZ,0.5000,0.5000,-0.7931,-0.9310,0.494935,0.066000
YZ,0.5000,0.5000,-0.7931,-0.8621,0.494578,0.068000
YZ,0.5000,0.5000,-0.7931,-0.7931,0.494169,0.076000
YZ,0.5000,0.5000,-0.7931,-0.7241,0.493707,0.080000
YZ,0.5000,0.5000,-0.7931,-0.6552,0.493194,0.070000
YZ,0.5000,0.5000,-0.7931,-0.5862,0.492631,0.065000
YZ,0.5000,0.5000,-0.7931,-0.5172,0.492019,0.072000
YZ,0.5000,0.5000,-0.7931,-0.4483,0.491360,0.056000
YZ,0.5000,0.5000,-0.7931,-0.3793,0.490658,0.074000
YZ,0.5000,0.5000,-0.7931,-0.3103,0.489915,0.052000
YZ,0.5000,0.5000,-0.7931,-0.2414,0.489135,0.055000
YZ,0.5000,0.5000,-0.7931,-0.1724,0.488321,0.053000
YZ,0.5000,0.5000,-0.7931,-0.1034,0.487478,0.060000
YZ,0.5000,0.5000,-0.7931,-0.0345,0.486609,0.054000
YZ,0.5000,0.5000,-0.7931,0.0345,0.485719,0.059000
YZ,0.5000,0.5000,-0.7931,0.1034,0.484812,0.052000
YZ,0.5000,0.5000,-0.7931,0.1724,0.483893,0.052000
YZ,0.5000,0.5000,-0.7931,0.2414,0.482964,0.052000
YZ,0.5000,0.5000,-0.7931,0.3103,0.482031,0.041000
YZ,0.5000,0.5000,-0.7931,0.3793,0.481097,0.056000
YZ,0.5000,0.5000,-0.7931,0.4483,0.480166,0.059000
YZ,0.5000,0.5000,-0.7931,0.5172,0.479240,0.036000
YZ,0.5000,0.5000,-0.7931,0.5862,0.478323,0.048000
YZ,0.5000,0.5000,-0.7931,0.6552,0.477419,0.035000
YZ,0.5000,0.5000,-0.7931,0.7241,0.476528,0.034000
YZ,0.5000,0.5000,-0.7931,0.7931,0.475654,0.037000
YZ,0.5000,0.5000,-0.7931,0.8621,0.474799,0.033000
YZ,0.5000,0.5000,-0.7931,0.9310,0.473963,0.036000
YZ,0.5000,0.5000,-0.7931,1.0000,0.473149,0.046000
YZ,0.5000,0.5000,-0.7241,-1.0000,0.472209,0.090000
YZ,0.5000,0.5000,-0.7241,-0.9310,0.469296,0.098000
YZ,0.5000,0.5000,-0.7241,-0.8621,0.466346,0.086000
YZ,0.5000,0.5000,-0.7241,-0.7931,0.463368,0.102000
YZ,0.5000,0.5000,-0.7241,-0.7241,0.460365,0.092000
YZ,0.5000,0.5000,-0.7241,-0.6552,0.457348,0.091000
YZ,0.5000,0.5000,-0.7241,-0.5862,0.454323,0.111000
YZ,0.5000,0.5000,-0.7241,-0.5172,0.451302,0.106000
YZ,0.5000,0.5000,-0.7241,-0.4483,0.448297,0.126000
YZ,0.5000,0.5000,-0.7241,-0.3793,0.445323,0.108000
YZ,0.5000,0.5000,-0.7241,-0.3103,0.442396,0.121000
YZ,0.5000,0.5000,-0.7241,-0.2414,0.439538,0.119000
YZ,0.5000,0.5000,-0.7241,-0.1724,0.436774,0.125000
YZ,0.5000,0.5000,-0.7241,-0.1034,0.434131,0.127000
YZ,0.5000,0.5000,-0.7241,-0.0345,0.431644,0.125000
YZ,0.5000,0.5000,-0.7241,0.0345,0.429346,0.121000
YZ,0.5000,0.5000,-0.7241,0.1034,0.427272,0.142000
YZ,0.5000,0.5000,-0.7241,0.1724,0.425451,0.147000
YZ,0.5000,0.5000,-0.7241,0.2414,0.423903,0.151000
YZ,0.5000,0.5000,-0.7241,0.3103,0.422632,0.155000
YZ,0.5000,0.5000,-0.7241,0.3793,0.421631,0.133000
YZ,0.5000,0.5000,-0.7241,0.4483,0.420879,0.173000
YZ,0.5000,0.5000,-0.7241,0.5172,0.420349,0.152000
YZ,0.5000,0.5000,-0.7241,0.5862,0.420013,0.161000
YZ,0.5000,0.5000,-0.7241,0.6552,0.419844,0.185000
YZ,0.5000,0.5000,-0.7241,0.7241,0.419817,0.171000
YZ,0.5000,0.5000,-0.7241,0.7931,0.419911,0.197000
YZ,0.5000,0.5000,-0.7241,0.8621,0.420110,0.189000
YZ,0.5000,0.5000,-0.7241,0.9310,0.420398,0.157000
YZ,0.5000,0.5000,-0.7241,1.0000,0.420764,0.210000
YZ,0.5000,0.5000,-0.6552,-1.0000,0.420091,0.195000
YZ,0.5000,0.5000,-0.6552,-0.9310,0.419861,0.205000
YZ,0.5000,0.5000,-0.6552,-0.8621,0.419628,0.217000
YZ,0.5000,0.5000,-0.6552,-0.7931,0.419392,0.236000
YZ,0.5000,0.5000,-0.6552,-0.7241,0.419152,0.252000
YZ,0.5000,0.5000,-0.6552,-0.6552,0.418910,0.242000
YZ,0.5000,0.5000,-0.6552,-0.5862,0.418664,0.256000
YZ,0.5000,0.5000,-0.6552,-0.5172,0.418415,0.243000
YZ,0.5000,0.5000,-0.6552,-0.4483,0.418164,0.242000
YZ,0.5000,0.5000,-0.6552,-0.3793,0.417910,0.287000
YZ,0.5000,0.5000,-0.6552,-0.3103,0.417655,0.246000
YZ,0.5000,0.5000,-0.6552,-0.2414,0.417398,0.259000
YZ,0.5000,0.5000,-0.6552,-0.1724,0.417140,0.260000
YZ,0.5000,0.5000,-0.6552,-0.1034,0.416882,0.287000
YZ,0.5000,0.5000,-0.6552,-0.0345,0.416623,0.255000
YZ,0.5000,0.5000,-0.6552,0.0345,0.416365,0.267000
YZ,0.5000,0.5000,-0.6552,0.1034,0.416108,0.286000
YZ,0.5000,0.5000,-0.6552,0.1724,0.415852,0.269000
YZ,0.5000,0.5000,-0.6552,0.2414,0.415599,0.271000
YZ,0.5000,0.5000,-0.6552,0.3103,0.415347,0.282000
YZ,0.5000,0.5000,-0.6552,0.3793,0.415099,0.273000
YZ,0.5000,0.5000,-0.6552,0.4483,0.414855,0.286000
YZ,0.5000,0.5000,-0.6552,0.5172,0.414614,0.294000
YZ,0.5000,0.5000,-0.6552,0.5862,0.414378,0.281000
YZ,0.5000,0.5000,-0.6552,0.6552,0.414148,0.305000
YZ,0.5000,0.5000,-0.6552,0.7241,0.413923,0.270000
YZ,0.5000,0.5000,-0.6552,0.7931,0.413704,0.304000
YZ,0.5000,0.5000,-0.6552,0.8621,0.413492,0.281000
YZ,0.5000,0.5000,-0.6552,0.9310,0.413288,0.274000
YZ,0.5000,0.5000,-0.6552,1.0000,0.413091,0.305000
YZ,0.5000,0.5000,-0.5862,-1.0000,0.431709,0.200000
YZ,0.5000,0.5000,-0.5862,-0.9310,0.431861,0.199000
YZ,0.5000,0.5000,-0.5862,-0.8621,0.432038,0.188000
YZ,0.5000,0.5000,-0.5862,-0.7931,0.432240,0.192000
YZ,0.5000,0.5000,-0.5862,-0.7241,0.432468,0.196000
YZ,0.5000,0.5000,-0.5862,-0.6552,0.432721,0.174000
YZ,0.5000,0.5000,-0.5862,-0.5862,0.433002,0.195000
YZ,0.5000,0.5000,-0.5862,-0.5172,0.433310,0.205000
YZ,0.5000,0.5000,-0.5862,-0.4483,0.433645,0.188000
YZ,0.5000,0.5000,-0.5862,-0.3793,0.434007,0.185000
YZ,0.5000,0.5000,-0.5862,-0.3103,0.434398,0.178000
YZ,0.5000,0.5000,-0.5862,-0.2414,0.434815,0.222000
YZ,0.5000,0.5000,-0.5862,-0.1724,0.435260,0.177000
YZ,0.5000,0.5000,-0.5862,-0.1034,0.435732,0.181000
YZ,0.5000,0.5000,-0.5862,-0.0345,0.436229,0.197000
YZ,0.5000,0.5000,-0.5862,0.0345,0.436752,0.185000
YZ,0.5000,0.5000,-0.5862,0.1034,0.437300,0.177000
YZ,0.5000,0.5000,-0.5862,0.1724,0.437872,0.203000
YZ,0.5000,0.5000,-0.5862,0.2414,0.438466,0.172000
YZ,0.5000,0.5000,-0.5862,0.3103,0.439082,0.172000
YZ,0.5000,0.5000,-0.5862,0.3793,0.439718,0.162000
YZ,0.5000,0.5000,-0.5862,0.4483,0.440373,0.206000
YZ,0.5000,0.5000,-0.5862,0.5172,0.441046,0.175000
YZ,0.5000,0.5000,-0.5862,0.5862,0.441734,0.148000
YZ,0.5000,0.5000,-0.5862,0.6552,0.442437,0.131000
YZ,0.5000,0.5000,-0.5862,0.7241,0.443154,0.166000
YZ,0.5000,0.5000,-0.5862,0.7931,0.443881,0.136000
YZ,0.5000,0.5000,-0.5862,0.8621,0.444619,0.136000
YZ,0.5000,0.5000,-0.5862,0.9310,0.445364,0.152000
YZ,0.5000,0.5000,-0.5862,1.0000,0.446116,0.129000
YZ,0.5000,0.5000,-0.5172,-1.0000,0.456542,0.128000
YZ,0.5000,0.5000,-0.5172,-0.9310,0.457428,0.122000
YZ,0.5000,0.5000,-0.5172,-0.8621,0.458338,0.126000
YZ,0.5000,0.5000,-0.5172,-0.7931,0.459268,0.118000
YZ,0.5000,0.5000,-0.5172,-0.7241,0.460217,0.115000
YZ,0.5000,0.5000,-0.5172,-0.6552,0.461180,0.122000
YZ,0.5000,0.5000,-0.5172,-0.5862,0.462157,0.125000
YZ,0.5000,0.5000,-0.5172,-0.5172,0.463143,0.114000
YZ,0.5000,0.5000,-0.5172,-0.4483,0.464136,0.094000
YZ,0.5000,0.5000,-0.5172,-0.3793,0.465134,0.127000
YZ,0.5000,0.5000,-0.5172,-0.3103,0.466134,0.106000
YZ,0.5000,0.5000,-0.5172,-0.2414,0.467133,0.098000
YZ,0.5000,0.5000,-0.5172,-0.1724,0.468128,0.113000
YZ,0.5000,0.5000,-0.5172,-0.1034,0.469117,0.097000
YZ,0.5000,0.5000,-0.5172,-0.0345,0.470098,0.107000
YZ,0.5000,0.5000,-0.5172,0.0345,0.471068,0.085000
YZ,0.5000,0.5000,-0.5172,0.1034,0.472025,0.100000
YZ,0.5000,0.5000,-0.5172,0.1724,0.472967,0.090000
YZ,0.5000,0.5000,-0.5172,0.2414,0.473891,0.093000
YZ,0.5000,0.5000,-0.5172,0.3103,0.474798,0.104000
YZ,0.5000,0.5000,-0.5172,0.3793,0.475684,0.087000
YZ,0.5000,0.5000,-0.5172,0.4483,0.476548,0.114000
YZ,0.5000,0.5000,-0.5172,0.5172,0.477390,0.118000
YZ,0.5000,0.5000,-0.5172,0.5862,0.478208,0.098000
YZ,0.5000,0.5000,-0.5172,0.6552,0.479001,0.104000
YZ,0.5000,0.5000,-0.5172,0.7241,0.479769,0.109000
YZ,0.5000,0.5000,-0.5172,0.7931,0.480511,0.104000
YZ,0.5000,0.5000,-0.5172,0.8621,0.481227,0.107000
YZ,0.5000,0.5000,-0.5172,0.9310,0.481917,0.094000
YZ,0.5000,0.5000,-0.5172,1.0000,0.482581,0.108000
YZ,0.5000,0.5000,-0.4483,-1.0000,0.480153,0.081000
YZ,0.5000,0.5000,-0.4483,-0.9310,0.481269,0.077000
YZ,0.5000,0.5000,-0.4483,-0.8621,0.482363,0.077000
YZ,0.5000,0.5000,-0.4483,-0.7931,0.483432,0.048000
YZ,0.5000,0.5000,-0.4483,-0.7241,0.484471,0.074000
YZ,0.5000,0.5000,-0.4483,-0.6552,0.485478,0.071000
YZ,0.5000,0.5000,-0.4483,-0.5862,0.486449,0.060000
YZ,0.5000,0.5000,-0.4483,-0.5172,0.487382,0.071000
YZ,0.5000,0.5000,-0.4483,-0.4483,0.488274,0.078000
YZ,0.5000,0.5000,-0.4483,-0.3793,0.489123,0.080000
YZ,0.5000,0.5000,-0.4483,-0.3103,0.489927,0.064000
YZ,0.5000,0.5000,-0.4483,-0.2414,0.490686,0.067000
YZ,0.5000,0.5000,-0.4483,-0.1724,0.491397,0.052000
YZ,0.5000,0.5000,-0.4483,-0.1034,0.492060,0.072000
YZ,0.5000,0.5000,-0.4483,-0.0345,0.492676,0.071000
YZ,0.5000,0.5000,-0.4483,0.0345,0.493243,0.085000
YZ,0.5000,0.5000,-0.4483,0.1034,0.493762,0.054000
YZ,0.5000,0.5000,-0.4483,0.1724,0.494234,0.075000
YZ,0.5000,0.5000,-0.4483,0.2414,0.494660,0.091000
YZ,0.5000,0.5000,-0.4483,0.3103,0.495040,0.086000
YZ,0.5000,0.5000,-0.4483,0.3793,0.495377,0.107000
YZ,0.5000,0.5000,-0.4483,0.4483,0.495671,0.085000
YZ,0.5000,0.5000,-0.4483,0.5172,0.495925,0.090000
YZ,0.5000,0.5000,-0.4483,0.5862,0.496141,0.120000
YZ,0.5000,0.5000,-0.4483,0.6552,0.496321,0.107000
YZ,0.5000,0.5000,-0.4483,0.7241,0.496467,0.104000
YZ,0.5000,0.5000,-0.4483,0.7931,0.496581,0.127000
YZ,0.5000,0.5000,-0.4483,0.8621,0.496667,0.116000
YZ,0.5000,0.5000,-0.4483,0.9310,0.496727,0.129000
YZ,0.5000,0.5000,-0.4483,1.0000,0.496763,0.147000
YZ,0.5000,0.5000,-0.3793,-1.0000,0.500985,0.036000
YZ,0.5000,0.5000,-0.3793,-0.9310,0.502491,0.041000
YZ,0.5000,0.5000,-0.3793,-0.8621,0.503955,0.032000
YZ,0.5000,0.5000,-0.3793,-0.7931,0.505373,0.053000
YZ,0.5000,0.5000,-0.3793,-0.7241,0.506742,0.048000
YZ,0.5000,0.5000,-0.3793,-0.6552,0.508058,0.045000
YZ,0.5000,0.5000,-0.3793,-0.5862,0.509319,0.042000
YZ,0.5000,0.5000,-0.3793,-0.5172,0.510524,0.052000
YZ,0.5000,0.5000,-0.3793,-0.4483,0.511670,0.045000
YZ,0.5000,0.5000,-0.3793,-0.3793,0.512758,0.042000
YZ,0.5000,0.5000,-0.3793,-0.3103,0.513785,0.068000
YZ,0.5000,0.5000,-0.3793,-0.2414,0.514752,0.050000
YZ,0.5000,0.5000,-0.3793,-0.1724,0.515659,0.047000
YZ,0.5000,0.5000,-0.3793,-0.1034,0.516507,0.063000
YZ,0.5000,0.5000,-0.3793,-0.0345,0.517296,0.057000
YZ,0.5000,0.5000,-0.3793,0.0345,0.518027,0.076000
YZ,0.5000,0.5000,-0.3793,0.1034,0.518702,0.076000
YZ,0.5000,0.5000,-0.3793,0.1724,0.519323,0.094000
YZ,0.5000,0.5000,-0.3793,0.2414,0.519891,0.083000
YZ,0.5000,0.5000,-0.3793,0.3103,0.520409,0.075000
YZ,0.5000,0.5000,-0.3793,0.3793,0.520878,0.080000
YZ,0.5000,0.5000,-0.3793,0.4483,0.521303,0.094000
YZ,0.5000,0.5000,-0.3793,0.5172,0.521684,0.102000
YZ,0.5000,0.5000,-0.3793,0.5862,0.522024,0.096000
YZ,0.5000,0.5000,-0.3793,0.6552,0.522328,0.108000
YZ,0.5000,0.5000,-0.3793,0.7241,0.522596,0.100000
YZ,0.5000,0.5000,-0.3793,0.7931,0.522832,0.124000
YZ,0.5000,0.5000,-0.3793,0.8621,0.523039,0.111000
YZ,0.5000,0.5000,-0.3793,0.9310,0.523220,0.149000
YZ,0.5000,0.5000,-0.3793,1.0000,0.523376,0.153000
YZ,0.5000,0.5000,-0.3103,-1.0000,0.516791,0.018000
YZ,0.5000,0.5000,-0.3103,-0.9310,0.518997,0.010000
YZ,0.5000,0.5000,-0.3103,-0.8621,0.521153,0.020000
YZ,0.5000,0.5000,-0.3103,-0.7931,0.523252,0.019000
YZ,0.5000,0.5000,-0.3103,-0.7241,0.525290,0.014000
YZ,0.5000,0.5000,-0.3103,-0.6552,0.527264,0.023000
YZ,0.5000,0.5000,-0.3103,-0.5862,0.529169,0.012000
YZ,0.5000,0.5000,-0.3103,-0.5172,0.531004,0.017000
YZ,0.5000,0.5000,-0.3103,-0.4483,0.532764,0.024000
YZ,0.5000,0.5000,-0.3103,-0.3793,0.534448,0.023000
YZ,0.5000,0.5000,-0.3103,-0.3103,0.536053,0.033000
YZ,0.5000,0.5000,-0.3103,-0.2414,0.537579,0.027000
YZ,0.5000,0.5000,-0.3103,-0.1724,0.539022,0.039000
YZ,0.5000,0.5000,-0.3103,-0.1034,0.540383,0.039000
YZ,0.5000,0.5000,-0.3103,-0.0345,0.541661,0.050000
YZ,0.5000,0.5000,-0.3103,0.0345,0.542856,0.040000
YZ,0.5000,0.5000,-0.3103,0.1034,0.543966,0.046000
YZ,0.5000,0.5000,-0.3103,0.1724,0.544993,0.050000
YZ,0.5000,0.5000,-0.3103,0.2414,0.545937,0.055000
YZ,0.5000,0.5000,-0.3103,0.3103,0.546799,0.065000
YZ,0.5000,0.5000,-0.3103,0.3793,0.547580,0.071000
YZ,0.5000,0.5000,-0.3103,0.4483,0.548280,0.077000
YZ,0.5000,0.5000,-0.3103,0.5172,0.548901,0.070000
YZ,0.5000,0.5000,-0.3103,0.5862,0.549445,0.077000
YZ,0.5000,0.5000,-0.3103,0.6552,0.549913,0.081000
YZ,0.5000,0.5000,-0.3103,0.7241,0.550307,0.091000
YZ,0.5000,0.5000,-0.3103,0.7931,0.550630,0.093000
YZ,0.5000,0.5000,-0.3103,0.8621,0.550883,0.109000
YZ,0.5000,0.5000,-0.3103,0.9310,0.551068,0.114000
YZ,0.5000,0.5000,-0.3103,1.0000,0.551187,0.123000
YZ,0.5000,0.5000,-0.2414,-1.0000,0.525639,0.005000
YZ,0.5000,0.5000,-0.2414,-0.9310,0.528601,0.002000
YZ,0.5000,0.5000,-0.2414,-0.8621,0.531515,0.003000
YZ,0.5000,0.5000,-0.2414,-0.7931,0.534375,0.003000
YZ,0.5000,0.5000,-0.2414,-0.7241,0.537177,0.002000
YZ,0.5000,0.5000,-0.2414,-0.6552,0.539917,0.005000
YZ,0.5000,0.5000,-0.2414,-0.5862,0.542591,0.009000
YZ,0.5000,0.5000,-0.2414,-0.5172,0.545195,0.005000
YZ,0.5000,0.5000,-0.2414,-0.4483,0.547726,0.013000
YZ,0.5000,0.5000,-0.2414,-0.3793,0.550179,0.018000
YZ,0.5000,0.5000,-0.2414,-0.3103,0.552552,0.011000
YZ,0.5000,0.5000,-0.2414,-0.2414,0.554841,0.011000
YZ,0.5000,0.5000,-0.2414,-0.1724,0.557045,0.018000
YZ,0.5000,0.5000,-0.2414,-0.1034,0.559159,0.018000
YZ,0.5000,0.5000,-0.2414,-0.0345,0.561183,0.009000
YZ,0.5000,0.5000,-0.2414,0.0345,0.563114,0.021000
YZ,0.5000,0.5000,-0.2414,0.1034,0.564950,0.022000
YZ,0.5000,0.5000,-0.2414,0.1724,0.566690,0.018000
YZ,0.5000,0.5000,-0.2414,0.2414,0.568333,0.025000
YZ,0.5000,0.5000,-0.2414,0.3103,0.569876,0.030000
YZ,0.5000,0.5000,-0.2414,0.3793,0.571321,0.026000
YZ,0.5000,0.5000,-0.2414,0.4483,0.572665,0.031000
YZ,0.5000,0.5000,-0.2414,0.5172,0.573909,0.036000
YZ,0.5000,0.5000,-0.2414,0.5862,0.575052,0.024000
YZ,0.5000,0.5000,-0.2414,0.6552,0.576095,0.057000
YZ,0.5000,0.5000,-0.2414,0.7241,0.577037,0.054000
YZ,0.5000,0.5000,-0.2414,0.7931,0.577880,0.038000
YZ,0.5000,0.5000,-0.2414,0.8621,0.578625,0.039000
YZ,0.5000,0.5000,-0.2414,0.9310,0.579271,0.054000
YZ,0.5000,0.5000,-0.2414,1.0000,0.579820,0.064000
YZ,0.5000,0.5000,-0.1724,-1.0000,0.542851,0.004000
YZ,0.5000,0.5000,-0.1724,-0.9310,0.545005,0.006000
YZ,0.5000,0.5000,-0.1724,-0.8621,0.547247,0.008000
YZ,0.5000,0.5000,-0.1724,-0.7931,0.549557,0.014000
YZ,0.5000,0.5000,-0.1724,-0.7241,0.551917,0.016000
YZ,0.5000,0.5000,-0.1724,-0.6552,0.554313,0.014000
YZ,0.5000,0.5000,-0.1724,-0.5862,0.556729,0.018000
YZ,0.5000,0.5000,-0.1724,-0.5172,0.559155,0.017000
YZ,0.5000,0.5000,-0.1724,-0.4483,0.561577,0.018000
YZ,0.5000,0.5000,-0.1724,-0.3793,0.563988,0.022000
YZ,0.5000,0.5000,-0.1724,-0.3103,0.566377,0.020000
YZ,0.5000,0.5000,-0.1724,-0.2414,0.568736,0.024000
YZ,0.5000,0.5000,-0.1724,-0.1724,0.571058,0.023000
YZ,0.5000,0.5000,-0.1724,-0.1034,0.573335,0.017000
YZ,0.5000,0.5000,-0.1724,-0.0345,0.575563,0.033000
YZ,0.5000,0.5000,-0.1724,0.0345,0.577734,0.024000
YZ,0.5000,0.5000,-0.1724,0.1034,0.579844,0.016000
YZ,0.5000,0.5000,-0.1724,0.1724,0.581887,0.030000
YZ,0.5000,0.5000,-0.1724,0.2414,0.583860,0.023000
YZ,0.5000,0.5000,-0.1724,0.3103,0.585758,0.030000
YZ,0.5000,0.5000,-0.1724,0.3793,0.587578,0.025000
YZ,0.5000,0.5000,-0.1724,0.4483,0.589316,0.040000
YZ,0.5000,0.5000,-0.1724,0.5172,0.590969,0.033000
YZ,0.5000,0.5000,-0.1724,0.5862,0.592535,0.039000
YZ,0.5000,0.5000,-0.1724,0.6552,0.594011,0.036000
YZ,0.5000,0.5000,-0.1724,0.7241,0.595395,0.041000
YZ,0.5000,0.5000,-0.1724,0.7931,0.596685,0.041000
YZ,0.5000,0.5000,-0.1724,0.8621,0.597879,0.044000
YZ,0.5000,0.5000,-0.1724,0.9310,0.598976,0.040000
YZ,0.5000,0.5000,-0.1724,1.0000,0.599974,0.049000
YZ,0.5000,0.5000,-0.1034,-1.0000,0.581841,0.028000
YZ,0.5000,0.5000,-0.1034,-0.9310,0.582622,0.024000
YZ,0.5000,0.5000,-0.1034,-0.8621,0.583466,0.033000
YZ,0.5000,0.5000,-0.1034,-0.7931,0.584371,0.026000
YZ,0.5000,0.5000,-0.1034,-0.7241,0.585333,0.024000
YZ,0.5000,0.5000,-0.1034,-0.6552,0.586348,0.030000
YZ,0.5000,0.5000,-0.1034,-0.5862,0.587413,0.036000
YZ,0.5000,0.5000,-0.1034,-0.5172,0.588524,0.037000
YZ,0.5000,0.5000,-0.1034,-0.4483,0.589675,0.036000
YZ,0.5000,0.5000,-0.1034,-0.3793,0.590863,0.041000
YZ,0.5000,0.5000,-0.1034,-0.3103,0.592081,0.037000
YZ,0.5000,0.5000,-0.1034,-0.2414,0.593325,0.026000
YZ,0.5000,0.5000,-0.1034,-0.1724,0.594590,0.044000
YZ,0.5000,0.5000,-0.1034,-0.1034,0.595871,0.042000
YZ,0.5000,0.5000,-0.1034,-0.0345,0.597162,0.046000
YZ,0.5000,0.5000,-0.1034,0.0345,0.598459,0.045000
YZ,0.5000,0.5000,-0.1034,0.1034,0.599756,0.045000
YZ,0.5000,0.5000,-0.1034,0.1724,0.601048,0.062000
YZ,0.5000,0.5000,-0.1034,0.2414,0.602332,0.052000
YZ,0.5000,0.5000,-0.1034,0.3103,0.603602,0.055000
YZ,0.5000,0.5000,-0.1034,0.3793,0.604854,0.057000
YZ,0.5000,0.5000,-0.1034,0.4483,0.606083,0.053000
YZ,0.5000,0.5000,-0.1034,0.5172,0.607287,0.060000
YZ,0.5000,0.5000,-0.1034,0.5862,0.608460,0.062000
YZ,0.5000,0.5000,-0.1034,0.6552,0.609599,0.067000
YZ,0.5000,0.5000,-0.1034,0.7241,0.610701,0.070000
YZ,0.5000,0.5000,-0.1034,0.7931,0.611763,0.081000
YZ,0.5000,0.5000,-0.1034,0.8621,0.612781,0.071000
YZ,0.5000,0.5000,-0.1034,0.9310,0.613754,0.066000
YZ,0.5000,0.5000,-0.1034,1.0000,0.614677,0.081000
YZ,0.5000,0.5000,-0.0345,-1.0000,0.610244,0.040000
YZ,0.5000,0.5000,-0.0345,-0.9310,0.611038,0.052000
YZ,0.5000,0.5000,-0.0345,-0.8621,0.611833,0.041000
YZ,0.5000,0.5000,-0.0345,-0.7931,0.612628,0.043000
YZ,0.5000,0.5000,-0.0345,-0.7241,0.613423,0.048000
YZ,0.5000,0.5000,-0.0345,-0.6552,0.614217,0.035000
YZ,0.5000,0.5000,-0.0345,-0.5862,0.615010,0.042000
YZ,0.5000,0.5000,-0.0345,-0.5172,0.615801,0.046000
YZ,0.5000,0.5000,-0.0345,-0.4483,0.616588,0.041000
YZ,0.5000,0.5000,-0.0345,-0.3793,0.617372,0.037000
YZ,0.5000,0.5000,-0.0345,-0.3103,0.618150,0.035000
YZ,0.5000,0.5000,-0.0345,-0.2414,0.618921,0.053000
YZ,0.5000,0.5000,-0.0345,-0.1724,0.619685,0.058000
YZ,0.5000,0.5000,-0.0345,-0.1034,0.620440,0.052000
YZ,0.5000,0.5000,-0.0345,-0.0345,0.621184,0.053000
YZ,0.5000,0.5000,-0.0345,0.0345,0.621917,0.055000
YZ,0.5000,0.5000,-0.0345,0.1034,0.622636,0.057000
YZ,0.5000,0.5000,-0.0345,0.1724,0.623341,0.070000
YZ,0.5000,0.5000,-0.0345,0.2414,0.624031,0.055000
YZ,0.5000,0.5000,-0.0345,0.3103,0.624703,0.055000
YZ,0.5000,0.5000,-0.0345,0.3793,0.625356,0.047000
YZ,0.5000,0.5000,-0.0345,0.4483,0.625989,0.077000
YZ,0.5000,0.5000,-0.0345,0.5172,0.626601,0.055000
YZ,0.5000,0.5000,-0.0345,0.5862,0.627191,0.064000
YZ,0.5000,0.5000,-0.0345,0.6552,0.627757,0.065000
YZ,0.5000,0.5000,-0.0345,0.7241,0.628297,0.055000
YZ,0.5000,0.5000,-0.0345,0.7931,0.628812,0.070000
YZ,0.5000,0.5000,-0.0345,0.8621,0.629299,0.068000
YZ,0.5000,0.5000,-0.0345,0.9310,0.629758,0.084000
YZ,0.5000,0.5000,-0.0345,1.0000,0.630187,0.053000
YZ,0.5000,0.5000,0.0345,-1.0000,0.624628,0.048000
YZ,0.5000,0.5000,0.0345,-0.9310,0.625625,0.043000
YZ,0.5000,0.5000,0.0345,-0.8621,0.626605,0.057000
YZ,0.5000,0.5000,0.0345,-0.7931,0.627569,0.057000
YZ,0.5000,0.5000,0.0345,-0.7241,0.628517,0.073000
YZ,0.5000,0.5000,0.0345,-0.6552,0.629448,0.065000
YZ,0.5000,0.5000,0.0345,-0.5862,0.630362,0.059000
YZ,0.5000,0.5000,0.0345,-0.5172,0.631258,0.050000
YZ,0.5000,0.5000,0.0345,-0.4483,0.632136,0.074000
YZ,0.5000,0.5000,0.0345,-0.3793,0.632996,0.055000
YZ,0.5000,0.5000,0.0345,-0.3103,0.633836,0.057000
YZ,0.5000,0.5000,0.0345,-0.2414,0.634657,0.053000
YZ,0.5000,0.5000,0.0345,-0.1724,0.635457,0.069000
YZ,0.5000,0.5000,0.0345,-0.1034,0.636237,0.064000
YZ,0.5000,0.5000,0.0345,-0.0345,0.636995,0.065000
YZ,0.5000,0.5000,0.0345,0.0345,0.637731,0.061000
YZ,0.5000,0.5000,0.0345,0.1034,0.638444,0.057000
YZ,0.5000,0.5000,0.0345,0.1724,0.639133,0.067000
YZ,0.5000,0.5000,0.0345,0.2414,0.639798,0.069000
YZ,0.5000,0.5000,0.0345,0.3103,0.640439,0.064000
YZ,0.5000,0.5000,0.0345,0.3793,0.641053,0.061000
YZ,0.5000,0.5000,0.0345,0.4483,0.641641,0.058000
YZ,0.5000,0.5000,0.0345,0.5172,0.642202,0.070000
YZ,0.5000,0.5000,0.0345,0.5862,0.642735,0.084000
YZ,0.5000,0.5000,0.0345,0.6552,0.643240,0.070000
YZ,0.5000,0.5000,0.0345,0.7241,0.643716,0.068000
YZ,0.5000,0.5000,0.0345,0.7931,0.644162,0.059000
YZ,0.5000,0.5000,0.0345,0.8621,0.644578,0.062000
YZ,0.5000,0.5000,0.0345,0.9310,0.644963,0.074000
YZ,0.5000,0.5000,0.0345,1.0000,0.645317,0.061000
YZ,0.5000,0.5000,0.1034,-1.0000,0.631984,0.062000
YZ,0.5000,0.5000,0.1034,-0.9310,0.633134,0.066000
YZ,0.5000,0.5000,0.1034,-0.8621,0.634263,0.064000
YZ,0.5000,0.5000,0.1034,-0.7931,0.635370,0.059000
YZ,0.5000,0.5000,0.1034,-0.7241,0.636456,0.072000
YZ,0.5000,0.5000,0.1034,-0.6552,0.637521,0.077000
YZ,0.5000,0.5000,0.1034,-0.5862,0.638565,0.075000
YZ,0.5000,0.5000,0.1034,-0.5172,0.639587,0.063000
YZ,0.5000,0.5000,0.1034,-0.4483,0.640588,0.059000
YZ,0.5000,0.5000,0.1034,-0.3793,0.641567,0.086000
YZ,0.5000,0.5000,0.1034,-0.3103,0.642525,0.074000
YZ,0.5000,0.5000,0.1034,-0.2414,0.643461,0.070000
YZ,0.5000,0.5000,0.1034,-0.1724,0.644375,0.047000
YZ,0.5000,0.5000,0.1034,-0.1034,0.645268,0.074000
YZ,0.5000,0.5000,0.1034,-0.0345,0.646137,0.074000
YZ,0.5000,0.5000,0.1034,0.0345,0.646985,0.074000
YZ,0.5000,0.5000,0.1034,0.1034,0.647809,0.066000
YZ,0.5000,0.5000,0.1034,0.1724,0.648611,0.062000
YZ,0.5000,0.5000,0.1034,0.2414,0.649389,0.071000
YZ,0.5000,0.5000,0.1034,0.3103,0.650144,0.080000
YZ,0.5000,0.5000,0.1034,0.3793,0.650875,0.071000
YZ,0.5000,0.5000,0.1034,0.4483,0.651581,0.075000
YZ,0.5000,0.5000,0.1034,0.5172,0.652264,0.069000
YZ,0.5000,0.5000,0.1034,0.5862,0.652921,0.069000
YZ,0.5000,0.5000,0.1034,0.6552,0.653553,0.060000
YZ,0.5000,0.5000,0.1034,0.7241,0.654161,0.072000
YZ,0.5000,0.5000,0.1034,0.7931,0.654742,0.078000
YZ,0.5000,0.5000,0.1034,0.8621,0.655297,0.071000
YZ,0.5000,0.5000,0.1034,0.9310,0.655826,0.079000
YZ,0.5000,0.5000,0.1034,1.0000,0.656328,0.070000
YZ,0.5000,0.5000,0.1724,-1.0000,0.635858,0.061000
YZ,0.5000,0.5000,0.1724,-0.9310,0.637160,0.069000
YZ,0.5000,0.5000,0.1724,-0.8621,0.638437,0.056000
YZ,0.5000,0.5000,0.1724,-0.7931,0.639688,0.059000
YZ,0.5000,0.5000,0.1724,-0.7241,0.640915,0.056000
YZ,0.5000,0.5000,0.1724,-0.6552,0.642116,0.055000
YZ,0.5000,0.5000,0.1724,-0.5862,0.643293,0.066000
YZ,0.5000,0.5000,0.1724,-0.5172,0.644445,0.073000
YZ,0.5000,0.5000,0.1724,-0.4483,0.645572,0.061000
YZ,0.5000,0.5000,0.1724,-0.3793,0.646676,0.067000
YZ,0.5000,0.5000,0.1724,-0.3103,0.647755,0.072000
YZ,0.5000,0.5000,0.1724,-0.2414,0.648810,0.066000
YZ,0.5000,0.5000,0.1724,-0.1724,0.649841,0.059000
YZ,0.5000,0.5000,0.1724,-0.1034,0.650848,0.051000
YZ,0.5000,0.5000,0.1724,-0.0345,0.651831,0.076000
YZ,0.5000,0.5000,0.1724,0.0345,0.652791,0.070000
YZ,0.5000,0.5000,0.1724,0.1034,0.653726,0.072000
YZ,0.5000,0.5000,0.1724,0.1724,0.654638,0.054000
YZ,0.5000,0.5000,0.1724,0.2414,0.655527,0.072000
YZ,0.5000,0.5000,0.1724,0.3103,0.656391,0.070000
YZ,0.5000,0.5000,0.1724,0.3793,0.657232,0.072000
YZ,0.5000,0.5000,0.1724,0.4483,0.658050,0.061000
YZ,0.5000,0.5000,0.1724,0.5172,0.658843,0.069000
YZ,0.5000,0.5000,0.1724,0.5862,0.659614,0.069000
YZ,0.5000,0.5000,0.1724,0.6552,0.660360,0.069000
YZ,0.5000,0.5000,0.1724,0.7241,0.661083,0.057000
YZ,0.5000,0.5000,0.1724,0.7931,0.661783,0.069000
YZ,0.5000,0.5000,0.1724,0.8621,0.662458,0.048000
YZ,0.5000,0.5000,0.1724,0.9310,0.663110,0.068000
YZ,0.5000,0.5000,0.1724,1.0000,0.663739,0.058000
YZ,0.5000,0.5000,0.2414,-1.0000,0.633894,0.056000
YZ,0.5000,0.5000,0.2414,-0.9310,0.635350,0.057000
YZ,0.5000,0.5000,0.2414,-0.8621,0.636780,0.051000
YZ,0.5000,0.5000,0.2414,-0.7931,0.638184,0.056000
YZ,0.5000,0.5000,0.2414,-0.7241,0.639561,0.046000
YZ,0.5000,0.5000,0.2414,-0.6552,0.640912,0.063000
YZ,0.5000,0.5000,0.2414,-0.5862,0.642237,0.040000
YZ,0.5000,0.5000,0.2414,-0.5172,0.643536,0.053000
YZ,0.5000,0.5000,0.2414,-0.4483,0.644809,0.040000
YZ,0.5000,0.5000,0.2414,-0.3793,0.646056,0.056000
YZ,0.5000,0.5000,0.2414,-0.3103,0.647278,0.059000
YZ,0.5000,0.5000,0.2414,-0.2414,0.648474,0.054000
YZ,0.5000,0.5000,0.2414,-0.1724,0.649645,0.056000
YZ,0.5000,0.5000,0.2414,-0.1034,0.650791,0.057000
YZ,0.5000,0.5000,0.2414,-0.0345,0.651911,0.059000
YZ,0.5000,0.5000,0.2414,0.0345,0.653007,0.052000
YZ,0.5000,0.5000,0.2414,0.1034,0.654077,0.055000
YZ,0.5000,0.5000,0.2414,0.1724,0.655123,0.055000
YZ,0.5000,0.5000,0.2414,0.2414,0.656144,0.072000
YZ,0.5000,0.5000,0.2414,0.3103,0.657140,0.064000
YZ,0.5000,0.5000,0.2414,0.3793,0.658112,0.062000
YZ,0.5000,0.5000,0.2414,0.4483,0.659059,0.065000
YZ,0.5000,0.5000,0.2414,0.5172,0.659982,0.054000
YZ,0.5000,0.5000,0.2414,0.5862,0.660881,0.060000
YZ,0.5000,0.5000,0.2414,0.6552,0.661755,0.049000
YZ,0.5000,0.5000,0.2414,0.7241,0.662606,0.061000
YZ,0.5000,0.5000,0.2414,0.7931,0.663433,0.061000
YZ,0.5000,0.5000,0.2414,0.8621,0.664236,0.055000
YZ,0.5000,0.5000,0.2414,0.9310,0.665016,0.054000
YZ,0.5000,0.5000,0.2414,1.0000,0.665772,0.051000
YZ,0.5000,0.5000,0.3103,-1.0000,0.620201,0.029000
YZ,0.5000,0.5000,0.3103,-0.9310,0.621681,0.035000
YZ,0.5000,0.5000,0.3103,-0.8621,0.623139,0.039000
YZ,0.5000,0.5000,0.3103,-0.7931,0.624574,0.046000
YZ,0.5000,0.5000,0.3103,-0.7241,0.625987,0.036000
YZ,0.5000,0.5000,0.3103,-0.6552,0.627376,0.033000
YZ,0.5000,0.5000,0.3103,-0.5862,0.628743,0.042000
YZ,0.5000,0.5000,0.3103,-0.5172,0.630087,0.040000
YZ,0.5000,0.5000,0.3103,-0.4483,0.631409,0.040000
YZ,0.5000,0.5000,0.3103,-0.3793,0.632707,0.043000
YZ,0.5000,0.5000,0.3103,-0.3103,0.633983,0.050000
YZ,0.5000,0.5000,0.3103,-0.2414,0.635237,0.054000
YZ,0.5000,0.5000,0.3103,-0.1724,0.636467,0.038000
YZ,0.5000,0.5000,0.3103,-0.1034,0.637675,0.048000
YZ,0.5000,0.5000,0.3103,-0.0345,0.638861,0.052000
YZ,0.5000,0.5000,0.3103,0.0345,0.640023,0.038000
YZ,0.5000,0.5000,0.3103,0.1034,0.641164,0.061000
YZ,0.5000,0.5000,0.3103,0.1724,0.642282,0.053000
YZ,0.5000,0.5000,0.3103,0.2414,0.643377,0.055000
YZ,0.5000,0.5000,0.3103,0.3103,0.644450,0.051000
YZ,0.5000,0.5000,0.3103,0.3793,0.645501,0.052000
YZ,0.5000,0.5000,0.3103,0.4483,0.646530,0.057000
YZ,0.5000,0.5000,0.3103,0.5172,0.647537,0.056000
YZ,0.5000,0.5000,0.3103,0.5862,0.648522,0.051000
YZ,0.5000,0.5000,0.3103,0.6552,0.649485,0.047000
YZ,0.5000,0.5000,0.3103,0.7241,0.650426,0.054000
YZ,0.5000,0.5000,0.3103,0.7931,0.651345,0.040000
YZ,0.5000,0.5000,0.3103,0.8621,0.652243,0.064000
YZ,0.5000,0.5000,0.3103,0.9310,0.653119,0.057000
YZ,0.5000,0.5000,0.3103,1.0000,0.653974,0.045000
YZ,0.5000,0.5000,0.3793,-1.0000,0.592764,0.026000
YZ,0.5000,0.5000,0.3793,-0.9310,0.594030,0.028000
YZ,0.5000,0.5000,0.3793,-0.8621,0.595281,0.041000
YZ,0.5000,0.5000,0.3793,-0.7931,0.596516,0.032000
YZ,0.5000,0.5000,0.3793,-0.7241,0.597735,0.031000
YZ,0.5000,0.5000,0.3793,-0.6552,0.598940,0.026000
YZ,0.5000,0.5000,0.3793,-0.5862,0.600128,0.033000
YZ,0.5000,0.5000,0.3793,-0.5172,0.601301,0.036000
YZ,0.5000,0.5000,0.3793,-0.4483,0.602459,0.048000
YZ,0.5000,0.5000,0.3793,-0.3793,0.603600,0.022000
YZ,0.5000,0.5000,0.3793,-0.3103,0.604726,0.036000
YZ,0.5000,0.5000,0.3793,-0.2414,0.605837,0.037000
YZ,0.5000,0.5000,0.3793,-0.1724,0.606931,0.040000
YZ,0.5000,0.5000,0.3793,-0.1034,0.608010,0.034000
YZ,0.5000,0.5000,0.3793,-0.0345,0.609073,0.042000
YZ,0.5000,0.5000,0.3793,0.0345,0.610120,0.045000
YZ,0.5000,0.5000,0.3793,0.1034,0.611151,0.034000
YZ,0.5000,0.5000,0.3793,0.1724,0.612167,0.039000
YZ,0.5000,0.5000,0.3793,0.2414,0.613167,0.043000
YZ,0.5000,0.5000,0.3793,0.3103,0.614151,0.045000
YZ,0.5000,0.5000,0.3793,0.3793,0.615119,0.046000
YZ,0.5000,0.5000,0.3793,0.4483,0.616072,0.045000
YZ,0.5000,0.5000,0.3793,0.5172,0.617009,0.042000
YZ,0.5000,0.5000,0.3793,0.5862,0.617930,0.054000
YZ,0.5000,0.5000,0.3793,0.6552,0.618836,0.059000
YZ,0.5000,0.5000,0.3793,0.7241,0.619726,0.054000
YZ,0.5000,0.5000,0.3793,0.7931,0.620601,0.046000
YZ,0.5000,0.5000,0.3793,0.8621,0.621460,0.061000
YZ,0.5000,0.5000,0.3793,0.9310,0.622304,0.047000
YZ,0.5000,0.5000,0.3793,1.0000,0.623133,0.045000
YZ,0.5000,0.5000,0.4483,-1.0000,0.558063,0.021000
YZ,0.5000,0.5000,0.4483,-0.9310,0.558949,0.016000
YZ,0.5000,0.5000,0.4483,-0.8621,0.559829,0.021000
YZ,0.5000,0.5000,0.4483,-0.7931,0.560702,0.024000
YZ,0.5000,0.5000,0.4483,-0.7241,0.561569,0.022000
YZ,0.5000,0.5000,0.4483,-0.6552,0.562429,0.028000
YZ,0.5000,0.5000,0.4483,-0.5862,0.563282,0.024000
YZ,0.5000,0.5000,0.4483,-0.5172,0.564128,0.025000
YZ,0.5000,0.5000,0.4483,-0.4483,0.564967,0.024000
YZ,0.5000,0.5000,0.4483,-0.3793,0.565799,0.030000
YZ,0.5000,0.5000,0.4483,-0.3103,0.566624,0.027000
YZ,0.5000,0.5000,0.4483,-0.2414,0.567442,0.024000
YZ,0.5000,0.5000,0.4483,-0.1724,0.568254,0.036000
YZ,0.5000,0.5000,0.4483,-0.1034,0.569058,0.034000
YZ,0.5000,0.5000,0.4483,-0.0345,0.569855,0.021000
YZ,0.5000,0.5000,0.4483,0.0345,0.570645,0.028000
YZ,0.5000,0.5000,0.4483,0.1034,0.571429,0.029000
YZ,0.5000,0.5000,0.4483,0.1724,0.572205,0.039000
YZ,0.5000,0.5000,0.4483,0.2414,0.572973,0.034000
YZ,0.5000,0.5000,0.4483,0.3103,0.573735,0.025000
YZ,0.5000,0.5000,0.4483,0.3793,0.574490,0.034000
YZ,0.5000,0.5000,0.4483,0.4483,0.575238,0.034000
YZ,0.5000,0.5000,0.4483,0.5172,0.575978,0.027000
YZ,0.5000,0.5000,0.4483,0.5862,0.576712,0.025000
YZ,0.5000,0.5000,0.4483,0.6552,0.577438,0.037000
YZ,0.5000,0.5000,0.4483,0.7241,0.578158,0.029000
YZ,0.5000,0.5000,0.4483,0.7931,0.578870,0.027000
YZ,0.5000,0.5000,0.4483,0.8621,0.579575,0.033000
YZ,0.5000,0.5000,0.4483,0.9310,0.580273,0.021000
YZ,0.5000,0.5000,0.4483,1.0000,0.580965,0.034000
YZ,0.5000,0.5000,0.5172,-1.0000,0.527601,0.016000
YZ,0.5000,0.5000,0.5172,-0.9310,0.528117,0.007000
YZ,0.5000,0.5000,0.5172,-0.8621,0.528634,0.010000
YZ,0.5000,0.5000,0.5172,-0.7931,0.529152,0.018000
YZ,0.5000,0.5000,0.5172,-0.7241,0.529671,0.014000
YZ,0.5000,0.5000,0.5172,-0.6552,0.530190,0.019000
YZ,0.5000,0.5000,0.5172,-0.5862,0.530711,0.013000
YZ,0.5000,0.5000,0.5172,-0.5172,0.531232,0.012000
YZ,0.5000,0.5000,0.5172,-0.4483,0.531753,0.008000
YZ,0.5000,0.5000,0.5172,-0.3793,0.532276,0.013000
YZ,0.5000,0.5000,0.5172,-0.3103,0.532799,0.018000
YZ,0.5000,0.5000,0.5172,-0.2414,0.533322,0.014000
YZ,0.5000,0.5000,0.5172,-0.1724,0.533847,0.017000
YZ,0.5000,0.5000,0.5172,-0.1034,0.534372,0.018000
YZ,0.5000,0.5000,0.5172,-0.0345,0.534898,0.019000
YZ,0.5000,0.5000,0.5172,0.0345,0.535424,0.021000
YZ,0.5000,0.5000,0.5172,0.1034,0.535951,0.015000
YZ,0.5000,0.5000,0.5172,0.1724,0.536478,0.012000
YZ,0.5000,0.5000,0.5172,0.2414,0.537006,0.012000
YZ,0.5000,0.5000,0.5172,0.3103,0.537535,0.020000
YZ,0.5000,0.5000,0.5172,0.3793,0.538064,0.016000
YZ,0.5000,0.5000,0.5172,0.4483,0.538594,0.021000
YZ,0.5000,0.5000,0.5172,0.5172,0.539124,0.015000
YZ,0.5000,0.5000,0.5172,0.5862,0.539655,0.020000
YZ,0.5000,0.5000,0.5172,0.6552,0.540186,0.019000
YZ,0.5000,0.5000,0.5172,0.7241,0.540718,0.031000
YZ,0.5000,0.5000,0.5172,0.7931,0.541250,0.024000
YZ,0.5000,0.5000,0.5172,0.8621,0.541783,0.031000
YZ,0.5000,0.5000,0.5172,0.9310,0.542316,0.025000
YZ,0.5000,0.5000,0.5172,1.0000,0.542849,0.023000
YZ,0.5000,0.5000,0.5862,-1.0000,0.512565,0.016000
YZ,0.5000,0.5000,0.5862,-0.9310,0.512833,0.024000
YZ,0.5000,0.5000,0.5862,-0.8621,0.513103,0.020000
YZ,0.5000,0.5000,0.5862,-0.7931,0.513378,0.029000
YZ,0.5000,0.5000,0.5862,-0.7241,0.513655,0.014000
YZ,0.5000,0.5000,0.5862,-0.6552,0.513936,0.022000
YZ,0.5000,0.5000,0.5862,-0.5862,0.514220,0.019000
YZ,0.5000,0.5000,0.5862,-0.5172,0.514508,0.023000
YZ,0.5000,0.5000,0.5862,-0.4483,0.514799,0.026000
YZ,0.5000,0.5000,0.5862,-0.3793,0.515094,0.022000
YZ,0.5000,0.5000,0.5862,-0.3103,0.515392,0.020000
YZ,0.5000,0.5000,0.5862,-0.2414,0.515694,0.028000
YZ,0.5000,0.5000,0.5862,-0.1724,0.516000,0.017000
YZ,0.5000,0.5000,0.5862,-0.1034,0.516309,0.031000
YZ,0.5000,0.5000,0.5862,-0.0345,0.516622,0.024000
YZ,0.5000,0.5000,0.5862,0.0345,0.516938,0.028000
YZ,0.5000,0.5000,0.5862,0.1034,0.517258,0.020000
YZ,0.5000,0.5000,0.5862,0.1724,0.517582,0.024000
YZ,0.5000,0.5000,0.5862,0.2414,0.517910,0.021000
YZ,0.5000,0.5000,0.5862,0.3103,0.518241,0.025000
YZ,0.5000,0.5000,0.5862,0.3793,0.518576,0.017000
YZ,0.5000,0.5000,0.5862,0.4483,0.518914,0.024000
YZ,0.5000,0.5000,0.5862,0.5172,0.519257,0.029000
YZ,0.5000,0.5000,0.5862,0.5862,0.519603,0.015000
YZ,0.5000,0.5000,0.5862,0.6552,0.519953,0.026000
YZ,0.5000,0.5000,0.5862,0.7241,0.520306,0.023000
YZ,0.5000,0.5000,0.5862,0.7931,0.520663,0.028000
YZ,0.5000,0.5000,0.5862,0.8621,0.521024,0.027000
YZ,0.5000,0.5000,0.5862,0.9310,0.521389,0.024000
YZ,0.5000,0.5000,0.5862,1.0000,0.521757,0.024000
YZ,0.5000,0.5000,0.6552,-1.0000,0.515342,0.028000
YZ,0.5000,0.5000,0.6552,-0.9310,0.515555,0.028000
YZ,0.5000,0.5000,0.6552,-0.8621,0.515768,0.029000
YZ,0.5000,0.5000,0.6552,-0.7931,0.515981,0.032000
YZ,0.5000,0.5000,0.6552,-0.7241,0.516195,0.028000
YZ,0.5000,0.5000,0.6552,-0.6552,0.516408,0.041000
YZ,0.5000,0.5000,0.6552,-0.5862,0.516622,0.031000
YZ,0.5000,0.5000,0.6552,-0.5172,0.516837,0.021000
YZ,0.5000,0.5000,0.6552,-0.4483,0.517052,0.024000
YZ,0.5000,0.5000,0.6552,-0.3793,0.517267,0.037000
YZ,0.5000,0.5000,0.6552,-0.3103,0.517483,0.033000
YZ,0.5000,0.5000,0.6552,-0.2414,0.517699,0.028000
YZ,0.5000,0.5000,0.6552,-0.1724,0.517916,0.035000
YZ,0.5000,0.5000,0.6552,-0.1034,0.518134,0.040000
YZ,0.5000,0.5000,0.6552,-0.0345,0.518352,0.032000
YZ,0.5000,0.5000,0.6552,0.0345,0.518571,0.037000
YZ,0.5000,0.5000,0.6552,0.1034,0.518791,0.024000
YZ,0.5000,0.5000,0.6552,0.1724,0.519012,0.026000
YZ,0.5000,0.5000,0.6552,0.2414,0.519234,0.030000
YZ,0.5000,0.5000,0.6552,0.3103,0.519456,0.025000
YZ,0.5000,0.5000,0.6552,0.3793,0.519680,0.022000
YZ,0.5000,0.5000,0.6552,0.4483,0.519904,0.031000
YZ,0.5000,0.5000,0.6552,0.5172,0.520129,0.040000
YZ,0.5000,0.5000,0.6552,0.5862,0.520356,0.032000
YZ,0.5000,0.5000,0.6552,0.6552,0.520583,0.029000
YZ,0.5000,0.5000,0.6552,0.7241,0.520812,0.034000
YZ,0.5000,0.5000,0.6552,0.7931,0.521042,0.033000
YZ,0.5000,0.5000,0.6552,0.8621,0.521273,0.047000
YZ,0.5000,0.5000,0.6552,0.9310,0.521505,0.036000
YZ,0.5000,0.5000,0.6552,1.0000,0.521738,0.034000
YZ,0.5000,0.5000,0.7241,-1.0000,0.526884,0.026000
YZ,0.5000,0.5000,0.7241,-0.9310,0.527199,0.023000
YZ,0.5000,0.5000,0.7241,-0.8621,0.527510,0.029000
YZ,0.5000,0.5000,0.7241,-0.7931,0.527818,0.035000
YZ,0.5000,0.5000,0.7241,-0.7241,0.528121,0.035000
YZ,0.5000,0.5000,0.7241,-0.6552,0.528422,0.024000
YZ,0.5000,0.5000,0.7241,-0.5862,0.528718,0.025000
YZ,0.5000,0.5000,0.7241,-0.5172,0.529012,0.027000
YZ,0.5000,0.5000,0.7241,-0.4483,0.529301,0.038000
YZ,0.5000,0.5000,0.7241,-0.3793,0.529587,0.042000
YZ,0.5000,0.5000,0.7241,-0.3103,0.529870,0.031000
YZ,0.5000,0.5000,0.7241,-0.2414,0.530149,0.035000
YZ,0.5000,0.5000,0.7241,-0.1724,0.530425,0.035000
YZ,0.5000,0.5000,0.7241,-0.1034,0.530698,0.034000
YZ,0.5000,0.5000,0.7241,-0.0345,0.530968,0.045000
YZ,0.5000,0.5000,0.7241,0.0345,0.531234,0.040000
YZ,0.5000,0.5000,0.7241,0.1034,0.531497,0.040000
YZ,0.5000,0.5000,0.7241,0.1724,0.531757,0.028000
YZ,0.5000,0.5000,0.7241,0.2414,0.532014,0.035000
YZ,0.5000,0.5000,0.7241,0.3103,0.532267,0.037000
YZ,0.5000,0.5000,0.7241,0.3793,0.532518,0.036000
YZ,0.5000,0.5000,0.7241,0.4483,0.532766,0.033000
YZ,0.5000,0.5000,0.7241,0.5172,0.533010,0.044000
YZ,0.5000,0.5000,0.7241,0.5862,0.533252,0.040000
YZ,0.5000,0.5000,0.7241,0.6552,0.533490,0.031000
YZ,0.5000,0.5000,0.7241,0.7241,0.533726,0.036000
YZ,0.5000,0.5000,0.7241,0.7931,0.533959,0.035000
YZ,0.5000,0.5000,0.7241,0.8621,0.534189,0.048000
YZ,0.5000,0.5000,0.7241,0.9310,0.534416,0.050000
YZ,0.5000,0.5000,0.7241,1.0000,0.534640,0.037000
YZ,0.5000,0.5000,0.7931,-1.0000,0.540101,0.032000
YZ,0.5000,0.5000,0.7931,-0.9310,0.540579,0.027000
YZ,0.5000,0.5000,0.7931,-0.8621,0.541050,0.030000
YZ,0.5000,0.5000,0.7931,-0.7931,0.541515,0.032000
YZ,0.5000,0.5000,0.7931,-0.7241,0.541974,0.037000
YZ,0.5000,0.5000,0.7931,-0.6552,0.542426,0.030000
YZ,0.5000,0.5000,0.7931,-0.5862,0.542872,0.033000
YZ,0.5000,0.5000,0.7931,-0.5172,0.543311,0.033000
YZ,0.5000,0.5000,0.7931,-0.4483,0.543745,0.037000
YZ,0.5000,0.5000,0.7931,-0.3793,0.544172,0.043000
YZ,0.5000,0.5000,0.7931,-0.3103,0.544593,0.028000
YZ,0.5000,0.5000,0.7931,-0.2414,0.545009,0.033000
YZ,0.5000,0.5000,0.7931,-0.1724,0.545418,0.037000
YZ,0.5000,0.5000,0.7931,-0.1034,0.545821,0.032000
YZ,0.5000,0.5000,0.7931,-0.0345,0.546218,0.028000
YZ,0.5000,0.5000,0.7931,0.0345,0.546609,0.042000
YZ,0.5000,0.5000,0.7931,0.1034,0.546994,0.044000
YZ,0.5000,0.5000,0.7931,0.1724,0.547373,0.048000
YZ,0.5000,0.5000,0.7931,0.2414,0.547747,0.042000
YZ,0.5000,0.5000,0.7931,0.3103,0.548114,0.037000
YZ,0.5000,0.5000,0.7931,0.3793,0.548476,0.046000
YZ,0.5000,0.5000,0.7931,0.4483,0.548832,0.042000
YZ,0.5000,0.5000,0.7931,0.5172,0.549183,0.044000
YZ,0.5000,0.5000,0.7931,0.5862,0.549528,0.044000
YZ,0.5000,0.5000,0.7931,0.6552,0.549867,0.038000
YZ,0.5000,0.5000,0.7931,0.7241,0.550200,0.050000
YZ,0.5000,0.5000,0.7931,0.7931,0.550528,0.035000
YZ,0.5000,0.5000,0.7931,0.8621,0.550850,0.056000
YZ,0.5000,0.5000,0.7931,0.9310,0.551167,0.057000
YZ,0.5000,0.5000,0.7931,1.0000,0.551479,0.043000
YZ,0.5000,0.5000,0.8621,-1.0000,0.551734,0.030000
YZ,0.5000,0.5000,0.8621,-0.9310,0.552388,0.019000
YZ,0.5000,0.5000,0.8621,-0.8621,0.553034,0.032000
YZ,0.5000,0.5000,0.8621,-0.7931,0.553673,0.026000
YZ,0.5000,0.5000,0.8621,-0.7241,0.554304,0.028000
YZ,0.5000,0.5000,0.8621,-0.6552,0.554927,0.031000
YZ,0.5000,0.5000,0.8621,-0.5862,0.555543,0.024000
YZ,0.5000,0.5000,0.8621,-0.5172,0.556152,0.041000
YZ,0.5000,0.5000,0.8621,-0.4483,0.556754,0.028000
YZ,0.5000,0.5000,0.8621,-0.3793,0.557348,0.038000
YZ,0.5000,0.5000,0.8621,-0.3103,0.557934,0.032000
YZ,0.5000,0.5000,0.8621,-0.2414,0.558514,0.034000
YZ,0.5000,0.5000,0.8621,-0.1724,0.559086,0.035000
YZ,0.5000,0.5000,0.8621,-0.1034,0.559651,0.040000
YZ,0.5000,0.5000,0.8621,-0.0345,0.560209,0.046000
YZ,0.5000,0.5000,0.8621,0.0345,0.560759,0.041000
YZ,0.5000,0.5000,0.8621,0.1034,0.561303,0.036000
YZ,0.5000,0.5000,0.8621,0.1724,0.561839,0.040000
YZ,0.5000,0.5000,0.8621,0.2414,0.562368,0.034000
YZ,0.5000,0.5000,0.8621,0.3103,0.562891,0.037000
YZ,0.5000,0.5000,0.8621,0.3793,0.563406,0.050000
YZ,0.5000,0.5000,0.8621,0.4483,0.563915,0.050000
YZ,0.5000,0.5000,0.8621,0.5172,0.564416,0.040000
YZ,0.5000,0.5000,0.8621,0.5862,0.564911,0.054000
YZ,0.5000,0.5000,0.8621,0.6552,0.565399,0.040000
YZ,0.5000,0.5000,0.8621,0.7241,0.565880,0.047000
YZ,0.5000,0.5000,0.8621,0.7931,0.566354,0.046000
YZ,0.5000,0.5000,0.8621,0.8621,0.566822,0.050000
YZ,0.5000,0.5000,0.8621,0.9310,0.567283,0.052000
YZ,0.5000,0.5000,0.8621,1.0000,0.567737,0.048000
YZ,0.5000,0.5000,0.9310,-1.0000,0.560427,0.027000
YZ,0.5000,0.5000,0.9310,-0.9310,0.561251,0.021000
YZ,0.5000,0.5000,0.9310,-0.8621,0.562068,0.032000
YZ,0.5000,0.5000,0.9310,-0.7931,0.562879,0.028000
YZ,0.5000,0.5000,0.9310,-0.7241,0.563682,0.022000
YZ,0.5000,0.5000,0.9310,-0.6552,0.564478,0.022000
YZ,0.5000,0.5000,0.9310,-0.5862,0.565266,0.024000
YZ,0.5000,0.5000,0.9310,-0.5172,0.566048,0.032000
YZ,0.5000,0.5000,0.9310,-0.4483,0.566823,0.032000
YZ,0.5000,0.5000,0.9310,-0.3793,0.567591,0.041000
YZ,0.5000,0.5000,0.9310,-0.3103,0.568352,0.028000
YZ,0.5000,0.5000,0.9310,-0.2414,0.569105,0.028000
YZ,0.5000,0.5000,0.9310,-0.1724,0.569852,0.034000
YZ,0.5000,0.5000,0.9310,-0.1034,0.570592,0.040000
YZ,0.5000,0.5000,0.9310,-0.0345,0.571325,0.022000
YZ,0.5000,0.5000,0.9310,0.0345,0.572051,0.032000
YZ,0.5000,0.5000,0.9310,0.1034,0.572771,0.032000
YZ,0.5000,0.5000,0.9310,0.1724,0.573483,0.045000
YZ,0.5000,0.5000,0.9310,0.2414,0.574189,0.039000
YZ,0.5000,0.5000,0.9310,0.3103,0.574888,0.036000
YZ,0.5000,0.5000,0.9310,0.3793,0.575580,0.036000
YZ,0.5000,0.5000,0.9310,0.4483,0.576266,0.044000
YZ,0.5000,0.5000,0.9310,0.5172,0.576945,0.037000
YZ,0.5000,0.5000,0.9310,0.5862,0.577617,0.034000
YZ,0.5000,0.5000,0.9310,0.6552,0.578282,0.038000
YZ,0.5000,0.5000,0.9310,0.7241,0.578941,0.034000
YZ,0.5000,0.5000,0.9310,0.7931,0.579594,0.042000
YZ,0.5000,0.5000,0.9310,0.8621,0.580240,0.042000
YZ,0.5000,0.5000,0.9310,0.9310,0.580879,0.034000
YZ,0.5000,0.5000,0.9310,1.0000,0.581512,0.034000
YZ,0.5000,0.5000,1.0000,-1.0000,0.565219,0.016000
YZ,0.5000,0.5000,1.0000,-0.9310,0.566186,0.022000
YZ,0.5000,0.5000,1.0000,-0.8621,0.567149,0.021000
YZ,0.5000,0.5000,1.0000,-0.7931,0.568106,0.020000
YZ,0.5000,0.5000,1.0000,-0.7241,0.569058,0.019000
YZ,0.5000,0.5000,1.0000,-0.6552,0.570004,0.020000
YZ,0.5000,0.5000,1.0000,-0.5862,0.570945,0.021000
YZ,0.5000,0.5000,1.0000,-0.5172,0.571880,0.032000
YZ,0.5000,0.5000,1.0000,-0.4483,0.572810,0.027000
YZ,0.5000,0.5000,1.0000,-0.3793,0.573735,0.024000
YZ,0.5000,0.5000,1.0000,-0.3103,0.574654,0.022000
YZ,0.5000,0.5000,1.0000,-0.2414,0.575568,0.027000
YZ,0.5000,0.5000,1.0000,-0.1724,0.576477,0.022000
YZ,0.5000,0.5000,1.0000,-0.1034,0.577380,0.026000
YZ,0.5000,0.5000,1.0000,-0.0345,0.578278,0.033000
YZ,0.5000,0.5000,1.0000,0.0345,0.579170,0.032000
YZ,0.5000,0.5000,1.0000,0.1034,0.580057,0.027000
YZ,0.5000,0.5000,1.0000,0.1724,0.580939,0.032000
YZ,0.5000,0.5000,1.0000,0.2414,0.581816,0.027000
YZ,0.5000,0.5000,1.0000,0.3103,0.582687,0.039000
YZ,0.5000,0.5000,1.0000,0.3793,0.583553,0.038000
YZ,0.5000,0.5000,1.0000,0.4483,0.584414,0.029000
YZ,0.5000,0.5000,1.0000,0.5172,0.585269,0.027000
YZ,0.5000,0.5000,1.0000,0.5862,0.586119,0.029000
YZ,0.5000,0.5000,1.0000,0.6552,0.586964,0.041000
YZ,0.5000,0.5000,1.0000,0.7241,0.587804,0.039000
YZ,0.5000,0.5000,1.0000,0.7931,0.588638,0.035000
YZ,0.5000,0.5000,1.0000,0.8621,0.589468,0.033000
YZ,0.5000,0.5000,1.0000,0.9310,0.590292,0.038000
YZ,0.5000,0.5000,1.0000,1.0000,0.591110,0.043000
YZ,1.0000,1.0000,-1.0000,-1.0000,0.529101,0.013000
YZ,1.0000,1.0000,-1.0000,-0.9310,0.529289,0.014000
YZ,1.0000,1.0000,-1.0000,-0.8621,0.529470,0.011000
YZ,1.0000,1.0000,-1.0000,-0.7931,0.529644,0.007000
YZ,1.0000,1.0000,-1.0000,-0.7241,0.529811,0.012000
YZ,1.0000,1.0000,-1.0000,-0.6552,0.529970,0.006000
YZ,1.0000,1.0000,-1.0000,-0.5862,0.530122,0.014000
YZ,1.0000,1.0000,-1.0000,-0.5172,0.530267,0.006000
YZ,1.0000,1.0000,-1.0000,-0.4483,0.530404,0.010000
YZ,1.0000,1.0000,-1.0000,-0.3793,0.530533,0.007000
YZ,1.0000,1.0000,-1.0000,-0.3103,0.530654,0.010000
YZ,1.0000,1.0000,-1.0000,-0.2414,0.530766,0.012000
YZ,1.0000,1.0000,-1.0000,-0.1724,0.530870,0.012000
YZ,1.0000,1.0000,-1.0000,-0.1034,0.530966,0.009000
YZ,1.0000,1.0000,-1.0000,-0.0345,0.531052,0.009000
YZ,1.0000,1.0000,-1.0000,0.0345,0.531130,0.012000
YZ,1.0000,1.0000,-1.0000,0.1034,0.531198,0.014000
YZ,1.0000,1.0000,-1.0000,0.1724,0.531256,0.009000
YZ,1.0000,1.0000,-1.0000,0.2414,0.531305,0.022000
YZ,1.0000,1.0000,-1.0000,0.3103,0.531343,0.018000
YZ,1.0000,1.0000,-1.0000,0.3793,0.531372,0.016000
YZ,1.0000,1.0000,-1.0000,0.4483,0.531389,0.014000
YZ,1.0000,1.0000,-1.0000,0.5172,0.531396,0.017000
YZ,1.0000,1.0000,-1.0000,0.5862,0.531391,0.032000
YZ,1.0000,1.0000,-1.0000,0.6552,0.531375,0.016000
YZ,1.0000,1.0000,-1.0000,0.7241,0.531347,0.019000
YZ,1.0000,1.0000,-1.0000,0.7931,0.531308,0.028000
YZ,1.0000,1.0000,-1.0000,0.8621,0.531256,0.017000
YZ,1.0000,1.0000,-1.0000,0.9310,0.531192,0.024000
YZ,1.0000,1.0000,-1.0000,1.0000,0.531114,0.031000
YZ,1.0000,1.0000,-0.9310,-1.0000,0.521974,0.017000
YZ,1.0000,1.0000,-0.9310,-0.9310,0.522012,0.020000
YZ,1.0000,1.0000,-0.9310,-0.8621,0.522046,0.022000
YZ,1.0000,1.0000,-0.9310,-0.7931,0.522076,0.026000
YZ,1.0000,1.0000,-0.9310,-0.7241,0.522103,0.027000
YZ,1.0000,1.0000,-0.9310,-0.6552,0.522127,0.031000
YZ,1.0000,1.0000,-0.9310,-0.5862,0.522148,0.023000
YZ,1.0000,1.0000,-0.9310,-0.5172,0.522166,0.021000
YZ,1.0000,1.0000,-0.9310,-0.4483,0.522181,0.020000
YZ,1.0000,1.0000,-0.9310,-0.3793,0.522194,0.017000
YZ,1.0000,1.0000,-0.9310,-0.3103,0.522204,0.027000
YZ,1.0000,1.0000,-0.9310,-0.2414,0.522213,0.015000
YZ,1.0000,1.0000,-0.9310,-0.1724,0.522219,0.027000
YZ,1.0000,1.0000,-0.9310,-0.1034,0.522223,0.020000
YZ,1.0000,1.0000,-0.9310,-0.0345,0.522225,0.028000
YZ,1.0000,1.0000,-0.9310,0.0345,0.522225,0.033000
YZ,1.0000,1.0000,-0.9310,0.1034,0.522223,0.025000
YZ,1.0000,1.0000,-0.9310,0.1724,0.522219,0.019000
YZ,1.0000,1.0000,-0.9310,0.2414,0.522212,0.021000
YZ,1.0000,1.0000,-0.9310,0.3103,0.522204,0.018000
YZ,1.0000,1.0000,-0.9310,0.3793,0.522194,0.028000
YZ,1.0000,1.0000,-0.9310,0.4483,0.522182,0.013000
YZ,1.0000,1.0000,-0.9310,0.5172,0.522167,0.011000
YZ,1.0000,1.0000,-0.9310,0.5862,0.522150,0.017000
YZ,1.0000,1.0000,-0.9310,0.6552,0.522131,0.014000
YZ,1.0000,1.0000,-0.9310,0.7241,0.522109,0.020000
YZ,1.0000,1.0000,-0.9310,0.7931,0.522084,0.014000
YZ,1.0000,1.0000,-0.9310,0.8621,0.522055,0.018000
YZ,1.0000,1.0000,-0.9310,0.9310,0.522024,0.020000
YZ,1.0000,1.0000,-0.9310,1.0000,0.521990,0.015000
YZ,1.0000,1.0000,-0.8621,-1.0000,0.501720,0.031000
YZ,1.0000,1.0000,-0.8621,-0.9310,0.501454,0.037000
YZ,1.0000,1.0000,-0.8621,-0.8621,0.501186,0.047000
YZ,1.0000,1.0000,-0.8621,-0.7931,0.500914,0.036000
YZ,1.0000,1.0000,-0.8621,-0.7241,0.500640,0.041000
YZ,1.0000,1.0000,-0.8621,-0.6552,0.500364,0.048000
YZ,1.0000,1.0000,-0.8621,-0.5862,0.500084,0.038000
YZ,1.0000,1.0000,-0.8621,-0.5172,0.499802,0.048000
YZ,1.0000,1.0000,-0.8621,-0.4483,0.499517,0.045000
YZ,1.0000,1.0000,-0.8621,-0.3793,0.499229,0.041000
YZ,1.0000,1.0000,-0.8621,-0.3103,0.498939,0.050000
YZ,1.0000,1.0000,-0.8621,-0.2414,0.498646,0.044000
YZ,1.0000,1.0000,-0.8621,-0.1724,0.498350,0.045000
YZ,1.0000,1.0000,-0.8621,-0.1034,0.498052,0.030000
YZ,1.0000,1.0000,-0.8621,-0.0345,0.497750,0.045000
YZ,1.0000,1.0000,-0.8621,0.0345,0.497446,0.044000
YZ,1.0000,1.0000,-0.8621,0.1034,0.497140,0.043000
YZ,1.0000,1.0000,-0.8621,0.1724,0.496831,0.031000
YZ,1.0000,1.0000,-0.8621,0.2414,0.496519,0.030000
YZ,1.0000,1.0000,-0.8621,0.3103,0.496205,0.051000
YZ,1.0000,1.0000,-0.8621,0.3793,0.495889,0.033000
YZ,1.0000,1.0000,-0.8621,0.4483,0.495571,0.037000
YZ,1.0000,1.0000,-0.8621,0.5172,0.495251,0.035000
YZ,1.0000,1.0000,-0.8621,0.5862,0.494929,0.044000
YZ,1.0000,1.0000,-0.8621,0.6552,0.494606,0.045000
YZ,1.0000,1.0000,-0.8621,0.7241,0.494281,0.036000
YZ,1.0000,1.0000,-0.8621,0.7931,0.493956,0.046000
YZ,1.0000,1.0000,-0.8621,0.8621,0.493631,0.033000
YZ,1.0000,1.0000,-0.8621,0.9310,0.493305,0.035000
YZ,1.0000,1.0000,-0.8621,1.0000,0.492980,0.035000
YZ,1.0000,1.0000,-0.7931,-1.0000,0.484883,0.057000
YZ,1.0000,1.0000,-0.7931,-0.9310,0.484478,0.047000
YZ,1.0000,1.0000,-0.7931,-0.8621,0.484070,0.056000
YZ,1.0000,1.0000,-0.7931,-0.7931,0.483659,0.042000
YZ,1.0000,1.0000,-0.7931,-0.7241,0.483242,0.050000
YZ,1.0000,1.0000,-0.7931,-0.6552,0.482819,0.047000
YZ,1.0000,1.0000,-0.7931,-0.5862,0.482390,0.054000
YZ,1.0000,1.0000,-0.7931,-0.5172,0.481952,0.054000
YZ,1.0000,1.0000,-0.7931,-0.4483,0.481507,0.061000
YZ,1.0000,1.0000,-0.7931,-0.3793,0.481051,0.047000
YZ,1.0000,1.0000,-0.7931,-0.3103,0.480585,0.060000
YZ,1.0000,1.0000,-0.7931,-0.2414,0.480107,0.050000
YZ,1.0000,1.0000,-0.7931,-0.1724,0.479617,0.064000
YZ,1.0000,1.0000,-0.7931,-0.1034,0.479114,0.051000
YZ,1.0000,1.0000,-0.7931,-0.0345,0.478596,0.059000
YZ,1.0000,1.0000,-0.7931,0.0345,0.478063,0.060000
YZ,1.0000,1.0000,-0.7931,0.1034,0.477515,0.054000
YZ,1.0000,1.0000,-0.7931,0.1724,0.476950,0.077000
YZ,1.0000,1.0000,-0.7931,0.2414,0.476369,0.060000
YZ,1.0000,1.0000,-0.7931,0.3103,0.475771,0.057000
YZ,1.0000,1.0000,-0.7931,0.3793,0.475156,0.070000
YZ,1.0000,1.0000,-0.7931,0.4483,0.474523,0.064000
YZ,1.0000,1.0000,-0.7931,0.5172,0.473873,0.063000
YZ,1.0000,1.0000,-0.7931,0.5862,0.473205,0.068000
YZ,1.0000,1.0000,-0.7931,0.6552,0.472522,0.056000
YZ,1.0000,1.0000,-0.7931,0.7241,0.471822,0.065000
YZ,1.0000,1.0000,-0.7931,0.7931,0.471106,0.070000
YZ,1.0000,1.0000,-0.7931,0.8621,0.470376,0.076000
YZ,1.0000,1.0000,-0.7931,0.9310,0.469632,0.078000
YZ,1.0000,1.0000,-0.7931,1.0000,0.468876,0.076000
YZ,1.0000,1.0000,-0.7241,-1.0000,0.477752,0.062000
YZ,1.0000,1.0000,-0.7241,-0.9310,0.477363,0.077000
YZ,1.0000,1.0000,-0.7241,-0.8621,0.476971,0.081000
YZ,1.0000,1.0000,-0.7241,-0.7931,0.476578,0.069000
YZ,1.0000,1.0000,-0.7241,-0.7241,0.476182,0.077000
YZ,1.0000,1.0000,-0.7241,-0.6552,0.475784,0.085000
YZ,1.0000,1.0000,-0.7241,-0.5862,0.475382,0.074000
YZ,1.0000,1.0000,-0.7241,-0.5172,0.474976,0.084000
YZ,1.0000,1.0000,-0.7241,-0.4483,0.474567,0.079000
YZ,1.0000,1.0000,-0.7241,-0.3793,0.474153,0.089000
YZ,1.0000,1.0000,-0.7241,-0.3103,0.473734,0.067000
YZ,1.0000,1.0000,-0.7241,-0.2414,0.473310,0.105000
YZ,1.0000,1.0000,-0.7241,-0.1724,0.472880,0.084000
YZ,1.0000,1.0000,-0.7241,-0.1034,0.472445,0.081000
YZ,1.0000,1.0000,-0.7241,-0.0345,0.472005,0.088000
YZ,1.0000,1.0000,-0.7241,0.0345,0.471558,0.087000
YZ,1.0000,1.0000,-0.7241,0.1034,0.471107,0.086000
YZ,1.0000,1.0000,-0.7241,0.1724,0.470649,0.085000
YZ,1.0000,1.0000,-0.7241,0.2414,0.470187,0.087000
YZ,1.0000,1.0000,-0.7241,0.3103,0.469719,0.089000
YZ,1.0000,1.0000,-0.7241,0.3793,0.469247,0.082000
YZ,1.0000,1.0000,-0.7241,0.4483,0.468770,0.081000
YZ,1.0000,1.0000,-0.7241,0.5172,0.468290,0.092000
YZ,1.0000,1.0000,-0.7241,0.5862,0.467806,0.080000
YZ,1.0000,1.0000,-0.7241,0.6552,0.467320,0.103000
YZ,1.0000,1.0000,-0.7241,0.7241,0.466832,0.086000
YZ,1.0000,1.0000,-0.7241,0.7931,0.466343,0.098000
YZ,1.0000,1.0000,-0.7241,0.8621,0.465854,0.098000
YZ,1.0000,1.0000,-0.7241,0.9310,0.465366,0.104000
YZ,1.0000,1.0000,-0.7241,1.0000,0.464879,0.096000
YZ,1.0000,1.0000,-0.6552,-1.0000,0.474223,0.057000
YZ,1.0000,1.0000,-0.6552,-0.9310,0.473815,0.040000
YZ,1.0000,1.0000,-0.6552,-0.8621,0.473410,0.047000
YZ,1.0000,1.0000,-0.6552,-0.7931,0.473009,0.053000
YZ,1.0000,1.0000,-0.6552,-0.7241,0.472611,0.047000
YZ,1.0000,1.0000,-0.6552,-0.6552,0.472218,0.044000
YZ,1.0000,1.0000,-0.6552,-0.5862,0.471829,0.054000
YZ,1.0000,1.0000,-0.6552,-0.5172,0.471444,0.048000
YZ,1.0000,1.0000,-0.6552,-0.4483,0.471065,0.037000
YZ,1.0000,1.0000,-0.6552,-0.3793,0.470691,0.052000
YZ,1.0000,1.0000,-0.6552,-0.3103,0.470323,0.037000
YZ,1.0000,1.0000,-0.6552,-0.2414,0.469962,0.041000
YZ,1.0000,1.0000,-0.6552,-0.1724,0.469607,0.045000
YZ,1.0000,1.0000,-0.6552,-0.1034,0.469260,0.043000
YZ,1.0000,1.0000,-0.6552,-0.0345,0.468920,0.045000
YZ,1.0000,1.0000,-0.6552,0.0345,0.468588,0.041000
YZ,1.0000,1.0000,-0.6552,0.1034,0.468266,0.043000
YZ,1.0000,1.0000,-0.6552,0.1724,0.467952,0.041000
YZ,1.0000,1.0000,-0.6552,0.2414,0.467648,0.041000
YZ,1.0000,1.0000,-0.6552,0.3103,0.467353,0.034000
YZ,1.0000,1.0000,-0.6552,0.3793,0.467069,0.043000
YZ,1.0000,1.0000,-0.6552,0.4483,0.466796,0.053000
YZ,1.0000,1.0000,-0.6552,0.5172,0.466533,0.049000
YZ,1.0000,1.0000,-0.6552,0.5862,0.466282,0.047000
YZ,1.0000,1.0000,-0.6552,0.6552,0.466043,0.043000
YZ,1.0000,1.0000,-0.6552,0.7241,0.465815,0.038000
YZ,1.0000,1.0000,-0.6552,0.7931,0.465600,0.046000
YZ,1.0000,1.0000,-0.6552,0.8621,0.465396,0.042000
YZ,1.0000,1.0000,-0.6552,0.9310,0.465205,0.042000
YZ,1.0000,1.0000,-0.6552,1.0000,0.465027,0.053000
YZ,1.0000,1.0000,-0.5862,-1.0000,0.476413,0.006000
YZ,1.0000,1.0000,-0.5862,-0.9310,0.476279,0.011000
YZ,1.0000,1.0000,-0.5862,-0.8621,0.476170,0.012000
YZ,1.0000,1.0000,-0.5862,-0.7931,0.476084,0.011000
YZ,1.0000,1.0000,-0.5862,-0.7241,0.476025,0.008000
YZ,1.0000,1.0000,-0.5862,-0.6552,0.475991,0.007000
YZ,1.0000,1.0000,-0.5862,-0.5862,0.475984,0.010000
YZ,1.0000,1.0000,-0.5862,-0.5172,0.476005,0.009000
YZ,1.0000,1.0000,-0.5862,-0.4483,0.476052,0.009000
YZ,1.0000,1.0000,-0.5862,-0.3793,0.476128,0.003000
YZ,1.0000,1.0000,-0.5862,-0.3103,0.476233,0.010000
YZ,1.0000,1.0000,-0.5862,-0.2414,0.476365,0.014000
YZ,1.0000,1.0000,-0.5862,-0.1724,0.476527,0.014000
YZ,1.0000,1.0000,-0.5862,-0.1034,0.476717,0.011000
YZ,1.0000,1.0000,-0.5862,-0.0345,0.476936,0.010000
YZ,1.0000,1.0000,-0.5862,0.0345,0.477183,0.007000
YZ,1.0000,1.0000,-0.5862,0.1034,0.477459,0.011000
YZ,1.0000,1.0000,-0.5862,0.1724,0.477763,0.011000
YZ,1.0000,1.0000,-0.5862,0.2414,0.478094,0.006000
YZ,1.0000,1.0000,-0.5862,0.3103,0.478452,0.012000
YZ,1.0000,1.0000,-0.5862,0.3793,0.478837,0.011000
YZ,1.0000,1.0000,-0.5862,0.4483,0.479248,0.007000
YZ,1.0000,1.0000,-0.5862,0.5172,0.479684,0.010000
YZ,1.0000,1.0000,-0.5862,0.5862,0.480144,0.008000
YZ,1.0000,1.0000,-0.5862,0.6552,0.480627,0.008000
YZ,1.0000,1.0000,-0.5862,0.7241,0.481133,0.008000
YZ,1.0000,1.0000,-0.5862,0.7931,0.481661,0.014000
YZ,1.0000,1.0000,-0.5862,0.8621,0.482209,0.018000
YZ,1.0000,1.0000,-0.5862,0.9310,0.482777,0.018000
YZ,1.0000,1.0000,-0.5862,1.0000,0.483362,0.013000
YZ,1.0000,1.0000,-0.5172,-1.0000,0.484285,0.005000
YZ,1.0000,1.0000,-0.5172,-0.9310,0.484640,0.006000
YZ,1.0000,1.0000,-0.5172,-0.8621,0.485039,0.008000
YZ,1.0000,1.0000,-0.5172,-0.7931,0.485479,0.005000
YZ,1.0000,1.0000,-0.5172,-0.7241,0.485961,0.011000
YZ,1.0000,1.0000,-0.5172,-0.6552,0.486483,0.005000
YZ,1.0000,1.0000,-0.5172,-0.5862,0.487043,0.011000
YZ,1.0000,1.0000,-0.5172,-0.5172,0.487641,0.012000
YZ,1.0000,1.0000,-0.5172,-0.4483,0.488273,0.014000
YZ,1.0000,1.0000,-0.5172,-0.3793,0.488938,0.011000
YZ,1.0000,1.0000,-0.5172,-0.3103,0.489634,0.008000
YZ,1.0000,1.0000,-0.5172,-0.2414,0.490358,0.008000
YZ,1.0000,1.0000,-0.5172,-0.1724,0.491109,0.005000
YZ,1.0000,1.0000,-0.5172,-0.1034,0.491884,0.017000
YZ,1.0000,1.0000,-0.5172,-0.0345,0.492681,0.014000
YZ,1.0000,1.0000,-0.5172,0.0345,0.493496,0.014000
YZ,1.0000,1.0000,-0.5172,0.1034,0.494328,0.009000
YZ,1.0000,1.0000,-0.5172,0.1724,0.495173,0.012000
YZ,1.0000,1.0000,-0.5172,0.2414,0.496029,0.012000
YZ,1.0000,1.0000,-0.5172,0.3103,0.496894,0.013000
YZ,1.0000,1.0000,-0.5172,0.3793,0.497764,0.021000
YZ,1.0000,1.0000,-0.5172,0.4483,0.498638,0.014000
YZ,1.0000,1.0000,-0.5172,0.5172,0.499512,0.018000
YZ,1.0000,1.0000,-0.5172,0.5862,0.500383,0.024000
YZ,1.0000,1.0000,-0.5172,0.6552,0.501251,0.022000
YZ,1.0000,1.0000,-0.5172,0.7241,0.502112,0.023000
YZ,1.0000,1.0000,-0.5172,0.7931,0.502963,0.028000
YZ,1.0000,1.0000,-0.5172,0.8621,0.503803,0.021000
YZ,1.0000,1.0000,-0.5172,0.9310,0.504629,0.029000
YZ,1.0000,1.0000,-0.5172,1.0000,0.505440,0.026000
YZ,1.0000,1.0000,-0.4483,-1.0000,0.487874,0.009000
YZ,1.0000,1.0000,-0.4483,-0.9310,0.488262,0.021000
YZ,1.0000,1.0000,-0.4483,-0.8621,0.488709,0.015000
YZ,1.0000,1.0000,-0.4483,-0.7931,0.489212,0.020000
YZ,1.0000,1.0000,-0.4483,-0.7241,0.489766,0.013000
YZ,1.0000,1.0000,-0.4483,-0.6552,0.490369,0.009000
YZ,1.0000,1.0000,-0.4483,-0.5862,0.491014,0.022000
YZ,1.0000,1.0000,-0.4483,-0.5172,0.491699,0.015000
YZ,1.0000,1.0000,-0.4483,-0.4483,0.492418,0.019000
YZ,1.0000,1.0000,-0.4483,-0.3793,0.493167,0.016000
YZ,1.0000,1.0000,-0.4483,-0.3103,0.493941,0.016000
YZ,1.0000,1.0000,-0.4483,-0.2414,0.494737,0.028000
YZ,1.0000,1.0000,-0.4483,-0.1724,0.495549,0.010000
YZ,1.0000,1.0000,-0.4483,-0.1034,0.496373,0.024000
YZ,1.0000,1.0000,-0.4483,-0.0345,0.497205,0.016000
YZ,1.0000,1.0000,-0.4483,0.0345,0.498041,0.018000
YZ,1.0000,1.0000,-0.4483,0.1034,0.498877,0.031000
YZ,1.0000,1.0000,-0.4483,0.1724,0.499710,0.019000
YZ,1.0000,1.0000,-0.4483,0.2414,0.500535,0.021000
YZ,1.0000,1.0000,-0.4483,0.3103,0.501350,0.024000
YZ,1.0000,1.0000,-0.4483,0.3793,0.502150,0.028000
YZ,1.0000,1.0000,-0.4483,0.4483,0.502934,0.025000
YZ,1.0000,1.0000,-0.4483,0.5172,0.503698,0.025000
YZ,1.0000,1.0000,-0.4483,0.5862,0.504439,0.031000
YZ,1.0000,1.0000,-0.4483,0.6552,0.505155,0.029000
YZ,1.0000,1.0000,-0.4483,0.7241,0.505843,0.029000
YZ,1.0000,1.0000,-0.4483,0.7931,0.506503,0.043000
YZ,1.0000,1.0000,-0.4483,0.8621,0.507131,0.034000
YZ,1.0000,1.0000,-0.4483,0.9310,0.507725,0.040000
YZ,1.0000,1.0000,-0.4483,1.0000,0.508286,0.041000
YZ,1.0000,1.0000,-0.3793,-1.0000,0.492525,0.023000
YZ,1.0000,1.0000,-0.3793,-0.9310,0.491006,0.015000
YZ,1.0000,1.0000,-0.3793,-0.8621,0.489531,0.017000
YZ,1.0000,1.0000,-0.3793,-0.7931,0.488130,0.018000
YZ,1.0000,1.0000,-0.3793,-0.7241,0.486844,0.021000
YZ,1.0000,1.0000,-0.3793,-0.6552,0.485718,0.014000
YZ,1.0000,1.0000,-0.3793,-0.5862,0.484800,0.019000
YZ,1.0000,1.0000,-0.3793,-0.5172,0.484128,0.015000
YZ,1.0000,1.0000,-0.3793,-0.4483,0.483721,0.023000
YZ,1.0000,1.0000,-0.3793,-0.3793,0.483571,0.020000
YZ,1.0000,1.0000,-0.3793,-0.3103,0.483650,0.026000
YZ,1.0000,1.0000,-0.3793,-0.2414,0.483918,0.021000
YZ,1.0000,1.0000,-0.3793,-0.1724,0.484335,0.028000
YZ,1.0000,1.0000,-0.3793,-0.1034,0.484865,0.025000
YZ,1.0000,1.0000,-0.3793,-0.0345,0.485479,0.031000
YZ,1.0000,1.0000,-0.3793,0.0345,0.486155,0.019000
YZ,1.0000,1.0000,-0.3793,0.1034,0.486874,0.026000
YZ,1.0000,1.0000,-0.3793,0.1724,0.487623,0.022000
YZ,1.0000,1.0000,-0.3793,0.2414,0.488391,0.020000
YZ,1.0000,1.0000,-0.3793,0.3103,0.489168,0.025000
YZ,1.0000,1.0000,-0.3793,0.3793,0.489947,0.031000
YZ,1.0000,1.0000,-0.3793,0.4483,0.490723,0.026000
YZ,1.0000,1.0000,-0.3793,0.5172,0.491490,0.030000
YZ,1.0000,1.0000,-0.3793,0.5862,0.492244,0.030000
YZ,1.0000,1.0000,-0.3793,0.6552,0.492981,0.021000
YZ,1.0000,1.0000,-0.3793,0.7241,0.493698,0.029000
YZ,1.0000,1.0000,-0.3793,0.7931,0.494392,0.028000
YZ,1.0000,1.0000,-0.3793,0.8621,0.495061,0.024000
YZ,1.0000,1.0000,-0.3793,0.9310,0.495704,0.039000
YZ,1.0000,1.0000,-0.3793,1.0000,0.496317,0.035000
YZ,1.0000,1.0000,-0.3103,-1.0000,0.536618,0.008000
YZ,1.0000,1.0000,-0.3103,-0.9310,0.535607,0.006000
YZ,1.0000,1.0000,-0.3103,-0.8621,0.534533,0.007000
YZ,1.0000,1.0000,-0.3103,-0.7931,0.533396,0.018000
YZ,1.0000,1.0000,-0.3103,-0.7241,0.532198,0.011000
YZ,1.0000,1.0000,-0.3103,-0.6552,0.530941,0.015000
YZ,1.0000,1.0000,-0.3103,-0.5862,0.529628,0.014000
YZ,1.0000,1.0000,-0.3103,-0.5172,0.528261,0.014000
YZ,1.0000,1.0000,-0.3103,-0.4483,0.526842,0.010000
YZ,1.0000,1.0000,-0.3103,-0.3793,0.525376,0.022000
YZ,1.0000,1.0000,-0.3103,-0.3103,0.523865,0.019000
YZ,1.0000,1.0000,-0.3103,-0.2414,0.522314,0.016000
YZ,1.0000,1.0000,-0.3103,-0.1724,0.520728,0.020000
YZ,1.0000,1.0000,-0.3103,-0.1034,0.519112,0.015000
YZ,1.0000,1.0000,-0.3103,-0.0345,0.517472,0.014000
YZ,1.0000,1.0000,-0.3103,0.0345,0.515815,0.015000
YZ,1.0000,1.0000,-0.3103,0.1034,0.514151,0.024000
YZ,1.0000,1.0000,-0.3103,0.1724,0.512489,0.014000
YZ,1.0000,1.0000,-0.3103,0.2414,0.510839,0.014000
YZ,1.0000,1.0000,-0.3103,0.3103,0.509217,0.012000
YZ,1.0000,1.0000,-0.3103,0.3793,0.507636,0.010000
YZ,1.0000,1.0000,-0.3103,0.4483,0.506113,0.013000
YZ,1.0000,1.0000,-0.3103,0.5172,0.504669,0.016000
YZ,1.0000,1.0000,-0.3103,0.5862,0.503323,0.017000
YZ,1.0000,1.0000,-0.3103,0.6552,0.502096,0.021000
YZ,1.0000,1.0000,-0.3103,0.7241,0.501009,0.024000
YZ,1.0000,1.0000,-0.3103,0.7931,0.500078,0.018000
YZ,1.0000,1.0000,-0.3103,0.8621,0.499316,0.021000
YZ,1.0000,1.0000,-0.3103,0.9310,0.498729,0.017000
YZ,1.0000,1.0000,-0.3103,1.0000,0.498317,0.015000
YZ,1.0000,1.0000,-0.2414,-1.0000,0.571091,0.006000
YZ,1.0000,1.0000,-0.2414,-0.9310,0.571174,0.005000
YZ,1.0000,1.0000,-0.2414,-0.8621,0.571199,0.013000
YZ,1.0000,1.0000,-0.2414,-0.7931,0.571165,0.006000
YZ,1.0000,1.0000,-0.2414,-0.7241,0.571071,0.005000
YZ,1.0000,1.0000,-0.2414,-0.6552,0.570917,0.006000
YZ,1.0000,1.0000,-0.2414,-0.5862,0.570705,0.009000
YZ,1.0000,1.0000,-0.2414,-0.5172,0.570433,0.008000
YZ,1.0000,1.0000,-0.2414,-0.4483,0.570102,0.004000
YZ,1.0000,1.0000,-0.2414,-0.3793,0.569713,0.008000
YZ,1.0000,1.0000,-0.2414,-0.3103,0.569267,0.005000
YZ,1.0000,1.0000,-0.2414,-0.2414,0.568763,0.012000
YZ,1.0000,1.0000,-0.2414,-0.1724,0.568203,0.007000
YZ,1.0000,1.0000,-0.2414,-0.1034,0.567589,0.006000
YZ,1.0000,1.0000,-0.2414,-0.0345,0.566920,0.004000
YZ,1.0000,1.0000,-0.2414,0.0345,0.566200,0.007000
YZ,1.0000,1.0000,-0.2414,0.1034,0.565429,0.002000
YZ,1.0000,1.0000,-0.2414,0.1724,0.564609,0.003000
YZ,1.0000,1.0000,-0.2414,0.2414,0.563743,0.003000
YZ,1.0000,1.0000,-0.2414,0.3103,0.562831,0.003000
YZ,1.0000,1.0000,-0.2414,0.3793,0.561878,0.003000
YZ,1.0000,1.0000,-0.2414,0.4483,0.560885,0.003000
YZ,1.0000,1.0000,-0.2414,0.5172,0.559855,0.003000
YZ,1.0000,1.0000,-0.2414,0.5862,0.558791,0.007000
YZ,1.0000,1.0000,-0.2414,0.6552,0.557697,0.005000
YZ,1.0000,1.0000,-0.2414,0.7241,0.556577,0.004000
YZ,1.0000,1.0000,-0.2414,0.7931,0.555433,0.004000
YZ,1.0000,1.0000,-0.2414,0.8621,0.554271,0.005000
YZ,1.0000,1.0000,-0.2414,0.9310,0.553094,0.006000
YZ,1.0000,1.0000,-0.2414,1.0000,0.551908,0.002000
YZ,1.0000,1.0000,-0.1724,-1.0000,0.588074,0.036000
YZ,1.0000,1.0000,-0.1724,-0.9310,0.588958,0.031000
YZ,1.0000,1.0000,-0.1724,-0.8621,0.589801,0.034000
YZ,1.0000,1.0000,-0.1724,-0.7931,0.590601,0.029000
YZ,1.0000,1.0000,-0.1724,-0.7241,0.591358,0.035000
YZ,1.0000,1.0000,-0.1724,-0.6552,0.592071,0.029000
YZ,1.0000,1.0000,-0.1724,-0.5862,0.592737,0.025000
YZ,1.0000,1.0000,-0.1724,-0.5172,0.593356,0.023000
YZ,1.0000,1.0000,-0.1724,-0.4483,0.593928,0.030000
YZ,1.0000,1.0000,-0.1724,-0.3793,0.594450,0.020000
YZ,1.0000,1.0000,-0.1724,-0.3103,0.594923,0.035000
YZ,1.0000,1.0000,-0.1724,-0.2414,0.595346,0.027000
YZ,1.0000,1.0000,-0.1724,-0.1724,0.595718,0.029000
YZ,1.0000,1.0000,-0.1724,-0.1034,0.596037,0.019000
YZ,1.0000,1.0000,-0.1724,-0.0345,0.596305,0.029000
YZ,1.0000,1.0000,-0.1724,0.0345,0.596520,0.034000
YZ,1.0000,1.0000,-0.1724,0.1034,0.596682,0.032000
YZ,1.0000,1.0000,-0.1724,0.1724,0.596791,0.018000
YZ,1.0000,1.0000,-0.1724,0.2414,0.596846,0.022000
YZ,1.0000,1.0000,-0.1724,0.3103,0.596847,0.028000
YZ,1.0000,1.0000,-0.1724,0.3793,0.596795,0.025000
YZ,1.0000,1.0000,-0.1724,0.4483,0.596689,0.020000
YZ,1.0000,1.0000,-0.1724,0.5172,0.596530,0.020000
YZ,1.0000,1.0000,-0.1724,0.5862,0.596317,0.015000
YZ,1.0000,1.0000,-0.1724,0.6552,0.596052,0.016000
YZ,1.0000,1.0000,-0.1724,0.7241,0.595734,0.021000
YZ,1.0000,1.0000,-0.1724,0.7931,0.595364,0.013000
YZ,1.0000,1.0000,-0.1724,0.8621,0.594943,0.015000
YZ,1.0000,1.0000,-0.1724,0.9310,0.594471,0.019000
YZ,1.0000,1.0000,-0.1724,1.0000,0.593950,0.012000
YZ,1.0000,1.0000,-0.1034,-1.0000,0.592979,0.076000
YZ,1.0000,1.0000,-0.1034,-0.9310,0.594274,0.061000
YZ,1.0000,1.0000,-0.1034,-0.8621,0.595543,0.065000
YZ,1.0000,1.0000,-0.1034,-0.7931,0.596785,0.050000
YZ,1.0000,1.0000,-0.1034,-0.7241,0.597998,0.069000
YZ,1.0000,1.0000,-0.1034,-0.6552,0.599180,0.079000
YZ,1.0000,1.0000,-0.1034,-0.5862,0.600330,0.062000
YZ,1.0000,1.0000,-0.1034,-0.5172,0.601447,0.063000
YZ,1.0000,1.0000,-0.1034,-0.4483,0.602530,0.057000
YZ,1.0000,1.0000,-0.1034,-0.3793,0.603576,0.062000
YZ,1.0000,1.0000,-0.1034,-0.3103,0.604586,0.060000
YZ,1.0000,1.0000,-0.1034,-0.2414,0.605557,0.053000
YZ,1.0000,1.0000,-0.1034,-0.1724,0.606489,0.044000
YZ,1.0000,1.0000,-0.1034,-0.1034,0.607380,0.062000
YZ,1.0000,1.0000,-0.1034,-0.0345,0.608230,0.055000
YZ,1.0000,1.0000,-0.1034,0.0345,0.609037,0.059000
YZ,1.0000,1.0000,-0.1034,0.1034,0.609801,0.062000
YZ,1.0000,1.0000,-0.1034,0.1724,0.610521,0.063000
YZ,1.0000,1.0000,-0.1034,0.2414,0.611196,0.052000
YZ,1.0000,1.0000,-0.1034,0.3103,0.611825,0.049000
YZ,1.0000,1.0000,-0.1034,0.3793,0.612408,0.044000
YZ,1.0000,1.0000,-0.1034,0.4483,0.612944,0.056000
YZ,1.0000,1.0000,-0.1034,0.5172,0.613431,0.056000
YZ,1.0000,1.0000,-0.1034,0.5862,0.613871,0.053000
YZ,1.0000,1.0000,-0.1034,0.6552,0.614262,0.047000
YZ,1.0000,1.0000,-0.1034,0.7241,0.614603,0.062000
YZ,1.0000,1.0000,-0.1034,0.7931,0.614895,0.045000
YZ,1.0000,1.0000,-0.1034,0.8621,0.615137,0.035000
YZ,1.0000,1.0000,-0.1034,0.9310,0.615328,0.045000
YZ,1.0000,1.0000,-0.1034,1.0000,0.615469,0.039000
YZ,1.0000,1.0000,-0.0345,-1.0000,0.590949,0.071000
YZ,1.0000,1.0000,-0.0345,-0.9310,0.592417,0.063000
YZ,1.0000,1.0000,-0.0345,-0.8621,0.593866,0.072000
YZ,1.0000,1.0000,-0.0345,-0.7931,0.595297,0.072000
YZ,1.0000,1.0000,-0.0345,-0.7241,0.596706,0.071000
YZ,1.0000,1.0000,-0.0345,-0.6552,0.598091,0.069000
YZ,1.0000,1.0000,-0.0345,-0.5862,0.599453,0.074000
YZ,1.0000,1.0000,-0.0345,-0.5172,0.600788,0.064000
YZ,1.0000,1.0000,-0.0345,-0.4483,0.602095,0.063000
YZ,1.0000,1.0000,-0.0345,-0.3793,0.603373,0.071000
YZ,1.0000,1.0000,-0.0345,-0.3103,0.604620,0.053000
YZ,1.0000,1.0000,-0.0345,-0.2414,0.605835,0.063000
YZ,1.0000,1.0000,-0.0345,-0.1724,0.607018,0.076000
YZ,1.0000,1.0000,-0.0345,-0.1034,0.608166,0.070000
YZ,1.0000,1.0000,-0.0345,-0.0345,0.609279,0.064000
YZ,1.0000,1.0000,-0.0345,0.0345,0.610355,0.067000
YZ,1.0000,1.0000,-0.0345,0.1034,0.611394,0.070000
YZ,1.0000,1.0000,-0.0345,0.1724,0.612395,0.072000
YZ,1.0000,1.0000,-0.0345,0.2414,0.613357,0.071000
YZ,1.0000,1.0000,-0.0345,0.3103,0.614279,0.057000
YZ,1.0000,1.0000,-0.0345,0.3793,0.615160,0.072000
YZ,1.0000,1.0000,-0.0345,0.4483,0.616001,0.063000
YZ,1.0000,1.0000,-0.0345,0.5172,0.616800,0.061000
YZ,1.0000,1.0000,-0.0345,0.5862,0.617557,0.064000
YZ,1.0000,1.0000,-0.0345,0.6552,0.618271,0.081000
YZ,1.0000,1.0000,-0.0345,0.7241,0.618941,0.066000
YZ,1.0000,1.0000,-0.0345,0.7931,0.619569,0.064000
YZ,1.0000,1.0000,-0.0345,0.8621,0.620153,0.059000
YZ,1.0000,1.0000,-0.0345,0.9310,0.620692,0.056000
YZ,1.0000,1.0000,-0.0345,1.0000,0.621188,0.064000
YZ,1.0000,1.0000,0.0345,-1.0000,0.583842,0.040000
YZ,1.0000,1.0000,0.0345,-0.9310,0.585425,0.048000
YZ,1.0000,1.0000,0.0345,-0.8621,0.586999,0.053000
YZ,1.0000,1.0000,0.0345,-0.7931,0.588561,0.046000
YZ,1.0000,1.0000,0.0345,-0.7241,0.590108,0.056000
YZ,1.0000,1.0000,0.0345,-0.6552,0.591638,0.033000
YZ,1.0000,1.0000,0.0345,-0.5862,0.593148,0.053000
YZ,1.0000,1.0000,0.0345,-0.5172,0.594637,0.056000
YZ,1.0000,1.0000,0.0345,-0.4483,0.596103,0.054000
YZ,1.0000,1.0000,0.0345,-0.3793,0.597543,0.060000
YZ,1.0000,1.0000,0.0345,-0.3103,0.598955,0.046000
YZ,1.0000,1.0000,0.0345,-0.2414,0.600339,0.058000
YZ,1.0000,1.0000,0.0345,-0.1724,0.601692,0.051000
YZ,1.0000,1.0000,0.0345,-0.1034,0.603013,0.054000
YZ,1.0000,1.0000,0.0345,-0.0345,0.604300,0.059000
YZ,1.0000,1.0000,0.0345,0.0345,0.605552,0.070000
YZ,1.0000,1.0000,0.0345,0.1034,0.606769,0.061000
YZ,1.0000,1.0000,0.0345,0.1724,0.607948,0.065000
YZ,1.0000,1.0000,0.0345,0.2414,0.609089,0.071000
YZ,1.0000,1.0000,0.0345,0.3103,0.610190,0.059000
YZ,1.0000,1.0000,0.0345,0.3793,0.611252,0.060000
YZ,1.0000,1.0000,0.0345,0.4483,0.612273,0.070000
YZ,1.0000,1.0000,0.0345,0.5172,0.613253,0.065000
YZ,1.0000,1.0000,0.0345,0.5862,0.614190,0.048000
YZ,1.0000,1.0000,0.0345,0.6552,0.615085,0.071000
YZ,1.0000,1.0000,0.0345,0.7241,0.615936,0.075000
YZ,1.0000,1.0000,0.0345,0.7931,0.616745,0.060000
YZ,1.0000,1.0000,0.0345,0.8621,0.617509,0.053000
YZ,1.0000,1.0000,0.0345,0.9310,0.618230,0.057000
YZ,1.0000,1.0000,0.0345,1.0000,0.618906,0.073000
YZ,1.0000,1.0000,0.1034,-1.0000,0.569938,0.025000
YZ,1.0000,1.0000,0.1034,-0.9310,0.571644,0.028000
YZ,1.0000,1.0000,0.1034,-0.8621,0.573355,0.025000
YZ,1.0000,1.0000,0.1034,-0.7931,0.575068,0.022000
YZ,1.0000,1.0000,0.1034,-0.7241,0.576778,0.026000
YZ,1.0000,1.0000,0.1034,-0.6552,0.578483,0.034000
YZ,1.0000,1.0000,0.1034,-0.5862,0.580178,0.029000
YZ,1.0000,1.0000,0.1034,-0.5172,0.581860,0.033000
YZ,1.0000,1.0000,0.1034,-0.4483,0.583526,0.030000
YZ,1.0000,1.0000,0.1034,-0.3793,0.585174,0.029000
YZ,1.0000,1.0000,0.1034,-0.3103,0.586801,0.023000
YZ,1.0000,1.0000,0.1034,-0.2414,0.588404,0.026000
YZ,1.0000,1.0000,0.1034,-0.1724,0.589980,0.028000
YZ,1.0000,1.0000,0.1034,-0.1034,0.591528,0.032000
YZ,1.0000,1.0000,0.1034,-0.0345,0.593044,0.024000
YZ,1.0000,1.0000,0.1034,0.0345,0.594528,0.035000
YZ,1.0000,1.0000,0.1034,0.1034,0.595977,0.034000
YZ,1.0000,1.0000,0.1034,0.1724,0.597390,0.042000
YZ,1.0000,1.0000,0.1034,0.2414,0.598765,0.041000
YZ,1.0000,1.0000,0.1034,0.3103,0.600100,0.029000
YZ,1.0000,1.0000,0.1034,0.3793,0.601394,0.036000
YZ,1.0000,1.0000,0.1034,0.4483,0.602645,0.030000
YZ,1.0000,1.0000,0.1034,0.5172,0.603854,0.043000
YZ,1.0000,1.0000,0.1034,0.5862,0.605018,0.055000
YZ,1.0000,1.0000,0.1034,0.6552,0.606137,0.042000
YZ,1.0000,1.0000,0.1034,0.7241,0.607209,0.046000
YZ,1.0000,1.0000,0.1034,0.7931,0.608235,0.050000
YZ,1.0000,1.0000,0.1034,0.8621,0.609213,0.046000
YZ,1.0000,1.0000,0.1034,0.9310,0.610143,0.059000
YZ,1.0000,1.0000,0.1034,1.0000,0.611024,0.061000
YZ,1.0000,1.0000,0.1724,-1.0000,0.545550,0.006000
YZ,1.0000,1.0000,0.1724,-0.9310,0.547343,0.007000
YZ,1.0000,1.0000,0.1724,-0.8621,0.549166,0.003000
YZ,1.0000,1.0000,0.1724,-0.7931,0.551013,0.007000
YZ,1.0000,1.0000,0.1724,-0.7241,0.552878,0.007000
YZ,1.0000,1.0000,0.1724,-0.6552,0.554754,0.007000
YZ,1.0000,1.0000,0.1724,-0.5862,0.556636,0.004000
YZ,1.0000,1.0000,0.1724,-0.5172,0.558519,0.006000
YZ,1.0000,1.0000,0.1724,-0.4483,0.560398,0.007000
YZ,1.0000,1.0000,0.1724,-0.3793,0.562268,0.010000
YZ,1.0000,1.0000,0.1724,-0.3103,0.564126,0.006000
YZ,1.0000,1.0000,0.1724,-0.2414,0.565967,0.013000
YZ,1.0000,1.0000,0.1724,-0.1724,0.567789,0.014000
YZ,1.0000,1.0000,0.1724,-0.1034,0.569587,0.009000
YZ,1.0000,1.0000,0.1724,-0.0345,0.571359,0.008000
YZ,1.0000,1.0000,0.1724,0.0345,0.573103,0.013000
YZ,1.0000,1.0000,0.1724,0.1034,0.574814,0.009000
YZ,1.0000,1.0000,0.1724,0.1724,0.576491,0.014000
YZ,1.0000,1.0000,0.1724,0.2414,0.578132,0.014000
YZ,1.0000,1.0000,0.1724,0.3103,0.579734,0.013000
YZ,1.0000,1.0000,0.1724,0.3793,0.581295,0.014000
YZ,1.0000,1.0000,0.1724,0.4483,0.582815,0.026000
YZ,1.0000,1.0000,0.1724,0.5172,0.584290,0.011000
YZ,1.0000,1.0000,0.1724,0.5862,0.585719,0.010000
YZ,1.0000,1.0000,0.1724,0.6552,0.587101,0.014000
YZ,1.0000,1.0000,0.1724,0.7241,0.588435,0.018000
YZ,1.0000,1.0000,0.1724,0.7931,0.589719,0.021000
YZ,1.0000,1.0000,0.1724,0.8621,0.590952,0.020000
YZ,1.0000,1.0000,0.1724,0.9310,0.592134,0.027000
YZ,1.0000,1.0000,0.1724,1.0000,0.593263,0.027000
YZ,1.0000,1.0000,0.2414,-1.0000,0.513247,0.000000
YZ,1.0000,1.0000,0.2414,-0.9310,0.515395,0.000000
YZ,1.0000,1.0000,0.2414,-0.8621,0.517548,0.001000
YZ,1.0000,1.0000,0.2414,-0.7931,0.519703,0.000000
YZ,1.0000,1.0000,0.2414,-0.7241,0.521854,0.000000
YZ,1.0000,1.0000,0.2414,-0.6552,0.523998,0.001000
YZ,1.0000,1.0000,0.2414,-0.5862,0.526132,0.000000
YZ,1.0000,1.0000,0.2414,-0.5172,0.528252,0.000000
YZ,1.0000,1.0000,0.2414,-0.4483,0.530357,0.001000
YZ,1.0000,1.0000,0.2414,-0.3793,0.532444,0.002000
YZ,1.0000,1.0000,0.2414,-0.3103,0.534510,0.000000
YZ,1.0000,1.0000,0.2414,-0.2414,0.536552,0.001000
YZ,1.0000,1.0000,0.2414,-0.1724,0.538569,0.002000
YZ,1.0000,1.0000,0.2414,-0.1034,0.540558,0.003000
YZ,1.0000,1.0000,0.2414,-0.0345,0.542517,0.000000
YZ,1.0000,1.0000,0.2414,0.0345,0.544444,0.001000
YZ,1.0000,1.0000,0.2414,0.1034,0.546338,0.000000
YZ,1.0000,1.0000,0.2414,0.1724,0.548196,0.002000
YZ,1.0000,1.0000,0.2414,0.2414,0.550016,0.003000
YZ,1.0000,1.0000,0.2414,0.3103,0.551797,0.001000
YZ,1.0000,1.0000,0.2414,0.3793,0.553537,0.005000
YZ,1.0000,1.0000,0.2414,0.4483,0.555234,0.005000
YZ,1.0000,1.0000,0.2414,0.5172,0.556887,0.004000
YZ,1.0000,1.0000,0.2414,0.5862,0.558495,0.001000
YZ,1.0000,1.0000,0.2414,0.6552,0.560056,0.007000
YZ,1.0000,1.0000,0.2414,0.7241,0.561570,0.006000
YZ,1.0000,1.0000,0.2414,0.7931,0.563033,0.009000
YZ,1.0000,1.0000,0.2414,0.8621,0.564447,0.013000
YZ,1.0000,1.0000,0.2414,0.9310,0.565808,0.007000
YZ,1.0000,1.0000,0.2414,1.0000,0.567118,0.006000
YZ,1.0000,1.0000,0.3103,-1.0000,0.525884,0.003000
YZ,1.0000,1.0000,0.3103,-0.9310,0.526236,0.000000
YZ,1.0000,1.0000,0.3103,-0.8621,0.526683,0.000000
YZ,1.0000,1.0000,0.3103,-0.7931,0.527220,0.002000
YZ,1.0000,1.0000,0.3103,-0.7241,0.527844,0.000000
YZ,1.0000,1.0000,0.3103,-0.6552,0.528547,0.000000
YZ,1.0000,1.0000,0.3103,-0.5862,0.529325,0.002000
YZ,1.0000,1.0000,0.3103,-0.5172,0.530171,0.002000
YZ,1.0000,1.0000,0.3103,-0.4483,0.531078,0.002000
YZ,1.0000,1.0000,0.3103,-0.3793,0.532039,0.000000
YZ,1.0000,1.0000,0.3103,-0.3103,0.533049,0.000000
YZ,1.0000,1.0000,0.3103,-0.2414,0.534100,0.002000
YZ,1.0000,1.0000,0.3103,-0.1724,0.535187,0.002000
YZ,1.0000,1.0000,0.3103,-0.1034,0.536304,0.005000
YZ,1.0000,1.0000,0.3103,-0.0345,0.537444,0.006000
YZ,1.0000,1.0000,0.3103,0.0345,0.538604,0.004000
YZ,1.0000,1.0000,0.3103,0.1034,0.539777,0.002000
YZ,1.0000,1.0000,0.3103,0.1724,0.540959,0.003000
YZ,1.0000,1.0000,0.3103,0.2414,0.542146,0.002000
YZ,1.0000,1.0000,0.3103,0.3103,0.543333,0.005000
YZ,1.0000,1.0000,0.3103,0.3793,0.544517,0.004000
YZ,1.0000,1.0000,0.3103,0.4483,0.545694,0.004000
YZ,1.0000,1.0000,0.3103,0.5172,0.546860,0.009000
YZ,1.0000,1.0000,0.3103,0.5862,0.548012,0.011000
YZ,1.0000,1.0000,0.3103,0.6552,0.549148,0.003000
YZ,1.0000,1.0000,0.3103,0.7241,0.550264,0.010000
YZ,1.0000,1.0000,0.3103,0.7931,0.551358,0.006000
YZ,1.0000,1.0000,0.3103,0.8621,0.552427,0.006000
YZ,1.0000,1.0000,0.3103,0.9310,0.553469,0.005000
YZ,1.0000,1.0000,0.3103,1.0000,0.554482,0.008000
YZ,1.0000,1.0000,0.3793,-1.0000,0.553034,0.001000
YZ,1.0000,1.0000,0.3793,-0.9310,0.553418,0.005000
YZ,1.0000,1.0000,0.3793,-0.8621,0.553828,0.006000
YZ,1.0000,1.0000,0.3793,-0.7931,0.554261,0.002000
YZ,1.0000,1.0000,0.3793,-0.7241,0.554717,0.006000
YZ,1.0000,1.0000,0.3793,-0.6552,0.555195,0.002000
YZ,1.0000,1.0000,0.3793,-0.5862,0.555695,0.005000
YZ,1.0000,1.0000,0.3793,-0.5172,0.556214,0.004000
YZ,1.0000,1.0000,0.3793,-0.4483,0.556752,0.006000
YZ,1.0000,1.0000,0.3793,-0.3793,0.557307,0.005000
YZ,1.0000,1.0000,0.3793,-0.3103,0.557878,0.007000
YZ,1.0000,1.0000,0.3793,-0.2414,0.558464,0.007000
YZ,1.0000,1.0000,0.3793,-0.1724,0.559062,0.006000
YZ,1.0000,1.0000,0.3793,-0.1034,0.559671,0.004000
YZ,1.0000,1.0000,0.3793,-0.0345,0.560290,0.004000
YZ,1.0000,1.0000,0.3793,0.0345,0.560917,0.004000
YZ,1.0000,1.0000,0.3793,0.1034,0.561550,0.004000
YZ,1.0000,1.0000,0.3793,0.1724,0.562187,0.001000
YZ,1.0000,1.0000,0.3793,0.2414,0.562827,0.003000
YZ,1.0000,1.0000,0.3793,0.3103,0.563468,0.005000
YZ,1.0000,1.0000,0.3793,0.3793,0.564108,0.002000
YZ,1.0000,1.0000,0.3793,0.4483,0.564746,0.003000
YZ,1.0000,1.0000,0.3793,0.5172,0.565379,0.005000
YZ,1.0000,1.0000,0.3793,0.5862,0.566006,0.006000
YZ,1.0000,1.0000,0.3793,0.6552,0.566626,0.005000
YZ,1.0000,1.0000,0.3793,0.7241,0.567236,0.008000
YZ,1.0000,1.0000,0.3793,0.7931,0.567835,0.005000
YZ,1.0000,1.0000,0.3793,0.8621,0.568421,0.009000
YZ,1.0000,1.0000,0.3793,0.9310,0.568993,0.010000
YZ,1.0000,1.0000,0.3793,1.0000,0.569550,0.006000
YZ,1.0000,1.0000,0.4483,-1.0000,0.574951,0.009000
YZ,1.0000,1.0000,0.4483,-0.9310,0.575588,0.009000
YZ,1.0000,1.0000,0.4483,-0.8621,0.576227,0.005000
YZ,1.0000,1.0000,0.4483,-0.7931,0.576867,0.004000
YZ,1.0000,1.0000,0.4483,-0.7241,0.577509,0.006000
YZ,1.0000,1.0000,0.4483,-0.6552,0.578151,0.004000
YZ,1.0000,1.0000,0.4483,-0.5862,0.578793,0.002000
YZ,1.0000,1.0000,0.4483,-0.5172,0.579435,0.004000
YZ,1.0000,1.0000,0.4483,-0.4483,0.580076,0.005000
YZ,1.0000,1.0000,0.4483,-0.3793,0.580715,0.008000
YZ,1.0000,1.0000,0.4483,-0.3103,0.581353,0.004000
YZ,1.0000,1.0000,0.4483,-0.2414,0.581987,0.005000
YZ,1.0000,1.0000,0.4483,-0.1724,0.582618,0.000000
YZ,1.0000,1.0000,0.4483,-0.1034,0.583244,0.006000
YZ,1.0000,1.0000,0.4483,-0.0345,0.583865,0.007000
YZ,1.0000,1.0000,0.4483,0.0345,0.584481,0.005000
YZ,1.0000,1.0000,0.4483,0.1034,0.585090,0.007000
YZ,1.0000,1.0000,0.4483,0.1724,0.585691,0.002000
YZ,1.0000,1.0000,0.4483,0.2414,0.586284,0.000000
YZ,1.0000,1.0000,0.4483,0.3103,0.586868,0.001000
YZ,1.0000,1.0000,0.4483,0.3793,0.587442,0.002000
YZ,1.0000,1.0000,0.4483,0.4483,0.588006,0.004000
YZ,1.0000,1.0000,0.4483,0.5172,0.588557,0.005000
YZ,1.0000,1.0000,0.4483,0.5862,0.589096,0.005000
YZ,1.0000,1.0000,0.4483,0.6552,0.589622,0.002000
YZ,1.0000,1.0000,0.4483,0.7241,0.590134,0.002000
YZ,1.0000,1.0000,0.4483,0.7931,0.590631,0.005000
YZ,1.0000,1.0000,0.4483,0.8621,0.591111,0.004000
YZ,1.0000,1.0000,0.4483,0.9310,0.591575,0.001000
YZ,1.0000,1.0000,0.4483,1.0000,0.592022,0.007000
YZ,1.0000,1.0000,0.5172,-1.0000,0.591418,0.005000
YZ,1.0000,1.0000,0.5172,-0.9310,0.592292,0.004000
YZ,1.0000,1.0000,0.5172,-0.8621,0.593156,0.004000
YZ,1.0000,1.0000,0.5172,-0.7931,0.594009,0.004000
YZ,1.0000,1.0000,0.5172,-0.7241,0.594851,0.006000
YZ,1.0000,1.0000,0.5172,-0.6552,0.595681,0.005000
YZ,1.0000,1.0000,0.5172,-0.5862,0.596499,0.006000
YZ,1.0000,1.0000,0.5172,-0.5172,0.597305,0.003000
YZ,1.0000,1.0000,0.5172,-0.4483,0.598099,0.008000
YZ,1.0000,1.0000,0.5172,-0.3793,0.598880,0.004000
YZ,1.0000,1.0000,0.5172,-0.3103,0.599648,0.003000
YZ,1.0000,1.0000,0.5172,-0.2414,0.600402,0.006000
YZ,1.0000,1.0000,0.5172,-0.1724,0.601143,0.005000
YZ,1.0000,1.0000,0.5172,-0.1034,0.601869,0.004000
YZ,1.0000,1.0000,0.5172,-0.0345,0.602581,0.005000
YZ,1.0000,1.0000,0.5172,0.0345,0.603278,0.003000
YZ,1.0000,1.0000,0.5172,0.1034,0.603960,0.004000
YZ,1.0000,1.0000,0.5172,0.1724,0.604626,0.003000
YZ,1.0000,1.0000,0.5172,0.2414,0.605276,0.002000
YZ,1.0000,1.0000,0.5172,0.3103,0.605909,0.003000
YZ,1.0000,1.0000,0.5172,0.3793,0.606525,0.002000
YZ,1.0000,1.0000,0.5172,0.4483,0.607123,0.001000
YZ,1.0000,1.0000,0.5172,0.5172,0.607704,0.005000
YZ,1.0000,1.0000,0.5172,0.5862,0.608267,0.003000
YZ,1.0000,1.0000,0.5172,0.6552,0.608810,0.002000
YZ,1.0000,1.0000,0.5172,0.7241,0.609335,0.002000
YZ,1.0000,1.0000,0.5172,0.7931,0.609840,0.001000
YZ,1.0000,1.0000,0.5172,0.8621,0.610324,0.004000
YZ,1.0000,1.0000,0.5172,0.9310,0.610789,0.004000
YZ,1.0000,1.0000,0.5172,1.0000,0.611232,0.003000
YZ,1.0000,1.0000,0.5862,-1.0000,0.600915,0.009000
YZ,1.0000,1.0000,0.5862,-0.9310,0.601974,0.009000
YZ,1.0000,1.0000,0.5862,-0.8621,0.603014,0.003000
YZ,1.0000,1.0000,0.5862,-0.7931,0.604035,0.002000
YZ,1.0000,1.0000,0.5862,-0.7241,0.605037,0.005000
YZ,1.0000,1.0000,0.5862,-0.6552,0.606018,0.009000
YZ,1.0000,1.0000,0.5862,-0.5862,0.606981,0.005000
YZ,1.0000,1.0000,0.5862,-0.5172,0.607923,0.004000
YZ,1.0000,1.0000,0.5862,-0.4483,0.608845,0.007000
YZ,1.0000,1.0000,0.5862,-0.3793,0.609747,0.008000
YZ,1.0000,1.0000,0.5862,-0.3103,0.610628,0.002000
YZ,1.0000,1.0000,0.5862,-0.2414,0.611489,0.007000
YZ,1.0000,1.0000,0.5862,-0.1724,0.612328,0.003000
YZ,1.0000,1.0000,0.5862,-0.1034,0.613147,0.003000
YZ,1.0000,1.0000,0.5862,-0.0345,0.613944,0.005000
YZ,1.0000,1.0000,0.5862,0.0345,0.614719,0.005000
YZ,1.0000,1.0000,0.5862,0.1034,0.615473,0.002000
YZ,1.0000,1.0000,0.5862,0.1724,0.616205,0.006000
YZ,1.0000,1.0000,0.5862,0.2414,0.616915,0.003000
YZ,1.0000,1.0000,0.5862,0.3103,0.617602,0.003000
YZ,1.0000,1.0000,0.5862,0.3793,0.618267,0.001000
YZ,1.0000,1.0000,0.5862,0.4483,0.618908,0.002000
YZ,1.0000,1.0000,0.5862,0.5172,0.619527,0.002000
YZ,1.0000,1.0000,0.5862,0.5862,0.620123,0.005000
YZ,1.0000,1.0000,0.5862,0.6552,0.620696,0.004000
YZ,1.0000,1.0000,0.5862,0.7241,0.621245,0.006000
YZ,1.0000,1.0000,0.5862,0.7931,0.621770,0.003000
YZ,1.0000,1.0000,0.5862,0.8621,0.622271,0.002000
YZ,1.0000,1.0000,0.5862,0.9310,0.622748,0.003000
YZ,1.0000,1.0000,0.5862,1.0000,0.623201,0.005000
YZ,1.0000,1.0000,0.6552,-1.0000,0.600034,0.007000
YZ,1.0000,1.0000,0.6552,-0.9310,0.601159,0.008000
YZ,1.0000,1.0000,0.6552,-0.8621,0.602262,0.005000
YZ,1.0000,1.0000,0.6552,-0.7931,0.603341,0.005000
YZ,1.0000,1.0000,0.6552,-0.7241,0.604398,0.012000
YZ,1.0000,1.0000,0.6552,-0.6552,0.605431,0.006000
YZ,1.0000,1.0000,0.6552,-0.5862,0.606441,0.005000
YZ,1.0000,1.0000,0.6552,-0.5172,0.607428,0.010000
YZ,1.0000,1.0000,0.6552,-0.4483,0.608390,0.016000
YZ,1.0000,1.0000,0.6552,-0.3793,0.609329,0.013000
YZ,1.0000,1.0000,0.6552,-0.3103,0.610244,0.006000
YZ,1.0000,1.0000,0.6552,-0.2414,0.611135,0.005000
YZ,1.0000,1.0000,0.6552,-0.1724,0.612002,0.006000
YZ,1.0000,1.0000,0.6552,-0.1034,0.612844,0.010000
YZ,1.0000,1.0000,0.6552,-0.0345,0.613662,0.006000
YZ,1.0000,1.0000,0.6552,0.0345,0.614456,0.009000
YZ,1.0000,1.0000,0.6552,0.1034,0.615224,0.007000
YZ,1.0000,1.0000,0.6552,0.1724,0.615968,0.011000
YZ,1.0000,1.0000,0.6552,0.2414,0.616688,0.013000
YZ,1.0000,1.0000,0.6552,0.3103,0.617382,0.007000
YZ,1.0000,1.0000,0.6552,0.3793,0.618051,0.009000
YZ,1.0000,1.0000,0.6552,0.4483,0.618695,0.014000
YZ,1.0000,1.0000,0.6552,0.5172,0.619314,0.006000
YZ,1.0000,1.0000,0.6552,0.5862,0.619908,0.003000
YZ,1.0000,1.0000,0.6552,0.6552,0.620477,0.002000
YZ,1.0000,1.0000,0.6552,0.7241,0.621021,0.006000
YZ,1.0000,1.0000,0.6552,0.7931,0.621539,0.007000
YZ,1.0000,1.0000,0.6552,0.8621,0.622032,0.005000
YZ,1.0000,1.0000,0.6552,0.9310,0.622500,0.008000
YZ,1.0000,1.0000,0.6552,1.0000,0.622942,0.006000
YZ,1.0000,1.0000,0.7241,-1.0000,0.586987,0.016000
YZ,1.0000,1.0000,0.7241,-0.9310,0.588008,0.019000
YZ,1.0000,1.0000,0.7241,-0.8621,0.589007,0.015000
YZ,1.0000,1.0000,0.7241,-0.7931,0.589984,0.015000
YZ,1.0000,1.0000,0.7241,-0.7241,0.590940,0.019000
YZ,1.0000,1.0000,0.7241,-0.6552,0.591874,0.015000
YZ,1.0000,1.0000,0.7241,-0.5862,0.592785,0.018000
YZ,1.0000,1.0000,0.7241,-0.5172,0.593675,0.023000
YZ,1.0000,1.0000,0.7241,-0.4483,0.594542,0.017000
YZ,1.0000,1.0000,0.7241,-0.3793,0.595387,0.023000
YZ,1.0000,1.0000,0.7241,-0.3103,0.596209,0.020000
YZ,1.0000,1.0000,0.7241,-0.2414,0.597009,0.020000
YZ,1.0000,1.0000,0.7241,-0.1724,0.597786,0.014000
YZ,1.0000,1.0000,0.7241,-0.1034,0.598541,0.014000
YZ,1.0000,1.0000,0.7241,-0.0345,0.599273,0.013000
YZ,1.0000,1.0000,0.7241,0.0345,0.599983,0.016000
YZ,1.0000,1.0000,0.7241,0.1034,0.600670,0.017000
YZ,1.0000,1.0000,0.7241,0.1724,0.601334,0.016000
YZ,1.0000,1.0000,0.7241,0.2414,0.601975,0.013000
YZ,1.0000,1.0000,0.7241,0.3103,0.602594,0.013000
YZ,1.0000,1.0000,0.7241,0.3793,0.603189,0.018000
YZ,1.0000,1.0000,0.7241,0.4483,0.603762,0.018000
YZ,1.0000,1.0000,0.7241,0.5172,0.604313,0.013000
YZ,1.0000,1.0000,0.7241,0.5862,0.604841,0.019000
YZ,1.0000,1.0000,0.7241,0.6552,0.605346,0.016000
YZ,1.0000,1.0000,0.7241,0.7241,0.605829,0.015000
YZ,1.0000,1.0000,0.7241,0.7931,0.606289,0.012000
YZ,1.0000,1.0000,0.7241,0.8621,0.606726,0.018000
YZ,1.0000,1.0000,0.7241,0.9310,0.607142,0.023000
YZ,1.0000,1.0000,0.7241,1.0000,0.607535,0.014000
YZ,1.0000,1.0000,0.7931,-1.0000,0.564708,0.014000
YZ,1.0000,1.0000,0.7931,-0.9310,0.565489,0.017000
YZ,1.0000,1.0000,0.7931,-0.8621,0.566254,0.018000
YZ,1.0000,1.0000,0.7931,-0.7931,0.567002,0.018000
YZ,1.0000,1.0000,0.7931,-0.7241,0.567734,0.026000
YZ,1.0000,1.0000,0.7931,-0.6552,0.568450,0.018000
YZ,1.0000,1.0000,0.7931,-0.5862,0.569149,0.027000
YZ,1.0000,1.0000,0.7931,-0.5172,0.569832,0.023000
YZ,1.0000,1.0000,0.7931,-0.4483,0.570498,0.027000
YZ,1.0000,1.0000,0.7931,-0.3793,0.571148,0.018000
YZ,1.0000,1.0000,0.7931,-0.3103,0.571780,0.020000
YZ,1.0000,1.0000,0.7931,-0.2414,0.572397,0.032000
YZ,1.0000,1.0000,0.7931,-0.1724,0.572996,0.023000
YZ,1.0000,1.0000,0.7931,-0.1034,0.573579,0.028000
YZ,1.0000,1.0000,0.7931,-0.0345,0.574146,0.030000
YZ,1.0000,1.0000,0.7931,0.0345,0.574696,0.026000
YZ,1.0000,1.0000,0.7931,0.1034,0.575229,0.023000
YZ,1.0000,1.0000,0.7931,0.1724,0.575746,0.029000
YZ,1.0000,1.0000,0.7931,0.2414,0.576247,0.027000
YZ,1.0000,1.0000,0.7931,0.3103,0.576731,0.017000
YZ,1.0000,1.0000,0.7931,0.3793,0.577198,0.015000
YZ,1.0000,1.0000,0.7931,0.4483,0.577650,0.025000
YZ,1.0000,1.0000,0.7931,0.5172,0.578085,0.018000
YZ,1.0000,1.0000,0.7931,0.5862,0.578504,0.023000
YZ,1.0000,1.0000,0.7931,0.6552,0.578908,0.037000
YZ,1.0000,1.0000,0.7931,0.7241,0.579295,0.021000
YZ,1.0000,1.0000,0.7931,0.7931,0.579666,0.021000
YZ,1.0000,1.0000,0.7931,0.8621,0.580022,0.019000
YZ,1.0000,1.0000,0.7931,0.9310,0.580362,0.022000
YZ,1.0000,1.0000,0.7931,1.0000,0.580686,0.022000
YZ,1.0000,1.0000,0.8621,-1.0000,0.539625,0.016000
YZ,1.0000,1.0000,0.8621,-0.9310,0.540136,0.018000
YZ,1.0000,1.0000,0.8621,-0.8621,0.540639,0.013000
YZ,1.0000,1.0000,0.8621,-0.7931,0.541133,0.012000
YZ,1.0000,1.0000,0.8621,-0.7241,0.541618,0.018000
YZ,1.0000,1.0000,0.8621,-0.6552,0.542095,0.014000
YZ,1.0000,1.0000,0.8621,-0.5862,0.542563,0.008000
YZ,1.0000,1.0000,0.8621,-0.5172,0.543022,0.018000
YZ,1.0000,1.0000,0.8621,-0.4483,0.543472,0.022000
YZ,1.0000,1.0000,0.8621,-0.3793,0.543914,0.013000
YZ,1.0000,1.0000,0.8621,-0.3103,0.544348,0.016000
YZ,1.0000,1.0000,0.8621,-0.2414,0.544772,0.014000
YZ,1.0000,1.0000,0.8621,-0.1724,0.545188,0.018000
YZ,1.0000,1.0000,0.8621,-0.1034,0.545596,0.019000
YZ,1.0000,1.0000,0.8621,-0.0345,0.545995,0.017000
YZ,1.0000,1.0000,0.8621,0.0345,0.546386,0.026000
YZ,1.0000,1.0000,0.8621,0.1034,0.546768,0.016000
YZ,1.0000,1.0000,0.8621,0.1724,0.547142,0.020000
YZ,1.0000,1.0000,0.8621,0.2414,0.547508,0.017000
YZ,1.0000,1.0000,0.8621,0.3103,0.547866,0.023000
YZ,1.0000,1.0000,0.8621,0.3793,0.548215,0.017000
YZ,1.0000,1.0000,0.8621,0.4483,0.548557,0.023000
YZ,1.0000,1.0000,0.8621,0.5172,0.548890,0.019000
YZ,1.0000,1.0000,0.8621,0.5862,0.549216,0.020000
YZ,1.0000,1.0000,0.8621,0.6552,0.549534,0.026000
YZ,1.0000,1.0000,0.8621,0.7241,0.549844,0.025000
YZ,1.0000,1.0000,0.8621,0.7931,0.550147,0.028000
YZ,1.0000,1.0000,0.8621,0.8621,0.550442,0.019000
YZ,1.0000,1.0000,0.8621,0.9310,0.550730,0.021000
YZ,1.0000,1.0000,0.8621,1.0000,0.551011,0.016000
YZ,1.0000,1.0000,0.9310,-1.0000,0.518635,0.014000
YZ,1.0000,1.0000,0.9310,-0.9310,0.518943,0.011000
YZ,1.0000,1.0000,0.9310,-0.8621,0.519250,0.006000
YZ,1.0000,1.0000,0.9310,-0.7931,0.519555,0.017000
YZ,1.0000,1.0000,0.9310,-0.7241,0.519860,0.009000
YZ,1.0000,1.0000,0.9310,-0.6552,0.520163,0.009000
YZ,1.0000,1.0000,0.9310,-0.5862,0.520465,0.016000
YZ,1.0000,1.0000,0.9310,-0.5172,0.520766,0.011000
YZ,1.0000,1.0000,0.9310,-0.4483,0.521066,0.009000
YZ,1.0000,1.0000,0.9310,-0.3793,0.521364,0.020000
YZ,1.0000,1.0000,0.9310,-0.3103,0.521662,0.014000
YZ,1.0000,1.0000,0.9310,-0.2414,0.521958,0.015000
YZ,1.0000,1.0000,0.9310,-0.1724,0.522253,0.010000
YZ,1.0000,1.0000,0.9310,-0.1034,0.522548,0.015000
YZ,1.0000,1.0000,0.9310,-0.0345,0.522841,0.009000
YZ,1.0000,1.0000,0.9310,0.0345,0.523133,0.027000
YZ,1.0000,1.0000,0.9310,0.1034,0.523424,0.013000
YZ,1.0000,1.0000,0.9310,0.1724,0.523715,0.013000
YZ,1.0000,1.0000,0.9310,0.2414,0.524004,0.016000
YZ,1.0000,1.0000,0.9310,0.3103,0.524292,0.016000
YZ,1.0000,1.0000,0.9310,0.3793,0.524580,0.019000
YZ,1.0000,1.0000,0.9310,0.4483,0.524867,0.015000
YZ,1.0000,1.0000,0.9310,0.5172,0.525153,0.016000
YZ,1.0000,1.0000,0.9310,0.5862,0.525438,0.015000
YZ,1.0000,1.0000,0.9310,0.6552,0.525723,0.015000
YZ,1.0000,1.0000,0.9310,0.7241,0.526007,0.019000
YZ,1.0000,1.0000,0.9310,0.7931,0.526290,0.012000
YZ,1.0000,1.0000,0.9310,0.8621,0.526572,0.010000
YZ,1.0000,1.0000,0.9310,0.9310,0.526854,0.015000
YZ,1.0000,1.0000,0.9310,1.0000,0.527135,0.017000
YZ,1.0000,1.0000,1.0000,-1.0000,0.508580,0.012000
YZ,1.0000,1.0000,1.0000,-0.9310,0.508799,0.010000
YZ,1.0000,1.0000,1.0000,-0.8621,0.509022,0.008000
YZ,1.0000,1.0000,1.0000,-0.7931,0.509248,0.011000
YZ,1.0000,1.0000,1.0000,-0.7241,0.509476,0.007000
YZ,1.0000,1.0000,1.0000,-0.6552,0.509707,0.012000
YZ,1.0000,1.0000,1.0000,-0.5862,0.509941,0.004000
YZ,1.0000,1.0000,1.0000,-0.5172,0.510178,0.008000
YZ,1.0000,1.0000,1.0000,-0.4483,0.510417,0.013000
YZ,1.0000,1.0000,1.0000,-0.3793,0.510659,0.014000
YZ,1.0000,1.0000,1.0000,-0.3103,0.510904,0.012000
YZ,1.0000,1.0000,1.0000,-0.2414,0.511152,0.010000
YZ,1.0000,1.0000,1.0000,-0.1724,0.511402,0.010000
YZ,1.0000,1.0000,1.0000,-0.1034,0.511655,0.010000
YZ,1.0000,1.0000,1.0000,-0.0345,0.511910,0.014000
YZ,1.0000,1.0000,1.0000,0.0345,0.512168,0.012000
YZ,1.0000,1.0000,1.0000,0.1034,0.512429,0.009000
YZ,1.0000,1.0000,1.0000,0.1724,0.512692,0.011000
YZ,1.0000,1.0000,1.0000,0.2414,0.512957,0.012000
YZ,1.0000,1.0000,1.0000,0.3103,0.513225,0.011000
YZ,1.0000,1.0000,1.0000,0.3793,0.513495,0.005000
YZ,1.0000,1.0000,1.0000,0.4483,0.513768,0.012000
YZ,1.0000,1.0000,1.0000,0.5172,0.514043,0.008000
YZ,1.0000,1.0000,1.0000,0.5862,0.514321,0.010000
YZ,1.0000,1.0000,1.0000,0.6552,0.514600,0.014000
YZ,1.0000,1.0000,1.0000,0.7241,0.514882,0.010000
YZ,1.0000,1.0000,1.0000,0.7931,0.515166,0.009000
YZ,1.0000,1.0000,1.0000,0.8621,0.515452,0.012000
YZ,1.0000,1.0000,1.0000,0.9310,0.515740,0.006000
YZ,1.0000,1.0000,1.0000,1.0000,0.516030,0.009000
