scan_kind,sequence_name,sequence_label,numMS,scan_name,x_axis,y_axis,x_index,y_index,rabi_ratio,phase_pi,sideband_2pi_khz,fcl_2pi_khz,gg,ee,eg,ge,odd,balance,nominal_gg,nominal_ee,score
heatmap,varms_2,2 x MS0(pi/2),2,sideband_fcl,sideband,fcl,1,1,1,0,-2,-2,0.69832852596184425,0.0093206710939411856,0.14617540147210734,0.14617540147210734,0.29235080294421467,0.68900785486790306,9.2727763303247752e-05,0.99989549141336287,0.0093206710939411856
heatmap,varms_2,2 x MS0(pi/2),2,sideband_fcl,sideband,fcl,2,1,1,0,-1.8666666666666667,-2,0.62670088108698707,0.047769305748777136,0.16276490658211792,0.16276490658211792,0.32552981316423585,0.57893157533820994,9.2727763303247752e-05,0.99989549141336287,0.047769305748777136
heatmap,varms_2,2 x MS0(pi/2),2,sideband_fcl,sideband,fcl,3,1,1,0,-1.7333333333333334,-2,0.58813784962355553,0.083795468886010763,0.16403334074521683,0.16403334074521683,0.32806668149043366,0.50434238073754478,9.2727763303247752e-05,0.99989549141336287,0.083795468886010763
heatmap,varms_2,2 x MS0(pi/2),2,sideband_fcl,sideband,fcl,4,1,1,0,-1.6000000000000001,-2,0.67087034705274051,0.059181530259663537,0.13497406134379794,0.13497406134379794,0.26994812268759588,0.61168881679307696,9.2727763303247752e-05,0.99989549141336287,0.059181530259663537
heatmap,varms_2,2 x MS0(pi/2),2,sideband_fcl,sideband,fcl,5,1,1,0,-1.4666666666666666,-2,0.84969873837023613,0.040178255862071237,0.055061502883846349,0.055061502883846349,0.1101230057676927,0.80952048250816488,9.2727763303247752e-05,0.99989549141336287,0.040178255862071237
heatmap,varms_2,2 x MS0(pi/2),2,sideband_fcl,sideband,fcl,6,1,1,0,-1.3333333333333333,-2,0.92259069641956937,0.023484532808493417,0.026962385385968547,0.026962385385968547,0.053924770771937094,0.89910616361107598,9.2727763303247752e-05,0.99989549141336287,0.023484532808493417
heatmap,varms_2,2 x MS0(pi/2),2,sideband_fcl,sideband,fcl,7,1,1,0,-1.2,-2,0.91264724733835478,0.012838549146124614,0.037257101757760244,0.037257101757760244,0.074514203515520488,0.89980869819223019,9.2727763303247752e-05,0.99989549141336287,0.012838549146124614
heatmap,varms_2,2 x MS0(pi/2),2,sideband_fcl,sideband,fcl,8,1,1,0,-1.0666666666666667,-2,0.87013200036046889,0.02074311105730374,0.054562444291113718,0.054562444291113718,0.10912488858222744,0.84938888930316514,9.2727763303247752e-05,0.99989549141336287,0.02074311105730374
heatmap,varms_2,2 x MS0(pi/2),2,sideband_fcl,sideband,fcl,9,1,1,0,-0.93333333333333335,-2,0.80212010995847627,0.053342234752133788,0.072268827644694972,0.072268827644694972,0.14453765528938994,0.74877787520634254,9.2727763303247752e-05,0.99989549141336287,0.053342234752133788
heatmap,varms_2,2 x MS0(pi/2),2,sideband_fcl,sideband,fcl,10,1,1,0,-0.80000000000000004,-2,0.66728085954706751,0.10241981540857761,0.11514966252217738,0.11514966252217738,0.23029932504435477,0.56486104413848992,9.2727763303247752e-05,0.99989549141336287,0.10241981540857761
heatmap,varms_2,2 x MS0(pi/2),2,sideband_fcl,sideband,fcl,11,1,1,0,-0.66666666666666663,-2,0.49345053172684195,0.1571934588174238,0.17467800472786713,0.17467800472786713,0.34935600945573425,0.33625707290941814,9.2727763303247752e-05,0.99989549141336287,0.1571934588174238
heatmap,varms_2,2 x MS0(pi/2),2,sideband_fcl,sideband,fcl,12,1,1,0,-0.53333333333333333,-2,0.38859003528492148,0.18314475735462393,0.21413260368022732,0.21413260368022732,0.42826520736045465,0.20544527793029754,9.2727763303247752e-05,0.99989549141336287,0.18314475735462393
heatmap,varms_2,2 x MS0(pi/2),2,sideband_fcl,sideband,fcl,13,1,1,0,-0.40000000000000002,-2,0.38190110476660932,0.23585901584692212,0.19111993969323426,0.19111993969323426,0.38223987938646853,0.1460420889196872,9.2727763303247752e-05,0.99989549141336287,0.23585901584692212
heatmap,varms_2,2 x MS0(pi/2),2,sideband_fcl,sideband,fcl,14,1,1,0,-0.26666666666666666,-2,0.46742751554581141,0.28704191893143099,0.1227652827613788,0.1227652827613788,0.24553056552275759,0.18038559661438042,9.2727763303247752e-05,0.99989549141336287,0.28704191893143099
heatmap,varms_2,2 x MS0(pi/2),2,sideband_fcl,sideband,fcl,15,1,1,0,-0.13333333333333333,-2,0.66872537095338347,0.2305393922215766,0.050367618412519979,0.050367618412519979,0.10073523682503996,0.43818597873180687,9.2727763303247752e-05,0.99989549141336287,0.2305393922215766
heatmap,varms_2,2 x MS0(pi/2),2,sideband_fcl,sideband,fcl,16,1,1,0,0,-2,0.81409299327358609,0.13226695421893869,0.026820026253737621,0.026820026253737621,0.053640052507475243,0.68182603905464734,9.2727763303247752e-05,0.99989549141336287,0.13226695421893869
heatmap,varms_2,2 x MS0(pi/2),2,sideband_fcl,sideband,fcl,17,1,1,0,0.13333333333333333,-2,0.78406940753021304,0.08145938000187336,0.067235606233956857,0.067235606233956857,0.13447121246791371,0.70261002752833968,9.2727763303247752e-05,0.99989549141336287,0.08145938000187336
heatmap,varms_2,2 x MS0(pi/2),2,sideband_fcl,sideband,fcl,18,1,1,0,0.26666666666666666,-2,0.63782691428596927,0.090117079617826529,0.13602800304810211,0.13602800304810211,0.27205600609620423,0.54770983466814271,9.2727763303247752e-05,0.99989549141336287,0.090117079617826529
heatmap,varms_2,2 x MS0(pi/2),2,sideband_fcl,sideband,fcl,19,1,1,0,0.40000000000000002,-2,0.51254165598522217,0.11015247244086024,0.18865293578695877,0.18865293578695877,0.37730587157391754,0.40238918354436193,9.2727763303247752e-05,0.99989549141336287,0.11015247244086024
heatmap,varms_2,2 x MS0(pi/2),2,sideband_fcl,sideband,fcl,20,1,1,0,0.53333333333333333,-2,0.5134836831007894,0.10876890103858032,0.18887370793031508,0.18887370793031508,0.37774741586063015,0.40471478206220907,9.2727763303247752e-05,0.99989549141336287,0.10876890103858032
heatmap,varms_2,2 x MS0(pi/2),2,sideband_fcl,sideband,fcl,21,1,1,0,0.66666666666666663,-2,0.63360999802515239,0.10388171084379764,0.131254145565525,0.131254145565525,0.26250829113105001,0.52972828718135478,9.2727763303247752e-05,0.99989549141336287,0.10388171084379764
heatmap,varms_2,2 x MS0(pi/2),2,sideband_fcl,sideband,fcl,22,1,1,0,0.80000000000000004,-2,0.75673435277010037,0.15001254070558592,0.046626553262156777,0.046626553262156777,0.093253106524313553,0.60672181206451448,9.2727763303247752e-05,0.99989549141336287,0.15001254070558592
heatmap,varms_2,2 x MS0(pi/2),2,sideband_fcl,sideband,fcl,23,1,1,0,0.93333333333333335,-2,0.71552930711756235,0.22239524740621833,0.031037722738109657,0.031037722738109657,0.062075445476219314,0.49313405971134405,9.2727763303247752e-05,0.99989549141336287,0.22239524740621833
heatmap,varms_2,2 x MS0(pi/2),2,sideband_fcl,sideband,fcl,24,1,1,0,1.0666666666666667,-2,0.52768116203107895,0.24443700464052329,0.11394091666419891,0.11394091666419891,0.22788183332839781,0.28324415739055564,9.2727763303247752e-05,0.99989549141336287,0.24443700464052329
heatmap,varms_2,2 x MS0(pi/2),2,sideband_fcl,sideband,fcl,25,1,1,0,1.2,-2,0.36591393037691594,0.19471736720342001,0.21968435120983204,0.21968435120983204,0.43936870241966408,0.17119656317349594,9.2727763303247752e-05,0.99989549141336287,0.19471736720342001
heatmap,varms_2,2 x MS0(pi/2),2,sideband_fcl,sideband,fcl,26,1,1,0,1.3333333333333333,-2,0.26138583886542255,0.10484305028313654,0.31688555542572044,0.31688555542572044,0.63377111085144089,0.15654278858228601,9.2727763303247752e-05,0.99989549141336287,0.10484305028313654
heatmap,varms_2,2 x MS0(pi/2),2,sideband_fcl,sideband,fcl,27,1,1,0,1.4666666666666666,-2,0.20995234800846188,0.039486135873750688,0.37528075805889372,0.37528075805889372,0.75056151611778743,0.17046621213471119,9.2727763303247752e-05,0.99989549141336287,0.039486135873750688
heatmap,varms_2,2 x MS0(pi/2),2,sideband_fcl,sideband,fcl,28,1,1,0,1.6000000000000001,-2,0.33231996062644847,0.035851164976478618,0.3159144371985364,0.3159144371985364,0.6318288743970728,0.29646879564996986,9.2727763303247752e-05,0.99989549141336287,0.035851164976478618
heatmap,varms_2,2 x MS0(pi/2),2,sideband_fcl,sideband,fcl,29,1,1,0,1.7333333333333334,-2,0.62023923381860147,0.046365092320713272,0.16669783693034268,0.16669783693034268,0.33339567386068536,0.57387414149788818,9.2727763303247752e-05,0.99989549141336287,0.046365092320713272
heatmap,varms_2,2 x MS0(pi/2),2,sideband_fcl,sideband,fcl,30,1,1,0,1.8666666666666667,-2,0.8746290744914933,0.02986327816625067,0.047753823671128084,0.047753823671128084,0.095507647342256169,0.84476579632524262,9.2727763303247752e-05,0.99989549141336287,0.02986327816625067
heatmap,varms_2,2 x MS0(pi/2),2,sideband_fcl,sideband,fcl,31,1,1,0,2,-2,0.96406785750584256,0.017374669460331033,0.0092787365169132354,0.0092787365169132354,0.018557473033826471,0.9466931880455115,9.2727763303247752e-05,0.99989549141336287,0.017374669460331033
heatmap,varms_2,2 x MS0(pi/2),2,sideband_fcl,sideband,fcl,1,2,1,0,-2,-1.8666666666666667,0.52792180332511285,0.033684226700939728,0.21919698498697368,0.21919698498697368,0.43839396997394736,0.49423757662417311,9.2727763303247752e-05,0.99989549141336287,0.033684226700939728
heatmap,varms_2,2 x MS0(pi/2),2,sideband_fcl,sideband,fcl,2,2,1,0,-1.8666666666666667,-1.8666666666666667,0.51944757971175159,0.094900239901220457,0.19282609019351396,0.19282609019351396,0.38565218038702792,0.42454733981053117,9.2727763303247752e-05,0.99989549141336287,0.094900239901220457
heatmap,varms_2,2 x MS0(pi/2),2,sideband_fcl,sideband,fcl,3,2,1,0,-1.7333333333333334,-1.8666666666666667,0.55592702280111794,0.10205250561993774,0.17101023578947211,0.17101023578947211,0.34202047157894422,0.45387451718118021,9.2727763303247752e-05,0.99989549141336287,0.10205250561993774
heatmap,varms_2,2 x MS0(pi/2),2,sideband_fcl,sideband,fcl,4,2,1,0,-1.6000000000000001,-1.8666666666666667,0.70711156352840365,0.042932615718364778,0.12497791037661574,0.12497791037661574,0.24995582075323147,0.66417894781003883,9.2727763303247752e-05,0.99989549141336287,0.042932615718364778
heatmap,varms_2,2 x MS0(pi/2),2,sideband_fcl,sideband,fcl,5,2,1,0,-1.4666666666666666,-1.8666666666666667,0.9064816923094231,0.028537937824891235,0.032490184932842808,0.032490184932842808,0.064980369865685617,0.87794375448453188,9.2727763303247752e-05,0.99989549141336287,0.028537937824891235
heatmap,varms_2,2 x MS0(pi/2),2,sideband_fcl,sideband,fcl,6,2,1,0,-1.3333333333333333,-1.8666666666666667,0.9371372018130264,0.020015332283296258,0.021423732951838692,0.021423732951838692,0.042847465903677384,0.91712186952973018,9.2727763303247752e-05,0.99989549141336287,0.020015332283296258
heatmap,varms_2,2 x MS0(pi/2),2,sideband_fcl,sideband,fcl,7,2,1,0,-1.2,-1.8666666666666667,0.87869378203943449,0.022469971194360727,0.049418123383102398,0.049418123383102398,0.098836246766204797,0.85622381084507371,9.2727763303247752e-05,0.99989549141336287,0.022469971194360727
heatmap,varms_2,2 x MS0(pi/2),2,sideband_fcl,sideband,fcl,8,2,1,0,-1.0666666666666667,-1.8666666666666667,0.78035434490357625,0.052051058426006186,0.08379729833520877,0.08379729833520877,0.16759459667041754,0.72830328647757003,9.2727763303247752e-05,0.99989549141336287,0.052051058426006186
heatmap,varms_2,2 x MS0(pi/2),2,sideband_fcl,sideband,fcl,9,2,1,0,-0.93333333333333335,-1.8666666666666667,0.6704382299190802,0.10878909793083079,0.11038633607504446,0.11038633607504446,0.22077267215008892,0.56164913198824939,9.2727763303247752e-05,0.99989549141336287,0.10878909793083079
heatmap,varms_2,2 x MS0(pi/2),2,sideband_fcl,sideband,fcl,10,2,1,0,-0.80000000000000004,-1.8666666666666667,0.51242879985299961,0.19820798094976463,0.14468160959861784,0.14468160959861784,0.28936321919723568,0.31422081890323494,9.2727763303247752e-05,0.99989549141336287,0.19820798094976463
heatmap,varms_2,2 x MS0(pi/2),2,sideband_fcl,sideband,fcl,11,2,1,0,-0.66666666666666663,-1.8666666666666667,0.36425225930478572,0.27632871519741597,0.17970951274889918,0.17970951274889918,0.35941902549779836,0.087923544107369744,9.2727763303247752e-05,0.99989549141336287,0.27632871519741597
heatmap,varms_2,2 x MS0(pi/2),2,sideband_fcl,sideband,fcl,12,2,1,0,-0.53333333333333333,-1.8666666666666667,0.31099825320556518,0.31710190829630264,0.18594991924906609,0.18594991924906609,0.37189983849813218,-0.0061036550907374587,9.2727763303247752e-05,0.99989549141336287,0.31710190829630264
heatmap,varms_2,2 x MS0(pi/2),2,sideband_fcl,sideband,fcl,13,2,1,0,-0.40000000000000002,-1.8666666666666667,0.36283924997113687,0.35566017542182937,0.14075028730351691,0.14075028730351691,0.28150057460703382,0.0071790745493074959,9.2727763303247752e-05,0.99989549141336287,0.35566017542182937
heatmap,varms_2,2 x MS0(pi/2),2,sideband_fcl,sideband,fcl,14,2,1,0,-0.26666666666666666,-1.8666666666666667,0.56845527569981413,0.29450114432652214,0.068521789986831838,0.068521789986831838,0.13704357997366368,0.273954131373292,9.2727763303247752e-05,0.99989549141336287,0.29450114432652214
heatmap,varms_2,2 x MS0(pi/2),2,sideband_fcl,sideband,fcl,15,2,1,0,-0.13333333333333333,-1.8666666666666667,0.81858123076158473,0.1369431495692042,0.02223780983460558,0.02223780983460558,0.04447561966921116,0.68163808119238056,9.2727763303247752e-05,0.99989549141336287,0.1369431495692042
heatmap,varms_2,2 x MS0(pi/2),2,sideband_fcl,sideband,fcl,16,2,1,0,0,-1.8666666666666667,0.83917034556748593,0.043581179105835935,0.058624237663339074,0.058624237663339074,0.11724847532667815,0.79558916646165001,9.2727763303247752e-05,0.99989549141336287,0.043581179105835935
heatmap,varms_2,2 x MS0(pi/2),2,sideband_fcl,sideband,fcl,17,2,1,0,0.13333333333333333,-1.8666666666666667,0.67979797876452686,0.066703653684254585,0.12674918377560926,0.12674918377560926,0.25349836755121852,0.61309432508027228,9.2727763303247752e-05,0.99989549141336287,0.066703653684254585
heatmap,varms_2,2 x MS0(pi/2),2,sideband_fcl,sideband,fcl,18,2,1,0,0.26666666666666666,-1.8666666666666667,0.52203184642237688,0.11415119555763729,0.18190847900999288,0.18190847900999288,0.36381695801998576,0.40788065086473957,9.2727763303247752e-05,0.99989549141336287,0.11415119555763729
heatmap,varms_2,2 x MS0(pi/2),2,sideband_fcl,sideband,fcl,19,2,1,0,0.40000000000000002,-1.8666666666666667,0.50483476181322928,0.12565571236071849,0.18475476291302614,0.18475476291302614,0.36950952582605229,0.3791790494525108,9.2727763303247752e-05,0.99989549141336287,0.12565571236071849
heatmap,varms_2,2 x MS0(pi/2),2,sideband_fcl,sideband,fcl,20,2,1,0,0.53333333333333333,-1.8666666666666667,0.6206928734707422,0.12852268475311868,0.12539222088806956,0.12539222088806956,0.25078444177613912,0.49217018871762352,9.2727763303247752e-05,0.99989549141336287,0.12852268475311868
heatmap,varms_2,2 x MS0(pi/2),2,sideband_fcl,sideband,fcl,21,2,1,0,0.66666666666666663,-1.8666666666666667,0.73502933799528314,0.16572820898965901,0.049621226507528975,0.049621226507528975,0.099242453015057949,0.56930112900562413,9.2727763303247752e-05,0.99989549141336287,0.16572820898965901
heatmap,varms_2,2 x MS0(pi/2),2,sideband_fcl,sideband,fcl,22,2,1,0,0.80000000000000004,-1.8666666666666667,0.70115400176001652,0.22168279085687173,0.038581603691555832,0.038581603691555832,0.077163207383111665,0.47947121090314482,9.2727763303247752e-05,0.99989549141336287,0.22168279085687173
heatmap,varms_2,2 x MS0(pi/2),2,sideband_fcl,sideband,fcl,23,2,1,0,0.93333333333333335,-1.8666666666666667,0.53836650002752706,0.24021408209820916,0.1107097089371319,0.1107097089371319,0.22141941787426381,0.2981524179293179,9.2727763303247752e-05,0.99989549141336287,0.24021408209820916
heatmap,varms_2,2 x MS0(pi/2),2,sideband_fcl,sideband,fcl,24,2,1,0,1.0666666666666667,-1.8666666666666667,0.39140195540957395,0.19705046811010068,0.20577378824016265,0.20577378824016265,0.41154757648032531,0.19435148729947327,9.2727763303247752e-05,0.99989549141336287,0.19705046811010068
heatmap,varms_2,2 x MS0(pi/2),2,sideband_fcl,sideband,fcl,25,2,1,0,1.2,-1.8666666666666667,0.28945576849499116,0.11113585654756818,0.29970418747872035,0.29970418747872035,0.5994083749574407,0.17831991194742297,9.2727763303247752e-05,0.99989549141336287,0.11113585654756818
heatmap,varms_2,2 x MS0(pi/2),2,sideband_fcl,sideband,fcl,26,2,1,0,1.3333333333333333,-1.8666666666666667,0.21898949066089587,0.03940834524066536,0.37080108204921935,0.37080108204921935,0.74160216409843871,0.17958114542023051,9.2727763303247752e-05,0.99989549141336287,0.03940834524066536
heatmap,varms_2,2 x MS0(pi/2),2,sideband_fcl,sideband,fcl,27,2,1,0,1.4666666666666666,-1.8666666666666667,0.30360390764701817,0.028683106413081999,0.3338564929699499,0.3338564929699499,0.66771298593989981,0.27492080123393614,9.2727763303247752e-05,0.99989549141336287,0.028683106413081999
heatmap,varms_2,2 x MS0(pi/2),2,sideband_fcl,sideband,fcl,28,2,1,0,1.6000000000000001,-1.8666666666666667,0.58682249329173886,0.043762748207415901,0.18470737925042263,0.18470737925042263,0.36941475850084526,0.54305974508432298,9.2727763303247752e-05,0.99989549141336287,0.043762748207415901
heatmap,varms_2,2 x MS0(pi/2),2,sideband_fcl,sideband,fcl,29,2,1,0,1.7333333333333334,-1.8666666666666667,0.86664135394515074,0.032153803389700815,0.050602421332574178,0.050602421332574178,0.10120484266514836,0.83448755055544988,9.2727763303247752e-05,0.99989549141336287,0.032153803389700815
heatmap,varms_2,2 x MS0(pi/2),2,sideband_fcl,sideband,fcl,30,2,1,0,1.8666666666666667,-1.8666666666666667,0.96682463039727362,0.017927561774998636,0.007623903913863867,0.007623903913863867,0.015247807827727734,0.94889706862227496,9.2727763303247752e-05,0.99989549141336287,0.017927561774998636
heatmap,varms_2,2 x MS0(pi/2),2,sideband_fcl,sideband,fcl,31,2,1,0,2,-1.8666666666666667,0.90315447543978722,0.043804821168137623,0.026520351696037645,0.026520351696037645,0.05304070339207529,0.85934965427164955,9.2727763303247752e-05,0.99989549141336287,0.043804821168137623
heatmap,varms_2,2 x MS0(pi/2),2,sideband_fcl,sideband,fcl,1,3,1,0,-2,-1.7333333333333334,0.37647102855791337,0.098264656747731494,0.2626321573471776,0.2626321573471776,0.52526431469435519,0.27820637181018187,9.2727763303247752e-05,0.99989549141336287,0.098264656747731494
heatmap,varms_2,2 x MS0(pi/2),2,sideband_fcl,sideband,fcl,2,3,1,0,-1.8666666666666667,-1.7333333333333334,0.43495499017369299,0.16054158748710523,0.20225171116960083,0.20225171116960083,0.40450342233920167,0.27441340268658776,9.2727763303247752e-05,0.99989549141336287,0.16054158748710523
heatmap,varms_2,2 x MS0(pi/2),2,sideband_fcl,sideband,fcl,3,3,1,0,-1.7333333333333334,-1.7333333333333334,0.55211244478648891,0.11336949918240341,0.16725902801555384,0.16725902801555384,0.33451805603110768,0.4387429456040855,9.2727763303247752e-05,0.99989549141336287,0.11336949918240341
heatmap,varms_2,2 x MS0(pi/2),2,sideband_fcl,sideband,fcl,4,3,1,0,-1.6000000000000001,-1.7333333333333334,0.77062403314949068,0.026341720451227416,0.10151712319964097,0.10151712319964097,0.20303424639928194,0.74428231269826328,9.2727763303247752e-05,0.99989549141336287,0.026341720451227416
heatmap,varms_2,2 x MS0(pi/2),2,sideband_fcl,sideband,fcl,5,3,1,0,-1.4666666666666666,-1.7333333333333334,0.92759166581269459,0.024185285041563552,0.024111524572870933,0.024111524572870933,0.048223049145741867,0.903406380771131,9.2727763303247752e-05,0.99989549141336287,0.024185285041563552
heatmap,varms_2,2 x MS0(pi/2),2,sideband_fcl,sideband,fcl,6,3,1,0,-1.3333333333333333,-1.7333333333333334,0.87636106722641838,0.043547682027314717,0.040045625373133442,0.040045625373133442,0.080091250746266884,0.83281338519910364,9.2727763303247752e-05,0.99989549141336287,0.043547682027314717
heatmap,varms_2,2 x MS0(pi/2),2,sideband_fcl,sideband,fcl,7,3,1,0,-1.2,-1.7333333333333334,0.76570326584287496,0.07743031115230109,0.078433211502412004,0.078433211502412004,0.15686642300482401,0.68827295469057392,9.2727763303247752e-05,0.99989549141336287,0.07743031115230109
heatmap,varms_2,2 x MS0(pi/2),2,sideband_fcl,sideband,fcl,8,3,1,0,-1.0666666666666667,-1.7333333333333334,0.63983828500140538,0.1368310640205613,0.11166532548901667,0.11166532548901667,0.22333065097803334,0.50300722098084405,9.2727763303247752e-05,0.99989549141336287,0.1368310640205613
heatmap,varms_2,2 x MS0(pi/2),2,sideband_fcl,sideband,fcl,9,3,1,0,-0.93333333333333335,-1.7333333333333334,0.52381480893533727,0.21968546563867852,0.12824986271299205,0.12824986271299205,0.25649972542598409,0.30412934329665875,9.2727763303247752e-05,0.99989549141336287,0.21968546563867852
heatmap,varms_2,2 x MS0(pi/2),2,sideband_fcl,sideband,fcl,10,3,1,0,-0.80000000000000004,-1.7333333333333334,0.37694846512617169,0.34850398637303587,0.13727377425039625,0.13727377425039625,0.27454754850079249,0.028444478753135827,9.2727763303247752e-05,0.99989549141336287,0.34850398637303587
heatmap,varms_2,2 x MS0(pi/2),2,sideband_fcl,sideband,fcl,11,3,1,0,-0.66666666666666663,-1.7333333333333334,0.2678197751272578,0.45523739431535815,0.13847141527869203,0.13847141527869203,0.27694283055738406,-0.18741761918810035,9.2727763303247752e-05,0.99989549141336287,0.45523739431535815
heatmap,varms_2,2 x MS0(pi/2),2,sideband_fcl,sideband,fcl,12,3,1,0,-0.53333333333333333,-1.7333333333333334,0.24669125600661632,0.50179972940575812,0.12575450729381277,0.12575450729381277,0.25150901458762553,-0.25510847339914178,9.2727763303247752e-05,0.99989549141336287,0.50179972940575812
heatmap,varms_2,2 x MS0(pi/2),2,sideband_fcl,sideband,fcl,13,3,1,0,-0.40000000000000002,-1.7333333333333334,0.37671928455479953,0.46302487650033819,0.080127919472431169,0.080127919472431169,0.16025583894486234,-0.086305591945538662,9.2727763303247752e-05,0.99989549141336287,0.46302487650033819
heatmap,varms_2,2 x MS0(pi/2),2,sideband_fcl,sideband,fcl,14,3,1,0,-0.26666666666666666,-1.7333333333333334,0.6789328302711255,0.25820199544807698,0.031432587140398698,0.031432587140398698,0.062865174280797395,0.42073083482304852,9.2727763303247752e-05,0.99989549141336287,0.25820199544807698
heatmap,varms_2,2 x MS0(pi/2),2,sideband_fcl,sideband,fcl,15,3,1,0,-0.13333333333333333,-1.7333333333333334,0.85351293644512205,0.068703772533216079,0.038891645510830901,0.038891645510830901,0.077783291021661802,0.78480916391190592,9.2727763303247752e-05,0.99989549141336287,0.068703772533216079
heatmap,varms_2,2 x MS0(pi/2),2,sideband_fcl,sideband,fcl,16,3,1,0,0,-1.7333333333333334,0.7573569861360353,0.046666912194384867,0.097988050834789925,0.097988050834789925,0.19597610166957985,0.7106900739416504,9.2727763303247752e-05,0.99989549141336287,0.046666912194384867
heatmap,varms_2,2 x MS0(pi/2),2,sideband_fcl,sideband,fcl,17,3,1,0,0.13333333333333333,-1.7333333333333334,0.57631618896605974,0.11857730849155744,0.1525532512711914,0.1525532512711914,0.30510650254238281,0.45773888047450229,9.2727763303247752e-05,0.99989549141336287,0.11857730849155744
heatmap,varms_2,2 x MS0(pi/2),2,sideband_fcl,sideband,fcl,18,3,1,0,0.26666666666666666,-1.7333333333333334,0.51395335864908009,0.15517817569410625,0.1654342328284068,0.1654342328284068,0.3308684656568136,0.35877518295497385,9.2727763303247752e-05,0.99989549141336287,0.15517817569410625
heatmap,varms_2,2 x MS0(pi/2),2,sideband_fcl,sideband,fcl,19,3,1,0,0.40000000000000002,-1.7333333333333334,0.61712471745602437,0.17243003643351471,0.10522262305523049,0.10522262305523049,0.21044524611046098,0.44469468102250964,9.2727763303247752e-05,0.99989549141336287,0.17243003643351471
heatmap,varms_2,2 x MS0(pi/2),2,sideband_fcl,sideband,fcl,20,3,1,0,0.53333333333333333,-1.7333333333333334,0.71838110438334002,0.21049407153791394,0.035562412039372951,0.035562412039372951,0.071124824078745902,0.50788703284542613,9.2727763303247752e-05,0.99989549141336287,0.21049407153791394
heatmap,varms_2,2 x MS0(pi/2),2,sideband_fcl,sideband,fcl,21,3,1,0,0.66666666666666663,-1.7333333333333334,0.66845716297167457,0.25155152926906033,0.039995653879632574,0.039995653879632574,0.079991307759265148,0.41690563370261424,9.2727763303247752e-05,0.99989549141336287,0.25155152926906033
heatmap,varms_2,2 x MS0(pi/2),2,sideband_fcl,sideband,fcl,22,3,1,0,0.80000000000000004,-1.7333333333333334,0.51114675103736618,0.25723616828615714,0.11580854033823841,0.11580854033823841,0.23161708067647682,0.25391058275120904,9.2727763303247752e-05,0.99989549141336287,0.25723616828615714
heatmap,varms_2,2 x MS0(pi/2),2,sideband_fcl,sideband,fcl,23,3,1,0,0.93333333333333335,-1.7333333333333334,0.38337475681197791,0.2136905635125961,0.20146733983771298,0.20146733983771298,0.40293467967542596,0.16968419329938181,9.2727763303247752e-05,0.99989549141336287,0.2136905635125961
heatmap,varms_2,2 x MS0(pi/2),2,sideband_fcl,sideband,fcl,24,3,1,0,1.0666666666666667,-1.7333333333333334,0.30567084186302135,0.13289484552358447,0.28071715630669714,0.28071715630669714,0.56143431261339427,0.17277599633943688,9.2727763303247752e-05,0.99989549141336287,0.13289484552358447
heatmap,varms_2,2 x MS0(pi/2),2,sideband_fcl,sideband,fcl,25,3,1,0,1.2,-1.7333333333333334,0.25259804039993911,0.0578607624672383,0.34477059856641129,0.34477059856641129,0.68954119713282258,0.19473727793270079,9.2727763303247752e-05,0.99989549141336287,0.0578607624672383
heatmap,varms_2,2 x MS0(pi/2),2,sideband_fcl,sideband,fcl,26,3,1,0,1.3333333333333333,-1.7333333333333334,0.31593607340362911,0.032217502597809623,0.32592321199928065,0.32592321199928065,0.6518464239985613,0.28371857080581947,9.2727763303247752e-05,0.99989549141336287,0.032217502597809623
heatmap,varms_2,2 x MS0(pi/2),2,sideband_fcl,sideband,fcl,27,3,1,0,1.4666666666666666,-1.7333333333333334,0.56765407357691799,0.039092851392444693,0.19662653751531861,0.19662653751531861,0.39325307503063722,0.52856122218447332,9.2727763303247752e-05,0.99989549141336287,0.039092851392444693
heatmap,varms_2,2 x MS0(pi/2),2,sideband_fcl,sideband,fcl,28,3,1,0,1.6000000000000001,-1.7333333333333334,0.85464913731833703,0.030243460931568902,0.057553700875047055,0.057553700875047055,0.11510740175009411,0.82440567638676809,9.2727763303247752e-05,0.99989549141336287,0.030243460931568902
heatmap,varms_2,2 x MS0(pi/2),2,sideband_fcl,sideband,fcl,29,3,1,0,1.7333333333333334,-1.7333333333333334,0.97359409939641994,0.016834961595146386,0.0047854695042168311,0.0047854695042168311,0.0095709390084336623,0.95675913780127353,9.2727763303247752e-05,0.99989549141336287,0.016834961595146386
heatmap,varms_2,2 x MS0(pi/2),2,sideband_fcl,sideband,fcl,30,3,1,0,1.8666666666666667,-1.7333333333333334,0.91029912400806767,0.042427434196787732,0.023636720897572353,0.023636720897572353,0.047273441795144706,0.86787168981127993,9.2727763303247752e-05,0.99989549141336287,0.042427434196787732
heatmap,varms_2,2 x MS0(pi/2),2,sideband_fcl,sideband,fcl,31,3,1,0,2,-1.7333333333333334,0.76832515106024557,0.10497181763830327,0.063351515650725568,0.063351515650725568,0.12670303130145114,0.66335333342194236,9.2727763303247752e-05,0.99989549141336287,0.10497181763830327
heatmap,varms_2,2 x MS0(pi/2),2,sideband_fcl,sideband,fcl,1,4,1,0,-2,-1.6000000000000001,0.27752089230303933,0.1907699796331756,0.26585456403189256,0.26585456403189256,0.53170912806378512,0.086750912669863733,9.2727763303247752e-05,0.99989549141336287,0.1907699796331756
heatmap,varms_2,2 x MS0(pi/2),2,sideband_fcl,sideband,fcl,2,4,1,0,-1.8666666666666667,-1.6000000000000001,0.38255525515462074,0.2327346995572783,0.19235502264405052,0.19235502264405052,0.38471004528810104,0.14982055559734245,9.2727763303247752e-05,0.99989549141336287,0.2327346995572783
heatmap,varms_2,2 x MS0(pi/2),2,sideband_fcl,sideband,fcl,3,4,1,0,-1.7333333333333334,-1.6000000000000001,0.5678951468123784,0.11644798591339933,0.15782843363711113,0.15782843363711113,0.31565686727422226,0.45144716089897907,9.2727763303247752e-05,0.99989549141336287,0.11644798591339933
heatmap,varms_2,2 x MS0(pi/2),2,sideband_fcl,sideband,fcl,4,4,1,0,-1.6000000000000001,-1.6000000000000001,0.85083945985667209,0.018187797240456556,0.065486371451435627,0.065486371451435627,0.13097274290287125,0.83265166261621548,9.2727763303247752e-05,0.99989549141336287,0.018187797240456556
heatmap,varms_2,2 x MS0(pi/2),2,sideband_fcl,sideband,fcl,5,4,1,0,-1.4666666666666666,-1.6000000000000001,0.89488126110078559,0.034654158257353317,0.035232290320930532,0.035232290320930532,0.070464580641861063,0.86022710284343229,9.2727763303247752e-05,0.99989549141336287,0.034654158257353317
heatmap,varms_2,2 x MS0(pi/2),2,sideband_fcl,sideband,fcl,6,4,1,0,-1.3333333333333333,-1.6000000000000001,0.75131661150463203,0.10631050521375041,0.071186441640808784,0.071186441640808784,0.14237288328161757,0.64500610629088162,9.2727763303247752e-05,0.99989549141336287,0.10631050521375041
heatmap,varms_2,2 x MS0(pi/2),2,sideband_fcl,sideband,fcl,7,4,1,0,-1.2,-1.6000000000000001,0.60879185882766129,0.19055316987713092,0.10032748564760388,0.10032748564760388,0.20065497129520776,0.4182386889505304,9.2727763303247752e-05,0.99989549141336287,0.19055316987713092
heatmap,varms_2,2 x MS0(pi/2),2,sideband_fcl,sideband,fcl,8,4,1,0,-1.0666666666666667,-1.6000000000000001,0.49366022828451667,0.27295381492681431,0.11669297839433457,0.11669297839433457,0.23338595678866914,0.22070641335770236,9.2727763303247752e-05,0.99989549141336287,0.27295381492681431
heatmap,varms_2,2 x MS0(pi/2),2,sideband_fcl,sideband,fcl,9,4,1,0,-0.93333333333333335,-1.6000000000000001,0.38741409454523945,0.36796056572818248,0.12231266986328908,0.12231266986328908,0.24462533972657816,0.019453528817056975,9.2727763303247752e-05,0.99989549141336287,0.36796056572818248
heatmap,varms_2,2 x MS0(pi/2),2,sideband_fcl,sideband,fcl,10,4,1,0,-0.80000000000000004,-1.6000000000000001,0.2670029223254205,0.50462191632100906,0.11418758067678521,0.11418758067678521,0.22837516135357042,-0.23761899399558856,9.2727763303247752e-05,0.99989549141336287,0.50462191632100906
heatmap,varms_2,2 x MS0(pi/2),2,sideband_fcl,sideband,fcl,11,4,1,0,-0.66666666666666663,-1.6000000000000001,0.19564337060297751,0.62791845797193924,0.088219085712541667,0.088219085712541667,0.17643817142508333,-0.4322750873689617,9.2727763303247752e-05,0.99989549141336287,0.62791845797193924
heatmap,varms_2,2 x MS0(pi/2),2,sideband_fcl,sideband,fcl,12,4,1,0,-0.53333333333333333,-1.6000000000000001,0.20870535961654768,0.65219943549292314,0.069547602445264617,0.069547602445264617,0.13909520489052923,-0.44349407587637546,9.2727763303247752e-05,0.99989549141336287,0.65219943549292314
heatmap,varms_2,2 x MS0(pi/2),2,sideband_fcl,sideband,fcl,13,4,1,0,-0.40000000000000002,-1.6000000000000001,0.41134102093610986,0.51230188994707293,0.038178544558408613,0.038178544558408613,0.076357089116817226,-0.10096086901096307,9.2727763303247752e-05,0.99989549141336287,0.51230188994707293
heatmap,varms_2,2 x MS0(pi/2),2,sideband_fcl,sideband,fcl,14,4,1,0,-0.26666666666666666,-1.6000000000000001,0.69279473134728253,0.23109876635956111,0.0380532511465781,0.0380532511465781,0.0761065022931562,0.46169596498772142,9.2727763303247752e-05,0.99989549141336287,0.23109876635956111
heatmap,varms_2,2 x MS0(pi/2),2,sideband_fcl,sideband,fcl,15,4,1,0,-0.13333333333333333,-1.6000000000000001,0.7518374737547262,0.084675067717698338,0.081743729263787659,0.081743729263787659,0.16348745852757532,0.66716240603702781,9.2727763303247752e-05,0.99989549141336287,0.084675067717698338
heatmap,varms_2,2 x MS0(pi/2),2,sideband_fcl,sideband,fcl,16,4,1,0,0,-1.6000000000000001,0.64987580879459617,0.10803419701268398,0.12104499709635991,0.12104499709635991,0.24208999419271982,0.54184161178191215,9.2727763303247752e-05,0.99989549141336287,0.10803419701268398
heatmap,varms_2,2 x MS0(pi/2),2,sideband_fcl,sideband,fcl,17,4,1,0,0.13333333333333333,-1.6000000000000001,0.56164949405387554,0.16240832871216634,0.13797108861697902,0.13797108861697902,0.27594217723395803,0.39924116534170917,9.2727763303247752e-05,0.99989549141336287,0.16240832871216634
heatmap,varms_2,2 x MS0(pi/2),2,sideband_fcl,sideband,fcl,18,4,1,0,0.26666666666666666,-1.6000000000000001,0.62521788058842076,0.20266315855212361,0.086059480429727817,0.086059480429727817,0.17211896085945563,0.42255472203629718,9.2727763303247752e-05,0.99989549141336287,0.20266315855212361
heatmap,varms_2,2 x MS0(pi/2),2,sideband_fcl,sideband,fcl,19,4,1,0,0.40000000000000002,-1.6000000000000001,0.70660976781236862,0.2532701609801527,0.020060035603739319,0.020060035603739319,0.040120071207478639,0.45333960683221591,9.2727763303247752e-05,0.99989549141336287,0.2532701609801527
heatmap,varms_2,2 x MS0(pi/2),2,sideband_fcl,sideband,fcl,20,4,1,0,0.53333333333333333,-1.6000000000000001,0.62957507009894154,0.29060321459182686,0.039910857654615793,0.039910857654615793,0.079821715309231586,0.33897185550711467,9.2727763303247752e-05,0.99989549141336287,0.29060321459182686
heatmap,varms_2,2 x MS0(pi/2),2,sideband_fcl,sideband,fcl,21,4,1,0,0.66666666666666663,-1.6000000000000001,0.45903656313866076,0.28641455638162622,0.12727444023985654,0.12727444023985654,0.25454888047971308,0.17262200675703454,9.2727763303247752e-05,0.99989549141336287,0.28641455638162622
heatmap,varms_2,2 x MS0(pi/2),2,sideband_fcl,sideband,fcl,22,4,1,0,0.80000000000000004,-1.6000000000000001,0.34022898772079407,0.23899135344604866,0.21038982941657861,0.21038982941657861,0.42077965883315721,0.10123763427474541,9.2727763303247752e-05,0.99989549141336287,0.23899135344604866
heatmap,varms_2,2 x MS0(pi/2),2,sideband_fcl,sideband,fcl,23,4,1,0,0.93333333333333335,-1.6000000000000001,0.2854763353594636,0.16083026069680126,0.27684670197186761,0.27684670197186761,0.55369340394373523,0.12464607466266234,9.2727763303247752e-05,0.99989549141336287,0.16083026069680126
heatmap,varms_2,2 x MS0(pi/2),2,sideband_fcl,sideband,fcl,24,4,1,0,1.0666666666666667,-1.6000000000000001,0.27049949548609376,0.087231024957592676,0.32113473977815687,0.32113473977815687,0.64226947955631375,0.18326847052850109,9.2727763303247752e-05,0.99989549141336287,0.087231024957592676
heatmap,varms_2,2 x MS0(pi/2),2,sideband_fcl,sideband,fcl,25,4,1,0,1.2,-1.6000000000000001,0.35110952117348154,0.050553801716506391,0.29916833855500602,0.29916833855500602,0.59833667711001204,0.30055571945697512,9.2727763303247752e-05,0.99989549141336287,0.050553801716506391
heatmap,varms_2,2 x MS0(pi/2),2,sideband_fcl,sideband,fcl,26,4,1,0,1.3333333333333333,-1.6000000000000001,0.5760698638966435,0.041486164077264034,0.19122198601304624,0.19122198601304624,0.38244397202609248,0.53458369981937948,9.2727763303247752e-05,0.99989549141336287,0.041486164077264034
heatmap,varms_2,2 x MS0(pi/2),2,sideband_fcl,sideband,fcl,27,4,1,0,1.4666666666666666,-1.6000000000000001,0.84412976083150026,0.028263517122815589,0.06380336102284212,0.06380336102284212,0.12760672204568424,0.81586624370868466,9.2727763303247752e-05,0.99989549141336287,0.028263517122815589
heatmap,varms_2,2 x MS0(pi/2),2,sideband_fcl,sideband,fcl,28,4,1,0,1.6000000000000001,-1.6000000000000001,0.97532766962069817,0.015998191294722356,0.0043370695422897529,0.0043370695422897529,0.0086741390845795057,0.95932947832597582,9.2727763303247752e-05,0.99989549141336287,0.015998191294722356
heatmap,varms_2,2 x MS0(pi/2),2,sideband_fcl,sideband,fcl,29,4,1,0,1.7333333333333334,-1.6000000000000001,0.92111557197354199,0.041223823660881863,0.018830302182788021,0.018830302182788021,0.037660604365576042,0.87989174831266015,9.2727763303247752e-05,0.99989549141336287,0.041223823660881863
heatmap,varms_2,2 x MS0(pi/2),2,sideband_fcl,sideband,fcl,30,4,1,0,1.8666666666666667,-1.6000000000000001,0.77340728745409149,0.10677146596418739,0.059910623290860547,0.059910623290860547,0.11982124658172109,0.66663582148990408,9.2727763303247752e-05,0.99989549141336287,0.10677146596418739
heatmap,varms_2,2 x MS0(pi/2),2,sideband_fcl,sideband,fcl,31,4,1,0,2,-1.6000000000000001,0.62542405769526532,0.17482538425816466,0.09987527902328501,0.09987527902328501,0.19975055804657002,0.45059867343710069,9.2727763303247752e-05,0.99989549141336287,0.17482538425816466
heatmap,varms_2,2 x MS0(pi/2),2,sideband_fcl,sideband,fcl,1,5,1,0,-2,-1.4666666666666666,0.25623629397142789,0.28151060373423015,0.23112655114717098,0.23112655114717098,0.46225310229434197,-0.025274309762802261,9.2727763303247752e-05,0.99989549141336287,0.28151060373423015
heatmap,varms_2,2 x MS0(pi/2),2,sideband_fcl,sideband,fcl,2,5,1,0,-1.8666666666666667,-1.4666666666666666,0.36998502817786488,0.30013677872169048,0.16493909655022232,0.16493909655022232,0.32987819310044464,0.069848249456174405,9.2727763303247752e-05,0.99989549141336287,0.30013677872169048
heatmap,varms_2,2 x MS0(pi/2),2,sideband_fcl,sideband,fcl,3,5,1,0,-1.7333333333333334,-1.4666666666666666,0.5896190955586853,0.11559773714622783,0.1473915836475434,0.1473915836475434,0.2947831672950868,0.47402135841245746,9.2727763303247752e-05,0.99989549141336287,0.11559773714622783
heatmap,varms_2,2 x MS0(pi/2),2,sideband_fcl,sideband,fcl,4,5,1,0,-1.6000000000000001,-1.4666666666666666,0.9171196276824618,0.017393299186055165,0.032743536565741464,0.032743536565741464,0.065487073131482929,0.89972632849640666,9.2727763303247752e-05,0.99989549141336287,0.017393299186055165
heatmap,varms_2,2 x MS0(pi/2),2,sideband_fcl,sideband,fcl,5,5,1,0,-1.4666666666666666,-1.4666666666666666,0.79634819569447468,0.066094031943734866,0.068778886180895213,0.068778886180895213,0.13755777236179043,0.73025416375073982,9.2727763303247752e-05,0.99989549141336287,0.066094031943734866
heatmap,varms_2,2 x MS0(pi/2),2,sideband_fcl,sideband,fcl,6,5,1,0,-1.3333333333333333,-1.4666666666666666,0.58844178950616788,0.19954628931984811,0.10600596058699201,0.10600596058699201,0.21201192117398401,0.3888955001863198,9.2727763303247752e-05,0.99989549141336287,0.19954628931984811
heatmap,varms_2,2 x MS0(pi/2),2,sideband_fcl,sideband,fcl,7,5,1,0,-1.2,-1.4666666666666666,0.44737283912266007,0.33825097037591656,0.10718809525071166,0.10718809525071166,0.21437619050142331,0.10912186874674351,9.2727763303247752e-05,0.99989549141336287,0.33825097037591656
heatmap,varms_2,2 x MS0(pi/2),2,sideband_fcl,sideband,fcl,8,5,1,0,-1.0666666666666667,-1.4666666666666666,0.36118088359798967,0.42536083633574873,0.1067291400331308,0.1067291400331308,0.21345828006626161,-0.064179952737759061,9.2727763303247752e-05,0.99989549141336287,0.42536083633574873
heatmap,varms_2,2 x MS0(pi/2),2,sideband_fcl,sideband,fcl,9,5,1,0,-0.93333333333333335,-1.4666666666666666,0.26653087250859092,0.5033715835822129,0.1150487719545981,0.1150487719545981,0.23009754390919621,-0.23684071107362198,9.2727763303247752e-05,0.99989549141336287,0.5033715835822129
heatmap,varms_2,2 x MS0(pi/2),2,sideband_fcl,sideband,fcl,10,5,1,0,-0.80000000000000004,-1.4666666666666666,0.19740678438307815,0.60667751737185605,0.097957849122532886,0.097957849122532886,0.19591569824506577,-0.40927073298877792,9.2727763303247752e-05,0.99989549141336287,0.60667751737185605
heatmap,varms_2,2 x MS0(pi/2),2,sideband_fcl,sideband,fcl,11,5,1,0,-0.66666666666666663,-1.4666666666666666,0.16814000069414464,0.72168322066710233,0.055088389319376534,0.055088389319376534,0.11017677863875307,-0.55354321997295775,9.2727763303247752e-05,0.99989549141336287,0.72168322066710233
heatmap,varms_2,2 x MS0(pi/2),2,sideband_fcl,sideband,fcl,12,5,1,0,-0.53333333333333333,-1.4666666666666666,0.21279365649328408,0.69962646846302701,0.043789937521844492,0.043789937521844492,0.087579875043688984,-0.48683281196974293,9.2727763303247752e-05,0.99989549141336287,0.69962646846302701
heatmap,varms_2,2 x MS0(pi/2),2,sideband_fcl,sideband,fcl,13,5,1,0,-0.40000000000000002,-1.4666666666666666,0.41466111255478844,0.50032613529980052,0.042506376072705535,0.042506376072705535,0.085012752145411069,-0.085665022745012087,9.2727763303247752e-05,0.99989549141336287,0.50032613529980052
heatmap,varms_2,2 x MS0(pi/2),2,sideband_fcl,sideband,fcl,14,5,1,0,-0.26666666666666666,-1.4666666666666666,0.58661514698039618,0.23815232073393669,0.087616266142833563,0.087616266142833563,0.17523253228566713,0.34846282624645952,9.2727763303247752e-05,0.99989549141336287,0.23815232073393669
heatmap,varms_2,2 x MS0(pi/2),2,sideband_fcl,sideband,fcl,15,5,1,0,-0.13333333333333333,-1.4666666666666666,0.60725506902508208,0.13062965450753025,0.13105763823369385,0.13105763823369385,0.26211527646738769,0.4766254145175518,9.2727763303247752e-05,0.99989549141336287,0.13062965450753025
heatmap,varms_2,2 x MS0(pi/2),2,sideband_fcl,sideband,fcl,16,5,1,0,0,-1.4666666666666666,0.59644167718218688,0.12863789133616638,0.1374602157408234,0.1374602157408234,0.2749204314816468,0.4678037858460205,9.2727763303247752e-05,0.99989549141336287,0.12863789133616638
heatmap,varms_2,2 x MS0(pi/2),2,sideband_fcl,sideband,fcl,17,5,1,0,0.13333333333333333,-1.4666666666666666,0.64806029301309021,0.17495471165978105,0.08849249766356436,0.08849249766356436,0.17698499532712872,0.47310558135330916,9.2727763303247752e-05,0.99989549141336287,0.17495471165978105
heatmap,varms_2,2 x MS0(pi/2),2,sideband_fcl,sideband,fcl,18,5,1,0,0.26666666666666666,-1.4666666666666666,0.71484686090461713,0.25431157073982369,0.015420784177779564,0.015420784177779564,0.030841568355559127,0.46053529016479344,9.2727763303247752e-05,0.99989549141336287,0.25431157073982369
heatmap,varms_2,2 x MS0(pi/2),2,sideband_fcl,sideband,fcl,19,5,1,0,0.40000000000000002,-1.4666666666666666,0.61517392248634029,0.31044831017926477,0.037188883667197435,0.037188883667197435,0.07437776733439487,0.30472561230707551,9.2727763303247752e-05,0.99989549141336287,0.31044831017926477
heatmap,varms_2,2 x MS0(pi/2),2,sideband_fcl,sideband,fcl,20,5,1,0,0.53333333333333333,-1.4666666666666666,0.41817942642974743,0.30904084386265201,0.13638986485380031,0.13638986485380031,0.27277972970760062,0.10913858256709541,9.2727763303247752e-05,0.99989549141336287,0.30904084386265201
heatmap,varms_2,2 x MS0(pi/2),2,sideband_fcl,sideband,fcl,21,5,1,0,0.66666666666666663,-1.4666666666666666,0.29296075611468286,0.25975499879571706,0.22364212254479998,0.22364212254479998,0.44728424508959996,0.033205757318965801,9.2727763303247752e-05,0.99989549141336287,0.25975499879571706
heatmap,varms_2,2 x MS0(pi/2),2,sideband_fcl,sideband,fcl,22,5,1,0,0.80000000000000004,-1.4666666666666666,0.23956901077291717,0.18111167516809321,0.28965965702949487,0.28965965702949487,0.57931931405898973,0.058457335604823968,9.2727763303247752e-05,0.99989549141336287,0.18111167516809321
heatmap,varms_2,2 x MS0(pi/2),2,sideband_fcl,sideband,fcl,23,5,1,0,0.93333333333333335,-1.4666666666666666,0.24469167152055277,0.1110142166799469,0.32214705589975018,0.32214705589975018,0.64429411179950036,0.13367745484060586,9.2727763303247752e-05,0.99989549141336287,0.1110142166799469
heatmap,varms_2,2 x MS0(pi/2),2,sideband_fcl,sideband,fcl,24,5,1,0,1.0666666666666667,-1.4666666666666666,0.36357607769006417,0.074754472247440057,0.2808347250312479,0.2808347250312479,0.5616694500624958,0.28882160544262414,9.2727763303247752e-05,0.99989549141336287,0.074754472247440057
heatmap,varms_2,2 x MS0(pi/2),2,sideband_fcl,sideband,fcl,25,5,1,0,1.2,-1.4666666666666666,0.59361258457806265,0.055145556841275534,0.17562092929033096,0.17562092929033096,0.35124185858066193,0.53846702773678712,9.2727763303247752e-05,0.99989549141336287,0.055145556841275534
heatmap,varms_2,2 x MS0(pi/2),2,sideband_fcl,sideband,fcl,26,5,1,0,1.3333333333333333,-1.4666666666666666,0.83837389713473376,0.032763446773876298,0.064431328045694958,0.064431328045694958,0.12886265609138992,0.80561045036085743,9.2727763303247752e-05,0.99989549141336287,0.032763446773876298
heatmap,varms_2,2 x MS0(pi/2),2,sideband_fcl,sideband,fcl,27,5,1,0,1.4666666666666666,-1.4666666666666666,0.96683958038332307,0.018930946158221062,0.0071147367292279245,0.0071147367292279245,0.014229473458455849,0.94790863422510196,9.2727763303247752e-05,0.99989549141336287,0.018930946158221062
heatmap,varms_2,2 x MS0(pi/2),2,sideband_fcl,sideband,fcl,28,5,1,0,1.6000000000000001,-1.4666666666666666,0.92654575245915549,0.042280559498892714,0.015586844020975963,0.015586844020975963,0.031173688041951926,0.88426519296026274,9.2727763303247752e-05,0.99989549141336287,0.042280559498892714
heatmap,varms_2,2 x MS0(pi/2),2,sideband_fcl,sideband,fcl,29,5,1,0,1.7333333333333334,-1.4666666666666666,0.78212827681499841,0.1066830762813944,0.055594323451803596,0.055594323451803596,0.11118864690360719,0.67544520053360402,9.2727763303247752e-05,0.99989549141336287,0.1066830762813944
heatmap,varms_2,2 x MS0(pi/2),2,sideband_fcl,sideband,fcl,30,5,1,0,1.8666666666666667,-1.4666666666666666,0.62683526304893533,0.17980277727612073,0.096680979837471981,0.096680979837471981,0.19336195967494396,0.44703248577281463,9.2727763303247752e-05,0.99989549141336287,0.17980277727612073
heatmap,varms_2,2 x MS0(pi/2),2,sideband_fcl,sideband,fcl,31,5,1,0,2,-1.4666666666666666,0.50992753437741356,0.22361562611751876,0.1332284197525338,0.1332284197525338,0.2664568395050676,0.28631190825989483,9.2727763303247752e-05,0.99989549141336287,0.22361562611751876
heatmap,varms_2,2 x MS0(pi/2),2,sideband_fcl,sideband,fcl,1,6,1,0,-2,-1.3333333333333333,0.33481550458848258,0.33797503965117404,0.16360472788017169,0.16360472788017169,0.32720945576034338,-0.0031595350626914542,9.2727763303247752e-05,0.99989549141336287,0.33797503965117404
heatmap,varms_2,2 x MS0(pi/2),2,sideband_fcl,sideband,fcl,2,6,1,0,-1.8666666666666667,-1.3333333333333333,0.40570478647852587,0.3467603780062703,0.1237674177576019,0.1237674177576019,0.2475348355152038,0.058944408472255572,9.2727763303247752e-05,0.99989549141336287,0.3467603780062703
heatmap,varms_2,2 x MS0(pi/2),2,sideband_fcl,sideband,fcl,3,6,1,0,-1.7333333333333334,-1.3333333333333333,0.60685481491924131,0.11669849914061023,0.13822334297007419,0.13822334297007419,0.27644668594014837,0.49015631577863106,9.2727763303247752e-05,0.99989549141336287,0.11669849914061023
heatmap,varms_2,2 x MS0(pi/2),2,sideband_fcl,sideband,fcl,4,6,1,0,-1.6000000000000001,-1.3333333333333333,0.92881371887780695,0.015465798462902818,0.027860241329645083,0.027860241329645083,0.055720482659290166,0.91334792041490409,9.2727763303247752e-05,0.99989549141336287,0.015465798462902818
heatmap,varms_2,2 x MS0(pi/2),2,sideband_fcl,sideband,fcl,5,6,1,0,-1.4666666666666666,-1.3333333333333333,0.64081454282239914,0.12174928944231267,0.1187180838676441,0.1187180838676441,0.23743616773528819,0.51906525338008647,9.2727763303247752e-05,0.99989549141336287,0.12174928944231267
heatmap,varms_2,2 x MS0(pi/2),2,sideband_fcl,sideband,fcl,6,6,1,0,-1.3333333333333333,-1.3333333333333333,0.43493575929836947,0.2913264528387654,0.13686889393143259,0.13686889393143259,0.27373778786286518,0.14360930645960407,9.2727763303247752e-05,0.99989549141336287,0.2913264528387654
heatmap,varms_2,2 x MS0(pi/2),2,sideband_fcl,sideband,fcl,7,6,1,0,-1.2,-1.3333333333333333,0.32581847784968987,0.47036970215633883,0.10190590999698562,0.10190590999698562,0.20381181999397124,-0.14455122430664896,9.2727763303247752e-05,0.99989549141336287,0.47036970215633883
heatmap,varms_2,2 x MS0(pi/2),2,sideband_fcl,sideband,fcl,8,6,1,0,-1.0666666666666667,-1.3333333333333333,0.26435539509635142,0.54596931893652167,0.094837642983563453,0.094837642983563453,0.18967528596712691,-0.28161392384017025,9.2727763303247752e-05,0.99989549141336287,0.54596931893652167
heatmap,varms_2,2 x MS0(pi/2),2,sideband_fcl,sideband,fcl,9,6,1,0,-0.93333333333333335,-1.3333333333333333,0.1944872108470336,0.56680325706368828,0.11935476604463904,0.11935476604463904,0.23870953208927809,-0.37231604621665471,9.2727763303247752e-05,0.99989549141336287,0.56680325706368828
heatmap,varms_2,2 x MS0(pi/2),2,sideband_fcl,sideband,fcl,10,6,1,0,-0.80000000000000004,-1.3333333333333333,0.20011735895933955,0.61646314819961057,0.091709746420524971,0.091709746420524971,0.18341949284104994,-0.41634578924027099,9.2727763303247752e-05,0.99989549141336287,0.61646314819961057
heatmap,varms_2,2 x MS0(pi/2),2,sideband_fcl,sideband,fcl,11,6,1,0,-0.66666666666666663,-1.3333333333333333,0.20013925389235238,0.69769138087502391,0.051084682616311883,0.051084682616311883,0.10216936523262377,-0.49755212698267154,9.2727763303247752e-05,0.99989549141336287,0.69769138087502391
heatmap,varms_2,2 x MS0(pi/2),2,sideband_fcl,sideband,fcl,12,6,1,0,-0.53333333333333333,-1.3333333333333333,0.24218760073727089,0.63301684824151416,0.062397775510607476,0.062397775510607476,0.12479555102121495,-0.3908292475042433,9.2727763303247752e-05,0.99989549141336287,0.63301684824151416
heatmap,varms_2,2 x MS0(pi/2),2,sideband_fcl,sideband,fcl,13,6,1,0,-0.40000000000000002,-1.3333333333333333,0.36766212999714731,0.44593131020592208,0.093203279898465288,0.093203279898465288,0.18640655979693058,-0.078269180208774769,9.2727763303247752e-05,0.99989549141336287,0.44593131020592208
heatmap,varms_2,2 x MS0(pi/2),2,sideband_fcl,sideband,fcl,14,6,1,0,-0.26666666666666666,-1.3333333333333333,0.46087933567190476,0.24417256062293735,0.14747405185257892,0.14747405185257892,0.29494810370515784,0.2167067750489674,9.2727763303247752e-05,0.99989549141336287,0.24417256062293735
heatmap,varms_2,2 x MS0(pi/2),2,sideband_fcl,sideband,fcl,15,6,1,0,-0.13333333333333333,-1.3333333333333333,0.5414448497297345,0.13164120674286406,0.16345697176370066,0.16345697176370066,0.32691394352740133,0.40980364298687044,9.2727763303247752e-05,0.99989549141336287,0.13164120674286406
heatmap,varms_2,2 x MS0(pi/2),2,sideband_fcl,sideband,fcl,16,6,1,0,0,-1.3333333333333333,0.64191551152025728,0.10800484658529988,0.12503982094722141,0.12503982094722141,0.25007964189444282,0.53391066493495742,9.2727763303247752e-05,0.99989549141336287,0.10800484658529988
heatmap,varms_2,2 x MS0(pi/2),2,sideband_fcl,sideband,fcl,17,6,1,0,0.13333333333333333,-1.3333333333333333,0.72936436450479969,0.1856201395579313,0.042507747968634463,0.042507747968634463,0.085015495937268926,0.54374422494686836,9.2727763303247752e-05,0.99989549141336287,0.1856201395579313
heatmap,varms_2,2 x MS0(pi/2),2,sideband_fcl,sideband,fcl,18,6,1,0,0.26666666666666666,-1.3333333333333333,0.65196469846121952,0.27880685411594119,0.034614223711419631,0.034614223711419631,0.069228447422839262,0.37315784434527832,9.2727763303247752e-05,0.99989549141336287,0.27880685411594119
heatmap,varms_2,2 x MS0(pi/2),2,sideband_fcl,sideband,fcl,19,6,1,0,0.40000000000000002,-1.3333333333333333,0.43988990887281249,0.30503085612080411,0.12753961750319176,0.12753961750319176,0.25507923500638352,0.13485905275200838,9.2727763303247752e-05,0.99989549141336287,0.30503085612080411
heatmap,varms_2,2 x MS0(pi/2),2,sideband_fcl,sideband,fcl,20,6,1,0,0.53333333333333333,-1.3333333333333333,0.2888536806360904,0.26529498188457795,0.22292566873966588,0.22292566873966588,0.44585133747933176,0.023558698751512452,9.2727763303247752e-05,0.99989549141336287,0.26529498188457795
heatmap,varms_2,2 x MS0(pi/2),2,sideband_fcl,sideband,fcl,21,6,1,0,0.66666666666666663,-1.3333333333333333,0.20903039812739954,0.1875073488058018,0.30173112653339929,0.30173112653339929,0.60346225306679857,0.021523049321597737,9.2727763303247752e-05,0.99989549141336287,0.1875073488058018
heatmap,varms_2,2 x MS0(pi/2),2,sideband_fcl,sideband,fcl,22,6,1,0,0.80000000000000004,-1.3333333333333333,0.18476942725489284,0.11884408337737218,0.34819324468386748,0.34819324468386748,0.69638648936773495,0.065925343877520665,9.2727763303247752e-05,0.99989549141336287,0.11884408337737218
heatmap,varms_2,2 x MS0(pi/2),2,sideband_fcl,sideband,fcl,23,6,1,0,0.93333333333333335,-1.3333333333333333,0.32111238929403663,0.092464110811853711,0.29321174994705484,0.29321174994705484,0.58642349989410969,0.22864827848218292,9.2727763303247752e-05,0.99989549141336287,0.092464110811853711
heatmap,varms_2,2 x MS0(pi/2),2,sideband_fcl,sideband,fcl,24,6,1,0,1.0666666666666667,-1.3333333333333333,0.5870249859301685,0.075766540248537337,0.16860423691064705,0.16860423691064705,0.3372084738212941,0.51125844568163115,9.2727763303247752e-05,0.99989549141336287,0.075766540248537337
heatmap,varms_2,2 x MS0(pi/2),2,sideband_fcl,sideband,fcl,25,6,1,0,1.2,-1.3333333333333333,0.83249023346108175,0.045704273431376029,0.060902746553771078,0.060902746553771078,0.12180549310754216,0.78678596002970569,9.2727763303247752e-05,0.99989549141336287,0.045704273431376029
heatmap,varms_2,2 x MS0(pi/2),2,sideband_fcl,sideband,fcl,26,6,1,0,1.3333333333333333,-1.3333333333333333,0.95200137450959599,0.025945599029726762,0.011026513230338604,0.011026513230338604,0.022053026460677208,0.92605577547986928,9.2727763303247752e-05,0.99989549141336287,0.025945599029726762
heatmap,varms_2,2 x MS0(pi/2),2,sideband_fcl,sideband,fcl,27,6,1,0,1.4666666666666666,-1.3333333333333333,0.92220144129150139,0.045275777016665873,0.016261390845916407,0.016261390845916407,0.032522781691832814,0.87692566427483554,9.2727763303247752e-05,0.99989549141336287,0.045275777016665873
heatmap,varms_2,2 x MS0(pi/2),2,sideband_fcl,sideband,fcl,28,6,1,0,1.6000000000000001,-1.3333333333333333,0.79116932463885448,0.10418379274050622,0.052323441310319643,0.052323441310319643,0.10464688262063929,0.68698553189834821,9.2727763303247752e-05,0.99989549141336287,0.10418379274050622
heatmap,varms_2,2 x MS0(pi/2),2,sideband_fcl,sideband,fcl,29,6,1,0,1.7333333333333334,-1.3333333333333333,0.63643662321437844,0.17555384982039202,0.0940047634826148,0.0940047634826148,0.1880095269652296,0.46088277339398642,9.2727763303247752e-05,0.99989549141336287,0.17555384982039202
heatmap,varms_2,2 x MS0(pi/2),2,sideband_fcl,sideband,fcl,30,6,1,0,1.8666666666666667,-1.3333333333333333,0.51183885757840042,0.22578958737537533,0.13118577752311211,0.13118577752311211,0.26237155504622423,0.28604927020302506,9.2727763303247752e-05,0.99989549141336287,0.22578958737537533
heatmap,varms_2,2 x MS0(pi/2),2,sideband_fcl,sideband,fcl,31,6,1,0,2,-1.3333333333333333,0.43689788332211171,0.23305284353594619,0.16502463657097105,0.16502463657097105,0.3300492731419421,0.20384503978616553,9.2727763303247752e-05,0.99989549141336287,0.23305284353594619
heatmap,varms_2,2 x MS0(pi/2),2,sideband_fcl,sideband,fcl,1,7,1,0,-2,-1.2,0.50245297960920399,0.32918216508815223,0.084182427651321917,0.084182427651321917,0.16836485530264383,0.17327081452105175,9.2727763303247752e-05,0.99989549141336287,0.32918216508815223
heatmap,varms_2,2 x MS0(pi/2),2,sideband_fcl,sideband,fcl,2,7,1,0,-1.8666666666666667,-1.2,0.48892660636812402,0.35282677665425971,0.079123308488808136,0.079123308488808136,0.15824661697761627,0.13609982971386431,9.2727763303247752e-05,0.99989549141336287,0.35282677665425971
heatmap,varms_2,2 x MS0(pi/2),2,sideband_fcl,sideband,fcl,3,7,1,0,-1.7333333333333334,-1.2,0.61404716572883078,0.12205391641526436,0.1319494589279524,0.1319494589279524,0.2638989178559048,0.49199324931356642,9.2727763303247752e-05,0.99989549141336287,0.12205391641526436
heatmap,varms_2,2 x MS0(pi/2),2,sideband_fcl,sideband,fcl,4,7,1,0,-1.6000000000000001,-1.2,0.86946588443527384,0.014502246574323942,0.058015934495201101,0.058015934495201101,0.1160318689904022,0.85496363786094987,9.2727763303247752e-05,0.99989549141336287,0.014502246574323942
heatmap,varms_2,2 x MS0(pi/2),2,sideband_fcl,sideband,fcl,5,7,1,0,-1.4666666666666666,-1.2,0.47296221324652571,0.19844610286285588,0.16429584194530922,0.16429584194530922,0.32859168389061844,0.27451611038366985,9.2727763303247752e-05,0.99989549141336287,0.19844610286285588
heatmap,varms_2,2 x MS0(pi/2),2,sideband_fcl,sideband,fcl,6,7,1,0,-1.3333333333333333,-1.2,0.34515621688900289,0.34545907547157167,0.15469235381971264,0.15469235381971264,0.30938470763942527,-0.00030285858256878795,9.2727763303247752e-05,0.99989549141336287,0.34545907547157167
heatmap,varms_2,2 x MS0(pi/2),2,sideband_fcl,sideband,fcl,7,7,1,0,-1.2,-1.2,0.27552741731415753,0.54137912101204955,0.091546730836896476,0.091546730836896476,0.18309346167379295,-0.26585170369789202,9.2727763303247752e-05,0.99989549141336287,0.54137912101204955
heatmap,varms_2,2 x MS0(pi/2),2,sideband_fcl,sideband,fcl,8,7,1,0,-1.0666666666666667,-1.2,0.23118547138213091,0.57785077246756567,0.095481878075151738,0.095481878075151738,0.19096375615030348,-0.34666530108543475,9.2727763303247752e-05,0.99989549141336287,0.57785077246756567
heatmap,varms_2,2 x MS0(pi/2),2,sideband_fcl,sideband,fcl,9,7,1,0,-0.93333333333333335,-1.2,0.20996480891901059,0.50852098979938687,0.1407571006408013,0.1407571006408013,0.28151420128160259,-0.29855618088037628,9.2727763303247752e-05,0.99989549141336287,0.50852098979938687
heatmap,varms_2,2 x MS0(pi/2),2,sideband_fcl,sideband,fcl,10,7,1,0,-0.80000000000000004,-1.2,0.2690929755643155,0.51289493353267634,0.10900604545150409,0.10900604545150409,0.21801209090300819,-0.24380195796836085,9.2727763303247752e-05,0.99989549141336287,0.51289493353267634
heatmap,varms_2,2 x MS0(pi/2),2,sideband_fcl,sideband,fcl,11,7,1,0,-0.66666666666666663,-1.2,0.25943839245643718,0.55558840666018594,0.092486600441688396,0.092486600441688396,0.18497320088337679,-0.29615001420374876,9.2727763303247752e-05,0.99989549141336287,0.55558840666018594
heatmap,varms_2,2 x MS0(pi/2),2,sideband_fcl,sideband,fcl,12,7,1,0,-0.53333333333333333,-1.2,0.25716967928109197,0.49127122723240563,0.12577954674325123,0.12577954674325123,0.25155909348650246,-0.23410154795131366,9.2727763303247752e-05,0.99989549141336287,0.49127122723240563
heatmap,varms_2,2 x MS0(pi/2),2,sideband_fcl,sideband,fcl,13,7,1,0,-0.40000000000000002,-1.2,0.30726763505193078,0.36625075865263551,0.16324080314771686,0.16324080314771686,0.32648160629543371,-0.058983123600704734,9.2727763303247752e-05,0.99989549141336287,0.36625075865263551
heatmap,varms_2,2 x MS0(pi/2),2,sideband_fcl,sideband,fcl,14,7,1,0,-0.26666666666666666,-1.2,0.43281133452420933,0.21811827743044435,0.17453519402267323,0.17453519402267323,0.34907038804534646,0.21469305709376499,9.2727763303247752e-05,0.99989549141336287,0.21811827743044435
heatmap,varms_2,2 x MS0(pi/2),2,sideband_fcl,sideband,fcl,15,7,1,0,-0.13333333333333333,-1.2,0.61701902430421574,0.109321300184875,0.1368298377554546,0.1368298377554546,0.27365967551090919,0.50769772411934078,9.2727763303247752e-05,0.99989549141336287,0.109321300184875
heatmap,varms_2,2 x MS0(pi/2),2,sideband_fcl,sideband,fcl,16,7,1,0,0,-1.2,0.73539711278516129,0.11104172960507085,0.076780578804883884,0.076780578804883884,0.15356115760976777,0.62435538318009043,9.2727763303247752e-05,0.99989549141336287,0.11104172960507085
heatmap,varms_2,2 x MS0(pi/2),2,sideband_fcl,sideband,fcl,17,7,1,0,0.13333333333333333,-1.2,0.70123558758058013,0.19945197783277765,0.049656217293321078,0.049656217293321078,0.099312434586642157,0.50178360974780245,9.2727763303247752e-05,0.99989549141336287,0.19945197783277765
heatmap,varms_2,2 x MS0(pi/2),2,sideband_fcl,sideband,fcl,18,7,1,0,0.26666666666666666,-1.2,0.51911757397602964,0.26180443778428558,0.10953899411984246,0.10953899411984246,0.21907798823968491,0.25731313619174406,9.2727763303247752e-05,0.99989549141336287,0.26180443778428558
heatmap,varms_2,2 x MS0(pi/2),2,sideband_fcl,sideband,fcl,19,7,1,0,0.40000000000000002,-1.2,0.34936991954105173,0.2493430754827819,0.20064350248808319,0.20064350248808319,0.40128700497616637,0.10002684405826984,9.2727763303247752e-05,0.99989549141336287,0.2493430754827819
heatmap,varms_2,2 x MS0(pi/2),2,sideband_fcl,sideband,fcl,20,7,1,0,0.53333333333333333,-1.2,0.23256021951816858,0.18259010362380054,0.29242483842901545,0.29242483842901545,0.58484967685803091,0.049970115894368033,9.2727763303247752e-05,0.99989549141336287,0.18259010362380054
heatmap,varms_2,2 x MS0(pi/2),2,sideband_fcl,sideband,fcl,21,7,1,0,0.66666666666666663,-1.2,0.14213187854456025,0.11360366090110478,0.37213223027716746,0.37213223027716746,0.74426446055433493,0.028528217643455464,9.2727763303247752e-05,0.99989549141336287,0.11360366090110478
heatmap,varms_2,2 x MS0(pi/2),2,sideband_fcl,sideband,fcl,22,7,1,0,0.80000000000000004,-1.2,0.23484893082111311,0.094913726916385555,0.33511867113125071,0.33511867113125071,0.67023734226250142,0.13993520390472755,9.2727763303247752e-05,0.99989549141336287,0.094913726916385555
heatmap,varms_2,2 x MS0(pi/2),2,sideband_fcl,sideband,fcl,23,7,1,0,0.93333333333333335,-1.2,0.53548597908520967,0.092975426606643458,0.18576929715407342,0.18576929715407342,0.37153859430814684,0.44251055247856619,9.2727763303247752e-05,0.99989549141336287,0.092975426606643458
heatmap,varms_2,2 x MS0(pi/2),2,sideband_fcl,sideband,fcl,24,7,1,0,1.0666666666666667,-1.2,0.81824834398518131,0.062395075208390528,0.059678290403214068,0.059678290403214068,0.11935658080642814,0.75585326877679082,9.2727763303247752e-05,0.99989549141336287,0.062395075208390528
heatmap,varms_2,2 x MS0(pi/2),2,sideband_fcl,sideband,fcl,25,7,1,0,1.2,-1.2,0.94093823340500959,0.03376131737565085,0.01265022460966983,0.01265022460966983,0.02530044921933966,0.90717691602935879,9.2727763303247752e-05,0.99989549141336287,0.03376131737565085
heatmap,varms_2,2 x MS0(pi/2),2,sideband_fcl,sideband,fcl,26,7,1,0,1.3333333333333333,-1.2,0.91424395078363896,0.046602435196713428,0.019576807009823761,0.019576807009823761,0.039153614019647523,0.86764151558692548,9.2727763303247752e-05,0.99989549141336287,0.046602435196713428
heatmap,varms_2,2 x MS0(pi/2),2,sideband_fcl,sideband,fcl,27,7,1,0,1.4666666666666666,-1.2,0.79823655830753137,0.099210180220575664,0.051276630735946405,0.051276630735946405,0.10255326147189281,0.69902637808695567,9.2727763303247752e-05,0.99989549141336287,0.099210180220575664
heatmap,varms_2,2 x MS0(pi/2),2,sideband_fcl,sideband,fcl,28,7,1,0,1.6000000000000001,-1.2,0.65415646423885077,0.16373805413755721,0.091052740811796026,0.091052740811796026,0.18210548162359205,0.49041841010129356,9.2727763303247752e-05,0.99989549141336287,0.16373805413755721
heatmap,varms_2,2 x MS0(pi/2),2,sideband_fcl,sideband,fcl,29,7,1,0,1.7333333333333334,-1.2,0.52857120387926515,0.21227655594425165,0.12957612008824163,0.12957612008824163,0.25915224017648325,0.3162946479350135,9.2727763303247752e-05,0.99989549141336287,0.21227655594425165
heatmap,varms_2,2 x MS0(pi/2),2,sideband_fcl,sideband,fcl,30,7,1,0,1.8666666666666667,-1.2,0.44541123012990874,0.22688473994574149,0.16385201496217491,0.16385201496217491,0.32770402992434983,0.21852649018416725,9.2727763303247752e-05,0.99989549141336287,0.22688473994574149
heatmap,varms_2,2 x MS0(pi/2),2,sideband_fcl,sideband,fcl,31,7,1,0,2,-1.2,0.41447817516654506,0.20103028557757258,0.19224576962794118,0.19224576962794118,0.38449153925588236,0.21344788958897248,9.2727763303247752e-05,0.99989549141336287,0.20103028557757258
heatmap,varms_2,2 x MS0(pi/2),2,sideband_fcl,sideband,fcl,1,8,1,0,-2,-1.0666666666666667,0.69927463514420551,0.24580872653038566,0.027458319162704449,0.027458319162704449,0.054916638325408898,0.45346590861381986,9.2727763303247752e-05,0.99989549141336287,0.24580872653038566
heatmap,varms_2,2 x MS0(pi/2),2,sideband_fcl,sideband,fcl,2,8,1,0,-1.8666666666666667,-1.0666666666666667,0.60041886106220144,0.30784886213345647,0.045866138402171019,0.045866138402171019,0.091732276804342039,0.29256999892874497,9.2727763303247752e-05,0.99989549141336287,0.30784886213345647
heatmap,varms_2,2 x MS0(pi/2),2,sideband_fcl,sideband,fcl,3,8,1,0,-1.7333333333333334,-1.0666666666666667,0.61221657491572945,0.12913804328241299,0.12932269090092879,0.12932269090092879,0.25864538180185759,0.48307853163331649,9.2727763303247752e-05,0.99989549141336287,0.12913804328241299
heatmap,varms_2,2 x MS0(pi/2),2,sideband_fcl,sideband,fcl,4,8,1,0,-1.6000000000000001,-1.0666666666666667,0.76949392280447237,0.03234654076074242,0.099079768217392644,0.099079768217392644,0.19815953643478529,0.73714738204372998,9.2727763303247752e-05,0.99989549141336287,0.03234654076074242
heatmap,varms_2,2 x MS0(pi/2),2,sideband_fcl,sideband,fcl,5,8,1,0,-1.4666666666666666,-1.0666666666666667,0.35672483636007024,0.2811341829938333,0.18107049032304828,0.18107049032304828,0.36214098064609657,0.075590653366236937,9.2727763303247752e-05,0.99989549141336287,0.2811341829938333
heatmap,varms_2,2 x MS0(pi/2),2,sideband_fcl,sideband,fcl,6,8,1,0,-1.3333333333333333,-1.0666666666666667,0.34014082633055848,0.35006183558560633,0.15489866904191762,0.15489866904191762,0.30979733808383525,-0.0099210092550478524,9.2727763303247752e-05,0.99989549141336287,0.35006183558560633
heatmap,varms_2,2 x MS0(pi/2),2,sideband_fcl,sideband,fcl,7,8,1,0,-1.2,-1.0666666666666667,0.27718813084616339,0.52714673872075335,0.097832565216541614,0.097832565216541614,0.19566513043308323,-0.24995860787458996,9.2727763303247752e-05,0.99989549141336287,0.52714673872075335
heatmap,varms_2,2 x MS0(pi/2),2,sideband_fcl,sideband,fcl,8,8,1,0,-1.0666666666666667,-1.0666666666666667,0.24402899837276201,0.49950226530381397,0.12823436816171202,0.12823436816171202,0.25646873632342404,-0.25547326693105199,9.2727763303247752e-05,0.99989549141336287,0.49950226530381397
heatmap,varms_2,2 x MS0(pi/2),2,sideband_fcl,sideband,fcl,9,8,1,0,-0.93333333333333335,-1.0666666666666667,0.27394365452685415,0.35955483365258867,0.18325075591027859,0.18325075591027859,0.36650151182055718,-0.085611179125734516,9.2727763303247752e-05,0.99989549141336287,0.35955483365258867
heatmap,varms_2,2 x MS0(pi/2),2,sideband_fcl,sideband,fcl,10,8,1,0,-0.80000000000000004,-1.0666666666666667,0.31887109496377858,0.33771689756099693,0.17170600373761227,0.17170600373761227,0.34341200747522455,-0.018845802597218353,9.2727763303247752e-05,0.99989549141336287,0.33771689756099693
heatmap,varms_2,2 x MS0(pi/2),2,sideband_fcl,sideband,fcl,11,8,1,0,-0.66666666666666663,-1.0666666666666667,0.26327323168607025,0.36809862646309249,0.18431407092541865,0.18431407092541865,0.36862814185083731,-0.10482539477702224,9.2727763303247752e-05,0.99989549141336287,0.36809862646309249
heatmap,varms_2,2 x MS0(pi/2),2,sideband_fcl,sideband,fcl,12,8,1,0,-0.53333333333333333,-1.0666666666666667,0.21708591496844007,0.34796265002194449,0.21747571750480774,0.21747571750480774,0.43495143500961547,-0.13087673505350442,9.2727763303247752e-05,0.99989549141336287,0.34796265002194449
heatmap,varms_2,2 x MS0(pi/2),2,sideband_fcl,sideband,fcl,13,8,1,0,-0.40000000000000002,-1.0666666666666667,0.29324743460079017,0.28396813887335021,0.21139221326292984,0.21139221326292984,0.42278442652585968,0.0092792957274399623,9.2727763303247752e-05,0.99989549141336287,0.28396813887335021
heatmap,varms_2,2 x MS0(pi/2),2,sideband_fcl,sideband,fcl,14,8,1,0,-0.26666666666666666,-1.0666666666666667,0.53713918446683451,0.17978321190047084,0.14153880181634731,0.14153880181634731,0.28307760363269463,0.35735597256636364,9.2727763303247752e-05,0.99989549141336287,0.17978321190047084
heatmap,varms_2,2 x MS0(pi/2),2,sideband_fcl,sideband,fcl,15,8,1,0,-0.13333333333333333,-1.0666666666666667,0.74939043351110746,0.11798566051705917,0.066311952985916731,0.066311952985916731,0.13262390597183346,0.63140477299404829,9.2727763303247752e-05,0.99989549141336287,0.11798566051705917
heatmap,varms_2,2 x MS0(pi/2),2,sideband_fcl,sideband,fcl,16,8,1,0,0,-1.0666666666666667,0.74157066945626915,0.15231564555725605,0.053056842493237381,0.053056842493237381,0.10611368498647476,0.58925502389901308,9.2727763303247752e-05,0.99989549141336287,0.15231564555725605
heatmap,varms_2,2 x MS0(pi/2),2,sideband_fcl,sideband,fcl,17,8,1,0,0.13333333333333333,-1.0666666666666667,0.57564569238644936,0.21588330987869309,0.10423549886742876,0.10423549886742876,0.20847099773485753,0.35976238250775627,9.2727763303247752e-05,0.99989549141336287,0.21588330987869309
heatmap,varms_2,2 x MS0(pi/2),2,sideband_fcl,sideband,fcl,18,8,1,0,0.26666666666666666,-1.0666666666666667,0.41213252786224269,0.23035034475526114,0.17875856369124807,0.17875856369124807,0.35751712738249614,0.18178218310698155,9.2727763303247752e-05,0.99989549141336287,0.23035034475526114
heatmap,varms_2,2 x MS0(pi/2),2,sideband_fcl,sideband,fcl,19,8,1,0,0.40000000000000002,-1.0666666666666667,0.28961291364204672,0.18182278450731426,0.26428215092531943,0.26428215092531943,0.52856430185063885,0.10779012913473246,9.2727763303247752e-05,0.99989549141336287,0.18182278450731426
heatmap,varms_2,2 x MS0(pi/2),2,sideband_fcl,sideband,fcl,20,8,1,0,0.53333333333333333,-1.0666666666666667,0.16316724341221145,0.11296692135564464,0.36193291761607199,0.36193291761607199,0.72386583523214398,0.050200322056566812,9.2727763303247752e-05,0.99989549141336287,0.11296692135564464
heatmap,varms_2,2 x MS0(pi/2),2,sideband_fcl,sideband,fcl,21,8,1,0,0.66666666666666663,-1.0666666666666667,0.17239925526218247,0.085206783058904167,0.37119698083945668,0.37119698083945668,0.74239396167891336,0.087192472203278304,9.2727763303247752e-05,0.99989549141336287,0.085206783058904167
heatmap,varms_2,2 x MS0(pi/2),2,sideband_fcl,sideband,fcl,22,8,1,0,0.80000000000000004,-1.0666666666666667,0.45404300041180146,0.092875086761307915,0.22654095641344532,0.22654095641344532,0.45308191282689064,0.36116791365049356,9.2727763303247752e-05,0.99989549141336287,0.092875086761307915
heatmap,varms_2,2 x MS0(pi/2),2,sideband_fcl,sideband,fcl,23,8,1,0,0.93333333333333335,-1.0666666666666667,0.7895620990225245,0.071467371292069828,0.069485264842702871,0.069485264842702871,0.13897052968540574,0.71809472773045468,9.2727763303247752e-05,0.99989549141336287,0.071467371292069828
heatmap,varms_2,2 x MS0(pi/2),2,sideband_fcl,sideband,fcl,24,8,1,0,1.0666666666666667,-1.0666666666666667,0.94115104682749406,0.036808483658639798,0.011020234756933082,0.011020234756933082,0.022040469513866165,0.90434256316885431,9.2727763303247752e-05,0.99989549141336287,0.036808483658639798
heatmap,varms_2,2 x MS0(pi/2),2,sideband_fcl,sideband,fcl,25,8,1,0,1.2,-1.0666666666666667,0.9151580354050225,0.043004947793998785,0.020918508400489318,0.020918508400489318,0.041837016800978635,0.87215308761102373,9.2727763303247752e-05,0.99989549141336287,0.043004947793998785
heatmap,varms_2,2 x MS0(pi/2),2,sideband_fcl,sideband,fcl,26,8,1,0,1.3333333333333333,-1.0666666666666667,0.80477467179785855,0.092381142111360892,0.051422093045390298,0.051422093045390298,0.1028441860907806,0.71239352968649761,9.2727763303247752e-05,0.99989549141336287,0.092381142111360892
heatmap,varms_2,2 x MS0(pi/2),2,sideband_fcl,sideband,fcl,27,8,1,0,1.4666666666666666,-1.0666666666666667,0.67368542888838601,0.15199528380072699,0.087159643655443486,0.087159643655443486,0.17431928731088697,0.52169014508765899,9.2727763303247752e-05,0.99989549141336287,0.15199528380072699
heatmap,varms_2,2 x MS0(pi/2),2,sideband_fcl,sideband,fcl,28,8,1,0,1.6000000000000001,-1.0666666666666667,0.55622887400894361,0.19374573733758893,0.12501269432673373,0.12501269432673373,0.25002538865346746,0.36248313667135468,9.2727763303247752e-05,0.99989549141336287,0.19374573733758893
heatmap,varms_2,2 x MS0(pi/2),2,sideband_fcl,sideband,fcl,29,8,1,0,1.7333333333333334,-1.0666666666666667,0.4724793313273466,0.20602763217655964,0.16074651824804689,0.16074651824804689,0.32149303649609379,0.26645169915078692,9.2727763303247752e-05,0.99989549141336287,0.20602763217655964
heatmap,varms_2,2 x MS0(pi/2),2,sideband_fcl,sideband,fcl,30,8,1,0,1.8666666666666667,-1.0666666666666667,0.43392843220441102,0.18685488546528325,0.18960834116515285,0.18960834116515285,0.3792166823303057,0.24707354673912776,9.2727763303247752e-05,0.99989549141336287,0.18685488546528325
heatmap,varms_2,2 x MS0(pi/2),2,sideband_fcl,sideband,fcl,31,8,1,0,2,-1.0666666666666667,0.44969286337884873,0.14102906046876282,0.20463903807619419,0.20463903807619419,0.40927807615238837,0.30866380291008588,9.2727763303247752e-05,0.99989549141336287,0.14102906046876282
heatmap,varms_2,2 x MS0(pi/2),2,sideband_fcl,sideband,fcl,1,9,1,0,-2,-0.93333333333333335,0.84690917902703267,0.13388542313659177,0.0096026989181877825,0.0096026989181877825,0.019205397836375565,0.71302375589044087,9.2727763303247752e-05,0.99989549141336287,0.13388542313659177
heatmap,varms_2,2 x MS0(pi/2),2,sideband_fcl,sideband,fcl,2,9,1,0,-1.8666666666666667,-0.93333333333333335,0.70888267870502175,0.22379689175523723,0.03366021476987046,0.03366021476987046,0.06732042953974092,0.48508578694978455,9.2727763303247752e-05,0.99989549141336287,0.22379689175523723
heatmap,varms_2,2 x MS0(pi/2),2,sideband_fcl,sideband,fcl,3,9,1,0,-1.7333333333333334,-0.93333333333333335,0.61203383584036775,0.13072119471569099,0.1286224847219706,0.1286224847219706,0.25724496944394121,0.48131264112467675,9.2727763303247752e-05,0.99989549141336287,0.13072119471569099
heatmap,varms_2,2 x MS0(pi/2),2,sideband_fcl,sideband,fcl,4,9,1,0,-1.6000000000000001,-0.93333333333333335,0.68173852981970229,0.073454958643237922,0.12240325576852991,0.12240325576852991,0.24480651153705982,0.60828357117646437,9.2727763303247752e-05,0.99989549141336287,0.073454958643237922
heatmap,varms_2,2 x MS0(pi/2),2,sideband_fcl,sideband,fcl,5,9,1,0,-1.4666666666666666,-0.93333333333333335,0.33021640804983943,0.34158539650157999,0.16409909772429032,0.16409909772429032,0.32819819544858064,-0.011368988451740558,9.2727763303247752e-05,0.99989549141336287,0.34158539650157999
heatmap,varms_2,2 x MS0(pi/2),2,sideband_fcl,sideband,fcl,6,9,1,0,-1.3333333333333333,-0.93333333333333335,0.39082380664557637,0.32536351228790233,0.14190634053326068,0.14190634053326068,0.28381268106652136,0.065460294357674031,9.2727763303247752e-05,0.99989549141336287,0.32536351228790233
heatmap,varms_2,2 x MS0(pi/2),2,sideband_fcl,sideband,fcl,7,9,1,0,-1.2,-0.93333333333333335,0.29174422622536739,0.44105883894785397,0.13359846741338929,0.13359846741338929,0.26719693482677859,-0.14931461272248658,9.2727763303247752e-05,0.99989549141336287,0.44105883894785397
heatmap,varms_2,2 x MS0(pi/2),2,sideband_fcl,sideband,fcl,8,9,1,0,-1.0666666666666667,-0.93333333333333335,0.23452539411571766,0.4049635335782199,0.18025553615303122,0.18025553615303122,0.36051107230606244,-0.17043813946250225,9.2727763303247752e-05,0.99989549141336287,0.4049635335782199
heatmap,varms_2,2 x MS0(pi/2),2,sideband_fcl,sideband,fcl,9,9,1,0,-0.93333333333333335,-0.93333333333333335,0.2777948002985634,0.26492167013608953,0.22864176478267356,0.22864176478267356,0.45728352956534712,0.012873130162473878,9.2727763303247752e-05,0.99989549141336287,0.26492167013608953
heatmap,varms_2,2 x MS0(pi/2),2,sideband_fcl,sideband,fcl,10,9,1,0,-0.80000000000000004,-0.93333333333333335,0.26491146582023123,0.22925275947295798,0.25291788735340542,0.25291788735340542,0.50583577470681085,0.03565870634727325,9.2727763303247752e-05,0.99989549141336287,0.22925275947295798
heatmap,varms_2,2 x MS0(pi/2),2,sideband_fcl,sideband,fcl,11,9,1,0,-0.66666666666666663,-0.93333333333333335,0.17365316631246705,0.27098870334420117,0.27767906517166591,0.27767906517166591,0.55535813034333181,-0.097335537031734115,9.2727763303247752e-05,0.99989549141336287,0.27098870334420117
heatmap,varms_2,2 x MS0(pi/2),2,sideband_fcl,sideband,fcl,12,9,1,0,-0.53333333333333333,-0.93333333333333335,0.15882188281668799,0.28241857786546354,0.27937976965892419,0.27937976965892419,0.55875953931784839,-0.12359669504877555,9.2727763303247752e-05,0.99989549141336287,0.28241857786546354
heatmap,varms_2,2 x MS0(pi/2),2,sideband_fcl,sideband,fcl,13,9,1,0,-0.40000000000000002,-0.93333333333333335,0.36511930949169208,0.23109815062957517,0.20189126993936637,0.20189126993936637,0.40378253987873275,0.13402115886211691,9.2727763303247752e-05,0.99989549141336287,0.23109815062957517
heatmap,varms_2,2 x MS0(pi/2),2,sideband_fcl,sideband,fcl,14,9,1,0,-0.26666666666666666,-0.93333333333333335,0.659095941612031,0.16259744027185202,0.089153309058058489,0.089153309058058489,0.17830661811611698,0.49649850134017898,9.2727763303247752e-05,0.99989549141336287,0.16259744027185202
heatmap,varms_2,2 x MS0(pi/2),2,sideband_fcl,sideband,fcl,15,9,1,0,-0.13333333333333333,-0.93333333333333335,0.73777285855254748,0.16440242234853814,0.048912359549457149,0.048912359549457149,0.097824719098914298,0.57337043620400929,9.2727763303247752e-05,0.99989549141336287,0.16440242234853814
heatmap,varms_2,2 x MS0(pi/2),2,sideband_fcl,sideband,fcl,16,9,1,0,0,-0.93333333333333335,0.57645887321080369,0.21958484750826729,0.10197813964046445,0.10197813964046445,0.20395627928092891,0.3568740257025364,9.2727763303247752e-05,0.99989549141336287,0.21958484750826729
heatmap,varms_2,2 x MS0(pi/2),2,sideband_fcl,sideband,fcl,17,9,1,0,0.13333333333333333,-0.93333333333333335,0.39270967598748407,0.24930982792127435,0.17899024804562075,0.17899024804562075,0.3579804960912415,0.14339984806620973,9.2727763303247752e-05,0.99989549141336287,0.24930982792127435
heatmap,varms_2,2 x MS0(pi/2),2,sideband_fcl,sideband,fcl,18,9,1,0,0.26666666666666666,-0.93333333333333335,0.29386929502524106,0.21485186148001173,0.2456394217473736,0.2456394217473736,0.49127884349474721,0.079017433545229332,9.2727763303247752e-05,0.99989549141336287,0.21485186148001173
heatmap,varms_2,2 x MS0(pi/2),2,sideband_fcl,sideband,fcl,19,9,1,0,0.40000000000000002,-0.93333333333333335,0.21418115870595444,0.14324141744404234,0.32128871192500164,0.32128871192500164,0.64257742385000327,0.070939741261912104,9.2727763303247752e-05,0.99989549141336287,0.14324141744404234
heatmap,varms_2,2 x MS0(pi/2),2,sideband_fcl,sideband,fcl,20,9,1,0,0.53333333333333333,-0.93333333333333335,0.19543942000085535,0.088625550380713888,0.3579675148092154,0.3579675148092154,0.71593502961843081,0.10681386962014146,9.2727763303247752e-05,0.99989549141336287,0.088625550380713888
heatmap,varms_2,2 x MS0(pi/2),2,sideband_fcl,sideband,fcl,21,9,1,0,0.66666666666666663,-0.93333333333333335,0.4038697938528979,0.076493072519270677,0.25981856681391574,0.25981856681391574,0.51963713362783148,0.32737672133362722,9.2727763303247752e-05,0.99989549141336287,0.076493072519270677
heatmap,varms_2,2 x MS0(pi/2),2,sideband_fcl,sideband,fcl,22,9,1,0,0.80000000000000004,-0.93333333333333335,0.7504296739654015,0.06221710116635322,0.093676612434122675,0.093676612434122675,0.18735322486824535,0.68821257279904824,9.2727763303247752e-05,0.99989549141336287,0.06221710116635322
heatmap,varms_2,2 x MS0(pi/2),2,sideband_fcl,sideband,fcl,23,9,1,0,0.93333333333333335,-0.93333333333333335,0.94775554461643141,0.030567894594721933,0.010838280394423389,0.010838280394423389,0.021676560788846777,0.91718765002170943,9.2727763303247752e-05,0.99989549141336287,0.030567894594721933
heatmap,varms_2,2 x MS0(pi/2),2,sideband_fcl,sideband,fcl,24,9,1,0,1.0666666666666667,-0.93333333333333335,0.93126309587481559,0.034094036258240173,0.017321433933472116,0.017321433933472116,0.034642867866944232,0.89716905961657545,9.2727763303247752e-05,0.99989549141336287,0.034094036258240173
heatmap,varms_2,2 x MS0(pi/2),2,sideband_fcl,sideband,fcl,25,9,1,0,1.2,-0.93333333333333335,0.81502821307294371,0.085938943076089597,0.04951642192548341,0.04951642192548341,0.09903284385096682,0.72908926999685408,9.2727763303247752e-05,0.99989549141336287,0.085938943076089597
heatmap,varms_2,2 x MS0(pi/2),2,sideband_fcl,sideband,fcl,26,9,1,0,1.3333333333333333,-0.93333333333333335,0.68709255165035665,0.14860041321702869,0.08215351756630733,0.08215351756630733,0.16430703513261466,0.53849213843332799,9.2727763303247752e-05,0.99989549141336287,0.14860041321702869
heatmap,varms_2,2 x MS0(pi/2),2,sideband_fcl,sideband,fcl,27,9,1,0,1.4666666666666666,-0.93333333333333335,0.57958445459507768,0.18726296011075133,0.11657629264708551,0.11657629264708551,0.23315258529417102,0.39232149448432635,9.2727763303247752e-05,0.99989549141336287,0.18726296011075133
heatmap,varms_2,2 x MS0(pi/2),2,sideband_fcl,sideband,fcl,28,9,1,0,1.6000000000000001,-0.93333333333333335,0.50400282393763951,0.19158416853341792,0.15220650376447128,0.15220650376447128,0.30441300752894257,0.31241865540422159,9.2727763303247752e-05,0.99989549141336287,0.19158416853341792
heatmap,varms_2,2 x MS0(pi/2),2,sideband_fcl,sideband,fcl,29,9,1,0,1.7333333333333334,-0.93333333333333335,0.46827693962023487,0.16784049019932848,0.18194128509021837,0.18194128509021837,0.36388257018043674,0.30043644942090642,9.2727763303247752e-05,0.99989549141336287,0.16784049019932848
heatmap,varms_2,2 x MS0(pi/2),2,sideband_fcl,sideband,fcl,30,9,1,0,1.8666666666666667,-0.93333333333333335,0.47920699294897051,0.1258383154427139,0.19747734580415782,0.19747734580415782,0.39495469160831564,0.35336867750625661,9.2727763303247752e-05,0.99989549141336287,0.1258383154427139
heatmap,varms_2,2 x MS0(pi/2),2,sideband_fcl,sideband,fcl,31,9,1,0,2,-0.93333333333333335,0.54340690247032664,0.076786607964222389,0.18990324478272544,0.18990324478272544,0.37980648956545088,0.46662029450610426,9.2727763303247752e-05,0.99989549141336287,0.076786607964222389
heatmap,varms_2,2 x MS0(pi/2),2,sideband_fcl,sideband,fcl,1,10,1,0,-2,-0.80000000000000004,0.87524860408564553,0.063413759278275639,0.030668818318039411,0.030668818318039411,0.061337636636078822,0.81183484480736989,9.2727763303247752e-05,0.99989549141336287,0.063413759278275639
heatmap,varms_2,2 x MS0(pi/2),2,sideband_fcl,sideband,fcl,2,10,1,0,-1.8666666666666667,-0.80000000000000004,0.77826801466396933,0.13401350176616936,0.043859241784930662,0.043859241784930662,0.087718483569861325,0.6442545128978,9.2727763303247752e-05,0.99989549141336287,0.13401350176616936
heatmap,varms_2,2 x MS0(pi/2),2,sideband_fcl,sideband,fcl,3,10,1,0,-1.7333333333333334,-0.80000000000000004,0.62364325984098035,0.11917465007930224,0.12859104503985869,0.12859104503985869,0.25718209007971737,0.50446860976167807,9.2727763303247752e-05,0.99989549141336287,0.11917465007930224
heatmap,varms_2,2 x MS0(pi/2),2,sideband_fcl,sideband,fcl,4,10,1,0,-1.6000000000000001,-0.80000000000000004,0.63856980685424936,0.10678632469399892,0.12732193422587587,0.12732193422587587,0.25464386845175174,0.5317834821602504,9.2727763303247752e-05,0.99989549141336287,0.10678632469399892
heatmap,varms_2,2 x MS0(pi/2),2,sideband_fcl,sideband,fcl,5,10,1,0,-1.4666666666666666,-0.80000000000000004,0.38629447872634509,0.35127812453603713,0.13121369836880889,0.13121369836880889,0.26242739673761778,0.035016354190307963,9.2727763303247752e-05,0.99989549141336287,0.35127812453603713
heatmap,varms_2,2 x MS0(pi/2),2,sideband_fcl,sideband,fcl,6,10,1,0,-1.3333333333333333,-0.80000000000000004,0.46074607882880408,0.29481200287311893,0.12222095914903844,0.12222095914903844,0.24444191829807688,0.16593407595568516,9.2727763303247752e-05,0.99989549141336287,0.29481200287311893
heatmap,varms_2,2 x MS0(pi/2),2,sideband_fcl,sideband,fcl,7,10,1,0,-1.2,-0.80000000000000004,0.3592339819793175,0.35542383165680225,0.14267109318194018,0.14267109318194018,0.28534218636388037,0.0038101503225152489,9.2727763303247752e-05,0.99989549141336287,0.35542383165680225
heatmap,varms_2,2 x MS0(pi/2),2,sideband_fcl,sideband,fcl,8,10,1,0,-1.0666666666666667,-0.80000000000000004,0.20078034302774034,0.42471473393410103,0.18725246151907929,0.18725246151907929,0.37450492303815858,-0.22393439090636069,9.2727763303247752e-05,0.99989549141336287,0.42471473393410103
heatmap,varms_2,2 x MS0(pi/2),2,sideband_fcl,sideband,fcl,9,10,1,0,-0.93333333333333335,-0.80000000000000004,0.21000171964666406,0.3304079502124147,0.22979516507046066,0.22979516507046066,0.45959033014092132,-0.12040623056575064,9.2727763303247752e-05,0.99989549141336287,0.3304079502124147
heatmap,varms_2,2 x MS0(pi/2),2,sideband_fcl,sideband,fcl,10,10,1,0,-0.80000000000000004,-0.80000000000000004,0.16291504832679346,0.29595662551514007,0.27056416307903325,0.27056416307903325,0.5411283261580665,-0.13304157718834661,9.2727763303247752e-05,0.99989549141336287,0.29595662551514007
heatmap,varms_2,2 x MS0(pi/2),2,sideband_fcl,sideband,fcl,11,10,1,0,-0.66666666666666663,-0.80000000000000004,0.088345268687527068,0.3366223265172037,0.28751620239763459,0.28751620239763459,0.57503240479526918,-0.24827705782967663,9.2727763303247752e-05,0.99989549141336287,0.3366223265172037
heatmap,varms_2,2 x MS0(pi/2),2,sideband_fcl,sideband,fcl,12,10,1,0,-0.53333333333333333,-0.80000000000000004,0.16061091721822141,0.32287499424267974,0.25825704426954943,0.25825704426954943,0.51651408853909886,-0.16226407702445833,9.2727763303247752e-05,0.99989549141336287,0.32287499424267974
heatmap,varms_2,2 x MS0(pi/2),2,sideband_fcl,sideband,fcl,13,10,1,0,-0.40000000000000002,-0.80000000000000004,0.4306025422995084,0.22856762101804043,0.17041491834122557,0.17041491834122557,0.34082983668245115,0.20203492128146797,9.2727763303247752e-05,0.99989549141336287,0.22856762101804043
heatmap,varms_2,2 x MS0(pi/2),2,sideband_fcl,sideband,fcl,14,10,1,0,-0.26666666666666666,-0.80000000000000004,0.6044584611823145,0.18606276083948375,0.1047393889891009,0.1047393889891009,0.2094787779782018,0.41839570034283075,9.2727763303247752e-05,0.99989549141336287,0.18606276083948375
heatmap,varms_2,2 x MS0(pi/2),2,sideband_fcl,sideband,fcl,15,10,1,0,-0.13333333333333333,-0.80000000000000004,0.51273463697009836,0.24199980241317884,0.12263278030836135,0.12263278030836135,0.24526556061672269,0.27073483455691949,9.2727763303247752e-05,0.99989549141336287,0.24199980241317884
heatmap,varms_2,2 x MS0(pi/2),2,sideband_fcl,sideband,fcl,16,10,1,0,0,-0.80000000000000004,0.31354311954158137,0.30650640774991839,0.18997523635425007,0.18997523635425007,0.37995047270850013,0.0070367117916629862,9.2727763303247752e-05,0.99989549141336287,0.30650640774991839
heatmap,varms_2,2 x MS0(pi/2),2,sideband_fcl,sideband,fcl,17,10,1,0,0.13333333333333333,-0.80000000000000004,0.20426158626279114,0.29360582190908413,0.25106629591406232,0.25106629591406232,0.50213259182812464,-0.089344235646292985,9.2727763303247752e-05,0.99989549141336287,0.29360582190908413
heatmap,varms_2,2 x MS0(pi/2),2,sideband_fcl,sideband,fcl,18,10,1,0,0.26666666666666666,-0.80000000000000004,0.2074002403879073,0.21934151777871497,0.28662912091668891,0.28662912091668891,0.57325824183337781,-0.011941277390807664,9.2727763303247752e-05,0.99989549141336287,0.21934151777871497
heatmap,varms_2,2 x MS0(pi/2),2,sideband_fcl,sideband,fcl,19,10,1,0,0.40000000000000002,-0.80000000000000004,0.26244100355699501,0.13666821705345103,0.30044538969477702,0.30044538969477702,0.60089077938955404,0.12577278650354398,9.2727763303247752e-05,0.99989549141336287,0.13666821705345103
heatmap,varms_2,2 x MS0(pi/2),2,sideband_fcl,sideband,fcl,20,10,1,0,0.53333333333333333,-0.80000000000000004,0.42887682394009169,0.081168054105081322,0.24497756097741349,0.24497756097741349,0.48995512195482699,0.34770876983501037,9.2727763303247752e-05,0.99989549141336287,0.081168054105081322
heatmap,varms_2,2 x MS0(pi/2),2,sideband_fcl,sideband,fcl,21,10,1,0,0.66666666666666663,-0.80000000000000004,0.72065702494911221,0.050827286834306325,0.11425784410829078,0.11425784410829078,0.22851568821658155,0.66982973811480584,9.2727763303247752e-05,0.99989549141336287,0.050827286834306325
heatmap,varms_2,2 x MS0(pi/2),2,sideband_fcl,sideband,fcl,22,10,1,0,0.80000000000000004,-0.80000000000000004,0.94005616816515458,0.025476447406735339,0.017233692214055071,0.017233692214055071,0.034467384428110141,0.9145797207584192,9.2727763303247752e-05,0.99989549141336287,0.025476447406735339
heatmap,varms_2,2 x MS0(pi/2),2,sideband_fcl,sideband,fcl,23,10,1,0,0.93333333333333335,-0.80000000000000004,0.9484694807845484,0.030655882334558023,0.01043731844044677,0.01043731844044677,0.020874636880893541,0.91781359844999033,9.2727763303247752e-05,0.99989549141336287,0.030655882334558023
heatmap,varms_2,2 x MS0(pi/2),2,sideband_fcl,sideband,fcl,24,10,1,0,1.0666666666666667,-0.80000000000000004,0.82717025124564725,0.087059301990916646,0.042885223381718005,0.042885223381718005,0.085770446763436009,0.74011094925473064,9.2727763303247752e-05,0.99989549141336287,0.087059301990916646
heatmap,varms_2,2 x MS0(pi/2),2,sideband_fcl,sideband,fcl,25,10,1,0,1.2,-0.80000000000000004,0.6904355616822988,0.16015281220184019,0.07470581305793049,0.07470581305793049,0.14941162611586098,0.53028274948045862,9.2727763303247752e-05,0.99989549141336287,0.16015281220184019
heatmap,varms_2,2 x MS0(pi/2),2,sideband_fcl,sideband,fcl,26,10,1,0,1.3333333333333333,-0.80000000000000004,0.58396281234618941,0.20572493834117908,0.10515612465631569,0.10515612465631569,0.21031224931263137,0.3782378740050103,9.2727763303247752e-05,0.99989549141336287,0.20572493834117908
heatmap,varms_2,2 x MS0(pi/2),2,sideband_fcl,sideband,fcl,27,10,1,0,1.4666666666666666,-0.80000000000000004,0.51625812569915097,0.20654216355191043,0.13859985537446931,0.13859985537446931,0.27719971074893862,0.30971596214724051,9.2727763303247752e-05,0.99989549141336287,0.20654216355191043
heatmap,varms_2,2 x MS0(pi/2),2,sideband_fcl,sideband,fcl,28,10,1,0,1.6000000000000001,-0.80000000000000004,0.49052597764302952,0.17212907081054282,0.16867247577321387,0.16867247577321387,0.33734495154642774,0.31839690683248667,9.2727763303247752e-05,0.99989549141336287,0.17212907081054282
heatmap,varms_2,2 x MS0(pi/2),2,sideband_fcl,sideband,fcl,29,10,1,0,1.7333333333333334,-0.80000000000000004,0.50935588457881986,0.12238631981507712,0.1841288978030515,0.1841288978030515,0.368257795606103,0.38696956476374272,9.2727763303247752e-05,0.99989549141336287,0.12238631981507712
heatmap,varms_2,2 x MS0(pi/2),2,sideband_fcl,sideband,fcl,30,10,1,0,1.8666666666666667,-0.80000000000000004,0.57228769952160741,0.072647584741965018,0.17753235786821381,0.17753235786821381,0.35506471573642762,0.49964011477964237,9.2727763303247752e-05,0.99989549141336287,0.072647584741965018
heatmap,varms_2,2 x MS0(pi/2),2,sideband_fcl,sideband,fcl,31,10,1,0,2,-0.80000000000000004,0.67610307359054489,0.032758660552810799,0.14556913292832216,0.14556913292832216,0.29113826585664432,0.64334441303773404,9.2727763303247752e-05,0.99989549141336287,0.032758660552810799
heatmap,varms_2,2 x MS0(pi/2),2,sideband_fcl,sideband,fcl,1,11,1,0,-2,-0.66666666666666663,0.75530076300641591,0.07302183798289795,0.08583869950534305,0.08583869950534305,0.1716773990106861,0.68227892502351795,9.2727763303247752e-05,0.99989549141336287,0.07302183798289795
heatmap,varms_2,2 x MS0(pi/2),2,sideband_fcl,sideband,fcl,2,11,1,0,-1.8666666666666667,-0.66666666666666663,0.76674876302768513,0.081887171304273754,0.075682032834020557,0.075682032834020557,0.15136406566804111,0.68486159172341132,9.2727763303247752e-05,0.99989549141336287,0.081887171304273754
heatmap,varms_2,2 x MS0(pi/2),2,sideband_fcl,sideband,fcl,3,11,1,0,-1.7333333333333334,-0.66666666666666663,0.64012626217653357,0.099325932157144914,0.13027390283316076,0.13027390283316076,0.26054780566632152,0.54080033001938865,9.2727763303247752e-05,0.99989549141336287,0.099325932157144914
heatmap,varms_2,2 x MS0(pi/2),2,sideband_fcl,sideband,fcl,4,11,1,0,-1.6000000000000001,-0.66666666666666663,0.64621390794834255,0.099649628430378487,0.12706823181063948,0.12706823181063948,0.25413646362127895,0.54656427951796405,9.2727763303247752e-05,0.99989549141336287,0.099649628430378487
heatmap,varms_2,2 x MS0(pi/2),2,sideband_fcl,sideband,fcl,5,11,1,0,-1.4666666666666666,-0.66666666666666663,0.49544003161733152,0.3044196044547699,0.1000701819639493,0.1000701819639493,0.20014036392789861,0.19102042716256162,9.2727763303247752e-05,0.99989549141336287,0.3044196044547699
heatmap,varms_2,2 x MS0(pi/2),2,sideband_fcl,sideband,fcl,6,11,1,0,-1.3333333333333333,-0.66666666666666663,0.53617716400434967,0.25663434052264922,0.10359424773650053,0.10359424773650053,0.20718849547300106,0.27954282348170045,9.2727763303247752e-05,0.99989549141336287,0.25663434052264922
heatmap,varms_2,2 x MS0(pi/2),2,sideband_fcl,sideband,fcl,7,11,1,0,-1.2,-0.66666666666666663,0.49663321083169176,0.32825249311157922,0.087557148028364479,0.087557148028364479,0.17511429605672896,0.16838071772011254,9.2727763303247752e-05,0.99989549141336287,0.32825249311157922
heatmap,varms_2,2 x MS0(pi/2),2,sideband_fcl,sideband,fcl,8,11,1,0,-1.0666666666666667,-0.66666666666666663,0.20709299137672002,0.52136908876225019,0.13576895993051488,0.13576895993051488,0.27153791986102976,-0.3142760973855302,9.2727763303247752e-05,0.99989549141336287,0.52136908876225019
heatmap,varms_2,2 x MS0(pi/2),2,sideband_fcl,sideband,fcl,9,11,1,0,-0.93333333333333335,-0.66666666666666663,0.17526384902822445,0.47233041794107339,0.17620286651535111,0.17620286651535111,0.35240573303070222,-0.29706656891284894,9.2727763303247752e-05,0.99989549141336287,0.47233041794107339
heatmap,varms_2,2 x MS0(pi/2),2,sideband_fcl,sideband,fcl,10,11,1,0,-0.80000000000000004,-0.66666666666666663,0.12446314275603952,0.46516111684881833,0.20518787019757101,0.20518787019757101,0.41037574039514202,-0.3406979740927788,9.2727763303247752e-05,0.99989549141336287,0.46516111684881833
heatmap,varms_2,2 x MS0(pi/2),2,sideband_fcl,sideband,fcl,11,11,1,0,-0.66666666666666663,-0.66666666666666663,0.097554560362067944,0.48206423363271778,0.21019060300260714,0.21019060300260714,0.42038120600521428,-0.38450967327064983,9.2727763303247752e-05,0.99989549141336287,0.48206423363271778
heatmap,varms_2,2 x MS0(pi/2),2,sideband_fcl,sideband,fcl,12,11,1,0,-0.53333333333333333,-0.66666666666666663,0.17906622124962285,0.41987398865754721,0.200529895046415,0.200529895046415,0.40105979009282999,-0.24080776740792437,9.2727763303247752e-05,0.99989549141336287,0.41987398865754721
heatmap,varms_2,2 x MS0(pi/2),2,sideband_fcl,sideband,fcl,13,11,1,0,-0.40000000000000002,-0.66666666666666663,0.35169010944292228,0.27580256545292492,0.1862536625520764,0.1862536625520764,0.3725073251041528,0.075887543989997364,9.2727763303247752e-05,0.99989549141336287,0.27580256545292492
heatmap,varms_2,2 x MS0(pi/2),2,sideband_fcl,sideband,fcl,14,11,1,0,-0.26666666666666666,-0.66666666666666663,0.38903521474097102,0.24714893764166254,0.18190792380868323,0.18190792380868323,0.36381584761736646,0.14188627709930848,9.2727763303247752e-05,0.99989549141336287,0.24714893764166254
heatmap,varms_2,2 x MS0(pi/2),2,sideband_fcl,sideband,fcl,15,11,1,0,-0.13333333333333333,-0.66666666666666663,0.273537119694233,0.33330070729401662,0.19658108650587516,0.19658108650587516,0.39316217301175033,-0.059763587599783619,9.2727763303247752e-05,0.99989549141336287,0.33330070729401662
heatmap,varms_2,2 x MS0(pi/2),2,sideband_fcl,sideband,fcl,16,11,1,0,0,-0.66666666666666663,0.12435636787853509,0.39018459056902838,0.24272952077621826,0.24272952077621826,0.48545904155243652,-0.26582822269049328,9.2727763303247752e-05,0.99989549141336287,0.39018459056902838
heatmap,varms_2,2 x MS0(pi/2),2,sideband_fcl,sideband,fcl,17,11,1,0,0.13333333333333333,-0.66666666666666663,0.12020810957727183,0.33939821794788233,0.27019683623742291,0.27019683623742291,0.54039367247484582,-0.21919010837061048,9.2727763303247752e-05,0.99989549141336287,0.33939821794788233
heatmap,varms_2,2 x MS0(pi/2),2,sideband_fcl,sideband,fcl,18,11,1,0,0.26666666666666666,-0.66666666666666663,0.26702343506261117,0.24442985649351898,0.24427335422193497,0.24427335422193497,0.48854670844386994,0.022593578569092193,9.2727763303247752e-05,0.99989549141336287,0.24442985649351898
heatmap,varms_2,2 x MS0(pi/2),2,sideband_fcl,sideband,fcl,19,11,1,0,0.40000000000000002,-0.66666666666666663,0.46732881568227375,0.1526585586091721,0.19000631285427705,0.19000631285427705,0.3800126257085541,0.31467025707310164,9.2727763303247752e-05,0.99989549141336287,0.1526585586091721
heatmap,varms_2,2 x MS0(pi/2),2,sideband_fcl,sideband,fcl,20,11,1,0,0.53333333333333333,-0.66666666666666663,0.70070065606772047,0.088553715192648083,0.10537281436981574,0.10537281436981574,0.21074562873963149,0.61214694087507238,9.2727763303247752e-05,0.99989549141336287,0.088553715192648083
heatmap,varms_2,2 x MS0(pi/2),2,sideband_fcl,sideband,fcl,21,11,1,0,0.66666666666666663,-0.66666666666666663,0.89288305487646658,0.056665857486602876,0.02522554381846525,0.02522554381846525,0.0504510876369305,0.83621719738986366,9.2727763303247752e-05,0.99989549141336287,0.056665857486602876
heatmap,varms_2,2 x MS0(pi/2),2,sideband_fcl,sideband,fcl,22,11,1,0,0.80000000000000004,-0.66666666666666663,0.92835738183817118,0.061788847745114679,0.0049268852083571091,0.0049268852083571091,0.0098537704167142182,0.86656853409305645,9.2727763303247752e-05,0.99989549141336287,0.061788847745114679
heatmap,varms_2,2 x MS0(pi/2),2,sideband_fcl,sideband,fcl,23,11,1,0,0.93333333333333335,-0.66666666666666663,0.82142659379788097,0.11511389667402801,0.031729754764045499,0.031729754764045499,0.063459509528090999,0.70631269712385292,9.2727763303247752e-05,0.99989549141336287,0.11511389667402801
heatmap,varms_2,2 x MS0(pi/2),2,sideband_fcl,sideband,fcl,24,11,1,0,1.0666666666666667,-0.66666666666666663,0.67844902848727207,0.19410642288833294,0.063722274312197486,0.063722274312197486,0.12744454862439497,0.48434260559893916,9.2727763303247752e-05,0.99989549141336287,0.19410642288833294
heatmap,varms_2,2 x MS0(pi/2),2,sideband_fcl,sideband,fcl,25,11,1,0,1.2,-0.66666666666666663,0.56492265920471374,0.2528434203156823,0.091116960239801981,0.091116960239801981,0.18223392047960396,0.31207923888903144,9.2727763303247752e-05,0.99989549141336287,0.2528434203156823
heatmap,varms_2,2 x MS0(pi/2),2,sideband_fcl,sideband,fcl,26,11,1,0,1.3333333333333333,-0.66666666666666663,0.49593235341737835,0.26227651375850403,0.12089556641205879,0.12089556641205879,0.24179113282411757,0.23365583965887432,9.2727763303247752e-05,0.99989549141336287,0.26227651375850403
heatmap,varms_2,2 x MS0(pi/2),2,sideband_fcl,sideband,fcl,27,11,1,0,1.4666666666666666,-0.66666666666666663,0.47442128797875621,0.22353989839724456,0.15101940681199966,0.15101940681199966,0.30203881362399931,0.25088138958151163,9.2727763303247752e-05,0.99989549141336287,0.22353989839724456
heatmap,varms_2,2 x MS0(pi/2),2,sideband_fcl,sideband,fcl,28,11,1,0,1.6000000000000001,-0.66666666666666663,0.50346324657923347,0.16093375762609768,0.16780149789733442,0.16780149789733442,0.33560299579466885,0.34252948895313579,9.2727763303247752e-05,0.99989549141336287,0.16093375762609768
heatmap,varms_2,2 x MS0(pi/2),2,sideband_fcl,sideband,fcl,29,11,1,0,1.7333333333333334,-0.66666666666666663,0.57782652460555439,0.10062196620852597,0.16077575459295984,0.16077575459295984,0.32155150918591968,0.47720455839702841,9.2727763303247752e-05,0.99989549141336287,0.10062196620852597
heatmap,varms_2,2 x MS0(pi/2),2,sideband_fcl,sideband,fcl,30,11,1,0,1.8666666666666667,-0.66666666666666663,0.68255758506202946,0.054798184862858264,0.13132211503755617,0.13132211503755617,0.26264423007511234,0.6277594001991712,9.2727763303247752e-05,0.99989549141336287,0.054798184862858264
heatmap,varms_2,2 x MS0(pi/2),2,sideband_fcl,sideband,fcl,31,11,1,0,2,-0.66666666666666663,0.80066684969061519,0.026076504449802144,0.086628322929791363,0.086628322929791363,0.17325664585958273,0.77459034524081305,9.2727763303247752e-05,0.99989549141336287,0.026076504449802144
heatmap,varms_2,2 x MS0(pi/2),2,sideband_fcl,sideband,fcl,1,12,1,0,-2,-0.53333333333333333,0.54741017061538411,0.16625453506592014,0.14316764715934782,0.14316764715934782,0.28633529431869564,0.38115563554946397,9.2727763303247752e-05,0.99989549141336287,0.16625453506592014
heatmap,varms_2,2 x MS0(pi/2),2,sideband_fcl,sideband,fcl,2,12,1,0,-1.8666666666666667,-0.53333333333333333,0.65791253115772641,0.099817182735314147,0.12113514305347962,0.12113514305347962,0.24227028610695925,0.55809534842241226,9.2727763303247752e-05,0.99989549141336287,0.099817182735314147
heatmap,varms_2,2 x MS0(pi/2),2,sideband_fcl,sideband,fcl,3,12,1,0,-1.7333333333333334,-0.53333333333333333,0.64458604850795165,0.089718911317199002,0.13284752008742468,0.13284752008742468,0.26569504017484935,0.55486713719075265,9.2727763303247752e-05,0.99989549141336287,0.089718911317199002
heatmap,varms_2,2 x MS0(pi/2),2,sideband_fcl,sideband,fcl,4,12,1,0,-1.6000000000000001,-0.53333333333333333,0.70093617846120071,0.061599934676667675,0.11873194343106584,0.11873194343106584,0.23746388686213168,0.63933624378453302,9.2727763303247752e-05,0.99989549141336287,0.061599934676667675
heatmap,varms_2,2 x MS0(pi/2),2,sideband_fcl,sideband,fcl,5,12,1,0,-1.4666666666666666,-0.53333333333333333,0.6206828571709111,0.22478794330466079,0.077264599762214017,0.077264599762214017,0.15452919952442803,0.39589491386625031,9.2727763303247752e-05,0.99989549141336287,0.22478794330466079
heatmap,varms_2,2 x MS0(pi/2),2,sideband_fcl,sideband,fcl,6,12,1,0,-1.3333333333333333,-0.53333333333333333,0.5902990052478817,0.20884656538860782,0.10042721468175521,0.10042721468175521,0.20085442936351042,0.38145243985927391,9.2727763303247752e-05,0.99989549141336287,0.20884656538860782
heatmap,varms_2,2 x MS0(pi/2),2,sideband_fcl,sideband,fcl,7,12,1,0,-1.2,-0.53333333333333333,0.55846525425309734,0.33375044912739477,0.053892148309753987,0.053892148309753987,0.10778429661950797,0.22471480512570258,9.2727763303247752e-05,0.99989549141336287,0.33375044912739477
heatmap,varms_2,2 x MS0(pi/2),2,sideband_fcl,sideband,fcl,8,12,1,0,-1.0666666666666667,-0.53333333333333333,0.24352054450983343,0.54518371401067034,0.10564787073974814,0.10564787073974814,0.21129574147949629,-0.30166316950083694,9.2727763303247752e-05,0.99989549141336287,0.54518371401067034
heatmap,varms_2,2 x MS0(pi/2),2,sideband_fcl,sideband,fcl,9,12,1,0,-0.93333333333333335,-0.53333333333333333,0.1930655075293774,0.53928498148655535,0.13382475549203365,0.13382475549203365,0.26764951098406731,-0.34621947395717795,9.2727763303247752e-05,0.99989549141336287,0.53928498148655535
heatmap,varms_2,2 x MS0(pi/2),2,sideband_fcl,sideband,fcl,10,12,1,0,-0.80000000000000004,-0.53333333333333333,0.14688033674206899,0.57035893958597994,0.14138036183597549,0.14138036183597549,0.28276072367195099,-0.42347860284391092,9.2727763303247752e-05,0.99989549141336287,0.57035893958597994
heatmap,varms_2,2 x MS0(pi/2),2,sideband_fcl,sideband,fcl,11,12,1,0,-0.66666666666666663,-0.53333333333333333,0.16619176021931123,0.56317085311682247,0.13531869333193317,0.13531869333193317,0.27063738666386633,-0.39697909289751121,9.2727763303247752e-05,0.99989549141336287,0.56317085311682247
heatmap,varms_2,2 x MS0(pi/2),2,sideband_fcl,sideband,fcl,12,12,1,0,-0.53333333333333333,-0.53333333333333333,0.16248284606626168,0.49526757480391442,0.17112478956491201,0.17112478956491201,0.34224957912982401,-0.33278472873765275,9.2727763303247752e-05,0.99989549141336287,0.49526757480391442
heatmap,varms_2,2 x MS0(pi/2),2,sideband_fcl,sideband,fcl,13,12,1,0,-0.40000000000000002,-0.53333333333333333,0.2305013653705428,0.33416507340471591,0.21766678061237063,0.21766678061237063,0.43533356122474126,-0.1036637080341731,9.2727763303247752e-05,0.99989549141336287,0.33416507340471591
heatmap,varms_2,2 x MS0(pi/2),2,sideband_fcl,sideband,fcl,14,12,1,0,-0.26666666666666666,-0.53333333333333333,0.27414640434829735,0.29270862815731985,0.2165724837471914,0.2165724837471914,0.4331449674943828,-0.018562223809022504,9.2727763303247752e-05,0.99989549141336287,0.29270862815731985
heatmap,varms_2,2 x MS0(pi/2),2,sideband_fcl,sideband,fcl,15,12,1,0,-0.13333333333333333,-0.53333333333333333,0.21760035417587462,0.39955867383270732,0.19142048599570899,0.19142048599570899,0.38284097199141798,-0.18195831965683271,9.2727763303247752e-05,0.99989549141336287,0.39955867383270732
heatmap,varms_2,2 x MS0(pi/2),2,sideband_fcl,sideband,fcl,16,12,1,0,0,-0.53333333333333333,0.083506528202992369,0.46868118401790682,0.22390614388955038,0.22390614388955038,0.44781228777910076,-0.38517465581491445,9.2727763303247752e-05,0.99989549141336287,0.46868118401790682
heatmap,varms_2,2 x MS0(pi/2),2,sideband_fcl,sideband,fcl,17,12,1,0,0.13333333333333333,-0.53333333333333333,0.16549125311497093,0.41693322536440325,0.20878776076031297,0.20878776076031297,0.41757552152062594,-0.25144197224943232,9.2727763303247752e-05,0.99989549141336287,0.41693322536440325
heatmap,varms_2,2 x MS0(pi/2),2,sideband_fcl,sideband,fcl,18,12,1,0,0.26666666666666666,-0.53333333333333333,0.4052547378969914,0.31221912904265786,0.1412630665301754,0.1412630665301754,0.28252613306035079,0.09303560885433354,9.2727763303247752e-05,0.99989549141336287,0.31221912904265786
heatmap,varms_2,2 x MS0(pi/2),2,sideband_fcl,sideband,fcl,19,12,1,0,0.40000000000000002,-0.53333333333333333,0.62990706623455084,0.21254505233084833,0.078773940717300456,0.078773940717300456,0.15754788143460091,0.41736201390370253,9.2727763303247752e-05,0.99989549141336287,0.21254505233084833
heatmap,varms_2,2 x MS0(pi/2),2,sideband_fcl,sideband,fcl,20,12,1,0,0.53333333333333333,-0.53333333333333333,0.78623396288691516,0.15497693057439235,0.029394553269346337,0.029394553269346337,0.058789106538692674,0.63125703231252284,9.2727763303247752e-05,0.99989549141336287,0.15497693057439235
heatmap,varms_2,2 x MS0(pi/2),2,sideband_fcl,sideband,fcl,21,12,1,0,0.66666666666666663,-0.53333333333333333,0.83422002432656805,0.14791314058398594,0.0089334175447230192,0.0089334175447230192,0.017866835089446038,0.68630688374258209,9.2727763303247752e-05,0.99989549141336287,0.14791314058398594
heatmap,varms_2,2 x MS0(pi/2),2,sideband_fcl,sideband,fcl,22,12,1,0,0.80000000000000004,-0.53333333333333333,0.76473471020231465,0.18746011343939037,0.023902588179147512,0.023902588179147512,0.047805176358295023,0.57727459676292425,9.2727763303247752e-05,0.99989549141336287,0.18746011343939037
heatmap,varms_2,2 x MS0(pi/2),2,sideband_fcl,sideband,fcl,23,12,1,0,0.93333333333333335,-0.53333333333333333,0.63886434950451843,0.25682913882002345,0.052153255837729097,0.052153255837729097,0.10430651167545819,0.38203521068449497,9.2727763303247752e-05,0.99989549141336287,0.25682913882002345
heatmap,varms_2,2 x MS0(pi/2),2,sideband_fcl,sideband,fcl,24,12,1,0,1.0666666666666667,-0.53333333333333333,0.52452515615014728,0.3212905098694907,0.077092166990180969,0.077092166990180969,0.15418433398036194,0.20323464628065657,9.2727763303247752e-05,0.99989549141336287,0.3212905098694907
heatmap,varms_2,2 x MS0(pi/2),2,sideband_fcl,sideband,fcl,25,12,1,0,1.2,-0.53333333333333333,0.44923926676290882,0.34768574869490426,0.1015374922710934,0.1015374922710934,0.20307498454218681,0.10155351806800456,9.2727763303247752e-05,0.99989549141336287,0.34768574869490426
heatmap,varms_2,2 x MS0(pi/2),2,sideband_fcl,sideband,fcl,26,12,1,0,1.3333333333333333,-0.53333333333333333,0.41994140066293639,0.32236363621548958,0.12884748156078701,0.12884748156078701,0.25769496312157403,0.097577764447446813,9.2727763303247752e-05,0.99989549141336287,0.32236363621548958
heatmap,varms_2,2 x MS0(pi/2),2,sideband_fcl,sideband,fcl,27,12,1,0,1.4666666666666666,-0.53333333333333333,0.44461763433738971,0.25800725076698144,0.14868755744781448,0.14868755744781448,0.29737511489562896,0.18661038357040827,9.2727763303247752e-05,0.99989549141336287,0.25800725076698144
heatmap,varms_2,2 x MS0(pi/2),2,sideband_fcl,sideband,fcl,28,12,1,0,1.6000000000000001,-0.53333333333333333,0.52529323280167273,0.18545551638736602,0.14462562540548066,0.14462562540548066,0.28925125081096131,0.33983771641430671,9.2727763303247752e-05,0.99989549141336287,0.18545551638736602
heatmap,varms_2,2 x MS0(pi/2),2,sideband_fcl,sideband,fcl,29,12,1,0,1.7333333333333334,-0.53333333333333333,0.64198172192587666,0.12707270173817817,0.11547278816797263,0.11547278816797263,0.23094557633594526,0.51490902018769846,9.2727763303247752e-05,0.99989549141336287,0.12707270173817817
heatmap,varms_2,2 x MS0(pi/2),2,sideband_fcl,sideband,fcl,30,12,1,0,1.8666666666666667,-0.53333333333333333,0.76239864508995947,0.086591015715908951,0.075505169597065824,0.075505169597065824,0.15101033919413165,0.67580762937405048,9.2727763303247752e-05,0.99989549141336287,0.086591015715908951
heatmap,varms_2,2 x MS0(pi/2),2,sideband_fcl,sideband,fcl,31,12,1,0,2,-0.53333333333333333,0.86235874649210331,0.06230203463347455,0.037669609437211073,0.037669609437211073,0.075339218874422145,0.80005671185862881,9.2727763303247752e-05,0.99989549141336287,0.06230203463347455
heatmap,varms_2,2 x MS0(pi/2),2,sideband_fcl,sideband,fcl,1,13,1,0,-2,-0.40000000000000002,0.3678716521046092,0.30403979216955018,0.16404427786292025,0.16404427786292025,0.3280885557258405,0.063831859935059021,9.2727763303247752e-05,0.99989549141336287,0.30403979216955018
heatmap,varms_2,2 x MS0(pi/2),2,sideband_fcl,sideband,fcl,2,13,1,0,-1.8666666666666667,-0.40000000000000002,0.50927843818285345,0.17719104289408341,0.15676525946153164,0.15676525946153164,0.31353051892306327,0.33208739528877007,9.2727763303247752e-05,0.99989549141336287,0.17719104289408341
heatmap,varms_2,2 x MS0(pi/2),2,sideband_fcl,sideband,fcl,3,13,1,0,-1.7333333333333334,-0.40000000000000002,0.63684150546056251,0.10113234303782205,0.13101307575080773,0.13101307575080773,0.26202615150161546,0.53570916242274047,9.2727763303247752e-05,0.99989549141336287,0.10113234303782205
heatmap,varms_2,2 x MS0(pi/2),2,sideband_fcl,sideband,fcl,4,13,1,0,-1.6000000000000001,-0.40000000000000002,0.78248375556367744,0.02659555853858846,0.095460342948867016,0.095460342948867016,0.19092068589773403,0.75588819702508903,9.2727763303247752e-05,0.99989549141336287,0.02659555853858846
heatmap,varms_2,2 x MS0(pi/2),2,sideband_fcl,sideband,fcl,5,13,1,0,-1.4666666666666666,-0.40000000000000002,0.71858290399259772,0.15074493221186763,0.065336081897767309,0.065336081897767309,0.13067216379553462,0.56783797178073003,9.2727763303247752e-05,0.99989549141336287,0.15074493221186763
heatmap,varms_2,2 x MS0(pi/2),2,sideband_fcl,sideband,fcl,6,13,1,0,-1.3333333333333333,-0.40000000000000002,0.58356212752833581,0.19085970412163164,0.11278908417501626,0.11278908417501626,0.22557816835003253,0.39270242340670414,9.2727763303247752e-05,0.99989549141336287,0.19085970412163164
heatmap,varms_2,2 x MS0(pi/2),2,sideband_fcl,sideband,fcl,7,13,1,0,-1.2,-0.40000000000000002,0.47939135490496571,0.34780870687274851,0.08639996911114288,0.08639996911114288,0.17279993822228576,0.1315826480322172,9.2727763303247752e-05,0.99989549141336287,0.34780870687274851
heatmap,varms_2,2 x MS0(pi/2),2,sideband_fcl,sideband,fcl,8,13,1,0,-1.0666666666666667,-0.40000000000000002,0.28084249220033625,0.47834871368829901,0.1204043970556824,0.1204043970556824,0.2408087941113648,-0.19750622148796276,9.2727763303247752e-05,0.99989549141336287,0.47834871368829901
heatmap,varms_2,2 x MS0(pi/2),2,sideband_fcl,sideband,fcl,9,13,1,0,-0.93333333333333335,-0.40000000000000002,0.21553843036606629,0.50801478605635053,0.13822339178879162,0.13822339178879162,0.27644678357758323,-0.29247635569028424,9.2727763303247752e-05,0.99989549141336287,0.50801478605635053
heatmap,varms_2,2 x MS0(pi/2),2,sideband_fcl,sideband,fcl,10,13,1,0,-0.80000000000000004,-0.40000000000000002,0.20352417316004676,0.54631737377543133,0.12507922653226097,0.12507922653226097,0.25015845306452195,-0.34279320061538454,9.2727763303247752e-05,0.99989549141336287,0.54631737377543133
heatmap,varms_2,2 x MS0(pi/2),2,sideband_fcl,sideband,fcl,11,13,1,0,-0.66666666666666663,-0.40000000000000002,0.26419769736552096,0.51602183174194538,0.10989023544626682,0.10989023544626682,0.21978047089253364,-0.25182413437642442,9.2727763303247752e-05,0.99989549141336287,0.51602183174194538
heatmap,varms_2,2 x MS0(pi/2),2,sideband_fcl,sideband,fcl,12,13,1,0,-0.53333333333333333,-0.40000000000000002,0.21047745078242461,0.48823477211973276,0.1506438885489213,0.1506438885489213,0.3012877770978426,-0.27775732133730813,9.2727763303247752e-05,0.99989549141336287,0.48823477211973276
heatmap,varms_2,2 x MS0(pi/2),2,sideband_fcl,sideband,fcl,13,13,1,0,-0.40000000000000002,-0.40000000000000002,0.27140744189554683,0.3297082098330158,0.19944217413571863,0.19944217413571863,0.39888434827143726,-0.058300767937468967,9.2727763303247752e-05,0.99989549141336287,0.3297082098330158
heatmap,varms_2,2 x MS0(pi/2),2,sideband_fcl,sideband,fcl,14,13,1,0,-0.26666666666666666,-0.40000000000000002,0.35637988315305769,0.28373650648439075,0.17994180518127581,0.17994180518127581,0.35988361036255162,0.072643376668666937,9.2727763303247752e-05,0.99989549141336287,0.28373650648439075
heatmap,varms_2,2 x MS0(pi/2),2,sideband_fcl,sideband,fcl,15,13,1,0,-0.13333333333333333,-0.40000000000000002,0.2661161696920708,0.45830409410890999,0.1377898680995096,0.1377898680995096,0.27557973619901921,-0.19218792441683918,9.2727763303247752e-05,0.99989549141336287,0.45830409410890999
heatmap,varms_2,2 x MS0(pi/2),2,sideband_fcl,sideband,fcl,16,13,1,0,0,-0.40000000000000002,0.094012676247618124,0.58882109351614031,0.15858311511812082,0.15858311511812082,0.31716623023624163,-0.4948084172685222,9.2727763303247752e-05,0.99989549141336287,0.58882109351614031
heatmap,varms_2,2 x MS0(pi/2),2,sideband_fcl,sideband,fcl,17,13,1,0,0.13333333333333333,-0.40000000000000002,0.21262889128722665,0.5510248018132502,0.11817315344976159,0.11817315344976159,0.23634630689952318,-0.33839591052602358,9.2727763303247752e-05,0.99989549141336287,0.5510248018132502
heatmap,varms_2,2 x MS0(pi/2),2,sideband_fcl,sideband,fcl,18,13,1,0,0.26666666666666666,-0.40000000000000002,0.44436058016843039,0.42427617811493101,0.065681620858319315,0.065681620858319315,0.13136324171663863,0.020084402053499373,9.2727763303247752e-05,0.99989549141336287,0.42427617811493101
heatmap,varms_2,2 x MS0(pi/2),2,sideband_fcl,sideband,fcl,19,13,1,0,0.40000000000000002,-0.40000000000000002,0.60512470092734505,0.31730051229132566,0.038787393390664608,0.038787393390664608,0.077574786781329216,0.28782418863601938,9.2727763303247752e-05,0.99989549141336287,0.31730051229132566
heatmap,varms_2,2 x MS0(pi/2),2,sideband_fcl,sideband,fcl,20,13,1,0,0.53333333333333333,-0.40000000000000002,0.66878125617332596,0.27335625300854788,0.028931245409063115,0.028931245409063115,0.057862490818126229,0.39542500316477808,9.2727763303247752e-05,0.99989549141336287,0.27335625300854788
heatmap,varms_2,2 x MS0(pi/2),2,sideband_fcl,sideband,fcl,21,13,1,0,0.66666666666666663,-0.40000000000000002,0.6448205761041792,0.28569135039918991,0.034744036748315402,0.034744036748315402,0.069488073496630803,0.35912922570498929,9.2727763303247752e-05,0.99989549141336287,0.28569135039918991
heatmap,varms_2,2 x MS0(pi/2),2,sideband_fcl,sideband,fcl,22,13,1,0,0.80000000000000004,-0.40000000000000002,0.56305653208056416,0.33329139012133674,0.051826038899049527,0.051826038899049527,0.10365207779809905,0.22976514195922743,9.2727763303247752e-05,0.99989549141336287,0.33329139012133674
heatmap,varms_2,2 x MS0(pi/2),2,sideband_fcl,sideband,fcl,23,13,1,0,0.93333333333333335,-0.40000000000000002,0.4687090822136884,0.3900067236630908,0.070642097061610468,0.070642097061610468,0.14128419412322094,0.078702358550597595,9.2727763303247752e-05,0.99989549141336287,0.3900067236630908
heatmap,varms_2,2 x MS0(pi/2),2,sideband_fcl,sideband,fcl,24,13,1,0,1.0666666666666667,-0.40000000000000002,0.39417232209886049,0.42920208571528745,0.088312796092926055,0.088312796092926055,0.17662559218585211,-0.035029763616426957,9.2727763303247752e-05,0.99989549141336287,0.42920208571528745
heatmap,varms_2,2 x MS0(pi/2),2,sideband_fcl,sideband,fcl,25,13,1,0,1.2,-0.40000000000000002,0.35327798156825829,0.4313098228837719,0.10770609777398493,0.10770609777398493,0.21541219554796986,-0.078031841315513606,9.2727763303247752e-05,0.99989549141336287,0.4313098228837719
heatmap,varms_2,2 x MS0(pi/2),2,sideband_fcl,sideband,fcl,26,13,1,0,1.3333333333333333,-0.40000000000000002,0.35775096585021804,0.39104173128631969,0.12560365143173116,0.12560365143173116,0.25120730286346232,-0.033290765436101655,9.2727763303247752e-05,0.99989549141336287,0.39104173128631969
heatmap,varms_2,2 x MS0(pi/2),2,sideband_fcl,sideband,fcl,27,13,1,0,1.4666666666666666,-0.40000000000000002,0.42127658421133846,0.32461583216285311,0.12705379181290422,0.12705379181290422,0.25410758362580843,0.096660752048485343,9.2727763303247752e-05,0.99989549141336287,0.32461583216285311
heatmap,varms_2,2 x MS0(pi/2),2,sideband_fcl,sideband,fcl,28,13,1,0,1.6000000000000001,-0.40000000000000002,0.53811300860710753,0.25820317023597283,0.10184191057845984,0.10184191057845984,0.20368382115691969,0.2799098383711347,9.2727763303247752e-05,0.99989549141336287,0.25820317023597283
heatmap,varms_2,2 x MS0(pi/2),2,sideband_fcl,sideband,fcl,29,13,1,0,1.7333333333333334,-0.40000000000000002,0.66996582871536114,0.20333808258314182,0.063348044350748478,0.063348044350748478,0.12669608870149696,0.46662774613221936,9.2727763303247752e-05,0.99989549141336287,0.20333808258314182
heatmap,varms_2,2 x MS0(pi/2),2,sideband_fcl,sideband,fcl,30,13,1,0,1.8666666666666667,-0.40000000000000002,0.77510694221294174,0.16023069789283018,0.032331179947114048,0.032331179947114048,0.064662359894228097,0.61487624432011156,9.2727763303247752e-05,0.99989549141336287,0.16023069789283018
heatmap,varms_2,2 x MS0(pi/2),2,sideband_fcl,sideband,fcl,31,13,1,0,2,-0.40000000000000002,0.83605179658909723,0.1322320731288037,0.015858065141049555,0.015858065141049555,0.03171613028209911,0.70381972346029353,9.2727763303247752e-05,0.99989549141336287,0.1322320731288037
heatmap,varms_2,2 x MS0(pi/2),2,sideband_fcl,sideband,fcl,1,14,1,0,-2,-0.26666666666666666,0.27970663328496309,0.40708075851456005,0.15660630410023837,0.15660630410023837,0.31321260820047675,-0.12737412522959696,9.2727763303247752e-05,0.99989549141336287,0.40708075851456005
heatmap,varms_2,2 x MS0(pi/2),2,sideband_fcl,sideband,fcl,2,14,1,0,-1.8666666666666667,-0.26666666666666666,0.41121236941450928,0.26391132172915782,0.16243815442816648,0.16243815442816648,0.32487630885633295,0.14730104768535146,9.2727763303247752e-05,0.99989549141336287,0.26391132172915782
heatmap,varms_2,2 x MS0(pi/2),2,sideband_fcl,sideband,fcl,3,14,1,0,-1.7333333333333334,-0.26666666666666666,0.63954543422683463,0.12794612908841588,0.11625421834237473,0.11625421834237473,0.23250843668474946,0.51159930513841878,9.2727763303247752e-05,0.99989549141336287,0.12794612908841588
heatmap,varms_2,2 x MS0(pi/2),2,sideband_fcl,sideband,fcl,4,14,1,0,-1.6000000000000001,-0.26666666666666666,0.85371731136542717,0.010227194559918327,0.068027747037327266,0.068027747037327266,0.13605549407465453,0.84349011680550889,9.2727763303247752e-05,0.99989549141336287,0.010227194559918327
heatmap,varms_2,2 x MS0(pi/2),2,sideband_fcl,sideband,fcl,5,14,1,0,-1.4666666666666666,-0.26666666666666666,0.76509492750945807,0.1161832398600629,0.059360916315239584,0.059360916315239584,0.11872183263047917,0.64891168764939522,9.2727763303247752e-05,0.99989549141336287,0.1161832398600629
heatmap,varms_2,2 x MS0(pi/2),2,sideband_fcl,sideband,fcl,6,14,1,0,-1.3333333333333333,-0.26666666666666666,0.52629793940197034,0.23867021519984186,0.11751592269909382,0.11751592269909382,0.23503184539818764,0.28762772420212845,9.2727763303247752e-05,0.99989549141336287,0.23867021519984186
heatmap,varms_2,2 x MS0(pi/2),2,sideband_fcl,sideband,fcl,7,14,1,0,-1.2,-0.26666666666666666,0.38893745272566149,0.36690661927801177,0.12207796399816341,0.12207796399816341,0.24415592799632682,0.022030833447649723,9.2727763303247752e-05,0.99989549141336287,0.36690661927801177
heatmap,varms_2,2 x MS0(pi/2),2,sideband_fcl,sideband,fcl,8,14,1,0,-1.0666666666666667,-0.26666666666666666,0.33623375772366404,0.40443115750133213,0.12966754238750192,0.12966754238750192,0.25933508477500383,-0.068197399777668088,9.2727763303247752e-05,0.99989549141336287,0.40443115750133213
heatmap,varms_2,2 x MS0(pi/2),2,sideband_fcl,sideband,fcl,9,14,1,0,-0.93333333333333335,-0.26666666666666666,0.27178351491959474,0.44666713603071873,0.14077467452484332,0.14077467452484332,0.28154934904968665,-0.17488362111112399,9.2727763303247752e-05,0.99989549141336287,0.44666713603071873
heatmap,varms_2,2 x MS0(pi/2),2,sideband_fcl,sideband,fcl,10,14,1,0,-0.80000000000000004,-0.26666666666666666,0.3143563997004189,0.45412262711553453,0.11576048659202332,0.11576048659202332,0.23152097318404663,-0.13976622741511563,9.2727763303247752e-05,0.99989549141336287,0.45412262711553453
heatmap,varms_2,2 x MS0(pi/2),2,sideband_fcl,sideband,fcl,11,14,1,0,-0.66666666666666663,-0.26666666666666666,0.39033949099188819,0.40432608982507595,0.10266720959151798,0.10266720959151798,0.20533441918303597,-0.013986598833187758,9.2727763303247752e-05,0.99989549141336287,0.40432608982507595
heatmap,varms_2,2 x MS0(pi/2),2,sideband_fcl,sideband,fcl,12,14,1,0,-0.53333333333333333,-0.26666666666666666,0.35731882305314039,0.40634457940056545,0.11816829877314709,0.11816829877314709,0.23633659754629419,-0.049025756347425065,9.2727763303247752e-05,0.99989549141336287,0.40634457940056545
heatmap,varms_2,2 x MS0(pi/2),2,sideband_fcl,sideband,fcl,13,14,1,0,-0.40000000000000002,-0.26666666666666666,0.41647729599302513,0.26927312852353991,0.15712478774171751,0.15712478774171751,0.31424957548343502,0.14720416746948523,9.2727763303247752e-05,0.99989549141336287,0.26927312852353991
heatmap,varms_2,2 x MS0(pi/2),2,sideband_fcl,sideband,fcl,14,14,1,0,-0.26666666666666666,-0.26666666666666666,0.44430534826443902,0.29138609025545381,0.13215428074005359,0.13215428074005359,0.26430856148010717,0.1529192580089852,9.2727763303247752e-05,0.99989549141336287,0.29138609025545381
heatmap,varms_2,2 x MS0(pi/2),2,sideband_fcl,sideband,fcl,15,14,1,0,-0.13333333333333333,-0.26666666666666666,0.24511741471980003,0.57839081146146909,0.088245886909365426,0.088245886909365426,0.17649177381873085,-0.33327339674166906,9.2727763303247752e-05,0.99989549141336287,0.57839081146146909
heatmap,varms_2,2 x MS0(pi/2),2,sideband_fcl,sideband,fcl,16,14,1,0,0,-0.26666666666666666,0.061232384018240341,0.76744331703118629,0.08566214947528672,0.08566214947528672,0.17132429895057344,-0.70621093301294591,9.2727763303247752e-05,0.99989549141336287,0.76744331703118629
heatmap,varms_2,2 x MS0(pi/2),2,sideband_fcl,sideband,fcl,17,14,1,0,0.13333333333333333,-0.26666666666666666,0.17553018615165325,0.7033880312901396,0.060540891279103587,0.060540891279103587,0.12108178255820717,-0.52785784513848633,9.2727763303247752e-05,0.99989549141336287,0.7033880312901396
heatmap,varms_2,2 x MS0(pi/2),2,sideband_fcl,sideband,fcl,18,14,1,0,0.26666666666666666,-0.26666666666666666,0.35563715672438406,0.53558541654699676,0.05438871336430956,0.05438871336430956,0.10877742672861912,-0.1799482598226127,9.2727763303247752e-05,0.99989549141336287,0.53558541654699676
heatmap,varms_2,2 x MS0(pi/2),2,sideband_fcl,sideband,fcl,19,14,1,0,0.40000000000000002,-0.26666666666666666,0.46250280581389452,0.42031280994629339,0.058592192119906031,0.058592192119906031,0.11718438423981206,0.042189995867601138,9.2727763303247752e-05,0.99989549141336287,0.42031280994629339
heatmap,varms_2,2 x MS0(pi/2),2,sideband_fcl,sideband,fcl,20,14,1,0,0.53333333333333333,-0.26666666666666666,0.49019913423230099,0.38213236409725215,0.063834250835223455,0.063834250835223455,0.12766850167044691,0.10806677013504884,9.2727763303247752e-05,0.99989549141336287,0.38213236409725215
heatmap,varms_2,2 x MS0(pi/2),2,sideband_fcl,sideband,fcl,21,14,1,0,0.66666666666666663,-0.26666666666666666,0.46277462436473876,0.39520596848428047,0.071009703575490343,0.071009703575490343,0.14201940715098069,0.067568655880458295,9.2727763303247752e-05,0.99989549141336287,0.39520596848428047
heatmap,varms_2,2 x MS0(pi/2),2,sideband_fcl,sideband,fcl,22,14,1,0,0.80000000000000004,-0.26666666666666666,0.40768411312601771,0.43232881411690238,0.079993536378539926,0.079993536378539926,0.15998707275707985,-0.024644700990884671,9.2727763303247752e-05,0.99989549141336287,0.43232881411690238
heatmap,varms_2,2 x MS0(pi/2),2,sideband_fcl,sideband,fcl,23,14,1,0,0.93333333333333335,-0.26666666666666666,0.34931244620645324,0.47182666807953622,0.089430442857005271,0.089430442857005271,0.17886088571401054,-0.12251422187308297,9.2727763303247752e-05,0.99989549141336287,0.47182666807953622
heatmap,varms_2,2 x MS0(pi/2),2,sideband_fcl,sideband,fcl,24,14,1,0,1.0666666666666667,-0.26666666666666666,0.30448206395170979,0.4970492765210891,0.09923432976360054,0.09923432976360054,0.19846865952720108,-0.19256721256937931,9.2727763303247752e-05,0.99989549141336287,0.4970492765210891
heatmap,varms_2,2 x MS0(pi/2),2,sideband_fcl,sideband,fcl,25,14,1,0,1.2,-0.26666666666666666,0.28734292293391267,0.4961257895574685,0.10826564375430943,0.10826564375430943,0.21653128750861886,-0.20878286662355583,9.2727763303247752e-05,0.99989549141336287,0.4961257895574685
heatmap,varms_2,2 x MS0(pi/2),2,sideband_fcl,sideband,fcl,26,14,1,0,1.3333333333333333,-0.26666666666666666,0.31675048943067408,0.46618743211028807,0.10853103922951891,0.10853103922951891,0.21706207845903783,-0.14943694267961399,9.2727763303247752e-05,0.99989549141336287,0.46618743211028807
heatmap,varms_2,2 x MS0(pi/2),2,sideband_fcl,sideband,fcl,27,14,1,0,1.4666666666666666,-0.26666666666666666,0.40587399085091602,0.41762559858175019,0.088250205283666935,0.088250205283666935,0.17650041056733387,-0.011751607730834168,9.2727763303247752e-05,0.99989549141336287,0.41762559858175019
heatmap,varms_2,2 x MS0(pi/2),2,sideband_fcl,sideband,fcl,28,14,1,0,1.6000000000000001,-0.26666666666666666,0.53425405529258663,0.36191427591968645,0.051915834393863505,0.051915834393863505,0.10383166878772701,0.17233977937290018,9.2727763303247752e-05,0.99989549141336287,0.36191427591968645
heatmap,varms_2,2 x MS0(pi/2),2,sideband_fcl,sideband,fcl,29,14,1,0,1.7333333333333334,-0.26666666666666666,0.65098068826837663,0.30260919170581069,0.02320506001290636,0.02320506001290636,0.046410120025812719,0.34837149656256594,9.2727763303247752e-05,0.99989549141336287,0.30260919170581069
heatmap,varms_2,2 x MS0(pi/2),2,sideband_fcl,sideband,fcl,30,14,1,0,1.8666666666666667,-0.26666666666666666,0.72068334305289328,0.24847618707720101,0.015420234934952922,0.015420234934952922,0.030840469869905844,0.47220715597569229,9.2727763303247752e-05,0.99989549141336287,0.24847618707720101
heatmap,varms_2,2 x MS0(pi/2),2,sideband_fcl,sideband,fcl,31,14,1,0,2,-0.26666666666666666,0.7427250831998008,0.21335405487387746,0.021960430963160849,0.021960430963160849,0.043920861926321698,0.52937102832592331,9.2727763303247752e-05,0.99989549141336287,0.21335405487387746
heatmap,varms_2,2 x MS0(pi/2),2,sideband_fcl,sideband,fcl,1,15,1,0,-2,-0.13333333333333333,0.26479102113486647,0.41943739488447623,0.15788579199032862,0.15788579199032862,0.31577158398065724,-0.15464637374960977,9.2727763303247752e-05,0.99989549141336287,0.41943739488447623
heatmap,varms_2,2 x MS0(pi/2),2,sideband_fcl,sideband,fcl,2,15,1,0,-1.8666666666666667,-0.13333333333333333,0.38791318874162251,0.32341699600681389,0.14433490762578183,0.14433490762578183,0.28866981525156366,0.064496192734808611,9.2727763303247752e-05,0.99989549141336287,0.32341699600681389
heatmap,varms_2,2 x MS0(pi/2),2,sideband_fcl,sideband,fcl,3,15,1,0,-1.7333333333333334,-0.13333333333333333,0.66824056883766614,0.15753727489033351,0.087111078136000122,0.087111078136000122,0.17422215627200024,0.5107032939473326,9.2727763303247752e-05,0.99989549141336287,0.15753727489033351
heatmap,varms_2,2 x MS0(pi/2),2,sideband_fcl,sideband,fcl,4,15,1,0,-1.6000000000000001,-0.13333333333333333,0.89242293850272747,0.0065769358458129083,0.050500062825729782,0.050500062825729782,0.10100012565145956,0.8858460026569146,9.2727763303247752e-05,0.99989549141336287,0.0065769358458129083
heatmap,varms_2,2 x MS0(pi/2),2,sideband_fcl,sideband,fcl,5,15,1,0,-1.4666666666666666,-0.13333333333333333,0.76960264103633069,0.12414531895242267,0.05312602000562331,0.05312602000562331,0.10625204001124662,0.64545732208390805,9.2727763303247752e-05,0.99989549141336287,0.12414531895242267
heatmap,varms_2,2 x MS0(pi/2),2,sideband_fcl,sideband,fcl,6,15,1,0,-1.3333333333333333,-0.13333333333333333,0.46995066014450887,0.31079556151014431,0.10962688917267342,0.10962688917267342,0.21925377834534684,0.15915509863436456,9.2727763303247752e-05,0.99989549141336287,0.31079556151014431
heatmap,varms_2,2 x MS0(pi/2),2,sideband_fcl,sideband,fcl,7,15,1,0,-1.2,-0.13333333333333333,0.33951663150498035,0.36975727549962056,0.14536304649769952,0.14536304649769952,0.29072609299539903,-0.030240643994640215,9.2727763303247752e-05,0.99989549141336287,0.36975727549962056
heatmap,varms_2,2 x MS0(pi/2),2,sideband_fcl,sideband,fcl,8,15,1,0,-1.0666666666666667,-0.13333333333333333,0.37534226305303847,0.36900255083448791,0.12782759305623687,0.12782759305623687,0.25565518611247373,0.0063397122185505639,9.2727763303247752e-05,0.99989549141336287,0.36900255083448791
heatmap,varms_2,2 x MS0(pi/2),2,sideband_fcl,sideband,fcl,9,15,1,0,-0.93333333333333335,-0.13333333333333333,0.36055811519174213,0.40341487836038981,0.11801350322393406,0.11801350322393406,0.23602700644786812,-0.042856763168647671,9.2727763303247752e-05,0.99989549141336287,0.40341487836038981
heatmap,varms_2,2 x MS0(pi/2),2,sideband_fcl,sideband,fcl,10,15,1,0,-0.80000000000000004,-0.13333333333333333,0.41552759414891977,0.39376391007349976,0.095354247888790281,0.095354247888790281,0.19070849577758056,0.021763684075420009,9.2727763303247752e-05,0.99989549141336287,0.39376391007349976
heatmap,varms_2,2 x MS0(pi/2),2,sideband_fcl,sideband,fcl,11,15,1,0,-0.66666666666666663,-0.13333333333333333,0.46587095754429725,0.36110635476929104,0.086511343843205912,0.086511343843205912,0.17302268768641182,0.10476460277500621,9.2727763303247752e-05,0.99989549141336287,0.36110635476929104
heatmap,varms_2,2 x MS0(pi/2),2,sideband_fcl,sideband,fcl,12,15,1,0,-0.53333333333333333,-0.13333333333333333,0.45046906207253073,0.34729205141416103,0.10111944325665412,0.10111944325665412,0.20223888651330824,0.10317701065836971,9.2727763303247752e-05,0.99989549141336287,0.34729205141416103
heatmap,varms_2,2 x MS0(pi/2),2,sideband_fcl,sideband,fcl,13,15,1,0,-0.40000000000000002,-0.13333333333333333,0.47313047787243179,0.26522562324039095,0.1308219494435886,0.1308219494435886,0.26164389888717721,0.20790485463204084,9.2727763303247752e-05,0.99989549141336287,0.26522562324039095
heatmap,varms_2,2 x MS0(pi/2),2,sideband_fcl,sideband,fcl,14,15,1,0,-0.26666666666666666,-0.13333333333333333,0.40827526198823677,0.37895312448648999,0.10638580676263661,0.10638580676263661,0.21277161352527321,0.029322137501746781,9.2727763303247752e-05,0.99989549141336287,0.37895312448648999
heatmap,varms_2,2 x MS0(pi/2),2,sideband_fcl,sideband,fcl,15,15,1,0,-0.13333333333333333,-0.13333333333333333,0.15466075011422317,0.73478381738539211,0.055277716250192309,0.055277716250192309,0.11055543250038462,-0.58012306727116891,9.2727763303247752e-05,0.99989549141336287,0.73478381738539211
heatmap,varms_2,2 x MS0(pi/2),2,sideband_fcl,sideband,fcl,16,15,1,0,0,-0.13333333333333333,0.014361995944284172,0.93434964536733733,0.025644179344189236,0.025644179344189236,0.051288358688378471,-0.91998764942305311,9.2727763303247752e-05,0.99989549141336287,0.93434964536733733
heatmap,varms_2,2 x MS0(pi/2),2,sideband_fcl,sideband,fcl,17,15,1,0,0.13333333333333333,-0.13333333333333333,0.10411307553758686,0.81114908505103345,0.042368919705689817,0.042368919705689817,0.084737839411379634,-0.70703600951344658,9.2727763303247752e-05,0.99989549141336287,0.81114908505103345
heatmap,varms_2,2 x MS0(pi/2),2,sideband_fcl,sideband,fcl,18,15,1,0,0.26666666666666666,-0.13333333333333333,0.24009559652272633,0.6082544433003545,0.075824980088459545,0.075824980088459545,0.15164996017691909,-0.36815884677762817,9.2727763303247752e-05,0.99989549141336287,0.6082544433003545
heatmap,varms_2,2 x MS0(pi/2),2,sideband_fcl,sideband,fcl,19,15,1,0,0.40000000000000002,-0.13333333333333333,0.32562108871412565,0.48939836583966356,0.092490272723105352,0.092490272723105352,0.1849805454462107,-0.16377727712553791,9.2727763303247752e-05,0.99989549141336287,0.48939836583966356
heatmap,varms_2,2 x MS0(pi/2),2,sideband_fcl,sideband,fcl,20,15,1,0,0.53333333333333333,-0.13333333333333333,0.35399985419830887,0.44941639704244146,0.098291874379624805,0.098291874379624805,0.19658374875924961,-0.09541654284413259,9.2727763303247752e-05,0.99989549141336287,0.44941639704244146
heatmap,varms_2,2 x MS0(pi/2),2,sideband_fcl,sideband,fcl,21,15,1,0,0.66666666666666663,-0.13333333333333333,0.34554463918817685,0.45250736809965103,0.10097399635608606,0.10097399635608606,0.20194799271217212,-0.10696272891147418,9.2727763303247752e-05,0.99989549141336287,0.45250736809965103
heatmap,varms_2,2 x MS0(pi/2),2,sideband_fcl,sideband,fcl,22,15,1,0,0.80000000000000004,-0.13333333333333333,0.31813211236473588,0.47471661425358758,0.1035756366908383,0.1035756366908383,0.2071512733816766,-0.1565845018888517,9.2727763303247752e-05,0.99989549141336287,0.47471661425358758
heatmap,varms_2,2 x MS0(pi/2),2,sideband_fcl,sideband,fcl,23,15,1,0,0.93333333333333335,-0.13333333333333333,0.28495762839816735,0.50216340850523222,0.10643948154830021,0.10643948154830021,0.21287896309660043,-0.21720578010706487,9.2727763303247752e-05,0.99989549141336287,0.50216340850523222
heatmap,varms_2,2 x MS0(pi/2),2,sideband_fcl,sideband,fcl,24,15,1,0,1.0666666666666667,-0.13333333333333333,0.25901499452977095,0.52533590046678358,0.10782455250172274,0.10782455250172274,0.21564910500344547,-0.26632090593701263,9.2727763303247752e-05,0.99989549141336287,0.52533590046678358
heatmap,varms_2,2 x MS0(pi/2),2,sideband_fcl,sideband,fcl,25,15,1,0,1.2,-0.13333333333333333,0.25868039370415186,0.5363286250189897,0.10249549063842923,0.10249549063842923,0.20499098127685847,-0.27764823131483785,9.2727763303247752e-05,0.99989549141336287,0.5363286250189897
heatmap,varms_2,2 x MS0(pi/2),2,sideband_fcl,sideband,fcl,26,15,1,0,1.3333333333333333,-0.13333333333333333,0.30611336802735578,0.53030888862469749,0.081788871673973376,0.081788871673973376,0.16357774334794675,-0.22419552059734171,9.2727763303247752e-05,0.99989549141336287,0.53030888862469749
heatmap,varms_2,2 x MS0(pi/2),2,sideband_fcl,sideband,fcl,27,15,1,0,1.4666666666666666,-0.13333333333333333,0.40536683430804843,0.50442896336251886,0.045102101164716357,0.045102101164716357,0.090204202329432714,-0.099062129054470427,9.2727763303247752e-05,0.99989549141336287,0.50442896336251886
heatmap,varms_2,2 x MS0(pi/2),2,sideband_fcl,sideband,fcl,28,15,1,0,1.6000000000000001,-0.13333333333333333,0.5199788818609381,0.45382960894418173,0.013095754597440109,0.013095754597440109,0.026191509194880218,0.066149272916756374,9.2727763303247752e-05,0.99989549141336287,0.45382960894418173
heatmap,varms_2,2 x MS0(pi/2),2,sideband_fcl,sideband,fcl,29,15,1,0,1.7333333333333334,-0.13333333333333333,0.60052967160747295,0.3842168182832395,0.007626755054643811,0.007626755054643811,0.015253510109287622,0.21631285332423345,9.2727763303247752e-05,0.99989549141336287,0.3842168182832395
heatmap,varms_2,2 x MS0(pi/2),2,sideband_fcl,sideband,fcl,30,15,1,0,1.8666666666666667,-0.13333333333333333,0.63167926238394523,0.31961912351889543,0.02435080704857967,0.02435080704857967,0.04870161409715934,0.3120601388650498,9.2727763303247752e-05,0.99989549141336287,0.31961912351889543
heatmap,varms_2,2 x MS0(pi/2),2,sideband_fcl,sideband,fcl,31,15,1,0,2,-0.13333333333333333,0.62906015175942198,0.28006631156685724,0.045436768336860341,0.045436768336860341,0.090873536673720681,0.34899384019256474,9.2727763303247752e-05,0.99989549141336287,0.28006631156685724
heatmap,varms_2,2 x MS0(pi/2),2,sideband_fcl,sideband,fcl,1,16,1,0,-2,0,0.29661578083767187,0.38171448613883313,0.1608348665117475,0.1608348665117475,0.321669733023495,-0.085098705301161259,9.2727763303247752e-05,0.99989549141336287,0.38171448613883313
heatmap,varms_2,2 x MS0(pi/2),2,sideband_fcl,sideband,fcl,2,16,1,0,-1.8666666666666667,0,0.40249790964051757,0.34767745979197706,0.1249123152837527,0.1249123152837527,0.2498246305675054,0.054820449848540509,9.2727763303247752e-05,0.99989549141336287,0.34767745979197706
heatmap,varms_2,2 x MS0(pi/2),2,sideband_fcl,sideband,fcl,3,16,1,0,-1.7333333333333334,0,0.70737601739592737,0.1689135824340007,0.061855200085035957,0.061855200085035957,0.12371040017007191,0.53846243496192669,9.2727763303247752e-05,0.99989549141336287,0.1689135824340007
heatmap,varms_2,2 x MS0(pi/2),2,sideband_fcl,sideband,fcl,4,16,1,0,-1.6000000000000001,0,0.90446709732312491,0.0060833628448362471,0.044724769916019431,0.044724769916019431,0.089449539832038863,0.89838373447828868,9.2727763303247752e-05,0.99989549141336287,0.0060833628448362471
heatmap,varms_2,2 x MS0(pi/2),2,sideband_fcl,sideband,fcl,5,16,1,0,-1.4666666666666666,0,0.74667845492976481,0.13900307178578572,0.057159236642224782,0.057159236642224782,0.11431847328444956,0.60767538314397906,9.2727763303247752e-05,0.99989549141336287,0.13900307178578572
heatmap,varms_2,2 x MS0(pi/2),2,sideband_fcl,sideband,fcl,6,16,1,0,-1.3333333333333333,0,0.43652724305720919,0.33817215436533465,0.11265030128872815,0.11265030128872815,0.22530060257745629,0.098355088691874537,9.2727763303247752e-05,0.99989549141336287,0.33817215436533465
heatmap,varms_2,2 x MS0(pi/2),2,sideband_fcl,sideband,fcl,7,16,1,0,-1.2,0,0.29381668270665928,0.3792203753669679,0.16348147096318644,0.16348147096318644,0.32696294192637287,-0.085403692660308617,9.2727763303247752e-05,0.99989549141336287,0.3792203753669679
heatmap,varms_2,2 x MS0(pi/2),2,sideband_fcl,sideband,fcl,8,16,1,0,-1.0666666666666667,0,0.35574224193537096,0.38793387893415815,0.12816193956523547,0.12816193956523547,0.25632387913047094,-0.032191636998787188,9.2727763303247752e-05,0.99989549141336287,0.38793387893415815
heatmap,varms_2,2 x MS0(pi/2),2,sideband_fcl,sideband,fcl,9,16,1,0,-0.93333333333333335,0,0.39145550567031356,0.38716114675673241,0.11069167378647704,0.11069167378647704,0.22138334757295408,0.0042943589135811533,9.2727763303247752e-05,0.99989549141336287,0.38716114675673241
heatmap,varms_2,2 x MS0(pi/2),2,sideband_fcl,sideband,fcl,10,16,1,0,-0.80000000000000004,0,0.40494642322159197,0.40514761748047229,0.094952979648967872,0.094952979648967872,0.18990595929793574,-0.00020119425888032172,9.2727763303247752e-05,0.99989549141336287,0.40514761748047229
heatmap,varms_2,2 x MS0(pi/2),2,sideband_fcl,sideband,fcl,11,16,1,0,-0.66666666666666663,0,0.41780749815996093,0.41408299685650041,0.084054752491769344,0.084054752491769344,0.16810950498353869,0.0037245013034605257,9.2727763303247752e-05,0.99989549141336287,0.41408299685650041
heatmap,varms_2,2 x MS0(pi/2),2,sideband_fcl,sideband,fcl,12,16,1,0,-0.53333333333333333,0,0.3908233229330888,0.36203593564770087,0.12357037070960518,0.12357037070960518,0.24714074141921036,0.028787387285387933,9.2727763303247752e-05,0.99989549141336287,0.36203593564770087
heatmap,varms_2,2 x MS0(pi/2),2,sideband_fcl,sideband,fcl,13,16,1,0,-0.40000000000000002,0,0.40125766053470358,0.34149957179113782,0.1286213838370793,0.1286213838370793,0.2572427676741586,0.059758088743565752,9.2727763303247752e-05,0.99989549141336287,0.34149957179113782
heatmap,varms_2,2 x MS0(pi/2),2,sideband_fcl,sideband,fcl,14,16,1,0,-0.26666666666666666,0,0.30230778553066318,0.46070096500702074,0.11849562473115804,0.11849562473115804,0.23699124946231609,-0.15839317947635756,9.2727763303247752e-05,0.99989549141336287,0.46070096500702074
heatmap,varms_2,2 x MS0(pi/2),2,sideband_fcl,sideband,fcl,15,16,1,0,-0.13333333333333333,0,0.080866364671593804,0.8011619157354648,0.058985859796470731,0.058985859796470731,0.11797171959294146,-0.720295551063871,9.2727763303247752e-05,0.99989549141336287,0.8011619157354648
heatmap,varms_2,2 x MS0(pi/2),2,sideband_fcl,sideband,fcl,16,16,1,0,0,0,9.2727763303247752e-05,0.99989549141336287,5.8904116669472693e-06,5.8904116669472693e-06,1.1780823333894539e-05,-0.9998027636500596,9.2727763303247752e-05,0.99989549141336287,0.99989549141336287
heatmap,varms_2,2 x MS0(pi/2),2,sideband_fcl,sideband,fcl,17,16,1,0,0.13333333333333333,0,0.056691345532477518,0.84802217934694579,0.047643237560288404,0.047643237560288404,0.095286475120576808,-0.79133083381446823,9.2727763303247752e-05,0.99989549141336287,0.84802217934694579
heatmap,varms_2,2 x MS0(pi/2),2,sideband_fcl,sideband,fcl,18,16,1,0,0.26666666666666666,0,0.15629167888325463,0.64540826317465227,0.09915002897104655,0.09915002897104655,0.1983000579420931,-0.48911658429139765,9.2727763303247752e-05,0.99989549141336287,0.64540826317465227
heatmap,varms_2,2 x MS0(pi/2),2,sideband_fcl,sideband,fcl,19,16,1,0,0.40000000000000002,0,0.23021143188475618,0.53329522116624062,0.1182466734745016,0.1182466734745016,0.2364933469490032,-0.30308378928148444,9.2727763303247752e-05,0.99989549141336287,0.53329522116624062
heatmap,varms_2,2 x MS0(pi/2),2,sideband_fcl,sideband,fcl,20,16,1,0,0.53333333333333333,0,0.26731222738790422,0.48741688319189536,0.12263544471010017,0.12263544471010017,0.24527088942020034,-0.22010465580399113,9.2727763303247752e-05,0.99989549141336287,0.48741688319189536
heatmap,varms_2,2 x MS0(pi/2),2,sideband_fcl,sideband,fcl,21,16,1,0,0.66666666666666663,0,0.27991219863702066,0.47510042077648701,0.12249369029324618,0.12249369029324618,0.24498738058649236,-0.19518822213946635,9.2727763303247752e-05,0.99989549141336287,0.47510042077648701
heatmap,varms_2,2 x MS0(pi/2),2,sideband_fcl,sideband,fcl,22,16,1,0,0.80000000000000004,0,0.27670828756901628,0.48072017827349889,0.12128576707874242,0.12128576707874242,0.24257153415748484,-0.20401189070448261,9.2727763303247752e-05,0.99989549141336287,0.48072017827349889
heatmap,varms_2,2 x MS0(pi/2),2,sideband_fcl,sideband,fcl,23,16,1,0,0.93333333333333335,0,0.26468235867715911,0.49723214817177275,0.11904274657553406,0.11904274657553406,0.23808549315106811,-0.23254978949461363,9.2727763303247752e-05,0.99989549141336287,0.49723214817177275
heatmap,varms_2,2 x MS0(pi/2),2,sideband_fcl,sideband,fcl,24,16,1,0,1.0666666666666667,0,0.25640215854545217,0.51922671036032064,0.11218556554711359,0.11218556554711359,0.22437113109422718,-0.26282455181486847,9.2727763303247752e-05,0.99989549141336287,0.51922671036032064
heatmap,varms_2,2 x MS0(pi/2),2,sideband_fcl,sideband,fcl,25,16,1,0,1.2,0,0.27288936555871274,0.5406005755554194,0.093255029442933887,0.093255029442933887,0.18651005888586777,-0.26771120999670667,9.2727763303247752e-05,0.99989549141336287,0.5406005755554194
heatmap,varms_2,2 x MS0(pi/2),2,sideband_fcl,sideband,fcl,26,16,1,0,1.3333333333333333,0,0.33311686209949465,0.55283108483957333,0.057026026530466005,0.057026026530466005,0.11405205306093201,-0.21971422274007868,9.2727763303247752e-05,0.99989549141336287,0.55283108483957333
heatmap,varms_2,2 x MS0(pi/2),2,sideband_fcl,sideband,fcl,27,16,1,0,1.4666666666666666,0,0.4269569958306747,0.54052802989330773,0.01625748713800873,0.01625748713800873,0.032514974276017461,-0.11357103406263303,9.2727763303247752e-05,0.99989549141336287,0.54052802989330773
heatmap,varms_2,2 x MS0(pi/2),2,sideband_fcl,sideband,fcl,28,16,1,0,1.6000000000000001,0,0.50945614782769688,0.49037075943861541,8.6546366843866666e-05,8.6546366843866666e-05,0.00017309273368773333,0.01908538838908147,9.2727763303247752e-05,0.99989549141336287,0.49037075943861541
heatmap,varms_2,2 x MS0(pi/2),2,sideband_fcl,sideband,fcl,29,16,1,0,1.7333333333333334,0,0.54727309642554323,0.41650799193817778,0.018109455818139397,0.018109455818139397,0.036218911636278793,0.13076510448736545,9.2727763303247752e-05,0.99989549141336287,0.41650799193817778
heatmap,varms_2,2 x MS0(pi/2),2,sideband_fcl,sideband,fcl,30,16,1,0,1.8666666666666667,0,0.54842357358881266,0.35207154413478414,0.04975244113820159,0.04975244113820159,0.099504882276403181,0.19635202945402852,9.2727763303247752e-05,0.99989549141336287,0.35207154413478414
heatmap,varms_2,2 x MS0(pi/2),2,sideband_fcl,sideband,fcl,31,16,1,0,2,0,0.53678627303950788,0.31413380982933803,0.074539958565577033,0.074539958565577033,0.14907991713115407,0.22265246321016985,9.2727763303247752e-05,0.99989549141336287,0.31413380982933803
heatmap,varms_2,2 x MS0(pi/2),2,sideband_fcl,sideband,fcl,1,17,1,0,-2,0.13333333333333333,0.34281414510577002,0.37187043406145526,0.14265771041638739,0.14265771041638739,0.28531542083277478,-0.029056288955685239,9.2727763303247752e-05,0.99989549141336287,0.37187043406145526
heatmap,varms_2,2 x MS0(pi/2),2,sideband_fcl,sideband,fcl,2,17,1,0,-1.8666666666666667,0.13333333333333333,0.43667600177761445,0.32204429540353535,0.12063985140942508,0.12063985140942508,0.24127970281885017,0.1146317063740791,9.2727763303247752e-05,0.99989549141336287,0.32204429540353535
heatmap,varms_2,2 x MS0(pi/2),2,sideband_fcl,sideband,fcl,3,17,1,0,-1.7333333333333334,0.13333333333333333,0.73260519553363246,0.15150708815016983,0.057943858158098813,0.057943858158098813,0.11588771631619763,0.58109810738346268,9.2727763303247752e-05,0.99989549141336287,0.15150708815016983
heatmap,varms_2,2 x MS0(pi/2),2,sideband_fcl,sideband,fcl,4,17,1,0,-1.6000000000000001,0.13333333333333333,0.89799750286141888,0.005348244122588496,0.048327126507996303,0.048327126507996303,0.096654253015992606,0.89264925873883039,9.2727763303247752e-05,0.99989549141336287,0.005348244122588496
heatmap,varms_2,2 x MS0(pi/2),2,sideband_fcl,sideband,fcl,5,17,1,0,-1.4666666666666666,0.13333333333333333,0.7073730543158836,0.1311213618237457,0.080752791930185322,0.080752791930185322,0.16150558386037064,0.57625169249213792,9.2727763303247752e-05,0.99989549141336287,0.1311213618237457
heatmap,varms_2,2 x MS0(pi/2),2,sideband_fcl,sideband,fcl,6,17,1,0,-1.3333333333333333,0.13333333333333333,0.41954938518172652,0.31034411326701355,0.13505325077562993,0.13505325077562993,0.27010650155125987,0.10920527191471296,9.2727763303247752e-05,0.99989549141336287,0.31034411326701355
heatmap,varms_2,2 x MS0(pi/2),2,sideband_fcl,sideband,fcl,7,17,1,0,-1.2,0.13333333333333333,0.26706733937895544,0.40815545163781763,0.16238860449161341,0.16238860449161341,0.32477720898322682,-0.1410881122588622,9.2727763303247752e-05,0.99989549141336287,0.40815545163781763
heatmap,varms_2,2 x MS0(pi/2),2,sideband_fcl,sideband,fcl,8,17,1,0,-1.0666666666666667,0.13333333333333333,0.32050289719524305,0.42755645961966227,0.12597032159254731,0.12597032159254731,0.25194064318509463,-0.10705356242441921,9.2727763303247752e-05,0.99989549141336287,0.42755645961966227
heatmap,varms_2,2 x MS0(pi/2),2,sideband_fcl,sideband,fcl,9,17,1,0,-0.93333333333333335,0.13333333333333333,0.36117579271602734,0.37725291847484521,0.13078564440456375,0.13078564440456375,0.2615712888091275,-0.016077125758817867,9.2727763303247752e-05,0.99989549141336287,0.37725291847484521
heatmap,varms_2,2 x MS0(pi/2),2,sideband_fcl,sideband,fcl,10,17,1,0,-0.80000000000000004,0.13333333333333333,0.33830391310024593,0.44417730427104452,0.10875939131435479,0.10875939131435479,0.21751878262870958,-0.10587339117079858,9.2727763303247752e-05,0.99989549141336287,0.44417730427104452
heatmap,varms_2,2 x MS0(pi/2),2,sideband_fcl,sideband,fcl,11,17,1,0,-0.66666666666666663,0.13333333333333333,0.32536049433067588,0.4610633217684813,0.10678809195042144,0.10678809195042144,0.21357618390084288,-0.13570282743780543,9.2727763303247752e-05,0.99989549141336287,0.4610633217684813
heatmap,varms_2,2 x MS0(pi/2),2,sideband_fcl,sideband,fcl,12,17,1,0,-0.53333333333333333,0.13333333333333333,0.27453015818622484,0.39560012858425386,0.16493485661476065,0.16493485661476065,0.3298697132295213,-0.12106997039802903,9.2727763303247752e-05,0.99989549141336287,0.39560012858425386
heatmap,varms_2,2 x MS0(pi/2),2,sideband_fcl,sideband,fcl,13,17,1,0,-0.40000000000000002,0.13333333333333333,0.28422095667032576,0.40492148880848799,0.15542877726059312,0.15542877726059312,0.31085755452118624,-0.12070053213816223,9.2727763303247752e-05,0.99989549141336287,0.40492148880848799
heatmap,varms_2,2 x MS0(pi/2),2,sideband_fcl,sideband,fcl,14,17,1,0,-0.26666666666666666,0.13333333333333333,0.20028089733219742,0.44848231667267269,0.17561839299756488,0.17561839299756488,0.35123678599512975,-0.24820141934047527,9.2727763303247752e-05,0.99989549141336287,0.44848231667267269
heatmap,varms_2,2 x MS0(pi/2),2,sideband_fcl,sideband,fcl,15,17,1,0,-0.13333333333333333,0.13333333333333333,0.044361657258816058,0.72389259256447913,0.11587287508835242,0.11587287508835242,0.23174575017670485,-0.67953093530566311,9.2727763303247752e-05,0.99989549141336287,0.72389259256447913
heatmap,varms_2,2 x MS0(pi/2),2,sideband_fcl,sideband,fcl,16,17,1,0,0,0.13333333333333333,0.0054859045336432734,0.93831562858270379,0.028099233441826459,0.028099233441826459,0.056198466883652917,-0.9328297240490605,9.2727763303247752e-05,0.99989549141336287,0.93831562858270379
heatmap,varms_2,2 x MS0(pi/2),2,sideband_fcl,sideband,fcl,17,17,1,0,0.13333333333333333,0.13333333333333333,0.030339116527830105,0.82003574129754864,0.074812571087310639,0.074812571087310639,0.14962514217462128,-0.78969662476971858,9.2727763303247752e-05,0.99989549141336287,0.82003574129754864
heatmap,varms_2,2 x MS0(pi/2),2,sideband_fcl,sideband,fcl,18,17,1,0,0.26666666666666666,0.13333333333333333,0.095033749585257718,0.65909064201545198,0.12293780419964519,0.12293780419964519,0.24587560839929037,-0.5640568924301943,9.2727763303247752e-05,0.99989549141336287,0.65909064201545198
heatmap,varms_2,2 x MS0(pi/2),2,sideband_fcl,sideband,fcl,19,17,1,0,0.40000000000000002,0.13333333333333333,0.15843114417470006,0.56336138123673662,0.13910373729428166,0.13910373729428166,0.27820747458856332,-0.40493023706203657,9.2727763303247752e-05,0.99989549141336287,0.56336138123673662
heatmap,varms_2,2 x MS0(pi/2),2,sideband_fcl,sideband,fcl,20,17,1,0,0.53333333333333333,0.13333333333333333,0.20799427253684741,0.50716230586954103,0.14242171079680579,0.14242171079680579,0.28484342159361159,-0.29916803333269359,9.2727763303247752e-05,0.99989549141336287,0.50716230586954103
heatmap,varms_2,2 x MS0(pi/2),2,sideband_fcl,sideband,fcl,21,17,1,0,0.66666666666666663,0.13333333333333333,0.24627376192314626,0.47350165833096136,0.14011228987294624,0.14011228987294624,0.28022457974589249,-0.2272278964078151,9.2727763303247752e-05,0.99989549141336287,0.47350165833096136
heatmap,varms_2,2 x MS0(pi/2),2,sideband_fcl,sideband,fcl,22,17,1,0,0.80000000000000004,0.13333333333333333,0.27247989422109753,0.45907069062230882,0.13422470757829677,0.13422470757829677,0.26844941515659354,-0.18659079640121129,9.2727763303247752e-05,0.99989549141336287,0.45907069062230882
heatmap,varms_2,2 x MS0(pi/2),2,sideband_fcl,sideband,fcl,23,17,1,0,0.93333333333333335,0.13333333333333333,0.28782246150675206,0.4613450914209275,0.12541622353616019,0.12541622353616019,0.25083244707232039,-0.17352262991417544,9.2727763303247752e-05,0.99989549141336287,0.4613450914209275
heatmap,varms_2,2 x MS0(pi/2),2,sideband_fcl,sideband,fcl,24,17,1,0,1.0666666666666667,0.13333333333333333,0.30339755842703903,0.47532650343079746,0.1106379690710818,0.1106379690710818,0.22127593814216359,-0.17192894500375844,9.2727763303247752e-05,0.99989549141336287,0.47532650343079746
heatmap,varms_2,2 x MS0(pi/2),2,sideband_fcl,sideband,fcl,25,17,1,0,1.2,0.13333333333333333,0.33856019630359974,0.49503025387984256,0.083204774908278864,0.083204774908278864,0.16640954981655773,-0.15647005757624283,9.2727763303247752e-05,0.99989549141336287,0.49503025387984256
heatmap,varms_2,2 x MS0(pi/2),2,sideband_fcl,sideband,fcl,26,17,1,0,1.3333333333333333,0.13333333333333333,0.4038779138974754,0.50991659568451997,0.043102745209002293,0.043102745209002293,0.086205490418004585,-0.10603868178704456,9.2727763303247752e-05,0.99989549141336287,0.50991659568451997
heatmap,varms_2,2 x MS0(pi/2),2,sideband_fcl,sideband,fcl,27,17,1,0,1.4666666666666666,0.13333333333333333,0.47789049909546494,0.50025517112057905,0.01092716489197804,0.01092716489197804,0.021854329783956079,-0.022364672025114107,9.2727763303247752e-05,0.99989549141336287,0.50025517112057905
heatmap,varms_2,2 x MS0(pi/2),2,sideband_fcl,sideband,fcl,28,17,1,0,1.6000000000000001,0.13333333333333333,0.51987027403328445,0.45395056155330804,0.013089582206703724,0.013089582206703724,0.026179164413407448,0.065919712479976411,9.2727763303247752e-05,0.99989549141336287,0.45395056155330804
heatmap,varms_2,2 x MS0(pi/2),2,sideband_fcl,sideband,fcl,29,17,1,0,1.7333333333333334,0.13333333333333333,0.51925239479581087,0.39014254613639648,0.045302529533896331,0.045302529533896331,0.090605059067792662,0.12910984865941438,9.2727763303247752e-05,0.99989549141336287,0.39014254613639648
heatmap,varms_2,2 x MS0(pi/2),2,sideband_fcl,sideband,fcl,30,17,1,0,1.8666666666666667,0.13333333333333333,0.50121067588541046,0.33832155959034677,0.080233882262121359,0.080233882262121359,0.16046776452424272,0.1628891162950637,9.2727763303247752e-05,0.99989549141336287,0.33832155959034677
heatmap,varms_2,2 x MS0(pi/2),2,sideband_fcl,sideband,fcl,31,17,1,0,2,0.13333333333333333,0.4902352908988431,0.30684838019416871,0.10145816445349407,0.10145816445349407,0.20291632890698813,0.18338691070467439,9.2727763303247752e-05,0.99989549141336287,0.30684838019416871
heatmap,varms_2,2 x MS0(pi/2),2,sideband_fcl,sideband,fcl,1,18,1,0,-2,0.26666666666666666,0.37915507185493669,0.38174648909198111,0.1195492195265411,0.1195492195265411,0.2390984390530822,-0.0025914172370444244,9.2727763303247752e-05,0.99989549141336287,0.38174648909198111
heatmap,varms_2,2 x MS0(pi/2),2,sideband_fcl,sideband,fcl,2,18,1,0,-1.8666666666666667,0.26666666666666666,0.50009206589404576,0.2497393327406405,0.12508430068265686,0.12508430068265686,0.25016860136531371,0.25035273315340523,9.2727763303247752e-05,0.99989549141336287,0.2497393327406405
heatmap,varms_2,2 x MS0(pi/2),2,sideband_fcl,sideband,fcl,3,18,1,0,-1.7333333333333334,0.26666666666666666,0.73379449070938751,0.13718915004389268,0.06450817962335996,0.06450817962335996,0.12901635924671992,0.59660534066549487,9.2727763303247752e-05,0.99989549141336287,0.13718915004389268
heatmap,varms_2,2 x MS0(pi/2),2,sideband_fcl,sideband,fcl,4,18,1,0,-1.6000000000000001,0.26666666666666666,0.86311971603883786,0.0098480594319938167,0.063516112264584146,0.063516112264584146,0.12703222452916829,0.85327165660684401,9.2727763303247752e-05,0.99989549141336287,0.0098480594319938167
heatmap,varms_2,2 x MS0(pi/2),2,sideband_fcl,sideband,fcl,5,18,1,0,-1.4666666666666666,0.26666666666666666,0.67251190749282674,0.1080676930260506,0.10971019974056133,0.10971019974056133,0.21942039948112266,0.56444421446677617,9.2727763303247752e-05,0.99989549141336287,0.1080676930260506
heatmap,varms_2,2 x MS0(pi/2),2,sideband_fcl,sideband,fcl,6,18,1,0,-1.3333333333333333,0.26666666666666666,0.44041540625657233,0.24825984533757589,0.15566237420292586,0.15566237420292586,0.31132474840585173,0.19215556091899644,9.2727763303247752e-05,0.99989549141336287,0.24825984533757589
heatmap,varms_2,2 x MS0(pi/2),2,sideband_fcl,sideband,fcl,7,18,1,0,-1.2,0.26666666666666666,0.28432727703534938,0.38973311031184721,0.16296980632640173,0.16296980632640173,0.32593961265280347,-0.10540583327649783,9.2727763303247752e-05,0.99989549141336287,0.38973311031184721
heatmap,varms_2,2 x MS0(pi/2),2,sideband_fcl,sideband,fcl,8,18,1,0,-1.0666666666666667,0.26666666666666666,0.32884095626254273,0.42222711868446244,0.12446596252649737,0.12446596252649737,0.24893192505299475,-0.093386162421919716,9.2727763303247752e-05,0.99989549141336287,0.42222711868446244
heatmap,varms_2,2 x MS0(pi/2),2,sideband_fcl,sideband,fcl,9,18,1,0,-0.93333333333333335,0.26666666666666666,0.35646384622969729,0.36014353479863981,0.14169630948583148,0.14169630948583148,0.28339261897166296,-0.0036796885689425185,9.2727763303247752e-05,0.99989549141336287,0.36014353479863981
heatmap,varms_2,2 x MS0(pi/2),2,sideband_fcl,sideband,fcl,10,18,1,0,-0.80000000000000004,0.26666666666666666,0.33508216608022334,0.46271290335587661,0.10110246528195002,0.10110246528195002,0.20220493056390004,-0.12763073727565327,9.2727763303247752e-05,0.99989549141336287,0.46271290335587661
heatmap,varms_2,2 x MS0(pi/2),2,sideband_fcl,sideband,fcl,11,18,1,0,-0.66666666666666663,0.26666666666666666,0.30998160444317707,0.45434667647101634,0.11783585954290329,0.11783585954290329,0.23567171908580659,-0.14436507202783927,9.2727763303247752e-05,0.99989549141336287,0.45434667647101634
heatmap,varms_2,2 x MS0(pi/2),2,sideband_fcl,sideband,fcl,12,18,1,0,-0.53333333333333333,0.26666666666666666,0.23616714617914519,0.41053130365047086,0.17665077508519203,0.17665077508519203,0.35330155017038406,-0.17436415747132566,9.2727763303247752e-05,0.99989549141336287,0.41053130365047086
heatmap,varms_2,2 x MS0(pi/2),2,sideband_fcl,sideband,fcl,13,18,1,0,-0.40000000000000002,0.26666666666666666,0.21308060109386129,0.4150650954641833,0.18592715172097771,0.18592715172097771,0.37185430344195541,-0.20198449437032201,9.2727763303247752e-05,0.99989549141336287,0.4150650954641833
heatmap,varms_2,2 x MS0(pi/2),2,sideband_fcl,sideband,fcl,14,18,1,0,-0.26666666666666666,0.26666666666666666,0.15819023642904081,0.38887262069532408,0.22646857143781757,0.22646857143781757,0.45293714287563513,-0.23068238426628326,9.2727763303247752e-05,0.99989549141336287,0.38887262069532408
heatmap,varms_2,2 x MS0(pi/2),2,sideband_fcl,sideband,fcl,15,18,1,0,-0.13333333333333333,0.26666666666666666,0.059829254975744268,0.57320152567911775,0.18348460967256905,0.18348460967256905,0.3669692193451381,-0.51337227070337343,9.2727763303247752e-05,0.99989549141336287,0.57320152567911775
heatmap,varms_2,2 x MS0(pi/2),2,sideband_fcl,sideband,fcl,16,18,1,0,0,0.26666666666666666,0.031191570271770361,0.77953916137217727,0.094634634178026214,0.094634634178026214,0.18926926835605243,-0.74834759110040694,9.2727763303247752e-05,0.99989549141336287,0.77953916137217727
heatmap,varms_2,2 x MS0(pi/2),2,sideband_fcl,sideband,fcl,17,18,1,0,0.13333333333333333,0.26666666666666666,0.024000497581903174,0.72775296107287835,0.12412327067260923,0.12412327067260923,0.24824654134521845,-0.7037524634909752,9.2727763303247752e-05,0.99989549141336287,0.72775296107287835
heatmap,varms_2,2 x MS0(pi/2),2,sideband_fcl,sideband,fcl,18,18,1,0,0.26666666666666666,0.26666666666666666,0.054679489462087991,0.63316573511115115,0.15607738771338042,0.15607738771338042,0.31215477542676084,-0.57848624564906315,9.2727763303247752e-05,0.99989549141336287,0.63316573511115115
heatmap,varms_2,2 x MS0(pi/2),2,sideband_fcl,sideband,fcl,19,18,1,0,0.40000000000000002,0.26666666666666666,0.11044840927039383,0.5603376345992801,0.16460697806516306,0.16460697806516306,0.32921395613032611,-0.44988922532888626,9.2727763303247752e-05,0.99989549141336287,0.5603376345992801
heatmap,varms_2,2 x MS0(pi/2),2,sideband_fcl,sideband,fcl,20,18,1,0,0.53333333333333333,0.26666666666666666,0.17896935133072064,0.49095023113014441,0.16504020876956749,0.16504020876956749,0.33008041753913497,-0.31198087979942379,9.2727763303247752e-05,0.99989549141336287,0.49095023113014441
heatmap,varms_2,2 x MS0(pi/2),2,sideband_fcl,sideband,fcl,21,18,1,0,0.66666666666666663,0.26666666666666666,0.25267511469745307,0.43269791740114077,0.15731348395070302,0.15731348395070302,0.31462696790140604,-0.1800228027036877,9.2727763303247752e-05,0.99989549141336287,0.43269791740114077
heatmap,varms_2,2 x MS0(pi/2),2,sideband_fcl,sideband,fcl,22,18,1,0,0.80000000000000004,0.26666666666666666,0.31895357365523536,0.39832781668058947,0.14135930483208758,0.14135930483208758,0.28271860966417517,-0.079374243025354119,9.2727763303247752e-05,0.99989549141336287,0.39832781668058947
heatmap,varms_2,2 x MS0(pi/2),2,sideband_fcl,sideband,fcl,23,18,1,0,0.93333333333333335,0.26666666666666666,0.36994278992057117,0.3864781209202916,0.12178954457956859,0.12178954457956859,0.24357908915913717,-0.016535330999720432,9.2727763303247752e-05,0.99989549141336287,0.3864781209202916
heatmap,varms_2,2 x MS0(pi/2),2,sideband_fcl,sideband,fcl,24,18,1,0,1.0666666666666667,0.26666666666666666,0.41263720727855413,0.38870964365304878,0.099326574534198533,0.099326574534198533,0.19865314906839707,0.023927563625505355,9.2727763303247752e-05,0.99989549141336287,0.38870964365304878
heatmap,varms_2,2 x MS0(pi/2),2,sideband_fcl,sideband,fcl,25,18,1,0,1.2,0.26666666666666666,0.46193284275341401,0.39835952158813293,0.069853817829226506,0.069853817829226506,0.13970763565845301,0.063573321165281083,9.2727763303247752e-05,0.99989549141336287,0.39835952158813293
heatmap,varms_2,2 x MS0(pi/2),2,sideband_fcl,sideband,fcl,26,18,1,0,1.3333333333333333,0.26666666666666666,0.52024918039921753,0.40606177567936574,0.036844521960708414,0.036844521960708414,0.073689043921416827,0.11418740471985178,9.2727763303247752e-05,0.99989549141336287,0.40606177567936574
heatmap,varms_2,2 x MS0(pi/2),2,sideband_fcl,sideband,fcl,27,18,1,0,1.4666666666666666,0.26666666666666666,0.56370384917256044,0.39582249412970549,0.02023682834886701,0.02023682834886701,0.04047365669773402,0.16788135504285495,9.2727763303247752e-05,0.99989549141336287,0.39582249412970549
heatmap,varms_2,2 x MS0(pi/2),2,sideband_fcl,sideband,fcl,28,18,1,0,1.6000000000000001,0.26666666666666666,0.56559603131212066,0.36074599766801979,0.036828985509929739,0.036828985509929739,0.073657971019859478,0.20485003364410087,9.2727763303247752e-05,0.99989549141336287,0.36074599766801979
heatmap,varms_2,2 x MS0(pi/2),2,sideband_fcl,sideband,fcl,29,18,1,0,1.7333333333333334,0.26666666666666666,0.53521872741121412,0.31712077930651744,0.073830246641134203,0.073830246641134203,0.14766049328226841,0.21809794810469668,9.2727763303247752e-05,0.99989549141336287,0.31712077930651744
heatmap,varms_2,2 x MS0(pi/2),2,sideband_fcl,sideband,fcl,30,18,1,0,1.8666666666666667,0.26666666666666666,0.5058820699669796,0.28275917643824655,0.10567937679738687,0.10567937679738687,0.21135875359477374,0.22312289352873305,9.2727763303247752e-05,0.99989549141336287,0.28275917643824655
heatmap,varms_2,2 x MS0(pi/2),2,sideband_fcl,sideband,fcl,31,18,1,0,2,0.26666666666666666,0.49943947157618979,0.25810040049863436,0.12123006396258794,0.12123006396258794,0.24246012792517588,0.24133907107755542,9.2727763303247752e-05,0.99989549141336287,0.25810040049863436
heatmap,varms_2,2 x MS0(pi/2),2,sideband_fcl,sideband,fcl,1,19,1,0,-2,0.40000000000000002,0.45029118081525882,0.38094804246097203,0.084380388361884578,0.084380388361884578,0.16876077672376916,0.069343138354286793,9.2727763303247752e-05,0.99989549141336287,0.38094804246097203
heatmap,varms_2,2 x MS0(pi/2),2,sideband_fcl,sideband,fcl,2,19,1,0,-1.8666666666666667,0.40000000000000002,0.57346735495805512,0.1922505565586711,0.11714104424163689,0.11714104424163689,0.23428208848327378,0.38121679839938405,9.2727763303247752e-05,0.99989549141336287,0.1922505565586711
heatmap,varms_2,2 x MS0(pi/2),2,sideband_fcl,sideband,fcl,3,19,1,0,-1.7333333333333334,0.40000000000000002,0.69816240905511673,0.16759238910045759,0.067122600922212797,0.067122600922212797,0.13424520184442559,0.53057001995465913,9.2727763303247752e-05,0.99989549141336287,0.16759238910045759
heatmap,varms_2,2 x MS0(pi/2),2,sideband_fcl,sideband,fcl,4,19,1,0,-1.6000000000000001,0.40000000000000002,0.78933768858727793,0.03103628610086584,0.089813012655928171,0.089813012655928171,0.17962602531185634,0.75830140248641209,9.2727763303247752e-05,0.99989549141336287,0.03103628610086584
heatmap,varms_2,2 x MS0(pi/2),2,sideband_fcl,sideband,fcl,5,19,1,0,-1.4666666666666666,0.40000000000000002,0.655977473457378,0.088651803510320051,0.12768536151615101,0.12768536151615101,0.25537072303230202,0.56732566994705791,9.2727763303247752e-05,0.99989549141336287,0.088651803510320051
heatmap,varms_2,2 x MS0(pi/2),2,sideband_fcl,sideband,fcl,6,19,1,0,-1.3333333333333333,0.40000000000000002,0.53412965648873656,0.16484105003799213,0.1505146467366357,0.1505146467366357,0.3010292934732714,0.36928860645074446,9.2727763303247752e-05,0.99989549141336287,0.16484105003799213
heatmap,varms_2,2 x MS0(pi/2),2,sideband_fcl,sideband,fcl,7,19,1,0,-1.2,0.40000000000000002,0.37414967593944493,0.28883556806478955,0.16850737799788279,0.16850737799788279,0.33701475599576558,0.085314107874655376,9.2727763303247752e-05,0.99989549141336287,0.28883556806478955
heatmap,varms_2,2 x MS0(pi/2),2,sideband_fcl,sideband,fcl,8,19,1,0,-1.0666666666666667,0.40000000000000002,0.3946941517092119,0.35452003235741247,0.12539290796668781,0.12539290796668781,0.25078581593337562,0.040174119351799431,9.2727763303247752e-05,0.99989549141336287,0.35452003235741247
heatmap,varms_2,2 x MS0(pi/2),2,sideband_fcl,sideband,fcl,9,19,1,0,-0.93333333333333335,0.40000000000000002,0.39395079692410889,0.33429841664998111,0.135875393212955,0.135875393212955,0.27175078642591,0.059652380274127781,9.2727763303247752e-05,0.99989549141336287,0.33429841664998111
heatmap,varms_2,2 x MS0(pi/2),2,sideband_fcl,sideband,fcl,10,19,1,0,-0.80000000000000004,0.40000000000000002,0.38175147081341176,0.42896988699808258,0.094639321094252798,0.094639321094252798,0.1892786421885056,-0.047218416184670819,9.2727763303247752e-05,0.99989549141336287,0.42896988699808258
heatmap,varms_2,2 x MS0(pi/2),2,sideband_fcl,sideband,fcl,11,19,1,0,-0.66666666666666663,0.40000000000000002,0.3678878195244813,0.41490693830160708,0.10860262108695583,0.10860262108695583,0.21720524217391166,-0.047019118777125779,9.2727763303247752e-05,0.99989549141336287,0.41490693830160708
heatmap,varms_2,2 x MS0(pi/2),2,sideband_fcl,sideband,fcl,12,19,1,0,-0.53333333333333333,0.40000000000000002,0.29914500386795589,0.40262533545165274,0.14911483034019571,0.14911483034019571,0.29822966068039142,-0.10348033158369685,9.2727763303247752e-05,0.99989549141336287,0.40262533545165274
heatmap,varms_2,2 x MS0(pi/2),2,sideband_fcl,sideband,fcl,13,19,1,0,-0.40000000000000002,0.40000000000000002,0.24357717127509335,0.39105469102206997,0.18268406885141833,0.18268406885141833,0.36536813770283666,-0.14747751974697662,9.2727763303247752e-05,0.99989549141336287,0.39105469102206997
heatmap,varms_2,2 x MS0(pi/2),2,sideband_fcl,sideband,fcl,14,19,1,0,-0.26666666666666666,0.40000000000000002,0.22277058281579351,0.34118670282366675,0.21802135718026983,0.21802135718026983,0.43604271436053965,-0.11841612000787324,9.2727763303247752e-05,0.99989549141336287,0.34118670282366675
heatmap,varms_2,2 x MS0(pi/2),2,sideband_fcl,sideband,fcl,15,19,1,0,-0.13333333333333333,0.40000000000000002,0.16995539491004896,0.42651924311698763,0.20176268098648165,0.20176268098648165,0.40352536197296329,-0.25656384820693867,9.2727763303247752e-05,0.99989549141336287,0.42651924311698763
heatmap,varms_2,2 x MS0(pi/2),2,sideband_fcl,sideband,fcl,16,19,1,0,0,0.40000000000000002,0.1253819098557965,0.57416666504976954,0.15022571254721695,0.15022571254721695,0.3004514250944339,-0.44878475519397304,9.2727763303247752e-05,0.99989549141336287,0.57416666504976954
heatmap,varms_2,2 x MS0(pi/2),2,sideband_fcl,sideband,fcl,17,19,1,0,0.13333333333333333,0.40000000000000002,0.08065344982361719,0.57384455208365515,0.17275099904636385,0.17275099904636385,0.34550199809272769,-0.49319110226003793,9.2727763303247752e-05,0.99989549141336287,0.57384455208365515
heatmap,varms_2,2 x MS0(pi/2),2,sideband_fcl,sideband,fcl,18,19,1,0,0.26666666666666666,0.40000000000000002,0.077333373979847839,0.53901311218902803,0.19182675691556203,0.19182675691556203,0.38365351383112406,-0.46167973820918018,9.2727763303247752e-05,0.99989549141336287,0.53901311218902803
heatmap,varms_2,2 x MS0(pi/2),2,sideband_fcl,sideband,fcl,19,19,1,0,0.40000000000000002,0.40000000000000002,0.12628193560344611,0.48689067706267586,0.19341369366693906,0.19341369366693906,0.38682738733387811,-0.36060874145922972,9.2727763303247752e-05,0.99989549141336287,0.48689067706267586
heatmap,varms_2,2 x MS0(pi/2),2,sideband_fcl,sideband,fcl,20,19,1,0,0.53333333333333333,0.40000000000000002,0.21682010207145538,0.40574187547082058,0.18871901122886203,0.18871901122886203,0.37743802245772407,-0.18892177339936519,9.2727763303247752e-05,0.99989549141336287,0.40574187547082058
heatmap,varms_2,2 x MS0(pi/2),2,sideband_fcl,sideband,fcl,21,19,1,0,0.66666666666666663,0.40000000000000002,0.33131361755303057,0.33035613250610396,0.16916512497043273,0.16916512497043273,0.33833024994086547,0.00095748504692660941,9.2727763303247752e-05,0.99989549141336287,0.33035613250610396
heatmap,varms_2,2 x MS0(pi/2),2,sideband_fcl,sideband,fcl,22,19,1,0,0.80000000000000004,0.40000000000000002,0.44018903966401784,0.28845055051620039,0.13568020490989094,0.13568020490989094,0.27136040981978188,0.15173848914781746,9.2727763303247752e-05,0.99989549141336287,0.28845055051620039
heatmap,varms_2,2 x MS0(pi/2),2,sideband_fcl,sideband,fcl,23,19,1,0,0.93333333333333335,0.40000000000000002,0.52219247744440511,0.27298057392900149,0.10241347431329668,0.10241347431329668,0.20482694862659337,0.24921190351540362,9.2727763303247752e-05,0.99989549141336287,0.27298057392900149
heatmap,varms_2,2 x MS0(pi/2),2,sideband_fcl,sideband,fcl,24,19,1,0,1.0666666666666667,0.40000000000000002,0.58063473344190464,0.26918133079788537,0.075091967880104984,0.075091967880104984,0.15018393576020997,0.31145340264401927,9.2727763303247752e-05,0.99989549141336287,0.26918133079788537
heatmap,varms_2,2 x MS0(pi/2),2,sideband_fcl,sideband,fcl,25,19,1,0,1.2,0.40000000000000002,0.62859389789946041,0.27115001629476154,0.050128042902889032,0.050128042902889032,0.10025608580577806,0.35744388160469887,9.2727763303247752e-05,0.99989549141336287,0.27115001629476154
heatmap,varms_2,2 x MS0(pi/2),2,sideband_fcl,sideband,fcl,26,19,1,0,1.3333333333333333,0.40000000000000002,0.6661070373906528,0.2734835691415835,0.030204696733881792,0.030204696733881792,0.060409393467763584,0.3926234682490693,9.2727763303247752e-05,0.99989549141336287,0.2734835691415835
heatmap,varms_2,2 x MS0(pi/2),2,sideband_fcl,sideband,fcl,27,19,1,0,1.4666666666666666,0.40000000000000002,0.67533446610084602,0.26658073650840769,0.029042398695373117,0.029042398695373117,0.058084797390746234,0.40875372959243833,9.2727763303247752e-05,0.99989549141336287,0.26658073650840769
heatmap,varms_2,2 x MS0(pi/2),2,sideband_fcl,sideband,fcl,28,19,1,0,1.6000000000000001,0.40000000000000002,0.64522131213802225,0.24683455318663786,0.053972067337669877,0.053972067337669877,0.10794413467533975,0.39838675895138442,9.2727763303247752e-05,0.99989549141336287,0.24683455318663786
heatmap,varms_2,2 x MS0(pi/2),2,sideband_fcl,sideband,fcl,29,19,1,0,1.7333333333333334,0.40000000000000002,0.59613617863053447,0.22293866309703581,0.090462579136214888,0.090462579136214888,0.18092515827242978,0.37319751553349867,9.2727763303247752e-05,0.99989549141336287,0.22293866309703581
heatmap,varms_2,2 x MS0(pi/2),2,sideband_fcl,sideband,fcl,30,19,1,0,1.8666666666666667,0.40000000000000002,0.56205832314705972,0.20153026691861164,0.11820570496716434,0.11820570496716434,0.23641140993432869,0.36052805622844808,9.2727763303247752e-05,0.99989549141336287,0.20153026691861164
heatmap,varms_2,2 x MS0(pi/2),2,sideband_fcl,sideband,fcl,31,19,1,0,2,0.40000000000000002,0.5620502496568528,0.1800290035601905,0.12896037339147839,0.12896037339147839,0.25792074678295679,0.38202124609666233,9.2727763303247752e-05,0.99989549141336287,0.1800290035601905
heatmap,varms_2,2 x MS0(pi/2),2,sideband_fcl,sideband,fcl,1,20,1,0,-2,0.53333333333333333,0.51865273570081671,0.37806961710062686,0.051638823599278225,0.051638823599278225,0.10327764719855645,0.14058311860018985,9.2727763303247752e-05,0.99989549141336287,0.37806961710062686
heatmap,varms_2,2 x MS0(pi/2),2,sideband_fcl,sideband,fcl,2,20,1,0,-1.8666666666666667,0.53333333333333333,0.59739871414176915,0.19858930306470921,0.1020059913967608,0.1020059913967608,0.20401198279352159,0.39880941107705992,9.2727763303247752e-05,0.99989549141336287,0.19858930306470921
heatmap,varms_2,2 x MS0(pi/2),2,sideband_fcl,sideband,fcl,3,20,1,0,-1.7333333333333334,0.53333333333333333,0.61256955783135658,0.23826054534882093,0.074584948409911242,0.074584948409911242,0.14916989681982248,0.37430901248253567,9.2727763303247752e-05,0.99989549141336287,0.23826054534882093
heatmap,varms_2,2 x MS0(pi/2),2,sideband_fcl,sideband,fcl,4,20,1,0,-1.6000000000000001,0.53333333333333333,0.69762410327748081,0.076375729848844123,0.11300008343683753,0.11300008343683753,0.22600016687367505,0.6212483734286367,9.2727763303247752e-05,0.99989549141336287,0.076375729848844123
heatmap,varms_2,2 x MS0(pi/2),2,sideband_fcl,sideband,fcl,5,20,1,0,-1.4666666666666666,0.53333333333333333,0.64826808510387146,0.083204349631414445,0.13426378263235708,0.13426378263235708,0.26852756526471416,0.56506373547245703,9.2727763303247752e-05,0.99989549141336287,0.083204349631414445
heatmap,varms_2,2 x MS0(pi/2),2,sideband_fcl,sideband,fcl,6,20,1,0,-1.3333333333333333,0.53333333333333333,0.67134808586366312,0.093234095659482263,0.11770890923842732,0.11770890923842732,0.23541781847685464,0.57811399020418086,9.2727763303247752e-05,0.99989549141336287,0.093234095659482263
heatmap,varms_2,2 x MS0(pi/2),2,sideband_fcl,sideband,fcl,7,20,1,0,-1.2,0.53333333333333333,0.55364368669311692,0.15950849789065852,0.14342390770811228,0.14342390770811228,0.28684781541622456,0.3941351888024584,9.2727763303247752e-05,0.99989549141336287,0.15950849789065852
heatmap,varms_2,2 x MS0(pi/2),2,sideband_fcl,sideband,fcl,8,20,1,0,-1.0666666666666667,0.53333333333333333,0.52732276459797978,0.2429980553381525,0.11483959003193384,0.11483959003193384,0.22967918006386767,0.28432470925982728,9.2727763303247752e-05,0.99989549141336287,0.2429980553381525
heatmap,varms_2,2 x MS0(pi/2),2,sideband_fcl,sideband,fcl,9,20,1,0,-0.93333333333333335,0.53333333333333333,0.47946211217403106,0.27533099686181411,0.12260344548207742,0.12260344548207742,0.24520689096415485,0.20413111531221695,9.2727763303247752e-05,0.99989549141336287,0.27533099686181411
heatmap,varms_2,2 x MS0(pi/2),2,sideband_fcl,sideband,fcl,10,20,1,0,-0.80000000000000004,0.53333333333333333,0.46607356426572039,0.32537706342162581,0.10427468615632696,0.10427468615632696,0.20854937231265391,0.14069650084409457,9.2727763303247752e-05,0.99989549141336287,0.32537706342162581
heatmap,varms_2,2 x MS0(pi/2),2,sideband_fcl,sideband,fcl,11,20,1,0,-0.66666666666666663,0.53333333333333333,0.47947510172428526,0.33498631682006919,0.092769290727822779,0.092769290727822779,0.18553858145564556,0.14448878490421607,9.2727763303247752e-05,0.99989549141336287,0.33498631682006919
heatmap,varms_2,2 x MS0(pi/2),2,sideband_fcl,sideband,fcl,12,20,1,0,-0.53333333333333333,0.53333333333333333,0.44535462758026306,0.35004606682179995,0.10229965279896849,0.10229965279896849,0.20459930559793699,0.095308560758463112,9.2727763303247752e-05,0.99989549141336287,0.35004606682179995
heatmap,varms_2,2 x MS0(pi/2),2,sideband_fcl,sideband,fcl,13,20,1,0,-0.40000000000000002,0.53333333333333333,0.38709976201273233,0.33858454264104376,0.13715784767311195,0.13715784767311195,0.27431569534622391,0.048515219371688567,9.2727763303247752e-05,0.99989549141336287,0.33858454264104376
heatmap,varms_2,2 x MS0(pi/2),2,sideband_fcl,sideband,fcl,14,20,1,0,-0.26666666666666666,0.53333333333333333,0.38280756218972051,0.29534342801981073,0.16092450489523435,0.16092450489523435,0.32184900979046871,0.08746413416990978,9.2727763303247752e-05,0.99989549141336287,0.29534342801981073
heatmap,varms_2,2 x MS0(pi/2),2,sideband_fcl,sideband,fcl,15,20,1,0,-0.13333333333333333,0.53333333333333333,0.36293609797570264,0.30963671209167537,0.16371359496631097,0.16371359496631097,0.32742718993262193,0.053299385884027273,9.2727763303247752e-05,0.99989549141336287,0.30963671209167537
heatmap,varms_2,2 x MS0(pi/2),2,sideband_fcl,sideband,fcl,16,20,1,0,0,0.53333333333333333,0.30846775562755119,0.38584015183735954,0.15284604626754464,0.15284604626754464,0.30569209253508928,-0.077372396209808347,9.2727763303247752e-05,0.99989549141336287,0.38584015183735954
heatmap,varms_2,2 x MS0(pi/2),2,sideband_fcl,sideband,fcl,17,20,1,0,0.13333333333333333,0.53333333333333333,0.23974822764464257,0.40442006122160246,0.1779158555668775,0.1779158555668775,0.355831711133755,-0.16467183357695989,9.2727763303247752e-05,0.99989549141336287,0.40442006122160246
heatmap,varms_2,2 x MS0(pi/2),2,sideband_fcl,sideband,fcl,18,20,1,0,0.26666666666666666,0.53333333333333333,0.21093333677725146,0.39724579168419288,0.1959104357692778,0.1959104357692778,0.3918208715385556,-0.18631245490694143,9.2727763303247752e-05,0.99989549141336287,0.39724579168419288
heatmap,varms_2,2 x MS0(pi/2),2,sideband_fcl,sideband,fcl,19,20,1,0,0.40000000000000002,0.53333333333333333,0.25171388531186822,0.35052132923957369,0.19888239272427904,0.19888239272427904,0.39776478544855809,-0.098807443927705463,9.2727763303247752e-05,0.99989549141336287,0.35052132923957369
heatmap,varms_2,2 x MS0(pi/2),2,sideband_fcl,sideband,fcl,20,20,1,0,0.53333333333333333,0.53333333333333333,0.35758241716164396,0.26002091647864228,0.19119833317985688,0.19119833317985688,0.38239666635971375,0.097561500683001678,9.2727763303247752e-05,0.99989549141336287,0.26002091647864228
heatmap,varms_2,2 x MS0(pi/2),2,sideband_fcl,sideband,fcl,21,20,1,0,0.66666666666666663,0.53333333333333333,0.50149580139345329,0.18247991837137517,0.15801214011758577,0.15801214011758577,0.31602428023517154,0.31901588302207812,9.2727763303247752e-05,0.99989549141336287,0.18247991837137517
heatmap,varms_2,2 x MS0(pi/2),2,sideband_fcl,sideband,fcl,22,20,1,0,0.80000000000000004,0.53333333333333333,0.63377766434702765,0.15144296346005304,0.10738968609645964,0.10738968609645964,0.21477937219291929,0.48233470088697461,9.2727763303247752e-05,0.99989549141336287,0.15144296346005304
heatmap,varms_2,2 x MS0(pi/2),2,sideband_fcl,sideband,fcl,23,20,1,0,0.93333333333333335,0.53333333333333333,0.72094233650034201,0.14604593961157439,0.066505861944041747,0.066505861944041747,0.13301172388808349,0.57489639688876759,9.2727763303247752e-05,0.99989549141336287,0.14604593961157439
heatmap,varms_2,2 x MS0(pi/2),2,sideband_fcl,sideband,fcl,24,20,1,0,1.0666666666666667,0.53333333333333333,0.76880023292395971,0.1455478159136635,0.042825975581188405,0.042825975581188405,0.08565195116237681,0.62325241701029621,9.2727763303247752e-05,0.99989549141336287,0.1455478159136635
heatmap,varms_2,2 x MS0(pi/2),2,sideband_fcl,sideband,fcl,25,20,1,0,1.2,0.53333333333333333,0.7948852015689104,0.14775395876957434,0.028680419830757684,0.028680419830757684,0.057360839661515367,0.64713124279933609,9.2727763303247752e-05,0.99989549141336287,0.14775395876957434
heatmap,varms_2,2 x MS0(pi/2),2,sideband_fcl,sideband,fcl,26,20,1,0,1.3333333333333333,0.53333333333333333,0.8027163617659745,0.15197226850429971,0.022655684864862888,0.022655684864862888,0.045311369729725777,0.65074409326167482,9.2727763303247752e-05,0.99989549141336287,0.15197226850429971
heatmap,varms_2,2 x MS0(pi/2),2,sideband_fcl,sideband,fcl,27,20,1,0,1.4666666666666666,0.53333333333333333,0.78325289342022442,0.15303206357492069,0.031857521502427356,0.031857521502427356,0.063715043004854713,0.6302208298453037,9.2727763303247752e-05,0.99989549141336287,0.15303206357492069
heatmap,varms_2,2 x MS0(pi/2),2,sideband_fcl,sideband,fcl,28,20,1,0,1.6000000000000001,0.53333333333333333,0.73579548197675715,0.14738703462678654,0.058408741698228128,0.058408741698228128,0.11681748339645626,0.58840844734997066,9.2727763303247752e-05,0.99989549141336287,0.14738703462678654
heatmap,varms_2,2 x MS0(pi/2),2,sideband_fcl,sideband,fcl,29,20,1,0,1.7333333333333334,0.53333333333333333,0.68214524566065826,0.13642338787307889,0.090715683233131422,0.090715683233131422,0.18143136646626284,0.54572185778757931,9.2727763303247752e-05,0.99989549141336287,0.13642338787307889
heatmap,varms_2,2 x MS0(pi/2),2,sideband_fcl,sideband,fcl,30,20,1,0,1.8666666666666667,0.53333333333333333,0.65163018677387885,0.12055016759549661,0.11390982281531223,0.11390982281531223,0.22781964563062446,0.53108001917838221,9.2727763303247752e-05,0.99989549141336287,0.12055016759549661
heatmap,varms_2,2 x MS0(pi/2),2,sideband_fcl,sideband,fcl,31,20,1,0,2,0.53333333333333333,0.66061761806433428,0.098848997720339671,0.12026669210766303,0.12026669210766303,0.24053338421532605,0.56176862034399466,9.2727763303247752e-05,0.99989549141336287,0.098848997720339671
heatmap,varms_2,2 x MS0(pi/2),2,sideband_fcl,sideband,fcl,1,21,1,0,-2,0.66666666666666663,0.45613113717259779,0.36652816375704311,0.088670349535179507,0.088670349535179507,0.17734069907035901,0.089602973415554676,9.2727763303247752e-05,0.99989549141336287,0.36652816375704311
heatmap,varms_2,2 x MS0(pi/2),2,sideband_fcl,sideband,fcl,2,21,1,0,-1.8666666666666667,0.66666666666666663,0.54864517515273747,0.24370209615878918,0.10382636434423667,0.10382636434423667,0.20765272868847334,0.30494307899394829,9.2727763303247752e-05,0.99989549141336287,0.24370209615878918
heatmap,varms_2,2 x MS0(pi/2),2,sideband_fcl,sideband,fcl,3,21,1,0,-1.7333333333333334,0.66666666666666663,0.4941838611490309,0.31010650979674492,0.097854814527112047,0.097854814527112047,0.19570962905422409,0.18407735135228598,9.2727763303247752e-05,0.99989549141336287,0.31010650979674492
heatmap,varms_2,2 x MS0(pi/2),2,sideband_fcl,sideband,fcl,4,21,1,0,-1.6000000000000001,0.66666666666666663,0.6304325191479575,0.12787639018631397,0.12084554533286426,0.12084554533286426,0.24169109066572853,0.50255612896164359,9.2727763303247752e-05,0.99989549141336287,0.12787639018631397
heatmap,varms_2,2 x MS0(pi/2),2,sideband_fcl,sideband,fcl,5,21,1,0,-1.4666666666666666,0.66666666666666663,0.63541440390400139,0.093866886101483374,0.13535935499725762,0.13535935499725762,0.27071870999451525,0.54154751780251797,9.2727763303247752e-05,0.99989549141336287,0.093866886101483374
heatmap,varms_2,2 x MS0(pi/2),2,sideband_fcl,sideband,fcl,6,21,1,0,-1.3333333333333333,0.66666666666666663,0.76504571877347294,0.080494071157131961,0.077230105034697558,0.077230105034697558,0.15446021006939512,0.68455164761634102,9.2727763303247752e-05,0.99989549141336287,0.080494071157131961
heatmap,varms_2,2 x MS0(pi/2),2,sideband_fcl,sideband,fcl,7,21,1,0,-1.2,0.66666666666666663,0.7536735789497151,0.075592350230404143,0.085367035409940339,0.085367035409940339,0.17073407081988068,0.67808122871931098,9.2727763303247752e-05,0.99989549141336287,0.075592350230404143
heatmap,varms_2,2 x MS0(pi/2),2,sideband_fcl,sideband,fcl,8,21,1,0,-1.0666666666666667,0.66666666666666663,0.72124955261487678,0.11664195322454941,0.081054247080286843,0.081054247080286843,0.16210849416057369,0.60460759939032738,9.2727763303247752e-05,0.99989549141336287,0.11664195322454941
heatmap,varms_2,2 x MS0(pi/2),2,sideband_fcl,sideband,fcl,9,21,1,0,-0.93333333333333335,0.66666666666666663,0.6555919154160883,0.16196166593661634,0.091223209323647705,0.091223209323647705,0.18244641864729541,0.49363024947947198,9.2727763303247752e-05,0.99989549141336287,0.16196166593661634
heatmap,varms_2,2 x MS0(pi/2),2,sideband_fcl,sideband,fcl,10,21,1,0,-0.80000000000000004,0.66666666666666663,0.64552566202786987,0.17831803162771576,0.088078153172207213,0.088078153172207213,0.17615630634441443,0.46720763040015412,9.2727763303247752e-05,0.99989549141336287,0.17831803162771576
heatmap,varms_2,2 x MS0(pi/2),2,sideband_fcl,sideband,fcl,11,21,1,0,-0.66666666666666663,0.66666666666666663,0.66973076260238218,0.20341929046805493,0.063424973464781473,0.063424973464781473,0.12684994692956295,0.46631147213432722,9.2727763303247752e-05,0.99989549141336287,0.20341929046805493
heatmap,varms_2,2 x MS0(pi/2),2,sideband_fcl,sideband,fcl,12,21,1,0,-0.53333333333333333,0.66666666666666663,0.65987416913558994,0.2387281428735443,0.050698843995432868,0.050698843995432868,0.10139768799086574,0.42114602626204567,9.2727763303247752e-05,0.99989549141336287,0.2387281428735443
heatmap,varms_2,2 x MS0(pi/2),2,sideband_fcl,sideband,fcl,13,21,1,0,-0.40000000000000002,0.66666666666666663,0.60742401794033341,0.2544199586766217,0.06907801169152239,0.06907801169152239,0.13815602338304478,0.3530040592637117,9.2727763303247752e-05,0.99989549141336287,0.2544199586766217
heatmap,varms_2,2 x MS0(pi/2),2,sideband_fcl,sideband,fcl,14,21,1,0,-0.26666666666666666,0.66666666666666663,0.5844089987879636,0.23521448949305437,0.090188255859490959,0.090188255859490959,0.18037651171898192,0.34919450929490925,9.2727763303247752e-05,0.99989549141336287,0.23521448949305437
heatmap,varms_2,2 x MS0(pi/2),2,sideband_fcl,sideband,fcl,15,21,1,0,-0.13333333333333333,0.66666666666666663,0.57108620340674221,0.22286434102293839,0.10302472778515967,0.10302472778515967,0.20604945557031934,0.34822186238380382,9.2727763303247752e-05,0.99989549141336287,0.22286434102293839
heatmap,varms_2,2 x MS0(pi/2),2,sideband_fcl,sideband,fcl,16,21,1,0,0,0.66666666666666663,0.53076360573952763,0.2551099887461577,0.10706320275715731,0.10706320275715731,0.21412640551431461,0.27565361699336993,9.2727763303247752e-05,0.99989549141336287,0.2551099887461577
heatmap,varms_2,2 x MS0(pi/2),2,sideband_fcl,sideband,fcl,17,21,1,0,0.13333333333333333,0.66666666666666663,0.47343479153516627,0.27536968117004512,0.12559776364739431,0.12559776364739431,0.25119552729478861,0.19806511036512114,9.2727763303247752e-05,0.99989549141336287,0.27536968117004512
heatmap,varms_2,2 x MS0(pi/2),2,sideband_fcl,sideband,fcl,18,21,1,0,0.26666666666666666,0.66666666666666663,0.44130606307596826,0.2716186870829726,0.14353762492052957,0.14353762492052957,0.28707524984105914,0.16968737599299566,9.2727763303247752e-05,0.99989549141336287,0.2716186870829726
heatmap,varms_2,2 x MS0(pi/2),2,sideband_fcl,sideband,fcl,19,21,1,0,0.40000000000000002,0.66666666666666663,0.47389897467882164,0.22098028694829461,0.15256036918644195,0.15256036918644195,0.30512073837288389,0.25291868773052706,9.2727763303247752e-05,0.99989549141336287,0.22098028694829461
heatmap,varms_2,2 x MS0(pi/2),2,sideband_fcl,sideband,fcl,20,21,1,0,0.53333333333333333,0.66666666666666663,0.5776907028683389,0.12810181613437674,0.14710374049864217,0.14710374049864217,0.29420748099728433,0.44958888673396213,9.2727763303247752e-05,0.99989549141336287,0.12810181613437674
heatmap,varms_2,2 x MS0(pi/2),2,sideband_fcl,sideband,fcl,21,21,1,0,0.66666666666666663,0.66666666666666663,0.72107296525927111,0.058405642895957968,0.11026069592238544,0.11026069592238544,0.22052139184477088,0.66266732236331316,9.2727763303247752e-05,0.99989549141336287,0.058405642895957968
heatmap,varms_2,2 x MS0(pi/2),2,sideband_fcl,sideband,fcl,22,21,1,0,0.80000000000000004,0.66666666666666663,0.84090543287622244,0.04180347896691456,0.058645544078431519,0.058645544078431519,0.11729108815686304,0.79910195390930783,9.2727763303247752e-05,0.99989549141336287,0.04180347896691456
heatmap,varms_2,2 x MS0(pi/2),2,sideband_fcl,sideband,fcl,23,21,1,0,0.93333333333333335,0.66666666666666663,0.90045948742160342,0.046666141009771282,0.02643718578431261,0.02643718578431261,0.05287437156862522,0.85379334641183213,9.2727763303247752e-05,0.99989549141336287,0.046666141009771282
heatmap,varms_2,2 x MS0(pi/2),2,sideband_fcl,sideband,fcl,24,21,1,0,1.0666666666666667,0.66666666666666663,0.91464131983549224,0.051880922548131134,0.016738878808188345,0.016738878808188345,0.03347775761637669,0.86276039728736109,9.2727763303247752e-05,0.99989549141336287,0.051880922548131134
heatmap,varms_2,2 x MS0(pi/2),2,sideband_fcl,sideband,fcl,25,21,1,0,1.2,0.66666666666666663,0.9084250631113282,0.059006281643621226,0.016284327622525289,0.016284327622525289,0.032568655245050579,0.849418781467707,9.2727763303247752e-05,0.99989549141336287,0.059006281643621226
heatmap,varms_2,2 x MS0(pi/2),2,sideband_fcl,sideband,fcl,26,21,1,0,1.3333333333333333,0.66666666666666663,0.88965330722839886,0.069088532838227135,0.020629079966687013,0.020629079966687013,0.041258159933374026,0.82056477439017173,9.2727763303247752e-05,0.99989549141336287,0.069088532838227135
heatmap,varms_2,2 x MS0(pi/2),2,sideband_fcl,sideband,fcl,27,21,1,0,1.4666666666666666,0.66666666666666663,0.85515010634322663,0.078185127232504661,0.033332383212134296,0.033332383212134296,0.066664766424268593,0.77696497911072193,9.2727763303247752e-05,0.99989549141336287,0.078185127232504661
heatmap,varms_2,2 x MS0(pi/2),2,sideband_fcl,sideband,fcl,28,21,1,0,1.6000000000000001,0.66666666666666663,0.80757735274120945,0.081821836002517995,0.05530040562813629,0.05530040562813629,0.11060081125627258,0.72575551673869143,9.2727763303247752e-05,0.99989549141336287,0.081821836002517995
heatmap,varms_2,2 x MS0(pi/2),2,sideband_fcl,sideband,fcl,29,21,1,0,1.7333333333333334,0.66666666666666663,0.76377521138349036,0.077377069325976031,0.079423859645266728,0.079423859645266728,0.15884771929053346,0.68639814205751437,9.2727763303247752e-05,0.99989549141336287,0.077377069325976031
heatmap,varms_2,2 x MS0(pi/2),2,sideband_fcl,sideband,fcl,30,21,1,0,1.8666666666666667,0.66666666666666663,0.74544852097233083,0.063567893376520593,0.095491792825574254,0.095491792825574254,0.19098358565114851,0.68188062759581025,9.2727763303247752e-05,0.99989549141336287,0.063567893376520593
heatmap,varms_2,2 x MS0(pi/2),2,sideband_fcl,sideband,fcl,31,21,1,0,2,0.66666666666666663,0.76543025732825543,0.042608145149507025,0.095980798761118785,0.095980798761118785,0.19196159752223757,0.72282211217874837,9.2727763303247752e-05,0.99989549141336287,0.042608145149507025
heatmap,varms_2,2 x MS0(pi/2),2,sideband_fcl,sideband,fcl,1,22,1,0,-2,0.80000000000000004,0.32437199570844855,0.37715897537671061,0.14923451445742045,0.14923451445742045,0.29846902891484089,-0.052786979668262068,9.2727763303247752e-05,0.99989549141336287,0.37715897537671061
heatmap,varms_2,2 x MS0(pi/2),2,sideband_fcl,sideband,fcl,2,22,1,0,-1.8666666666666667,0.80000000000000004,0.47059515863430312,0.29016510141831725,0.11961986997368985,0.11961986997368985,0.23923973994737971,0.18043005721598587,9.2727763303247752e-05,0.99989549141336287,0.29016510141831725
heatmap,varms_2,2 x MS0(pi/2),2,sideband_fcl,sideband,fcl,3,22,1,0,-1.7333333333333334,0.80000000000000004,0.38308062069444659,0.34960465329552598,0.13365736300501374,0.13365736300501374,0.26731472601002748,0.033475967398920614,9.2727763303247752e-05,0.99989549141336287,0.34960465329552598
heatmap,varms_2,2 x MS0(pi/2),2,sideband_fcl,sideband,fcl,4,22,1,0,-1.6000000000000001,0.80000000000000004,0.6134075857522564,0.14314591033509394,0.12172325195632483,0.12172325195632483,0.24344650391264966,0.47026167541716246,9.2727763303247752e-05,0.99989549141336287,0.14314591033509394
heatmap,varms_2,2 x MS0(pi/2),2,sideband_fcl,sideband,fcl,5,22,1,0,-1.4666666666666666,0.80000000000000004,0.62057728215811814,0.10913064534215428,0.13514603624986377,0.13514603624986377,0.27029207249972753,0.51144663681596381,9.2727763303247752e-05,0.99989549141336287,0.10913064534215428
heatmap,varms_2,2 x MS0(pi/2),2,sideband_fcl,sideband,fcl,6,22,1,0,-1.3333333333333333,0.80000000000000004,0.76636807623851788,0.13507205396529368,0.049279934898094173,0.049279934898094173,0.098559869796188346,0.63129602227322423,9.2727763303247752e-05,0.99989549141336287,0.13507205396529368
heatmap,varms_2,2 x MS0(pi/2),2,sideband_fcl,sideband,fcl,7,22,1,0,-1.2,0.80000000000000004,0.86276296402202379,0.073163404017256087,0.032036815980360026,0.032036815980360026,0.064073631960720051,0.78959956000476772,9.2727763303247752e-05,0.99989549141336287,0.073163404017256087
heatmap,varms_2,2 x MS0(pi/2),2,sideband_fcl,sideband,fcl,8,22,1,0,-1.0666666666666667,0.80000000000000004,0.87966532471631231,0.034072925116048737,0.043130875083819457,0.043130875083819457,0.086261750167638915,0.84559239960026356,9.2727763303247752e-05,0.99989549141336287,0.034072925116048737
heatmap,varms_2,2 x MS0(pi/2),2,sideband_fcl,sideband,fcl,9,22,1,0,-0.93333333333333335,0.80000000000000004,0.84095862013848344,0.044781595509852862,0.057129892175831865,0.057129892175831865,0.11425978435166373,0.7961770246286306,9.2727763303247752e-05,0.99989549141336287,0.044781595509852862
heatmap,varms_2,2 x MS0(pi/2),2,sideband_fcl,sideband,fcl,10,22,1,0,-0.80000000000000004,0.80000000000000004,0.83788486450149824,0.052498991960313227,0.054808071769094274,0.054808071769094274,0.10961614353818855,0.78538587254118497,9.2727763303247752e-05,0.99989549141336287,0.052498991960313227
heatmap,varms_2,2 x MS0(pi/2),2,sideband_fcl,sideband,fcl,11,22,1,0,-0.66666666666666663,0.80000000000000004,0.85794167376323105,0.068184383478798058,0.036936971378985411,0.036936971378985411,0.073873942757970823,0.78975729028443298,9.2727763303247752e-05,0.99989549141336287,0.068184383478798058
heatmap,varms_2,2 x MS0(pi/2),2,sideband_fcl,sideband,fcl,12,22,1,0,-0.53333333333333333,0.80000000000000004,0.85750132383260036,0.10134189976109921,0.020578388203150132,0.020578388203150132,0.041156776406300263,0.75615942407150116,9.2727763303247752e-05,0.99989549141336287,0.10134189976109921
heatmap,varms_2,2 x MS0(pi/2),2,sideband_fcl,sideband,fcl,13,22,1,0,-0.40000000000000002,0.80000000000000004,0.81806373897127538,0.14272746881168155,0.019604396108521594,0.019604396108521594,0.039208792217043188,0.67533627015959385,9.2727763303247752e-05,0.99989549141336287,0.14272746881168155
heatmap,varms_2,2 x MS0(pi/2),2,sideband_fcl,sideband,fcl,14,22,1,0,-0.26666666666666666,0.80000000000000004,0.77507361218847726,0.15874252883933912,0.033091929486091846,0.033091929486091846,0.066183858972183693,0.61633108334913811,9.2727763303247752e-05,0.99989549141336287,0.15874252883933912
heatmap,varms_2,2 x MS0(pi/2),2,sideband_fcl,sideband,fcl,15,22,1,0,-0.13333333333333333,0.80000000000000004,0.74862588628868343,0.15285041971037297,0.04926184700047187,0.04926184700047187,0.09852369400094374,0.59577546657831049,9.2727763303247752e-05,0.99989549141336287,0.15285041971037297
heatmap,varms_2,2 x MS0(pi/2),2,sideband_fcl,sideband,fcl,16,22,1,0,0,0.80000000000000004,0.72803577881215564,0.16677768013648658,0.052593270525678873,0.052593270525678873,0.10518654105135775,0.561258098675669,9.2727763303247752e-05,0.99989549141336287,0.16677768013648658
heatmap,varms_2,2 x MS0(pi/2),2,sideband_fcl,sideband,fcl,17,22,1,0,0.13333333333333333,0.80000000000000004,0.70253051140008405,0.18370688940800572,0.056881299595955101,0.056881299595955101,0.1137625991919102,0.51882362199207832,9.2727763303247752e-05,0.99989549141336287,0.18370688940800572
heatmap,varms_2,2 x MS0(pi/2),2,sideband_fcl,sideband,fcl,18,22,1,0,0.26666666666666666,0.80000000000000004,0.68426449638596565,0.18205499328984029,0.066840255162097018,0.066840255162097018,0.13368051032419404,0.50220950309612533,9.2727763303247752e-05,0.99989549141336287,0.18205499328984029
heatmap,varms_2,2 x MS0(pi/2),2,sideband_fcl,sideband,fcl,19,22,1,0,0.40000000000000002,0.80000000000000004,0.70700159702895538,0.14151415471768469,0.075742124126680022,0.075742124126680022,0.15148424825336004,0.56548744231127068,9.2727763303247752e-05,0.99989549141336287,0.14151415471768469
heatmap,varms_2,2 x MS0(pi/2),2,sideband_fcl,sideband,fcl,20,22,1,0,0.53333333333333333,0.80000000000000004,0.78648600257678336,0.068421839710356605,0.072546078856429955,0.072546078856429955,0.14509215771285991,0.71806416286642671,9.2727763303247752e-05,0.99989549141336287,0.068421839710356605
heatmap,varms_2,2 x MS0(pi/2),2,sideband_fcl,sideband,fcl,21,22,1,0,0.66666666666666663,0.80000000000000004,0.8947974407324879,0.014803741797090963,0.04519940873521059,0.04519940873521059,0.090398817470421181,0.87999369893539692,9.2727763303247752e-05,0.99989549141336287,0.014803741797090963
heatmap,varms_2,2 x MS0(pi/2),2,sideband_fcl,sideband,fcl,22,22,1,0,0.80000000000000004,0.80000000000000004,0.9714585772321469,0.0010880296703734713,0.013726696548739788,0.013726696548739788,0.027453393097479576,0.97037054756177343,9.2727763303247752e-05,0.99989549141336287,0.0010880296703734713
heatmap,varms_2,2 x MS0(pi/2),2,sideband_fcl,sideband,fcl,23,22,1,0,0.93333333333333335,0.80000000000000004,0.98842519327534539,0.0025168098536015072,0.0045289984355265257,0.0045289984355265257,0.0090579968710530513,0.98590838342174392,9.2727763303247752e-05,0.99989549141336287,0.0025168098536015072
heatmap,varms_2,2 x MS0(pi/2),2,sideband_fcl,sideband,fcl,24,22,1,0,1.0666666666666667,0.80000000000000004,0.96901126100213286,0.0075368940160443513,0.01172592249091133,0.01172592249091133,0.023451844981822661,0.96147436698608846,9.2727763303247752e-05,0.99989549141336287,0.0075368940160443513
heatmap,varms_2,2 x MS0(pi/2),2,sideband_fcl,sideband,fcl,25,22,1,0,1.2,0.80000000000000004,0.94054566817383034,0.017825087766564097,0.020814622029802807,0.020814622029802807,0.041629244059605615,0.92272058040726623,9.2727763303247752e-05,0.99989549141336287,0.017825087766564097
heatmap,varms_2,2 x MS0(pi/2),2,sideband_fcl,sideband,fcl,26,22,1,0,1.3333333333333333,0.80000000000000004,0.91112515737687472,0.031322575471663484,0.028776133575730861,0.028776133575730861,0.057552267151461722,0.87980258190521121,9.2727763303247752e-05,0.99989549141336287,0.031322575471663484
heatmap,varms_2,2 x MS0(pi/2),2,sideband_fcl,sideband,fcl,27,22,1,0,1.4666666666666666,0.80000000000000004,0.87891791040496436,0.043507796086965901,0.038787146754034836,0.038787146754034836,0.077574293508069672,0.8354101143179985,9.2727763303247752e-05,0.99989549141336287,0.043507796086965901
heatmap,varms_2,2 x MS0(pi/2),2,sideband_fcl,sideband,fcl,28,22,1,0,1.6000000000000001,0.80000000000000004,0.84547803405096367,0.050256383615683152,0.052132791166676587,0.052132791166676587,0.10426558233335317,0.79522165043528048,9.2727763303247752e-05,0.99989549141336287,0.050256383615683152
heatmap,varms_2,2 x MS0(pi/2),2,sideband_fcl,sideband,fcl,29,22,1,0,1.7333333333333334,0.80000000000000004,0.82088586080019543,0.048542809664972569,0.065285664767415957,0.065285664767415957,0.13057132953483191,0.77234305113522284,9.2727763303247752e-05,0.99989549141336287,0.048542809664972569
heatmap,varms_2,2 x MS0(pi/2),2,sideband_fcl,sideband,fcl,30,22,1,0,1.8666666666666667,0.80000000000000004,0.81899379755996482,0.037711994825128596,0.07164710380745333,0.07164710380745333,0.14329420761490666,0.78128180273483627,9.2727763303247752e-05,0.99989549141336287,0.037711994825128596
heatmap,varms_2,2 x MS0(pi/2),2,sideband_fcl,sideband,fcl,31,22,1,0,2,0.80000000000000004,0.84829781597464926,0.021560579567475174,0.065070802228937741,0.065070802228937741,0.13014160445787548,0.82673723640717411,9.2727763303247752e-05,0.99989549141336287,0.021560579567475174
heatmap,varms_2,2 x MS0(pi/2),2,sideband_fcl,sideband,fcl,1,23,1,0,-2,0.93333333333333335,0.26768486501804811,0.45393071747761987,0.13919220875216601,0.13919220875216601,0.27838441750433202,-0.18624585245957176,9.2727763303247752e-05,0.99989549141336287,0.45393071747761987
heatmap,varms_2,2 x MS0(pi/2),2,sideband_fcl,sideband,fcl,2,23,1,0,-1.8666666666666667,0.93333333333333335,0.39939732853472315,0.33386714127820005,0.13336776509353845,0.13336776509353845,0.26673553018707691,0.065530187256523098,9.2727763303247752e-05,0.99989549141336287,0.33386714127820005
heatmap,varms_2,2 x MS0(pi/2),2,sideband_fcl,sideband,fcl,3,23,1,0,-1.7333333333333334,0.93333333333333335,0.31696811645599721,0.34285926848724058,0.17008630752838111,0.17008630752838111,0.34017261505676222,-0.02589115203124337,9.2727763303247752e-05,0.99989549141336287,0.34285926848724058
heatmap,varms_2,2 x MS0(pi/2),2,sideband_fcl,sideband,fcl,4,23,1,0,-1.6000000000000001,0.93333333333333335,0.65246756532027184,0.10554604886701148,0.12099319290635832,0.12099319290635832,0.24198638581271664,0.54692151645326037,9.2727763303247752e-05,0.99989549141336287,0.10554604886701148
heatmap,varms_2,2 x MS0(pi/2),2,sideband_fcl,sideband,fcl,5,23,1,0,-1.4666666666666666,0.93333333333333335,0.61788874158158591,0.11350889389341395,0.13430118226250007,0.13430118226250007,0.26860236452500014,0.50437984768817201,9.2727763303247752e-05,0.99989549141336287,0.11350889389341395
heatmap,varms_2,2 x MS0(pi/2),2,sideband_fcl,sideband,fcl,6,23,1,0,-1.3333333333333333,0.93333333333333335,0.69626460617312358,0.22195406805102172,0.040890662887927316,0.040890662887927316,0.081781325775854632,0.47431053812210189,9.2727763303247752e-05,0.99989549141336287,0.22195406805102172
heatmap,varms_2,2 x MS0(pi/2),2,sideband_fcl,sideband,fcl,7,23,1,0,-1.2,0.93333333333333335,0.83191328391769381,0.14721954937480086,0.010433583353752666,0.010433583353752666,0.020867166707505332,0.68469373454289295,9.2727763303247752e-05,0.99989549141336287,0.14721954937480086
heatmap,varms_2,2 x MS0(pi/2),2,sideband_fcl,sideband,fcl,8,23,1,0,-1.0666666666666667,0.93333333333333335,0.877260324836868,0.060244866569952225,0.03124740429658994,0.03124740429658994,0.062494808593179879,0.81701545826691579,9.2727763303247752e-05,0.99989549141336287,0.060244866569952225
heatmap,varms_2,2 x MS0(pi/2),2,sideband_fcl,sideband,fcl,9,23,1,0,-0.93333333333333335,0.93333333333333335,0.8670929853474566,0.030792913282226036,0.051057050685158686,0.051057050685158686,0.10211410137031737,0.8363000720652306,9.2727763303247752e-05,0.99989549141336287,0.030792913282226036
heatmap,varms_2,2 x MS0(pi/2),2,sideband_fcl,sideband,fcl,10,23,1,0,-0.80000000000000004,0.93333333333333335,0.87449214977169298,0.029260710368129227,0.048123569930088962,0.048123569930088962,0.096247139860177924,0.84523143940356371,9.2727763303247752e-05,0.99989549141336287,0.029260710368129227
heatmap,varms_2,2 x MS0(pi/2),2,sideband_fcl,sideband,fcl,11,23,1,0,-0.66666666666666663,0.93333333333333335,0.91048451357125737,0.024442545895032034,0.032536470266855334,0.032536470266855334,0.065072940533710669,0.88604196767622534,9.2727763303247752e-05,0.99989549141336287,0.024442545895032034
heatmap,varms_2,2 x MS0(pi/2),2,sideband_fcl,sideband,fcl,12,23,1,0,-0.53333333333333333,0.93333333333333335,0.94063888120690142,0.022474005711665905,0.018443556540716406,0.018443556540716406,0.036887113081432811,0.91816487549523551,9.2727763303247752e-05,0.99989549141336287,0.022474005711665905
heatmap,varms_2,2 x MS0(pi/2),2,sideband_fcl,sideband,fcl,13,23,1,0,-0.40000000000000002,0.93333333333333335,0.94104628108894939,0.043553499937170552,0.0077001094869400318,0.0077001094869400318,0.015400218973880064,0.89749278115177888,9.2727763303247752e-05,0.99989549141336287,0.043553499937170552
heatmap,varms_2,2 x MS0(pi/2),2,sideband_fcl,sideband,fcl,14,23,1,0,-0.26666666666666666,0.93333333333333335,0.9138277233911225,0.072907106874327596,0.0066325848672749545,0.0066325848672749545,0.013265169734549909,0.84092061651679495,9.2727763303247752e-05,0.99989549141336287,0.072907106874327596
heatmap,varms_2,2 x MS0(pi/2),2,sideband_fcl,sideband,fcl,15,23,1,0,-0.13333333333333333,0.93333333333333335,0.88454862800638301,0.083046937201634516,0.016202217395991252,0.016202217395991252,0.032404434791982503,0.80150169080474853,9.2727763303247752e-05,0.99989549141336287,0.083046937201634516
heatmap,varms_2,2 x MS0(pi/2),2,sideband_fcl,sideband,fcl,16,23,1,0,0,0.93333333333333335,0.8733326825620964,0.090677209896214708,0.017995053770844479,0.017995053770844479,0.035990107541688958,0.78265547266588165,9.2727763303247752e-05,0.99989549141336287,0.090677209896214708
heatmap,varms_2,2 x MS0(pi/2),2,sideband_fcl,sideband,fcl,17,23,1,0,0.13333333333333333,0.93333333333333335,0.86809746894505568,0.10110116285334152,0.015400684100801436,0.015400684100801436,0.030801368201602872,0.76699630609171421,9.2727763303247752e-05,0.99989549141336287,0.10110116285334152
heatmap,varms_2,2 x MS0(pi/2),2,sideband_fcl,sideband,fcl,18,23,1,0,0.26666666666666666,0.93333333333333335,0.85737188528273001,0.10363389833441783,0.019497108191426065,0.019497108191426065,0.03899421638285213,0.75373798694831218,9.2727763303247752e-05,0.99989549141336287,0.10363389833441783
heatmap,varms_2,2 x MS0(pi/2),2,sideband_fcl,sideband,fcl,19,23,1,0,0.40000000000000002,0.93333333333333335,0.86102465494585823,0.087154704228271263,0.025910320412935312,0.025910320412935312,0.051820640825870623,0.77386995071758702,9.2727763303247752e-05,0.99989549141336287,0.087154704228271263
heatmap,varms_2,2 x MS0(pi/2),2,sideband_fcl,sideband,fcl,20,23,1,0,0.53333333333333333,0.93333333333333335,0.89852369616448202,0.055554186446436268,0.022961058694540789,0.022961058694540789,0.045922117389081578,0.84296950971804574,9.2727763303247752e-05,0.99989549141336287,0.055554186446436268
heatmap,varms_2,2 x MS0(pi/2),2,sideband_fcl,sideband,fcl,21,23,1,0,0.66666666666666663,0.93333333333333335,0.95143393177545132,0.032191311366400327,0.0081873784290742175,0.0081873784290742175,0.016374756858148435,0.91924262040905103,9.2727763303247752e-05,0.99989549141336287,0.032191311366400327
heatmap,varms_2,2 x MS0(pi/2),2,sideband_fcl,sideband,fcl,22,23,1,0,0.80000000000000004,0.93333333333333335,0.97527546084268335,0.019221438894147617,0.0027515501315845451,0.0027515501315845451,0.0055031002631690902,0.95605402194853573,9.2727763303247752e-05,0.99989549141336287,0.019221438894147617
heatmap,varms_2,2 x MS0(pi/2),2,sideband_fcl,sideband,fcl,23,23,1,0,0.93333333333333335,0.93333333333333335,0.95832066339412325,0.00920371705365171,0.016237809776112527,0.016237809776112527,0.032475619552225055,0.9491169463404715,9.2727763303247752e-05,0.99989549141336287,0.00920371705365171
heatmap,varms_2,2 x MS0(pi/2),2,sideband_fcl,sideband,fcl,24,23,1,0,1.0666666666666667,0.93333333333333335,0.92629238498194422,0.0080162762992754266,0.032845669359390151,0.032845669359390151,0.065691338718780301,0.91827610868266873,9.2727763303247752e-05,0.99989549141336287,0.0080162762992754266
heatmap,varms_2,2 x MS0(pi/2),2,sideband_fcl,sideband,fcl,25,23,1,0,1.2,0.93333333333333335,0.89954961236285758,0.016244943789652053,0.042102721923745222,0.042102721923745222,0.084205443847490444,0.88330466857320555,9.2727763303247752e-05,0.99989549141336287,0.016244943789652053
heatmap,varms_2,2 x MS0(pi/2),2,sideband_fcl,sideband,fcl,26,23,1,0,1.3333333333333333,0.93333333333333335,0.88088417199167002,0.02712059930839451,0.045997614349967741,0.045997614349967741,0.091995228699935483,0.85376357268327552,9.2727763303247752e-05,0.99989549141336287,0.02712059930839451
heatmap,varms_2,2 x MS0(pi/2),2,sideband_fcl,sideband,fcl,27,23,1,0,1.4666666666666666,0.93333333333333335,0.86659049319528114,0.035944124360575772,0.048732691222071536,0.048732691222071536,0.097465382444143073,0.83064636883470533,9.2727763303247752e-05,0.99989549141336287,0.035944124360575772
heatmap,varms_2,2 x MS0(pi/2),2,sideband_fcl,sideband,fcl,28,23,1,0,1.6000000000000001,0.93333333333333335,0.85565435200387163,0.040526676542500847,0.051909485726813732,0.051909485726813732,0.10381897145362746,0.81512767546137077,9.2727763303247752e-05,0.99989549141336287,0.040526676542500847
heatmap,varms_2,2 x MS0(pi/2),2,sideband_fcl,sideband,fcl,29,23,1,0,1.7333333333333334,0.93333333333333335,0.85252650913300632,0.039371491101963418,0.054050999882515105,0.054050999882515105,0.10810199976503021,0.81315501803104295,9.2727763303247752e-05,0.99989549141336287,0.039371491101963418
heatmap,varms_2,2 x MS0(pi/2),2,sideband_fcl,sideband,fcl,30,23,1,0,1.8666666666666667,0.93333333333333335,0.8649935358309615,0.032761447409452173,0.051122508379793187,0.051122508379793187,0.10224501675958637,0.83223208842150931,9.2727763303247752e-05,0.99989549141336287,0.032761447409452173
heatmap,varms_2,2 x MS0(pi/2),2,sideband_fcl,sideband,fcl,31,23,1,0,2,0.93333333333333335,0.89772786540024119,0.023863795315916553,0.039204169641921145,0.039204169641921145,0.07840833928384229,0.87386407008432465,9.2727763303247752e-05,0.99989549141336287,0.023863795315916553
heatmap,varms_2,2 x MS0(pi/2),2,sideband_fcl,sideband,fcl,1,24,1,0,-2,1.0666666666666667,0.26282752123723874,0.54134823847118885,0.097912120145786236,0.097912120145786236,0.19582424029157247,-0.27852071723395011,9.2727763303247752e-05,0.99989549141336287,0.54134823847118885
heatmap,varms_2,2 x MS0(pi/2),2,sideband_fcl,sideband,fcl,2,24,1,0,-1.8666666666666667,1.0666666666666667,0.34554414847976622,0.36903084381460954,0.14271250385281209,0.14271250385281209,0.28542500770562418,-0.023486695334843322,9.2727763303247752e-05,0.99989549141336287,0.36903084381460954
heatmap,varms_2,2 x MS0(pi/2),2,sideband_fcl,sideband,fcl,3,24,1,0,-1.7333333333333334,1.0666666666666667,0.32870770747039435,0.29480506625987479,0.18824361313486543,0.18824361313486543,0.37648722626973086,0.033902641210519557,9.2727763303247752e-05,0.99989549141336287,0.29480506625987479
heatmap,varms_2,2 x MS0(pi/2),2,sideband_fcl,sideband,fcl,4,24,1,0,-1.6000000000000001,1.0666666666666667,0.74347558895006571,0.050828611669566127,0.10284789969018408,0.10284789969018408,0.20569579938036817,0.69264697728049962,9.2727763303247752e-05,0.99989549141336287,0.050828611669566127
heatmap,varms_2,2 x MS0(pi/2),2,sideband_fcl,sideband,fcl,5,24,1,0,-1.4666666666666666,1.0666666666666667,0.63031988474170997,0.10569624059874635,0.13199193732977185,0.13199193732977185,0.2639838746595437,0.52462364414296359,9.2727763303247752e-05,0.99989549141336287,0.10569624059874635
heatmap,varms_2,2 x MS0(pi/2),2,sideband_fcl,sideband,fcl,6,24,1,0,-1.3333333333333333,1.0666666666666667,0.59636193726470377,0.29918867091405138,0.052224695910622329,0.052224695910622329,0.10444939182124466,0.29717326635065239,9.2727763303247752e-05,0.99989549141336287,0.29918867091405138
heatmap,varms_2,2 x MS0(pi/2),2,sideband_fcl,sideband,fcl,7,24,1,0,-1.2,1.0666666666666667,0.69011082055647244,0.25754938394617372,0.026169897748676882,0.026169897748676882,0.052339795497353764,0.43256143661029872,9.2727763303247752e-05,0.99989549141336287,0.25754938394617372
heatmap,varms_2,2 x MS0(pi/2),2,sideband_fcl,sideband,fcl,8,24,1,0,-1.0666666666666667,1.0666666666666667,0.70592220527812855,0.18096355759412583,0.056557118563872744,0.056557118563872744,0.11311423712774549,0.52495864768400269,9.2727763303247752e-05,0.99989549141336287,0.18096355759412583
heatmap,varms_2,2 x MS0(pi/2),2,sideband_fcl,sideband,fcl,9,24,1,0,-0.93333333333333335,1.0666666666666667,0.70408566783209969,0.14684649791350896,0.074533917127195634,0.074533917127195634,0.14906783425439127,0.55723916991859079,9.2727763303247752e-05,0.99989549141336287,0.14684649791350896
heatmap,varms_2,2 x MS0(pi/2),2,sideband_fcl,sideband,fcl,10,24,1,0,-0.80000000000000004,1.0666666666666667,0.74204382968490068,0.12677276776293875,0.065591701276080258,0.065591701276080258,0.13118340255216052,0.6152710619219619,9.2727763303247752e-05,0.99989549141336287,0.12677276776293875
heatmap,varms_2,2 x MS0(pi/2),2,sideband_fcl,sideband,fcl,11,24,1,0,-0.66666666666666663,1.0666666666666667,0.81869628384363347,0.099139597360934473,0.041082059397716107,0.041082059397716107,0.082164118795432214,0.71955668648269899,9.2727763303247752e-05,0.99989549141336287,0.099139597360934473
heatmap,varms_2,2 x MS0(pi/2),2,sideband_fcl,sideband,fcl,12,24,1,0,-0.53333333333333333,1.0666666666666667,0.90687139336866807,0.050620923171055106,0.021253841730138362,0.021253841730138362,0.042507683460276724,0.85625047019761291,9.2727763303247752e-05,0.99989549141336287,0.050620923171055106
heatmap,varms_2,2 x MS0(pi/2),2,sideband_fcl,sideband,fcl,13,24,1,0,-0.40000000000000002,1.0666666666666667,0.96848487631315394,0.014333000653486892,0.0085910615166795712,0.0085910615166795712,0.017182123033359142,0.95415187565966708,9.2727763303247752e-05,0.99989549141336287,0.014333000653486892
heatmap,varms_2,2 x MS0(pi/2),2,sideband_fcl,sideband,fcl,14,24,1,0,-0.26666666666666666,1.0666666666666667,0.98233563956159931,0.012932155787886628,0.0023661023252569916,0.0023661023252569916,0.0047322046505139832,0.96940348377371266,9.2727763303247752e-05,0.99989549141336287,0.012932155787886628
heatmap,varms_2,2 x MS0(pi/2),2,sideband_fcl,sideband,fcl,15,24,1,0,-0.13333333333333333,1.0666666666666667,0.96984643020295824,0.022637997167768771,0.0037577863146365516,0.0037577863146365516,0.0075155726292731031,0.94720843303518942,9.2727763303247752e-05,0.99989549141336287,0.022637997167768771
heatmap,varms_2,2 x MS0(pi/2),2,sideband_fcl,sideband,fcl,16,24,1,0,0,1.0666666666666667,0.96285165458734234,0.028264911584114379,0.0044417169142716567,0.0044417169142716567,0.0088834338285433134,0.93458674300322797,9.2727763303247752e-05,0.99989549141336287,0.028264911584114379
heatmap,varms_2,2 x MS0(pi/2),2,sideband_fcl,sideband,fcl,17,24,1,0,0.13333333333333333,1.0666666666666667,0.96032610065710289,0.033649308526053627,0.0030122954084217612,0.0030122954084217612,0.0060245908168435223,0.92667679213104925,9.2727763303247752e-05,0.99989549141336287,0.033649308526053627
heatmap,varms_2,2 x MS0(pi/2),2,sideband_fcl,sideband,fcl,18,24,1,0,0.26666666666666666,1.0666666666666667,0.94325817463930273,0.037923919418728205,0.0094089529709845444,0.0094089529709845444,0.018817905941969089,0.90533425522057454,9.2727763303247752e-05,0.99989549141336287,0.037923919418728205
heatmap,varms_2,2 x MS0(pi/2),2,sideband_fcl,sideband,fcl,19,24,1,0,0.40000000000000002,1.0666666666666667,0.91985168440121112,0.038583509362201715,0.02078240311829364,0.02078240311829364,0.04156480623658728,0.88126817503900945,9.2727763303247752e-05,0.99989549141336287,0.038583509362201715
heatmap,varms_2,2 x MS0(pi/2),2,sideband_fcl,sideband,fcl,20,24,1,0,0.53333333333333333,1.0666666666666667,0.91021191237209709,0.041914518636050911,0.023936784495926008,0.023936784495926008,0.047873568991852015,0.8682973937360462,9.2727763303247752e-05,0.99989549141336287,0.041914518636050911
heatmap,varms_2,2 x MS0(pi/2),2,sideband_fcl,sideband,fcl,21,24,1,0,0.66666666666666663,1.0666666666666667,0.90792691369174972,0.053142560045386353,0.019465263131431976,0.019465263131431976,0.038930526262863953,0.8547843536463634,9.2727763303247752e-05,0.99989549141336287,0.053142560045386353
heatmap,varms_2,2 x MS0(pi/2),2,sideband_fcl,sideband,fcl,22,24,1,0,0.80000000000000004,1.0666666666666667,0.88723741111299559,0.053164530707071334,0.029799029089966487,0.029799029089966487,0.059598058179932974,0.83407288040592431,9.2727763303247752e-05,0.99989549141336287,0.053164530707071334
heatmap,varms_2,2 x MS0(pi/2),2,sideband_fcl,sideband,fcl,23,24,1,0,0.93333333333333335,1.0666666666666667,0.85181848591250009,0.039456492321713783,0.054362510882893025,0.054362510882893025,0.10872502176578605,0.81236199359078631,9.2727763303247752e-05,0.99989549141336287,0.039456492321713783
heatmap,varms_2,2 x MS0(pi/2),2,sideband_fcl,sideband,fcl,24,24,1,0,1.0666666666666667,1.0666666666666667,0.82676655427330148,0.03178450097877368,0.070724472373962469,0.070724472373962469,0.14144894474792494,0.79498205329452776,9.2727763303247752e-05,0.99989549141336287,0.03178450097877368
heatmap,varms_2,2 x MS0(pi/2),2,sideband_fcl,sideband,fcl,25,24,1,0,1.2,1.0666666666666667,0.82134218564655137,0.033400174152681809,0.072628820100383434,0.072628820100383434,0.14525764020076687,0.78794201149386955,9.2727763303247752e-05,0.99989549141336287,0.033400174152681809
heatmap,varms_2,2 x MS0(pi/2),2,sideband_fcl,sideband,fcl,26,24,1,0,1.3333333333333333,1.0666666666666667,0.82929551377229116,0.036504466956350991,0.067100009635678928,0.067100009635678928,0.13420001927135786,0.79279104681594015,9.2727763303247752e-05,0.99989549141336287,0.036504466956350991
heatmap,varms_2,2 x MS0(pi/2),2,sideband_fcl,sideband,fcl,27,24,1,0,1.4666666666666666,1.0666666666666667,0.84244556817008909,0.038008426612282049,0.059773002608814373,0.059773002608814373,0.11954600521762875,0.80443714155780699,9.2727763303247752e-05,0.99989549141336287,0.038008426612282049
heatmap,varms_2,2 x MS0(pi/2),2,sideband_fcl,sideband,fcl,28,24,1,0,1.6000000000000001,1.0666666666666667,0.85649124183337499,0.038093555235827567,0.052707601465398699,0.052707601465398699,0.1054152029307974,0.81839768659754741,9.2727763303247752e-05,0.99989549141336287,0.038093555235827567
heatmap,varms_2,2 x MS0(pi/2),2,sideband_fcl,sideband,fcl,29,24,1,0,1.7333333333333334,1.0666666666666667,0.87189682053522544,0.03650300625515121,0.045800086604811746,0.045800086604811746,0.091600173209623492,0.8353938142800742,9.2727763303247752e-05,0.99989549141336287,0.03650300625515121
heatmap,varms_2,2 x MS0(pi/2),2,sideband_fcl,sideband,fcl,30,24,1,0,1.8666666666666667,1.0666666666666667,0.89282299538876897,0.033545343992874239,0.036815830309178343,0.036815830309178343,0.073631660618356687,0.85927765139589474,9.2727763303247752e-05,0.99989549141336287,0.033545343992874239
heatmap,varms_2,2 x MS0(pi/2),2,sideband_fcl,sideband,fcl,31,24,1,0,2,1.0666666666666667,0.92194320631735216,0.030730380999718438,0.02366320634146472,0.02366320634146472,0.04732641268292944,0.89121282531763368,9.2727763303247752e-05,0.99989549141336287,0.030730380999718438
heatmap,varms_2,2 x MS0(pi/2),2,sideband_fcl,sideband,fcl,1,25,1,0,-2,1.2,0.26465323777456667,0.55730605512562914,0.089020353549902079,0.089020353549902079,0.17804070709980416,-0.29265281735106247,9.2727763303247752e-05,0.99989549141336287,0.55730605512562914
heatmap,varms_2,2 x MS0(pi/2),2,sideband_fcl,sideband,fcl,2,25,1,0,-1.8666666666666667,1.2,0.34143425689404527,0.36887719034054922,0.14484427638270278,0.14484427638270278,0.28968855276540556,-0.027442933446503948,9.2727763303247752e-05,0.99989549141336287,0.36887719034054922
heatmap,varms_2,2 x MS0(pi/2),2,sideband_fcl,sideband,fcl,3,25,1,0,-1.7333333333333334,1.2,0.43220670786237819,0.22265342602482438,0.1725699330563987,0.1725699330563987,0.3451398661127974,0.20955328183755381,9.2727763303247752e-05,0.99989549141336287,0.22265342602482438
heatmap,varms_2,2 x MS0(pi/2),2,sideband_fcl,sideband,fcl,4,25,1,0,-1.6000000000000001,1.2,0.85520345461620217,0.020039889639825361,0.062378327871986224,0.062378327871986224,0.12475665574397245,0.83516356497637678,9.2727763303247752e-05,0.99989549141336287,0.020039889639825361
heatmap,varms_2,2 x MS0(pi/2),2,sideband_fcl,sideband,fcl,5,25,1,0,-1.4666666666666666,1.2,0.64399474198997464,0.095066261767809995,0.13046949812110761,0.13046949812110761,0.26093899624221523,0.54892848022216467,9.2727763303247752e-05,0.99989549141336287,0.095066261767809995
heatmap,varms_2,2 x MS0(pi/2),2,sideband_fcl,sideband,fcl,6,25,1,0,-1.3333333333333333,1.2,0.49846939257852335,0.33889192853044869,0.081319339445513963,0.081319339445513963,0.16263867889102793,0.15957746404807466,9.2727763303247752e-05,0.99989549141336287,0.33889192853044869
heatmap,varms_2,2 x MS0(pi/2),2,sideband_fcl,sideband,fcl,7,25,1,0,-1.2,1.2,0.50072917493367264,0.3363257028930271,0.08147256108665013,0.08147256108665013,0.16294512217330026,0.16440347204064554,9.2727763303247752e-05,0.99989549141336287,0.3363257028930271
heatmap,varms_2,2 x MS0(pi/2),2,sideband_fcl,sideband,fcl,8,25,1,0,-1.0666666666666667,1.2,0.47234699564624305,0.29960872195286276,0.11402214120044707,0.11402214120044707,0.22804428240089414,0.1727382736933803,9.2727763303247752e-05,0.99989549141336287,0.29960872195286276
heatmap,varms_2,2 x MS0(pi/2),2,sideband_fcl,sideband,fcl,9,25,1,0,-0.93333333333333335,1.2,0.47588285718385043,0.29414773614472933,0.11498470333571016,0.11498470333571016,0.22996940667142032,0.18173512103912109,9.2727763303247752e-05,0.99989549141336287,0.29414773614472933
heatmap,varms_2,2 x MS0(pi/2),2,sideband_fcl,sideband,fcl,10,25,1,0,-0.80000000000000004,1.2,0.55630609919887553,0.25628692616979815,0.093703487315663206,0.093703487315663206,0.18740697463132641,0.30001917302907738,9.2727763303247752e-05,0.99989549141336287,0.25628692616979815
heatmap,varms_2,2 x MS0(pi/2),2,sideband_fcl,sideband,fcl,11,25,1,0,-0.66666666666666663,1.2,0.67103956064360637,0.20524292613124204,0.061858756612575741,0.061858756612575741,0.12371751322515148,0.4657966345123643,9.2727763303247752e-05,0.99989549141336287,0.20524292613124204
heatmap,varms_2,2 x MS0(pi/2),2,sideband_fcl,sideband,fcl,12,25,1,0,-0.53333333333333333,1.2,0.81521185631070481,0.12679129819825855,0.028998422745518299,0.028998422745518299,0.057996845491036599,0.68842055811244629,9.2727763303247752e-05,0.99989549141336287,0.12679129819825855
heatmap,varms_2,2 x MS0(pi/2),2,sideband_fcl,sideband,fcl,13,25,1,0,-0.40000000000000002,1.2,0.93597844873429248,0.049139429541024383,0.0074410608623415482,0.0074410608623415482,0.014882121724683096,0.88683901919326813,9.2727763303247752e-05,0.99989549141336287,0.049139429541024383
heatmap,varms_2,2 x MS0(pi/2),2,sideband_fcl,sideband,fcl,14,25,1,0,-0.26666666666666666,1.2,0.98935639685185051,0.0079267342118642045,0.0013584344681426015,0.0013584344681426015,0.0027168689362852029,0.98142966263998632,9.2727763303247752e-05,0.99989549141336287,0.0079267342118642045
heatmap,varms_2,2 x MS0(pi/2),2,sideband_fcl,sideband,fcl,15,25,1,0,-0.13333333333333333,1.2,0.99642673673391779,0.00013679120513176548,0.0017182360304752729,0.0017182360304752729,0.0034364720609505457,0.99628994552878603,9.2727763303247752e-05,0.99989549141336287,0.00013679120513176548
heatmap,varms_2,2 x MS0(pi/2),2,sideband_fcl,sideband,fcl,16,25,1,0,0,1.2,0.99401688110283393,0.0021569187358393398,0.0019131000806632879,0.0019131000806632879,0.0038262001613265759,0.99185996236699459,9.2727763303247752e-05,0.99989549141336287,0.0021569187358393398
heatmap,varms_2,2 x MS0(pi/2),2,sideband_fcl,sideband,fcl,17,25,1,0,0.13333333333333333,1.2,0.99126757617490957,0.0042347266528569519,0.0022488485861167449,0.0022488485861167449,0.0044976971722334898,0.98703284952205261,9.2727763303247752e-05,0.99989549141336287,0.0042347266528569519
heatmap,varms_2,2 x MS0(pi/2),2,sideband_fcl,sideband,fcl,18,25,1,0,0.26666666666666666,1.2,0.97002499240912199,0.00706508336358227,0.011454962113647892,0.011454962113647892,0.022909924227295785,0.96295990904553974,9.2727763303247752e-05,0.99989549141336287,0.00706508336358227
heatmap,varms_2,2 x MS0(pi/2),2,sideband_fcl,sideband,fcl,19,25,1,0,0.40000000000000002,1.2,0.92927051324904819,0.011611178467996388,0.029559154141477657,0.029559154141477657,0.059118308282955313,0.91765933478105177,9.2727763303247752e-05,0.99989549141336287,0.011611178467996388
heatmap,varms_2,2 x MS0(pi/2),2,sideband_fcl,sideband,fcl,20,25,1,0,0.53333333333333333,1.2,0.88636583055445484,0.025995846155543158,0.043819161645000972,0.043819161645000972,0.087638323290001943,0.86036998439891166,9.2727763303247752e-05,0.99989549141336287,0.025995846155543158
heatmap,varms_2,2 x MS0(pi/2),2,sideband_fcl,sideband,fcl,21,25,1,0,0.66666666666666663,1.2,0.84540652196396004,0.055143554593219679,0.049724961721410131,0.049724961721410131,0.099449923442820262,0.79026296737074042,9.2727763303247752e-05,0.99989549141336287,0.055143554593219679
heatmap,varms_2,2 x MS0(pi/2),2,sideband_fcl,sideband,fcl,22,25,1,0,0.80000000000000004,1.2,0.79608513715824925,0.073249132195261635,0.065332865323244491,0.065332865323244491,0.13066573064648898,0.72283600496298761,9.2727763303247752e-05,0.99989549141336287,0.073249132195261635
heatmap,varms_2,2 x MS0(pi/2),2,sideband_fcl,sideband,fcl,23,25,1,0,0.93333333333333335,1.2,0.75063387115608704,0.067147325405507607,0.091109401719202648,0.091109401719202648,0.1822188034384053,0.68348654575057943,9.2727763303247752e-05,0.99989549141336287,0.067147325405507607
heatmap,varms_2,2 x MS0(pi/2),2,sideband_fcl,sideband,fcl,24,25,1,0,1.0666666666666667,1.2,0.73492510316764736,0.055893412966715468,0.10459074193281863,0.10459074193281863,0.20918148386563726,0.6790316902009319,9.2727763303247752e-05,0.99989549141336287,0.055893412966715468
heatmap,varms_2,2 x MS0(pi/2),2,sideband_fcl,sideband,fcl,25,25,1,0,1.2,1.2,0.75279591466869966,0.048265049963350619,0.099469517683974884,0.099469517683974884,0.19893903536794977,0.70453086470534909,9.2727763303247752e-05,0.99989549141336287,0.048265049963350619
heatmap,varms_2,2 x MS0(pi/2),2,sideband_fcl,sideband,fcl,26,25,1,0,1.3333333333333333,1.2,0.78997289346975907,0.041370549514482366,0.084328278507879342,0.084328278507879342,0.16865655701575868,0.74860234395527669,9.2727763303247752e-05,0.99989549141336287,0.041370549514482366
heatmap,varms_2,2 x MS0(pi/2),2,sideband_fcl,sideband,fcl,27,25,1,0,1.4666666666666666,1.2,0.83113994819878478,0.035668173759811031,0.066595939020702058,0.066595939020702058,0.13319187804140412,0.79547177443897377,9.2727763303247752e-05,0.99989549141336287,0.035668173759811031
heatmap,varms_2,2 x MS0(pi/2),2,sideband_fcl,sideband,fcl,28,25,1,0,1.6000000000000001,1.2,0.866828041453928,0.032593556507179745,0.050289201019446103,0.050289201019446103,0.10057840203889221,0.83423448494674823,9.2727763303247752e-05,0.99989549141336287,0.032593556507179745
heatmap,varms_2,2 x MS0(pi/2),2,sideband_fcl,sideband,fcl,29,25,1,0,1.7333333333333334,1.2,0.89442253523290116,0.031195401800022518,0.037191031483538126,0.037191031483538126,0.074382062967076251,0.8632271334328786,9.2727763303247752e-05,0.99989549141336287,0.031195401800022518
heatmap,varms_2,2 x MS0(pi/2),2,sideband_fcl,sideband,fcl,30,25,1,0,1.8666666666666667,1.2,0.91684292794949063,0.030689932017982799,0.026233570016263232,0.026233570016263232,0.052467140032526463,0.88615299593150787,9.2727763303247752e-05,0.99989549141336287,0.030689932017982799
heatmap,varms_2,2 x MS0(pi/2),2,sideband_fcl,sideband,fcl,31,25,1,0,2,1.2,0.93708130608263385,0.031364605434510043,0.015777044241428041,0.015777044241428041,0.031554088482856082,0.90571670064812382,9.2727763303247752e-05,0.99989549141336287,0.031364605434510043
heatmap,varms_2,2 x MS0(pi/2),2,sideband_fcl,sideband,fcl,1,26,1,0,-2,1.3333333333333333,0.31370692116447929,0.4857916144707764,0.10025073218237218,0.10025073218237218,0.20050146436474436,-0.17208469330629711,9.2727763303247752e-05,0.99989549141336287,0.4857916144707764
heatmap,varms_2,2 x MS0(pi/2),2,sideband_fcl,sideband,fcl,2,26,1,0,-1.8666666666666667,1.3333333333333333,0.4207810107705664,0.31333149012706135,0.13294374955118612,0.13294374955118612,0.26588749910237225,0.10744952064350505,9.2727763303247752e-05,0.99989549141336287,0.31333149012706135
heatmap,varms_2,2 x MS0(pi/2),2,sideband_fcl,sideband,fcl,3,26,1,0,-1.7333333333333334,1.3333333333333333,0.59704727083423004,0.14636193645917761,0.12829539635329626,0.12829539635329626,0.25659079270659252,0.45068533437505243,9.2727763303247752e-05,0.99989549141336287,0.14636193645917761
heatmap,varms_2,2 x MS0(pi/2),2,sideband_fcl,sideband,fcl,4,26,1,0,-1.6000000000000001,1.3333333333333333,0.93129692645623108,0.014888124105303768,0.026907474719232584,0.026907474719232584,0.053814949438465168,0.91640880235092737,9.2727763303247752e-05,0.99989549141336287,0.014888124105303768
heatmap,varms_2,2 x MS0(pi/2),2,sideband_fcl,sideband,fcl,5,26,1,0,-1.4666666666666666,1.3333333333333333,0.64419829248722815,0.088947727809484095,0.13342698985164395,0.13342698985164395,0.26685397970328789,0.55525056467774403,9.2727763303247752e-05,0.99989549141336287,0.088947727809484095
heatmap,varms_2,2 x MS0(pi/2),2,sideband_fcl,sideband,fcl,6,26,1,0,-1.3333333333333333,1.3333333333333333,0.4266835586028136,0.33260419995169277,0.12035612072274686,0.12035612072274686,0.24071224144549372,0.094079358651120826,9.2727763303247752e-05,0.99989549141336287,0.33260419995169277
heatmap,varms_2,2 x MS0(pi/2),2,sideband_fcl,sideband,fcl,7,26,1,0,-1.2,1.3333333333333333,0.33881429671783947,0.34109573514099961,0.16004498407058043,0.16004498407058043,0.32008996814116086,-0.0022814384231601426,9.2727763303247752e-05,0.99989549141336287,0.34109573514099961
heatmap,varms_2,2 x MS0(pi/2),2,sideband_fcl,sideband,fcl,8,26,1,0,-1.0666666666666667,1.3333333333333333,0.29220316429814919,0.34527140861367112,0.18126271354408988,0.18126271354408988,0.36252542708817975,-0.053068244315521929,9.2727763303247752e-05,0.99989549141336287,0.34527140861367112
heatmap,varms_2,2 x MS0(pi/2),2,sideband_fcl,sideband,fcl,9,26,1,0,-0.93333333333333335,1.3333333333333333,0.30549034014954202,0.37324763875755029,0.16063101054645385,0.16063101054645385,0.32126202109290769,-0.067757298608008276,9.2727763303247752e-05,0.99989549141336287,0.37324763875755029
heatmap,varms_2,2 x MS0(pi/2),2,sideband_fcl,sideband,fcl,10,26,1,0,-0.80000000000000004,1.3333333333333333,0.41003328717239323,0.32733160365115177,0.1313175545882275,0.1313175545882275,0.26263510917645499,0.082701683521241465,9.2727763303247752e-05,0.99989549141336287,0.32733160365115177
heatmap,varms_2,2 x MS0(pi/2),2,sideband_fcl,sideband,fcl,11,26,1,0,-0.66666666666666663,1.3333333333333333,0.54580508717310361,0.2597517693987767,0.09722157171405986,0.09722157171405986,0.19444314342811972,0.28605331777432691,9.2727763303247752e-05,0.99989549141336287,0.2597517693987767
heatmap,varms_2,2 x MS0(pi/2),2,sideband_fcl,sideband,fcl,12,26,1,0,-0.53333333333333333,1.3333333333333333,0.72525417649636892,0.16844721937886548,0.05314930206238281,0.05314930206238281,0.10629860412476562,0.55680695711750339,9.2727763303247752e-05,0.99989549141336287,0.16844721937886548
heatmap,varms_2,2 x MS0(pi/2),2,sideband_fcl,sideband,fcl,13,26,1,0,-0.40000000000000002,1.3333333333333333,0.88569710344825747,0.082771325581937019,0.015765785484902751,0.015765785484902751,0.031531570969805502,0.80292577786632047,9.2727763303247752e-05,0.99989549141336287,0.082771325581937019
heatmap,varms_2,2 x MS0(pi/2),2,sideband_fcl,sideband,fcl,14,26,1,0,-0.26666666666666666,1.3333333333333333,0.96383391967088139,0.030851666954474052,0.0026572066873223124,0.0026572066873223124,0.0053144133746446248,0.93298225271640733,9.2727763303247752e-05,0.99989549141336287,0.030851666954474052
heatmap,varms_2,2 x MS0(pi/2),2,sideband_fcl,sideband,fcl,15,26,1,0,-0.13333333333333333,1.3333333333333333,0.9794826066768717,0.012339414081622284,0.0040889896207530491,0.0040889896207530491,0.0081779792415060983,0.96714319259524939,9.2727763303247752e-05,0.99989549141336287,0.012339414081622284
heatmap,varms_2,2 x MS0(pi/2),2,sideband_fcl,sideband,fcl,16,26,1,0,0,1.3333333333333333,0.97832888578087052,0.013281244197120871,0.004194935011004374,0.004194935011004374,0.0083898700220087479,0.96504764158374967,9.2727763303247752e-05,0.99989549141336287,0.013281244197120871
heatmap,varms_2,2 x MS0(pi/2),2,sideband_fcl,sideband,fcl,17,26,1,0,0.13333333333333333,1.3333333333333333,0.97872677188225154,0.015915694300897631,0.0026787669084254555,0.0026787669084254555,0.005357533816850911,0.96281107758135387,9.2727763303247752e-05,0.99989549141336287,0.015915694300897631
heatmap,varms_2,2 x MS0(pi/2),2,sideband_fcl,sideband,fcl,18,26,1,0,0.26666666666666666,1.3333333333333333,0.96370931395103965,0.015166974360991233,0.010561855843984476,0.010561855843984476,0.021123711687968953,0.94854233959004841,9.2727763303247752e-05,0.99989549141336287,0.015166974360991233
heatmap,varms_2,2 x MS0(pi/2),2,sideband_fcl,sideband,fcl,19,26,1,0,0.40000000000000002,1.3333333333333333,0.92508567773131178,0.014894511118713885,0.030009905574987211,0.030009905574987211,0.060019811149974421,0.91019116661259791,9.2727763303247752e-05,0.99989549141336287,0.014894511118713885
heatmap,varms_2,2 x MS0(pi/2),2,sideband_fcl,sideband,fcl,20,26,1,0,0.53333333333333333,1.3333333333333333,0.87557432817436232,0.024495228981519884,0.049965221422058871,0.049965221422058871,0.099930442844117742,0.85107909919284241,9.2727763303247752e-05,0.99989549141336287,0.024495228981519884
heatmap,varms_2,2 x MS0(pi/2),2,sideband_fcl,sideband,fcl,21,26,1,0,0.66666666666666663,1.3333333333333333,0.82346103554777017,0.05147724942450653,0.062530857513861685,0.062530857513861685,0.12506171502772337,0.77198378612326368,9.2727763303247752e-05,0.99989549141336287,0.05147724942450653
heatmap,varms_2,2 x MS0(pi/2),2,sideband_fcl,sideband,fcl,22,26,1,0,0.80000000000000004,1.3333333333333333,0.7670478957164536,0.077959055387973861,0.077496524447786319,0.077496524447786319,0.15499304889557264,0.68908884032847972,9.2727763303247752e-05,0.99989549141336287,0.077959055387973861
heatmap,varms_2,2 x MS0(pi/2),2,sideband_fcl,sideband,fcl,23,26,1,0,0.93333333333333335,1.3333333333333333,0.71890874499724322,0.081863687565629187,0.099613783718563817,0.099613783718563817,0.19922756743712763,0.63704505743161399,9.2727763303247752e-05,0.99989549141336287,0.081863687565629187
heatmap,varms_2,2 x MS0(pi/2),2,sideband_fcl,sideband,fcl,24,26,1,0,1.0666666666666667,1.3333333333333333,0.7052473520896384,0.069347435796028353,0.11270260605716664,0.11270260605716664,0.22540521211433329,0.63589991629361009,9.2727763303247752e-05,0.99989549141336287,0.069347435796028353
heatmap,varms_2,2 x MS0(pi/2),2,sideband_fcl,sideband,fcl,25,26,1,0,1.2,1.3333333333333333,0.7339539250387096,0.051641867952866509,0.10720210350421197,0.10720210350421197,0.21440420700842394,0.68231205708584308,9.2727763303247752e-05,0.99989549141336287,0.051641867952866509
heatmap,varms_2,2 x MS0(pi/2),2,sideband_fcl,sideband,fcl,26,26,1,0,1.3333333333333333,1.3333333333333333,0.78968327447177011,0.034601933007324941,0.087857396260452511,0.087857396260452511,0.17571479252090502,0.75508134146444517,9.2727763303247752e-05,0.99989549141336287,0.034601933007324941
heatmap,varms_2,2 x MS0(pi/2),2,sideband_fcl,sideband,fcl,27,26,1,0,1.4666666666666666,1.3333333333333333,0.84983097213315029,0.024053340358714242,0.063057843754067686,0.063057843754067686,0.12611568750813537,0.82577763177443608,9.2727763303247752e-05,0.99989549141336287,0.024053340358714242
heatmap,varms_2,2 x MS0(pi/2),2,sideband_fcl,sideband,fcl,28,26,1,0,1.6000000000000001,1.3333333333333333,0.89760941208177536,0.020914984916486062,0.040737801500869385,0.040737801500869385,0.081475603001738769,0.87669442716528934,9.2727763303247752e-05,0.99989549141336287,0.020914984916486062
heatmap,varms_2,2 x MS0(pi/2),2,sideband_fcl,sideband,fcl,29,26,1,0,1.7333333333333334,1.3333333333333333,0.92772748744877642,0.021183406558870851,0.025544552996176417,0.025544552996176417,0.051089105992352835,0.90654408088990557,9.2727763303247752e-05,0.99989549141336287,0.021183406558870851
heatmap,varms_2,2 x MS0(pi/2),2,sideband_fcl,sideband,fcl,30,26,1,0,1.8666666666666667,1.3333333333333333,0.94418130901300212,0.022459528534714623,0.01667958122614167,0.01667958122614167,0.03335916245228334,0.92172178047828746,9.2727763303247752e-05,0.99989549141336287,0.022459528534714623
heatmap,varms_2,2 x MS0(pi/2),2,sideband_fcl,sideband,fcl,31,26,1,0,2,1.3333333333333333,0.95237197343596991,0.024945332245690916,0.011341347159169518,0.011341347159169518,0.022682694318339035,0.92742664119027896,9.2727763303247752e-05,0.99989549141336287,0.024945332245690916
heatmap,varms_2,2 x MS0(pi/2),2,sideband_fcl,sideband,fcl,1,27,1,0,-2,1.4666666666666666,0.4319453833327408,0.35225283390658396,0.10790089138033765,0.10790089138033765,0.2158017827606753,0.079692549426156833,9.2727763303247752e-05,0.99989549141336287,0.35225283390658396
heatmap,varms_2,2 x MS0(pi/2),2,sideband_fcl,sideband,fcl,2,27,1,0,-1.8666666666666667,1.4666666666666666,0.56884709982313375,0.21591913978711216,0.10761688019487706,0.10761688019487706,0.21523376038975411,0.35292796003602156,9.2727763303247752e-05,0.99989549141336287,0.21591913978711216
heatmap,varms_2,2 x MS0(pi/2),2,sideband_fcl,sideband,fcl,3,27,1,0,-1.7333333333333334,1.4666666666666666,0.76196050191830134,0.082839411912373082,0.077600043084662701,0.077600043084662701,0.1552000861693254,0.67912109000592824,9.2727763303247752e-05,0.99989549141336287,0.082839411912373082
heatmap,varms_2,2 x MS0(pi/2),2,sideband_fcl,sideband,fcl,4,27,1,0,-1.6000000000000001,1.4666666666666666,0.93505558752560891,0.015766528964665152,0.024588941754863019,0.024588941754863019,0.049177883509726038,0.91928905856094378,9.2727763303247752e-05,0.99989549141336287,0.015766528964665152
heatmap,varms_2,2 x MS0(pi/2),2,sideband_fcl,sideband,fcl,5,27,1,0,-1.4666666666666666,1.4666666666666666,0.62712276920233057,0.089367292937190035,0.14175496893023967,0.14175496893023967,0.28350993786047934,0.53775547626514053,9.2727763303247752e-05,0.99989549141336287,0.089367292937190035
heatmap,varms_2,2 x MS0(pi/2),2,sideband_fcl,sideband,fcl,6,27,1,0,-1.3333333333333333,1.4666666666666666,0.39530891991580497,0.29031565386020569,0.15718771311199467,0.15718771311199467,0.31437542622398934,0.10499326605559928,9.2727763303247752e-05,0.99989549141336287,0.29031565386020569
heatmap,varms_2,2 x MS0(pi/2),2,sideband_fcl,sideband,fcl,7,27,1,0,-1.2,1.4666666666666666,0.26299722690165089,0.28278217483245993,0.22711029913294456,0.22711029913294456,0.45422059826588912,-0.019784947930809038,9.2727763303247752e-05,0.99989549141336287,0.28278217483245993
heatmap,varms_2,2 x MS0(pi/2),2,sideband_fcl,sideband,fcl,8,27,1,0,-1.0666666666666667,1.4666666666666666,0.22348877247736326,0.3121002451272088,0.23220549119771397,0.23220549119771397,0.46441098239542794,-0.088611472649845535,9.2727763303247752e-05,0.99989549141336287,0.3121002451272088
heatmap,varms_2,2 x MS0(pi/2),2,sideband_fcl,sideband,fcl,9,27,1,0,-0.93333333333333335,1.4666666666666666,0.24032609121639342,0.36029919672086202,0.19968735603137228,0.19968735603137228,0.39937471206274455,-0.1199731055044686,9.2727763303247752e-05,0.99989549141336287,0.36029919672086202
heatmap,varms_2,2 x MS0(pi/2),2,sideband_fcl,sideband,fcl,10,27,1,0,-0.80000000000000004,1.4666666666666666,0.34141460048649719,0.3225027844088183,0.16804130755234226,0.16804130755234226,0.33608261510468451,0.018911816077678889,9.2727763303247752e-05,0.99989549141336287,0.3225027844088183
heatmap,varms_2,2 x MS0(pi/2),2,sideband_fcl,sideband,fcl,11,27,1,0,-0.66666666666666663,1.4666666666666666,0.48628720173624324,0.25300748832175124,0.13035265497100279,0.13035265497100279,0.26070530994200558,0.233279713414492,9.2727763303247752e-05,0.99989549141336287,0.25300748832175124
heatmap,varms_2,2 x MS0(pi/2),2,sideband_fcl,sideband,fcl,12,27,1,0,-0.53333333333333333,1.4666666666666666,0.68409773249443639,0.1565495893262796,0.079676339089642056,0.079676339089642056,0.15935267817928411,0.52754814316815679,9.2727763303247752e-05,0.99989549141336287,0.1565495893262796
heatmap,varms_2,2 x MS0(pi/2),2,sideband_fcl,sideband,fcl,13,27,1,0,-0.40000000000000002,1.4666666666666666,0.86108748836236271,0.075238205106967521,0.031837153265334851,0.031837153265334851,0.063674306530669703,0.78584928325539516,9.2727763303247752e-05,0.99989549141336287,0.075238205106967521
heatmap,varms_2,2 x MS0(pi/2),2,sideband_fcl,sideband,fcl,14,27,1,0,-0.26666666666666666,1.4666666666666666,0.94696384502879061,0.033711711784637867,0.0096622215932857976,0.0096622215932857976,0.019324443186571595,0.91325213324415278,9.2727763303247752e-05,0.99989549141336287,0.033711711784637867
heatmap,varms_2,2 x MS0(pi/2),2,sideband_fcl,sideband,fcl,15,27,1,0,-0.13333333333333333,1.4666666666666666,0.96130869171139066,0.019144174243642825,0.0097735670224832882,0.0097735670224832882,0.019547134044966576,0.94216451746774788,9.2727763303247752e-05,0.99989549141336287,0.019144174243642825
heatmap,varms_2,2 x MS0(pi/2),2,sideband_fcl,sideband,fcl,16,27,1,0,0,1.4666666666666666,0.95458495646481156,0.023992321342651887,0.010711361096268277,0.010711361096268277,0.021422722192536554,0.93059263512215973,9.2727763303247752e-05,0.99989549141336287,0.023992321342651887
heatmap,varms_2,2 x MS0(pi/2),2,sideband_fcl,sideband,fcl,17,27,1,0,0.13333333333333333,1.4666666666666666,0.95509712223910415,0.036259416740997259,0.0043217305099493104,0.0043217305099493104,0.0086434610198986208,0.91883770549810684,9.2727763303247752e-05,0.99989549141336287,0.036259416740997259
heatmap,varms_2,2 x MS0(pi/2),2,sideband_fcl,sideband,fcl,18,27,1,0,0.26666666666666666,1.4666666666666666,0.94826115232985075,0.041152247834031985,0.0052932999180586348,0.0052932999180586348,0.01058659983611727,0.90710890449581871,9.2727763303247752e-05,0.99989549141336287,0.041152247834031985
heatmap,varms_2,2 x MS0(pi/2),2,sideband_fcl,sideband,fcl,19,27,1,0,0.40000000000000002,1.4666666666666666,0.92034966914261529,0.037499809843295359,0.021075260507044682,0.021075260507044682,0.042150521014089365,0.88284985929931992,9.2727763303247752e-05,0.99989549141336287,0.037499809843295359
heatmap,varms_2,2 x MS0(pi/2),2,sideband_fcl,sideband,fcl,20,27,1,0,0.53333333333333333,1.4666666666666666,0.88117994536800193,0.0374054125692505,0.040707321031373742,0.040707321031373742,0.081414642062747483,0.84377453279875148,9.2727763303247752e-05,0.99989549141336287,0.0374054125692505
heatmap,varms_2,2 x MS0(pi/2),2,sideband_fcl,sideband,fcl,21,27,1,0,0.66666666666666663,1.4666666666666666,0.84106996026168035,0.052454098530930582,0.053237970603694527,0.053237970603694527,0.10647594120738905,0.78861586173074971,9.2727763303247752e-05,0.99989549141336287,0.052454098530930582
heatmap,varms_2,2 x MS0(pi/2),2,sideband_fcl,sideband,fcl,22,27,1,0,0.80000000000000004,1.4666666666666666,0.79989567670840755,0.07485668458082663,0.062623819355382887,0.062623819355382887,0.12524763871076577,0.72503899212758094,9.2727763303247752e-05,0.99989549141336287,0.07485668458082663
heatmap,varms_2,2 x MS0(pi/2),2,sideband_fcl,sideband,fcl,23,27,1,0,0.93333333333333335,1.4666666666666666,0.76299074981375248,0.083727109050528187,0.076641070567859709,0.076641070567859709,0.15328214113571942,0.67926364076322432,9.2727763303247752e-05,0.99989549141336287,0.083727109050528187
heatmap,varms_2,2 x MS0(pi/2),2,sideband_fcl,sideband,fcl,24,27,1,0,1.0666666666666667,1.4666666666666666,0.75074716036962019,0.072469038710586048,0.088391900459896852,0.088391900459896852,0.1767838009197937,0.67827812165903412,9.2727763303247752e-05,0.99989549141336287,0.072469038710586048
heatmap,varms_2,2 x MS0(pi/2),2,sideband_fcl,sideband,fcl,25,27,1,0,1.2,1.4666666666666666,0.77766916054751789,0.048216043679351075,0.087057397886565566,0.087057397886565566,0.17411479577313113,0.72945311686816683,9.2727763303247752e-05,0.99989549141336287,0.048216043679351075
heatmap,varms_2,2 x MS0(pi/2),2,sideband_fcl,sideband,fcl,26,27,1,0,1.3333333333333333,1.4666666666666666,0.83540399697084378,0.023365287134185946,0.070615357947485066,0.070615357947485066,0.14123071589497013,0.81203870983665782,9.2727763303247752e-05,0.99989549141336287,0.023365287134185946
heatmap,varms_2,2 x MS0(pi/2),2,sideband_fcl,sideband,fcl,27,27,1,0,1.4666666666666666,1.4666666666666666,0.89890642946791599,0.009709473910081182,0.04569204831100139,0.04569204831100139,0.091384096622002781,0.88919695555783484,9.2727763303247752e-05,0.99989549141336287,0.009709473910081182
heatmap,varms_2,2 x MS0(pi/2),2,sideband_fcl,sideband,fcl,28,27,1,0,1.6000000000000001,1.4666666666666666,0.9448843134345466,0.0075453890389935024,0.023785148763229989,0.023785148763229989,0.047570297526459977,0.93733892439555311,9.2727763303247752e-05,0.99989549141336287,0.0075453890389935024
heatmap,varms_2,2 x MS0(pi/2),2,sideband_fcl,sideband,fcl,29,27,1,0,1.7333333333333334,1.4666666666666666,0.96626731136695687,0.0094575770319149793,0.012137555800564104,0.012137555800564104,0.024275111601128208,0.95680973433504191,9.2727763303247752e-05,0.99989549141336287,0.0094575770319149793
heatmap,varms_2,2 x MS0(pi/2),2,sideband_fcl,sideband,fcl,30,27,1,0,1.8666666666666667,1.4666666666666666,0.97002629738582435,0.011886821742111463,0.0090434404360320818,0.0090434404360320818,0.018086880872064164,0.95813947564371293,9.2727763303247752e-05,0.99989549141336287,0.011886821742111463
heatmap,varms_2,2 x MS0(pi/2),2,sideband_fcl,sideband,fcl,31,27,1,0,2,1.4666666666666666,0.96511984604573953,0.01557651967977107,0.0096518171372446358,0.0096518171372446358,0.019303634274489272,0.9495433263659685,9.2727763303247752e-05,0.99989549141336287,0.01557651967977107
heatmap,varms_2,2 x MS0(pi/2),2,sideband_fcl,sideband,fcl,1,28,1,0,-2,1.6000000000000001,0.5907175352138978,0.20108197662958044,0.10410024407826078,0.10410024407826078,0.20820048815652156,0.38963555858431737,9.2727763303247752e-05,0.99989549141336287,0.20108197662958044
heatmap,varms_2,2 x MS0(pi/2),2,sideband_fcl,sideband,fcl,2,28,1,0,-1.8666666666666667,1.6000000000000001,0.73302303800324975,0.1155002984241091,0.075738331786320584,0.075738331786320584,0.15147666357264117,0.61752273957914061,9.2727763303247752e-05,0.99989549141336287,0.1155002984241091
heatmap,varms_2,2 x MS0(pi/2),2,sideband_fcl,sideband,fcl,3,28,1,0,-1.7333333333333334,1.6000000000000001,0.87802301316581399,0.042265758094052822,0.039855614370066558,0.039855614370066558,0.079711228740133117,0.83575725507176113,9.2727763303247752e-05,0.99989549141336287,0.042265758094052822
heatmap,varms_2,2 x MS0(pi/2),2,sideband_fcl,sideband,fcl,4,28,1,0,-1.6000000000000001,1.6000000000000001,0.87880945481367823,0.016140358165077667,0.05252509351062204,0.05252509351062204,0.10505018702124408,0.86266909664860059,9.2727763303247752e-05,0.99989549141336287,0.016140358165077667
heatmap,varms_2,2 x MS0(pi/2),2,sideband_fcl,sideband,fcl,5,28,1,0,-1.4666666666666666,1.6000000000000001,0.59919437538832832,0.093922847832201478,0.15344138838973512,0.15344138838973512,0.30688277677947023,0.50527152755612681,9.2727763303247752e-05,0.99989549141336287,0.093922847832201478
heatmap,varms_2,2 x MS0(pi/2),2,sideband_fcl,sideband,fcl,6,28,1,0,-1.3333333333333333,1.6000000000000001,0.40513660092509063,0.22953414021193819,0.18266462943148562,0.18266462943148562,0.36532925886297124,0.17560246071315244,9.2727763303247752e-05,0.99989549141336287,0.22953414021193819
heatmap,varms_2,2 x MS0(pi/2),2,sideband_fcl,sideband,fcl,7,28,1,0,-1.2,1.6000000000000001,0.28356320931720347,0.19276450906156217,0.26183614081061712,0.26183614081061712,0.52367228162123425,0.090798700255641296,9.2727763303247752e-05,0.99989549141336287,0.19276450906156217
heatmap,varms_2,2 x MS0(pi/2),2,sideband_fcl,sideband,fcl,8,28,1,0,-1.0666666666666667,1.6000000000000001,0.26461686779125093,0.22289918625625849,0.25624197297624529,0.25624197297624529,0.51248394595249058,0.041717681534992446,9.2727763303247752e-05,0.99989549141336287,0.22289918625625849
heatmap,varms_2,2 x MS0(pi/2),2,sideband_fcl,sideband,fcl,9,28,1,0,-0.93333333333333335,1.6000000000000001,0.28041038380371008,0.27668190889147282,0.22145385365240849,0.22145385365240849,0.44290770730481699,0.0037284749122372673,9.2727763303247752e-05,0.99989549141336287,0.27668190889147282
heatmap,varms_2,2 x MS0(pi/2),2,sideband_fcl,sideband,fcl,10,28,1,0,-0.80000000000000004,1.6000000000000001,0.36623943670688414,0.26056433560580911,0.18659811384365332,0.18659811384365332,0.37319622768730665,0.10567510110107503,9.2727763303247752e-05,0.99989549141336287,0.26056433560580911
heatmap,varms_2,2 x MS0(pi/2),2,sideband_fcl,sideband,fcl,11,28,1,0,-0.66666666666666663,1.6000000000000001,0.51186512315671018,0.20463758556645711,0.14174864563841633,0.14174864563841633,0.28349729127683265,0.30722753759025306,9.2727763303247752e-05,0.99989549141336287,0.20463758556645711
heatmap,varms_2,2 x MS0(pi/2),2,sideband_fcl,sideband,fcl,12,28,1,0,-0.53333333333333333,1.6000000000000001,0.71196329509542755,0.11368610307973165,0.087175300912420359,0.087175300912420359,0.17435060182484072,0.59827719201569596,9.2727763303247752e-05,0.99989549141336287,0.11368610307973165
heatmap,varms_2,2 x MS0(pi/2),2,sideband_fcl,sideband,fcl,13,28,1,0,-0.40000000000000002,1.6000000000000001,0.88334602744247592,0.040986308253345843,0.037833832152089089,0.037833832152089089,0.075667664304178178,0.84235971918913011,9.2727763303247752e-05,0.99989549141336287,0.040986308253345843
heatmap,varms_2,2 x MS0(pi/2),2,sideband_fcl,sideband,fcl,14,28,1,0,-0.26666666666666666,1.6000000000000001,0.96102284185343234,0.012977228454446318,0.012999964846060662,0.012999964846060662,0.025999929692121324,0.94804561339898608,9.2727763303247752e-05,0.99989549141336287,0.012977228454446318
heatmap,varms_2,2 x MS0(pi/2),2,sideband_fcl,sideband,fcl,15,28,1,0,-0.13333333333333333,1.6000000000000001,0.97153422478580809,0.0060889972678060747,0.011188388973192976,0.011188388973192976,0.022376777946385953,0.96544522751800199,9.2727763303247752e-05,0.99989549141336287,0.0060889972678060747
heatmap,varms_2,2 x MS0(pi/2),2,sideband_fcl,sideband,fcl,16,28,1,0,0,1.6000000000000001,0.95904070999801116,0.010485937001294979,0.015236676500346871,0.015236676500346871,0.030473353000693742,0.9485547729967162,9.2727763303247752e-05,0.99989549141336287,0.010485937001294979
heatmap,varms_2,2 x MS0(pi/2),2,sideband_fcl,sideband,fcl,17,28,1,0,0.13333333333333333,1.6000000000000001,0.95330182936651675,0.027578370939186199,0.0095598998471485286,0.0095598998471485286,0.019119799694297057,0.9257234584273305,9.2727763303247752e-05,0.99989549141336287,0.027578370939186199
heatmap,varms_2,2 x MS0(pi/2),2,sideband_fcl,sideband,fcl,18,28,1,0,0.26666666666666666,1.6000000000000001,0.94894206657540203,0.046117376352045533,0.0024702785362761864,0.0024702785362761864,0.0049405570725523729,0.90282469022335654,9.2727763303247752e-05,0.99989549141336287,0.046117376352045533
heatmap,varms_2,2 x MS0(pi/2),2,sideband_fcl,sideband,fcl,19,28,1,0,0.40000000000000002,1.6000000000000001,0.93019892544301341,0.052987339852960287,0.008406867352013141,0.008406867352013141,0.016813734704026282,0.87721158559005308,9.2727763303247752e-05,0.99989549141336287,0.052987339852960287
heatmap,varms_2,2 x MS0(pi/2),2,sideband_fcl,sideband,fcl,20,28,1,0,0.53333333333333333,1.6000000000000001,0.90172503557182171,0.050543830333187663,0.023865567047495286,0.023865567047495286,0.047731134094990572,0.85118120523863405,9.2727763303247752e-05,0.99989549141336287,0.050543830333187663
heatmap,varms_2,2 x MS0(pi/2),2,sideband_fcl,sideband,fcl,21,28,1,0,0.66666666666666663,1.6000000000000001,0.87713468393947025,0.05376399422430974,0.034550660918109953,0.034550660918109953,0.069101321836219906,0.82337068971516048,9.2727763303247752e-05,0.99989549141336287,0.05376399422430974
heatmap,varms_2,2 x MS0(pi/2),2,sideband_fcl,sideband,fcl,22,28,1,0,0.80000000000000004,1.6000000000000001,0.85870571464262879,0.065567945831400479,0.037863169762985392,0.037863169762985392,0.075726339525970784,0.79313776881122833,9.2727763303247752e-05,0.99989549141336287,0.065567945831400479
heatmap,varms_2,2 x MS0(pi/2),2,sideband_fcl,sideband,fcl,23,28,1,0,0.93333333333333335,1.6000000000000001,0.84280645141935284,0.07285642176285631,0.042168563408895479,0.042168563408895479,0.084337126817790958,0.7699500296564965,9.2727763303247752e-05,0.99989549141336287,0.07285642176285631
heatmap,varms_2,2 x MS0(pi/2),2,sideband_fcl,sideband,fcl,24,28,1,0,1.0666666666666667,1.6000000000000001,0.83772005127861482,0.06514954495813477,0.048565201881625178,0.048565201881625178,0.097130403763250356,0.77257050632048008,9.2727763303247752e-05,0.99989549141336287,0.06514954495813477
heatmap,varms_2,2 x MS0(pi/2),2,sideband_fcl,sideband,fcl,25,28,1,0,1.2,1.6000000000000001,0.85823507472270621,0.043137709868920161,0.049313607704186788,0.049313607704186788,0.098627215408373575,0.81509736485378603,9.2727763303247752e-05,0.99989549141336287,0.043137709868920161
heatmap,varms_2,2 x MS0(pi/2),2,sideband_fcl,sideband,fcl,26,28,1,0,1.3333333333333333,1.6000000000000001,0.90440057370201754,0.018092903055137836,0.038753261621422307,0.038753261621422307,0.077506523242844613,0.88630767064687965,9.2727763303247752e-05,0.99989549141336287,0.018092903055137836
heatmap,varms_2,2 x MS0(pi/2),2,sideband_fcl,sideband,fcl,27,28,1,0,1.4666666666666666,1.6000000000000001,0.95534614096542592,0.0035021540931517501,0.020575852470711205,0.020575852470711205,0.04115170494142241,0.95184398687227412,9.2727763303247752e-05,0.99989549141336287,0.0035021540931517501
heatmap,varms_2,2 x MS0(pi/2),2,sideband_fcl,sideband,fcl,28,28,1,0,1.6000000000000001,1.6000000000000001,0.9867386606429287,0.0003665852339580515,0.0064473770615567014,0.0064473770615567014,0.012894754123113403,0.98637207540897065,9.2727763303247752e-05,0.99989549141336287,0.0003665852339580515
heatmap,varms_2,2 x MS0(pi/2),2,sideband_fcl,sideband,fcl,29,28,1,0,1.7333333333333334,1.6000000000000001,0.99195802487985307,0.0013958516138065998,0.0033230617531701226,0.0033230617531701226,0.0066461235063402452,0.99056217326604645,9.2727763303247752e-05,0.99989549141336287,0.0013958516138065998
heatmap,varms_2,2 x MS0(pi/2),2,sideband_fcl,sideband,fcl,30,28,1,0,1.8666666666666667,1.6000000000000001,0.98121445455392298,0.003679446984605018,0.0075530492307360753,0.0075530492307360753,0.015106098461472151,0.97753500756931799,9.2727763303247752e-05,0.99989549141336287,0.003679446984605018
heatmap,varms_2,2 x MS0(pi/2),2,sideband_fcl,sideband,fcl,31,28,1,0,2,1.6000000000000001,0.96619888835523038,0.0080773181492607704,0.012861896747754401,0.012861896747754401,0.025723793495508802,0.95812157020596955,9.2727763303247752e-05,0.99989549141336287,0.0080773181492607704
heatmap,varms_2,2 x MS0(pi/2),2,sideband_fcl,sideband,fcl,1,29,1,0,-2,1.7333333333333334,0.74883378024011793,0.082961047105507932,0.084102586327187132,0.084102586327187132,0.16820517265437426,0.66587273313461004,9.2727763303247752e-05,0.99989549141336287,0.082961047105507932
heatmap,varms_2,2 x MS0(pi/2),2,sideband_fcl,sideband,fcl,2,29,1,0,-1.8666666666666667,1.7333333333333334,0.8639839351701657,0.046452274472027835,0.044781895178903235,0.044781895178903235,0.089563790357806469,0.81753166069813787,9.2727763303247752e-05,0.99989549141336287,0.046452274472027835
heatmap,varms_2,2 x MS0(pi/2),2,sideband_fcl,sideband,fcl,3,29,1,0,-1.7333333333333334,1.7333333333333334,0.92906665181207315,0.02585912260361781,0.022537112792154486,0.022537112792154486,0.045074225584308972,0.90320752920845537,9.2727763303247752e-05,0.99989549141336287,0.02585912260361781
heatmap,varms_2,2 x MS0(pi/2),2,sideband_fcl,sideband,fcl,4,29,1,0,-1.6000000000000001,1.7333333333333334,0.80240027545444148,0.022876181652719971,0.087361771446419281,0.087361771446419281,0.17472354289283856,0.7795240938017215,9.2727763303247752e-05,0.99989549141336287,0.022876181652719971
heatmap,varms_2,2 x MS0(pi/2),2,sideband_fcl,sideband,fcl,5,29,1,0,-1.4666666666666666,1.7333333333333334,0.57450477086416951,0.096864658353176453,0.164315285391327,0.164315285391327,0.32863057078265401,0.47764011251099303,9.2727763303247752e-05,0.99989549141336287,0.096864658353176453
heatmap,varms_2,2 x MS0(pi/2),2,sideband_fcl,sideband,fcl,6,29,1,0,-1.3333333333333333,1.7333333333333334,0.44987700133027381,0.16351557522619672,0.19330371172176478,0.19330371172176478,0.38660742344352955,0.28636142610407711,9.2727763303247752e-05,0.99989549141336287,0.16351557522619672
heatmap,varms_2,2 x MS0(pi/2),2,sideband_fcl,sideband,fcl,7,29,1,0,-1.2,1.7333333333333334,0.37887556301817504,0.10206197427750147,0.25953123135216183,0.25953123135216183,0.51906246270432366,0.27681358874067358,9.2727763303247752e-05,0.99989549141336287,0.10206197427750147
heatmap,varms_2,2 x MS0(pi/2),2,sideband_fcl,sideband,fcl,8,29,1,0,-1.0666666666666667,1.7333333333333334,0.38820437860476714,0.1172563609034251,0.24726963024590387,0.24726963024590387,0.49453926049180774,0.27094801770134203,9.2727763303247752e-05,0.99989549141336287,0.1172563609034251
heatmap,varms_2,2 x MS0(pi/2),2,sideband_fcl,sideband,fcl,9,29,1,0,-0.93333333333333335,1.7333333333333334,0.41245954333206386,0.16303032344138763,0.21225506661327426,0.21225506661327426,0.42451013322654851,0.24942921989067623,9.2727763303247752e-05,0.99989549141336287,0.16303032344138763
heatmap,varms_2,2 x MS0(pi/2),2,sideband_fcl,sideband,fcl,10,29,1,0,-0.80000000000000004,1.7333333333333334,0.48673040176284676,0.16732749069631697,0.17297105377041813,0.17297105377041813,0.34594210754083626,0.31940291106652979,9.2727763303247752e-05,0.99989549141336287,0.16732749069631697
heatmap,varms_2,2 x MS0(pi/2),2,sideband_fcl,sideband,fcl,11,29,1,0,-0.66666666666666663,1.7333333333333334,0.61948682589805959,0.13363179541590689,0.12344068934301672,0.12344068934301672,0.24688137868603344,0.48585503048215273,9.2727763303247752e-05,0.99989549141336287,0.13363179541590689
heatmap,varms_2,2 x MS0(pi/2),2,sideband_fcl,sideband,fcl,12,29,1,0,-0.53333333333333333,1.7333333333333334,0.79474593005340044,0.063838991078359289,0.070707539434120129,0.070707539434120129,0.14141507886824026,0.73090693897504111,9.2727763303247752e-05,0.99989549141336287,0.063838991078359289
heatmap,varms_2,2 x MS0(pi/2),2,sideband_fcl,sideband,fcl,13,29,1,0,-0.40000000000000002,1.7333333333333334,0.93325440507258406,0.011529095351971217,0.027608249787722319,0.027608249787722319,0.055216499575444639,0.92172530972061284,9.2727763303247752e-05,0.99989549141336287,0.011529095351971217
heatmap,varms_2,2 x MS0(pi/2),2,sideband_fcl,sideband,fcl,14,29,1,0,-0.26666666666666666,1.7333333333333334,0.98395371661195774,0.0012982928467734861,0.0073739952706343712,0.0073739952706343712,0.014747990541268742,0.98265542376518422,9.2727763303247752e-05,0.99989549141336287,0.0012982928467734861
heatmap,varms_2,2 x MS0(pi/2),2,sideband_fcl,sideband,fcl,15,29,1,0,-0.13333333333333333,1.7333333333333334,0.98715971471137243,0.0024627726272857561,0.0051887563306709013,0.0051887563306709013,0.010377512661341803,0.98469694208408665,9.2727763303247752e-05,0.99989549141336287,0.0024627726272857561
heatmap,varms_2,2 x MS0(pi/2),2,sideband_fcl,sideband,fcl,16,29,1,0,0,1.7333333333333334,0.97834990008003286,0.0010957205148572637,0.010277189702554937,0.010277189702554937,0.020554379405109874,0.97725417956517557,9.2727763303247752e-05,0.99989549141336287,0.0010957205148572637
heatmap,varms_2,2 x MS0(pi/2),2,sideband_fcl,sideband,fcl,17,29,1,0,0.13333333333333333,1.7333333333333334,0.97179474890309325,0.0050868878855726638,0.01155918160566711,0.01155918160566711,0.02311836321133422,0.9667078610175206,9.2727763303247752e-05,0.99989549141336287,0.0050868878855726638
heatmap,varms_2,2 x MS0(pi/2),2,sideband_fcl,sideband,fcl,18,29,1,0,0.26666666666666666,1.7333333333333334,0.96852843169725211,0.020325077493903807,0.0055732454044220446,0.0055732454044220446,0.011146490808844089,0.94820335420334834,9.2727763303247752e-05,0.99989549141336287,0.020325077493903807
heatmap,varms_2,2 x MS0(pi/2),2,sideband_fcl,sideband,fcl,19,29,1,0,0.40000000000000002,1.7333333333333334,0.9582287122543971,0.037661815334645833,0.0020547362054785206,0.0020547362054785206,0.0041094724109570413,0.92056689691975124,9.2727763303247752e-05,0.99989549141336287,0.037661815334645833
heatmap,varms_2,2 x MS0(pi/2),2,sideband_fcl,sideband,fcl,20,29,1,0,0.53333333333333333,1.7333333333333334,0.9391627210475072,0.044433682293679271,0.0082017983294068505,0.0082017983294068505,0.016403596658813701,0.89472903875382792,9.2727763303247752e-05,0.99989549141336287,0.044433682293679271
heatmap,varms_2,2 x MS0(pi/2),2,sideband_fcl,sideband,fcl,21,29,1,0,0.66666666666666663,1.7333333333333334,0.92316492357461022,0.044758688064510846,0.016038194180439447,0.016038194180439447,0.032076388360878894,0.87840623551009933,9.2727763303247752e-05,0.99989549141336287,0.044758688064510846
heatmap,varms_2,2 x MS0(pi/2),2,sideband_fcl,sideband,fcl,22,29,1,0,0.80000000000000004,1.7333333333333334,0.91774087816253436,0.047817193038062561,0.017220964399701454,0.017220964399701454,0.034441928799402909,0.86992368512447182,9.2727763303247752e-05,0.99989549141336287,0.047817193038062561
heatmap,varms_2,2 x MS0(pi/2),2,sideband_fcl,sideband,fcl,23,29,1,0,0.93333333333333335,1.7333333333333334,0.91683545623026053,0.050531218212203619,0.016316662778767928,0.016316662778767928,0.032633325557535856,0.86630423801805689,9.2727763303247752e-05,0.99989549141336287,0.050531218212203619
heatmap,varms_2,2 x MS0(pi/2),2,sideband_fcl,sideband,fcl,24,29,1,0,1.0666666666666667,1.7333333333333334,0.91778710451270107,0.046008186208629627,0.018102354639334624,0.018102354639334624,0.036204709278669249,0.87177891830407139,9.2727763303247752e-05,0.99989549141336287,0.046008186208629627
heatmap,varms_2,2 x MS0(pi/2),2,sideband_fcl,sideband,fcl,25,29,1,0,1.2,1.7333333333333334,0.92977174549836816,0.032935673961524782,0.018646290270053576,0.018646290270053576,0.037292580540107152,0.89683607153684342,9.2727763303247752e-05,0.99989549141336287,0.032935673961524782
heatmap,varms_2,2 x MS0(pi/2),2,sideband_fcl,sideband,fcl,26,29,1,0,1.3333333333333333,1.7333333333333334,0.95680300991541689,0.017487298656123841,0.012854845714229689,0.012854845714229689,0.025709691428459379,0.93931571125929303,9.2727763303247752e-05,0.99989549141336287,0.017487298656123841
heatmap,varms_2,2 x MS0(pi/2),2,sideband_fcl,sideband,fcl,27,29,1,0,1.4666666666666666,1.7333333333333334,0.98490616702231681,0.0075717093335762094,0.0037610618220534869,0.0037610618220534869,0.0075221236441069738,0.97733445768874061,9.2727763303247752e-05,0.99989549141336287,0.0075717093335762094
heatmap,varms_2,2 x MS0(pi/2),2,sideband_fcl,sideband,fcl,28,29,1,0,1.6000000000000001,1.7333333333333334,0.99520679377526233,0.0031177488099370094,0.00083772870740040771,0.00083772870740040771,0.0016754574148008154,0.99208904496532535,9.2727763303247752e-05,0.99989549141336287,0.0031177488099370094
heatmap,varms_2,2 x MS0(pi/2),2,sideband_fcl,sideband,fcl,29,29,1,0,1.7333333333333334,1.7333333333333334,0.98481380046271583,0.00088060345256390474,0.0071527980423601312,0.0071527980423601312,0.014305596084720262,0.98393319701015192,9.2727763303247752e-05,0.99989549141336287,0.00088060345256390474
heatmap,varms_2,2 x MS0(pi/2),2,sideband_fcl,sideband,fcl,30,29,1,0,1.8666666666666667,1.7333333333333334,0.96560877962368696,0.0014273600108696254,0.016481930182721743,0.016481930182721743,0.032963860365443486,0.96418141961281734,9.2727763303247752e-05,0.99989549141336287,0.0014273600108696254
heatmap,varms_2,2 x MS0(pi/2),2,sideband_fcl,sideband,fcl,31,29,1,0,2,1.7333333333333334,0.94884872644118312,0.0054633024473980888,0.022843985555709427,0.022843985555709427,0.045687971111418854,0.943385423993785,9.2727763303247752e-05,0.99989549141336287,0.0054633024473980888
heatmap,varms_2,2 x MS0(pi/2),2,sideband_fcl,sideband,fcl,1,30,1,0,-2,1.8666666666666667,0.86763739067468126,0.024154819660078881,0.054103894832619896,0.054103894832619896,0.10820778966523979,0.84348257101460233,9.2727763303247752e-05,0.99989549141336287,0.024154819660078881
heatmap,varms_2,2 x MS0(pi/2),2,sideband_fcl,sideband,fcl,2,30,1,0,-1.8666666666666667,1.8666666666666667,0.93231732370780929,0.018956671609373806,0.024363002341408497,0.024363002341408497,0.048726004682816994,0.91336065209843553,9.2727763303247752e-05,0.99989549141336287,0.018956671609373806
heatmap,varms_2,2 x MS0(pi/2),2,sideband_fcl,sideband,fcl,3,30,1,0,-1.7333333333333334,1.8666666666666667,0.9210205493016973,0.027526660067147074,0.02572639531557773,0.02572639531557773,0.051452790631155459,0.8934938892345502,9.2727763303247752e-05,0.99989549141336287,0.027526660067147074
heatmap,varms_2,2 x MS0(pi/2),2,sideband_fcl,sideband,fcl,4,30,1,0,-1.6000000000000001,1.8666666666666667,0.73722626772077859,0.038198710484818849,0.11228751089720133,0.11228751089720133,0.22457502179440267,0.69902755723595977,9.2727763303247752e-05,0.99989549141336287,0.038198710484818849
heatmap,varms_2,2 x MS0(pi/2),2,sideband_fcl,sideband,fcl,5,30,1,0,-1.4666666666666666,1.8666666666666667,0.56958795757559677,0.093017723971514671,0.16869715922644421,0.16869715922644421,0.33739431845288842,0.47657023360408213,9.2727763303247752e-05,0.99989549141336287,0.093017723971514671
heatmap,varms_2,2 x MS0(pi/2),2,sideband_fcl,sideband,fcl,6,30,1,0,-1.3333333333333333,1.8666666666666667,0.52414108932201042,0.10134919750813938,0.18725485658492513,0.18725485658492513,0.37450971316985027,0.42279189181387106,9.2727763303247752e-05,0.99989549141336287,0.10134919750813938
heatmap,varms_2,2 x MS0(pi/2),2,sideband_fcl,sideband,fcl,7,30,1,0,-1.2,1.8666666666666667,0.52466534121521247,0.037573945475914972,0.21888035665443628,0.21888035665443628,0.43776071330887256,0.48709139573929749,9.2727763303247752e-05,0.99989549141336287,0.037573945475914972
heatmap,varms_2,2 x MS0(pi/2),2,sideband_fcl,sideband,fcl,8,30,1,0,-1.0666666666666667,1.8666666666666667,0.56565384782726336,0.04041204029200169,0.19696705594036748,0.19696705594036748,0.39393411188073496,0.52524180753526162,9.2727763303247752e-05,0.99989549141336287,0.04041204029200169
heatmap,varms_2,2 x MS0(pi/2),2,sideband_fcl,sideband,fcl,9,30,1,0,-0.93333333333333335,1.8666666666666667,0.60893321851928772,0.068066804247854412,0.16149998861642889,0.16149998861642889,0.32299997723285778,0.54086641427143334,9.2727763303247752e-05,0.99989549141336287,0.068066804247854412
heatmap,varms_2,2 x MS0(pi/2),2,sideband_fcl,sideband,fcl,10,30,1,0,-0.80000000000000004,1.8666666666666667,0.6751494709968543,0.078378695117335292,0.1232359169429052,0.1232359169429052,0.2464718338858104,0.59677077587951899,9.2727763303247752e-05,0.99989549141336287,0.078378695117335292
heatmap,varms_2,2 x MS0(pi/2),2,sideband_fcl,sideband,fcl,11,30,1,0,-0.66666666666666663,1.8666666666666667,0.77623945705213115,0.063829096448722353,0.079965723249573253,0.079965723249573253,0.15993144649914651,0.71241036060340879,9.2727763303247752e-05,0.99989549141336287,0.063829096448722353
heatmap,varms_2,2 x MS0(pi/2),2,sideband_fcl,sideband,fcl,12,30,1,0,-0.53333333333333333,1.8666666666666667,0.89579909517948109,0.024467775001312947,0.039866564909603025,0.039866564909603025,0.07973312981920605,0.87133132017816817,9.2727763303247752e-05,0.99989549141336287,0.024467775001312947
heatmap,varms_2,2 x MS0(pi/2),2,sideband_fcl,sideband,fcl,13,30,1,0,-0.40000000000000002,1.8666666666666667,0.97355275010078002,0.0027023355350865919,0.011872457182066665,0.011872457182066665,0.02374491436413333,0.97085041456569343,9.2727763303247752e-05,0.99989549141336287,0.0027023355350865919
heatmap,varms_2,2 x MS0(pi/2),2,sideband_fcl,sideband,fcl,14,30,1,0,-0.26666666666666666,1.8666666666666667,0.97802578777750171,0.015694679577775837,0.0031397663223612007,0.0031397663223612007,0.0062795326447224013,0.96233110819972589,9.2727763303247752e-05,0.99989549141336287,0.015694679577775837
heatmap,varms_2,2 x MS0(pi/2),2,sideband_fcl,sideband,fcl,15,30,1,0,-0.13333333333333333,1.8666666666666667,0.963122229828001,0.028176018510122355,0.0043508758309383526,0.0043508758309383526,0.0087017516618767051,0.93494621131787869,9.2727763303247752e-05,0.99989549141336287,0.028176018510122355
heatmap,varms_2,2 x MS0(pi/2),2,sideband_fcl,sideband,fcl,16,30,1,0,0,1.8666666666666667,0.96362368840220181,0.024425555764801765,0.0059753779164982597,0.0059753779164982597,0.011950755832996519,0.93919813263740004,9.2727763303247752e-05,0.99989549141336287,0.024425555764801765
heatmap,varms_2,2 x MS0(pi/2),2,sideband_fcl,sideband,fcl,17,30,1,0,0.13333333333333333,1.8666666666666667,0.9734177538281491,0.011618849004014517,0.0074816985839181996,0.0074816985839181996,0.014963397167836399,0.96179890482413455,9.2727763303247752e-05,0.99989549141336287,0.011618849004014517
heatmap,varms_2,2 x MS0(pi/2),2,sideband_fcl,sideband,fcl,18,30,1,0,0.26666666666666666,1.8666666666666667,0.98281910837428954,0.0042101715516432194,0.0064853600370336018,0.0064853600370336018,0.012970720074067204,0.97860893682264627,9.2727763303247752e-05,0.99989549141336287,0.0042101715516432194
heatmap,varms_2,2 x MS0(pi/2),2,sideband_fcl,sideband,fcl,19,30,1,0,0.40000000000000002,1.8666666666666667,0.98497398738685848,0.0094352112829346624,0.0027954006651034085,0.0027954006651034085,0.005590801330206817,0.97553877610392381,9.2727763303247752e-05,0.99989549141336287,0.0094352112829346624
heatmap,varms_2,2 x MS0(pi/2),2,sideband_fcl,sideband,fcl,20,30,1,0,0.53333333333333333,1.8666666666666667,0.97799172245421195,0.018885048850597996,0.0015616143475950042,0.0015616143475950042,0.0031232286951900085,0.95910667360361401,9.2727763303247752e-05,0.99989549141336287,0.018885048850597996
heatmap,varms_2,2 x MS0(pi/2),2,sideband_fcl,sideband,fcl,21,30,1,0,0.66666666666666663,1.8666666666666667,0.96882602226908654,0.022758904238443567,0.0042075367462350161,0.0042075367462350161,0.0084150734924700321,0.94606711803064303,9.2727763303247752e-05,0.99989549141336287,0.022758904238443567
heatmap,varms_2,2 x MS0(pi/2),2,sideband_fcl,sideband,fcl,22,30,1,0,0.80000000000000004,1.8666666666666667,0.96639284668869607,0.023435539201562529,0.0050858070548707116,0.0050858070548707116,0.010171614109741423,0.94295730748713358,9.2727763303247752e-05,0.99989549141336287,0.023435539201562529
heatmap,varms_2,2 x MS0(pi/2),2,sideband_fcl,sideband,fcl,23,30,1,0,0.93333333333333335,1.8666666666666667,0.96805794964721614,0.023793317778527816,0.0040743662871280083,0.0040743662871280083,0.0081487325742560165,0.94426463186868836,9.2727763303247752e-05,0.99989549141336287,0.023793317778527816
heatmap,varms_2,2 x MS0(pi/2),2,sideband_fcl,sideband,fcl,24,30,1,0,1.0666666666666667,1.8666666666666667,0.96675956335960622,0.02172904472695952,0.0057556959567170406,0.0057556959567170406,0.011511391913434081,0.94503051863264675,9.2727763303247752e-05,0.99989549141336287,0.02172904472695952
heatmap,varms_2,2 x MS0(pi/2),2,sideband_fcl,sideband,fcl,25,30,1,0,1.2,1.8666666666666667,0.96592518889074996,0.017009085253918199,0.0085328629276658387,0.0085328629276658387,0.017065725855331677,0.94891610363683176,9.2727763303247752e-05,0.99989549141336287,0.017009085253918199
heatmap,varms_2,2 x MS0(pi/2),2,sideband_fcl,sideband,fcl,26,30,1,0,1.3333333333333333,1.8666666666666667,0.97059453027248488,0.013858568127620759,0.0077734507999472234,0.0077734507999472234,0.015546901599894447,0.95673596214486412,9.2727763303247752e-05,0.99989549141336287,0.013858568127620759
heatmap,varms_2,2 x MS0(pi/2),2,sideband_fcl,sideband,fcl,27,30,1,0,1.4666666666666666,1.8666666666666667,0.97318131374612271,0.014053958143140232,0.0063823640553685853,0.0063823640553685853,0.012764728110737171,0.95912735560298246,9.2727763303247752e-05,0.99989549141336287,0.014053958143140232
heatmap,varms_2,2 x MS0(pi/2),2,sideband_fcl,sideband,fcl,28,30,1,0,1.6000000000000001,1.8666666666666667,0.96270267459353942,0.012425228346234159,0.0124360485301132,0.0124360485301132,0.0248720970602264,0.95027744624730526,9.2727763303247752e-05,0.99989549141336287,0.012425228346234159
heatmap,varms_2,2 x MS0(pi/2),2,sideband_fcl,sideband,fcl,29,30,1,0,1.7333333333333334,1.8666666666666667,0.94210748742477302,0.0078087455936305715,0.025041883490798226,0.025041883490798226,0.050083766981596452,0.93429874183114248,9.2727763303247752e-05,0.99989549141336287,0.0078087455936305715
heatmap,varms_2,2 x MS0(pi/2),2,sideband_fcl,sideband,fcl,30,30,1,0,1.8666666666666667,1.8666666666666667,0.92386215167576391,0.0054933892428504485,0.035322229540692807,0.035322229540692807,0.070644459081385613,0.91836876243291343,9.2727763303247752e-05,0.99989549141336287,0.0054933892428504485
heatmap,varms_2,2 x MS0(pi/2),2,sideband_fcl,sideband,fcl,31,30,1,0,2,1.8666666666666667,0.91557039558404474,0.0074109342132355292,0.038509335101359836,0.038509335101359836,0.077018670202719672,0.90815946137080916,9.2727763303247752e-05,0.99989549141336287,0.0074109342132355292
heatmap,varms_2,2 x MS0(pi/2),2,sideband_fcl,sideband,fcl,1,31,1,0,-2,2,0.9089154482455104,0.012698767087049869,0.039192892333719857,0.039192892333719857,0.078385784667439715,0.89621668115846054,9.2727763303247752e-05,0.99989549141336287,0.012698767087049869
heatmap,varms_2,2 x MS0(pi/2),2,sideband_fcl,sideband,fcl,2,31,1,0,-1.8666666666666667,2,0.92379585831182232,0.020861829730571445,0.027671155978803166,0.027671155978803166,0.055342311957606333,0.90293402858125082,9.2727763303247752e-05,0.99989549141336287,0.020861829730571445
heatmap,varms_2,2 x MS0(pi/2),2,sideband_fcl,sideband,fcl,3,31,1,0,-1.7333333333333334,2,0.86912797772380956,0.038214988191137805,0.04632851704252635,0.04632851704252635,0.0926570340850527,0.83091298953267179,9.2727763303247752e-05,0.99989549141336287,0.038214988191137805
heatmap,varms_2,2 x MS0(pi/2),2,sideband_fcl,sideband,fcl,4,31,1,0,-1.6000000000000001,2,0.69515976668401713,0.054557605954503444,0.1251413136807398,0.1251413136807398,0.2502826273614796,0.6406021607295137,9.2727763303247752e-05,0.99989549141336287,0.054557605954503444
heatmap,varms_2,2 x MS0(pi/2),2,sideband_fcl,sideband,fcl,5,31,1,0,-1.4666666666666666,2,0.59386227263550462,0.08150293886402156,0.16231739425023689,0.16231739425023689,0.32463478850047378,0.51235933377148302,9.2727763303247752e-05,0.99989549141336287,0.08150293886402156
heatmap,varms_2,2 x MS0(pi/2),2,sideband_fcl,sideband,fcl,6,31,1,0,-1.3333333333333333,2,0.62141414859632993,0.05417917063711776,0.16220334038327616,0.16220334038327616,0.32440668076655232,0.56723497795921218,9.2727763303247752e-05,0.99989549141336287,0.05417917063711776
heatmap,varms_2,2 x MS0(pi/2),2,sideband_fcl,sideband,fcl,7,31,1,0,-1.2,2,0.68956316448330324,0.011183130525111769,0.14962685249579255,0.14962685249579255,0.2992537049915851,0.67838003395819146,9.2727763303247752e-05,0.99989549141336287,0.011183130525111769
heatmap,varms_2,2 x MS0(pi/2),2,sideband_fcl,sideband,fcl,8,31,1,0,-1.0666666666666667,2,0.75477044146220074,0.010514334022085105,0.11735761225785707,0.11735761225785707,0.23471522451571414,0.74425610744011561,9.2727763303247752e-05,0.99989549141336287,0.010514334022085105
heatmap,varms_2,2 x MS0(pi/2),2,sideband_fcl,sideband,fcl,9,31,1,0,-0.93333333333333335,2,0.81041847321109994,0.018935611657878916,0.085322957565510532,0.085322957565510532,0.17064591513102106,0.79148286155322101,9.2727763303247752e-05,0.99989549141336287,0.018935611657878916
heatmap,varms_2,2 x MS0(pi/2),2,sideband_fcl,sideband,fcl,10,31,1,0,-0.80000000000000004,2,0.86248025860676325,0.023343305045898492,0.057088218173669138,0.057088218173669138,0.11417643634733828,0.83913695356086471,9.2727763303247752e-05,0.99989549141336287,0.023343305045898492
heatmap,varms_2,2 x MS0(pi/2),2,sideband_fcl,sideband,fcl,11,31,1,0,-0.66666666666666663,2,0.91889375576542021,0.018502237586840574,0.031302003323869683,0.031302003323869683,0.062604006647739366,0.90039151817857965,9.2727763303247752e-05,0.99989549141336287,0.018502237586840574
heatmap,varms_2,2 x MS0(pi/2),2,sideband_fcl,sideband,fcl,12,31,1,0,-0.53333333333333333,2,0.96919942677283,0.0059061059010639136,0.012447233663053042,0.012447233663053042,0.024894467326106083,0.96329332087176611,9.2727763303247752e-05,0.99989549141336287,0.0059061059010639136
heatmap,varms_2,2 x MS0(pi/2),2,sideband_fcl,sideband,fcl,13,31,1,0,-0.40000000000000002,2,0.97675284882801183,0.011857566169352241,0.0056947925013179678,0.0056947925013179678,0.011389585002635936,0.96489528265865965,9.2727763303247752e-05,0.99989549141336287,0.011857566169352241
heatmap,varms_2,2 x MS0(pi/2),2,sideband_fcl,sideband,fcl,14,31,1,0,-0.26666666666666666,2,0.93090426486007061,0.043542171121749504,0.012776782009089938,0.012776782009089938,0.025553564018179875,0.88736209373832109,9.2727763303247752e-05,0.99989549141336287,0.043542171121749504
heatmap,varms_2,2 x MS0(pi/2),2,sideband_fcl,sideband,fcl,15,31,1,0,-0.13333333333333333,2,0.89202977213880252,0.067172246328507157,0.020398990766345184,0.020398990766345184,0.040797981532690368,0.82485752581029537,9.2727763303247752e-05,0.99989549141336287,0.067172246328507157
heatmap,varms_2,2 x MS0(pi/2),2,sideband_fcl,sideband,fcl,16,31,1,0,0,2,0.89795659264786054,0.065687706164253998,0.018177850593942738,0.018177850593942738,0.036355701187885475,0.83226888648360653,9.2727763303247752e-05,0.99989549141336287,0.065687706164253998
heatmap,varms_2,2 x MS0(pi/2),2,sideband_fcl,sideband,fcl,17,31,1,0,0.13333333333333333,2,0.93280795513580872,0.046369905874751836,0.010411069494719663,0.010411069494719663,0.020822138989439326,0.88643804926105685,9.2727763303247752e-05,0.99989549141336287,0.046369905874751836
heatmap,varms_2,2 x MS0(pi/2),2,sideband_fcl,sideband,fcl,18,31,1,0,0.26666666666666666,2,0.96846141116193596,0.022006257776588704,0.0047661655307377091,0.0047661655307377091,0.0095323310614754183,0.94645515338534725,9.2727763303247752e-05,0.99989549141336287,0.022006257776588704
heatmap,varms_2,2 x MS0(pi/2),2,sideband_fcl,sideband,fcl,19,31,1,0,0.40000000000000002,2,0.98992229439069335,0.0051936910806497328,0.0024420072643284024,0.0024420072643284024,0.0048840145286568049,0.98472860331004364,9.2727763303247752e-05,0.99989549141336287,0.0051936910806497328
heatmap,varms_2,2 x MS0(pi/2),2,sideband_fcl,sideband,fcl,20,31,1,0,0.53333333333333333,2,0.99638334282061114,0.0013935501458876708,0.0011115535167505945,0.0011115535167505945,0.002223107033501189,0.99498979267472343,9.2727763303247752e-05,0.99989549141336287,0.0013935501458876708
heatmap,varms_2,2 x MS0(pi/2),2,sideband_fcl,sideband,fcl,21,31,1,0,0.66666666666666663,2,0.9950396856875392,0.0034439685023325145,0.00075817290506411132,0.00075817290506411132,0.0015163458101282226,0.99159571718520667,9.2727763303247752e-05,0.99989549141336287,0.0034439685023325145
heatmap,varms_2,2 x MS0(pi/2),2,sideband_fcl,sideband,fcl,22,31,1,0,0.80000000000000004,2,0.9941765905407578,0.004243568788726091,0.00078992033525800403,0.00078992033525800403,0.0015798406705160081,0.98993302175203168,9.2727763303247752e-05,0.99989549141336287,0.004243568788726091
heatmap,varms_2,2 x MS0(pi/2),2,sideband_fcl,sideband,fcl,23,31,1,0,0.93333333333333335,2,0.99399992784157309,0.0042798385041991783,0.0008601168271138291,0.0008601168271138291,0.0017202336542276582,0.98972008933737388,9.2727763303247752e-05,0.99989549141336287,0.0042798385041991783
heatmap,varms_2,2 x MS0(pi/2),2,sideband_fcl,sideband,fcl,24,31,1,0,1.0666666666666667,2,0.98734075017568967,0.0042825152203576451,0.0041883673019763408,0.0041883673019763408,0.0083767346039526815,0.98305823495533207,9.2727763303247752e-05,0.99989549141336287,0.0042825152203576451
heatmap,varms_2,2 x MS0(pi/2),2,sideband_fcl,sideband,fcl,25,31,1,0,1.2,2,0.97389741259780238,0.0044381570454510777,0.010832215178373246,0.010832215178373246,0.021664430356746492,0.96945925555235135,9.2727763303247752e-05,0.99989549141336287,0.0044381570454510777
heatmap,varms_2,2 x MS0(pi/2),2,sideband_fcl,sideband,fcl,26,31,1,0,1.3333333333333333,2,0.95904118449850251,0.0085151581411223309,0.016221828680187612,0.016221828680187612,0.032443657360375223,0.95052602635738015,9.2727763303247752e-05,0.99989549141336287,0.0085151581411223309
heatmap,varms_2,2 x MS0(pi/2),2,sideband_fcl,sideband,fcl,27,31,1,0,1.4666666666666666,2,0.94092953299848492,0.01765829383930935,0.020706086581102862,0.020706086581102862,0.041412173162205725,0.92327123915917553,9.2727763303247752e-05,0.99989549141336287,0.01765829383930935
heatmap,varms_2,2 x MS0(pi/2),2,sideband_fcl,sideband,fcl,28,31,1,0,1.6000000000000001,2,0.91496509397622094,0.02280567254943823,0.031114616737170461,0.031114616737170461,0.062229233474340923,0.89215942142678273,9.2727763303247752e-05,0.99989549141336287,0.02280567254943823
heatmap,varms_2,2 x MS0(pi/2),2,sideband_fcl,sideband,fcl,29,31,1,0,1.7333333333333334,2,0.8885737796255464,0.019089469047128948,0.046168375663662331,0.046168375663662331,0.092336751327324662,0.86948431057841746,9.2727763303247752e-05,0.99989549141336287,0.019089469047128948
heatmap,varms_2,2 x MS0(pi/2),2,sideband_fcl,sideband,fcl,30,31,1,0,1.8666666666666667,2,0.87557863301328853,0.013422323520211235,0.055499521733250103,0.055499521733250103,0.11099904346650021,0.86215630949307731,9.2727763303247752e-05,0.99989549141336287,0.013422323520211235
heatmap,varms_2,2 x MS0(pi/2),2,sideband_fcl,sideband,fcl,31,31,1,0,2,2,0.88052996813075701,0.011005065999511706,0.054232482934865683,0.054232482934865683,0.10846496586973137,0.86952490213124534,9.2727763303247752e-05,0.99989549141336287,0.011005065999511706
