scan_kind,x_axis,y_axis,x_index,y_index,rabi_ratio,sideband_2pi_khz,fcl_2pi_khz,gg,ee,eg,ge,score
heatmap,rabi,sideband,1,1,0.80000000000000004,-2,0,0.39098623940478072,0.38416415624129546,0.11242480217696184,0.11242480217696184,0.38416415624129546
heatmap,rabi,sideband,2,1,0.81333333333333335,-2,0,0.38794761655374449,0.38292956970669345,0.11456140686978103,0.11456140686978103,0.38292956970669345
heatmap,rabi,sideband,3,1,0.82666666666666666,-2,0,0.38414580534589587,0.38142784864630358,0.11721317300390025,0.11721317300390025,0.38142784864630358
heatmap,rabi,sideband,4,1,0.83999999999999997,-2,0,0.37959509814234327,0.37971523670520296,0.12034483257622684,0.12034483257622684,0.37971523670520296
heatmap,rabi,sideband,5,1,0.85333333333333339,-2,0,0.37433070701767956,0.37786601383847895,0.12390163957192077,0.12390163957192077,0.37786601383847895
heatmap,rabi,sideband,6,1,0.8666666666666667,-2,0,0.36840930961310558,0.37597221734955033,0.12780923651867204,0.12780923651867204,0.37597221734955033
heatmap,rabi,sideband,7,1,0.88,-2,0,0.36190847738327214,0.37414222918628631,0.13197464671522072,0.13197464671522072,0.37414222918628631
heatmap,rabi,sideband,8,1,0.89333333333333331,-2,0,0.35492493204269632,0.37249824275131643,0.1362884126029936,0.1362884126029936,0.37249824275131643
heatmap,rabi,sideband,9,1,0.90666666666666662,-2,0,0.34757168286247392,0.37117262972739135,0.14062784370506734,0.14062784370506734,0.37117262972739135
heatmap,rabi,sideband,10,1,0.92000000000000004,-2,0,0.33997418366119619,0.37030335027591516,0.14486123303144433,0.14486123303144433,0.37030335027591516
heatmap,rabi,sideband,11,1,0.93333333333333335,-2,0,0.33226570373380304,0.37002867456715938,0.14885281084951882,0.14885281084951882,0.37002867456715938
heatmap,rabi,sideband,12,1,0.94666666666666666,-2,0,0.32458218323096416,0.37048144249425646,0.15246818713738963,0.15246818713738963,0.37048144249425646
heatmap,rabi,sideband,13,1,0.95999999999999996,-2,0,0.31705687790440634,0.37178322061638724,0.15557995073960321,0.15557995073960321,0.37178322061638724
heatmap,rabi,sideband,14,1,0.97333333333333338,-2,0,0.30981512719957849,0.37403865313609858,0.15807310983216144,0.15807310983216144,0.37403865313609858
heatmap,rabi,sideband,15,1,0.98666666666666669,-2,0,0.3029695224914119,0.37733033224863777,0.15985007262997517,0.15985007262997517,0.37733033224863777
heatmap,rabi,sideband,16,1,1,-2,0,0.29661578083766948,0.38171448613877856,0.16083486651177603,0.16083486651177603,0.38171448613877856
heatmap,rabi,sideband,17,1,1.0133333333333334,-2,0,0.2908295318980334,0.38721771457589832,0.16097637676303414,0.16097637676303414,0.38721771457589832
heatmap,rabi,sideband,18,1,1.0266666666666666,-2,0,0.28566420062855685,0.39383491889956973,0.16025044023593671,0.16025044023593671,0.39383491889956973
heatmap,rabi,sideband,19,1,1.04,-2,0,0.28115006577406609,0.40152854986200681,0.15866069218196352,0.15866069218196352,0.40152854986200681
heatmap,rabi,sideband,20,1,1.0533333333333332,-2,0,0.27729452531380133,0.41022920689129411,0.15623813389745225,0.15623813389745225,0.41022920689129411
heatmap,rabi,sideband,21,1,1.0666666666666667,-2,0,0.27408351457655761,0.4198374807654941,0.15303950232897415,0.15303950232897415,0.4198374807654941
heatmap,rabi,sideband,22,1,1.0800000000000001,-2,0,0.27148396720350992,0.43022699232562495,0.14914452023543256,0.14914452023543256,0.43022699232562495
heatmap,rabi,sideband,23,1,1.0933333333333333,-2,0,0.26944712188261005,0.44124839605368449,0.14465224103185267,0.14465224103185267,0.44124839605368449
heatmap,rabi,sideband,24,1,1.1066666666666667,-2,0,0.26791250982693515,0.45273415464656658,0.13967666776324913,0.13967666776324913,0.45273415464656658
heatmap,rabi,sideband,25,1,1.1200000000000001,-2,0,0.26681233432902735,0.46450382966357001,0.13434191800370132,0.13434191800370132,0.46450382966357001
heatmap,rabi,sideband,26,1,1.1333333333333333,-2,0,0.26607601635643585,0.4763696244389653,0.1287771796022994,0.1287771796022994,0.4763696244389653
heatmap,rabi,sideband,27,1,1.1466666666666667,-2,0,0.26563465339290909,0.48814193145061641,0.12311170757823724,0.12311170757823724,0.48814193145061641
heatmap,rabi,sideband,28,1,1.1599999999999999,-2,0,0.26542515423634072,0.49963461223328776,0.11747011676518575,0.11747011676518575,0.49963461223328776
heatmap,rabi,sideband,29,1,1.1733333333333333,-2,0,0.26539386002539594,0.5106698382931959,0.11196815084070408,0.11196815084070408,0.5106698382931959
heatmap,rabi,sideband,30,1,1.1866666666666668,-2,0,0.26549947376105909,0.52108227215091951,0.10670912704401071,0.10670912704401071,0.52108227215091951
heatmap,rabi,sideband,31,1,1.2,-2,0,0.26571520075354715,0.53072248600308469,0.10178115662168405,0.10178115662168405,0.53072248600308469
heatmap,rabi,sideband,1,2,0.80000000000000004,-1.8666666666666667,0,0.42047318839191788,0.30204999873930699,0.13873840643438753,0.13873840643438753,0.30204999873930699
heatmap,rabi,sideband,2,2,0.81333333333333335,-1.8666666666666667,0,0.41635604949586863,0.29520844303131,0.1442177537364106,0.1442177537364106,0.29520844303131
heatmap,rabi,sideband,3,2,0.82666666666666666,-1.8666666666666667,0,0.41178927423906786,0.28870026493817508,0.14975523041137853,0.14975523041137853,0.28870026493817508
heatmap,rabi,sideband,4,2,0.83999999999999997,-1.8666666666666667,0,0.40701464054620023,0.2828408992440925,0.1550722301048536,0.1550722301048536,0.2828408992440925
heatmap,rabi,sideband,5,2,0.85333333333333339,-1.8666666666666667,0,0.402291737859229,0.27795739174690454,0.1598754351969332,0.1598754351969332,0.27795739174690454
heatmap,rabi,sideband,6,2,0.8666666666666667,-1.8666666666666667,0,0.39788224946881467,0.27437152536772152,0.16387311258173187,0.16387311258173187,0.27437152536772152
heatmap,rabi,sideband,7,2,0.88,-1.8666666666666667,0,0.39403365226056836,0.27238258081666988,0.16679188346138088,0.16679188346138088,0.27238258081666988
heatmap,rabi,sideband,8,2,0.89333333333333331,-1.8666666666666667,0,0.39096358468972953,0.27225071309830673,0.1683928511059819,0.1683928511059819,0.27225071309830673
heatmap,rabi,sideband,9,2,0.90666666666666662,-1.8666666666666667,0,0.38884586252265352,0.27418222681093007,0.16848595533320823,0.16848595533320823,0.27418222681093007
heatmap,rabi,sideband,10,2,0.92000000000000004,-1.8666666666666667,0,0.38779911197507683,0.27831755999942692,0.16694166401274815,0.16694166401274815,0.27831755999942692
heatmap,rabi,sideband,11,2,0.93333333333333335,-1.8666666666666667,0,0.38787878037724477,0.28472275727866392,0.16369923117204563,0.16369923117204563,0.28472275727866392
heatmap,rabi,sideband,12,2,0.94666666666666666,-1.8666666666666667,0,0.38907294175704682,0.29338495458655861,0.15877105182819728,0.15877105182819728,0.29338495458655861
heatmap,rabi,sideband,13,2,0.95999999999999996,-1.8666666666666667,0,0.39130215960089387,0.3042120261031272,0.15224290714798946,0.15224290714798946,0.3042120261031272
heatmap,rabi,sideband,14,2,0.97333333333333338,-1.8666666666666667,0,0.39442329041374119,0.31703634868033931,0.14427018045295972,0.14427018045295972,0.31703634868033931
heatmap,rabi,sideband,15,2,0.98666666666666669,-1.8666666666666667,0,0.39823692680188627,0.33162238614898309,0.13507034352456534,0.13507034352456534,0.33162238614898309
heatmap,rabi,sideband,16,2,1,-1.8666666666666667,0,0.40249790964001353,0.34767745979438752,0.12491231528279945,0.12491231528279945,0.34767745979438752
heatmap,rabi,sideband,17,2,1.0133333333333334,-1.8666666666666667,0,0.40692819925258361,0.36486505918482443,0.11410337078129605,0.11410337078129605,0.36486505918482443
heatmap,rabi,sideband,18,2,1.0266666666666666,-1.8666666666666667,0,0.41123125949185524,0.38281979344096734,0.10297447353358868,0.10297447353358868,0.38281979344096734
heatmap,rabi,sideband,19,2,1.04,-1.8666666666666667,0,0.41510706555389404,0.40116311026745344,0.09186491208932622,0.09186491208932622,0.40116311026745344
heatmap,rabi,sideband,20,2,1.0533333333333332,-1.8666666666666667,0,0.41826686136585961,0.4195188771001388,0.08110713076700081,0.08110713076700081,0.4195188771001388
heatmap,rabi,sideband,21,2,1.0666666666666667,-1.8666666666666667,0,0.4204468546720786,0.4375280079471196,0.071012568690400873,0.071012568690400873,0.4375280079471196
heatmap,rabi,sideband,22,2,1.0800000000000001,-1.8666666666666667,0,0.42142012481625085,0.45486140268514641,0.061859236249301376,0.061859236249301376,0.45486140268514641
heatmap,rabi,sideband,23,2,1.0933333333333333,-1.8666666666666667,0,0.42100622016184119,0.47123064512421831,0.053881567356970292,0.053881567356970292,0.47123064512421831
heatmap,rabi,sideband,24,2,1.1066666666666667,-1.8666666666666667,0,0.41907803058917953,0.4863960461157617,0.047262961647529439,0.047262961647529439,0.4863960461157617
heatmap,rabi,sideband,25,2,1.1200000000000001,-1.8666666666666667,0,0.41556575313942556,0.50017181316973258,0.042131216845420955,0.042131216845420955,0.50017181316973258
heatmap,rabi,sideband,26,2,1.1333333333333333,-1.8666666666666667,0,0.41045791607563897,0.51242831400865063,0.038556884957855149,0.038556884957855149,0.51242831400865063
heatmap,rabi,sideband,27,2,1.1466666666666667,-1.8666666666666667,0,0.4037996090711809,0.52309155201060964,0.036554419459104717,0.036554419459104717,0.52309155201060964
heatmap,rabi,sideband,28,2,1.1599999999999999,-1.8666666666666667,0,0.39568820825288847,0.53214013091691259,0.036085830415099517,0.036085830415099517,0.53214013091691259
heatmap,rabi,sideband,29,2,1.1733333333333333,-1.8666666666666667,0,0.38626699589922137,0.53960008828188843,0.037066457909445093,0.037066457909445093,0.53960008828188843
heatmap,rabi,sideband,30,2,1.1866666666666668,-1.8666666666666667,0,0.37571716367104591,0.54553807768972085,0.039372379319616617,0.039372379319616617,0.54553807768972085
heatmap,rabi,sideband,31,2,1.2,-1.8666666666666667,0,0.3642487249613322,0.55005340865039598,0.042848933194135935,0.042848933194135935,0.55005340865039598
heatmap,rabi,sideband,1,3,0.80000000000000004,-1.7333333333333334,0,0.54178611295849555,0.18016319727619268,0.13902534488265597,0.13902534488265597,0.18016319727619268
heatmap,rabi,sideband,2,3,0.81333333333333335,-1.7333333333333334,0,0.54955368556309625,0.16989501394436415,0.14027565024626978,0.14027565024626978,0.16989501394436415
heatmap,rabi,sideband,3,3,0.82666666666666666,-1.7333333333333334,0,0.55781284472215675,0.16060106260368398,0.14079304633707962,0.14079304633707962,0.16060106260368398
heatmap,rabi,sideband,4,3,0.83999999999999997,-1.7333333333333334,0,0.56667239231784006,0.15250137112177053,0.14041311828019473,0.14041311828019473,0.15250137112177053
heatmap,rabi,sideband,5,3,0.85333333333333339,-1.7333333333333334,0,0.57621196422673671,0.14578326034815475,0.1390023877125543,0.1390023877125543,0.14578326034815475
heatmap,rabi,sideband,6,3,0.8666666666666667,-1.7333333333333334,0,0.58647349937532589,0.1405917526990785,0.13646737396279782,0.13646737396279782,0.1405917526990785
heatmap,rabi,sideband,7,3,0.88,-1.7333333333333334,0,0.59745517031964746,0.13702248863040453,0.13276117052497402,0.13276117052497402,0.13702248863040453
heatmap,rabi,sideband,8,3,0.89333333333333331,-1.7333333333333334,0,0.60910811835961998,0.13511760242362827,0.12788713960837589,0.12788713960837589,0.13511760242362827
heatmap,rabi,sideband,9,3,0.90666666666666662,-1.7333333333333334,0,0.62133622576828074,0.13486466823524626,0.12189955299823657,0.12189955299823657,0.13486466823524626
heatmap,rabi,sideband,10,3,0.92000000000000004,-1.7333333333333334,0,0.63399883768315146,0.13619873934230214,0.1149012114872732,0.1149012114872732,0.13619873934230214
heatmap,rabi,sideband,11,3,0.93333333333333335,-1.7333333333333334,0,0.64691619562057179,0.13900715962748947,0.10703832237596932,0.10703832237596932,0.13900715962748947
heatmap,rabi,sideband,12,3,0.94666666666666666,-1.7333333333333334,0,0.65987708541846291,0.14313676922193572,0.098493072679800717,0.098493072679800717,0.14313676922193572
heatmap,rabi,sideband,13,3,0.95999999999999996,-1.7333333333333334,0,0.67264817554723022,0.14840285784822635,0.089474483302271701,0.089474483302271701,0.14840285784822635
heatmap,rabi,sideband,14,3,0.97333333333333338,-1.7333333333333334,0,0.68498434737081093,0.15459923875942383,0.080208206934882606,0.080208206934882606,0.15459923875942383
heatmap,rabi,sideband,15,3,0.98666666666666669,-1.7333333333333334,0,0.69663933251223431,0.16150876352621057,0.070925951980777585,0.070925951980777585,0.16150876352621057
heatmap,rabi,sideband,16,3,1,-1.7333333333333334,0,0.70737601739593858,0.16891358243396412,0.061855200085048669,0.061855200085048669,0.16891358243396412
heatmap,rabi,sideband,17,3,1.0133333333333334,-1.7333333333333334,0,0.71697581543864075,0.17660458277470373,0.053209800893327781,0.053209800893327781,0.17660458277470373
heatmap,rabi,sideband,18,3,1.0266666666666666,-1.7333333333333334,0,0.72524661759118747,0.18438952580564141,0.045181928301585579,0.045181928301585579,0.18438952580564141
heatmap,rabi,sideband,19,3,1.04,-1.7333333333333334,0,0.73202899708853064,0.19209950514185911,0.03793574888480513,0.03793574888480513,0.19209950514185911
heatmap,rabi,sideband,20,3,1.0533333333333332,-1.7333333333333334,0,0.73720045248213539,0.19959353531219826,0.031603006102833252,0.031603006102833252,0.19959353531219826
heatmap,rabi,sideband,21,3,1.0666666666666667,-1.7333333333333334,0,0.74067762781291069,0.20676119810257457,0.026280587042257393,0.026280587042257393,0.20676119810257457
heatmap,rabi,sideband,22,3,1.0800000000000001,-1.7333333333333334,0,0.74241659088884815,0.21352340469432815,0.022030002208411857,0.022030002208411857,0.21352340469432815
heatmap,rabi,sideband,23,3,1.0933333333333333,-1.7333333333333334,0,0.74241134659092711,0.21983146409088744,0.018878594659092793,0.018878594659092793,0.21983146409088744
heatmap,rabi,sideband,24,3,1.1066666666666667,-1.7333333333333334,0,0.74069087700190517,0.22566470092389998,0.01682221103709745,0.01682221103709745,0.22566470092389998
heatmap,rabi,sideband,25,3,1.1200000000000001,-1.7333333333333334,0,0.73731501159541235,0.23102698428966187,0.015829002057462894,0.015829002057462894,0.23102698428966187
heatmap,rabi,sideband,26,3,1.1333333333333333,-1.7333333333333334,0,0.73236953289933082,0.23594247620176481,0.015843995449452235,0.015843995449452235,0.23594247620176481
heatmap,rabi,sideband,27,3,1.1466666666666667,-1.7333333333333334,0,0.72596084077840983,0.24045100455384702,0.016794077333871484,0.016794077333871484,0.24045100455384702
heatmap,rabi,sideband,28,3,1.1599999999999999,-1.7333333333333334,0,0.71821056393585314,0.24460334645056622,0.01859304480679027,0.01859304480679027,0.24460334645056622
heatmap,rabi,sideband,29,3,1.1733333333333333,-1.7333333333333334,0,0.70925036680534237,0.24845676667717648,0.021146433258740521,0.021146433258740521,0.24845676667717648
heatmap,rabi,sideband,30,3,1.1866666666666668,-1.7333333333333334,0,0.69921725129489321,0.25207099408322725,0.024355877310939689,0.024355877310939689,0.25207099408322725
heatmap,rabi,sideband,31,3,1.2,-1.7333333333333334,0,0.68824947778282974,0.25550484893116626,0.028122836643002067,0.028122836643002067,0.25550484893116626
heatmap,rabi,sideband,1,4,0.80000000000000004,-1.6000000000000001,0,0.63953744899481246,0.11943654572452174,0.12051300264033291,0.12051300264033291,0.11943654572452174
heatmap,rabi,sideband,2,4,0.81333333333333335,-1.6000000000000001,0,0.65605057203412454,0.10666274580497337,0.11864334108045102,0.11864334108045102,0.10666274580497337
heatmap,rabi,sideband,3,4,0.82666666666666666,-1.6000000000000001,0,0.67299080217825002,0.094393423062670304,0.11630788737953987,0.11630788737953987,0.094393423062670304
heatmap,rabi,sideband,4,4,0.83999999999999997,-1.6000000000000001,0,0.69033475955635004,0.08273025358842645,0.11346749342761174,0.11346749342761174,0.08273025358842645
heatmap,rabi,sideband,5,4,0.85333333333333339,-1.6000000000000001,0,0.7080484299040628,0.071763331622393012,0.11009411923677206,0.11009411923677206,0.071763331622393012
heatmap,rabi,sideband,6,4,0.8666666666666667,-1.6000000000000001,0,0.72608534702013006,0.06156834007495858,0.1061731564524557,0.1061731564524557,0.06156834007495858
heatmap,rabi,sideband,7,4,0.88,-1.6000000000000001,0,0.74438530234576128,0.052204317482453348,0.10170519008589265,0.10170519008589265,0.052204317482453348
heatmap,rabi,sideband,8,4,0.89333333333333331,-1.6000000000000001,0,0.76287366799057277,0.043712097912831309,0.09670711704829793,0.09670711704829793,0.043712097912831309
heatmap,rabi,sideband,9,4,0.90666666666666662,-1.6000000000000001,0,0.78146141441582762,0.036113485152223186,0.091212550215974658,0.091212550215974658,0.036113485152223186
heatmap,rabi,sideband,10,4,0.92000000000000004,-1.6000000000000001,0,0.80004581447894962,0.02941122378176806,0.085271480869641203,0.085271480869641203,0.02941122378176806
heatmap,rabi,sideband,11,4,0.93333333333333335,-1.6000000000000001,0,0.81851182928453126,0.023589701451256537,0.078949234632106069,0.078949234632106069,0.023589701451256537
heatmap,rabi,sideband,12,4,0.94666666666666666,-1.6000000000000001,0,0.83673409684083988,0.018616343770248844,0.07232477969445561,0.07232477969445561,0.018616343770248844
heatmap,rabi,sideband,13,4,0.95999999999999996,-1.6000000000000001,0,0.85457943418933879,0.014443611342803971,0.065488477233928574,0.065488477233928574,0.014443611342803971
heatmap,rabi,sideband,14,4,0.97333333333333338,-1.6000000000000001,0,0.87190972470033035,0.011011467930203574,0.058539403684733073,0.058539403684733073,0.011011467930203574
heatmap,rabi,sideband,15,4,0.98666666666666669,-1.6000000000000001,0,0.8885850800885231,0.0082501872358787601,0.051582366337799064,0.051582366337799064,0.0082501872358787601
heatmap,rabi,sideband,16,4,1,-1.6000000000000001,0,0.90446709732314035,0.0060833628448394694,0.044724769916010106,0.044724769916010106,0.0060833628448394694
heatmap,rabi,sideband,17,4,1.0133333333333334,-1.6000000000000001,0,0.91942209212529746,0.0044309719898850955,0.038073467942408686,0.038073467942408686,0.0044309719898850955
heatmap,rabi,sideband,18,4,1.0266666666666666,-1.6000000000000001,0,0.93332418680226525,0.0032123571776243674,0.031731728010055214,0.031731728010055214,0.0032123571776243674
heatmap,rabi,sideband,19,4,1.04,-1.6000000000000001,0,0.94605811484854108,0.0023490139663086187,0.025796435592575197,0.025796435592575197,0.0023490139663086187
heatmap,rabi,sideband,20,4,1.0533333333333332,-1.6000000000000001,0,0.95752165795625976,0.0017670819408414299,0.020355630051449455,0.020355630051449455,0.0017670819408414299
heatmap,rabi,sideband,21,4,1.0666666666666667,-1.6000000000000001,0,0.96762765380546767,0.0013994607766747078,0.01548644270892887,0.01548644270892887,0.0013994607766747078
heatmap,rabi,sideband,22,4,1.0800000000000001,-1.6000000000000001,0,0.97630550519747095,0.0011875025406553111,0.011253496130936885,0.011253496130936885,0.0011875025406553111
heatmap,rabi,sideband,23,4,1.0933333333333333,-1.6000000000000001,0,0.9835021860232197,0.0010822496457744491,0.0077077821655029263,0.0077077821655029263,0.0010822496457744491
heatmap,rabi,sideband,24,4,1.1066666666666667,-1.6000000000000001,0,0.98918273761480746,0.0010452125889026834,0.0048860248981448902,0.0048860248981448902,0.0010452125889026834
heatmap,rabi,sideband,25,4,1.1200000000000001,-1.6000000000000001,0,0.99333027203827928,0.0010487040080294668,0.0028105119768456607,0.0028105119768456607,0.0010487040080294668
heatmap,rabi,sideband,26,4,1.1333333333333333,-1.6000000000000001,0,0.99594552784061996,0.0010757570745401164,0.0014893575424199633,0.0014893575424199633,0.0010757570745401164
heatmap,rabi,sideband,27,4,1.1466666666666667,-1.6000000000000001,0,0.99704602104508921,0.0011196774395109514,0.0009171507576999369,0.0009171507576999369,0.0011196774395109514
heatmap,rabi,sideband,28,4,1.1599999999999999,-1.6000000000000001,0,0.99666485631835544,0.0011832802831058084,0.0010759316992694327,0.0010759316992694327,0.0011832802831058084
heatmap,rabi,sideband,29,4,1.1733333333333333,-1.6000000000000001,0,0.99484926479044866,0.0012778744050505656,0.0019364304022503362,0.0019364304022503362,0.0012778744050505656
heatmap,rabi,sideband,30,4,1.1866666666666668,-1.6000000000000001,0,0.99165893463398047,0.0014220582450622397,0.0034595035604786419,0.0034595035604786419,0.0014220582450622397
heatmap,rabi,sideband,31,4,1.2,-1.6000000000000001,0,0.98716420492675172,0.0016403866264790518,0.0055977042233846756,0.0055977042233846756,0.0016403866264790518
heatmap,rabi,sideband,1,5,0.80000000000000004,-1.4666666666666666,0,0.56064280725369053,0.16709234120757022,0.1361324257693696,0.1361324257693696,0.16709234120757022
heatmap,rabi,sideband,2,5,0.81333333333333335,-1.4666666666666666,0,0.5702032817613305,0.15644811225432356,0.13667430299217301,0.13667430299217301,0.15644811225432356
heatmap,rabi,sideband,3,5,0.82666666666666666,-1.4666666666666666,0,0.58027834839265557,0.146734818496254,0.1364934165555452,0.1364934165555452,0.146734818496254
heatmap,rabi,sideband,4,5,0.83999999999999997,-1.4666666666666666,0,0.59094595812533457,0.13814515246401146,0.13545444470532703,0.13545444470532703,0.13814515246401146
heatmap,rabi,sideband,5,5,0.85333333333333339,-1.4666666666666666,0,0.60225589409912772,0.13084053548572,0.1334517852075762,0.1334517852075762,0.13084053548572
heatmap,rabi,sideband,6,5,0.8666666666666667,-1.4666666666666666,0,0.61422303517688925,0.124943339342467,0.13041681274032191,0.13041681274032191,0.124943339342467
heatmap,rabi,sideband,7,5,0.88,-1.4666666666666666,0,0.62682285505947133,0.12053139632888887,0.12632287430581993,0.12632287430581993,0.12053139632888887
heatmap,rabi,sideband,8,5,0.89333333333333331,-1.4666666666666666,0,0.63998944201100672,0.11763511855280644,0.1211877197180934,0.1211877197180934,0.11763511855280644
heatmap,rabi,sideband,9,5,0.90666666666666662,-1.4666666666666666,0,0.65361612248543877,0.11623732045719185,0.11507327852868467,0.11507327852868467,0.11623732045719185
heatmap,rabi,sideband,10,5,0.92000000000000004,-1.4666666666666666,0,0.66755858885452146,0.11627563007966964,0.1080828905329044,0.1080828905329044,0.11627563007966964
heatmap,rabi,sideband,11,5,0.93333333333333335,-1.4666666666666666,0,0.68164024522059419,0.11764722531657994,0.10035626473141292,0.10035626473141292,0.11764722531657994
heatmap,rabi,sideband,12,5,0.94666666666666666,-1.4666666666666666,0,0.6956593376141198,0.12021545812015547,0.092062602132862353,0.092062602132862353,0.12021545812015547
heatmap,rabi,sideband,13,5,0.95999999999999996,-1.4666666666666666,0,0.70939733660470283,0.12381785298827432,0.083392405203511419,0.083392405203511419,0.12381785298827432
heatmap,rabi,sideband,14,5,0.97333333333333338,-1.4666666666666666,0,0.72262800924815984,0.12827488456484054,0.074548553093499836,0.074548553093499836,0.12827488456484054
heatmap,rabi,sideband,15,5,0.98666666666666669,-1.4666666666666666,0,0.73512658333195502,0.1333989634968378,0.065737226585603589,0.065737226585603589,0.1333989634968378
heatmap,rabi,sideband,16,5,1,-1.4666666666666666,0,0.74667845492980234,0.13900307178573179,0.057159236642232901,0.057159236642232901,0.13900307178573179
heatmap,rabi,sideband,17,5,1.0133333333333334,-1.4666666666666666,0,0.75708698340015179,0.14490857915516442,0.049002218722341853,0.049002218722341853,0.14490857915516442
heatmap,rabi,sideband,18,5,1.0266666666666666,-1.4666666666666666,0,0.76617998702179113,0.15095184860107089,0.041434082188568956,0.041434082188568956,0.15095184860107089
heatmap,rabi,sideband,19,5,1.04,-1.4666666666666666,0,0.77381469025591287,0.15698941048928364,0.034597949627401751,0.034597949627401751,0.15698941048928364
heatmap,rabi,sideband,20,5,1.0533333333333332,-1.4666666666666666,0,0.77988099861913718,0.16290150913021245,0.028608746125325206,0.028608746125325206,0.16290150913021245
heatmap,rabi,sideband,21,5,1.0666666666666667,-1.4666666666666666,0,0.78430308618184275,0.16859405617467071,0.023551428821743242,0.023551428821743242,0.16859405617467071
heatmap,rabi,sideband,22,5,1.0800000000000001,-1.4666666666666666,0,0.78703938458658207,0.17399905060397045,0.019480782404723732,0.019480782404723732,0.17399905060397045
heatmap,rabi,sideband,23,5,1.0933333333333333,-1.4666666666666666,0,0.78808116378176951,0.1790736425210514,0.016422596848589509,0.016422596848589509,0.1790736425210514
heatmap,rabi,sideband,24,5,1.1066666666666667,-1.4666666666666666,0,0.78744994615770036,0.18379808735449749,0.014375983243901061,0.014375983243901061,0.18379808735449749
heatmap,rabi,sideband,25,5,1.1200000000000001,-1.4666666666666666,0,0.78519404608207422,0.18817285348730045,0.013316550215312683,0.013316550215312683,0.18817285348730045
heatmap,rabi,sideband,26,5,1.1333333333333333,-1.4666666666666666,0,0.78138452498650768,0.19221518976403579,0.013200142624728189,0.013200142624728189,0.19221518976403579
heatmap,rabi,sideband,27,5,1.1466666666666667,-1.4666666666666666,0,0.77611086434059662,0.19595543110408425,0.013966852277659631,0.013966852277659631,0.19595543110408425
heatmap,rabi,sideband,28,5,1.1599999999999999,-1.4666666666666666,0,0.769476626649789,0.19943329894388256,0.01554503720316424,0.01554503720316424,0.19943329894388256
heatmap,rabi,sideband,29,5,1.1733333333333333,-1.4666666666666666,0,0.76159531256250956,0.20269442459995396,0.017855131418768259,0.017855131418768259,0.20269442459995396
heatmap,rabi,sideband,30,5,1.1866666666666668,-1.4666666666666666,0,0.7525866141518458,0.20578725150651808,0.020813067170818038,0.020813067170818038,0.20578725150651808
heatmap,rabi,sideband,31,5,1.2,-1.4666666666666666,0,0.74257317060242845,0.20876044032345581,0.02433319453705789,0.02433319453705789,0.20876044032345581
heatmap,rabi,sideband,1,6,0.80000000000000004,-1.3333333333333333,0,0.42991344616194194,0.28611341995397854,0.14198656694203979,0.14198656694203979,0.28611341995397854
heatmap,rabi,sideband,2,6,0.81333333333333335,-1.3333333333333333,0,0.42665312495332469,0.27875301945559472,0.14729692779554027,0.14729692779554027,0.27875301945559472
heatmap,rabi,sideband,3,6,0.82666666666666666,-1.3333333333333333,0,0.423142448424143,0.27192754856107482,0.15246500150739109,0.15246500150739109,0.27192754856107482
heatmap,rabi,sideband,4,6,0.83999999999999997,-1.3333333333333333,0,0.41963477210380401,0.26596888388814166,0.15719817200402714,0.15719817200402714,0.26596888388814166
heatmap,rabi,sideband,5,6,0.85333333333333339,-1.3333333333333333,0,0.41639017943639844,0.26120938532567073,0.16120021761896541,0.16120021761896541,0.26120938532567073
heatmap,rabi,sideband,6,6,0.8666666666666667,-1.3333333333333333,0,0.4136586557101134,0.25796402089103743,0.16418866169942456,0.16418866169942456,0.25796402089103743
heatmap,rabi,sideband,7,6,0.88,-1.3333333333333333,0,0.41166357380289631,0.25651281492136818,0.16591180563786775,0.16591180563786775,0.25651281492136818
heatmap,rabi,sideband,8,6,0.89333333333333331,-1.3333333333333333,0,0.4105866193467313,0.25708490106313969,0.16616423979506451,0.16616423979506451,0.25708490106313969
heatmap,rabi,sideband,9,6,0.90666666666666662,-1.3333333333333333,0,0.41055524479706296,0.25984515901030408,0.16479979809631645,0.16479979809631645,0.25984515901030408
heatmap,rabi,sideband,10,6,0.92000000000000004,-1.3333333333333333,0,0.41163342977780365,0.26488439354966165,0.16174108833626738,0.16174108833626738,0.26488439354966165
heatmap,rabi,sideband,11,6,0.93333333333333335,-1.3333333333333333,0,0.41381640183382573,0.27221350427939911,0.15698504694338763,0.15698504694338763,0.27221350427939911
heatmap,rabi,sideband,12,6,0.94666666666666666,-1.3333333333333333,0,0.41702954089284267,0.28176210448679556,0.15060417731018094,0.15060417731018094,0.28176210448679556
heatmap,rabi,sideband,13,6,0.95999999999999996,-1.3333333333333333,0,0.42113151598127568,0.29338143667924771,0.14274352366973836,0.14274352366973836,0.29338143667924771
heatmap,rabi,sideband,14,6,0.97333333333333338,-1.3333333333333333,0,0.42592132480957162,0.30685139995788552,0.13361363761627143,0.13361363761627143,0.30685139995788552
heatmap,rabi,sideband,15,6,0.98666666666666669,-1.3333333333333333,0,0.43114871426047213,0.32189109396999338,0.12348009588476722,0.12348009588476722,0.32189109396999338
heatmap,rabi,sideband,16,6,1,-1.3333333333333333,0,0.43652724305717699,0.33817215436534337,0.11265030128873985,0.11265030128873985,0.33817215436534337
heatmap,rabi,sideband,17,6,1.0133333333333334,-1.3333333333333333,0,0.44174909349929098,0.35533399794107506,0.10145845427981699,0.10145845427981699,0.35533399794107506
heatmap,rabi,sideband,18,6,1.0266666666666666,-1.3333333333333333,0,0.44650072677692049,0.37300002684474987,0.090249623189164796,0.090249623189164796,0.37300002684474987
heatmap,rabi,sideband,19,6,1.04,-1.3333333333333333,0,0.45047839751717839,0.39079383289770897,0.079363884792556294,0.079363884792556294,0.39079383289770897
heatmap,rabi,sideband,20,6,1.0533333333333332,-1.3333333333333333,0,0.45340267576650428,0.40835452102246528,0.069121401605515234,0.069121401605515234,0.40835452102246528
heatmap,rabi,sideband,21,6,1.0666666666666667,-1.3333333333333333,0,0.455031186384388,0.42535034266721006,0.059809235474201014,0.059809235474201014,0.42535034266721006
heatmap,rabi,sideband,22,6,1.0800000000000001,-1.3333333333333333,0,0.45516895807335511,0.44149003801212811,0.051670501957258426,0.051670501957258426,0.44149003801212811
heatmap,rabi,sideband,23,6,1.0933333333333333,-1.3333333333333333,0,0.45367594755486068,0.4565314105403494,0.044896320952394972,0.044896320952394972,0.4565314105403494
heatmap,rabi,sideband,24,6,1.1066666666666667,-1.3333333333333333,0,0.4504714996466731,0.47028689963976095,0.039620800356782962,0.039620800356782962,0.47028689963976095
heatmap,rabi,sideband,25,6,1.1200000000000001,-1.3333333333333333,0,0.44553569856090802,0.48262608441227317,0.035919108513409341,0.035919108513409341,0.48262608441227317
heatmap,rabi,sideband,26,6,1.1333333333333333,-1.3333333333333333,0,0.43890775220146289,0.49347523459652087,0.03380850660100812,0.03380850660100812,0.49347523459652087
heatmap,rabi,sideband,27,6,1.1466666666666667,-1.3333333333333333,0,0.43068170395995448,0.50281420262859122,0.033252046705727158,0.033252046705727158,0.50281420262859122
heatmap,rabi,sideband,28,6,1.1599999999999999,-1.3333333333333333,0,0.42099989549555716,0.5106710546118608,0.034164524946291019,0.034164524946291019,0.5106710546118608
heatmap,rabi,sideband,29,6,1.1733333333333333,-1.3333333333333333,0,0.41004469926963544,0.5171149424183481,0.03642017915600828,0.03642017915600828,0.5171149424183481
heatmap,rabi,sideband,30,6,1.1866666666666668,-1.3333333333333333,0,0.39802907946105354,0.52224777233482311,0.039861574102061668,0.039861574102061668,0.52224777233482311
heatmap,rabi,sideband,31,6,1.2,-1.3333333333333333,0,0.38518656735774914,0.5261952362603376,0.044309098190956693,0.044309098190956693,0.5261952362603376
heatmap,rabi,sideband,1,7,0.80000000000000004,-1.2,0,0.39099080703836758,0.37833297995028992,0.11533810650567126,0.11533810650567126,0.37833297995028992
heatmap,rabi,sideband,2,7,0.81333333333333335,-1.2,0,0.38741171958900861,0.37655204591108216,0.1180181172499546,0.1180181172499546,0.37655204591108216
heatmap,rabi,sideband,3,7,0.82666666666666666,-1.2,0,0.38301002738134277,0.37450093175485921,0.12124452043189898,0.12124452043189898,0.37450093175485921
heatmap,rabi,sideband,4,7,0.83999999999999997,-1.2,0,0.37781831256196791,0.37225734906336239,0.1249621691873349,0.1249621691873349,0.37225734906336239
heatmap,rabi,sideband,5,7,0.85333333333333339,-1.2,0,0.37189577911981797,0.36992202670329999,0.12909109708844102,0.12909109708844102,0.36992202670329999
heatmap,rabi,sideband,6,7,0.8666666666666667,-1.2,0,0.36532767813616318,0.36761723246841366,0.13352754469771153,0.13352754469771153,0.36761723246841366
heatmap,rabi,sideband,7,7,0.88,-1.2,0,0.35822322365094794,0.36548380072175379,0.13814648781364913,0.13814648781364913,0.36548380072175379
heatmap,rabi,sideband,8,7,0.89333333333333331,-1.2,0,0.35071205142455769,0.36367673445026727,0.14280560706258758,0.14280560706258758,0.36367673445026727
heatmap,rabi,sideband,9,7,0.90666666666666662,-1.2,0,0.34293939423228459,0.36235957954713294,0.14735051311029129,0.14735051311029129,0.36235957954713294
heatmap,rabi,sideband,10,7,0.92000000000000004,-1.2,0,0.33506025768380449,0.36169785966067936,0.15162094132775805,0.15162094132775805,0.36169785966067936
heatmap,rabi,sideband,11,7,0.93333333333333335,-1.2,0,0.32723292576129692,0.36185192531326021,0.1554575744627214,0.1554575744627214,0.36185192531326021
heatmap,rabi,sideband,12,7,0.94666666666666666,-1.2,0,0.31961220444141614,0.36296962478682088,0.15870908538588147,0.15870908538588147,0.36296962478682088
heatmap,rabi,sideband,13,7,0.95999999999999996,-1.2,0,0.3123427992818113,0.36517922106937312,0.16123898982440779,0.16123898982440779,0.36517922106937312
heatmap,rabi,sideband,14,7,0.97333333333333338,-1.2,0,0.30555322982212452,0.36858294501280031,0.16293191258253759,0.16293191258253759,0.36858294501280031
heatmap,rabi,sideband,15,7,0.98666666666666669,-1.2,0,0.29935061820655862,0.37325159057899981,0.16369889560722081,0.16369889560722081,0.37325159057899981
heatmap,rabi,sideband,16,7,1,-1.2,0,0.2938166827066408,0.37922037536695685,0.1634814709632012,0.1634814709632012,0.37922037536695685
heatmap,rabi,sideband,17,7,1.0133333333333334,-1.2,0,0.28900509417209247,0.38648636103125561,0.16225427239832602,0.16225427239832602,0.38648636103125561
heatmap,rabi,sideband,18,7,1.0266666666666666,-1.2,0,0.28494035834494902,0.39500749931797779,0.16002607116853662,0.16002607116853662,0.39500749931797779
heatmap,rabi,sideband,19,7,1.04,-1.2,0,0.28161821923152203,0.40470335945968761,0.15683921065439513,0.15683921065439513,0.40470335945968761
heatmap,rabi,sideband,20,7,1.0533333333333332,-1.2,0,0.27900754231196101,0.41545745486203173,0.15276750141300366,0.15276750141300366,0.41545745486203173
heatmap,rabi,sideband,21,7,1.0666666666666667,-1.2,0,0.27705348823242648,0.42712101403169278,0.14791274886794042,0.14791274886794042,0.42712101403169278
heatmap,rabi,sideband,22,7,1.0800000000000001,-1.2,0,0.27568180996733993,0.43951797857029568,0.14240010573118214,0.14240010573118214,0.43951797857029568
heatmap,rabi,sideband,23,7,1.0933333333333333,-1.2,0,0.27480393549352033,0.4524509283050378,0.13637256810072096,0.13637256810072096,0.4524509283050378
heatmap,rabi,sideband,24,7,1.1066666666666667,-1.2,0,0.27432259267462994,0.46570765157898725,0.12998487787319143,0.12998487787319143,0.46570765157898725
heatmap,rabi,sideband,25,7,1.1200000000000001,-1.2,0,0.27413760141076127,0.47906797731655082,0.12339721063634396,0.12339721063634396,0.47906797731655082
heatmap,rabi,sideband,26,7,1.1333333333333333,-1.2,0,0.27415155424858639,0.49231060207162497,0.11676892183989435,0.11676892183989435,0.49231060207162497
heatmap,rabi,sideband,27,7,1.1466666666666667,-1.2,0,0.27427507458724304,0.50521954443629102,0.11025269048823294,0.11025269048823294,0.50521954443629102
heatmap,rabi,sideband,28,7,1.1599999999999999,-1.2,0,0.27443140641149605,0.51759002165658774,0.10398928596595809,0.10398928596595809,0.51759002165658774
heatmap,rabi,sideband,29,7,1.1733333333333333,-1.2,0,0.27456014244324051,0.52923347316140479,0.098103192197677394,0.098103192197677394,0.52923347316140479
heatmap,rabi,sideband,30,7,1.1866666666666668,-1.2,0,0.27461991735289409,0.53998161632498487,0.092699233161060504,0.092699233161060504,0.53998161632498487
heatmap,rabi,sideband,31,7,1.2,-1.2,0,0.27459002554554318,0.54968940501320318,0.087860284720626763,0.087860284720626763,0.54968940501320318
heatmap,rabi,sideband,1,8,0.80000000000000004,-1.0666666666666667,0,0.40001273570926049,0.40262493522833914,0.098681164531200238,0.098681164531200238,0.40262493522833914
heatmap,rabi,sideband,2,8,0.81333333333333335,-1.0666666666666667,0,0.39954443523101402,0.40272517181482087,0.098865196477082543,0.098865196477082543,0.40272517181482087
heatmap,rabi,sideband,3,8,0.82666666666666666,-1.0666666666666667,0,0.39851547389509051,0.40239813458525192,0.099543195759828756,0.099543195759828756,0.40239813458525192
heatmap,rabi,sideband,4,8,0.83999999999999997,-1.0666666666666667,0,0.39696744900599951,0.40170112203662744,0.10066571447868655,0.10066571447868655,0.40170112203662744
heatmap,rabi,sideband,5,8,0.85333333333333339,-1.0666666666666667,0,0.3949484855335863,0.4006983398292519,0.10217658731858095,0.10217658731858095,0.4006983398292519
heatmap,rabi,sideband,6,8,0.8666666666666667,-1.0666666666666667,0,0.3925103856430372,0.39945786776925246,0.10401587329385513,0.10401587329385513,0.39945786776925246
heatmap,rabi,sideband,7,8,0.88,-1.0666666666666667,0,0.38970623848031072,0.39804907666094619,0.10612234242937156,0.10612234242937156,0.39804907666094619
heatmap,rabi,sideband,8,8,0.89333333333333331,-1.0666666666666667,0,0.38658853785451358,0.39654053782683868,0.10843546215932384,0.10843546215932384,0.39654053782683868
heatmap,rabi,sideband,9,8,0.90666666666666662,-1.0666666666666667,0,0.38320780618638983,0.39499841182765116,0.11089689099297953,0.11089689099297953,0.39499841182765116
heatmap,rabi,sideband,10,8,0.92000000000000004,-1.0666666666666667,0,0.37961168246595595,0.39348529340228394,0.11345151206588,0.11345151206588,0.39348529340228394
heatmap,rabi,sideband,11,8,0.93333333333333335,-1.0666666666666667,0,0.37584439503779526,0.39205944593592612,0.11604807951313935,0.11604807951313935,0.39205944593592612
heatmap,rabi,sideband,12,8,0.94666666666666666,-1.0666666666666667,0,0.37194657655727853,0.39077434109343856,0.11863954117464144,0.11863954117464144,0.39077434109343856
heatmap,rabi,sideband,13,8,0.95999999999999996,-1.0666666666666667,0,0.36795529548227091,0.389678430898664,0.12118313680953255,0.12118313680953255,0.389678430898664
heatmap,rabi,sideband,14,8,0.97333333333333338,-1.0666666666666667,0,0.36390424151729378,0.38881506890586182,0.1236403447884222,0.1236403447884222,0.38881506890586182
heatmap,rabi,sideband,15,8,0.98666666666666669,-1.0666666666666667,0,0.35982398404179283,0.38822250182307294,0.12597675706756711,0.12597675706756711,0.38822250182307294
heatmap,rabi,sideband,16,8,1,-1.0666666666666667,0,0.35574224193536091,0.38793387893415504,0.12816193956524202,0.12816193956524202,0.38793387893415504
heatmap,rabi,sideband,17,8,1.0133333333333334,-1.0666666666666667,0,0.35168411861870835,0.38797723534110251,0.13016932302009457,0.13016932302009457,0.38797723534110251
heatmap,rabi,sideband,18,8,1.0266666666666666,-1.0666666666666667,0,0.34767226806216789,0.38837541739752912,0.1319761572701515,0.1319761572701515,0.38837541739752912
heatmap,rabi,sideband,19,8,1.04,-1.0666666666666667,0,0.34372698079201364,0.3891459503518927,0.1335635344280468,0.1335635344280468,0.3891459503518927
heatmap,rabi,sideband,20,8,1.0533333333333332,-1.0666666666666667,0,0.33986620254372113,0.39030084722687225,0.13491647511470331,0.13491647511470331,0.39030084722687225
heatmap,rabi,sideband,21,8,1.0666666666666667,-1.0666666666666667,0,0.33610548363160514,0.39184637728823002,0.13602406954008242,0.13602406954008242,0.39184637728823002
heatmap,rabi,sideband,22,8,1.0800000000000001,-1.0666666666666667,0,0.33245789566675771,0.39378282909373208,0.13687963761975511,0.13687963761975511,0.39378282909373208
heatmap,rabi,sideband,23,8,1.0933333333333333,-1.0666666666666667,0,0.32893393937753734,0.39610429413647014,0.13748088324299629,0.13748088324299629,0.39610429413647014
heatmap,rabi,sideband,24,8,1.1066666666666667,-1.0666666666666667,0,0.32554148441374731,0.39879850553277135,0.13783000502674064,0.13783000502674064,0.39879850553277135
heatmap,rabi,sideband,25,8,1.1200000000000001,-1.0666666666666667,0,0.32228576188834235,0.40184677204439162,0.13793373303363304,0.13793373303363304,0.40184677204439162
heatmap,rabi,sideband,26,8,1.1333333333333333,-1.0666666666666667,0,0.31916944101693645,0.40522403154091197,0.13780326372107585,0.13780326372107585,0.40522403154091197
heatmap,rabi,sideband,27,8,1.1466666666666667,-1.0666666666666667,0,0.31619281038826674,0.40889904906137819,0.1374540702751775,0.1374540702751775,0.40889904906137819
heatmap,rabi,sideband,28,8,1.1599999999999999,-1.0666666666666667,0,0.31335408374211532,0.41283476414810449,0.13690557605489009,0.13690557605489009,0.41283476414810449
heatmap,rabi,sideband,29,8,1.1733333333333333,-1.0666666666666667,0,0.31064981211267484,0.41698880483417111,0.13618069152657705,0.13618069152657705,0.41698880483417111
heatmap,rabi,sideband,30,8,1.1866666666666668,-1.0666666666666667,0,0.30807542030406831,0.42131415467820515,0.13530521250886324,0.13530521250886324,0.42131415467820515
heatmap,rabi,sideband,31,8,1.2,-1.0666666666666667,0,0.30562583936861321,0.42575995657309745,0.13430710202914467,0.13430710202914467,0.42575995657309745
heatmap,rabi,sideband,1,9,0.80000000000000004,-0.93333333333333335,0,0.40603985852294444,0.40467732731969397,0.094641407078680795,0.094641407078680795,0.40467732731969397
heatmap,rabi,sideband,2,9,0.81333333333333335,-0.93333333333333335,0,0.4095269634718679,0.40798000204515655,0.09124651724148769,0.09124651724148769,0.40798000204515655
heatmap,rabi,sideband,3,9,0.82666666666666666,-0.93333333333333335,0,0.41219380378004222,0.41045959355995038,0.088673301330003701,0.088673301330003701,0.41045959355995038
heatmap,rabi,sideband,4,9,0.83999999999999997,-0.93333333333333335,0,0.41402386982001138,0.41209954688823747,0.086938291645875521,0.086938291645875521,0.41209954688823747
heatmap,rabi,sideband,5,9,0.85333333333333339,-0.93333333333333335,0,0.4150279906223725,0.41291077845993091,0.086030615458848339,0.086030615458848339,0.41291077845993091
heatmap,rabi,sideband,6,9,0.8666666666666667,-0.93333333333333335,0,0.41524141503484263,0.41292874941904167,0.085914917773057806,0.085914917773057806,0.41292874941904167
heatmap,rabi,sideband,7,9,0.88,-0.93333333333333335,0,0.41472028469480443,0.4122099142252767,0.086534900539959436,0.086534900539959436,0.4122099142252767
heatmap,rabi,sideband,8,9,0.89333333333333331,-0.93333333333333335,0,0.41353768331845947,0.41082777748409782,0.087817269598721423,0.087817269598721423,0.41082777748409782
heatmap,rabi,sideband,9,9,0.90666666666666662,-0.93333333333333335,0,0.41177951657388778,0.40886873984670069,0.089675871789705749,0.089675871789705749,0.40886873984670069
heatmap,rabi,sideband,10,9,0.92000000000000004,-0.93333333333333335,0,0.4095403356244085,0.40642794893872908,0.092015857718431251,0.092015857718431251,0.40642794893872908
heatmap,rabi,sideband,11,9,0.93333333333333335,-0.93333333333333335,0,0.40691936418757757,0.40360529507985243,0.094737670366284971,0.094737670366284971,0.40360529507985243
heatmap,rabi,sideband,12,9,0.94666666666666666,-0.93333333333333335,0,0.40401677254329782,0.40050170195885881,0.09774076274892167,0.09774076274892167,0.40050170195885881
heatmap,rabi,sideband,13,9,0.95999999999999996,-0.93333333333333335,0,0.4009303854072776,0.39721582119576337,0.10092689669847948,0.10092689669847948,0.39721582119576337
heatmap,rabi,sideband,14,9,0.97333333333333338,-0.93333333333333335,0,0.39775283340132456,0.39384120164301095,0.10420298247783223,0.10420298247783223,0.39384120164301095
heatmap,rabi,sideband,15,9,0.98666666666666669,-0.93333333333333335,0,0.39456925003247878,0.39046398545922711,0.10748338225414709,0.10748338225414709,0.39046398545922711
heatmap,rabi,sideband,16,9,1,-0.93333333333333335,0,0.39145550567032816,0.38716114675676222,0.11069167378645479,0.11069167378645479,0.38716114675676222
heatmap,rabi,sideband,17,9,1.0133333333333334,-0.93333333333333335,0,0.38847697667386083,0.38399928133753408,0.11376187099430254,0.11376187099430254,0.38399928133753408
heatmap,rabi,sideband,18,9,1.0266666666666666,-0.93333333333333335,0,0.38568783715705618,0.381033895253443,0.11663913379475048,0.11663913379475048,0.381033895253443
heatmap,rabi,sideband,19,9,1.04,-0.93333333333333335,0,0.38313081296193313,0.37830919145995395,0.1192799977890564,0.1192799977890564,0.37830919145995395
heatmap,rabi,sideband,20,9,1.0533333333333332,-0.93333333333333335,0,0.380837362841983,0.37585824169058135,0.12165219773371781,0.12165219773371781,0.37585824169058135
heatmap,rabi,sideband,21,9,1.0666666666666667,-0.93333333333333335,0,0.37882820351787849,0.37370355069389261,0.12373412289411448,0.12373412289411448,0.37370355069389261
heatmap,rabi,sideband,22,9,1.0800000000000001,-0.93333333333333335,0,0.37711412800721655,0.3718578700729343,0.12551400095992454,0.12551400095992454,0.3718578700729343
heatmap,rabi,sideband,23,9,1.0933333333333333,-0.93333333333333335,0,0.37569702884242778,0.3703252509495753,0.12698886010399843,0.12698886010399843,0.3703252509495753
heatmap,rabi,sideband,24,9,1.1066666666666667,-0.93333333333333335,0,0.37457107371866372,0.36910222934418707,0.12816334846857461,0.12816334846857461,0.36910222934418707
heatmap,rabi,sideband,25,9,1.1200000000000001,-0.93333333333333335,0,0.37372395940647452,0.36817909337419374,0.1290484736096659,0.1290484736096659,0.36817909337419374
heatmap,rabi,sideband,26,9,1.1333333333333333,-0.93333333333333335,0,0.37313818781001473,0.36754117744676795,0.12966031737160863,0.12966031737160863,0.36754117744676795
heatmap,rabi,sideband,27,9,1.1466666666666667,-0.93333333333333335,0,0.37279231493914694,0.36717011902220287,0.1300187830193251,0.1300187830193251,0.36717011902220287
heatmap,rabi,sideband,28,9,1.1599999999999999,-0.93333333333333335,0,0.372662126122214,0.36704504650172332,0.13014641368803137,0.13014641368803137,0.36704504650172332
heatmap,rabi,sideband,29,9,1.1733333333333333,-0.93333333333333335,0,0.37272171184265701,0.36714366199684262,0.13006731308025021,0.13006731308025021,0.36714366199684262
heatmap,rabi,sideband,30,9,1.1866666666666668,-0.93333333333333335,0,0.37294441403235307,0.36744319217548982,0.12980619689607853,0.12980619689607853,0.36744319217548982
heatmap,rabi,sideband,31,9,1.2,-0.93333333333333335,0,0.37330362948569096,0.36792119320455302,0.12938758865487798,0.12938758865487798,0.36792119320455302
heatmap,rabi,sideband,1,10,0.80000000000000004,-0.80000000000000004,0,0.39857193829885862,0.39850668879390599,0.10146068645361771,0.10146068645361771,0.39850668879390599
heatmap,rabi,sideband,2,10,0.81333333333333335,-0.80000000000000004,0,0.40432398390843455,0.40422608770449353,0.095724964193535975,0.095724964193535975,0.40422608770449353
heatmap,rabi,sideband,3,10,0.82666666666666666,-0.80000000000000004,0,0.40945359300148304,0.4093433075622015,0.090601549718157759,0.090601549718157759,0.4093433075622015
heatmap,rabi,sideband,4,10,0.83999999999999997,-0.80000000000000004,0,0.41386686703424869,0.41376055005057011,0.086186291457590616,0.086186291457590616,0.41376055005057011
heatmap,rabi,sideband,5,10,0.85333333333333339,-0.80000000000000004,0,0.41749040825114886,0.41740085166856522,0.082554370040143002,0.082554370040143002,0.41740085166856522
heatmap,rabi,sideband,6,10,0.8666666666666667,-0.80000000000000004,0,0.4202724680841608,0.42020922042259978,0.079759155746619695,0.079759155746619695,0.42020922042259978
heatmap,rabi,sideband,7,10,0.88,-0.80000000000000004,0,0.42218338194119054,0.42215304637129281,0.077831785843758314,0.077831785843758314,0.42215304637129281
heatmap,rabi,sideband,8,10,0.89333333333333331,-0.80000000000000004,0,0.42321530576073041,0.42322182230293698,0.076781435968166306,0.076781435968166306,0.42322182230293698
heatmap,rabi,sideband,9,10,0.90666666666666662,-0.80000000000000004,0,0.42338133233755887,0.42342623798521828,0.07659621483861144,0.07659621483861144,0.42342623798521828
heatmap,rabi,sideband,10,10,0.92000000000000004,-0.80000000000000004,0,0.42271405115526706,0.42279672193180068,0.077244613456466146,0.077244613456466146,0.42279672193180068
heatmap,rabi,sideband,11,10,0.93333333333333335,-0.80000000000000004,0,0.42126364343204042,0.42138152340568141,0.078677416581139067,0.078677416581139067,0.42138152340568141
heatmap,rabi,sideband,12,10,0.94666666666666666,-0.80000000000000004,0,0.419095608182668,0.41924440748127134,0.080829992168030371,0.080829992168030371,0.41924440748127134
heatmap,rabi,sideband,13,10,0.95999999999999996,-0.80000000000000004,0,0.41628821158203028,0.41646209690869374,0.08362484575463798,0.08362484575463798,0.41646209690869374
heatmap,rabi,sideband,14,10,0.97333333333333338,-0.80000000000000004,0,0.41292976585349772,0.413121534041195,0.086974350052653623,0.086974350052653623,0.413121534041195
heatmap,rabi,sideband,15,10,0.98666666666666669,-0.80000000000000004,0,0.40911583196588341,0.40931705943850172,0.090783554297807448,0.090783554297807448,0.40931705943850172
heatmap,rabi,sideband,16,10,1,-0.80000000000000004,0,0.40494642322158769,0.40514761748047645,0.094952979648967914,0.094952979648967914,0.40514761748047645
heatmap,rabi,sideband,17,10,1.0133333333333334,-0.80000000000000004,0,0.40052331121696061,0.40071403673625972,0.099381326023389824,0.099381326023389824,0.40071403673625972
heatmap,rabi,sideband,18,10,1.0266666666666666,-0.80000000000000004,0,0.3959474847591728,0.39611648116143994,0.10396801703969365,0.10396801703969365,0.39611648116143994
heatmap,rabi,sideband,19,10,1.04,-0.80000000000000004,0,0.39131683196957989,0.39145212144286151,0.10861552329377931,0.10861552329377931,0.39145212144286151
heatmap,rabi,sideband,20,10,1.0533333333333332,-0.80000000000000004,0,0.38672408076155912,0.38681306543497473,0.1132314269017331,0.1132314269017331,0.38681306543497473
heatmap,rabi,sideband,21,10,1.0666666666666667,-0.80000000000000004,0,0.38225504376422492,0.38228459447718893,0.11773018087929307,0.11773018087929307,0.38228459447718893
heatmap,rabi,sideband,22,10,1.0800000000000001,-0.80000000000000004,0,0.37798717836526308,0.37794371503448981,0.12203455330012357,0.12203455330012357,0.37794371503448981
heatmap,rabi,sideband,23,10,1.0933333333333333,-0.80000000000000004,0,0.3739884777096999,0.37385804239213133,0.12607673994908442,0.12607673994908442,0.37385804239213133
heatmap,rabi,sideband,24,10,1.1066666666666667,-0.80000000000000004,0,0.37031668953510283,0.37008501199954913,0.12979914923267397,0.12979914923267397,0.37008501199954913
heatmap,rabi,sideband,25,10,1.1200000000000001,-0.80000000000000004,0,0.36701885762707925,0.36667141415932947,0.13315486410679564,0.13315486410679564,0.36667141415932947
heatmap,rabi,sideband,26,10,1.1333333333333333,-0.80000000000000004,0,0.36413115649309713,0.36365322278105888,0.13610781036292194,0.13610781036292194,0.36365322278105888
heatmap,rabi,sideband,27,10,1.1466666666666667,-0.80000000000000004,0,0.36167900805732023,0.36105570537957871,0.13863264328155056,0.13863264328155056,0.36105570537957871
heatmap,rabi,sideband,28,10,1.1599999999999999,-0.80000000000000004,0,0.35967744476106389,0.35889378019554957,0.14071438752169332,0.14071438752169332,0.35889378019554957
heatmap,rabi,sideband,29,10,1.1733333333333333,-0.80000000000000004,0,0.35813168385556476,0.35717258478630565,0.14234786567906477,0.14234786567906477,0.35717258478630565
heatmap,rabi,sideband,30,10,1.1866666666666668,-0.80000000000000004,0,0.35703787579338842,0.35588821773314983,0.14353695323673088,0.14353695323673088,0.35588821773314983
heatmap,rabi,sideband,31,10,1.2,-0.80000000000000004,0,0.35638400310437313,0.35502863367263698,0.14429368161149494,0.14429368161149494,0.35502863367263698
heatmap,rabi,sideband,1,11,0.80000000000000004,-0.66666666666666663,0,0.40912357007486566,0.40699494809345427,0.091940740915840022,0.091940740915840022,0.40699494809345427
heatmap,rabi,sideband,2,11,0.81333333333333335,-0.66666666666666663,0,0.413082505118472,0.41018960734917803,0.088363943766174957,0.088363943766174957,0.41018960734917803
heatmap,rabi,sideband,3,11,0.82666666666666666,-0.66666666666666663,0,0.41671937666440145,0.41319894169927296,0.085040840818162752,0.085040840818162752,0.41319894169927296
heatmap,rabi,sideband,4,11,0.83999999999999997,-0.66666666666666663,0,0.41997682674800857,0.4159545517700291,0.082034310740981137,0.082034310740981137,0.4159545517700291
heatmap,rabi,sideband,5,11,0.85333333333333339,-0.66666666666666663,0,0.4228022691749907,0.41839304580451314,0.079402342510248108,0.079402342510248108,0.41839304580451314
heatmap,rabi,sideband,6,11,0.8666666666666667,-0.66666666666666663,0,0.42514910410006873,0.42045734778033222,0.077196774059799494,0.077196774059799494,0.42045734778033222
heatmap,rabi,sideband,7,11,0.88,-0.66666666666666663,0,0.42697774648916281,0.42209780953050735,0.075462221990164891,0.075462221990164891,0.42209780953050735
heatmap,rabi,sideband,8,11,0.89333333333333331,-0.66666666666666663,0,0.42825648613585754,0.42327313498182129,0.074235189441160601,0.074235189441160601,0.42327313498182129
heatmap,rabi,sideband,9,11,0.90666666666666662,-0.66666666666666663,0,0.42896214616661066,0.42395108210194421,0.073543385865722496,0.073543385865722496,0.42395108210194421
heatmap,rabi,sideband,10,11,0.92000000000000004,-0.66666666666666663,0,0.42908052004310049,0.42410894577485375,0.073405267091022908,0.073405267091022908,0.42410894577485375
heatmap,rabi,sideband,11,11,0.93333333333333335,-0.66666666666666663,0,0.4286066079335894,0.42373381283291989,0.073829789616745384,0.073829789616745384,0.42373381283291989
heatmap,rabi,sideband,12,11,0.94666666666666666,-0.66666666666666663,0,0.42754463011223953,0.42282258838075482,0.074816390753502757,0.074816390753502757,0.42282258838075482
heatmap,rabi,sideband,13,11,0.95999999999999996,-0.66666666666666663,0,0.42590784172790153,0.4213818248494195,0.076355166711339503,0.076355166711339503,0.4213818248494195
heatmap,rabi,sideband,14,11,0.97333333333333338,-0.66666666666666663,0,0.42371815007405417,0.41942731507277908,0.07842726742658343,0.07842726742658343,0.41942731507277908
heatmap,rabi,sideband,15,11,0.98666666666666669,-0.66666666666666663,0,0.42100556730178412,0.41698355275020244,0.081005439974006707,0.081005439974006707,0.41698355275020244
heatmap,rabi,sideband,16,11,1,-0.66666666666666663,0,0.41780749815996071,0.4140829968564988,0.084054752491770232,0.084054752491770232,0.4140829968564988
heatmap,rabi,sideband,17,11,1.0133333333333334,-0.66666666666666663,0,0.41416790999331293,0.41076521446795577,0.087533437769365632,0.087533437769365632,0.41076521446795577
heatmap,rabi,sideband,18,11,1.0266666666666666,-0.66666666666666663,0,0.41013639543991143,0.40707592129157233,0.091393841634258052,0.091393841634258052,0.40707592129157233
heatmap,rabi,sideband,19,11,1.04,-0.66666666666666663,0,0.40576715950478082,0.4030659322972126,0.095583454099003234,0.095583454099003234,0.4030659322972126
heatmap,rabi,sideband,20,11,1.0533333333333332,-0.66666666666666663,0,0.40111795316375504,0.3987900713122135,0.10004598776201569,0.10004598776201569,0.3987900713122135
heatmap,rabi,sideband,21,11,1.0666666666666667,-0.66666666666666663,0,0.39624899029143412,0.39430604640949007,0.10472248164953794,0.10472248164953794,0.39430604640949007
heatmap,rabi,sideband,22,11,1.0800000000000001,-0.66666666666666663,0,0.39122186277249804,0.3896733311245632,0.10955240305146938,0.10955240305146938,0.3896733311245632
heatmap,rabi,sideband,23,11,1.0933333333333333,-0.66666666666666663,0,0.3860984847157593,0.38495206786035918,0.11447472371194073,0.11447472371194073,0.38495206786035918
heatmap,rabi,sideband,24,11,1.1066666666666667,-0.66666666666666663,0,0.38094008016432718,0.3802020235689868,0.11942894813334304,0.11942894813334304,0.3802020235689868
heatmap,rabi,sideband,25,11,1.1200000000000001,-0.66666666666666663,0,0.37580624246793382,0.37548160403075725,0.12435607675065445,0.12435607675065445,0.37548160403075725
heatmap,rabi,sideband,26,11,1.1333333333333333,-0.66666666666666663,0,0.37075406811447309,0.37084695746139845,0.1291994872120642,0.1291994872120642,0.37084695746139845
heatmap,rabi,sideband,27,11,1.1466666666666667,-0.66666666666666663,0,0.3658373865201896,0.36635116623992436,0.1339057236199431,0.1339057236199431,0.36635116623992436
heatmap,rabi,sideband,28,11,1.1599999999999999,-0.66666666666666663,0,0.36110609856608844,0.36204355160707224,0.13842517491341966,0.13842517491341966,0.36204355160707224
heatmap,rabi,sideband,29,11,1.1733333333333333,-0.66666666666666663,0,0.35660561819806424,0.35796908225956464,0.14271264977118561,0.14271264977118561,0.35796908225956464
heatmap,rabi,sideband,30,11,1.1866666666666668,-0.66666666666666663,0,0.35237643435910576,0.35416790560229738,0.14672783001929846,0.14672783001929846,0.35416790560229738
heatmap,rabi,sideband,31,11,1.2,-0.66666666666666663,0,0.34845378086900641,0.35067498595335383,0.1504356165888199,0.1504356165888199,0.35067498595335383
heatmap,rabi,sideband,1,12,0.80000000000000004,-0.53333333333333333,0,0.37965379692474732,0.39111111470530568,0.11461754418497354,0.11461754418497354,0.39111111470530568
heatmap,rabi,sideband,2,12,0.81333333333333335,-0.53333333333333333,0,0.38274027411373202,0.38885654186163138,0.11420159201231828,0.11420159201231828,0.38885654186163138
heatmap,rabi,sideband,3,12,0.82666666666666666,-0.53333333333333333,0,0.38552701665848238,0.3867100573462417,0.11388146299763793,0.11388146299763793,0.3867100573462417
heatmap,rabi,sideband,4,12,0.83999999999999997,-0.53333333333333333,0,0.38799908420648876,0.38465766736819307,0.11367162421265906,0.11367162421265906,0.38465766736819307
heatmap,rabi,sideband,5,12,0.85333333333333339,-0.53333333333333333,0,0.39014361840143724,0.38268438460024956,0.11358599849915658,0.11358599849915658,0.38268438460024956
heatmap,rabi,sideband,6,12,0.8666666666666667,-0.53333333333333333,0,0.39194995591872123,0.38077462646494842,0.11363770880816514,0.11363770880816514,0.38077462646494842
heatmap,rabi,sideband,7,12,0.88,-0.53333333333333333,0,0.39340974624752789,0.37891260541548849,0.1138388241684918,0.1138388241684918,0.37891260541548849
heatmap,rabi,sideband,8,12,0.89333333333333331,-0.53333333333333333,0,0.39451704786621788,0.37708270058088472,0.11420012577644872,0.11420012577644872,0.37708270058088472
heatmap,rabi,sideband,9,12,0.90666666666666662,-0.53333333333333333,0,0.39526842409616914,0.37526981671220905,0.11473087959581083,0.11473087959581083,0.37526981671220905
heatmap,rabi,sideband,10,12,0.92000000000000004,-0.53333333333333333,0,0.39566301407650289,0.37345971074916318,0.11543863758716694,0.11543863758716694,0.37345971074916318
heatmap,rabi,sideband,11,12,0.93333333333333335,-0.53333333333333333,0,0.39570258782491957,0.37163929464870488,0.11632905876318783,0.11632905876318783,0.37163929464870488
heatmap,rabi,sideband,12,12,0.94666666666666666,-0.53333333333333333,0,0.39539157943804087,0.36979690185734226,0.11740575935230838,0.11740575935230838,0.36979690185734226
heatmap,rabi,sideband,13,12,0.95999999999999996,-0.53333333333333333,0,0.39473709411439933,0.36792252146552484,0.11867019221003794,0.11867019221003794,0.36792252146552484
heatmap,rabi,sideband,14,12,0.97333333333333338,-0.53333333333333333,0,0.39374888918680867,0.36600798855217903,0.12012156113050614,0.12012156113050614,0.36600798855217903
heatmap,rabi,sideband,15,12,0.98666666666666669,-0.53333333333333333,0,0.39243933257804858,0.36404714251355647,0.12175676245419753,0.12175676245419753,0.36404714251355647
heatmap,rabi,sideband,16,12,1,-0.53333333333333333,0,0.39082332293305483,0.36203593564768671,0.12357037070962924,0.12357037070962924,0.36203593564768671
heatmap,rabi,sideband,17,12,1.0133333333333334,-0.53333333333333333,0,0.38891819271397149,0.35997250604616216,0.12555465061993318,0.12555465061993318,0.35997250604616216
heatmap,rabi,sideband,18,12,1.0266666666666666,-0.53333333333333333,0,0.38674357702959589,0.35785721211403609,0.12769960542818393,0.12769960542818393,0.35785721211403609
heatmap,rabi,sideband,19,12,1.04,-0.53333333333333333,0,0.38432125961637437,0.35569261826577592,0.12999306105892483,0.12999306105892483,0.35569261826577592
heatmap,rabi,sideband,20,12,1.0533333333333332,-0.53333333333333333,0,0.38167499653277759,0.35348345675668552,0.13242077335526847,0.13242077335526847,0.35348345675668552
heatmap,rabi,sideband,21,12,1.0666666666666667,-0.53333333333333333,0,0.37883031191577543,0.35123654285248979,0.13496657261586742,0.13496657261586742,0.35123654285248979
heatmap,rabi,sideband,22,12,1.0800000000000001,-0.53333333333333333,0,0.37581428154812285,0.34896066538874093,0.13761252653156808,0.13761252653156808,0.34896066538874093
heatmap,rabi,sideband,23,12,1.0933333333333333,-0.53333333333333333,0,0.37265528896280098,0.34666644065933416,0.14033913518893243,0.14033913518893243,0.34666644065933416
heatmap,rabi,sideband,24,12,1.1066666666666667,-0.53333333333333333,0,0.3693827778733762,0.34436614775897928,0.14312553718382229,0.14312553718382229,0.34436614775897928
heatmap,rabi,sideband,25,12,1.1200000000000001,-0.53333333333333333,0,0.36602699342497952,0.3420735389307118,0.14594973382215437,0.14594973382215437,0.3420735389307118
heatmap,rabi,sideband,26,12,1.1333333333333333,-0.53333333333333333,0,0.36261870764567827,0.33980363033242922,0.14878883101094628,0.14878883101094628,0.33980363033242922
heatmap,rabi,sideband,27,12,1.1466666666666667,-0.53333333333333333,0,0.35918895044139448,0.33757247863253459,0.15161928546303549,0.15161928546303549,0.33757247863253459
heatmap,rabi,sideband,28,12,1.1599999999999999,-0.53333333333333333,0,0.3557687370650256,0.33539695398784736,0.15441715447356352,0.15441715447356352,0.33539695398784736
heatmap,rabi,sideband,29,12,1.1733333333333333,-0.53333333333333333,0,0.35238879046771665,0.33329449580514714,0.15715835686356808,0.15715835686356808,0.33329449580514714
heatmap,rabi,sideband,30,12,1.1866666666666668,-0.53333333333333333,0,0.34907928509473046,0.3312828756716914,0.15981891961678904,0.15981891961678904,0.3312828756716914
heatmap,rabi,sideband,31,12,1.2,-0.53333333333333333,0,0.34586958729748191,0.32937994838128742,0.16237523216061533,0.16237523216061533,0.32937994838128742
heatmap,rabi,sideband,1,13,0.80000000000000004,-0.40000000000000002,0,0.30068661751789605,0.44753073011757039,0.12589132618226678,0.12589132618226678,0.44753073011757039
heatmap,rabi,sideband,2,13,0.81333333333333335,-0.40000000000000002,0,0.30874178536349356,0.43924333048722941,0.12600744207463849,0.12600744207463849,0.43924333048722941
heatmap,rabi,sideband,3,13,0.82666666666666666,-0.40000000000000002,0,0.3167400977569847,0.43099664511133118,0.12613162856584204,0.12613162856584204,0.43099664511133118
heatmap,rabi,sideband,4,13,0.83999999999999997,-0.40000000000000002,0,0.32464280371936849,0.42282785115115723,0.12626467256473714,0.12626467256473714,0.42282785115115723
heatmap,rabi,sideband,5,13,0.85333333333333339,-0.40000000000000002,0,0.33241346194596189,0.41477207751712114,0.12640723026845849,0.12640723026845849,0.41477207751712114
heatmap,rabi,sideband,6,13,0.8666666666666667,-0.40000000000000002,0,0.34001802854296659,0.40686234412371242,0.12655981366666055,0.12655981366666055,0.40686234412371242
heatmap,rabi,sideband,7,13,0.88,-0.40000000000000002,0,0.34742493372789801,0.39912951442867034,0.12672277592171585,0.12672277592171585,0.39912951442867034
heatmap,rabi,sideband,8,13,0.89333333333333331,-0.40000000000000002,0,0.35460513455451409,0.39160226509243995,0.12689630017652295,0.12689630017652295,0.39160226509243995
heatmap,rabi,sideband,9,13,0.90666666666666662,-0.40000000000000002,0,0.36153216636347252,0.38430706394941594,0.12708038484355583,0.12708038484355583,0.38430706394941594
heatmap,rabi,sideband,10,13,0.92000000000000004,-0.40000000000000002,0,0.36818216502155415,0.37726816373308908,0.12727483562267833,0.12727483562267833,0.37726816373308908
heatmap,rabi,sideband,11,13,0.93333333333333335,-0.40000000000000002,0,0.37453389094805845,0.37050760845026592,0.12747925030083784,0.12747925030083784,0.37050760845026592
heatmap,rabi,sideband,12,13,0.94666666666666666,-0.40000000000000002,0,0.3805687288210598,0.36404524754078882,0.12769301181907564,0.12769301181907564,0.36404524754078882
heatmap,rabi,sideband,13,13,0.95999999999999996,-0.40000000000000002,0,0.38627066949463579,0.35789875984136954,0.12791528533199734,0.12791528533199734,0.35789875984136954
heatmap,rabi,sideband,14,13,0.97333333333333338,-0.40000000000000002,0,0.39162629743282751,0.3520836908754158,0.12814500584587837,0.12814500584587837,0.3520836908754158
heatmap,rabi,sideband,15,13,0.98666666666666669,-0.40000000000000002,0,0.39662474756143878,0.34661349181390827,0.1283808803123265,0.1283808803123265,0.34661349181390827
heatmap,rabi,sideband,16,13,1,-0.40000000000000002,0,0.40125766053468959,0.34149957179112977,0.12862138383709038,0.12862138383709038,0.34149957179112977
heatmap,rabi,sideband,17,13,1.0133333333333334,-0.40000000000000002,0,0.40551912332400586,0.33675135481472479,0.1288647609306347,0.1288647609306347,0.33675135481472479
heatmap,rabi,sideband,18,13,1.0266666666666666,-0.40000000000000002,0,0.4094055942005238,0.33237633833451685,0.12910903373247967,0.12910903373247967,0.33237633833451685
heatmap,rabi,sideband,19,13,1.04,-0.40000000000000002,0,0.41291583280250216,0.32838016490710781,0.12935200114519496,0.12935200114519496,0.32838016490710781
heatmap,rabi,sideband,20,13,1.0533333333333332,-0.40000000000000002,0,0.41605080242527148,0.3247666898776892,0.12959125384851969,0.12959125384851969,0.3247666898776892
heatmap,rabi,sideband,21,13,1.0666666666666667,-0.40000000000000002,0,0.41881357616766735,0.32153805817496517,0.12982418282868369,0.12982418282868369,0.32153805817496517
heatmap,rabi,sideband,22,13,1.0800000000000001,-0.40000000000000002,0,0.42120922926666632,0.31869478076713609,0.13004799498309882,0.13004799498309882,0.31869478076713609
heatmap,rabi,sideband,23,13,1.0933333333333333,-0.40000000000000002,0,0.42324472931931983,0.31623581244692761,0.13025972911687625,0.13025972911687625,0.31623581244692761
heatmap,rabi,sideband,24,13,1.1066666666666667,-0.40000000000000002,0,0.42492881399287497,0.31415863522415743,0.1304562753914838,0.1304562753914838,0.31415863522415743
heatmap,rabi,sideband,25,13,1.1200000000000001,-0.40000000000000002,0,0.42627186632284758,0.3124593405262211,0.13063439657546569,0.13063439657546569,0.3124593405262211
heatmap,rabi,sideband,26,13,1.1333333333333333,-0.40000000000000002,0,0.42728578851742799,0.31113270969970197,0.13079075089143499,0.13079075089143499,0.31113270969970197
heatmap,rabi,sideband,27,13,1.1466666666666667,-0.40000000000000002,0,0.42798386542155575,0.31017229395132911,0.13092192031355759,0.13092192031355759,0.31017229395132911
heatmap,rabi,sideband,28,13,1.1599999999999999,-0.40000000000000002,0,0.42838063068000382,0.30957050156123428,0.13102443387938098,0.13102443387938098,0.30957050156123428
heatmap,rabi,sideband,29,13,1.1733333333333333,-0.40000000000000002,0,0.42849172586697915,0.30931867400621738,0.13109480006340171,0.13109480006340171,0.30931867400621738
heatmap,rabi,sideband,30,13,1.1866666666666668,-0.40000000000000002,0,0.4283337600235772,0.30940716747127456,0.13112953625257409,0.13112953625257409,0.30940716747127456
heatmap,rabi,sideband,31,13,1.2,-0.40000000000000002,0,0.42792417289078893,0.30982543057000006,0.13112519826960553,0.13112519826960553,0.30982543057000006
heatmap,rabi,sideband,1,14,0.80000000000000004,-0.26666666666666666,0,0.12450047405664422,0.64846759177595059,0.11351596708370257,0.11351596708370257,0.64846759177595059
heatmap,rabi,sideband,2,14,0.81333333333333335,-0.26666666666666666,0,0.13275285986638008,0.63933476300427949,0.1139561885646702,0.1139561885646702,0.63933476300427949
heatmap,rabi,sideband,3,14,0.82666666666666666,-0.26666666666666666,0,0.14173392025860349,0.62950954827252037,0.11437826573443809,0.11437826573443809,0.62950954827252037
heatmap,rabi,sideband,4,14,0.83999999999999997,-0.26666666666666666,0,0.15139711864788596,0.61903710160588965,0.11478288987311219,0.11478288987311219,0.61903710160588965
heatmap,rabi,sideband,5,14,0.85333333333333339,-0.26666666666666666,0,0.16169454141799983,0.6079640048643089,0.11517072685884565,0.11517072685884565,0.6079640048643089
heatmap,rabi,sideband,6,14,0.8666666666666667,-0.26666666666666666,0,0.17257708730734103,0.59633808043004588,0.11554241613130659,0.11554241613130659,0.59633808043004588
heatmap,rabi,sideband,7,14,0.88,-0.26666666666666666,0,0.18399465479494712,0.58420819808081714,0.11589857356211793,0.11589857356211793,0.58420819808081714
heatmap,rabi,sideband,8,14,0.89333333333333331,-0.26666666666666666,0,0.19589633521771113,0.5716240854897251,0.11623978964628189,0.11623978964628189,0.5716240854897251
heatmap,rabi,sideband,9,14,0.90666666666666662,-0.26666666666666666,0,0.20823059305324265,0.55863613884408758,0.11656663405133492,0.11656663405133492,0.55863613884408758
heatmap,rabi,sideband,10,14,0.92000000000000004,-0.26666666666666666,0,0.22094545886296665,0.54529523415418513,0.11687965349142414,0.11687965349142414,0.54529523415418513
heatmap,rabi,sideband,11,14,0.93333333333333335,-0.26666666666666666,0,0.23398870796053053,0.53165254159329522,0.11717937522308711,0.11717937522308711,0.53165254159329522
heatmap,rabi,sideband,12,14,0.94666666666666666,-0.26666666666666666,0,0.24730804710199977,0.51775934151091696,0.11746630569354165,0.11746630569354165,0.51775934151091696
heatmap,rabi,sideband,13,14,0.95999999999999996,-0.26666666666666666,0,0.26085128851420608,0.50366684507487469,0.11774093320545963,0.11774093320545963,0.50366684507487469
heatmap,rabi,sideband,14,14,0.97333333333333338,-0.26666666666666666,0,0.27456652586877961,0.4894260166406128,0.11800372874530375,0.11800372874530375,0.4894260166406128
heatmap,rabi,sideband,15,14,0.98666666666666669,-0.26666666666666666,0,0.28840230446369913,0.47508740252013132,0.11825514650808477,0.11825514650808477,0.47508740252013132
heatmap,rabi,sideband,16,14,1,-0.26666666666666666,0,0.30230778553065896,0.46070096500701535,0.11849562473116285,0.11849562473116285,0.46070096500701535
heatmap,rabi,sideband,17,14,1.0133333333333334,-0.26666666666666666,0,0.31623290862124148,0.44631591650797098,0.11872558743539378,0.11872558743539378,0.44631591650797098
heatmap,rabi,sideband,18,14,1.0266666666666666,-0.26666666666666666,0,0.33012854326807534,0.43198056727708556,0.11894544472741955,0.11894544472741955,0.43198056727708556
heatmap,rabi,sideband,19,14,1.04,-0.26666666666666666,0,0.34394663647600043,0.41774217365879079,0.11915559493260434,0.11915559493260434,0.41774217365879079
heatmap,rabi,sideband,20,14,1.0533333333333332,-0.26666666666666666,0,0.35764035766237479,0.40364679369494411,0.11935642432134061,0.11935642432134061,0.40364679369494411
heatmap,rabi,sideband,21,14,1.0666666666666667,-0.26666666666666666,0,0.37116422993104681,0.38973915240540247,0.11954830883177532,0.11954830883177532,0.38973915240540247
heatmap,rabi,sideband,22,14,1.0800000000000001,-0.26666666666666666,0,0.38447425825065634,0.37606251010651121,0.11973161582141625,0.11973161582141625,0.37606251010651121
heatmap,rabi,sideband,23,14,1.0933333333333333,-0.26666666666666666,0,0.39752804899155447,0.36265854218746868,0.11990670441048838,0.11990670441048838,0.36265854218746868
heatmap,rabi,sideband,24,14,1.1066666666666667,-0.26666666666666666,0,0.41028492490402063,0.34956722508702504,0.12007392500447711,0.12007392500447711,0.34956722508702504
heatmap,rabi,sideband,25,14,1.1200000000000001,-0.26666666666666666,0,0.42270602550163078,0.33682672751090054,0.12023362349373436,0.12023362349373436,0.33682672751090054
heatmap,rabi,sideband,26,14,1.1333333333333333,-0.26666666666666666,0,0.43475440296633017,0.32447331665305451,0.1203861401903077,0.1203861401903077,0.32447331665305451
heatmap,rabi,sideband,27,14,1.1466666666666667,-0.26666666666666666,0,0.44639511406170462,0.31254126489684125,0.12053181052072702,0.12053181052072702,0.31254126489684125
heatmap,rabi,sideband,28,14,1.1599999999999999,-0.26666666666666666,0,0.45759529090091117,0.30106277261960546,0.12067096823974166,0.12067096823974166,0.30106277261960546
heatmap,rabi,sideband,29,14,1.1733333333333333,-0.26666666666666666,0,0.46832422298272025,0.29006789207242872,0.12080394247242549,0.12080394247242549,0.29006789207242872
heatmap,rabi,sideband,30,14,1.1866666666666668,-0.26666666666666666,0,0.47855340613637154,0.27958446655557401,0.12093106365402731,0.12093106365402731,0.27958446655557401
heatmap,rabi,sideband,31,14,1.2,-0.26666666666666666,0,0.48825659950130734,0.26963807419501207,0.12105266315184027,0.12105266315184027,0.26963807419501207
heatmap,rabi,sideband,1,15,0.80000000000000004,-0.13333333333333333,0,0.016424934615272113,0.8828570127701536,0.050359026307287148,0.050359026307287148,0.8828570127701536
heatmap,rabi,sideband,2,15,0.81333333333333335,-0.13333333333333333,0,0.013478283734613331,0.88457306337958108,0.050974326442902798,0.050974326442902798,0.88457306337958108
heatmap,rabi,sideband,3,15,0.82666666666666666,-0.13333333333333333,0,0.011606210835905807,0.88522657005610217,0.051583609553995997,0.051583609553995997,0.88522657005610217
heatmap,rabi,sideband,4,15,0.83999999999999997,-0.13333333333333333,0,0.01080703156755277,0.88481908353653893,0.052186942447954146,0.052186942447954146,0.88481908353653893
heatmap,rabi,sideband,5,15,0.85333333333333339,-0.13333333333333333,0,0.011076485176247989,0.88335473954615773,0.052784387638797184,0.052784387638797184,0.88335473954615773
heatmap,rabi,sideband,6,15,0.8666666666666667,-0.13333333333333333,0,0.012407753192725862,0.88084022910160586,0.053376008852834153,0.053376008852834153,0.88084022910160586
heatmap,rabi,sideband,7,15,0.88,-0.13333333333333333,0,0.014791488623335696,0.8772847722301288,0.053961869573267748,0.053961869573267748,0.8772847722301288
heatmap,rabi,sideband,8,15,0.89333333333333331,-0.13333333333333333,0,0.018215850151208076,0.8727000826378063,0.054542033605492812,0.054542033605492812,0.8727000826378063
heatmap,rabi,sideband,9,15,0.90666666666666662,-0.13333333333333333,0,0.022666543548107786,0.86710032749264032,0.055116564479625936,0.055116564479625936,0.86710032749264032
heatmap,rabi,sideband,10,15,0.92000000000000004,-0.13333333333333333,0,0.028126865286308263,0.8605020843528437,0.055685525180424002,0.055685525180424002,0.8605020843528437
heatmap,rabi,sideband,11,15,0.93333333333333335,-0.13333333333333333,0,0.03457775611441128,0.85292428454757407,0.056248979669007285,0.056248979669007285,0.85292428454757407
heatmap,rabi,sideband,12,15,0.94666666666666666,-0.13333333333333333,0,0.041997858440636165,0.84438816000265915,0.056806990778352315,0.056806990778352315,0.84438816000265915
heatmap,rabi,sideband,13,15,0.95999999999999996,-0.13333333333333333,0,0.050363576021435132,0.83491718141305993,0.057359621282752474,0.057359621282752474,0.83491718141305993
heatmap,rabi,sideband,14,15,0.97333333333333338,-0.13333333333333333,0,0.059649144049899495,0.82453698661389752,0.057906934668101491,0.057906934668101491,0.82453698661389752
heatmap,rabi,sideband,15,15,0.98666666666666669,-0.13333333333333333,0,0.06982670109564558,0.81327531228635008,0.058448993309002148,0.058448993309002148,0.81327531228635008
heatmap,rabi,sideband,16,15,1,-0.13333333333333333,0,0.0808663646715857,0.80116191573548179,0.058985859796466235,0.058985859796466235,0.80116191573548179
heatmap,rabi,sideband,17,15,1.0133333333333334,-0.13333333333333333,0,0.09273631398838654,0.78822849238681314,0.059517596812400153,0.059517596812400153,0.78822849238681314
heatmap,rabi,sideband,18,15,1.0266666666666666,-0.13333333333333333,0,0.10540287588628033,0.77450859069642675,0.06004426670864646,0.06004426670864646,0.77450859069642675
heatmap,rabi,sideband,19,15,1.04,-0.13333333333333333,0,0.11883061438826779,0.76003752302556316,0.060565931293084525,0.060565931293084525,0.76003752302556316
heatmap,rabi,sideband,20,15,1.0533333333333332,-0.13333333333333333,0,0.13298242422326093,0.74485227063127812,0.061082652572730441,0.061082652572730441,0.74485227063127812
heatmap,rabi,sideband,21,15,1.0666666666666667,-0.13333333333333333,0,0.14781962925001435,0.72899138654209505,0.061594492103945304,0.061594492103945304,0.72899138654209505
heatmap,rabi,sideband,22,15,1.0800000000000001,-0.13333333333333333,0,0.1633020798454769,0.71249489605790062,0.062101512048311276,0.062101512048311276,0.71249489605790062
heatmap,rabi,sideband,23,15,1.0933333333333333,-0.13333333333333333,0,0.1793882622950787,0.69540419166063827,0.062603773022141485,0.062603773022141485,0.69540419166063827
heatmap,rabi,sideband,24,15,1.1066666666666667,-0.13333333333333333,0,0.1960354009415681,0.67776192732634499,0.063101335866043495,0.063101335866043495,0.67776192732634499
heatmap,rabi,sideband,25,15,1.1200000000000001,-0.13333333333333333,0,0.21319956587389738,0.659611909650754,0.063594262237674282,0.063594262237674282,0.659611909650754
heatmap,rabi,sideband,26,15,1.1333333333333333,-0.13333333333333333,0,0.230835791222159,0.64099898567820857,0.06408261154981619,0.06408261154981619,0.64099898567820857
heatmap,rabi,sideband,27,15,1.1466666666666667,-0.13333333333333333,0,0.24889817903302019,0.62196893107509998,0.064566444945939896,0.064566444945939896,0.62196893107509998
heatmap,rabi,sideband,28,15,1.1599999999999999,-0.13333333333333333,0,0.26734002190949707,0.6025683340068605,0.065045822041821258,0.065045822041821258,0.6025683340068605
heatmap,rabi,sideband,29,15,1.1733333333333333,-0.13333333333333333,0,0.28611391640312456,0.58284447863321187,0.065520802481831716,0.065520802481831716,0.58284447863321187
heatmap,rabi,sideband,30,15,1.1866666666666668,-0.13333333333333333,0,0.30517187986696787,0.56284522945031112,0.065991445341360547,0.065991445341360547,0.56284522945031112
heatmap,rabi,sideband,31,15,1.2,-0.13333333333333333,0,0.32446546868816101,0.54261891052046196,0.066457810395688557,0.066457810395688557,0.54261891052046196
heatmap,rabi,sideband,1,16,0.80000000000000004,0,0,0.099630308226601821,0.90036364170836014,3.0250325190378947e-06,3.0250325190378947e-06,0.90036364170836014
heatmap,rabi,sideband,2,16,0.81333333333333335,0,0,0.087533087635912069,0.91246055609730958,3.178133389194998e-06,3.178133389194998e-06,0.91246055609730958
heatmap,rabi,sideband,3,16,0.82666666666666666,0,0,0.076148933201910671,0.92384439420005449,3.3362990174532091e-06,3.3362990174532091e-06,0.92384439420005449
heatmap,rabi,sideband,4,16,0.83999999999999997,0,0,0.065497329750971223,0.9344956710307164,3.4996091561823502e-06,3.4996091561823502e-06,0.9344956710307164
heatmap,rabi,sideband,5,16,0.85333333333333339,0,0,0.055596490497801181,0.94439617321275227,3.6681447232562345e-06,3.6681447232562345e-06,0.94439617321275227
heatmap,rabi,sideband,6,16,0.8666666666666667,0,0,0.046463325848721829,0.95352899017741599,3.8419869310727296e-06,3.8419869310727296e-06,0.95352899017741599
heatmap,rabi,sideband,7,16,0.88,0,0,0.038113415136065337,0.96187854242690507,4.0212185147877573e-06,4.0212185147877573e-06,0.96187854242690507
heatmap,rabi,sideband,8,16,0.89333333333333331,0,0,0.030560980237061986,0.96943060791950053,4.2059217187269754e-06,4.2059217187269754e-06,0.96943060791950053
heatmap,rabi,sideband,9,16,0.90666666666666662,0,0,0.023818861955050966,0.97617234569027866,4.3961773351780726e-06,4.3961773351780726e-06,0.97617234569027866
heatmap,rabi,sideband,10,16,0.92000000000000004,0,0,0.017898498438131193,0.98209231742342962,4.5920692195815354e-06,4.5920692195815354e-06,0.98209231742342962
heatmap,rabi,sideband,11,16,0.93333333333333335,0,0,0.012809906447344593,0.98718050619245046,4.7936801024935123e-06,4.7936801024935123e-06,0.98718050619245046
heatmap,rabi,sideband,12,16,0.94666666666666666,0,0,0.0085616646131786069,0.99142833320352275,5.0010916493217056e-06,5.0010916493217056e-06,0.99142833320352275
heatmap,rabi,sideband,13,16,0.95999999999999996,0,0,0.0051608995920046979,0.99482867163191235,5.2143880414721401e-06,5.2143880414721401e-06,0.99482867163191235
heatmap,rabi,sideband,14,16,0.97333333333333338,0,0,0.0026132745024957651,0.99737585819566121,5.433650921515386e-06,5.433650921515386e-06,0.99737585819566121
heatmap,rabi,sideband,15,16,0.98666666666666669,0,0,0.00092297997475804087,0.99906570209764323,5.6589637993500567e-06,5.6589637993500567e-06,0.99906570209764323
heatmap,rabi,sideband,16,16,1,0,0,9.2727763303191455e-05,0.99989549141336331,5.8904116667421314e-06,5.8904116667421314e-06,0.99989549141336331
heatmap,rabi,sideband,17,16,1.0133333333333334,0,0,0.00012374678437872185,0.99986399702376105,6.1280959300893231e-06,6.1280959300893231e-06,0.99986399702376105
heatmap,rabi,sideband,18,16,1.0266666666666666,0,0,0.0010157817361536442,0.99897147404191988,6.3721109632223313e-06,6.3721109632223313e-06,0.99897147404191988
heatmap,rabi,sideband,19,16,1.04,0,0,0.0027670945646661059,0.99721966038518994,6.6225250719567522e-06,6.6225250719567522e-06,0.99721966038518994
heatmap,rabi,sideband,20,16,1.0533333333333332,0,0,0.0053744681963820385,0.99461177295906522,6.8794222763503943e-06,6.8794222763503943e-06,0.99461177295906522
heatmap,rabi,sideband,21,16,1.0666666666666667,0,0,0.0088332128478512024,0.99115250137130029,7.1428904242486862e-06,7.1428904242486862e-06,0.99115250137130029
heatmap,rabi,sideband,22,16,1.0800000000000001,0,0,0.01313717485713938,0.98684799911055965,7.413016150482799e-06,7.413016150482799e-06,0.98684799911055965
heatmap,rabi,sideband,23,16,1.0933333333333333,0,0,0.018278748284376426,0.98170587193559766,7.6898900129760501e-06,7.6898900129760501e-06,0.98170587193559766
heatmap,rabi,sideband,24,16,1.1066666666666667,0,0,0.024248888114032478,0.97573516467604271,7.9736049624269175e-06,7.9736049624269175e-06,0.97573516467604271
heatmap,rabi,sideband,25,16,1.1200000000000001,0,0,0.031037127696464321,0.96894634380121603,8.2642511597851057e-06,8.2642511597851057e-06,0.96894634380121603
heatmap,rabi,sideband,26,16,1.1333333333333333,0,0,0.038631596448854853,0.961351279712784,8.5619191806023715e-06,8.5619191806023715e-06,0.961351279712784
heatmap,rabi,sideband,27,16,1.1466666666666667,0,0,0.047019042023077023,0.95296322456944604,8.8667037384705174e-06,8.8667037384705174e-06,0.95296322456944604
heatmap,rabi,sideband,28,16,1.1599999999999999,0,0,0.056184852844066817,0.94379678975893833,9.1786984974438646e-06,9.1786984974438646e-06,0.94379678975893833
heatmap,rabi,sideband,29,16,1.1733333333333333,0,0,0.06611308460169929,0.93386791939223135,9.4980030347006489e-06,9.4980030347006489e-06,0.93386791939223135
heatmap,rabi,sideband,30,16,1.1866666666666668,0,0,0.076786488524241456,0.92319386205573339,9.8247100125593827e-06,9.8247100125593827e-06,0.92319386205573339
heatmap,rabi,sideband,31,16,1.2,0,0,0.088186541193715606,0.91179314096959208,1.015891834619629e-05,1.015891834619629e-05,0.91179314096959208
heatmap,rabi,sideband,1,17,0.80000000000000004,0.13333333333333333,0,0.21597367674147003,0.70428249438191171,0.039871914438309133,0.039871914438309133,0.70428249438191171
heatmap,rabi,sideband,2,17,0.81333333333333335,0.13333333333333333,0,0.20235874927499267,0.71681146824367148,0.040414891240667911,0.040414891240667911,0.71681146824367148
heatmap,rabi,sideband,3,17,0.82666666666666666,0.13333333333333333,0,0.18911503725954137,0.72897650550922521,0.040954228615616706,0.040954228615616706,0.72897650550922521
heatmap,rabi,sideband,4,17,0.83999999999999997,0.13333333333333333,0,0.17625735668672837,0.7407627523767929,0.041489945468239336,0.041489945468239336,0.7407627523767929
heatmap,rabi,sideband,5,17,0.85333333333333339,0.13333333333333333,0,0.16379998537191717,0.75215589257567039,0.042022061026206266,0.042022061026206266,0.75215589257567039
heatmap,rabi,sideband,6,17,0.8666666666666667,0.13333333333333333,0,0.15175664931892005,0.76314216219458264,0.042550594243248648,0.042550594243248648,0.76314216219458264
heatmap,rabi,sideband,7,17,0.88,0.13333333333333333,0,0.14014050592847802,0.77370836449400726,0.043075564788757403,0.043075564788757403,0.77370836449400726
heatmap,rabi,sideband,8,17,0.89333333333333331,0.13333333333333333,0,0.12896413041944296,0.78384188574150115,0.043596991919527942,0.043596991919527942,0.78384188574150115
heatmap,rabi,sideband,9,17,0.90666666666666662,0.13333333333333333,0,0.11823950147756647,0.79353070789735436,0.044114895312539586,0.044114895312539586,0.79353070789735436
heatmap,rabi,sideband,10,17,0.92000000000000004,0.13333333333333333,0,0.10797798839279485,0.80276342188165073,0.044629294862777225,0.044629294862777225,0.80276342188165073
heatmap,rabi,sideband,11,17,0.93333333333333335,0.13333333333333333,0,0.098190338892113899,0.81152924019977457,0.045140210454055786,0.045140210454055786,0.81152924019977457
heatmap,rabi,sideband,12,17,0.94666666666666666,0.13333333333333333,0,0.088886667733097308,0.81981800817945483,0.045647662043723961,0.045647662043723961,0.81981800817945483
heatmap,rabi,sideband,13,17,0.95999999999999996,0.13333333333333333,0,0.080076446324585715,0.82762021274248654,0.046151670466463866,0.046151670466463866,0.82762021274248654
heatmap,rabi,sideband,14,17,0.97333333333333338,0.13333333333333333,0,0.071768492924626864,0.83492699647061475,0.04665225530237916,0.04665225530237916,0.83492699647061475
heatmap,rabi,sideband,15,17,0.98666666666666669,0.13333333333333333,0,0.063970963952082849,0.84173016088646513,0.047149437580725977,0.047149437580725977,0.84173016088646513
heatmap,rabi,sideband,16,17,1,0.13333333333333333,0,0.056691345532481653,0.84802217934694113,0.04764323756028857,0.04764323756028857,0.84802217934694113
heatmap,rabi,sideband,17,17,1.0133333333333334,0.13333333333333333,0,0.049936447440946795,0.85379619994545675,0.048133676306798233,0.048133676306798233,0.85379619994545675
heatmap,rabi,sideband,18,17,1.0266666666666666,0.13333333333333333,0,0.043712396315486735,0.85904605475604823,0.048620774464232568,0.048620774464232568,0.85904605475604823
heatmap,rabi,sideband,19,17,1.04,0.13333333333333333,0,0.038024630230929744,0.86376626302809978,0.049104553370485228,0.049104553370485228,0.86376626302809978
heatmap,rabi,sideband,20,17,1.0533333333333332,0.13333333333333333,0,0.032877894764244284,0.86795203754231443,0.049585033846720632,0.049585033846720632,0.86795203754231443
heatmap,rabi,sideband,21,17,1.0666666666666667,0.13333333333333333,0,0.028276239247636829,0.87159928553114652,0.050062237610608282,0.050062237610608282,0.87159928553114652
heatmap,rabi,sideband,22,17,1.0800000000000001,0.13333333333333333,0,0.024223014227189112,0.8747046150804374,0.050536185346186771,0.050536185346186771,0.8747046150804374
heatmap,rabi,sideband,23,17,1.0933333333333333,0.13333333333333333,0,0.020720869854389777,0.8772653315872625,0.051006899279173894,0.051006899279173894,0.8772653315872625
heatmap,rabi,sideband,24,17,1.1066666666666667,0.13333333333333333,0,0.017771754922570535,0.87927944408524961,0.051474400496089916,0.051474400496089916,0.87927944408524961
heatmap,rabi,sideband,25,17,1.1200000000000001,0.13333333333333333,0,0.015376917017223168,0.88074566080489658,0.051938711088940145,0.051938711088940145,0.88074566080489658
heatmap,rabi,sideband,26,17,1.1333333333333333,0.13333333333333333,0,0.013536904070065383,0.88166339066893462,0.052399852630499989,0.052399852630499989,0.88166339066893462
heatmap,rabi,sideband,27,17,1.1466666666666667,0.13333333333333333,0,0.012251564686547549,0.88203274170729684,0.052857846803077792,0.052857846803077792,0.88203274170729684
heatmap,rabi,sideband,28,17,1.1599999999999999,0.13333333333333333,0,0.011520053251407404,0.88185451373854762,0.053312716505022506,0.053312716505022506,0.88185451373854762
heatmap,rabi,sideband,29,17,1.1733333333333333,0.13333333333333333,0,0.011340828767286157,0.88113020071879022,0.053764485256961821,0.053764485256961821,0.88113020071879022
heatmap,rabi,sideband,30,17,1.1866666666666668,0.13333333333333333,0,0.011711660135782464,0.87986198684817285,0.054213176508022348,0.054213176508022348,0.87986198684817285
heatmap,rabi,sideband,31,17,1.2,0.13333333333333333,0,0.012629644551287776,0.87805273713039578,0.05465880915915821,0.05465880915915821,0.87805273713039578
heatmap,rabi,sideband,1,18,0.80000000000000004,0.26666666666666666,0,0.29389858737709224,0.52750086132544804,0.08930027564872986,0.08930027564872986,0.52750086132544804
heatmap,rabi,sideband,2,18,0.81333333333333335,0.26666666666666666,0,0.28279259220055336,0.53709230434501731,0.090057551727214719,0.090057551727214719,0.53709230434501731
heatmap,rabi,sideband,3,18,0.82666666666666666,0.26666666666666666,0,0.27193405677191329,0.54646746507386368,0.090799239077111515,0.090799239077111515,0.54646746507386368
heatmap,rabi,sideband,4,18,0.83999999999999997,0.26666666666666666,0,0.26133055074394451,0.55561818113397976,0.09152563406103785,0.09152563406103785,0.55561818113397976
heatmap,rabi,sideband,5,18,0.85333333333333339,0.26666666666666666,0,0.25098932188238443,0.5645366231980179,0.092237027459798865,0.092237027459798865,0.5645366231980179
heatmap,rabi,sideband,6,18,0.8666666666666667,0.26666666666666666,0,0.24091730832920108,0.57321528877827499,0.092933701446261979,0.092933701446261979,0.57321528877827499
heatmap,rabi,sideband,7,18,0.88,0.26666666666666666,0,0.23112111107633279,0.58164701400452146,0.093615937459572821,0.093615937459572821,0.58164701400452146
heatmap,rabi,sideband,8,18,0.89333333333333331,0.26666666666666666,0,0.22160700532564553,0.58982497629900288,0.094284009187675794,0.094284009187675794,0.58982497629900288
heatmap,rabi,sideband,9,18,0.90666666666666662,0.26666666666666666,0,0.21238093430216923,0.59774269077034703,0.094938187463741872,0.094938187463741872,0.59774269077034703
heatmap,rabi,sideband,10,18,0.92000000000000004,0.26666666666666666,0,0.20344850785086097,0.6053940199761102,0.095578736086514376,0.095578736086514376,0.6053940199761102
heatmap,rabi,sideband,11,18,0.93333333333333335,0.26666666666666666,0,0.1948149947416323,0.61277317699587419,0.096205914131246767,0.096205914131246767,0.61277317699587419
heatmap,rabi,sideband,12,18,0.94666666666666666,0.26666666666666666,0,0.18648532446707483,0.61987472075564798,0.096819977388638623,0.096819977388638623,0.61987472075564798
heatmap,rabi,sideband,13,18,0.95999999999999996,0.26666666666666666,0,0.1784640855863531,0.62669356132373599,0.097421176544955426,0.097421176544955426,0.62669356132373599
heatmap,rabi,sideband,14,18,0.97333333333333338,0.26666666666666666,0,0.17075552248243228,0.63322496200399969,0.098009757756784013,0.098009757756784013,0.63322496200399969
heatmap,rabi,sideband,15,18,0.98666666666666669,0.26666666666666666,0,0.16336353484119795,0.63946454042546097,0.098585962366670554,0.098585962366670554,0.63946454042546097
heatmap,rabi,sideband,16,18,1,0.26666666666666666,0,0.15629167888327661,0.64540826317464339,0.099150028971040027,0.099150028971040027,0.64540826317464339
heatmap,rabi,sideband,17,18,1.0133333333333334,0.26666666666666666,0,0.14954316433593184,0.65105245644429754,0.099702189609885333,0.099702189609885333,0.65105245644429754
heatmap,rabi,sideband,18,18,1.0266666666666666,0.26666666666666666,0,0.14312085614637871,0.65639379542493703,0.10024267421434215,0.10024267421434215,0.65639379542493703
heatmap,rabi,sideband,19,18,1.04,0.26666666666666666,0,0.13702727451627725,0.66142931023914253,0.1007717076222901,0.1007717076222901,0.66142931023914253
heatmap,rabi,sideband,20,18,1.0533333333333332,0.26666666666666666,0,0.13126459559657291,0.6661563816178051,0.10128951139281098,0.10128951139281098,0.6661563816178051
heatmap,rabi,sideband,21,18,1.0666666666666667,0.26666666666666666,0,0.12583465250964868,0.67057274421182189,0.10179630163926469,0.10179630163926469,0.67057274421182189
heatmap,rabi,sideband,22,18,1.0800000000000001,0.26666666666666666,0,0.12073893839705072,0.67467647551650267,0.10229229304322333,0.10229229304322333,0.67467647551650267
heatmap,rabi,sideband,23,18,1.0933333333333333,0.26666666666666666,0,0.11597860421672836,0.67846600583948136,0.10277769497189518,0.10277769497189518,0.67846600583948136
heatmap,rabi,sideband,24,18,1.1066666666666667,0.26666666666666666,0,0.11155446513548674,0.68194010917774539,0.10325271284338398,0.10325271284338398,0.68194010917774539
heatmap,rabi,sideband,25,18,1.1200000000000001,0.26666666666666666,0,0.10746700135039612,0.68509789884381112,0.10371754990289637,0.10371754990289637,0.68509789884381112
heatmap,rabi,sideband,26,18,1.1333333333333333,0.26666666666666666,0,0.10371635943780472,0.68793883160090474,0.10417240448064524,0.10417240448064524,0.68793883160090474
heatmap,rabi,sideband,27,18,1.1466666666666667,0.26666666666666666,0,0.10030235780447956,0.6904626986456095,0.10461747177495546,0.10461747177495546,0.6904626986456095
heatmap,rabi,sideband,28,18,1.1599999999999999,0.26666666666666666,0,0.097224488183408009,0.69266962247726049,0.10505294466966576,0.10505294466966576,0.69266962247726049
heatmap,rabi,sideband,29,18,1.1733333333333333,0.26666666666666666,0,0.094481921395341256,0.69456005629401507,0.10547901115532188,0.10547901115532188,0.69456005629401507
heatmap,rabi,sideband,30,18,1.1866666666666668,0.26666666666666666,0,0.092073508886999444,0.69613477702338822,0.10589585704480617,0.10589585704480617,0.69613477702338822
heatmap,rabi,sideband,31,18,1.2,0.26666666666666666,0,0.089997787879443791,0.69739488239914071,0.10630366486070777,0.10630366486070777,0.69739488239914071
heatmap,rabi,sideband,1,19,0.80000000000000004,0.40000000000000002,0,0.33482070189843655,0.44165983463667191,0.11175973173244579,0.11175973173244579,0.44165983463667191
heatmap,rabi,sideband,2,19,0.81333333333333335,0.40000000000000002,0,0.32629481058217691,0.44908951081176379,0.11230783930302962,0.11230783930302962,0.44908951081176379
heatmap,rabi,sideband,3,19,0.82666666666666666,0.40000000000000002,0,0.31797982074785536,0.45634624632580439,0.11283696646317014,0.11283696646317014,0.45634624632580439
heatmap,rabi,sideband,4,19,0.83999999999999997,0.40000000000000002,0,0.3098788905964085,0.46342563258402802,0.11334773840978174,0.11334773840978174,0.46342563258402802
heatmap,rabi,sideband,5,19,0.85333333333333339,0.40000000000000002,0,0.30199495693122924,0.47032352471424366,0.11384075917726354,0.11384075917726354,0.47032352471424366
heatmap,rabi,sideband,6,19,0.8666666666666667,0.40000000000000002,0,0.29433072803784238,0.47703604289886992,0.11431661453164388,0.11431661453164388,0.47703604289886992
heatmap,rabi,sideband,7,19,0.88,0.40000000000000002,0,0.28688869351760893,0.48355956661251887,0.1147758699349361,0.1147758699349361,0.48355956661251887
heatmap,rabi,sideband,8,19,0.89333333333333331,0.40000000000000002,0,0.2796711229581334,0.48989073504215025,0.11521907099985818,0.11521907099985818,0.48989073504215025
heatmap,rabi,sideband,9,19,0.90666666666666662,0.40000000000000002,0,0.27268006364946218,0.49602644156116826,0.11564674739468478,0.11564674739468478,0.49602644156116826
heatmap,rabi,sideband,10,19,0.92000000000000004,0.40000000000000002,0,0.26591734593727956,0.50196383251398458,0.11605941077436797,0.11605941077436797,0.50196383251398458
heatmap,rabi,sideband,11,19,0.93333333333333335,0.40000000000000002,0,0.25938458061017283,0.50770031157815743,0.1164575539058349,0.1164575539058349,0.50770031157815743
heatmap,rabi,sideband,12,19,0.94666666666666666,0.40000000000000002,0,0.25308316380562901,0.51323352393194521,0.11684165613121286,0.11684165613121286,0.51323352393194521
heatmap,rabi,sideband,13,19,0.95999999999999996,0.40000000000000002,0,0.24701427563727604,0.51856136540890829,0.11721217947690787,0.11721217947690787,0.51856136540890829
heatmap,rabi,sideband,14,19,0.97333333333333338,0.40000000000000002,0,0.24117888682844305,0.52368197120919002,0.11756957098118351,0.11756957098118351,0.52368197120919002
heatmap,rabi,sideband,15,19,0.98666666666666669,0.40000000000000002,0,0.23557775496632755,0.52859372015327966,0.11791426244019637,0.11791426244019637,0.52859372015327966
heatmap,rabi,sideband,16,19,1,0.40000000000000002,0,0.23021143188472937,0.53329522116622807,0.11824667347452131,0.11824667347452131,0.53329522116622807
heatmap,rabi,sideband,17,19,1.0133333333333334,0.40000000000000002,0,0.22508026372749959,0.53778532159642101,0.11856720733803969,0.11856720733803969,0.53778532159642101
heatmap,rabi,sideband,18,19,1.0266666666666666,0.40000000000000002,0,0.22018439466343748,0.54206309545756515,0.11887625493949869,0.11887625493949869,0.54206309545756515
heatmap,rabi,sideband,19,19,1.04,0.40000000000000002,0,0.21552376793770681,0.54612784101204181,0.11917419552512566,0.11917419552512566,0.54612784101204181
heatmap,rabi,sideband,20,19,1.0533333333333332,0.40000000000000002,0,0.21109813139616138,0.54997908044746158,0.11946139407818854,0.11946139407818854,0.54997908044746158
heatmap,rabi,sideband,21,19,1.0666666666666667,0.40000000000000002,0,0.20690703861308371,0.55361655213840932,0.11973820462425348,0.11973820462425348,0.55361655213840932
heatmap,rabi,sideband,22,19,1.0800000000000001,0.40000000000000002,0,0.20294985339271943,0.55704020857056558,0.1200049690183575,0.1200049690183575,0.55704020857056558
heatmap,rabi,sideband,23,19,1.0933333333333333,0.40000000000000002,0,0.19922575297711531,0.56025020991333951,0.12026201855477255,0.12026201855477255,0.56025020991333951
heatmap,rabi,sideband,24,19,1.1066666666666667,0.40000000000000002,0,0.19573373128279614,0.56324692411028965,0.12050967230345708,0.12050967230345708,0.56324692411028965
heatmap,rabi,sideband,25,19,1.1200000000000001,0.40000000000000002,0,0.1924726025752119,0.56603091770044611,0.12074823986217102,0.12074823986217102,0.56603091770044611
heatmap,rabi,sideband,26,19,1.1333333333333333,0.40000000000000002,0,0.18944100437268294,0.56860295532710825,0.12097802015010441,0.12097802015010441,0.56860295532710825
heatmap,rabi,sideband,27,19,1.1466666666666667,0.40000000000000002,0,0.18663740465177137,0.57096399120621222,0.12119930207100822,0.12119930207100822,0.57096399120621222
heatmap,rabi,sideband,28,19,1.1599999999999999,0.40000000000000002,0,0.18406010164620756,0.57311516860750433,0.12141236487314404,0.12141236487314404,0.57311516860750433
heatmap,rabi,sideband,29,19,1.1733333333333333,0.40000000000000002,0,0.18170723045202053,0.57505781403609846,0.12161747775594053,0.12161747775594053,0.57505781403609846
heatmap,rabi,sideband,30,19,1.1866666666666668,0.40000000000000002,0,0.1795767679414218,0.57679342726757643,0.12181490239550084,0.12181490239550084,0.57679342726757643
heatmap,rabi,sideband,31,19,1.2,0.40000000000000002,0,0.17766653364623014,0.57832368692140879,0.12200488971618058,0.12200488971618058,0.57832368692140879
heatmap,rabi,sideband,1,20,0.80000000000000004,0.53333333333333333,0,0.35203407590594904,0.41107090013537639,0.11844751197933726,0.11844751197933726,0.41107090013537639
heatmap,rabi,sideband,2,20,0.81333333333333335,0.53333333333333333,0,0.34498840559478233,0.41736225141033034,0.11882467149744362,0.11882467149744362,0.41736225141033034
heatmap,rabi,sideband,3,20,0.82666666666666666,0.53333333333333333,0,0.33813989343282219,0.42348992728240042,0.11918508964238868,0.11918508964238868,0.42348992728240042
heatmap,rabi,sideband,4,20,0.83999999999999997,0.53333333333333333,0,0.33148961761016299,0.42945140710405511,0.11952948764289097,0.11952948764289097,0.42945140710405511
heatmap,rabi,sideband,5,20,0.85333333333333339,0.53333333333333333,0,0.32503848434821953,0.4352444045735247,0.11985855553912786,0.11985855553912786,0.4352444045735247
heatmap,rabi,sideband,6,20,0.8666666666666667,0.53333333333333333,0,0.31878722818976113,0.44086686829237864,0.12017295175893009,0.12017295175893009,0.44086686829237864
heatmap,rabi,sideband,7,20,0.88,0.53333333333333333,0,0.31273641481519976,0.44631697059016662,0.12047330729731685,0.12047330729731685,0.44631697059016662
heatmap,rabi,sideband,8,20,0.89333333333333331,0.53333333333333333,0,0.30688644690394318,0.45159310948822134,0.12076022180391777,0.12076022180391777,0.45159310948822134
heatmap,rabi,sideband,9,20,0.90666666666666662,0.53333333333333333,0,0.30123755919017287,0.45669390002843269,0.12103427039069714,0.12103427039069714,0.45669390002843269
heatmap,rabi,sideband,10,20,0.92000000000000004,0.53333333333333333,0,0.29578982660336095,0.46161816865674932,0.12129600236994491,0.12129600236994491,0.46161816865674932
heatmap,rabi,sideband,11,20,0.93333333333333335,0.53333333333333333,0,0.29054316508453065,0.46636495385329896,0.12154594053108518,0.12154594053108518,0.46636495385329896
heatmap,rabi,sideband,12,20,0.94666666666666666,0.53333333333333333,0,0.28549733512479875,0.47093349452702665,0.1217845851740873,0.1217845851740873,0.47093349452702665
heatmap,rabi,sideband,13,20,0.95999999999999996,0.53333333333333333,0,0.28065194300295265,0.47532323001764476,0.12201241348970132,0.12201241348970132,0.47532323001764476
heatmap,rabi,sideband,14,20,0.97333333333333338,0.53333333333333333,0,0.27600644596417023,0.47953379404536611,0.12222987999523181,0.12222987999523181,0.47953379404536611
heatmap,rabi,sideband,15,20,0.98666666666666669,0.53333333333333333,0,0.27156015179229215,0.48356500888109677,0.12243741966330556,0.12243741966330556,0.48356500888109677
heatmap,rabi,sideband,16,20,1,0.53333333333333333,0,0.26731222738794969,0.48741688319189602,0.12263544471007712,0.12263544471007712,0.48741688319189602
heatmap,rabi,sideband,17,20,1.0133333333333334,0.53333333333333333,0,0.26326169714464515,0.49108960183386885,0.12282435051074295,0.12282435051074295,0.49108960183386885
heatmap,rabi,sideband,18,20,1.0266666666666666,0.53333333333333333,0,0.25940744863252718,0.49458352733142702,0.12300451201802286,0.12300451201802286,0.49458352733142702
heatmap,rabi,sideband,19,20,1.04,0.53333333333333333,0,0.25574823596021456,0.49789918999969418,0.12317628702004561,0.12317628702004561,0.49789918999969418
heatmap,rabi,sideband,20,20,1.0533333333333332,0.53333333333333333,0,0.25228268189802294,0.50103728758674093,0.12334001525761801,0.12334001525761801,0.50103728758674093
heatmap,rabi,sideband,21,20,1.0666666666666667,0.53333333333333333,0,0.249009284527415,0.50399867525863873,0.1234960201069731,0.1234960201069731,0.50399867525863873
heatmap,rabi,sideband,22,20,1.0800000000000001,0.53333333333333333,0,0.24592641833299955,0.50678436394250348,0.12364460886224851,0.12364460886224851,0.50678436394250348
heatmap,rabi,sideband,23,20,1.0933333333333333,0.53333333333333333,0,0.2430323373125701,0.50939551553577156,0.12378607357582917,0.12378607357582917,0.50939551553577156
heatmap,rabi,sideband,24,20,1.1066666666666667,0.53333333333333333,0,0.24032518237528869,0.51183343564903505,0.12392069098783816,0.12392069098783816,0.51183343564903505
heatmap,rabi,sideband,25,20,1.1200000000000001,0.53333333333333333,0,0.23780298130533312,0.51409957273737006,0.1240487229786484,0.1240487229786484,0.51409957273737006
heatmap,rabi,sideband,26,20,1.1333333333333333,0.53333333333333333,0,0.23546365600409649,0.51619550801030267,0.12417041799280044,0.12417041799280044,0.51619550801030267
heatmap,rabi,sideband,27,20,1.1466666666666667,0.53333333333333333,0,0.23330502300536746,0.51812295478443637,0.12428601110509806,0.12428601110509806,0.51812295478443637
heatmap,rabi,sideband,28,20,1.1599999999999999,0.53333333333333333,0,0.23132480079027265,0.51988375096967265,0.12439572412002733,0.12439572412002733,0.51988375096967265
heatmap,rabi,sideband,29,20,1.1733333333333333,0.53333333333333333,0,0.22952060979003558,0.52147985766145188,0.12449976627425627,0.12449976627425627,0.52147985766145188
heatmap,rabi,sideband,30,20,1.1866666666666668,0.53333333333333333,0,0.2278899802118797,0.52291335008246542,0.12459833485282741,0.12459833485282741,0.52291335008246542
heatmap,rabi,sideband,31,20,1.2,0.53333333333333333,0,0.22643035335347797,0.52418641497742313,0.12469161583454948,0.12469161583454948,0.52418641497742313
heatmap,rabi,sideband,1,21,0.80000000000000004,0.66666666666666663,0,0.35767577413757634,0.40412237713111204,0.11910092436565581,0.11910092436565581,0.40412237713111204
heatmap,rabi,sideband,2,21,0.81333333333333335,0.66666666666666663,0,0.35113920486922218,0.41003129424687329,0.11941475044195228,0.11941475044195228,0.41003129424687329
heatmap,rabi,sideband,3,21,0.82666666666666666,0.66666666666666663,0,0.34479588582707066,0.41577737957815913,0.11971336729738506,0.11971336729738506,0.41577737957815913
heatmap,rabi,sideband,4,21,0.83999999999999997,0.66666666666666663,0,0.33864625579815089,0.42135876166282293,0.11999749126951303,0.11999749126951303,0.42135876166282293
heatmap,rabi,sideband,5,21,0.85333333333333339,0.66666666666666663,0,0.33269059630319148,0.42677379582684699,0.12026780393498077,0.12026780393498077,0.42677379582684699
heatmap,rabi,sideband,6,21,0.8666666666666667,0.66666666666666663,0,0.32692903538867679,0.43202105829293358,0.12052495315919476,0.12052495315919476,0.43202105829293358
heatmap,rabi,sideband,7,21,0.88,0.66666666666666663,0,0.32136154958746577,0.43709934192366579,0.12076955424443421,0.12076955424443421,0.43709934192366579
heatmap,rabi,sideband,8,21,0.89333333333333331,0.66666666666666663,0,0.31598796726225437,0.44200764890865724,0.12100219191454419,0.12100219191454419,0.44200764890865724
heatmap,rabi,sideband,9,21,0.90666666666666662,0.66666666666666663,0,0.31080797015749512,0.44674518732138102,0.1212234212605619,0.1212234212605619,0.44674518732138102
heatmap,rabi,sideband,10,21,0.92000000000000004,0.66666666666666663,0,0.30582109536090263,0.45131136471243899,0.12143376996332925,0.12143376996332925,0.45131136471243899
heatmap,rabi,sideband,11,21,0.93333333333333335,0.66666666666666663,0,0.30102674162304383,0.4557057818128295,0.12163373828206331,0.12163373828206331,0.4557057818128295
heatmap,rabi,sideband,12,21,0.94666666666666666,0.66666666666666663,0,0.29642416643601327,0.45992823001053468,0.12182380177672605,0.12182380177672605,0.45992823001053468
heatmap,rabi,sideband,13,21,0.95999999999999996,0.66666666666666663,0,0.29201249539176699,0.46397868138120096,0.12200441161351602,0.12200441161351602,0.46397868138120096
heatmap,rabi,sideband,14,21,0.97333333333333338,0.66666666666666663,0,0.28779072166155628,0.46785728661025633,0.12217599586409369,0.12217599586409369,0.46785728661025633
heatmap,rabi,sideband,15,21,0.98666666666666669,0.66666666666666663,0,0.28375770962577662,0.47156436981321487,0.12233896028050421,0.12233896028050421,0.47156436981321487
heatmap,rabi,sideband,16,21,1,0.66666666666666663,0,0.27991219863701361,0.47510042077648257,0.12249369029325188,0.12249369029325188,0.47510042077648257
heatmap,rabi,sideband,17,21,1.0133333333333334,0.66666666666666663,0,0.2762528073148024,0.47846609102432852,0.12264055083043453,0.12264055083043453,0.47846609102432852
heatmap,rabi,sideband,18,21,1.0266666666666666,0.66666666666666663,0,0.27277803452247679,0.48166218928828025,0.12277988809462144,0.12277988809462144,0.48166218928828025
heatmap,rabi,sideband,19,21,1.04,0.66666666666666663,0,0.26948626599453696,0.48468967316333655,0.12291203042106323,0.12291203042106323,0.48468967316333655
heatmap,rabi,sideband,20,21,1.0533333333333332,0.66666666666666663,0,0.2663757756733533,0.48754964762638719,0.12303728835012974,0.12303728835012974,0.48754964762638719
heatmap,rabi,sideband,21,21,1.0666666666666667,0.66666666666666663,0,0.26344472915886991,0.49024335666547447,0.12315595708782784,0.12315595708782784,0.49024335666547447
heatmap,rabi,sideband,22,21,1.0800000000000001,0.66666666666666663,0,0.26069118889945719,0.49277218024488173,0.12326831542783052,0.12326831542783052,0.49277218024488173
heatmap,rabi,sideband,23,21,1.0933333333333333,0.66666666666666663,0,0.25811311690953198,0.49513762693898583,0.12337462807574112,0.12337462807574112,0.49513762693898583
heatmap,rabi,sideband,24,21,1.1066666666666667,0.66666666666666663,0,0.25570837828178206,0.4973413307115544,0.12347514550333175,0.12347514550333175,0.4973413307115544
heatmap,rabi,sideband,25,21,1.1200000000000001,0.66666666666666663,0,0.25347474506769674,0.4993850448036467,0.12357010506432828,0.12357010506432828,0.4993850448036467
heatmap,rabi,sideband,26,21,1.1333333333333333,0.66666666666666663,0,0.25140990010758391,0.50127063583786502,0.12365973202727555,0.12365973202727555,0.50127063583786502
heatmap,rabi,sideband,27,21,1.1466666666666667,0.66666666666666663,0,0.24951144062792452,0.50300007989200912,0.12374423974003318,0.12374423974003318,0.50300007989200912
heatmap,rabi,sideband,28,21,1.1599999999999999,0.66666666666666663,0,0.24777688257686215,0.50457545675175208,0.12382383033569287,0.12382383033569287,0.50457545675175208
heatmap,rabi,sideband,29,21,1.1733333333333333,0.66666666666666663,0,0.24620366235023036,0.50599894749562591,0.12389869507707185,0.12389869507707185,0.50599894749562591
heatmap,rabi,sideband,30,21,1.1866666666666668,0.66666666666666663,0,0.24478914189558915,0.50727282209537083,0.12396901800451997,0.12396901800451997,0.50727282209537083
heatmap,rabi,sideband,31,21,1.2,0.66666666666666663,0,0.24353061294492406,0.50839944506988266,0.12403497099259665,0.12403497099259665,0.50839944506988266
heatmap,rabi,sideband,1,22,0.80000000000000004,0.80000000000000004,0,0.35857515188697958,0.40640622874954074,0.11750930968173984,0.11750930968173984,0.40640622874954074
heatmap,rabi,sideband,2,22,0.81333333333333335,0.80000000000000004,0,0.35175644111308507,0.41253908983902804,0.11785223452394343,0.11785223452394343,0.41253908983902804
heatmap,rabi,sideband,3,22,0.82666666666666666,0.80000000000000004,0,0.34513064550907413,0.4185105378073376,0.11817940834179416,0.11817940834179416,0.4185105378073376
heatmap,rabi,sideband,4,22,0.83999999999999997,0.80000000000000004,0,0.33869858757312432,0.42431831231657363,0.11849155005515101,0.11849155005515101,0.42431831231657363
heatmap,rabi,sideband,5,22,0.85333333333333339,0.80000000000000004,0,0.33246092656900994,0.42996038146173243,0.11878934598462883,0.11878934598462883,0.42996038146173243
heatmap,rabi,sideband,6,22,0.8666666666666667,0.80000000000000004,0,0.32641816113827427,0.4354349383959078,0.11907345023290897,0.11907345023290897,0.4354349383959078
heatmap,rabi,sideband,7,22,0.88,0.80000000000000004,0,0.32057062902773892,0.4407403955185753,0.11934448772684289,0.11934448772684289,0.4407403955185753
heatmap,rabi,sideband,8,22,0.89333333333333331,0.80000000000000004,0,0.31491851252064812,0.44587537882112588,0.11960305432911304,0.11960305432911304,0.44587537882112588
heatmap,rabi,sideband,9,22,0.90666666666666662,0.80000000000000004,0,0.30946183687165812,0.45083872481135207,0.11984971915849492,0.11984971915849492,0.45083872481135207
heatmap,rabi,sideband,10,22,0.92000000000000004,0.80000000000000004,0,0.30420047636125835,0.45562947378784741,0.12008502492544708,0.12008502492544708,0.45562947378784741
heatmap,rabi,sideband,11,22,0.93333333333333335,0.80000000000000004,0,0.29913415472028532,0.46024686557875255,0.12030948985048105,0.12030948985048105,0.46024686557875255
heatmap,rabi,sideband,12,22,0.94666666666666666,0.80000000000000004,0,0.29426244763066578,0.46469033447766911,0.12052360894583258,0.12052360894583258,0.46469033447766911
heatmap,rabi,sideband,13,22,0.95999999999999996,0.80000000000000004,0,0.28958478647978508,0.46895950343073572,0.1207278550447396,0.1207278550447396,0.46895950343073572
heatmap,rabi,sideband,14,22,0.97333333333333338,0.80000000000000004,0,0.28510046139127587,0.47305418017269513,0.12092267921801453,0.12092267921801453,0.47305418017269513
heatmap,rabi,sideband,15,22,0.98666666666666669,0.80000000000000004,0,0.28080862335435136,0.47697435173499131,0.12110851245532868,0.12110851245532868,0.47697435173499131
heatmap,rabi,sideband,16,22,1,0.80000000000000004,0,0.27670828756901555,0.48072017827349645,0.12128576707874399,0.12128576707874399,0.48072017827349645
heatmap,rabi,sideband,17,22,1.0133333333333334,0.80000000000000004,0,0.27279833687759464,0.48429198971420545,0.12145483670409998,0.12145483670409998,0.48429198971420545
heatmap,rabi,sideband,18,22,1.0266666666666666,0.80000000000000004,0,0.26907752405877045,0.48769027966338835,0.12161609813892063,0.12161609813892063,0.48769027966338835
heatmap,rabi,sideband,19,22,1.04,0.80000000000000004,0,0.26554447682468335,0.49091569997773099,0.12176991159879277,0.12176991159879277,0.49091569997773099
heatmap,rabi,sideband,20,22,1.0533333333333332,0.80000000000000004,0,0.26219769966428735,0.49396905673313291,0.12191662180128987,0.12191662180128987,0.49396905673313291
heatmap,rabi,sideband,21,22,1.0666666666666667,0.80000000000000004,0,0.25903557781358844,0.49685130381467418,0.12205655918586869,0.12205655918586869,0.49685130381467418
heatmap,rabi,sideband,22,22,1.0800000000000001,0.80000000000000004,0,0.25605638075546006,0.49956353995995106,0.12219003964229443,0.12219003964229443,0.49956353995995106
heatmap,rabi,sideband,23,22,1.0933333333333333,0.80000000000000004,0,0.25325826543488461,0.50210700067465408,0.12231736694523065,0.12231736694523065,0.50210700067465408
heatmap,rabi,sideband,24,22,1.1066666666666667,0.80000000000000004,0,0.25063928061123647,0.50448305547148875,0.1224388319586374,0.1224388319586374,0.50448305547148875
heatmap,rabi,sideband,25,22,1.1200000000000001,0.80000000000000004,0,0.24819736923621802,0.50669320317866895,0.12255471379255653,0.12255471379255653,0.50669320317866895
heatmap,rabi,sideband,26,22,1.1333333333333333,0.80000000000000004,0,0.24593037293794623,0.50873906422445403,0.12266528141879987,0.12266528141879987,0.50873906422445403
heatmap,rabi,sideband,27,22,1.1466666666666667,0.80000000000000004,0,0.24383603568571582,0.51062237861113358,0.1227707928515753,0.1227707928515753,0.51062237861113358
heatmap,rabi,sideband,28,22,1.1599999999999999,0.80000000000000004,0,0.24191200669770177,0.51234499892692886,0.12287149718768466,0.12287149718768466,0.51234499892692886
heatmap,rabi,sideband,29,22,1.1733333333333333,0.80000000000000004,0,0.24015584499208589,0.51390888715548044,0.12296763392621682,0.12296763392621682,0.51390888715548044
heatmap,rabi,sideband,30,22,1.1866666666666668,0.80000000000000004,0,0.23856502314486455,0.51531610803651706,0.12305943440930914,0.12305943440930914,0.51531610803651706
heatmap,rabi,sideband,31,22,1.2,0.80000000000000004,0,0.23713692892417876,0.51656882501579826,0.12314712303001155,0.12314712303001155,0.51656882501579826
heatmap,rabi,sideband,1,23,0.80000000000000004,0.93333333333333335,0,0.36133402442197132,0.41127601071700232,0.11369498243051321,0.11369498243051321,0.41127601071700232
heatmap,rabi,sideband,2,23,0.81333333333333335,0.93333333333333335,0,0.35353520359327434,0.41814988203529618,0.11415745718571473,0.11415745718571473,0.41814988203529618
heatmap,rabi,sideband,3,23,0.82666666666666666,0.93333333333333335,0,0.34592302922921087,0.4248726344571393,0.11460216815682495,0.11460216815682495,0.4248726344571393
heatmap,rabi,sideband,4,23,0.83999999999999997,0.93333333333333335,0,0.33849962795087124,0.43144078731017099,0.1150297923694789,0.1150297923694789,0.43144078731017099
heatmap,rabi,sideband,5,23,0.85333333333333339,0.93333333333333335,0,0.33126695272300716,0.43785108379745807,0.1154409817397674,0.1154409817397674,0.43785108379745807
heatmap,rabi,sideband,6,23,0.8666666666666667,0.93333333333333335,0,0.32422678307401698,0.44410049196889045,0.1158363624785463,0.1158363624785463,0.44410049196889045
heatmap,rabi,sideband,7,23,0.88,0.93333333333333335,0,0.31738072501445946,0.45018619940096377,0.11621653779228841,0.11621653779228841,0.45018619940096377
heatmap,rabi,sideband,8,23,0.89333333333333331,0.93333333333333335,0,0.31073021301590947,0.45610561029709407,0.11658208834349823,0.11658208834349823,0.45610561029709407
heatmap,rabi,sideband,9,23,0.90666666666666662,0.93333333333333335,0,0.30427651172046588,0.46185634444329199,0.11693357191812107,0.11693357191812107,0.46185634444329199
heatmap,rabi,sideband,10,23,0.92000000000000004,0.93333333333333335,0,0.2980207153964271,0.46743623346397389,0.11727152556979946,0.11727152556979946,0.46743623346397389
heatmap,rabi,sideband,11,23,0.93333333333333335,0.93333333333333335,0,0.29196375161953686,0.4728433158187193,0.11759646628087193,0.11759646628087193,0.4728433158187193
heatmap,rabi,sideband,12,23,0.94666666666666666,0.93333333333333335,0,0.28610638176453806,0.47807583518359498,0.11790889152593347,0.11790889152593347,0.47807583518359498
heatmap,rabi,sideband,13,23,0.95999999999999996,0.93333333333333335,0,0.28044920258382061,0.48313223795106675,0.11820927973255635,0.11820927973255635,0.48313223795106675
heatmap,rabi,sideband,14,23,0.97333333333333338,0.93333333333333335,0,0.27499264928690265,0.48801116570632808,0.11849809250338467,0.11849809250338467,0.48801116570632808
heatmap,rabi,sideband,15,23,0.98666666666666669,0.93333333333333335,0,0.26973699590979677,0.49271145929609977,0.11877577239705171,0.11877577239705171,0.49271145929609977
heatmap,rabi,sideband,16,23,1,0.93333333333333335,0,0.26468235867714568,0.4972321481717788,0.11904274657553782,0.11904274657553782,0.4972321481717788
heatmap,rabi,sideband,17,23,1.0133333333333334,0.93333333333333335,0,0.25982869861528352,0.5015724489574338,0.11929942621364135,0.11929942621364135,0.5015724489574338
heatmap,rabi,sideband,18,23,1.0266666666666666,0.93333333333333335,0,0.25517582216554385,0.50573176276223397,0.11954620753611114,0.11954620753611114,0.50573176276223397
heatmap,rabi,sideband,19,23,1.04,0.93333333333333335,0,0.25072338573101438,0.50970967099750686,0.11978347163573942,0.11978347163573942,0.50970967099750686
heatmap,rabi,sideband,20,23,1.0533333333333332,0.93333333333333335,0,0.24647089848124015,0.51350593009763501,0.12001158571056245,0.12001158571056245,0.51350593009763501
heatmap,rabi,sideband,21,23,1.0666666666666667,0.93333333333333335,0,0.24241772088199343,0.51712047260133331,0.12023090325833656,0.12023090325833656,0.51712047260133331
heatmap,rabi,sideband,22,23,1.0800000000000001,0.93333333333333335,0,0.23856307491306014,0.5205533943371925,0.12044176537487367,0.12044176537487367,0.5205533943371925
heatmap,rabi,sideband,23,23,1.0933333333333333,0.93333333333333335,0,0.23490603900592344,0.52380496039643232,0.12064450029882208,0.12064450029882208,0.52380496039643232
heatmap,rabi,sideband,24,23,1.1066666666666667,0.93333333333333335,0,0.23144555676598211,0.52687559442540233,0.1208394244043078,0.1208394244043078,0.52687559442540233
heatmap,rabi,sideband,25,23,1.1200000000000001,0.93333333333333335,0,0.2281804370466553,0.52976587693913069,0.121026843007107,0.121026843007107,0.52976587693913069
heatmap,rabi,sideband,26,23,1.1333333333333333,0.93333333333333335,0,0.22510935867145529,0.53247654223673557,0.12120704954590454,0.12120704954590454,0.53247654223673557
heatmap,rabi,sideband,27,23,1.1466666666666667,0.93333333333333335,0,0.22223087146685128,0.53500847130235218,0.12138032861539827,0.12138032861539827,0.53500847130235218
heatmap,rabi,sideband,28,23,1.1599999999999999,0.93333333333333335,0,0.21954340332457076,0.53736269107725498,0.12154695279908712,0.12154695279908712,0.53736269107725498
heatmap,rabi,sideband,29,23,1.1733333333333333,0.93333333333333335,0,0.21704525983779138,0.53954036861986732,0.12170718577117066,0.12170718577117066,0.53954036861986732
heatmap,rabi,sideband,30,23,1.1866666666666668,0.93333333333333335,0,0.21473462897094162,0.54154280669044541,0.12186128216930649,0.12186128216930649,0.54154280669044541
heatmap,rabi,sideband,31,23,1.2,0.93333333333333335,0,0.21260958494131188,0.54337143960350687,0.12200948772759064,0.12200948772759064,0.54337143960350687
heatmap,rabi,sideband,1,24,0.80000000000000004,1.0666666666666667,0,0.37731683487427231,0.41440448071617908,0.10413934220477432,0.10413934220477432,0.41440448071617908
heatmap,rabi,sideband,2,24,0.81333333333333335,1.0666666666666667,0,0.3680274400373505,0.42239138994542463,0.10479058500861248,0.10479058500861248,0.42239138994542463
heatmap,rabi,sideband,3,24,0.82666666666666666,1.0666666666666667,0,0.35889809014280999,0.43025506861231816,0.10542342062243591,0.10542342062243591,0.43025506861231816
heatmap,rabi,sideband,4,24,0.83999999999999997,1.0666666666666667,0,0.3499328466063712,0.43799045361541206,0.10603834988910843,0.10603834988910843,0.43799045361541206
heatmap,rabi,sideband,5,24,0.85333333333333339,1.0666666666666667,0,0.34113560621883804,0.44559267333271563,0.10663586022422322,0.10663586022422322,0.44559267333271563
heatmap,rabi,sideband,6,24,0.8666666666666667,1.0666666666666667,0,0.33251010201257031,0.45305704552369885,0.10721642623186543,0.10721642623186543,0.45305704552369885
heatmap,rabi,sideband,7,24,0.88,1.0666666666666667,0,0.32405989887901315,0.46037908413930001,0.10778050849084343,0.10778050849084343,0.46037908413930001
heatmap,rabi,sideband,8,24,0.89333333333333331,1.0666666666666667,0,0.31578839818206589,0.46755448994665799,0.10832855593563806,0.10832855593563806,0.46755448994665799
heatmap,rabi,sideband,9,24,0.90666666666666662,1.0666666666666667,0,0.30769883185287866,0.47457915942785123,0.10886100435963508,0.10886100435963508,0.47457915942785123
heatmap,rabi,sideband,10,24,0.92000000000000004,1.0666666666666667,0,0.29979426327410597,0.48144918085998506,0.10937827793295445,0.10937827793295445,0.48144918085998506
heatmap,rabi,sideband,11,24,0.93333333333333335,1.0666666666666667,0,0.29207758946781776,0.48816083240317532,0.10988078906450345,0.10988078906450345,0.48816083240317532
heatmap,rabi,sideband,12,24,0.94666666666666666,1.0666666666666667,0,0.28455153603525046,0.49471058650442629,0.11036893873016164,0.11036893873016164,0.49471058650442629
heatmap,rabi,sideband,13,24,0.95999999999999996,1.0666666666666667,0,0.27721866215033347,0.50109510419740111,0.11084311682613272,0.11084311682613272,0.50109510419740111
heatmap,rabi,sideband,14,24,0.97333333333333338,1.0666666666666667,0,0.27008135590929516,0.50731123769338171,0.11130370319866156,0.11130370319866156,0.50731123769338171
heatmap,rabi,sideband,15,24,0.98666666666666669,1.0666666666666667,0,0.26314183806138663,0.51335602987171491,0.1117510660334492,0.1117510660334492,0.51335602987171491
heatmap,rabi,sideband,16,24,1,1.0666666666666667,0,0.25640215854540771,0.519226710360285,0.11218556554715363,0.11218556554715363,0.519226710360285
heatmap,rabi,sideband,17,24,1.0133333333333334,1.0666666666666667,0,0.24986420208208146,0.52492069769480054,0.11260755011155901,0.11260755011155901,0.52492069769480054
heatmap,rabi,sideband,18,24,1.0266666666666666,1.0666666666666667,0,0.2435296837730497,0.53043560010182111,0.11301735806256458,0.11301735806256458,0.53043560010182111
heatmap,rabi,sideband,19,24,1.04,1.0666666666666667,0,0.23740015321492716,0.53576920512672221,0.11341532082917531,0.11341532082917531,0.53576920512672221
heatmap,rabi,sideband,20,24,1.0533333333333332,1.0666666666666667,0,0.23147699261340302,0.54091948881389873,0.11380175928634918,0.11380175928634918,0.54091948881389873
heatmap,rabi,sideband,21,24,1.0666666666666667,1.0666666666666667,0,0.2257614198165987,0.54588460895258795,0.11417698561540666,0.11417698561540666,0.54588460895258795
heatmap,rabi,sideband,22,24,1.0800000000000001,1.0666666666666667,0,0.22025448842354758,0.55066290319375011,0.11454130419135114,0.11454130419135114,0.55066290319375011
heatmap,rabi,sideband,23,24,1.0933333333333333,1.0666666666666667,0,0.21495708935418864,0.55525289071001294,0.11489500996789924,0.11489500996789924,0.55525289071001294
heatmap,rabi,sideband,24,24,1.1066666666666667,1.0666666666666667,0,0.20986995128900343,0.55965326778879831,0.11523839046109913,0.11523839046109913,0.55965326778879831
heatmap,rabi,sideband,25,24,1.1200000000000001,1.0666666666666667,0,0.20499364371248663,0.5638629054341413,0.11557172542668603,0.11557172542668603,0.5638629054341413
heatmap,rabi,sideband,26,24,1.1333333333333333,1.0666666666666667,0,0.20032857676087115,0.56788084909522663,0.11589528707195107,0.11589528707195107,0.56788084909522663
heatmap,rabi,sideband,27,24,1.1466666666666667,1.0666666666666667,0,0.19587500378648603,0.57170631811572492,0.11620933904889454,0.11620933904889454,0.57170631811572492
heatmap,rabi,sideband,28,24,1.1599999999999999,1.0666666666666667,0,0.19163302311713823,0.57533869611159416,0.11651414038563382,0.11651414038563382,0.57533869611159416
heatmap,rabi,sideband,29,24,1.1733333333333333,1.0666666666666667,0,0.18760257921710172,0.57877754117235691,0.1168099398052707,0.1168099398052707,0.57877754117235691
heatmap,rabi,sideband,30,24,1.1866666666666668,1.0666666666666667,0,0.18378346591128969,0.58202257033901983,0.11709698187484525,0.11709698187484525,0.58202257033901983
heatmap,rabi,sideband,31,24,1.2,1.0666666666666667,0,0.1801753265199334,0.58507366768340419,0.11737550289833119,0.11737550289833119,0.58507366768340419
heatmap,rabi,sideband,1,25,0.80000000000000004,1.2,0,0.42133855278659366,0.41286769152314529,0.082896877845130584,0.082896877845130584,0.41286769152314529
heatmap,rabi,sideband,2,25,0.81333333333333335,1.2,0,0.4105604333416531,0.42208534964205796,0.083677108508144499,0.083677108508144499,0.42208534964205796
heatmap,rabi,sideband,3,25,0.82666666666666666,1.2,0,0.39988470722187386,0.43122805926698876,0.084443616755568621,0.084443616755568621,0.43122805926698876
heatmap,rabi,sideband,4,25,0.83999999999999997,1.2,0,0.38931717327782239,0.44028957981254269,0.085196623454817474,0.085196623454817474,0.44028957981254269
heatmap,rabi,sideband,5,25,0.85333333333333339,1.2,0,0.37886350179325046,0.44926380807986416,0.085936345063442665,0.085936345063442665,0.44926380807986416
heatmap,rabi,sideband,6,25,0.8666666666666667,1.2,0,0.36852924780201574,0.45814476444981633,0.086662993874083966,0.086662993874083966,0.45814476444981633
heatmap,rabi,sideband,7,25,0.88,1.2,0,0.35831986098386931,0.46692657799175219,0.08737678051218925,0.08737678051218925,0.46692657799175219
heatmap,rabi,sideband,8,25,0.89333333333333331,1.2,0,0.34824065505143958,0.47560352408700141,0.088077910430779477,0.088077910430779477,0.47560352408700141
heatmap,rabi,sideband,9,25,0.90666666666666662,1.2,0,0.33829682292611923,0.48417000249499087,0.08876658728944492,0.08876658728944492,0.48417000249499087
heatmap,rabi,sideband,10,25,0.92000000000000004,1.2,0,0.32849343046044427,0.49262054844008707,0.089443010549734331,0.089443010549734331,0.49262054844008707
heatmap,rabi,sideband,11,25,0.93333333333333335,1.2,0,0.31883541402311,0.50094983238238111,0.090107376797254418,0.090107376797254418,0.50094983238238111
heatmap,rabi,sideband,12,25,0.94666666666666666,1.2,0,0.30932757777922021,0.50915266178699725,0.09075988021689127,0.09075988021689127,0.50915266178699725
heatmap,rabi,sideband,13,25,0.95999999999999996,1.2,0,0.29997459105200036,0.51722398696659744,0.091400710990701142,0.091400710990701142,0.51722398696659744
heatmap,rabi,sideband,14,25,0.97333333333333338,1.2,0,0.29078098734219704,0.5251588990797329,0.092030056789035045,0.092030056789035045,0.5251588990797329
heatmap,rabi,sideband,15,25,0.98666666666666669,1.2,0,0.28175116080457097,0.53295263441279983,0.092648102391314546,0.092648102391314546,0.53295263441279983
heatmap,rabi,sideband,16,25,1,1.2,0,0.27288936555873694,0.54060057555542984,0.093255029442916623,0.093255029442916623,0.54060057555542984
heatmap,rabi,sideband,17,25,1.0133333333333334,1.2,0,0.26419971310088702,0.54809825332220363,0.093851016788454686,0.093851016788454686,0.54809825332220363
heatmap,rabi,sideband,18,25,1.0266666666666666,1.2,0,0.25568617087495804,0.55544134758304931,0.094436240770996341,0.094436240770996341,0.55544134758304931
heatmap,rabi,sideband,19,25,1.04,1.2,0,0.24735256064228126,0.56262568904906918,0.09501087515432477,0.09501087515432477,0.56262568904906918
heatmap,rabi,sideband,20,25,1.0533333333333332,1.2,0,0.23920255740139268,0.56964726243870545,0.095575090079950908,0.095575090079950908,0.56964726243870545
heatmap,rabi,sideband,21,25,1.0666666666666667,1.2,0,0.23123968807172296,0.57650220445806166,0.096129053735107703,0.096129053735107703,0.57650220445806166
heatmap,rabi,sideband,22,25,1.0800000000000001,1.2,0,0.22346733074359629,0.58318680592169791,0.096672931667352843,0.096672931667352843,0.58318680592169791
heatmap,rabi,sideband,23,25,1.0933333333333333,1.2,0,0.215888707744223,0.58969751685764293,0.097206887699067074,0.097206887699067074,0.58969751685764293
heatmap,rabi,sideband,24,25,1.1066666666666667,1.2,0,0.20850689592727267,0.59603094071946361,0.097731081676631887,0.097731081676631887,0.59603094071946361
heatmap,rabi,sideband,25,25,1.1200000000000001,1.2,0,0.20132481651871162,0.6021838416916061,0.098245670894841167,0.098245670894841167,0.6021838416916061
heatmap,rabi,sideband,26,25,1.1333333333333333,1.2,0,0.1943452381702819,0.60815313782365432,0.098750812003031846,0.098750812003031846,0.60815313782365432
heatmap,rabi,sideband,27,25,1.1466666666666667,1.2,0,0.18757077399079336,0.61393591037643791,0.099246657816384365,0.099246657816384365,0.61393591037643791
heatmap,rabi,sideband,28,25,1.1599999999999999,1.2,0,0.18100388415684279,0.61952939732950985,0.099733359256823667,0.099733359256823667,0.61952939732950985
heatmap,rabi,sideband,29,25,1.1733333333333333,1.2,0,0.17464687334186685,0.62493099681839726,0.10021106491986798,0.10021106491986798,0.62493099681839726
heatmap,rabi,sideband,30,25,1.1866666666666668,1.2,0,0.16850189009429153,0.63013826727129429,0.10067992131720711,0.10067992131720711,0.63013826727129429
heatmap,rabi,sideband,31,25,1.2,1.2,0,0.16257092840676535,0.6351489286894022,0.10114007145191625,0.10114007145191625,0.6351489286894022
heatmap,rabi,sideband,1,26,0.80000000000000004,1.3333333333333333,0,0.4995977283684101,0.40386497610261962,0.048268647764485167,0.048268647764485167,0.40386497610261962
heatmap,rabi,sideband,2,26,0.81333333333333335,1.3333333333333333,0,0.48813519012113099,0.41408746992829326,0.048888669975287888,0.048888669975287888,0.41408746992829326
heatmap,rabi,sideband,3,26,0.82666666666666666,1.3333333333333333,0,0.47669798754570308,0.42429525738916724,0.049503377532564889,0.049503377532564889,0.42429525738916724
heatmap,rabi,sideband,4,26,0.83999999999999997,1.3333333333333333,0,0.46529241716350245,0.43448197432823271,0.050112804254132448,0.050112804254132448,0.43448197432823271
heatmap,rabi,sideband,5,26,0.85333333333333339,1.3333333333333333,0,0.45392472610236101,0.4446413096674709,0.050716982115084061,0.050716982115084061,0.4446413096674709
heatmap,rabi,sideband,6,26,0.8666666666666667,1.3333333333333333,0,0.44260112945906027,0.45476697948830175,0.051315945526318997,0.051315945526318997,0.45476697948830175
heatmap,rabi,sideband,7,26,0.88,1.3333333333333333,0,0.43132778140458289,0.46485276432913825,0.051909727133139412,0.051909727133139412,0.46485276432913825
heatmap,rabi,sideband,8,26,0.89333333333333331,1.3333333333333333,0,0.42011078937689766,0.47489249087013752,0.052498359876482402,0.052498359876482402,0.47489249087013752
heatmap,rabi,sideband,9,26,0.90666666666666662,1.3333333333333333,0,0.4089562076922853,0.48488003753638165,0.053081877385666547,0.053081877385666547,0.48488003753638165
heatmap,rabi,sideband,10,26,0.92000000000000004,1.3333333333333333,0,0.39787002845810715,0.49480934673574428,0.053660312403074249,0.053660312403074249,0.49480934673574428
heatmap,rabi,sideband,11,26,0.93333333333333335,1.3333333333333333,0,0.38685818402706867,0.50467442068815038,0.054233697642390458,0.054233697642390458,0.50467442068815038
heatmap,rabi,sideband,12,26,0.94666666666666666,1.3333333333333333,0,0.37592654066191855,0.51446932703434234,0.054802066151869583,0.054802066151869583,0.51446932703434234
heatmap,rabi,sideband,13,26,0.95999999999999996,1.3333333333333333,0,0.36508089700746721,0.52418820131764776,0.055365450837442598,0.055365450837442598,0.52418820131764776
heatmap,rabi,sideband,14,26,0.97333333333333338,1.3333333333333333,0,0.35432698005142577,0.53382525203690456,0.055923883955834836,0.055923883955834836,0.53382525203690456
heatmap,rabi,sideband,15,26,0.98666666666666669,1.3333333333333333,0,0.34367044342114555,0.54337476006323437,0.056477398257810008,0.056477398257810008,0.54337476006323437
heatmap,rabi,sideband,16,26,1,1.3333333333333333,0,0.33311686209955688,0.55283108483958088,0.057026026530431137,0.057026026530431137,0.55283108483958088
heatmap,rabi,sideband,17,26,1.0133333333333334,1.3333333333333333,0,0.3226717293893327,0.56218866902014653,0.057569800795260397,0.057569800795260397,0.56218866902014653
heatmap,rabi,sideband,18,26,1.0266666666666666,1.3333333333333333,0,0.31234045919584363,0.57144203328525867,0.058108753759448892,0.058108753759448892,0.57144203328525867
heatmap,rabi,sideband,19,26,1.04,1.3333333333333333,0,0.30212837553704208,0.58058578977155961,0.058642917345699173,0.058642917345699173,0.58058578977155961
heatmap,rabi,sideband,20,26,1.0533333333333332,1.3333333333333333,0,0.29204071418566102,0.58961463695691319,0.059172324428712848,0.059172324428712848,0.58961463695691319
heatmap,rabi,sideband,21,26,1.0666666666666667,1.3333333333333333,0,0.28208261919861349,0.5985233680276979,0.059697006386844331,0.059697006386844331,0.5985233680276979
heatmap,rabi,sideband,22,26,1.0800000000000001,1.3333333333333333,0,0.27225914121183248,0.60730686664821854,0.060216996069974438,0.060216996069974438,0.60730686664821854
heatmap,rabi,sideband,23,26,1.0933333333333333,1.3333333333333333,0,0.26257523184297271,0.61596011778232485,0.060732325187351187,0.060732325187351187,0.61596011778232485
heatmap,rabi,sideband,24,26,1.1066666666666667,1.3333333333333333,0,0.25303574509161064,0.62447820359055728,0.061243025658915998,0.061243025658915998,0.62447820359055728
heatmap,rabi,sideband,25,26,1.1200000000000001,1.3333333333333333,0,0.24364543104429803,0.63285631011655252,0.061749129419574722,0.061749129419574722,0.63285631011655252
heatmap,rabi,sideband,26,26,1.1333333333333333,1.3333333333333333,0,0.23440893630485238,0.64108972559560096,0.062250669049773319,0.062250669049773319,0.64108972559560096
heatmap,rabi,sideband,27,26,1.1466666666666667,1.3333333333333333,0,0.22533080111236589,0.64917384835376768,0.062747675266933173,0.062747675266933173,0.64917384835376768
heatmap,rabi,sideband,28,26,1.1599999999999999,1.3333333333333333,0,0.21641545672642104,0.65710418247541014,0.063240180399084453,0.063240180399084453,0.65710418247541014
heatmap,rabi,sideband,29,26,1.1733333333333333,1.3333333333333333,0,0.2076672202037102,0.66487634732540035,0.063728216235444682,0.063728216235444682,0.66487634732540035
heatmap,rabi,sideband,30,26,1.1866666666666668,1.3333333333333333,0,0.19909029958231814,0.67248607126596305,0.064211814575859436,0.064211814575859436,0.67248607126596305
heatmap,rabi,sideband,31,26,1.2,1.3333333333333333,0,0.19068878589694274,0.67992920203473994,0.064691006034158699,0.064691006034158699,0.67992920203473994
heatmap,rabi,sideband,1,27,0.80000000000000004,1.4666666666666666,0,0.59261209391023018,0.38085625222017228,0.013265826934798807,0.013265826934798807,0.38085625222017228
heatmap,rabi,sideband,2,27,0.81333333333333335,1.4666666666666666,0,0.58166321639628871,0.39139769859959661,0.013469542502057289,0.013469542502057289,0.39139769859959661
heatmap,rabi,sideband,3,27,0.82666666666666666,1.4666666666666666,0,0.57067699217870282,0.40197770419676088,0.013672651812268108,0.013672651812268108,0.40197770419676088
heatmap,rabi,sideband,4,27,0.83999999999999997,1.4666666666666666,0,0.5596589017427408,0.41259079023909684,0.01387515400908115,0.01387515400908115,0.41259079023909684
heatmap,rabi,sideband,5,27,0.85333333333333339,1.4666666666666666,0,0.54861443719197633,0.42323146680633494,0.014077048000844415,0.014077048000844415,0.42323146680633494
heatmap,rabi,sideband,6,27,0.8666666666666667,1.4666666666666666,0,0.5375490973276531,0.43389423708517721,0.014278332793584749,0.014278332793584749,0.43389423708517721
heatmap,rabi,sideband,7,27,0.88,1.4666666666666666,0,0.52646838554086162,0.44457359954659764,0.014479007456270438,0.014479007456270438,0.44457359954659764
heatmap,rabi,sideband,8,27,0.89333333333333331,1.4666666666666666,0,0.51537780738777561,0.45526405057080727,0.014679071020708579,0.014679071020708579,0.45526405057080727
heatmap,rabi,sideband,9,27,0.90666666666666662,1.4666666666666666,0,0.50428286691099244,0.46596008775223591,0.014878522668385815,0.014878522668385815,0.46596008775223591
heatmap,rabi,sideband,10,27,0.92000000000000004,1.4666666666666666,0,0.49318906450851535,0.4766562123710702,0.015077361560207227,0.015077361560207227,0.4766562123710702
heatmap,rabi,sideband,11,27,0.93333333333333335,1.4666666666666666,0,0.48210189411978899,0.48734693204131169,0.015275586919449677,0.015275586919449677,0.48734693204131169
heatmap,rabi,sideband,12,27,0.94666666666666666,1.4666666666666666,0,0.47102684007146362,0.49802676404210267,0.015473197943216891,0.015473197943216891,0.49802676404210267
heatmap,rabi,sideband,13,27,0.95999999999999996,1.4666666666666666,0,0.4599693748595664,0.50869023674881364,0.015670194195809981,0.015670194195809981,0.50869023674881364
heatmap,rabi,sideband,14,27,0.97333333333333338,1.4666666666666666,0,0.44893495570156378,0.51933189472672192,0.015866574785857176,0.015866574785857176,0.51933189472672192
heatmap,rabi,sideband,15,27,0.98666666666666669,1.4666666666666666,0,0.43792902277274165,0.52994629872838006,0.016062339249439127,0.016062339249439127,0.52994629872838006
heatmap,rabi,sideband,16,27,1,1.4666666666666666,0,0.42695699583068164,0.54052802989331672,0.016257487138000827,0.016257487138000827,0.54052802989331672
heatmap,rabi,sideband,17,27,1.0133333333333334,1.4666666666666666,0,0.41602427124316288,0.551071693162554,0.01645201779714156,0.01645201779714156,0.551071693162554
heatmap,rabi,sideband,18,27,1.0266666666666666,1.4666666666666666,0,0.40513622039126918,0.56157191785683691,0.016645930875946947,0.016645930875946947,0.56157191785683691
heatmap,rabi,sideband,19,27,1.04,1.4666666666666666,0,0.39429818526495741,0.57202336241961793,0.01683922615771229,0.01683922615771229,0.57202336241961793
heatmap,rabi,sideband,20,27,1.0533333333333332,1.4666666666666666,0,0.38351547788131873,0.58242071575653698,0.017031903181072131,0.017031903181072131,0.58242071575653698
heatmap,rabi,sideband,21,27,1.0666666666666667,1.4666666666666666,0,0.37279337641769511,0.59275870061058367,0.017223961485860605,0.017223961485860605,0.59275870061058367
heatmap,rabi,sideband,22,27,1.0800000000000001,1.4666666666666666,0,0.36213712225416372,0.60303207524373847,0.017415401251048887,0.017415401251048887,0.60303207524373847
heatmap,rabi,sideband,23,27,1.0933333333333333,1.4666666666666666,0,0.35155191843498418,0.61323563755354349,0.017606222005736142,0.017606222005736142,0.61323563755354349
heatmap,rabi,sideband,24,27,1.1066666666666667,1.4666666666666666,0,0.34104292627928906,0.62336422598953967,0.017796423865585671,0.017796423865585671,0.62336422598953967
heatmap,rabi,sideband,25,27,1.1200000000000001,1.4666666666666666,0,0.33061526348395898,0.63341272363738366,0.017986006439328715,0.017986006439328715,0.63341272363738366
heatmap,rabi,sideband,26,27,1.1333333333333333,1.4666666666666666,0,0.32027400150202395,0.64337605855591629,0.01817496997102986,0.01817496997102986,0.64337605855591629
heatmap,rabi,sideband,27,27,1.1466666666666667,1.4666666666666666,0,0.31002416112767978,0.6532492093464527,0.018363314762933767,0.018363314762933767,0.6532492093464527
heatmap,rabi,sideband,28,27,1.1599999999999999,1.4666666666666666,0,0.29987071408885807,0.66302720523629466,0.018551040337423663,0.018551040337423663,0.66302720523629466
heatmap,rabi,sideband,29,27,1.1733333333333333,1.4666666666666666,0,0.28981857724063814,0.67270512863115661,0.018738147064102668,0.018738147064102668,0.67270512863115661
heatmap,rabi,sideband,30,27,1.1866666666666668,1.4666666666666666,0,0.27987261064806873,0.68227811890592516,0.018924635223003049,0.018924635223003049,0.68227811890592516
heatmap,rabi,sideband,31,27,1.2,1.4666666666666666,0,0.27003761564393386,0.69174137406924996,0.019110505143408094,0.019110505143408094,0.69174137406924996
heatmap,rabi,sideband,1,28,0.80000000000000004,1.6000000000000001,0,0.66142413028234992,0.3384401357046592,6.7867006495478166e-05,6.7867006495478166e-05,0.3384401357046592
heatmap,rabi,sideband,2,28,0.81333333333333335,1.6000000000000001,0,0.65161214747317864,0.34824966809702423,6.909221489851269e-05,6.909221489851269e-05,0.34824966809702423
heatmap,rabi,sideband,3,28,0.82666666666666666,1.6000000000000001,0,0.64173598245321173,0.35812337689344614,7.0320326671075977e-05,7.0320326671075977e-05,0.35812337689344614
heatmap,rabi,sideband,4,28,0.83999999999999997,1.6000000000000001,0,0.63179986175617719,0.36805703559296038,7.1551325431187078e-05,7.1551325431187078e-05,0.36805703559296038
heatmap,rabi,sideband,5,28,0.85333333333333339,1.6000000000000001,0,0.62180803633707149,0.37804639325353639,7.2785204696091852e-05,7.2785204696091852e-05,0.37804639325353639
heatmap,rabi,sideband,6,28,0.8666666666666667,1.6000000000000001,0,0.61176477968345599,0.38808717638559337,7.4021965475253349e-05,7.4021965475253349e-05,0.38808717638559337
heatmap,rabi,sideband,7,28,0.88,1.6000000000000001,0,0.60167438615599833,0.39817509065767481,7.5261593163373328e-05,7.5261593163373328e-05,0.39817509065767481
heatmap,rabi,sideband,8,28,0.89333333333333331,1.6000000000000001,0,0.59154116898884013,0.40830582284090328,7.6504085128354342e-05,7.6504085128354342e-05,0.40830582284090328
heatmap,rabi,sideband,9,28,0.90666666666666662,1.6000000000000001,0,0.58136945848554744,0.4184750426446594,7.7749434896600859e-05,7.7749434896600859e-05,0.4184750426446594
heatmap,rabi,sideband,10,28,0.92000000000000004,1.6000000000000001,0,0.57116360022335388,0.42867840450958888,7.8997633528632321e-05,7.8997633528632321e-05,0.42867840450958888
heatmap,rabi,sideband,11,28,0.93333333333333335,1.6000000000000001,0,0.56092795316940958,0.43891154948502537,8.024867278252058e-05,8.024867278252058e-05,0.43891154948502537
heatmap,rabi,sideband,12,28,0.94666666666666666,1.6000000000000001,0,0.55066688764231497,0.44917010724515799,8.1502556263493594e-05,8.1502556263493594e-05,0.44917010724515799
heatmap,rabi,sideband,13,28,0.95999999999999996,1.6000000000000001,0,0.54038478376015431,0.45944969768461646,8.2759277614533058e-05,8.2759277614533058e-05,0.45944969768461646
heatmap,rabi,sideband,14,28,0.97333333333333338,1.6000000000000001,0,0.53008602938870142,0.46974593298462358,8.4018813337557888e-05,8.4018813337557888e-05,0.46974593298462358
heatmap,rabi,sideband,15,28,0.98666666666666669,1.6000000000000001,0,0.5197750181259565,0.48005441951080702,8.5281181618215949e-05,8.5281181618215949e-05,0.48005441951080702
heatmap,rabi,sideband,16,28,1,1.6000000000000001,0,0.50945614782769288,0.4903707594386183,8.6546366844381147e-05,8.6546366844381147e-05,0.4903707594386183
heatmap,rabi,sideband,17,28,1.0133333333333334,1.6000000000000001,0,0.49913381823807329,0.50069055303975418,8.7814361086299366e-05,8.7814361086299366e-05,0.50069055303975418
heatmap,rabi,sideband,18,28,1.0266666666666666,1.6000000000000001,0,0.48881242948372949,0.51100940019036112,8.9085162954703677e-05,8.9085162954703677e-05,0.51100940019036112
heatmap,rabi,sideband,19,28,1.04,1.6000000000000001,0,0.47849638015456847,0.52132290230834177,9.0358768544868077e-05,9.0358768544868077e-05,0.52132290230834177
heatmap,rabi,sideband,20,28,1.0533333333333332,1.6000000000000001,0,0.46819006511805639,0.531626664525785,9.1635178079334806e-05,9.1635178079334806e-05,0.531626664525785
heatmap,rabi,sideband,21,28,1.0666666666666667,1.6000000000000001,0,0.45789787412660909,0.54191629712867184,9.2914372359495761e-05,9.2914372359495761e-05,0.54191629712867184
heatmap,rabi,sideband,22,28,1.0800000000000001,1.6000000000000001,0,0.44762418954614558,0.55218741771940627,9.419636722404954e-05,9.419636722404954e-05,0.55218741771940627
heatmap,rabi,sideband,23,28,1.0933333333333333,1.6000000000000001,0,0.43737338472705878,0.56243565299332809,9.5481139806540954e-05,9.5481139806540954e-05,0.56243565299332809
heatmap,rabi,sideband,24,28,1.1066666666666667,1.6000000000000001,0,0.42714982192233952,0.5726566406817718,9.6768697944381887e-05,9.6768697944381887e-05,0.5726566406817718
heatmap,rabi,sideband,25,28,1.1200000000000001,1.6000000000000001,0,0.41695785074600544,0.58284603117544243,9.8059039276092582e-05,9.8059039276092582e-05,0.58284603117544243
heatmap,rabi,sideband,26,28,1.1333333333333333,1.6000000000000001,0,0.40680180613569872,0.59299948956246284,9.9352150919228713e-05,9.9352150919228713e-05,0.59299948956246284
heatmap,rabi,sideband,27,28,1.1466666666666667,1.6000000000000001,0,0.3966860063762454,0.60311269752659991,0.00010064804857736305,0.00010064804857736305,0.60311269752659991
heatmap,rabi,sideband,28,28,1.1599999999999999,1.6000000000000001,0,0.3866147515480251,0.61318135503341509,0.00010194670927988025,0.00010194670927988025,0.61318135503341509
heatmap,rabi,sideband,29,28,1.1733333333333333,1.6000000000000001,0,0.37659232162891332,0.62320118209481901,0.0001032481381338533,0.0001032481381338533,0.62320118209481901
heatmap,rabi,sideband,30,28,1.1866666666666668,1.6000000000000001,0,0.36662297439794878,0.6331679209150366,0.00010455234350733759,0.00010455234350733759,0.6331679209150366
heatmap,rabi,sideband,31,28,1.2,1.6000000000000001,0,0.35671094411632931,0.64307733729180794,0.00010585929593139579,0.00010585929593139579,0.64307733729180794
heatmap,rabi,sideband,1,29,0.80000000000000004,1.7333333333333334,0,0.6842159648000683,0.28631243443084758,0.014735800384542051,0.014735800384542051,0.28631243443084758
heatmap,rabi,sideband,2,29,0.81333333333333335,1.7333333333333334,0,0.67540628067265995,0.29466403390990453,0.014964842708717743,0.014964842708717743,0.29466403390990453
heatmap,rabi,sideband,3,29,0.82666666666666666,1.7333333333333334,0,0.66653676099386672,0.30307663726550294,0.015193300870315112,0.015193300870315112,0.30307663726550294
heatmap,rabi,sideband,4,29,0.83999999999999997,1.7333333333333334,0,0.65761062740302889,0.31154702584638017,0.015421173375295439,0.015421173375295439,0.31154702584638017
heatmap,rabi,sideband,5,29,0.85333333333333339,1.7333333333333334,0,0.64863111835566356,0.32007196442778452,0.015648458608275979,0.015648458608275979,0.32007196442778452
heatmap,rabi,sideband,6,29,0.8666666666666667,1.7333333333333334,0,0.63960148748879531,0.32864820189157734,0.015875155309813687,0.015875155309813687,0.32864820189157734
heatmap,rabi,sideband,7,29,0.88,1.7333333333333334,0,0.63052500356649166,0.33727247264500515,0.016101261894251647,0.016101261894251647,0.33727247264500515
heatmap,rabi,sideband,8,29,0.89333333333333331,1.7333333333333334,0,0.62140494776177757,0.34594149799228285,0.016326777122969763,0.016326777122969763,0.34594149799228285
heatmap,rabi,sideband,9,29,0.90666666666666662,1.7333333333333334,0,0.61224461351430226,0.3546519871960373,0.016551699644830244,0.016551699644830244,0.3546519871960373
heatmap,rabi,sideband,10,29,0.92000000000000004,1.7333333333333334,0,0.60304730568682285,0.36340063813920725,0.016776028086984991,0.016776028086984991,0.36340063813920725
heatmap,rabi,sideband,11,29,0.93333333333333335,1.7333333333333334,0,0.59381633793015509,0.37218413978999193,0.016999761139926486,0.016999761139926486,0.37218413978999193
heatmap,rabi,sideband,12,29,0.94666666666666666,1.7333333333333334,0,0.5845550318152638,0.38099917250225945,0.017222897841238358,0.017222897841238358,0.38099917250225945
heatmap,rabi,sideband,13,29,0.95999999999999996,1.7333333333333334,0,0.57526671734885848,0.38984240912316764,0.017445436763986924,0.017445436763986924,0.38984240912316764
heatmap,rabi,sideband,14,29,0.97333333333333338,1.7333333333333334,0,0.5659547296934847,0.39871051683229958,0.017667376737107832,0.017667376737107832,0.39871051683229958
heatmap,rabi,sideband,15,29,0.98666666666666669,1.7333333333333334,0,0.55662240818680542,0.40760015806105154,0.017888716876071444,0.017888716876071444,0.40760015806105154
heatmap,rabi,sideband,16,29,1,1.7333333333333334,0,0.54727309642557354,0.4165079919381835,0.018109455818121456,0.018109455818121456,0.4165079919381835
heatmap,rabi,sideband,17,29,1.0133333333333334,1.7333333333333334,0,0.53791013948067823,0.42543067492097764,0.018329592799172064,0.018329592799172064,0.42543067492097764
heatmap,rabi,sideband,18,29,1.0266666666666666,1.7333333333333334,0,0.52853688457918346,0.43436486242616984,0.018549126497323324,0.018549126497323324,0.43436486242616984
heatmap,rabi,sideband,19,29,1.04,1.7333333333333334,0,0.51915667704475632,0.44330721017079894,0.018768056392222347,0.018768056392222347,0.44330721017079894
heatmap,rabi,sideband,20,29,1.0533333333333332,1.7333333333333334,0,0.50977286234973074,0.45225437520590134,0.018986381222183931,0.018986381222183931,0.45225437520590134
heatmap,rabi,sideband,21,29,1.0666666666666667,1.7333333333333334,0,0.50038878217114546,0.4612030174099313,0.019204100209461613,0.019204100209461613,0.4612030174099313
heatmap,rabi,sideband,22,29,1.0800000000000001,1.7333333333333334,0,0.49100777479019919,0.47014980000166551,0.019421212604067647,0.019421212604067647,0.47014980000166551
heatmap,rabi,sideband,23,29,1.0933333333333333,1.7333333333333334,0,0.48163317332893335,0.47909139171260556,0.019637717479230505,0.019637717479230505,0.47909139171260556
heatmap,rabi,sideband,24,29,1.1066666666666667,1.7333333333333334,0,0.47226830526015573,0.48802446695544849,0.019853613892197929,0.019853613892197929,0.48802446695544849
heatmap,rabi,sideband,25,29,1.1200000000000001,1.7333333333333334,0,0.4629164888538686,0.49694570795204368,0.020068901597043855,0.020068901597043855,0.49694570795204368
heatmap,rabi,sideband,26,29,1.1333333333333333,1.7333333333333334,0,0.45358103522368204,0.50585180568512267,0.020283579545597615,0.020283579545597615,0.50585180568512267
heatmap,rabi,sideband,27,29,1.1466666666666667,1.7333333333333334,0,0.44426524500162623,0.51473946037388829,0.020497647312242732,0.020497647312242732,0.51473946037388829
heatmap,rabi,sideband,28,29,1.1599999999999999,1.7333333333333334,0,0.43497240820021943,0.52360538335947537,0.02071110422015263,0.02071110422015263,0.52360538335947537
heatmap,rabi,sideband,29,29,1.1733333333333333,1.7333333333333334,0,0.42570580191079915,0.53244629926805287,0.020923949410573957,0.020923949410573957,0.53244629926805287
heatmap,rabi,sideband,30,29,1.1866666666666668,1.7333333333333334,0,0.4164686900171391,0.54125894466867819,0.021136182657091367,0.021136182657091367,0.54125894466867819
heatmap,rabi,sideband,31,29,1.2,1.7333333333333334,0,0.407264321961117,0.55004007064924221,0.021347803694820373,0.021347803694820373,0.55004007064924221
heatmap,rabi,sideband,1,30,0.80000000000000004,1.8666666666666667,0,0.67292873953327681,0.2438264397704786,0.041622410348122307,0.041622410348122307,0.2438264397704786
heatmap,rabi,sideband,2,30,0.81333333333333335,1.8666666666666667,0,0.66482257510334386,0.25079682072910581,0.042190302083775194,0.042190302083775194,0.25079682072910581
heatmap,rabi,sideband,3,30,0.82666666666666666,1.8666666666666667,0,0.65667751585390854,0.25781363594777162,0.042754424099159923,0.042754424099159923,0.25781363594777162
heatmap,rabi,sideband,4,30,0.83999999999999997,1.8666666666666667,0,0.64849613054571997,0.26487428489224268,0.043314792281018637,0.043314792281018637,0.26487428489224268
heatmap,rabi,sideband,5,30,0.85333333333333339,1.8666666666666667,0,0.6402809893650877,0.27197616373118799,0.043871423451862165,0.043871423451862165,0.27197616373118799
heatmap,rabi,sideband,6,30,0.8666666666666667,1.8666666666666667,0,0.63203466611519432,0.27911666481916192,0.044424334532821907,0.044424334532821907,0.27911666481916192
heatmap,rabi,sideband,7,30,0.88,1.8666666666666667,0,0.62375973887518565,0.28629317795881343,0.044973541583000418,0.044973541583000418,0.28629317795881343
heatmap,rabi,sideband,8,30,0.89333333333333331,1.8666666666666667,0,0.61545878591083403,0.29350309171952643,0.045519061184819812,0.045519061184819812,0.29350309171952643
heatmap,rabi,sideband,9,30,0.90666666666666662,1.8666666666666667,0,0.60713438604624337,0.30074379364798098,0.046060910152887789,0.046060910152887789,0.30074379364798098
heatmap,rabi,sideband,10,30,0.92000000000000004,1.8666666666666667,0,0.59878912012199381,0.30801267105226454,0.046599104412870823,0.046599104412870823,0.30801267105226454
heatmap,rabi,sideband,11,30,0.93333333333333335,1.8666666666666667,0,0.59042556634702636,0.31530711270991407,0.047133660471529823,0.047133660471529823,0.31530711270991407
heatmap,rabi,sideband,12,30,0.94666666666666666,1.8666666666666667,0,0.58204630165145943,0.32262450873956056,0.047664594804489972,0.047664594804489972,0.32262450873956056
heatmap,rabi,sideband,13,30,0.95999999999999996,1.8666666666666667,0,0.57365390063697519,0.32996225159972298,0.048191923881650889,0.048191923881650889,0.32996225159972298
heatmap,rabi,sideband,14,30,0.97333333333333338,1.8666666666666667,0,0.56525093526857684,0.33731773740964671,0.048715663660888218,0.048715663660888218,0.33731773740964671
heatmap,rabi,sideband,15,30,0.98666666666666669,1.8666666666666667,0,0.55683997218598746,0.34468836660886493,0.049235830602573895,0.049235830602573895,0.34468836660886493
heatmap,rabi,sideband,16,30,1,1.8666666666666667,0,0.54842357358878224,0.35207154413478303,0.049752441138217342,0.049752441138217342,0.35207154413478303
heatmap,rabi,sideband,17,30,1.0133333333333334,1.8666666666666667,0,0.54000429664661109,0.35946468107086105,0.050265511141263895,0.050265511141263895,0.35946468107086105
heatmap,rabi,sideband,18,30,1.0266666666666666,1.8666666666666667,0,0.53158469060135638,0.36686519501221337,0.050775057193215102,0.050775057193215102,0.36686519501221337
heatmap,rabi,sideband,19,30,1.04,1.8666666666666667,0,0.52316729789796157,0.37427051122195987,0.051281095440039288,0.051281095440039288,0.37427051122195987
heatmap,rabi,sideband,20,30,1.0533333333333332,1.8666666666666667,0,0.51475465325046244,0.38167806277949945,0.051783641985019051,0.051783641985019051,0.38167806277949945
heatmap,rabi,sideband,21,30,1.0666666666666667,1.8666666666666667,0,0.50634928233898047,0.38908529190829416,0.052282712876362721,0.052282712876362721,0.38908529190829416
heatmap,rabi,sideband,22,30,1.0800000000000001,1.8666666666666667,0,0.49795370032161579,0.39648965071468611,0.052778324481849048,0.052778324481849048,0.39648965071468611
heatmap,rabi,sideband,23,30,1.0933333333333333,1.8666666666666667,0,0.48957041194266915,0.40388860203651639,0.053270493010407254,0.053270493010407254,0.40388860203651639
heatmap,rabi,sideband,24,30,1.1066666666666667,1.8666666666666667,0,0.4812019121013244,0.41127961951860476,0.053759234190035379,0.053759234190035379,0.41127961951860476
heatmap,rabi,sideband,25,30,1.1200000000000001,1.8666666666666667,0,0.47285068146906217,0.41866018959376777,0.054244564468584958,0.054244564468584958,0.41866018959376777
heatmap,rabi,sideband,26,30,1.1333333333333333,1.8666666666666667,0,0.46451918899243716,0.42602781139192974,0.054726499807816527,0.054726499807816527,0.42602781139192974
heatmap,rabi,sideband,27,30,1.1466666666666667,1.8666666666666667,0,0.45620989061261252,0.43337999713224301,0.055205056127572288,0.055205056127572288,0.43337999713224301
heatmap,rabi,sideband,28,30,1.1599999999999999,1.8666666666666667,0,0.44792522670891755,0.44071427383715928,0.055680249726961596,0.055680249726961596,0.44071427383715928
heatmap,rabi,sideband,29,30,1.1733333333333333,1.8666666666666667,0,0.43966762277443439,0.44802818386492899,0.0561520966803183,0.0561520966803183,0.44802818386492899
heatmap,rabi,sideband,30,30,1.1866666666666668,1.8666666666666667,0,0.43143948925944531,0.45531928640816766,0.056620612166193497,0.056620612166193497,0.45531928640816766
heatmap,rabi,sideband,31,30,1.2,1.8666666666666667,0,0.42324322030323885,0.4625851539040573,0.057085812896351909,0.057085812896351909,0.4625851539040573
heatmap,rabi,sideband,1,31,0.80000000000000004,2,0,0.65147164742977293,0.22025796632418373,0.064135193123021697,0.064135193123021697,0.22025796632418373
heatmap,rabi,sideband,2,31,0.81333333333333335,2,0,0.64387438548646991,0.22635528435207816,0.064885165080725976,0.064885165080725976,0.22635528435207816
heatmap,rabi,sideband,3,31,0.82666666666666666,2,0,0.63626111005753139,0.2324854102475491,0.065626739847459814,0.065626739847459814,0.2324854102475491
heatmap,rabi,sideband,4,31,0.83999999999999997,2,0,0.62863394350515345,0.23864605832276053,0.066359999086042995,0.066359999086042995,0.23864605832276053
heatmap,rabi,sideband,5,31,0.85333333333333339,2,0,0.62099500175592326,0.24483494810441231,0.067085025069832216,0.067085025069832216,0.24483494810441231
heatmap,rabi,sideband,6,31,0.8666666666666667,2,0,0.61334638419154708,0.25104981102698015,0.067801902390736343,0.067801902390736343,0.25104981102698015
heatmap,rabi,sideband,7,31,0.88,2,0,0.60569019809115843,0.25728838212613719,0.068510709891352231,0.068510709891352231,0.25728838212613719
heatmap,rabi,sideband,8,31,0.89333333333333331,2,0,0.59802853417854296,0.26354840762797893,0.069211529096739027,0.069211529096739027,0.26354840762797893
heatmap,rabi,sideband,9,31,0.90666666666666662,2,0,0.59036347530098221,0.26982764308835161,0.069904440805333132,0.069904440805333132,0.26982764308835161
heatmap,rabi,sideband,10,31,0.92000000000000004,2,0,0.58269709912974499,0.27612385290603003,0.070589523982112407,0.070589523982112407,0.27612385290603003
heatmap,rabi,sideband,11,31,0.93333333333333335,2,0,0.57503147381677322,0.28243481262453496,0.071266856779345925,0.071266856779345925,0.28243481262453496
heatmap,rabi,sideband,12,31,0.94666666666666666,2,0,0.56736865699163808,0.28875830924285578,0.071936516882753043,0.071936516882753043,0.28875830924285578
heatmap,rabi,sideband,13,31,0.95999999999999996,2,0,0.55971069676645813,0.29509214031320657,0.072598581460167746,0.072598581460167746,0.29509214031320657
heatmap,rabi,sideband,14,31,0.97333333333333338,2,0,0.55205963014996118,0.30143411634757666,0.073253126751231051,0.073253126751231051,0.30143411634757666
heatmap,rabi,sideband,15,31,0.98666666666666669,2,0,0.54441748466390572,0.30778206070798803,0.073900227314053185,0.073900227314053185,0.30778206070798803
heatmap,rabi,sideband,16,31,1,2,0,0.53678627303951498,0.31413380982933586,0.074539958565574535,0.074539958565574535,0.31413380982933586
heatmap,rabi,sideband,17,31,1.0133333333333334,2,0,0.5291679991497108,0.32048721372416816,0.075172393563060561,0.075172393563060561,0.32048721372416816
heatmap,rabi,sideband,18,31,1.0266666666666666,2,0,0.52156465067362479,0.32684013761111774,0.075797605857628764,0.075797605857628764,0.32684013761111774
heatmap,rabi,sideband,19,31,1.04,2,0,0.51397820286474294,0.33319046104595462,0.076415668044651178,0.076415668044651178,0.33319046104595462
heatmap,rabi,sideband,20,31,1.0533333333333332,2,0,0.50641061826681166,0.33953607886155912,0.07702665143581458,0.07702665143581458,0.33953607886155912
heatmap,rabi,sideband,21,31,1.0666666666666667,2,0,0.49886384339028694,0.3458749025319916,0.077630627038860672,0.077630627038860672,0.3458749025319916
heatmap,rabi,sideband,22,31,1.0800000000000001,2,0,0.49133980977453789,0.35220485944013458,0.078227665392663778,0.078227665392663778,0.35220485944013458
heatmap,rabi,sideband,23,31,1.0933333333333333,2,0,0.48384043433434953,0.35852389418880221,0.078817835738424089,0.078817835738424089,0.35852389418880221
heatmap,rabi,sideband,24,31,1.1066666666666667,2,0,0.47636761703891145,0.36482996868769441,0.079401207136697072,0.079401207136697072,0.36482996868769441
heatmap,rabi,sideband,25,31,1.1200000000000001,2,0,0.46892324112987305,0.37112106323559851,0.079977847817264192,0.079977847817264192,0.37112106323559851
heatmap,rabi,sideband,26,31,1.1333333333333333,2,0,0.46150917286743393,0.37739517598166972,0.080547825575448165,0.080547825575448165,0.37739517598166972
heatmap,rabi,sideband,27,31,1.1466666666666667,2,0,0.45412726134263365,0.38365032451507236,0.081111207071146996,0.081111207071146996,0.38365032451507236
heatmap,rabi,sideband,28,31,1.1599999999999999,2,0,0.44677933876292825,0.38988454452730248,0.08166805835488461,0.08166805835488461,0.38988454452730248
heatmap,rabi,sideband,29,31,1.1733333333333333,2,0,0.43946721616732121,0.39609589316810667,0.082218445332286103,0.082218445332286103,0.39609589316810667
heatmap,rabi,sideband,30,31,1.1866666666666668,2,0,0.43219268664814497,0.40228244721344036,0.082762433069207275,0.082762433069207275,0.40228244721344036
heatmap,rabi,sideband,31,31,1.2,2,0,0.42495752555012389,0.4084423039712225,0.083300085239326777,0.083300085239326777,0.4084423039712225
