pulse_name,pulse_label,source,scan_kind,scan_name,x_axis,y_axis,sample_index,x_index,y_index,rabi_ratio,phase_pi,sideband_2pi_khz,fcl_2pi_khz,gg,ee,eg,ge,odd,balance,nominal_gg,nominal_ee,score,score_infidelity,log10_score_infidelity,fock_cutoff,abstol,reltol
varms_2,2 x MS0(pi/2),existing_coarse,heatmap,rabi_sideband,rabi,sideband,1,1,1,0.80000000000000004,0,-2,0,0.38235762012665286,0.37643080089170955,0.12060578949081878,0.12060578949081878,0.24121157898163756,0.0059268192349433146,1.2944889472286385e-10,0.99998800588249515,0,1,0,NaN,NaN,NaN
varms_2,2 x MS0(pi/2),existing_coarse,heatmap,rabi_sideband,rabi,sideband,2,2,1,0.81333333333333335,0,-2,0,0.3865990528308263,0.37934110093318241,0.11702992311799562,0.11702992311799562,0.23405984623599124,0.0072579518976438884,1.2944889472286385e-10,0.99998800588249515,0,1,0,NaN,NaN,NaN
varms_2,2 x MS0(pi/2),existing_coarse,heatmap,rabi_sideband,rabi,sideband,3,3,1,0.82666666666666666,0,-2,0,0.39043291121054868,0.38195543797430626,0.11380582540757254,0.11380582540757254,0.22761165081514509,0.0084774732362424277,1.2944889472286385e-10,0.99998800588249515,0,1,0,NaN,NaN,NaN
varms_2,2 x MS0(pi/2),existing_coarse,heatmap,rabi_sideband,rabi,sideband,4,4,1,0.83999999999999997,0,-2,0,0.39349844968732356,0.38405778150830833,0.11122188440218404,0.11122188440218404,0.22244376880436809,0.0094406681790152325,1.2944889472286385e-10,0.99998800588249515,0,1,0,NaN,NaN,NaN
varms_2,2 x MS0(pi/2),existing_coarse,heatmap,rabi_sideband,rabi,sideband,5,5,1,0.85333333333333339,0,-2,0,0.39541488915530043,0.38545159626427938,0.10956675729021002,0.10956675729021002,0.21913351458042005,0.0099632928910210472,1.2944889472286385e-10,0.99998800588249515,0,1,0,NaN,NaN,NaN
varms_2,2 x MS0(pi/2),existing_coarse,heatmap,rabi_sideband,rabi,sideband,6,6,1,0.8666666666666667,0,-2,0,0.39578646041564586,0.38596550758813747,0.10912401599810836,0.10912401599810836,0.21824803199621673,0.009820952827508389,1.2944889472286385e-10,0.99998800588249515,0,1,0,NaN,NaN,NaN
varms_2,2 x MS0(pi/2),existing_coarse,heatmap,rabi_sideband,rabi,sideband,7,7,1,0.88,0,-2,0,0.39422159099997051,0.38547029195030463,0.11015405852486244,0.11015405852486244,0.22030811704972489,0.0087512990496658727,1.2944889472286385e-10,0.99998800588249515,0,1,0,NaN,NaN,NaN
varms_2,2 x MS0(pi/2),existing_coarse,heatmap,rabi_sideband,rabi,sideband,8,8,1,0.89333333333333331,0,-2,0,0.39037336201136374,0.38391366903438268,0.11285648447712673,0.11285648447712673,0.22571296895425347,0.0064596929769810685,1.2944889472286385e-10,0.99998800588249515,0,1,0,NaN,NaN,NaN
varms_2,2 x MS0(pi/2),existing_coarse,heatmap,rabi_sideband,rabi,sideband,9,9,1,0.90666666666666662,0,-2,0,0.38400058835603035,0.38137168876330957,0.11731386144033008,0.11731386144033008,0.23462772288066017,0.0026288995927207792,1.2944889472286385e-10,0.99998800588249515,0,1,0,NaN,NaN,NaN
varms_2,2 x MS0(pi/2),existing_coarse,heatmap,rabi_sideband,rabi,sideband,10,10,1,0.92000000000000004,0,-2,0,0.37503933409651086,0.37810618592682049,0.12342723998833438,0.12342723998833438,0.24685447997666876,-0.0030668518303096359,1.2944889472286385e-10,0.99998800588249515,0.0030788460772634973,0.9969211539227365,-0.0013391884991253739,NaN,NaN,NaN
varms_2,2 x MS0(pi/2),existing_coarse,heatmap,rabi_sideband,rabi,sideband,11,11,1,0.93333333333333335,0,-2,0,0.36366666049917479,0.37460998439600912,0.13086167755240807,0.13086167755240807,0.26172335510481615,-0.010943323896834334,1.2944889472286385e-10,0.99998800588249515,0.01095531814378814,0.98904468185621186,-0.0047840879323880498,NaN,NaN,NaN
varms_2,2 x MS0(pi/2),existing_coarse,heatmap,rabi_sideband,rabi,sideband,12,12,1,0.94666666666666666,0,-2,0,0.35033502604082239,0.37161858612543824,0.13902319391686963,0.13902319391686963,0.27804638783373925,-0.021283560084615849,1.2944889472286385e-10,0.99998800588249515,0.021295554331569599,0.9787044456684304,-0.0093484389368085983,NaN,NaN,NaN
varms_2,2 x MS0(pi/2),existing_coarse,heatmap,rabi_sideband,rabi,sideband,13,13,1,0.95999999999999996,0,-2,0,0.33575904443354093,0.37007063494370529,0.14708516031137686,0.14708516031137686,0.29417032062275372,-0.034311590510164358,1.2944889472286385e-10,0.99998800588249515,0.034323584757118053,0.96567641524288195,-0.015168375258234137,NaN,NaN,NaN
varms_2,2 x MS0(pi/2),existing_coarse,heatmap,rabi_sideband,rabi,sideband,14,14,1,0.97333333333333338,0,-2,0,0.32084616441262936,0.37100984248616703,0.15407199655060178,0.15407199655060178,0.30814399310120355,-0.050163678073537665,1.2944889472286385e-10,0.99998800588249515,0.050175672320491471,0.94982432767950853,-0.022356711105166637,NaN,NaN,NaN
varms_2,2 x MS0(pi/2),existing_coarse,heatmap,rabi_sideband,rabi,sideband,15,15,1,0.98666666666666669,0,-2,0,0.30657717471564544,0.37543594667989622,0.1589934393022292,0.1589934393022292,0.3179868786044584,-0.068858771964250776,1.2944889472286385e-10,0.99998800588249515,0.068870766211204582,0.93112923378879542,-0.030990038002258517,NaN,NaN,NaN
varms_2,2 x MS0(pi/2),existing_coarse,heatmap,rabi_sideband,rabi,sideband,16,16,1,1,0,-2,0,0.29385754586435497,0.38412750597464734,0.16100747408049884,0.16100747408049884,0.32201494816099768,-0.090269960110292369,1.2944889472286385e-10,0.99998800588249515,0.090281954357246064,0.90971804564275394,-0.041093190311390228,NaN,NaN,NaN
varms_2,2 x MS0(pi/2),existing_coarse,heatmap,rabi_sideband,rabi,sideband,17,17,1,1.0133333333333334,0,-2,0,0.28337162024292406,0.39747099077820053,0.15957869448943773,0.15957869448943773,0.31915738897887547,-0.11409937053527647,1.2944889472286385e-10,0.99998800588249515,0.11411136478223016,0.88588863521776984,-0.052620869704659137,NaN,NaN,NaN
varms_2,2 x MS0(pi/2),existing_coarse,heatmap,rabi_sideband,rabi,sideband,18,18,1,1.0266666666666666,0,-2,0,0.27547509589299318,0.41533404554340214,0.15459542928180239,0.15459542928180239,0.30919085856360479,-0.13985894965040896,1.2944889472286385e-10,0.99998800588249515,0.13987094389736265,0.86012905610263735,-0.065436381142249311,NaN,NaN,NaN
varms_2,2 x MS0(pi/2),existing_coarse,heatmap,rabi_sideband,rabi,sideband,19,19,1,1.04,0,-2,0,0.27015514736461654,0.43701488309763603,0.14641498476887374,0.14641498476887374,0.29282996953774748,-0.16685973573301949,1.2944889472286385e-10,0.99998800588249515,0.16687172997997324,0.83312827002002676,-0.07928812863727483,NaN,NaN,NaN
varms_2,2 x MS0(pi/2),existing_coarse,heatmap,rabi_sideband,rabi,sideband,20,20,1,1.0533333333333332,0,-2,0,0.26707261921333769,0.46128463219465471,0.1358213742960038,0.1358213742960038,0.2716427485920076,-0.19421201298131702,1.2944889472286385e-10,0.99998800588249515,0.19422400722827082,0.80577599277172918,-0.093785676091449735,NaN,NaN,NaN
varms_2,2 x MS0(pi/2),existing_coarse,heatmap,rabi_sideband,rabi,sideband,21,21,1,1.0666666666666667,0,-2,0,0.26568075155550025,0.48651908937069227,0.1239000795369038,0.1239000795369038,0.24780015907380759,-0.22083833781519202,1.2944889472286385e-10,0.99998800588249515,0.22085033206214577,0.77914966793785423,-0.10837911008589245,NaN,NaN,NaN
varms_2,2 x MS0(pi/2),existing_coarse,heatmap,rabi_sideband,rabi,sideband,22,22,1,1.0800000000000001,0,-2,0,0.26539479161096108,0.51089569990096595,0.11185475424403647,0.11185475424403647,0.22370950848807294,-0.24550090829000487,1.2944889472286385e-10,0.99998800588249515,0.24551290253695857,0.75448709746304143,-0.12234818272539111,NaN,NaN,NaN
varms_2,2 x MS0(pi/2),existing_coarse,heatmap,rabi_sideband,rabi,sideband,23,23,1,1.0933333333333333,0,-2,0,0.26577253052478739,0.53261633720537882,0.10080556613491691,0.10080556613491691,0.20161113226983382,-0.26684380668059143,1.2944889472286385e-10,0.99998800588249515,0.26685580092754524,0.73314419907245476,-0.13481059738841156,NaN,NaN,NaN
varms_2,2 x MS0(pi/2),existing_coarse,heatmap,rabi_sideband,rabi,sideband,24,24,1,1.1066666666666667,0,-2,0,0.26666124024009613,0.55011094393642401,0.091613907911739886,0.091613907911739886,0.18322781582347977,-0.28344970369632788,1.2944889472286385e-10,0.99998800588249515,0.28346169794328169,0.71653830205671831,-0.14476058973658648,NaN,NaN,NaN
varms_2,2 x MS0(pi/2),existing_coarse,heatmap,rabi_sideband,rabi,sideband,25,25,1,1.1200000000000001,0,-2,0,0.26827351510852954,0.56218296997325834,0.084771757459106062,0.084771757459106062,0.16954351491821212,-0.2939094548647288,1.2944889472286385e-10,0.99998800588249515,0.2939214491116825,0.7060785508883175,-0.15114698121493894,NaN,NaN,NaN
varms_2,2 x MS0(pi/2),existing_coarse,heatmap,rabi_sideband,rabi,sideband,26,26,1,1.1333333333333333,0,-2,0,0.27117156563026429,0.56807339726891659,0.080377518550409546,0.080377518550409546,0.16075503710081909,-0.2969018316386523,1.2944889472286385e-10,0.99998800588249515,0.29691382588560611,0.70308617411439389,-0.15299144219387886,NaN,NaN,NaN
varms_2,2 x MS0(pi/2),existing_coarse,heatmap,rabi_sideband,rabi,sideband,27,27,1,1.1466666666666667,0,-2,0,0.27616215531283472,0.56744162229302064,0.078198111197072304,0.078198111197072304,0.15639622239414461,-0.29127946698018592,1.2944889472286385e-10,0.99998800588249515,0.29129146122713967,0.70870853877286033,-0.14953233467238258,NaN,NaN,NaN
varms_2,2 x MS0(pi/2),existing_coarse,heatmap,rabi_sideband,rabi,sideband,28,28,1,1.1599999999999999,0,-2,0,0.28412662505375624,0.56028276630238627,0.077795304321928771,0.077795304321928771,0.15559060864385754,-0.27615614124863003,1.2944889472286385e-10,0.99998800588249515,0.27616813549558383,0.72383186450441617,-0.14036230230846147,NaN,NaN,NaN
varms_2,2 x MS0(pi/2),existing_coarse,heatmap,rabi_sideband,rabi,sideband,29,29,1,1.1733333333333333,0,-2,0,0.29582639495063562,0.54681609361631889,0.078678755716522747,0.078678755716522747,0.15735751143304549,-0.25098969866568327,1.2944889472286385e-10,0.99998800588249515,0.25100169291263696,0.74899830708736304,-0.12551916390727247,NaN,NaN,NaN
varms_2,2 x MS0(pi/2),existing_coarse,heatmap,rabi_sideband,rabi,sideband,30,30,1,1.1866666666666668,0,-2,0,0.31172961106084829,0.52738415231559199,0.08044311831177986,0.08044311831177986,0.16088623662355972,-0.2156545412547437,1.2944889472286385e-10,0.99998800588249515,0.21566653550169745,0.78433346449830255,-0.10549925491607942,NaN,NaN,NaN
varms_2,2 x MS0(pi/2),existing_coarse,heatmap,rabi_sideband,rabi,sideband,31,31,1,1.2,0,-2,0,0.33189805964635349,0.50239565395487407,0.082853143199386289,0.082853143199386289,0.16570628639877258,-0.17049759430852057,1.2944889472286385e-10,0.99998800588249515,0.17050958855547438,0.82949041144452562,-0.081188629869639026,NaN,NaN,NaN
varms_2,2 x MS0(pi/2),existing_coarse,heatmap,rabi_sideband,rabi,sideband,32,1,2,0.80000000000000004,0,-1.8666666666666667,0,0.40779790240262931,0.3514447142517822,0.12037869167279422,0.12037869167279422,0.24075738334558844,0.056353188150847111,1.2944889472286385e-10,0.99998800588249515,0,1,0,NaN,NaN,NaN
varms_2,2 x MS0(pi/2),existing_coarse,heatmap,rabi_sideband,rabi,sideband,33,2,2,0.81333333333333335,0,-1.8666666666666667,0,0.41466636524092337,0.34880914090032106,0.11826224692937787,0.11826224692937787,0.23652449385875574,0.065857224340602316,1.2944889472286385e-10,0.99998800588249515,0,1,0,NaN,NaN,NaN
varms_2,2 x MS0(pi/2),existing_coarse,heatmap,rabi_sideband,rabi,sideband,34,3,2,0.82666666666666666,0,-1.8666666666666667,0,0.42092570712475025,0.34514711297287248,0.11696358995118863,0.11696358995118863,0.23392717990237727,0.075778594151877765,1.2944889472286385e-10,0.99998800588249515,0,1,0,NaN,NaN,NaN
varms_2,2 x MS0(pi/2),existing_coarse,heatmap,rabi_sideband,rabi,sideband,35,4,2,0.83999999999999997,0,-1.8666666666666667,0,0.42582628815836121,0.33999752013682455,0.11708809585240708,0.11708809585240708,0.23417619170481416,0.085828768021536661,1.2944889472286385e-10,0.99998800588249515,0,1,0,NaN,NaN,NaN
varms_2,2 x MS0(pi/2),existing_coarse,heatmap,rabi_sideband,rabi,sideband,36,5,2,0.85333333333333339,0,-1.8666666666666667,0,0.42858918314785116,0.33294339716149146,0.11923370984532863,0.11923370984532863,0.23846741969065727,0.095645785986359699,1.2944889472286385e-10,0.99998800588249515,0,1,0,NaN,NaN,NaN
varms_2,2 x MS0(pi/2),existing_coarse,heatmap,rabi_sideband,rabi,sideband,37,6,2,0.8666666666666667,0,-1.8666666666666667,0,0.42858279224029322,0.32378461186164142,0.12381629794903272,0.12381629794903272,0.24763259589806544,0.1047981803786518,1.2944889472286385e-10,0.99998800588249515,0,1,0,NaN,NaN,NaN
varms_2,2 x MS0(pi/2),existing_coarse,heatmap,rabi_sideband,rabi,sideband,38,7,2,0.88,0,-1.8666666666666667,0,0.42551704248055977,0.31272294112445864,0.13088000819749074,0.13088000819749074,0.26176001639498148,0.11279410135610113,1.2944889472286385e-10,0.99998800588249515,0,1,0,NaN,NaN,NaN
varms_2,2 x MS0(pi/2),existing_coarse,heatmap,rabi_sideband,rabi,sideband,39,8,2,0.89333333333333331,0,-1.8666666666666667,0,0.41960342654056204,0.30050736573222575,0.13994460386360613,0.13994460386360613,0.27988920772721226,0.11909606080833629,1.2944889472286385e-10,0.99998800588249515,0,1,0,NaN,NaN,NaN
varms_2,2 x MS0(pi/2),existing_coarse,heatmap,rabi_sideband,rabi,sideband,40,9,2,0.90666666666666662,0,-1.8666666666666667,0,0.41162593782150642,0.28848463627772963,0.14994471295038198,0.14994471295038198,0.29988942590076395,0.12314130154377678,1.2944889472286385e-10,0.99998800588249515,0,1,0,NaN,NaN,NaN
varms_2,2 x MS0(pi/2),existing_coarse,heatmap,rabi_sideband,rabi,sideband,41,10,2,0.92000000000000004,0,-1.8666666666666667,0,0.40288143883514788,0.27851401635181539,0.15930227240651837,0.15930227240651837,0.31860454481303674,0.12436742248333249,1.2944889472286385e-10,0.99998800588249515,0,1,0,NaN,NaN,NaN
varms_2,2 x MS0(pi/2),existing_coarse,heatmap,rabi_sideband,rabi,sideband,42,11,2,0.93333333333333335,0,-1.8666666666666667,0,0.39497715067290973,0.27273485031631495,0.16614399950538769,0.16614399950538769,0.33228799901077538,0.12224230035659478,1.2944889472286385e-10,0.99998800588249515,0,1,0,NaN,NaN,NaN
varms_2,2 x MS0(pi/2),existing_coarse,heatmap,rabi_sideband,rabi,sideband,43,12,2,0.94666666666666666,0,-1.8666666666666667,0,0.3895115639944165,0.27321447459561682,0.16863698070498331,0.16863698070498331,0.33727396140996663,0.11629708939879968,1.2944889472286385e-10,0.99998800588249515,0,1,0,NaN,NaN,NaN
varms_2,2 x MS0(pi/2),existing_coarse,heatmap,rabi_sideband,rabi,sideband,44,13,2,0.95999999999999996,0,-1.8666666666666667,0,0.38770237532450846,0.28154203197518635,0.16537779635015257,0.16537779635015257,0.33075559270030513,0.10616034334932212,1.2944889472286385e-10,0.99998800588249515,0,1,0,NaN,NaN,NaN
varms_2,2 x MS0(pi/2),existing_coarse,heatmap,rabi_sideband,rabi,sideband,45,14,2,0.97333333333333338,0,-1.8666666666666667,0,0.39004954665892744,0.29845832915521381,0.15574606209292946,0.15574606209292946,0.31149212418585892,0.091591217503713629,1.2944889472286385e-10,0.99998800588249515,0,1,0,NaN,NaN,NaN
varms_2,2 x MS0(pi/2),existing_coarse,heatmap,rabi_sideband,rabi,sideband,46,15,2,0.98666666666666669,0,-1.8666666666666667,0,0.39612402472756991,0.32361466122621457,0.14013065702310781,0.14013065702310781,0.28026131404621563,0.072509363501355339,1.2944889472286385e-10,0.99998800588249515,0,1,0,NaN,NaN,NaN
varms_2,2 x MS0(pi/2),existing_coarse,heatmap,rabi_sideband,rabi,sideband,47,16,2,1,0,-1.8666666666666667,0,0.40454953464332094,0.35553060532847908,0.11995993001410002,0.11995993001410002,0.23991986002820004,0.049018929314841864,1.2944889472286385e-10,0.99998800588249515,0,1,0,NaN,NaN,NaN
varms_2,2 x MS0(pi/2),existing_coarse,heatmap,rabi_sideband,rabi,sideband,48,17,2,1.0133333333333334,0,-1.8666666666666667,0,0.41320067973027003,0.39177615430550239,0.097511582982113779,0.097511582982113779,0.19502316596422756,0.021424525424767638,1.2944889472286385e-10,0.99998800588249515,0,1,0,NaN,NaN,NaN
varms_2,2 x MS0(pi/2),existing_coarse,heatmap,rabi_sideband,rabi,sideband,49,18,2,1.0266666666666666,0,-1.8666666666666667,0,0.41958600577277039,0.42934902385320045,0.075532485187014609,0.075532485187014609,0.15106497037402922,-0.0097630180804300637,1.2944889472286385e-10,0.99998800588249515,0.0097750123273837586,0.99022498767261624,-0.0042661187322563347,NaN,NaN,NaN
varms_2,2 x MS0(pi/2),existing_coarse,heatmap,rabi_sideband,rabi,sideband,50,19,2,1.04,0,-1.8666666666666667,0,0.42133523782098709,0.46516774271419503,0.056748509732408955,0.056748509732408955,0.11349701946481791,-0.043832504893207946,1.2944889472286385e-10,0.99998800588249515,0.043844499140161641,0.95615550085983836,-0.019471472082104563,NaN,NaN,NaN
varms_2,2 x MS0(pi/2),existing_coarse,heatmap,rabi_sideband,rabi,sideband,51,20,2,1.0533333333333332,0,-1.8666666666666667,0,0.41667975520747741,0.49657038772241768,0.043374928535052419,0.043374928535052419,0.086749857070104838,-0.079890632514940274,1.2944889472286385e-10,0.99998800588249515,0.079902626761893969,0.92009737323810603,-0.036166209152024689,NaN,NaN,NaN
varms_2,2 x MS0(pi/2),existing_coarse,heatmap,rabi_sideband,rabi,sideband,52,21,2,1.0666666666666667,0,-1.8666666666666667,0,0.40481421962834929,0.52170683279746877,0.036739473787091019,0.036739473787091019,0.073478947574182038,-0.11689261316911947,1.2944889472286385e-10,0.99998800588249515,0.11690460741607323,0.88309539258392677,-0.053992381093816502,NaN,NaN,NaN
varms_2,2 x MS0(pi/2),existing_coarse,heatmap,rabi_sideband,rabi,sideband,53,22,2,1.0800000000000001,0,-1.8666666666666667,0,0.38605612942633882,0.53974028685253284,0.03710179186056415,0.03710179186056415,0.074203583721128299,-0.15368415742619401,1.2944889472286385e-10,0.99998800588249515,0.15369615167314776,0.84630384832685224,-0.072473684289432364,NaN,NaN,NaN
varms_2,2 x MS0(pi/2),existing_coarse,heatmap,rabi_sideband,rabi,sideband,54,23,2,1.0933333333333333,0,-1.8666666666666667,0,0.36177127089292083,0.55082421268144643,0.043702258212816342,0.043702258212816342,0.087404516425632683,-0.18905294178852561,1.2944889472286385e-10,0.99998800588249515,0.18906493603547936,0.81093506396452064,-0.091013920746888827,NaN,NaN,NaN
varms_2,2 x MS0(pi/2),existing_coarse,heatmap,rabi_sideband,rabi,sideband,55,24,2,1.1066666666666667,0,-1.8666666666666667,0,0.33409217890074155,0.55587899295684073,0.055014414071208842,0.055014414071208842,0.11002882814241768,-0.22178681405609918,1.2944889472286385e-10,0.99998800588249515,0.22179880830305287,0.77820119169694713,-0.10890810847572018,NaN,NaN,NaN
varms_2,2 x MS0(pi/2),existing_coarse,heatmap,rabi_sideband,rabi,sideband,56,25,2,1.1200000000000001,0,-1.8666666666666667,0,0.30550695759897722,0.55624227343237131,0.06912538448432573,0.06912538448432573,0.13825076896865146,-0.25073531583339409,1.2944889472286385e-10,0.99998800588249515,0.25074731008034779,0.74925268991965221,-0.12537168920291866,NaN,NaN,NaN
varms_2,2 x MS0(pi/2),existing_coarse,heatmap,rabi_sideband,rabi,sideband,57,26,2,1.1333333333333333,0,-1.8666666666666667,0,0.27842322682366089,0.55329384193061981,0.084141465622859679,0.084141465622859679,0.16828293124571936,-0.27487061510695893,1.2944889472286385e-10,0.99998800588249515,0.27488260935391273,0.72511739064608727,-0.13959167896996597,NaN,NaN,NaN
varms_2,2 x MS0(pi/2),existing_coarse,heatmap,rabi_sideband,rabi,sideband,58,27,2,1.1466666666666667,0,-1.8666666666666667,0,0.25480957033243667,0.54815334113687664,0.098518544265343372,0.098518544265343372,0.19703708853068674,-0.29334377080443996,1.2944889472286385e-10,0.99998800588249515,0.29335576505139371,0.70664423494860629,-0.1507991798182641,NaN,NaN,NaN
varms_2,2 x MS0(pi/2),existing_coarse,heatmap,rabi_sideband,rabi,sideband,59,28,2,1.1599999999999999,0,-1.8666666666666667,0,0.23598683639557458,0.54151922643583439,0.11124696858429559,0.11124696858429559,0.22249393716859117,-0.30553239004025978,1.2944889472286385e-10,0.99998800588249515,0.30554438428721353,0.69445561571278647,-0.15835550581835892,NaN,NaN,NaN
varms_2,2 x MS0(pi/2),existing_coarse,heatmap,rabi_sideband,rabi,sideband,60,29,2,1.1733333333333333,0,-1.8666666666666667,0,0.2225941245421805,0.53367029317520132,0.12186779114130909,0.12186779114130909,0.24373558228261819,-0.31107616863302079,1.2944889472286385e-10,0.99998800588249515,0.31108816287997454,0.68891183712002546,-0.16183635298664886,NaN,NaN,NaN
varms_2,2 x MS0(pi/2),existing_coarse,heatmap,rabi_sideband,rabi,sideband,61,30,2,1.1866666666666668,0,-1.8666666666666667,0,0.21470432874901496,0.52460189898764809,0.13034688613166842,0.13034688613166842,0.26069377226333684,-0.30989757023863312,1.2944889472286385e-10,0.99998800588249515,0.30990956448558693,0.69009043551441307,-0.16109399176817593,NaN,NaN,NaN
varms_2,2 x MS0(pi/2),existing_coarse,heatmap,rabi_sideband,rabi,sideband,62,31,2,1.2,0,-1.8666666666666667,0,0.21202637413761896,0.51423229641903445,0.13687066472167328,0.13687066472167328,0.27374132944334656,-0.30220592228141552,1.2944889472286385e-10,0.99998800588249515,0.30221791652836927,0.69778208347163073,-0.15628018586139525,NaN,NaN,NaN
varms_2,2 x MS0(pi/2),existing_coarse,heatmap,rabi_sideband,rabi,sideband,63,1,3,0.80000000000000004,0,-1.7333333333333334,0,0.45367918494339637,0.30137814051237527,0.12247133727211419,0.12247133727211419,0.24494267454422838,0.1523010444310211,1.2944889472286385e-10,0.99998800588249515,0,1,0,NaN,NaN,NaN
varms_2,2 x MS0(pi/2),existing_coarse,heatmap,rabi_sideband,rabi,sideband,64,2,3,0.81333333333333335,0,-1.7333333333333334,0,0.46655698947413954,0.2884742862705808,0.1224843621276398,0.1224843621276398,0.2449687242552796,0.17808270320355873,1.2944889472286385e-10,0.99998800588249515,0,1,0,NaN,NaN,NaN
varms_2,2 x MS0(pi/2),existing_coarse,heatmap,rabi_sideband,rabi,sideband,65,3,3,0.82666666666666666,0,-1.7333333333333334,0,0.47971709545480429,0.2736822461816763,0.12330032918175969,0.12330032918175969,0.24660065836351938,0.20603484927312798,1.2944889472286385e-10,0.99998800588249515,0,1,0,NaN,NaN,NaN
varms_2,2 x MS0(pi/2),existing_coarse,heatmap,rabi_sideband,rabi,sideband,66,4,3,0.83999999999999997,0,-1.7333333333333334,0,0.4927646440191879,0.25687320950969733,0.12518107323555738,0.12518107323555738,0.25036214647111477,0.23589143450949057,1.2944889472286385e-10,0.99998800588249515,0,1,0,NaN,NaN,NaN
varms_2,2 x MS0(pi/2),existing_coarse,heatmap,rabi_sideband,rabi,sideband,67,5,3,0.85333333333333339,0,-1.7333333333333334,0,0.5054722412918693,0.23818320000942819,0.12817227934935127,0.12817227934935127,0.25634455869870254,0.26728904128244113,1.2944889472286385e-10,0.99998800588249515,0,1,0,NaN,NaN,NaN
varms_2,2 x MS0(pi/2),existing_coarse,heatmap,rabi_sideband,rabi,sideband,68,6,3,0.8666666666666667,0,-1.7333333333333334,0,0.51787932771956779,0.21811134095889731,0.13200466566076743,0.13200466566076743,0.26400933132153487,0.29976798676067051,1.2944889472286385e-10,0.99998800588249515,0,1,0,NaN,NaN,NaN
varms_2,2 x MS0(pi/2),existing_coarse,heatmap,rabi_sideband,rabi,sideband,69,7,3,0.88,0,-1.7333333333333334,0,0.53033929122663548,0.19756110828123896,0.13604980024606278,0.13604980024606278,0.27209960049212556,0.33277818294539652,1.2944889472286385e-10,0.99998800588249515,0,1,0,NaN,NaN,NaN
varms_2,2 x MS0(pi/2),existing_coarse,heatmap,rabi_sideband,rabi,sideband,70,8,3,0.89333333333333331,0,-1.7333333333333334,0,0.54348585517508463,0.1777959112904843,0.13935911676721555,0.13935911676721555,0.27871823353443109,0.3656899438846003,1.2944889472286385e-10,0.99998800588249515,0,1,0,NaN,NaN,NaN
varms_2,2 x MS0(pi/2),existing_coarse,heatmap,rabi_sideband,rabi,sideband,71,9,3,0.90666666666666662,0,-1.7333333333333334,0,0.55810906575528108,0.16029941978227022,0.14079575723122439,0.14079575723122439,0.28159151446244879,0.39780964597301083,1.2944889472286385e-10,0.99998800588249515,0,1,0,NaN,NaN,NaN
varms_2,2 x MS0(pi/2),existing_coarse,heatmap,rabi_sideband,rabi,sideband,72,10,3,0.92000000000000004,0,-1.7333333333333334,0,0.5749569023479798,0.14655690157692081,0.1392430980375497,0.1392430980375497,0.27848619607509939,0.428400000771059,1.2944889472286385e-10,0.99998800588249515,0,1,0,NaN,NaN,NaN
varms_2,2 x MS0(pi/2),existing_coarse,heatmap,rabi_sideband,rabi,sideband,73,11,3,0.93333333333333335,0,-1.7333333333333334,0,0.59450343564324648,0.13779941294262918,0.13384857570706216,0.13384857570706216,0.26769715141412431,0.45670402270061727,1.2944889472286385e-10,0.99998800588249515,0,1,0,NaN,NaN,NaN
varms_2,2 x MS0(pi/2),existing_coarse,heatmap,rabi_sideband,rabi,sideband,74,12,3,0.94666666666666666,0,-1.7333333333333334,0,0.61674068434832563,0.13476877669747944,0.12424526947709748,0.12424526947709748,0.24849053895419496,0.48197190765084619,1.2944889472286385e-10,0.99998800588249515,0,1,0,NaN,NaN,NaN
varms_2,2 x MS0(pi/2),existing_coarse,heatmap,rabi_sideband,rabi,sideband,75,13,3,0.95999999999999996,0,-1.7333333333333334,0,0.64105208131021407,0.13756259137018403,0.11069266365980096,0.11069266365980096,0.22138532731960192,0.50348948994003007,1.2944889472286385e-10,0.99998800588249515,0,1,0,NaN,NaN,NaN
varms_2,2 x MS0(pi/2),existing_coarse,heatmap,rabi_sideband,rabi,sideband,76,14,3,0.97333333333333338,0,-1.7333333333333334,0,0.66620904290562832,0.14560212420733321,0.094094416443519208,0.094094416443519208,0.18818883288703842,0.52060691869829512,1.2944889472286385e-10,0.99998800588249515,0,1,0,NaN,NaN,NaN
varms_2,2 x MS0(pi/2),existing_coarse,heatmap,rabi_sideband,rabi,sideband,77,15,3,0.98666666666666669,0,-1.7333333333333334,0,0.69050205060639858,0.15773601110930058,0.075880969142150478,0.075880969142150478,0.15176193828430096,0.532766039497098,1.2944889472286385e-10,0.99998800588249515,0,1,0,NaN,NaN,NaN
varms_2,2 x MS0(pi/2),existing_coarse,heatmap,rabi_sideband,rabi,sideband,78,16,3,1,0,-1.7333333333333334,0,0.71198250868489721,0.17245753006502978,0.057779980625036545,0.057779980625036545,0.11555996125007309,0.53952497861986748,1.2944889472286385e-10,0.99998800588249515,0,1,0,NaN,NaN,NaN
varms_2,2 x MS0(pi/2),existing_coarse,heatmap,rabi_sideband,rabi,sideband,79,17,3,1.0133333333333334,0,-1.7333333333333334,0,0.7287619125660395,0.18818333077912233,0.04152737832741913,0.04152737832741913,0.08305475665483826,0.5405785817869172,1.2944889472286385e-10,0.99998800588249515,0,1,0,NaN,NaN,NaN
varms_2,2 x MS0(pi/2),existing_coarse,heatmap,rabi_sideband,rabi,sideband,80,18,3,1.0266666666666666,0,-1.7333333333333334,0,0.7392999049176896,0.2035264125718258,0.028586841255242312,0.028586841255242312,0.057173682510484623,0.5357734923458638,1.2944889472286385e-10,0.99998800588249515,0,1,0,NaN,NaN,NaN
varms_2,2 x MS0(pi/2),existing_coarse,heatmap,rabi_sideband,rabi,sideband,81,19,3,1.04,0,-1.7333333333333334,0,0.74261732284766269,0.21750035574433219,0.019941160704002547,0.019941160704002547,0.039882321408005093,0.52511696710333045,1.2944889472286385e-10,0.99998800588249515,0,1,0,NaN,NaN,NaN
varms_2,2 x MS0(pi/2),existing_coarse,heatmap,rabi_sideband,rabi,sideband,82,20,3,1.0533333333333332,0,-1.7333333333333334,0,0.7383927876185219,0.22961385285706332,0.015996679762207377,0.015996679762207377,0.031993359524414754,0.50877893476145863,1.2944889472286385e-10,0.99998800588249515,0,1,0,NaN,NaN,NaN
varms_2,2 x MS0(pi/2),existing_coarse,heatmap,rabi_sideband,rabi,sideband,83,21,3,1.0666666666666667,0,-1.7333333333333334,0,0.72693426735477429,0.23984722449502319,0.01660925407510128,0.01660925407510128,0.033218508150202559,0.48708704285975113,1.2944889472286385e-10,0.99998800588249515,0,1,0,NaN,NaN,NaN
varms_2,2 x MS0(pi/2),existing_coarse,heatmap,rabi_sideband,rabi,sideband,84,22,3,1.0800000000000001,0,-1.7333333333333334,0,0.70904999786302347,0.24853499979854687,0.021207501169214799,0.021207501169214799,0.042415002338429597,0.4605149980644766,1.2944889472286385e-10,0.99998800588249515,0,1,0,NaN,NaN,NaN
varms_2,2 x MS0(pi/2),existing_coarse,heatmap,rabi_sideband,rabi,sideband,85,23,3,1.0933333333333333,0,-1.7333333333333334,0,0.68586576393877896,0.25620095370229917,0.028966641179460951,0.028966641179460951,0.057933282358921902,0.42966481023647979,1.2944889472286385e-10,0.99998800588249515,0,1,0,NaN,NaN,NaN
varms_2,2 x MS0(pi/2),existing_coarse,heatmap,rabi_sideband,rabi,sideband,86,24,3,1.1066666666666667,0,-1.7333333333333334,0,0.65864170464226635,0.26339783296995611,0.03898023119388877,0.03898023119388877,0.07796046238777754,0.39524387167231023,1.2944889472286385e-10,0.99998800588249515,0,1,0,NaN,NaN,NaN
varms_2,2 x MS0(pi/2),existing_coarse,heatmap,rabi_sideband,rabi,sideband,87,25,3,1.1200000000000001,0,-1.7333333333333334,0,0.62863110917327059,0.27059300276299214,0.050387944031868609,0.050387944031868609,0.10077588806373722,0.35803810641027844,1.2944889472286385e-10,0.99998800588249515,0,1,0,NaN,NaN,NaN
varms_2,2 x MS0(pi/2),existing_coarse,heatmap,rabi_sideband,rabi,sideband,88,26,3,1.1333333333333333,0,-1.7333333333333334,0,0.59700137209392701,0.2781187348040306,0.062439946551021204,0.062439946551021204,0.12487989310204241,0.31888263728989641,1.2944889472286385e-10,0.99998800588249515,0,1,0,NaN,NaN,NaN
varms_2,2 x MS0(pi/2),existing_coarse,heatmap,rabi_sideband,rabi,sideband,89,27,3,1.1466666666666667,0,-1.7333333333333334,0,0.56481209960072232,0.2861806974463722,0.074503601476452685,0.074503601476452685,0.14900720295290537,0.27863140215435012,1.2944889472286385e-10,0.99998800588249515,0,1,0,NaN,NaN,NaN
varms_2,2 x MS0(pi/2),existing_coarse,heatmap,rabi_sideband,rabi,sideband,90,28,3,1.1599999999999999,0,-1.7333333333333334,0,0.53302644089275919,0.29489914884773122,0.086037205129754782,0.086037205129754782,0.17207441025950956,0.23812729204502797,1.2944889472286385e-10,0.99998800588249515,0,1,0,NaN,NaN,NaN
varms_2,2 x MS0(pi/2),existing_coarse,heatmap,rabi_sideband,rabi,sideband,91,29,3,1.1733333333333333,0,-1.7333333333333334,0,0.50252477879923729,0.30435062103783428,0.096562300081464242,0.096562300081464242,0.19312460016292848,0.19817415776140301,1.2944889472286385e-10,0.99998800588249515,0,1,0,NaN,NaN,NaN
varms_2,2 x MS0(pi/2),existing_coarse,heatmap,rabi_sideband,rabi,sideband,92,30,3,1.1866666666666668,0,-1.7333333333333334,0,0.47409629171737,0.31458435974000148,0.1056596742713143,0.1056596742713143,0.2113193485426286,0.15951193197736852,1.2944889472286385e-10,0.99998800588249515,0,1,0,NaN,NaN,NaN
varms_2,2 x MS0(pi/2),existing_coarse,heatmap,rabi_sideband,rabi,sideband,93,31,3,1.2,0,-1.7333333333333334,0,0.44839966633276024,0.3256038386106514,0.11299824752829415,0.11299824752829415,0.22599649505658831,0.12279582772210884,1.2944889472286385e-10,0.99998800588249515,0,1,0,NaN,NaN,NaN
varms_2,2 x MS0(pi/2),existing_coarse,heatmap,rabi_sideband,rabi,sideband,94,1,4,0.80000000000000004,0,-1.6000000000000001,0,0.48144213816654485,0.27033425532398131,0.12411180325473695,0.12411180325473695,0.24822360650947389,0.21110788284256354,1.2944889472286385e-10,0.99998800588249515,0,1,0,NaN,NaN,NaN
varms_2,2 x MS0(pi/2),existing_coarse,heatmap,rabi_sideband,rabi,sideband,95,2,4,0.81333333333333335,0,-1.6000000000000001,0,0.49908792612346498,0.25188850569880655,0.12451178408886428,0.12451178408886428,0.24902356817772855,0.24719942042465842,1.2944889472286385e-10,0.99998800588249515,0,1,0,NaN,NaN,NaN
varms_2,2 x MS0(pi/2),existing_coarse,heatmap,rabi_sideband,rabi,sideband,96,3,4,0.82666666666666666,0,-1.6000000000000001,0,0.5186082153402034,0.23184663135390829,0.12477257665294415,0.12477257665294415,0.24954515330588831,0.28676158398629514,1.2944889472286385e-10,0.99998800588249515,0,1,0,NaN,NaN,NaN
varms_2,2 x MS0(pi/2),existing_coarse,heatmap,rabi_sideband,rabi,sideband,97,4,4,0.83999999999999997,0,-1.6000000000000001,0,0.53994385225503005,0.21033041970668398,0.124862864019143,0.124862864019143,0.24972572803828599,0.32961343254834607,1.2944889472286385e-10,0.99998800588249515,0,1,0,NaN,NaN,NaN
varms_2,2 x MS0(pi/2),existing_coarse,heatmap,rabi_sideband,rabi,sideband,98,5,4,0.85333333333333339,0,-1.6000000000000001,0,0.56305982069903948,0.18758957687770847,0.12467530121162596,0.12467530121162596,0.24935060242325191,0.37547024382133098,1.2944889472286385e-10,0.99998800588249515,0,1,0,NaN,NaN,NaN
varms_2,2 x MS0(pi/2),existing_coarse,heatmap,rabi_sideband,rabi,sideband,99,6,4,0.8666666666666667,0,-1.6000000000000001,0,0.58795321520347832,0.16401198330866654,0.12401740074392759,0.12401740074392759,0.24803480148785517,0.42394123189481181,1.2944889472286385e-10,0.99998800588249515,0,1,0,NaN,NaN,NaN
varms_2,2 x MS0(pi/2),existing_coarse,heatmap,rabi_sideband,rabi,sideband,100,7,4,0.88,0,-1.6000000000000001,0,0.61465069035889897,0.14011943468721844,0.12261493747694126,0.12261493747694126,0.24522987495388252,0.47453125567168053,1.2944889472286385e-10,0.99998800588249515,0,1,0,NaN,NaN,NaN
varms_2,2 x MS0(pi/2),existing_coarse,heatmap,rabi_sideband,rabi,sideband,101,8,4,0.89333333333333331,0,-1.6000000000000001,0,0.64319016014150721,0.11654340047072151,0.12013321969388563,0.12013321969388563,0.24026643938777126,0.52664675967078567,1.2944889472286385e-10,0.99998800588249515,0,1,0,NaN,NaN,NaN
varms_2,2 x MS0(pi/2),existing_coarse,heatmap,rabi_sideband,rabi,sideband,102,9,4,0.90666666666666662,0,-1.6000000000000001,0,0.67358484394722129,0.093978833267159334,0.11621816139280965,0.11621816139280965,0.23243632278561929,0.57960601068006201,1.2944889472286385e-10,0.99998800588249515,0,1,0,NaN,NaN,NaN
varms_2,2 x MS0(pi/2),existing_coarse,heatmap,rabi_sideband,rabi,sideband,103,10,4,0.92000000000000004,0,-1.6000000000000001,0,0.70577253570665255,0.073119099079453617,0.11055418260694691,0.11055418260694691,0.22110836521389382,0.63265343662719897,1.2944889472286385e-10,0.99998800588249515,0,1,0,NaN,NaN,NaN
varms_2,2 x MS0(pi/2),existing_coarse,heatmap,rabi_sideband,rabi,sideband,104,11,4,0.93333333333333335,0,-1.6000000000000001,0,0.73955800079354728,0.054580329505300076,0.10293083485057636,0.10293083485057636,0.20586166970115272,0.68497767128824716,1.2944889472286385e-10,0.99998800588249515,0,1,0,NaN,NaN,NaN
varms_2,2 x MS0(pi/2),existing_coarse,heatmap,rabi_sideband,rabi,sideband,105,12,4,0.94666666666666666,0,-1.6000000000000001,0,0.77456029299082862,0.038827598597308693,0.09330605420593141,0.09330605420593141,0.18661210841186282,0.73573269439351996,1.2944889472286385e-10,0.99998800588249515,0,1,0,NaN,NaN,NaN
varms_2,2 x MS0(pi/2),existing_coarse,heatmap,rabi_sideband,rabi,sideband,106,13,4,0.95999999999999996,0,-1.6000000000000001,0,0.81017795659068004,0.026116695438220011,0.081852673985550059,0.081852673985550059,0.16370534797110012,0.78406126115246,1.2944889472286385e-10,0.99998800588249515,0,1,0,NaN,NaN,NaN
varms_2,2 x MS0(pi/2),existing_coarse,heatmap,rabi_sideband,rabi,sideband,107,14,4,0.97333333333333338,0,-1.6000000000000001,0,0.84558326972121256,0.016463582773894744,0.068976573752446368,0.068976573752446368,0.13795314750489274,0.82911968694731786,1.2944889472286385e-10,0.99998800588249515,0,1,0,NaN,NaN,NaN
varms_2,2 x MS0(pi/2),existing_coarse,heatmap,rabi_sideband,rabi,sideband,108,15,4,0.98666666666666669,0,-1.6000000000000001,0,0.87975181588507667,0.0096488613313860626,0.05529966139176859,0.05529966139176859,0.11059932278353718,0.87010295455369058,1.2944889472286385e-10,0.99998800588249515,0,1,0,NaN,NaN,NaN
varms_2,2 x MS0(pi/2),existing_coarse,heatmap,rabi_sideband,rabi,sideband,109,16,4,1,0,-1.6000000000000001,0,0.91152694650305477,0.0052578620939419162,0.041607595701501736,0.041607595701501736,0.083215191403003472,0.9062690844091128,1.2944889472286385e-10,0.99998800588249515,0,1,0,NaN,NaN,NaN
varms_2,2 x MS0(pi/2),existing_coarse,heatmap,rabi_sideband,rabi,sideband,110,17,4,1.0133333333333334,0,-1.6000000000000001,0,0.93971166559098795,0.0027499708976353576,0.028769181755688308,0.028769181755688308,0.057538363511376617,0.93696169469335255,1.2944889472286385e-10,0.99998800588249515,0,1,0,NaN,NaN,NaN
varms_2,2 x MS0(pi/2),existing_coarse,heatmap,rabi_sideband,rabi,sideband,111,18,4,1.0266666666666666,0,-1.6000000000000001,0,0.96317493283658406,0.0015450999688933502,0.01763998359726128,0.01763998359726128,0.03527996719452256,0.96162983286769066,1.2944889472286385e-10,0.99998800588249515,0,1,0,NaN,NaN,NaN
varms_2,2 x MS0(pi/2),existing_coarse,heatmap,rabi_sideband,rabi,sideband,112,19,4,1.04,0,-1.6000000000000001,0,0.98095640437364673,0.0011122016293643204,0.0089656969984944577,0.0089656969984944577,0.017931393996988915,0.97984420274428241,1.2944889472286385e-10,0.99998800588249515,0,1,0,NaN,NaN,NaN
varms_2,2 x MS0(pi/2),existing_coarse,heatmap,rabi_sideband,rabi,sideband,113,20,4,1.0533333333333332,0,-1.6000000000000001,0,0.99235407599619041,0.0010449002810258708,0.0033005118613919507,0.0033005118613919507,0.0066010237227839014,0.99130917571516453,1.2944889472286385e-10,0.99998800588249515,0,1,0,NaN,NaN,NaN
varms_2,2 x MS0(pi/2),existing_coarse,heatmap,rabi_sideband,rabi,sideband,114,21,4,1.0666666666666667,0,-1.6000000000000001,0,0.99698266747179598,0.0011125575752358274,0.00095238747648413553,0.00095238747648413553,0.0019047749529682711,0.99587010989656011,1.2944889472286385e-10,0.99998800588249515,0,1,0,NaN,NaN,NaN
varms_2,2 x MS0(pi/2),existing_coarse,heatmap,rabi_sideband,rabi,sideband,115,22,4,1.0800000000000001,0,-1.6000000000000001,0,0.99479611226770071,0.0012803186392176267,0.0019617845465407821,0.0019617845465407821,0.0039235690930815642,0.99351579362848308,1.2944889472286385e-10,0.99998800588249515,0,1,0,NaN,NaN,NaN
varms_2,2 x MS0(pi/2),existing_coarse,heatmap,rabi_sideband,rabi,sideband,116,23,4,1.0933333333333333,0,-1.6000000000000001,0,0.98607369275050305,0.0016976808414453409,0.0061143132040257812,0.0061143132040257812,0.012228626408051562,0.98437601190905766,1.2944889472286385e-10,0.99998800588249515,0,1,0,NaN,NaN,NaN
varms_2,2 x MS0(pi/2),existing_coarse,heatmap,rabi_sideband,rabi,sideband,117,24,4,1.1066666666666667,0,-1.6000000000000001,0,0.97137497218121682,0.0026604825659234705,0.012982272626429906,0.012982272626429906,0.025964545252859812,0.96871448961529338,1.2944889472286385e-10,0.99998800588249515,0,1,0,NaN,NaN,NaN
varms_2,2 x MS0(pi/2),existing_coarse,heatmap,rabi_sideband,rabi,sideband,118,25,4,1.1200000000000001,0,-1.6000000000000001,0,0.95147261806461014,0.0045549650763039972,0.021986208429542881,0.021986208429542881,0.043972416859085761,0.9469176529883061,1.2944889472286385e-10,0.99998800588249515,0,1,0,NaN,NaN,NaN
varms_2,2 x MS0(pi/2),existing_coarse,heatmap,rabi_sideband,rabi,sideband,119,26,4,1.1333333333333333,0,-1.6000000000000001,0,0.92727405867331303,0.0077942330218951578,0.032465854152395911,0.032465854152395911,0.064931708304791821,0.91947982565141784,1.2944889472286385e-10,0.99998800588249515,0,1,0,NaN,NaN,NaN
varms_2,2 x MS0(pi/2),existing_coarse,heatmap,rabi_sideband,rabi,sideband,120,27,4,1.1466666666666667,0,-1.6000000000000001,0,0.89974273534989502,0.012757124536331687,0.043750070056886706,0.043750070056886706,0.087500140113773411,0.88698561081356331,1.2944889472286385e-10,0.99998800588249515,0,1,0,NaN,NaN,NaN
varms_2,2 x MS0(pi/2),existing_coarse,heatmap,rabi_sideband,rabi,sideband,121,28,4,1.1599999999999999,0,-1.6000000000000001,0,0.86982792969386502,0.019737656195720692,0.055217207055207176,0.055217207055207176,0.11043441411041435,0.85009027349814437,1.2944889472286385e-10,0.99998800588249515,0,1,0,NaN,NaN,NaN
varms_2,2 x MS0(pi/2),existing_coarse,heatmap,rabi_sideband,rabi,sideband,122,29,4,1.1733333333333333,0,-1.6000000000000001,0,0.83840948064460918,0.028910472932143008,0.066340023211623939,0.066340023211623939,0.13268004642324788,0.80949900771246619,1.2944889472286385e-10,0.99998800588249515,0,1,0,NaN,NaN,NaN
varms_2,2 x MS0(pi/2),existing_coarse,heatmap,rabi_sideband,rabi,sideband,123,30,4,1.1866666666666668,0,-1.6000000000000001,0,0.80626064309295864,0.04031470944789705,0.076712323729572152,0.076712323729572152,0.1534246474591443,0.76594593364506158,1.2944889472286385e-10,0.99998800588249515,0,1,0,NaN,NaN,NaN
varms_2,2 x MS0(pi/2),existing_coarse,heatmap,rabi_sideband,rabi,sideband,124,31,4,1.2,0,-1.6000000000000001,0,0.77402942397869323,0.053855796714470376,0.086057389653418165,0.086057389653418165,0.17211477930683633,0.72017362726422285,1.2944889472286385e-10,0.99998800588249515,0,1,0,NaN,NaN,NaN
varms_2,2 x MS0(pi/2),existing_coarse,heatmap,rabi_sideband,rabi,sideband,125,1,5,0.80000000000000004,0,-1.4666666666666666,0,0.45940782171784567,0.29495099505805905,0.1228205916120477,0.1228205916120477,0.24564118322409539,0.16445682665978661,1.2944889472286385e-10,0.99998800588249515,0,1,0,NaN,NaN,NaN
varms_2,2 x MS0(pi/2),existing_coarse,heatmap,rabi_sideband,rabi,sideband,126,2,5,0.81333333333333335,0,-1.4666666666666666,0,0.47316104638990919,0.28082580764944104,0.12300657298032484,0.12300657298032484,0.24601314596064969,0.19233523874046815,1.2944889472286385e-10,0.99998800588249515,0,1,0,NaN,NaN,NaN
varms_2,2 x MS0(pi/2),existing_coarse,heatmap,rabi_sideband,rabi,sideband,127,3,5,0.82666666666666666,0,-1.4666666666666666,0,0.48745886721246023,0.26482558996882849,0.12385777140935561,0.12385777140935561,0.24771554281871122,0.22263327724363174,1.2944889472286385e-10,0.99998800588249515,0,1,0,NaN,NaN,NaN
varms_2,2 x MS0(pi/2),existing_coarse,heatmap,rabi_sideband,rabi,sideband,128,4,5,0.83999999999999997,0,-1.4666666666666666,0,0.50198498239396327,0.24688804855442267,0.12556348452580701,0.12556348452580701,0.25112696905161402,0.25509693383954057,1.2944889472286385e-10,0.99998800588249515,0,1,0,NaN,NaN,NaN
varms_2,2 x MS0(pi/2),existing_coarse,heatmap,rabi_sideband,rabi,sideband,129,5,5,0.85333333333333339,0,-1.4666666666666666,0,0.51657829516168141,0.22720538445891461,0.128108160189702,0.128108160189702,0.25621632037940401,0.28937291070276683,1.2944889472286385e-10,0.99998800588249515,0,1,0,NaN,NaN,NaN
varms_2,2 x MS0(pi/2),existing_coarse,heatmap,rabi_sideband,rabi,sideband,130,6,5,0.8666666666666667,0,-1.4666666666666666,0,0.53131039867409569,0.2063012336017607,0.13119418386207185,0.13119418386207185,0.2623883677241437,0.32500916507233502,1.2944889472286385e-10,0.99998800588249515,0,1,0,NaN,NaN,NaN
varms_2,2 x MS0(pi/2),existing_coarse,heatmap,rabi_sideband,rabi,sideband,131,7,5,0.88,0,-1.4666666666666666,0,0.54651393818257354,0.18505388469324338,0.13421608856209152,0.13421608856209152,0.26843217712418305,0.36146005348933019,1.2944889472286385e-10,0.99998800588249515,0,1,0,NaN,NaN,NaN
varms_2,2 x MS0(pi/2),existing_coarse,heatmap,rabi_sideband,rabi,sideband,132,8,5,0.89333333333333331,0,-1.4666666666666666,0,0.56273969295553938,0.1646433595716339,0.13630847373641339,0.13630847373641339,0.27261694747282678,0.39809633338390549,1.2944889472286385e-10,0.99998800588249515,0,1,0,NaN,NaN,NaN
varms_2,2 x MS0(pi/2),existing_coarse,heatmap,rabi_sideband,rabi,sideband,133,9,5,0.90666666666666662,0,-1.4666666666666666,0,0.58063749187426328,0.14641754406317711,0.13647248203127973,0.13647248203127973,0.27294496406255947,0.43421994781108619,1.2944889472286385e-10,0.99998800588249515,0,1,0,NaN,NaN,NaN
varms_2,2 x MS0(pi/2),existing_coarse,heatmap,rabi_sideband,rabi,sideband,134,10,5,0.92000000000000004,0,-1.4666666666666666,0,0.60077835000051283,0.1316950908858982,0.13376327955679448,0.13376327955679448,0.26752655911358897,0.46908325911461463,1.2944889472286385e-10,0.99998800588249515,0,1,0,NaN,NaN,NaN
varms_2,2 x MS0(pi/2),existing_coarse,heatmap,rabi_sideband,rabi,sideband,135,11,5,0.93333333333333335,0,-1.4666666666666666,0,0.6234557120799864,0.12154365584200136,0.12750031603900616,0.12750031603900616,0.25500063207801232,0.50191205623798507,1.2944889472286385e-10,0.99998800588249515,0,1,0,NaN,NaN,NaN
varms_2,2 x MS0(pi/2),existing_coarse,heatmap,rabi_sideband,rabi,sideband,136,12,5,0.94666666666666666,0,-1.4666666666666666,0,0.64851554170096704,0.11658405740779901,0.11745020044561694,0.11745020044561694,0.23490040089123387,0.53193148429316806,1.2944889472286385e-10,0.99998800588249515,0,1,0,NaN,NaN,NaN
varms_2,2 x MS0(pi/2),existing_coarse,heatmap,rabi_sideband,rabi,sideband,137,13,5,0.95999999999999996,0,-1.4666666666666666,0,0.67526310256240452,0.11686942225638217,0.10393373759060669,0.10393373759060669,0.20786747518121337,0.55839368030602232,1.2944889472286385e-10,0.99998800588249515,0,1,0,NaN,NaN,NaN
varms_2,2 x MS0(pi/2),existing_coarse,heatmap,rabi_sideband,rabi,sideband,138,14,5,0.97333333333333338,0,-1.4666666666666666,0,0.70247806829373782,0.12187221861329854,0.087824856546481769,0.087824856546481769,0.17564971309296354,0.58060584968043927,1.2944889472286385e-10,0.99998800588249515,0,1,0,NaN,NaN,NaN
varms_2,2 x MS0(pi/2),existing_coarse,heatmap,rabi_sideband,rabi,sideband,139,15,5,0.98666666666666669,0,-1.4666666666666666,0,0.72854285702343591,0.13058549816157347,0.070435822407495338,0.070435822407495338,0.14087164481499068,0.59795735886186241,1.2944889472286385e-10,0.99998800588249515,0,1,0,NaN,NaN,NaN
varms_2,2 x MS0(pi/2),existing_coarse,heatmap,rabi_sideband,rabi,sideband,140,16,5,1,0,-1.4666666666666666,0,0.751659598442175,0.14171514769396262,0.053312626931931187,0.053312626931931187,0.10662525386386237,0.60994445074821235,1.2944889472286385e-10,0.99998800588249515,0,1,0,NaN,NaN,NaN
varms_2,2 x MS0(pi/2),existing_coarse,heatmap,rabi_sideband,rabi,sideband,141,17,5,1.0133333333333334,0,-1.4666666666666666,0,0.77010795882815686,0.15391671833890769,0.03798766141646772,0.03798766141646772,0.075975322832935441,0.61619124048924911,1.2944889472286385e-10,0.99998800588249515,0,1,0,NaN,NaN,NaN
varms_2,2 x MS0(pi/2),existing_coarse,heatmap,rabi_sideband,rabi,sideband,142,18,5,1.0266666666666666,0,-1.4666666666666666,0,0.78248633629700504,0.16602043083833939,0.025746616432327833,0.025746616432327833,0.051493232864655666,0.61646590545866564,1.2944889472286385e-10,0.99998800588249515,0,1,0,NaN,NaN,NaN
varms_2,2 x MS0(pi/2),existing_coarse,heatmap,rabi_sideband,rabi,sideband,143,19,5,1.04,0,-1.4666666666666666,0,0.78788557424205385,0.17719445492097138,0.017459985418487343,0.017459985418487343,0.034919970836974686,0.61069111932108244,1.2944889472286385e-10,0.99998800588249515,0,1,0,NaN,NaN,NaN
varms_2,2 x MS0(pi/2),existing_coarse,heatmap,rabi_sideband,rabi,sideband,144,20,5,1.0533333333333332,0,-1.4666666666666666,0,0.78596490658304474,0.18701668917563363,0.013509202120660726,0.013509202120660726,0.027018404241321452,0.59894821740741111,1.2944889472286385e-10,0.99998800588249515,0,1,0,NaN,NaN,NaN
varms_2,2 x MS0(pi/2),existing_coarse,heatmap,rabi_sideband,rabi,sideband,145,21,5,1.0666666666666667,0,-1.4666666666666666,0,0.7769273323062984,0.19545250918426801,0.013810079254716803,0.013810079254716803,0.027620158509433605,0.58147482312203036,1.2944889472286385e-10,0.99998800588249515,0,1,0,NaN,NaN,NaN
varms_2,2 x MS0(pi/2),existing_coarse,heatmap,rabi_sideband,rabi,sideband,146,22,5,1.0800000000000001,0,-1.4666666666666666,0,0.76141709837671456,0.20276100495116883,0.017910948336058344,0.017910948336058344,0.035821896672116688,0.55865609342554579,1.2944889472286385e-10,0.99998800588249515,0,1,0,NaN,NaN,NaN
varms_2,2 x MS0(pi/2),existing_coarse,heatmap,rabi_sideband,rabi,sideband,147,23,5,1.0933333333333333,0,-1.4666666666666666,0,0.74037769214074312,0.20936762621141522,0.025127340823920798,0.025127340823920798,0.050254681647841595,0.53101006592932787,1.2944889472286385e-10,0.99998800588249515,0,1,0,NaN,NaN,NaN
varms_2,2 x MS0(pi/2),existing_coarse,heatmap,rabi_sideband,rabi,sideband,148,24,5,1.1066666666666667,0,-1.4666666666666666,0,0.71491074146905298,0.21574284180534392,0.034673208362801557,0.034673208362801557,0.069346416725603113,0.49916789966370906,1.2944889472286385e-10,0.99998800588249515,0,1,0,NaN,NaN,NaN
varms_2,2 x MS0(pi/2),existing_coarse,heatmap,rabi_sideband,rabi,sideband,149,25,5,1.1200000000000001,0,-1.4666666666666666,0,0.68616555088360576,0.22231547379388342,0.045759487661255441,0.045759487661255441,0.091518975322510882,0.46385007708972237,1.2944889472286385e-10,0.99998800588249515,0,1,0,NaN,NaN,NaN
varms_2,2 x MS0(pi/2),existing_coarse,heatmap,rabi_sideband,rabi,sideband,150,26,5,1.1333333333333333,0,-1.4666666666666666,0,0.65527093346004617,0.22943115070640618,0.057648957916773824,0.057648957916773824,0.11529791583354765,0.42583978275363998,1.2944889472286385e-10,0.99998800588249515,0,1,0,NaN,NaN,NaN
varms_2,2 x MS0(pi/2),existing_coarse,heatmap,rabi_sideband,rabi,sideband,151,27,5,1.1466666666666667,0,-1.4666666666666666,0,0.62330286781830369,0.237348049585339,0.069674541298178683,0.069674541298178683,0.13934908259635737,0.38595481823296468,1.2944889472286385e-10,0.99998800588249515,0,1,0,NaN,NaN,NaN
varms_2,2 x MS0(pi/2),existing_coarse,heatmap,rabi_sideband,rabi,sideband,152,28,5,1.1599999999999999,0,-1.4666666666666666,0,0.59126984956021944,0.24625043068088615,0.081239859879447221,0.081239859879447221,0.16247971975889444,0.3450194188793333,1.2944889472286385e-10,0.99998800588249515,0,1,0,NaN,NaN,NaN
varms_2,2 x MS0(pi/2),existing_coarse,heatmap,rabi_sideband,rabi,sideband,153,29,5,1.1733333333333333,0,-1.4666666666666666,0,0.56009598209408262,0.25625873783069658,0.09182264003761044,0.09182264003761044,0.18364528007522088,0.30383724426338604,1.2944889472286385e-10,0.99998800588249515,0,1,0,NaN,NaN,NaN
varms_2,2 x MS0(pi/2),existing_coarse,heatmap,rabi_sideband,rabi,sideband,154,30,5,1.1866666666666668,0,-1.4666666666666666,0,0.53058931953313582,0.26742260607242746,0.10099403719721832,0.10099403719721832,0.20198807439443664,0.26316671346070836,1.2944889472286385e-10,0.99998800588249515,0,1,0,NaN,NaN,NaN
varms_2,2 x MS0(pi/2),existing_coarse,heatmap,rabi_sideband,rabi,sideband,155,31,5,1.2,0,-1.4666666666666666,0,0.50339556213922909,0.27969588755545671,0.10845427515265704,0.10845427515265704,0.21690855030531409,0.22369967458377238,1.2944889472286385e-10,0.99998800588249515,0,1,0,NaN,NaN,NaN
varms_2,2 x MS0(pi/2),existing_coarse,heatmap,rabi_sideband,rabi,sideband,156,1,6,0.80000000000000004,0,-1.3333333333333333,0,0.41308072536213175,0.34603286531424343,0.12044320466181242,0.12044320466181242,0.24088640932362484,0.067047860047888319,1.2944889472286385e-10,0.99998800588249515,0,1,0,NaN,NaN,NaN
varms_2,2 x MS0(pi/2),existing_coarse,heatmap,rabi_sideband,rabi,sideband,157,2,6,0.81333333333333335,0,-1.3333333333333333,0,0.42050619515643789,0.3422051030441241,0.11864435089971904,0.11864435089971904,0.23728870179943809,0.078301092112313786,1.2944889472286385e-10,0.99998800588249515,0,1,0,NaN,NaN,NaN
varms_2,2 x MS0(pi/2),existing_coarse,heatmap,rabi_sideband,rabi,sideband,158,3,6,0.82666666666666666,0,-1.3333333333333333,0,0.4272735345634957,0.33714832804327854,0.11778906869661282,0.11778906869661282,0.23557813739322564,0.09012520652021716,1.2944889472286385e-10,0.99998800588249515,0,1,0,NaN,NaN,NaN
varms_2,2 x MS0(pi/2),existing_coarse,heatmap,rabi_sideband,rabi,sideband,159,4,6,0.83999999999999997,0,-1.3333333333333333,0,0.43261970843115471,0.33039811598542163,0.11849108779171186,0.11849108779171186,0.23698217558342372,0.10222159244573309,1.2944889472286385e-10,0.99998800588249515,0,1,0,NaN,NaN,NaN
varms_2,2 x MS0(pi/2),existing_coarse,heatmap,rabi_sideband,rabi,sideband,160,5,6,0.85333333333333339,0,-1.3333333333333333,0,0.43580392340683644,0.32158944435622405,0.12130331611846973,0.12130331611846973,0.24260663223693946,0.11421447905061238,1.2944889472286385e-10,0.99998800588249515,0,1,0,NaN,NaN,NaN
varms_2,2 x MS0(pi/2),existing_coarse,heatmap,rabi_sideband,rabi,sideband,161,6,6,0.8666666666666667,0,-1.3333333333333333,0,0.43629610804985802,0.31064109380519589,0.12653139907247304,0.12653139907247304,0.25306279814494609,0.12565501424466213,1.2944889472286385e-10,0.99998800588249515,0,1,0,NaN,NaN,NaN
varms_2,2 x MS0(pi/2),existing_coarse,heatmap,rabi_sideband,rabi,sideband,162,7,6,0.88,0,-1.3333333333333333,0,0.43396624319203064,0.29793556438806923,0.13404909620994998,0.13404909620994998,0.26809819241989996,0.13603067880396141,1.2944889472286385e-10,0.99998800588249515,0,1,0,NaN,NaN,NaN
varms_2,2 x MS0(pi/2),existing_coarse,heatmap,rabi_sideband,rabi,sideband,163,8,6,0.89333333333333331,0,-1.3333333333333333,0,0.42921883553923262,0.28443853112737671,0.1431713166666953,0.1431713166666953,0.28634263333339061,0.14478030441185591,1.2944889472286385e-10,0.99998800588249515,0,1,0,NaN,NaN,NaN
varms_2,2 x MS0(pi/2),existing_coarse,heatmap,rabi_sideband,rabi,sideband,164,9,6,0.90666666666666662,0,-1.3333333333333333,0,0.42301942707340079,0.27170477295602269,0.15263789998528821,0.15263789998528821,0.30527579997057641,0.1513146541173781,1.2944889472286385e-10,0.99998800588249515,0,1,0,NaN,NaN,NaN
varms_2,2 x MS0(pi/2),existing_coarse,heatmap,rabi_sideband,rabi,sideband,165,10,6,0.92000000000000004,0,-1.3333333333333333,0,0.41678006801047351,0.26173791714072298,0.16074100742440178,0.16074100742440178,0.32148201484880357,0.15504215086975054,1.2944889472286385e-10,0.99998800588249515,0,1,0,NaN,NaN,NaN
varms_2,2 x MS0(pi/2),existing_coarse,heatmap,rabi_sideband,rabi,sideband,166,11,6,0.93333333333333335,0,-1.3333333333333333,0,0.41210514138599968,0.25670631029147195,0.16559427416126421,0.16559427416126421,0.33118854832252842,0.15539883109452773,1.2944889472286385e-10,0.99998800588249515,0,1,0,NaN,NaN,NaN
varms_2,2 x MS0(pi/2),existing_coarse,heatmap,rabi_sideband,rabi,sideband,167,12,6,0.94666666666666666,0,-1.3333333333333333,0,0.41043937809569175,0.25855839155628768,0.16550111517401031,0.16550111517401031,0.33100223034802062,0.15188098653940407,1.2944889472286385e-10,0.99998800588249515,0,1,0,NaN,NaN,NaN
varms_2,2 x MS0(pi/2),existing_coarse,heatmap,rabi_sideband,rabi,sideband,168,13,6,0.95999999999999996,0,-1.3333333333333333,0,0.41269486328933019,0.2686158712021437,0.15934463275426303,0.15934463275426303,0.31868926550852605,0.1440789920871865,1.2944889472286385e-10,0.99998800588249515,0,1,0,NaN,NaN,NaN
varms_2,2 x MS0(pi/2),existing_coarse,heatmap,rabi_sideband,rabi,sideband,169,14,6,0.97333333333333338,0,-1.3333333333333333,0,0.41895097858100133,0.2872410396584878,0.14690399088025541,0.14690399088025541,0.29380798176051082,0.13170993892251354,1.2944889472286385e-10,0.99998800588249515,0,1,0,NaN,NaN,NaN
varms_2,2 x MS0(pi/2),existing_coarse,heatmap,rabi_sideband,rabi,sideband,170,15,6,0.98666666666666669,0,-1.3333333333333333,0,0.42831375765414087,0.31366690915254153,0.1290096665966588,0.1290096665966588,0.2580193331933176,0.11464684850159934,1.2944889472286385e-10,0.99998800588249515,0,1,0,NaN,NaN,NaN
varms_2,2 x MS0(pi/2),existing_coarse,heatmap,rabi_sideband,rabi,sideband,171,16,6,1,0,-1.3333333333333333,0,0.43898789924127735,0.34604564552743394,0.10748322761564438,0.10748322761564438,0.21496645523128877,0.092942253713843404,1.2944889472286385e-10,0.99998800588249515,0,1,0,NaN,NaN,NaN
varms_2,2 x MS0(pi/2),existing_coarse,heatmap,rabi_sideband,rabi,sideband,172,17,6,1.0133333333333334,0,-1.3333333333333333,0,0.44856306117613853,0.3817192730753004,0.084858832874280532,0.084858832874280532,0.16971766574856106,0.066843788100838131,1.2944889472286385e-10,0.99998800588249515,0,1,0,NaN,NaN,NaN
varms_2,2 x MS0(pi/2),existing_coarse,heatmap,rabi_sideband,rabi,sideband,173,18,6,1.0266666666666666,0,-1.3333333333333333,0,0.45446018070613564,0.417660102088725,0.063939858602569649,0.063939858602569649,0.1278797172051393,0.036800078617410636,1.2944889472286385e-10,0.99998800588249515,0,1,0,NaN,NaN,NaN
varms_2,2 x MS0(pi/2),existing_coarse,heatmap,rabi_sideband,rabi,sideband,174,19,6,1.04,0,-1.3333333333333333,0,0.45443899993279685,0.45098341818192106,0.047288790942641004,0.047288790942641004,0.094577581885282008,0.0034555817508757913,1.2944889472286385e-10,0.99998800588249515,0,1,0,NaN,NaN,NaN
varms_2,2 x MS0(pi/2),existing_coarse,heatmap,rabi_sideband,rabi,sideband,175,20,6,1.0533333333333332,0,-1.3333333333333333,0,0.44704862276392326,0.47941489033588153,0.036768243450097604,0.036768243450097604,0.073536486900195208,-0.032366267571958263,1.2944889472286385e-10,0.99998800588249515,0.032378261818912124,0.96762173818108788,-0.014294383524248369,NaN,NaN,NaN
varms_2,2 x MS0(pi/2),existing_coarse,heatmap,rabi_sideband,rabi,sideband,176,21,6,1.0666666666666667,0,-1.3333333333333333,0,0.43191523059260567,0.50160658733271257,0.033239091037340941,0.033239091037340941,0.066478182074681882,-0.069691356740106902,1.2944889472286385e-10,0.99998800588249515,0.069703350987060597,0.9302966490129394,-0.031378543396241756,NaN,NaN,NaN
varms_2,2 x MS0(pi/2),existing_coarse,heatmap,rabi_sideband,rabi,sideband,177,22,6,1.0800000000000001,0,-1.3333333333333333,0,0.40980221897651004,0.51723593535529822,0.036480922834095854,0.036480922834095854,0.072961845668191708,-0.10743371637878818,1.2944889472286385e-10,0.99998800588249515,0.10744571062574193,0.89255428937425807,-0.049365358567475773,NaN,NaN,NaN
varms_2,2 x MS0(pi/2),existing_coarse,heatmap,rabi_sideband,rabi,sideband,178,23,6,1.0933333333333333,0,-1.3333333333333333,0,0.38243662343466084,0.52687956134424097,0.045341907610549084,0.045341907610549084,0.090683815221098169,-0.14444293790958013,1.2944889472286385e-10,0.99998800588249515,0.14445493215653393,0.85554506784346607,-0.067757108039654526,NaN,NaN,NaN
varms_2,2 x MS0(pi/2),existing_coarse,heatmap,rabi_sideband,rabi,sideband,179,24,6,1.1066666666666667,0,-1.3333333333333333,0,0.35215479698484276,0.53171243979979499,0.058066381607681142,0.058066381607681142,0.11613276321536228,-0.17955764281495223,1.2944889472286385e-10,0.99998800588249515,0.17956963706190598,0.82043036293809402,-0.085958275397211334,NaN,NaN,NaN
varms_2,2 x MS0(pi/2),existing_coarse,heatmap,rabi_sideband,rabi,sideband,180,25,6,1.1200000000000001,0,-1.3333333333333333,0,0.32146303436412177,0.53312485438795454,0.072706055623961846,0.072706055623961846,0.14541211124792369,-0.21166182002383277,1.2944889472286385e-10,0.99998800588249515,0.21167381427078646,0.78832618572921354,-0.10329404729373962,NaN,NaN,NaN
varms_2,2 x MS0(pi/2),existing_coarse,heatmap,rabi_sideband,rabi,sideband,181,26,6,1.1333333333333333,0,-1.3333333333333333,0,0.29262342209937026,0.53236388361530462,0.087506347142662574,0.087506347142662574,0.17501269428532515,-0.23974046151593437,1.2944889472286385e-10,0.99998800588249515,0.23975245576288817,0.76024754423711183,-0.11904497404603838,NaN,NaN,NaN
varms_2,2 x MS0(pi/2),existing_coarse,heatmap,rabi_sideband,rabi,sideband,182,27,6,1.1466666666666667,0,-1.3333333333333333,0,0.26735846431490629,0.53028936157256579,0.10117608705626402,0.10117608705626402,0.20235217411252804,-0.2629308972576595,1.2944889472286385e-10,0.99998800588249515,0.26294289150461325,0.73705710849538675,-0.13249886092854199,NaN,NaN,NaN
varms_2,2 x MS0(pi/2),existing_coarse,heatmap,rabi_sideband,rabi,sideband,183,28,6,1.1599999999999999,0,-1.3333333333333333,0,0.24672662691331085,0.52729297357968263,0.11299019975350326,0.11299019975350326,0.22598039950700652,-0.28056634666637181,1.2944889472286385e-10,0.99998800588249515,0.28057834091332556,0.71942165908667444,-0.14301649134343442,NaN,NaN,NaN
varms_2,2 x MS0(pi/2),existing_coarse,heatmap,rabi_sideband,rabi,sideband,184,29,6,1.1733333333333333,0,-1.3333333333333333,0,0.23116838662202061,0.52337706069550705,0.12272727634123616,0.12272727634123616,0.24545455268247232,-0.29220867407348644,1.2944889472286385e-10,0.99998800588249515,0.29222066832044014,0.70777933167955986,-0.15010212362641445,NaN,NaN,NaN
varms_2,2 x MS0(pi/2),existing_coarse,heatmap,rabi_sideband,rabi,sideband,185,30,6,1.1866666666666668,0,-1.3333333333333333,0,0.22067504092040635,0.51834311373308595,0.13049092267325385,0.13049092267325385,0.2609818453465077,-0.2976680728126796,1.2944889472286385e-10,0.99998800588249515,0.29768006705963335,0.70231993294036665,-0.15346500545077588,NaN,NaN,NaN
varms_2,2 x MS0(pi/2),existing_coarse,heatmap,rabi_sideband,rabi,sideband,186,31,6,1.2,0,-1.3333333333333333,0,0.21500422897796567,0.51201253841390593,0.1364916163040642,0.1364916163040642,0.2729832326081284,-0.29700830943594025,1.2944889472286385e-10,0.99998800588249515,0.297020303682894,0.702979696317106,-0.15305721823021998,NaN,NaN,NaN
varms_2,2 x MS0(pi/2),existing_coarse,heatmap,rabi_sideband,rabi,sideband,187,1,7,0.80000000000000004,0,-1.2,0,0.38439593225416474,0.37528344763216243,0.12016031005683643,0.12016031005683643,0.24032062011367286,0.0091124846220023148,1.2944889472286385e-10,0.99998800588249515,0,1,0,NaN,NaN,NaN
varms_2,2 x MS0(pi/2),existing_coarse,heatmap,rabi_sideband,rabi,sideband,188,2,7,0.81333333333333335,0,-1.2,0,0.38860486762342233,0.37766710532317449,0.11686401352670157,0.11686401352670157,0.23372802705340315,0.010937762300247844,1.2944889472286385e-10,0.99998800588249515,0,1,0,NaN,NaN,NaN
varms_2,2 x MS0(pi/2),existing_coarse,heatmap,rabi_sideband,rabi,sideband,189,3,7,0.82666666666666666,0,-1.2,0,0.39236891408328689,0.3797124243983348,0.11395933075918918,0.11395933075918918,0.22791866151837836,0.012656489684952088,1.2944889472286385e-10,0.99998800588249515,0,1,0,NaN,NaN,NaN
varms_2,2 x MS0(pi/2),existing_coarse,heatmap,rabi_sideband,rabi,sideband,190,4,7,0.83999999999999997,0,-1.2,0,0.39531874999515182,0.38121690261963481,0.11173217369260664,0.11173217369260664,0.22346434738521329,0.014101847375517007,1.2944889472286385e-10,0.99998800588249515,0,1,0,NaN,NaN,NaN
varms_2,2 x MS0(pi/2),existing_coarse,heatmap,rabi_sideband,rabi,sideband,191,5,7,0.85333333333333339,0,-1.2,0,0.39703304691457286,0.38196995636859465,0.11049849835841624,0.11049849835841624,0.22099699671683248,0.015063090545978208,1.2944889472286385e-10,0.99998800588249515,0,1,0,NaN,NaN,NaN
varms_2,2 x MS0(pi/2),existing_coarse,heatmap,rabi_sideband,rabi,sideband,192,6,7,0.8666666666666667,0,-1.2,0,0.39705344857800817,0.38176781819266098,0.11058936661466542,0.11058936661466542,0.22117873322933085,0.015285630385347193,1.2944889472286385e-10,0.99998800588249515,0,1,0,NaN,NaN,NaN
varms_2,2 x MS0(pi/2),existing_coarse,heatmap,rabi_sideband,rabi,sideband,193,7,7,0.88,0,-1.2,0,0.39492476897638923,0.38045031599603135,0.11231245751378971,0.11231245751378971,0.22462491502757942,0.014474452980357877,1.2944889472286385e-10,0.99998800588249515,0,1,0,NaN,NaN,NaN
varms_2,2 x MS0(pi/2),existing_coarse,heatmap,rabi_sideband,rabi,sideband,194,8,7,0.89333333333333331,0,-1.2,0,0.39026300950304477,0.37796155263658315,0.11588771893018601,0.11588771893018601,0.23177543786037202,0.012301456866461613,1.2944889472286385e-10,0.99998800588249515,0,1,0,NaN,NaN,NaN
varms_2,2 x MS0(pi/2),existing_coarse,heatmap,rabi_sideband,rabi,sideband,195,9,7,0.90666666666666662,0,-1.2,0,0.38284317612683688,0.374425936703984,0.12136544358458952,0.12136544358458952,0.24273088716917904,0.0084172394228528846,1.2944889472286385e-10,0.99998800588249515,0,1,0,NaN,NaN,NaN
varms_2,2 x MS0(pi/2),existing_coarse,heatmap,rabi_sideband,rabi,sideband,196,10,7,0.92000000000000004,0,-1.2,0,0.37268825676045769,0.37022061422951508,0.12854556450501364,0.12854556450501364,0.25709112901002729,0.0024676425309426153,1.2944889472286385e-10,0.99998800588249515,0,1,0,NaN,NaN,NaN
varms_2,2 x MS0(pi/2),existing_coarse,heatmap,rabi_sideband,rabi,sideband,197,11,7,0.93333333333333335,0,-1.2,0,0.36013390991817412,0.36601897920408355,0.13692355543887122,0.13692355543887122,0.27384711087774244,-0.0058850692859094278,1.2944889472286385e-10,0.99998800588249515,0.0058970635328631227,0.99410293646713688,-0.002568643344073611,NaN,NaN,NaN
varms_2,2 x MS0(pi/2),existing_coarse,heatmap,rabi_sideband,rabi,sideband,198,12,7,0.94666666666666666,0,-1.2,0,0.34584375207898366,0.3627805363478141,0.14568785578660109,0.14568785578660109,0.29137571157320219,-0.01693678426883044,1.2944889472286385e-10,0.99998800588249515,0.016948778515784246,0.98305122148421575,-0.0074238528409050972,NaN,NaN,NaN
varms_2,2 x MS0(pi/2),existing_coarse,heatmap,rabi_sideband,rabi,sideband,199,13,7,0.95999999999999996,0,-1.2,0,0.33075851941459106,0.36167133111082284,0.15378507473729311,0.15378507473729311,0.30757014947458622,-0.030912811696231779,1.2944889472286385e-10,0.99998800588249515,0.030924805943185585,0.96907519405681442,-0.013642523158779743,NaN,NaN,NaN
varms_2,2 x MS0(pi/2),existing_coarse,heatmap,rabi_sideband,rabi,sideband,200,14,7,0.97333333333333338,0,-1.2,0,0.31597775414401591,0.36391494108995159,0.16005365238301622,0.16005365238301622,0.32010730476603244,-0.047937186945935684,1.2944889472286385e-10,0.99998800588249515,0.04794918119288949,0.95205081880711051,-0.021339869117146679,NaN,NaN,NaN
varms_2,2 x MS0(pi/2),existing_coarse,heatmap,rabi_sideband,rabi,sideband,201,15,7,0.98666666666666669,0,-1.2,0,0.30259111763123836,0.37059299591280009,0.16340794322798075,0.16340794322798075,0.32681588645596149,-0.068001878281561734,1.2944889472286385e-10,0.99998800588249515,0.06801387252851554,0.93198612747148446,-0.030590552031665788,NaN,NaN,NaN
varms_2,2 x MS0(pi/2),existing_coarse,heatmap,rabi_sideband,rabi,sideband,202,16,7,1,0,-1.2,0,0.29149288608168022,0.38243096812986938,0.16303807289422517,0.16303807289422517,0.32607614578845034,-0.090938082048189151,1.2944889472286385e-10,0.99998800588249515,0.090950076295142845,0.90904992370485715,-0.041412265299304293,NaN,NaN,NaN
varms_2,2 x MS0(pi/2),existing_coarse,heatmap,rabi_sideband,rabi,sideband,203,17,7,1.0133333333333334,0,-1.2,0,0.28322230482626026,0.39961447546096091,0.15858160985638942,0.15858160985638942,0.31716321971277883,-0.11639217063470064,1.2944889472286385e-10,0.99998800588249515,0.11640416488165428,0.88359583511834572,-0.053746339868713973,NaN,NaN,NaN
varms_2,2 x MS0(pi/2),existing_coarse,heatmap,rabi_sideband,rabi,sideband,204,18,7,1.0266666666666666,0,-1.2,0,0.27787082348196257,0.42167971052510544,0.15022473299646594,0.15022473299646594,0.30044946599293187,-0.14380888704314287,1.2944889472286385e-10,0.99998800588249515,0.14382088129009662,0.85617911870990338,-0.067435368348999949,NaN,NaN,NaN
varms_2,2 x MS0(pi/2),existing_coarse,heatmap,rabi_sideband,rabi,sideband,205,19,7,1.04,0,-1.2,0,0.27508403476202797,0.44750846945311501,0.13870374789242851,0.13870374789242851,0.27740749578485702,-0.17242443469108704,1.2944889472286385e-10,0.99998800588249515,0.17243642893804068,0.82756357106195932,-0.082198635013288696,NaN,NaN,NaN
varms_2,2 x MS0(pi/2),existing_coarse,heatmap,rabi_sideband,rabi,sideband,206,20,7,1.0533333333333332,0,-1.2,0,0.27416424197780187,0.47543596168101349,0.12519989817059232,0.12519989817059232,0.25039979634118464,-0.20127171970321162,1.2944889472286385e-10,0.99998800588249515,0.20128371395016531,0.79871628604983469,-0.097607460090547077,NaN,NaN,NaN
varms_2,2 x MS0(pi/2),existing_coarse,heatmap,rabi_sideband,rabi,sideband,207,21,7,1.0666666666666667,0,-1.2,0,0.27425436716416124,0.50345394171377855,0.11114584556103006,0.11114584556103006,0.22229169112206013,-0.22919957454961731,1.2944889472286385e-10,0.99998800588249515,0.22921156879657101,0.77078843120342899,-0.11306481231214453,NaN,NaN,NaN
varms_2,2 x MS0(pi/2),existing_coarse,heatmap,rabi_sideband,rabi,sideband,208,22,7,1.0800000000000001,0,-1.2,0,0.27456221777805345,0.52946919343870147,0.097984294391622526,0.097984294391622526,0.19596858878324505,-0.25490697566064802,1.2944889472286385e-10,0.99998800588249515,0.25491896990760177,0.74508103009239823,-0.12779649368343715,NaN,NaN,NaN
varms_2,2 x MS0(pi/2),existing_coarse,heatmap,rabi_sideband,rabi,sideband,209,23,7,1.0933333333333333,0,-1.2,0,0.27457221971377838,0.55156455475279698,0.086931612766712324,0.086931612766712324,0.17386322553342465,-0.2769923350390186,1.2944889472286385e-10,0.99998800588249515,0.27700432928597241,0.72299567071402759,-0.14086430324577021,NaN,NaN,NaN
varms_2,2 x MS0(pi/2),existing_coarse,heatmap,rabi_sideband,rabi,sideband,210,24,7,1.1066666666666667,0,-1.2,0,0.27419322097204368,0.56821004382729223,0.078798367600331973,0.078798367600331973,0.15759673520066395,-0.29401682285524855,1.2944889472286385e-10,0.99998800588249515,0.2940288171022023,0.7059711828977977,-0.15121302609252357,NaN,NaN,NaN
varms_2,2 x MS0(pi/2),existing_coarse,heatmap,rabi_sideband,rabi,sideband,211,25,7,1.1200000000000001,0,-1.2,0,0.27380589224401053,0.57838538165156217,0.073904363052213692,0.073904363052213692,0.14780872610442738,-0.30457948940755164,1.2944889472286385e-10,0.99998800588249515,0.30459148365450539,0.69540851634549461,-0.15775999501714538,NaN,NaN,NaN
varms_2,2 x MS0(pi/2),existing_coarse,heatmap,rabi_sideband,rabi,sideband,212,26,7,1.1333333333333333,0,-1.2,0,0.27419797216372677,0.58159869710389234,0.072101665366190434,0.072101665366190434,0.14420333073238087,-0.30740072494016557,1.2944889472286385e-10,0.99998800588249515,0.30741271918711932,0.69258728081288068,-0.15952548841968267,NaN,NaN,NaN
varms_2,2 x MS0(pi/2),existing_coarse,heatmap,rabi_sideband,rabi,sideband,213,27,7,1.1466666666666667,0,-1.2,0,0.27640337867768638,0.57781295803046895,0.072891831645922306,0.072891831645922306,0.14578366329184461,-0.30140957935278256,1.2944889472286385e-10,0.99998800588249515,0.30142157359973631,0.69857842640026369,-0.15578483043612004,NaN,NaN,NaN
varms_2,2 x MS0(pi/2),existing_coarse,heatmap,rabi_sideband,rabi,sideband,214,28,7,1.1599999999999999,0,-1.2,0,0.2814847537407465,0.56731422055168901,0.075600512853782248,0.075600512853782248,0.1512010257075645,-0.28582946681094251,1.2944889472286385e-10,0.99998800588249515,0.28584146105789621,0.71415853894210379,-0.14620536673261458,NaN,NaN,NaN
varms_2,2 x MS0(pi/2),existing_coarse,heatmap,rabi_sideband,rabi,sideband,215,29,7,1.1733333333333333,0,-1.2,0,0.29031181284701263,0.55056815077942844,0.079560018186779491,0.079560018186779491,0.15912003637355898,-0.26025633793241582,1.2944889472286385e-10,0.99998800588249515,0.26026833217936962,0.73973166782063038,-0.1309257888074013,NaN,NaN,NaN
varms_2,2 x MS0(pi/2),existing_coarse,heatmap,rabi_sideband,rabi,sideband,216,30,7,1.1866666666666668,0,-1.2,0,0.30338682171296649,0.52810995621235413,0.084251611037339663,0.084251611037339663,0.16850322207467933,-0.22472313449938763,1.2944889472286385e-10,0.99998800588249515,0.22473512874634138,0.77526487125365862,-0.11054989430513648,NaN,NaN,NaN
varms_2,2 x MS0(pi/2),existing_coarse,heatmap,rabi_sideband,rabi,sideband,217,31,7,1.2,0,-1.2,0,0.32075410631225826,0.50049874438244057,0.089373574652650542,0.089373574652650542,0.17874714930530108,-0.17974463807018232,1.2944889472286385e-10,0.99998800588249515,0.17975663231713601,0.82024336768286399,-0.086057272542499202,NaN,NaN,NaN
varms_2,2 x MS0(pi/2),existing_coarse,heatmap,rabi_sideband,rabi,sideband,218,1,8,0.80000000000000004,0,-1.0666666666666667,0,0.36977943046825479,0.37126860988765242,0.12947597982204642,0.12947597982204642,0.25895195964409284,-0.0014891794193976349,1.2944889472286385e-10,0.99998800588249515,0.0015011736663513853,0.99849882633364861,-0.00065244127612246162,NaN,NaN,NaN
varms_2,2 x MS0(pi/2),existing_coarse,heatmap,rabi_sideband,rabi,sideband,219,2,8,0.81333333333333335,0,-1.0666666666666667,0,0.3754293266991699,0.37676853014127626,0.12390107157977694,0.12390107157977694,0.24780214315955387,-0.0013392034421063626,1.2944889472286385e-10,0.99998800588249515,0.0013511976890601129,0.99864880231093989,-0.00058721451116639563,NaN,NaN,NaN
varms_2,2 x MS0(pi/2),existing_coarse,heatmap,rabi_sideband,rabi,sideband,220,3,8,0.82666666666666666,0,-1.0666666666666667,0,0.38170197577993892,0.38293212839472718,0.11768294791266692,0.11768294791266692,0.23536589582533385,-0.0012301526147882602,1.2944889472286385e-10,0.99998800588249515,0.0012421468617420661,0.99875785313825793,-0.00053979284821252158,NaN,NaN,NaN
varms_2,2 x MS0(pi/2),existing_coarse,heatmap,rabi_sideband,rabi,sideband,221,4,8,0.83999999999999997,0,-1.0666666666666667,0,0.3878626047279205,0.38905343247926066,0.11154198139640942,0.11154198139640942,0.22308396279281884,-0.0011908277513401622,1.2944889472286385e-10,0.99998800588249515,0.0012028219982938015,0.9987971780017062,-0.00052269337317113545,NaN,NaN,NaN
varms_2,2 x MS0(pi/2),existing_coarse,heatmap,rabi_sideband,rabi,sideband,222,5,8,0.85333333333333339,0,-1.0666666666666667,0,0.3932289531160702,0.39449010692692904,0.10614046997850032,0.10614046997850032,0.21228093995700065,-0.0012611538108588394,1.2944889472286385e-10,0.99998800588249515,0.0012731480578125343,0.99872685194218747,-0.00055327345044456106,NaN,NaN,NaN
varms_2,2 x MS0(pi/2),existing_coarse,heatmap,rabi_sideband,rabi,sideband,223,6,8,0.8666666666666667,0,-1.0666666666666667,0,0.39724949146900734,0.39874330657621843,0.10200360097738712,0.10200360097738712,0.20400720195477423,-0.0014938151072110828,1.2944889472286385e-10,0.99998800588249515,0.0015058093541647777,0.99849419064583522,-0.00065445756122718495,NaN,NaN,NaN
varms_2,2 x MS0(pi/2),existing_coarse,heatmap,rabi_sideband,rabi,sideband,224,7,8,0.88,0,-1.0666666666666667,0,0.39955198324735625,0.40150761495196308,0.099470200900340339,0.099470200900340339,0.19894040180068068,-0.0019556317046068306,1.2944889472286385e-10,0.99998800588249515,0.0019676259515606365,0.99803237404843936,-0.00085537089443704411,NaN,NaN,NaN
varms_2,2 x MS0(pi/2),existing_coarse,heatmap,rabi_sideband,rabi,sideband,225,8,8,0.89333333333333331,0,-1.0666666666666667,0,0.39995854099732037,0.40268702177706994,0.098677218612804915,0.098677218612804915,0.19735443722560983,-0.0027284807797495758,1.2944889472286385e-10,0.99998800588249515,0.0027404750267033817,0.99725952497329662,-0.0011918069874503902,NaN,NaN,NaN
varms_2,2 x MS0(pi/2),existing_coarse,heatmap,rabi_sideband,rabi,sideband,226,9,8,0.90666666666666662,0,-1.0666666666666667,0,0.39847027903535981,0.40237982681826717,0.099574947073186537,0.099574947073186537,0.19914989414637307,-0.0039095477829073633,1.2944889472286385e-10,0.99998800588249515,0.0039215420298610582,0.99607845797013894,-0.0017064522173536184,NaN,NaN,NaN
varms_2,2 x MS0(pi/2),existing_coarse,heatmap,rabi_sideband,rabi,sideband,227,10,8,0.92000000000000004,0,-1.0666666666666667,0,0.39523011590803264,0.40084075737369312,0.10196456335913712,0.10196456335913712,0.20392912671827423,-0.0056106414656604819,1.2944889472286385e-10,0.99998800588249515,0.0056226357126141213,0.99437736428738588,-0.0024487704052003189,NaN,NaN,NaN
varms_2,2 x MS0(pi/2),existing_coarse,heatmap,rabi_sideband,rabi,sideband,228,11,8,0.93333333333333335,0,-1.0666666666666667,0,0.39047510933584201,0.39843146128269513,0.10554671469073143,0.10554671469073143,0.21109342938146286,-0.0079563519468531241,1.2944889472286385e-10,0.99998800588249515,0.007968346193806819,0.99203165380619318,-0.0034744701300578611,NaN,NaN,NaN
varms_2,2 x MS0(pi/2),existing_coarse,heatmap,rabi_sideband,rabi,sideband,229,12,8,0.94666666666666666,0,-1.0666666666666667,0,0.38448960379340752,0.3955703805070353,0.10997000784977866,0.10997000784977866,0.21994001569955732,-0.011080776713627782,1.2944889472286385e-10,0.99998800588249515,0.011092770960581477,0.98890722903941852,-0.0048444483482532347,NaN,NaN,NaN
varms_2,2 x MS0(pi/2),existing_coarse,heatmap,rabi_sideband,rabi,sideband,230,13,8,0.95999999999999996,0,-1.0666666666666667,0,0.37756770872897139,0.39269033624109911,0.11487097751496476,0.11487097751496476,0.22974195502992953,-0.015122627512127729,1.2944889472286385e-10,0.99998800588249515,0.015134621759081424,0.98486537824091858,-0.0066231293833730288,NaN,NaN,NaN
varms_2,2 x MS0(pi/2),existing_coarse,heatmap,rabi_sideband,rabi,sideband,231,14,8,0.97333333333333338,0,-1.0666666666666667,0,0.36998932121273903,0.3902078552124893,0.11990141178738581,0.11990141178738581,0.23980282357477162,-0.020218533999750266,1.2944889472286385e-10,0.99998800588249515,0.020230528246704127,0.97976947175329587,-0.0088760966776448152,NaN,NaN,NaN
varms_2,2 x MS0(pi/2),existing_coarse,heatmap,rabi_sideband,rabi,sideband,232,15,8,0.98666666666666669,0,-1.0666666666666667,0,0.36200926970736519,0.38850377815025389,0.12474347607119043,0.12474347607119043,0.24948695214238087,-0.026494508442888698,1.2944889472286385e-10,0.99998800588249515,0.026506502689842559,0.97349349731015744,-0.011666945111333408,NaN,NaN,NaN
varms_2,2 x MS0(pi/2),existing_coarse,heatmap,rabi_sideband,rabi,sideband,233,16,8,1,0,-1.0666666666666667,0,0.3538555550199684,0.38791120135372226,0.12911662181315467,0.12911662181315467,0.25823324362630934,-0.034055646333753853,1.2944889472286385e-10,0.99998800588249515,0.034067640580707548,0.96593235941929245,-0.015053284515637656,NaN,NaN,NaN
varms_2,2 x MS0(pi/2),existing_coarse,heatmap,rabi_sideband,rabi,sideband,234,17,8,1.0133333333333334,0,-1.0666666666666667,0,0.34573107199836406,0.38870528860139969,0.13278181970011815,0.13278181970011815,0.26556363940023631,-0.042974216603035631,1.2944889472286385e-10,0.99998800588249515,0.042986210849989326,0.95701378915001067,-0.019081804638395213,NaN,NaN,NaN
varms_2,2 x MS0(pi/2),existing_coarse,heatmap,rabi_sideband,rabi,sideband,235,18,8,1.0266666666666666,0,-1.0666666666666667,0,0.33781367470181362,0.39109025654471219,0.13554803437673707,0.13554803437673707,0.27109606875347414,-0.053276581842898574,1.2944889472286385e-10,0.99998800588249515,0.053288576089852269,0.94671142391014773,-0.023782382245457267,NaN,NaN,NaN
varms_2,2 x MS0(pi/2),existing_coarse,heatmap,rabi_sideband,rabi,sideband,236,19,8,1.04,0,-1.0666666666666667,0,0.33025199332967875,0.39518142275080631,0.1372832919597575,0.1372832919597575,0.27456658391951499,-0.06492942942112756,1.2944889472286385e-10,0.99998800588249515,0.0649414236680812,0.9350585763319188,-0.029161182089100908,NaN,NaN,NaN
varms_2,2 x MS0(pi/2),existing_coarse,heatmap,rabi_sideband,rabi,sideband,237,20,8,1.0533333333333332,0,-1.0666666666666667,0,0.32315768368425274,0.40098380740655609,0.13792925445459556,0.13792925445459556,0.27585850890919111,-0.077826123722303353,1.2944889472286385e-10,0.99998800588249515,0.077838117969257103,0.9221618820307429,-0.035192833500093362,NaN,NaN,NaN
varms_2,2 x MS0(pi/2),existing_coarse,heatmap,rabi_sideband,rabi,sideband,238,21,8,1.0666666666666667,0,-1.0666666666666667,0,0.31659801551297828,0.40837202352914426,0.13751498047893868,0.13751498047893868,0.27502996095787735,-0.091774008016165975,1.2944889472286385e-10,0.99998800588249515,0.091786002263119726,0.90821399773688027,-0.041811808873018469,NaN,NaN,NaN
varms_2,2 x MS0(pi/2),existing_coarse,heatmap,rabi_sideband,rabi,sideband,239,22,8,1.0800000000000001,0,-1.0666666666666667,0,0.31059437156474501,0.41707814555593664,0.1361637414396592,0.1361637414396592,0.27232748287931841,-0.10648377399119163,1.2944889472286385e-10,0.99998800588249515,0.10649576823814533,0.89350423176185467,-0.048903386273647431,NaN,NaN,NaN
varms_2,2 x MS0(pi/2),existing_coarse,heatmap,rabi_sideband,rabi,sideband,240,23,8,1.0933333333333333,0,-1.0666666666666667,0,0.30513202361663372,0.42669397360911054,0.13408700138712787,0.13408700138712787,0.26817400277425574,-0.12156194999247683,1.2944889472286385e-10,0.99998800588249515,0.12157394423943058,0.87842605576056942,-0.056294790715920411,NaN,NaN,NaN
varms_2,2 x MS0(pi/2),existing_coarse,heatmap,rabi_sideband,rabi,sideband,241,24,8,1.1066666666666667,0,-1.0666666666666667,0,0.30018399597696388,0.4366917358389219,0.13156213409205714,0.13156213409205714,0.26312426818411427,-0.13650773986195802,1.2944889472286385e-10,0.99998800588249515,0.13651973410891172,0.86348026589108828,-0.063747583415039694,NaN,NaN,NaN
varms_2,2 x MS0(pi/2),existing_coarse,heatmap,rabi_sideband,rabi,sideband,242,25,8,1.1200000000000001,0,-1.0666666666666667,0,0.29574781048906224,0.44646309469568285,0.12889454740762749,0.12889454740762749,0.25778909481525497,-0.15071528420662061,1.2944889472286385e-10,0.99998800588249515,0.15072727845357425,0.84927272154642575,-0.070952825134732667,NaN,NaN,NaN
varms_2,2 x MS0(pi/2),existing_coarse,heatmap,rabi_sideband,rabi,sideband,243,26,8,1.1333333333333333,0,-1.0666666666666667,0,0.2918893852139946,0.45537170368187829,0.12636945555206358,0.12636945555206358,0.25273891110412716,-0.16348231846788369,1.2944889472286385e-10,0.99998800588249515,0.1634943127148375,0.8365056872851625,-0.077531101984113129,NaN,NaN,NaN
varms_2,2 x MS0(pi/2),existing_coarse,heatmap,rabi_sideband,rabi,sideband,244,27,8,1.1466666666666667,0,-1.0666666666666667,0,0.28878458726820372,0.46281056670691767,0.12420242301243933,0.12420242301243933,0.24840484602487867,-0.17402597943871395,1.2944889472286385e-10,0.99998800588249515,0.17403797368566765,0.82596202631433235,-0.083039918952308306,NaN,NaN,NaN
varms_2,2 x MS0(pi/2),existing_coarse,heatmap,rabi_sideband,rabi,sideband,245,28,8,1.1599999999999999,0,-1.0666666666666667,0,0.28674733464860053,0.46825347665762679,0.12249959434688634,0.12249959434688634,0.24499918869377268,-0.18150614200902626,1.2944889472286385e-10,0.99998800588249515,0.18151813625598012,0.81848186374401988,-0.086990939420224234,NaN,NaN,NaN
varms_2,2 x MS0(pi/2),existing_coarse,heatmap,rabi_sideband,rabi,sideband,246,29,8,1.1733333333333333,0,-1.0666666666666667,0,0.28623414037906292,0.47129044277035365,0.1212377084252917,0.1212377084252917,0.24247541685058341,-0.18505630239129073,1.2944889472286385e-10,0.99998800588249515,0.18506829663824442,0.81493170336175558,-0.088878786469808291,NaN,NaN,NaN
varms_2,2 x MS0(pi/2),existing_coarse,heatmap,rabi_sideband,rabi,sideband,247,30,8,1.1866666666666668,0,-1.0666666666666667,0,0.28781885464461326,0.47164033356978796,0.1202704058927994,0.1202704058927994,0.2405408117855988,-0.1838214789251747,1.2944889472286385e-10,0.99998800588249515,0.1838334731721285,0.8161665268278715,-0.088221220775744874,NaN,NaN,NaN
varms_2,2 x MS0(pi/2),existing_coarse,heatmap,rabi_sideband,rabi,sideband,248,31,8,1.2,0,-1.0666666666666667,0,0.29213723333424474,0.46913935484201758,0.11936170591186886,0.11936170591186886,0.23872341182373771,-0.17700212150777284,1.2944889472286385e-10,0.99998800588249515,0.1770141157547267,0.8229858842452733,-0.084607613690475356,NaN,NaN,NaN
varms_2,2 x MS0(pi/2),refined_transition,transition_refined,rabi_sideband,rabi,sideband,249,1,1,0.88,0,-1,0,0.38282738150776852,0.3842238276924827,0.11647439539987442,0.11647439539987442,0.23294879079974884,-0.001396446184714184,1.2944889472286385e-10,0.99998800588249515,0.0014084404316678789,0.99859155956833212,-0.00061210906840133571,20,9.9999999999999994e-12,9.9999999999999994e-12
varms_2,2 x MS0(pi/2),refined_transition,transition_refined,rabi_sideband,rabi,sideband,250,2,1,0.90000000000000002,0,-1,0,0.38454455676508759,0.38583906426279641,0.11480818948605807,0.11480818948605807,0.22961637897211615,-0.0012945074977088189,1.2944889472286385e-10,0.99998800588249515,0.0013065017446625138,0.99869349825533749,-0.00056777748025480012,20,9.9999999999999994e-12,9.9999999999999994e-12
varms_2,2 x MS0(pi/2),refined_transition,transition_refined,rabi_sideband,rabi,sideband,251,3,1,0.92000000000000004,0,-1,0,0.38526996403454189,0.38645978795495817,0.11413512400525003,0.11413512400525003,0.22827024801050005,-0.0011898239204162775,1.2944889472286385e-10,0.99998800588249515,0.0012018181673700834,0.99879818183262992,-0.00052225689014789617,20,9.9999999999999994e-12,9.9999999999999994e-12
varms_2,2 x MS0(pi/2),refined_transition,transition_refined,rabi_sideband,rabi,sideband,252,4,1,0.93999999999999995,0,-1,0,0.38463330773540372,0.38571858174349777,0.11482405526054923,0.11482405526054923,0.22964811052109846,-0.0010852740080940504,1.2944889472286385e-10,0.99998800588249515,0.0010972682550477453,0.99890273174495225,-0.00047679918450446176,20,9.9999999999999994e-12,9.9999999999999994e-12
varms_2,2 x MS0(pi/2),refined_transition,transition_refined,rabi_sideband,rabi,sideband,253,5,1,0.95999999999999996,0,-1,0,0.3823794717620877,0.38336652062492971,0.11712700380649135,0.11712700380649135,0.23425400761298271,-0.00098704886284201043,1.2944889472286385e-10,0.99998800588249515,0.00099904310979581634,0.99900095689020418,-0.00043409578609333003,20,9.9999999999999994e-12,9.9999999999999994e-12
varms_2,2 x MS0(pi/2),refined_transition,transition_refined,rabi_sideband,rabi,sideband,254,6,1,0.97999999999999998,0,-1,0,0.37850920816207889,0.37941315585727436,0.12103881799032333,0.12103881799032333,0.24207763598064666,-0.0009039476951954728,1.2944889472286385e-10,0.99998800588249515,0.00091594194214916769,0.99908405805785083,-0.00039797081813704513,20,9.9999999999999994e-12,9.9999999999999994e-12
varms_2,2 x MS0(pi/2),refined_transition,transition_refined,rabi_sideband,rabi,sideband,255,7,1,1,0,-1,0,0.37345034898392343,0.37429691487394723,0.1261263680710647,0.1261263680710647,0.2522527361421294,-0.00084656589002379823,1.2944889472286385e-10,0.99998800588249515,0.00085856013697760414,0.9991414398630224,-0.00037302808631780134,20,9.9999999999999994e-12,9.9999999999999994e-12
varms_2,2 x MS0(pi/2),refined_transition,transition_refined,rabi_sideband,rabi,sideband,256,8,1,1.02,0,-1,0,0.36814907681047404,0.36897544411468924,0.13143773953741839,0.13143773953741839,0.26287547907483677,-0.0008263673042152031,1.2944889472286385e-10,0.99998800588249515,0.00083836155116889799,0.9991616384488311,-0.00036424850282571185,20,9.9999999999999994e-12,9.9999999999999994e-12
varms_2,2 x MS0(pi/2),refined_transition,transition_refined,rabi_sideband,rabi,sideband,257,9,1,1.04,0,-1,0,0.36394731454644846,0.36480195144169641,0.13562536700592756,0.13562536700592756,0.27125073401185512,-0.00085463689524795106,1.2944889472286385e-10,0.99998800588249515,0.00086663114220164594,0.99913336885779835,-0.0003765363055246246,20,9.9999999999999994e-12,9.9999999999999994e-12
varms_2,2 x MS0(pi/2),refined_transition,transition_refined,rabi_sideband,rabi,sideband,258,10,1,1.0600000000000001,0,-1,0,0.36219191580195054,0.36313324176058437,0.13733742121873257,0.13733742121873257,0.27467484243746515,-0.00094132595863383184,1.2944889472286385e-10,0.99998800588249515,0.00095332020558758224,0.99904667979441242,-0.00041421917791531634,20,9.9999999999999994e-12,9.9999999999999994e-12
varms_2,2 x MS0(pi/2),refined_transition,transition_refined,rabi_sideband,rabi,sideband,259,11,1,1.0800000000000001,0,-1,0,0.36368289678034738,0.36477672383162296,0.13577018969401483,0.13577018969401483,0.27154037938802966,-0.0010938270512755865,1.2944889472286385e-10,0.99998800588249515,0.0011058212982293369,0.99889417870177066,-0.0004805178202054626,20,9.9999999999999994e-12,9.9999999999999994e-12
varms_2,2 x MS0(pi/2),refined_transition,transition_refined,rabi_sideband,rabi,sideband,260,12,1,1.1000000000000001,0,-1,0,0.36821478882569025,0.36953053434625921,0.13112733841402527,0.13112733841402527,0.26225467682805054,-0.0013157455205689561,1.2944889472286385e-10,0.99998800588249515,0.001327739767522762,0.99867226023247724,-0.00057701320094931288,20,9.9999999999999994e-12,9.9999999999999994e-12
varms_2,2 x MS0(pi/2),refined_transition,transition_refined,rabi_sideband,rabi,sideband,261,13,1,1.1200000000000001,0,-1,0,0.37448421861427572,0.37608998432045482,0.1247128985326347,0.1247128985326347,0.24942579706526941,-0.0016057657061790964,1.2944889472286385e-10,0.99998800588249515,0.0016177599531328468,0.99838224004686715,-0.00070315314066438453,20,9.9999999999999994e-12,9.9999999999999994e-12
varms_2,2 x MS0(pi/2),existing_coarse,heatmap,rabi_sideband,rabi,sideband,262,1,9,0.80000000000000004,0,-0.93333333333333335,0,0.34370437370447582,0.3445423657957018,0.15587663024991125,0.15587663024991125,0.31175326049982249,-0.00083799209122598084,1.2944889472286385e-10,0.99998800588249515,0.00084998633817967573,0.99915001366182032,-0.00036930134915907122,NaN,NaN,NaN
varms_2,2 x MS0(pi/2),existing_coarse,heatmap,rabi_sideband,rabi,sideband,263,2,9,0.81333333333333335,0,-0.93333333333333335,0,0.34947452492475106,0.34995883781975268,0.15028331862774813,0.15028331862774813,0.30056663725549626,-0.00048431289500161512,1.2944889472286385e-10,0.99998800588249515,0.00049630714195536552,0.99950369285804463,-0.00021559695866217251,NaN,NaN,NaN
varms_2,2 x MS0(pi/2),existing_coarse,heatmap,rabi_sideband,rabi,sideband,264,3,9,0.82666666666666666,0,-0.93333333333333335,0,0.35773920332532849,0.35789577098649494,0.14218251284408828,0.14218251284408828,0.28436502568817656,-0.00015656766116645127,1.2944889472286385e-10,0.99998800588249515,0.00016856190812020166,0.9998314380918798,-7.3211677079041353e-05,NaN,NaN,NaN
varms_2,2 x MS0(pi/2),existing_coarse,heatmap,rabi_sideband,rabi,sideband,265,4,9,0.83999999999999997,0,-0.93333333333333335,0,0.3677673585660603,0.36761187496362602,0.13231038323515681,0.13231038323515681,0.26462076647031363,0.00015548360243428094,1.2944889472286385e-10,0.99998800588249515,0,1,0,NaN,NaN,NaN
varms_2,2 x MS0(pi/2),existing_coarse,heatmap,rabi_sideband,rabi,sideband,266,5,9,0.85333333333333339,0,-0.93333333333333335,0,0.37864842739519972,0.37818760043809885,0.12158198608335075,0.12158198608335075,0.24316397216670149,0.0004608269571008683,1.2944889472286385e-10,0.99998800588249515,0,1,0,NaN,NaN,NaN
varms_2,2 x MS0(pi/2),existing_coarse,heatmap,rabi_sideband,rabi,sideband,267,6,9,0.8666666666666667,0,-0.93333333333333335,0,0.38939894169864547,0.38863197834356089,0.11098453997889683,0.11098453997889683,0.22196907995779366,0.00076696335508458224,1.2944889472286385e-10,0.99998800588249515,0,1,0,NaN,NaN,NaN
varms_2,2 x MS0(pi/2),existing_coarse,heatmap,rabi_sideband,rabi,sideband,268,7,9,0.88,0,-0.93333333333333335,0,0.39907698310984313,0.39799720027274116,0.10146290830870791,0.10146290830870791,0.20292581661741582,0.0010797828371019724,1.2944889472286385e-10,0.99998800588249515,0,1,0,NaN,NaN,NaN
varms_2,2 x MS0(pi/2),existing_coarse,heatmap,rabi_sideband,rabi,sideband,269,8,9,0.89333333333333331,0,-0.93333333333333335,0,0.40688851272898519,0.40548499855914827,0.093813244355933217,0.093813244355933217,0.18762648871186643,0.0014035141698369169,1.2944889472286385e-10,0.99998800588249515,0,1,0,NaN,NaN,NaN
varms_2,2 x MS0(pi/2),existing_coarse,heatmap,rabi_sideband,rabi,sideband,270,9,9,0.90666666666666662,0,-0.93333333333333335,0,0.41227117867581198,0.41053043257800265,0.088599194373092716,0.088599194373092716,0.17719838874618543,0.0017407460978093314,1.2944889472286385e-10,0.99998800588249515,0,1,0,NaN,NaN,NaN
varms_2,2 x MS0(pi/2),existing_coarse,heatmap,rabi_sideband,rabi,sideband,271,10,9,0.92000000000000004,0,-0.93333333333333335,0,0.41494496802702713,0.41285247943235048,0.086101276270311153,0.086101276270311153,0.17220255254062231,0.0020924885946766447,1.2944889472286385e-10,0.99998800588249515,0,1,0,NaN,NaN,NaN
varms_2,2 x MS0(pi/2),existing_coarse,heatmap,rabi_sideband,rabi,sideband,272,11,9,0.93333333333333335,0,-0.93333333333333335,0,0.41492442317399836,0.41246616798775232,0.086304704419124634,0.086304704419124634,0.17260940883824927,0.0024582551862460389,1.2944889472286385e-10,0.99998800588249515,0,1,0,NaN,NaN,NaN
varms_2,2 x MS0(pi/2),existing_coarse,heatmap,rabi_sideband,rabi,sideband,273,12,9,0.94666666666666666,0,-0.93333333333333335,0,0.41249307221831799,0.40965693767443317,0.088924995053624389,0.088924995053624389,0.17784999010724878,0.0028361345438848162,1.2944889472286385e-10,0.99998800588249515,0,1,0,NaN,NaN,NaN
varms_2,2 x MS0(pi/2),existing_coarse,heatmap,rabi_sideband,rabi,sideband,274,13,9,0.95999999999999996,0,-0.93333333333333335,0,0.40814629320316842,0.40492345354530873,0.093465126625761383,0.093465126625761383,0.18693025325152277,0.0032228396578596885,1.2944889472286385e-10,0.99998800588249515,0,1,0,NaN,NaN,NaN
varms_2,2 x MS0(pi/2),existing_coarse,heatmap,rabi_sideband,rabi,sideband,275,14,9,0.97333333333333338,0,-0.93333333333333335,0,0.40251296681073268,0.39889934988940307,0.099293841649932157,0.099293841649932157,0.19858768329986431,0.0036136169213296099,1.2944889472286385e-10,0.99998800588249515,0,1,0,NaN,NaN,NaN
varms_2,2 x MS0(pi/2),existing_coarse,heatmap,rabi_sideband,rabi,sideband,276,15,9,0.98666666666666669,0,-0.93333333333333335,0,0.3962687372898947,0.39226659650807644,0.1057323331010144,0.1057323331010144,0.21146466620202881,0.0040021407818182642,1.2944889472286385e-10,0.99998800588249515,0,1,0,NaN,NaN,NaN
varms_2,2 x MS0(pi/2),existing_coarse,heatmap,rabi_sideband,rabi,sideband,277,16,9,1,0,-0.93333333333333335,0,0.39005357852341044,0.38567338696151138,0.11213651725753906,0.11213651725753906,0.22427303451507813,0.0043801915618990606,1.2944889472286385e-10,0.99998800588249515,0,1,0,NaN,NaN,NaN
varms_2,2 x MS0(pi/2),existing_coarse,heatmap,rabi_sideband,rabi,sideband,278,17,9,1.0133333333333334,0,-0.93333333333333335,0,0.38440464169882788,0.37966743309504997,0.11796396260306106,0.11796396260306106,0.23592792520612213,0.0047372086037779093,1.2944889472286385e-10,0.99998800588249515,0,1,0,NaN,NaN,NaN
varms_2,2 x MS0(pi/2),existing_coarse,heatmap,rabi_sideband,rabi,sideband,279,18,9,1.0266666666666666,0,-0.93333333333333335,0,0.37971172322079222,0.37465208263046756,0.12281809707437015,0.12281809707437015,0.2456361941487403,0.0050596405903246544,1.2944889472286385e-10,0.99998800588249515,0,1,0,NaN,NaN,NaN
varms_2,2 x MS0(pi/2),existing_coarse,heatmap,rabi_sideband,rabi,sideband,280,19,9,1.04,0,-0.93333333333333335,0,0.37619842512935286,0.37086831244300017,0.12646663121382348,0.12646663121382348,0.25293326242764697,0.0053301126863526949,1.2944889472286385e-10,0.99998800588249515,0,1,0,NaN,NaN,NaN
varms_2,2 x MS0(pi/2),existing_coarse,heatmap,rabi_sideband,rabi,sideband,281,20,9,1.0533333333333332,0,-0.93333333333333335,0,0.37392770737711162,0.3684012807891231,0.12883550591688261,0.12883550591688261,0.25767101183376523,0.0055264265879885199,1.2944889472286385e-10,0.99998800588249515,0,1,0,NaN,NaN,NaN
varms_2,2 x MS0(pi/2),existing_coarse,heatmap,rabi_sideband,rabi,sideband,282,21,9,1.0666666666666667,0,-0.93333333333333335,0,0.37282689113298451,0.36720646032733406,0.12998332426984072,0.12998332426984072,0.25996664853968143,0.0056204308056504448,1.2944889472286385e-10,0.99998800588249515,0,1,0,NaN,NaN,NaN
varms_2,2 x MS0(pi/2),existing_coarse,heatmap,rabi_sideband,rabi,sideband,283,22,9,1.0800000000000001,0,-0.93333333333333335,0,0.37272480884269776,0.36714797117677384,0.13006360999026417,0.13006360999026417,0.26012721998052835,0.0055768376659239283,1.2944889472286385e-10,0.99998800588249515,0,1,0,NaN,NaN,NaN
varms_2,2 x MS0(pi/2),existing_coarse,heatmap,rabi_sideband,rabi,sideband,284,23,9,1.0933333333333333,0,-0.93333333333333335,0,0.37339299339401849,0.36804091019631824,0.12928304820483166,0.12928304820483166,0.25856609640966333,0.0053520831977002525,1.2944889472286385e-10,0.99998800588249515,0,1,0,NaN,NaN,NaN
varms_2,2 x MS0(pi/2),existing_coarse,heatmap,rabi_sideband,rabi,sideband,285,24,9,1.1066666666666667,0,-0.93333333333333335,0,0.37458353086826829,0.36969016097300123,0.12786315407936519,0.12786315407936519,0.25572630815873038,0.0048933698952670635,1.2944889472286385e-10,0.99998800588249515,0,1,0,NaN,NaN,NaN
varms_2,2 x MS0(pi/2),existing_coarse,heatmap,rabi_sideband,rabi,sideband,286,25,9,1.1200000000000001,0,-0.93333333333333335,0,0.37605815511716423,0.37192011118887092,0.12601086684698246,0.12601086684698246,0.25202173369396491,0.0041380439282933112,1.2944889472286385e-10,0.99998800588249515,0,1,0,NaN,NaN,NaN
varms_2,2 x MS0(pi/2),existing_coarse,heatmap,rabi_sideband,rabi,sideband,287,26,9,1.1333333333333333,0,-0.93333333333333335,0,0.37760585231033233,0.37459235311963895,0.12390089728501438,0.12390089728501438,0.24780179457002877,0.0030134991906933806,1.2944889472286385e-10,0.99998800588249515,0,1,0,NaN,NaN,NaN
varms_2,2 x MS0(pi/2),existing_coarse,heatmap,rabi_sideband,rabi,sideband,288,27,9,1.1466666666666667,0,-0.93333333333333335,0,0.37904906675391514,0.37761126959944513,0.12166983182331984,0.12166983182331984,0.24333966364663967,0.0014377971544700108,1.2944889472286385e-10,0.99998800588249515,0,1,0,NaN,NaN,NaN
varms_2,2 x MS0(pi/2),existing_coarse,heatmap,rabi_sideband,rabi,sideband,289,28,9,1.1599999999999999,0,-0.93333333333333335,0,0.38024098338152684,0.38091978418584765,0.11941961621631277,0.11941961621631277,0.23883923243262553,-0.00067880080432081158,1.2944889472286385e-10,0.99998800588249515,0.000690795051274673,0.99930920494872533,-0.00030011214882681161,NaN,NaN,NaN
varms_2,2 x MS0(pi/2),existing_coarse,heatmap,rabi_sideband,rabi,sideband,290,29,9,1.1733333333333333,0,-0.93333333333333335,0,0.38105787790598539,0.38448909584222657,0.11722651312589397,0.11722651312589397,0.23445302625178793,-0.0034312179362411821,1.2944889472286385e-10,0.99998800588249515,0.003443212183194877,0.99655678781680512,-0.0014979484107827709,NaN,NaN,NaN
varms_2,2 x MS0(pi/2),existing_coarse,heatmap,rabi_sideband,rabi,sideband,291,30,9,1.1866666666666668,0,-0.93333333333333335,0,0.38139095590022648,0.38830667659633539,0.11515118375171905,0.11515118375171905,0.2303023675034381,-0.0069157206961089068,1.2944889472286385e-10,0.99998800588249515,0.0069277149430626572,0.99307228505693734,-0.0030191383537763188,NaN,NaN,NaN
varms_2,2 x MS0(pi/2),existing_coarse,heatmap,rabi_sideband,rabi,sideband,292,31,9,1.2,0,-0.93333333333333335,0,0.38114144251584081,0.39236622220934941,0.11324616763740487,0.11324616763740487,0.22649233527480975,-0.011224779693508602,1.2944889472286385e-10,0.99998800588249515,0.011236773940462408,0.98876322605953759,-0.0049076941731470598,NaN,NaN,NaN
varms_2,2 x MS0(pi/2),refined_transition,transition_refined,rabi_sideband,rabi,sideband,293,1,2,0.88,0,-0.83333333333333337,0,0.37241734336583077,0.37225053258633145,0.12766606202391886,0.12766606202391886,0.25533212404783773,0.00016681077949931566,1.2944889472286385e-10,0.99998800588249515,0,1,0,20,9.9999999999999994e-12,9.9999999999999994e-12
varms_2,2 x MS0(pi/2),refined_transition,transition_refined,rabi_sideband,rabi,sideband,294,2,2,0.90000000000000002,0,-0.83333333333333337,0,0.37122832240123166,0.37093608081982471,0.12891779838947182,0.12891779838947182,0.25783559677894363,0.000292241581406949,1.2944889472286385e-10,0.99998800588249515,0,1,0,20,9.9999999999999994e-12,9.9999999999999994e-12
varms_2,2 x MS0(pi/2),refined_transition,transition_refined,rabi_sideband,rabi,sideband,295,3,2,0.92000000000000004,0,-0.83333333333333337,0,0.37007689742095051,0.36975105008834358,0.1300860262453529,0.1300860262453529,0.2601720524907058,0.00032584733260693222,1.2944889472286385e-10,0.99998800588249515,0,1,0,20,9.9999999999999994e-12,9.9999999999999994e-12
varms_2,2 x MS0(pi/2),refined_transition,transition_refined,rabi_sideband,rabi,sideband,296,4,2,0.93999999999999995,0,-0.83333333333333337,0,0.36930152977825897,0.36899750200045167,0.13085048411064473,0.13085048411064473,0.26170096822128947,0.00030402777780730306,1.2944889472286385e-10,0.99998800588249515,0,1,0,20,9.9999999999999994e-12,9.9999999999999994e-12
varms_2,2 x MS0(pi/2),refined_transition,transition_refined,rabi_sideband,rabi,sideband,297,5,2,0.95999999999999996,0,-0.83333333333333337,0,0.36923043226433166,0.36897690475160044,0.13089633149203395,0.13089633149203395,0.26179266298406789,0.00025352751273122198,1.2944889472286385e-10,0.99998800588249515,0,1,0,20,9.9999999999999994e-12,9.9999999999999994e-12
varms_2,2 x MS0(pi/2),refined_transition,transition_refined,rabi_sideband,rabi,sideband,298,6,2,0.97999999999999998,0,-0.83333333333333337,0,0.37006657563907319,0.36987408194338106,0.13002967120877287,0.13002967120877287,0.26005934241754575,0.00019249369569213082,1.2944889472286385e-10,0.99998800588249515,0,1,0,20,9.9999999999999994e-12,9.9999999999999994e-12
varms_2,2 x MS0(pi/2),refined_transition,transition_refined,rabi_sideband,rabi,sideband,299,7,2,1,0,-0.83333333333333337,0,0.37178768931137401,0.37165568481431382,0.12827831293715608,0.12827831293715608,0.25655662587431216,0.00013200449706018968,1.2944889472286385e-10,0.99998800588249515,0,1,0,20,9.9999999999999994e-12,9.9999999999999994e-12
varms_2,2 x MS0(pi/2),refined_transition,transition_refined,rabi_sideband,rabi,sideband,300,8,2,1.02,0,-0.83333333333333337,0,0.37411335241050825,0.37403558554433008,0.12592553102258081,0.12592553102258081,0.25185106204516161,7.7766866178163863e-05,1.2944889472286385e-10,0.99998800588249515,0,1,0,20,9.9999999999999994e-12,9.9999999999999994e-12
varms_2,2 x MS0(pi/2),refined_transition,transition_refined,rabi_sideband,rabi,sideband,301,9,2,1.04,0,-0.83333333333333337,0,0.37657252954237913,0.37654077196004865,0.12344334924878618,0.12344334924878618,0.24688669849757236,3.1757582330482759e-05,1.2944889472286385e-10,0.99998800588249515,0,1,0,20,9.9999999999999994e-12,9.9999999999999994e-12
varms_2,2 x MS0(pi/2),refined_transition,transition_refined,rabi_sideband,rabi,sideband,302,10,2,1.0600000000000001,0,-0.83333333333333337,0,0.37866214093403977,0.37866848210395077,0.1213346884810047,0.1213346884810047,0.24266937696200941,-6.3411699109949815e-06,1.2944889472286385e-10,0.99998800588249515,1.8335416864689869e-05,0.99998166458313531,-7.9630433708135813e-06,20,9.9999999999999994e-12,9.9999999999999994e-12
varms_2,2 x MS0(pi/2),refined_transition,transition_refined,rabi_sideband,rabi,sideband,303,11,2,1.0800000000000001,0,-0.83333333333333337,0,0.38003861826470775,0.38007660922624842,0.11994238625452187,0.11994238625452187,0.23988477250904375,-3.7990961540668167e-05,1.2944889472286385e-10,0.99998800588249515,4.9985208494418565e-05,0.99995001479150558,-2.1708842790946186e-05,20,9.9999999999999994e-12,9.9999999999999994e-12
varms_2,2 x MS0(pi/2),refined_transition,transition_refined,rabi_sideband,rabi,sideband,304,12,2,1.1000000000000001,0,-0.83333333333333337,0,0.38065633682482763,0.38072129136146032,0.11931118590685599,0.11931118590685599,0.23862237181371199,-6.4954536632688686e-05,1.2944889472286385e-10,0.99998800588249515,7.6948783586328062e-05,0.99992305121641367,-3.3419717920521486e-05,20,9.9999999999999994e-12,9.9999999999999994e-12
varms_2,2 x MS0(pi/2),refined_transition,transition_refined,rabi_sideband,rabi,sideband,305,13,2,1.1200000000000001,0,-0.83333333333333337,0,0.38077943055055646,0.38086817599584066,0.11917619672680149,0.11917619672680149,0.23835239345360298,-8.8745445284199587e-05,1.2944889472286385e-10,0.99998800588249515,0.00010073969223789447,0.99989926030776211,-4.3752896311207875e-05,20,9.9999999999999994e-12,9.9999999999999994e-12
varms_2,2 x MS0(pi/2),existing_coarse,heatmap,rabi_sideband,rabi,sideband,306,1,10,0.80000000000000004,0,-0.80000000000000004,0,0.3307615791983799,0.33434434154241616,0.16744703962960197,0.16744703962960197,0.33489407925920395,-0.003582762344036261,1.2944889472286385e-10,0.99998800588249515,0.0035947565909900669,0.99640524340900993,-0.0015639957304651379,NaN,NaN,NaN
varms_2,2 x MS0(pi/2),existing_coarse,heatmap,rabi_sideband,rabi,sideband,307,2,10,0.81333333333333335,0,-0.80000000000000004,0,0.3361118383764074,0.33864379915540255,0.16262218123409503,0.16262218123409503,0.32524436246819005,-0.0025319607789951459,1.2944889472286385e-10,0.99998800588249515,0.0025439550259488408,0.99745604497405116,-0.0011062333312626983,NaN,NaN,NaN
varms_2,2 x MS0(pi/2),existing_coarse,heatmap,rabi_sideband,rabi,sideband,308,3,10,0.82666666666666666,0,-0.80000000000000004,0,0.34375805491159855,0.34545260390757482,0.15539467059041329,0.15539467059041329,0.31078934118082657,-0.0016945489959762638,1.2944889472286385e-10,0.99998800588249515,0.0017065432429299587,0.99829345675707004,-0.00074177542963322891,NaN,NaN,NaN
varms_2,2 x MS0(pi/2),existing_coarse,heatmap,rabi_sideband,rabi,sideband,309,4,10,0.83999999999999997,0,-0.80000000000000004,0,0.35340831942974033,0.35445806859834511,0.14606680598595723,0.14606680598595723,0.29213361197191445,-0.0010497491686047855,1.2944889472286385e-10,0.99998800588249515,0.0010617434155584249,0.99893825658444158,-0.00046135426986664783,NaN,NaN,NaN
varms_2,2 x MS0(pi/2),existing_coarse,heatmap,rabi_sideband,rabi,sideband,310,5,10,0.85333333333333339,0,-0.80000000000000004,0,0.36456665648823644,0.36514121040520747,0.13514606655327807,0.13514606655327807,0.27029213310655614,-0.00057455391697103231,1.2944889472286385e-10,0.99998800588249515,0.00058654816392489373,0.99941345183607511,-0.00025480936725382337,NaN,NaN,NaN
varms_2,2 x MS0(pi/2),existing_coarse,heatmap,rabi_sideband,rabi,sideband,311,6,10,0.8666666666666667,0,-0.80000000000000004,0,0.37656600528258533,0.37681085906973305,0.12331156782384081,0.12331156782384081,0.24662313564768162,-0.00024485378714772521,1.2944889472286385e-10,0.99998800588249515,0.00025684803410153112,0.99974315196589847,-0.00011156201175309223,NaN,NaN,NaN
varms_2,2 x MS0(pi/2),existing_coarse,heatmap,rabi_sideband,rabi,sideband,312,7,10,0.88,0,-0.80000000000000004,0,0.38862252377238565,0.38865891252684143,0.11135928185038647,0.11135928185038647,0.22271856370077295,-3.6388754455773942e-05,1.2944889472286385e-10,0.99998800588249515,4.838300140952434e-05,0.99995161699859048,-2.1012978869666044e-05,NaN,NaN,NaN
varms_2,2 x MS0(pi/2),existing_coarse,heatmap,rabi_sideband,rabi,sideband,313,8,10,0.89333333333333331,0,-0.80000000000000004,0,0.39990601193766523,0.39983149529332224,0.10013124638450624,0.10013124638450624,0.20026249276901248,7.4516644342992322e-05,1.2944889472286385e-10,0.99998800588249515,0,1,0,NaN,NaN,NaN
varms_2,2 x MS0(pi/2),existing_coarse,heatmap,rabi_sideband,rabi,sideband,314,9,10,0.90666666666666662,0,-0.80000000000000004,0,0.40961888382425604,0.40950848391394579,0.0904363161308991,0.0904363161308991,0.1808726322617982,0.00011039991031025487,1.2944889472286385e-10,0.99998800588249515,0,1,0,NaN,NaN,NaN
varms_2,2 x MS0(pi/2),existing_coarse,heatmap,rabi_sideband,rabi,sideband,315,10,10,0.92000000000000004,0,-0.80000000000000004,0,0.4170746576211366,0.4169823700811589,0.082971486148852233,0.082971486148852233,0.16594297229770447,9.2287539977697897e-05,1.2944889472286385e-10,0.99998800588249515,0,1,0,NaN,NaN,NaN
varms_2,2 x MS0(pi/2),existing_coarse,heatmap,rabi_sideband,rabi,sideband,316,11,10,0.93333333333333335,0,-0.80000000000000004,0,0.42176672239220669,0.42172725867704425,0.078253009465374515,0.078253009465374515,0.15650601893074903,3.9463715162446622e-05,1.2944889472286385e-10,0.99998800588249515,0,1,0,NaN,NaN,NaN
varms_2,2 x MS0(pi/2),existing_coarse,heatmap,rabi_sideband,rabi,sideband,317,12,10,0.94666666666666666,0,-0.80000000000000004,0,0.42341910832220397,0.42344973502695793,0.076565578325419104,0.076565578325419104,0.15313115665083821,-3.0626704753955458e-05,1.2944889472286385e-10,0.99998800588249515,4.2620951707705856e-05,0.99995737904829229,-1.8510438609178803e-05,NaN,NaN,NaN
varms_2,2 x MS0(pi/2),existing_coarse,heatmap,rabi_sideband,rabi,sideband,318,13,10,0.95999999999999996,0,-0.80000000000000004,0,0.42201313866596196,0.42211551773557837,0.077935671799229819,0.077935671799229819,0.15587134359845964,-0.00010237906961640952,1.2944889472286385e-10,0.99998800588249515,0.0001143733165700489,0.99988562668342995,-4.9674541038503372e-05,NaN,NaN,NaN
varms_2,2 x MS0(pi/2),existing_coarse,heatmap,rabi_sideband,rabi,sideband,319,14,10,0.97333333333333338,0,-0.80000000000000004,0,0.41778683571842878,0.41794881493883357,0.082132174671368866,0.082132174671368866,0.16426434934273773,-0.0001619792204047843,1.2944889472286385e-10,0.99998800588249515,0.00017397346735859021,0.99982602653264141,-7.5562289978807912e-05,NaN,NaN,NaN
varms_2,2 x MS0(pi/2),existing_coarse,heatmap,rabi_sideband,rabi,sideband,320,15,10,0.98666666666666669,0,-0.80000000000000004,0,0.4112073719212968,0.41140465346951338,0.088693987304594976,0.088693987304594976,0.17738797460918995,-0.00019728154821657684,1.2944889472286385e-10,0.99998800588249515,0.00020927579517038275,0.99979072420482962,-9.0896834623865197e-05,NaN,NaN,NaN
varms_2,2 x MS0(pi/2),existing_coarse,heatmap,rabi_sideband,rabi,sideband,321,16,10,1,0,-0.80000000000000004,0,0.40292018082990805,0.40311786965028135,0.096980974759905289,0.096980974759905289,0.19396194951981058,-0.00019768882037329849,1.2944889472286385e-10,0.99998800588249515,0.00020968306732704889,0.99979031693267295,-9.1073747733795793e-05,NaN,NaN,NaN
varms_2,2 x MS0(pi/2),existing_coarse,heatmap,rabi_sideband,rabi,sideband,322,17,10,1.0133333333333334,0,-0.80000000000000004,0,0.39368115686174709,0.39383518680887147,0.10624182816469072,0.10624182816469072,0.21248365632938143,-0.0001540299471243789,1.2944889472286385e-10,0.99998800588249515,0.00016602419407818481,0.99983397580592182,-7.2109377466879094e-05,NaN,NaN,NaN
varms_2,2 x MS0(pi/2),existing_coarse,heatmap,rabi_sideband,rabi,sideband,323,18,10,1.0266666666666666,0,-0.80000000000000004,0,0.38428028011660598,0.38433869722989383,0.11569051132675015,0.11569051132675015,0.2313810226535003,-5.841711328785637e-05,1.2944889472286385e-10,0.99998800588249515,7.0411360241551257e-05,0.99992958863975845,-3.0580341830574807e-05,NaN,NaN,NaN
varms_2,2 x MS0(pi/2),existing_coarse,heatmap,rabi_sideband,rabi,sideband,324,19,10,1.04,0,-0.80000000000000004,0,0.37546567401961989,0.37536980374351891,0.12458226111843064,0.12458226111843064,0.24916452223686128,9.5870276100973317e-05,1.2944889472286385e-10,0.99998800588249515,0,1,0,NaN,NaN,NaN
varms_2,2 x MS0(pi/2),existing_coarse,heatmap,rabi_sideband,rabi,sideband,325,20,10,1.0533333333333332,0,-0.80000000000000004,0,0.36787668356605496,0.3675621823673535,0.1322805670332958,0.1322805670332958,0.2645611340665916,0.00031450119870146676,1.2944889472286385e-10,0.99998800588249515,0,1,0,NaN,NaN,NaN
varms_2,2 x MS0(pi/2),existing_coarse,heatmap,rabi_sideband,rabi,sideband,326,21,10,1.0666666666666667,0,-0.80000000000000004,0,0.36199294483334477,0.36139073132602817,0.13830816192031353,0.13830816192031353,0.27661632384062707,0.00060221350731659573,1.2944889472286385e-10,0.99998800588249515,0,1,0,NaN,NaN,NaN
varms_2,2 x MS0(pi/2),existing_coarse,heatmap,rabi_sideband,rabi,sideband,327,22,10,1.0800000000000001,0,-0.80000000000000004,0,0.35810406663823996,0.35714111730157905,0.1423774080300905,0.1423774080300905,0.28475481606018099,0.00096294933666091209,1.2944889472286385e-10,0.99998800588249515,0,1,0,NaN,NaN,NaN
varms_2,2 x MS0(pi/2),existing_coarse,heatmap,rabi_sideband,rabi,sideband,328,23,10,1.0933333333333333,0,-0.80000000000000004,0,0.35630168306729848,0.35490166403212114,0.14439832645029019,0.14439832645029019,0.28879665290058038,0.0014000190351773356,1.2944889472286385e-10,0.99998800588249515,0,1,0,NaN,NaN,NaN
varms_2,2 x MS0(pi/2),existing_coarse,heatmap,rabi_sideband,rabi,sideband,329,24,10,1.1066666666666667,0,-0.80000000000000004,0,0.35649283664635051,0.35457653271402251,0.14446531531981349,0.14446531531981349,0.28893063063962698,0.0019163039323280007,1.2944889472286385e-10,0.99998800588249515,0,1,0,NaN,NaN,NaN
varms_2,2 x MS0(pi/2),existing_coarse,heatmap,rabi_sideband,rabi,sideband,330,25,10,1.1200000000000001,0,-0.80000000000000004,0,0.35843111527898686,0.35591660001394226,0.14282614235353544,0.14282614235353544,0.28565228470707088,0.0025145152650445923,1.2944889472286385e-10,0.99998800588249515,0,1,0,NaN,NaN,NaN
varms_2,2 x MS0(pi/2),existing_coarse,heatmap,rabi_sideband,rabi,sideband,331,26,10,1.1333333333333333,0,-0.80000000000000004,0,0.36176020338371268,0.35856270195206641,0.13983854733211049,0.13983854733211049,0.27967709466422097,0.0031975014316462658,1.2944889472286385e-10,0.99998800588249515,0,1,0,NaN,NaN,NaN
varms_2,2 x MS0(pi/2),existing_coarse,heatmap,rabi_sideband,rabi,sideband,332,27,10,1.1466666666666667,0,-0.80000000000000004,0,0.36606352473771558,0.36209491787287129,0.13592077869470653,0.13592077869470653,0.27184155738941307,0.0039686068648442929,1.2944889472286385e-10,0.99998800588249515,0,1,0,NaN,NaN,NaN
varms_2,2 x MS0(pi/2),existing_coarse,heatmap,rabi_sideband,rabi,sideband,333,28,10,1.1599999999999999,0,-0.80000000000000004,0,0.37091359834427035,0.36608153060280729,0.13150243552646118,0.13150243552646118,0.26300487105292236,0.0048320677414630531,1.2944889472286385e-10,0.99998800588249515,0,1,0,NaN,NaN,NaN
varms_2,2 x MS0(pi/2),existing_coarse,heatmap,rabi_sideband,rabi,sideband,334,29,10,1.1733333333333333,0,-0.80000000000000004,0,0.37591552544258305,0.37012211334791767,0.12698118060474964,0.12698118060474964,0.25396236120949928,0.0057934120946653844,1.2944889472286385e-10,0.99998800588249515,0,1,0,NaN,NaN,NaN
varms_2,2 x MS0(pi/2),existing_coarse,heatmap,rabi_sideband,rabi,sideband,335,30,10,1.1866666666666668,0,-0.80000000000000004,0,0.38074040335662912,0.37388057179279605,0.12268951242528743,0.12268951242528743,0.24537902485057486,0.0068598315638330742,1.2944889472286385e-10,0.99998800588249515,0,1,0,NaN,NaN,NaN
varms_2,2 x MS0(pi/2),existing_coarse,heatmap,rabi_sideband,rabi,sideband,336,31,10,1.2,0,-0.80000000000000004,0,0.38514625107867351,0.37710578130119976,0.11887398381006339,0.11887398381006339,0.23774796762012679,0.0080404697774737466,1.2944889472286385e-10,0.99998800588249515,0,1,0,NaN,NaN,NaN
varms_2,2 x MS0(pi/2),existing_coarse,heatmap,rabi_sideband,rabi,sideband,337,1,11,0.80000000000000004,0,-0.66666666666666663,0,0.35883911395851542,0.37925077124751327,0.13095505739698565,0.13095505739698565,0.2619101147939713,-0.020411657288997853,1.2944889472286385e-10,0.99998800588249515,0.020423651535951604,0.9795763484640484,-0.0089617093124878984,NaN,NaN,NaN
varms_2,2 x MS0(pi/2),existing_coarse,heatmap,rabi_sideband,rabi,sideband,338,2,11,0.81333333333333335,0,-0.66666666666666663,0,0.36475268410364003,0.38030928970600569,0.12746901309517716,0.12746901309517716,0.25493802619035433,-0.015556605602365658,1.2944889472286385e-10,0.99998800588249515,0.015568599849319464,0.98443140015068054,-0.0068145421708983708,NaN,NaN,NaN
varms_2,2 x MS0(pi/2),existing_coarse,heatmap,rabi_sideband,rabi,sideband,339,3,11,0.82666666666666666,0,-0.66666666666666663,0,0.37139190497356017,0.38261818643162415,0.12299495429740784,0.12299495429740784,0.24598990859481568,-0.01122628145806398,1.2944889472286385e-10,0.99998800588249515,0.011238275705017786,0.98876172429498221,-0.0049083537937090176,NaN,NaN,NaN
varms_2,2 x MS0(pi/2),existing_coarse,heatmap,rabi_sideband,rabi,sideband,340,4,11,0.83999999999999997,0,-0.66666666666666663,0,0.37867298074606798,0.38611654861563888,0.11760523531914657,0.11760523531914657,0.23521047063829315,-0.0074435678695708996,1.2944889472286385e-10,0.99998800588249515,0.00745556211652465,0.99254443788347535,-0.003250040035328776,NaN,NaN,NaN
varms_2,2 x MS0(pi/2),existing_coarse,heatmap,rabi_sideband,rabi,sideband,341,5,11,0.85333333333333339,0,-0.66666666666666663,0,0.38644014473660165,0.39065425957150224,0.11145279784594804,0.11145279784594804,0.22290559569189608,-0.0042141148349005841,1.2944889472286385e-10,0.99998800588249515,0.004226109081854279,0.99577389091814572,-0.0018392650648067709,NaN,NaN,NaN
varms_2,2 x MS0(pi/2),existing_coarse,heatmap,rabi_sideband,rabi,sideband,342,6,11,0.8666666666666667,0,-0.66666666666666663,0,0.39446375419088703,0.39599214259306748,0.10477205160802275,0.10477205160802275,0.2095441032160455,-0.0015283884021804472,1.2944889472286385e-10,0.99998800588249515,0.0015403826491341421,0.99845961735086586,-0.00066949545661342956,NaN,NaN,NaN
varms_2,2 x MS0(pi/2),refined_transition,transition_refined,rabi_sideband,rabi,sideband,343,1,3,0.88,0,-0.66666666666666663,0,0.3751819244134505,0.37462124157751636,0.1250984170045166,0.1250984170045166,0.2501968340090332,0.00056068283593413426,1.2944889472286385e-10,0.99998800588249515,0,1,0,20,9.9999999999999994e-12,9.9999999999999994e-12
varms_2,2 x MS0(pi/2),existing_coarse,heatmap,rabi_sideband,rabi,sideband,344,8,11,0.89333333333333331,0,-0.66666666666666663,0,0.41003324851143913,0.40772137448816825,0.091122688500196267,0.091122688500196267,0.18224537700039253,0.0023118740232708768,1.2944889472286385e-10,0.99998800588249515,0,1,0,NaN,NaN,NaN
varms_2,2 x MS0(pi/2),refined_transition,transition_refined,rabi_sideband,rabi,sideband,345,2,3,0.90000000000000002,0,-0.66666666666666663,0,0.37641449395237692,0.37351267207053634,0.1250364169885434,0.1250364169885434,0.25007283397708679,0.0029018218818405717,1.2944889472286385e-10,0.99998800588249515,0,1,0,20,9.9999999999999994e-12,9.9999999999999994e-12
varms_2,2 x MS0(pi/2),existing_coarse,heatmap,rabi_sideband,rabi,sideband,346,9,11,0.90666666666666662,0,-0.66666666666666663,0,0.41683884366756174,0.41329899179316903,0.084931082269634639,0.084931082269634639,0.16986216453926928,0.0035398518743927077,1.2944889472286385e-10,0.99998800588249515,0,1,0,NaN,NaN,NaN
varms_2,2 x MS0(pi/2),refined_transition,transition_refined,rabi_sideband,rabi,sideband,347,3,3,0.92000000000000004,0,-0.66666666666666663,0,0.37720725135280203,0.37290746548609804,0.12494264158054995,0.12494264158054995,0.2498852831610999,0.0042997858667039868,1.2944889472286385e-10,0.99998800588249515,0,1,0,20,9.9999999999999994e-12,9.9999999999999994e-12
varms_2,2 x MS0(pi/2),existing_coarse,heatmap,rabi_sideband,rabi,sideband,348,11,11,0.93333333333333335,0,-0.66666666666666663,0,0.42654962302008981,0.42171051563288103,0.075869930673514607,0.075869930673514607,0.15173986134702921,0.0048391073872087742,1.2944889472286385e-10,0.99998800588249515,0,1,0,NaN,NaN,NaN
varms_2,2 x MS0(pi/2),refined_transition,transition_refined,rabi_sideband,rabi,sideband,349,4,3,0.93999999999999995,0,-0.66666666666666663,0,0.37764517591919244,0.37271982127739578,0.12481750140170587,0.12481750140170587,0.24963500280341175,0.0049253546417966643,1.2944889472286385e-10,0.99998800588249515,0,1,0,20,9.9999999999999994e-12,9.9999999999999994e-12
varms_2,2 x MS0(pi/2),existing_coarse,heatmap,rabi_sideband,rabi,sideband,350,12,11,0.94666666666666666,0,-0.66666666666666663,0,0.42876832225174355,0.42375925695351574,0.073736210397370383,0.073736210397370383,0.14747242079474077,0.0050090652982278105,1.2944889472286385e-10,0.99998800588249515,0,1,0,NaN,NaN,NaN
varms_2,2 x MS0(pi/2),refined_transition,transition_refined,rabi_sideband,rabi,sideband,351,5,3,0.95999999999999996,0,-0.66666666666666663,0,0.37780248176377967,0.3728463483481439,0.1246755849440382,0.1246755849440382,0.2493511698880764,0.0049561334156357773,1.2944889472286385e-10,0.99998800588249515,0,1,0,20,9.9999999999999994e-12,9.9999999999999994e-12
varms_2,2 x MS0(pi/2),existing_coarse,heatmap,rabi_sideband,rabi,sideband,352,14,11,0.97333333333333338,0,-0.66666666666666663,0,0.42680874911750921,0.42217803947406263,0.075506605704214066,0.075506605704214066,0.15101321140842813,0.0046307096434465844,1.2944889472286385e-10,0.99998800588249515,0,1,0,NaN,NaN,NaN
varms_2,2 x MS0(pi/2),refined_transition,transition_refined,rabi_sideband,rabi,sideband,353,6,3,0.97999999999999998,0,-0.66666666666666663,0,0.37772742375348989,0.3731648830035621,0.12455384662147397,0.12455384662147397,0.24910769324294793,0.0045625407499277904,1.2944889472286385e-10,0.99998800588249515,0,1,0,20,9.9999999999999994e-12,9.9999999999999994e-12
varms_2,2 x MS0(pi/2),existing_coarse,heatmap,rabi_sideband,rabi,sideband,354,15,11,0.98666666666666669,0,-0.66666666666666663,0,0.4225200364356021,0.41835030261814787,0.079564830473125014,0.079564830473125014,0.15912966094625003,0.0041697338174542242,1.2944889472286385e-10,0.99998800588249515,0,1,0,NaN,NaN,NaN
varms_2,2 x MS0(pi/2),refined_transition,transition_refined,rabi_sideband,rabi,sideband,355,7,3,1,0,-0.66666666666666663,0,0.37743105040679686,0.37353389910498486,0.12451752524410914,0.12451752524410914,0.24903505048821828,0.0038971513018120074,1.2944889472286385e-10,0.99998800588249515,0,1,0,20,9.9999999999999994e-12,9.9999999999999994e-12
varms_2,2 x MS0(pi/2),existing_coarse,heatmap,rabi_sideband,rabi,sideband,356,17,11,1.0133333333333334,0,-0.66666666666666663,0,0.40803579397075107,0.40514928046142329,0.093407462783912862,0.093407462783912862,0.18681492556782572,0.0028865135093277816,1.2944889472286385e-10,0.99998800588249515,0,1,0,NaN,NaN,NaN
varms_2,2 x MS0(pi/2),refined_transition,transition_refined,rabi_sideband,rabi,sideband,357,8,3,1.02,0,-0.66666666666666663,0,0.37688467070281473,0.3737969685125217,0.12465918039233174,0.12465918039233174,0.24931836078466349,0.0030877021902930291,1.2944889472286385e-10,0.99998800588249515,0,1,0,20,9.9999999999999994e-12,9.9999999999999994e-12
varms_2,2 x MS0(pi/2),existing_coarse,heatmap,rabi_sideband,rabi,sideband,358,18,11,1.0266666666666666,0,-0.66666666666666663,0,0.39850116429471311,0.39638071615043113,0.10255905977742784,0.10255905977742784,0.20511811955485568,0.0021204481442819723,1.2944889472286385e-10,0.99998800588249515,0,1,0,NaN,NaN,NaN
varms_2,2 x MS0(pi/2),refined_transition,transition_refined,rabi_sideband,rabi,sideband,359,9,3,1.04,0,-0.66666666666666663,0,0.37603099619053637,0.37379729016097912,0.12508585682424225,0.12508585682424225,0.25017171364848451,0.0022337060295572475,1.2944889472286385e-10,0.99998800588249515,0,1,0,20,9.9999999999999994e-12,9.9999999999999994e-12
varms_2,2 x MS0(pi/2),existing_coarse,heatmap,rabi_sideband,rabi,sideband,360,20,11,1.0533333333333332,0,-0.66666666666666663,0,0.377197064328533,0.37675952083806163,0.12302170741670269,0.12302170741670269,0.24604341483340539,0.00043754349047137042,1.2944889472286385e-10,0.99998800588249515,0,1,0,NaN,NaN,NaN
varms_2,2 x MS0(pi/2),refined_transition,transition_refined,rabi_sideband,rabi,sideband,361,10,3,1.0600000000000001,0,-0.66666666666666663,0,0.37481195853186461,0.37340566174921969,0.12589118985945782,0.12589118985945782,0.25178237971891565,0.0014062967826449224,1.2944889472286385e-10,0.99998800588249515,0,1,0,20,9.9999999999999994e-12,9.9999999999999994e-12
varms_2,2 x MS0(pi/2),existing_coarse,heatmap,rabi_sideband,rabi,sideband,362,21,11,1.0666666666666667,0,-0.66666666666666663,0,0.36651041055801581,0.36696554200665166,0.13326202371766629,0.13326202371766629,0.26652404743533259,-0.0004551314486358482,1.2944889472286385e-10,0.99998800588249515,0.0004671256955895986,0.9995328743044104,-0.00020291750963188516,NaN,NaN,NaN
varms_2,2 x MS0(pi/2),refined_transition,transition_refined,rabi_sideband,rabi,sideband,363,11,3,1.0800000000000001,0,-0.66666666666666663,0,0.37321149823084776,0.37256080561856447,0.12711384807529386,0.12711384807529386,0.25422769615058771,0.0006506926122832879,1.2944889472286385e-10,0.99998800588249515,0,1,0,20,9.9999999999999994e-12,9.9999999999999994e-12
varms_2,2 x MS0(pi/2),existing_coarse,heatmap,rabi_sideband,rabi,sideband,364,23,11,1.0933333333333333,0,-0.66666666666666663,0,0.3476799803400093,0.34999067903256359,0.15116467031371356,0.15116467031371356,0.30232934062742711,-0.0023106986925542916,1.2944889472286385e-10,0.99998800588249515,0.002322692939508153,0.99767730706049185,-0.0010099060321460262,NaN,NaN,NaN
varms_2,2 x MS0(pi/2),refined_transition,transition_refined,rabi_sideband,rabi,sideband,365,12,3,1.1000000000000001,0,-0.66666666666666663,0,0.3713046448577228,0.3713141364839988,0.12869060932913917,0.12869060932913917,0.25738121865827834,-9.4916262760036396e-06,1.2944889472286385e-10,0.99998800588249515,2.1485873229698527e-05,0.9999785141267703,-9.3312964284159161e-06,20,9.9999999999999994e-12,9.9999999999999994e-12
varms_2,2 x MS0(pi/2),existing_coarse,heatmap,rabi_sideband,rabi,sideband,366,24,11,1.1066666666666667,0,-0.66666666666666663,0,0.34039482169644331,0.34366244048244954,0.15797136891055358,0.15797136891055358,0.31594273782110716,-0.0032676187860062322,1.2944889472286385e-10,0.99998800588249515,0.0032796130329599826,0.99672038696704002,-0.0014266585678553104,NaN,NaN,NaN
varms_2,2 x MS0(pi/2),refined_transition,transition_refined,rabi_sideband,rabi,sideband,367,13,3,1.1200000000000001,0,-0.66666666666666663,0,0.36929690024537126,0.36986380648609873,0.130419646634265,0.130419646634265,0.26083929326853,-0.00056690624072747164,1.2944889472286385e-10,0.99998800588249515,0.00057890048768127755,0.99942109951231872,-0.00025148608710563828,20,9.9999999999999994e-12,9.9999999999999994e-12
varms_2,2 x MS0(pi/2),existing_coarse,heatmap,rabi_sideband,rabi,sideband,368,26,11,1.1333333333333333,0,-0.66666666666666663,0,0.33145877771677296,0.33668734766628072,0.16592693730847319,0.16592693730847319,0.33185387461694638,-0.0052285699495077664,1.2944889472286385e-10,0.99998800588249515,0.0052405641964614613,0.99475943580353854,-0.0022819326560916896,NaN,NaN,NaN
varms_2,2 x MS0(pi/2),existing_coarse,heatmap,rabi_sideband,rabi,sideband,369,27,11,1.1466666666666667,0,-0.66666666666666663,0,0.32999994484573192,0.33622507157309278,0.16688749179058765,0.16688749179058765,0.3337749835811753,-0.0062251267273608635,1.2944889472286385e-10,0.99998800588249515,0.0062371209743146139,0.99376287902568539,-0.0027172299042348812,NaN,NaN,NaN
varms_2,2 x MS0(pi/2),existing_coarse,heatmap,rabi_sideband,rabi,sideband,370,28,11,1.1599999999999999,0,-0.66666666666666663,0,0.33048104433605141,0.3377046777463773,0.16590713895878564,0.16590713895878564,0.33181427791757129,-0.0072236334103258915,1.2944889472286385e-10,0.99998800588249515,0.0072356276572796974,0.9927643723427203,-0.0031538168967125573,NaN,NaN,NaN
varms_2,2 x MS0(pi/2),existing_coarse,heatmap,rabi_sideband,rabi,sideband,371,29,11,1.1733333333333333,0,-0.66666666666666663,0,0.33272751492123426,0.34094121715719999,0.16316563396078287,0.16316563396078287,0.32633126792156575,-0.0082137022359657363,1.2944889472286385e-10,0.99998800588249515,0.0082256964829194867,0.99177430351708051,-0.0035871482986985083,NaN,NaN,NaN
varms_2,2 x MS0(pi/2),existing_coarse,heatmap,rabi_sideband,rabi,sideband,372,30,11,1.1866666666666668,0,-0.66666666666666663,0,0.33649044575423903,0.34567194665059753,0.15891880379758169,0.15891880379758169,0.31783760759516339,-0.0091815008963584965,1.2944889472286385e-10,0.99998800588249515,0.0091934951433122469,0.99080650485668775,-0.0040111508406499583,NaN,NaN,NaN
varms_2,2 x MS0(pi/2),existing_coarse,heatmap,rabi_sideband,rabi,sideband,373,31,11,1.2,0,-0.66666666666666663,0,0.34147186859519135,0.3515816250508797,0.15347325317696445,0.15347325317696445,0.30694650635392889,-0.010109756455688346,1.2944889472286385e-10,0.99998800588249515,0.010121750702642096,0.9898782492973579,-0.0044182184427829646,NaN,NaN,NaN
varms_2,2 x MS0(pi/2),existing_coarse,heatmap,rabi_sideband,rabi,sideband,374,1,12,0.80000000000000004,0,-0.53333333333333333,0,0.32853006430060278,0.42756370693505102,0.12195311438217313,0.12195311438217313,0.24390622876434626,-0.099033642634448249,1.2944889472286385e-10,0.99998800588249515,0.099045636881401888,0.90095436311859811,-0.045297207187121491,NaN,NaN,NaN
varms_2,2 x MS0(pi/2),existing_coarse,heatmap,rabi_sideband,rabi,sideband,375,2,12,0.81333333333333335,0,-0.53333333333333333,0,0.33648033988774478,0.4214964589603582,0.12101160057594849,0.12101160057594849,0.24202320115189699,-0.085016119072613416,1.2944889472286385e-10,0.99998800588249515,0.085028113319567167,0.91497188668043283,-0.038592249810193581,NaN,NaN,NaN
varms_2,2 x MS0(pi/2),existing_coarse,heatmap,rabi_sideband,rabi,sideband,376,3,12,0.82666666666666666,0,-0.53333333333333333,0,0.34450432818799848,0.41557357746116169,0.11996104717541989,0.11996104717541989,0.23992209435083978,-0.071069249273163215,1.2944889472286385e-10,0.99998800588249515,0.07108124352011691,0.92891875647988309,-0.032022267874377598,NaN,NaN,NaN
varms_2,2 x MS0(pi/2),existing_coarse,heatmap,rabi_sideband,rabi,sideband,377,4,12,0.83999999999999997,0,-0.53333333333333333,0,0.35245057622974374,0.40989194795779754,0.11882873790622933,0.11882873790622933,0.23765747581245866,-0.057441371728053803,1.2944889472286385e-10,0.99998800588249515,0.057453365975007498,0.9425466340249925,-0.025697153165997258,NaN,NaN,NaN
varms_2,2 x MS0(pi/2),existing_coarse,heatmap,rabi_sideband,rabi,sideband,378,5,12,0.85333333333333339,0,-0.53333333333333333,0,0.36016515904586738,0.40452360361964601,0.11765561866724336,0.11765561866724336,0.23531123733448672,-0.044358444573778633,1.2944889472286385e-10,0.99998800588249515,0.044370438820732327,0.95562956117926767,-0.019710424369559349,NaN,NaN,NaN
varms_2,2 x MS0(pi/2),existing_coarse,heatmap,rabi_sideband,rabi,sideband,379,6,12,0.8666666666666667,0,-0.53333333333333333,0,0.36749273165630014,0.39951296828659327,0.11649715002855329,0.11649715002855329,0.23299430005710658,-0.032020236630293131,1.2944889472286385e-10,0.99998800588249515,0.032032230877246937,0.96796776912275306,-0.014139103358111004,NaN,NaN,NaN
varms_2,2 x MS0(pi/2),existing_coarse,heatmap,rabi_sideband,rabi,sideband,380,7,12,0.88,0,-0.53333333333333333,0,0.37427813505511098,0.39487537867364858,0.1154232431356202,0.1154232431356202,0.23084648627124041,-0.020597243618537597,1.2944889472286385e-10,0.99998800588249515,0.020609237865491403,0.9793907621345086,-0.0090439966757017848,NaN,NaN,NaN
varms_2,2 x MS0(pi/2),existing_coarse,heatmap,rabi_sideband,rabi,sideband,381,8,12,0.89333333333333331,0,-0.53333333333333333,0,0.38036878908260507,0.39059716953844242,0.11451702068947629,0.11451702068947629,0.22903404137895259,-0.010228380455837349,1.2944889472286385e-10,0.99998800588249515,0.010240374702791044,0.98975962529720896,-0.0044702660919098943,NaN,NaN,NaN
varms_2,2 x MS0(pi/2),existing_coarse,heatmap,rabi_sideband,rabi,sideband,382,9,12,0.90666666666666662,0,-0.53333333333333333,0,0.38561796557155376,0.3866374937598257,0.11387227033431027,0.11387227033431027,0.22774454066862054,-0.0010195281882719454,1.2944889472286385e-10,0.99998800588249515,0.0010315224352257513,0.99896847756477425,-0.00044821571362390418,NaN,NaN,NaN
varms_2,2 x MS0(pi/2),existing_coarse,heatmap,rabi_sideband,rabi,sideband,383,10,12,0.92000000000000004,0,-0.53333333333333333,0,0.38988899069083072,0.38293193195887126,0.11358953867514907,0.11358953867514907,0.22717907735029813,0.0069570587319594535,1.2944889472286385e-10,0.99998800588249515,0,1,0,NaN,NaN,NaN
varms_2,2 x MS0(pi/2),existing_coarse,heatmap,rabi_sideband,rabi,sideband,384,11,12,0.93333333333333335,0,-0.53333333333333333,0,0.39306032016929715,0.3793978520074282,0.11377091391163731,0.11377091391163731,0.22754182782327462,0.013662468161868946,1.2944889472286385e-10,0.99998800588249515,0,1,0,NaN,NaN,NaN
varms_2,2 x MS0(pi/2),existing_coarse,heatmap,rabi_sideband,rabi,sideband,385,12,12,0.94666666666666666,0,-0.53333333333333333,0,0.39503131525086527,0.37594130526646913,0.11451368974133279,0.11451368974133279,0.22902737948266558,0.019090009984396139,1.2944889472286385e-10,0.99998800588249515,0,1,0,NaN,NaN,NaN
varms_2,2 x MS0(pi/2),existing_coarse,heatmap,rabi_sideband,rabi,sideband,386,13,12,0.95999999999999996,0,-0.53333333333333333,0,0.39572843514755396,0.37246513696121597,0.11590321394561502,0.11590321394561502,0.23180642789123004,0.023263298186337988,1.2944889472286385e-10,0.99998800588249515,0,1,0,NaN,NaN,NaN
varms_2,2 x MS0(pi/2),existing_coarse,heatmap,rabi_sideband,rabi,sideband,387,14,12,0.97333333333333338,0,-0.53333333333333333,0,0.39511145253741076,0.36887782331487778,0.11800536207385572,0.11800536207385572,0.23601072414771143,0.026233629222532973,1.2944889472286385e-10,0.99998800588249515,0,1,0,NaN,NaN,NaN
varms_2,2 x MS0(pi/2),existing_coarse,heatmap,rabi_sideband,rabi,sideband,388,15,12,0.98666666666666669,0,-0.53333333333333333,0,0.39317921870206585,0.36510247434359783,0.12085915347716818,0.12085915347716818,0.24171830695433635,0.02807674435846802,1.2944889472286385e-10,0.99998800588249515,0,1,0,NaN,NaN,NaN
varms_2,2 x MS0(pi/2),existing_coarse,heatmap,rabi_sideband,rabi,sideband,389,16,12,1,0,-0.53333333333333333,0,0.38997445973598077,0.36108535883145532,0.12447009071628197,0.12447009071628197,0.24894018143256394,0.028889100904525455,1.2944889472286385e-10,0.99998800588249515,0,1,0,NaN,NaN,NaN
varms_2,2 x MS0(pi/2),existing_coarse,heatmap,rabi_sideband,rabi,sideband,390,17,12,1.0133333333333334,0,-0.53333333333333333,0,0.38558706979182106,0.35680328940440975,0.1288048204018846,0.1288048204018846,0.25760964080376919,0.028783780387411306,1.2944889472286385e-10,0.99998800588249515,0,1,0,NaN,NaN,NaN
varms_2,2 x MS0(pi/2),existing_coarse,heatmap,rabi_sideband,rabi,sideband,391,18,12,1.0266666666666666,0,-0.53333333333333333,0,0.38015542308177808,0.352269256576349,0.13378766017093649,0.13378766017093649,0.26757532034187298,0.027886166505429077,1.2944889472286385e-10,0.99998800588249515,0,1,0,NaN,NaN,NaN
varms_2,2 x MS0(pi/2),existing_coarse,heatmap,rabi_sideband,rabi,sideband,392,19,12,1.04,0,-0.53333333333333333,0,0.37386533071248745,0.3475357814608665,0.13929944391332305,0.13929944391332305,0.2785988878266461,0.026329549251620954,1.2944889472286385e-10,0.99998800588249515,0,1,0,NaN,NaN,NaN
varms_2,2 x MS0(pi/2),existing_coarse,heatmap,rabi_sideband,rabi,sideband,393,20,12,1.0533333333333332,0,-0.53333333333333333,0,0.36694636775466372,0.34269560344346323,0.14517901440093656,0.14517901440093656,0.29035802880187311,0.02425076431120049,1.2944889472286385e-10,0.99998800588249515,0,1,0,NaN,NaN,NaN
varms_2,2 x MS0(pi/2),existing_coarse,heatmap,rabi_sideband,rabi,sideband,394,21,12,1.0666666666666667,0,-0.53333333333333333,0,0.35966554307025428,0.33787949327019856,0.15122748182977361,0.15122748182977361,0.30245496365954722,0.021786049800055718,1.2944889472286385e-10,0.99998800588249515,0,1,0,NaN,NaN,NaN
varms_2,2 x MS0(pi/2),existing_coarse,heatmap,rabi_sideband,rabi,sideband,395,22,12,1.0800000000000001,0,-0.53333333333333333,0,0.3523183856392979,0.33325120820320564,0.15721520307874823,0.15721520307874823,0.31443040615749646,0.019067177436092264,1.2944889472286385e-10,0.99998800588249515,0,1,0,NaN,NaN,NaN
varms_2,2 x MS0(pi/2),existing_coarse,heatmap,rabi_sideband,rabi,sideband,396,23,12,1.0933333333333333,0,-0.53333333333333333,0,0.34521778162510108,0.3289998066876495,0.16289120584362465,0.16289120584362465,0.32578241168724931,0.016217974937451585,1.2944889472286385e-10,0.99998800588249515,0,1,0,NaN,NaN,NaN
varms_2,2 x MS0(pi/2),existing_coarse,heatmap,rabi_sideband,rabi,sideband,397,24,12,1.1066666666666667,0,-0.53333333333333333,0,0.33868108396259305,0.32532970512797393,0.16799460545471651,0.16799460545471651,0.33598921090943301,0.013351378834619121,1.2944889472286385e-10,0.99998800588249515,0,1,0,NaN,NaN,NaN
varms_2,2 x MS0(pi/2),existing_coarse,heatmap,rabi_sideband,rabi,sideband,398,25,12,1.1200000000000001,0,-0.53333333333333333,0,0.33301608611708639,0.32244912510323731,0.17226739438983815,0.17226739438983815,0.3445347887796763,0.010566961013849074,1.2944889472286385e-10,0.99998800588249515,0,1,0,NaN,NaN,NaN
varms_2,2 x MS0(pi/2),existing_coarse,heatmap,rabi_sideband,rabi,sideband,399,26,12,1.1333333333333333,0,-0.53333333333333333,0,0.3285066655643592,0.3205575919709443,0.1754678712323483,0.1754678712323483,0.35093574246469661,0.0079490735934149015,1.2944889472286385e-10,0.99998800588249515,0,1,0,NaN,NaN,NaN
varms_2,2 x MS0(pi/2),existing_coarse,heatmap,rabi_sideband,rabi,sideband,400,27,12,1.1466666666666667,0,-0.53333333333333333,0,0.32539885694666537,0.31983330173365437,0.17738392065984013,0.17738392065984013,0.35476784131968025,0.0055655552130109975,1.2944889472286385e-10,0.99998800588249515,0,1,0,NaN,NaN,NaN
varms_2,2 x MS0(pi/2),existing_coarse,heatmap,rabi_sideband,rabi,sideband,401,28,12,1.1599999999999999,0,-0.53333333333333333,0,0.32388815856825576,0.32042117584187907,0.17784533279493264,0.17784533279493264,0.35569066558986528,0.0034669827263766884,1.2944889472286385e-10,0.99998800588249515,0,1,0,NaN,NaN,NaN
varms_2,2 x MS0(pi/2),existing_coarse,heatmap,rabi_sideband,rabi,sideband,402,29,12,1.1733333333333333,0,-0.53333333333333333,0,0.32410882565762311,0.32242232985921565,0.17673442224158067,0.17673442224158067,0.35346884448316135,0.0016864957984074613,1.2944889472286385e-10,0.99998800588249515,0,1,0,NaN,NaN,NaN
varms_2,2 x MS0(pi/2),existing_coarse,heatmap,rabi_sideband,rabi,sideband,403,30,12,1.1866666666666668,0,-0.53333333333333333,0,0.32612574742256922,0.32588567270985491,0.17399428993378796,0.17399428993378796,0.34798857986757592,0.00024007471271431102,1.2944889472286385e-10,0.99998800588249515,0,1,0,NaN,NaN,NaN
varms_2,2 x MS0(pi/2),existing_coarse,heatmap,rabi_sideband,rabi,sideband,404,31,12,1.2,0,-0.53333333333333333,0,0.32992941475306997,0.33080214365495109,0.16963422079598944,0.16963422079598944,0.33926844159197889,-0.00087272890188111463,1.2944889472286385e-10,0.99998800588249515,0.00088472314883480951,0.99911527685116519,-0.00038440045062431208,NaN,NaN,NaN
varms_2,2 x MS0(pi/2),refined_transition,transition_refined,rabi_sideband,rabi,sideband,405,1,4,0.88,0,-0.5,0,0.35465434576497401,0.39422672265769804,0.12555946578866392,0.12555946578866392,0.25111893157732784,-0.039572376892724026,1.2944889472286385e-10,0.99998800588249515,0.039584371139677721,0.96041562886032228,-0.017540781275808576,20,9.9999999999999994e-12,9.9999999999999994e-12
varms_2,2 x MS0(pi/2),refined_transition,transition_refined,rabi_sideband,rabi,sideband,406,2,4,0.90000000000000002,0,-0.5,0,0.36538472506977238,0.38353330286704779,0.12554098603158992,0.12554098603158992,0.25108197206317984,-0.018148577797275411,1.2944889472286385e-10,0.99998800588249515,0.018160572044229162,0.98183942795577084,-0.0079595318207833776,20,9.9999999999999994e-12,9.9999999999999994e-12
varms_2,2 x MS0(pi/2),refined_transition,transition_refined,rabi_sideband,rabi,sideband,407,3,4,0.92000000000000004,0,-0.5,0,0.37470830776526898,0.37424404276152051,0.12552382473660526,0.12552382473660526,0.25104764947321051,0.00046426500374846524,1.2944889472286385e-10,0.99998800588249515,0,1,0,20,9.9999999999999994e-12,9.9999999999999994e-12
varms_2,2 x MS0(pi/2),refined_transition,transition_refined,rabi_sideband,rabi,sideband,408,4,4,0.93999999999999995,0,-0.5,0,0.38239696830629211,0.36658377529539443,0.12550962819915676,0.12550962819915676,0.25101925639831352,0.015813193010897675,1.2944889472286385e-10,0.99998800588249515,0,1,0,20,9.9999999999999994e-12,9.9999999999999994e-12
varms_2,2 x MS0(pi/2),refined_transition,transition_refined,rabi_sideband,rabi,sideband,409,5,4,0.95999999999999996,0,-0.5,0,0.388320155670144,0.36068001125790727,0.12549991653597437,0.12549991653597437,0.25099983307194873,0.027640144412236722,1.2944889472286385e-10,0.99998800588249515,0,1,0,20,9.9999999999999994e-12,9.9999999999999994e-12
varms_2,2 x MS0(pi/2),refined_transition,transition_refined,rabi_sideband,rabi,sideband,410,6,4,0.97999999999999998,0,-0.5,0,0.39244457705362673,0.35656330866265445,0.12549605714185941,0.12549605714185941,0.25099211428371881,0.035881268390972276,1.2944889472286385e-10,0.99998800588249515,0,1,0,20,9.9999999999999994e-12,9.9999999999999994e-12
varms_2,2 x MS0(pi/2),refined_transition,transition_refined,rabi_sideband,rabi,sideband,411,7,4,1,0,-0.5,0,0.39482842715231292,0.35417317419578292,0.12549919932595205,0.12549919932595205,0.2509983986519041,0.040655252956529997,1.2944889472286385e-10,0.99998800588249515,0,1,0,20,9.9999999999999994e-12,9.9999999999999994e-12
varms_2,2 x MS0(pi/2),refined_transition,transition_refined,rabi_sideband,rabi,sideband,412,8,4,1.02,0,-0.5,0,0.39561066596378069,0.35336899099549102,0.12551017152036414,0.12551017152036414,0.25102034304072829,0.042241674968289677,1.2944889472286385e-10,0.99998800588249515,0,1,0,20,9.9999999999999994e-12,9.9999999999999994e-12
varms_2,2 x MS0(pi/2),refined_transition,transition_refined,rabi_sideband,rabi,sideband,413,9,4,1.04,0,-0.5,0,0.3949961944769802,0.35394509869315799,0.12552935341493088,0.12552935341493088,0.25105870682986176,0.041051095783822211,1.2944889472286385e-10,0.99998800588249515,0,1,0,20,9.9999999999999994e-12,9.9999999999999994e-12
varms_2,2 x MS0(pi/2),refined_transition,transition_refined,rabi_sideband,rabi,sideband,414,10,4,1.0600000000000001,0,-0.5,0,0.39323805054801719,0.35564883827683674,0.12555655558757309,0.12555655558757309,0.25111311117514618,0.03758921227118045,1.2944889472286385e-10,0.99998800588249515,0,1,0,20,9.9999999999999994e-12,9.9999999999999994e-12
varms_2,2 x MS0(pi/2),refined_transition,transition_refined,rabi_sideband,rabi,sideband,415,11,4,1.0800000000000001,0,-0.5,0,0.39061791866911127,0.35820014351337959,0.12559096890875454,0.12559096890875454,0.25118193781750908,0.032417775155731687,1.2944889472286385e-10,0.99998800588249515,0,1,0,20,9.9999999999999994e-12,9.9999999999999994e-12
varms_2,2 x MS0(pi/2),refined_transition,transition_refined,rabi_sideband,rabi,sideband,416,12,4,1.1000000000000001,0,-0.5,0,0.38742630118314758,0.36131113708457591,0.12563128086613828,0.12563128086613828,0.25126256173227657,0.026115164098571675,1.2944889472286385e-10,0.99998800588249515,0,1,0,20,9.9999999999999994e-12,9.9999999999999994e-12
varms_2,2 x MS0(pi/2),refined_transition,transition_refined,rabi_sideband,rabi,sideband,417,13,4,1.1200000000000001,0,-0.5,0,0.38394363576012741,0.36470419496098977,0.12567608463944141,0.12567608463944141,0.25135216927888282,0.019239440799137641,1.2944889472286385e-10,0.99998800588249515,0,1,0,20,9.9999999999999994e-12,9.9999999999999994e-12
varms_2,2 x MS0(pi/2),existing_coarse,heatmap,rabi_sideband,rabi,sideband,418,1,13,0.80000000000000004,0,-0.40000000000000002,0,0.21772438527280133,0.53277801281314263,0.12474880095702798,0.12474880095702798,0.24949760191405596,-0.31505362754034127,1.2944889472286385e-10,0.99998800588249515,0.31506562178729502,0.68493437821270498,-0.1643510351430307,NaN,NaN,NaN
varms_2,2 x MS0(pi/2),existing_coarse,heatmap,rabi_sideband,rabi,sideband,419,2,13,0.81333333333333335,0,-0.40000000000000002,0,0.22646983549113053,0.52368255087151228,0.12492380681867857,0.12492380681867857,0.24984761363735714,-0.29721271538038174,1.2944889472286385e-10,0.99998800588249515,0.29722470962733549,0.70277529037266451,-0.15318351673202907,NaN,NaN,NaN
varms_2,2 x MS0(pi/2),existing_coarse,heatmap,rabi_sideband,rabi,sideband,420,3,13,0.82666666666666666,0,-0.40000000000000002,0,0.2366720933418984,0.51315759743993783,0.12508515460908187,0.12508515460908187,0.25017030921816374,-0.2764855040980394,1.2944889472286385e-10,0.99998800588249515,0.27649749834499315,0.72350250165500685,-0.14055996288207326,NaN,NaN,NaN
varms_2,2 x MS0(pi/2),existing_coarse,heatmap,rabi_sideband,rabi,sideband,421,4,13,0.83999999999999997,0,-0.40000000000000002,0,0.24814690866140546,0.50137485257151326,0.12523911938354065,0.12523911938354065,0.25047823876708131,-0.25322794391010783,1.2944889472286385e-10,0.99998800588249515,0.25323993815706158,0.74676006184293842,-0.12681891700180337,NaN,NaN,NaN
varms_2,2 x MS0(pi/2),existing_coarse,heatmap,rabi_sideband,rabi,sideband,422,5,13,0.85333333333333339,0,-0.40000000000000002,0,0.26069105973887147,0.48852431700606336,0.12539231162753253,0.12539231162753253,0.25078462325506506,-0.22783325726719189,1.2944889472286385e-10,0.99998800588249515,0.2278452515141457,0.7721547484858543,-0.11229565344848749,NaN,NaN,NaN
varms_2,2 x MS0(pi/2),existing_coarse,heatmap,rabi_sideband,rabi,sideband,423,6,13,0.8666666666666667,0,-0.40000000000000002,0,0.27408539236033663,0.47481139370645142,0.12555160696660603,0.12555160696660603,0.25110321393321205,-0.20072600134611479,1.2944889472286385e-10,0.99998800588249515,0.2007379955930686,0.7992620044069314,-0.097310832180406676,NaN,NaN,NaN
varms_2,2 x MS0(pi/2),existing_coarse,heatmap,rabi_sideband,rabi,sideband,424,7,13,0.88,0,-0.40000000000000002,0,0.28809832609254638,0.46045359527802393,0.12572403931471482,0.12572403931471482,0.25144807862942964,-0.17235526918547756,1.2944889472286385e-10,0.99998800588249515,0.17236726343243125,0.82763273656756875,-0.082162339382005276,NaN,NaN,NaN
varms_2,2 x MS0(pi/2),existing_coarse,heatmap,rabi_sideband,rabi,sideband,425,8,13,0.89333333333333331,0,-0.40000000000000002,0,0.30248979566794659,0.44567695963733722,0.12591662234735815,0.12591662234735815,0.2518332446947163,-0.14318716396939063,1.2944889472286385e-10,0.99998800588249515,0.14319915821634432,0.85680084178365568,-0.067120115493407795,NaN,NaN,NaN
varms_2,2 x MS0(pi/2),existing_coarse,heatmap,rabi_sideband,rabi,sideband,426,9,13,0.90666666666666662,0,-0.40000000000000002,0,0.31701558631491189,0.43071224635325084,0.12613608366591864,0.12613608366591864,0.25227216733183727,-0.11369666003833895,1.2944889472286385e-10,0.99998800588249515,0.11370865428529264,0.88629134571470736,-0.052423491389232198,NaN,NaN,NaN
varms_2,2 x MS0(pi/2),existing_coarse,heatmap,rabi_sideband,rabi,sideband,427,10,13,0.92000000000000004,0,-0.40000000000000002,0,0.33143197964572801,0.41579098141994209,0.12638851946716498,0.12638851946716498,0.25277703893432996,-0.084359001774214071,1.2944889472286385e-10,0.99998800588249515,0.084370996021167821,0.91562900397883218,-0.03828045882355989,NaN,NaN,NaN
varms_2,2 x MS0(pi/2),existing_coarse,heatmap,rabi_sideband,rabi,sideband,428,11,13,0.93333333333333335,0,-0.40000000000000002,0,0.34550061419327482,0.40114146174454141,0.12667896203109183,0.12667896203109183,0.25335792406218366,-0.055640847551266581,1.2944889472286385e-10,0.99998800588249515,0.055652841798220276,0.94434715820177972,-0.024868322253446349,NaN,NaN,NaN
varms_2,2 x MS0(pi/2),existing_coarse,heatmap,rabi_sideband,rabi,sideband,429,12,13,0.94666666666666666,0,-0.40000000000000002,0,0.35899345917470687,0.38698480425989629,0.12701086828269842,0.12701086828269842,0.25402173656539684,-0.027991345085189412,1.2944889472286385e-10,0.99998800588249515,0.028003339332143273,0.97199666066785673,-0.012335227106661909,NaN,NaN,NaN
varms_2,2 x MS0(pi/2),existing_coarse,heatmap,rabi_sideband,rabi,sideband,430,13,13,0.95999999999999996,0,-0.40000000000000002,0,0.37169777372050794,0.37353113084692335,0.12738554771628433,0.12738554771628433,0.25477109543256865,-0.0018333571264154136,1.2944889472286385e-10,0.99998800588249515,0.001845351373369164,0.99815464862663084,-0.00080216628580187066,NaN,NaN,NaN
varms_2,2 x MS0(pi/2),existing_coarse,heatmap,rabi_sideband,rabi,sideband,431,14,13,0.97333333333333338,0,-0.40000000000000002,0,0.38342094207213745,0.3609759816073197,0.1278015381602714,0.1278015381602714,0.2556030763205428,0.022444960464817754,1.2944889472286385e-10,0.99998800588249515,0,1,0,NaN,NaN,NaN
varms_2,2 x MS0(pi/2),existing_coarse,heatmap,rabi_sideband,rabi,sideband,432,15,13,0.98666666666666669,0,-0.40000000000000002,0,0.39399500255127107,0.34949703156955075,0.12825398293958912,0.12825398293958912,0.25650796587917823,0.044497970981720314,1.2944889472286385e-10,0.99998800588249515,0,1,0,NaN,NaN,NaN
varms_2,2 x MS0(pi/2),existing_coarse,heatmap,rabi_sideband,rabi,sideband,433,16,13,1,0,-0.40000000000000002,0,0.40328075445840039,0.33925118608538318,0.12873402972810818,0.12873402972810818,0.25746805945621637,0.064029568373017209,1.2944889472286385e-10,0.99998800588249515,0,1,0,NaN,NaN,NaN
varms_2,2 x MS0(pi/2),existing_coarse,heatmap,rabi_sideband,rabi,sideband,434,17,13,1.0133333333333334,0,-0.40000000000000002,0,0.41117129335080149,0.33037209762087988,0.12922830451415929,0.12922830451415929,0.25845660902831857,0.080799195729921613,1.2944889472286385e-10,0.99998800588249515,0,1,0,NaN,NaN,NaN
varms_2,2 x MS0(pi/2),existing_coarse,heatmap,rabi_sideband,rabi,sideband,435,18,13,1.0266666666666666,0,-0.40000000000000002,0,0.41759480589214665,0.32296816097611075,0.12971851656587133,0.12971851656587133,0.25943703313174266,0.094626644916035896,1.2944889472286385e-10,0.99998800588249515,0,1,0,NaN,NaN,NaN
varms_2,2 x MS0(pi/2),existing_coarse,heatmap,rabi_sideband,rabi,sideband,436,19,13,1.04,0,-0.40000000000000002,0,0.4225165117669204,0.31712100194873638,0.13018124314217167,0.13018124314217167,0.26036248628434333,0.10539550981818402,1.2944889472286385e-10,0.99998800588249515,0,1,0,NaN,NaN,NaN
varms_2,2 x MS0(pi/2),existing_coarse,heatmap,rabi_sideband,rabi,sideband,437,20,13,1.0533333333333332,0,-0.40000000000000002,0,0.42593962873037144,0.31288446107786794,0.13058795509588034,0.13058795509588034,0.26117591019176067,0.11305516765250351,1.2944889472286385e-10,0.99998800588249515,0,1,0,NaN,NaN,NaN
varms_2,2 x MS0(pi/2),existing_coarse,heatmap,rabi_sideband,rabi,sideband,438,21,13,1.0666666666666667,0,-0.40000000000000002,0,0.42790525284955189,0.31028408157770276,0.13090533278637262,0.13090533278637262,0.26181066557274524,0.11762117127184912,1.2944889472286385e-10,0.99998800588249515,0,1,0,NaN,NaN,NaN
varms_2,2 x MS0(pi/2),existing_coarse,heatmap,rabi_sideband,rabi,sideband,439,22,13,1.0800000000000001,0,-0.40000000000000002,0,0.42849111400828982,0.30931706789154861,0.13109590905008076,0.13109590905008076,0.26219181810016151,0.11917404611674121,1.2944889472286385e-10,0.99998800588249515,0,1,0,NaN,NaN,NaN
varms_2,2 x MS0(pi/2),existing_coarse,heatmap,rabi_sideband,rabi,sideband,440,23,13,1.0933333333333333,0,-0.40000000000000002,0,0.42780914969186984,0.30995269002326226,0.13111908014243398,0.13111908014243398,0.26223816028486796,0.11785645966860758,1.2944889472286385e-10,0.99998800588249515,0,1,0,NaN,NaN,NaN
varms_2,2 x MS0(pi/2),existing_coarse,heatmap,rabi_sideband,rabi,sideband,441,24,13,1.1066666666666667,0,-0.40000000000000002,0,0.42600193069960168,0.31213309697509761,0.13093248616265032,0.13093248616265032,0.26186497232530065,0.11386883372450407,1.2944889472286385e-10,0.99998800588249515,0,1,0,NaN,NaN,NaN
varms_2,2 x MS0(pi/2),existing_coarse,heatmap,rabi_sideband,rabi,sideband,442,25,13,1.1200000000000001,0,-0.40000000000000002,0,0.42323798634927462,0.31577448419544196,0.13049376472764165,0.13049376472764165,0.26098752945528331,0.10746350215383266,1.2944889472286385e-10,0.99998800588249515,0,1,0,NaN,NaN,NaN
varms_2,2 x MS0(pi/2),existing_coarse,heatmap,rabi_sideband,rabi,sideband,443,26,13,1.1333333333333333,0,-0.40000000000000002,0,0.41970613589907146,0.32076859291112081,0.12976263559490386,0.12976263559490386,0.25952527118980773,0.098937542987950655,1.2944889472286385e-10,0.99998800588249515,0,1,0,NaN,NaN,NaN
varms_2,2 x MS0(pi/2),existing_coarse,heatmap,rabi_sideband,rabi,sideband,444,27,13,1.1466666666666667,0,-0.40000000000000002,0,0.41560898230131116,0.32698447944931691,0.12870326912468597,0.12870326912468597,0.25740653824937193,0.088624502851994247,1.2944889472286385e-10,0.99998800588249515,0,1,0,NaN,NaN,NaN
varms_2,2 x MS0(pi/2),existing_coarse,heatmap,rabi_sideband,rabi,sideband,445,28,13,1.1599999999999999,0,-0.40000000000000002,0,0.411155770504259,0.33427053880731356,0.12728684534421372,0.12728684534421372,0.25457369068842745,0.076885231696945444,1.2944889472286385e-10,0.99998800588249515,0,1,0,NaN,NaN,NaN
varms_2,2 x MS0(pi/2),existing_coarse,heatmap,rabi_sideband,rabi,sideband,446,29,13,1.1733333333333333,0,-0.40000000000000002,0,0.40655486232456201,0.34245674894636552,0.12549419436453621,0.12549419436453621,0.25098838872907242,0.064098113378196486,1.2944889472286385e-10,0.99998800588249515,0,1,0,NaN,NaN,NaN
varms_2,2 x MS0(pi/2),existing_coarse,heatmap,rabi_sideband,rabi,sideband,447,30,13,1.1866666666666668,0,-0.40000000000000002,0,0.40200609796737469,0.35135713400519297,0.12331838401371614,0.12331838401371614,0.24663676802743228,0.050648963962181714,1.2944889472286385e-10,0.99998800588249515,0,1,0,NaN,NaN,NaN
varms_2,2 x MS0(pi/2),existing_coarse,heatmap,rabi_sideband,rabi,sideband,448,31,13,1.2,0,-0.40000000000000002,0,0.39769334844584037,0.36077242604719878,0.12076711275348039,0.12076711275348039,0.24153422550696077,0.036920922398641587,1.2944889472286385e-10,0.99998800588249515,0,1,0,NaN,NaN,NaN
varms_2,2 x MS0(pi/2),refined_transition,transition_refined,rabi_sideband,rabi,sideband,449,1,5,0.88,0,-0.33333333333333331,0,0.2074012518222757,0.54692776208991589,0.12283549304390422,0.12283549304390422,0.24567098608780844,-0.33952651026764019,1.2944889472286385e-10,0.99998800588249515,0.339538504514594,0.660461495485406,-0.18015249642289399,20,9.9999999999999994e-12,9.9999999999999994e-12
varms_2,2 x MS0(pi/2),refined_transition,transition_refined,rabi_sideband,rabi,sideband,450,2,5,0.90000000000000002,0,-0.33333333333333331,0,0.2329046397307894,0.52058772774220696,0.12325381626350183,0.12325381626350183,0.24650763252700367,-0.28768308801141756,1.2944889472286385e-10,0.99998800588249515,0.28769508225837126,0.71230491774162874,-0.14733405728300314,20,9.9999999999999994e-12,9.9999999999999994e-12
varms_2,2 x MS0(pi/2),refined_transition,transition_refined,rabi_sideband,rabi,sideband,451,3,5,0.92000000000000004,0,-0.33333333333333331,0,0.26121262836738407,0.49158146369529959,0.12360295396865818,0.12360295396865818,0.24720590793731637,-0.23036883532791552,1.2944889472286385e-10,0.99998800588249515,0.23038082957486927,0.76961917042513073,-0.11372412300486151,20,9.9999999999999994e-12,9.9999999999999994e-12
varms_2,2 x MS0(pi/2),refined_transition,transition_refined,rabi_sideband,rabi,sideband,452,4,5,0.93999999999999995,0,-0.33333333333333331,0,0.29138159251382534,0.46083498868269923,0.12389170940173773,0.12389170940173773,0.24778341880347546,-0.16945339616887389,1.2944889472286385e-10,0.99998800588249515,0.16946539041582764,0.83053460958417236,-0.080642265153289858,20,9.9999999999999994e-12,9.9999999999999994e-12
varms_2,2 x MS0(pi/2),refined_transition,transition_refined,rabi_sideband,rabi,sideband,453,5,5,0.95999999999999996,0,-0.33333333333333331,0,0.32238838942168291,0.42935479781880059,0.12412840637975825,0.12412840637975825,0.2482568127595165,-0.10696640839711768,1.2944889472286385e-10,0.99998800588249515,0.10697840264407144,0.89302159735592856,-0.049138037753019587,20,9.9999999999999994e-12,9.9999999999999994e-12
varms_2,2 x MS0(pi/2),refined_transition,transition_refined,rabi_sideband,rabi,sideband,454,6,5,0.97999999999999998,0,-0.33333333333333331,0,0.35316669247198329,0.39819152018960235,0.12432089366920719,0.12432089366920719,0.24864178733841438,-0.045024827717619065,1.2944889472286385e-10,0.99998800588249515,0.045036821964572815,0.95496317803542718,-0.020013373844869974,20,9.9999999999999994e-12,9.9999999999999994e-12
varms_2,2 x MS0(pi/2),refined_transition,transition_refined,rabi_sideband,rabi,sideband,455,7,5,1,0,-0.33333333333333331,0,0.38264809013474071,0.36839879854258806,0.12447655566133566,0.12447655566133566,0.24895311132267131,0.014249291592152658,1.2944889472286385e-10,0.99998800588249515,0,1,0,20,9.9999999999999994e-12,9.9999999999999994e-12
varms_2,2 x MS0(pi/2),refined_transition,transition_refined,rabi_sideband,rabi,sideband,456,8,5,1.02,0,-0.33333333333333331,0,0.40980627762838656,0.34098906882553265,0.12460232677304045,0.12460232677304045,0.2492046535460809,0.068817208802853913,1.2944889472286385e-10,0.99998800588249515,0,1,0,20,9.9999999999999994e-12,9.9999999999999994e-12
varms_2,2 x MS0(pi/2),refined_transition,transition_refined,rabi_sideband,rabi,sideband,457,9,5,1.04,0,-0.33333333333333331,0,0.433702295688904,0.31688828991975598,0.12470470719567003,0.12470470719567003,0.24940941439134007,0.11681400576914802,1.2944889472286385e-10,0.99998800588249515,0,1,0,20,9.9999999999999994e-12,9.9999999999999994e-12
varms_2,2 x MS0(pi/2),refined_transition,transition_refined,rabi_sideband,rabi,sideband,458,10,5,1.0600000000000001,0,-0.33333333333333331,0,0.45352847968388138,0.29689196459163164,0.12478977786224354,0.12478977786224354,0.24957955572448709,0.15663651509224974,1.2944889472286385e-10,0.99998800588249515,0,1,0,20,9.9999999999999994e-12,9.9999999999999994e-12
varms_2,2 x MS0(pi/2),refined_transition,transition_refined,rabi_sideband,rabi,sideband,459,11,5,1.0800000000000001,0,-0.33333333333333331,0,0.46864860546974407,0.28162496893741212,0.12486321279642189,0.12486321279642189,0.24972642559284378,0.18702363653233195,1.2944889472286385e-10,0.99998800588249515,0,1,0,20,9.9999999999999994e-12,9.9999999999999994e-12
varms_2,2 x MS0(pi/2),refined_transition,transition_refined,rabi_sideband,rabi,sideband,460,12,5,1.1000000000000001,0,-0.33333333333333331,0,0.4786316849816124,0.27150774034899311,0.12493028733469724,0.12493028733469724,0.24986057466939449,0.20712394463261929,1.2944889472286385e-10,0.99998800588249515,0,1,0,20,9.9999999999999994e-12,9.9999999999999994e-12
varms_2,2 x MS0(pi/2),refined_transition,transition_refined,rabi_sideband,rabi,sideband,461,13,5,1.1200000000000001,0,-0.33333333333333331,0,0.48327699723100415,0.26673124063745074,0.12499588106577261,0.12499588106577261,0.24999176213154523,0.21654575659355341,1.2944889472286385e-10,0.99998800588249515,0,1,0,20,9.9999999999999994e-12,9.9999999999999994e-12
varms_2,2 x MS0(pi/2),existing_coarse,heatmap,rabi_sideband,rabi,sideband,462,1,14,0.80000000000000004,0,-0.26666666666666666,0,0.095456481336037721,0.69105800783817739,0.10674275541289242,0.10674275541289242,0.21348551082578485,-0.59560152650213971,1.2944889472286385e-10,0.99998800588249515,0.59561352074909346,0.40438647925090654,-0.39320337356789847,NaN,NaN,NaN
varms_2,2 x MS0(pi/2),existing_coarse,heatmap,rabi_sideband,rabi,sideband,463,2,14,0.81333333333333335,0,-0.26666666666666666,0,0.091081317623311286,0.69314277079746678,0.10788795578961095,0.10788795578961095,0.21577591157922191,-0.60206145317415549,1.2944889472286385e-10,0.99998800588249515,0.60207344742110924,0.39792655257889076,-0.4001970805727717,NaN,NaN,NaN
varms_2,2 x MS0(pi/2),existing_coarse,heatmap,rabi_sideband,rabi,sideband,464,3,14,0.82666666666666666,0,-0.26666666666666666,0,0.089602801293060474,0.69244380883817969,0.10897669493437993,0.10897669493437993,0.21795338986875987,-0.60284100754511916,1.2944889472286385e-10,0.99998800588249515,0.60285300179207291,0.39714699820792709,-0.40104871566944317,NaN,NaN,NaN
varms_2,2 x MS0(pi/2),existing_coarse,heatmap,rabi_sideband,rabi,sideband,465,4,14,0.83999999999999997,0,-0.26666666666666666,0,0.091072043240426517,0.68890777682492232,0.11001008996732559,0.11001008996732559,0.22002017993465117,-0.59783573358449582,1.2944889472286385e-10,0.99998800588249515,0.59784772783144957,0.40215227216855043,-0.39560947318181539,NaN,NaN,NaN
varms_2,2 x MS0(pi/2),existing_coarse,heatmap,rabi_sideband,rabi,sideband,466,5,14,0.85333333333333339,0,-0.26666666666666666,0,0.0955080662969192,0.68251319317593995,0.11098937026357045,0.11098937026357045,0.22197874052714089,-0.58700512687902073,1.2944889472286385e-10,0.99998800588249515,0.58701712112597448,0.41298287887402552,-0.38406795261638943,NaN,NaN,NaN
varms_2,2 x MS0(pi/2),existing_coarse,heatmap,rabi_sideband,rabi,sideband,467,6,14,0.8666666666666667,0,-0.26666666666666666,0,0.10289547549952101,0.67327284222007189,0.11191584114020356,0.11191584114020356,0.22383168228040712,-0.57037736672055084,1.2944889472286385e-10,0.99998800588249515,0.57038936096750459,0.42961063903249541,-0.36692497215046183,NaN,NaN,NaN
varms_2,2 x MS0(pi/2),existing_coarse,heatmap,rabi_sideband,rabi,sideband,468,7,14,0.88,0,-0.26666666666666666,0,0.1131824575757993,0.66123576211699764,0.11279089015360151,0.11279089015360151,0.22558178030720302,-0.54805330454119838,1.2944889472286385e-10,0.99998800588249515,0.54806529878815213,0.45193470121184787,-0.34492431065768936,NaN,NaN,NaN
varms_2,2 x MS0(pi/2),existing_coarse,heatmap,rabi_sideband,rabi,sideband,469,8,14,0.89333333333333331,0,-0.26666666666666666,0,0.12627930099649481,0.64648876544253742,0.11361596678048386,0.11361596678048386,0.22723193356096771,-0.52020946444604266,1.2944889472286385e-10,0.99998800588249515,0.5202214586929963,0.4797785413070037,-0.31895918029558451,NaN,NaN,NaN
varms_2,2 x MS0(pi/2),existing_coarse,heatmap,rabi_sideband,rabi,sideband,470,9,14,0.90666666666666662,0,-0.26666666666666666,0,0.1420574304507789,0.62915743765770493,0.11439256594575808,0.11439256594575808,0.22878513189151617,-0.48710000720692603,1.2944889472286385e-10,0.99998800588249515,0.48711200145387978,0.51288799854612022,-0.28997746320013851,NaN,NaN,NaN
varms_2,2 x MS0(pi/2),existing_coarse,heatmap,rabi_sideband,rabi,sideband,471,10,14,0.92000000000000004,0,-0.26666666666666666,0,0.16034902718543556,0.60940652271999118,0.11512222504728664,0.11512222504728664,0.23024445009457328,-0.44905749553455565,1.2944889472286385e-10,0.99998800588249515,0.4490694897815094,0.5509305102184906,-0.2589031759791473,NaN,NaN,NaN
varms_2,2 x MS0(pi/2),existing_coarse,heatmap,rabi_sideband,rabi,sideband,472,11,14,0.93333333333333335,0,-0.26666666666666666,0,0.18094732101867161,0.58743965271638499,0.11580651313247173,0.11580651313247173,0.23161302626494346,-0.40649233169771337,1.2944889472286385e-10,0.99998800588249515,0.40650432594466712,0.59349567405533288,-0.22658244223718257,NaN,NaN,NaN
varms_2,2 x MS0(pi/2),existing_coarse,heatmap,rabi_sideband,rabi,sideband,473,12,14,0.94666666666666666,0,-0.26666666666666666,0,0.20360759870038728,0.56349835746372512,0.11644702191794384,0.11644702191794384,0.23289404383588769,-0.35989075876333787,1.2944889472286385e-10,0.99998800588249515,0.35990275301029162,0.64009724698970838,-0.19375404066821428,NaN,NaN,NaN
varms_2,2 x MS0(pi/2),existing_coarse,heatmap,rabi_sideband,rabi,sideband,474,13,14,0.95999999999999996,0,-0.26666666666666666,0,0.22804897371728985,0.5378603096798974,0.11704535830140636,0.11704535830140636,0.23409071660281272,-0.30981133596260757,1.2944889472286385e-10,0.99998800588249515,0.30982333020956132,0.69017666979043868,-0.16103972535824174,NaN,NaN,NaN
varms_2,2 x MS0(pi/2),existing_coarse,heatmap,rabi_sideband,rabi,sideband,475,14,14,0.97333333333333338,0,-0.26666666666666666,0,0.25395693662859792,0.5108367824634702,0.117603140453966,0.117603140453966,0.235206280907932,-0.25687984583487228,1.2944889472286385e-10,0.99998800588249515,0.25689184008182608,0.74310815991817392,-0.12894796976975462,NaN,NaN,NaN
varms_2,2 x MS0(pi/2),existing_coarse,heatmap,rabi_sideband,rabi,sideband,476,15,14,0.98666666666666669,0,-0.26666666666666666,0,0.28098670539706516,0.48276929891749581,0.1181219978427195,0.1181219978427195,0.236243995685439,-0.20178259352043065,1.2944889472286385e-10,0.99998800588249515,0.20179458776738435,0.79820541223261565,-0.097885331807832501,NaN,NaN,NaN
varms_2,2 x MS0(pi/2),existing_coarse,heatmap,rabi_sideband,rabi,sideband,477,16,14,1,0,-0.26666666666666666,0,0.30876737624808542,0.45402547824863776,0.11860357275163844,0.11860357275163844,0.23720714550327687,-0.14525810200055234,1.2944889472286385e-10,0.99998800588249515,0.1452700962475062,0.8547299037524938,-0.068171101460879291,NaN,NaN,NaN
varms_2,2 x MS0(pi/2),existing_coarse,heatmap,rabi_sideband,rabi,sideband,478,17,14,1.0133333333333334,0,-0.26666666666666666,0,0.33690684871732079,0.42499409493253631,0.11904952817507147,0.11904952817507147,0.23809905635014295,-0.08808724621521552,1.2944889472286385e-10,0.99998800588249515,0.088099240462169215,0.91190075953783079,-0.040052422560005262,NaN,NaN,NaN
varms_2,2 x MS0(pi/2),existing_coarse,heatmap,rabi_sideband,rabi,sideband,479,18,14,1.0266666666666666,0,-0.26666666666666666,0,0.36499748105846441,0.3960794015592089,0.11946155869116336,0.11946155869116336,0.23892311738232672,-0.031081920500744487,1.2944889472286385e-10,0.99998800588249515,0.031093914747698292,0.96890608525230171,-0.013718316482081312,NaN,NaN,NaN
varms_2,2 x MS0(pi/2),existing_coarse,heatmap,rabi_sideband,rabi,sideband,480,19,14,1.04,0,-0.26666666666666666,0,0.39262241710148926,0.36769476216781638,0.11984141036534718,0.11984141036534718,0.23968282073069436,0.024927654933672883,1.2944889472286385e-10,0.99998800588249515,0,1,0,NaN,NaN,NaN
varms_2,2 x MS0(pi/2),existing_coarse,heatmap,rabi_sideband,rabi,sideband,481,20,14,1.0533333333333332,0,-0.26666666666666666,0,0.41936248918286356,0.34025569859220528,0.12019090611246556,0.12019090611246556,0.24038181222493113,0.079106790590658282,1.2944889472286385e-10,0.99998800588249515,0,1,0,NaN,NaN,NaN
varms_2,2 x MS0(pi/2),existing_coarse,heatmap,rabi_sideband,rabi,sideband,482,21,14,1.0666666666666667,0,-0.26666666666666666,0,0.44480361305407068,0.31417244504283931,0.12051197095154503,0.12051197095154503,0.24102394190309007,0.13063116801123137,1.2944889472286385e-10,0.99998800588249515,0,1,0,NaN,NaN,NaN
varms_2,2 x MS0(pi/2),existing_coarse,heatmap,rabi_sideband,rabi,sideband,483,22,14,1.0800000000000001,0,-0.26666666666666666,0,0.46854450917611118,0.28984214301374828,0.12080667390507031,0.12080667390507031,0.24161334781014063,0.1787023661623629,1.2944889472286385e-10,0.99998800588249515,0,1,0,NaN,NaN,NaN
varms_2,2 x MS0(pi/2),existing_coarse,heatmap,rabi_sideband,rabi,sideband,484,23,14,1.0933333333333333,0,-0.26666666666666666,0,0.49020463918127694,0.26764082475606549,0.12107726803132882,0.12107726803132882,0.24215453606265763,0.22256381442521145,1.2944889472286385e-10,0.99998800588249515,0,1,0,NaN,NaN,NaN
varms_2,2 x MS0(pi/2),existing_coarse,heatmap,rabi_sideband,rabi,sideband,485,24,14,1.1066666666666667,0,-0.26666666666666666,0,0.50943215086384175,0.24791536023727001,0.12132624444944415,0.12132624444944415,0.2426524888988883,0.26151679062657174,1.2944889472286385e-10,0.99998800588249515,0,1,0,NaN,NaN,NaN
varms_2,2 x MS0(pi/2),existing_coarse,heatmap,rabi_sideband,rabi,sideband,486,25,14,1.1200000000000001,0,-0.26666666666666666,0,0.52591169859642606,0.23097554757890149,0.1215563769123362,0.1215563769123362,0.2431127538246724,0.29493615101752457,1.2944889472286385e-10,0.99998800588249515,0,1,0,NaN,NaN,NaN
varms_2,2 x MS0(pi/2),existing_coarse,heatmap,rabi_sideband,rabi,sideband,487,26,14,1.1333333333333333,0,-0.26666666666666666,0,0.53937189768359206,0.21708653775043213,0.12177078228298792,0.12177078228298792,0.24354156456597584,0.32228535993315993,1.2944889472286385e-10,0.99998800588249515,0,1,0,NaN,NaN,NaN
varms_2,2 x MS0(pi/2),existing_coarse,heatmap,rabi_sideband,rabi,sideband,488,27,14,1.1466666666666667,0,-0.26666666666666666,0,0.54959223906855337,0.20646181463158209,0.12197297314993226,0.12197297314993226,0.24394594629986452,0.34313042443697128,1.2944889472286385e-10,0.99998800588249515,0,1,0,NaN,NaN,NaN
varms_2,2 x MS0(pi/2),existing_coarse,heatmap,rabi_sideband,rabi,sideband,489,28,14,1.1599999999999999,0,-0.26666666666666666,0,0.55640926644755884,0.19925693465426675,0.12216689944908722,0.12216689944908722,0.24433379889817444,0.35715233179329209,1.2944889472286385e-10,0.99998800588249515,0,1,0,NaN,NaN,NaN
varms_2,2 x MS0(pi/2),existing_coarse,heatmap,rabi_sideband,rabi,sideband,490,29,14,1.1733333333333333,0,-0.26666666666666666,0,0.55972177736335893,0.19556421404171251,0.12235700429746428,0.12235700429746428,0.24471400859492856,0.36415756332164639,1.2944889472286385e-10,0.99998800588249515,0,1,0,NaN,NaN,NaN
varms_2,2 x MS0(pi/2),existing_coarse,heatmap,rabi_sideband,rabi,sideband,491,30,14,1.1866666666666668,0,-0.26666666666666666,0,0.55949490957270076,0.19540860987360001,0.12254824027684956,0.12254824027684956,0.24509648055369912,0.36408629969910078,1.2944889472286385e-10,0.99998800588249515,0,1,0,NaN,NaN,NaN
varms_2,2 x MS0(pi/2),existing_coarse,heatmap,rabi_sideband,rabi,sideband,492,31,14,1.2,0,-0.26666666666666666,0,0.5557628965312762,0.19874492075724476,0.12274609135573954,0.12274609135573954,0.24549218271147907,0.35701797577403144,1.2944889472286385e-10,0.99998800588249515,0,1,0,NaN,NaN,NaN
varms_2,2 x MS0(pi/2),refined_transition,transition_refined,rabi_sideband,rabi,sideband,493,1,6,0.88,0,-0.16666666666666666,0,0.024868541760588756,0.83577818559582895,0.069676636321791163,0.069676636321791163,0.13935327264358233,-0.81090964383524022,1.2944889472286385e-10,0.99998800588249515,0.81092163808219397,0.18907836191780603,-0.72335816886721649,20,9.9999999999999994e-12,9.9999999999999994e-12
varms_2,2 x MS0(pi/2),refined_transition,transition_refined,rabi_sideband,rabi,sideband,494,2,6,0.90000000000000002,0,-0.16666666666666666,0,0.023451107930076799,0.8332602306843937,0.071644330692764741,0.071644330692764741,0.14328866138552948,-0.80980912275431693,1.2944889472286385e-10,0.99998800588249515,0.80982111700127068,0.19017888299872932,-0.72083770772599698,20,9.9999999999999994e-12,9.9999999999999994e-12
varms_2,2 x MS0(pi/2),refined_transition,transition_refined,rabi_sideband,rabi,sideband,495,3,6,0.92000000000000004,0,-0.16666666666666666,0,0.030024571814770713,0.82282443199037325,0.073575498097427999,0.073575498097427999,0.147150996194856,-0.79279986017560256,1.2944889472286385e-10,0.99998800588249515,0.79281185442255631,0.20718814557744369,-0.68363509669505618,20,9.9999999999999994e-12,9.9999999999999994e-12
varms_2,2 x MS0(pi/2),refined_transition,transition_refined,rabi_sideband,rabi,sideband,496,4,6,0.93999999999999995,0,-0.16666666666666666,0,0.044786907262692091,0.8042764188481214,0.075468336944593276,0.075468336944593276,0.15093667388918655,-0.75948951158542932,1.2944889472286385e-10,0.99998800588249515,0.75950150583238307,0.24049849416761693,-0.61888763852816187,20,9.9999999999999994e-12,9.9999999999999994e-12
varms_2,2 x MS0(pi/2),refined_transition,transition_refined,rabi_sideband,rabi,sideband,497,5,6,0.95999999999999996,0,-0.16666666666666666,0,0.067740785170678997,0.77761661340094146,0.077321300714189772,0.077321300714189772,0.15464260142837954,-0.70987582823026241,1.2944889472286385e-10,0.99998800588249515,0.70988782247721616,0.29011217752278384,-0.5374340412078461,20,9.9999999999999994e-12,9.9999999999999994e-12
varms_2,2 x MS0(pi/2),refined_transition,transition_refined,rabi_sideband,rabi,sideband,498,6,6,0.97999999999999998,0,-0.16666666666666666,0,0.098670967974837986,0.7430628243452897,0.079133103839936117,0.079133103839936117,0.15826620767987223,-0.64439185637045171,1.2944889472286385e-10,0.99998800588249515,0.64440385061740546,0.35559614938259454,-0.44904295048850962,20,9.9999999999999994e-12,9.9999999999999994e-12
varms_2,2 x MS0(pi/2),refined_transition,transition_refined,rabi_sideband,rabi,sideband,499,7,6,1,0,-0.16666666666666666,0,0.13712650322532494,0.70106804459387806,0.080902726090398475,0.080902726090398475,0.16180545218079695,-0.56394154136855312,1.2944889472286385e-10,0.99998800588249515,0.56395353561550687,0.43604646438449313,-0.3604672305694418,20,9.9999999999999994e-12,9.9999999999999994e-12
varms_2,2 x MS0(pi/2),refined_transition,transition_refined,rabi_sideband,rabi,sideband,500,8,6,1.02,0,-0.16666666666666666,0,0.18240921568363674,0.65233195381607589,0.082629415250143654,0.082629415250143654,0.16525883050028731,-0.46992273813243912,1.2944889472286385e-10,0.99998800588249515,0.46993473237939287,0.53006526762060713,-0.27567065186656159,20,9.9999999999999994e-12,9.9999999999999994e-12
varms_2,2 x MS0(pi/2),refined_transition,transition_refined,rabi_sideband,rabi,sideband,501,9,6,1.04,0,-0.16666666666666666,0,0.23356997114920608,0.59780465306861474,0.08431268789108963,0.08431268789108963,0.16862537578217926,-0.36423468191940866,1.2944889472286385e-10,0.99998800588249515,0.36424667616636242,0.63575332383363758,-0.19671136057603006,20,9.9999999999999994e-12,9.9999999999999994e-12
varms_2,2 x MS0(pi/2),refined_transition,transition_refined,rabi_sideband,rabi,sideband,502,10,6,1.0600000000000001,0,-0.16666666666666666,0,0.28941407807409031,0.53868126588930287,0.085952328018303395,0.085952328018303395,0.17190465603660679,-0.24926718781521257,1.2944889472286385e-10,0.99998800588249515,0.24927918206216626,0.75072081793783374,-0.12452154072057743,20,9.9999999999999994e-12,9.9999999999999994e-12
varms_2,2 x MS0(pi/2),refined_transition,transition_refined,rabi_sideband,rabi,sideband,503,11,6,1.0800000000000001,0,-0.16666666666666666,0,0.34851699394236774,0.4763862393127864,0.087548383372422961,0.087548383372422961,0.17509676674484592,-0.12786924537041866,1.2944889472286385e-10,0.99998800588249515,0.1278812396173723,0.8721187603826277,-0.059424371183317538,20,9.9999999999999994e-12,9.9999999999999994e-12
varms_2,2 x MS0(pi/2),refined_transition,transition_refined,rabi_sideband,rabi,sideband,504,12,6,1.1000000000000001,0,-0.16666666666666666,0,0.40925120452219538,0.41254647712779885,0.089101159175002914,0.089101159175002914,0.17820231835000583,-0.003295272605603472,1.2944889472286385e-10,0.99998800588249515,0.0033072668525571114,0.99669273314744289,-0.0014387081536979698,20,9.9999999999999994e-12,9.9999999999999994e-12
varms_2,2 x MS0(pi/2),refined_transition,transition_refined,rabi_sideband,rabi,sideband,505,13,6,1.1200000000000001,0,-0.16666666666666666,0,0.46982474202763241,0.34895283974423996,0.09061120911406384,0.09061120911406384,0.18122241822812768,0.12087190228339245,1.2944889472286385e-10,0.99998800588249515,0,1,0,20,9.9999999999999994e-12,9.9999999999999994e-12
varms_2,2 x MS0(pi/2),existing_coarse,heatmap,rabi_sideband,rabi,sideband,506,1,15,0.80000000000000004,0,-0.13333333333333333,0,0.12811964354437907,0.786501835595945,0.042689260429837991,0.042689260429837991,0.085378520859675983,-0.6583821920515659,1.2944889472286385e-10,0.99998800588249515,0.65839418629851965,0.34160581370148035,-0.46647474677405343,NaN,NaN,NaN
varms_2,2 x MS0(pi/2),existing_coarse,heatmap,rabi_sideband,rabi,sideband,507,2,15,0.81333333333333335,0,-0.13333333333333333,0,0.10460064489311106,0.80778606532063768,0.043806644893125607,0.043806644893125607,0.087613289786251214,-0.70318542042752663,1.2944889472286385e-10,0.99998800588249515,0.70319741467448038,0.29680258532551962,-0.52753232041552744,NaN,NaN,NaN
varms_2,2 x MS0(pi/2),existing_coarse,heatmap,rabi_sideband,rabi,sideband,508,3,15,0.82666666666666666,0,-0.13333333333333333,0,0.083178853709780301,0.82697246360100563,0.04492434134460703,0.04492434134460703,0.08984868268921406,-0.74379360989122534,1.2944889472286385e-10,0.99998800588249515,0.74380560413817909,0.25619439586182091,-0.591430374485581,NaN,NaN,NaN
varms_2,2 x MS0(pi/2),existing_coarse,heatmap,rabi_sideband,rabi,sideband,509,4,15,0.83999999999999997,0,-0.13333333333333333,0,0.064095026275583195,0.84382147444923872,0.046041749637589044,0.046041749637589044,0.092083499275178088,-0.77972644817365555,1.2944889472286385e-10,0.99998800588249515,0.7797384424206093,0.2202615575793907,-0.65706129398850344,NaN,NaN,NaN
varms_2,2 x MS0(pi/2),existing_coarse,heatmap,rabi_sideband,rabi,sideband,510,5,15,0.85333333333333339,0,-0.13333333333333333,0,0.047583889748801338,0.8580995354383143,0.047158287406442137,0.047158287406442137,0.094316574812884274,-0.81051564568951295,1.2944889472286385e-10,0.99998800588249515,0.8105276399364667,0.1894723600635333,-0.72245413528640101,NaN,NaN,NaN
varms_2,2 x MS0(pi/2),existing_coarse,heatmap,rabi_sideband,rabi,sideband,511,6,15,0.8666666666666667,0,-0.13333333333333333,0,0.033870852473838912,0.86958237668274641,0.048273385421707338,0.048273385421707338,0.096546770843414675,-0.83571152420890749,1.2944889472286385e-10,0.99998800588249515,0.83572351845586124,0.16427648154413876,-0.78442460739087727,NaN,NaN,NaN
varms_2,2 x MS0(pi/2),existing_coarse,heatmap,rabi_sideband,rabi,sideband,512,7,15,0.88,0,-0.13333333333333333,0,0.023168534100784281,0.87805848305226164,0.049386491423477001,0.049386491423477001,0.098772982846954002,-0.85488994895147741,1.2944889472286385e-10,0.99998800588249515,0.85490194319843116,0.14509805680156884,-0.83833840373047153,NaN,NaN,NaN
varms_2,2 x MS0(pi/2),existing_coarse,heatmap,rabi_sideband,rabi,sideband,513,8,15,0.89333333333333331,0,-0.13333333333333333,0,0.015673124640902859,0.88333273491904474,0.050497070220026162,0.050497070220026162,0.10099414044005232,-0.86765961027814187,1.2944889472286385e-10,0.99998800588249515,0.86767160452509562,0.13232839547490438,-0.87834695343270763,NaN,NaN,NaN
varms_2,2 x MS0(pi/2),existing_coarse,heatmap,rabi_sideband,rabi,sideband,514,9,15,0.90666666666666662,0,-0.13333333333333333,0,0.011560618236529017,0.88523017712253504,0.051604602320468013,0.051604602320468013,0.10320920464093603,-0.87366955888600606,1.2944889472286385e-10,0.99998800588249515,0.87368155313295981,0.12631844686704019,-0.89853322278143422,NaN,NaN,NaN
varms_2,2 x MS0(pi/2),existing_coarse,heatmap,rabi_sideband,rabi,sideband,515,10,15,0.92000000000000004,0,-0.13333333333333333,0,0.010982965018238597,0.88359984562815197,0.052708594676804728,0.052708594676804728,0.10541718935360946,-0.87261688060991338,1.2944889472286385e-10,0.99998800588249515,0.87262887485686713,0.12737112514313287,-0.89492901479751041,NaN,NaN,NaN
varms_2,2 x MS0(pi/2),existing_coarse,heatmap,rabi_sideband,rabi,sideband,516,11,15,0.93333333333333335,0,-0.13333333333333333,0,0.014064211684568307,0.87831864753204947,0.053808570391691117,0.053808570391691117,0.10761714078338223,-0.86425443584748118,1.2944889472286385e-10,0.99998800588249515,0.86426643009443493,0.13573356990556507,-0.86731272845143204,NaN,NaN,NaN
varms_2,2 x MS0(pi/2),existing_coarse,heatmap,rabi_sideband,rabi,sideband,517,12,15,0.94666666666666666,0,-0.13333333333333333,0,0.020896666085755435,0.86929518172574294,0.054904076094250798,0.054904076094250798,0.1098081521885016,-0.84839851563998747,1.2944889472286385e-10,0.99998800588249515,0.84841050988694122,0.15158949011305878,-0.81933090783409457,NaN,NaN,NaN
varms_2,2 x MS0(pi/2),existing_coarse,heatmap,rabi_sideband,rabi,sideband,518,13,15,0.95999999999999996,0,-0.13333333333333333,0,0.031537173102264629,0.8564734658993316,0.055994680499201886,0.055994680499201886,0.11198936099840377,-0.82493629279706693,1.2944889472286385e-10,0.99998800588249515,0.82494828704402068,0.17505171295597932,-0.75683363512065827,NaN,NaN,NaN
varms_2,2 x MS0(pi/2),existing_coarse,heatmap,rabi_sideband,rabi,sideband,519,14,15,0.97333333333333338,0,-0.13333333333333333,0,0.046003566221327737,0.83983648126872323,0.057079976254974484,0.057079976254974484,0.11415995250994897,-0.7938329150473955,1.2944889472286385e-10,0.99998800588249515,0.79384490929434925,0.20615509070565075,-0.68580593644799359,NaN,NaN,NaN
varms_2,2 x MS0(pi/2),existing_coarse,heatmap,rabi_sideband,rabi,sideband,520,15,15,0.98666666666666669,0,-0.13333333333333333,0,0.064271374791642438,0.81940946453098562,0.058159580338685984,0.058159580338685984,0.11631916067737197,-0.75513808973934315,1.2944889472286385e-10,0.99998800588249515,0.75515008398629691,0.24484991601370309,-0.61110004061366818,NaN,NaN,NaN
varms_2,2 x MS0(pi/2),existing_coarse,heatmap,rabi_sideband,rabi,sideband,521,16,15,1,0,-0.13333333333333333,0,0.086270879453273816,0.79526285093894267,0.059233134803891745,0.059233134803891745,0.11846626960778349,-0.70899197148566884,1.2944889472286385e-10,0.99998800588249515,0.70900396573262259,0.29099603426737741,-0.53611292959667167,NaN,NaN,NaN
varms_2,2 x MS0(pi/2),existing_coarse,heatmap,rabi_sideband,rabi,sideband,522,17,15,1.0133333333333334,0,-0.13333333333333333,0,0.11188458773941605,0.76751479597783412,0.060300308141374881,0.060300308141374881,0.12060061628274976,-0.65563020823841811,1.2944889472286385e-10,0.99998800588249515,0.65564220248537186,0.34435779751462814,-0.46299007855862373,NaN,NaN,NaN
varms_2,2 x MS0(pi/2),existing_coarse,heatmap,rabi_sideband,rabi,sideband,523,18,15,1.0266666666666666,0,-0.13333333333333333,0,0.14094523368501247,0.73633317588115921,0.061360795216914149,0.061360795216914149,0.1227215904338283,-0.59538794219614677,1.2944889472286385e-10,0.99998800588249515,0.59539993644310052,0.40460006355689948,-0.39297405334373964,NaN,NaN,NaN
varms_2,2 x MS0(pi/2),existing_coarse,heatmap,rabi_sideband,rabi,sideband,524,19,15,1.04,0,-0.13333333333333333,0,0.1732343840494113,0.70193698008468441,0.062414317932952108,0.062414317932952108,0.12482863586590422,-0.52870259603527314,1.2944889472286385e-10,0.99998800588249515,0.52871459028222689,0.47128540971777311,-0.32671600513139637,NaN,NaN,NaN
varms_2,2 x MS0(pi/2),existing_coarse,heatmap,rabi_sideband,rabi,sideband,525,20,15,1.0533333333333332,0,-0.13333333333333333,0,0.20848173309863671,0.6645970138639028,0.063460626518730245,0.063460626518730245,0.12692125303746049,-0.45611528076526608,1.2944889472286385e-10,0.99998800588249515,0.45612727501221983,0.54387272498778017,-0.26450272034334482,NaN,NaN,NaN
varms_2,2 x MS0(pi/2),existing_coarse,heatmap,rabi_sideband,rabi,sideband,526,21,15,1.0666666666666667,0,-0.13333333333333333,0,0.24636519121749664,0.62463581142646718,0.064499498678018102,0.064499498678018102,0.1289989973560362,-0.37827062020897051,1.2944889472286385e-10,0.99998800588249515,0.37828261445592426,0.62171738554407574,-0.2064069879635369,NaN,NaN,NaN
varms_2,2 x MS0(pi/2),existing_coarse,heatmap,rabi_sideband,rabi,sideband,527,22,15,1.0800000000000001,0,-0.13333333333333333,0,0.28651181604618592,0.58242670144478459,0.06553074125451476,0.06553074125451476,0.13106148250902952,-0.29591488539859867,1.2944889472286385e-10,0.99998800588249515,0.29592687964555242,0.70407312035444758,-0.15238223557745753,NaN,NaN,NaN
varms_2,2 x MS0(pi/2),existing_coarse,heatmap,rabi_sideband,rabi,sideband,528,23,15,1.0933333333333333,0,-0.13333333333333333,0,0.32849969218898889,0.53839193111072159,0.066554188350144761,0.066554188350144761,0.13310837670028952,-0.2098922389217327,1.2944889472286385e-10,0.99998800588249515,0.20990423316868645,0.79009576683131355,-0.10232026505679673,NaN,NaN,NaN
varms_2,2 x MS0(pi/2),existing_coarse,heatmap,rabi_sideband,rabi,sideband,529,24,15,1.1066666666666667,0,-0.13333333333333333,0,0.37186077547327745,0.49299981440568585,0.067569705060518279,0.067569705060518279,0.13513941012103656,-0.1211390389324084,1.2944889472286385e-10,0.99998800588249515,0.12115103317936216,0.87884896682063784,-0.056085753495326768,NaN,NaN,NaN
varms_2,2 x MS0(pi/2),existing_coarse,heatmap,rabi_sideband,rabi,sideband,530,25,15,1.1200000000000001,0,-0.13333333333333333,0,0.41608479341591553,0.44676083904146208,0.068577183771311223,0.068577183771311223,0.13715436754262245,-0.030676045625546544,1.2944889472286385e-10,0.99998800588249515,0.030688039872500239,0.96931196012749976,-0.013536428565354513,NaN,NaN,NaN
varms_2,2 x MS0(pi/2),existing_coarse,heatmap,rabi_sideband,rabi,sideband,531,26,15,1.1333333333333333,0,-0.13333333333333333,0,0.46062418826468021,0.40022271642074503,0.069576547657287366,0.069576547657287366,0.13915309531457473,0.060401471843935184,1.2944889472286385e-10,0.99998800588249515,0,1,0,NaN,NaN,NaN
varms_2,2 x MS0(pi/2),existing_coarse,heatmap,rabi_sideband,rabi,sideband,532,27,15,1.1466666666666667,0,-0.13333333333333333,0,0.5049001543485081,0.35396434987333703,0.07056774788907734,0.07056774788907734,0.14113549577815468,0.15093580447517108,1.2944889472286385e-10,0.99998800588249515,0,1,0,NaN,NaN,NaN
varms_2,2 x MS0(pi/2),existing_coarse,heatmap,rabi_sideband,rabi,sideband,533,28,15,1.1599999999999999,0,-0.13333333333333333,0,0.54830972669607747,0.30858874335094433,0.071550764976489128,0.071550764976489128,0.14310152995297826,0.23972098334513314,1.2944889472286385e-10,0.99998800588249515,0,1,0,NaN,NaN,NaN
varms_2,2 x MS0(pi/2),existing_coarse,heatmap,rabi_sideband,rabi,sideband,534,29,15,1.1733333333333333,0,-0.13333333333333333,0,0.59023387531376026,0.26471490605369313,0.072525609316273346,0.072525609316273346,0.14505121863254669,0.32551896926006713,1.2944889472286385e-10,0.99998800588249515,0,1,0,NaN,NaN,NaN
varms_2,2 x MS0(pi/2),existing_coarse,heatmap,rabi_sideband,rabi,sideband,535,30,15,1.1866666666666668,0,-0.13333333333333333,0,0.63004659363929327,0.22296876189462422,0.073492322233041266,0.073492322233041266,0.14698464446608253,0.40707783174466905,1.2944889472286385e-10,0.99998800588249515,0,1,0,NaN,NaN,NaN
varms_2,2 x MS0(pi/2),existing_coarse,heatmap,rabi_sideband,rabi,sideband,536,31,15,1.2,0,-0.13333333333333333,0,0.66712484095674418,0.18397320828455108,0.074450975379352399,0.074450975379352399,0.1489019507587048,0.48315163267219308,1.2944889472286385e-10,0.99998800588249515,0,1,0,NaN,NaN,NaN
varms_2,2 x MS0(pi/2),existing_coarse,heatmap,rabi_sideband,rabi,sideband,537,1,16,0.80000000000000004,0,0,0,0.28615057124761062,0.713846265596355,1.5815780172161313e-06,1.5815780172161313e-06,3.1631560344322625e-06,-0.42769569434874438,1.2944889472286385e-10,0.99998800588249515,0.42770768859569808,0.57229231140430192,-0.24238208868380948,NaN,NaN,NaN
varms_2,2 x MS0(pi/2),existing_coarse,heatmap,rabi_sideband,rabi,sideband,538,2,16,0.81333333333333335,0,0,0,0.25614504962001078,0.74385145854076173,1.7459196137574763e-06,1.7459196137574763e-06,3.4918392275149527e-06,-0.48770640892075096,1.2944889472286385e-10,0.99998800588249515,0.48771840316770465,0.51228159683229535,-0.29049124540755711,NaN,NaN,NaN
varms_2,2 x MS0(pi/2),existing_coarse,heatmap,rabi_sideband,rabi,sideband,539,3,16,0.82666666666666666,0,0,0,0.22678696378648647,0.7732091877512175,1.9242311480298211e-06,1.9242311480298211e-06,3.8484622960596422e-06,-0.54642222396473106,1.2944889472286385e-10,0.99998800588249515,0.54643421821168481,0.45356578178831519,-0.34335971721274611,NaN,NaN,NaN
varms_2,2 x MS0(pi/2),existing_coarse,heatmap,rabi_sideband,rabi,sideband,540,4,16,0.83999999999999997,0,0,0,0.19827359214610868,0.80172217311687732,2.1173685069784939e-06,2.1173685069784939e-06,4.2347370139569878e-06,-0.60344858097076859,1.2944889472286385e-10,0.99998800588249515,0.60346057521772234,0.39653942478227766,-0.40171362773045222,NaN,NaN,NaN
varms_2,2 x MS0(pi/2),existing_coarse,heatmap,rabi_sideband,rabi,sideband,541,5,16,0.85333333333333339,0,0,0,0.17081024944825049,0.82918509783511829,2.3263583156482368e-06,2.3263583156482368e-06,4.6527166312964736e-06,-0.65837484838686777,1.2944889472286385e-10,0.99998800588249515,0.65838684263382152,0.34161315736617848,-0.4664654106367665,NaN,NaN,NaN
varms_2,2 x MS0(pi/2),existing_coarse,heatmap,rabi_sideband,rabi,sideband,542,6,16,0.8666666666666667,0,0,0,0.14460897952166765,0.85538591606855818,2.552204887137819e-06,2.552204887137819e-06,5.1044097742756379e-06,-0.71077693654689056,1.2944889472286385e-10,0.99998800588249515,0.71078893079384431,0.28921106920615569,-0.53878508895995991,NaN,NaN,NaN
varms_2,2 x MS0(pi/2),refined_transition,transition_refined,rabi_sideband,rabi,sideband,543,1,7,0.88,0,0,0,0.11988703775998943,0.88010737094312552,2.7956484425511941e-06,2.7956484425511941e-06,5.5912968851023883e-06,-0.76022033318313609,1.2944889472286385e-10,0.99998800588249515,0.76023232743008984,0.23976767256991016,-0.62020937240867913,20,9.9999999999999994e-12,9.9999999999999994e-12
varms_2,2 x MS0(pi/2),existing_coarse,heatmap,rabi_sideband,rabi,sideband,544,8,16,0.89333333333333331,0,0,0,0.096865771436980108,0.90312811093462453,3.0588141976622806e-06,3.0588141976622806e-06,6.1176283953245613e-06,-0.80626233949764448,1.2944889472286385e-10,0.99998800588249515,0.80627433374459823,0.19372566625540177,-0.71281283682008034,NaN,NaN,NaN
varms_2,2 x MS0(pi/2),refined_transition,transition_refined,rabi_sideband,rabi,sideband,545,2,7,0.90000000000000002,0,0,0,0.086062293091032943,0.91393131229171676,3.1973086251758954e-06,3.1973086251758954e-06,6.3946172503517908e-06,-0.82786901920068379,1.2944889472286385e-10,0.99998800588249515,0.82788101344763754,0.17211898655236246,-0.76417121973573154,20,9.9999999999999994e-12,9.9999999999999994e-12
varms_2,2 x MS0(pi/2),existing_coarse,heatmap,rabi_sideband,rabi,sideband,546,9,16,0.90666666666666662,0,0,0,0.075767710389405177,0.92422560587443703,3.3418680788723933e-06,3.3418680788723933e-06,6.6837361577447866e-06,-0.84845789548503181,1.2944889472286385e-10,0.99998800588249515,0.84846988973198556,0.15153011026801444,-0.81950106073305906,NaN,NaN,NaN
varms_2,2 x MS0(pi/2),refined_transition,transition_refined,rabi_sideband,rabi,sideband,547,3,7,0.92000000000000004,0,0,0,0.056815511949793077,0.94317719646527753,3.645792464686638e-06,3.645792464686638e-06,7.291584929373276e-06,-0.88636168451548447,1.2944889472286385e-10,0.99998800588249515,0.88637367876243822,0.11362632123756178,-0.94452105379993201,20,9.9999999999999994e-12,9.9999999999999994e-12
varms_2,2 x MS0(pi/2),existing_coarse,heatmap,rabi_sideband,rabi,sideband,548,11,16,0.93333333333333335,0,0,0,0.040229530826676463,0.95976252192473643,3.9736242935464831e-06,3.9736242935464831e-06,7.9472485870929662e-06,-0.91953299109805997,1.2944889472286385e-10,0.99998800588249515,0.91954498534501372,0.080455014654986279,-1.0944468817188742,NaN,NaN,NaN
varms_2,2 x MS0(pi/2),refined_transition,transition_refined,rabi_sideband,rabi,sideband,549,4,7,0.93999999999999995,0,0,0,0.032891248002883185,0.96710046131706562,4.1453400255599622e-06,4.1453400255599622e-06,8.2906800511199244e-06,-0.93420921331418239,1.2944889472286385e-10,0.99998800588249515,0.93422120756113614,0.065778792438863865,-1.1819141035190943,20,9.9999999999999994e-12,9.9999999999999994e-12
varms_2,2 x MS0(pi/2),existing_coarse,heatmap,rabi_sideband,rabi,sideband,550,12,16,0.94666666666666666,0,0,0,0.026224776356224583,0.97376657375933073,4.3249422223731069e-06,4.3249422223731069e-06,8.6498844447462139e-06,-0.94754179740310618,1.2944889472286385e-10,0.99998800588249515,0.94755379165005993,0.052446208349940071,-1.2802859040809387,NaN,NaN,NaN
varms_2,2 x MS0(pi/2),refined_transition,transition_refined,rabi_sideband,rabi,sideband,551,5,7,0.95999999999999996,0,0,0,0.015008968787753561,0.98498163027479413,4.7004687261927749e-06,4.7004687261927749e-06,9.4009374523855499e-06,-0.96997266148704053,1.2944889472286385e-10,0.99998800588249515,0.96998465573399428,0.030015344266005717,-1.5226566710664231,20,9.9999999999999994e-12,9.9999999999999994e-12
varms_2,2 x MS0(pi/2),existing_coarse,heatmap,rabi_sideband,rabi,sideband,552,14,16,0.97333333333333338,0,0,0,0.0067795876631650586,0.99321020142391125,5.1054564618182813e-06,5.1054564618182813e-06,1.0210912923636563e-05,-0.98643061376074614,1.2944889472286385e-10,0.99998800588249515,0.98644260800769989,0.013557391992300105,-1.8678238467733788,NaN,NaN,NaN
varms_2,2 x MS0(pi/2),refined_transition,transition_refined,rabi_sideband,rabi,sideband,553,6,7,0.97999999999999998,0,0,0,0.0038428782900892309,0.99614648974061126,5.3159846497439576e-06,5.3159846497439576e-06,1.0631969299487915e-05,-0.99230361145052204,1.2944889472286385e-10,0.99998800588249515,0.99231560569747579,0.0076843943025242112,-2.114390358670188,20,9.9999999999999994e-12,9.9999999999999994e-12
varms_2,2 x MS0(pi/2),existing_coarse,heatmap,rabi_sideband,rabi,sideband,554,15,16,0.98666666666666669,0,0,0,0.0017206420701776687,0.99826828265234413,5.5376387390657265e-06,5.5376387390657265e-06,1.1075277478131453e-05,-0.99654764058216649,1.2944889472286385e-10,0.99998800588249515,0.99655963482912024,0.0034403651708797556,-2.4633954576374735,NaN,NaN,NaN
varms_2,2 x MS0(pi/2),refined_transition,transition_refined,rabi_sideband,rabi,sideband,555,7,7,1,0,0,0,1.2944889472286385e-10,0.99998800588249515,5.9969940279655303e-06,5.9969940279655303e-06,1.1993988055931061e-05,-0.99998800575304625,1.2944889472286385e-10,0.99998800588249515,1,1.0000000000000001e-15,-15,20,9.9999999999999994e-12,9.9999999999999994e-12
varms_2,2 x MS0(pi/2),existing_coarse,heatmap,rabi_sideband,rabi,sideband,556,17,16,1.0133333333333334,0,0,0,0.001766069464320246,0.99822094270539463,6.4939151425879906e-06,6.4939151425879906e-06,1.2987830285175981e-05,-0.9964548732410744,1.2944889472286385e-10,0.99998800588249515,0.99646686748802815,0.0035331325119718482,-2.4518400738193464,NaN,NaN,NaN
varms_2,2 x MS0(pi/2),refined_transition,transition_refined,rabi_sideband,rabi,sideband,557,8,7,1.02,0,0,0,0.0039969230321884441,0.99598957913802177,6.7489148948899029e-06,6.7489148948899029e-06,1.3497829789779806e-05,-0.99199265610583331,1.2944889472286385e-10,0.99998800588249515,0.99200465035278707,0.0079953496472129348,-2.0971625392304616,20,9.9999999999999994e-12,9.9999999999999994e-12
varms_2,2 x MS0(pi/2),existing_coarse,heatmap,rabi_sideband,rabi,sideband,558,18,16,1.0266666666666666,0,0,0,0.0071446391097579609,0.99284131796139086,7.0214644256119648e-06,7.0214644256119648e-06,1.404292885122393e-05,-0.98569667885163292,1.2944889472286385e-10,0.99998800588249515,0.98570867309858667,0.014291326901413326,-1.8449274465618055,NaN,NaN,NaN
varms_2,2 x MS0(pi/2),refined_transition,transition_refined,rabi_sideband,rabi,sideband,559,9,7,1.04,0,0,0,0.016235731673766716,0.98374911334843462,7.5774888992937751e-06,7.5774888992937751e-06,1.515497779858755e-05,-0.96751338167466794,1.2944889472286385e-10,0.99998800588249515,0.96752537592162169,0.032474624078378311,-1.4884558675568857,20,9.9999999999999994e-12,9.9999999999999994e-12
varms_2,2 x MS0(pi/2),existing_coarse,heatmap,rabi_sideband,rabi,sideband,560,20,16,1.0533333333333332,0,0,0,0.029110162938722203,0.97087346806995523,8.1844956613208218e-06,8.1844956613208218e-06,1.6368991322641644e-05,-0.94176330513123307,1.2944889472286385e-10,0.99998800588249515,0.94177529937818683,0.058224700621813175,-1.2348927358311315,NaN,NaN,NaN
varms_2,2 x MS0(pi/2),refined_transition,transition_refined,rabi_sideband,rabi,sideband,561,10,7,1.0600000000000001,0,0,0,0.036979770913539094,0.96300325149989308,8.4887932839047644e-06,8.4887932839047644e-06,1.6977586567809529e-05,-0.92602348058635398,1.2944889472286385e-10,0.99998800588249515,0.92603547483330773,0.073964525166692274,-1.1309765264635738,20,9.9999999999999994e-12,9.9999999999999994e-12
varms_2,2 x MS0(pi/2),existing_coarse,heatmap,rabi_sideband,rabi,sideband,562,21,16,1.0666666666666667,0,0,0,0.045806958662062421,0.95417539347015257,8.8239338925068773e-06,8.8239338925068773e-06,1.7647867785013755e-05,-0.90836843480809015,1.2944889472286385e-10,0.99998800588249515,0.9083804290550439,0.091619570944956097,-1.0380117463590435,NaN,NaN,NaN
varms_2,2 x MS0(pi/2),refined_transition,transition_refined,rabi_sideband,rabi,sideband,563,11,7,1.0800000000000001,0,0,0,0.066330015240353785,0.93365100625361441,9.4892530158713126e-06,9.4892530158713126e-06,1.8978506031742625e-05,-0.86732099101326066,1.2944889472286385e-10,0.99998800588249515,0.86733298526021441,0.13266701473978559,-0.87723704320348805,20,9.9999999999999994e-12,9.9999999999999994e-12
varms_2,2 x MS0(pi/2),existing_coarse,heatmap,rabi_sideband,rabi,sideband,564,23,16,1.0933333333333333,0,0,0,0.09064482442347202,0.90933471694521495,1.0229315656527766e-05,1.0229315656527766e-05,2.0458631313055533e-05,-0.81868989252174296,1.2944889472286385e-10,0.99998800588249515,0.81870188676869671,0.18129811323130329,-0.74160671558180746,NaN,NaN,NaN
varms_2,2 x MS0(pi/2),refined_transition,transition_refined,rabi_sideband,rabi,sideband,565,12,7,1.1000000000000001,0,0,0,0.10420293219846039,0.89577589649540834,1.0585653065670203e-05,1.0585653065670203e-05,2.1171306131340405e-05,-0.79157296429694801,1.2944889472286385e-10,0.99998800588249515,0.79158495854390176,0.20841504145609824,-0.68107094091160658,20,9.9999999999999994e-12,9.9999999999999994e-12
varms_2,2 x MS0(pi/2),existing_coarse,heatmap,rabi_sideband,rabi,sideband,566,24,16,1.1066666666666667,0,0,0,0.11867738472498209,0.88130061555066408,1.0999862176886609e-05,1.0999862176886609e-05,2.1999724353773218e-05,-0.76262323082568195,1.2944889472286385e-10,0.99998800588249515,0.7626352250726357,0.2373647749273643,-0.6245837301570567,NaN,NaN,NaN
varms_2,2 x MS0(pi/2),refined_transition,transition_refined,rabi_sideband,rabi,sideband,567,13,7,1.1200000000000001,0,0,0,0.15031083200515502,0.84966559769318784,1.1785150828562274e-05,1.1785150828562274e-05,2.3570301657124548e-05,-0.69935476568803279,1.2944889472286385e-10,0.99998800588249515,0.69936675993498654,0.30063324006501346,-0.52196300252917083,20,9.9999999999999994e-12,9.9999999999999994e-12
varms_2,2 x MS0(pi/2),existing_coarse,heatmap,rabi_sideband,rabi,sideband,568,26,16,1.1333333333333333,0,0,0,0.18538256928620711,0.81459205236032983,1.2689176731532117e-05,1.2689176731532117e-05,2.5378353463064234e-05,-0.62920948307412272,1.2944889472286385e-10,0.99998800588249515,0.62922147732107647,0.37077852267892353,-0.43088543027773268,NaN,NaN,NaN
varms_2,2 x MS0(pi/2),existing_coarse,heatmap,rabi_sideband,rabi,sideband,569,27,16,1.1466666666666667,0,0,0,0.22368626322464938,0.77628650996454118,1.3613405404727482e-05,1.3613405404727482e-05,2.7226810809454963e-05,-0.55260024673989183,1.2944889472286385e-10,0.99998800588249515,0.55261224098684558,0.44738775901315442,-0.34931590281821717,NaN,NaN,NaN
varms_2,2 x MS0(pi/2),existing_coarse,heatmap,rabi_sideband,rabi,sideband,570,28,16,1.1599999999999999,0,0,0,0.26496740701654453,0.73500340375984541,1.459461180502264e-05,1.459461180502264e-05,2.918922361004528e-05,-0.47003599674330088,1.2944889472286385e-10,0.99998800588249515,0.47004799099025463,0.52995200900974537,-0.27576345712737549,NaN,NaN,NaN
varms_2,2 x MS0(pi/2),existing_coarse,heatmap,rabi_sideband,rabi,sideband,571,29,16,1.1733333333333333,0,0,0,0.30892478511104254,0.69104394288749715,1.5636000730091068e-05,1.5636000730091068e-05,3.1272001460182135e-05,-0.38211915777645461,1.2944889472286385e-10,0.99998800588249515,0.3821311520234083,0.6178688479765917,-0.20910370071181825,NaN,NaN,NaN
varms_2,2 x MS0(pi/2),existing_coarse,heatmap,rabi_sideband,rabi,sideband,572,30,16,1.1866666666666668,0,0,0,0.35521044911375649,0.64475606885890657,1.6741013668468549e-05,1.6741013668468549e-05,3.3482027336937099e-05,-0.28954561974515008,1.2944889472286385e-10,0.99998800588249515,0.28955761399210389,0.71044238600789611,-0.14847113582714092,NaN,NaN,NaN
varms_2,2 x MS0(pi/2),existing_coarse,heatmap,rabi_sideband,rabi,sideband,573,31,16,1.2,0,0,0,0.40343074800718487,0.59653342529987752,1.791334646880128e-05,1.791334646880128e-05,3.582669293760256e-05,-0.19310267729269265,1.2944889472286385e-10,0.99998800588249515,0.19311467153964645,0.80688532846035355,-0.093188181207934498,NaN,NaN,NaN
varms_2,2 x MS0(pi/2),existing_coarse,heatmap,rabi_sideband,rabi,sideband,574,1,17,0.80000000000000004,0,0.13333333333333333,0,0.39727668315645065,0.53624216896904975,0.033240573937249773,0.033240573937249773,0.066481147874499547,-0.1389654858125991,1.2944889472286385e-10,0.99998800588249515,0.13897748005955279,0.86102251994044721,-0.064985489477858829,NaN,NaN,NaN
varms_2,2 x MS0(pi/2),existing_coarse,heatmap,rabi_sideband,rabi,sideband,575,2,17,0.81333333333333335,0,0.13333333333333333,0,0.37025093884812482,0.56136626946619361,0.034191395842840838,0.034191395842840838,0.068382791685681676,-0.19111533061806879,1.2944889472286385e-10,0.99998800588249515,0.1911273248650226,0.8088726751349774,-0.092119835418849369,NaN,NaN,NaN
varms_2,2 x MS0(pi/2),existing_coarse,heatmap,rabi_sideband,rabi,sideband,576,3,17,0.82666666666666666,0,0.13333333333333333,0,0.3432558815167191,0.58644898314321192,0.035147567670034435,0.035147567670034435,0.070295135340068871,-0.24319310162649282,1.2944889472286385e-10,0.99998800588249515,0.24320509587344663,0.75679490412655337,-0.12102180091541972,NaN,NaN,NaN
varms_2,2 x MS0(pi/2),existing_coarse,heatmap,rabi_sideband,rabi,sideband,577,4,17,0.83999999999999997,0,0.13333333333333333,0,0.31640414326879635,0.61137855168561939,0.036108652522792092,0.036108652522792092,0.072217305045584185,-0.29497440841682304,1.2944889472286385e-10,0.99998800588249515,0.29498640266377685,0.70501359733622315,-0.15180250685095056,NaN,NaN,NaN
varms_2,2 x MS0(pi/2),existing_coarse,heatmap,rabi_sideband,rabi,sideband,578,5,17,0.85333333333333339,0,0.13333333333333333,0,0.28981477711249842,0.63603677653283774,0.037074223177331909,0.037074223177331909,0.074148446354663819,-0.34622199942033932,1.2944889472286385e-10,0.99998800588249515,0.34623399366729313,0.65376600633270687,-0.18457766504341178,NaN,NaN,NaN
varms_2,2 x MS0(pi/2),existing_coarse,heatmap,rabi_sideband,rabi,sideband,579,6,17,0.8666666666666667,0,0.13333333333333333,0,0.2636129076256209,0.6602993872156081,0.038043852579385536,0.038043852579385536,0.076087705158771071,-0.39668647958998721,1.2944889472286385e-10,0.99998800588249515,0.39669847383694101,0.60330152616305899,-0.21946557605379841,NaN,NaN,NaN
varms_2,2 x MS0(pi/2),existing_coarse,heatmap,rabi_sideband,rabi,sideband,580,7,17,0.88,0,0.13333333333333333,0,0.23792920906332091,0.68403656290907078,0.039017114013804151,0.039017114013804151,0.078034228027608302,-0.44610735384574984,1.2944889472286385e-10,0.99998800588249515,0.44611934809270359,0.55388065190729641,-0.25658380531126385,NaN,NaN,NaN
varms_2,2 x MS0(pi/2),existing_coarse,heatmap,rabi_sideband,rabi,sideband,581,8,17,0.89333333333333331,0,0.13333333333333333,0,0.212899332724416,0.70711349587183081,0.039993585701876611,0.039993585701876611,0.079987171403753221,-0.49421416314741484,1.2944889472286385e-10,0.99998800588249515,0.49422615739436859,0.50577384260563141,-0.29604363506632003,NaN,NaN,NaN
varms_2,2 x MS0(pi/2),existing_coarse,heatmap,rabi_sideband,rabi,sideband,582,9,17,0.90666666666666662,0,0.13333333333333333,0,0.18866323435968238,0.72939108356630344,0.040972841037007046,0.040972841037007046,0.081945682074014092,-0.54072784920662109,1.2944889472286385e-10,0.99998800588249515,0.54073984345357484,0.45926015654642516,-0.33794123048585933,NaN,NaN,NaN
varms_2,2 x MS0(pi/2),existing_coarse,heatmap,rabi_sideband,rabi,sideband,583,10,17,0.92000000000000004,0,0.13333333333333333,0,0.16536439396412608,0.75072667424800388,0.041954465893935013,0.041954465893935013,0.083908931787870025,-0.58536228028387782,1.2944889472286385e-10,0.99998800588249515,0.58537427453083157,0.41462572546916843,-0.38234375558827433,NaN,NaN,NaN
varms_2,2 x MS0(pi/2),existing_coarse,heatmap,rabi_sideband,rabi,sideband,584,11,17,0.93333333333333335,0,0.13333333333333333,0,0.14314894976376003,0.77097495848179343,0.042938045877223309,0.042938045877223309,0.085876091754446618,-0.6278260087180334,1.2944889472286385e-10,0.99998800588249515,0.62783800296498715,0.37216199703501285,-0.42926797650517295,NaN,NaN,NaN
varms_2,2 x MS0(pi/2),existing_coarse,heatmap,rabi_sideband,rabi,sideband,585,12,17,0.94666666666666666,0,0.13333333333333333,0,0.12216472076806843,0.78998893622197697,0.043923171504977272,0.043923171504977272,0.087846343009954544,-0.66782421545390858,1.2944889472286385e-10,0.99998800588249515,0.66783620970086233,0.33216379029913767,-0.47864771243364601,NaN,NaN,NaN
varms_2,2 x MS0(pi/2),existing_coarse,heatmap,rabi_sideband,rabi,sideband,586,13,17,0.95999999999999996,0,0.13333333333333333,0,0.10256013597600452,0.80762098676882521,0.044909438627585126,0.044909438627585126,0.089818877255170251,-0.70506085079282066,1.2944889472286385e-10,0.99998800588249515,0.70507284503977441,0.29492715496022559,-0.53028523861658772,NaN,NaN,NaN
varms_2,2 x MS0(pi/2),existing_coarse,heatmap,rabi_sideband,rabi,sideband,587,14,17,0.97333333333333338,0,0.13333333333333333,0,0.08448306711160268,0.8237240352629086,0.04589644881274435,0.04589644881274435,0.091792897625488701,-0.73924096815130591,1.2944889472286385e-10,0.99998800588249515,0.73925296239825966,0.26074703760174034,-0.58378061697823203,NaN,NaN,NaN
varms_2,2 x MS0(pi/2),existing_coarse,heatmap,rabi_sideband,rabi,sideband,588,15,17,0.98666666666666669,0,0.13333333333333333,0,0.068079566894741608,0.83815281159392419,0.046883810755667159,0.046883810755667159,0.093767621511334318,-0.77007324469918259,1.2944889472286385e-10,0.99998800588249515,0.77008523894613634,0.22991476105386366,-0.63843314513591176,NaN,NaN,NaN
varms_2,2 x MS0(pi/2),existing_coarse,heatmap,rabi_sideband,rabi,sideband,589,16,17,1,0,0.13333333333333333,0,0.053492519417366213,0.85076520180626769,0.047871139388183021,0.047871139388183021,0.095742278776366041,-0.79727268238890148,1.2944889472286385e-10,0.99998800588249515,0.79728467663585523,0.20271532336414477,-0.69311342150450517,NaN,NaN,NaN
varms_2,2 x MS0(pi/2),existing_coarse,heatmap,rabi_sideband,rabi,sideband,590,17,17,1.0133333333333334,0,0.13333333333333333,0,0.040860207536819917,0.86142367636347594,0.048858058049852035,0.048858058049852035,0.09771611609970407,-0.82056346882665598,1.2944889472286385e-10,0.99998800588249515,0.82057546307360973,0.17942453692639027,-0.74611816595713687,NaN,NaN,NaN
varms_2,2 x MS0(pi/2),existing_coarse,heatmap,rabi_sideband,rabi,sideband,591,18,17,1.0266666666666666,0,0.13333333333333333,0,0.030314808565826495,0.86999679404043306,0.049844198696870241,0.049844198696870241,0.099688397393740483,-0.8396819854746066,1.2944889472286385e-10,0.99998800588249515,0.83969397972156035,0.16030602027843965,-0.79505016744866108,NaN,NaN,NaN
varms_2,2 x MS0(pi/2),existing_coarse,heatmap,rabi_sideband,rabi,sideband,592,19,17,1.04,0,0.13333333333333333,0,0.021980824644332347,0.87636077105287857,0.050829202151394505,0.050829202151394505,0.10165840430278901,-0.8543799464085462,1.2944889472286385e-10,0.99998800588249515,0.85439194065549995,0.14560805934450005,-0.83681458634182082,NaN,NaN,NaN
varms_2,2 x MS0(pi/2),existing_coarse,heatmap,rabi_sideband,rabi,sideband,593,20,17,1.0533333333333332,0,0.13333333333333333,0,0.015973461820496852,0.8804011005232496,0.051812718828126818,0.051812718828126818,0.10362543765625364,-0.86442763870275274,1.2944889472286385e-10,0.99998800588249515,0.86443963294970649,0.13556036705029351,-0.86786726391476232,NaN,NaN,NaN
varms_2,2 x MS0(pi/2),existing_coarse,heatmap,rabi_sideband,rabi,sideband,594,21,17,1.0666666666666667,0,0.13333333333333333,0,0.012396972599820323,0.8820142080572223,0.052794409671478672,0.052794409671478672,0.10558881934295734,-0.86961723545740199,1.2944889472286385e-10,0.99998800588249515,0.86962922970435574,0.13037077029564426,-0.88481976843739696,NaN,NaN,NaN
varms_2,2 x MS0(pi/2),existing_coarse,heatmap,rabi_sideband,rabi,sideband,595,22,17,1.0800000000000001,0,0.13333333333333333,0,0.011342973336653435,0.88110912719495849,0.053773949734194033,0.053773949734194033,0.10754789946838807,-0.86976615385830502,1.2944889472286385e-10,0.99998800588249515,0.86977814810525877,0.13022185189474123,-0.88531613281074417,NaN,NaN,NaN
varms_2,2 x MS0(pi/2),existing_coarse,heatmap,rabi_sideband,rabi,sideband,596,23,17,1.0933333333333333,0,0.13333333333333333,0,0.01288874186162714,0.87760920034335677,0.05475102889750804,0.05475102889750804,0.10950205779501608,-0.86472045848172963,1.2944889472286385e-10,0.99998800588249515,0.86473245272868338,0.13526754727131662,-0.8688063847145826,NaN,NaN,NaN
varms_2,2 x MS0(pi/2),existing_coarse,heatmap,rabi_sideband,rabi,sideband,597,24,17,1.1066666666666667,0,0.13333333333333333,0,0.017095594870615034,0.87145373293855977,0.055725336095412616,0.055725336095412616,0.11145067219082523,-0.85435813806794469,1.2944889472286385e-10,0.99998800588249515,0.85437013231489845,0.14562986768510155,-0.83674954507403676,NaN,NaN,NaN
varms_2,2 x MS0(pi/2),existing_coarse,heatmap,rabi_sideband,rabi,sideband,598,25,17,1.1200000000000001,0,0.13333333333333333,0,0.024007203199715318,0.86259962973058546,0.05669658353484959,0.05669658353484959,0.11339316706969918,-0.83859242653087018,1.2944889472286385e-10,0.99998800588249515,0.83860442077782393,0.16139557922217607,-0.79210836518835126,NaN,NaN,NaN
varms_2,2 x MS0(pi/2),existing_coarse,heatmap,rabi_sideband,rabi,sideband,599,26,17,1.1333333333333333,0,0.13333333333333333,0,0.033648032668717208,0.85102297504523206,0.057664496143025351,0.057664496143025351,0.1153289922860507,-0.81737494237651487,1.2944889472286385e-10,0.99998800588249515,0.81738693662346862,0.18261306337653138,-0.73846815807546695,NaN,NaN,NaN
varms_2,2 x MS0(pi/2),existing_coarse,heatmap,rabi_sideband,rabi,sideband,600,27,17,1.1466666666666667,0,0.13333333333333333,0,0.046021848795637067,0.83672052533119812,0.05862881293658237,0.05862881293658237,0.11725762587316474,-0.79069867653556103,1.2944889472286385e-10,0.99998800588249515,0.79071067078251478,0.20928932921748522,-0.6792529139456065,NaN,NaN,NaN
varms_2,2 x MS0(pi/2),existing_coarse,heatmap,rabi_sideband,rabi,sideband,601,28,17,1.1599999999999999,0,0.13333333333333333,0,0.061110332688751705,0.81971109163435663,0.059589287838445831,0.059589287838445831,0.11917857567689166,-0.75860075894560497,1.2944889472286385e-10,0.99998800588249515,0.75861275319255872,0.24138724680744128,-0.61728567867720985,NaN,NaN,NaN
varms_2,2 x MS0(pi/2),existing_coarse,heatmap,rabi_sideband,rabi,sideband,602,29,17,1.1733333333333333,0,0.13333333333333333,0,0.078871829463288023,0.80003678812067014,0.06054569120802087,0.06054569120802087,0.12109138241604174,-0.72116495865738206,1.2944889472286385e-10,0.99998800588249515,0.72117695290433592,0.27882304709566408,-0.55467133095858501,NaN,NaN,NaN
varms_2,2 x MS0(pi/2),existing_coarse,heatmap,rabi_sideband,rabi,sideband,603,30,17,1.1866666666666668,0,0.13333333333333333,0,0.099240261171570143,0.777764121991251,0.061497808418589414,0.061497808418589414,0.12299561683717883,-0.67852386081968086,1.2944889472286385e-10,0.99998800588249515,0.67853585506663461,0.32146414493336539,-0.49286745983450703,NaN,NaN,NaN
varms_2,2 x MS0(pi/2),existing_coarse,heatmap,rabi_sideband,rabi,sideband,604,31,17,1.2,0,0.13333333333333333,0,0.12212422666422335,0.75298488753952952,0.062445442898123572,0.062445442898123572,0.12489088579624714,-0.63086066087530623,1.2944889472286385e-10,0.99998800588249515,0.63087265512225998,0.36912734487774002,-0.43282378116678077,NaN,NaN,NaN
varms_2,2 x MS0(pi/2),refined_transition,transition_refined,rabi_sideband,rabi,sideband,605,1,8,0.88,0,0.16666666666666666,0,0.26053770459616521,0.63282480885863301,0.05331874327260093,0.05331874327260093,0.10663748654520186,-0.37228710426246781,1.2944889472286385e-10,0.99998800588249515,0.37229909850942156,0.62770090149057844,-0.20224724762441662,20,9.9999999999999994e-12,9.9999999999999994e-12
varms_2,2 x MS0(pi/2),refined_transition,transition_refined,rabi_sideband,rabi,sideband,606,2,8,0.90000000000000002,0,0.16666666666666666,0,0.22456258544303087,0.66517812431325074,0.055129645121859125,0.055129645121859125,0.11025929024371825,-0.44061553887021987,1.2944889472286385e-10,0.99998800588249515,0.44062753311717362,0.55937246688282638,-0.25229891403731147,20,9.9999999999999994e-12,9.9999999999999994e-12
varms_2,2 x MS0(pi/2),refined_transition,transition_refined,rabi_sideband,rabi,sideband,607,3,8,0.92000000000000004,0,0.16666666666666666,0,0.19021308588319535,0.69592244656438829,0.056932233776208201,0.056932233776208201,0.1138644675524164,-0.50570936068119288,1.2944889472286385e-10,0.99998800588249515,0.50572135492814663,0.49427864507185337,-0.30602815249248588,20,9.9999999999999994e-12,9.9999999999999994e-12
varms_2,2 x MS0(pi/2),refined_transition,transition_refined,rabi_sideband,rabi,sideband,608,4,8,0.93999999999999995,0,0.16666666666666666,0,0.15791566556675729,0.7246355136680307,0.058724410382606028,0.058724410382606028,0.11744882076521206,-0.5667198481012734,1.2944889472286385e-10,0.99998800588249515,0.56673184234822715,0.43326815765177285,-0.36324322756909144,20,9.9999999999999994e-12,9.9999999999999994e-12
varms_2,2 x MS0(pi/2),refined_transition,transition_refined,rabi_sideband,rabi,sideband,609,5,8,0.95999999999999996,0,0.16666666666666666,0,0.12810483028023306,0.75088687282567057,0.060504148447048239,0.060504148447048239,0.12100829689409648,-0.62278204254543756,1.2944889472286385e-10,0.99998800588249515,0.62279403679239131,0.37720596320760869,-0.42342145016671362,20,9.9999999999999994e-12,9.9999999999999994e-12
varms_2,2 x MS0(pi/2),refined_transition,transition_refined,rabi_sideband,rabi,sideband,610,6,8,0.97999999999999998,0,0.16666666666666666,0,0.10121637730403711,0.77424462223039836,0.062269500232782243,0.062269500232782243,0.12453900046556449,-0.67302824492636126,1.2944889472286385e-10,0.99998800588249515,0.67304023917331501,0.32695976082668499,-0.48550569298574886,20,9.9999999999999994e-12,9.9999999999999994e-12
varms_2,2 x MS0(pi/2),refined_transition,transition_refined,rabi_sideband,rabi,sideband,611,7,8,1,0,0.16666666666666666,0,0.077679782543605566,0.79428301123355982,0.064018603111417285,0.064018603111417285,0.12803720622283457,-0.7166032286899543,1.2944889472286385e-10,0.99998800588249515,0.71661522293690805,0.28338477706309195,-0.54762348300551833,20,9.9999999999999994e-12,9.9999999999999994e-12
varms_2,2 x MS0(pi/2),refined_transition,transition_refined,rabi_sideband,rabi,sideband,612,8,8,1.02,0,0.16666666666666666,0,0.057909791530886469,0.81059083679787691,0.065749685835618327,0.065749685835618327,0.13149937167123665,-0.75268104526699042,1.2944889472286385e-10,0.99998800588249515,0.75269303951394417,0.24730696048605583,-0.60676366019290795,20,9.9999999999999994e-12,9.9999999999999994e-12
varms_2,2 x MS0(pi/2),refined_transition,transition_refined,rabi_sideband,rabi,sideband,613,9,8,1.04,0,0.16666666666666666,0,0.042297307408525144,0.82278054319648009,0.067461074697497375,0.067461074697497375,0.13492214939499475,-0.78048323578795498,1.2944889472286385e-10,0.99998800588249515,0.78049523003490873,0.21950476996509127,-0.65855603785006189,20,9.9999999999999994e-12,9.9999999999999994e-12
varms_2,2 x MS0(pi/2),refined_transition,transition_refined,rabi_sideband,rabi,sideband,614,10,8,1.0600000000000001,0,0.16666666666666666,0,0.031199702396290389,0.83049789853715039,0.069151199533279584,0.069151199533279584,0.13830239906655917,-0.79929819614085995,1.2944889472286385e-10,0.99998800588249515,0.7993101903878137,0.2006898096121863,-0.69747467903993698,20,9.9999999999999994e-12,9.9999999999999994e-12
varms_2,2 x MS0(pi/2),refined_transition,transition_refined,rabi_sideband,rabi,sideband,615,11,8,1.0800000000000001,0,0.16666666666666666,0,0.02493071431011119,0.83343208663015134,0.070818599529868728,0.070818599529868728,0.14163719905973746,-0.80850137232004016,1.2944889472286385e-10,0.99998800588249515,0.80851336656699391,0.19148663343300609,-0.71786153620653481,20,9.9999999999999994e-12,9.9999999999999994e-12
varms_2,2 x MS0(pi/2),refined_transition,transition_refined,rabi_sideband,rabi,sideband,616,12,8,1.1000000000000001,0,0.16666666666666666,0,0.023750125579266163,0.83132601685033425,0.072461928785199817,0.072461928785199817,0.14492385757039963,-0.8075758912710681,1.2944889472286385e-10,0.99998800588249515,0.80758788551802185,0.19241211448197815,-0.7157675877709524,20,9.9999999999999994e-12,9.9999999999999994e-12
varms_2,2 x MS0(pi/2),refined_transition,transition_refined,rabi_sideband,rabi,sideband,617,13,8,1.1200000000000001,0,0.16666666666666666,0,0.027853457808872609,0.82398661905120452,0.074079961569961425,0.074079961569961425,0.14815992313992285,-0.79613316124233191,1.2944889472286385e-10,0.99998800588249515,0.79614515548928566,0.20385484451071434,-0.69067896329315404,20,9.9999999999999994e-12,9.9999999999999994e-12
varms_2,2 x MS0(pi/2),existing_coarse,heatmap,rabi_sideband,rabi,sideband,618,1,18,0.80000000000000004,0,0.26666666666666666,0,0.43932307623868805,0.40233328338976643,0.07917182018577279,0.07917182018577279,0.15834364037154558,0.036989792848921621,1.2944889472286385e-10,0.99998800588249515,0,1,0,NaN,NaN,NaN
varms_2,2 x MS0(pi/2),existing_coarse,heatmap,rabi_sideband,rabi,sideband,619,2,18,0.81333333333333335,0,0.26666666666666666,0,0.4177391888417426,0.42080852746139613,0.080726141848430619,0.080726141848430619,0.16145228369686124,-0.0030693386196535277,1.2944889472286385e-10,0.99998800588249515,0.0030813328666072781,0.99691866713339272,-0.0013402718347857966,NaN,NaN,NaN
varms_2,2 x MS0(pi/2),existing_coarse,heatmap,rabi_sideband,rabi,sideband,620,3,18,0.82666666666666666,0,0.26666666666666666,0,0.39618768103357321,0.43930396409283817,0.082254177436794335,0.082254177436794335,0.16450835487358867,-0.043116283059264959,1.2944889472286385e-10,0.99998800588249515,0.04312827730621871,0.95687172269378129,-0.019146279423052373,NaN,NaN,NaN
varms_2,2 x MS0(pi/2),existing_coarse,heatmap,rabi_sideband,rabi,sideband,621,4,18,0.83999999999999997,0,0.26666666666666666,0,0.37473649462183767,0.45775345810608736,0.083755023636037512,0.083755023636037512,0.16751004727207502,-0.083016963484249695,1.2944889472286385e-10,0.99998800588249515,0.083028957731203445,0.91697104226879655,-0.037644379031663164,NaN,NaN,NaN
varms_2,2 x MS0(pi/2),existing_coarse,heatmap,rabi_sideband,rabi,sideband,622,5,18,0.85333333333333339,0,0.26666666666666666,0,0.35345661475336865,0.47608768360381676,0.085227850821407297,0.085227850821407297,0.17045570164281459,-0.12263106885044811,1.2944889472286385e-10,0.99998800588249515,0.12264306309740181,0.87735693690259819,-0.056823685778511816,NaN,NaN,NaN
varms_2,2 x MS0(pi/2),existing_coarse,heatmap,rabi_sideband,rabi,sideband,623,6,18,0.8666666666666667,0,0.26666666666666666,0,0.33242186010321895,0.49423435344327654,0.086671893226752283,0.086671893226752283,0.17334378645350457,-0.16181249334005759,1.2944889472286385e-10,0.99998800588249515,0.1618244875870114,0.8381755124129886,-0.07666503138008271,NaN,NaN,NaN
varms_2,2 x MS0(pi/2),existing_coarse,heatmap,rabi_sideband,rabi,sideband,624,7,18,0.88,0,0.26666666666666666,0,0.31170858093693227,0.51211850787528923,0.088086455593889293,0.088086455593889293,0.17617291118777859,-0.20040992693835696,1.2944889472286385e-10,0.99998800588249515,0.20042192118531077,0.79957807881468923,-0.097139120982534174,NaN,NaN,NaN
varms_2,2 x MS0(pi/2),existing_coarse,heatmap,rabi_sideband,rabi,sideband,625,8,18,0.89333333333333331,0,0.26666666666666666,0,0.29139534374217829,0.52966286774639615,0.089470894255712766,0.089470894255712766,0.17894178851142553,-0.23826752400421786,1.2944889472286385e-10,0.99998800588249515,0.23827951825117155,0.76172048174882845,-0.11820436659263946,NaN,NaN,NaN
varms_2,2 x MS0(pi/2),existing_coarse,heatmap,rabi_sideband,rabi,sideband,626,9,18,0.90666666666666662,0,0.26666666666666666,0,0.27156254739509922,0.54678815594882302,0.090824648328038923,0.090824648328038923,0.18164929665607785,-0.2752256085537238,1.2944889472286385e-10,0.99998800588249515,0.27523760280067755,0.72476239719932245,-0.13980434721931326,NaN,NaN,NaN
varms_2,2 x MS0(pi/2),existing_coarse,heatmap,rabi_sideband,rabi,sideband,627,10,18,0.92000000000000004,0,0.26666666666666666,0,0.25229203277584145,0.56341353649394388,0.092147215365107324,0.092147215365107324,0.18429443073021465,-0.31112150371810243,1.2944889472286385e-10,0.99998800588249515,0.31113349796505618,0.68886650203494382,-0.1618649334581734,NaN,NaN,NaN
varms_2,2 x MS0(pi/2),existing_coarse,heatmap,rabi_sideband,rabi,sideband,628,11,18,0.93333333333333335,0,0.26666666666666666,0,0.23366663263141832,0.57945705212068943,0.093438157623946111,0.093438157623946111,0.18687631524789222,-0.34579041948927114,1.2944889472286385e-10,0.99998800588249515,0.34580241373622489,0.65419758626377511,-0.18429106258685052,NaN,NaN,NaN
varms_2,2 x MS0(pi/2),existing_coarse,heatmap,rabi_sideband,rabi,sideband,629,12,18,0.94666666666666666,0,0.26666666666666666,0,0.21576968549833733,0.59483610921962249,0.094697102641020103,0.094697102641020103,0.18939420528204021,-0.37906642372128518,1.2944889472286385e-10,0.99998800588249515,0.37907841796823893,0.62092158203176107,-0.20696324465650143,NaN,NaN,NaN
varms_2,2 x MS0(pi/2),existing_coarse,heatmap,rabi_sideband,rabi,sideband,630,13,18,0.95999999999999996,0,0.26666666666666666,0,0.19868452587202462,0.60946799370631477,0.095923740210830305,0.095923740210830305,0.19184748042166061,-0.41078346783429015,1.2944889472286385e-10,0.99998800588249515,0.41079546208124385,0.58920453791875615,-0.22973391697963447,NaN,NaN,NaN
varms_2,2 x MS0(pi/2),existing_coarse,heatmap,rabi_sideband,rabi,sideband,631,14,18,0.97333333333333338,0,0.26666666666666666,0,0.18249392112430105,0.62327043957259143,0.097117819651553791,0.097117819651553791,0.19423563930310758,-0.44077651844829036,1.2944889472286385e-10,0.99998800588249515,0.44078851269524411,0.55921148730475589,-0.2524239159071775,NaN,NaN,NaN
varms_2,2 x MS0(pi/2),existing_coarse,heatmap,rabi_sideband,rabi,sideband,632,15,18,0.98666666666666669,0,0.26666666666666666,0,0.16727948502838533,0.63616221016383168,0.098279152403891484,0.098279152403891484,0.19655830480778297,-0.46888272513544638,1.2944889472286385e-10,0.99998800588249515,0.46889471938240013,0.53110528061759987,-0.27481938050200078,NaN,NaN,NaN
varms_2,2 x MS0(pi/2),existing_coarse,heatmap,rabi_sideband,rabi,sideband,633,16,18,1,0,0.26666666666666666,0,0.1531210600537635,0.64806372106377041,0.099407609441233016,0.099407609441233016,0.19881521888246603,-0.49494266101000695,1.2944889472286385e-10,0.99998800588249515,0.4949546552569607,0.5050453447430393,-0.29666962764845389,NaN,NaN,NaN
varms_2,2 x MS0(pi/2),existing_coarse,heatmap,rabi_sideband,rabi,sideband,634,17,18,1.0133333333333334,0,0.26666666666666666,0,0.14009607110279013,0.65889769090171135,0.10050311899774925,0.10050311899774925,0.20100623799549849,-0.51880161979892125,1.2944889472286385e-10,0.99998800588249515,0.518813614045875,0.481186385954125,-0.31768666850725391,NaN,NaN,NaN
varms_2,2 x MS0(pi/2),existing_coarse,heatmap,rabi_sideband,rabi,sideband,635,18,18,1.0266666666666666,0,0.26666666666666666,0,0.12827885805716005,0.6685898080131587,0.10156566696484065,0.10156566696484065,0.2031313339296813,-0.5403109499559986,1.2944889472286385e-10,0.99998800588249515,0.54032294420295235,0.45967705579704765,-0.33754717297236497,NaN,NaN,NaN
varms_2,2 x MS0(pi/2),existing_coarse,heatmap,rabi_sideband,rabi,sideband,636,19,18,1.04,0,0.26666666666666666,0,0.11773999115469012,0.67706942047438468,0.10259529418546262,0.10259529418546262,0.20519058837092524,-0.55932942931969454,1.2944889472286385e-10,0.99998800588249515,0.55934142356664829,0.44065857643335171,-0.35589777288911612,NaN,NaN,NaN
varms_2,2 x MS0(pi/2),existing_coarse,heatmap,rabi_sideband,rabi,sideband,637,20,18,1.0533333333333332,0,0.26666666666666666,0,0.1085455681530446,0.68427023909613405,0.10359209637541064,0.10359209637541064,0.20718419275082128,-0.57572467094308943,1.2944889472286385e-10,0.99998800588249515,0.57573666519004318,0.42426333480995682,-0.37236449870181326,NaN,NaN,NaN
varms_2,2 x MS0(pi/2),existing_coarse,heatmap,rabi_sideband,rabi,sideband,638,21,18,1.0666666666666667,0,0.26666666666666666,0,0.10075651133114018,0.69013104575374962,0.1045562214575551,0.1045562214575551,0.20911244291511019,-0.58937453442260945,1.2944889472286385e-10,0.99998800588249515,0.5893865286695632,0.4106134713304368,-0.38656680647906527,NaN,NaN,NaN
varms_2,2 x MS0(pi/2),existing_coarse,heatmap,rabi_sideband,rabi,sideband,639,22,18,1.0800000000000001,0,0.26666666666666666,0,0.094427855471659911,0.69459640718827775,0.1054878686700312,0.1054878686700312,0.21097573734006239,-0.60016855171661787,1.2944889472286385e-10,0.99998800588249515,0.60018054596357162,0.39981945403642838,-0.3981360782140953,NaN,NaN,NaN
varms_2,2 x MS0(pi/2),existing_coarse,heatmap,rabi_sideband,rabi,sideband,640,23,18,1.0933333333333333,0,0.26666666666666666,0,0.089608049843173165,0.69761737323922668,0.10638728845880009,0.10638728845880009,0.21277457691760018,-0.60800932339605351,1.2944889472286385e-10,0.99998800588249515,0.60802131764300726,0.39197868235699274,-0.40673755131237721,NaN,NaN,NaN
varms_2,2 x MS0(pi/2),existing_coarse,heatmap,rabi_sideband,rabi,sideband,641,24,18,1.1066666666666667,0,0.26666666666666666,0,0.086338262036822794,0.69915217813878383,0.1072547799121967,0.1072547799121967,0.2145095598243934,-0.61281391610196101,1.2944889472286385e-10,0.99998800588249515,0.61282591034891476,0.38717408965108524,-0.41209371411693707,NaN,NaN,NaN
varms_2,2 x MS0(pi/2),existing_coarse,heatmap,rabi_sideband,rabi,sideband,642,25,18,1.1200000000000001,0,0.26666666666666666,0,0.084651712275257737,0.69916691029958833,0.108090688712577,0.108090688712577,0.216181377425154,-0.61451519802433063,1.2944889472286385e-10,0.99998800588249515,0.61452719227128438,0.38547280772871562,-0.41400625281378806,NaN,NaN,NaN
varms_2,2 x MS0(pi/2),existing_coarse,heatmap,rabi_sideband,rabi,sideband,643,26,18,1.1333333333333333,0,0.26666666666666666,0,0.084573030085489026,0.6976361535834783,0.10889540816551635,0.10889540816551635,0.2177908163310327,-0.6130631234979893,1.2944889472286385e-10,0.99998800588249515,0.61307511774494305,0.38692488225505695,-0.41237334089493694,NaN,NaN,NaN
varms_2,2 x MS0(pi/2),existing_coarse,heatmap,rabi_sideband,rabi,sideband,644,27,18,1.1466666666666667,0,0.26666666666666666,0,0.086117644670904353,0.69454359892211714,0.10966937820348925,0.10966937820348925,0.2193387564069785,-0.60842595425121282,1.2944889472286385e-10,0.99998800588249515,0.60843794849816657,0.39156205150183343,-0.40719940476969008,NaN,NaN,NaN
varms_2,2 x MS0(pi/2),existing_coarse,heatmap,rabi_sideband,rabi,sideband,645,28,18,1.1599999999999999,0,0.26666666666666666,0,0.089291228391423616,0.68988261347641744,0.11041307906607942,0.11041307906607942,0.22082615813215883,-0.60059138508499377,1.2944889472286385e-10,0.99998800588249515,0.60060337933194763,0.39939662066805237,-0.39859561405576743,NaN,NaN,NaN
varms_2,2 x MS0(pi/2),existing_coarse,heatmap,rabi_sideband,rabi,sideband,646,29,18,1.1733333333333333,0,0.26666666666666666,0,0.094089204370789381,0.68365673427148066,0.11112703067886497,0.11112703067886497,0.22225406135772993,-0.58956752990069128,1.2944889472286385e-10,0.99998800588249515,0.58957952414764503,0.41042047585235497,-0.38677098043068953,NaN,NaN,NaN
varms_2,2 x MS0(pi/2),existing_coarse,heatmap,rabi_sideband,rabi,sideband,647,30,18,1.1866666666666668,0,0.26666666666666666,0,0.10049628674696237,0.67588012177391621,0.11181179573956071,0.11181179573956071,0.22362359147912142,-0.57538383502695378,1.2944889472286385e-10,0.99998800588249515,0.57539582927390764,0.42460417072609236,-0.37201574423871658,NaN,NaN,NaN
varms_2,2 x MS0(pi/2),existing_coarse,heatmap,rabi_sideband,rabi,sideband,648,31,18,1.2,0,0.26666666666666666,0,0.10848610896924611,0.66657793607231175,0.11246797747922113,0.11246797747922113,0.22493595495844226,-0.5580918271030656,1.2944889472286385e-10,0.99998800588249515,0.55810382135001935,0.44189617864998065,-0.35467975403490637,NaN,NaN,NaN
varms_2,2 x MS0(pi/2),refined_transition,transition_refined,rabi_sideband,rabi,sideband,649,1,9,0.88,0,0.33333333333333331,0,0.33383485132050916,0.46150170169324939,0.1023317234931207,0.1023317234931207,0.20466344698624139,-0.12766685037274023,1.2944889472286385e-10,0.99998800588249515,0.12767884461969392,0.87232115538030608,-0.059323594962529778,20,9.9999999999999994e-12,9.9999999999999994e-12
varms_2,2 x MS0(pi/2),refined_transition,transition_refined,rabi_sideband,rabi,sideband,650,2,9,0.90000000000000002,0,0.33333333333333331,0,0.30736863686092292,0.48432295982366658,0.10415420165770521,0.10415420165770521,0.20830840331541042,-0.17695432296274366,1.2944889472286385e-10,0.99998800588249515,0.17696631720969735,0.82303368279030265,-0.084582390850150957,20,9.9999999999999994e-12,9.9999999999999994e-12
varms_2,2 x MS0(pi/2),refined_transition,transition_refined,rabi_sideband,rabi,sideband,651,3,9,0.92000000000000004,0,0.33333333333333331,0,0.28198710578094582,0.50625381356538179,0.10587954032683619,0.10587954032683619,0.21175908065367238,-0.22426670778443597,1.2944889472286385e-10,0.99998800588249515,0.22427870203138978,0.77572129796861022,-0.11029428453458864,20,9.9999999999999994e-12,9.9999999999999994e-12
varms_2,2 x MS0(pi/2),refined_transition,transition_refined,rabi_sideband,rabi,sideband,652,4,9,0.93999999999999995,0,0.33333333333333331,0,0.25790360419124952,0.52707905228750773,0.10750867176062137,0.10750867176062137,0.21501734352124274,-0.26917544809625821,1.2944889472286385e-10,0.99998800588249515,0.26918744234321201,0.73081255765678799,-0.13619399871113588,20,9.9999999999999994e-12,9.9999999999999994e-12
varms_2,2 x MS0(pi/2),refined_transition,transition_refined,rabi_sideband,rabi,sideband,653,5,9,0.95999999999999996,0,0.33333333333333331,0,0.23533047237296578,0.54658373246185488,0.10904289758258971,0.10904289758258971,0.21808579516517942,-0.31125326008888909,1.2944889472286385e-10,0.99998800588249515,0.31126525433584284,0.68873474566415716,-0.161948006938338,20,9.9999999999999994e-12,9.9999999999999994e-12
varms_2,2 x MS0(pi/2),refined_transition,transition_refined,rabi_sideband,rabi,sideband,654,6,9,0.97999999999999998,0,0.33333333333333331,0,0.2144759954424722,0.56455629195307344,0.11048385630222718,0.11048385630222718,0.22096771260445436,-0.35008029651060124,1.2944889472286385e-10,0.99998800588249515,0.35009229075755499,0.64990770924244501,-0.1871483113763725,20,9.9999999999999994e-12,9.9999999999999994e-12
varms_2,2 x MS0(pi/2),refined_transition,transition_refined,rabi_sideband,rabi,sideband,655,7,9,1,0,0.33333333333333331,0,0.19554114417621424,0.58079187376172192,0.11183349103103189,0.11183349103103189,0.22366698206206378,-0.38525072958550766,1.2944889472286385e-10,0.99998800588249515,0.38526272383246141,0.61473727616753859,-0.21131045152363107,20,9.9999999999999994e-12,9.9999999999999994e-12
varms_2,2 x MS0(pi/2),refined_transition,transition_refined,rabi_sideband,rabi,sideband,656,8,9,1.02,0,0.33333333333333331,0,0.17871614838216765,0.59509581619438767,0.11309401771172235,0.11309401771172235,0.22618803542344471,-0.41637966781222002,1.2944889472286385e-10,0.99998800588249515,0.41639166205917377,0.58360833794082623,-0.23387851202220511,20,9.9999999999999994e-12,9.9999999999999994e-12
varms_2,2 x MS0(pi/2),refined_transition,transition_refined,rabi_sideband,rabi,sideband,657,9,9,1.04,0,0.33333333333333331,0,0.16417695374064059,0.60728725796183114,0.11426789414876412,0.11426789414876412,0.22853578829752824,-0.44311030422119058,1.2944889472286385e-10,0.99998800588249515,0.44312229846814433,0.55687770153185567,-0.25424017175928482,20,9.9999999999999994e-12,9.9999999999999994e-12
varms_2,2 x MS0(pi/2),refined_transition,transition_refined,rabi_sideband,rabi,sideband,658,10,9,1.0600000000000001,0,0.33333333333333331,0,0.1520816213642712,0.61720279843873227,0.11535779009849831,0.11535779009849831,0.23071558019699662,-0.4651211770744611,1.2944889472286385e-10,0.99998800588249515,0.46513317132141485,0.53486682867858515,-0.27175433530475385,20,9.9999999999999994e-12,9.9999999999999994e-12
varms_2,2 x MS0(pi/2),refined_transition,transition_refined,rabi_sideband,rabi,sideband,659,11,9,1.0800000000000001,0,0.33333333333333331,0,0.14256673719929347,0.62470014551636366,0.11636655864217144,0.11636655864217144,0.23273311728434287,-0.48213340831707019,1.2944889472286385e-10,0.99998800588249515,0.48214540256402394,0.51785459743597606,-0.28579216379844047,20,9.9999999999999994e-12,9.9999999999999994e-12
varms_2,2 x MS0(pi/2),refined_transition,transition_refined,rabi_sideband,rabi,sideband,660,12,9,1.1000000000000001,0,0.33333333333333331,0,0.1357439055207767,0.6296616764150943,0.11729720903206448,0.11729720903206448,0.23459441806412895,-0.4939177708943176,1.2944889472286385e-10,0.99998800588249515,0.49392976514127129,0.50607023485872871,-0.29578920550242283,20,9.9999999999999994e-12,9.9999999999999994e-12
varms_2,2 x MS0(pi/2),refined_transition,transition_refined,rabi_sideband,rabi,sideband,661,13,9,1.1200000000000001,0,0.33333333333333331,0,0.13169640687198225,0.63199783079692806,0.11815288116554487,0.11815288116554487,0.23630576233108974,-0.50030142392494581,1.2944889472286385e-10,0.99998800588249515,0.50031341817189956,0.49968658182810044,-0.30130231258714124,20,9.9999999999999994e-12,9.9999999999999994e-12
varms_2,2 x MS0(pi/2),existing_coarse,heatmap,rabi_sideband,rabi,sideband,662,1,19,0.80000000000000004,0,0.40000000000000002,0,0.44892867416443955,0.34368534412262686,0.10369299085646681,0.10369299085646681,0.20738598171293363,0.10524333004181269,1.2944889472286385e-10,0.99998800588249515,0,1,0,NaN,NaN,NaN
varms_2,2 x MS0(pi/2),existing_coarse,heatmap,rabi_sideband,rabi,sideband,663,2,19,0.81333333333333335,0,0.40000000000000002,0,0.43166412124919606,0.35830082514648182,0.1050175268021611,0.1050175268021611,0.2100350536043222,0.073363296102714248,1.2944889472286385e-10,0.99998800588249515,0,1,0,NaN,NaN,NaN
varms_2,2 x MS0(pi/2),existing_coarse,heatmap,rabi_sideband,rabi,sideband,664,3,19,0.82666666666666666,0,0.40000000000000002,0,0.41454952165133763,0.37287124881917616,0.10628961476474309,0.10628961476474309,0.21257922952948619,0.041678272832161467,1.2944889472286385e-10,0.99998800588249515,0,1,0,NaN,NaN,NaN
varms_2,2 x MS0(pi/2),existing_coarse,heatmap,rabi_sideband,rabi,sideband,665,4,19,0.83999999999999997,0,0.40000000000000002,0,0.39763163124121303,0.38734888537485923,0.10750974169196388,0.10750974169196388,0.21501948338392776,0.010282745866353804,1.2944889472286385e-10,0.99998800588249515,0,1,0,NaN,NaN,NaN
varms_2,2 x MS0(pi/2),existing_coarse,heatmap,rabi_sideband,rabi,sideband,666,5,19,0.85333333333333339,0,0.40000000000000002,0,0.38095832509794059,0.40168467454354501,0.1086785001792572,0.1086785001792572,0.21735700035851441,-0.020726349445604419,1.2944889472286385e-10,0.99998800588249515,0.020738343692558225,0.97926165630744177,-0.0091012502729505337,NaN,NaN,NaN
varms_2,2 x MS0(pi/2),existing_coarse,heatmap,rabi_sideband,rabi,sideband,667,6,19,0.8666666666666667,0,0.40000000000000002,0,0.36457838705548329,0.41582844171412486,0.1097965856151959,0.1097965856151959,0.21959317123039179,-0.051250054658641575,1.2944889472286385e-10,0.99998800588249515,0.05126204890559527,0.94873795109440473,-0.022853726570972621,NaN,NaN,NaN
varms_2,2 x MS0(pi/2),existing_coarse,heatmap,rabi_sideband,rabi,sideband,668,7,19,0.88,0,0.40000000000000002,0,0.34854131758443097,0.42972914109552018,0.11086477066002447,0.11086477066002447,0.22172954132004893,-0.081187823511089219,1.2944889472286385e-10,0.99998800588249515,0.081199817758042969,0.91880018224195703,-0.036778927335665804,NaN,NaN,NaN
varms_2,2 x MS0(pi/2),existing_coarse,heatmap,rabi_sideband,rabi,sideband,669,8,19,0.89333333333333331,0,0.40000000000000002,0,0.33289704810756798,0.44333512517036422,0.11188391336103394,0.11188391336103394,0.22376782672206788,-0.11043807706279624,1.2944889472286385e-10,0.99998800588249515,0.11045007130975004,0.88954992869024996,-0.050829670799708147,NaN,NaN,NaN
varms_2,2 x MS0(pi/2),existing_coarse,heatmap,rabi_sideband,rabi,sideband,670,9,19,0.90666666666666662,0,0.40000000000000002,0,0.31769568622519911,0.45659439765495541,0.11285495805992267,0.11285495805992267,0.22570991611984534,-0.13889871142975629,1.2944889472286385e-10,0.99998800588249515,0.13891070567671004,0.86108929432328996,-0.064951810194347231,NaN,NaN,NaN
varms_2,2 x MS0(pi/2),existing_coarse,heatmap,rabi_sideband,rabi,sideband,671,10,19,0.92000000000000004,0,0.40000000000000002,0,0.30298725893600748,0.46945491778892928,0.11377891163753161,0.11377891163753161,0.22755782327506321,-0.16646765885292181,1.2944889472286385e-10,0.99998800588249515,0.16647965309987556,0.83352034690012444,-0.079083794229984974,NaN,NaN,NaN
varms_2,2 x MS0(pi/2),existing_coarse,heatmap,rabi_sideband,rabi,sideband,672,11,19,0.93333333333333335,0,0.40000000000000002,0,0.28882140563297992,0.48186491310682034,0.11465684063009984,0.11465684063009984,0.22931368126019969,-0.19304350747384041,1.2944889472286385e-10,0.99998800588249515,0.19305550172079422,0.80694449827920578,-0.093156335067271487,NaN,NaN,NaN
varms_2,2 x MS0(pi/2),existing_coarse,heatmap,rabi_sideband,rabi,sideband,673,12,19,0.94666666666666666,0,0.40000000000000002,0,0.27524708247682778,0.49377318691556288,0.11548986530380465,0.11548986530380465,0.23097973060760929,-0.2185261044387351,1.2944889472286385e-10,0.99998800588249515,0.21853809868568885,0.78146190131431115,-0.10709219032846853,NaN,NaN,NaN
varms_2,2 x MS0(pi/2),existing_coarse,heatmap,rabi_sideband,rabi,sideband,674,13,19,0.95999999999999996,0,0.40000000000000002,0,0.26231224185898266,0.50512945437106338,0.11627915188497696,0.11627915188497696,0.23255830376995393,-0.24281721251208072,1.2944889472286385e-10,0.99998800588249515,0.24282920675903441,0.75717079324096559,-0.12080614666138352,NaN,NaN,NaN
varms_2,2 x MS0(pi/2),existing_coarse,heatmap,rabi_sideband,rabi,sideband,675,14,19,0.97333333333333338,0,0.40000000000000002,0,0.25006350252980675,0.5158846855760002,0.1170259059470965,0.1170259059470965,0.234051811894193,-0.26582118304619345,1.2944889472286385e-10,0.99998800588249515,0.26583317729314715,0.73416682270685285,-0.13420524533039924,NaN,NaN,NaN
varms_2,2 x MS0(pi/2),existing_coarse,heatmap,rabi_sideband,rabi,sideband,676,15,19,0.98666666666666669,0,0.40000000000000002,0,0.23854581884595091,0.52599144570705403,0.1177313677234975,0.1177313677234975,0.235462735446995,-0.28744562686110309,1.2944889472286385e-10,0.99998800588249515,0.28745762110805684,0.71254237889194316,-0.14718930062248747,NaN,NaN,NaN
varms_2,2 x MS0(pi/2),existing_coarse,heatmap,rabi_sideband,rabi,sideband,677,16,19,1,0,0.40000000000000002,0,0.22780213691321896,0.53540425744984965,0.11839680281846572,0.11839680281846572,0.23679360563693144,-0.30760212053663072,1.2944889472286385e-10,0.99998800588249515,0.30761411478358447,0.69238588521641553,-0.15965179411135419,NaN,NaN,NaN
varms_2,2 x MS0(pi/2),existing_coarse,heatmap,rabi_sideband,rabi,sideband,678,17,19,1.0133333333333334,0,0.40000000000000002,0,0.21787305414752783,0.54407994869053578,0.11902349858096821,0.11902349858096821,0.23804699716193642,-0.32620689454300794,1.2944889472286385e-10,0.99998800588249515,0.32621888878996175,0.67378111121003825,-0.17148116820238274,NaN,NaN,NaN
varms_2,2 x MS0(pi/2),existing_coarse,heatmap,rabi_sideband,rabi,sideband,679,18,19,1.0266666666666666,0,0.40000000000000002,0,0.2087964754925071,0.55197800608906777,0.11961275920921258,0.11961275920921258,0.23922551841842515,-0.34318153059656065,1.2944889472286385e-10,0.99998800588249515,0.3431935248435144,0.6568064751564856,-0.18256257435562329,NaN,NaN,NaN
varms_2,2 x MS0(pi/2),existing_coarse,heatmap,rabi_sideband,rabi,sideband,680,19,19,1.04,0,0.40000000000000002,0,0.20060727025738728,0.55906093794630529,0.1201658958981537,0.1201658958981537,0.2403317917963074,-0.35845366768891801,1.2944889472286385e-10,0.99998800588249515,0.3584656619358717,0.6415343380641283,-0.19278009309628716,NaN,NaN,NaN
varms_2,2 x MS0(pi/2),existing_coarse,heatmap,rabi_sideband,rabi,sideband,681,20,19,1.0533333333333332,0,0.40000000000000002,0,0.19333694310738375,0.56529460793258102,0.12068422448001767,0.12068422448001767,0.24136844896003534,-0.37195766482519727,1.2944889472286385e-10,0.99998800588249515,0.37196965907215107,0.62803034092784893,-0.20201937444872853,NaN,NaN,NaN
varms_2,2 x MS0(pi/2),existing_coarse,heatmap,rabi_sideband,rabi,sideband,682,21,19,1.0666666666666667,0,0.40000000000000002,0,0.18701330510888692,0.57064857628791121,0.12116905930160093,0.12116905930160093,0.24233811860320187,-0.3836352711790243,1.2944889472286385e-10,0.99998800588249515,0.38364726542597805,0.61635273457402195,-0.21017067284254554,NaN,NaN,NaN
varms_2,2 x MS0(pi/2),existing_coarse,heatmap,rabi_sideband,rabi,sideband,683,22,19,1.0800000000000001,0,0.40000000000000002,0,0.18166016099083912,0.57509642596503707,0.12162170652206189,0.12162170652206189,0.24324341304412378,-0.39343626497419792,1.2944889472286385e-10,0.99998800588249515,0.39344825922115167,0.60655174077884833,-0.21713214652650362,NaN,NaN,NaN
varms_2,2 x MS0(pi/2),existing_coarse,heatmap,rabi_sideband,rabi,sideband,684,23,19,1.0933333333333333,0,0.40000000000000002,0,0.17729701596325897,0.57861606748328853,0.1220434582767262,0.1220434582767262,0.24408691655345241,-0.40131905152002956,1.2944889472286385e-10,0.99998800588249515,0.40133104576698331,0.59866895423301669,-0.22281326290806833,NaN,NaN,NaN
varms_2,2 x MS0(pi/2),existing_coarse,heatmap,rabi_sideband,rabi,sideband,685,24,19,1.1066666666666667,0,0.40000000000000002,0,0.17393879559086933,0.58119003107594081,0.12243558666659489,0.12243558666659489,0.24487117333318978,-0.40725123548507147,1.2944889472286385e-10,0.99998800588249515,0.40726322973202522,0.59273677026797478,-0.22713813058256258,NaN,NaN,NaN
varms_2,2 x MS0(pi/2),existing_coarse,heatmap,rabi_sideband,rabi,sideband,686,25,19,1.1200000000000001,0,0.40000000000000002,0,0.17159559148420073,0.58280573174917638,0.1227993383833115,0.1227993383833115,0.245598676766623,-0.41121014026497565,1.2944889472286385e-10,0.99998800588249515,0.41122213451192946,0.58877786548807054,-0.23004852522810157,NaN,NaN,NaN
varms_2,2 x MS0(pi/2),existing_coarse,heatmap,rabi_sideband,rabi,sideband,687,26,19,1.1333333333333333,0,0.40000000000000002,0,0.17027244212899278,0.58345570883557829,0.12313592451771449,0.12313592451771449,0.24627184903542898,-0.41318326670658551,1.2944889472286385e-10,0.99998800588249515,0.41319526095353931,0.58680473904646069,-0.23150638744392782,NaN,NaN,NaN
varms_2,2 x MS0(pi/2),existing_coarse,heatmap,rabi_sideband,rabi,sideband,688,27,19,1.1466666666666667,0,0.40000000000000002,0,0.16996912529719255,0.58313784329377893,0.12344651570451426,0.12344651570451426,0.24689303140902852,-0.41316871799658639,1.2944889472286385e-10,0.99998800588249515,0.41318071224354014,0.58681928775645986,-0.23149562006983276,NaN,NaN,NaN
varms_2,2 x MS0(pi/2),existing_coarse,heatmap,rabi_sideband,rabi,sideband,689,28,19,1.1599999999999999,0,0.40000000000000002,0,0.17068000293236102,0.58185553381378308,0.12373223162692792,0.12373223162692792,0.24746446325385585,-0.41117553088142206,1.2944889472286385e-10,0.99998800588249515,0.41118752512837586,0.58881247487162414,-0.2300229973959029,NaN,NaN,NaN
varms_2,2 x MS0(pi/2),existing_coarse,heatmap,rabi_sideband,rabi,sideband,690,29,19,1.1733333333333333,0,0.40000000000000002,0,0.17239389373608718,0.57961783766745822,0.12399413429822728,0.12399413429822728,0.24798826859645456,-0.40722394393137107,1.2944889472286385e-10,0.99998800588249515,0.40723593817832482,0.59276406182167518,-0.22711813469414829,NaN,NaN,NaN
varms_2,2 x MS0(pi/2),existing_coarse,heatmap,rabi_sideband,rabi,sideband,691,30,19,1.1866666666666668,0,0.40000000000000002,0,0.17509398532407625,0.57643958076851398,0.12423321695370493,0.12423321695370493,0.24846643390740986,-0.40134559544443771,1.2944889472286385e-10,0.99998800588249515,0.40135758969139146,0.59864241030860854,-0.22283251918549424,NaN,NaN,NaN
varms_2,2 x MS0(pi/2),existing_coarse,heatmap,rabi_sideband,rabi,sideband,692,31,19,1.2,0,0.40000000000000002,0,0.17875778402084966,0.57234142299941704,0.12445039648986661,0.12445039648986661,0.24890079297973322,-0.39358363897856741,1.2944889472286385e-10,0.99998800588249515,0.39359563322552116,0.60640436677447884,-0.2172376799696184,NaN,NaN,NaN
varms_2,2 x MS0(pi/2),refined_transition,transition_refined,rabi_sideband,rabi,sideband,693,1,10,0.88,0,0.5,0,0.36099509631719406,0.40517017899486379,0.1169173623439711,0.1169173623439711,0.2338347246879422,-0.04417508267766973,1.2944889472286385e-10,0.99998800588249515,0.044187076924623425,0.95581292307537657,-0.019627101893919457,20,9.9999999999999994e-12,9.9999999999999994e-12
varms_2,2 x MS0(pi/2),refined_transition,transition_refined,rabi_sideband,rabi,sideband,694,2,10,0.90000000000000002,0,0.5,0,0.3409633031416015,0.42293326060270525,0.11805171812784665,0.11805171812784665,0.2361034362556933,-0.081969957461103748,1.2944889472286385e-10,0.99998800588249515,0.081981951708057554,0.91801804829194245,-0.03714878045829198,20,9.9999999999999994e-12,9.9999999999999994e-12
varms_2,2 x MS0(pi/2),refined_transition,transition_refined,rabi_sideband,rabi,sideband,695,3,10,0.92000000000000004,0,0.5,0,0.32197061119503328,0.43986440758701861,0.11908249060897401,0.11908249060897401,0.23816498121794802,-0.11789379639198533,1.2944889472286385e-10,0.99998800588249515,0.11790579063893902,0.88209420936106098,-0.054485028903673162,20,9.9999999999999994e-12,9.9999999999999994e-12
varms_2,2 x MS0(pi/2),refined_transition,transition_refined,rabi_sideband,rabi,sideband,696,4,10,0.93999999999999995,0,0.5,0,0.30414306556480564,0.45582545864079071,0.12001573789720184,0.12001573789720184,0.24003147579440368,-0.15168239307598508,1.2944889472286385e-10,0.99998800588249515,0.15169438732293883,0.84830561267706117,-0.071447659549541492,20,9.9999999999999994e-12,9.9999999999999994e-12
varms_2,2 x MS0(pi/2),refined_transition,transition_refined,rabi_sideband,rabi,sideband,697,5,10,0.95999999999999996,0,0.5,0,0.28760111459044757,0.47068384732283819,0.12085751904335706,0.12085751904335706,0.24171503808671413,-0.18308273273239062,1.2944889472286385e-10,0.99998800588249515,0.18309472697934437,0.81690527302065563,-0.087828300615140145,20,9.9999999999999994e-12,9.9999999999999994e-12
varms_2,2 x MS0(pi/2),refined_transition,transition_refined,rabi_sideband,rabi,sideband,698,6,10,0.97999999999999998,0,0.5,0,0.27245774115493754,0.48431458754335782,0.12161383565085233,0.12161383565085233,0.24322767130170467,-0.21185684638842028,1.2944889472286385e-10,0.99998800588249515,0.21186884063537392,0.78813115936462608,-0.10340150199229099,20,9.9999999999999994e-12,9.9999999999999994e-12
varms_2,2 x MS0(pi/2),refined_transition,transition_refined,rabi_sideband,rabi,sideband,699,7,10,1,0,0.5,0,0.2588165807335282,0.49660225669098085,0.12229058128774546,0.12229058128774546,0.24458116257549092,-0.23778567595745265,1.2944889472286385e-10,0.99998800588249515,0.23779767020440634,0.76220232979559366,-0.11792972806998661,20,9.9999999999999994e-12,9.9999999999999994e-12
varms_2,2 x MS0(pi/2),refined_transition,transition_refined,rabi_sideband,rabi,sideband,700,8,10,1.02,0,0.5,0,0.24677006055903691,0.50744294227236897,0.12289349858429705,0.12289349858429705,0.24578699716859409,-0.26067288171333203,1.2944889472286385e-10,0.99998800588249515,0.26068487596028578,0.73931512403971422,-0.13117040942562835,20,9.9999999999999994e-12,9.9999999999999994e-12
varms_2,2 x MS0(pi/2),refined_transition,transition_refined,rabi_sideband,rabi,sideband,701,9,10,1.04,0,0.5,0,0.23639759665891344,0.51674611577187257,0.12342814378460698,0.12342814378460698,0.24685628756921396,-0.2803485191129591,1.2944889472286385e-10,0.99998800588249515,0.28036051335991286,0.71963948664008714,-0.14288501492152272,20,9.9999999999999994e-12,9.9999999999999994e-12
varms_2,2 x MS0(pi/2),refined_transition,transition_refined,rabi_sideband,rabi,sideband,702,10,10,1.0600000000000001,0,0.5,0,0.2277638872828075,0.52443639587600532,0.12389985842059355,0.12389985842059355,0.2477997168411871,-0.29667250859319783,1.2944889472286385e-10,0.99998800588249515,0.29668450284015158,0.70331549715984842,-0.15284981304748207,20,9.9999999999999994e-12,9.9999999999999994e-12
varms_2,2 x MS0(pi/2),refined_transition,transition_refined,rabi_sideband,rabi,sideband,703,11,10,1.0800000000000001,0,0.5,0,0.22091734225508422,0.5304551623517636,0.12431374769657613,0.12431374769657613,0.24862749539315226,-0.30953782009667941,1.2944889472286385e-10,0.99998800588249515,0.30954981434363316,0.69045018565636684,-0.16086764927212044,20,9.9999999999999994e-12,9.9999999999999994e-12
varms_2,2 x MS0(pi/2),refined_transition,transition_refined,rabi_sideband,rabi,sideband,704,12,10,1.1000000000000001,0,0.5,0,0.21588868796914165,0.53476198181955226,0.12467466510565303,0.12467466510565303,0.24934933021130606,-0.31887329385041063,1.2944889472286385e-10,0.99998800588249515,0.31888528809736438,0.68111471190263562,-0.16677973896694515,20,9.9999999999999994e-12,9.9999999999999994e-12
varms_2,2 x MS0(pi/2),refined_transition,transition_refined,rabi_sideband,rabi,sideband,705,13,10,1.1200000000000001,0,0.5,0,0.21268978699109525,0.53733580750167698,0.12498720275361389,0.12498720275361389,0.24997440550722777,-0.32464602051058172,1.2944889472286385e-10,0.99998800588249515,0.32465801475753542,0.67534198524246458,-0.17047624984694368,20,9.9999999999999994e-12,9.9999999999999994e-12
varms_2,2 x MS0(pi/2),existing_coarse,heatmap,rabi_sideband,rabi,sideband,706,1,20,0.80000000000000004,0,0.53333333333333333,0,0.44856014269598543,0.3264440487841262,0.11249790425994424,0.11249790425994424,0.22499580851988848,0.12211609391185924,1.2944889472286385e-10,0.99998800588249515,0,1,0,NaN,NaN,NaN
varms_2,2 x MS0(pi/2),existing_coarse,heatmap,rabi_sideband,rabi,sideband,707,2,20,0.81333333333333335,0,0.53333333333333333,0,0.43369116433950827,0.33926510244413627,0.11352186660817772,0.11352186660817772,0.22704373321635543,0.094426061895372004,1.2944889472286385e-10,0.99998800588249515,0,1,0,NaN,NaN,NaN
varms_2,2 x MS0(pi/2),existing_coarse,heatmap,rabi_sideband,rabi,sideband,708,3,20,0.82666666666666666,0,0.53333333333333333,0,0.41904464088016624,0.3519775862106882,0.11448888645457278,0.11448888645457278,0.22897777290914556,0.067067054669478043,1.2944889472286385e-10,0.99998800588249515,0,1,0,NaN,NaN,NaN
varms_2,2 x MS0(pi/2),existing_coarse,heatmap,rabi_sideband,rabi,sideband,709,4,20,0.83999999999999997,0,0.53333333333333333,0,0.40465735309561307,0.36454119049734962,0.11540072820351868,0.11540072820351868,0.23080145640703736,0.04011616259826345,1.2944889472286385e-10,0.99998800588249515,0,1,0,NaN,NaN,NaN
varms_2,2 x MS0(pi/2),existing_coarse,heatmap,rabi_sideband,rabi,sideband,710,5,20,0.85333333333333339,0,0.53333333333333333,0,0.39056637516915338,0.37691520301070358,0.11625921091007155,0.11625921091007155,0.2325184218201431,0.013651172158449798,1.2944889472286385e-10,0.99998800588249515,0,1,0,NaN,NaN,NaN
varms_2,2 x MS0(pi/2),existing_coarse,heatmap,rabi_sideband,rabi,sideband,711,6,20,0.8666666666666667,0,0.53333333333333333,0,0.37680889299801479,0.38905872292359406,0.11706619203919558,0.11706619203919558,0.23413238407839115,-0.01224982992557927,1.2944889472286385e-10,0.99998800588249515,0.012261824172533076,0.98773817582746692,-0.0053581605365394655,NaN,NaN,NaN
varms_2,2 x MS0(pi/2),existing_coarse,heatmap,rabi_sideband,rabi,sideband,712,7,20,0.88,0,0.53333333333333333,0,0.36342195786403231,0.40093088181497827,0.11782358016049468,0.11782358016049468,0.23564716032098937,-0.03750892395094596,1.2944889472286385e-10,0.99998800588249515,0.037520918197899711,0.96247908180210029,-0.016608700527659059,NaN,NaN,NaN
varms_2,2 x MS0(pi/2),existing_coarse,heatmap,rabi_sideband,rabi,sideband,713,8,20,0.89333333333333331,0,0.53333333333333333,0,0.35044233531236119,0.41249107040279759,0.11853329714242061,0.11853329714242061,0.23706659428484123,-0.062048735090436402,1.2944889472286385e-10,0.99998800588249515,0.062060729337390264,0.93793927066260974,-0.027825280245605228,NaN,NaN,NaN
varms_2,2 x MS0(pi/2),existing_coarse,heatmap,rabi_sideband,rabi,sideband,714,9,20,0.90666666666666662,0,0.53333333333333333,0,0.33790627260394795,0.42369916738090269,0.11919728000757469,0.11919728000757469,0.23839456001514939,-0.085792894776954731,1.2944889472286385e-10,0.99998800588249515,0.085804889023908482,0.91419511097609152,-0.038961105603877805,NaN,NaN,NaN
varms_2,2 x MS0(pi/2),existing_coarse,heatmap,rabi_sideband,rabi,sideband,715,10,20,0.92000000000000004,0,0.53333333333333333,0,0.32584929969369097,0.43451578112921235,0.11981745958854832,0.11981745958854832,0.23963491917709664,-0.10866648143552138,1.2944889472286385e-10,0.99998800588249515,0.10867847568247502,0.89132152431752498,-0.049965605672952121,NaN,NaN,NaN
varms_2,2 x MS0(pi/2),existing_coarse,heatmap,rabi_sideband,rabi,sideband,716,11,20,0.93333333333333335,0,0.53333333333333333,0,0.31430598942398608,0.44490249819894667,0.12039575618853363,0.12039575618853363,0.24079151237706725,-0.1305965087749606,1.2944889472286385e-10,0.99998800588249515,0.13060850302191429,0.86939149697808571,-0.060784611710808054,NaN,NaN,NaN
varms_2,2 x MS0(pi/2),existing_coarse,heatmap,rabi_sideband,rabi,sideband,717,12,20,0.94666666666666666,0,0.53333333333333333,0,0.30330973374444326,0.45482212789811782,0.12093406917871949,0.12093406917871949,0.24186813835743898,-0.15151239415367457,1.2944889472286385e-10,0.99998800588249515,0.15152438840062832,0.84847561159937168,-0.071360636434151387,NaN,NaN,NaN
varms_2,2 x MS0(pi/2),existing_coarse,heatmap,rabi_sideband,rabi,sideband,718,13,20,0.95999999999999996,0,0.53333333333333333,0,0.29289251498929064,0.46423895288228595,0.1214342660642117,0.1214342660642117,0.24286853212842341,-0.17134643789299531,1.2944889472286385e-10,0.99998800588249515,0.17135843213994906,0.82864156786005094,-0.081633284603449541,NaN,NaN,NaN
varms_2,2 x MS0(pi/2),existing_coarse,heatmap,rabi_sideband,rabi,sideband,719,14,20,0.97333333333333338,0,0.53333333333333333,0,0.28308467687034955,0.47311897573385342,0.12189817369789854,0.12189817369789854,0.24379634739579709,-0.19003429886350387,1.2944889472286385e-10,0.99998800588249515,0.19004629311045762,0.80995370688954238,-0.091539802623769553,NaN,NaN,NaN
varms_2,2 x MS0(pi/2),existing_coarse,heatmap,rabi_sideband,rabi,sideband,720,15,20,0.98666666666666669,0,0.53333333333333333,0,0.27391469248563133,0.48143016393173466,0.12232757179131701,0.12232757179131701,0.24465514358263402,-0.20751547144610333,1.2944889472286385e-10,0.99998800588249515,0.20752746569305713,0.79247253430694287,-0.10101578072615927,NaN,NaN,NaN
varms_2,2 x MS0(pi/2),existing_coarse,heatmap,rabi_sideband,rabi,sideband,721,16,20,1,0,0.53333333333333333,0,0.26540894936031245,0.4891426957459305,0.12272417744687851,0.12272417744687851,0.24544835489375702,-0.22373374638561805,1.2944889472286385e-10,0.99998800588249515,0.2237457406325718,0.7762542593674282,-0.10999600380126304,NaN,NaN,NaN
varms_2,2 x MS0(pi/2),existing_coarse,heatmap,rabi_sideband,rabi,sideband,722,17,20,1.0133333333333334,0,0.53333333333333333,0,0.25759152051639983,0.49622919181318714,0.12308964383520653,0.12308964383520653,0.24617928767041306,-0.23863767129678731,1.2944889472286385e-10,0.99998800588249515,0.23864966554374101,0.76135033445625899,-0.11841545714484329,NaN,NaN,NaN
varms_2,2 x MS0(pi/2),existing_coarse,heatmap,rabi_sideband,rabi,sideband,723,18,20,1.0266666666666666,0,0.53333333333333333,0,0.25048396362256181,0.50266494459871969,0.12342554588935921,0.12342554588935921,0.24685109177871842,-0.25218098097615788,1.2944889472286385e-10,0.99998800588249515,0.25219297522311168,0.74780702477688832,-0.12621045947130213,NaN,NaN,NaN
varms_2,2 x MS0(pi/2),existing_coarse,heatmap,rabi_sideband,rabi,sideband,724,19,20,1.04,0,0.53333333333333333,0,0.24410511433143911,0.50842813379827623,0.1237333759351423,0.1237333759351423,0.24746675187028461,-0.26432301946683712,1.2944889472286385e-10,0.99998800588249515,0.26433501371379087,0.73566498628620913,-0.13331991355727382,NaN,NaN,NaN
varms_2,2 x MS0(pi/2),existing_coarse,heatmap,rabi_sideband,rabi,sideband,725,20,20,1.0533333333333332,0,0.53333333333333333,0,0.23847090218245903,0.51350003471374694,0.12401453155189701,0.12401453155189701,0.24802906310379402,-0.27502913253128791,1.2944889472286385e-10,0.99998800588249515,0.27504112677824166,0.72495887322175834,-0.13968663017310087,NaN,NaN,NaN
varms_2,2 x MS0(pi/2),existing_coarse,heatmap,rabi_sideband,rabi,sideband,726,21,20,1.0666666666666667,0,0.53333333333333333,0,0.23359417722966833,0.51786520390500212,0.12427030943266475,0.12427030943266475,0.24854061886532949,-0.28427102667533377,1.2944889472286385e-10,0.99998800588249515,0.28428302092228752,0.71571697907771248,-0.14525867982072138,NaN,NaN,NaN
varms_2,2 x MS0(pi/2),existing_coarse,heatmap,rabi_sideband,rabi,sideband,727,22,20,1.0800000000000001,0,0.53333333333333333,0,0.22948455172389892,0.52151165994635529,0.12450189416487289,0.12450189416487289,0.24900378832974579,-0.29202710822245637,1.2944889472286385e-10,0.99998800588249515,0.29203910246941012,0.70796089753058988,-0.14999072882953041,NaN,NaN,NaN
varms_2,2 x MS0(pi/2),existing_coarse,heatmap,rabi_sideband,rabi,sideband,728,23,20,1.0933333333333333,0,0.53333333333333333,0,0.22614826481314451,0.52443103180005313,0.12471035169340115,0.12471035169340115,0.24942070338680231,-0.29828276698690859,1.2944889472286385e-10,0.99998800588249515,0.29829476123386234,0.70170523876613766,-0.15384528111870821,NaN,NaN,NaN
varms_2,2 x MS0(pi/2),existing_coarse,heatmap,rabi_sideband,rabi,sideband,729,24,20,1.1066666666666667,0,0.53333333333333333,0,0.22358805635794485,0.52661869707193965,0.12489662328505774,0.12489662328505774,0.24979324657011548,-0.30303064071399477,1.2944889472286385e-10,0.99998800588249515,0.30304263496094852,0.69695736503905148,-0.15679378817832909,NaN,NaN,NaN
varms_2,2 x MS0(pi/2),existing_coarse,heatmap,rabi_sideband,rabi,sideband,730,25,20,1.1200000000000001,0,0.53333333333333333,0,0.22180308171190541,0.528073894225639,0.12506151203122781,0.12506151203122781,0.25012302406245562,-0.30627081251373356,1.2944889472286385e-10,0.99998800588249515,0.30628280676068731,0.69371719323931269,-0.15881754171723622,NaN,NaN,NaN
varms_2,2 x MS0(pi/2),existing_coarse,heatmap,rabi_sideband,rabi,sideband,731,26,20,1.1333333333333333,0,0.53333333333333333,0,0.22078883100580887,0.52879980258291281,0.12520568320563916,0.12520568320563916,0.25041136641127831,-0.30801097157710394,1.2944889472286385e-10,0.99998800588249515,0.30802296582405775,0.69197703417594225,-0.15990831897701352,NaN,NaN,NaN
varms_2,2 x MS0(pi/2),existing_coarse,heatmap,rabi_sideband,rabi,sideband,732,27,20,1.1466666666666667,0,0.53333333333333333,0,0.2205370799366092,0.52880360681130845,0.1253296566260412,0.1253296566260412,0.25065931325208241,-0.30826652687469924,1.2944889472286385e-10,0.99998800588249515,0.30827852112165299,0.69172147887834701,-0.16006873868662741,NaN,NaN,NaN
varms_2,2 x MS0(pi/2),existing_coarse,heatmap,rabi_sideband,rabi,sideband,733,28,20,1.1599999999999999,0,0.53333333333333333,0,0.22103586848366627,0.52809652040636479,0.12543380555498443,0.12543380555498443,0.25086761110996886,-0.30706065192269849,1.2944889472286385e-10,0.99998800588249515,0.30707264616965224,0.69292735383034776,-0.15931229422569412,NaN,NaN,NaN
varms_2,2 x MS0(pi/2),existing_coarse,heatmap,rabi_sideband,rabi,sideband,734,29,20,1.1733333333333333,0,0.53333333333333333,0,0.22226949621108519,0.52669379189199117,0.12551835594846183,0.12551835594846183,0.25103671189692367,-0.30442429568090601,1.2944889472286385e-10,0.99998800588249515,0.30443628992785976,0.69556371007214024,-0.1576630847005944,NaN,NaN,NaN
varms_2,2 x MS0(pi/2),existing_coarse,heatmap,rabi_sideband,rabi,sideband,735,30,20,1.1866666666666668,0,0.53333333333333333,0,0.22421854606470767,0.5246146543959026,0.12558339976969482,0.12558339976969482,0.25116679953938964,-0.3003961083311949,1.2944889472286385e-10,0.99998800588249515,0.30040810257814865,0.69959189742185135,-0.15515522910381965,NaN,NaN,NaN
varms_2,2 x MS0(pi/2),existing_coarse,heatmap,rabi_sideband,rabi,sideband,736,31,20,1.2,0,0.53333333333333333,0,0.22685994146080674,0.52188226410896243,0.12562889721511539,0.12562889721511539,0.25125779443023077,-0.2950223226481557,1.2944889472286385e-10,0.99998800588249515,0.29503431689510939,0.70496568310489061,-0.15183202343544089,NaN,NaN,NaN
varms_2,2 x MS0(pi/2),existing_coarse,heatmap,rabi_sideband,rabi,sideband,737,1,21,0.80000000000000004,0,0.66666666666666663,0,0.44818947396902642,0.32380587118781878,0.11400232742157738,0.11400232742157738,0.22800465484315477,0.12438360278120764,1.2944889472286385e-10,0.99998800588249515,0,1,0,NaN,NaN,NaN
varms_2,2 x MS0(pi/2),existing_coarse,heatmap,rabi_sideband,rabi,sideband,738,2,21,0.81333333333333335,0,0.66666666666666663,0,0.43413810611885822,0.33606780462102565,0.11489704463005807,0.11489704463005807,0.22979408926011613,0.098070301497832579,1.2944889472286385e-10,0.99998800588249515,0,1,0,NaN,NaN,NaN
varms_2,2 x MS0(pi/2),existing_coarse,heatmap,rabi_sideband,rabi,sideband,739,3,21,0.82666666666666666,0,0.66666666666666663,0,0.42033393562505011,0.34819397293057147,0.11573604572218925,0.11573604572218925,0.2314720914443785,0.072139962694478643,1.2944889472286385e-10,0.99998800588249515,0,1,0,NaN,NaN,NaN
varms_2,2 x MS0(pi/2),existing_coarse,heatmap,rabi_sideband,rabi,sideband,740,4,21,0.83999999999999997,0,0.66666666666666663,0,0.40681068138899434,0.36014628921038666,0.11652151470030948,0.11652151470030948,0.23304302940061897,0.046664392178607683,1.2944889472286385e-10,0.99998800588249515,0,1,0,NaN,NaN,NaN
varms_2,2 x MS0(pi/2),existing_coarse,heatmap,rabi_sideband,rabi,sideband,741,5,21,0.85333333333333339,0,0.66666666666666663,0,0.39360207701843297,0.37188659090564419,0.11725566603796145,0.11725566603796145,0.2345113320759229,0.021715486112788784,1.2944889472286385e-10,0.99998800588249515,0,1,0,NaN,NaN,NaN
varms_2,2 x MS0(pi/2),existing_coarse,heatmap,rabi_sideband,rabi,sideband,742,6,21,0.8666666666666667,0,0.66666666666666663,0,0.38074170054083545,0.38337685494002699,0.11794072225956879,0.11794072225956879,0.23588144451913759,-0.0026351543991915416,1.2944889472286385e-10,0.99998800588249515,0.0026471486461453475,0.99735285135385465,-0.0011511663771714468,NaN,NaN,NaN
varms_2,2 x MS0(pi/2),refined_transition,transition_refined,rabi_sideband,rabi,sideband,743,1,11,0.88,0,0.66666666666666663,0,0.36826170451511286,0.39457827123517158,0.1185800121248578,0.1185800121248578,0.23716002424971561,-0.026316566720058721,1.2944889472286385e-10,0.99998800588249515,0.026328560967012526,0.97367143903298747,-0.011587569084066093,20,9.9999999999999994e-12,9.9999999999999994e-12
varms_2,2 x MS0(pi/2),existing_coarse,heatmap,rabi_sideband,rabi,sideband,744,8,21,0.89333333333333331,0,0.66666666666666663,0,0.35619812152349667,0.40545703460386895,0.11917242193631716,0.11917242193631716,0.23834484387263433,-0.04925891308037228,1.2944889472286385e-10,0.99998800588249515,0.049270907327326086,0.95072909267267391,-0.021943216309991326,NaN,NaN,NaN
varms_2,2 x MS0(pi/2),refined_transition,transition_refined,rabi_sideband,rabi,sideband,745,2,11,0.90000000000000002,0,0.66666666666666663,0,0.35032922987768672,0.41076059075833199,0.11945508968199067,0.11945508968199067,0.23891017936398135,-0.060431360880645268,1.2944889472286385e-10,0.99998800588249515,0.060443355127598908,0.93955664487240109,-0.027077031621011393,20,9.9999999999999994e-12,9.9999999999999994e-12
varms_2,2 x MS0(pi/2),existing_coarse,heatmap,rabi_sideband,rabi,sideband,746,9,21,0.90666666666666662,0,0.66666666666666663,0,0.3445796819926274,0.41597342808995957,0.11972344495870649,0.11972344495870649,0.23944688991741298,-0.071393746097332178,1.2944889472286385e-10,0.99998800588249515,0.071405740344285817,0.92859425965571418,-0.032174005364603624,NaN,NaN,NaN
varms_2,2 x MS0(pi/2),refined_transition,transition_refined,rabi_sideband,rabi,sideband,747,3,11,0.92000000000000004,0,0.66666666666666663,0,0.33343536319849804,0.4260897501168302,0.12023744334233592,0.12023744334233592,0.24047488668467185,-0.092654386918332166,1.2944889472286385e-10,0.99998800588249515,0.092666381165285916,0.90733361883471408,-0.042232997197326642,20,9.9999999999999994e-12,9.9999999999999994e-12
varms_2,2 x MS0(pi/2),existing_coarse,heatmap,rabi_sideband,rabi,sideband,748,11,21,0.93333333333333335,0,0.66666666666666663,0,0.32280484560679829,0.43578215201525111,0.1207065011889753,0.1207065011889753,0.2414130023779506,-0.11297730640845283,1.2944889472286385e-10,0.99998800588249515,0.11298930065540658,0.88701069934459342,-0.0520711415681697,NaN,NaN,NaN
varms_2,2 x MS0(pi/2),refined_transition,transition_refined,rabi_sideband,rabi,sideband,749,4,11,0.93999999999999995,0,0.66666666666666663,0,0.31768200960671739,0.44044926948199054,0.120934360455646,0.120934360455646,0.241868720911292,-0.12276725987527315,1.2944889472286385e-10,0.99998800588249515,0.12277925412222679,0.87722074587777321,-0.056891106003065565,20,9.9999999999999994e-12,9.9999999999999994e-12
varms_2,2 x MS0(pi/2),existing_coarse,heatmap,rabi_sideband,rabi,sideband,750,12,21,0.94666666666666666,0,0.66666666666666663,0,0.31270710308252658,0.44500760500965114,0.12114264595391111,0.12114264595391111,0.24228529190782222,-0.13230050192712456,1.2944889472286385e-10,0.99998800588249515,0.13231249617407825,0.86768750382592175,-0.061636657081472528,NaN,NaN,NaN
varms_2,2 x MS0(pi/2),refined_transition,transition_refined,rabi_sideband,rabi,sideband,751,5,11,0.95999999999999996,0,0.66666666666666663,0,0.3031643036899172,0.45372990040002886,0.121552897955027,0.121552897955027,0.24310579591005399,-0.15056559671011166,1.2944889472286385e-10,0.99998800588249515,0.15057759095706547,0.84942240904293453,-0.070876285851442455,20,9.9999999999999994e-12,9.9999999999999994e-12
varms_2,2 x MS0(pi/2),existing_coarse,heatmap,rabi_sideband,rabi,sideband,752,14,21,0.97333333333333338,0,0.66666666666666663,0,0.29422645050685908,0.46194564019717155,0.1219139546479847,0.1219139546479847,0.2438279092959694,-0.16771918969031246,1.2944889472286385e-10,0.99998800588249515,0.16773118393726627,0.83226881606273373,-0.07973637746316399,NaN,NaN,NaN
varms_2,2 x MS0(pi/2),refined_transition,transition_refined,rabi_sideband,rabi,sideband,753,6,11,0.97999999999999998,0,0.66666666666666663,0,0.28996904931132128,0.46583128297405119,0.12209983385731371,0.12209983385731371,0.24419966771462742,-0.17586223366272991,1.2944889472286385e-10,0.99998800588249515,0.17587422790968366,0.82412577209031634,-0.084006504375003413,20,9.9999999999999994e-12,9.9999999999999994e-12
varms_2,2 x MS0(pi/2),existing_coarse,heatmap,rabi_sideband,rabi,sideband,754,15,21,0.98666666666666669,0,0.66666666666666663,0,0.28589242296285855,0.46960196927530012,0.12225280388092061,0.12225280388092061,0.24450560776184121,-0.18370954631244157,1.2944889472286385e-10,0.99998800588249515,0.18372154055939527,0.81627845944060473,-0.088161663833195333,NaN,NaN,NaN
varms_2,2 x MS0(pi/2),refined_transition,transition_refined,rabi_sideband,rabi,sideband,755,7,11,1,0,0.66666666666666663,0,0.2781731929164914,0.476663548918699,0.12258162908240475,0.12258162908240475,0.24516325816480949,-0.1984903560022076,1.2944889472286385e-10,0.99998800588249515,0.1985023502491613,0.8014976497508387,-0.096097746799216732,20,9.9999999999999994e-12,9.9999999999999994e-12
varms_2,2 x MS0(pi/2),existing_coarse,heatmap,rabi_sideband,rabi,sideband,756,17,21,1.0133333333333334,0,0.66666666666666663,0,0.27114354180321953,0.48316552284281239,0.12284546767698402,0.12284546767698402,0.24569093535396805,-0.21202198103959286,1.2944889472286385e-10,0.99998800588249515,0.21203397528654655,0.78796602471345345,-0.10349250788807231,NaN,NaN,NaN
varms_2,2 x MS0(pi/2),refined_transition,transition_refined,rabi_sideband,rabi,sideband,757,8,11,1.02,0,0.66666666666666663,0,0.26784236168337877,0.48614884055173418,0.12300439888244352,0.12300439888244352,0.24600879776488704,-0.21830647886835541,1.2944889472286385e-10,0.99998800588249515,0.21831847311530916,0.78168152688469084,-0.10697015140074416,20,9.9999999999999994e-12,9.9999999999999994e-12
varms_2,2 x MS0(pi/2),existing_coarse,heatmap,rabi_sideband,rabi,sideband,758,18,21,1.0266666666666666,0,0.66666666666666663,0,0.26476429213002534,0.48903083738785119,0.12310243524106174,0.12310243524106174,0.24620487048212347,-0.22426654525782586,1.2944889472286385e-10,0.99998800588249515,0.22427853950477972,0.77572146049522028,-0.11029419354262711,NaN,NaN,NaN
varms_2,2 x MS0(pi/2),refined_transition,transition_refined,rabi_sideband,rabi,sideband,759,9,11,1.04,0,0.66666666666666663,0,0.25902949873293274,0.49422271510718796,0.12337389307993966,0.12337389307993966,0.24674778615987933,-0.23519321637425522,1.2944889472286385e-10,0.99998800588249515,0.23520521062120903,0.76479478937879097,-0.1164550796123789,20,9.9999999999999994e-12,9.9999999999999994e-12
varms_2,2 x MS0(pi/2),existing_coarse,heatmap,rabi_sideband,rabi,sideband,760,20,21,1.0533333333333332,0,0.66666666666666663,0,0.25406555107696904,0.49884482819379994,0.12354481036461551,0.12354481036461551,0.24708962072923102,-0.2447792771168309,1.2944889472286385e-10,0.99998800588249515,0.24479127136378465,0.75520872863621535,-0.12193299914346742,NaN,NaN,NaN
varms_2,2 x MS0(pi/2),refined_transition,transition_refined,rabi_sideband,rabi,sideband,761,10,11,1.0600000000000001,0,0.66666666666666663,0,0.25177362781094276,0.50083540368556534,0.12369548425174588,0.12369548425174588,0.24739096850349176,-0.24906177587462258,1.2944889472286385e-10,0.99998800588249515,0.24907377012157628,0.75092622987842372,-0.12440272548632991,20,9.9999999999999994e-12,9.9999999999999994e-12
varms_2,2 x MS0(pi/2),existing_coarse,heatmap,rabi_sideband,rabi,sideband,762,21,21,1.0666666666666667,0,0.66666666666666663,0,0.24976531420509276,0.50276908869259362,0.12373279855115683,0.12373279855115683,0.24746559710231367,-0.25300377448750089,1.2944889472286385e-10,0.99998800588249515,0.25301576873445464,0.74698423126554536,-0.12668856598465852,NaN,NaN,NaN
varms_2,2 x MS0(pi/2),refined_transition,transition_refined,rabi_sideband,rabi,sideband,763,11,11,1.0800000000000001,0,0.66666666666666663,0,0.24609877930980317,0.50595289476637173,0.12397416296191258,0.12397416296191258,0.24794832592382515,-0.25985411545656856,1.2944889472286385e-10,0.99998800588249515,0.25986610970352231,0.74013389029647769,-0.13068970924584752,20,9.9999999999999994e-12,9.9999999999999994e-12
varms_2,2 x MS0(pi/2),existing_coarse,heatmap,rabi_sideband,rabi,sideband,764,23,21,1.0933333333333333,0,0.66666666666666663,0,0.24328841474842916,0.50861530066194427,0.12404814229481326,0.12404814229481326,0.24809628458962651,-0.26532688591351511,1.2944889472286385e-10,0.99998800588249515,0.26533888016046892,0.73466111983953108,-0.13391294353108252,NaN,NaN,NaN
varms_2,2 x MS0(pi/2),refined_transition,transition_refined,rabi_sideband,rabi,sideband,765,12,11,1.1000000000000001,0,0.66666666666666663,0,0.24201310818015226,0.5095578135493084,0.12421453913526968,0.12421453913526968,0.24842907827053937,-0.26754470536915614,1.2944889472286385e-10,0.99998800588249515,0.26755669961610995,0.73244330038389005,-0.13522598910830008,20,9.9999999999999994e-12,9.9999999999999994e-12
varms_2,2 x MS0(pi/2),existing_coarse,heatmap,rabi_sideband,rabi,sideband,766,24,21,1.1066666666666667,0,0.66666666666666663,0,0.24111228682113284,0.51053259260936623,0.12417756028475047,0.12417756028475047,0.24835512056950093,-0.26942030578823339,1.2944889472286385e-10,0.99998800588249515,0.26943230003518714,0.73056769996481286,-0.13633953283193284,NaN,NaN,NaN
varms_2,2 x MS0(pi/2),refined_transition,transition_refined,rabi_sideband,rabi,sideband,767,13,11,1.1200000000000001,0,0.66666666666666663,0,0.23950823214903916,0.51165007049915512,0.12442084867590288,0.12442084867590288,0.24884169735180575,-0.27214183835011596,1.2944889472286385e-10,0.99998800588249515,0.27215383259706971,0.72784616740293029,-0.13796040050517266,20,9.9999999999999994e-12,9.9999999999999994e-12
varms_2,2 x MS0(pi/2),existing_coarse,heatmap,rabi_sideband,rabi,sideband,768,26,21,1.1333333333333333,0,0.66666666666666663,0,0.23886106413891584,0.51236979379910041,0.12438457103099188,0.12438457103099188,0.24876914206198375,-0.27350872966018458,1.2944889472286385e-10,0.99998800588249515,0.27352072390713833,0.72647927609286167,-0.13877677008844505,NaN,NaN,NaN
varms_2,2 x MS0(pi/2),existing_coarse,heatmap,rabi_sideband,rabi,sideband,769,27,21,1.1466666666666667,0,0.66666666666666663,0,0.23876632620549548,0.51230583199322943,0.12446392090063757,0.12446392090063757,0.24892784180127514,-0.27353950578773395,1.2944889472286385e-10,0.99998800588249515,0.27355150003468764,0.72644849996531236,-0.13879516866625638,NaN,NaN,NaN
varms_2,2 x MS0(pi/2),existing_coarse,heatmap,rabi_sideband,rabi,sideband,770,28,21,1.1599999999999999,0,0.66666666666666663,0,0.2393400008386844,0.51160333224178833,0.12452833345976363,0.12452833345976363,0.24905666691952727,-0.27226333140310394,1.2944889472286385e-10,0.99998800588249515,0.27227532565005774,0.72772467434994226,-0.13803289957029719,NaN,NaN,NaN
varms_2,2 x MS0(pi/2),existing_coarse,heatmap,rabi_sideband,rabi,sideband,771,29,21,1.1733333333333333,0,0.66666666666666663,0,0.24056366804923551,0.510278884224727,0.12457872386301874,0.12457872386301874,0.24915744772603748,-0.26971521617549149,1.2944889472286385e-10,0.99998800588249515,0.26972721042244518,0.73027278957755482,-0.13651488114203089,NaN,NaN,NaN
varms_2,2 x MS0(pi/2),existing_coarse,heatmap,rabi_sideband,rabi,sideband,772,30,21,1.1866666666666668,0,0.66666666666666663,0,0.24241548792313408,0.50835233837452021,0.12461608685117287,0.12461608685117287,0.24923217370234574,-0.26593685045138615,1.2944889472286385e-10,0.99998800588249515,0.2659488446983399,0.7340511553016601,-0.13427367347481325,NaN,NaN,NaN
varms_2,2 x MS0(pi/2),existing_coarse,heatmap,rabi_sideband,rabi,sideband,773,31,21,1.2,0,0.66666666666666663,0,0.24487025636780352,0.50584665157111941,0.12464154603053855,0.12464154603053855,0.2492830920610771,-0.26097639520331589,1.2944889472286385e-10,0.99998800588249515,0.26098838945026959,0.73901161054973041,-0.13134873838721861,NaN,NaN,NaN
varms_2,2 x MS0(pi/2),existing_coarse,heatmap,rabi_sideband,rabi,sideband,774,1,22,0.80000000000000004,0,0.80000000000000004,0,0.45222735074796711,0.32370666850558977,0.11203299037322156,0.11203299037322156,0.22406598074644313,0.12852068224237734,1.2944889472286385e-10,0.99998800588249515,0,1,0,NaN,NaN,NaN
varms_2,2 x MS0(pi/2),existing_coarse,heatmap,rabi_sideband,rabi,sideband,775,2,22,0.81333333333333335,0,0.80000000000000004,0,0.43777145284530017,0.33626134460944596,0.11298360127262691,0.11298360127262691,0.22596720254525382,0.10151010823585421,1.2944889472286385e-10,0.99998800588249515,0,1,0,NaN,NaN,NaN
varms_2,2 x MS0(pi/2),existing_coarse,heatmap,rabi_sideband,rabi,sideband,776,3,22,0.82666666666666666,0,0.80000000000000004,0,0.42354260691069279,0.34870043251721894,0.1138784802860441,0.1138784802860441,0.22775696057208819,0.074842174393473848,1.2944889472286385e-10,0.99998800588249515,0,1,0,NaN,NaN,NaN
varms_2,2 x MS0(pi/2),existing_coarse,heatmap,rabi_sideband,rabi,sideband,777,4,22,0.83999999999999997,0,0.80000000000000004,0,0.40957587463818235,0.36098491162731183,0.11471960686725287,0.11471960686725287,0.22943921373450574,0.048590963010870514,1.2944889472286385e-10,0.99998800588249515,0,1,0,NaN,NaN,NaN
varms_2,2 x MS0(pi/2),existing_coarse,heatmap,rabi_sideband,rabi,sideband,778,5,22,0.85333333333333339,0,0.80000000000000004,0,0.39590654317758095,0.37307546634772837,0.11550899523734538,0.11550899523734538,0.23101799047469077,0.022831076829852581,1.2944889472286385e-10,0.99998800588249515,0,1,0,NaN,NaN,NaN
varms_2,2 x MS0(pi/2),existing_coarse,heatmap,rabi_sideband,rabi,sideband,779,6,22,0.8666666666666667,0,0.80000000000000004,0,0.38256987173114398,0.3849327258010013,0.11624870123392739,0.11624870123392739,0.23249740246785477,-0.0023628540698573119,1.2944889472286385e-10,0.99998800588249515,0.0023748483168110068,0.99762515168318899,-0.0010326101514840358,NaN,NaN,NaN
varms_2,2 x MS0(pi/2),existing_coarse,heatmap,rabi_sideband,rabi,sideband,780,7,22,0.88,0,0.80000000000000004,0,0.36960094542045629,0.39651746453403802,0.11694079502275288,0.11694079502275288,0.23388159004550577,-0.026916519113581727,1.2944889472286385e-10,0.99998800588249515,0.026928513360535478,0.97307148663946452,-0.011855253141087199,NaN,NaN,NaN
varms_2,2 x MS0(pi/2),existing_coarse,heatmap,rabi_sideband,rabi,sideband,781,8,22,0.89333333333333331,0,0.80000000000000004,0,0.35703449046970126,0.40779079420561021,0.11758735766234425,0.11758735766234425,0.2351747153246885,-0.050756303735908948,1.2944889472286385e-10,0.99998800588249515,0.050768297982862642,0.94923170201713736,-0.022627765839025999,NaN,NaN,NaN
varms_2,2 x MS0(pi/2),existing_coarse,heatmap,rabi_sideband,rabi,sideband,782,9,22,0.90666666666666662,0,0.80000000000000004,0,0.34490465811054688,0.41871441163957751,0.11819046512493785,0.11819046512493785,0.23638093024987569,-0.073809753529030631,1.2944889472286385e-10,0.99998800588249515,0.073821747775984381,0.92617825222401562,-0.033305420977616781,NaN,NaN,NaN
varms_2,2 x MS0(pi/2),existing_coarse,heatmap,rabi_sideband,rabi,sideband,783,10,22,0.92000000000000004,0,0.80000000000000004,0,0.33324481653094645,0.42925082460483666,0.11875217943210847,0.11875217943210847,0.23750435886421695,-0.096006008073890203,1.2944889472286385e-10,0.99998800588249515,0.096018002320843898,0.9039819976791561,-0.043840218182216527,NaN,NaN,NaN
varms_2,2 x MS0(pi/2),existing_coarse,heatmap,rabi_sideband,rabi,sideband,784,11,22,0.93333333333333335,0,0.80000000000000004,0,0.3220873365886171,0.4393635801149719,0.11927454164820554,0.11927454164820554,0.23854908329641109,-0.1172762435263548,1.2944889472286385e-10,0.99998800588249515,0.11728823777330855,0.88271176222669145,-0.054181086354643283,NaN,NaN,NaN
varms_2,2 x MS0(pi/2),existing_coarse,heatmap,rabi_sideband,rabi,sideband,785,12,22,0.94666666666666666,0,0.80000000000000004,0,0.31146337538198315,0.4490174961638872,0.11975956422706484,0.11975956422706484,0.23951912845412968,-0.13755412078190404,1.2944889472286385e-10,0.99998800588249515,0.13756611502885785,0.86243388497114215,-0.064274188420223505,NaN,NaN,NaN
varms_2,2 x MS0(pi/2),existing_coarse,heatmap,rabi_sideband,rabi,sideband,786,13,22,0.95999999999999996,0,0.80000000000000004,0,0.30140265608115985,0.45817889458428324,0.12020922466727849,0.12020922466727849,0.24041844933455697,-0.15677623850312339,1.2944889472286385e-10,0.99998800588249515,0.15678823275007714,0.84321176724992286,-0.074063341391431795,NaN,NaN,NaN
varms_2,2 x MS0(pi/2),existing_coarse,heatmap,rabi_sideband,rabi,sideband,787,14,22,0.97333333333333338,0,0.80000000000000004,0,0.29193325003475445,0.46681583037417484,0.12062545979553534,0.12062545979553534,0.24125091959107067,-0.17488258033942039,1.2944889472286385e-10,0.99998800588249515,0.17489457458637414,0.82510542541362586,-0.083490557207407473,NaN,NaN,NaN
varms_2,2 x MS0(pi/2),existing_coarse,heatmap,rabi_sideband,rabi,sideband,788,15,22,0.98666666666666669,0,0.80000000000000004,0,0.28308135791693773,0.47489831533570825,0.12101016337367701,0.12101016337367701,0.24202032674735402,-0.19181695741877053,1.2944889472286385e-10,0.99998800588249515,0.19182895166572422,0.80817104833427578,-0.092496711643777429,NaN,NaN,NaN
varms_2,2 x MS0(pi/2),existing_coarse,heatmap,rabi_sideband,rabi,sideband,789,16,22,1,0,0.80000000000000004,0,0.27487109543170873,0.48239853892111229,0.12136518282358948,0.12136518282358948,0.24273036564717895,-0.20752744348940355,1.2944889472286385e-10,0.99998800588249515,0.2075394377363573,0.7924605622636427,-0.1010223417505378,NaN,NaN,NaN
varms_2,2 x MS0(pi/2),existing_coarse,heatmap,rabi_sideband,rabi,sideband,790,17,22,1.0133333333333334,0,0.80000000000000004,0,0.26732428586354756,0.48929107848425707,0.12169231782609766,0.12169231782609766,0.24338463565219531,-0.22196679262070951,1.2944889472286385e-10,0.99998800588249515,0.22197878686766326,0.77802121313233674,-0.10900856159550187,NaN,NaN,NaN
varms_2,2 x MS0(pi/2),existing_coarse,heatmap,rabi_sideband,rabi,sideband,791,18,22,1.0266666666666666,0,0.80000000000000004,0,0.26046025731851319,0.49555309906790984,0.12199332180678853,0.12199332180678853,0.24398664361357705,-0.23509284174939665,1.2944889472286385e-10,0.99998800588249515,0.23510483599635046,0.76489516400364954,-0.11639808486561293,NaN,NaN,NaN
varms_2,2 x MS0(pi/2),existing_coarse,heatmap,rabi_sideband,rabi,sideband,792,19,22,1.04,0,0.80000000000000004,0,0.25429564969396312,0.5011645451526604,0.12226990257668822,0.12226990257668822,0.24453980515337645,-0.24686889545869728,1.2944889472286385e-10,0.99998800588249515,0.24688088970565103,0.75311911029434897,-0.12313633209579748,NaN,NaN,NaN
varms_2,2 x MS0(pi/2),existing_coarse,heatmap,rabi_sideband,rabi,sideband,793,20,22,1.0533333333333332,0,0.80000000000000004,0,0.24884423339005152,0.50610831140564305,0.1225237276021527,0.1225237276021527,0.2450474552043054,-0.25726407801559154,1.2944889472286385e-10,0.99998800588249515,0.25727607226254523,0.74272392773745477,-0.12917258454414535,NaN,NaN,NaN
varms_2,2 x MS0(pi/2),existing_coarse,heatmap,rabi_sideband,rabi,sideband,794,21,22,1.0666666666666667,0,0.80000000000000004,0,0.24411674000613284,0.5103704033721177,0.12275642831087479,0.12275642831087479,0.24551285662174957,-0.26625366336598488,1.2944889472286385e-10,0.99998800588249515,0.26626565761293863,0.73373434238706137,-0.13446115332518552,NaN,NaN,NaN
varms_2,2 x MS0(pi/2),existing_coarse,heatmap,rabi_sideband,rabi,sideband,795,22,22,1.0800000000000001,0,0.80000000000000004,0,0.2401207090998759,0.51394007576854428,0.12296960756578988,0.12296960756578988,0.24593921513157976,-0.27381936666866835,1.2944889472286385e-10,0.99998800588249515,0.2738313609156221,0.7261686390843779,-0.13896251081654068,NaN,NaN,NaN
varms_2,2 x MS0(pi/2),existing_coarse,heatmap,rabi_sideband,rabi,sideband,796,23,22,1.0933333333333333,0,0.80000000000000004,0,0.23686034832072747,0.51680995503719473,0.1231648483210389,0.1231648483210389,0.24632969664207779,-0.27994960671646729,1.2944889472286385e-10,0.99998800588249515,0.27996160096342104,0.72003839903657896,-0.14264434239509652,NaN,NaN,NaN
varms_2,2 x MS0(pi/2),existing_coarse,heatmap,rabi_sideband,rabi,sideband,797,24,22,1.1066666666666667,0,0.80000000000000004,0,0.23433641395239169,0.51897613321613389,0.12334372641573722,0.12334372641573722,0.24668745283147445,-0.28463971926374221,1.2944889472286385e-10,0.99998800588249515,0.28465171351069596,0.71534828648930404,-0.14548245879720809,NaN,NaN,NaN
varms_2,2 x MS0(pi/2),existing_coarse,heatmap,rabi_sideband,rabi,sideband,798,25,22,1.1200000000000001,0,0.80000000000000004,0,0.2325461120720482,0.52043824373225223,0.12350782209784981,0.12350782209784981,0.24701564419569963,-0.287892131660204,1.2944889472286385e-10,0.99998800588249515,0.28790412590715775,0.71209587409284225,-0.14746153053957128,NaN,NaN,NaN
varms_2,2 x MS0(pi/2),existing_coarse,heatmap,rabi_sideband,rabi,sideband,799,26,22,1.1333333333333333,0,0.80000000000000004,0,0.23148302050213157,0.52119950924997427,0.12365873512394709,0.12365873512394709,0.24731747024789419,-0.28971648874784273,1.2944889472286385e-10,0.99998800588249515,0.28972848299479648,0.71027151700520352,-0.14857560086432839,NaN,NaN,NaN
varms_2,2 x MS0(pi/2),existing_coarse,heatmap,rabi_sideband,rabi,sideband,800,27,22,1.1466666666666667,0,0.80000000000000004,0,0.23113703081335898,0.52126676769676461,0.12379810074493827,0.12379810074493827,0.24759620148987654,-0.2901297368834056,1.2944889472286385e-10,0.99998800588249515,0.29014173113035935,0.70985826886964065,-0.14882835436866659,NaN,NaN,NaN
varms_2,2 x MS0(pi/2),existing_coarse,heatmap,rabi_sideband,rabi,sideband,801,28,22,1.1599999999999999,0,0.80000000000000004,0,0.23149432095475861,0.52065046358502687,0.12392760773010728,0.12392760773010728,0.24785521546021455,-0.28915614263026823,1.2944889472286385e-10,0.99998800588249515,0.28916813687722198,0.71083186312277802,-0.14823311312862472,NaN,NaN,NaN
varms_2,2 x MS0(pi/2),existing_coarse,heatmap,rabi_sideband,rabi,sideband,802,29,22,1.1733333333333333,0,0.80000000000000004,0,0.23253734937113704,0.51936461817372359,0.12404901622756971,0.12404901622756971,0.24809803245513942,-0.28682726880258658,1.2944889472286385e-10,0.99998800588249515,0.28683926304954033,0.71316073695045967,-0.14681257491219149,NaN,NaN,NaN
varms_2,2 x MS0(pi/2),existing_coarse,heatmap,rabi_sideband,rabi,sideband,803,30,22,1.1866666666666668,0,0.80000000000000004,0,0.23424487267605029,0.51742676517924535,0.12416418107235215,0.12416418107235215,0.2483283621447043,-0.28318189250319503,1.2944889472286385e-10,0.99998800588249515,0.28319388675014878,0.71680611324985122,-0.1445982994684821,NaN,NaN,NaN
varms_2,2 x MS0(pi/2),existing_coarse,heatmap,rabi_sideband,rabi,sideband,804,31,22,1.2,0,0.80000000000000004,0,0.23659201325413887,0.51485786526710442,0.12427506073937836,0.12427506073937836,0.24855012147875671,-0.27826585201296555,1.2944889472286385e-10,0.99998800588249515,0.27827784625991936,0.72172215374008064,-0.14162996354051988,NaN,NaN,NaN
varms_2,2 x MS0(pi/2),refined_transition,transition_refined,rabi_sideband,rabi,sideband,805,1,12,0.88,0,0.83333333333333337,0,0.37005793207439747,0.39746692298796965,0.11623757246881641,0.11623757246881641,0.23247514493763283,-0.027408990913572184,1.2944889472286385e-10,0.99998800588249515,0.027420985160525824,0.97257901483947418,-0.012075105359801388,20,9.9999999999999994e-12,9.9999999999999994e-12
varms_2,2 x MS0(pi/2),refined_transition,transition_refined,rabi_sideband,rabi,sideband,806,2,12,0.90000000000000002,0,0.83333333333333337,0,0.35087825917331511,0.41462256103110867,0.11724958989778811,0.11724958989778811,0.23449917979557622,-0.063744301857793562,1.2944889472286385e-10,0.99998800588249515,0.063756296104747312,0.93624370389525269,-0.028611089850814442,20,9.9999999999999994e-12,9.9999999999999994e-12
varms_2,2 x MS0(pi/2),refined_transition,transition_refined,rabi_sideband,rabi,sideband,807,3,12,0.92000000000000004,0,0.83333333333333337,0,0.33270382876062204,0.4309674401349492,0.11816436555221432,0.11816436555221432,0.23632873110442865,-0.098263611374327153,1.2944889472286385e-10,0.99998800588249515,0.098275605621280793,0.90172439437871921,-0.044926181183611129,20,9.9999999999999994e-12,9.9999999999999994e-12
varms_2,2 x MS0(pi/2),refined_transition,transition_refined,rabi_sideband,rabi,sideband,808,4,12,0.93999999999999995,0,0.83333333333333337,0,0.31564959036055246,0.44637325811211054,0.11898857576366853,0.11898857576366853,0.23797715152733706,-0.13072366775155808,1.2944889472286385e-10,0.99998800588249515,0.13073566199851183,0.86926433800148817,-0.060848137154830034,20,9.9999999999999994e-12,9.9999999999999994e-12
varms_2,2 x MS0(pi/2),refined_transition,transition_refined,rabi_sideband,rabi,sideband,809,5,12,0.95999999999999996,0,0.83333333333333337,0,0.29982479442525167,0.46071759863325334,0.11972880347074751,0.11972880347074751,0.23945760694149501,-0.16089280420800167,1.2944889472286385e-10,0.99998800588249515,0.16090479845495542,0.83909520154504458,-0.076188762460791509,20,9.9999999999999994e-12,9.9999999999999994e-12
varms_2,2 x MS0(pi/2),refined_transition,transition_refined,rabi_sideband,rabi,sideband,810,6,12,0.97999999999999998,0,0.83333333333333337,0,0.28533128978008149,0.47388574655610638,0.12039148183190609,0.12039148183190609,0.24078296366381219,-0.18855445677602489,1.2944889472286385e-10,0.99998800588249515,0.18856645102297864,0.81143354897702136,-0.090747040217610431,20,9.9999999999999994e-12,9.9999999999999994e-12
varms_2,2 x MS0(pi/2),refined_transition,transition_refined,rabi_sideband,rabi,sideband,811,7,12,1,0,0.83333333333333337,0,0.27226182176523051,0.48577248505923493,0.1209828465877673,0.1209828465877673,0.2419656931755346,-0.21351066329400442,1.2944889472286385e-10,0.99998800588249515,0.21352265754095823,0.78647734245904177,-0.10431378440337799,20,9.9999999999999994e-12,9.9999999999999994e-12
varms_2,2 x MS0(pi/2),refined_transition,transition_refined,rabi_sideband,rabi,sideband,812,8,12,1.02,0,0.83333333333333337,0,0.26069836299349564,0.49628384332834746,0.12150889683907844,0.12150889683907844,0.24301779367815687,-0.23558548033485183,1.2944889472286385e-10,0.99998800588249515,0.23559747458180569,0.76440252541819431,-0.11667788680099317,20,9.9999999999999994e-12,9.9999999999999994e-12
varms_2,2 x MS0(pi/2),refined_transition,transition_refined,rabi_sideband,rabi,sideband,813,9,12,1.04,0,0.83333333333333337,0,0.25071051046916998,0.50533876193817628,0.12197536379632683,0.12197536379632683,0.24395072759265365,-0.25462825146900631,1.2944889472286385e-10,0.99998800588249515,0.25464024571596,0.74535975428404,-0.12763406068900632,20,9.9999999999999994e-12,9.9999999999999994e-12
varms_2,2 x MS0(pi/2),refined_transition,transition_refined,rabi_sideband,rabi,sideband,814,10,12,1.0600000000000001,0,0.83333333333333337,0,0.24235398402624336,0.51287064203324295,0.12238768697025687,0.12238768697025687,0.24477537394051374,-0.27051665800699959,1.2944889472286385e-10,0.99998800588249515,0.27052865225395328,0.72947134774604672,-0.13699176170084032,20,9.9999999999999994e-12,9.9999999999999994e-12
varms_2,2 x MS0(pi/2),refined_transition,transition_refined,rabi_sideband,rabi,sideband,815,11,12,1.0800000000000001,0,0.83333333333333337,0,0.23566926155887863,0.51882874402661339,0.12275099720725401,0.12275099720725401,0.24550199441450801,-0.28315948246773476,1.2944889472286385e-10,0.99998800588249515,0.28317147671468845,0.71682852328531155,-0.14458472201367953,20,9.9999999999999994e-12,9.9999999999999994e-12
varms_2,2 x MS0(pi/2),refined_transition,transition_refined,rabi_sideband,rabi,sideband,816,12,12,1.1000000000000001,0,0.83333333333333337,0,0.23068038625731691,0.52317940188520284,0.12307010592874014,0.12307010592874014,0.24614021185748028,-0.29249901562788594,1.2944889472286385e-10,0.99998800588249515,0.29251100987483969,0.70748899012516031,-0.1502803141995647,20,9.9999999999999994e-12,9.9999999999999994e-12
varms_2,2 x MS0(pi/2),refined_transition,transition_refined,rabi_sideband,rabi,sideband,817,13,12,1.1200000000000001,0,0.83333333333333337,0,0.22739397996247937,0.52590702022015756,0.12334949990868155,0.12334949990868155,0.2466989998173631,-0.29851304025767822,1.2944889472286385e-10,0.99998800588249515,0.29852503450463197,0.70147496549536803,-0.15398782362525032,20,9.9999999999999994e-12,9.9999999999999994e-12
varms_2,2 x MS0(pi/2),existing_coarse,heatmap,rabi_sideband,rabi,sideband,818,1,23,0.80000000000000004,0,0.93333333333333335,0,0.4655382886147969,0.3210705965069644,0.10669555743911935,0.10669555743911935,0.2133911148782387,0.1444676921078325,1.2944889472286385e-10,0.99998800588249515,0,1,0,NaN,NaN,NaN
varms_2,2 x MS0(pi/2),existing_coarse,heatmap,rabi_sideband,rabi,sideband,819,2,23,0.81333333333333335,0,0.93333333333333335,0,0.44976048901876781,0.33450393255716609,0.10786778921203298,0.10786778921203298,0.21573557842406596,0.11525655646160171,1.2944889472286385e-10,0.99998800588249515,0,1,0,NaN,NaN,NaN
varms_2,2 x MS0(pi/2),existing_coarse,heatmap,rabi_sideband,rabi,sideband,820,3,23,0.82666666666666666,0,0.93333333333333335,0,0.43413084717875988,0.34789797123316085,0.10898559079403962,0.10898559079403962,0.21797118158807924,0.08623287594559903,1.2944889472286385e-10,0.99998800588249515,0,1,0,NaN,NaN,NaN
varms_2,2 x MS0(pi/2),existing_coarse,heatmap,rabi_sideband,rabi,sideband,821,4,23,0.83999999999999997,0,0.93333333333333335,0,0.4186878387195514,0.36121202496318083,0.11005006815863384,0.11005006815863384,0.22010013631726769,0.057475813756370564,1.2944889472286385e-10,0.99998800588249515,0,1,0,NaN,NaN,NaN
varms_2,2 x MS0(pi/2),existing_coarse,heatmap,rabi_sideband,rabi,sideband,822,5,23,0.85333333333333339,0,0.93333333333333335,0,0.40347072834230119,0.37440441989361428,0.11106242588204221,0.11106242588204221,0.22212485176408442,0.029066308448686906,1.2944889472286385e-10,0.99998800588249515,0,1,0,NaN,NaN,NaN
varms_2,2 x MS0(pi/2),existing_coarse,heatmap,rabi_sideband,rabi,sideband,823,6,23,0.8666666666666667,0,0.93333333333333335,0,0.38851934678338185,0.38743276732465426,0.11202394294598195,0.11202394294598195,0.22404788589196389,0.0010865794587275879,1.2944889472286385e-10,0.99998800588249515,0,1,0,NaN,NaN,NaN
varms_2,2 x MS0(pi/2),existing_coarse,heatmap,rabi_sideband,rabi,sideband,824,7,23,0.88,0,0.93333333333333335,0,0.37387392772514288,0.40025413124319903,0.11293597051582907,0.11293597051582907,0.22587194103165814,-0.026380203518056144,1.2944889472286385e-10,0.99998800588249515,0.026392197765009895,0.97360780223499011,-0.011615954443125425,NaN,NaN,NaN
varms_2,2 x MS0(pi/2),existing_coarse,heatmap,rabi_sideband,rabi,sideband,825,8,23,0.89333333333333331,0,0.93333333333333335,0,0.35957492124067592,0.41282523507980817,0.11379992183975796,0.11379992183975796,0.22759984367951591,-0.053250313839132257,1.2944889472286385e-10,0.99998800588249515,0.053262308086086008,0.94673769191391399,-0.023770332226270913,NaN,NaN,NaN
varms_2,2 x MS0(pi/2),existing_coarse,heatmap,rabi_sideband,rabi,sideband,826,9,23,0.90666666666666662,0,0.93333333333333335,0,0.34566278666807321,0.42510269586155075,0.11461725873518805,0.11461725873518805,0.2292345174703761,-0.079439909193477543,1.2944889472286385e-10,0.99998800588249515,0.079451903440431293,0.92054809655956871,-0.035953515661071918,NaN,NaN,NaN
varms_2,2 x MS0(pi/2),existing_coarse,heatmap,rabi_sideband,rabi,sideband,827,10,23,0.92000000000000004,0,0.93333333333333335,0,0.33217777257172781,0.43704325658601001,0.11538948542113113,0.11538948542113113,0.23077897084226226,-0.1048654840142822,1.2944889472286385e-10,0.99998800588249515,0.10487747826123583,0.89512252173876417,-0.048117515663704917,NaN,NaN,NaN
varms_2,2 x MS0(pi/2),existing_coarse,heatmap,rabi_sideband,rabi,sideband,828,11,23,0.93333333333333335,0,0.93333333333333335,0,0.3191596939745735,0.44860402799503629,0.1161181390151951,0.1161181390151951,0.23223627803039021,-0.12944433402046279,1.2944889472286385e-10,0.99998800588249515,0.12945632826741649,0.87054367173258351,-0.060209437163842673,NaN,NaN,NaN
varms_2,2 x MS0(pi/2),existing_coarse,heatmap,rabi_sideband,rabi,sideband,829,12,23,0.94666666666666666,0,0.93333333333333335,0,0.30664769275473158,0.45974273911563707,0.1168047840648157,0.1168047840648157,0.23360956812963141,-0.15309504636090548,1.2944889472286385e-10,0.99998800588249515,0.15310704060785929,0.84689295939214071,-0.072171477606735632,NaN,NaN,NaN
varms_2,2 x MS0(pi/2),existing_coarse,heatmap,rabi_sideband,rabi,sideband,830,13,23,0.95999999999999996,0,0.93333333333333335,0,0.2946799974169001,0.47041799816262408,0.11745100221023794,0.11745100221023794,0.23490200442047587,-0.17573800074572399,1.2944889472286385e-10,0.99998800588249515,0.17574999499267774,0.82425000500732226,-0.083941041546468559,NaN,NaN,NaN
varms_2,2 x MS0(pi/2),existing_coarse,heatmap,rabi_sideband,rabi,sideband,831,14,23,0.97333333333333338,0,0.93333333333333335,0,0.28329367276609485,0.4805895513370379,0.11805838794843365,0.11805838794843365,0.2361167758968673,-0.19729587857094305,1.2944889472286385e-10,0.99998800588249515,0.19730787281789675,0.80269212718210325,-0.095450996569928268,NaN,NaN,NaN
varms_2,2 x MS0(pi/2),existing_coarse,heatmap,rabi_sideband,rabi,sideband,832,15,23,0.98666666666666669,0,0.93333333333333335,0,0.27252436695273724,0.49021855161777578,0.11862854071474348,0.11862854071474348,0.23725708142948695,-0.21769418466503854,1.2944889472286385e-10,0.99998800588249515,0.21770617891199229,0.78229382108800771,-0.10663009999554482,NaN,NaN,NaN
varms_2,2 x MS0(pi/2),existing_coarse,heatmap,rabi_sideband,rabi,sideband,833,16,23,1,0,0.93333333333333335,0,0.26240605440863685,0.499267824764974,0.11916306041319458,0.11916306041319458,0.23832612082638915,-0.23686177035633715,1.2944889472286385e-10,0.99998800588249515,0.2368737646032909,0.7631262353967091,-0.11740361564727236,NaN,NaN,NaN
varms_2,2 x MS0(pi/2),existing_coarse,heatmap,rabi_sideband,rabi,sideband,834,17,23,1.0133333333333334,0,0.93333333333333335,0,0.25297078148225954,0.50770213046456114,0.11966354402658966,0.11966354402658966,0.23932708805317932,-0.2547313489823016,1.2944889472286385e-10,0.99998800588249515,0.2547433432292554,0.7452566567707446,-0.12769413607910865,NaN,NaN,NaN
varms_2,2 x MS0(pi/2),existing_coarse,heatmap,rabi_sideband,rabi,sideband,835,18,23,1.0266666666666666,0,0.93333333333333335,0,0.24424840869989625,0.51548843463964866,0.1201315783302275,0.1201315783302275,0.240263156660455,-0.27124002593975238,1.2944889472286385e-10,0.99998800588249515,0.27125202018670613,0.72874797981329387,-0.1374226361535538,NaN,NaN,NaN
varms_2,2 x MS0(pi/2),existing_coarse,heatmap,rabi_sideband,rabi,sideband,836,19,23,1.04,0,0.93333333333333335,0,0.23626636106755047,0.52259616103810236,0.12056873894717363,0.12056873894717363,0.24113747789434725,-0.28632979997055186,1.2944889472286385e-10,0.99998800588249515,0.28634179421750561,0.71365820578249439,-0.14650973623945557,NaN,NaN,NaN
varms_2,2 x MS0(pi/2),existing_coarse,heatmap,rabi_sideband,rabi,sideband,837,20,23,1.0533333333333332,0,0.93333333333333335,0,0.22904938030460742,0.52899744875060994,0.12097658547239136,0.12097658547239136,0.24195317094478272,-0.29994806844600252,1.2944889472286385e-10,0.99998800588249515,0.29996006269295628,0.70003993730704372,-0.15487718276101739,NaN,NaN,NaN
varms_2,2 x MS0(pi/2),existing_coarse,heatmap,rabi_sideband,rabi,sideband,838,21,23,1.0666666666666667,0,0.93333333333333335,0,0.22261928870687644,0.53466738956230364,0.12135666086540998,0.12135666086540998,0.24271332173081997,-0.31204810085542722,1.2944889472286385e-10,0.99998800588249515,0.31206009510238097,0.68793990489761903,-0.16244949797271577,NaN,NaN,NaN
varms_2,2 x MS0(pi/2),existing_coarse,heatmap,rabi_sideband,rabi,sideband,839,22,23,1.0800000000000001,0,0.93333333333333335,0,0.21699476055979533,0.53958426440891094,0.12171048751564689,0.12171048751564689,0.24342097503129378,-0.32258950384911561,1.2944889472286385e-10,0.99998800588249515,0.32260149809606942,0.67739850190393058,-0.16915576815134678,NaN,NaN,NaN
varms_2,2 x MS0(pi/2),existing_coarse,heatmap,rabi_sideband,rabi,sideband,840,23,23,1.0933333333333333,0,0.93333333333333335,0,0.2121911092920904,0.54372975599739126,0.1220395673552592,0.1220395673552592,0.2440791347105184,-0.33153864670530087,1.2944889472286385e-10,0.99998800588249515,0.33155064095225462,0.66844935904774538,-0.1749314888046698,NaN,NaN,NaN
varms_2,2 x MS0(pi/2),existing_coarse,heatmap,rabi_sideband,rabi,sideband,841,24,23,1.1066666666666667,0,0.93333333333333335,0,0.20822008558565624,0.54708915400051661,0.12234538020691356,0.12234538020691356,0.24469076041382712,-0.33886906841486036,1.2944889472286385e-10,0.99998800588249515,0.33888106266181417,0.66111893733818583,-0.17972040256724026,NaN,NaN,NaN
varms_2,2 x MS0(pi/2),existing_coarse,heatmap,rabi_sideband,rabi,sideband,842,25,23,1.1200000000000001,0,0.93333333333333335,0,0.20508969944762626,0.54965153607292982,0.12262938223972192,0.12262938223972192,0.24525876447944384,-0.3445618366253036,1.2944889472286385e-10,0.99998800588249515,0.34457383087225735,0.65542616912774265,-0.18347622258000074,NaN,NaN,NaN
varms_2,2 x MS0(pi/2),existing_coarse,heatmap,rabi_sideband,rabi,sideband,843,26,23,1.1333333333333333,0,0.93333333333333335,0,0.20280405649739924,0.55140993856310694,0.12289300246974696,0.12289300246974696,0.24578600493949393,-0.3486058820657077,1.2944889472286385e-10,0.99998800588249515,0.3486178763126615,0.6513821236873385,-0.1861641642397906,NaN,NaN,NaN
varms_2,2 x MS0(pi/2),existing_coarse,heatmap,rabi_sideband,rabi,sideband,844,27,23,1.1466666666666667,0,0.93333333333333335,0,0.20136322320816252,0.5523614830665472,0.12313764686264511,0.12313764686264511,0.24627529372529022,-0.35099825985838468,1.2944889472286385e-10,0.99998800588249515,0.35101025410533837,0.64898974589466163,-0.18776216504330787,NaN,NaN,NaN
varms_2,2 x MS0(pi/2),existing_coarse,heatmap,rabi_sideband,rabi,sideband,845,28,23,1.1599999999999999,0,0.93333333333333335,0,0.20076310870686204,0.55250750356666012,0.12336469386323889,0.12336469386323889,0.24672938772647779,-0.35174439485979808,1.2944889472286385e-10,0.99998800588249515,0.35175638910675189,0.64824361089324811,-0.1882617549558043,NaN,NaN,NaN
varms_2,2 x MS0(pi/2),existing_coarse,heatmap,rabi_sideband,rabi,sideband,846,29,23,1.1733333333333333,0,0.93333333333333335,0,0.20099538827576649,0.55185363559404199,0.12357548806509575,0.12357548806509575,0.24715097613019149,-0.35085824731827553,1.2944889472286385e-10,0.99998800588249515,0.35087024156522928,0.64912975843477072,-0.18766848079682727,NaN,NaN,NaN
varms_2,2 x MS0(pi/2),existing_coarse,heatmap,rabi_sideband,rabi,sideband,847,30,23,1.1866666666666668,0,0.93333333333333335,0,0.20204743642340189,0.55040987077228709,0.12377134640215545,0.12377134640215545,0.2475426928043109,-0.3483624343488852,1.2944889472286385e-10,0.99998800588249515,0.34837442859583889,0.65162557140416111,-0.18600188123612682,NaN,NaN,NaN
varms_2,2 x MS0(pi/2),existing_coarse,heatmap,rabi_sideband,rabi,sideband,848,31,23,1.2,0,0.93333333333333335,0,0.20390231580013396,0.5481906026412916,0.12395354077928721,0.12395354077928721,0.24790708155857441,-0.34428828684115764,1.2944889472286385e-10,0.99998800588249515,0.34430028108811139,0.65569971891188861,-0.1832950025086286,NaN,NaN,NaN
varms_2,2 x MS0(pi/2),refined_transition,transition_refined,rabi_sideband,rabi,sideband,849,1,13,0.88,0,1,0,0.38036276231670374,0.40146222253826602,0.1090875075725151,0.1090875075725151,0.21817501514503021,-0.021099460221562283,1.2944889472286385e-10,0.99998800588249515,0.021111454468516033,0.97888854553148397,-0.0092667533614735429,20,9.9999999999999994e-12,9.9999999999999994e-12
varms_2,2 x MS0(pi/2),refined_transition,transition_refined,rabi_sideband,rabi,sideband,850,2,13,0.90000000000000002,0,1,0,0.35718756976228,0.42159419246357127,0.11060911888707438,0.11060911888707438,0.22121823777414876,-0.064406622701291272,1.2944889472286385e-10,0.99998800588249515,0.064418616948245022,0.93558138305175498,-0.028918428716599217,20,9.9999999999999994e-12,9.9999999999999994e-12
varms_2,2 x MS0(pi/2),refined_transition,transition_refined,rabi_sideband,rabi,sideband,851,3,13,0.92000000000000004,0,1,0,0.3348140372945263,0.44113160963416792,0.11202717653565289,0.11202717653565289,0.22405435307130578,-0.10631757233964162,1.2944889472286385e-10,0.99998800588249515,0.10632956658659531,0.89367043341340469,-0.048822610217712926,20,9.9999999999999994e-12,9.9999999999999994e-12
varms_2,2 x MS0(pi/2),refined_transition,transition_refined,rabi_sideband,rabi,sideband,852,4,13,0.93999999999999995,0,1,0,0.31339190711989645,0.45991788795668143,0.11334510246171106,0.11334510246171106,0.22669020492342212,-0.14652598083678497,1.2944889472286385e-10,0.99998800588249515,0.14653797508373867,0.85346202491626133,-0.068815798200365194,20,9.9999999999999994e-12,9.9999999999999994e-12
varms_2,2 x MS0(pi/2),refined_transition,transition_refined,rabi_sideband,rabi,sideband,853,5,13,0.95999999999999996,0,1,0,0.29306998737436285,0.47779685856885495,0.11456657702839111,0.11456657702839111,0.22913315405678222,-0.1847268711944921,1.2944889472286385e-10,0.99998800588249515,0.1847388654414458,0.8152611345585542,-0.08870326103557015,20,9.9999999999999994e-12,9.9999999999999994e-12
varms_2,2 x MS0(pi/2),refined_transition,transition_refined,rabi_sideband,rabi,sideband,854,6,13,0.97999999999999998,0,1,0,0.27399425831594143,0.49461476698304796,0.11569548735050526,0.11569548735050526,0.23139097470101053,-0.22062050866710653,1.2944889472286385e-10,0.99998800588249515,0.22063250291406034,0.77936749708593966,-0.10825771007856465,20,9.9999999999999994e-12,9.9999999999999994e-12
varms_2,2 x MS0(pi/2),refined_transition,transition_refined,rabi_sideband,rabi,sideband,855,7,13,1,0,1,0,0.25630586956753526,0.51022237324773101,0.11673587859236681,0.11673587859236681,0.23347175718473362,-0.25391650368019575,1.2944889472286385e-10,0.99998800588249515,0.25392849792714944,0.74607150207285056,-0.12721954857611403,20,9.9999999999999994e-12,9.9999999999999994e-12
varms_2,2 x MS0(pi/2),refined_transition,transition_refined,rabi_sideband,rabi,sideband,856,8,13,1.02,0,1,0,0.2401390542110714,0.52447712869575946,0.11769190854658457,0.11769190854658457,0.23538381709316913,-0.28433807448468806,1.2944889472286385e-10,0.99998800588249515,0.28435006873164181,0.71564993126835819,-0.14529936609541041,20,9.9999999999999994e-12,9.9999999999999994e-12
varms_2,2 x MS0(pi/2),refined_transition,transition_refined,rabi_sideband,rabi,sideband,857,9,13,1.04,0,1,0,0.2256189896664591,0.53724539886202749,0.1185678057357567,0.1185678057357567,0.23713561147151341,-0.31162640919556839,1.2944889472286385e-10,0.99998800588249515,0.31163840344252214,0.68836159655747786,-0.16218336679945383,20,9.9999999999999994e-12,9.9999999999999994e-12
varms_2,2 x MS0(pi/2),refined_transition,transition_refined,rabi_sideband,rabi,sideband,858,10,13,1.0600000000000001,0,1,0,0.21285963920052234,0.54840469838675976,0.11936783120635895,0.11936783120635895,0.2387356624127179,-0.33554505918623745,1.2944889472286385e-10,0.99998800588249515,0.3355570534331912,0.6644429465668088,-0.17754230449548339,20,9.9999999999999994e-12,9.9999999999999994e-12
varms_2,2 x MS0(pi/2),refined_transition,transition_refined,rabi_sideband,rabi,sideband,859,11,13,1.0800000000000001,0,1,0,0.20196161146859537,0.55784590029337744,0.1200962441190136,0.1200962441190136,0.24019248823802719,-0.35588428882478207,1.2944889472286385e-10,0.99998800588249515,0.35589628307173582,0.64410371692826418,-0.19104419465440234,20,9.9999999999999994e-12,9.9999999999999994e-12
varms_2,2 x MS0(pi/2),refined_transition,transition_refined,rabi_sideband,rabi,sideband,860,12,13,1.1000000000000001,0,1,0,0.19301007858408964,0.56547537906818279,0.12075727117386378,0.12075727117386378,0.24151454234772757,-0.37246530048409315,1.2944889472286385e-10,0.99998800588249515,0.37247729473104696,0.62752270526895304,-0.20237055575191049,20,9.9999999999999994e-12,9.9999999999999994e-12
varms_2,2 x MS0(pi/2),refined_transition,transition_refined,rabi_sideband,rabi,sideband,861,13,13,1.1200000000000001,0,1,0,0.1860727956967895,0.57121704459301603,0.12135507985509722,0.12135507985509722,0.24271015971019444,-0.38514424889622656,1.2944889472286385e-10,0.99998800588249515,0.38515624314318031,0.61484375685681969,-0.21123523244549372,20,9.9999999999999994e-12,9.9999999999999994e-12
varms_2,2 x MS0(pi/2),existing_coarse,heatmap,rabi_sideband,rabi,sideband,862,1,24,0.80000000000000004,0,1.0666666666666667,0,0.49635227363009182,0.31372717102111791,0.094960277674395077,0.094960277674395077,0.18992055534879015,0.18262510260897391,1.2944889472286385e-10,0.99998800588249515,0,1,0,NaN,NaN,NaN
varms_2,2 x MS0(pi/2),existing_coarse,heatmap,rabi_sideband,rabi,sideband,863,2,24,0.81333333333333335,0,1.0666666666666667,0,0.47885955048388407,0.32829399998628978,0.096423224764913024,0.096423224764913024,0.19284644952982605,0.15056555049759429,1.2944889472286385e-10,0.99998800588249515,0,1,0,NaN,NaN,NaN
varms_2,2 x MS0(pi/2),existing_coarse,heatmap,rabi_sideband,rabi,sideband,864,3,24,0.82666666666666666,0,1.0666666666666667,0,0.46136037051601053,0.34295402803843222,0.097842800722778692,0.097842800722778692,0.19568560144555738,0.11840634247757831,1.2944889472286385e-10,0.99998800588249515,0,1,0,NaN,NaN,NaN
varms_2,2 x MS0(pi/2),existing_coarse,heatmap,rabi_sideband,rabi,sideband,865,4,24,0.83999999999999997,0,1.0666666666666667,0,0.4438948548201021,0.35766752762118548,0.099218808779356182,0.099218808779356182,0.19843761755871236,0.086227327198916626,1.2944889472286385e-10,0.99998800588249515,0,1,0,NaN,NaN,NaN
varms_2,2 x MS0(pi/2),existing_coarse,heatmap,rabi_sideband,rabi,sideband,866,5,24,0.85333333333333339,0,1.0666666666666667,0,0.42650477423043354,0.37239293676925195,0.10055114450015724,0.10055114450015724,0.20110228900031449,0.054111837461181589,1.2944889472286385e-10,0.99998800588249515,0,1,0,NaN,NaN,NaN
varms_2,2 x MS0(pi/2),existing_coarse,heatmap,rabi_sideband,rabi,sideband,867,6,24,0.8666666666666667,0,1.0666666666666667,0,0.40923342541690133,0.38708697432642925,0.10183980012833473,0.10183980012833473,0.20367960025666945,0.022146451090472086,1.2944889472286385e-10,0.99998800588249515,0,1,0,NaN,NaN,NaN
varms_2,2 x MS0(pi/2),existing_coarse,heatmap,rabi_sideband,rabi,sideband,868,7,24,0.88,0,1.0666666666666667,0,0.39212552373528775,0.40170474330505107,0.10308486647983055,0.10308486647983055,0.2061697329596611,-0.0095792195697633198,1.2944889472286385e-10,0.99998800588249515,0.0095912138167170147,0.99040878618328299,-0.0041855155634652327,NaN,NaN,NaN
varms_2,2 x MS0(pi/2),existing_coarse,heatmap,rabi_sideband,rabi,sideband,869,8,24,0.89333333333333331,0,1.0666666666666667,0,0.37522699852209551,0.41619996730148795,0.1042865170882083,0.1042865170882083,0.20857303417641659,-0.040972968779392438,1.2944889472286385e-10,0.99998800588249515,0.040984963026346133,0.95901503697365387,-0.018174583211521479,NaN,NaN,NaN
varms_2,2 x MS0(pi/2),existing_coarse,heatmap,rabi_sideband,rabi,sideband,870,9,24,0.90666666666666662,0,1.0666666666666667,0,0.35858485442519278,0.43052512115290403,0.10544501221095161,0.10544501221095161,0.21089002442190322,-0.071940266727711255,1.2944889472286385e-10,0.99998800588249515,0.071952260974665005,0.92804773902533499,-0.032429682981552806,NaN,NaN,NaN
varms_2,2 x MS0(pi/2),existing_coarse,heatmap,rabi_sideband,rabi,sideband,871,10,24,0.92000000000000004,0,1.0666666666666667,0,0.34224695663680132,0.44463167181329066,0.10656068577495399,0.10656068577495399,0.21312137154990798,-0.10238471517648934,1.2944889472286385e-10,0.99998800588249515,0.10239670942344303,0.89760329057655697,-0.04691556397937828,NaN,NaN,NaN
varms_2,2 x MS0(pi/2),existing_coarse,heatmap,rabi_sideband,rabi,sideband,872,11,24,0.93333333333333335,0,1.0666666666666667,0,0.32626184427454957,0.45847026525995993,0.10763394523274526,0.10763394523274526,0.21526789046549052,-0.13220842098541036,1.2944889472286385e-10,0.99998800588249515,0.13222041523236416,0.86777958476763584,-0.061590571223463175,NaN,NaN,NaN
varms_2,2 x MS0(pi/2),existing_coarse,heatmap,rabi_sideband,rabi,sideband,873,12,24,0.94666666666666666,0,1.0666666666666667,0,0.31067850281838016,0.47199096205397206,0.10866526756382389,0.10866526756382389,0.21733053512764777,-0.1613124592355919,1.2944889472286385e-10,0.99998800588249515,0.16132445348254565,0.83867554651745435,-0.076406019635881325,NaN,NaN,NaN
varms_2,2 x MS0(pi/2),existing_coarse,heatmap,rabi_sideband,rabi,sideband,874,13,24,0.95999999999999996,0,1.0666666666666667,0,0.29554612508648048,0.48514348932994772,0.10965519279178587,0.10965519279178587,0.21931038558357174,-0.18959736424346724,1.2944889472286385e-10,0.99998800588249515,0.18960935849042093,0.81039064150957907,-0.091305582904706417,NaN,NaN,NaN
varms_2,2 x MS0(pi/2),existing_coarse,heatmap,rabi_sideband,rabi,sideband,875,14,24,0.97333333333333338,0,1.0666666666666667,0,0.28091385778591321,0.49787750364588834,0.11060431928409924,0.11060431928409924,0.22120863856819847,-0.21696364585997513,1.2944889472286385e-10,0.99998800588249515,0.21697564010692894,0.78302435989307106,-0.10622472682765466,NaN,NaN,NaN
varms_2,2 x MS0(pi/2),existing_coarse,heatmap,rabi_sideband,rabi,sideband,876,15,24,0.98666666666666669,0,1.0666666666666667,0,0.26683053647447486,0.51014286543997911,0.11151329904277302,0.11151329904277302,0.22302659808554604,-0.24331232896550425,1.2944889472286385e-10,0.99998800588249515,0.243324323212458,0.756675676787542,-0.12109022613119165,NaN,NaN,NaN
varms_2,2 x MS0(pi/2),existing_coarse,heatmap,rabi_sideband,rabi,sideband,877,16,24,1,0,1.0666666666666667,0,0.25334440168218902,0.52188993055217636,0.11238283388281731,0.11238283388281731,0.22476566776563461,-0.26854552886998734,1.2944889472286385e-10,0.99998800588249515,0.26855752311694103,0.73144247688305897,-0.1358198225866227,NaN,NaN,NaN
varms_2,2 x MS0(pi/2),existing_coarse,heatmap,rabi_sideband,rabi,sideband,878,17,24,1.0133333333333334,0,1.0666666666666667,0,0.24050281157765113,0.53306984750555864,0.11321367045839509,0.11321367045839509,0.22642734091679018,-0.2925670359279075,1.2944889472286385e-10,0.99998800588249515,0.29257903017486131,0.70742096982513869,-0.15032207069547709,NaN,NaN,NaN
varms_2,2 x MS0(pi/2),existing_coarse,heatmap,rabi_sideband,rabi,sideband,879,18,24,1.0266666666666666,0,1.0666666666666667,0,0.22835193904568454,0.54363487187402881,0.11400659454014331,0.11400659454014331,0.22801318908028662,-0.3152829328283443,1.2944889472286385e-10,0.99998800588249515,0.31529492707529805,0.68470507292470195,-0.16449645446794675,NaN,NaN,NaN
varms_2,2 x MS0(pi/2),existing_coarse,heatmap,rabi_sideband,rabi,sideband,880,19,24,1.04,0,1.0666666666666667,0,0.2169364622534859,0.5535386800695703,0.11476242883847189,0.11476242883847189,0.22952485767694378,-0.3366022178160844,1.2944889472286385e-10,0.99998800588249515,0.3366142120630381,0.6633857879369619,-0.17823383683623623,NaN,NaN,NaN
varms_2,2 x MS0(pi/2),existing_coarse,heatmap,rabi_sideband,rabi,sideband,881,20,24,1.0533333333333332,0,1.0666666666666667,0,0.20629924930394328,0.56273669658420611,0.11548202705592532,0.11548202705592532,0.23096405411185064,-0.35643744728026283,1.2944889472286385e-10,0.99998800588249515,0.35644944152721658,0.64355055847278342,-0.19141732847487058,NaN,NaN,NaN
varms_2,2 x MS0(pi/2),existing_coarse,heatmap,rabi_sideband,rabi,sideband,882,21,24,1.0666666666666667,0,1.0666666666666667,0,0.19648103842526826,0.57118642090767091,0.11616627033353041,0.11616627033353041,0.23233254066706083,-0.37470538248240265,1.2944889472286385e-10,0.99998800588249515,0.37471737672935646,0.62528262327064354,-0.20392364028228216,NaN,NaN,NaN
varms_2,2 x MS0(pi/2),existing_coarse,heatmap,rabi_sideband,rabi,sideband,883,22,24,1.0800000000000001,0,1.0666666666666667,0,0.1875201165056887,0.57884775622824314,0.11681606363303407,0.11681606363303407,0.23363212726606813,-0.39132763972255447,1.2944889472286385e-10,0.99998800588249515,0.39133963396950822,0.60866036603049178,-0.21562497716051585,NaN,NaN,NaN
varms_2,2 x MS0(pi/2),existing_coarse,heatmap,rabi_sideband,rabi,sideband,884,23,24,1.0933333333333333,0,1.0666666666666667,0,0.17945199652470598,0.58568334293060709,0.11743233027234351,0.11743233027234351,0.23486466054468702,-0.40623134640590108,1.2944889472286385e-10,0.99998800588249515,0.40624334065285483,0.59375665934714517,-0.22639150645928802,NaN,NaN,NaN
varms_2,2 x MS0(pi/2),existing_coarse,heatmap,rabi_sideband,rabi,sideband,885,24,24,1.1066666666666667,0,1.0666666666666667,0,0.17230909918687271,0.59165887850737242,0.11801601115287742,0.11801601115287742,0.23603202230575485,-0.41934977932049972,1.2944889472286385e-10,0.99998800588249515,0.41936177356745341,0.58063822643254659,-0.2360943756999645,NaN,NaN,NaN
varms_2,2 x MS0(pi/2),existing_coarse,heatmap,rabi_sideband,rabi,sideband,886,25,24,1.1200000000000001,0,1.0666666666666667,0,0.16612044221491967,0.59674344552591041,0.11856805612958499,0.11856805612958499,0.23713611225916997,-0.43062300331099074,1.2944889472286385e-10,0.99998800588249515,0.43063499755794454,0.56936500244205546,-0.24460923145217786,NaN,NaN,NaN
varms_2,2 x MS0(pi/2),existing_coarse,heatmap,rabi_sideband,rabi,sideband,887,26,24,1.1333333333333333,0,1.0666666666666667,0,0.1609113341912963,0.60090981644748542,0.11908942468060912,0.11908942468060912,0.23817884936121825,-0.43999848225618909,1.2944889472286385e-10,0.99998800588249515,0.44001047650314284,0.55998952349685716,-0.2518200978689154,NaN,NaN,NaN
varms_2,2 x MS0(pi/2),existing_coarse,heatmap,rabi_sideband,rabi,sideband,888,27,24,1.1466666666666667,0,1.0666666666666667,0,0.15670308172033648,0.6041347569908565,0.11958108064440351,0.11958108064440351,0.23916216128880702,-0.44743167527052002,1.2944889472286385e-10,0.99998800588249515,0.44744366951747372,0.55255633048252628,-0.25762344113482133,NaN,NaN,NaN
varms_2,2 x MS0(pi/2),existing_coarse,heatmap,rabi_sideband,rabi,sideband,889,28,24,1.1599999999999999,0,1.0666666666666667,0,0.15351271547425069,0.60639930996054425,0.12004398728260256,0.12004398728260256,0.24008797456520511,-0.45288659448629354,1.2944889472286385e-10,0.99998800588249515,0.45289858873324729,0.54710141126675271,-0.2619321649436554,NaN,NaN,NaN
varms_2,2 x MS0(pi/2),existing_coarse,heatmap,rabi_sideband,rabi,sideband,890,29,24,1.1733333333333333,0,1.0666666666666667,0,0.15135272373366332,0.60768906251078803,0.12047910687777431,0.12047910687777431,0.24095821375554863,-0.45633633877712471,1.2944889472286385e-10,0.99998800588249515,0.4563483330240784,0.5436516669759216,-0.26467927597145269,NaN,NaN,NaN
varms_2,2 x MS0(pi/2),existing_coarse,heatmap,rabi_sideband,rabi,sideband,891,30,24,1.1866666666666668,0,1.0666666666666667,0,0.15023081731371163,0.60799439652731901,0.12088739307948468,0.12088739307948468,0.24177478615896936,-0.45776357921360739,1.2944889472286385e-10,0.99998800588249515,0.45777557346056108,0.54222442653943892,-0.26582092188585216,NaN,NaN,NaN
varms_2,2 x MS0(pi/2),existing_coarse,heatmap,rabi_sideband,rabi,sideband,892,31,24,1.2,0,1.0666666666666667,0,0.15014971068538571,0.60731070342481508,0.1212697929448996,0.1212697929448996,0.24253958588979921,-0.45716099273942934,1.2944889472286385e-10,0.99998800588249515,0.45717298698638309,0.54282701301361691,-0.26533854842783977,NaN,NaN,NaN
varms_2,2 x MS0(pi/2),existing_coarse,heatmap,rabi_sideband,rabi,sideband,893,1,25,0.80000000000000004,0,1.2,0,0.55299422518268249,0.30167279640856948,0.072666489204374018,0.072666489204374018,0.14533297840874804,0.25132142877411301,1.2944889472286385e-10,0.99998800588249515,0,1,0,NaN,NaN,NaN
varms_2,2 x MS0(pi/2),existing_coarse,heatmap,rabi_sideband,rabi,sideband,894,2,25,0.81333333333333335,0,1.2,0,0.53432015195006433,0.31725202082979298,0.074213913610071389,0.074213913610071389,0.14842782722014278,0.21706813112027135,1.2944889472286385e-10,0.99998800588249515,0,1,0,NaN,NaN,NaN
varms_2,2 x MS0(pi/2),existing_coarse,heatmap,rabi_sideband,rabi,sideband,895,3,25,0.82666666666666666,0,1.2,0,0.51542311690202991,0.33309169167775637,0.075742595710106858,0.075742595710106858,0.15148519142021372,0.18233142522427354,1.2944889472286385e-10,0.99998800588249515,0,1,0,NaN,NaN,NaN
varms_2,2 x MS0(pi/2),existing_coarse,heatmap,rabi_sideband,rabi,sideband,896,4,25,0.83999999999999997,0,1.2,0,0.49633857204427612,0.34915830557931621,0.07725156118820381,0.07725156118820381,0.15450312237640762,0.14718026646495991,1.2944889472286385e-10,0.99998800588249515,0,1,0,NaN,NaN,NaN
varms_2,2 x MS0(pi/2),existing_coarse,heatmap,rabi_sideband,rabi,sideband,897,5,25,0.85333333333333339,0,1.2,0,0.47710445746885688,0.36541577582802265,0.078739883351560208,0.078739883351560208,0.15747976670312042,0.11168868164083423,1.2944889472286385e-10,0.99998800588249515,0,1,0,NaN,NaN,NaN
varms_2,2 x MS0(pi/2),existing_coarse,heatmap,rabi_sideband,rabi,sideband,898,6,25,0.8666666666666667,0,1.2,0,0.45776120470512222,0.38182542454501944,0.080206685374929226,0.080206685374929226,0.16041337074985845,0.075935780160102773,1.2944889472286385e-10,0.99998800588249515,0,1,0,NaN,NaN,NaN
varms_2,2 x MS0(pi/2),existing_coarse,heatmap,rabi_sideband,rabi,sideband,899,7,25,0.88,0,1.2,0,0.43835167214815779,0.39834605153275848,0.081651138159541892,0.081651138159541892,0.16330227631908378,0.040005620615399307,1.2944889472286385e-10,0.99998800588249515,0,1,0,NaN,NaN,NaN
varms_2,2 x MS0(pi/2),existing_coarse,heatmap,rabi_sideband,rabi,sideband,900,8,25,0.89333333333333331,0,1.2,0,0.41892107889047092,0.41493400015378445,0.08307246047787234,0.08307246047787234,0.16614492095574468,0.0039870787366864668,1.2944889472286385e-10,0.99998800588249515,0,1,0,NaN,NaN,NaN
varms_2,2 x MS0(pi/2),existing_coarse,heatmap,rabi_sideband,rabi,sideband,901,9,25,0.90666666666666662,0,1.2,0,0.39951690817392654,0.4315432558786591,0.08446991797370719,0.08446991797370719,0.16893983594741438,-0.032026347704732561,1.2944889472286385e-10,0.99998800588249515,0.032038341951686311,0.96796165804831369,-0.014141845199699112,NaN,NaN,NaN
varms_2,2 x MS0(pi/2),existing_coarse,heatmap,rabi_sideband,rabi,sideband,902,10,25,0.92000000000000004,0,1.2,0,0.38018883729017633,0.44812550016845898,0.085842831270682346,0.085842831270682346,0.17168566254136469,-0.06793666287828265,1.2944889472286385e-10,0.99998800588249515,0.067948657125236456,0.93205134287476354,-0.030560163490403795,NaN,NaN,NaN
varms_2,2 x MS0(pi/2),existing_coarse,heatmap,rabi_sideband,rabi,sideband,903,11,25,0.93333333333333335,0,1.2,0,0.36098856336098001,0.46463030346441264,0.087190566587303647,0.087190566587303647,0.17438113317460729,-0.10364174010343263,1.2944889472286385e-10,0.99998800588249515,0.10365373435038649,0.89634626564961351,-0.047524186531598372,NaN,NaN,NaN
varms_2,2 x MS0(pi/2),existing_coarse,heatmap,rabi_sideband,rabi,sideband,904,12,25,0.94666666666666666,0,1.2,0,0.34196970298713436,0.48100521744789831,0.088512539782483649,0.088512539782483649,0.1770250795649673,-0.13903551446076395,1.2944889472286385e-10,0.99998800588249515,0.13904750870771776,0.86095249129228224,-0.065020812935274369,NaN,NaN,NaN
varms_2,2 x MS0(pi/2),existing_coarse,heatmap,rabi_sideband,rabi,sideband,905,13,25,0.95999999999999996,0,1.2,0,0.32318759054493756,0.49719597860346904,0.089808215425796686,0.089808215425796686,0.17961643085159337,-0.17400838805853147,1.2944889472286385e-10,0.99998800588249515,0.17402038230548533,0.82597961769451467,-0.083030669425401299,NaN,NaN,NaN
varms_2,2 x MS0(pi/2),existing_coarse,heatmap,rabi_sideband,rabi,sideband,906,14,25,0.97333333333333338,0,1.2,0,0.30469911597682819,0.51314667149082305,0.091077106266174379,0.091077106266174379,0.18215421253234876,-0.20844755551399485,1.2944889472286385e-10,0.99998800588249515,0.2084595497609486,0.7915404502390514,-0.10152688640272302,NaN,NaN,NaN
varms_2,2 x MS0(pi/2),existing_coarse,heatmap,rabi_sideband,rabi,sideband,907,15,25,0.98666666666666669,0,1.2,0,0.28656250814179923,0.52879994693076948,0.092318772463715643,0.092318772463715643,0.18463754492743129,-0.24223743878897025,1.2944889472286385e-10,0.99998800588249515,0.24224943303592394,0.75775056696407606,-0.12047373001243177,NaN,NaN,NaN
varms_2,2 x MS0(pi/2),existing_coarse,heatmap,rabi_sideband,rabi,sideband,908,16,25,1,0,1.2,0,0.26883710796176397,0.5440972484763843,0.093532821780925868,0.093532821780925868,0.18706564356185174,-0.27526014051462033,1.2944889472286385e-10,0.99998800588249515,0.27527213476157408,0.72472786523842592,-0.13982504006625143,NaN,NaN,NaN
varms_2,2 x MS0(pi/2),existing_coarse,heatmap,rabi_sideband,rabi,sideband,909,17,25,1.0133333333333334,0,1.2,0,0.25158311525166627,0.55897906762728888,0.094718908560522411,0.094718908560522411,0.18943781712104482,-0.30739595237562262,1.2944889472286385e-10,0.99998800588249515,0.30740794662257631,0.69259205337742369,-0.15952249574083682,NaN,NaN,NaN
varms_2,2 x MS0(pi/2),existing_coarse,heatmap,rabi_sideband,rabi,sideband,910,18,25,1.0266666666666666,0,1.2,0,0.2348613176476898,0.5733852151822697,0.095876733585020246,0.095876733585020246,0.19175346717004049,-0.3385238975345799,1.2944889472286385e-10,0.99998800588249515,0.33853589178153365,0.66146410821846635,-0.17949371614096768,NaN,NaN,NaN
varms_2,2 x MS0(pi/2),existing_coarse,heatmap,rabi_sideband,rabi,sideband,911,19,25,1.04,0,1.2,0,0.21873280029962261,0.58725511322374602,0.097006043238315645,0.097006043238315645,0.19401208647663129,-0.36852231292412341,1.2944889472286385e-10,0.99998800588249515,0.36853430717107716,0.63146569282892284,-0.19965023943932275,NaN,NaN,NaN
varms_2,2 x MS0(pi/2),existing_coarse,heatmap,rabi_sideband,rabi,sideband,912,20,25,1.0533333333333332,0,1.2,0,0.20325862844911266,0.60052811433337316,0.098106628608757074,0.098106628608757074,0.19621325721751415,-0.39726948588426048,1.2944889472286385e-10,0.99998800588249515,0.39728148013121423,0.60271851986878577,-0.21988546366192541,NaN,NaN,NaN
varms_2,2 x MS0(pi/2),existing_coarse,heatmap,rabi_sideband,rabi,sideband,913,21,25,1.0666666666666667,0,1.2,0,0.18849952100367184,0.6131438287082821,0.099178325144023097,0.099178325144023097,0.19835665028804619,-0.42464430770461026,1.2944889472286385e-10,0.99998800588249515,0.42465630195156401,0.57534369804843599,-0.24007263953161315,NaN,NaN,NaN
varms_2,2 x MS0(pi/2),existing_coarse,heatmap,rabi_sideband,rabi,sideband,914,22,25,1.0800000000000001,0,1.2,0,0.17451549877372211,0.62504247681919811,0.10022101220353986,0.10022101220353986,0.20044202440707973,-0.45052697804547603,1.2944889472286385e-10,0.99998800588249515,0.45053897229242978,0.54946102770757022,-0.26006310588249476,NaN,NaN,NaN
varms_2,2 x MS0(pi/2),existing_coarse,heatmap,rabi_sideband,rabi,sideband,915,23,25,1.0933333333333333,0,1.2,0,0.16136551997454807,0.63616525850488004,0.10123461076028592,0.10123461076028592,0.20246922152057184,-0.47479973853033197,1.2944889472286385e-10,0.99998800588249515,0.47481173277728572,0.52518826722271428,-0.27968498467195091,NaN,NaN,NaN
varms_2,2 x MS0(pi/2),existing_coarse,heatmap,rabi_sideband,rabi,sideband,916,24,25,1.1066666666666667,0,1.2,0,0.14910709945233333,0.64645473199620962,0.10221908427572858,0.10221908427572858,0.20443816855145716,-0.49734763254387626,1.2944889472286385e-10,0.99998800588249515,0.49735962679083001,0.50264037320916999,-0.29874263082947405,NaN,NaN,NaN
varms_2,2 x MS0(pi/2),existing_coarse,heatmap,rabi_sideband,rabi,sideband,917,25,25,1.1200000000000001,0,1.2,0,0.13779591434112706,0.65585521036039618,0.10317443764923841,0.10317443764923841,0.20634887529847681,-0.51805929601926914,1.2944889472286385e-10,0.99998800588249515,0.51807129026622289,0.48192870973377711,-0.31701720088791951,NaN,NaN,NaN
varms_2,2 x MS0(pi/2),existing_coarse,heatmap,rabi_sideband,rabi,sideband,918,26,25,1.1333333333333333,0,1.2,0,0.12748540022592852,0.66431316814983188,0.10410071581211981,0.10410071581211981,0.20820143162423962,-0.5368277679239033,1.2944889472286385e-10,0.99998800588249515,0.53683976217085716,0.46316023782914284,-0.33426873173445876,NaN,NaN,NaN
varms_2,2 x MS0(pi/2),existing_coarse,heatmap,rabi_sideband,rabi,sideband,919,27,25,1.1466666666666667,0,1.2,0,0.1182263376994246,0.67177765776832887,0.10499800226612328,0.10499800226612328,0.20999600453224657,-0.55355132006890428,1.2944889472286385e-10,0.99998800588249515,0.55356331431585803,0.44643668568414197,-0.35024012469872107,NaN,NaN,NaN
varms_2,2 x MS0(pi/2),existing_coarse,heatmap,rabi_sideband,rabi,sideband,920,28,25,1.1599999999999999,0,1.2,0,0.1100664342492535,0.6782007266643052,0.10586641954322067,0.10586641954322067,0.21173283908644133,-0.56813429241505164,1.2944889472286385e-10,0.99998800588249515,0.56814628666200551,0.43185371333799449,-0.36466334172499087,NaN,NaN,NaN
varms_2,2 x MS0(pi/2),existing_coarse,heatmap,rabi_sideband,rabi,sideband,921,29,25,1.1733333333333333,0,1.2,0,0.10304989915673207,0.68353784531813333,0.10670612776256727,0.10670612776256727,0.21341225552513454,-0.5804879461614012,1.2944889472286385e-10,0.99998800588249515,0.58049994040835495,0.41950005959164505,-0.3772679731420252,NaN,NaN,NaN
varms_2,2 x MS0(pi/2),existing_coarse,heatmap,rabi_sideband,rabi,sideband,922,30,25,1.1866666666666668,0,1.2,0,0.097217024581969125,0.68774833025922322,0.10751732257940386,0.10751732257940386,0.21503464515880771,-0.59053130567725409,1.2944889472286385e-10,0.99998800588249515,0.59054329992420784,0.40945670007579216,-0.38779201798762253,NaN,NaN,NaN
varms_2,2 x MS0(pi/2),existing_coarse,heatmap,rabi_sideband,rabi,sideband,923,31,25,1.2,0,1.2,0,0.092603762665623923,0.69079576194807757,0.10830023769314927,0.10830023769314927,0.21660047538629854,-0.59819199928245359,1.2944889472286385e-10,0.99998800588249515,0.59820399352940734,0.40179600647059266,-0.39599438410445459,NaN,NaN,NaN
varms_2,2 x MS0(pi/2),existing_coarse,heatmap,rabi_sideband,rabi,sideband,924,1,26,0.80000000000000004,0,1.3333333333333333,0,0.63345522095889228,0.28533300207243079,0.040605888484338451,0.040605888484338451,0.081211776968676902,0.3481222188864615,1.2944889472286385e-10,0.99998800588249515,0,1,0,NaN,NaN,NaN
varms_2,2 x MS0(pi/2),existing_coarse,heatmap,rabi_sideband,rabi,sideband,925,2,26,0.81333333333333335,0,1.3333333333333333,0,0.61511542359135163,0.3014554800438688,0.041714548182389739,0.041714548182389739,0.083429096364779479,0.31365994354748283,1.2944889472286385e-10,0.99998800588249515,0,1,0,NaN,NaN,NaN
varms_2,2 x MS0(pi/2),existing_coarse,heatmap,rabi_sideband,rabi,sideband,926,3,26,0.82666666666666666,0,1.3333333333333333,0,0.59634822413970323,0.31799945819530867,0.042826158832494098,0.042826158832494098,0.085652317664988195,0.27834876594439456,1.2944889472286385e-10,0.99998800588249515,0,1,0,NaN,NaN,NaN
varms_2,2 x MS0(pi/2),existing_coarse,heatmap,rabi_sideband,rabi,sideband,927,4,26,0.83999999999999997,0,1.3333333333333333,0,0.57717744026718809,0.33494231435152605,0.043940122690642958,0.043940122690642958,0.087880245381285915,0.24223512591566204,1.2944889472286385e-10,0.99998800588249515,0,1,0,NaN,NaN,NaN
varms_2,2 x MS0(pi/2),existing_coarse,heatmap,rabi_sideband,rabi,sideband,928,5,26,0.85333333333333339,0,1.3333333333333333,0,0.55762968112040734,0.35225862282408354,0.045055848027754586,0.045055848027754586,0.090111696055509172,0.20537105829632379,1.2944889472286385e-10,0.99998800588249515,0,1,0,NaN,NaN,NaN
varms_2,2 x MS0(pi/2),existing_coarse,heatmap,rabi_sideband,rabi,sideband,929,6,26,0.8666666666666667,0,1.3333333333333333,0,0.53773443773710816,0.36992007973446933,0.046172741264211219,0.046172741264211219,0.092345482528422437,0.16781435800263883,1.2944889472286385e-10,0.99998800588249515,0,1,0,NaN,NaN,NaN
varms_2,2 x MS0(pi/2),existing_coarse,heatmap,rabi_sideband,rabi,sideband,930,7,26,0.88,0,1.3333333333333333,0,0.51752409788616527,0.38789547336513758,0.047290214374348563,0.047290214374348563,0.094580428748697126,0.12962862452102769,1.2944889472286385e-10,0.99998800588249515,0,1,0,NaN,NaN,NaN
varms_2,2 x MS0(pi/2),existing_coarse,heatmap,rabi_sideband,rabi,sideband,931,8,26,0.89333333333333331,0,1.3333333333333333,0,0.49703399855250269,0.40615063321974865,0.048407684113874389,0.048407684113874389,0.096815368227748777,0.09088336533275404,1.2944889472286385e-10,0.99998800588249515,0,1,0,NaN,NaN,NaN
varms_2,2 x MS0(pi/2),existing_coarse,heatmap,rabi_sideband,rabi,sideband,932,9,26,0.90666666666666662,0,1.3333333333333333,0,0.47630244380256725,0.42464841568714262,0.049524570255145117,0.049524570255145117,0.099049140510290234,0.051654028115424633,1.2944889472286385e-10,0.99998800588249515,0,1,0,NaN,NaN,NaN
varms_2,2 x MS0(pi/2),existing_coarse,heatmap,rabi_sideband,rabi,sideband,933,10,26,0.92000000000000004,0,1.3333333333333333,0,0.45537071567979032,0.44334869023610468,0.050640297042052529,0.050640297042052529,0.10128059408410506,0.012022025443685636,1.2944889472286385e-10,0.99998800588249515,0,1,0,NaN,NaN,NaN
varms_2,2 x MS0(pi/2),existing_coarse,heatmap,rabi_sideband,rabi,sideband,934,11,26,0.93333333333333335,0,1.3333333333333333,0,0.43428307213212503,0.46220834043581532,0.051754293716029826,0.051754293716029826,0.10350858743205965,-0.027925268303690298,1.2944889472286385e-10,0.99998800588249515,0.027937262550644104,0.9720627374493559,-0.012305704570852706,NaN,NaN,NaN
varms_2,2 x MS0(pi/2),existing_coarse,heatmap,rabi_sideband,rabi,sideband,935,12,26,0.94666666666666666,0,1.3333333333333333,0,0.41308671161627436,0.4811812949286679,0.052865996727528883,0.052865996727528883,0.10573199345505777,-0.068094583312393542,1.2944889472286385e-10,0.99998800588249515,0.068106577559347237,0.93189342244065276,-0.03063375362521294,NaN,NaN,NaN
varms_2,2 x MS0(pi/2),existing_coarse,heatmap,rabi_sideband,rabi,sideband,936,13,26,0.95999999999999996,0,1.3333333333333333,0,0.39183173560498752,0.50021856472149251,0.053974849836760007,0.053974849836760007,0.10794969967352001,-0.10838682911650499,1.2944889472286385e-10,0.99998800588249515,0.10839882336345874,0.89160117663654126,-0.0498293670576367,NaN,NaN,NaN
varms_2,2 x MS0(pi/2),existing_coarse,heatmap,rabi_sideband,rabi,sideband,937,14,26,0.97333333333333338,0,1.3333333333333333,0,0.3705710811357546,0.51926831202927448,0.055080303417485474,0.055080303417485474,0.11016060683497095,-0.14869723089351988,1.2944889472286385e-10,0.99998800588249515,0.14870922514047369,0.85129077485952631,-0.069922072879578218,NaN,NaN,NaN
varms_2,2 x MS0(pi/2),existing_coarse,heatmap,rabi_sideband,rabi,sideband,938,15,26,0.98666666666666669,0,1.3333333333333333,0,0.34936044536209793,0.53827592417624137,0.056181815230830379,0.056181815230830379,0.11236363046166076,-0.18891547881414344,1.2944889472286385e-10,0.99998800588249515,0.18892747306109714,0.81107252693890286,-0.090940308993506247,NaN,NaN,NaN
varms_2,2 x MS0(pi/2),existing_coarse,heatmap,rabi_sideband,rabi,sideband,939,16,26,1,0,1.3333333333333333,0,0.32825817632187904,0.55718411896453979,0.057278852356790554,0.057278852356790554,0.11455770471358111,-0.22892594264266075,1.2944889472286385e-10,0.99998800588249515,0.2289379368896145,0.7710620631103855,-0.11291066399627378,NaN,NaN,NaN
varms_2,2 x MS0(pi/2),existing_coarse,heatmap,rabi_sideband,rabi,sideband,940,17,26,1.0133333333333334,0,1.3333333333333333,0,0.30732515076114231,0.57593306946195577,0.058370889888450919,0.058370889888450919,0.11674177977690184,-0.26860791870081346,1.2944889472286385e-10,0.99998800588249515,0.26861991294776721,0.73138008705223279,-0.13585686817224482,NaN,NaN,NaN
varms_2,2 x MS0(pi/2),existing_coarse,heatmap,rabi_sideband,rabi,sideband,941,18,26,1.0266666666666666,0,1.3333333333333333,0,0.286624619661068,0.59446055451380164,0.059457412912565177,0.059457412912565177,0.11891482582513035,-0.30783593485273364,1.2944889472286385e-10,0.99998800588249515,0.30784792909968739,0.69215207090031261,-0.15979847736809003,NaN,NaN,NaN
varms_2,2 x MS0(pi/2),existing_coarse,heatmap,rabi_sideband,rabi,sideband,942,19,26,1.04,0,1.3333333333333333,0,0.26622203500034836,0.61270213161135645,0.060537916694147591,0.060537916694147591,0.12107583338829518,-0.34648009661100809,1.2944889472286385e-10,0.99998800588249515,0.34649209085796184,0.65350790914203816,-0.18474915196108327,NaN,NaN,NaN
varms_2,2 x MS0(pi/2),existing_coarse,heatmap,rabi_sideband,rabi,sideband,943,20,26,1.0533333333333332,0,1.3333333333333333,0,0.24618485090773759,0.63059133535231704,0.061611906869972685,0.061611906869972685,0.12322381373994537,-0.38440648444457948,1.2944889472286385e-10,0.99998800588249515,0.38441847869153323,0.61558152130846677,-0.21071442541335889,NaN,NaN,NaN
varms_2,2 x MS0(pi/2),existing_coarse,heatmap,rabi_sideband,rabi,sideband,944,21,26,1.0666666666666667,0,1.3333333333333333,0,0.2265822972252802,0.64805990015581949,0.062678901309450169,0.062678901309450169,0.12535780261890034,-0.42147760293053926,1.2944889472286385e-10,0.99998800588249515,0.42148959717749301,0.57851040282250699,-0.23768882712227446,NaN,NaN,NaN
varms_2,2 x MS0(pi/2),existing_coarse,heatmap,rabi_sideband,rabi,sideband,945,22,26,1.0800000000000001,0,1.3333333333333333,0,0.20748513091982992,0.66503801220112047,0.063738428439524805,0.063738428439524805,0.12747685687904961,-0.45755288128129057,1.2944889472286385e-10,0.99998800588249515,0.45756487552824432,0.54243512447175568,-0.26565219622364927,NaN,NaN,NaN
varms_2,2 x MS0(pi/2),existing_coarse,heatmap,rabi_sideband,rabi,sideband,946,23,26,1.0933333333333333,0,1.3333333333333333,0,0.18896535400925377,0.68145458468932008,0.064790030650713065,0.064790030650713065,0.12958006130142613,-0.49248923068006634,1.2944889472286385e-10,0.99998800588249515,0.49250122492702009,0.50749877507297991,-0.29456500165058702,NaN,NaN,NaN
varms_2,2 x MS0(pi/2),existing_coarse,heatmap,rabi_sideband,rabi,sideband,947,24,26,1.1066666666666667,0,1.3333333333333333,0,0.17109591468829694,0.69723755646692953,0.065833264422386781,0.065833264422386781,0.13166652884477356,-0.52614164177863265,1.2944889472286385e-10,0.99998800588249515,0.5261536360255864,0.4738463639744136,-0.32436244755348193,NaN,NaN,NaN
varms_2,2 x MS0(pi/2),existing_coarse,heatmap,rabi_sideband,rabi,sideband,948,25,26,1.1200000000000001,0,1.3333333333333333,0,0.15395037418550891,0.71231423069526212,0.066867697559614483,0.066867697559614483,0.13373539511922897,-0.55836385650975318,1.2944889472286385e-10,0.99998800588249515,0.55837585075670693,0.44162414924329307,-0.35494718619292975,NaN,NaN,NaN
varms_2,2 x MS0(pi/2),existing_coarse,heatmap,rabi_sideband,rabi,sideband,949,26,26,1.1333333333333333,0,1.3333333333333333,0,0.13760255454687156,0.72661161656503748,0.067892914444045535,0.067892914444045535,0.13578582888809107,-0.58900906201816594,1.2944889472286385e-10,0.99998800588249515,0.58902105626511969,0.41097894373488031,-0.38618042837698818,NaN,NaN,NaN
varms_2,2 x MS0(pi/2),existing_coarse,heatmap,rabi_sideband,rabi,sideband,950,27,26,1.1466666666666667,0,1.3333333333333333,0,0.12212615452983175,0.74005681899751397,0.068908513236327143,0.068908513236327143,0.13781702647265429,-0.61793066446768219,1.2944889472286385e-10,0.99998800588249515,0.61794265871463594,0.38205734128536406,-0.41787145087118427,NaN,NaN,NaN
varms_2,2 x MS0(pi/2),existing_coarse,heatmap,rabi_sideband,rabi,sideband,951,28,26,1.1599999999999999,0,1.3333333333333333,0,0.10759434671017325,0.75257743434732438,0.069914109471251151,0.069914109471251151,0.1398282189425023,-0.64498308763715118,1.2944889472286385e-10,0.99998800588249515,0.64499508188410493,0.35500491811589507,-0.44976563033702016,NaN,NaN,NaN
varms_2,2 x MS0(pi/2),existing_coarse,heatmap,rabi_sideband,rabi,sideband,952,29,26,1.1733333333333333,0,1.3333333333333333,0,0.094079346996416596,0.76410198402039975,0.070909334491591813,0.070909334491591813,0.14181866898318363,-0.67002263702398313,1.2944889472286385e-10,0.99998800588249515,0.67003463127093688,0.32996536872906312,-0.48153163878607164,NaN,NaN,NaN
varms_2,2 x MS0(pi/2),existing_coarse,heatmap,rabi_sideband,rabi,sideband,953,30,26,1.1866666666666668,0,1.3333333333333333,0,0.081651967467497338,0.7745603610389834,0.071893835746759657,0.071893835746759657,0.14378767149351931,-0.69290839357148604,1.2944889472286385e-10,0.99998800588249515,0.69292038781843979,0.30707961218156021,-0.51274901654608962,NaN,NaN,NaN
varms_2,2 x MS0(pi/2),existing_coarse,heatmap,rabi_sideband,rabi,sideband,954,31,26,1.2,0,1.3333333333333333,0,0.070381141859815768,0.78388429669368986,0.072867280723247191,0.072867280723247191,0.14573456144649438,-0.71350315483387405,1.2944889472286385e-10,0.99998800588249515,0.7135151490808278,0.2864848509191722,-0.54289833822069822,NaN,NaN,NaN
varms_2,2 x MS0(pi/2),existing_coarse,heatmap,rabi_sideband,rabi,sideband,955,1,27,0.80000000000000004,0,1.4666666666666666,0,0.71613426896298371,0.26219150098012994,0.010837115028443148,0.010837115028443148,0.021674230056886297,0.45394276798285377,1.2944889472286385e-10,0.99998800588249515,0,1,0,NaN,NaN,NaN
varms_2,2 x MS0(pi/2),existing_coarse,heatmap,rabi_sideband,rabi,sideband,956,2,27,0.81333333333333335,0,1.4666666666666666,0,0.69966986431814149,0.27797241139772944,0.011178862142064608,0.011178862142064608,0.022357724284129216,0.42169745292041205,1.2944889472286385e-10,0.99998800588249515,0,1,0,NaN,NaN,NaN
varms_2,2 x MS0(pi/2),existing_coarse,heatmap,rabi_sideband,rabi,sideband,957,3,27,0.82666666666666666,0,1.4666666666666666,0,0.68267254865896487,0.29427812656831098,0.011524662386362043,0.011524662386362043,0.023049324772724086,0.38839442209065389,1.2944889472286385e-10,0.99998800588249515,0,1,0,NaN,NaN,NaN
varms_2,2 x MS0(pi/2),existing_coarse,heatmap,rabi_sideband,rabi,sideband,958,4,27,0.83999999999999997,0,1.4666666666666666,0,0.66515342908825015,0.31109771023192884,0.011874430339910529,0.011874430339910529,0.023748860679821057,0.35405571885632131,1.2944889472286385e-10,0.99998800588249515,0,1,0,NaN,NaN,NaN
varms_2,2 x MS0(pi/2),existing_coarse,heatmap,rabi_sideband,rabi,sideband,959,5,27,0.85333333333333339,0,1.4666666666666666,0,0.64712605044480953,0.32841779189756903,0.01222807882881072,0.01222807882881072,0.024456157657621439,0.3187082585472405,1.2944889472286385e-10,0.99998800588249515,0,1,0,NaN,NaN,NaN
varms_2,2 x MS0(pi/2),existing_coarse,heatmap,rabi_sideband,rabi,sideband,960,6,27,0.8666666666666667,0,1.4666666666666666,0,0.62860650492739023,0.3462224586991598,0.012585518186725009,0.012585518186725009,0.025171036373450018,0.28238404622823043,1.2944889472286385e-10,0.99998800588249515,0,1,0,NaN,NaN,NaN
varms_2,2 x MS0(pi/2),existing_coarse,heatmap,rabi_sideband,rabi,sideband,961,7,27,0.88,0,1.4666666666666666,0,0.60961351864996172,0.36449316307250668,0.012946659138765738,0.012946659138765738,0.025893318277531475,0.24512035557745504,1.2944889472286385e-10,0.99998800588249515,0,1,0,NaN,NaN,NaN
varms_2,2 x MS0(pi/2),existing_coarse,heatmap,rabi_sideband,rabi,sideband,962,8,27,0.89333333333333331,0,1.4666666666666666,0,0.59016856089996128,0.38320861996442129,0.01331140956780876,0.01331140956780876,0.02662281913561752,0.20695994093553999,1.2944889472286385e-10,0.99998800588249515,0,1,0,NaN,NaN,NaN
varms_2,2 x MS0(pi/2),existing_coarse,heatmap,rabi_sideband,rabi,sideband,963,9,27,0.90666666666666662,0,1.4666666666666666,0,0.57029593252290312,0.40234471810945249,0.013679674683822174,0.013679674683822174,0.027359349367644347,0.16795121441345062,1.2944889472286385e-10,0.99998800588249515,0,1,0,NaN,NaN,NaN
varms_2,2 x MS0(pi/2),existing_coarse,heatmap,rabi_sideband,rabi,sideband,964,10,27,0.92000000000000004,0,1.4666666666666666,0,0.55002284211929053,0.42187443916506107,0.014051359357824207,0.014051359357824207,0.028102718715648414,0.12814840295422947,1.2944889472286385e-10,0.99998800588249515,0,1,0,NaN,NaN,NaN
varms_2,2 x MS0(pi/2),existing_coarse,heatmap,rabi_sideband,rabi,sideband,965,11,27,0.93333333333333335,0,1.4666666666666666,0,0.52937947689274434,0.44176778851828019,0.014426367294487817,0.014426367294487817,0.028852734588975634,0.087611688374464147,1.2944889472286385e-10,0.99998800588249515,0,1,0,NaN,NaN,NaN
varms_2,2 x MS0(pi/2),existing_coarse,heatmap,rabi_sideband,rabi,sideband,966,12,27,0.94666666666666666,0,1.4666666666666666,0,0.50839906831642523,0.46199173011893685,0.014804600782318987,0.014804600782318987,0.029609201564637973,0.046407338197488379,1.2944889472286385e-10,0.99998800588249515,0,1,0,NaN,NaN,NaN
varms_2,2 x MS0(pi/2),existing_coarse,heatmap,rabi_sideband,rabi,sideband,967,13,27,0.95999999999999996,0,1.4666666666666666,0,0.48711794472770192,0.48251013326441017,0.015185961003943971,0.015185961003943971,0.030371922007887943,0.0046078114632917555,1.2944889472286385e-10,0.99998800588249515,0,1,0,NaN,NaN,NaN
varms_2,2 x MS0(pi/2),existing_coarse,heatmap,rabi_sideband,rabi,sideband,968,14,27,0.97333333333333338,0,1.4666666666666666,0,0.46557557039220338,0.50328373411485428,0.015570347746471178,0.015570347746471178,0.031140695492942357,-0.0377081637226509,1.2944889472286385e-10,0.99998800588249515,0.037720157969604706,0.96227984203039529,-0.016698611770739735,NaN,NaN,NaN
varms_2,2 x MS0(pi/2),existing_coarse,heatmap,rabi_sideband,rabi,sideband,969,15,27,0.98666666666666669,0,1.4666666666666666,0,0.44381457117873069,0.52427010920637407,0.015957659807447608,0.015957659807447608,0.031915319614895216,-0.080455538027643381,1.2944889472286385e-10,0.99998800588249515,0.080467532274597131,0.91953246772540287,-0.036432931673275541,NaN,NaN,NaN
varms_2,2 x MS0(pi/2),existing_coarse,heatmap,rabi_sideband,rabi,sideband,970,16,27,1,0,1.4666666666666666,0,0.4218807476549562,0.54542366236339135,0.016347794990826239,0.016347794990826239,0.032695589981652479,-0.12354291470843515,1.2944889472286385e-10,0.99998800588249515,0.1235549089553889,0.8764450910446111,-0.057275287103910048,NaN,NaN,NaN
varms_2,2 x MS0(pi/2),existing_coarse,heatmap,rabi_sideband,rabi,sideband,971,17,27,1.0133333333333334,0,1.4666666666666666,0,0.39982306969995551,0.56669562959769737,0.016740650351173572,0.016740650351173572,0.033481300702347144,-0.16687255989774186,1.2944889472286385e-10,0.99998800588249515,0.16688455414469561,0.83311544585530439,-0.079294813690512819,NaN,NaN,NaN
varms_2,2 x MS0(pi/2),existing_coarse,heatmap,rabi_sideband,rabi,sideband,972,18,27,1.0266666666666666,0,1.4666666666666666,0,0.37769365517872294,0.58803410095470388,0.017136121933286626,0.017136121933286626,0.034272243866573252,-0.21034044577598093,1.2944889472286385e-10,0.99998800588249515,0.21035244002293474,0.78964755997706526,-0.10256670226652698,NaN,NaN,NaN
varms_2,2 x MS0(pi/2),existing_coarse,heatmap,rabi_sideband,rabi,sideband,973,19,27,1.04,0,1.4666666666666666,0,0.35554773021231412,0.60938405925145622,0.017534105268114768,0.017534105268114768,0.035068210536229535,-0.25383632903914211,1.2944889472286385e-10,0.99998800588249515,0.25384832328609586,0.74615167671390414,-0.12717288075225677,NaN,NaN,NaN
varms_2,2 x MS0(pi/2),existing_coarse,heatmap,rabi_sideband,rabi,sideband,974,20,27,1.0533333333333332,0,1.4666666666666666,0,0.33344356913068846,0.63068744008891986,0.01793449539019585,0.01793449539019585,0.035868990780391699,-0.2972438709582314,1.2944889472286385e-10,0.99998800588249515,0.2972558652051851,0.7027441347948149,-0.15320277039057056,NaN,NaN,NaN
varms_2,2 x MS0(pi/2),existing_coarse,heatmap,rabi_sideband,rabi,sideband,975,21,27,1.0666666666666667,0,1.4666666666666666,0,0.31144241473085144,0.6518832115377946,0.018337186865676949,0.018337186865676949,0.036674373731353897,-0.34044079680694317,1.2944889472286385e-10,0.99998800588249515,0.34045279105389692,0.65954720894610308,-0.18075411315627177,NaN,NaN,NaN
varms_2,2 x MS0(pi/2),existing_coarse,heatmap,rabi_sideband,rabi,sideband,976,22,27,1.0800000000000001,0,1.4666666666666666,0,0.28960837458303701,0.67290747754475611,0.018742073936103422,0.018742073936103422,0.037484147872206844,-0.3832991029617191,1.2944889472286385e-10,0.99998800588249515,0.38331109720867285,0.61668890279132715,-0.20993386655643162,NaN,NaN,NaN
varms_2,2 x MS0(pi/2),existing_coarse,heatmap,rabi_sideband,rabi,sideband,977,23,27,1.0933333333333333,0,1.4666666666666666,0,0.26800829512729524,0.69369360317029871,0.019149050851202973,0.019149050851202973,0.038298101702405947,-0.42568530804300347,1.2944889472286385e-10,0.99998800588249515,0.42569730228995717,0.57430269771004283,-0.24085914367385067,NaN,NaN,NaN
varms_2,2 x MS0(pi/2),existing_coarse,heatmap,rabi_sideband,rabi,sideband,978,24,27,1.1066666666666667,0,1.4666666666666666,0,0.24671161311939205,0.71417236317644361,0.019558011852082165,0.019558011852082165,0.039116023704164331,-0.46746075005705157,1.2944889472286385e-10,0.99998800588249515,0.46747274430400532,0.53252725569599468,-0.27365815935317511,NaN,NaN,NaN
varms_2,2 x MS0(pi/2),existing_coarse,heatmap,rabi_sideband,rabi,sideband,979,25,27,1.1200000000000001,0,1.4666666666666666,0,0.22579017570500709,0.73427212090834382,0.019968851693324519,0.019968851693324519,0.039937703386649037,-0.50848194520333667,1.2944889472286385e-10,0.99998800588249515,0.50849393945029042,0.49150606054970958,-0.30847112270047489,NaN,NaN,NaN
varms_2,2 x MS0(pi/2),existing_coarse,heatmap,rabi_sideband,rabi,sideband,980,26,27,1.1333333333333333,0,1.4666666666666666,0,0.20531804709211512,0.75391902386124976,0.020381464523317516,0.020381464523317516,0.040762929046635032,-0.54860097676913466,1.2944889472286385e-10,0.99998800588249515,0.54861297101608841,0.45138702898391159,-0.3454509249251802,NaN,NaN,NaN
varms_2,2 x MS0(pi/2),existing_coarse,heatmap,rabi_sideband,rabi,sideband,981,27,27,1.1466666666666667,0,1.4666666666666666,0,0.18537126939372953,0.77303723805590518,0.020795746275182641,0.020795746275182641,0.041591492550365282,-0.58766596866217569,1.2944889472286385e-10,0.99998800588249515,0.58767796290912944,0.41232203709087056,-0.38476345314139809,NaN,NaN,NaN
varms_2,2 x MS0(pi/2),existing_coarse,heatmap,rabi_sideband,rabi,sideband,982,28,27,1.1599999999999999,0,1.4666666666666666,0,0.16602761457104892,0.79154919967409698,0.02121159287742708,0.02121159287742708,0.04242318575485416,-0.62552158510304801,1.2944889472286385e-10,0.99998800588249515,0.62553357935000187,0.37446642064999813,-0.42658712050190867,NaN,NaN,NaN
varms_2,2 x MS0(pi/2),existing_coarse,heatmap,rabi_sideband,rabi,sideband,983,29,27,1.1733333333333333,0,1.4666666666666666,0,0.14736629673439214,0.80937590035013318,0.021628901457737323,0.021628901457737323,0.043257802915474645,-0.66200960361574102,1.2944889472286385e-10,0.99998800588249515,0.66202159786269477,0.33797840213730523,-0.47111105159300498,NaN,NaN,NaN
varms_2,2 x MS0(pi/2),existing_coarse,heatmap,rabi_sideband,rabi,sideband,984,30,27,1.1866666666666668,0,1.4666666666666666,0,0.12946766092415932,0.82643719895048018,0.02204757006268027,0.02204757006268027,0.044095140125360539,-0.69696953802632089,1.2944889472286385e-10,0.99998800588249515,0.69698153227327464,0.30301846772672536,-0.51853090223235165,NaN,NaN,NaN
varms_2,2 x MS0(pi/2),existing_coarse,heatmap,rabi_sideband,rabi,sideband,985,31,27,1.2,0,1.4666666666666666,0,0.11241284117828351,0.8426521612906136,0.022467498765551479,0.022467498765551479,0.044934997531102958,-0.73023932011233006,1.2944889472286385e-10,0.99998800588249515,0.73025131435928381,0.26974868564071619,-0.56904066275394838,NaN,NaN,NaN
varms_2,2 x MS0(pi/2),existing_coarse,heatmap,rabi_sideband,rabi,sideband,986,1,28,0.80000000000000004,0,1.6000000000000001,0,0.77008675151173578,0.22980575668393829,5.3745902162937062e-05,5.3745902162937062e-05,0.00010749180432587412,0.54028099482779746,1.2944889472286385e-10,0.99998800588249515,0,1,0,NaN,NaN,NaN
varms_2,2 x MS0(pi/2),existing_coarse,heatmap,rabi_sideband,rabi,sideband,987,2,28,0.81333333333333335,0,1.6000000000000001,0,0.75581457564105325,0.24407406346487259,5.5680447037145137e-05,5.5680447037145137e-05,0.00011136089407429027,0.51174051217618066,1.2944889472286385e-10,0.99998800588249515,0,1,0,NaN,NaN,NaN
varms_2,2 x MS0(pi/2),existing_coarse,heatmap,rabi_sideband,rabi,sideband,988,3,28,0.82666666666666666,0,1.6000000000000001,0,0.7410126028376659,0.25887208714394511,5.7655009194466046e-05,5.7655009194466046e-05,0.00011531001838893209,0.48214051569372079,1.2944889472286385e-10,0.99998800588249515,0,1,0,NaN,NaN,NaN
varms_2,2 x MS0(pi/2),existing_coarse,heatmap,rabi_sideband,rabi,sideband,989,4,28,0.83999999999999997,0,1.6000000000000001,0,0.72568411268146271,0.27419654739111249,5.9669963712376496e-05,5.9669963712376496e-05,0.00011933992742475299,0.45148756529035022,1.2944889472286385e-10,0.99998800588249515,0,1,0,NaN,NaN,NaN
varms_2,2 x MS0(pi/2),existing_coarse,heatmap,rabi_sideband,rabi,sideband,990,5,28,0.85333333333333339,0,1.6000000000000001,0,0.70983421698534066,0.29004233190291329,6.1725555873028173e-05,6.1725555873028173e-05,0.00012345111174605635,0.41979188508242737,1.2944889472286385e-10,0.99998800588249515,0,1,0,NaN,NaN,NaN
varms_2,2 x MS0(pi/2),existing_coarse,heatmap,rabi_sideband,rabi,sideband,991,6,28,0.8666666666666667,0,1.6000000000000001,0,0.69346997398895005,0.30640238144656695,6.3822282241440668e-05,6.3822282241440668e-05,0.00012764456448288134,0.3870675925423831,1.2944889472286385e-10,0.99998800588249515,0,1,0,NaN,NaN,NaN
varms_2,2 x MS0(pi/2),existing_coarse,heatmap,rabi_sideband,rabi,sideband,992,7,28,0.88,0,1.6000000000000001,0,0.67660047708102655,0.32326760191236853,6.5960503302457286e-05,6.5960503302457286e-05,0.00013192100660491457,0.35333287516865802,1.2944889472286385e-10,0.99998800588249515,0,1,0,NaN,NaN,NaN
varms_2,2 x MS0(pi/2),existing_coarse,heatmap,rabi_sideband,rabi,sideband,993,8,28,0.89333333333333331,0,1.6000000000000001,0,0.6592369550753705,0.34062676375309309,6.814058576815205e-05,6.814058576815205e-05,0.0001362811715363041,0.31861019132227741,1.2944889472286385e-10,0.99998800588249515,0,1,0,NaN,NaN,NaN
varms_2,2 x MS0(pi/2),existing_coarse,heatmap,rabi_sideband,rabi,sideband,994,9,28,0.90666666666666662,0,1.6000000000000001,0,0.6413928685091701,0.35846640567346161,7.0362908684129936e-05,7.0362908684129936e-05,0.00014072581736825987,0.28292646283570849,1.2944889472286385e-10,0.99998800588249515,0,1,0,NaN,NaN,NaN
varms_2,2 x MS0(pi/2),existing_coarse,heatmap,rabi_sideband,rabi,sideband,995,10,28,0.92000000000000004,0,1.6000000000000001,0,0.62308400189455815,0.37677074242068759,7.2627842377079611e-05,7.2627842377079611e-05,0.00014525568475415922,0.24631325947387056,1.2944889472286385e-10,0.99998800588249515,0,1,0,NaN,NaN,NaN
varms_2,2 x MS0(pi/2),existing_coarse,heatmap,rabi_sideband,rabi,sideband,996,11,28,0.93333333333333335,0,1.6000000000000001,0,0.60432855218386472,0.39552157625975998,7.4935778187614377e-05,7.4935778187614377e-05,0.00014987155637522875,0.20880697592410474,1.2944889472286385e-10,0.99998800588249515,0,1,0,NaN,NaN,NaN
varms_2,2 x MS0(pi/2),existing_coarse,heatmap,rabi_sideband,rabi,sideband,997,12,28,0.94666666666666666,0,1.6000000000000001,0,0.58514721266079917,0.41469821314401878,7.7287097591041023e-05,7.7287097591041023e-05,0.00015457419518208205,0.17044899951678039,1.2944889472286385e-10,0.99998800588249515,0,1,0,NaN,NaN,NaN
varms_2,2 x MS0(pi/2),existing_coarse,heatmap,rabi_sideband,rabi,sideband,998,13,28,0.95999999999999996,0,1.6000000000000001,0,0.56556325142884778,0.43427738418367839,7.9682193736908285e-05,7.9682193736908285e-05,0.00015936438747381657,0.13128586724516939,1.2944889472286385e-10,0.99998800588249515,0,1,0,NaN,NaN,NaN
varms_2,2 x MS0(pi/2),existing_coarse,heatmap,rabi_sideband,rabi,sideband,999,14,28,0.97333333333333338,0,1.6000000000000001,0,0.54560258335124578,0.45423317371102184,8.2121468866154298e-05,8.2121468866154298e-05,0.0001642429377323086,0.091369409640223942,1.2944889472286385e-10,0.99998800588249515,0,1,0,NaN,NaN,NaN
varms_2,2 x MS0(pi/2),existing_coarse,heatmap,rabi_sideband,rabi,sideband,1000,15,28,0.98666666666666669,0,1.6000000000000001,0,0.52529383514687766,0.47453695421208603,8.4605320518150738e-05,8.4605320518150738e-05,0.00016921064103630148,0.050756880934791637,1.2944889472286385e-10,0.99998800588249515,0,1,0,NaN,NaN,NaN
varms_2,2 x MS0(pi/2),existing_coarse,heatmap,rabi_sideband,rabi,sideband,1001,16,28,1,0,1.6000000000000001,0,0.50466840214220154,0.49515732952831581,8.7134164741363166e-05,8.7134164741363166e-05,0.00017426832948272633,0.0095110726138857293,1.2944889472286385e-10,0.99998800588249515,0,1,0,NaN,NaN,NaN
varms_2,2 x MS0(pi/2),existing_coarse,heatmap,rabi_sideband,rabi,sideband,1002,17,28,1.0133333333333334,0,1.6000000000000001,0,0.4837604958852374,0.51606008730482467,8.970840496896536e-05,8.970840496896536e-05,0.00017941680993793072,-0.03229959141958727,1.2944889472286385e-10,0.99998800588249515,0.032311585666541021,0.96768841433345898,-0.014264458517113835,NaN,NaN,NaN
varms_2,2 x MS0(pi/2),existing_coarse,heatmap,rabi_sideband,rabi,sideband,1003,18,28,1.0266666666666666,0,1.6000000000000001,0,0.46260718188625538,0.53720816118790848,9.232846291801764e-05,9.232846291801764e-05,0.00018465692583603528,-0.074600979301653103,1.2944889472286385e-10,0.99998800588249515,0.074612973548606853,0.92538702645139315,-0.033676593424911506,NaN,NaN,NaN
varms_2,2 x MS0(pi/2),existing_coarse,heatmap,rabi_sideband,rabi,sideband,1004,19,28,1.04,0,1.6000000000000001,0,0.44124840584110209,0.55856160462250093,9.4994768198501886e-05,9.4994768198501886e-05,0.00018998953639700377,-0.11731319878139884,1.2944889472286385e-10,0.99998800588249515,0.11732519302835254,0.88267480697164746,-0.054199268733081299,NaN,NaN,NaN
varms_2,2 x MS0(pi/2),existing_coarse,heatmap,rabi_sideband,rabi,sideband,1005,20,28,1.0533333333333332,0,1.6000000000000001,0,0.41972700822084835,0.58007757626904111,9.7707755055264655e-05,9.7707755055264655e-05,0.00019541551011052931,-0.16035056804819275,1.2944889472286385e-10,0.99998800588249515,0.16036256229514645,0.83963743770485355,-0.07590820536101614,NaN,NaN,NaN
varms_2,2 x MS0(pi/2),existing_coarse,heatmap,rabi_sideband,rabi,sideband,1006,21,28,1.0666666666666667,0,1.6000000000000001,0,0.39808872524060873,0.60171033906061322,0.0001004678493890227,0.0001004678493890227,0.0002009356987780454,-0.20362161382000449,1.2944889472286385e-10,0.99998800588249515,0.20363360806695829,0.79636639193304171,-0.098887076251367514,NaN,NaN,NaN
varms_2,2 x MS0(pi/2),existing_coarse,heatmap,rabi_sideband,rabi,sideband,1007,22,28,1.0800000000000001,0,1.6000000000000001,0,0.37638217574118654,0.62341127320421008,0.00010327552730169692,0.00010327552730169692,0.00020655105460339385,-0.24702909746302354,1.2944889472286385e-10,0.99998800588249515,0.24704109170997735,0.75295890829002265,-0.12322872418421872,NaN,NaN,NaN
varms_2,2 x MS0(pi/2),existing_coarse,heatmap,rabi_sideband,rabi,sideband,1008,23,28,1.0933333333333333,0,1.6000000000000001,0,0.3546588327050535,0.64512890482504037,0.00010613123495310175,0.00010613123495310175,0.0002122624699062035,-0.29047007211998688,1.2944889472286385e-10,0.99998800588249515,0.29048206636694063,0.70951793363305937,-0.14903662292751166,NaN,NaN,NaN
varms_2,2 x MS0(pi/2),existing_coarse,heatmap,rabi_sideband,rabi,sideband,1009,24,28,1.1066666666666667,0,1.6000000000000001,0,0.33297297869628972,0.66680895045698541,0.00010903542336243715,0.00010903542336243715,0.0002180708467248743,-0.33383597176069568,1.2944889472286385e-10,0.99998800588249515,0.33384796600764943,0.66615203399235057,-0.17642664171749339,NaN,NaN,NaN
varms_2,2 x MS0(pi/2),existing_coarse,heatmap,rabi_sideband,rabi,sideband,1010,25,28,1.1200000000000001,0,1.6000000000000001,0,0.31138164328073886,0.68839437961532024,0.00011198855197049222,0.00011198855197049222,0.00022397710394098444,-0.37701273633458138,1.2944889472286385e-10,0.99998800588249515,0.37702473058153518,0.62297526941846482,-0.2055291934183183,NaN,NaN,NaN
varms_2,2 x MS0(pi/2),existing_coarse,heatmap,rabi_sideband,rabi,sideband,1011,26,28,1.1333333333333333,0,1.6000000000000001,0,0.28994452264870951,0.70982549505227821,0.00011499114950620304,0.00011499114950620304,0.00022998229901240608,-0.4198809724035687,1.2944889472286385e-10,0.99998800588249515,0.41989296665052245,0.58010703334947755,-0.23649186901550875,NaN,NaN,NaN
varms_2,2 x MS0(pi/2),existing_coarse,heatmap,rabi_sideband,rabi,sideband,1012,27,28,1.1466666666666667,0,1.6000000000000001,0,0.26872387941782677,0.73104003320609301,0.00011804368804008549,0.00011804368804008549,0.00023608737608017097,-0.46231615378826624,1.2944889472286385e-10,0.99998800588249515,0.46232814803521993,0.53767185196478007,-0.26948269898197413,NaN,NaN,NaN
varms_2,2 x MS0(pi/2),existing_coarse,heatmap,rabi_sideband,rabi,sideband,1013,28,28,1.1599999999999999,0,1.6000000000000001,0,0.24778442270716905,0.75197328393984897,0.00012114667649094229,0.00012114667649094229,0.00024229335298188459,-0.50418886123267992,1.2944889472286385e-10,0.99998800588249515,0.50420085547963367,0.49579914452036633,-0.30469422692359233,NaN,NaN,NaN
varms_2,2 x MS0(pi/2),existing_coarse,heatmap,rabi_sideband,rabi,sideband,1014,29,28,1.1733333333333333,0,1.6000000000000001,0,0.22719316586452892,0.77255823289377712,0.00012430062084696841,0.00012430062084696841,0.00024860124169393682,-0.54536506702924825,1.2944889472286385e-10,0.99998800588249515,0.54537706127620189,0.45462293872379811,-0.34234865503903994,NaN,NaN,NaN
varms_2,2 x MS0(pi/2),existing_coarse,heatmap,rabi_sideband,rabi,sideband,1015,30,28,1.1866666666666668,0,1.6000000000000001,0,0.20701926400623641,0.79272572380761197,0.00012750609307580574,0.00012750609307580574,0.00025501218615161148,-0.58570645980137559,1.2944889472286385e-10,0.99998800588249515,0.58571845404832934,0.41428154595167066,-0.38270441178946185,NaN,NaN,NaN
varms_2,2 x MS0(pi/2),existing_coarse,heatmap,rabi_sideband,rabi,sideband,1016,31,28,1.2,0,1.6000000000000001,0,0.1873338270547919,0.81240464575912308,0.00013076359304248,0.00013076359304248,0.00026152718608496,-0.62507081870433123,1.2944889472286385e-10,0.99998800588249515,0.62508281295128487,0.37491718704871513,-0.42606465008438216,NaN,NaN,NaN
varms_2,2 x MS0(pi/2),existing_coarse,heatmap,rabi_sideband,rabi,sideband,1017,1,29,0.80000000000000004,0,1.7333333333333334,0,0.78180103696305792,0.19417412615132246,0.012012418442809859,0.012012418442809859,0.024024836885619717,0.58762691081173546,1.2944889472286385e-10,0.99998800588249515,0,1,0,NaN,NaN,NaN
varms_2,2 x MS0(pi/2),existing_coarse,heatmap,rabi_sideband,rabi,sideband,1018,2,29,0.81333333333333335,0,1.7333333333333334,0,0.76896527596092989,0.20624505098416454,0.012394836527452794,0.012394836527452794,0.024789673054905589,0.56272022497676533,1.2944889472286385e-10,0.99998800588249515,0,1,0,NaN,NaN,NaN
varms_2,2 x MS0(pi/2),existing_coarse,heatmap,rabi_sideband,rabi,sideband,1019,3,29,0.82666666666666666,0,1.7333333333333334,0,0.75566340277225352,0.2187724990757397,0.012782049076003376,0.012782049076003376,0.025564098152006751,0.53689090369651382,1.2944889472286385e-10,0.99998800588249515,0,1,0,NaN,NaN,NaN
varms_2,2 x MS0(pi/2),existing_coarse,heatmap,rabi_sideband,rabi,sideband,1020,4,29,0.83999999999999997,0,1.7333333333333334,0,0.74189658265132197,0.23175547217970571,0.013173972584486078,0.013173972584486078,0.026347945168972157,0.51014111047161625,1.2944889472286385e-10,0.99998800588249515,0,1,0,NaN,NaN,NaN
varms_2,2 x MS0(pi/2),existing_coarse,heatmap,rabi_sideband,rabi,sideband,1021,5,29,0.85333333333333339,0,1.7333333333333334,0,0.72766734257717181,0.2451916134618039,0.013570521980512168,0.013570521980512168,0.027141043961024337,0.4824757291153679,1.2944889472286385e-10,0.99998800588249515,0,1,0,NaN,NaN,NaN
varms_2,2 x MS0(pi/2),existing_coarse,heatmap,rabi_sideband,rabi,sideband,1022,6,29,0.8666666666666667,0,1.7333333333333334,0,0.71297964666972069,0.2590771338037916,0.013971609763243836,0.013971609763243836,0.027943219526487671,0.45390251286592909,1.2944889472286385e-10,0.99998800588249515,0,1,0,NaN,NaN,NaN
varms_2,2 x MS0(pi/2),existing_coarse,heatmap,rabi_sideband,rabi,sideband,1023,7,29,0.88,0,1.7333333333333334,0,0.69783897007188567,0.27340673660856785,0.014377146659773141,0.014377146659773141,0.028754293319546282,0.42443223346331782,1.2944889472286385e-10,0.99998800588249515,0,1,0,NaN,NaN,NaN
varms_2,2 x MS0(pi/2),existing_coarse,heatmap,rabi_sideband,rabi,sideband,1024,8,29,0.89333333333333331,0,1.7333333333333334,0,0.68225237305591691,0.28817354384983174,0.014787041547125668,0.014787041547125668,0.029574083094251337,0.39407882920608517,1.2944889472286385e-10,0.99998800588249515,0,1,0,NaN,NaN,NaN
varms_2,2 x MS0(pi/2),existing_coarse,heatmap,rabi_sideband,rabi,sideband,1025,9,29,0.90666666666666662,0,1.7333333333333334,0,0.66622857320109052,0.30336902278954386,0.015201202004682829,0.015201202004682829,0.030402404009365658,0.36285955041154666,1.2944889472286385e-10,0.99998800588249515,0,1,0,NaN,NaN,NaN
varms_2,2 x MS0(pi/2),existing_coarse,heatmap,rabi_sideband,rabi,sideband,1026,10,29,0.92000000000000004,0,1.7333333333333334,0,0.64977801471601249,0.31898291759615355,0.015619533843916985,0.015619533843916985,0.031239067687833969,0.33079509711985894,1.2944889472286385e-10,0.99998800588249515,0,1,0,NaN,NaN,NaN
varms_2,2 x MS0(pi/2),existing_coarse,heatmap,rabi_sideband,rabi,sideband,1027,11,29,0.93333333333333335,0,1.7333333333333334,0,0.63291293648159475,0.33500318120078854,0.016041941158808384,0.016041941158808384,0.032083882317616767,0.29790975528080621,1.2944889472286385e-10,0.99998800588249515,0,1,0,NaN,NaN,NaN
varms_2,2 x MS0(pi/2),existing_coarse,heatmap,rabi_sideband,rabi,sideband,1028,12,29,0.94666666666666666,0,1.7333333333333334,0,0.61564743780185782,0.35141590950850754,0.016468326344817354,0.016468326344817354,0.032936652689634707,0.26423152829335028,1.2944889472286385e-10,0.99998800588249515,0,1,0,NaN,NaN,NaN
varms_2,2 x MS0(pi/2),existing_coarse,heatmap,rabi_sideband,rabi,sideband,1029,13,29,0.95999999999999996,0,1.7333333333333334,0,0.59799754011358119,0.36820527971741007,0.016898590084504266,0.016898590084504266,0.033797180169008532,0.22979226039617112,1.2944889472286385e-10,0.99998800588249515,0,1,0,NaN,NaN,NaN
varms_2,2 x MS0(pi/2),existing_coarse,heatmap,rabi_sideband,rabi,sideband,1030,14,29,0.97333333333333338,0,1.7333333333333334,0,0.57998124372827908,0.38535349230647514,0.017332631982622835,0.017332631982622835,0.03466526396524567,0.19462775142180394,1.2944889472286385e-10,0.99998800588249515,0,1,0,NaN,NaN,NaN
varms_2,2 x MS0(pi/2),existing_coarse,heatmap,rabi_sideband,rabi,sideband,1031,15,29,0.98666666666666669,0,1.7333333333333334,0,0.5616185839757678,0.40284071715046105,0.017770349436885595,0.017770349436885595,0.03554069887377119,0.15877786682530676,1.2944889472286385e-10,0.99998800588249515,0,1,0,NaN,NaN,NaN
varms_2,2 x MS0(pi/2),existing_coarse,heatmap,rabi_sideband,rabi,sideband,1032,16,29,1,0,1.7333333333333334,0,0.54293167631615158,0.42064504549900961,0.018211639092419418,0.018211639092419418,0.036423278184838835,0.12228663081714197,1.2944889472286385e-10,0.99998800588249515,0,1,0,NaN,NaN,NaN
varms_2,2 x MS0(pi/2),existing_coarse,heatmap,rabi_sideband,rabi,sideband,1033,17,29,1.0133333333333334,0,1.7333333333333334,0,0.5239447632398232,0.43874244547772923,0.018656395641223733,0.018656395641223733,0.037312791282447466,0.085202317762093971,1.2944889472286385e-10,0.99998800588249515,0,1,0,NaN,NaN,NaN
varms_2,2 x MS0(pi/2),existing_coarse,heatmap,rabi_sideband,rabi,sideband,1034,18,29,1.0266666666666666,0,1.7333333333333334,0,0.5046842467537116,0.45710672785156681,0.01910451269736077,0.01910451269736077,0.038209025394721541,0.047577518902144789,1.2944889472286385e-10,0.99998800588249515,0,1,0,NaN,NaN,NaN
varms_2,2 x MS0(pi/2),existing_coarse,heatmap,rabi_sideband,rabi,sideband,1035,19,29,1.04,0,1.7333333333333334,0,0.48517872063657391,0.47570951368736109,0.019555882838032543,0.019555882838032543,0.039111765676065086,0.0094692069492128272,1.2944889472286385e-10,0.99998800588249515,0,1,0,NaN,NaN,NaN
varms_2,2 x MS0(pi/2),existing_coarse,heatmap,rabi_sideband,rabi,sideband,1036,20,29,1.0533333333333332,0,1.7333333333333334,0,0.46545899230921101,0.49452021381356126,0.020010396938613888,0.020010396938613888,0.040020793877227775,-0.029061221504350254,1.2944889472286385e-10,0.99998800588249515,0.02907321575130406,0.97092678424869594,-0.012813518182245225,NaN,NaN,NaN
varms_2,2 x MS0(pi/2),existing_coarse,heatmap,rabi_sideband,rabi,sideband,1037,21,29,1.0666666666666667,0,1.7333333333333334,0,0.44555809543280428,0.51350601359020387,0.020467945488495919,0.020467945488495919,0.040935890976991837,-0.067947918157399589,1.2944889472286385e-10,0.99998800588249515,0.067959912404353395,0.9320400875956466,-0.03056540798166954,NaN,NaN,NaN
varms_2,2 x MS0(pi/2),existing_coarse,heatmap,rabi_sideband,rabi,sideband,1038,22,29,1.0800000000000001,0,1.7333333333333334,0,0.42551129602163773,0.53263186910659133,0.020928417435885478,0.020928417435885478,0.041856834871770957,-0.1071205730849536,1.2944889472286385e-10,0.99998800588249515,0.10713256733190735,0.89286743266809265,-0.049213017633932883,NaN,NaN,NaN
varms_2,2 x MS0(pi/2),existing_coarse,heatmap,rabi_sideband,rabi,sideband,1039,23,29,1.0933333333333333,0,1.7333333333333334,0,0.40535608663620137,0.55186051131623548,0.021391701023781576,0.021391701023781576,0.042783402047563153,-0.14650442468003411,1.2944889472286385e-10,0.99998800588249515,0.14651641892698786,0.85348358107301214,-0.068804829227604059,NaN,NaN,NaN
varms_2,2 x MS0(pi/2),existing_coarse,heatmap,rabi_sideband,rabi,sideband,1040,24,29,1.1066666666666667,0,1.7333333333333334,0,0.38513217199780897,0.57115246056140623,0.021857683720392377,0.021857683720392377,0.043715367440784754,-0.18602028856359726,1.2944889472286385e-10,0.99998800588249515,0.18603228281055106,0.81396771718944894,-0.08939281934238083,NaN,NaN,NaN
varms_2,2 x MS0(pi/2),existing_coarse,heatmap,rabi_sideband,rabi,sideband,1041,25,29,1.1200000000000001,0,1.7333333333333334,0,0.36488144387130961,0.59046605178878508,0.022326252169952692,0.022326252169952692,0.044652504339905384,-0.22558460791747548,1.2944889472286385e-10,0.99998800588249515,0.22559660216442923,0.77440339783557077,-0.11103275014955759,NaN,NaN,NaN
varms_2,2 x MS0(pi/2),existing_coarse,heatmap,rabi_sideband,rabi,sideband,1042,26,29,1.1333333333333333,0,1.7333333333333334,0,0.3446479400495493,0.60975747444655903,0.022797292751945846,0.022797292751945846,0.045594585503891692,-0.26510953439700974,1.2944889472286385e-10,0.99998800588249515,0.26512152864396354,0.73487847135603646,-0.13378447531490725,NaN,NaN,NaN
varms_2,2 x MS0(pi/2),existing_coarse,heatmap,rabi_sideband,rabi,sideband,1043,27,29,1.1466666666666667,0,1.7333333333333334,0,0.3244777956040355,0.62898082179754988,0.023270691299207263,0.023270691299207263,0.046541382598414525,-0.30450302619351438,1.2944889472286385e-10,0.99998800588249515,0.30451502044046819,0.69548497955953181,-0.15771224506065171,NaN,NaN,NaN
varms_2,2 x MS0(pi/2),existing_coarse,heatmap,rabi_sideband,rabi,sideband,1044,28,29,1.1599999999999999,0,1.7333333333333334,0,0.30441918135909307,0.64808815239224293,0.023746333124332015,0.023746333124332015,0.04749266624866403,-0.34366897103314986,1.2944889472286385e-10,0.99998800588249515,0.34368096528010361,0.65631903471989639,-0.18288500004912836,NaN,NaN,NaN
varms_2,2 x MS0(pi/2),existing_coarse,heatmap,rabi_sideband,rabi,sideband,1045,29,29,1.1733333333333333,0,1.7333333333333334,0,0.28452222504456004,0.66702956781948797,0.024224103567975965,0.024224103567975965,0.04844820713595193,-0.38250734277492793,1.2944889472286385e-10,0.99998800588249515,0.38251933702188168,0.61748066297811832,-0.20937663821954128,NaN,NaN,NaN
varms_2,2 x MS0(pi/2),existing_coarse,heatmap,rabi_sideband,rabi,sideband,1046,30,29,1.1866666666666668,0,1.7333333333333334,0,0.26483892144544152,0.68575330257875555,0.02470388798790148,0.02470388798790148,0.04940777597580296,-0.42091438113331403,1.2944889472286385e-10,0.99998800588249515,0.42092637538026778,0.57907362461973222,-0.23726621566232756,NaN,NaN,NaN
varms_2,2 x MS0(pi/2),existing_coarse,heatmap,rabi_sideband,rabi,sideband,1047,31,29,1.2,0,1.7333333333333334,0,0.24542302516841147,0.70420583146403171,0.025185571683778406,0.025185571683778406,0.050371143367556812,-0.45878280629562024,1.2944889472286385e-10,0.99998800588249515,0.45879480054257393,0.54120519945742607,-0.26663803970778116,NaN,NaN,NaN
varms_2,2 x MS0(pi/2),existing_coarse,heatmap,rabi_sideband,rabi,sideband,1048,1,30,0.80000000000000004,0,1.8666666666666667,0,0.76404231010860468,0.16657686715289657,0.034690411369249365,0.034690411369249365,0.069380822738498729,0.59746544295570814,1.2944889472286385e-10,0.99998800588249515,0,1,0,NaN,NaN,NaN
varms_2,2 x MS0(pi/2),existing_coarse,heatmap,rabi_sideband,rabi,sideband,1049,2,30,0.81333333333333335,0,1.8666666666666667,0,0.75189332768520434,0.17673886727053567,0.035683902522129995,0.035683902522129995,0.071367805044259991,0.57515446041466867,1.2944889472286385e-10,0.99998800588249515,0,1,0,NaN,NaN,NaN
varms_2,2 x MS0(pi/2),existing_coarse,heatmap,rabi_sideband,rabi,sideband,1050,3,30,0.82666666666666666,0,1.8666666666666667,0,0.73936318359463327,0.1872705536791118,0.036683131363127425,0.036683131363127425,0.073366262726254849,0.55209262991552144,1.2944889472286385e-10,0.99998800588249515,0,1,0,NaN,NaN,NaN
varms_2,2 x MS0(pi/2),existing_coarse,heatmap,rabi_sideband,rabi,sideband,1051,4,30,0.83999999999999997,0,1.8666666666666667,0,0.72645436149949816,0.19817033441513451,0.037687652042683692,0.037687652042683692,0.075375304085367384,0.52828402708436362,1.2944889472286385e-10,0.99998800588249515,0,1,0,NaN,NaN,NaN
varms_2,2 x MS0(pi/2),existing_coarse,heatmap,rabi_sideband,rabi,sideband,1052,5,30,0.85333333333333339,0,1.8666666666666667,0,0.71317042092168215,0.20943554884471743,0.038697015116800251,0.038697015116800251,0.077394030233600503,0.50373487207696477,1.2944889472286385e-10,0.99998800588249515,0,1,0,NaN,NaN,NaN
varms_2,2 x MS0(pi/2),existing_coarse,heatmap,rabi_sideband,rabi,sideband,1053,6,30,0.8666666666666667,0,1.8666666666666667,0,0.69951604033365922,0.22106241881581176,0.03971077042526449,0.03971077042526449,0.079421540850528979,0.47845362151784743,1.2944889472286385e-10,0.99998800588249515,0,1,0,NaN,NaN,NaN
varms_2,2 x MS0(pi/2),existing_coarse,heatmap,rabi_sideband,rabi,sideband,1054,7,30,0.88,0,1.8666666666666667,0,0.68549705832751617,0.23304600257912184,0.040728469546680919,0.040728469546680919,0.081456939093361838,0.45245105574839434,1.2944889472286385e-10,0.99998800588249515,0,1,0,NaN,NaN,NaN
varms_2,2 x MS0(pi/2),existing_coarse,heatmap,rabi_sideband,rabi,sideband,1055,8,30,0.89333333333333331,0,1.8666666666666667,0,0.67112053184599829,0.24538014521539292,0.04174966146930436,0.04174966146930436,0.083499322938608719,0.42574038663060537,1.2944889472286385e-10,0.99998800588249515,0,1,0,NaN,NaN,NaN
varms_2,2 x MS0(pi/2),existing_coarse,heatmap,rabi_sideband,rabi,sideband,1056,9,30,0.90666666666666662,0,1.8666666666666667,0,0.65639478369545501,0.25805743124017372,0.042773892532185609,0.042773892532185609,0.085547785064371218,0.39833735245528129,1.2944889472286385e-10,0.99998800588249515,0,1,0,NaN,NaN,NaN
varms_2,2 x MS0(pi/2),existing_coarse,heatmap,rabi_sideband,rabi,sideband,1057,10,30,0.92000000000000004,0,1.8666666666666667,0,0.64132943332791925,0.27106914135151972,0.043800712660280551,0.043800712660280551,0.087601425320561102,0.37026029197639954,1.2944889472286385e-10,0.99998800588249515,0,1,0,NaN,NaN,NaN
varms_2,2 x MS0(pi/2),existing_coarse,heatmap,rabi_sideband,rabi,sideband,1058,11,30,0.93333333333333335,0,1.8666666666666667,0,0.62593544695150216,0.28440520967934552,0.044829671684576189,0.044829671684576189,0.089659343369152378,0.34153023727215664,1.2944889472286385e-10,0.99998800588249515,0,1,0,NaN,NaN,NaN
varms_2,2 x MS0(pi/2),existing_coarse,heatmap,rabi_sideband,rabi,sideband,1059,12,30,0.94666666666666666,0,1.8666666666666667,0,0.61022517441566726,0.29805418518059179,0.045860320201870461,0.045860320201870461,0.091720640403740922,0.31217098923507547,1.2944889472286385e-10,0.99998800588249515,0,1,0,NaN,NaN,NaN
varms_2,2 x MS0(pi/2),existing_coarse,heatmap,rabi_sideband,rabi,sideband,1060,13,30,0.95999999999999996,0,1.8666666666666667,0,0.59421238514174735,0.31200319484599004,0.046892210006131224,0.046892210006131224,0.093784420012262448,0.28220919029575731,1.2944889472286385e-10,0.99998800588249515,0,1,0,NaN,NaN,NaN
varms_2,2 x MS0(pi/2),existing_coarse,heatmap,rabi_sideband,rabi,sideband,1061,14,30,0.97333333333333338,0,1.8666666666666667,0,0.5779123019151805,0.32623791064518537,0.047924893719817015,0.047924893719817015,0.095849787439634029,0.25167439126999513,1.2944889472286385e-10,0.99998800588249515,0,1,0,NaN,NaN,NaN
varms_2,2 x MS0(pi/2),existing_coarse,heatmap,rabi_sideband,rabi,sideband,1062,15,30,0.98666666666666669,0,1.8666666666666667,0,0.56134162971963364,0.34074251883830725,0.048957925721029548,0.048957925721029548,0.097915851442059096,0.22059911088132639,1.2944889472286385e-10,0.99998800588249515,0,1,0,NaN,NaN,NaN
varms_2,2 x MS0(pi/2),existing_coarse,heatmap,rabi_sideband,rabi,sideband,1063,16,30,1,0,1.8666666666666667,0,0.5445185799178851,0.3554996946791894,0.049990862701462788,0.049990862701462788,0.099981725402925575,0.1890188852386957,1.2944889472286385e-10,0.99998800588249515,0,1,0,NaN,NaN,NaN
varms_2,2 x MS0(pi/2),existing_coarse,heatmap,rabi_sideband,rabi,sideband,1064,17,30,1.0133333333333334,0,1.8666666666666667,0,0.52746289225623477,0.37049058106649568,0.051023263338634731,0.051023263338634731,0.10204652667726946,0.15697231118973909,1.2944889472286385e-10,0.99998800588249515,0,1,0,NaN,NaN,NaN
varms_2,2 x MS0(pi/2),existing_coarse,heatmap,rabi_sideband,rabi,sideband,1065,18,30,1.0266666666666666,0,1.8666666666666667,0,0.51019585098211606,0.38569477065198543,0.052054689182949226,0.052054689182949226,0.10410937836589845,0.12450108033013063,1.2944889472286385e-10,0.99998800588249515,0,1,0,NaN,NaN,NaN
varms_2,2 x MS0(pi/2),existing_coarse,heatmap,rabi_sideband,rabi,sideband,1066,19,30,1.04,0,1.8666666666666667,0,0.49274029516141254,0.40109029627767856,0.053084704280454476,0.053084704280454476,0.10616940856090895,0.091649998883733985,1.2944889472286385e-10,0.99998800588249515,0,1,0,NaN,NaN,NaN
varms_2,2 x MS0(pi/2),existing_coarse,heatmap,rabi_sideband,rabi,sideband,1067,20,30,1.0533333333333332,0,1.8666666666666667,0,0.47512062475277378,0.41665362242244469,0.054112876412390806,0.054112876412390806,0.10822575282478161,0.058467002330329088,1.2944889472286385e-10,0.99998800588249515,0,1,0,NaN,NaN,NaN
varms_2,2 x MS0(pi/2),existing_coarse,heatmap,rabi_sideband,rabi,sideband,1068,21,30,1.0666666666666667,0,1.8666666666666667,0,0.45736279936436364,0.4323596474738991,0.055138776580868638,0.055138776580868638,0.11027755316173728,0.025003151890464537,1.2944889472286385e-10,0.99998800588249515,0,1,0,NaN,NaN,NaN
varms_2,2 x MS0(pi/2),existing_coarse,heatmap,rabi_sideband,rabi,sideband,1069,22,30,1.0800000000000001,0,1.8666666666666667,0,0.43949433172039409,0.4481817074147933,0.056161980432406354,0.056161980432406354,0.11232396086481271,-0.008687375694399202,1.2944889472286385e-10,0.99998800588249515,0.0086993699413528969,0.9913006300586471,-0.0037946177892869862,NaN,NaN,NaN
varms_2,2 x MS0(pi/2),existing_coarse,heatmap,rabi_sideband,rabi,sideband,1070,23,30,1.0933333333333333,0,1.8666666666666667,0,0.42154427582990439,0.46409159223076385,0.057182065969665907,0.057182065969665907,0.11436413193933181,-0.042547316400859458,1.2944889472286385e-10,0.99998800588249515,0.042559310647813264,0.95744068935218674,-0.018888119797848445,NaN,NaN,NaN
varms_2,2 x MS0(pi/2),existing_coarse,heatmap,rabi_sideband,rabi,sideband,1071,24,30,1.1066666666666667,0,1.8666666666666667,0,0.40354320411408107,0.48005955820036289,0.058198618842778015,0.058198618842778015,0.11639723768555603,-0.076516354086281824,1.2944889472286385e-10,0.99998800588249515,0.07652834833323563,0.92347165166676437,-0.034576431803231271,NaN,NaN,NaN
varms_2,2 x MS0(pi/2),existing_coarse,heatmap,rabi_sideband,rabi,sideband,1072,25,30,1.1200000000000001,0,1.8666666666666667,0,0.38552317822317567,0.49605436596317654,0.059211227906823927,0.059211227906823927,0.11842245581364785,-0.11053118774000087,1.2944889472286385e-10,0.99998800588249515,0.11054318198695468,0.88945681801304532,-0.050875131507969212,NaN,NaN,NaN
varms_2,2 x MS0(pi/2),existing_coarse,heatmap,rabi_sideband,rabi,sideband,1073,26,30,1.1333333333333333,0,1.8666666666666667,0,0.36751771676818662,0.51204330843284995,0.060219487399481707,0.060219487399481707,0.12043897479896341,-0.14452559166466333,1.2944889472286385e-10,0.99998800588249515,0.14453758591161703,0.85546241408838297,-0.067799067025980597,NaN,NaN,NaN
varms_2,2 x MS0(pi/2),existing_coarse,heatmap,rabi_sideband,rabi,sideband,1074,27,30,1.1466666666666667,0,1.8666666666666667,0,0.34956175003143569,0.52799225545209949,0.061222997258232416,0.061222997258232416,0.12244599451646483,-0.1784305054206638,1.2944889472286385e-10,0.99998800588249515,0.1784424996676176,0.8215575003323824,-0.085362035146569745,NaN,NaN,NaN
varms_2,2 x MS0(pi/2),existing_coarse,heatmap,rabi_sideband,rabi,sideband,1075,28,30,1.1599999999999999,0,1.8666666666666667,0,0.33169156406354233,0.54386570797086675,0.062221363982795451,0.062221363982795451,0.1244427279655909,-0.21217414390732442,1.2944889472286385e-10,0.99998800588249515,0.21218613815427823,0.78781386184572177,-0.10357638190445684,NaN,NaN,NaN
varms_2,2 x MS0(pi/2),existing_coarse,heatmap,rabi_sideband,rabi,sideband,1076,29,30,1.1733333333333333,0,1.8666666666666667,0,0.31394474396124983,0.55962685568594517,0.063214200176402516,0.063214200176402516,0.12642840035280503,-0.24568211172469534,1.2944889472286385e-10,0.99998800588249515,0.24569410597164909,0.75430589402835091,-0.1224524987616004,NaN,NaN,NaN
varms_2,2 x MS0(pi/2),existing_coarse,heatmap,rabi_sideband,rabi,sideband,1077,30,30,1.1866666666666668,0,1.8666666666666667,0,0.29636010034429527,0.57523764918263709,0.064201125236533776,0.064201125236533776,0.12840225047306755,-0.27887754883834182,1.2944889472286385e-10,0.99998800588249515,0.27888954308529557,0.72111045691470443,-0.1419982066337423,NaN,NaN,NaN
varms_2,2 x MS0(pi/2),existing_coarse,heatmap,rabi_sideband,rabi,sideband,1078,31,30,1.2,0,1.8666666666666667,0,0.27897758987320098,0.59065887783883131,0.065181766143983855,0.065181766143983855,0.13036353228796771,-0.31168128796563033,1.2944889472286385e-10,0.99998800588249515,0.31169328221258408,0.68830671778741592,-0.16221799176579588,NaN,NaN,NaN
varms_2,2 x MS0(pi/2),existing_coarse,heatmap,rabi_sideband,rabi,sideband,1079,1,31,0.80000000000000004,0,2,0,0.73847066962345942,0.15212103657398429,0.054704146901278186,0.054704146901278186,0.10940829380255637,0.58634963304947507,1.2944889472286385e-10,0.99998800588249515,0,1,0,NaN,NaN,NaN
varms_2,2 x MS0(pi/2),existing_coarse,heatmap,rabi_sideband,rabi,sideband,1080,2,31,0.81333333333333335,0,2,0,0.726678266158582,0.16114772182665554,0.056087006007381229,0.056087006007381229,0.11217401201476246,0.56553054433192651,1.2944889472286385e-10,0.99998800588249515,0,1,0,NaN,NaN,NaN
varms_2,2 x MS0(pi/2),existing_coarse,heatmap,rabi_sideband,rabi,sideband,1081,3,31,0.82666666666666666,0,2,0,0.71458397813428365,0.1704813030251989,0.057467359420258754,0.057467359420258754,0.11493471884051751,0.54410267510908472,1.2944889472286385e-10,0.99998800588249515,0,1,0,NaN,NaN,NaN
varms_2,2 x MS0(pi/2),existing_coarse,heatmap,rabi_sideband,rabi,sideband,1082,4,31,0.83999999999999997,0,2,0,0.70219235143305214,0.1801188603169695,0.058844394124989194,0.058844394124989194,0.11768878824997839,0.5220734911160827,1.2944889472286385e-10,0.99998800588249515,0,1,0,NaN,NaN,NaN
varms_2,2 x MS0(pi/2),existing_coarse,heatmap,rabi_sideband,rabi,sideband,1083,5,31,0.85333333333333339,0,2,0,0.68950882571417549,0.19005655707087479,0.06021730860747488,0.06021730860747488,0.12043461721494976,0.49945226864330072,1.2944889472286385e-10,0.99998800588249515,0,1,0,NaN,NaN,NaN
varms_2,2 x MS0(pi/2),existing_coarse,heatmap,rabi_sideband,rabi,sideband,1084,6,31,0.8666666666666667,0,2,0,0.6765397599470554,0.20028960989117311,0.061585315080885751,0.061585315080885751,0.1231706301617715,0.47625015005588228,1.2944889472286385e-10,0.99998800588249515,0,1,0,NaN,NaN,NaN
varms_2,2 x MS0(pi/2),existing_coarse,heatmap,rabi_sideband,rabi,sideband,1085,7,31,0.88,0,2,0,0.66329245002470538,0.21081225961569011,0.06294764517980217,0.06294764517980217,0.12589529035960434,0.45248019040901527,1.2944889472286385e-10,0.99998800588249515,0,1,0,NaN,NaN,NaN
varms_2,2 x MS0(pi/2),existing_coarse,heatmap,rabi_sideband,rabi,sideband,1086,8,31,0.89333333333333331,0,2,0,0.64977516916436018,0.22161774229004891,0.064303544272795457,0.064303544272795457,0.12860708854559091,0.42815742687431124,1.2944889472286385e-10,0.99998800588249515,0,1,0,NaN,NaN,NaN
varms_2,2 x MS0(pi/2),existing_coarse,heatmap,rabi_sideband,rabi,sideband,1087,9,31,0.90666666666666662,0,2,0,0.63599719857567127,0.23269825887453893,0.065652271274894924,0.065652271274894924,0.13130454254978985,0.40329893970113234,1.2944889472286385e-10,0.99998800588249515,0,1,0,NaN,NaN,NaN
varms_2,2 x MS0(pi/2),existing_coarse,heatmap,rabi_sideband,rabi,sideband,1088,10,31,0.92000000000000004,0,2,0,0.62196882823954747,0.24404495668032131,0.066993107540065669,0.066993107540065669,0.13398621508013134,0.37792387155922613,1.2944889472286385e-10,0.99998800588249515,0,1,0,NaN,NaN,NaN
varms_2,2 x MS0(pi/2),existing_coarse,heatmap,rabi_sideband,rabi,sideband,1089,11,31,0.93333333333333335,0,2,0,0.60770140965467012,0.25564789868320198,0.068325345831063991,0.068325345831063991,0.13665069166212798,0.35205351097146814,1.2944889472286385e-10,0.99998800588249515,0,1,0,NaN,NaN,NaN
varms_2,2 x MS0(pi/2),existing_coarse,heatmap,rabi_sideband,rabi,sideband,1090,12,31,0.94666666666666666,0,2,0,0.59320735076820275,0.26749605019445005,0.069648299518673601,0.069648299518673601,0.1392965990373472,0.32571130057375269,1.2944889472286385e-10,0.99998800588249515,0,1,0,NaN,NaN,NaN
varms_2,2 x MS0(pi/2),existing_coarse,heatmap,rabi_sideband,rabi,sideband,1091,13,31,0.95999999999999996,0,2,0,0.57850013723300264,0.27957725956029661,0.070961301603350388,0.070961301603350388,0.14192260320670078,0.29892287767270603,1.2944889472286385e-10,0.99998800588249515,0,1,0,NaN,NaN,NaN
varms_2,2 x MS0(pi/2),existing_coarse,heatmap,rabi_sideband,rabi,sideband,1092,14,31,0.97333333333333338,0,2,0,0.56359434838122147,0.29187824449309918,0.072263703562839718,0.072263703562839718,0.14452740712567944,0.27171610388812228,1.2944889472286385e-10,0.99998800588249515,0,1,0,NaN,NaN,NaN
varms_2,2 x MS0(pi/2),existing_coarse,heatmap,rabi_sideband,rabi,sideband,1093,15,31,0.98666666666666669,0,2,0,0.54850566666258282,0.30438458036905669,0.073554876484180187,0.073554876484180187,0.14710975296836037,0.24412108629352613,1.2944889472286385e-10,0.99998800588249515,0,1,0,NaN,NaN,NaN
varms_2,2 x MS0(pi/2),existing_coarse,heatmap,rabi_sideband,rabi,sideband,1094,16,31,1,0,2,0,0.53325088416681443,0.31708069653323584,0.074834209649974906,0.074834209649974906,0.14966841929994981,0.21617018763357859,1.2944889472286385e-10,0.99998800588249515,0,1,0,NaN,NaN,NaN
varms_2,2 x MS0(pi/2),existing_coarse,heatmap,rabi_sideband,rabi,sideband,1095,17,31,1.0133333333333334,0,2,0,0.51784790393473779,0.32994986940670473,0.0761011133292787,0.0761011133292787,0.1522022266585574,0.18789803452803305,1.2944889472286385e-10,0.99998800588249515,0,1,0,NaN,NaN,NaN
varms_2,2 x MS0(pi/2),existing_coarse,heatmap,rabi_sideband,rabi,sideband,1096,18,31,1.0266666666666666,0,2,0,0.50231573933107676,0.34297422644152781,0.077355017113697772,0.077355017113697772,0.15471003422739554,0.15934151288954895,1.2944889472286385e-10,0.99998800588249515,0,1,0,NaN,NaN,NaN
varms_2,2 x MS0(pi/2),existing_coarse,heatmap,rabi_sideband,rabi,sideband,1097,19,31,1.04,0,2,0,0.48667450753469088,0.35613475008765211,0.07859537118882845,0.07859537118882845,0.1571907423776569,0.13053975744703877,1.2944889472286385e-10,0.99998800588249515,0,1,0,NaN,NaN,NaN
varms_2,2 x MS0(pi/2),existing_coarse,heatmap,rabi_sideband,rabi,sideband,1098,20,31,1.0533333333333332,0,2,0,0.47094541975765691,0.36941128719908306,0.079821646521630027,0.079821646521630027,0.15964329304326005,0.10153413255857385,1.2944889472286385e-10,0.99998800588249515,0,1,0,NaN,NaN,NaN
varms_2,2 x MS0(pi/2),existing_coarse,heatmap,rabi_sideband,rabi,sideband,1099,21,31,1.0666666666666667,0,2,0,0.45515076413293515,0.38278256706912323,0.081033334398970799,0.081033334398970799,0.1620666687979416,0.072368197063811923,1.2944889472286385e-10,0.99998800588249515,0,1,0,NaN,NaN,NaN
varms_2,2 x MS0(pi/2),existing_coarse,heatmap,rabi_sideband,rabi,sideband,1100,22,31,1.0800000000000001,0,2,0,0.43931389130565651,0.39622621448085055,0.08222994710674647,0.08222994710674647,0.16445989421349294,0.043087676824805965,1.2944889472286385e-10,0.99998800588249515,0,1,0,NaN,NaN,NaN
varms_2,2 x MS0(pi/2),existing_coarse,heatmap,rabi_sideband,rabi,sideband,1101,23,31,1.0933333333333333,0,2,0,0.42345918110624359,0.4097187813847904,0.083411018754482966,0.083411018754482966,0.16682203750896593,0.013740399721453189,1.2944889472286385e-10,0.99998800588249515,0,1,0,NaN,NaN,NaN
varms_2,2 x MS0(pi/2),existing_coarse,heatmap,rabi_sideband,rabi,sideband,1102,24,31,1.1066666666666667,0,2,0,0.40761201949333903,0.4232357716337124,0.084576104436474245,0.084576104436474245,0.16915220887294849,-0.01562375214037337,1.2944889472286385e-10,0.99998800588249515,0.015635746387327121,0.98436425361267288,-0.0068441657338021156,NaN,NaN,NaN
varms_2,2 x MS0(pi/2),existing_coarse,heatmap,rabi_sideband,rabi,sideband,1103,25,31,1.1200000000000001,0,2,0,0.3917987559526302,0.43675168248014867,0.085724780783610566,0.085724780783610566,0.17144956156722113,-0.044952926527518478,1.2944889472286385e-10,0.99998800588249515,0.044964920774472228,0.95503507922552777,-0.0199806761290485,NaN,NaN,NaN
varms_2,2 x MS0(pi/2),existing_coarse,heatmap,rabi_sideband,rabi,sideband,1104,26,31,1.1333333333333333,0,2,0,0.3760466684462978,0.45024003946948776,0.086856646042107244,0.086856646042107244,0.17371329208421449,-0.074193371023189958,1.2944889472286385e-10,0.99998800588249515,0.074205365270143764,0.92579463472985624,-0.03348534041858852,NaN,NaN,NaN
varms_2,2 x MS0(pi/2),existing_coarse,heatmap,rabi_sideband,rabi,sideband,1105,27,31,1.1466666666666667,0,2,0,0.36038391335586439,0.4636734491431132,0.087971318750511174,0.087971318750511174,0.17594263750102235,-0.10328953578724881,1.2944889472286385e-10,0.99998800588249515,0.10330153003420262,0.89669846996579738,-0.047353571275938346,NaN,NaN,NaN
varms_2,2 x MS0(pi/2),existing_coarse,heatmap,rabi_sideband,rabi,sideband,1106,28,31,1.1599999999999999,0,2,0,0.344839468388627,0.47702365114799672,0.089068440231688112,0.089068440231688112,0.17813688046337622,-0.13218418275936972,1.2944889472286385e-10,0.99998800588249515,0.13219617700632347,0.86780382299367653,-0.061578440976337967,NaN,NaN,NaN
varms_2,2 x MS0(pi/2),existing_coarse,heatmap,rabi_sideband,rabi,sideband,1107,29,31,1.1733333333333333,0,2,0,0.32944307988529775,0.49026157314604396,0.090147673484329116,0.090147673484329116,0.18029534696865823,-0.16081849326074621,1.2944889472286385e-10,0.99998800588249515,0.1608304875076999,0.8391695124923001,-0.076150302694475466,NaN,NaN,NaN
varms_2,2 x MS0(pi/2),existing_coarse,heatmap,rabi_sideband,rabi,sideband,1108,30,31,1.1866666666666668,0,2,0,0.31422519077794098,0.50335740408025831,0.091208702570900371,0.091208702570900371,0.18241740514180074,-0.18913221330231733,1.2944889472286385e-10,0.99998800588249515,0.18914420754927108,0.81085579245072892,-0.091056376506092426,NaN,NaN,NaN
varms_2,2 x MS0(pi/2),existing_coarse,heatmap,rabi_sideband,rabi,sideband,1109,31,31,1.2,0,2,0,0.29921687334209929,0.51628065934394785,0.092251233656976447,0.092251233656976447,0.18450246731395289,-0.21706378600184856,1.2944889472286385e-10,0.99998800588249515,0.21707578024880236,0.78292421975119764,-0.10628027183297252,NaN,NaN,NaN
