pulse_name,pulse_label,source,scan_kind,scan_name,x_axis,y_axis,sample_index,x_index,y_index,rabi_ratio,phase_pi,sideband_2pi_khz,fcl_2pi_khz,gg,ee,eg,ge,odd,balance,nominal_gg,nominal_ee,score,score_infidelity,log10_score_infidelity,fock_cutoff,abstol,reltol
varms_2,2 x MS0(pi/2),existing_coarse,heatmap,sideband_fcl,sideband,fcl,1,1,1,1,0,-2,-2,0.69927714119150641,0.0093879486489623788,0.14566745507976564,0.14566745507976564,0.29133491015953128,0.68988919254254399,1.2944889472286385e-10,0.99998800588249515,0,1,0,NaN,NaN,NaN
varms_2,2 x MS0(pi/2),existing_coarse,heatmap,sideband_fcl,sideband,fcl,2,1,2,1,0,-2,-1.8666666666666667,0.52789301591234128,0.033649386023850689,0.21922879903190406,0.21922879903190406,0.43845759806380813,0.49424362988849058,1.2944889472286385e-10,0.99998800588249515,0,1,0,NaN,NaN,NaN
varms_2,2 x MS0(pi/2),existing_coarse,heatmap,sideband_fcl,sideband,fcl,3,1,3,1,0,-2,-1.7333333333333334,0.37552588445772195,0.098185761606814415,0.2631441769677319,0.2631441769677319,0.5262883539354638,0.27734012285090753,1.2944889472286385e-10,0.99998800588249515,0,1,0,NaN,NaN,NaN
varms_2,2 x MS0(pi/2),existing_coarse,heatmap,sideband_fcl,sideband,fcl,4,1,4,1,0,-2,-1.6000000000000001,0.27612930259460489,0.19071475424283746,0.26657797158127883,0.26657797158127883,0.53315594316255766,0.085414548351767428,1.2944889472286385e-10,0.99998800588249515,0,1,0,NaN,NaN,NaN
varms_2,2 x MS0(pi/2),existing_coarse,heatmap,sideband_fcl,sideband,fcl,5,1,5,1,0,-2,-1.4666666666666666,0.25477262736932638,0.28148604626981366,0.23187066318042998,0.23187066318042998,0.46374132636085996,-0.026713418900487285,1.2944889472286385e-10,0.99998800588249515,0.026725413147441035,0.97327458685255896,-0.011764616328506188,NaN,NaN,NaN
varms_2,2 x MS0(pi/2),existing_coarse,heatmap,sideband_fcl,sideband,fcl,6,1,6,1,0,-2,-1.3333333333333333,0.33361797313909985,0.33787766344504261,0.16425218170792874,0.16425218170792874,0.32850436341585748,-0.0042596903059427538,1.2944889472286385e-10,0.99998800588249515,0.0042716845528965042,0.9957283154471035,-0.0018591426984081519,NaN,NaN,NaN
varms_2,2 x MS0(pi/2),existing_coarse,heatmap,sideband_fcl,sideband,fcl,7,1,7,1,0,-2,-1.2,0.5020268878687234,0.32872853947397324,0.08462228632865168,0.08462228632865168,0.16924457265730336,0.17329834839475017,1.2944889472286385e-10,0.99998800588249515,0,1,0,NaN,NaN,NaN
varms_2,2 x MS0(pi/2),existing_coarse,heatmap,sideband_fcl,sideband,fcl,8,1,8,1,0,-2,-1.0666666666666667,0.6998419839170098,0.24488131947052397,0.027638348306233108,0.027638348306233108,0.055276696612466217,0.45496066444648586,1.2944889472286385e-10,0.99998800588249515,0,1,0,NaN,NaN,NaN
varms_2,2 x MS0(pi/2),existing_coarse,heatmap,sideband_fcl,sideband,fcl,9,1,9,1,0,-2,-0.93333333333333335,0.8477715657781949,0.13315949195788293,0.0095344711319611357,0.0095344711319611357,0.019068942263922271,0.714612073820312,1.2944889472286385e-10,0.99998800588249515,0,1,0,NaN,NaN,NaN
varms_2,2 x MS0(pi/2),existing_coarse,heatmap,sideband_fcl,sideband,fcl,10,1,10,1,0,-2,-0.80000000000000004,0.87502905556857236,0.063552982882204276,0.030708980774611663,0.030708980774611663,0.061417961549223327,0.81147607268636812,1.2944889472286385e-10,0.99998800588249515,0,1,0,NaN,NaN,NaN
varms_2,2 x MS0(pi/2),existing_coarse,heatmap,sideband_fcl,sideband,fcl,11,1,11,1,0,-2,-0.66666666666666663,0.75331716141612559,0.073424967230365595,0.086628935676754407,0.086628935676754407,0.17325787135350881,0.67989219418575997,1.2944889472286385e-10,0.99998800588249515,0,1,0,NaN,NaN,NaN
varms_2,2 x MS0(pi/2),existing_coarse,heatmap,sideband_fcl,sideband,fcl,12,1,12,1,0,-2,-0.53333333333333333,0.54456832795964627,0.16623943437807087,0.14459611883114146,0.14459611883114146,0.28919223766228291,0.3783288935815754,1.2944889472286385e-10,0.99998800588249515,0,1,0,NaN,NaN,NaN
varms_2,2 x MS0(pi/2),existing_coarse,heatmap,sideband_fcl,sideband,fcl,13,1,13,1,0,-2,-0.40000000000000002,0.36554469278456492,0.30386593258556954,0.16529468731493271,0.16529468731493271,0.33058937462986543,0.061678760198995375,1.2944889472286385e-10,0.99998800588249515,0,1,0,NaN,NaN,NaN
varms_2,2 x MS0(pi/2),existing_coarse,heatmap,sideband_fcl,sideband,fcl,14,1,14,1,0,-2,-0.26666666666666666,0.27843573607912614,0.40694932991077087,0.15730746700505152,0.15730746700505152,0.31461493401010304,-0.12851359383164473,1.2944889472286385e-10,0.99998800588249515,0.12852558807859848,0.87147441192140152,-0.059745360045074317,NaN,NaN,NaN
varms_2,2 x MS0(pi/2),existing_coarse,heatmap,sideband_fcl,sideband,fcl,15,1,15,1,0,-2,-0.13333333333333333,0.26385507557871918,0.41982036856129673,0.15816227792999199,0.15816227792999199,0.31632455585998398,-0.15596529298257755,1.2944889472286385e-10,0.99998800588249515,0.1559772872295313,0.8440227127704687,-0.073645866291215958,NaN,NaN,NaN
varms_2,2 x MS0(pi/2),existing_coarse,heatmap,sideband_fcl,sideband,fcl,16,1,16,1,0,-2,0,0.29385754586435497,0.38412750597464734,0.16100747408049884,0.16100747408049884,0.32201494816099768,-0.090269960110292369,1.2944889472286385e-10,0.99998800588249515,0.090281954357246064,0.90971804564275394,-0.041093190311390228,NaN,NaN,NaN
varms_2,2 x MS0(pi/2),existing_coarse,heatmap,sideband_fcl,sideband,fcl,17,1,17,1,0,-2,0.13333333333333333,0.3368859053077724,0.37718097247405336,0.14296656110908712,0.14296656110908712,0.28593312221817424,-0.040295067166280951,1.2944889472286385e-10,0.99998800588249515,0.040307061413234702,0.9596929385867653,-0.017867700719919933,NaN,NaN,NaN
varms_2,2 x MS0(pi/2),existing_coarse,heatmap,sideband_fcl,sideband,fcl,18,1,18,1,0,-2,0.26666666666666666,0.37237564445934401,0.38867832358132381,0.11947301597966606,0.11947301597966606,0.23894603195933212,-0.016302679121979802,1.2944889472286385e-10,0.99998800588249515,0.016314673368933552,0.98368532663106645,-0.0071438068164083801,NaN,NaN,NaN
varms_2,2 x MS0(pi/2),existing_coarse,heatmap,sideband_fcl,sideband,fcl,19,1,19,1,0,-2,0.40000000000000002,0.44607648605565048,0.3875517172752016,0.083185898334574002,0.083185898334574002,0.166371796669148,0.058524768780448877,1.2944889472286385e-10,0.99998800588249515,0,1,0,NaN,NaN,NaN
varms_2,2 x MS0(pi/2),existing_coarse,heatmap,sideband_fcl,sideband,fcl,20,1,20,1,0,-2,0.53333333333333333,0.51699884665659268,0.38335266231223447,0.049824245515586424,0.049824245515586424,0.099648491031172848,0.13364618434435821,1.2944889472286385e-10,0.99998800588249515,0,1,0,NaN,NaN,NaN
varms_2,2 x MS0(pi/2),existing_coarse,heatmap,sideband_fcl,sideband,fcl,21,1,21,1,0,-2,0.66666666666666663,0.45523755329236326,0.3698151122115953,0.087473667248020692,0.087473667248020692,0.17494733449604138,0.085422441080767963,1.2944889472286385e-10,0.99998800588249515,0,1,0,NaN,NaN,NaN
varms_2,2 x MS0(pi/2),existing_coarse,heatmap,sideband_fcl,sideband,fcl,22,1,22,1,0,-2,0.80000000000000004,0.32430698384800793,0.37791296066554364,0.14889002774322421,0.14889002774322421,0.29778005548644843,-0.053605976817535705,1.2944889472286385e-10,0.99998800588249515,0.053617971064489511,0.94638202893551049,-0.023933515218930137,NaN,NaN,NaN
varms_2,2 x MS0(pi/2),existing_coarse,heatmap,sideband_fcl,sideband,fcl,23,1,23,1,0,-2,0.93333333333333335,0.2689004655221362,0.4530380153648802,0.13903075955649183,0.13903075955649183,0.27806151911298366,-0.184137549842744,1.2944889472286385e-10,0.99998800588249515,0.18414954408969775,0.81585045591030225,-0.088389439438367259,NaN,NaN,NaN
varms_2,2 x MS0(pi/2),existing_coarse,heatmap,sideband_fcl,sideband,fcl,24,1,24,1,0,-2,1.0666666666666667,0.2640830201868834,0.54085741250287778,0.09752978365511944,0.09752978365511944,0.19505956731023888,-0.27677439231599438,1.2944889472286385e-10,0.99998800588249515,0.27678638656294818,0.72321361343705182,-0.14073340749819871,NaN,NaN,NaN
varms_2,2 x MS0(pi/2),existing_coarse,heatmap,sideband_fcl,sideband,fcl,25,1,25,1,0,-2,1.2,0.2646717934267922,0.55841157895157567,0.088458313810816092,0.088458313810816092,0.17691662762163218,-0.29373978552478347,1.2944889472286385e-10,0.99998800588249515,0.29375177977173728,0.70624822022826272,-0.15104263360934536,NaN,NaN,NaN
varms_2,2 x MS0(pi/2),existing_coarse,heatmap,sideband_fcl,sideband,fcl,26,1,26,1,0,-2,1.3333333333333333,0.31260095275154187,0.48795174868402513,0.099723649282216553,0.099723649282216553,0.19944729856443311,-0.17535079593248326,1.2944889472286385e-10,0.99998800588249515,0.17536279017943701,0.82463720982056299,-0.083737072572319646,NaN,NaN,NaN
varms_2,2 x MS0(pi/2),existing_coarse,heatmap,sideband_fcl,sideband,fcl,27,1,27,1,0,-2,1.4666666666666666,0.43052773940967393,0.35430391936592726,0.10758417061219948,0.10758417061219948,0.21516834122439896,0.076223820043746671,1.2944889472286385e-10,0.99998800588249515,0,1,0,NaN,NaN,NaN
varms_2,2 x MS0(pi/2),existing_coarse,heatmap,sideband_fcl,sideband,fcl,28,1,28,1,0,-2,1.6000000000000001,0.58960618819822275,0.20247678989977411,0.10395851095100163,0.10395851095100163,0.20791702190200326,0.38712939829844861,1.2944889472286385e-10,0.99998800588249515,0,1,0,NaN,NaN,NaN
varms_2,2 x MS0(pi/2),existing_coarse,heatmap,sideband_fcl,sideband,fcl,29,1,29,1,0,-2,1.7333333333333334,0.74814524863621534,0.083809699295462947,0.084022526034160855,0.084022526034160855,0.16804505206832171,0.66433554934075234,1.2944889472286385e-10,0.99998800588249515,0,1,0,NaN,NaN,NaN
varms_2,2 x MS0(pi/2),existing_coarse,heatmap,sideband_fcl,sideband,fcl,30,1,30,1,0,-2,1.8666666666666667,0.86709973541576313,0.024681318762812758,0.054109472910712136,0.054109472910712136,0.10821894582142427,0.84241841665295036,1.2944889472286385e-10,0.99998800588249515,0,1,0,NaN,NaN,NaN
varms_2,2 x MS0(pi/2),existing_coarse,heatmap,sideband_fcl,sideband,fcl,31,1,31,1,0,-2,2,0.90813264672928873,0.012992470959146371,0.039437441155782488,0.039437441155782488,0.078874882311564976,0.89514017577014238,1.2944889472286385e-10,0.99998800588249515,0,1,0,NaN,NaN,NaN
varms_2,2 x MS0(pi/2),existing_coarse,heatmap,sideband_fcl,sideband,fcl,32,2,1,1,0,-1.8666666666666667,-2,0.62695305586309258,0.047815568955650707,0.16261568759062839,0.16261568759062839,0.32523137518125678,0.57913748690744182,1.2944889472286385e-10,0.99998800588249515,0,1,0,NaN,NaN,NaN
varms_2,2 x MS0(pi/2),existing_coarse,heatmap,sideband_fcl,sideband,fcl,33,2,2,1,0,-1.8666666666666667,-1.8666666666666667,0.51888277266987259,0.095377587139571882,0.19286982009527781,0.19286982009527781,0.38573964019055562,0.4235051855303007,1.2944889472286385e-10,0.99998800588249515,0,1,0,NaN,NaN,NaN
varms_2,2 x MS0(pi/2),existing_coarse,heatmap,sideband_fcl,sideband,fcl,34,2,3,1,0,-1.8666666666666667,-1.7333333333333334,0.43374296597105394,0.16163353824036747,0.20231174789428935,0.20231174789428935,0.4046234957885787,0.27210942773068647,1.2944889472286385e-10,0.99998800588249515,0,1,0,NaN,NaN,NaN
varms_2,2 x MS0(pi/2),existing_coarse,heatmap,sideband_fcl,sideband,fcl,35,2,4,1,0,-1.8666666666666667,-1.6000000000000001,0.38091842150284294,0.23438922629705111,0.192346176100053,0.192346176100053,0.384692352200106,0.14652919520579183,1.2944889472286385e-10,0.99998800588249515,0,1,0,NaN,NaN,NaN
varms_2,2 x MS0(pi/2),existing_coarse,heatmap,sideband_fcl,sideband,fcl,36,2,5,1,0,-1.8666666666666667,-1.4666666666666666,0.36807783785805914,0.30224101466205622,0.16484057373994232,0.16484057373994232,0.32968114747988464,0.065836823196002925,1.2944889472286385e-10,0.99998800588249515,0,1,0,NaN,NaN,NaN
varms_2,2 x MS0(pi/2),existing_coarse,heatmap,sideband_fcl,sideband,fcl,37,2,6,1,0,-1.8666666666666667,-1.3333333333333333,0.40382506202339219,0.34916895313975405,0.12350299241842687,0.12350299241842687,0.24700598483685374,0.054656108883638144,1.2944889472286385e-10,0.99998800588249515,0,1,0,NaN,NaN,NaN
varms_2,2 x MS0(pi/2),existing_coarse,heatmap,sideband_fcl,sideband,fcl,38,2,7,1,0,-1.8666666666666667,-1.2,0.48757156445122413,0.35520266243169119,0.078612886558542358,0.078612886558542358,0.15722577311708472,0.13236890201953294,1.2944889472286385e-10,0.99998800588249515,0,1,0,NaN,NaN,NaN
varms_2,2 x MS0(pi/2),existing_coarse,heatmap,sideband_fcl,sideband,fcl,39,2,8,1,0,-1.8666666666666667,-1.0666666666666667,0.59984830044375836,0.30974994537780559,0.045200877089217981,0.045200877089217981,0.090401754178435961,0.29009835506595277,1.2944889472286385e-10,0.99998800588249515,0,1,0,NaN,NaN,NaN
varms_2,2 x MS0(pi/2),existing_coarse,heatmap,sideband_fcl,sideband,fcl,40,2,9,1,0,-1.8666666666666667,-0.93333333333333335,0.708812822727375,0.22504465863494963,0.033071259318837698,0.033071259318837698,0.066142518637675396,0.4837681640924254,1.2944889472286385e-10,0.99998800588249515,0,1,0,NaN,NaN,NaN
varms_2,2 x MS0(pi/2),existing_coarse,heatmap,sideband_fcl,sideband,fcl,41,2,10,1,0,-1.8666666666666667,-0.80000000000000004,0.77832494941259112,0.13467247037798297,0.043501290104712952,0.043501290104712952,0.087002580209425903,0.64365247903460809,1.2944889472286385e-10,0.99998800588249515,0,1,0,NaN,NaN,NaN
varms_2,2 x MS0(pi/2),existing_coarse,heatmap,sideband_fcl,sideband,fcl,42,2,11,1,0,-1.8666666666666667,-0.66666666666666663,0.76696251616366207,0.081945482632132943,0.075546000602102537,0.075546000602102537,0.15109200120420507,0.6850170335315291,1.2944889472286385e-10,0.99998800588249515,0,1,0,NaN,NaN,NaN
varms_2,2 x MS0(pi/2),existing_coarse,heatmap,sideband_fcl,sideband,fcl,43,2,12,1,0,-1.8666666666666667,-0.53333333333333333,0.65843734467768755,0.099566920400327566,0.12099786746099246,0.12099786746099246,0.24199573492198492,0.55887042427736,1.2944889472286385e-10,0.99998800588249515,0,1,0,NaN,NaN,NaN
varms_2,2 x MS0(pi/2),existing_coarse,heatmap,sideband_fcl,sideband,fcl,44,2,13,1,0,-1.8666666666666667,-0.40000000000000002,0.51018693581960817,0.17781479707317813,0.15599913355360684,0.15599913355360684,0.31199826710721368,0.33237213874643001,1.2944889472286385e-10,0.99998800588249515,0,1,0,NaN,NaN,NaN
varms_2,2 x MS0(pi/2),existing_coarse,heatmap,sideband_fcl,sideband,fcl,45,2,14,1,0,-1.8666666666666667,-0.26666666666666666,0.41287172068634725,0.26687571405785365,0.16012628262789952,0.16012628262789952,0.32025256525579904,0.1459960066284936,1.2944889472286385e-10,0.99998800588249515,0,1,0,NaN,NaN,NaN
varms_2,2 x MS0(pi/2),existing_coarse,heatmap,sideband_fcl,sideband,fcl,46,2,15,1,0,-1.8666666666666667,-0.13333333333333333,0.39044421845292704,0.32924449043354292,0.14015564555676502,0.14015564555676502,0.28031129111353004,0.061199728019384114,1.2944889472286385e-10,0.99998800588249515,0,1,0,NaN,NaN,NaN
varms_2,2 x MS0(pi/2),existing_coarse,heatmap,sideband_fcl,sideband,fcl,47,2,16,1,0,-1.8666666666666667,0,0.40454953464332094,0.35553060532847908,0.11995993001410002,0.11995993001410002,0.23991986002820004,0.049018929314841864,1.2944889472286385e-10,0.99998800588249515,0,1,0,NaN,NaN,NaN
varms_2,2 x MS0(pi/2),existing_coarse,heatmap,sideband_fcl,sideband,fcl,48,2,17,1,0,-1.8666666666666667,0.13333333333333333,0.43631842388290504,0.33009384619778415,0.11679386495965541,0.11679386495965541,0.23358772991931082,0.10622457768512089,1.2944889472286385e-10,0.99998800588249515,0,1,0,NaN,NaN,NaN
varms_2,2 x MS0(pi/2),existing_coarse,heatmap,sideband_fcl,sideband,fcl,49,2,18,1,0,-1.8666666666666667,0.26666666666666666,0.49731168636972201,0.25607534300375095,0.12330648531326352,0.12330648531326352,0.24661297062652704,0.24123634336597105,1.2944889472286385e-10,0.99998800588249515,0,1,0,NaN,NaN,NaN
varms_2,2 x MS0(pi/2),existing_coarse,heatmap,sideband_fcl,sideband,fcl,50,2,19,1,0,-1.8666666666666667,0.40000000000000002,0.57025122288108143,0.19615219945473977,0.11679828883208941,0.11679828883208941,0.23359657766417882,0.37409902342634166,1.2944889472286385e-10,0.99998800588249515,0,1,0,NaN,NaN,NaN
varms_2,2 x MS0(pi/2),existing_coarse,heatmap,sideband_fcl,sideband,fcl,51,2,20,1,0,-1.8666666666666667,0.53333333333333333,0.59539044629866889,0.20070328774306817,0.10195313297913151,0.10195313297913151,0.20390626595826303,0.39468715855560071,1.2944889472286385e-10,0.99998800588249515,0,1,0,NaN,NaN,NaN
varms_2,2 x MS0(pi/2),existing_coarse,heatmap,sideband_fcl,sideband,fcl,52,2,21,1,0,-1.8666666666666667,0.66666666666666663,0.54829971129685262,0.24493442489076891,0.10338293190618919,0.10338293190618919,0.20676586381237838,0.30336528640608373,1.2944889472286385e-10,0.99998800588249515,0,1,0,NaN,NaN,NaN
varms_2,2 x MS0(pi/2),existing_coarse,heatmap,sideband_fcl,sideband,fcl,53,2,22,1,0,-1.8666666666666667,0.80000000000000004,0.47189222799958969,0.29113061019772618,0.11848858090134207,0.11848858090134207,0.23697716180268413,0.18076161780186351,1.2944889472286385e-10,0.99998800588249515,0,1,0,NaN,NaN,NaN
varms_2,2 x MS0(pi/2),existing_coarse,heatmap,sideband_fcl,sideband,fcl,54,2,23,1,0,-1.8666666666666667,0.93333333333333335,0.40166303931427527,0.33510849660029951,0.13161423204271264,0.13161423204271264,0.26322846408542527,0.066554542713975762,1.2944889472286385e-10,0.99998800588249515,0,1,0,NaN,NaN,NaN
varms_2,2 x MS0(pi/2),existing_coarse,heatmap,sideband_fcl,sideband,fcl,55,2,24,1,0,-1.8666666666666667,1.0666666666666667,0.34745765867966505,0.37086893060139225,0.14083670535947132,0.14083670535947132,0.28167341071894264,-0.023411271921727206,1.2944889472286385e-10,0.99998800588249515,0.023423266168680956,0.97657673383131904,-0.010293626651359274,NaN,NaN,NaN
varms_2,2 x MS0(pi/2),existing_coarse,heatmap,sideband_fcl,sideband,fcl,56,2,25,1,0,-1.8666666666666667,1.2,0.34222260487299955,0.37107377633707511,0.14335180939496264,0.14335180939496264,0.28670361878992529,-0.028851171464075565,1.2944889472286385e-10,0.99998800588249515,0.028863165711029426,0.97113683428897057,-0.012719573192081376,NaN,NaN,NaN
varms_2,2 x MS0(pi/2),existing_coarse,heatmap,sideband_fcl,sideband,fcl,57,2,26,1,0,-1.8666666666666667,1.3333333333333333,0.42071150044710681,0.31529891299032498,0.13199479328128411,0.13199479328128411,0.26398958656256821,0.10541258745678184,1.2944889472286385e-10,0.99998800588249515,0,1,0,NaN,NaN,NaN
varms_2,2 x MS0(pi/2),existing_coarse,heatmap,sideband_fcl,sideband,fcl,58,2,27,1,0,-1.8666666666666667,1.4666666666666666,0.56848424039600809,0.21726246554769627,0.10712664702814788,0.10712664702814788,0.21425329405629576,0.35122177484831185,1.2944889472286385e-10,0.99998800588249515,0,1,0,NaN,NaN,NaN
varms_2,2 x MS0(pi/2),existing_coarse,heatmap,sideband_fcl,sideband,fcl,59,2,28,1,0,-1.8666666666666667,1.6000000000000001,0.73264309237596326,0.11620109826100299,0.075577904681516844,0.075577904681516844,0.15115580936303369,0.61644199411496026,1.2944889472286385e-10,0.99998800588249515,0,1,0,NaN,NaN,NaN
varms_2,2 x MS0(pi/2),existing_coarse,heatmap,sideband_fcl,sideband,fcl,60,2,29,1,0,-1.8666666666666667,1.7333333333333334,0.86364233824494552,0.04666690983843913,0.044845375958307676,0.044845375958307676,0.089690751916615352,0.81697542840650639,1.2944889472286385e-10,0.99998800588249515,0,1,0,NaN,NaN,NaN
varms_2,2 x MS0(pi/2),existing_coarse,heatmap,sideband_fcl,sideband,fcl,61,2,30,1,0,-1.8666666666666667,1.8666666666666667,0.93202088340912059,0.018865138689102303,0.024556988950888588,0.024556988950888588,0.049113977901777177,0.91315574472001826,1.2944889472286385e-10,0.99998800588249515,0,1,0,NaN,NaN,NaN
varms_2,2 x MS0(pi/2),existing_coarse,heatmap,sideband_fcl,sideband,fcl,62,2,31,1,0,-1.8666666666666667,2,0.9234531157714021,0.020634525550880304,0.02795617933885872,0.02795617933885872,0.05591235867771744,0.9028185902205218,1.2944889472286385e-10,0.99998800588249515,0,1,0,NaN,NaN,NaN
varms_2,2 x MS0(pi/2),existing_coarse,heatmap,sideband_fcl,sideband,fcl,63,3,1,1,0,-1.7333333333333334,-2,0.5879142219636776,0.084027128532639689,0.16402932475184132,0.16402932475184132,0.32805864950368263,0.50388709343103788,1.2944889472286385e-10,0.99998800588249515,0,1,0,NaN,NaN,NaN
varms_2,2 x MS0(pi/2),existing_coarse,heatmap,sideband_fcl,sideband,fcl,64,3,2,1,0,-1.7333333333333334,-1.8666666666666667,0.55546575277440824,0.10248684966253403,0.1710236987815289,0.1710236987815289,0.3420473975630578,0.45297890311187422,1.2944889472286385e-10,0.99998800588249515,0,1,0,NaN,NaN,NaN
varms_2,2 x MS0(pi/2),existing_coarse,heatmap,sideband_fcl,sideband,fcl,65,3,3,1,0,-1.7333333333333334,-1.7333333333333334,0.55159026786935017,0.11401363385609418,0.16719804913727779,0.16719804913727779,0.33439609827455558,0.43757663401325597,1.2944889472286385e-10,0.99998800588249515,0,1,0,NaN,NaN,NaN
varms_2,2 x MS0(pi/2),existing_coarse,heatmap,sideband_fcl,sideband,fcl,66,3,4,1,0,-1.7333333333333334,-1.6000000000000001,0.56738132452224699,0.11726198786427185,0.15767834380674056,0.15767834380674056,0.31535668761348112,0.45011933665797516,1.2944889472286385e-10,0.99998800588249515,0,1,0,NaN,NaN,NaN
varms_2,2 x MS0(pi/2),existing_coarse,heatmap,sideband_fcl,sideband,fcl,67,3,5,1,0,-1.7333333333333334,-1.4666666666666666,0.5889206102363016,0.11660051236125868,0.14723943870121992,0.14723943870121992,0.29447887740243983,0.47232009787504292,1.2944889472286385e-10,0.99998800588249515,0,1,0,NaN,NaN,NaN
varms_2,2 x MS0(pi/2),existing_coarse,heatmap,sideband_fcl,sideband,fcl,68,3,6,1,0,-1.7333333333333334,-1.3333333333333333,0.60574130701588391,0.11798929864392786,0.13813469717009411,0.13813469717009411,0.27626939434018821,0.48775200837195604,1.2944889472286385e-10,0.99998800588249515,0,1,0,NaN,NaN,NaN
varms_2,2 x MS0(pi/2),existing_coarse,heatmap,sideband_fcl,sideband,fcl,69,3,7,1,0,-1.7333333333333334,-1.2,0.61263553077720445,0.12365461997385511,0.13185492462447018,0.13185492462447018,0.26370984924894036,0.48898091080334932,1.2944889472286385e-10,0.99998800588249515,0,1,0,NaN,NaN,NaN
varms_2,2 x MS0(pi/2),existing_coarse,heatmap,sideband_fcl,sideband,fcl,70,3,8,1,0,-1.7333333333333334,-1.0666666666666667,0.61099580849066981,0.13082434249204222,0.12908992450864393,0.12908992450864393,0.25817984901728785,0.48017146599862759,1.2944889472286385e-10,0.99998800588249515,0,1,0,NaN,NaN,NaN
varms_2,2 x MS0(pi/2),existing_coarse,heatmap,sideband_fcl,sideband,fcl,71,3,9,1,0,-1.7333333333333334,-0.93333333333333335,0.61156263137253486,0.13207880832765515,0.12817928014990504,0.12817928014990504,0.25635856029981008,0.47948382304487969,1.2944889472286385e-10,0.99998800588249515,0,1,0,NaN,NaN,NaN
varms_2,2 x MS0(pi/2),existing_coarse,heatmap,sideband_fcl,sideband,fcl,72,3,10,1,0,-1.7333333333333334,-0.80000000000000004,0.62435791031261501,0.1199001513955399,0.12787096914592255,0.12787096914592255,0.25574193829184511,0.50445775891707512,1.2944889472286385e-10,0.99998800588249515,0,1,0,NaN,NaN,NaN
varms_2,2 x MS0(pi/2),existing_coarse,heatmap,sideband_fcl,sideband,fcl,73,3,11,1,0,-1.7333333333333334,-0.66666666666666663,0.64222665044270077,0.099514516062688685,0.12912941674730524,0.12912941674730524,0.25825883349461048,0.54271213438001209,1.2944889472286385e-10,0.99998800588249515,0,1,0,NaN,NaN,NaN
varms_2,2 x MS0(pi/2),existing_coarse,heatmap,sideband_fcl,sideband,fcl,74,3,12,1,0,-1.7333333333333334,-0.53333333333333333,0.64786949566985375,0.08985127754046901,0.13113961339483862,0.13113961339483862,0.26227922678967724,0.55801821812938468,1.2944889472286385e-10,0.99998800588249515,0,1,0,NaN,NaN,NaN
varms_2,2 x MS0(pi/2),existing_coarse,heatmap,sideband_fcl,sideband,fcl,75,3,13,1,0,-1.7333333333333334,-0.40000000000000002,0.64086705055948112,0.10180510723173049,0.12866392110439415,0.12866392110439415,0.25732784220878829,0.53906194332775059,1.2944889472286385e-10,0.99998800588249515,0,1,0,NaN,NaN,NaN
varms_2,2 x MS0(pi/2),existing_coarse,heatmap,sideband_fcl,sideband,fcl,76,3,14,1,0,-1.7333333333333334,-0.26666666666666666,0.64403797017847764,0.12960339784317421,0.11317931598917404,0.11317931598917404,0.22635863197834807,0.51443457233530343,1.2944889472286385e-10,0.99998800588249515,0,1,0,NaN,NaN,NaN
varms_2,2 x MS0(pi/2),existing_coarse,heatmap,sideband_fcl,sideband,fcl,77,3,15,1,0,-1.7333333333333334,-0.13333333333333333,0.67301339235232382,0.16029111843726143,0.083347744605207399,0.083347744605207399,0.1666954892104148,0.51272227391506242,1.2944889472286385e-10,0.99998800588249515,0,1,0,NaN,NaN,NaN
varms_2,2 x MS0(pi/2),existing_coarse,heatmap,sideband_fcl,sideband,fcl,78,3,16,1,0,-1.7333333333333334,0,0.71198250868489721,0.17245753006502978,0.057779980625036545,0.057779980625036545,0.11555996125007309,0.53952497861986748,1.2944889472286385e-10,0.99998800588249515,0,1,0,NaN,NaN,NaN
varms_2,2 x MS0(pi/2),existing_coarse,heatmap,sideband_fcl,sideband,fcl,79,3,17,1,0,-1.7333333333333334,0.13333333333333333,0.73651084903752817,0.15521948000695102,0.054134835477760476,0.054134835477760476,0.10826967095552095,0.58129136903057721,1.2944889472286385e-10,0.99998800588249515,0,1,0,NaN,NaN,NaN
varms_2,2 x MS0(pi/2),existing_coarse,heatmap,sideband_fcl,sideband,fcl,80,3,18,1,0,-1.7333333333333334,0.26666666666666666,0.73682945479746953,0.14042639393107376,0.061372075635728433,0.061372075635728433,0.12274415127145687,0.59640306086639572,1.2944889472286385e-10,0.99998800588249515,0,1,0,NaN,NaN,NaN
varms_2,2 x MS0(pi/2),existing_coarse,heatmap,sideband_fcl,sideband,fcl,81,3,19,1,0,-1.7333333333333334,0.40000000000000002,0.70059452590424565,0.16992975123700868,0.06473786142937292,0.06473786142937292,0.12947572285874584,0.53066477466723694,1.2944889472286385e-10,0.99998800588249515,0,1,0,NaN,NaN,NaN
varms_2,2 x MS0(pi/2),existing_coarse,heatmap,sideband_fcl,sideband,fcl,82,3,20,1,0,-1.7333333333333334,0.53333333333333333,0.61483899912872242,0.23951301660520999,0.072823992133033824,0.072823992133033824,0.14564798426606765,0.37532598252351246,1.2944889472286385e-10,0.99998800588249515,0,1,0,NaN,NaN,NaN
varms_2,2 x MS0(pi/2),existing_coarse,heatmap,sideband_fcl,sideband,fcl,83,3,21,1,0,-1.7333333333333334,0.66666666666666663,0.49661124621679237,0.31037752334942864,0.096505615216889482,0.096505615216889482,0.19301123043377896,0.18623372286736373,1.2944889472286385e-10,0.99998800588249515,0,1,0,NaN,NaN,NaN
varms_2,2 x MS0(pi/2),existing_coarse,heatmap,sideband_fcl,sideband,fcl,84,3,22,1,0,-1.7333333333333334,0.80000000000000004,0.38566172931938947,0.34944413102582123,0.13244706982739465,0.13244706982739465,0.26489413965478931,0.036217598293568243,1.2944889472286385e-10,0.99998800588249515,0,1,0,NaN,NaN,NaN
varms_2,2 x MS0(pi/2),existing_coarse,heatmap,sideband_fcl,sideband,fcl,85,3,23,1,0,-1.7333333333333334,0.93333333333333335,0.31935790732606356,0.3430362295283117,0.16880293157281237,0.16880293157281237,0.33760586314562474,-0.023678322202248137,1.2944889472286385e-10,0.99998800588249515,0.023690316449201942,0.97630968355079806,-0.010412403107492722,NaN,NaN,NaN
varms_2,2 x MS0(pi/2),existing_coarse,heatmap,sideband_fcl,sideband,fcl,86,3,24,1,0,-1.7333333333333334,1.0666666666666667,0.33046591805659375,0.29568240439132515,0.18692583877604055,0.18692583877604055,0.3738516775520811,0.034783513665268606,1.2944889472286385e-10,0.99998800588249515,0,1,0,NaN,NaN,NaN
varms_2,2 x MS0(pi/2),existing_coarse,heatmap,sideband_fcl,sideband,fcl,87,3,25,1,0,-1.7333333333333334,1.2,0.43309201952390503,0.22395446177120676,0.17147675935244416,0.17147675935244416,0.34295351870488833,0.20913755775269827,1.2944889472286385e-10,0.99998800588249515,0,1,0,NaN,NaN,NaN
varms_2,2 x MS0(pi/2),existing_coarse,heatmap,sideband_fcl,sideband,fcl,88,3,26,1,0,-1.7333333333333334,1.3333333333333333,0.59710681301038471,0.14756118140022936,0.12766600279469295,0.12766600279469295,0.2553320055893859,0.44954563161015537,1.2944889472286385e-10,0.99998800588249515,0,1,0,NaN,NaN,NaN
varms_2,2 x MS0(pi/2),existing_coarse,heatmap,sideband_fcl,sideband,fcl,89,3,27,1,0,-1.7333333333333334,1.4666666666666666,0.76149076336674693,0.083598263046023316,0.077455486793614914,0.077455486793614914,0.15491097358722983,0.67789250032072357,1.2944889472286385e-10,0.99998800588249515,0,1,0,NaN,NaN,NaN
varms_2,2 x MS0(pi/2),existing_coarse,heatmap,sideband_fcl,sideband,fcl,90,3,28,1,0,-1.7333333333333334,1.6000000000000001,0.87747805612023688,0.04255873026320911,0.039981606808276983,0.039981606808276983,0.079963213616553966,0.83491932585702777,1.2944889472286385e-10,0.99998800588249515,0,1,0,NaN,NaN,NaN
varms_2,2 x MS0(pi/2),existing_coarse,heatmap,sideband_fcl,sideband,fcl,91,3,29,1,0,-1.7333333333333334,1.7333333333333334,0.92881461049888259,0.025866152904502403,0.022659618298307493,0.022659618298307493,0.045319236596614985,0.90294845759438014,1.2944889472286385e-10,0.99998800588249515,0,1,0,NaN,NaN,NaN
varms_2,2 x MS0(pi/2),existing_coarse,heatmap,sideband_fcl,sideband,fcl,92,3,30,1,0,-1.7333333333333334,1.8666666666666667,0.92110577626879964,0.027446552033508449,0.025723835848845963,0.025723835848845963,0.051447671697691925,0.89365922423529121,1.2944889472286385e-10,0.99998800588249515,0,1,0,NaN,NaN,NaN
varms_2,2 x MS0(pi/2),existing_coarse,heatmap,sideband_fcl,sideband,fcl,93,3,31,1,0,-1.7333333333333334,2,0.86931782457459716,0.038155869891867374,0.046263152766767734,0.046263152766767734,0.092526305533535469,0.8311619546827298,1.2944889472286385e-10,0.99998800588249515,0,1,0,NaN,NaN,NaN
varms_2,2 x MS0(pi/2),existing_coarse,heatmap,sideband_fcl,sideband,fcl,94,4,1,1,0,-1.6000000000000001,-2,0.67074736404172863,0.059402462872756898,0.1349250865427572,0.1349250865427572,0.2698501730855144,0.61134490116897178,1.2944889472286385e-10,0.99998800588249515,0,1,0,NaN,NaN,NaN
varms_2,2 x MS0(pi/2),existing_coarse,heatmap,sideband_fcl,sideband,fcl,95,4,2,1,0,-1.6000000000000001,-1.8666666666666667,0.70698675774428976,0.042976785871638015,0.12501822819203609,0.12501822819203609,0.25003645638407218,0.66400997187265176,1.2944889472286385e-10,0.99998800588249515,0,1,0,NaN,NaN,NaN
varms_2,2 x MS0(pi/2),existing_coarse,heatmap,sideband_fcl,sideband,fcl,96,4,3,1,0,-1.6000000000000001,-1.7333333333333334,0.77052929838909867,0.02617169538960272,0.10164950311064928,0.10164950311064928,0.20329900622129857,0.74435760299949594,1.2944889472286385e-10,0.99998800588249515,0,1,0,NaN,NaN,NaN
varms_2,2 x MS0(pi/2),existing_coarse,heatmap,sideband_fcl,sideband,fcl,97,4,4,1,0,-1.6000000000000001,-1.6000000000000001,0.85092220383423822,0.017950626337844614,0.065563584913958584,0.065563584913958584,0.13112716982791717,0.83297157749639361,1.2944889472286385e-10,0.99998800588249515,0,1,0,NaN,NaN,NaN
varms_2,2 x MS0(pi/2),existing_coarse,heatmap,sideband_fcl,sideband,fcl,98,4,5,1,0,-1.6000000000000001,-1.4666666666666666,0.91755333834421704,0.017340664993309426,0.032552998331236808,0.032552998331236808,0.065105996662473617,0.9002126733509076,1.2944889472286385e-10,0.99998800588249515,0,1,0,NaN,NaN,NaN
varms_2,2 x MS0(pi/2),existing_coarse,heatmap,sideband_fcl,sideband,fcl,99,4,6,1,0,-1.6000000000000001,-1.3333333333333333,0.92959147458023461,0.015658158268315212,0.027375183575725104,0.027375183575725104,0.054750367151450208,0.91393331631191943,1.2944889472286385e-10,0.99998800588249515,0,1,0,NaN,NaN,NaN
varms_2,2 x MS0(pi/2),existing_coarse,heatmap,sideband_fcl,sideband,fcl,100,4,7,1,0,-1.6000000000000001,-1.2,0.87041455734229489,0.014674957285214308,0.057455242686245439,0.057455242686245439,0.11491048537249088,0.85573960005708061,1.2944889472286385e-10,0.99998800588249515,0,1,0,NaN,NaN,NaN
varms_2,2 x MS0(pi/2),existing_coarse,heatmap,sideband_fcl,sideband,fcl,101,4,8,1,0,-1.6000000000000001,-1.0666666666666667,0.77054125218389846,0.032125138481178747,0.098666804667461361,0.098666804667461361,0.19733360933492272,0.73841611370271976,1.2944889472286385e-10,0.99998800588249515,0,1,0,NaN,NaN,NaN
varms_2,2 x MS0(pi/2),existing_coarse,heatmap,sideband_fcl,sideband,fcl,102,4,9,1,0,-1.6000000000000001,-0.93333333333333335,0.68300044206871879,0.072559757148230708,0.12221990039152526,0.12221990039152526,0.24443980078305053,0.61044068492048809,1.2944889472286385e-10,0.99998800588249515,0,1,0,NaN,NaN,NaN
varms_2,2 x MS0(pi/2),existing_coarse,heatmap,sideband_fcl,sideband,fcl,103,4,10,1,0,-1.6000000000000001,-0.80000000000000004,0.64025068161545728,0.10510915130981993,0.12732008353736138,0.12732008353736138,0.25464016707472276,0.53514153030563738,1.2944889472286385e-10,0.99998800588249515,0,1,0,NaN,NaN,NaN
varms_2,2 x MS0(pi/2),existing_coarse,heatmap,sideband_fcl,sideband,fcl,104,4,11,1,0,-1.6000000000000001,-0.66666666666666663,0.64870108461189524,0.097452292690082376,0.12692331134901125,0.12692331134901125,0.25384662269802249,0.55124879192181286,1.2944889472286385e-10,0.99998800588249515,0,1,0,NaN,NaN,NaN
varms_2,2 x MS0(pi/2),existing_coarse,heatmap,sideband_fcl,sideband,fcl,105,4,12,1,0,-1.6000000000000001,-0.53333333333333333,0.7048063816488328,0.059531127650717462,0.11783124535022493,0.11783124535022493,0.23566249070044987,0.64527525399811536,1.2944889472286385e-10,0.99998800588249515,0,1,0,NaN,NaN,NaN
varms_2,2 x MS0(pi/2),existing_coarse,heatmap,sideband_fcl,sideband,fcl,106,4,13,1,0,-1.6000000000000001,-0.40000000000000002,0.78800928966680883,0.02516154751295183,0.093414581410119588,0.093414581410119588,0.18682916282023918,0.76284774215385698,1.2944889472286385e-10,0.99998800588249515,0,1,0,NaN,NaN,NaN
varms_2,2 x MS0(pi/2),existing_coarse,heatmap,sideband_fcl,sideband,fcl,107,4,14,1,0,-1.6000000000000001,-0.26666666666666666,0.86043679438641851,0.0093193634734203279,0.065121921070080566,0.065121921070080566,0.13024384214016113,0.85111743091299819,1.2944889472286385e-10,0.99998800588249515,0,1,0,NaN,NaN,NaN
varms_2,2 x MS0(pi/2),existing_coarse,heatmap,sideband_fcl,sideband,fcl,108,4,15,1,0,-1.6000000000000001,-0.13333333333333333,0.89951826676579105,0.0057701213275905324,0.047355805953309155,0.047355805953309155,0.094711611906618309,0.89374814543820047,1.2944889472286385e-10,0.99998800588249515,0,1,0,NaN,NaN,NaN
varms_2,2 x MS0(pi/2),existing_coarse,heatmap,sideband_fcl,sideband,fcl,109,4,16,1,0,-1.6000000000000001,0,0.91152694650305477,0.0052578620939419162,0.041607595701501736,0.041607595701501736,0.083215191403003472,0.9062690844091128,1.2944889472286385e-10,0.99998800588249515,0,1,0,NaN,NaN,NaN
varms_2,2 x MS0(pi/2),existing_coarse,heatmap,sideband_fcl,sideband,fcl,110,4,17,1,0,-1.6000000000000001,0.13333333333333333,0.90503878719869479,0.0046295229709254308,0.045165844915189934,0.045165844915189934,0.090331689830379869,0.90040926422776935,1.2944889472286385e-10,0.99998800588249515,0,1,0,NaN,NaN,NaN
varms_2,2 x MS0(pi/2),existing_coarse,heatmap,sideband_fcl,sideband,fcl,111,4,18,1,0,-1.6000000000000001,0.26666666666666666,0.86985879592877213,0.009010073180480218,0.060565565445373767,0.060565565445373767,0.12113113089074753,0.86084872274829194,1.2944889472286385e-10,0.99998800588249515,0,1,0,NaN,NaN,NaN
varms_2,2 x MS0(pi/2),existing_coarse,heatmap,sideband_fcl,sideband,fcl,112,4,19,1,0,-1.6000000000000001,0.40000000000000002,0.79498873215263632,0.029523900533381022,0.087743683656991298,0.087743683656991298,0.1754873673139826,0.76546483161925527,1.2944889472286385e-10,0.99998800588249515,0,1,0,NaN,NaN,NaN
varms_2,2 x MS0(pi/2),existing_coarse,heatmap,sideband_fcl,sideband,fcl,113,4,20,1,0,-1.6000000000000001,0.53333333333333333,0.70163462543711308,0.074065277502231838,0.11215004853032755,0.11215004853032755,0.2243000970606551,0.62756934793488128,1.2944889472286385e-10,0.99998800588249515,0,1,0,NaN,NaN,NaN
varms_2,2 x MS0(pi/2),existing_coarse,heatmap,sideband_fcl,sideband,fcl,114,4,21,1,0,-1.6000000000000001,0.66666666666666663,0.6330346111239884,0.12540555820026772,0.12077991533787198,0.12077991533787198,0.24155983067574396,0.50762905292372063,1.2944889472286385e-10,0.99998800588249515,0,1,0,NaN,NaN,NaN
varms_2,2 x MS0(pi/2),existing_coarse,heatmap,sideband_fcl,sideband,fcl,115,4,22,1,0,-1.6000000000000001,0.80000000000000004,0.61523462569804954,0.14129517741333003,0.12173509844431019,0.12173509844431019,0.24347019688862037,0.47393944828471951,1.2944889472286385e-10,0.99998800588249515,0,1,0,NaN,NaN,NaN
varms_2,2 x MS0(pi/2),existing_coarse,heatmap,sideband_fcl,sideband,fcl,116,4,23,1,0,-1.6000000000000001,0.93333333333333335,0.65394609057270014,0.1045781718705501,0.12073786877837492,0.12073786877837492,0.24147573755674984,0.54936791870215007,1.2944889472286385e-10,0.99998800588249515,0,1,0,NaN,NaN,NaN
varms_2,2 x MS0(pi/2),existing_coarse,heatmap,sideband_fcl,sideband,fcl,117,4,24,1,0,-1.6000000000000001,1.0666666666666667,0.74476241730795723,0.05056114648134561,0.10233821810534863,0.10233821810534863,0.20467643621069725,0.69420127082661165,1.2944889472286385e-10,0.99998800588249515,0,1,0,NaN,NaN,NaN
varms_2,2 x MS0(pi/2),existing_coarse,heatmap,sideband_fcl,sideband,fcl,118,4,25,1,0,-1.6000000000000001,1.2,0.8563252449585762,0.020171643819062713,0.061751555611180536,0.061751555611180536,0.12350311122236107,0.83615360113951354,1.2944889472286385e-10,0.99998800588249515,0,1,0,NaN,NaN,NaN
varms_2,2 x MS0(pi/2),existing_coarse,heatmap,sideband_fcl,sideband,fcl,119,4,26,1,0,-1.6000000000000001,1.3333333333333333,0.93213370279564733,0.015077958028018054,0.026394169588167388,0.026394169588167388,0.052788339176334777,0.9170557447676293,1.2944889472286385e-10,0.99998800588249515,0,1,0,NaN,NaN,NaN
varms_2,2 x MS0(pi/2),existing_coarse,heatmap,sideband_fcl,sideband,fcl,120,4,27,1,0,-1.6000000000000001,1.4666666666666666,0.9354674133252413,0.015752758766629186,0.024389913954064708,0.024389913954064708,0.048779827908129417,0.91971465455861212,1.2944889472286385e-10,0.99998800588249515,0,1,0,NaN,NaN,NaN
varms_2,2 x MS0(pi/2),existing_coarse,heatmap,sideband_fcl,sideband,fcl,121,4,28,1,0,-1.6000000000000001,1.6000000000000001,0.87886482726069737,0.015942055091577079,0.052596558823862757,0.052596558823862757,0.10519311764772551,0.86292277216912028,1.2944889472286385e-10,0.99998800588249515,0,1,0,NaN,NaN,NaN
varms_2,2 x MS0(pi/2),existing_coarse,heatmap,sideband_fcl,sideband,fcl,122,4,29,1,0,-1.6000000000000001,1.7333333333333334,0.80231827324068183,0.022713266209903077,0.087484230274707517,0.087484230274707517,0.17496846054941503,0.77960500703077873,1.2944889472286385e-10,0.99998800588249515,0,1,0,NaN,NaN,NaN
varms_2,2 x MS0(pi/2),existing_coarse,heatmap,sideband_fcl,sideband,fcl,123,4,30,1,0,-1.6000000000000001,1.8666666666666667,0.73714562453589461,0.038220463056694971,0.11231695620370515,0.11231695620370515,0.22463391240741029,0.69892516147919959,1.2944889472286385e-10,0.99998800588249515,0,1,0,NaN,NaN,NaN
varms_2,2 x MS0(pi/2),existing_coarse,heatmap,sideband_fcl,sideband,fcl,124,4,31,1,0,-1.6000000000000001,2,0.69508164314802123,0.054745284508506319,0.12508653617173626,0.12508653617173626,0.25017307234347252,0.64033635863951488,1.2944889472286385e-10,0.99998800588249515,0,1,0,NaN,NaN,NaN
varms_2,2 x MS0(pi/2),existing_coarse,heatmap,sideband_fcl,sideband,fcl,125,5,1,1,0,-1.4666666666666666,-2,0.84989378755166578,0.0401521830353005,0.054977014706516829,0.054977014706516829,0.10995402941303366,0.80974160451636523,1.2944889472286385e-10,0.99998800588249515,0,1,0,NaN,NaN,NaN
varms_2,2 x MS0(pi/2),existing_coarse,heatmap,sideband_fcl,sideband,fcl,126,5,2,1,0,-1.4666666666666666,-1.8666666666666667,0.90659913669257775,0.028475108245907994,0.032462877530757092,0.032462877530757092,0.064925755061514184,0.8781240284466697,1.2944889472286385e-10,0.99998800588249515,0,1,0,NaN,NaN,NaN
varms_2,2 x MS0(pi/2),existing_coarse,heatmap,sideband_fcl,sideband,fcl,127,5,3,1,0,-1.4666666666666666,-1.7333333333333334,0.92739484380923642,0.024174784833185713,0.024215185678788907,0.024215185678788907,0.048430371357577814,0.90322005897605073,1.2944889472286385e-10,0.99998800588249515,0,1,0,NaN,NaN,NaN
varms_2,2 x MS0(pi/2),existing_coarse,heatmap,sideband_fcl,sideband,fcl,128,5,4,1,0,-1.4666666666666666,-1.6000000000000001,0.89438382351043055,0.03487716338361236,0.035369506552978588,0.035369506552978588,0.070739013105957177,0.8595066601268182,1.2944889472286385e-10,0.99998800588249515,0,1,0,NaN,NaN,NaN
varms_2,2 x MS0(pi/2),existing_coarse,heatmap,sideband_fcl,sideband,fcl,129,5,5,1,0,-1.4666666666666666,-1.4666666666666666,0.79589055397436093,0.066732108802591505,0.06868866861152384,0.06868866861152384,0.13737733722304768,0.72915844517176942,1.2944889472286385e-10,0.99998800588249515,0,1,0,NaN,NaN,NaN
varms_2,2 x MS0(pi/2),existing_coarse,heatmap,sideband_fcl,sideband,fcl,130,5,6,1,0,-1.4666666666666666,-1.3333333333333333,0.6408368499231627,0.12281668775589714,0.11817323116047011,0.11817323116047011,0.23634646232094023,0.51802016216726554,1.2944889472286385e-10,0.99998800588249515,0,1,0,NaN,NaN,NaN
varms_2,2 x MS0(pi/2),existing_coarse,heatmap,sideband_fcl,sideband,fcl,131,5,7,1,0,-1.4666666666666666,-1.2,0.4737441702512874,0.19967070604134679,0.16329256185368285,0.16329256185368285,0.3265851237073657,0.27407346420994061,1.2944889472286385e-10,0.99998800588249515,0,1,0,NaN,NaN,NaN
varms_2,2 x MS0(pi/2),existing_coarse,heatmap,sideband_fcl,sideband,fcl,132,5,8,1,0,-1.4666666666666666,-1.0666666666666667,0.35830535869388275,0.28199978012082716,0.17984743059264505,0.17984743059264505,0.35969486118529009,0.076305578573055588,1.2944889472286385e-10,0.99998800588249515,0,1,0,NaN,NaN,NaN
varms_2,2 x MS0(pi/2),existing_coarse,heatmap,sideband_fcl,sideband,fcl,133,5,9,1,0,-1.4666666666666666,-0.93333333333333335,0.33241036646593325,0.34168187728058186,0.16295387812674245,0.16295387812674245,0.32590775625348489,-0.0092715108146486092,1.2944889472286385e-10,0.99998800588249515,0.0092835050616023596,0.99071649493839764,-0.0040506061594737996,NaN,NaN,NaN
varms_2,2 x MS0(pi/2),existing_coarse,heatmap,sideband_fcl,sideband,fcl,134,5,10,1,0,-1.4666666666666666,-0.80000000000000004,0.38881632381797387,0.35077944372324432,0.1302021162293909,0.1302021162293909,0.2604042324587818,0.038036880094729553,1.2944889472286385e-10,0.99998800588249515,0,1,0,NaN,NaN,NaN
varms_2,2 x MS0(pi/2),existing_coarse,heatmap,sideband_fcl,sideband,fcl,135,5,11,1,0,-1.4666666666666666,-0.66666666666666663,0.49813086720991478,0.30407074347437801,0.098899194657853573,0.098899194657853573,0.19779838931570715,0.19406012373553677,1.2944889472286385e-10,0.99998800588249515,0,1,0,NaN,NaN,NaN
varms_2,2 x MS0(pi/2),existing_coarse,heatmap,sideband_fcl,sideband,fcl,136,5,12,1,0,-1.4666666666666666,-0.53333333333333333,0.62358961369082122,0.22532111842023125,0.075544633944473721,0.075544633944473721,0.15108926788894744,0.39826849527058994,1.2944889472286385e-10,0.99998800588249515,0,1,0,NaN,NaN,NaN
varms_2,2 x MS0(pi/2),existing_coarse,heatmap,sideband_fcl,sideband,fcl,137,5,13,1,0,-1.4666666666666666,-0.40000000000000002,0.72183363259942934,0.15241724381140229,0.062874561794584144,0.062874561794584144,0.12574912358916829,0.56941638878802703,1.2944889472286385e-10,0.99998800588249515,0,1,0,NaN,NaN,NaN
varms_2,2 x MS0(pi/2),existing_coarse,heatmap,sideband_fcl,sideband,fcl,138,5,14,1,0,-1.4666666666666666,-0.26666666666666666,0.76883105421868836,0.11876031213425527,0.05620431682352825,0.05620431682352825,0.1124086336470565,0.65007074208443305,1.2944889472286385e-10,0.99998800588249515,0,1,0,NaN,NaN,NaN
varms_2,2 x MS0(pi/2),existing_coarse,heatmap,sideband_fcl,sideband,fcl,139,5,15,1,0,-1.4666666666666666,-0.13333333333333333,0.77397801576512859,0.12709042388656108,0.049465780174155198,0.049465780174155198,0.098931560348310396,0.64688759187856748,1.2944889472286385e-10,0.99998800588249515,0,1,0,NaN,NaN,NaN
varms_2,2 x MS0(pi/2),existing_coarse,heatmap,sideband_fcl,sideband,fcl,140,5,16,1,0,-1.4666666666666666,0,0.751659598442175,0.14171514769396262,0.053312626931931187,0.053312626931931187,0.10662525386386237,0.60994445074821235,1.2944889472286385e-10,0.99998800588249515,0,1,0,NaN,NaN,NaN
varms_2,2 x MS0(pi/2),existing_coarse,heatmap,sideband_fcl,sideband,fcl,141,5,17,1,0,-1.4666666666666666,0.13333333333333333,0.71253925148634389,0.13315866398638357,0.077151042263636282,0.077151042263636282,0.15430208452727256,0.57938058749996035,1.2944889472286385e-10,0.99998800588249515,0,1,0,NaN,NaN,NaN
varms_2,2 x MS0(pi/2),existing_coarse,heatmap,sideband_fcl,sideband,fcl,142,5,18,1,0,-1.4666666666666666,0.26666666666666666,0.6773185071878034,0.10927913685336031,0.10670117797941818,0.10670117797941818,0.21340235595883636,0.56803937033444307,1.2944889472286385e-10,0.99998800588249515,0,1,0,NaN,NaN,NaN
varms_2,2 x MS0(pi/2),existing_coarse,heatmap,sideband_fcl,sideband,fcl,143,5,19,1,0,-1.4666666666666666,0.40000000000000002,0.66009875161495735,0.089182396432675878,0.12535942597618344,0.12535942597618344,0.25071885195236687,0.57091635518228145,1.2944889472286385e-10,0.99998800588249515,0,1,0,NaN,NaN,NaN
varms_2,2 x MS0(pi/2),existing_coarse,heatmap,sideband_fcl,sideband,fcl,144,5,20,1,0,-1.4666666666666666,0.53333333333333333,0.65144834957212661,0.083400245909426185,0.1325757022592236,0.1325757022592236,0.26515140451844721,0.56804810366270042,1.2944889472286385e-10,0.99998800588249515,0,1,0,NaN,NaN,NaN
varms_2,2 x MS0(pi/2),existing_coarse,heatmap,sideband_fcl,sideband,fcl,145,5,21,1,0,-1.4666666666666666,0.66666666666666663,0.63732722466122937,0.09416476698347806,0.13425400417764627,0.13425400417764627,0.26850800835529254,0.54316245767775129,1.2944889472286385e-10,0.99998800588249515,0,1,0,NaN,NaN,NaN
varms_2,2 x MS0(pi/2),existing_coarse,heatmap,sideband_fcl,sideband,fcl,146,5,22,1,0,-1.4666666666666666,0.80000000000000004,0.6210921139484491,0.1098921126647058,0.13450788669342253,0.13450788669342253,0.26901577338684507,0.51120000128374332,1.2944889472286385e-10,0.99998800588249515,0,1,0,NaN,NaN,NaN
varms_2,2 x MS0(pi/2),existing_coarse,heatmap,sideband_fcl,sideband,fcl,147,5,23,1,0,-1.4666666666666666,0.93333333333333335,0.61723357910555121,0.11478540306131373,0.13399050891656747,0.13399050891656747,0.26798101783313494,0.50244817604423753,1.2944889472286385e-10,0.99998800588249515,0,1,0,NaN,NaN,NaN
varms_2,2 x MS0(pi/2),existing_coarse,heatmap,sideband_fcl,sideband,fcl,148,5,24,1,0,-1.4666666666666666,1.0666666666666667,0.62897573247459804,0.10718670074414252,0.13191878339062968,0.13191878339062968,0.26383756678125936,0.52178903173045554,1.2944889472286385e-10,0.99998800588249515,0,1,0,NaN,NaN,NaN
varms_2,2 x MS0(pi/2),existing_coarse,heatmap,sideband_fcl,sideband,fcl,149,5,25,1,0,-1.4666666666666666,1.2,0.64256995944561102,0.096382101116953278,0.13052396971871785,0.13052396971871785,0.26104793943743571,0.54618785832865768,1.2944889472286385e-10,0.99998800588249515,0,1,0,NaN,NaN,NaN
varms_2,2 x MS0(pi/2),existing_coarse,heatmap,sideband_fcl,sideband,fcl,150,5,26,1,0,-1.4666666666666666,1.3333333333333333,0.64317417216271089,0.089904837407632859,0.13346049521482817,0.13346049521482817,0.26692099042965634,0.553269334755078,1.2944889472286385e-10,0.99998800588249515,0,1,0,NaN,NaN,NaN
varms_2,2 x MS0(pi/2),existing_coarse,heatmap,sideband_fcl,sideband,fcl,151,5,27,1,0,-1.4666666666666666,1.4666666666666666,0.62655191861919268,0.090036147302132483,0.14170596703933738,0.14170596703933738,0.28341193407867477,0.53651577131706019,1.2944889472286385e-10,0.99998800588249515,0,1,0,NaN,NaN,NaN
varms_2,2 x MS0(pi/2),existing_coarse,heatmap,sideband_fcl,sideband,fcl,152,5,28,1,0,-1.4666666666666666,1.6000000000000001,0.59879325683527895,0.094456224917441309,0.15337525912363992,0.15337525912363992,0.30675051824727984,0.50433703191783763,1.2944889472286385e-10,0.99998800588249515,0,1,0,NaN,NaN,NaN
varms_2,2 x MS0(pi/2),existing_coarse,heatmap,sideband_fcl,sideband,fcl,153,5,29,1,0,-1.4666666666666666,1.7333333333333334,0.5740679413620503,0.097326762691692256,0.16430264797312877,0.16430264797312877,0.32860529594625754,0.47674117867035803,1.2944889472286385e-10,0.99998800588249515,0,1,0,NaN,NaN,NaN
varms_2,2 x MS0(pi/2),existing_coarse,heatmap,sideband_fcl,sideband,fcl,154,5,30,1,0,-1.4666666666666666,1.8666666666666667,0.5691802938866366,0.093381758829029118,0.16871897364216706,0.16871897364216706,0.33743794728433413,0.4757985350576075,1.2944889472286385e-10,0.99998800588249515,0,1,0,NaN,NaN,NaN
varms_2,2 x MS0(pi/2),existing_coarse,heatmap,sideband_fcl,sideband,fcl,155,5,31,1,0,-1.4666666666666666,2,0.59364531371628226,0.081747122930748914,0.16230378167648438,0.16230378167648438,0.32460756335296875,0.51189819078553334,1.2944889472286385e-10,0.99998800588249515,0,1,0,NaN,NaN,NaN
varms_2,2 x MS0(pi/2),existing_coarse,heatmap,sideband_fcl,sideband,fcl,156,6,1,1,0,-1.3333333333333333,-2,0.92232824566022209,0.023250532166795186,0.027210611086491369,0.027210611086491369,0.054421222172982738,0.89907771349342691,1.2944889472286385e-10,0.99998800588249515,0,1,0,NaN,NaN,NaN
varms_2,2 x MS0(pi/2),existing_coarse,heatmap,sideband_fcl,sideband,fcl,157,6,2,1,0,-1.3333333333333333,-1.8666666666666667,0.93687779746272926,0.019888020515738927,0.021617091010765963,0.021617091010765963,0.043234182021531925,0.91698977694699035,1.2944889472286385e-10,0.99998800588249515,0,1,0,NaN,NaN,NaN
varms_2,2 x MS0(pi/2),existing_coarse,heatmap,sideband_fcl,sideband,fcl,158,6,3,1,0,-1.3333333333333333,-1.7333333333333334,0.87601928552692998,0.043708883640359325,0.040135915416355333,0.040135915416355333,0.080271830832710667,0.83231040188657068,1.2944889472286385e-10,0.99998800588249515,0,1,0,NaN,NaN,NaN
varms_2,2 x MS0(pi/2),existing_coarse,heatmap,sideband_fcl,sideband,fcl,159,6,4,1,0,-1.3333333333333333,-1.6000000000000001,0.75095975463139164,0.1069497643975514,0.071045240485528433,0.071045240485528433,0.14209048097105687,0.6440099902338402,1.2944889472286385e-10,0.99998800588249515,0,1,0,NaN,NaN,NaN
varms_2,2 x MS0(pi/2),existing_coarse,heatmap,sideband_fcl,sideband,fcl,160,6,5,1,0,-1.3333333333333333,-1.4666666666666666,0.58819512422593856,0.20079280526860646,0.10550603525272755,0.10550603525272755,0.21101207050545509,0.38740231895733213,1.2944889472286385e-10,0.99998800588249515,0,1,0,NaN,NaN,NaN
varms_2,2 x MS0(pi/2),existing_coarse,heatmap,sideband_fcl,sideband,fcl,161,6,6,1,0,-1.3333333333333333,-1.3333333333333333,0.43506652222423731,0.29312485800008797,0.13590430988783736,0.13590430988783736,0.27180861977567472,0.14194166422414933,1.2944889472286385e-10,0.99998800588249515,0,1,0,NaN,NaN,NaN
varms_2,2 x MS0(pi/2),existing_coarse,heatmap,sideband_fcl,sideband,fcl,162,6,7,1,0,-1.3333333333333333,-1.2,0.34614020450931043,0.34743338958297282,0.15321320295385843,0.15321320295385843,0.30642640590771686,-0.001293185073662384,1.2944889472286385e-10,0.99998800588249515,0.0013051793206160234,0.99869482067938398,-0.00056720240783579914,NaN,NaN,NaN
varms_2,2 x MS0(pi/2),existing_coarse,heatmap,sideband_fcl,sideband,fcl,163,6,8,1,0,-1.3333333333333333,-1.0666666666666667,0.34219103486583091,0.3516970347496442,0.15305596519226244,0.15305596519226244,0.30611193038452489,-0.0095059998838132875,1.2944889472286385e-10,0.99998800588249515,0.0095179941307670379,0.99048200586923296,-0.0041534099009856804,NaN,NaN,NaN
varms_2,2 x MS0(pi/2),existing_coarse,heatmap,sideband_fcl,sideband,fcl,164,6,9,1,0,-1.3333333333333333,-0.93333333333333335,0.39320340351040439,0.32650215120728637,0.14014722264115465,0.14014722264115465,0.28029444528230929,0.066701252303118019,1.2944889472286385e-10,0.99998800588249515,0,1,0,NaN,NaN,NaN
varms_2,2 x MS0(pi/2),existing_coarse,heatmap,sideband_fcl,sideband,fcl,165,6,10,1,0,-1.3333333333333333,-0.80000000000000004,0.46211205676866146,0.29582654344698084,0.12103069989217888,0.12103069989217888,0.24206139978435776,0.16628551332168062,1.2944889472286385e-10,0.99998800588249515,0,1,0,NaN,NaN,NaN
varms_2,2 x MS0(pi/2),existing_coarse,heatmap,sideband_fcl,sideband,fcl,166,6,11,1,0,-1.3333333333333333,-0.66666666666666663,0.53576217348297972,0.25803885595675741,0.10309948528013142,0.10309948528013142,0.20619897056026285,0.27772331752622231,1.2944889472286385e-10,0.99998800588249515,0,1,0,NaN,NaN,NaN
varms_2,2 x MS0(pi/2),existing_coarse,heatmap,sideband_fcl,sideband,fcl,167,6,12,1,0,-1.3333333333333333,-0.53333333333333333,0.58825134678851598,0.2111163134918147,0.10031616985983466,0.10031616985983466,0.20063233971966932,0.37713503329670128,1.2944889472286385e-10,0.99998800588249515,0,1,0,NaN,NaN,NaN
varms_2,2 x MS0(pi/2),existing_coarse,heatmap,sideband_fcl,sideband,fcl,168,6,13,1,0,-1.3333333333333333,-0.40000000000000002,0.58071302927563517,0.19473010221564702,0.11227843425435885,0.11227843425435885,0.2245568685087177,0.38598292705998816,1.2944889472286385e-10,0.99998800588249515,0,1,0,NaN,NaN,NaN
varms_2,2 x MS0(pi/2),existing_coarse,heatmap,sideband_fcl,sideband,fcl,169,6,14,1,0,-1.3333333333333333,-0.26666666666666666,0.52428360831331844,0.24478856525008463,0.11546391321829845,0.11546391321829845,0.2309278264365969,0.27949504306323381,1.2944889472286385e-10,0.99998800588249515,0,1,0,NaN,NaN,NaN
varms_2,2 x MS0(pi/2),existing_coarse,heatmap,sideband_fcl,sideband,fcl,170,6,15,1,0,-1.3333333333333333,-0.13333333333333333,0.47031504788155376,0.31865907093036161,0.10551294059404233,0.10551294059404233,0.21102588118808466,0.15165597695119215,1.2944889472286385e-10,0.99998800588249515,0,1,0,NaN,NaN,NaN
varms_2,2 x MS0(pi/2),existing_coarse,heatmap,sideband_fcl,sideband,fcl,171,6,16,1,0,-1.3333333333333333,0,0.43898789924127735,0.34604564552743394,0.10748322761564438,0.10748322761564438,0.21496645523128877,0.092942253713843404,1.2944889472286385e-10,0.99998800588249515,0,1,0,NaN,NaN,NaN
varms_2,2 x MS0(pi/2),existing_coarse,heatmap,sideband_fcl,sideband,fcl,172,6,17,1,0,-1.3333333333333333,0.13333333333333333,0.42236348401233736,0.31636868028459453,0.13063391785153403,0.13063391785153403,0.26126783570306805,0.10599480372774284,1.2944889472286385e-10,0.99998800588249515,0,1,0,NaN,NaN,NaN
varms_2,2 x MS0(pi/2),existing_coarse,heatmap,sideband_fcl,sideband,fcl,173,6,18,1,0,-1.3333333333333333,0.26666666666666666,0.44255329186894588,0.2514640771437418,0.15299131549365613,0.15299131549365613,0.30598263098731227,0.19108921472520407,1.2944889472286385e-10,0.99998800588249515,0,1,0,NaN,NaN,NaN
varms_2,2 x MS0(pi/2),existing_coarse,heatmap,sideband_fcl,sideband,fcl,174,6,19,1,0,-1.3333333333333333,0.40000000000000002,0.53579957165757031,0.16559819969589867,0.14930111432326551,0.14930111432326551,0.29860222864653102,0.37020137196167163,1.2944889472286385e-10,0.99998800588249515,0,1,0,NaN,NaN,NaN
varms_2,2 x MS0(pi/2),existing_coarse,heatmap,sideband_fcl,sideband,fcl,175,6,20,1,0,-1.3333333333333333,0.53333333333333333,0.67274354294430949,0.092931656532887152,0.11716240026140162,0.11716240026140162,0.23432480052280324,0.57981188641142234,1.2944889472286385e-10,0.99998800588249515,0,1,0,NaN,NaN,NaN
varms_2,2 x MS0(pi/2),existing_coarse,heatmap,sideband_fcl,sideband,fcl,176,6,21,1,0,-1.3333333333333333,0.66666666666666663,0.7659817919844879,0.080416647474282538,0.076800780270614766,0.076800780270614766,0.15360156054122953,0.68556514451020534,1.2944889472286385e-10,0.99998800588249515,0,1,0,NaN,NaN,NaN
varms_2,2 x MS0(pi/2),existing_coarse,heatmap,sideband_fcl,sideband,fcl,177,6,22,1,0,-1.3333333333333333,0.80000000000000004,0.76681777058147316,0.13571622959429205,0.048732999912117304,0.048732999912117304,0.097465999824234609,0.63110154098718108,1.2944889472286385e-10,0.99998800588249515,0,1,0,NaN,NaN,NaN
varms_2,2 x MS0(pi/2),existing_coarse,heatmap,sideband_fcl,sideband,fcl,178,6,23,1,0,-1.3333333333333333,0.93333333333333335,0.69625280001630019,0.22338314588314875,0.040182027050275494,0.040182027050275494,0.080364054100550988,0.47286965413315141,1.2944889472286385e-10,0.99998800588249515,0,1,0,NaN,NaN,NaN
varms_2,2 x MS0(pi/2),existing_coarse,heatmap,sideband_fcl,sideband,fcl,179,6,24,1,0,-1.3333333333333333,1.0666666666666667,0.59567654197167486,0.30136537878172837,0.051479039623298424,0.051479039623298424,0.10295807924659685,0.29431116318994649,1.2944889472286385e-10,0.99998800588249515,0,1,0,NaN,NaN,NaN
varms_2,2 x MS0(pi/2),existing_coarse,heatmap,sideband_fcl,sideband,fcl,180,6,25,1,0,-1.3333333333333333,1.2,0.49701964124790071,0.34152890660599128,0.080725726073053963,0.080725726073053963,0.16145145214610793,0.15549073464190943,1.2944889472286385e-10,0.99998800588249515,0,1,0,NaN,NaN,NaN
varms_2,2 x MS0(pi/2),existing_coarse,heatmap,sideband_fcl,sideband,fcl,181,6,26,1,0,-1.3333333333333333,1.3333333333333333,0.42481578742957737,0.33523050079464539,0.11997685588788858,0.11997685588788858,0.23995371177577715,0.089585286634931982,1.2944889472286385e-10,0.99998800588249515,0,1,0,NaN,NaN,NaN
varms_2,2 x MS0(pi/2),existing_coarse,heatmap,sideband_fcl,sideband,fcl,182,6,27,1,0,-1.3333333333333333,1.4666666666666666,0.39349002932894411,0.29259558599303359,0.15695719233901115,0.15695719233901115,0.3139143846780223,0.10089444333591052,1.2944889472286385e-10,0.99998800588249515,0,1,0,NaN,NaN,NaN
varms_2,2 x MS0(pi/2),existing_coarse,heatmap,sideband_fcl,sideband,fcl,183,6,28,1,0,-1.3333333333333333,1.6000000000000001,0.40359342602559461,0.23131953857175028,0.18254351770132751,0.18254351770132751,0.36508703540265502,0.17227388745384434,1.2944889472286385e-10,0.99998800588249515,0,1,0,NaN,NaN,NaN
varms_2,2 x MS0(pi/2),existing_coarse,heatmap,sideband_fcl,sideband,fcl,184,6,29,1,0,-1.3333333333333333,1.7333333333333334,0.44870658915640804,0.16469360249499052,0.19329990417430074,0.19329990417430074,0.38659980834860147,0.2840129866614175,1.2944889472286385e-10,0.99998800588249515,0,1,0,NaN,NaN,NaN
varms_2,2 x MS0(pi/2),existing_coarse,heatmap,sideband_fcl,sideband,fcl,185,6,30,1,0,-1.3333333333333333,1.8666666666666667,0.52353965313495243,0.10187353926779333,0.18729340379862713,0.18729340379862713,0.37458680759725427,0.42166611386715913,1.2944889472286385e-10,0.99998800588249515,0,1,0,NaN,NaN,NaN
varms_2,2 x MS0(pi/2),existing_coarse,heatmap,sideband_fcl,sideband,fcl,186,6,31,1,0,-1.3333333333333333,2,0.62156375881621995,0.054236154345260967,0.16210004341925952,0.16210004341925952,0.32420008683851903,0.56732760447095898,1.2944889472286385e-10,0.99998800588249515,0,1,0,NaN,NaN,NaN
varms_2,2 x MS0(pi/2),existing_coarse,heatmap,sideband_fcl,sideband,fcl,187,7,1,1,0,-1.2,-2,0.91191606959352933,0.013032476244391971,0.037525727081039413,0.037525727081039413,0.075051454162078826,0.89888359334913737,1.2944889472286385e-10,0.99998800588249515,0,1,0,NaN,NaN,NaN
varms_2,2 x MS0(pi/2),existing_coarse,heatmap,sideband_fcl,sideband,fcl,188,7,2,1,0,-1.2,-1.8666666666666667,0.87821031427091922,0.022903527261841812,0.049443079233619451,0.049443079233619451,0.098886158467238902,0.85530678700907736,1.2944889472286385e-10,0.99998800588249515,0,1,0,NaN,NaN,NaN
varms_2,2 x MS0(pi/2),existing_coarse,heatmap,sideband_fcl,sideband,fcl,189,7,3,1,0,-1.2,-1.7333333333333334,0.7650986921441485,0.078189757341327673,0.078355775257261923,0.078355775257261923,0.15671155051452385,0.68690893480282078,1.2944889472286385e-10,0.99998800588249515,0,1,0,NaN,NaN,NaN
varms_2,2 x MS0(pi/2),existing_coarse,heatmap,sideband_fcl,sideband,fcl,190,7,4,1,0,-1.2,-1.6000000000000001,0.60776761728320272,0.19185915087394609,0.10018661592142562,0.10018661592142562,0.20037323184285125,0.41590846640925661,1.2944889472286385e-10,0.99998800588249515,0,1,0,NaN,NaN,NaN
varms_2,2 x MS0(pi/2),existing_coarse,heatmap,sideband_fcl,sideband,fcl,191,7,5,1,0,-1.2,-1.4666666666666666,0.44597557545235988,0.34027110928296855,0.10687665763233582,0.10687665763233582,0.21375331526467165,0.10570446616939133,1.2944889472286385e-10,0.99998800588249515,0,1,0,NaN,NaN,NaN
varms_2,2 x MS0(pi/2),existing_coarse,heatmap,sideband_fcl,sideband,fcl,192,7,6,1,0,-1.2,-1.3333333333333333,0.32463483515081198,0.47269829211128872,0.10133343636894968,0.10133343636894968,0.20266687273789935,-0.14806345696047674,1.2944889472286385e-10,0.99998800588249515,0.14807545120743049,0.85192454879256951,-0.069598867080785609,NaN,NaN,NaN
varms_2,2 x MS0(pi/2),existing_coarse,heatmap,sideband_fcl,sideband,fcl,193,7,7,1,0,-1.2,-1.2,0.2754077313185076,0.54298258130639088,0.090804843687550735,0.090804843687550735,0.18160968737510147,-0.26757484998788328,1.2944889472286385e-10,0.99998800588249515,0.26758684423483703,0.73241315576516297,-0.13524386340788644,NaN,NaN,NaN
varms_2,2 x MS0(pi/2),existing_coarse,heatmap,sideband_fcl,sideband,fcl,194,7,8,1,0,-1.2,-1.0666666666666667,0.27827456676343659,0.52741988708832821,0.097152773074117613,0.097152773074117613,0.19430554614823523,-0.24914532032489162,1.2944889472286385e-10,0.99998800588249515,0.24915731457184542,0.75084268542815458,-0.12445104569513588,NaN,NaN,NaN
varms_2,2 x MS0(pi/2),existing_coarse,heatmap,sideband_fcl,sideband,fcl,195,7,9,1,0,-1.2,-0.93333333333333335,0.29281305987601797,0.44085093902649081,0.13316800054874556,0.13316800054874556,0.26633600109749112,-0.14803787915047284,1.2944889472286385e-10,0.99998800588249515,0.1480498733974267,0.8519501266025733,-0.069585828208965916,NaN,NaN,NaN
varms_2,2 x MS0(pi/2),existing_coarse,heatmap,sideband_fcl,sideband,fcl,196,7,10,1,0,-1.2,-0.80000000000000004,0.3592524423833891,0.3563988132318231,0.1421743721923939,0.1421743721923939,0.2843487443847878,0.0028536291515660062,1.2944889472286385e-10,0.99998800588249515,0,1,0,NaN,NaN,NaN
varms_2,2 x MS0(pi/2),existing_coarse,heatmap,sideband_fcl,sideband,fcl,197,7,11,1,0,-1.2,-0.66666666666666663,0.49616218399841472,0.3312300815475287,0.086303867227028291,0.086303867227028291,0.17260773445405658,0.16493210245088602,1.2944889472286385e-10,0.99998800588249515,0,1,0,NaN,NaN,NaN
varms_2,2 x MS0(pi/2),existing_coarse,heatmap,sideband_fcl,sideband,fcl,198,7,12,1,0,-1.2,-0.53333333333333333,0.55726035417302422,0.33846177730793459,0.052138934259520688,0.052138934259520688,0.10427786851904138,0.21879857686508963,1.2944889472286385e-10,0.99998800588249515,0,1,0,NaN,NaN,NaN
varms_2,2 x MS0(pi/2),existing_coarse,heatmap,sideband_fcl,sideband,fcl,199,7,13,1,0,-1.2,-0.40000000000000002,0.4753479307234505,0.35396977160317572,0.085341148836686906,0.085341148836686906,0.17068229767337381,0.12137815912027478,1.2944889472286385e-10,0.99998800588249515,0,1,0,NaN,NaN,NaN
varms_2,2 x MS0(pi/2),existing_coarse,heatmap,sideband_fcl,sideband,fcl,200,7,14,1,0,-1.2,-0.26666666666666666,0.38222187534402607,0.37384182483873657,0.12196814990861866,0.12196814990861866,0.24393629981723733,0.0083800505052895047,1.2944889472286385e-10,0.99998800588249515,0,1,0,NaN,NaN,NaN
varms_2,2 x MS0(pi/2),existing_coarse,heatmap,sideband_fcl,sideband,fcl,201,7,15,1,0,-1.2,-0.13333333333333333,0.33383591092622844,0.37558171806419999,0.14529118550478587,0.14529118550478587,0.29058237100957174,-0.041745807137971547,1.2944889472286385e-10,0.99998800588249515,0.041757801384925242,0.95824219861507476,-0.018524707802507766,NaN,NaN,NaN
varms_2,2 x MS0(pi/2),existing_coarse,heatmap,sideband_fcl,sideband,fcl,202,7,16,1,0,-1.2,0,0.29149288608168022,0.38243096812986938,0.16303807289422517,0.16303807289422517,0.32607614578845034,-0.090938082048189151,1.2944889472286385e-10,0.99998800588249515,0.090950076295142845,0.90904992370485715,-0.041412265299304293,NaN,NaN,NaN
varms_2,2 x MS0(pi/2),existing_coarse,heatmap,sideband_fcl,sideband,fcl,203,7,17,1,0,-1.2,0.13333333333333333,0.26651082044175284,0.40922298611080721,0.16213309672371992,0.16213309672371992,0.32426619344743984,-0.14271216566905437,1.2944889472286385e-10,0.99998800588249515,0.14272415991600818,0.85727584008399182,-0.066879415473143605,NaN,NaN,NaN
varms_2,2 x MS0(pi/2),existing_coarse,heatmap,sideband_fcl,sideband,fcl,204,7,18,1,0,-1.2,0.26666666666666666,0.2831662472959337,0.38989403496194575,0.16346985887106028,0.16346985887106028,0.32693971774212055,-0.10672778766601204,1.2944889472286385e-10,0.99998800588249515,0.10673978191296574,0.89326021808703426,-0.049022007161981344,NaN,NaN,NaN
varms_2,2 x MS0(pi/2),existing_coarse,heatmap,sideband_fcl,sideband,fcl,205,7,19,1,0,-1.2,0.40000000000000002,0.37176661552329793,0.28863258136084663,0.16980040155792775,0.16980040155792775,0.3396008031158555,0.083134034162451298,1.2944889472286385e-10,0.99998800588249515,0,1,0,NaN,NaN,NaN
varms_2,2 x MS0(pi/2),existing_coarse,heatmap,sideband_fcl,sideband,fcl,206,7,20,1,0,-1.2,0.53333333333333333,0.55082107145180237,0.15935662516661364,0.14491115169079197,0.14491115169079197,0.28982230338158393,0.39146444628518873,1.2944889472286385e-10,0.99998800588249515,0,1,0,NaN,NaN,NaN
varms_2,2 x MS0(pi/2),existing_coarse,heatmap,sideband_fcl,sideband,fcl,207,7,21,1,0,-1.2,0.66666666666666663,0.75179230435930766,0.075876354687449507,0.086165670476621464,0.086165670476621464,0.17233134095324293,0.6759159496718582,1.2944889472286385e-10,0.99998800588249515,0,1,0,NaN,NaN,NaN
varms_2,2 x MS0(pi/2),existing_coarse,heatmap,sideband_fcl,sideband,fcl,208,7,22,1,0,-1.2,0.80000000000000004,0.86264894605505515,0.07329294627422045,0.032029053835362212,0.032029053835362212,0.064058107670724423,0.78935599978083471,1.2944889472286385e-10,0.99998800588249515,0,1,0,NaN,NaN,NaN
varms_2,2 x MS0(pi/2),existing_coarse,heatmap,sideband_fcl,sideband,fcl,209,7,23,1,0,-1.2,0.93333333333333335,0.83293358858582522,0.14662941835509827,0.010218496529538304,0.010218496529538304,0.020436993059076609,0.68630417023072698,1.2944889472286385e-10,0.99998800588249515,0,1,0,NaN,NaN,NaN
varms_2,2 x MS0(pi/2),existing_coarse,heatmap,sideband_fcl,sideband,fcl,210,7,24,1,0,-1.2,1.0666666666666667,0.69091241214201549,0.25685341247163401,0.026117087693175296,0.026117087693175296,0.052234175386350591,0.43405899967038147,1.2944889472286385e-10,0.99998800588249515,0,1,0,NaN,NaN,NaN
varms_2,2 x MS0(pi/2),existing_coarse,heatmap,sideband_fcl,sideband,fcl,211,7,25,1,0,-1.2,1.2,0.50050173980734103,0.33613686680824972,0.081680696692204582,0.081680696692204582,0.16336139338440916,0.1643648729990913,1.2944889472286385e-10,0.99998800588249515,0,1,0,NaN,NaN,NaN
varms_2,2 x MS0(pi/2),existing_coarse,heatmap,sideband_fcl,sideband,fcl,212,7,26,1,0,-1.2,1.3333333333333333,0.33766856245672522,0.34124062144917006,0.16054540804705233,0.16054540804705233,0.32109081609410467,-0.0035720589924448376,1.2944889472286385e-10,0.99998800588249515,0.003584053239398477,0.99641594676060152,-0.0015593305788127239,NaN,NaN,NaN
varms_2,2 x MS0(pi/2),existing_coarse,heatmap,sideband_fcl,sideband,fcl,213,7,27,1,0,-1.2,1.4666666666666666,0.2614520995315085,0.28294586791871357,0.22780101627488894,0.22780101627488894,0.45560203254977788,-0.02149376838720507,1.2944889472286385e-10,0.99998800588249515,0.02150576263415882,0.97849423736584118,-0.0094417276836355115,NaN,NaN,NaN
varms_2,2 x MS0(pi/2),existing_coarse,heatmap,sideband_fcl,sideband,fcl,214,7,28,1,0,-1.2,1.6000000000000001,0.28204795676192779,0.19285195750894385,0.26255004286456413,0.26255004286456413,0.52510008572912825,0.089195999252983937,1.2944889472286385e-10,0.99998800588249515,0,1,0,NaN,NaN,NaN
varms_2,2 x MS0(pi/2),existing_coarse,heatmap,sideband_fcl,sideband,fcl,215,7,29,1,0,-1.2,1.7333333333333334,0.37782195498241217,0.10208393085335818,0.26004705708211484,0.26004705708211484,0.52009411416422968,0.27573802412905402,1.2944889472286385e-10,0.99998800588249515,0,1,0,NaN,NaN,NaN
varms_2,2 x MS0(pi/2),existing_coarse,heatmap,sideband_fcl,sideband,fcl,216,7,30,1,0,-1.2,1.8666666666666667,0.52454896939123818,0.037582309434659934,0.21893436058705096,0.21893436058705096,0.43786872117410192,0.48696665995657823,1.2944889472286385e-10,0.99998800588249515,0,1,0,NaN,NaN,NaN
varms_2,2 x MS0(pi/2),existing_coarse,heatmap,sideband_fcl,sideband,fcl,217,7,31,1,0,-1.2,2,0.69046088710027353,0.01124860755802568,0.14914525267085038,0.14914525267085038,0.29829050534170076,0.67921227954224783,1.2944889472286385e-10,0.99998800588249515,0,1,0,NaN,NaN,NaN
varms_2,2 x MS0(pi/2),existing_coarse,heatmap,sideband_fcl,sideband,fcl,218,8,1,1,0,-1.0666666666666667,-2,0.86901802941228246,0.021500881176350184,0.054740544705683659,0.054740544705683659,0.10948108941136732,0.84751714823593227,1.2944889472286385e-10,0.99998800588249515,0,1,0,NaN,NaN,NaN
varms_2,2 x MS0(pi/2),existing_coarse,heatmap,sideband_fcl,sideband,fcl,219,8,2,1,0,-1.0666666666666667,-1.8666666666666667,0.77960097142381268,0.053056576768795598,0.083671225903695912,0.083671225903695912,0.16734245180739182,0.72654439465501708,1.2944889472286385e-10,0.99998800588249515,0,1,0,NaN,NaN,NaN
varms_2,2 x MS0(pi/2),existing_coarse,heatmap,sideband_fcl,sideband,fcl,220,8,3,1,0,-1.0666666666666667,-1.7333333333333334,0.63917553040227926,0.13815975944377429,0.11133235507697328,0.11133235507697328,0.22266471015394657,0.50101577095850502,1.2944889472286385e-10,0.99998800588249515,0,1,0,NaN,NaN,NaN
varms_2,2 x MS0(pi/2),existing_coarse,heatmap,sideband_fcl,sideband,fcl,221,8,4,1,0,-1.0666666666666667,-1.6000000000000001,0.49318304534437346,0.27456020118170366,0.11612837673696141,0.11612837673696141,0.23225675347392283,0.2186228441626698,1.2944889472286385e-10,0.99998800588249515,0,1,0,NaN,NaN,NaN
varms_2,2 x MS0(pi/2),existing_coarse,heatmap,sideband_fcl,sideband,fcl,222,8,5,1,0,-1.0666666666666667,-1.4666666666666666,0.36126703206954819,0.42675036614411954,0.10599130089316611,0.10599130089316611,0.21198260178633221,-0.065483334074571353,1.2944889472286385e-10,0.99998800588249515,0.065495328321525159,0.93450467167847484,-0.029418523199957546,NaN,NaN,NaN
varms_2,2 x MS0(pi/2),existing_coarse,heatmap,sideband_fcl,sideband,fcl,223,8,6,1,0,-1.0666666666666667,-1.3333333333333333,0.26545126643942912,0.54592852304610273,0.094310105257234086,0.094310105257234086,0.18862021051446817,-0.28047725660667361,1.2944889472286385e-10,0.99998800588249515,0.28048925085362741,0.71951074914637259,-0.14296271352712087,NaN,NaN,NaN
varms_2,2 x MS0(pi/2),existing_coarse,heatmap,sideband_fcl,sideband,fcl,224,8,7,1,0,-1.0666666666666667,-1.2,0.2338138142289902,0.57490004892789848,0.095643068421555649,0.095643068421555649,0.1912861368431113,-0.34108623469890831,1.2944889472286385e-10,0.99998800588249515,0.34109822894586206,0.65890177105413794,-0.18117932511598528,NaN,NaN,NaN
varms_2,2 x MS0(pi/2),existing_coarse,heatmap,sideband_fcl,sideband,fcl,225,8,8,1,0,-1.0666666666666667,-1.0666666666666667,0.24861540796698753,0.49340396553093258,0.12899031325103999,0.12899031325103999,0.25798062650207998,-0.24478855756394505,1.2944889472286385e-10,0.99998800588249515,0.24480055181089877,0.75519944818910123,-0.12193833604117911,NaN,NaN,NaN
varms_2,2 x MS0(pi/2),existing_coarse,heatmap,sideband_fcl,sideband,fcl,226,8,9,1,0,-1.0666666666666667,-0.93333333333333335,0.24005265883694349,0.39815577357446408,0.18089578379429622,0.18089578379429622,0.36179156758859243,-0.15810311473752059,1.2944889472286385e-10,0.99998800588249515,0.15811510898447434,0.84188489101552566,-0.074747284526727714,NaN,NaN,NaN
varms_2,2 x MS0(pi/2),existing_coarse,heatmap,sideband_fcl,sideband,fcl,227,8,10,1,0,-1.0666666666666667,-0.80000000000000004,0.20419296641908286,0.42101248120034707,0.18739727619028498,0.18739727619028498,0.37479455238056997,-0.21681951478126421,1.2944889472286385e-10,0.99998800588249515,0.21683150902821791,0.78316849097178209,-0.10614479371814378,NaN,NaN,NaN
varms_2,2 x MS0(pi/2),existing_coarse,heatmap,sideband_fcl,sideband,fcl,228,8,11,1,0,-1.0666666666666667,-0.66666666666666663,0.20649911736420795,0.52256484553267579,0.13546801855155813,0.13546801855155813,0.27093603710311626,-0.31606572816846784,1.2944889472286385e-10,0.99998800588249515,0.31607772241542165,0.68392227758457835,-0.1649932496454215,NaN,NaN,NaN
varms_2,2 x MS0(pi/2),existing_coarse,heatmap,sideband_fcl,sideband,fcl,229,8,12,1,0,-1.0666666666666667,-0.53333333333333333,0.24057087085525372,0.54995298636609291,0.10473807138932671,0.10473807138932671,0.20947614277865342,-0.30938211551083916,1.2944889472286385e-10,0.99998800588249515,0.30939410975779291,0.69060589024220709,-0.16076972183252686,NaN,NaN,NaN
varms_2,2 x MS0(pi/2),existing_coarse,heatmap,sideband_fcl,sideband,fcl,230,8,13,1,0,-1.0666666666666667,-0.40000000000000002,0.27766191338999763,0.48415385475222728,0.11909211592888753,0.11909211592888753,0.23818423185777507,-0.20649194136222965,1.2944889472286385e-10,0.99998800588249515,0.20650393560918345,0.79349606439081655,-0.10045522293256086,NaN,NaN,NaN
varms_2,2 x MS0(pi/2),existing_coarse,heatmap,sideband_fcl,sideband,fcl,231,8,14,1,0,-1.0666666666666667,-0.26666666666666666,0.33319085524621,0.40926157110500039,0.1287737868243948,0.1287737868243948,0.25754757364878961,-0.076070715858790383,1.2944889472286385e-10,0.99998800588249515,0.076082710105744189,0.92391728989425581,-0.034366905565929952,NaN,NaN,NaN
varms_2,2 x MS0(pi/2),existing_coarse,heatmap,sideband_fcl,sideband,fcl,232,8,15,1,0,-1.0666666666666667,-0.13333333333333333,0.37263806146417888,0.37162188656035394,0.12787002598773364,0.12787002598773364,0.25574005197546729,0.0010161749038249401,1.2944889472286385e-10,0.99998800588249515,0,1,0,NaN,NaN,NaN
varms_2,2 x MS0(pi/2),existing_coarse,heatmap,sideband_fcl,sideband,fcl,233,8,16,1,0,-1.0666666666666667,0,0.3538555550199684,0.38791120135372226,0.12911662181315467,0.12911662181315467,0.25823324362630934,-0.034055646333753853,1.2944889472286385e-10,0.99998800588249515,0.034067640580707548,0.96593235941929245,-0.015053284515637656,NaN,NaN,NaN
varms_2,2 x MS0(pi/2),existing_coarse,heatmap,sideband_fcl,sideband,fcl,234,8,17,1,0,-1.0666666666666667,0.13333333333333333,0.31977698555511258,0.42593776459073912,0.12714262492707418,0.12714262492707418,0.25428524985414835,-0.10616077903562654,1.2944889472286385e-10,0.99998800588249515,0.10617277328258024,0.89382722671741976,-0.048746420504655864,NaN,NaN,NaN
varms_2,2 x MS0(pi/2),existing_coarse,heatmap,sideband_fcl,sideband,fcl,235,8,18,1,0,-1.0666666666666667,0.26666666666666666,0.32903700475419423,0.42106158519578413,0.12495070502501078,0.12495070502501078,0.24990141005002156,-0.092024580441589898,1.2944889472286385e-10,0.99998800588249515,0.092036574688543649,0.90796342531145635,-0.041931645427518247,NaN,NaN,NaN
varms_2,2 x MS0(pi/2),existing_coarse,heatmap,sideband_fcl,sideband,fcl,236,8,19,1,0,-1.0666666666666667,0.40000000000000002,0.39377053617806634,0.35496348796317462,0.12563298792937946,0.12563298792937946,0.25126597585875893,0.038807048214891726,1.2944889472286385e-10,0.99998800588249515,0,1,0,NaN,NaN,NaN
varms_2,2 x MS0(pi/2),existing_coarse,heatmap,sideband_fcl,sideband,fcl,237,8,20,1,0,-1.0666666666666667,0.53333333333333333,0.52350612689948006,0.24460517328227976,0.11594434990912007,0.11594434990912007,0.23188869981824015,0.2789009536172003,1.2944889472286385e-10,0.99998800588249515,0,1,0,NaN,NaN,NaN
varms_2,2 x MS0(pi/2),existing_coarse,heatmap,sideband_fcl,sideband,fcl,238,8,21,1,0,-1.0666666666666667,0.66666666666666663,0.71637454000798639,0.11807147483028146,0.082776992580866085,0.082776992580866085,0.16555398516173217,0.59830306517770493,1.2944889472286385e-10,0.99998800588249515,0,1,0,NaN,NaN,NaN
varms_2,2 x MS0(pi/2),existing_coarse,heatmap,sideband_fcl,sideband,fcl,239,8,22,1,0,-1.0666666666666667,0.80000000000000004,0.8766602187762943,0.034311618971609455,0.044514081126048127,0.044514081126048127,0.089028162252096255,0.84234859980468479,1.2944889472286385e-10,0.99998800588249515,0,1,0,NaN,NaN,NaN
varms_2,2 x MS0(pi/2),existing_coarse,heatmap,sideband_fcl,sideband,fcl,240,8,23,1,0,-1.0666666666666667,0.93333333333333335,0.87586991063997133,0.059557859470085434,0.032286114944971578,0.032286114944971578,0.064572229889943156,0.81631205116988592,1.2944889472286385e-10,0.99998800588249515,0,1,0,NaN,NaN,NaN
varms_2,2 x MS0(pi/2),existing_coarse,heatmap,sideband_fcl,sideband,fcl,241,8,24,1,0,-1.0666666666666667,1.0666666666666667,0.70401198323697178,0.18018657479146497,0.05790072098578166,0.05790072098578166,0.11580144197156332,0.52382540844550685,1.2944889472286385e-10,0.99998800588249515,0,1,0,NaN,NaN,NaN
varms_2,2 x MS0(pi/2),existing_coarse,heatmap,sideband_fcl,sideband,fcl,242,8,25,1,0,-1.0666666666666667,1.2,0.46939975037448217,0.29916365969499126,0.11571829496526329,0.11571829496526329,0.23143658993052657,0.17023609067949091,1.2944889472286385e-10,0.99998800588249515,0,1,0,NaN,NaN,NaN
varms_2,2 x MS0(pi/2),existing_coarse,heatmap,sideband_fcl,sideband,fcl,243,8,26,1,0,-1.0666666666666667,1.3333333333333333,0.28934642986272868,0.34529679697652105,0.18267838658037511,0.18267838658037511,0.36535677316075021,-0.055950367113792365,1.2944889472286385e-10,0.99998800588249515,0.055962361360746171,0.94403763863925383,-0.025010690100799017,NaN,NaN,NaN
varms_2,2 x MS0(pi/2),existing_coarse,heatmap,sideband_fcl,sideband,fcl,244,8,27,1,0,-1.0666666666666667,1.4666666666666666,0.22152544750886244,0.31253476633645594,0.23296989307734078,0.23296989307734078,0.46593978615468157,-0.091009318827593499,1.2944889472286385e-10,0.99998800588249515,0.091021313074547305,0.90897868692545269,-0.041446299681424409,NaN,NaN,NaN
varms_2,2 x MS0(pi/2),existing_coarse,heatmap,sideband_fcl,sideband,fcl,245,8,28,1,0,-1.0666666666666667,1.6000000000000001,0.26345506448174916,0.22341481888518216,0.25656505831653431,0.25656505831653431,0.51313011663306862,0.040040245596566992,1.2944889472286385e-10,0.99998800588249515,0,1,0,NaN,NaN,NaN
varms_2,2 x MS0(pi/2),existing_coarse,heatmap,sideband_fcl,sideband,fcl,246,8,29,1,0,-1.0666666666666667,1.7333333333333334,0.38764225102083727,0.11759825964748261,0.24737974466584006,0.24737974466584006,0.49475948933168012,0.27004399137335466,1.2944889472286385e-10,0.99998800588249515,0,1,0,NaN,NaN,NaN
varms_2,2 x MS0(pi/2),existing_coarse,heatmap,sideband_fcl,sideband,fcl,247,8,30,1,0,-1.0666666666666667,1.8666666666666667,0.5657882868950499,0.040613206040738252,0.19679925353210595,0.19679925353210595,0.3935985070642119,0.52517508085431164,1.2944889472286385e-10,0.99998800588249515,0,1,0,NaN,NaN,NaN
varms_2,2 x MS0(pi/2),existing_coarse,heatmap,sideband_fcl,sideband,fcl,248,8,31,1,0,-1.0666666666666667,2,0.75551778337519926,0.010660763546091512,0.1169107265393546,0.1169107265393546,0.23382145307870919,0.74485701982910779,1.2944889472286385e-10,0.99998800588249515,0,1,0,NaN,NaN,NaN
varms_2,2 x MS0(pi/2),refined_transition,transition_refined,sideband_fcl,sideband,fcl,249,1,1,1,0,-1,-1,0.28740044969297929,0.37014606794720173,0.17122674117990944,0.17122674117990944,0.34245348235981887,-0.082745618254222442,1.2944889472286385e-10,0.99998800588249515,0.082757612501176192,0.91724238749882381,-0.037515883912132605,20,9.9999999999999994e-12,9.9999999999999994e-12
varms_2,2 x MS0(pi/2),refined_transition,transition_refined,sideband_fcl,sideband,fcl,250,1,2,1,0,-1,-0.83333333333333337,0.21540716585416675,0.29653216939139621,0.24403033237721847,0.24403033237721847,0.48806066475443693,-0.081125003537229456,1.2944889472286385e-10,0.99998800588249515,0.081136997784183151,0.91886300221581685,-0.036749234878155637,20,9.9999999999999994e-12,9.9999999999999994e-12
varms_2,2 x MS0(pi/2),refined_transition,transition_refined,sideband_fcl,sideband,fcl,251,1,3,1,0,-1,-0.66666666666666663,0.17450762343415302,0.43063765149140393,0.19742736253722151,0.19742736253722151,0.39485472507444302,-0.25613002805725094,1.2944889472286385e-10,0.99998800588249515,0.25614202230420469,0.74385797769579531,-0.12850997492559807,20,9.9999999999999994e-12,9.9999999999999994e-12
varms_2,2 x MS0(pi/2),refined_transition,transition_refined,sideband_fcl,sideband,fcl,252,1,4,1,0,-1,-0.5,0.23115186999475906,0.51999422393821815,0.12442695303351139,0.12442695303351139,0.24885390606702279,-0.28884235394345908,1.2944889472286385e-10,0.99998800588249515,0.28885434819041289,0.71114565180958711,-0.1480414410438754,20,9.9999999999999994e-12,9.9999999999999994e-12
varms_2,2 x MS0(pi/2),refined_transition,transition_refined,sideband_fcl,sideband,fcl,253,1,5,1,0,-1,-0.33333333333333331,0.30376913544820461,0.47539672431368785,0.11041707011905373,0.11041707011905373,0.22083414023810746,-0.17162758886548324,1.2944889472286385e-10,0.99998800588249515,0.17163958311243699,0.82836041688756301,-0.081780661997356036,20,9.9999999999999994e-12,9.9999999999999994e-12
varms_2,2 x MS0(pi/2),refined_transition,transition_refined,sideband_fcl,sideband,fcl,254,1,6,1,0,-1,-0.16666666666666666,0.37843312666225321,0.394986368199292,0.11329025256922738,0.11329025256922738,0.22658050513845476,-0.016553241537038799,1.2944889472286385e-10,0.99998800588249515,0.016565235783992605,0.9834347642160074,-0.0072544435541727166,20,9.9999999999999994e-12,9.9999999999999994e-12
varms_2,2 x MS0(pi/2),refined_transition,transition_refined,sideband_fcl,sideband,fcl,255,1,7,1,0,-1,0,0.37345034898392343,0.37429691487394723,0.1261263680710647,0.1261263680710647,0.2522527361421294,-0.00084656589002379823,1.2944889472286385e-10,0.99998800588249515,0.00085856013697760414,0.9991414398630224,-0.00037302808631780134,20,9.9999999999999994e-12,9.9999999999999994e-12
varms_2,2 x MS0(pi/2),refined_transition,transition_refined,sideband_fcl,sideband,fcl,256,1,8,1,0,-1,0.16666666666666666,0.31734600694214271,0.40799587041388047,0.13732906132198844,0.13732906132198844,0.27465812264397688,-0.090649863471737757,1.2944889472286385e-10,0.99998800588249515,0.090661857718691508,0.90933814228130849,-0.041274592004231087,20,9.9999999999999994e-12,9.9999999999999994e-12
varms_2,2 x MS0(pi/2),refined_transition,transition_refined,sideband_fcl,sideband,fcl,257,1,9,1,0,-1,0.33333333333333331,0.33165268073155152,0.40623960288924282,0.13105385818960286,0.13105385818960286,0.26210771637920571,-0.074586922157691304,1.2944889472286385e-10,0.99998800588249515,0.07459891640464511,0.92540108359535489,-0.033669996300128957,20,9.9999999999999994e-12,9.9999999999999994e-12
varms_2,2 x MS0(pi/2),refined_transition,transition_refined,sideband_fcl,sideband,fcl,258,1,10,1,0,-1,0.5,0.43744015000488051,0.31902768629063788,0.1217660818522408,0.1217660818522408,0.24353216370448161,0.11841246371424263,1.2944889472286385e-10,0.99998800588249515,0,1,0,20,9.9999999999999994e-12,9.9999999999999994e-12
varms_2,2 x MS0(pi/2),refined_transition,transition_refined,sideband_fcl,sideband,fcl,259,1,11,1,0,-1,0.66666666666666663,0.66458469904070572,0.16155926648192837,0.086928017238683,0.086928017238683,0.173856034477366,0.5030254325587773,1.2944889472286385e-10,0.99998800588249515,0,1,0,20,9.9999999999999994e-12,9.9999999999999994e-12
varms_2,2 x MS0(pi/2),refined_transition,transition_refined,sideband_fcl,sideband,fcl,260,1,12,1,0,-1,0.83333333333333337,0.86710825257136559,0.034015403223928264,0.049438172102353024,0.049438172102353024,0.098876344204706049,0.83309284934743733,1.2944889472286385e-10,0.99998800588249515,0,1,0,20,9.9999999999999994e-12,9.9999999999999994e-12
varms_2,2 x MS0(pi/2),refined_transition,transition_refined,sideband_fcl,sideband,fcl,261,1,13,1,0,-1,1,0.80091095481914398,0.08305453603055539,0.058017254575150265,0.058017254575150265,0.11603450915030053,0.71785641878858863,1.2944889472286385e-10,0.99998800588249515,0,1,0,20,9.9999999999999994e-12,9.9999999999999994e-12
varms_2,2 x MS0(pi/2),existing_coarse,heatmap,sideband_fcl,sideband,fcl,262,9,1,1,0,-0.93333333333333335,-2,0.80138850093974279,0.054523267340480387,0.072044115859888416,0.072044115859888416,0.14408823171977683,0.74686523359926238,1.2944889472286385e-10,0.99998800588249515,0,1,0,NaN,NaN,NaN
varms_2,2 x MS0(pi/2),existing_coarse,heatmap,sideband_fcl,sideband,fcl,263,9,2,1,0,-0.93333333333333335,-1.8666666666666667,0.67053428246589841,0.11024878514049358,0.10960846619680398,0.10960846619680398,0.21921693239360796,0.56028549732540478,1.2944889472286385e-10,0.99998800588249515,0,1,0,NaN,NaN,NaN
varms_2,2 x MS0(pi/2),existing_coarse,heatmap,sideband_fcl,sideband,fcl,264,9,3,1,0,-0.93333333333333335,-1.7333333333333334,0.52435461819814067,0.22130366777436611,0.12717085701374664,0.12717085701374664,0.25434171402749328,0.30305095042377456,1.2944889472286385e-10,0.99998800588249515,0,1,0,NaN,NaN,NaN
varms_2,2 x MS0(pi/2),existing_coarse,heatmap,sideband_fcl,sideband,fcl,265,9,4,1,0,-0.93333333333333335,-1.6000000000000001,0.38796618883489647,0.36904527087689898,0.12149427014410223,0.12149427014410223,0.24298854028820446,0.018920917957997496,1.2944889472286385e-10,0.99998800588249515,0,1,0,NaN,NaN,NaN
varms_2,2 x MS0(pi/2),existing_coarse,heatmap,sideband_fcl,sideband,fcl,266,9,5,1,0,-0.93333333333333335,-1.4666666666666666,0.2668886774975599,0.50255350036642643,0.11527891106800685,0.11527891106800685,0.2305578221360137,-0.23566482286886653,1.2944889472286385e-10,0.99998800588249515,0.23567681711582034,0.76432318288417966,-0.11672296751697327,NaN,NaN,NaN
varms_2,2 x MS0(pi/2),existing_coarse,heatmap,sideband_fcl,sideband,fcl,267,9,6,1,0,-0.93333333333333335,-1.3333333333333333,0.19506350806013018,0.56287722837478571,0.12102963178254207,0.12102963178254207,0.24205926356508414,-0.36781372031465553,1.2944889472286385e-10,0.99998800588249515,0.36782571456160928,0.63217428543839072,-0.19916317366464384,NaN,NaN,NaN
varms_2,2 x MS0(pi/2),existing_coarse,heatmap,sideband_fcl,sideband,fcl,268,9,7,1,0,-0.93333333333333335,-1.2,0.21202636968588415,0.50160883673941836,0.14318239678734876,0.14318239678734876,0.28636479357469752,-0.28958246705353419,1.2944889472286385e-10,0.99998800588249515,0.28959446130048794,0.71040553869951206,-0.14849366122543231,NaN,NaN,NaN
varms_2,2 x MS0(pi/2),existing_coarse,heatmap,sideband_fcl,sideband,fcl,269,9,8,1,0,-0.93333333333333335,-1.0666666666666667,0.27903363028269051,0.35112849745141933,0.18491893613294505,0.18491893613294505,0.3698378722658901,-0.072094867168728816,1.2944889472286385e-10,0.99998800588249515,0.072106861415682566,0.92789313858431743,-0.032502036707255003,NaN,NaN,NaN
varms_2,2 x MS0(pi/2),existing_coarse,heatmap,sideband_fcl,sideband,fcl,270,9,9,1,0,-0.93333333333333335,-0.93333333333333335,0.28562203423344557,0.25718487896150044,0.22859654340252691,0.22859654340252691,0.45719308680505383,0.028437155271945125,1.2944889472286385e-10,0.99998800588249515,0,1,0,NaN,NaN,NaN
varms_2,2 x MS0(pi/2),existing_coarse,heatmap,sideband_fcl,sideband,fcl,271,9,10,1,0,-0.93333333333333335,-0.80000000000000004,0.21707071292401472,0.32549851504629834,0.22871538601484348,0.22871538601484348,0.45743077202968696,-0.10842780212228362,1.2944889472286385e-10,0.99998800588249515,0.1084397963692374,0.8915602036307626,-0.049849325262784822,NaN,NaN,NaN
varms_2,2 x MS0(pi/2),existing_coarse,heatmap,sideband_fcl,sideband,fcl,272,9,11,1,0,-0.93333333333333335,-0.66666666666666663,0.1784954335092464,0.47102380918559994,0.17524037865257677,0.17524037865257677,0.35048075730515355,-0.29252837567635354,1.2944889472286385e-10,0.99998800588249515,0.29254036992330734,0.70745963007669266,-0.15029833733744785,NaN,NaN,NaN
varms_2,2 x MS0(pi/2),existing_coarse,heatmap,sideband_fcl,sideband,fcl,273,9,12,1,0,-0.93333333333333335,-0.53333333333333333,0.19407250587249864,0.54032403511287075,0.13280172950731531,0.13280172950731531,0.26560345901463062,-0.34625152924037211,1.2944889472286385e-10,0.99998800588249515,0.34626352348732592,0.65373647651267408,-0.18459728204309214,NaN,NaN,NaN
varms_2,2 x MS0(pi/2),existing_coarse,heatmap,sideband_fcl,sideband,fcl,274,9,13,1,0,-0.93333333333333335,-0.40000000000000002,0.21755979622533483,0.50911257967925239,0.13666381204770636,0.13666381204770636,0.27332762409541272,-0.29155278345391755,1.2944889472286385e-10,0.99998800588249515,0.2915647777008713,0.7084352222991287,-0.14969985449794618,NaN,NaN,NaN
varms_2,2 x MS0(pi/2),existing_coarse,heatmap,sideband_fcl,sideband,fcl,275,9,14,1,0,-0.93333333333333335,-0.26666666666666666,0.27465590238321053,0.44660973676882854,0.13936718042398047,0.13936718042398047,0.27873436084796094,-0.17195383438561801,1.2944889472286385e-10,0.99998800588249515,0.17196582863257182,0.82803417136742818,-0.081951740352691232,NaN,NaN,NaN
varms_2,2 x MS0(pi/2),existing_coarse,heatmap,sideband_fcl,sideband,fcl,276,9,15,1,0,-0.93333333333333335,-0.13333333333333333,0.36178420602753625,0.40259062084943531,0.11781258656151426,0.11781258656151426,0.23562517312302853,-0.040806414821899062,1.2944889472286385e-10,0.99998800588249515,0.040818409068852812,0.95918159093114719,-0.018099165015276097,NaN,NaN,NaN
varms_2,2 x MS0(pi/2),existing_coarse,heatmap,sideband_fcl,sideband,fcl,277,9,16,1,0,-0.93333333333333335,0,0.39005357852341044,0.38567338696151138,0.11213651725753906,0.11213651725753906,0.22427303451507813,0.0043801915618990606,1.2944889472286385e-10,0.99998800588249515,0,1,0,NaN,NaN,NaN
varms_2,2 x MS0(pi/2),existing_coarse,heatmap,sideband_fcl,sideband,fcl,278,9,17,1,0,-0.93333333333333335,0.13333333333333333,0.35923256500856277,0.37482424279162985,0.13297159609990367,0.13297159609990367,0.26594319219980733,-0.015591677783067082,1.2944889472286385e-10,0.99998800588249515,0.015603672030020777,0.98439632796997922,-0.0068300149868598201,NaN,NaN,NaN
varms_2,2 x MS0(pi/2),existing_coarse,heatmap,sideband_fcl,sideband,fcl,279,9,18,1,0,-0.93333333333333335,0.26666666666666666,0.35605769494767819,0.35791091170875378,0.14301569667178404,0.14301569667178404,0.28603139334356809,-0.0018532167610755823,1.2944889472286385e-10,0.99998800588249515,0.0018652110080293882,0.99813478899197061,-0.00081080724696041217,NaN,NaN,NaN
varms_2,2 x MS0(pi/2),existing_coarse,heatmap,sideband_fcl,sideband,fcl,280,9,19,1,0,-0.93333333333333335,0.40000000000000002,0.39302843196348308,0.33378781322869594,0.13659187740391052,0.13659187740391052,0.27318375480782103,0.059240618734787143,1.2944889472286385e-10,0.99998800588249515,0,1,0,NaN,NaN,NaN
varms_2,2 x MS0(pi/2),existing_coarse,heatmap,sideband_fcl,sideband,fcl,281,9,20,1,0,-0.93333333333333335,0.53333333333333333,0.47509531379199244,0.27632291482784554,0.12429088569008095,0.12429088569008095,0.24858177138016191,0.19877239896414689,1.2944889472286385e-10,0.99998800588249515,0,1,0,NaN,NaN,NaN
varms_2,2 x MS0(pi/2),existing_coarse,heatmap,sideband_fcl,sideband,fcl,282,9,21,1,0,-0.93333333333333335,0.66666666666666663,0.64950863306931239,0.1632035606628407,0.093643903133923498,0.093643903133923498,0.187287806267847,0.48630507240647169,1.2944889472286385e-10,0.99998800588249515,0,1,0,NaN,NaN,NaN
varms_2,2 x MS0(pi/2),existing_coarse,heatmap,sideband_fcl,sideband,fcl,283,9,22,1,0,-0.93333333333333335,0.80000000000000004,0.83640290272220019,0.045677222369398585,0.05895993745420057,0.05895993745420057,0.11791987490840114,0.79072568035280155,1.2944889472286385e-10,0.99998800588249515,0,1,0,NaN,NaN,NaN
varms_2,2 x MS0(pi/2),existing_coarse,heatmap,sideband_fcl,sideband,fcl,284,9,23,1,0,-0.93333333333333335,0.93333333333333335,0.86374209889718023,0.031506645603939419,0.052375627749440171,0.052375627749440171,0.10475125549888034,0.83223545329324078,1.2944889472286385e-10,0.99998800588249515,0,1,0,NaN,NaN,NaN
varms_2,2 x MS0(pi/2),existing_coarse,heatmap,sideband_fcl,sideband,fcl,285,9,24,1,0,-0.93333333333333335,1.0666666666666667,0.70020966772081705,0.14766104825524123,0.076064642011970829,0.076064642011970829,0.15212928402394166,0.55254861946557576,1.2944889472286385e-10,0.99998800588249515,0,1,0,NaN,NaN,NaN
varms_2,2 x MS0(pi/2),existing_coarse,heatmap,sideband_fcl,sideband,fcl,286,9,25,1,0,-0.93333333333333335,1.2,0.47167199876538518,0.29530190582300553,0.11651304770580467,0.11651304770580467,0.23302609541160935,0.17637009294237965,1.2944889472286385e-10,0.99998800588249515,0,1,0,NaN,NaN,NaN
varms_2,2 x MS0(pi/2),existing_coarse,heatmap,sideband_fcl,sideband,fcl,287,9,26,1,0,-0.93333333333333335,1.3333333333333333,0.30200698748763871,0.37492553192019856,0.16153374029608136,0.16153374029608136,0.32306748059216273,-0.072918544432559851,1.2944889472286385e-10,0.99998800588249515,0.072930538679513601,0.9270694613204864,-0.032887724822023422,NaN,NaN,NaN
varms_2,2 x MS0(pi/2),existing_coarse,heatmap,sideband_fcl,sideband,fcl,288,9,27,1,0,-0.93333333333333335,1.4666666666666666,0.23783087594446337,0.36238363612601471,0.19989274396476098,0.19989274396476098,0.39978548792952195,-0.12455276018155134,1.2944889472286385e-10,0.99998800588249515,0.12456475442850512,0.87543524557149488,-0.057775972402966697,NaN,NaN,NaN
varms_2,2 x MS0(pi/2),existing_coarse,heatmap,sideband_fcl,sideband,fcl,289,9,28,1,0,-0.93333333333333335,1.6000000000000001,0.27862852455143922,0.27869224937451598,0.22133961303702246,0.22133961303702246,0.44267922607404492,-6.3724823076760639e-05,1.2944889472286385e-10,0.99998800588249515,7.5719070030455526e-05,0.99992428092996954,-3.2885619339042326e-05,NaN,NaN,NaN
varms_2,2 x MS0(pi/2),existing_coarse,heatmap,sideband_fcl,sideband,fcl,290,9,29,1,0,-0.93333333333333335,1.7333333333333334,0.41134382703775296,0.16449997000809405,0.21207810147707645,0.21207810147707645,0.42415620295415291,0.24684385702965891,1.2944889472286385e-10,0.99998800588249515,0,1,0,NaN,NaN,NaN
varms_2,2 x MS0(pi/2),existing_coarse,heatmap,sideband_fcl,sideband,fcl,291,9,30,1,0,-0.93333333333333335,1.8666666666666667,0.60865306953710763,0.068896947867183936,0.16122499129785423,0.16122499129785423,0.32244998259570845,0.53975612166992371,1.2944889472286385e-10,0.99998800588249515,0,1,0,NaN,NaN,NaN
varms_2,2 x MS0(pi/2),existing_coarse,heatmap,sideband_fcl,sideband,fcl,292,9,31,1,0,-0.93333333333333335,2,0.81079407323619523,0.019302864608849089,0.084951531077477813,0.084951531077477813,0.16990306215495563,0.79149120862734612,1.2944889472286385e-10,0.99998800588249515,0,1,0,NaN,NaN,NaN
varms_2,2 x MS0(pi/2),refined_transition,transition_refined,sideband_fcl,sideband,fcl,293,2,1,1,0,-0.83333333333333337,-1,0.31388033222911937,0.2724311942553892,0.20684423675774577,0.20684423675774577,0.41368847351549154,0.041449137973730177,1.2944889472286385e-10,0.99998800588249515,0,1,0,20,9.9999999999999994e-12,9.9999999999999994e-12
varms_2,2 x MS0(pi/2),refined_transition,transition_refined,sideband_fcl,sideband,fcl,294,2,2,1,0,-0.83333333333333337,-0.83333333333333337,0.2006681879179445,0.25629151258253208,0.27152014974976169,0.27152014974976169,0.54304029949952337,-0.055623324664587581,1.2944889472286385e-10,0.99998800588249515,0.055635318911541387,0.94436468108845861,-0.024860263752585005,20,9.9999999999999994e-12,9.9999999999999994e-12
varms_2,2 x MS0(pi/2),refined_transition,transition_refined,sideband_fcl,sideband,fcl,295,2,3,1,0,-0.83333333333333337,-0.66666666666666663,0.13367627062410442,0.45165918283162299,0.20733227327213627,0.20733227327213627,0.41466454654427254,-0.31798291220751856,1.2944889472286385e-10,0.99998800588249515,0.31799490645447237,0.68200509354552763,-0.16621238180912895,20,9.9999999999999994e-12,9.9999999999999994e-12
varms_2,2 x MS0(pi/2),refined_transition,transition_refined,sideband_fcl,sideband,fcl,296,2,4,1,0,-0.83333333333333337,-0.5,0.19029787031199316,0.58726118036963348,0.11122047465918666,0.11122047465918666,0.22244094931837333,-0.3969633100576403,1.2944889472286385e-10,0.99998800588249515,0.39697530430459405,0.60302469569540595,-0.21966490181569662,20,9.9999999999999994e-12,9.9999999999999994e-12
varms_2,2 x MS0(pi/2),refined_transition,transition_refined,sideband_fcl,sideband,fcl,297,2,5,1,0,-0.83333333333333337,-0.33333333333333331,0.2706148870472358,0.54128268260191681,0.094051215175423628,0.094051215175423628,0.18810243035084726,-0.27066779555468101,1.2944889472286385e-10,0.99998800588249515,0.27067978980163476,0.72932021019836524,-0.13708175153227833,20,9.9999999999999994e-12,9.9999999999999994e-12
varms_2,2 x MS0(pi/2),refined_transition,transition_refined,sideband_fcl,sideband,fcl,298,2,6,1,0,-0.83333333333333337,-0.16666666666666666,0.35788618777631925,0.41727676286250792,0.11241852468058641,0.11241852468058641,0.22483704936117282,-0.059390575086188668,1.2944889472286385e-10,0.99998800588249515,0.059402569333142363,0.94059743066685764,-0.026596211905833344,20,9.9999999999999994e-12,9.9999999999999994e-12
varms_2,2 x MS0(pi/2),refined_transition,transition_refined,sideband_fcl,sideband,fcl,299,2,7,1,0,-0.83333333333333337,0,0.37178768931137401,0.37165568481431382,0.12827831293715608,0.12827831293715608,0.25655662587431216,0.00013200449706018968,1.2944889472286385e-10,0.99998800588249515,0,1,0,20,9.9999999999999994e-12,9.9999999999999994e-12
varms_2,2 x MS0(pi/2),refined_transition,transition_refined,sideband_fcl,sideband,fcl,300,2,8,1,0,-0.83333333333333337,0.16666666666666666,0.34133471816325783,0.39362197831847362,0.13252165175913425,0.13252165175913425,0.26504330351826849,-0.052287260155215787,1.2944889472286385e-10,0.99998800588249515,0.052299254402169648,0.94770074559783035,-0.02332877769649697,20,9.9999999999999994e-12,9.9999999999999994e-12
varms_2,2 x MS0(pi/2),refined_transition,transition_refined,sideband_fcl,sideband,fcl,301,2,9,1,0,-0.83333333333333337,0.33333333333333331,0.37126708702475414,0.40700430148101652,0.11086430574711471,0.11086430574711471,0.22172861149422943,-0.035737214456262378,1.2944889472286385e-10,0.99998800588249515,0.035749208703216184,0.96425079129678382,-0.015809996065046513,20,9.9999999999999994e-12,9.9999999999999994e-12
varms_2,2 x MS0(pi/2),refined_transition,transition_refined,sideband_fcl,sideband,fcl,302,2,10,1,0,-0.83333333333333337,0.5,0.4395489227108918,0.33938871271863741,0.11053118228523535,0.11053118228523535,0.22106236457047071,0.10016020999225439,1.2944889472286385e-10,0.99998800588249515,0,1,0,20,9.9999999999999994e-12,9.9999999999999994e-12
varms_2,2 x MS0(pi/2),refined_transition,transition_refined,sideband_fcl,sideband,fcl,303,2,11,1,0,-0.83333333333333337,0.66666666666666663,0.6416320705530334,0.17739641918873003,0.090485755129118245,0.090485755129118245,0.18097151025823649,0.46423565136430334,1.2944889472286385e-10,0.99998800588249515,0,1,0,20,9.9999999999999994e-12,9.9999999999999994e-12
varms_2,2 x MS0(pi/2),refined_transition,transition_refined,sideband_fcl,sideband,fcl,304,2,12,1,0,-0.83333333333333337,0.83333333333333337,0.85803303315090251,0.03782605037210765,0.052070458238494897,0.052070458238494897,0.10414091647698979,0.82020698277879489,1.2944889472286385e-10,0.99998800588249515,0,1,0,20,9.9999999999999994e-12,9.9999999999999994e-12
varms_2,2 x MS0(pi/2),refined_transition,transition_refined,sideband_fcl,sideband,fcl,305,2,13,1,0,-0.83333333333333337,1,0.80893967153635427,0.076571011954387147,0.057244658254629224,0.057244658254629224,0.11448931650925845,0.73236865958196717,1.2944889472286385e-10,0.99998800588249515,0,1,0,20,9.9999999999999994e-12,9.9999999999999994e-12
varms_2,2 x MS0(pi/2),existing_coarse,heatmap,sideband_fcl,sideband,fcl,306,10,1,1,0,-0.80000000000000004,-2,0.66694237904854614,0.10432615793916458,0.11436573150614465,0.11436573150614465,0.2287314630122893,0.56261622110938159,1.2944889472286385e-10,0.99998800588249515,0,1,0,NaN,NaN,NaN
varms_2,2 x MS0(pi/2),existing_coarse,heatmap,sideband_fcl,sideband,fcl,307,10,2,1,0,-0.80000000000000004,-1.8666666666666667,0.5128133827761342,0.20090915720690825,0.14313873000847877,0.14313873000847877,0.28627746001695753,0.31190422556922592,1.2944889472286385e-10,0.99998800588249515,0,1,0,NaN,NaN,NaN
varms_2,2 x MS0(pi/2),existing_coarse,heatmap,sideband_fcl,sideband,fcl,308,10,3,1,0,-0.80000000000000004,-1.7333333333333334,0.3772521397732711,0.35139151526181045,0.13567817248245917,0.13567817248245917,0.27135634496491834,0.02586062451146065,1.2944889472286385e-10,0.99998800588249515,0,1,0,NaN,NaN,NaN
varms_2,2 x MS0(pi/2),existing_coarse,heatmap,sideband_fcl,sideband,fcl,309,10,4,1,0,-0.80000000000000004,-1.6000000000000001,0.26671799359947307,0.50605021664439354,0.11361589487806671,0.11361589487806671,0.22723178975613342,-0.23933222304492047,1.2944889472286385e-10,0.99998800588249515,0.23934421729187427,0.76065578270812573,-0.11881182876141859,NaN,NaN,NaN
varms_2,2 x MS0(pi/2),existing_coarse,heatmap,sideband_fcl,sideband,fcl,310,10,5,1,0,-0.80000000000000004,-1.4666666666666666,0.19691944999087865,0.6049620285945575,0.099059260707281951,0.099059260707281951,0.1981185214145639,-0.40804257860367887,1.2944889472286385e-10,0.99998800588249515,0.40805457285063262,0.59194542714936738,-0.22771833006824438,NaN,NaN,NaN
varms_2,2 x MS0(pi/2),existing_coarse,heatmap,sideband_fcl,sideband,fcl,311,10,6,1,0,-0.80000000000000004,-1.3333333333333333,0.2003893529070189,0.6114301769807613,0.094090235056109903,0.094090235056109903,0.18818047011221981,-0.41104082407374243,1.2944889472286385e-10,0.99998800588249515,0.41105281832069618,0.58894718167930382,-0.22992365212935417,NaN,NaN,NaN
varms_2,2 x MS0(pi/2),existing_coarse,heatmap,sideband_fcl,sideband,fcl,312,10,7,1,0,-0.80000000000000004,-1.2,0.27131246486837141,0.50608296988800416,0.11130228262181222,0.11130228262181222,0.22260456524362443,-0.23477050501963276,1.2944889472286385e-10,0.99998800588249515,0.23478249926658656,0.76521750073341344,-0.11621510609764607,NaN,NaN,NaN
varms_2,2 x MS0(pi/2),existing_coarse,heatmap,sideband_fcl,sideband,fcl,313,10,8,1,0,-0.80000000000000004,-1.0666666666666667,0.32414893721466964,0.33080392118547136,0.17252357079992953,0.17252357079992953,0.34504714159985905,-0.00665498397080172,1.2944889472286385e-10,0.99998800588249515,0.0066669782177554149,0.99333302178224459,-0.0029051268564339416,NaN,NaN,NaN
varms_2,2 x MS0(pi/2),existing_coarse,heatmap,sideband_fcl,sideband,fcl,314,10,9,1,0,-0.80000000000000004,-0.93333333333333335,0.27239073556983434,0.22313252046362458,0.25223837198327054,0.25223837198327054,0.50447674396654107,0.049258215106209757,1.2944889472286385e-10,0.99998800588249515,0,1,0,NaN,NaN,NaN
varms_2,2 x MS0(pi/2),existing_coarse,heatmap,sideband_fcl,sideband,fcl,315,10,10,1,0,-0.80000000000000004,-0.80000000000000004,0.16896589457020894,0.29141722007277987,0.26980844267850562,0.26980844267850562,0.53961688535701124,-0.12245132550257093,1.2944889472286385e-10,0.99998800588249515,0.12246331974952473,0.87753668025047527,-0.056734721360780969,NaN,NaN,NaN
varms_2,2 x MS0(pi/2),existing_coarse,heatmap,sideband_fcl,sideband,fcl,316,10,11,1,0,-0.80000000000000004,-0.66666666666666663,0.12722353362288905,0.4631024579752081,0.20483700420095144,0.20483700420095144,0.40967400840190288,-0.33587892435231903,1.2944889472286385e-10,0.99998800588249515,0.33589091859927278,0.66410908140072722,-0.17776058093378441,NaN,NaN,NaN
varms_2,2 x MS0(pi/2),existing_coarse,heatmap,sideband_fcl,sideband,fcl,317,10,12,1,0,-0.80000000000000004,-0.53333333333333333,0.14914942832510489,0.57020548359008616,0.14032254404240452,0.14032254404240452,0.28064508808480904,-0.42105605526498124,1.2944889472286385e-10,0.99998800588249515,0.42106804951193499,0.57893195048806501,-0.23737248163416927,NaN,NaN,NaN
varms_2,2 x MS0(pi/2),existing_coarse,heatmap,sideband_fcl,sideband,fcl,318,10,13,1,0,-0.80000000000000004,-0.40000000000000002,0.20754878960955914,0.54555873969930602,0.12344623534556746,0.12344623534556746,0.24689247069113493,-0.33800995008974688,1.2944889472286385e-10,0.99998800588249515,0.33802194433670063,0.66197805566329937,-0.17915640702903038,NaN,NaN,NaN
varms_2,2 x MS0(pi/2),existing_coarse,heatmap,sideband_fcl,sideband,fcl,319,10,14,1,0,-0.80000000000000004,-0.26666666666666666,0.31830708394062907,0.45161075280613888,0.11504108162661601,0.11504108162661601,0.23008216325323202,-0.13330366886550982,1.2944889472286385e-10,0.99998800588249515,0.13331566311246368,0.86668433688753632,-0.062139052132090873,NaN,NaN,NaN
varms_2,2 x MS0(pi/2),existing_coarse,heatmap,sideband_fcl,sideband,fcl,320,10,15,1,0,-0.80000000000000004,-0.13333333333333333,0.41677084898952799,0.39108443729929854,0.096072356855586766,0.096072356855586766,0.19214471371117353,0.025686411690229449,1.2944889472286385e-10,0.99998800588249515,0,1,0,NaN,NaN,NaN
varms_2,2 x MS0(pi/2),existing_coarse,heatmap,sideband_fcl,sideband,fcl,321,10,16,1,0,-0.80000000000000004,0,0.40292018082990805,0.40311786965028135,0.096980974759905289,0.096980974759905289,0.19396194951981058,-0.00019768882037329849,1.2944889472286385e-10,0.99998800588249515,0.00020968306732704889,0.99979031693267295,-9.1073747733795793e-05,NaN,NaN,NaN
varms_2,2 x MS0(pi/2),existing_coarse,heatmap,sideband_fcl,sideband,fcl,322,10,17,1,0,-0.80000000000000004,0.13333333333333333,0.33521708913109149,0.44225209465700416,0.1112654081059522,0.1112654081059522,0.2225308162119044,-0.10703500552591266,1.2944889472286385e-10,0.99998800588249515,0.10704699977286647,0.89295300022713353,-0.049171399206833159,NaN,NaN,NaN
varms_2,2 x MS0(pi/2),existing_coarse,heatmap,sideband_fcl,sideband,fcl,323,10,18,1,0,-0.80000000000000004,0.26666666666666666,0.33353679929470254,0.46149654179796379,0.10248332945366684,0.10248332945366684,0.20496665890733368,-0.12795974250326125,1.2944889472286385e-10,0.99998800588249515,0.12797173675021511,0.87202826324978489,-0.059469438949881298,NaN,NaN,NaN
varms_2,2 x MS0(pi/2),existing_coarse,heatmap,sideband_fcl,sideband,fcl,324,10,19,1,0,-0.80000000000000004,0.40000000000000002,0.38036762698878684,0.42909911869165901,0.095266627159777073,0.095266627159777073,0.19053325431955415,-0.048731491702872165,1.2944889472286385e-10,0.99998800588249515,0.048743485949825915,0.95125651405017408,-0.021702356233082608,NaN,NaN,NaN
varms_2,2 x MS0(pi/2),existing_coarse,heatmap,sideband_fcl,sideband,fcl,325,10,20,1,0,-0.80000000000000004,0.53333333333333333,0.46197276003346216,0.32605888453567294,0.10598417771543243,0.10598417771543243,0.21196835543086487,0.13591387549778922,1.2944889472286385e-10,0.99998800588249515,0,1,0,NaN,NaN,NaN
varms_2,2 x MS0(pi/2),existing_coarse,heatmap,sideband_fcl,sideband,fcl,326,10,21,1,0,-0.80000000000000004,0.66666666666666663,0.63984690111079179,0.17893930597219071,0.090606896458508793,0.090606896458508793,0.18121379291701759,0.46090759513860108,1.2944889472286385e-10,0.99998800588249515,0,1,0,NaN,NaN,NaN
varms_2,2 x MS0(pi/2),existing_coarse,heatmap,sideband_fcl,sideband,fcl,327,10,22,1,0,-0.80000000000000004,0.80000000000000004,0.83322419997495123,0.053349850294395235,0.056712974865326782,0.056712974865326782,0.11342594973065356,0.77987434968055602,1.2944889472286385e-10,0.99998800588249515,0,1,0,NaN,NaN,NaN
varms_2,2 x MS0(pi/2),existing_coarse,heatmap,sideband_fcl,sideband,fcl,328,10,23,1,0,-0.80000000000000004,0.93333333333333335,0.87061559430387969,0.030593305326840219,0.049395550184640008,0.049395550184640008,0.098791100369280016,0.84002228897703946,1.2944889472286385e-10,0.99998800588249515,0,1,0,NaN,NaN,NaN
varms_2,2 x MS0(pi/2),existing_coarse,heatmap,sideband_fcl,sideband,fcl,329,10,24,1,0,-0.80000000000000004,1.0666666666666667,0.73791481726785058,0.12845928432324247,0.066812949204453492,0.066812949204453492,0.13362589840890698,0.60945553294460808,1.2944889472286385e-10,0.99998800588249515,0,1,0,NaN,NaN,NaN
varms_2,2 x MS0(pi/2),existing_coarse,heatmap,sideband_fcl,sideband,fcl,330,10,25,1,0,-0.80000000000000004,1.2,0.55234688785866015,0.25810933313372592,0.094771889503806966,0.094771889503806966,0.18954377900761393,0.29423755472493424,1.2944889472286385e-10,0.99998800588249515,0,1,0,NaN,NaN,NaN
varms_2,2 x MS0(pi/2),existing_coarse,heatmap,sideband_fcl,sideband,fcl,331,10,26,1,0,-0.80000000000000004,1.3333333333333333,0.40679570374606649,0.32920434361650647,0.13199997631871357,0.13199997631871357,0.26399995263742715,0.077591360129560027,1.2944889472286385e-10,0.99998800588249515,0,1,0,NaN,NaN,NaN
varms_2,2 x MS0(pi/2),existing_coarse,heatmap,sideband_fcl,sideband,fcl,332,10,27,1,0,-0.80000000000000004,1.4666666666666666,0.33865244485441798,0.32442552828587484,0.16846101342985362,0.16846101342985362,0.33692202685970724,0.014226916568543135,1.2944889472286385e-10,0.99998800588249515,0,1,0,NaN,NaN,NaN
varms_2,2 x MS0(pi/2),existing_coarse,heatmap,sideband_fcl,sideband,fcl,333,10,28,1,0,-0.80000000000000004,1.6000000000000001,0.36370750455028766,0.26238408390097689,0.18695420577436767,0.18695420577436767,0.37390841154873533,0.10132342064931077,1.2944889472286385e-10,0.99998800588249515,0,1,0,NaN,NaN,NaN
varms_2,2 x MS0(pi/2),existing_coarse,heatmap,sideband_fcl,sideband,fcl,334,10,29,1,0,-0.80000000000000004,1.7333333333333334,0.48475345282934695,0.16871645255875362,0.17326504730594974,0.17326504730594974,0.34653009461189949,0.31603700027059334,1.2944889472286385e-10,0.99998800588249515,0,1,0,NaN,NaN,NaN
varms_2,2 x MS0(pi/2),existing_coarse,heatmap,sideband_fcl,sideband,fcl,335,10,30,1,0,-0.80000000000000004,1.8666666666666667,0.67418605189688385,0.079147508410696107,0.12333321984621003,0.12333321984621003,0.24666643969242005,0.59503854348618779,1.2944889472286385e-10,0.99998800588249515,0,1,0,NaN,NaN,NaN
varms_2,2 x MS0(pi/2),existing_coarse,heatmap,sideband_fcl,sideband,fcl,336,10,31,1,0,-0.80000000000000004,2,0.8624054642456852,0.023625315529232836,0.056984610112540988,0.056984610112540988,0.11396922022508198,0.83878014871645235,1.2944889472286385e-10,0.99998800588249515,0,1,0,NaN,NaN,NaN
varms_2,2 x MS0(pi/2),existing_coarse,heatmap,sideband_fcl,sideband,fcl,337,11,1,1,0,-0.66666666666666663,-2,0.49394769183596371,0.16074844985403178,0.17265192915500227,0.17265192915500227,0.34530385831000454,0.33319924198193196,1.2944889472286385e-10,0.99998800588249515,0,1,0,NaN,NaN,NaN
varms_2,2 x MS0(pi/2),existing_coarse,heatmap,sideband_fcl,sideband,fcl,338,11,2,1,0,-0.66666666666666663,-1.8666666666666667,0.364866294750614,0.28121551394117628,0.17695909565410492,0.17695909565410492,0.35391819130820984,0.083650780809437719,1.2944889472286385e-10,0.99998800588249515,0,1,0,NaN,NaN,NaN
varms_2,2 x MS0(pi/2),existing_coarse,heatmap,sideband_fcl,sideband,fcl,339,11,3,1,0,-0.66666666666666663,-1.7333333333333334,0.26758255730743891,0.46073643783944046,0.13584050242656034,0.13584050242656034,0.27168100485312069,-0.19315388053200155,1.2944889472286385e-10,0.99998800588249515,0.1931658747789553,0.8068341252210447,-0.093215741493266793,NaN,NaN,NaN
varms_2,2 x MS0(pi/2),existing_coarse,heatmap,sideband_fcl,sideband,fcl,340,11,4,1,0,-0.66666666666666663,-1.6000000000000001,0.19451503026826925,0.63243203802226311,0.08652646585473385,0.08652646585473385,0.1730529317094677,-0.43791700775399389,1.2944889472286385e-10,0.99998800588249515,0.43792900200094764,0.56207099799905236,-0.25020882305775072,NaN,NaN,NaN
varms_2,2 x MS0(pi/2),existing_coarse,heatmap,sideband_fcl,sideband,fcl,341,11,5,1,0,-0.66666666666666663,-1.4666666666666666,0.16704910616174562,0.72358445318801479,0.054683220325119818,0.054683220325119818,0.10936644065023964,-0.55653534702626917,1.2944889472286385e-10,0.99998800588249515,0.55654734127322292,0.44345265872677708,-0.3531527369396808,NaN,NaN,NaN
varms_2,2 x MS0(pi/2),existing_coarse,heatmap,sideband_fcl,sideband,fcl,342,11,6,1,0,-0.66666666666666663,-1.3333333333333333,0.20011583196187638,0.69659656854582408,0.051643799746149778,0.051643799746149778,0.10328759949229956,-0.4964807365839477,1.2944889472286385e-10,0.99998800588249515,0.49649273083090151,0.50350726916909849,-0.29799425512577776,NaN,NaN,NaN
varms_2,2 x MS0(pi/2),existing_coarse,heatmap,sideband_fcl,sideband,fcl,343,11,7,1,0,-0.66666666666666663,-1.2,0.26132672411714181,0.55225870074819161,0.093207287567333333,0.093207287567333333,0.18641457513466667,-0.2909319766310498,1.2944889472286385e-10,0.99998800588249515,0.29094397087800361,0.70905602912199639,-0.14931944580834444,NaN,NaN,NaN
varms_2,2 x MS0(pi/2),existing_coarse,heatmap,sideband_fcl,sideband,fcl,344,11,8,1,0,-0.66666666666666663,-1.0666666666666667,0.26732219554392073,0.36340778648974992,0.18463500898316465,0.18463500898316465,0.3692700179663293,-0.096085590945829191,1.2944889472286385e-10,0.99998800588249515,0.096097585192782997,0.903902414807217,-0.04387845337238773,NaN,NaN,NaN
varms_2,2 x MS0(pi/2),refined_transition,transition_refined,sideband_fcl,sideband,fcl,345,3,1,1,0,-0.66666666666666663,-1,0.23545437108026113,0.28488706149898202,0.23982928371037843,0.23982928371037843,0.47965856742075685,-0.049432690418720893,1.2944889472286385e-10,0.99998800588249515,0.049444684665674643,0.95055531533432536,-0.022022605315672891,20,9.9999999999999994e-12,9.9999999999999994e-12
varms_2,2 x MS0(pi/2),existing_coarse,heatmap,sideband_fcl,sideband,fcl,346,11,9,1,0,-0.66666666666666663,-0.93333333333333335,0.1778413154075156,0.26610653963470604,0.27802607247888916,0.27802607247888916,0.55605214495777833,-0.088265224227190436,1.2944889472286385e-10,0.99998800588249515,0.08827721847414427,0.91172278152585573,-0.040137193201539322,NaN,NaN,NaN
varms_2,2 x MS0(pi/2),refined_transition,transition_refined,sideband_fcl,sideband,fcl,347,3,2,1,0,-0.66666666666666663,-0.83333333333333337,0.10813968765975934,0.3055228207170162,0.29316874581161223,0.29316874581161223,0.58633749162322446,-0.19738313305725685,1.2944889472286385e-10,0.99998800588249515,0.1973951273042106,0.8026048726957894,-0.095498207948218533,20,9.9999999999999994e-12,9.9999999999999994e-12
varms_2,2 x MS0(pi/2),existing_coarse,heatmap,sideband_fcl,sideband,fcl,348,11,10,1,0,-0.66666666666666663,-0.80000000000000004,0.089510466210992207,0.33361917814768044,0.28843517782066369,0.28843517782066369,0.57687035564132738,-0.24410871193668823,1.2944889472286385e-10,0.99998800588249515,0.2441207061836419,0.7558792938163581,-0.1215475513438929,NaN,NaN,NaN
varms_2,2 x MS0(pi/2),refined_transition,transition_refined,sideband_fcl,sideband,fcl,349,3,3,1,0,-0.66666666666666663,-0.66666666666666663,0.094972833966974562,0.48846554864622332,0.20828080869340107,0.20828080869340107,0.41656161738680214,-0.39349271467924873,1.2944889472286385e-10,0.99998800588249515,0.3935047089262026,0.6064952910737974,-0.21717256671596477,20,9.9999999999999994e-12,9.9999999999999994e-12
varms_2,2 x MS0(pi/2),existing_coarse,heatmap,sideband_fcl,sideband,fcl,350,11,12,1,0,-0.66666666666666663,-0.53333333333333333,0.16635555939605637,0.56517765612849591,0.1342333922377239,0.1342333922377239,0.26846678447544781,-0.39882209673243951,1.2944889472286385e-10,0.99998800588249515,0.39883409097939326,0.60116590902060674,-0.22100565540386174,NaN,NaN,NaN
varms_2,2 x MS0(pi/2),refined_transition,transition_refined,sideband_fcl,sideband,fcl,351,3,4,1,0,-0.66666666666666663,-0.5,0.15276986827566424,0.59971495708237765,0.12375758732097904,0.12375758732097904,0.24751517464195807,-0.44694508880671341,1.2944889472286385e-10,0.99998800588249515,0.44695708305366721,0.55304291694633279,-0.2572411654950077,20,9.9999999999999994e-12,9.9999999999999994e-12
varms_2,2 x MS0(pi/2),existing_coarse,heatmap,sideband_fcl,sideband,fcl,352,11,13,1,0,-0.66666666666666663,-0.40000000000000002,0.26659012556177147,0.51620767678881641,0.10860109882470609,0.10860109882470609,0.21720219764941218,-0.24961755122704493,1.2944889472286385e-10,0.99998800588249515,0.24962954547399863,0.75037045452600137,-0.12472427442767973,NaN,NaN,NaN
varms_2,2 x MS0(pi/2),refined_transition,transition_refined,sideband_fcl,sideband,fcl,353,3,5,1,0,-0.66666666666666663,-0.33333333333333331,0.24674469352498157,0.53004696801831408,0.11160416922835216,0.11160416922835216,0.22320833845670432,-0.28330227449333251,1.2944889472286385e-10,0.99998800588249515,0.28331426874028631,0.71668573125971369,-0.14467124196112396,20,9.9999999999999994e-12,9.9999999999999994e-12
varms_2,2 x MS0(pi/2),existing_coarse,heatmap,sideband_fcl,sideband,fcl,354,11,14,1,0,-0.66666666666666663,-0.26666666666666666,0.39241075316873297,0.40216963336830086,0.10270980673148308,0.10270980673148308,0.20541961346296617,-0.0097588801995678875,1.2944889472286385e-10,0.99998800588249515,0.0097708744465215824,0.99022912555347842,-0.0042643039375451445,NaN,NaN,NaN
varms_2,2 x MS0(pi/2),refined_transition,transition_refined,sideband_fcl,sideband,fcl,355,3,6,1,0,-0.66666666666666663,-0.16666666666666666,0.37747460245461378,0.40080767345392343,0.11085886204573141,0.11085886204573141,0.22171772409146281,-0.023333070999309646,1.2944889472286385e-10,0.99998800588249515,0.023345065246263341,0.97665493475373666,-0.010258851227992865,20,9.9999999999999994e-12,9.9999999999999994e-12
varms_2,2 x MS0(pi/2),existing_coarse,heatmap,sideband_fcl,sideband,fcl,356,11,15,1,0,-0.66666666666666663,-0.13333333333333333,0.46600283367448009,0.35897556056463875,0.08751080288044058,0.08751080288044058,0.17502160576088116,0.10702727310984134,1.2944889472286385e-10,0.99998800588249515,0,1,0,NaN,NaN,NaN
varms_2,2 x MS0(pi/2),refined_transition,transition_refined,sideband_fcl,sideband,fcl,357,3,7,1,0,-0.66666666666666663,0,0.37743105040679686,0.37353389910498486,0.12451752524410914,0.12451752524410914,0.24903505048821828,0.0038971513018120074,1.2944889472286385e-10,0.99998800588249515,0,1,0,20,9.9999999999999994e-12,9.9999999999999994e-12
varms_2,2 x MS0(pi/2),existing_coarse,heatmap,sideband_fcl,sideband,fcl,358,11,17,1,0,-0.66666666666666663,0.13333333333333333,0.32364086083617916,0.45917705384228436,0.10859104266076824,0.10859104266076824,0.21718208532153649,-0.1355361930061052,1.2944889472286385e-10,0.99998800588249515,0.13554818725305895,0.86445181274694105,-0.063259210650754738,NaN,NaN,NaN
varms_2,2 x MS0(pi/2),refined_transition,transition_refined,sideband_fcl,sideband,fcl,359,3,8,1,0,-0.66666666666666663,0.16666666666666666,0.31018214195065957,0.39634224899455045,0.14673780452739504,0.14673780452739504,0.29347560905479009,-0.086160107043890877,1.2944889472286385e-10,0.99998800588249515,0.086172101290844516,0.91382789870915548,-0.039135587284379277,20,9.9999999999999994e-12,9.9999999999999994e-12
varms_2,2 x MS0(pi/2),existing_coarse,heatmap,sideband_fcl,sideband,fcl,360,11,18,1,0,-0.66666666666666663,0.26666666666666666,0.30985810014100829,0.45258215696619891,0.11877987144639637,0.11877987144639637,0.23755974289279275,-0.14272405682519063,1.2944889472286385e-10,0.99998800588249515,0.14273605107214427,0.85726394892785573,-0.066885439554388651,NaN,NaN,NaN
varms_2,2 x MS0(pi/2),refined_transition,transition_refined,sideband_fcl,sideband,fcl,361,3,9,1,0,-0.66666666666666663,0.33333333333333331,0.34463286089408279,0.40770735096952015,0.12382989406819855,0.12382989406819855,0.24765978813639711,-0.063074490075437362,1.2944889472286385e-10,0.99998800588249515,0.063086484322391168,0.93691351567760883,-0.028300495982504767,20,9.9999999999999994e-12,9.9999999999999994e-12
varms_2,2 x MS0(pi/2),existing_coarse,heatmap,sideband_fcl,sideband,fcl,362,11,19,1,0,-0.66666666666666663,0.40000000000000002,0.36780153030894241,0.41447284950913554,0.10886281009096101,0.10886281009096101,0.21772562018192201,-0.046671319200193129,1.2944889472286385e-10,0.99998800588249515,0.046683313447146935,0.95331668655285307,-0.020762805158478049,NaN,NaN,NaN
varms_2,2 x MS0(pi/2),refined_transition,transition_refined,sideband_fcl,sideband,fcl,363,3,10,1,0,-0.66666666666666663,0.5,0.44837415507830058,0.35559218920023317,0.098016827860733138,0.098016827860733138,0.19603365572146628,0.092781965878067418,1.2944889472286385e-10,0.99998800588249515,0,1,0,20,9.9999999999999994e-12,9.9999999999999994e-12
varms_2,2 x MS0(pi/2),existing_coarse,heatmap,sideband_fcl,sideband,fcl,364,11,20,1,0,-0.66666666666666663,0.53333333333333333,0.47677096962283544,0.33563913459768779,0.093794947889738356,0.093794947889738356,0.18758989577947671,0.14113183502514765,1.2944889472286385e-10,0.99998800588249515,0,1,0,NaN,NaN,NaN
varms_2,2 x MS0(pi/2),refined_transition,transition_refined,sideband_fcl,sideband,fcl,365,3,11,1,0,-0.66666666666666663,0.66666666666666663,0.66740170648989938,0.20283138169339657,0.064883455908352053,0.064883455908352053,0.12976691181670411,0.46457032479650284,1.2944889472286385e-10,0.99998800588249515,0,1,0,20,9.9999999999999994e-12,9.9999999999999994e-12
varms_2,2 x MS0(pi/2),existing_coarse,heatmap,sideband_fcl,sideband,fcl,366,11,22,1,0,-0.66666666666666663,0.80000000000000004,0.85399850070260541,0.06890810165700173,0.038546698820196471,0.038546698820196471,0.077093397640392941,0.78509039904560374,1.2944889472286385e-10,0.99998800588249515,0,1,0,NaN,NaN,NaN
varms_2,2 x MS0(pi/2),refined_transition,transition_refined,sideband_fcl,sideband,fcl,367,3,12,1,0,-0.66666666666666663,0.83333333333333337,0.88307551243551641,0.046839327747144707,0.035042579908669436,0.035042579908669436,0.070085159817338871,0.83623618468837169,1.2944889472286385e-10,0.99998800588249515,0,1,0,20,9.9999999999999994e-12,9.9999999999999994e-12
varms_2,2 x MS0(pi/2),existing_coarse,heatmap,sideband_fcl,sideband,fcl,368,11,23,1,0,-0.66666666666666663,0.93333333333333335,0.90707224940067332,0.025733895669127829,0.033596927465099416,0.033596927465099416,0.067193854930198832,0.88133835373154545,1.2944889472286385e-10,0.99998800588249515,0,1,0,NaN,NaN,NaN
varms_2,2 x MS0(pi/2),refined_transition,transition_refined,sideband_fcl,sideband,fcl,369,3,13,1,0,-0.66666666666666663,1,0.87112630185956086,0.053675694426431643,0.037599001857003732,0.037599001857003732,0.075198003714007464,0.81745060743312925,1.2944889472286385e-10,0.99998800588249515,0,1,0,20,9.9999999999999994e-12,9.9999999999999994e-12
varms_2,2 x MS0(pi/2),existing_coarse,heatmap,sideband_fcl,sideband,fcl,370,11,24,1,0,-0.66666666666666663,1.0666666666666667,0.81475612239209949,0.10126348011116305,0.041990198748368714,0.041990198748368714,0.083980397496737427,0.71349264228093645,1.2944889472286385e-10,0.99998800588249515,0,1,0,NaN,NaN,NaN
varms_2,2 x MS0(pi/2),existing_coarse,heatmap,sideband_fcl,sideband,fcl,371,11,25,1,0,-0.66666666666666663,1.2,0.66663741998284609,0.20776072314838018,0.06280092843438688,0.06280092843438688,0.12560185686877376,0.45887669683446591,1.2944889472286385e-10,0.99998800588249515,0,1,0,NaN,NaN,NaN
varms_2,2 x MS0(pi/2),existing_coarse,heatmap,sideband_fcl,sideband,fcl,372,11,26,1,0,-0.66666666666666663,1.3333333333333333,0.5414777692526791,0.26220001343248672,0.098161108657417048,0.098161108657417048,0.1963222173148341,0.27927775582019237,1.2944889472286385e-10,0.99998800588249515,0,1,0,NaN,NaN,NaN
varms_2,2 x MS0(pi/2),existing_coarse,heatmap,sideband_fcl,sideband,fcl,373,11,27,1,0,-0.66666666666666663,1.4666666666666666,0.48216383321297202,0.25524588246910135,0.13129514215896332,0.13129514215896332,0.26259028431792664,0.22691795074387067,1.2944889472286385e-10,0.99998800588249515,0,1,0,NaN,NaN,NaN
varms_2,2 x MS0(pi/2),existing_coarse,heatmap,sideband_fcl,sideband,fcl,374,11,28,1,0,-0.66666666666666663,1.6000000000000001,0.5080901444932816,0.20656242053016577,0.14267371748827637,0.14267371748827637,0.28534743497655274,0.30152772396311583,1.2944889472286385e-10,0.99998800588249515,0,1,0,NaN,NaN,NaN
varms_2,2 x MS0(pi/2),existing_coarse,heatmap,sideband_fcl,sideband,fcl,375,11,29,1,0,-0.66666666666666663,1.7333333333333334,0.6165896940633746,0.13501074142553243,0.1241997822555465,0.1241997822555465,0.24839956451109299,0.48157895263784217,1.2944889472286385e-10,0.99998800588249515,0,1,0,NaN,NaN,NaN
varms_2,2 x MS0(pi/2),existing_coarse,heatmap,sideband_fcl,sideband,fcl,376,11,30,1,0,-0.66666666666666663,1.8666666666666667,0.77469199501658137,0.064524372822199944,0.080391816080609371,0.080391816080609371,0.16078363216121874,0.71016762219438145,1.2944889472286385e-10,0.99998800588249515,0,1,0,NaN,NaN,NaN
varms_2,2 x MS0(pi/2),existing_coarse,heatmap,sideband_fcl,sideband,fcl,377,11,31,1,0,-0.66666666666666663,2,0.91849241303799189,0.018684330062779735,0.03141162844961419,0.03141162844961419,0.06282325689922838,0.8998080829752122,1.2944889472286385e-10,0.99998800588249515,0,1,0,NaN,NaN,NaN
varms_2,2 x MS0(pi/2),existing_coarse,heatmap,sideband_fcl,sideband,fcl,378,12,1,1,0,-0.53333333333333333,-2,0.39011965853925512,0.18775840433311133,0.21106096856381676,0.21106096856381676,0.42212193712763352,0.20236125420614379,1.2944889472286385e-10,0.99998800588249515,0,1,0,NaN,NaN,NaN
varms_2,2 x MS0(pi/2),existing_coarse,heatmap,sideband_fcl,sideband,fcl,379,12,2,1,0,-0.53333333333333333,-1.8666666666666667,0.31154822995746517,0.32335122330195232,0.18255027337029126,0.18255027337029126,0.36510054674058251,-0.011802993344487145,1.2944889472286385e-10,0.99998800588249515,0.01181498759144084,0.98818501240855916,-0.0051617372484842822,NaN,NaN,NaN
varms_2,2 x MS0(pi/2),existing_coarse,heatmap,sideband_fcl,sideband,fcl,380,12,3,1,0,-0.53333333333333333,-1.7333333333333334,0.24534130857664099,0.50902550598808749,0.12281659271763577,0.12281659271763577,0.24563318543527154,-0.2636841974114465,1.2944889472286385e-10,0.99998800588249515,0.2636961916584003,0.7363038083415997,-0.13294295324126026,NaN,NaN,NaN
varms_2,2 x MS0(pi/2),existing_coarse,heatmap,sideband_fcl,sideband,fcl,381,12,4,1,0,-0.53333333333333333,-1.6000000000000001,0.20588933811839721,0.65867370645078271,0.06771847771541005,0.06771847771541005,0.1354369554308201,-0.4527843683323855,1.2944889472286385e-10,0.99998800588249515,0.4527963625793392,0.5472036374206608,-0.26185102439745966,NaN,NaN,NaN
varms_2,2 x MS0(pi/2),existing_coarse,heatmap,sideband_fcl,sideband,fcl,382,12,5,1,0,-0.53333333333333333,-1.4666666666666666,0.20986358326948706,0.70358226399624035,0.043277076367136263,0.043277076367136263,0.086554152734272527,-0.49371868072675329,1.2944889472286385e-10,0.99998800588249515,0.49373067497370704,0.50626932502629296,-0.29561838581757544,NaN,NaN,NaN
varms_2,2 x MS0(pi/2),existing_coarse,heatmap,sideband_fcl,sideband,fcl,383,12,6,1,0,-0.53333333333333333,-1.3333333333333333,0.24060250113864176,0.63392980467715854,0.062733847092099865,0.062733847092099865,0.12546769418419973,-0.39332730353851675,1.2944889472286385e-10,0.99998800588249515,0.3933392977854705,0.6066607022145295,-0.21705413652807817,NaN,NaN,NaN
varms_2,2 x MS0(pi/2),existing_coarse,heatmap,sideband_fcl,sideband,fcl,384,12,7,1,0,-0.53333333333333333,-1.2,0.25771107394083487,0.48964720119756977,0.12632086243079771,0.12632086243079771,0.25264172486159542,-0.2319361272567349,1.2944889472286385e-10,0.99998800588249515,0.23194812150368871,0.76805187849631129,-0.11460944431257505,NaN,NaN,NaN
varms_2,2 x MS0(pi/2),existing_coarse,heatmap,sideband_fcl,sideband,fcl,385,12,8,1,0,-0.53333333333333333,-1.0666666666666667,0.21838266651832744,0.34471129546461854,0.21845301900852701,0.21845301900852701,0.43690603801705402,-0.1263286289462911,1.2944889472286385e-10,0.99998800588249515,0.12634062319324479,0.87365937680675521,-0.058657857534002572,NaN,NaN,NaN
varms_2,2 x MS0(pi/2),existing_coarse,heatmap,sideband_fcl,sideband,fcl,386,12,9,1,0,-0.53333333333333333,-0.93333333333333335,0.15750739473240061,0.27939631496368217,0.28154814515195858,0.28154814515195858,0.56309629030391717,-0.12188892023128156,1.2944889472286385e-10,0.99998800588249515,0.12190091447823526,0.87809908552176474,-0.056456475133367379,NaN,NaN,NaN
varms_2,2 x MS0(pi/2),existing_coarse,heatmap,sideband_fcl,sideband,fcl,387,12,10,1,0,-0.53333333333333333,-0.80000000000000004,0.15552550904075174,0.32279563935949063,0.26083942579987884,0.26083942579987884,0.52167885159975769,-0.16727013031873889,1.2944889472286385e-10,0.99998800588249515,0.16728212456569269,0.83271787543430731,-0.079502112513364531,NaN,NaN,NaN
varms_2,2 x MS0(pi/2),existing_coarse,heatmap,sideband_fcl,sideband,fcl,388,12,11,1,0,-0.53333333333333333,-0.66666666666666663,0.17355283582735498,0.42374113877220654,0.20135301270021924,0.20135301270021924,0.40270602540043848,-0.25018830294485156,1.2944889472286385e-10,0.99998800588249515,0.25020029719180525,0.74979970280819475,-0.12505473605208703,NaN,NaN,NaN
varms_2,2 x MS0(pi/2),existing_coarse,heatmap,sideband_fcl,sideband,fcl,389,12,12,1,0,-0.53333333333333333,-0.53333333333333333,0.15962146021742643,0.50061266917310165,0.16988293530473597,0.16988293530473597,0.33976587060947194,-0.34099120895567525,1.2944889472286385e-10,0.99998800588249515,0.341003203202629,0.658996796797371,-0.18111669638718458,NaN,NaN,NaN
varms_2,2 x MS0(pi/2),existing_coarse,heatmap,sideband_fcl,sideband,fcl,390,12,13,1,0,-0.53333333333333333,-0.40000000000000002,0.20943483759946224,0.49196513169212419,0.14930001535420681,0.14930001535420681,0.29860003070841362,-0.28253029409266195,1.2944889472286385e-10,0.99998800588249515,0.2825422883396157,0.7174577116603843,-0.14420369199297356,NaN,NaN,NaN
varms_2,2 x MS0(pi/2),existing_coarse,heatmap,sideband_fcl,sideband,fcl,391,12,14,1,0,-0.53333333333333333,-0.26666666666666666,0.35653621609323866,0.40807367778898102,0.11769505305889014,0.11769505305889014,0.23539010611778027,-0.051537461695742359,1.2944889472286385e-10,0.99998800588249515,0.05154945594269611,0.94845054405730389,-0.022985310007775955,NaN,NaN,NaN
varms_2,2 x MS0(pi/2),existing_coarse,heatmap,sideband_fcl,sideband,fcl,392,12,15,1,0,-0.53333333333333333,-0.13333333333333333,0.44977642524079386,0.34778982843717327,0.10121687316101638,0.10121687316101638,0.20243374632203276,0.1019865968036206,1.2944889472286385e-10,0.99998800588249515,0,1,0,NaN,NaN,NaN
varms_2,2 x MS0(pi/2),existing_coarse,heatmap,sideband_fcl,sideband,fcl,393,12,16,1,0,-0.53333333333333333,0,0.38997445973598077,0.36108535883145532,0.12447009071628197,0.12447009071628197,0.24894018143256394,0.028889100904525455,1.2944889472286385e-10,0.99998800588249515,0,1,0,NaN,NaN,NaN
varms_2,2 x MS0(pi/2),existing_coarse,heatmap,sideband_fcl,sideband,fcl,394,12,17,1,0,-0.53333333333333333,0.13333333333333333,0.27365358486954294,0.39356617890807666,0.1663901181111902,0.1663901181111902,0.3327802362223804,-0.11991259403853372,1.2944889472286385e-10,0.99998800588249515,0.11992458828548747,0.88007541171451253,-0.055480112522254252,NaN,NaN,NaN
varms_2,2 x MS0(pi/2),existing_coarse,heatmap,sideband_fcl,sideband,fcl,395,12,18,1,0,-0.53333333333333333,0.26666666666666666,0.23588485023553374,0.4091837461169901,0.17746570182373808,0.17746570182373808,0.35493140364747616,-0.17329889588145636,1.2944889472286385e-10,0.99998800588249515,0.17331089012841017,0.82668910987158983,-0.082657783376010943,NaN,NaN,NaN
varms_2,2 x MS0(pi/2),existing_coarse,heatmap,sideband_fcl,sideband,fcl,396,12,19,1,0,-0.53333333333333333,0.40000000000000002,0.29853919250597666,0.40314870312782025,0.14915605218310149,0.14915605218310149,0.29831210436620298,-0.10460951062184359,1.2944889472286385e-10,0.99998800588249515,0.1046215048687974,0.8953784951312026,-0.047993340551197292,NaN,NaN,NaN
varms_2,2 x MS0(pi/2),existing_coarse,heatmap,sideband_fcl,sideband,fcl,397,12,20,1,0,-0.53333333333333333,0.53333333333333333,0.44300791029064202,0.35193330204817463,0.10252939383059165,0.10252939383059165,0.20505878766118329,0.091074608242467381,1.2944889472286385e-10,0.99998800588249515,0,1,0,NaN,NaN,NaN
varms_2,2 x MS0(pi/2),existing_coarse,heatmap,sideband_fcl,sideband,fcl,398,12,21,1,0,-0.53333333333333333,0.66666666666666663,0.65646168965067009,0.24059078732529582,0.051473761512017033,0.051473761512017033,0.10294752302403407,0.41587090232537427,1.2944889472286385e-10,0.99998800588249515,0,1,0,NaN,NaN,NaN
varms_2,2 x MS0(pi/2),existing_coarse,heatmap,sideband_fcl,sideband,fcl,399,12,22,1,0,-0.53333333333333333,0.80000000000000004,0.85450450611494921,0.10237637116147376,0.021559561361788555,0.021559561361788555,0.043119122723577111,0.75212813495347541,1.2944889472286385e-10,0.99998800588249515,0,1,0,NaN,NaN,NaN
varms_2,2 x MS0(pi/2),existing_coarse,heatmap,sideband_fcl,sideband,fcl,400,12,23,1,0,-0.53333333333333333,0.93333333333333335,0.93805234416728633,0.023280826185158109,0.019333414823777772,0.019333414823777772,0.038666829647555544,0.91477151798212819,1.2944889472286385e-10,0.99998800588249515,0,1,0,NaN,NaN,NaN
varms_2,2 x MS0(pi/2),existing_coarse,heatmap,sideband_fcl,sideband,fcl,401,12,24,1,0,-0.53333333333333333,1.0666666666666667,0.90385771029975182,0.052158574904460221,0.021991857397893961,0.021991857397893961,0.043983714795787922,0.85169913539529163,1.2944889472286385e-10,0.99998800588249515,0,1,0,NaN,NaN,NaN
varms_2,2 x MS0(pi/2),existing_coarse,heatmap,sideband_fcl,sideband,fcl,402,12,25,1,0,-0.53333333333333333,1.2,0.81149269846248806,0.12903692882036502,0.029735186358573404,0.029735186358573404,0.059470372717146808,0.68245576964212307,1.2944889472286385e-10,0.99998800588249515,0,1,0,NaN,NaN,NaN
varms_2,2 x MS0(pi/2),existing_coarse,heatmap,sideband_fcl,sideband,fcl,403,12,26,1,0,-0.53333333333333333,1.3333333333333333,0.72109172676659417,0.17076039102635199,0.054073941103526937,0.054073941103526937,0.10814788220705387,0.55033133574024218,1.2944889472286385e-10,0.99998800588249515,0,1,0,NaN,NaN,NaN
varms_2,2 x MS0(pi/2),existing_coarse,heatmap,sideband_fcl,sideband,fcl,404,12,27,1,0,-0.53333333333333333,1.4666666666666666,0.67988299500488703,0.15854291125103742,0.080787046872037749,0.080787046872037749,0.1615740937440755,0.52134008375384955,1.2944889472286385e-10,0.99998800588249515,0,1,0,NaN,NaN,NaN
varms_2,2 x MS0(pi/2),existing_coarse,heatmap,sideband_fcl,sideband,fcl,405,12,28,1,0,-0.53333333333333333,1.6000000000000001,0.70819786767783766,0.11524257401028187,0.088279779155940138,0.088279779155940138,0.17655955831188028,0.59295529366755573,1.2944889472286385e-10,0.99998800588249515,0,1,0,NaN,NaN,NaN
varms_2,2 x MS0(pi/2),existing_coarse,heatmap,sideband_fcl,sideband,fcl,406,12,29,1,0,-0.53333333333333333,1.7333333333333334,0.79200842558498841,0.064855552471319883,0.071568010971845855,0.071568010971845855,0.14313602194369171,0.7271528731136685,1.2944889472286385e-10,0.99998800588249515,0,1,0,NaN,NaN,NaN
varms_2,2 x MS0(pi/2),existing_coarse,heatmap,sideband_fcl,sideband,fcl,407,12,30,1,0,-0.53333333333333333,1.8666666666666667,0.8944146298305613,0.02491111263024819,0.040337128769595269,0.040337128769595269,0.080674257539190539,0.86950351720031316,1.2944889472286385e-10,0.99998800588249515,0,1,0,NaN,NaN,NaN
varms_2,2 x MS0(pi/2),existing_coarse,heatmap,sideband_fcl,sideband,fcl,408,12,31,1,0,-0.53333333333333333,2,0.96889445398027441,0.0059430342740103394,0.012581255872857718,0.012581255872857718,0.025162511745715436,0.96295141970626408,1.2944889472286385e-10,0.99998800588249515,0,1,0,NaN,NaN,NaN
varms_2,2 x MS0(pi/2),refined_transition,transition_refined,sideband_fcl,sideband,fcl,409,4,1,1,0,-0.5,-1,0.19396472043048066,0.29444309529616669,0.25579609213667637,0.25579609213667637,0.51159218427335273,-0.10047837486568603,1.2944889472286385e-10,0.99998800588249515,0.10049036911263975,0.89950963088736025,-0.045994182380859047,20,9.9999999999999994e-12,9.9999999999999994e-12
varms_2,2 x MS0(pi/2),refined_transition,transition_refined,sideband_fcl,sideband,fcl,410,4,2,1,0,-0.5,-0.83333333333333337,0.1913729980582112,0.30530873464935132,0.25165913364621867,0.25165913364621867,0.50331826729243734,-0.11393573659114012,1.2944889472286385e-10,0.99998800588249515,0.11394773083809395,0.88605226916190605,-0.052540657865746465,20,9.9999999999999994e-12,9.9999999999999994e-12
varms_2,2 x MS0(pi/2),refined_transition,transition_refined,sideband_fcl,sideband,fcl,411,4,3,1,0,-0.5,-0.66666666666666663,0.20805353322810777,0.39936729782098895,0.19628958447545164,0.19628958447545164,0.39257916895090328,-0.19131376459288119,1.2944889472286385e-10,0.99998800588249515,0.19132575883983494,0.80867424116016506,-0.092226390325971103,20,9.9999999999999994e-12,9.9999999999999994e-12
varms_2,2 x MS0(pi/2),refined_transition,transition_refined,sideband_fcl,sideband,fcl,412,4,4,1,0,-0.5,-0.5,0.16742660150154584,0.4693145852077551,0.18162940664534949,0.18162940664534949,0.36325881329069898,-0.30188798370620928,1.2944889472286385e-10,0.99998800588249515,0.30189997795316292,0.69810002204683708,-0.15608234827806611,20,9.9999999999999994e-12,9.9999999999999994e-12
varms_2,2 x MS0(pi/2),refined_transition,transition_refined,sideband_fcl,sideband,fcl,413,4,5,1,0,-0.5,-0.33333333333333331,0.27705657204798056,0.41643595275181061,0.15325373760010438,0.15325373760010438,0.30650747520020877,-0.13937938070383005,1.2944889472286385e-10,0.99998800588249515,0.1393913749507838,0.8606086250492162,-0.065194305717429887,20,9.9999999999999994e-12,9.9999999999999994e-12
varms_2,2 x MS0(pi/2),refined_transition,transition_refined,sideband_fcl,sideband,fcl,414,4,6,1,0,-0.5,-0.16666666666666666,0.4344668860996786,0.32361910888412276,0.12095700250809931,0.12095700250809931,0.24191400501619861,0.11084777721555583,1.2944889472286385e-10,0.99998800588249515,0,1,0,20,9.9999999999999994e-12,9.9999999999999994e-12
varms_2,2 x MS0(pi/2),refined_transition,transition_refined,sideband_fcl,sideband,fcl,415,4,7,1,0,-0.5,0,0.39482842715231292,0.35417317419578292,0.12549919932595205,0.12549919932595205,0.2509983986519041,0.040655252956529997,1.2944889472286385e-10,0.99998800588249515,0,1,0,20,9.9999999999999994e-12,9.9999999999999994e-12
varms_2,2 x MS0(pi/2),refined_transition,transition_refined,sideband_fcl,sideband,fcl,416,4,8,1,0,-0.5,0.16666666666666666,0.26898653695380492,0.41759784913035275,0.15670780695792114,0.15670780695792114,0.31341561391584227,-0.14861131217654783,1.2944889472286385e-10,0.99998800588249515,0.14862330642350163,0.85137669357649837,-0.069878242800720691,20,9.9999999999999994e-12,9.9999999999999994e-12
varms_2,2 x MS0(pi/2),refined_transition,transition_refined,sideband_fcl,sideband,fcl,417,4,9,1,0,-0.5,0.33333333333333331,0.25347465269322172,0.42599231304769275,0.16026651712954273,0.16026651712954273,0.32053303425908547,-0.17251766035447103,1.2944889472286385e-10,0.99998800588249515,0.17252965460142478,0.82747034539857522,-0.082247561371618427,20,9.9999999999999994e-12,9.9999999999999994e-12
varms_2,2 x MS0(pi/2),refined_transition,transition_refined,sideband_fcl,sideband,fcl,418,4,10,1,0,-0.5,0.5,0.38502242003254639,0.37418464866511869,0.12039646565116753,0.12039646565116753,0.24079293130233506,0.010837771367427695,1.2944889472286385e-10,0.99998800588249515,0,1,0,20,9.9999999999999994e-12,9.9999999999999994e-12
varms_2,2 x MS0(pi/2),refined_transition,transition_refined,sideband_fcl,sideband,fcl,419,4,11,1,0,-0.5,0.66666666666666663,0.64576262428695319,0.24754838498998358,0.053344495361531574,0.053344495361531574,0.10668899072306315,0.39821423929696964,1.2944889472286385e-10,0.99998800588249515,0,1,0,20,9.9999999999999994e-12,9.9999999999999994e-12
varms_2,2 x MS0(pi/2),refined_transition,transition_refined,sideband_fcl,sideband,fcl,420,4,12,1,0,-0.5,0.83333333333333337,0.88378619341940445,0.083507358497312403,0.016353224041641558,0.016353224041641558,0.032706448083283116,0.80027883492209206,1.2944889472286385e-10,0.99998800588249515,0,1,0,20,9.9999999999999994e-12,9.9999999999999994e-12
varms_2,2 x MS0(pi/2),refined_transition,transition_refined,sideband_fcl,sideband,fcl,421,4,13,1,0,-0.5,1,0.9439910481822501,0.020437070013168884,0.01778594090229051,0.01778594090229051,0.03557188180458102,0.92355397816908125,1.2944889472286385e-10,0.99998800588249515,0,1,0,20,9.9999999999999994e-12,9.9999999999999994e-12
varms_2,2 x MS0(pi/2),existing_coarse,heatmap,sideband_fcl,sideband,fcl,422,13,1,1,0,-0.40000000000000002,-2,0.38371210392262739,0.24036021382538159,0.18796384112599557,0.18796384112599557,0.37592768225199114,0.1433518900972458,1.2944889472286385e-10,0.99998800588249515,0,1,0,NaN,NaN,NaN
varms_2,2 x MS0(pi/2),existing_coarse,heatmap,sideband_fcl,sideband,fcl,423,13,2,1,0,-0.40000000000000002,-1.8666666666666667,0.3630741067989981,0.36127620245646164,0.13782484537227013,0.13782484537227013,0.27564969074454027,0.0017979043425364605,1.2944889472286385e-10,0.99998800588249515,0,1,0,NaN,NaN,NaN
varms_2,2 x MS0(pi/2),existing_coarse,heatmap,sideband_fcl,sideband,fcl,424,13,3,1,0,-0.40000000000000002,-1.7333333333333334,0.3750703720223213,0.46878443602457948,0.078072595976549627,0.078072595976549627,0.15614519195309925,-0.093714064002258179,1.2944889472286385e-10,0.99998800588249515,0.093726058249211985,0.90627394175078801,-0.042740507170842199,NaN,NaN,NaN
varms_2,2 x MS0(pi/2),existing_coarse,heatmap,sideband_fcl,sideband,fcl,425,13,4,1,0,-0.40000000000000002,-1.6000000000000001,0.40830030823025798,0.51675898629743533,0.037470352736153324,0.037470352736153324,0.074940705472306648,-0.10845867806717735,1.2944889472286385e-10,0.99998800588249515,0.1084706723141311,0.8915293276858689,-0.049864365732998704,NaN,NaN,NaN
varms_2,2 x MS0(pi/2),existing_coarse,heatmap,sideband_fcl,sideband,fcl,426,13,5,1,0,-0.40000000000000002,-1.4666666666666666,0.41123799258722143,0.50271288478452658,0.043024561314126054,0.043024561314126054,0.086049122628252109,-0.091474892197305147,1.2944889472286385e-10,0.99998800588249515,0.091486886444258952,0.90851311355574105,-0.041668799667125569,NaN,NaN,NaN
varms_2,2 x MS0(pi/2),existing_coarse,heatmap,sideband_fcl,sideband,fcl,427,13,6,1,0,-0.40000000000000002,-1.3333333333333333,0.3649905551968799,0.44651295555630033,0.094248244623409902,0.094248244623409902,0.1884964892468198,-0.081522400359420433,1.2944889472286385e-10,0.99998800588249515,0.081534394606374128,0.91846560539362587,-0.036937102469156997,NaN,NaN,NaN
varms_2,2 x MS0(pi/2),existing_coarse,heatmap,sideband_fcl,sideband,fcl,428,13,7,1,0,-0.40000000000000002,-1.2,0.30524306339996177,0.3656256893015028,0.16456562364926777,0.16456562364926777,0.32913124729853555,-0.060382625901541032,1.2944889472286385e-10,0.99998800588249515,0.060394620148494726,0.93960537985150527,-0.02705450526913019,NaN,NaN,NaN
varms_2,2 x MS0(pi/2),existing_coarse,heatmap,sideband_fcl,sideband,fcl,429,13,8,1,0,-0.40000000000000002,-1.0666666666666667,0.28999889489482439,0.2828990660172801,0.21355101954394765,0.21355101954394765,0.42710203908789529,0.0070998288775442897,1.2944889472286385e-10,0.99998800588249515,0,1,0,NaN,NaN,NaN
varms_2,2 x MS0(pi/2),existing_coarse,heatmap,sideband_fcl,sideband,fcl,430,13,9,1,0,-0.40000000000000002,-0.93333333333333335,0.35967184928074464,0.23093760710825137,0.20469527180550198,0.20469527180550198,0.40939054361100397,0.12873424217249327,1.2944889472286385e-10,0.99998800588249515,0,1,0,NaN,NaN,NaN
varms_2,2 x MS0(pi/2),existing_coarse,heatmap,sideband_fcl,sideband,fcl,431,13,10,1,0,-0.40000000000000002,-0.80000000000000004,0.42499749759069833,0.23055558899678485,0.17222345670625844,0.17222345670625844,0.34444691341251688,0.19444190859391347,1.2944889472286385e-10,0.99998800588249515,0,1,0,NaN,NaN,NaN
varms_2,2 x MS0(pi/2),existing_coarse,heatmap,sideband_fcl,sideband,fcl,432,13,11,1,0,-0.40000000000000002,-0.66666666666666663,0.34833195742522149,0.27964413592962617,0.1860119533225762,0.1860119533225762,0.37202390664515239,0.068687821495595325,1.2944889472286385e-10,0.99998800588249515,0,1,0,NaN,NaN,NaN
varms_2,2 x MS0(pi/2),existing_coarse,heatmap,sideband_fcl,sideband,fcl,433,13,12,1,0,-0.40000000000000002,-0.53333333333333333,0.22909773055431215,0.33819273493279806,0.21635476725644484,0.21635476725644484,0.43270953451288968,-0.1090950043784859,1.2944889472286385e-10,0.99998800588249515,0.10910699862543971,0.89089300137456029,-0.050174452756624827,NaN,NaN,NaN
varms_2,2 x MS0(pi/2),existing_coarse,heatmap,sideband_fcl,sideband,fcl,434,13,13,1,0,-0.40000000000000002,-0.40000000000000002,0.27062529001075464,0.3324568235747406,0.19845894320725241,0.19845894320725241,0.39691788641450482,-0.061831533563985963,1.2944889472286385e-10,0.99998800588249515,0.061843527810939714,0.93815647218906029,-0.027724720958927779,NaN,NaN,NaN
varms_2,2 x MS0(pi/2),existing_coarse,heatmap,sideband_fcl,sideband,fcl,435,13,14,1,0,-0.40000000000000002,-0.26666666666666666,0.41649295124427538,0.27008633791142511,0.15671035542214976,0.15671035542214976,0.31342071084429951,0.14640661333285027,1.2944889472286385e-10,0.99998800588249515,0,1,0,NaN,NaN,NaN
varms_2,2 x MS0(pi/2),existing_coarse,heatmap,sideband_fcl,sideband,fcl,436,13,15,1,0,-0.40000000000000002,-0.13333333333333333,0.47453493904928556,0.26400045890916629,0.1307323010207741,0.1307323010207741,0.2614646020415482,0.21053448014011927,1.2944889472286385e-10,0.99998800588249515,0,1,0,NaN,NaN,NaN
varms_2,2 x MS0(pi/2),existing_coarse,heatmap,sideband_fcl,sideband,fcl,437,13,16,1,0,-0.40000000000000002,0,0.40328075445840039,0.33925118608538318,0.12873402972810818,0.12873402972810818,0.25746805945621637,0.064029568373017209,1.2944889472286385e-10,0.99998800588249515,0,1,0,NaN,NaN,NaN
varms_2,2 x MS0(pi/2),existing_coarse,heatmap,sideband_fcl,sideband,fcl,438,13,17,1,0,-0.40000000000000002,0.13333333333333333,0.28538238562688462,0.4037038515720503,0.15545688140053252,0.15545688140053252,0.31091376280106503,-0.11832146594516568,1.2944889472286385e-10,0.99998800588249515,0.11833346019211932,0.88166653980788068,-0.054695640837011408,NaN,NaN,NaN
varms_2,2 x MS0(pi/2),existing_coarse,heatmap,sideband_fcl,sideband,fcl,439,13,18,1,0,-0.40000000000000002,0.26666666666666666,0.21231268841846251,0.41606197242107634,0.1858126695802306,0.1858126695802306,0.3716253391604612,-0.20374928400261383,1.2944889472286385e-10,0.99998800588249515,0.20376127824956758,0.79623872175043242,-0.098956706136959588,NaN,NaN,NaN
varms_2,2 x MS0(pi/2),existing_coarse,heatmap,sideband_fcl,sideband,fcl,440,13,19,1,0,-0.40000000000000002,0.40000000000000002,0.24055395735434085,0.39379555620609441,0.18282524321978239,0.18282524321978239,0.36565048643956477,-0.15324159885175356,1.2944889472286385e-10,0.99998800588249515,0.15325359309870734,0.84674640690129266,-0.072246637572322206,NaN,NaN,NaN
varms_2,2 x MS0(pi/2),existing_coarse,heatmap,sideband_fcl,sideband,fcl,441,13,20,1,0,-0.40000000000000002,0.53333333333333333,0.38266267004495363,0.34213820898985148,0.13759956048259747,0.13759956048259747,0.27519912096519494,0.040524461055102157,1.2944889472286385e-10,0.99998800588249515,0,1,0,NaN,NaN,NaN
varms_2,2 x MS0(pi/2),existing_coarse,heatmap,sideband_fcl,sideband,fcl,442,13,21,1,0,-0.40000000000000002,0.66666666666666663,0.60328345351537171,0.25780492120617982,0.069455812639224235,0.069455812639224235,0.13891162527844847,0.3454785323091919,1.2944889472286385e-10,0.99998800588249515,0,1,0,NaN,NaN,NaN
varms_2,2 x MS0(pi/2),existing_coarse,heatmap,sideband_fcl,sideband,fcl,443,13,22,1,0,-0.40000000000000002,0.80000000000000004,0.81526034749806475,0.14488699582702394,0.01992632833745565,0.01992632833745565,0.039852656674911301,0.67037335167104084,1.2944889472286385e-10,0.99998800588249515,0,1,0,NaN,NaN,NaN
varms_2,2 x MS0(pi/2),existing_coarse,heatmap,sideband_fcl,sideband,fcl,444,13,23,1,0,-0.40000000000000002,0.93333333333333335,0.93926382506914663,0.044409264074481321,0.0081634554281860595,0.0081634554281860595,0.016326910856372119,0.89485456099466532,1.2944889472286385e-10,0.99998800588249515,0,1,0,NaN,NaN,NaN
varms_2,2 x MS0(pi/2),existing_coarse,heatmap,sideband_fcl,sideband,fcl,445,13,24,1,0,-0.40000000000000002,1.0666666666666667,0.96695007244025755,0.014966526231300452,0.0090417006642210234,0.0090417006642210234,0.018083401328442047,0.95198354620895709,1.2944889472286385e-10,0.99998800588249515,0,1,0,NaN,NaN,NaN
varms_2,2 x MS0(pi/2),existing_coarse,heatmap,sideband_fcl,sideband,fcl,446,13,25,1,0,-0.40000000000000002,1.2,0.93420102487691059,0.050333399226244101,0.0077327879484226899,0.0077327879484226899,0.01546557589684538,0.88386762565066646,1.2944889472286385e-10,0.99998800588249515,0,1,0,NaN,NaN,NaN
varms_2,2 x MS0(pi/2),existing_coarse,heatmap,sideband_fcl,sideband,fcl,447,13,26,1,0,-0.40000000000000002,1.3333333333333333,0.88350637005724741,0.084304990698363377,0.016094319622194639,0.016094319622194639,0.032188639244389278,0.79920137935888402,1.2944889472286385e-10,0.99998800588249515,0,1,0,NaN,NaN,NaN
varms_2,2 x MS0(pi/2),existing_coarse,heatmap,sideband_fcl,sideband,fcl,448,13,27,1,0,-0.40000000000000002,1.4666666666666666,0.85869008941950209,0.076571671057552845,0.03236911976147256,0.03236911976147256,0.064738239522945121,0.78211841836194929,1.2944889472286385e-10,0.99998800588249515,0,1,0,NaN,NaN,NaN
varms_2,2 x MS0(pi/2),existing_coarse,heatmap,sideband_fcl,sideband,fcl,449,13,28,1,0,-0.40000000000000002,1.6000000000000001,0.88129197235425361,0.041838894121609731,0.038434566762068349,0.038434566762068349,0.076869133524136699,0.83945307823264392,1.2944889472286385e-10,0.99998800588249515,0,1,0,NaN,NaN,NaN
varms_2,2 x MS0(pi/2),existing_coarse,heatmap,sideband_fcl,sideband,fcl,450,13,29,1,0,-0.40000000000000002,1.7333333333333334,0.93204235040665007,0.011880280978125471,0.028038684307612232,0.028038684307612232,0.056077368615224464,0.92016206942852463,1.2944889472286385e-10,0.99998800588249515,0,1,0,NaN,NaN,NaN
varms_2,2 x MS0(pi/2),existing_coarse,heatmap,sideband_fcl,sideband,fcl,451,13,30,1,0,-0.40000000000000002,1.8666666666666667,0.97325485562772907,0.0026715485383502599,0.012036797916960341,0.012036797916960341,0.024073595833920682,0.97058330708937879,1.2944889472286385e-10,0.99998800588249515,0,1,0,NaN,NaN,NaN
varms_2,2 x MS0(pi/2),existing_coarse,heatmap,sideband_fcl,sideband,fcl,452,13,31,1,0,-0.40000000000000002,2,0.97698859905661872,0.011627954636077997,0.005691723153651687,0.005691723153651687,0.011383446307303374,0.9653606444205407,1.2944889472286385e-10,0.99998800588249515,0,1,0,NaN,NaN,NaN
varms_2,2 x MS0(pi/2),refined_transition,transition_refined,sideband_fcl,sideband,fcl,453,5,1,1,0,-0.33333333333333331,-1,0.4264875791338123,0.20507081640555494,0.18422080223031639,0.18422080223031639,0.36844160446063279,0.22141676272825736,1.2944889472286385e-10,0.99998800588249515,0,1,0,20,9.9999999999999994e-12,9.9999999999999994e-12
varms_2,2 x MS0(pi/2),refined_transition,transition_refined,sideband_fcl,sideband,fcl,454,5,2,1,0,-0.33333333333333331,-0.83333333333333337,0.53040895627425821,0.1901699127080092,0.13971056550886632,0.13971056550886632,0.27942113101773264,0.34023904356624901,1.2944889472286385e-10,0.99998800588249515,0,1,0,20,9.9999999999999994e-12,9.9999999999999994e-12
varms_2,2 x MS0(pi/2),refined_transition,transition_refined,sideband_fcl,sideband,fcl,455,5,3,1,0,-0.33333333333333331,-0.66666666666666663,0.37475516031292561,0.2451973345442004,0.19002375257143703,0.19002375257143703,0.38004750514287405,0.12955782576872521,1.2944889472286385e-10,0.99998800588249515,0,1,0,20,9.9999999999999994e-12,9.9999999999999994e-12
varms_2,2 x MS0(pi/2),refined_transition,transition_refined,sideband_fcl,sideband,fcl,456,5,4,1,0,-0.33333333333333331,-0.5,0.24824927350841183,0.29781549568328436,0.22696761540415189,0.22696761540415189,0.45393523080830378,-0.049566222174872526,1.2944889472286385e-10,0.99998800588249515,0.049578216421826249,0.95042178357817375,-0.022083618259999313,20,9.9999999999999994e-12,9.9999999999999994e-12
varms_2,2 x MS0(pi/2),refined_transition,transition_refined,sideband_fcl,sideband,fcl,457,5,5,1,0,-0.33333333333333331,-0.33333333333333331,0.39240309997443978,0.25633528337868067,0.17563080832343975,0.17563080832343975,0.35126161664687949,0.13606781659575912,1.2944889472286385e-10,0.99998800588249515,0,1,0,20,9.9999999999999994e-12,9.9999999999999994e-12
varms_2,2 x MS0(pi/2),refined_transition,transition_refined,sideband_fcl,sideband,fcl,458,5,6,1,0,-0.33333333333333331,-0.16666666666666666,0.47952153276872456,0.26230698513613365,0.12908574104757084,0.12908574104757084,0.25817148209514168,0.2172145476325909,1.2944889472286385e-10,0.99998800588249515,0,1,0,20,9.9999999999999994e-12,9.9999999999999994e-12
varms_2,2 x MS0(pi/2),refined_transition,transition_refined,sideband_fcl,sideband,fcl,459,5,7,1,0,-0.33333333333333331,0,0.38264809013474071,0.36839879854258806,0.12447655566133566,0.12447655566133566,0.24895311132267131,0.014249291592152658,1.2944889472286385e-10,0.99998800588249515,0,1,0,20,9.9999999999999994e-12,9.9999999999999994e-12
varms_2,2 x MS0(pi/2),refined_transition,transition_refined,sideband_fcl,sideband,fcl,460,5,8,1,0,-0.33333333333333331,0.16666666666666666,0.24056568678017731,0.40548517041318299,0.17697457140331982,0.17697457140331982,0.35394914280663964,-0.16491948363300568,1.2944889472286385e-10,0.99998800588249515,0.16493147787995943,0.83506852212004057,-0.078277886722805043,20,9.9999999999999994e-12,9.9999999999999994e-12
varms_2,2 x MS0(pi/2),refined_transition,transition_refined,sideband_fcl,sideband,fcl,461,5,9,1,0,-0.33333333333333331,0.33333333333333331,0.19679086358789585,0.37933608341506647,0.2119365264985188,0.2119365264985188,0.42387305299703759,-0.18254521982717062,1.2944889472286385e-10,0.99998800588249515,0.18255721407412429,0.81744278592587571,-0.087542634540734895,20,9.9999999999999994e-12,9.9999999999999994e-12
varms_2,2 x MS0(pi/2),refined_transition,transition_refined,sideband_fcl,sideband,fcl,462,5,10,1,0,-0.33333333333333331,0.5,0.32843061045732702,0.33311437275890504,0.16922750839188391,0.16922750839188391,0.33845501678376783,-0.0046837623015780205,1.2944889472286385e-10,0.99998800588249515,0.0046957565485318264,0.99530424345146817,-0.0020441443244197353,20,9.9999999999999994e-12,9.9999999999999994e-12
varms_2,2 x MS0(pi/2),refined_transition,transition_refined,sideband_fcl,sideband,fcl,463,5,11,1,0,-0.33333333333333331,0.66666666666666663,0.58509328736105815,0.25026998595177452,0.082318363343583639,0.082318363343583639,0.16463672668716728,0.33482330140928362,1.2944889472286385e-10,0.99998800588249515,0,1,0,20,9.9999999999999994e-12,9.9999999999999994e-12
varms_2,2 x MS0(pi/2),refined_transition,transition_refined,sideband_fcl,sideband,fcl,464,5,12,1,0,-0.33333333333333331,0.83333333333333337,0.83381132344246067,0.13077855755817838,0.017705059499680532,0.017705059499680532,0.035410118999361063,0.70303276588428232,1.2944889472286385e-10,0.99998800588249515,0,1,0,20,9.9999999999999994e-12,9.9999999999999994e-12
varms_2,2 x MS0(pi/2),refined_transition,transition_refined,sideband_fcl,sideband,fcl,465,5,13,1,0,-0.33333333333333331,1,0.96380390101879743,0.026453563855918232,0.0048712675626421285,0.0048712675626421285,0.009742535125284257,0.93735033716287919,1.2944889472286385e-10,0.99998800588249515,0,1,0,20,9.9999999999999994e-12,9.9999999999999994e-12
varms_2,2 x MS0(pi/2),existing_coarse,heatmap,sideband_fcl,sideband,fcl,466,14,1,1,0,-0.26666666666666666,-2,0.46877179957345183,0.29081420714269596,0.12020699664192606,0.12020699664192606,0.24041399328385213,0.17795759243075587,1.2944889472286385e-10,0.99998800588249515,0,1,0,NaN,NaN,NaN
varms_2,2 x MS0(pi/2),existing_coarse,heatmap,sideband_fcl,sideband,fcl,467,14,2,1,0,-0.26666666666666666,-1.8666666666666667,0.56825467487679537,0.29778544834590465,0.066979938388650045,0.066979938388650045,0.13395987677730009,0.27046922653089073,1.2944889472286385e-10,0.99998800588249515,0,1,0,NaN,NaN,NaN
varms_2,2 x MS0(pi/2),existing_coarse,heatmap,sideband_fcl,sideband,fcl,468,14,3,1,0,-0.26666666666666666,-1.7333333333333334,0.676839742750318,0.260225142354783,0.031467557447449453,0.031467557447449453,0.062935114894898905,0.416614600395535,1.2944889472286385e-10,0.99998800588249515,0,1,0,NaN,NaN,NaN
varms_2,2 x MS0(pi/2),existing_coarse,heatmap,sideband_fcl,sideband,fcl,469,14,4,1,0,-0.26666666666666666,-1.6000000000000001,0.6886937886331379,0.23227164257276769,0.039517284397047166,0.039517284397047166,0.079034568794094331,0.45642214606037024,1.2944889472286385e-10,0.99998800588249515,0,1,0,NaN,NaN,NaN
varms_2,2 x MS0(pi/2),existing_coarse,heatmap,sideband_fcl,sideband,fcl,470,14,5,1,0,-0.26666666666666666,-1.4666666666666666,0.58129570092938176,0.23934715618032498,0.089678571445146654,0.089678571445146654,0.17935714289029331,0.34194854474905678,1.2944889472286385e-10,0.99998800588249515,0,1,0,NaN,NaN,NaN
varms_2,2 x MS0(pi/2),existing_coarse,heatmap,sideband_fcl,sideband,fcl,471,14,6,1,0,-0.26666666666666666,-1.3333333333333333,0.45534117415269526,0.24531198739004045,0.1496734192286322,0.1496734192286322,0.2993468384572644,0.21002918676265481,1.2944889472286385e-10,0.99998800588249515,0,1,0,NaN,NaN,NaN
varms_2,2 x MS0(pi/2),existing_coarse,heatmap,sideband_fcl,sideband,fcl,472,14,7,1,0,-0.26666666666666666,-1.2,0.42711612056612275,0.21858709869336576,0.17714839037025579,0.17714839037025579,0.35429678074051157,0.20852902187275699,1.2944889472286385e-10,0.99998800588249515,0,1,0,NaN,NaN,NaN
varms_2,2 x MS0(pi/2),existing_coarse,heatmap,sideband_fcl,sideband,fcl,473,14,8,1,0,-0.26666666666666666,-1.0666666666666667,0.53158558008637224,0.17990396061314404,0.14425522965024185,0.14425522965024185,0.28851045930048369,0.35168161947322818,1.2944889472286385e-10,0.99998800588249515,0,1,0,NaN,NaN,NaN
varms_2,2 x MS0(pi/2),existing_coarse,heatmap,sideband_fcl,sideband,fcl,474,14,9,1,0,-0.26666666666666666,-0.93333333333333335,0.65531487602835481,0.16326585313755268,0.090709635417046255,0.090709635417046255,0.18141927083409251,0.4920490228908021,1.2944889472286385e-10,0.99998800588249515,0,1,0,NaN,NaN,NaN
varms_2,2 x MS0(pi/2),existing_coarse,heatmap,sideband_fcl,sideband,fcl,475,14,10,1,0,-0.26666666666666666,-0.80000000000000004,0.60341871055888907,0.18734585519739375,0.10461771712185858,0.10461771712185858,0.20923543424371716,0.4160728553614953,1.2944889472286385e-10,0.99998800588249515,0,1,0,NaN,NaN,NaN
varms_2,2 x MS0(pi/2),existing_coarse,heatmap,sideband_fcl,sideband,fcl,476,14,11,1,0,-0.26666666666666666,-0.66666666666666663,0.38965052128733413,0.24826190567324999,0.18104378651970793,0.18104378651970793,0.36208757303941586,0.14138861561408414,1.2944889472286385e-10,0.99998800588249515,0,1,0,NaN,NaN,NaN
varms_2,2 x MS0(pi/2),existing_coarse,heatmap,sideband_fcl,sideband,fcl,477,14,12,1,0,-0.26666666666666666,-0.53333333333333333,0.27532710320054521,0.29264121603613652,0.21601584038165911,0.21601584038165911,0.43203168076331822,-0.017314112835591311,1.2944889472286385e-10,0.99998800588249515,0.017326107082545117,0.98267389291745488,-0.0075905818664649873,NaN,NaN,NaN
varms_2,2 x MS0(pi/2),existing_coarse,heatmap,sideband_fcl,sideband,fcl,478,14,13,1,0,-0.26666666666666666,-0.40000000000000002,0.35868792518722031,0.28155467512136689,0.17987869984570637,0.17987869984570637,0.35975739969141274,0.07713325006585342,1.2944889472286385e-10,0.99998800588249515,0,1,0,NaN,NaN,NaN
varms_2,2 x MS0(pi/2),existing_coarse,heatmap,sideband_fcl,sideband,fcl,479,14,14,1,0,-0.26666666666666666,-0.26666666666666666,0.44866758275809621,0.28669239413792585,0.13232001155198897,0.13232001155198897,0.26464002310397794,0.16197518862017035,1.2944889472286385e-10,0.99998800588249515,0,1,0,NaN,NaN,NaN
varms_2,2 x MS0(pi/2),existing_coarse,heatmap,sideband_fcl,sideband,fcl,480,14,15,1,0,-0.26666666666666666,-0.13333333333333333,0.41442729243307941,0.37237319124131896,0.10659975816280086,0.10659975816280086,0.21319951632560172,0.042054101191760451,1.2944889472286385e-10,0.99998800588249515,0,1,0,NaN,NaN,NaN
varms_2,2 x MS0(pi/2),existing_coarse,heatmap,sideband_fcl,sideband,fcl,481,14,16,1,0,-0.26666666666666666,0,0.30876737624808542,0.45402547824863776,0.11860357275163844,0.11860357275163844,0.23720714550327687,-0.14525810200055234,1.2944889472286385e-10,0.99998800588249515,0.1452700962475062,0.8547299037524938,-0.068171101460879291,NaN,NaN,NaN
varms_2,2 x MS0(pi/2),existing_coarse,heatmap,sideband_fcl,sideband,fcl,482,14,17,1,0,-0.26666666666666666,0.13333333333333333,0.20493632194773942,0.44399513288554865,0.17553427258335594,0.17553427258335594,0.35106854516671188,-0.23905881093780923,1.2944889472286385e-10,0.99998800588249515,0.23907080518476298,0.76092919481523702,-0.11865575286367251,NaN,NaN,NaN
varms_2,2 x MS0(pi/2),existing_coarse,heatmap,sideband_fcl,sideband,fcl,483,14,18,1,0,-0.26666666666666666,0.26666666666666666,0.15922169336891723,0.38779185090060364,0.22649322786523959,0.22649322786523959,0.45298645573047919,-0.22857015753168641,1.2944889472286385e-10,0.99998800588249515,0.22858215177864016,0.77141784822135984,-0.11271031712362464,NaN,NaN,NaN
varms_2,2 x MS0(pi/2),existing_coarse,heatmap,sideband_fcl,sideband,fcl,484,14,19,1,0,-0.26666666666666666,0.40000000000000002,0.2198655246335027,0.3429353503968624,0.21859956248481746,0.21859956248481746,0.43719912496963492,-0.1230698257633597,1.2944889472286385e-10,0.99998800588249515,0.12308182001031343,0.87691817998968657,-0.057040926174060688,NaN,NaN,NaN
varms_2,2 x MS0(pi/2),existing_coarse,heatmap,sideband_fcl,sideband,fcl,485,14,20,1,0,-0.26666666666666666,0.53333333333333333,0.37757108508917375,0.29855376015313079,0.16193757737884776,0.16193757737884776,0.32387515475769552,0.079017324936042965,1.2944889472286385e-10,0.99998800588249515,0,1,0,NaN,NaN,NaN
varms_2,2 x MS0(pi/2),existing_coarse,heatmap,sideband_fcl,sideband,fcl,486,14,21,1,0,-0.26666666666666666,0.66666666666666663,0.57931508991471448,0.23869653093510818,0.090994189575088646,0.090994189575088646,0.18198837915017729,0.3406185589796063,1.2944889472286385e-10,0.99998800588249515,0,1,0,NaN,NaN,NaN
varms_2,2 x MS0(pi/2),existing_coarse,heatmap,sideband_fcl,sideband,fcl,487,14,22,1,0,-0.26666666666666666,0.80000000000000004,0.77173508677817237,0.16148111544330446,0.033391898889261577,0.033391898889261577,0.066783797778523155,0.61025397133486792,1.2944889472286385e-10,0.99998800588249515,0,1,0,NaN,NaN,NaN
varms_2,2 x MS0(pi/2),existing_coarse,heatmap,sideband_fcl,sideband,fcl,488,14,23,1,0,-0.26666666666666666,0.93333333333333335,0.91225098420172468,0.074285904342785716,0.0067315557277448151,0.0067315557277448151,0.01346311145548963,0.83796507985893898,1.2944889472286385e-10,0.99998800588249515,0,1,0,NaN,NaN,NaN
varms_2,2 x MS0(pi/2),existing_coarse,heatmap,sideband_fcl,sideband,fcl,489,14,24,1,0,-0.26666666666666666,1.0666666666666667,0.9817083132904465,0.013294298508771998,0.0024986941003907821,0.0024986941003907821,0.0049973882007815643,0.96841401478167455,1.2944889472286385e-10,0.99998800588249515,0,1,0,NaN,NaN,NaN
varms_2,2 x MS0(pi/2),existing_coarse,heatmap,sideband_fcl,sideband,fcl,490,14,25,1,0,-0.26666666666666666,1.2,0.98891666926319366,0.0082036206328289923,0.001439855051988681,0.001439855051988681,0.002879710103977362,0.98071304863036468,1.2944889472286385e-10,0.99998800588249515,0,1,0,NaN,NaN,NaN
varms_2,2 x MS0(pi/2),existing_coarse,heatmap,sideband_fcl,sideband,fcl,491,14,26,1,0,-0.26666666666666666,1.3333333333333333,0.96309545253031359,0.031510791754692562,0.0026968778574969505,0.0026968778574969505,0.005393755714993901,0.93158466077562108,1.2944889472286385e-10,0.99998800588249515,0,1,0,NaN,NaN,NaN
varms_2,2 x MS0(pi/2),existing_coarse,heatmap,sideband_fcl,sideband,fcl,492,14,27,1,0,-0.26666666666666666,1.4666666666666666,0.94595281845409751,0.034470419481738082,0.0097883810320822315,0.0097883810320822315,0.019576762064164463,0.91148239897235939,1.2944889472286385e-10,0.99998800588249515,0,1,0,NaN,NaN,NaN
varms_2,2 x MS0(pi/2),existing_coarse,heatmap,sideband_fcl,sideband,fcl,493,14,28,1,0,-0.26666666666666666,1.6000000000000001,0.96026023133131178,0.013401699046546757,0.013169034811070674,0.013169034811070674,0.026338069622141348,0.94685853228476502,1.2944889472286385e-10,0.99998800588249515,0,1,0,NaN,NaN,NaN
varms_2,2 x MS0(pi/2),existing_coarse,heatmap,sideband_fcl,sideband,fcl,494,14,29,1,0,-0.26666666666666666,1.7333333333333334,0.9838036377254048,0.0012825519651999643,0.0074569051546976252,0.0074569051546976252,0.01491381030939525,0.9825210857602048,1.2944889472286385e-10,0.99998800588249515,0,1,0,NaN,NaN,NaN
varms_2,2 x MS0(pi/2),existing_coarse,heatmap,sideband_fcl,sideband,fcl,495,14,30,1,0,-0.26666666666666666,1.8666666666666667,0.97827338094346539,0.015401765992246073,0.0031624265321443059,0.0031624265321443059,0.0063248530642886118,0.96287161495121931,1.2944889472286385e-10,0.99998800588249515,0,1,0,NaN,NaN,NaN
varms_2,2 x MS0(pi/2),existing_coarse,heatmap,sideband_fcl,sideband,fcl,496,14,31,1,0,-0.26666666666666666,2,0.93105349744396737,0.043158472966601698,0.012894014794715435,0.012894014794715435,0.025788029589430869,0.88789502447736568,1.2944889472286385e-10,0.99998800588249515,0,1,0,NaN,NaN,NaN
varms_2,2 x MS0(pi/2),refined_transition,transition_refined,sideband_fcl,sideband,fcl,497,6,1,1,0,-0.16666666666666666,-1,0.75452619271147781,0.12750786855248178,0.058982969368020229,0.058982969368020229,0.11796593873604046,0.62701832415899605,1.2944889472286385e-10,0.99998800588249515,0,1,0,20,9.9999999999999994e-12,9.9999999999999994e-12
varms_2,2 x MS0(pi/2),refined_transition,transition_refined,sideband_fcl,sideband,fcl,498,6,2,1,0,-0.16666666666666666,-0.83333333333333337,0.62686698980878619,0.19802164530106539,0.087555682445074237,0.087555682445074237,0.17511136489014847,0.42884534450772083,1.2944889472286385e-10,0.99998800588249515,0,1,0,20,9.9999999999999994e-12,9.9999999999999994e-12
varms_2,2 x MS0(pi/2),refined_transition,transition_refined,sideband_fcl,sideband,fcl,499,6,3,1,0,-0.16666666666666666,-0.66666666666666663,0.32045478777377412,0.30562703646569506,0.18695908788026541,0.18695908788026541,0.37391817576053082,0.014827751308079062,1.2944889472286385e-10,0.99998800588249515,0,1,0,20,9.9999999999999994e-12,9.9999999999999994e-12
varms_2,2 x MS0(pi/2),refined_transition,transition_refined,sideband_fcl,sideband,fcl,500,6,4,1,0,-0.16666666666666666,-0.5,0.26542446689692756,0.37250288636610096,0.18103632336848574,0.18103632336848574,0.36207264673697148,-0.1070784194691734,1.2944889472286385e-10,0.99998800588249515,0.10709041371612715,0.89290958628387285,-0.049192514421566816,20,9.9999999999999994e-12,9.9999999999999994e-12
varms_2,2 x MS0(pi/2),refined_transition,transition_refined,sideband_fcl,sideband,fcl,501,6,5,1,0,-0.16666666666666666,-0.33333333333333331,0.33543474332684103,0.43698925184566528,0.11378800241374683,0.11378800241374683,0.22757600482749366,-0.10155450851882425,1.2944889472286385e-10,0.99998800588249515,0.10156650276577806,0.89843349723422194,-0.046514064190075512,20,9.9999999999999994e-12,9.9999999999999994e-12
varms_2,2 x MS0(pi/2),refined_transition,transition_refined,sideband_fcl,sideband,fcl,502,6,6,1,0,-0.16666666666666666,-0.16666666666666666,0.25709640990719029,0.6021429965128835,0.070380296789963118,0.070380296789963118,0.14076059357992624,-0.34504658660569321,1.2944889472286385e-10,0.99998800588249515,0.34505858085264696,0.65494141914735304,-0.18379754348731431,20,9.9999999999999994e-12,9.9999999999999994e-12
varms_2,2 x MS0(pi/2),refined_transition,transition_refined,sideband_fcl,sideband,fcl,503,6,7,1,0,-0.16666666666666666,0,0.13712650322532494,0.70106804459387806,0.080902726090398475,0.080902726090398475,0.16180545218079695,-0.56394154136855312,1.2944889472286385e-10,0.99998800588249515,0.56395353561550687,0.43604646438449313,-0.3604672305694418,20,9.9999999999999994e-12,9.9999999999999994e-12
varms_2,2 x MS0(pi/2),refined_transition,transition_refined,sideband_fcl,sideband,fcl,504,6,8,1,0,-0.16666666666666666,0.16666666666666666,0.071634987154449839,0.5996595412651724,0.16435273579018883,0.16435273579018883,0.32870547158037766,-0.52802455411072258,1.2944889472286385e-10,0.99998800588249515,0.52803654835767633,0.47196345164232367,-0.32609163137572195,20,9.9999999999999994e-12,9.9999999999999994e-12
varms_2,2 x MS0(pi/2),refined_transition,transition_refined,sideband_fcl,sideband,fcl,505,6,9,1,0,-0.16666666666666666,0.33333333333333331,0.1172847337519025,0.43951745500830475,0.22159890561989634,0.22159890561989634,0.44319781123979268,-0.32223272125640223,1.2944889472286385e-10,0.99998800588249515,0.32224471550335598,0.67775528449664402,-0.16892708751540766,20,9.9999999999999994e-12,9.9999999999999994e-12
varms_2,2 x MS0(pi/2),refined_transition,transition_refined,sideband_fcl,sideband,fcl,506,6,10,1,0,-0.16666666666666666,0.5,0.31715719885371596,0.31712903073447363,0.18285688520590523,0.18285688520590523,0.36571377041181047,2.8168119242333312e-05,1.2944889472286385e-10,0.99998800588249515,0,1,0,20,9.9999999999999994e-12,9.9999999999999994e-12
varms_2,2 x MS0(pi/2),refined_transition,transition_refined,sideband_fcl,sideband,fcl,507,6,11,1,0,-0.16666666666666666,0.66666666666666663,0.57203031698025053,0.22304739114970945,0.10246114593501994,0.10246114593501994,0.20492229187003988,0.34898292583054108,1.2944889472286385e-10,0.99998800588249515,0,1,0,20,9.9999999999999994e-12,9.9999999999999994e-12
varms_2,2 x MS0(pi/2),refined_transition,transition_refined,sideband_fcl,sideband,fcl,508,6,12,1,0,-0.16666666666666666,0.83333333333333337,0.78940287856862601,0.13778441588030074,0.036406352775536617,0.036406352775536617,0.072812705551073234,0.65161846268832524,1.2944889472286385e-10,0.99998800588249515,0,1,0,20,9.9999999999999994e-12,9.9999999999999994e-12
varms_2,2 x MS0(pi/2),refined_transition,transition_refined,sideband_fcl,sideband,fcl,509,6,13,1,0,-0.16666666666666666,1,0.93839132874254538,0.04864025392074596,0.0064842086683543727,0.0064842086683543727,0.012968417336708745,0.88975107482179938,1.2944889472286385e-10,0.99998800588249515,0,1,0,20,9.9999999999999994e-12,9.9999999999999994e-12
varms_2,2 x MS0(pi/2),existing_coarse,heatmap,sideband_fcl,sideband,fcl,510,15,1,1,0,-0.13333333333333333,-2,0.66904245799883788,0.23279001238526847,0.049083764807946906,0.049083764807946906,0.098167529615893812,0.43625244561356941,1.2944889472286385e-10,0.99998800588249515,0,1,0,NaN,NaN,NaN
varms_2,2 x MS0(pi/2),existing_coarse,heatmap,sideband_fcl,sideband,fcl,511,15,2,1,0,-0.13333333333333333,-1.8666666666666667,0.81644947670660672,0.13779993704513466,0.022875293124129361,0.022875293124129361,0.045750586248258722,0.67864953966147201,1.2944889472286385e-10,0.99998800588249515,0,1,0,NaN,NaN,NaN
varms_2,2 x MS0(pi/2),existing_coarse,heatmap,sideband_fcl,sideband,fcl,512,15,3,1,0,-0.13333333333333333,-1.7333333333333334,0.84831814502906211,0.069334438312522617,0.041173708329207644,0.041173708329207644,0.082347416658415287,0.77898370671653949,1.2944889472286385e-10,0.99998800588249515,0,1,0,NaN,NaN,NaN
varms_2,2 x MS0(pi/2),existing_coarse,heatmap,sideband_fcl,sideband,fcl,513,15,4,1,0,-0.13333333333333333,-1.6000000000000001,0.74434017502608785,0.087028497371824873,0.084315663801043633,0.084315663801043633,0.16863132760208727,0.65731167765426302,1.2944889472286385e-10,0.99998800588249515,0,1,0,NaN,NaN,NaN
varms_2,2 x MS0(pi/2),existing_coarse,heatmap,sideband_fcl,sideband,fcl,514,15,5,1,0,-0.13333333333333333,-1.4666666666666666,0.59895275585926,0.13441335845383176,0.13331694284345411,0.13331694284345411,0.26663388568690821,0.46453939740542827,1.2944889472286385e-10,0.99998800588249515,0,1,0,NaN,NaN,NaN
varms_2,2 x MS0(pi/2),existing_coarse,heatmap,sideband_fcl,sideband,fcl,515,15,6,1,0,-0.13333333333333333,-1.3333333333333333,0.53319506637454639,0.13419513640620928,0.16630489860962216,0.16630489860962216,0.33260979721924433,0.39899992996833711,1.2944889472286385e-10,0.99998800588249515,0,1,0,NaN,NaN,NaN
varms_2,2 x MS0(pi/2),existing_coarse,heatmap,sideband_fcl,sideband,fcl,516,15,7,1,0,-0.13333333333333333,-1.2,0.61001309348648136,0.10945674807293922,0.14026507922028972,0.14026507922028972,0.28053015844057944,0.5005563454135421,1.2944889472286385e-10,0.99998800588249515,0,1,0,NaN,NaN,NaN
varms_2,2 x MS0(pi/2),existing_coarse,heatmap,sideband_fcl,sideband,fcl,517,15,8,1,0,-0.13333333333333333,-1.0666666666666667,0.74570666493023463,0.11731612010341311,0.068488607483176131,0.068488607483176131,0.13697721496635226,0.62839054482682155,1.2944889472286385e-10,0.99998800588249515,0,1,0,NaN,NaN,NaN
varms_2,2 x MS0(pi/2),existing_coarse,heatmap,sideband_fcl,sideband,fcl,518,15,9,1,0,-0.13333333333333333,-0.93333333333333335,0.73794737518976805,0.16418568331404237,0.048933470748094801,0.048933470748094801,0.097866941496189602,0.57376169187572568,1.2944889472286385e-10,0.99998800588249515,0,1,0,NaN,NaN,NaN
varms_2,2 x MS0(pi/2),existing_coarse,heatmap,sideband_fcl,sideband,fcl,519,15,10,1,0,-0.13333333333333333,-0.80000000000000004,0.51486706278766492,0.24162337097692144,0.12175478311770682,0.12175478311770682,0.24350956623541364,0.27324369181074348,1.2944889472286385e-10,0.99998800588249515,0,1,0,NaN,NaN,NaN
varms_2,2 x MS0(pi/2),existing_coarse,heatmap,sideband_fcl,sideband,fcl,520,15,11,1,0,-0.13333333333333333,-0.66666666666666663,0.27612226767001607,0.33189468955140555,0.19599152138928921,0.19599152138928921,0.39198304277857843,-0.055772421881389478,1.2944889472286385e-10,0.99998800588249515,0.055784416128343173,0.94421558387165683,-0.024928836002184405,NaN,NaN,NaN
varms_2,2 x MS0(pi/2),existing_coarse,heatmap,sideband_fcl,sideband,fcl,521,15,12,1,0,-0.13333333333333333,-0.53333333333333333,0.22123443588175615,0.39685749427608735,0.19095403492107821,0.19095403492107821,0.38190806984215642,-0.17562305839433121,1.2944889472286385e-10,0.99998800588249515,0.17563505264128487,0.82436494735871513,-0.083880483040728759,NaN,NaN,NaN
varms_2,2 x MS0(pi/2),existing_coarse,heatmap,sideband_fcl,sideband,fcl,522,15,13,1,0,-0.13333333333333333,-0.40000000000000002,0.27162804571507038,0.45438548555606995,0.13699323436442981,0.13699323436442981,0.27398646872885962,-0.18275743984099957,1.2944889472286385e-10,0.99998800588249515,0.18276943408795332,0.81723056591204668,-0.08765539833096804,NaN,NaN,NaN
varms_2,2 x MS0(pi/2),existing_coarse,heatmap,sideband_fcl,sideband,fcl,523,15,14,1,0,-0.13333333333333333,-0.26666666666666666,0.25179910561457369,0.57351496764941734,0.087342963368004498,0.087342963368004498,0.174685926736009,-0.32171586203484365,1.2944889472286385e-10,0.99998800588249515,0.32172785628179745,0.67827214371820255,-0.16859601881569924,NaN,NaN,NaN
varms_2,2 x MS0(pi/2),existing_coarse,heatmap,sideband_fcl,sideband,fcl,524,15,15,1,0,-0.13333333333333333,-0.13333333333333333,0.16113694178127769,0.72917957472142259,0.054841741748649898,0.054841741748649898,0.1096834834972998,-0.5680426329401449,1.2944889472286385e-10,0.99998800588249515,0.56805462718709865,0.43194537281290135,-0.36457117398609462,NaN,NaN,NaN
varms_2,2 x MS0(pi/2),existing_coarse,heatmap,sideband_fcl,sideband,fcl,525,15,16,1,0,-0.13333333333333333,0,0.086270879453273816,0.79526285093894267,0.059233134803891745,0.059233134803891745,0.11846626960778349,-0.70899197148566884,1.2944889472286385e-10,0.99998800588249515,0.70900396573262259,0.29099603426737741,-0.53611292959667167,NaN,NaN,NaN
varms_2,2 x MS0(pi/2),existing_coarse,heatmap,sideband_fcl,sideband,fcl,526,15,17,1,0,-0.13333333333333333,0.13333333333333333,0.047923632610563767,0.7188288674080574,0.11662374999068938,0.11662374999068938,0.23324749998137875,-0.67090523479749364,1.2944889472286385e-10,0.99998800588249515,0.67091722904444739,0.32908277095555261,-0.48269485448715238,NaN,NaN,NaN
varms_2,2 x MS0(pi/2),existing_coarse,heatmap,sideband_fcl,sideband,fcl,527,15,18,1,0,-0.13333333333333333,0.26666666666666666,0.060611724798096796,0.57022148512056525,0.18458339504066892,0.18458339504066892,0.36916679008133785,-0.50960976032246841,1.2944889472286385e-10,0.99998800588249515,0.50962175456942216,0.49037824543057784,-0.30946880459694298,NaN,NaN,NaN
varms_2,2 x MS0(pi/2),existing_coarse,heatmap,sideband_fcl,sideband,fcl,528,15,19,1,0,-0.13333333333333333,0.40000000000000002,0.16774053291548591,0.42588318095259758,0.20318814306595828,0.20318814306595828,0.40637628613191656,-0.25814264803711168,1.2944889472286385e-10,0.99998800588249515,0.25815464228406537,0.74184535771593463,-0.12968661667534293,NaN,NaN,NaN
varms_2,2 x MS0(pi/2),existing_coarse,heatmap,sideband_fcl,sideband,fcl,529,15,20,1,0,-0.13333333333333333,0.53333333333333333,0.3587158606583285,0.31059963675194013,0.16534225129486568,0.16534225129486568,0.33068450258973137,0.048116223906388367,1.2944889472286385e-10,0.99998800588249515,0,1,0,NaN,NaN,NaN
varms_2,2 x MS0(pi/2),existing_coarse,heatmap,sideband_fcl,sideband,fcl,530,15,21,1,0,-0.13333333333333333,0.66666666666666663,0.56652561386798828,0.22450826343225758,0.10448306134987707,0.10448306134987707,0.20896612269975415,0.34201735043573067,1.2944889472286385e-10,0.99998800588249515,0,1,0,NaN,NaN,NaN
varms_2,2 x MS0(pi/2),existing_coarse,heatmap,sideband_fcl,sideband,fcl,531,15,22,1,0,-0.13333333333333333,0.80000000000000004,0.74518391644109061,0.1544892299940219,0.050163426782443753,0.050163426782443753,0.10032685356488751,0.59069468644706868,1.2944889472286385e-10,0.99998800588249515,0,1,0,NaN,NaN,NaN
varms_2,2 x MS0(pi/2),existing_coarse,heatmap,sideband_fcl,sideband,fcl,532,15,23,1,0,-0.13333333333333333,0.93333333333333335,0.88278400901314591,0.084137642248912625,0.016539174368970753,0.016539174368970753,0.033078348737941507,0.79864636676423328,1.2944889472286385e-10,0.99998800588249515,0,1,0,NaN,NaN,NaN
varms_2,2 x MS0(pi/2),existing_coarse,heatmap,sideband_fcl,sideband,fcl,533,15,24,1,0,-0.13333333333333333,1.0666666666666667,0.96936305856743243,0.022980539404094932,0.0038282010142363637,0.0038282010142363637,0.0076564020284727273,0.94638251916333749,1.2944889472286385e-10,0.99998800588249515,0,1,0,NaN,NaN,NaN
varms_2,2 x MS0(pi/2),existing_coarse,heatmap,sideband_fcl,sideband,fcl,534,15,25,1,0,-0.13333333333333333,1.2,0.99632494753504575,0.00013466190299778416,0.0017701952809782721,0.0017701952809782721,0.0035403905619565443,0.99619028563204792,1.2944889472286385e-10,0.99998800588249515,0,1,0,NaN,NaN,NaN
varms_2,2 x MS0(pi/2),existing_coarse,heatmap,sideband_fcl,sideband,fcl,535,15,26,1,0,-0.13333333333333333,1.3333333333333333,0.97894035213857211,0.012513855215463851,0.0042728963229819962,0.0042728963229819962,0.0085457926459639923,0.96642649692310822,1.2944889472286385e-10,0.99998800588249515,0,1,0,NaN,NaN,NaN
varms_2,2 x MS0(pi/2),existing_coarse,heatmap,sideband_fcl,sideband,fcl,536,15,27,1,0,-0.13333333333333333,1.4666666666666666,0.96026781761901625,0.019493450195759043,0.010119366092612297,0.010119366092612297,0.020238732185224595,0.94077436742325715,1.2944889472286385e-10,0.99998800588249515,0,1,0,NaN,NaN,NaN
varms_2,2 x MS0(pi/2),existing_coarse,heatmap,sideband_fcl,sideband,fcl,537,15,28,1,0,-0.13333333333333333,1.6000000000000001,0.9706928498557037,0.0062893772451500666,0.01150888644957317,0.01150888644957317,0.02301777289914634,0.96440347261055359,1.2944889472286385e-10,0.99998800588249515,0,1,0,NaN,NaN,NaN
varms_2,2 x MS0(pi/2),existing_coarse,heatmap,sideband_fcl,sideband,fcl,538,15,29,1,0,-0.13333333333333333,1.7333333333333334,0.98692067556384189,0.0023894057198681306,0.005344959358144977,0.005344959358144977,0.010689918716289954,0.98453126984397377,1.2944889472286385e-10,0.99998800588249515,0,1,0,NaN,NaN,NaN
varms_2,2 x MS0(pi/2),existing_coarse,heatmap,sideband_fcl,sideband,fcl,539,15,30,1,0,-0.13333333333333333,1.8666666666666667,0.96303163362715816,0.027943319480131512,0.0045125234463551378,0.0045125234463551378,0.0090250468927102756,0.93508831414702664,1.2944889472286385e-10,0.99998800588249515,0,1,0,NaN,NaN,NaN
varms_2,2 x MS0(pi/2),existing_coarse,heatmap,sideband_fcl,sideband,fcl,540,15,31,1,0,-0.13333333333333333,2,0.89143170258572235,0.066910074167702782,0.020829111623287398,0.020829111623287398,0.041658223246574796,0.82452162841801957,1.2944889472286385e-10,0.99998800588249515,0,1,0,NaN,NaN,NaN
varms_2,2 x MS0(pi/2),existing_coarse,heatmap,sideband_fcl,sideband,fcl,541,16,1,1,0,0,-2,0.81190575052434544,0.13341847018215242,0.027337889646751046,0.027337889646751046,0.054675779293502091,0.67848728034219308,1.2944889472286385e-10,0.99998800588249515,0,1,0,NaN,NaN,NaN
varms_2,2 x MS0(pi/2),existing_coarse,heatmap,sideband_fcl,sideband,fcl,542,16,2,1,0,0,-1.8666666666666667,0.83370612397847421,0.044184015339535816,0.061054930340994983,0.061054930340994983,0.12210986068198997,0.78952210863893835,1.2944889472286385e-10,0.99998800588249515,0,1,0,NaN,NaN,NaN
varms_2,2 x MS0(pi/2),existing_coarse,heatmap,sideband_fcl,sideband,fcl,543,16,3,1,0,0,-1.7333333333333334,0.74953211004209641,0.049260490293691991,0.10060369983210585,0.10060369983210585,0.20120739966421169,0.70027161974840446,1.2944889472286385e-10,0.99998800588249515,0,1,0,NaN,NaN,NaN
varms_2,2 x MS0(pi/2),existing_coarse,heatmap,sideband_fcl,sideband,fcl,544,16,4,1,0,0,-1.6000000000000001,0.64089805213973539,0.11334292546550695,0.12287951119737886,0.12287951119737886,0.24575902239475772,0.52755512667422844,1.2944889472286385e-10,0.99998800588249515,0,1,0,NaN,NaN,NaN
varms_2,2 x MS0(pi/2),existing_coarse,heatmap,sideband_fcl,sideband,fcl,545,16,5,1,0,0,-1.4666666666666666,0.58677873437829986,0.13356529532775965,0.1398279851469702,0.1398279851469702,0.2796559702939404,0.45321343905054023,1.2944889472286385e-10,0.99998800588249515,0,1,0,NaN,NaN,NaN
varms_2,2 x MS0(pi/2),existing_coarse,heatmap,sideband_fcl,sideband,fcl,546,16,6,1,0,0,-1.3333333333333333,0.6330263737100712,0.109562068758062,0.12870577876593339,0.12870577876593339,0.25741155753186679,0.52346430495200924,1.2944889472286385e-10,0.99998800588249515,0,1,0,NaN,NaN,NaN
varms_2,2 x MS0(pi/2),existing_coarse,heatmap,sideband_fcl,sideband,fcl,547,16,7,1,0,0,-1.2,0.73005189500991785,0.11014429260533225,0.07990190619237493,0.07990190619237493,0.15980381238474986,0.61990760240458564,1.2944889472286385e-10,0.99998800588249515,0,1,0,NaN,NaN,NaN
varms_2,2 x MS0(pi/2),existing_coarse,heatmap,sideband_fcl,sideband,fcl,548,16,8,1,0,0,-1.0666666666666667,0.74079111441806755,0.15125688989896707,0.053975997841482722,0.053975997841482722,0.10795199568296544,0.58953422451910042,1.2944889472286385e-10,0.99998800588249515,0,1,0,NaN,NaN,NaN
varms_2,2 x MS0(pi/2),refined_transition,transition_refined,sideband_fcl,sideband,fcl,549,7,1,1,0,0,-1,0.68547475407431091,0.18184287916192116,0.066341183381883953,0.066341183381883953,0.13268236676376791,0.50363187491238981,1.2944889472286385e-10,0.99998800588249515,0,1,0,20,9.9999999999999994e-12,9.9999999999999994e-12
varms_2,2 x MS0(pi/2),existing_coarse,heatmap,sideband_fcl,sideband,fcl,550,16,9,1,0,0,-0.93333333333333335,0.57848692087428222,0.21881691398220032,0.10134808257175874,0.10134808257175874,0.20269616514351749,0.35967000689208189,1.2944889472286385e-10,0.99998800588249515,0,1,0,NaN,NaN,NaN
varms_2,2 x MS0(pi/2),refined_transition,transition_refined,sideband_fcl,sideband,fcl,551,7,2,1,0,0,-0.83333333333333337,0.38531284427971219,0.28308875859984661,0.1657991985602206,0.1657991985602206,0.3315983971204412,0.10222408567986557,1.2944889472286385e-10,0.99998800588249515,0,1,0,20,9.9999999999999994e-12,9.9999999999999994e-12
varms_2,2 x MS0(pi/2),existing_coarse,heatmap,sideband_fcl,sideband,fcl,552,16,10,1,0,0,-0.80000000000000004,0.31627162497071454,0.30569294800739705,0.18901771351094421,0.18901771351094421,0.37803542702188841,0.01057867696331749,1.2944889472286385e-10,0.99998800588249515,0,1,0,NaN,NaN,NaN
varms_2,2 x MS0(pi/2),refined_transition,transition_refined,sideband_fcl,sideband,fcl,553,7,3,1,0,0,-0.66666666666666663,0.12842357212201913,0.3896406330301202,0.24096789742393032,0.24096789742393032,0.48193579484786064,-0.26121706090810104,1.2944889472286385e-10,0.99998800588249515,0.26122905515505479,0.73877094484494521,-0.13149019328274983,20,9.9999999999999994e-12,9.9999999999999994e-12
varms_2,2 x MS0(pi/2),existing_coarse,heatmap,sideband_fcl,sideband,fcl,554,16,12,1,0,0,-0.53333333333333333,0.086155015684650352,0.46862947077696265,0.22260775676919348,0.22260775676919348,0.44521551353838695,-0.38247445509231232,1.2944889472286385e-10,0.99998800588249515,0.38248644933926601,0.61751355066073399,-0.20935350784544202,NaN,NaN,NaN
varms_2,2 x MS0(pi/2),refined_transition,transition_refined,sideband_fcl,sideband,fcl,555,7,4,1,0,0,-0.5,0.089755704387072061,0.49294440463550221,0.20864994548871282,0.20864994548871282,0.41729989097742565,-0.40318870024843012,1.2944889472286385e-10,0.99998800588249515,0.40320069449538387,0.59679930550461613,-0.22417169092360548,20,9.9999999999999994e-12,9.9999999999999994e-12
varms_2,2 x MS0(pi/2),existing_coarse,heatmap,sideband_fcl,sideband,fcl,556,16,13,1,0,0,-0.40000000000000002,0.09626088544449464,0.58919882241229427,0.15727014607160555,0.15727014607160555,0.31454029214321111,-0.49293793696779964,1.2944889472286385e-10,0.99998800588249515,0.49294993121475339,0.50705006878524661,-0.29494915403249233,NaN,NaN,NaN
varms_2,2 x MS0(pi/2),refined_transition,transition_refined,sideband_fcl,sideband,fcl,557,7,5,1,0,0,-0.33333333333333331,0.085395801915248121,0.6739368343893688,0.12033368184769151,0.12033368184769151,0.24066736369538302,-0.58854103247412071,1.2944889472286385e-10,0.99998800588249515,0.58855302672107446,0.41144697327892554,-0.38568612812189107,20,9.9999999999999994e-12,9.9999999999999994e-12
varms_2,2 x MS0(pi/2),existing_coarse,heatmap,sideband_fcl,sideband,fcl,558,16,14,1,0,0,-0.26666666666666666,0.062401337187697886,0.76792303091188607,0.084837815950208048,0.084837815950208048,0.1696756319004161,-0.70552169372418816,1.2944889472286385e-10,0.99998800588249515,0.70553368797114191,0.29446631202885809,-0.53096438283556069,NaN,NaN,NaN
varms_2,2 x MS0(pi/2),refined_transition,transition_refined,sideband_fcl,sideband,fcl,559,7,6,1,0,0,-0.16666666666666666,0.024079627907182856,0.89969752520380253,0.038111423444507311,0.038111423444507311,0.076222846889014623,-0.87561789729661965,1.2944889472286385e-10,0.99998800588249515,0.8756298915435734,0.1243701084564266,-0.90528398694698342,20,9.9999999999999994e-12,9.9999999999999994e-12
varms_2,2 x MS0(pi/2),existing_coarse,heatmap,sideband_fcl,sideband,fcl,560,16,15,1,0,0,-0.13333333333333333,0.014521181529833584,0.93462111191484187,0.025428853277662235,0.025428853277662235,0.050857706555324469,-0.92009993038500826,1.2944889472286385e-10,0.99998800588249515,0.92011192463196201,0.079888075368037992,-1.0975180415665093,NaN,NaN,NaN
varms_2,2 x MS0(pi/2),refined_transition,transition_refined,sideband_fcl,sideband,fcl,561,7,7,1,0,0,0,1.2944889472286385e-10,0.99998800588249515,5.9969940279655303e-06,5.9969940279655303e-06,1.1993988055931061e-05,-0.99998800575304625,1.2944889472286385e-10,0.99998800588249515,1,1.0000000000000001e-15,-15,20,9.9999999999999994e-12,9.9999999999999994e-12
varms_2,2 x MS0(pi/2),existing_coarse,heatmap,sideband_fcl,sideband,fcl,562,16,17,1,0,0,0.13333333333333333,0.0052777584508614016,0.93866228082551817,0.028029980361810179,0.028029980361810179,0.056059960723620357,-0.93338452237465674,1.2944889472286385e-10,0.99998800588249515,0.93339651662161049,0.066603483378389505,-1.1765030565286174,NaN,NaN,NaN
varms_2,2 x MS0(pi/2),refined_transition,transition_refined,sideband_fcl,sideband,fcl,563,7,8,1,0,0,0.16666666666666666,0.0082346641620891711,0.90649457204447936,0.042635381896715695,0.042635381896715695,0.085270763793431389,-0.89825990788239019,1.2944889472286385e-10,0.99998800588249515,0.89827190212934394,0.10172809787065606,-0.99255907593871073,20,9.9999999999999994e-12,9.9999999999999994e-12
varms_2,2 x MS0(pi/2),existing_coarse,heatmap,sideband_fcl,sideband,fcl,564,16,18,1,0,0,0.26666666666666666,0.030021558539590352,0.78042715658234296,0.094775642439033345,0.094775642439033345,0.18955128487806669,-0.75040559804275264,1.2944889472286385e-10,0.99998800588249515,0.75041759228970639,0.24958240771029361,-0.60278602998162245,NaN,NaN,NaN
varms_2,2 x MS0(pi/2),refined_transition,transition_refined,sideband_fcl,sideband,fcl,565,7,9,1,0,0,0.33333333333333331,0.064820147379834492,0.67994984548461468,0.12761500356777544,0.12761500356777544,0.25523000713555088,-0.61512969810478024,1.2944889472286385e-10,0.99998800588249515,0.61514169235173399,0.38485830764826601,-0.41469913421335425,20,9.9999999999999994e-12,9.9999999999999994e-12
varms_2,2 x MS0(pi/2),existing_coarse,heatmap,sideband_fcl,sideband,fcl,566,16,19,1,0,0,0.40000000000000002,0.12259463543698063,0.57533522828064165,0.15103506814118886,0.15103506814118886,0.30207013628237772,-0.45274059284366103,1.2944889472286385e-10,0.99998800588249515,0.45275258709061472,0.54724741290938528,-0.26181628286525488,NaN,NaN,NaN
varms_2,2 x MS0(pi/2),refined_transition,transition_refined,sideband_fcl,sideband,fcl,567,7,10,1,0,0,0.5,0.25253001037489348,0.4294564863967707,0.15900675161416791,0.15900675161416791,0.31801350322833583,-0.17692647602187722,1.2944889472286385e-10,0.99998800588249515,0.17693847026883092,0.82306152973116908,-0.084567696958005062,20,9.9999999999999994e-12,9.9999999999999994e-12
varms_2,2 x MS0(pi/2),existing_coarse,heatmap,sideband_fcl,sideband,fcl,568,16,20,1,0,0,0.53333333333333333,0.30450368634016467,0.38690772210906016,0.15429429577538759,0.15429429577538759,0.30858859155077517,-0.082404035768895489,1.2944889472286385e-10,0.99998800588249515,0.082416030015849184,0.91758396998415082,-0.03735418208176472,NaN,NaN,NaN
varms_2,2 x MS0(pi/2),refined_transition,transition_refined,sideband_fcl,sideband,fcl,569,7,11,1,0,0,0.66666666666666663,0.52692339071286076,0.2563452787119922,0.10836566528757358,0.10836566528757358,0.21673133057514715,0.27057811200086856,1.2944889472286385e-10,0.99998800588249515,0,1,0,20,9.9999999999999994e-12,9.9999999999999994e-12
varms_2,2 x MS0(pi/2),existing_coarse,heatmap,sideband_fcl,sideband,fcl,570,16,22,1,0,0,0.80000000000000004,0.72503707879495582,0.16750700563311294,0.05372795778596566,0.05372795778596566,0.10745591557193132,0.55753007316184289,1.2944889472286385e-10,0.99998800588249515,0,1,0,NaN,NaN,NaN
varms_2,2 x MS0(pi/2),refined_transition,transition_refined,sideband_fcl,sideband,fcl,571,7,12,1,0,0,0.83333333333333337,0.76690825355284231,0.14820083471018053,0.042445455868488545,0.042445455868488545,0.08489091173697709,0.61870741884266178,1.2944889472286385e-10,0.99998800588249515,0,1,0,20,9.9999999999999994e-12,9.9999999999999994e-12
varms_2,2 x MS0(pi/2),existing_coarse,heatmap,sideband_fcl,sideband,fcl,572,16,23,1,0,0,0.93333333333333335,0.87175663099954004,0.091121476323852632,0.01856094633830364,0.01856094633830364,0.037121892676607281,0.78063515467568745,1.2944889472286385e-10,0.99998800588249515,0,1,0,NaN,NaN,NaN
varms_2,2 x MS0(pi/2),refined_transition,transition_refined,sideband_fcl,sideband,fcl,573,7,13,1,0,0,1,0.92431905924708124,0.056780249352575841,0.0094503457001715134,0.0094503457001715134,0.018900691400343027,0.86753880989450538,1.2944889472286385e-10,0.99998800588249515,0,1,0,20,9.9999999999999994e-12,9.9999999999999994e-12
varms_2,2 x MS0(pi/2),existing_coarse,heatmap,sideband_fcl,sideband,fcl,574,16,24,1,0,0,1.0666666666666667,0.96241036584007245,0.028355052158332863,0.0046172910007972971,0.0046172910007972971,0.0092345820015945941,0.93405531368173955,1.2944889472286385e-10,0.99998800588249515,0,1,0,NaN,NaN,NaN
varms_2,2 x MS0(pi/2),existing_coarse,heatmap,sideband_fcl,sideband,fcl,575,16,25,1,0,0,1.2,0.99387361883054215,0.0021675239113484613,0.0019794286290547016,0.0019794286290547016,0.0039588572581094033,0.9917060949191937,1.2944889472286385e-10,0.99998800588249515,0,1,0,NaN,NaN,NaN
varms_2,2 x MS0(pi/2),existing_coarse,heatmap,sideband_fcl,sideband,fcl,576,16,26,1,0,0,1.3333333333333333,0.97756717207237909,0.013578764266534007,0.0044270318305434913,0.0044270318305434913,0.0088540636610869826,0.96398840780584505,1.2944889472286385e-10,0.99998800588249515,0,1,0,NaN,NaN,NaN
varms_2,2 x MS0(pi/2),existing_coarse,heatmap,sideband_fcl,sideband,fcl,577,16,27,1,0,0,1.4666666666666666,0.95302772065708741,0.024458651250433474,0.011256814046239542,0.011256814046239542,0.022513628092479084,0.92856906940665396,1.2944889472286385e-10,0.99998800588249515,0,1,0,NaN,NaN,NaN
varms_2,2 x MS0(pi/2),existing_coarse,heatmap,sideband_fcl,sideband,fcl,578,16,28,1,0,0,1.6000000000000001,0.95749263328563583,0.010733008452047318,0.01588717913115844,0.01588717913115844,0.031774358262316879,0.94675962483358855,1.2944889472286385e-10,0.99998800588249515,0,1,0,NaN,NaN,NaN
varms_2,2 x MS0(pi/2),existing_coarse,heatmap,sideband_fcl,sideband,fcl,579,16,29,1,0,0,1.7333333333333334,0.9774813962380976,0.0011050554138163232,0.010706774174043122,0.010706774174043122,0.021413548348086245,0.97637634082428126,1.2944889472286385e-10,0.99998800588249515,0,1,0,NaN,NaN,NaN
varms_2,2 x MS0(pi/2),existing_coarse,heatmap,sideband_fcl,sideband,fcl,580,16,30,1,0,0,1.8666666666666667,0.9630420281102382,0.024439319511671092,0.006259326189045334,0.006259326189045334,0.012518652378090668,0.93860270859856709,1.2944889472286385e-10,0.99998800588249515,0,1,0,NaN,NaN,NaN
varms_2,2 x MS0(pi/2),existing_coarse,heatmap,sideband_fcl,sideband,fcl,581,16,31,1,0,0,2,0.89684639413882306,0.065793091891577532,0.018680256984799675,0.018680256984799675,0.03736051396959935,0.8310533022472455,1.2944889472286385e-10,0.99998800588249515,0,1,0,NaN,NaN,NaN
varms_2,2 x MS0(pi/2),existing_coarse,heatmap,sideband_fcl,sideband,fcl,582,17,1,1,0,0.13333333333333333,-2,0.77869875142553469,0.08221551792197461,0.069542865326245332,0.069542865326245332,0.13908573065249066,0.69648323350356012,1.2944889472286385e-10,0.99998800588249515,0,1,0,NaN,NaN,NaN
varms_2,2 x MS0(pi/2),existing_coarse,heatmap,sideband_fcl,sideband,fcl,583,17,2,1,0,0.13333333333333333,-1.8666666666666667,0.67219029650735396,0.068510771321709074,0.12964946608546848,0.12964946608546848,0.25929893217093697,0.60367952518564483,1.2944889472286385e-10,0.99998800588249515,0,1,0,NaN,NaN,NaN
varms_2,2 x MS0(pi/2),existing_coarse,heatmap,sideband_fcl,sideband,fcl,584,17,3,1,0,0.13333333333333333,-1.7333333333333334,0.56732188069396361,0.12290110001315147,0.15488850964644246,0.15488850964644246,0.30977701929288493,0.44442078068081214,1.2944889472286385e-10,0.99998800588249515,0,1,0,NaN,NaN,NaN
varms_2,2 x MS0(pi/2),existing_coarse,heatmap,sideband_fcl,sideband,fcl,585,17,4,1,0,0.13333333333333333,-1.6000000000000001,0.55150178807961059,0.16764288222292367,0.14042766484873281,0.14042766484873281,0.28085532969746563,0.38385890585668692,1.2944889472286385e-10,0.99998800588249515,0,1,0,NaN,NaN,NaN
varms_2,2 x MS0(pi/2),existing_coarse,heatmap,sideband_fcl,sideband,fcl,586,17,5,1,0,0.13333333333333333,-1.4666666666666666,0.63861192140822221,0.17837394636462683,0.091507066113575522,0.091507066113575522,0.18301413222715104,0.46023797504359537,1.2944889472286385e-10,0.99998800588249515,0,1,0,NaN,NaN,NaN
varms_2,2 x MS0(pi/2),existing_coarse,heatmap,sideband_fcl,sideband,fcl,587,17,6,1,0,0.13333333333333333,-1.3333333333333333,0.72357053704163432,0.18678559705052311,0.044821932953921298,0.044821932953921298,0.089643865907842596,0.53678493999111121,1.2944889472286385e-10,0.99998800588249515,0,1,0,NaN,NaN,NaN
varms_2,2 x MS0(pi/2),existing_coarse,heatmap,sideband_fcl,sideband,fcl,588,17,7,1,0,0.13333333333333333,-1.2,0.69970446292363742,0.19953809358827729,0.050378721744042648,0.050378721744042648,0.1007574434880853,0.50016636933536018,1.2944889472286385e-10,0.99998800588249515,0,1,0,NaN,NaN,NaN
varms_2,2 x MS0(pi/2),existing_coarse,heatmap,sideband_fcl,sideband,fcl,589,17,8,1,0,0.13333333333333333,-1.0666666666666667,0.5767902714075902,0.21544561708730034,0.10388205575255477,0.10388205575255477,0.20776411150510954,0.36134465432028984,1.2944889472286385e-10,0.99998800588249515,0,1,0,NaN,NaN,NaN
varms_2,2 x MS0(pi/2),existing_coarse,heatmap,sideband_fcl,sideband,fcl,590,17,9,1,0,0.13333333333333333,-0.93333333333333335,0.39509081227676557,0.24865745585387411,0.17812586593468013,0.17812586593468013,0.35625173186936027,0.14643335642289146,1.2944889472286385e-10,0.99998800588249515,0,1,0,NaN,NaN,NaN
varms_2,2 x MS0(pi/2),existing_coarse,heatmap,sideband_fcl,sideband,fcl,591,17,10,1,0,0.13333333333333333,-0.80000000000000004,0.20665029369713114,0.29353821199184965,0.24990574715550956,0.24990574715550956,0.49981149431101912,-0.086887918294718508,1.2944889472286385e-10,0.99998800588249515,0.086899912541672175,0.91310008745832782,-0.039481615621802899,NaN,NaN,NaN
varms_2,2 x MS0(pi/2),existing_coarse,heatmap,sideband_fcl,sideband,fcl,592,17,11,1,0,0.13333333333333333,-0.66666666666666663,0.12147196381941786,0.34047800851290311,0.26902501383383948,0.26902501383383948,0.53805002766767895,-0.21900604469348525,1.2944889472286385e-10,0.99998800588249515,0.21901803894043903,0.78098196105956097,-0.10735899724020001,NaN,NaN,NaN
varms_2,2 x MS0(pi/2),existing_coarse,heatmap,sideband_fcl,sideband,fcl,593,17,12,1,0,0.13333333333333333,-0.53333333333333333,0.16516814725364279,0.41912109151170057,0.20785538061732836,0.20785538061732836,0.41571076123465672,-0.25395294425805781,1.2944889472286385e-10,0.99998800588249515,0.25396493850501156,0.74603506149498844,-0.12724076146033081,NaN,NaN,NaN
varms_2,2 x MS0(pi/2),existing_coarse,heatmap,sideband_fcl,sideband,fcl,594,17,13,1,0,0.13333333333333333,-0.40000000000000002,0.21056305304545819,0.55396772002104322,0.11773461346674927,0.11773461346674927,0.23546922693349853,-0.34340466697558503,1.2944889472286385e-10,0.99998800588249515,0.34341666122253878,0.65658333877746122,-0.18271014196735047,NaN,NaN,NaN
varms_2,2 x MS0(pi/2),existing_coarse,heatmap,sideband_fcl,sideband,fcl,595,17,14,1,0,0.13333333333333333,-0.26666666666666666,0.17190891413798381,0.70654567214303687,0.06077270685948969,0.06077270685948969,0.12154541371897938,-0.53463675800505306,1.2944889472286385e-10,0.99998800588249515,0.53464875225200681,0.46535124774799319,-0.33221911727418785,NaN,NaN,NaN
varms_2,2 x MS0(pi/2),existing_coarse,heatmap,sideband_fcl,sideband,fcl,596,17,15,1,0,0.13333333333333333,-0.13333333333333333,0.1000500728839072,0.81409404683743547,0.042927940139328644,0.042927940139328644,0.085855880278657287,-0.71404397395352825,1.2944889472286385e-10,0.99998800588249515,0.71405596820048201,0.28594403179951799,-0.54371896358167537,NaN,NaN,NaN
varms_2,2 x MS0(pi/2),existing_coarse,heatmap,sideband_fcl,sideband,fcl,597,17,16,1,0,0.13333333333333333,0,0.053492519417366213,0.85076520180626769,0.047871139388183021,0.047871139388183021,0.095742278776366041,-0.79727268238890148,1.2944889472286385e-10,0.99998800588249515,0.79728467663585523,0.20271532336414477,-0.69311342150450517,NaN,NaN,NaN
varms_2,2 x MS0(pi/2),existing_coarse,heatmap,sideband_fcl,sideband,fcl,598,17,17,1,0,0.13333333333333333,0.13333333333333333,0.028198120249202808,0.82287382768265782,0.074464026034069639,0.074464026034069639,0.14892805206813928,-0.79467570743345506,1.2944889472286385e-10,0.99998800588249515,0.79468770168040881,0.20531229831959119,-0.68758503537190807,NaN,NaN,NaN
varms_2,2 x MS0(pi/2),existing_coarse,heatmap,sideband_fcl,sideband,fcl,599,17,18,1,0,0.13333333333333333,0.26666666666666666,0.021938343903654678,0.73074997648371764,0.12365583980631384,0.12365583980631384,0.24731167961262768,-0.70881163258006297,1.2944889472286385e-10,0.99998800588249515,0.70882362682701672,0.29117637317298328,-0.53584386774117576,NaN,NaN,NaN
varms_2,2 x MS0(pi/2),existing_coarse,heatmap,sideband_fcl,sideband,fcl,600,17,19,1,0,0.13333333333333333,0.40000000000000002,0.077724443256380629,0.57653230724967319,0.17287162474697307,0.17287162474697307,0.34574324949394614,-0.49880786399329258,1.2944889472286385e-10,0.99998800588249515,0.49881985824024633,0.50118014175975367,-0.30000614536946313,NaN,NaN,NaN
varms_2,2 x MS0(pi/2),existing_coarse,heatmap,sideband_fcl,sideband,fcl,601,17,20,1,0,0.13333333333333333,0.53333333333333333,0.23609695638085629,0.40632554468579912,0.17878874946667225,0.17878874946667225,0.35757749893334451,-0.17022858830494283,1.2944889472286385e-10,0.99998800588249515,0.17024058255189656,0.82975941744810344,-0.081047809817176825,NaN,NaN,NaN
varms_2,2 x MS0(pi/2),existing_coarse,heatmap,sideband_fcl,sideband,fcl,602,17,21,1,0,0.13333333333333333,0.66666666666666663,0.47005079957798196,0.27653628875221414,0.12670645583490192,0.12670645583490192,0.25341291166980384,0.19351451082576782,1.2944889472286385e-10,0.99998800588249515,0,1,0,NaN,NaN,NaN
varms_2,2 x MS0(pi/2),existing_coarse,heatmap,sideband_fcl,sideband,fcl,603,17,22,1,0,0.13333333333333333,0.80000000000000004,0.70029658028943875,0.1843471808673903,0.057678119421585398,0.057678119421585398,0.1153562388431708,0.51594939942204843,1.2944889472286385e-10,0.99998800588249515,0,1,0,NaN,NaN,NaN
varms_2,2 x MS0(pi/2),existing_coarse,heatmap,sideband_fcl,sideband,fcl,604,17,23,1,0,0.13333333333333333,0.93333333333333335,0.86722104161772351,0.10130228408510857,0.015738337148583973,0.015738337148583973,0.031476674297167946,0.76591875753261496,1.2944889472286385e-10,0.99998800588249515,0,1,0,NaN,NaN,NaN
varms_2,2 x MS0(pi/2),existing_coarse,heatmap,sideband_fcl,sideband,fcl,605,17,24,1,0,0.13333333333333333,1.0666666666666667,0.96033209402834041,0.033555287521138746,0.003056309225260474,0.003056309225260474,0.006112618450520948,0.92677680650720162,1.2944889472286385e-10,0.99998800588249515,0,1,0,NaN,NaN,NaN
varms_2,2 x MS0(pi/2),existing_coarse,heatmap,sideband_fcl,sideband,fcl,606,17,25,1,0,0.13333333333333333,1.2,0.99132455452404322,0.0042125743432593577,0.0022314355663486615,0.0022314355663486615,0.0044628711326973229,0.98711198018078383,1.2944889472286385e-10,0.99998800588249515,0,1,0,NaN,NaN,NaN
varms_2,2 x MS0(pi/2),existing_coarse,heatmap,sideband_fcl,sideband,fcl,607,17,26,1,0,0.13333333333333333,1.3333333333333333,0.97807975895801214,0.016410721728222388,0.0027547596568828084,0.0027547596568828084,0.0055095193137656168,0.9616690372297898,1.2944889472286385e-10,0.99998800588249515,0,1,0,NaN,NaN,NaN
varms_2,2 x MS0(pi/2),existing_coarse,heatmap,sideband_fcl,sideband,fcl,608,17,27,1,0,0.13333333333333333,1.4666666666666666,0.95356261542071274,0.037188494540191484,0.0046244450195478681,0.0046244450195478681,0.0092488900390957363,0.91637412088052128,1.2944889472286385e-10,0.99998800588249515,0,1,0,NaN,NaN,NaN
varms_2,2 x MS0(pi/2),existing_coarse,heatmap,sideband_fcl,sideband,fcl,609,17,28,1,0,0.13333333333333333,1.6000000000000001,0.95149723994228141,0.028278449674184417,0.010112155191767072,0.010112155191767072,0.020224310383534144,0.92321879026809694,1.2944889472286385e-10,0.99998800588249515,0,1,0,NaN,NaN,NaN
varms_2,2 x MS0(pi/2),existing_coarse,heatmap,sideband_fcl,sideband,fcl,610,17,29,1,0,0.13333333333333333,1.7333333333333334,0.9704758550037651,0.0052965203133067511,0.012113812341464037,0.012113812341464037,0.024227624682928075,0.96517933469045836,1.2944889472286385e-10,0.99998800588249515,0,1,0,NaN,NaN,NaN
varms_2,2 x MS0(pi/2),existing_coarse,heatmap,sideband_fcl,sideband,fcl,611,17,30,1,0,0.13333333333333333,1.8666666666666667,0.97254915861875324,0.011766841835182137,0.0078419997730323487,0.0078419997730323487,0.015683999546064697,0.96078231678357107,1.2944889472286385e-10,0.99998800588249515,0,1,0,NaN,NaN,NaN
varms_2,2 x MS0(pi/2),existing_coarse,heatmap,sideband_fcl,sideband,fcl,612,17,31,1,0,0.13333333333333333,2,0.93171018151939577,0.04677893414203365,0.010755442169285276,0.010755442169285276,0.021510884338570551,0.88493124737736217,1.2944889472286385e-10,0.99998800588249515,0,1,0,NaN,NaN,NaN
varms_2,2 x MS0(pi/2),refined_transition,transition_refined,sideband_fcl,sideband,fcl,613,8,1,1,0,0.16666666666666666,-1,0.45132316676918577,0.23311191205687659,0.15778246058696879,0.15778246058696879,0.31556492117393758,0.21821125471230918,1.2944889472286385e-10,0.99998800588249515,0,1,0,20,9.9999999999999994e-12,9.9999999999999994e-12
varms_2,2 x MS0(pi/2),refined_transition,transition_refined,sideband_fcl,sideband,fcl,614,8,2,1,0,0.16666666666666666,-0.83333333333333337,0.23469428793081734,0.26995790269465181,0.24767390468726541,0.24767390468726541,0.49534780937453082,-0.035263614763834467,1.2944889472286385e-10,0.99998800588249515,0.035275609010788189,0.96472439098921181,-0.015596741131469192,20,9.9999999999999994e-12,9.9999999999999994e-12
varms_2,2 x MS0(pi/2),refined_transition,transition_refined,sideband_fcl,sideband,fcl,615,8,3,1,0,0.16666666666666666,-0.66666666666666663,0.148452660477885,0.31847198497154261,0.26653767727528621,0.26653767727528621,0.53307535455057242,-0.17001932449365761,1.2944889472286385e-10,0.99998800588249515,0.17003131874061139,0.82996868125938861,-0.080938295350252334,20,9.9999999999999994e-12,9.9999999999999994e-12
varms_2,2 x MS0(pi/2),refined_transition,transition_refined,sideband_fcl,sideband,fcl,616,8,4,1,0,0.16666666666666666,-0.5,0.23931569155851437,0.42402546319610762,0.16832942262268896,0.16832942262268896,0.33665884524537792,-0.18470977163759325,1.2944889472286385e-10,0.99998800588249515,0.18472176588454703,0.81527823411545297,-0.088694152094875953,20,9.9999999999999994e-12,9.9999999999999994e-12
varms_2,2 x MS0(pi/2),refined_transition,transition_refined,sideband_fcl,sideband,fcl,617,8,5,1,0,0.16666666666666666,-0.33333333333333331,0.25437668640615535,0.59895111334369466,0.073336100125074938,0.073336100125074938,0.14667220025014988,-0.34457442693753931,1.2944889472286385e-10,0.99998800588249515,0.34458642118449301,0.65541357881550699,-0.18348456517586439,20,9.9999999999999994e-12,9.9999999999999994e-12
varms_2,2 x MS0(pi/2),refined_transition,transition_refined,sideband_fcl,sideband,fcl,618,8,6,1,0,0.16666666666666666,-0.16666666666666666,0.15495059014555215,0.74259193545693558,0.051228737198756175,0.051228737198756175,0.10245747439751235,-0.58764134531138346,1.2944889472286385e-10,0.99998800588249515,0.58765333955833721,0.41234666044166279,-0.3847375183983669,20,9.9999999999999994e-12,9.9999999999999994e-12
varms_2,2 x MS0(pi/2),refined_transition,transition_refined,sideband_fcl,sideband,fcl,619,8,7,1,0,0.16666666666666666,0,0.077679782543605566,0.79428301123355982,0.064018603111417285,0.064018603111417285,0.12803720622283457,-0.7166032286899543,1.2944889472286385e-10,0.99998800588249515,0.71661522293690805,0.28338477706309195,-0.54762348300551833,20,9.9999999999999994e-12,9.9999999999999994e-12
varms_2,2 x MS0(pi/2),refined_transition,transition_refined,sideband_fcl,sideband,fcl,620,8,8,1,0,0.16666666666666666,0.16666666666666666,0.035303954016350531,0.76530089300840143,0.099697576487624048,0.099697576487624048,0.1993951529752481,-0.72999693899205087,1.2944889472286385e-10,0.99998800588249515,0.73000893323900462,0.26999106676099538,-0.56865060517652355,20,9.9999999999999994e-12,9.9999999999999994e-12
varms_2,2 x MS0(pi/2),refined_transition,transition_refined,sideband_fcl,sideband,fcl,621,8,9,1,0,0.16666666666666666,0.33333333333333331,0.037357600267465901,0.64333382510525361,0.1596542873136402,0.1596542873136402,0.31930857462728041,-0.60597622483778768,1.2944889472286385e-10,0.99998800588249515,0.60598821908474143,0.39401178091525857,-0.40449079261605514,20,9.9999999999999994e-12,9.9999999999999994e-12
varms_2,2 x MS0(pi/2),refined_transition,transition_refined,sideband_fcl,sideband,fcl,622,8,10,1,0,0.16666666666666666,0.5,0.17508206115287242,0.44518138257219431,0.18986827813746668,0.18986827813746668,0.37973655627493336,-0.27009932141932191,1.2944889472286385e-10,0.99998800588249515,0.27011131566627566,0.72988868433372434,-0.13674336928487532,20,9.9999999999999994e-12,9.9999999999999994e-12
varms_2,2 x MS0(pi/2),refined_transition,transition_refined,sideband_fcl,sideband,fcl,623,8,11,1,0,0.16666666666666666,0.66666666666666663,0.45763682503497954,0.27820300800918824,0.13208008347791611,0.13208008347791611,0.26416016695583222,0.17943381702579131,1.2944889472286385e-10,0.99998800588249515,0,1,0,20,9.9999999999999994e-12,9.9999999999999994e-12
varms_2,2 x MS0(pi/2),refined_transition,transition_refined,sideband_fcl,sideband,fcl,624,8,12,1,0,0.16666666666666666,0.83333333333333337,0.74415413923084528,0.16516427735596809,0.0453407917065934,0.0453407917065934,0.0906815834131868,0.57898986187487722,1.2944889472286385e-10,0.99998800588249515,0,1,0,20,9.9999999999999994e-12,9.9999999999999994e-12
varms_2,2 x MS0(pi/2),refined_transition,transition_refined,sideband_fcl,sideband,fcl,625,8,13,1,0,0.16666666666666666,1,0.92027734716288634,0.065408901247019244,0.0071568757950472321,0.0071568757950472321,0.014313751590094464,0.85486844591586708,1.2944889472286385e-10,0.99998800588249515,0,1,0,20,9.9999999999999994e-12,9.9999999999999994e-12
varms_2,2 x MS0(pi/2),existing_coarse,heatmap,sideband_fcl,sideband,fcl,626,18,1,1,0,0.26666666666666666,-2,0.63015623473740023,0.091518905192432942,0.13916243003508341,0.13916243003508341,0.27832486007016682,0.53863732954496735,1.2944889472286385e-10,0.99998800588249515,0,1,0,NaN,NaN,NaN
varms_2,2 x MS0(pi/2),existing_coarse,heatmap,sideband_fcl,sideband,fcl,627,18,2,1,0,0.26666666666666666,-1.8666666666666667,0.51326833790615833,0.11693956328432227,0.18489604940475965,0.18489604940475965,0.3697920988095193,0.39632877462183608,1.2944889472286385e-10,0.99998800588249515,0,1,0,NaN,NaN,NaN
varms_2,2 x MS0(pi/2),existing_coarse,heatmap,sideband_fcl,sideband,fcl,628,18,3,1,0,0.26666666666666666,-1.7333333333333334,0.50406736290622067,0.15891290993834029,0.16850986357771952,0.16850986357771952,0.33701972715543904,0.34515445296788039,1.2944889472286385e-10,0.99998800588249515,0,1,0,NaN,NaN,NaN
varms_2,2 x MS0(pi/2),existing_coarse,heatmap,sideband_fcl,sideband,fcl,629,18,4,1,0,0.26666666666666666,-1.6000000000000001,0.61596700506868185,0.20631807856484316,0.088857458183237481,0.088857458183237481,0.17771491636647496,0.40964892650383866,1.2944889472286385e-10,0.99998800588249515,0,1,0,NaN,NaN,NaN
varms_2,2 x MS0(pi/2),existing_coarse,heatmap,sideband_fcl,sideband,fcl,630,18,5,1,0,0.26666666666666666,-1.4666666666666666,0.70940711881690655,0.25764604467783098,0.01647341825263126,0.01647341825263126,0.03294683650526252,0.45176107413907557,1.2944889472286385e-10,0.99998800588249515,0,1,0,NaN,NaN,NaN
varms_2,2 x MS0(pi/2),existing_coarse,heatmap,sideband_fcl,sideband,fcl,631,18,6,1,0,0.26666666666666666,-1.3333333333333333,0.65074439820161634,0.28159794065385996,0.033828830572261867,0.033828830572261867,0.067657661144523734,0.36914645754775638,1.2944889472286385e-10,0.99998800588249515,0,1,0,NaN,NaN,NaN
varms_2,2 x MS0(pi/2),existing_coarse,heatmap,sideband_fcl,sideband,fcl,632,18,7,1,0,0.26666666666666666,-1.2,0.52021607385596158,0.26314787899328995,0.10831802357537423,0.10831802357537423,0.21663604715074847,0.25706819486267163,1.2944889472286385e-10,0.99998800588249515,0,1,0,NaN,NaN,NaN
varms_2,2 x MS0(pi/2),existing_coarse,heatmap,sideband_fcl,sideband,fcl,633,18,8,1,0,0.26666666666666666,-1.0666666666666667,0.41463044579919384,0.23007041604929676,0.17764956907575469,0.17764956907575469,0.35529913815150937,0.18456002974989708,1.2944889472286385e-10,0.99998800588249515,0,1,0,NaN,NaN,NaN
varms_2,2 x MS0(pi/2),existing_coarse,heatmap,sideband_fcl,sideband,fcl,634,18,9,1,0,0.26666666666666666,-0.93333333333333335,0.29699884674566329,0.21428136460901825,0.24435989432265925,0.24435989432265925,0.48871978864531851,0.082717482136645037,1.2944889472286385e-10,0.99998800588249515,0,1,0,NaN,NaN,NaN
varms_2,2 x MS0(pi/2),existing_coarse,heatmap,sideband_fcl,sideband,fcl,635,18,10,1,0,0.26666666666666666,-0.80000000000000004,0.20939387929704903,0.2197765936792237,0.28541476351186362,0.28541476351186362,0.57082952702372725,-0.010382714382174668,1.2944889472286385e-10,0.99998800588249515,0.010394708629128391,0.98960529137087161,-0.0045379912214705718,NaN,NaN,NaN
varms_2,2 x MS0(pi/2),existing_coarse,heatmap,sideband_fcl,sideband,fcl,636,18,11,1,0,0.26666666666666666,-0.66666666666666663,0.26693105821583063,0.24603036115443364,0.24351929031486791,0.24351929031486791,0.48703858062973582,0.020900697061396994,1.2944889472286385e-10,0.99998800588249515,0,1,0,NaN,NaN,NaN
varms_2,2 x MS0(pi/2),existing_coarse,heatmap,sideband_fcl,sideband,fcl,637,18,12,1,0,0.26666666666666666,-0.53333333333333333,0.40330620670224526,0.31470264862896602,0.14099557233439436,0.14099557233439436,0.28199114466878872,0.088603558073279243,1.2944889472286385e-10,0.99998800588249515,0,1,0,NaN,NaN,NaN
varms_2,2 x MS0(pi/2),existing_coarse,heatmap,sideband_fcl,sideband,fcl,638,18,13,1,0,0.26666666666666666,-0.40000000000000002,0.44075086003690611,0.4273592007559297,0.065944969603582107,0.065944969603582107,0.13188993920716421,0.013391659280976409,1.2944889472286385e-10,0.99998800588249515,0,1,0,NaN,NaN,NaN
varms_2,2 x MS0(pi/2),existing_coarse,heatmap,sideband_fcl,sideband,fcl,639,18,14,1,0,0.26666666666666666,-0.26666666666666666,0.35094577275613886,0.53876392621705993,0.055145150513400583,0.055145150513400583,0.11029030102680117,-0.18781815346092107,1.2944889472286385e-10,0.99998800588249515,0.18783014770787476,0.81216985229212524,-0.090353135538144516,NaN,NaN,NaN
varms_2,2 x MS0(pi/2),existing_coarse,heatmap,sideband_fcl,sideband,fcl,640,18,15,1,0,0.26666666666666666,-0.13333333333333333,0.23567881004894256,0.61112706192495825,0.076597064013049623,0.076597064013049623,0.15319412802609925,-0.37544825187601572,1.2944889472286385e-10,0.99998800588249515,0.37546024612296947,0.62453975387703053,-0.20443991222990127,NaN,NaN,NaN
varms_2,2 x MS0(pi/2),existing_coarse,heatmap,sideband_fcl,sideband,fcl,641,18,16,1,0,0.26666666666666666,0,0.1531210600537635,0.64806372106377041,0.099407609441233016,0.099407609441233016,0.19881521888246603,-0.49494266101000695,1.2944889472286385e-10,0.99998800588249515,0.4949546552569607,0.5050453447430393,-0.29666962764845389,NaN,NaN,NaN
varms_2,2 x MS0(pi/2),existing_coarse,heatmap,sideband_fcl,sideband,fcl,642,18,17,1,0,0.26666666666666666,0.13333333333333333,0.092877182968645028,0.66193532372693109,0.12259374665221193,0.12259374665221193,0.24518749330442385,-0.56905814075828609,1.2944889472286385e-10,0.99998800588249515,0.56907013500523984,0.43092986499476016,-0.36559340669377405,NaN,NaN,NaN
varms_2,2 x MS0(pi/2),existing_coarse,heatmap,sideband_fcl,sideband,fcl,643,18,18,1,0,0.26666666666666666,0.26666666666666666,0.052503494409536541,0.63643597890984749,0.15553026334030801,0.15553026334030801,0.31106052668061601,-0.58393248450031099,1.2944889472286385e-10,0.99998800588249515,0.58394447874726474,0.41605552125273526,-0.38084871032338335,NaN,NaN,NaN
varms_2,2 x MS0(pi/2),existing_coarse,heatmap,sideband_fcl,sideband,fcl,644,18,19,1,0,0.26666666666666666,0.40000000000000002,0.074345083254513208,0.542297640666488,0.19167863803949936,0.19167863803949936,0.38335727607899872,-0.46795255741197478,1.2944889472286385e-10,0.99998800588249515,0.46796455165892858,0.53203544834107142,-0.27405943066352217,NaN,NaN,NaN
varms_2,2 x MS0(pi/2),existing_coarse,heatmap,sideband_fcl,sideband,fcl,645,18,20,1,0,0.26666666666666666,0.53333333333333333,0.20740494409251437,0.39983019984650631,0.19638242803048964,0.19638242803048964,0.39276485606097927,-0.19242525575399194,1.2944889472286385e-10,0.99998800588249515,0.19243725000094569,0.80756274999905431,-0.092823721728101743,NaN,NaN,NaN
varms_2,2 x MS0(pi/2),existing_coarse,heatmap,sideband_fcl,sideband,fcl,646,18,21,1,0,0.26666666666666666,0.66666666666666663,0.43828246254463205,0.27327237850723046,0.1442225794740688,0.1442225794740688,0.2884451589481376,0.16501008403740158,1.2944889472286385e-10,0.99998800588249515,0,1,0,NaN,NaN,NaN
varms_2,2 x MS0(pi/2),existing_coarse,heatmap,sideband_fcl,sideband,fcl,647,18,22,1,0,0.26666666666666666,0.80000000000000004,0.68257821775588179,0.1829229402174079,0.06724942101335514,0.06724942101335514,0.13449884202671028,0.49965527753847389,1.2944889472286385e-10,0.99998800588249515,0,1,0,NaN,NaN,NaN
varms_2,2 x MS0(pi/2),existing_coarse,heatmap,sideband_fcl,sideband,fcl,648,18,23,1,0,0.26666666666666666,0.93333333333333335,0.85704945672309951,0.10386529377446981,0.019542624751215414,0.019542624751215414,0.039085249502430829,0.75318416294862967,1.2944889472286385e-10,0.99998800588249515,0,1,0,NaN,NaN,NaN
varms_2,2 x MS0(pi/2),existing_coarse,heatmap,sideband_fcl,sideband,fcl,649,18,24,1,0,0.26666666666666666,1.0666666666666667,0.94363882700875845,0.037794856940326277,0.0092831580254576808,0.0092831580254576808,0.018566316050915362,0.9058439700684322,1.2944889472286385e-10,0.99998800588249515,0,1,0,NaN,NaN,NaN
varms_2,2 x MS0(pi/2),existing_coarse,heatmap,sideband_fcl,sideband,fcl,650,18,25,1,0,0.26666666666666666,1.2,0.97027938386185031,0.0070009843632480133,0.011359815887450856,0.011359815887450856,0.022719631774901713,0.96327839949860228,1.2944889472286385e-10,0.99998800588249515,0,1,0,NaN,NaN,NaN
varms_2,2 x MS0(pi/2),existing_coarse,heatmap,sideband_fcl,sideband,fcl,651,18,26,1,0,0.26666666666666666,1.3333333333333333,0.96327140774746856,0.015630136450132608,0.010549227901199375,0.010549227901199375,0.02109845580239875,0.947641271297336,1.2944889472286385e-10,0.99998800588249515,0,1,0,NaN,NaN,NaN
varms_2,2 x MS0(pi/2),existing_coarse,heatmap,sideband_fcl,sideband,fcl,652,18,27,1,0,0.26666666666666666,1.4666666666666666,0.94704944925766754,0.042289009625219788,0.0053307705585563872,0.0053307705585563872,0.010661541117112774,0.90476043963244779,1.2944889472286385e-10,0.99998800588249515,0,1,0,NaN,NaN,NaN
varms_2,2 x MS0(pi/2),existing_coarse,heatmap,sideband_fcl,sideband,fcl,653,18,28,1,0,0.26666666666666666,1.6000000000000001,0.94739383518331854,0.047331319366424818,0.0026374227251283037,0.0026374227251283037,0.0052748454502566074,0.90006251581689378,1.2944889472286385e-10,0.99998800588249515,0,1,0,NaN,NaN,NaN
varms_2,2 x MS0(pi/2),existing_coarse,heatmap,sideband_fcl,sideband,fcl,654,18,29,1,0,0.26666666666666666,1.7333333333333334,0.96724499161096389,0.020934652518127414,0.0059101779354543979,0.0059101779354543979,0.011820355870908796,0.94631033909283646,1.2944889472286385e-10,0.99998800588249515,0,1,0,NaN,NaN,NaN
varms_2,2 x MS0(pi/2),existing_coarse,heatmap,sideband_fcl,sideband,fcl,655,18,30,1,0,0.26666666666666666,1.8666666666666667,0.98198301412952405,0.0044028052598380652,0.0068070903053188952,0.0068070903053188952,0.01361418061063779,0.977580208869686,1.2944889472286385e-10,0.99998800588249515,0,1,0,NaN,NaN,NaN
varms_2,2 x MS0(pi/2),existing_coarse,heatmap,sideband_fcl,sideband,fcl,656,18,31,1,0,0.26666666666666666,2,0.96769403954507238,0.022382981699380976,0.0049614893777733069,0.0049614893777733069,0.0099229787555466138,0.94531105784569136,1.2944889472286385e-10,0.99998800588249515,0,1,0,NaN,NaN,NaN
varms_2,2 x MS0(pi/2),refined_transition,transition_refined,sideband_fcl,sideband,fcl,657,9,1,1,0,0.33333333333333331,-1,0.30731759894300631,0.19166457342229079,0.25050891381735146,0.25050891381735146,0.50101782763470293,0.11565302552071552,1.2944889472286385e-10,0.99998800588249515,0,1,0,20,9.9999999999999994e-12,9.9999999999999994e-12
varms_2,2 x MS0(pi/2),refined_transition,transition_refined,sideband_fcl,sideband,fcl,658,9,2,1,0,0.33333333333333331,-0.83333333333333337,0.22123015323124376,0.17546873475753288,0.30165055600561169,0.30165055600561169,0.60330111201122338,0.045761418473710874,1.2944889472286385e-10,0.99998800588249515,0,1,0,20,9.9999999999999994e-12,9.9999999999999994e-12
varms_2,2 x MS0(pi/2),refined_transition,transition_refined,sideband_fcl,sideband,fcl,659,9,3,1,0,0.33333333333333331,-0.66666666666666663,0.36170956066725907,0.19777315678940474,0.22025864127166814,0.22025864127166814,0.44051728254333627,0.16393640387785433,1.2944889472286385e-10,0.99998800588249515,0,1,0,20,9.9999999999999994e-12,9.9999999999999994e-12
varms_2,2 x MS0(pi/2),refined_transition,transition_refined,sideband_fcl,sideband,fcl,660,9,4,1,0,0.33333333333333331,-0.5,0.54148400487548198,0.28464449589011143,0.086935749617203309,0.086935749617203309,0.17387149923440662,0.25683950898537056,1.2944889472286385e-10,0.99998800588249515,0,1,0,20,9.9999999999999994e-12,9.9999999999999994e-12
varms_2,2 x MS0(pi/2),refined_transition,transition_refined,sideband_fcl,sideband,fcl,661,9,5,1,0,0.33333333333333331,-0.33333333333333331,0.48268145943160157,0.42193886067615627,0.047689839946121013,0.047689839946121013,0.095379679892242025,0.060742598755445298,1.2944889472286385e-10,0.99998800588249515,0,1,0,20,9.9999999999999994e-12,9.9999999999999994e-12
varms_2,2 x MS0(pi/2),refined_transition,transition_refined,sideband_fcl,sideband,fcl,662,9,6,1,0,0.33333333333333331,-0.16666666666666666,0.3157251827165764,0.52544137508653554,0.079416721098444026,0.079416721098444026,0.15883344219688805,-0.20971619236995914,1.2944889472286385e-10,0.99998800588249515,0.20972818661691295,0.79027181338308705,-0.10222350776151078,20,9.9999999999999994e-12,9.9999999999999994e-12
varms_2,2 x MS0(pi/2),refined_transition,transition_refined,sideband_fcl,sideband,fcl,663,9,7,1,0,0.33333333333333331,0,0.19554114417621424,0.58079187376172192,0.11183349103103189,0.11183349103103189,0.22366698206206378,-0.38525072958550766,1.2944889472286385e-10,0.99998800588249515,0.38526272383246141,0.61473727616753859,-0.21131045152363107,20,9.9999999999999994e-12,9.9999999999999994e-12
varms_2,2 x MS0(pi/2),refined_transition,transition_refined,sideband_fcl,sideband,fcl,664,9,8,1,0,0.33333333333333331,0.16666666666666666,0.11155310973416356,0.60967802526211778,0.13938443250185933,0.13938443250185933,0.27876886500371867,-0.49812491552795424,1.2944889472286385e-10,0.99998800588249515,0.49813690977490799,0.50186309022509201,-0.29941474355088388,20,9.9999999999999994e-12,9.9999999999999994e-12
varms_2,2 x MS0(pi/2),refined_transition,transition_refined,sideband_fcl,sideband,fcl,665,9,9,1,0,0.33333333333333331,0.33333333333333331,0.074067008262213532,0.56965498458987618,0.17813900357395512,0.17813900357395512,0.35627800714791025,-0.49558797632766266,1.2944889472286385e-10,0.99998800588249515,0.49559997057461636,0.50440002942538364,-0.29722489676334662,20,9.9999999999999994e-12,9.9999999999999994e-12
varms_2,2 x MS0(pi/2),refined_transition,transition_refined,sideband_fcl,sideband,fcl,666,9,10,1,0,0.33333333333333331,0.5,0.17607477285291032,0.42003176337351317,0.20194673188678824,0.20194673188678824,0.40389346377357649,-0.24395699052060285,1.2944889472286385e-10,0.99998800588249515,0.24396898476755668,0.75603101523244332,-0.12146038774216444,20,9.9999999999999994e-12,9.9999999999999994e-12
varms_2,2 x MS0(pi/2),refined_transition,transition_refined,sideband_fcl,sideband,fcl,667,9,11,1,0,0.33333333333333331,0.66666666666666663,0.44543227811716068,0.25561199633017556,0.1494778627763319,0.1494778627763319,0.29895572555266381,0.18982028178698512,1.2944889472286385e-10,0.99998800588249515,0,1,0,20,9.9999999999999994e-12,9.9999999999999994e-12
varms_2,2 x MS0(pi/2),refined_transition,transition_refined,sideband_fcl,sideband,fcl,668,9,12,1,0,0.33333333333333331,0.83333333333333337,0.73834883532574125,0.15063647829500362,0.055507343189627634,0.055507343189627634,0.11101468637925527,0.58771235703073765,1.2944889472286385e-10,0.99998800588249515,0,1,0,20,9.9999999999999994e-12,9.9999999999999994e-12
varms_2,2 x MS0(pi/2),refined_transition,transition_refined,sideband_fcl,sideband,fcl,669,9,13,1,0,0.33333333333333331,1,0.90307806731578266,0.066112252660423115,0.015404840011897068,0.015404840011897068,0.030809680023794136,0.83696581465535957,1.2944889472286385e-10,0.99998800588249515,0,1,0,20,9.9999999999999994e-12,9.9999999999999994e-12
varms_2,2 x MS0(pi/2),existing_coarse,heatmap,sideband_fcl,sideband,fcl,670,19,1,1,0,0.40000000000000002,-2,0.50362910592674748,0.11277748445737518,0.19179670480793867,0.19179670480793867,0.38359340961587735,0.3908516214693723,1.2944889472286385e-10,0.99998800588249515,0,1,0,NaN,NaN,NaN
varms_2,2 x MS0(pi/2),existing_coarse,heatmap,sideband_fcl,sideband,fcl,671,19,2,1,0,0.40000000000000002,-1.8666666666666667,0.49532944648448196,0.12816029099211285,0.1882551312617026,0.1882551312617026,0.37651026252340519,0.36716915549236911,1.2944889472286385e-10,0.99998800588249515,0,1,0,NaN,NaN,NaN
varms_2,2 x MS0(pi/2),existing_coarse,heatmap,sideband_fcl,sideband,fcl,672,19,3,1,0,0.40000000000000002,-1.7333333333333334,0.60821947965691092,0.17489552413543416,0.10844249810382746,0.10844249810382746,0.21688499620765492,0.43332395552147673,1.2944889472286385e-10,0.99998800588249515,0,1,0,NaN,NaN,NaN
varms_2,2 x MS0(pi/2),existing_coarse,heatmap,sideband_fcl,sideband,fcl,673,19,4,1,0,0.40000000000000002,-1.6000000000000001,0.7012833155192526,0.25679356077365895,0.020961561853544128,0.020961561853544128,0.041923123707088256,0.44448975474559366,1.2944889472286385e-10,0.99998800588249515,0,1,0,NaN,NaN,NaN
varms_2,2 x MS0(pi/2),existing_coarse,heatmap,sideband_fcl,sideband,fcl,674,19,5,1,0,0.40000000000000002,-1.4666666666666666,0.61401498256288867,0.31485096954431263,0.035567023946399337,0.035567023946399337,0.071134047892798674,0.29916401301857604,1.2944889472286385e-10,0.99998800588249515,0,1,0,NaN,NaN,NaN
varms_2,2 x MS0(pi/2),existing_coarse,heatmap,sideband_fcl,sideband,fcl,675,19,6,1,0,0.40000000000000002,-1.3333333333333333,0.44100907740279338,0.30823155022712112,0.12537968618504275,0.12537968618504275,0.2507593723700855,0.13277752717567226,1.2944889472286385e-10,0.99998800588249515,0,1,0,NaN,NaN,NaN
varms_2,2 x MS0(pi/2),existing_coarse,heatmap,sideband_fcl,sideband,fcl,676,19,7,1,0,0.40000000000000002,-1.2,0.3520352531981174,0.24990047168579146,0.19903213755804558,0.19903213755804558,0.39806427511609116,0.10213478151232594,1.2944889472286385e-10,0.99998800588249515,0,1,0,NaN,NaN,NaN
varms_2,2 x MS0(pi/2),existing_coarse,heatmap,sideband_fcl,sideband,fcl,677,19,8,1,0,0.40000000000000002,-1.0666666666666667,0.29345153581801309,0.18078903028828541,0.26287971694685064,0.26287971694685064,0.52575943389370128,0.11266250552972767,1.2944889472286385e-10,0.99998800588249515,0,1,0,NaN,NaN,NaN
varms_2,2 x MS0(pi/2),existing_coarse,heatmap,sideband_fcl,sideband,fcl,678,19,9,1,0,0.40000000000000002,-0.93333333333333335,0.21711372911596721,0.14265742194591122,0.3201144244690608,0.3201144244690608,0.6402288489381216,0.074456307170055996,1.2944889472286385e-10,0.99998800588249515,0,1,0,NaN,NaN,NaN
varms_2,2 x MS0(pi/2),existing_coarse,heatmap,sideband_fcl,sideband,fcl,679,19,10,1,0,0.40000000000000002,-0.80000000000000004,0.26289464632116233,0.13728186961142833,0.29991174203370463,0.29991174203370463,0.59982348406740926,0.125612776709734,1.2944889472286385e-10,0.99998800588249515,0,1,0,NaN,NaN,NaN
varms_2,2 x MS0(pi/2),existing_coarse,heatmap,sideband_fcl,sideband,fcl,680,19,11,1,0,0.40000000000000002,-0.66666666666666663,0.46588294401567942,0.15410105636127844,0.19000799981152111,0.19000799981152111,0.38001599962304222,0.31178188765440096,1.2944889472286385e-10,0.99998800588249515,0,1,0,NaN,NaN,NaN
varms_2,2 x MS0(pi/2),existing_coarse,heatmap,sideband_fcl,sideband,fcl,681,19,12,1,0,0.40000000000000002,-0.53333333333333333,0.62733249800086421,0.2146416645643888,0.079012918717373481,0.079012918717373481,0.15802583743474696,0.41269083343647539,1.2944889472286385e-10,0.99998800588249515,0,1,0,NaN,NaN,NaN
varms_2,2 x MS0(pi/2),existing_coarse,heatmap,sideband_fcl,sideband,fcl,682,19,13,1,0,0.40000000000000002,-0.40000000000000002,0.60148157193072516,0.31995984788097692,0.039279290094148919,0.039279290094148919,0.078558580188297839,0.28152172404974823,1.2944889472286385e-10,0.99998800588249515,0,1,0,NaN,NaN,NaN
varms_2,2 x MS0(pi/2),existing_coarse,heatmap,sideband_fcl,sideband,fcl,683,19,14,1,0,0.40000000000000002,-0.26666666666666666,0.45839592588329936,0.42301352989578728,0.059295272110456695,0.059295272110456695,0.11859054422091339,0.035382395987512083,1.2944889472286385e-10,0.99998800588249515,0,1,0,NaN,NaN,NaN
varms_2,2 x MS0(pi/2),existing_coarse,heatmap,sideband_fcl,sideband,fcl,684,19,15,1,0,0.40000000000000002,-0.13333333333333333,0.32215843302863723,0.4917197427949539,0.093060912088204467,0.093060912088204467,0.18612182417640893,-0.16956130976631667,1.2944889472286385e-10,0.99998800588249515,0.16957330401327042,0.83042669598672958,-0.080698697870657185,NaN,NaN,NaN
varms_2,2 x MS0(pi/2),existing_coarse,heatmap,sideband_fcl,sideband,fcl,685,19,16,1,0,0.40000000000000002,0,0.22780213691321896,0.53540425744984965,0.11839680281846572,0.11839680281846572,0.23679360563693144,-0.30760212053663072,1.2944889472286385e-10,0.99998800588249515,0.30761411478358447,0.69238588521641553,-0.15965179411135419,NaN,NaN,NaN
varms_2,2 x MS0(pi/2),existing_coarse,heatmap,sideband_fcl,sideband,fcl,686,19,17,1,0,0.40000000000000002,0.13333333333333333,0.15654731384028758,0.56579026674476718,0.13883120970747262,0.13883120970747262,0.27766241941494524,-0.4092429529044796,1.2944889472286385e-10,0.99998800588249515,0.4092549471514334,0.5907450528485666,-0.22859990664788277,NaN,NaN,NaN
varms_2,2 x MS0(pi/2),existing_coarse,heatmap,sideband_fcl,sideband,fcl,687,19,18,1,0,0.40000000000000002,0.26666666666666666,0.10818461740994341,0.56347804465725215,0.1641686689664022,0.1641686689664022,0.3283373379328044,-0.45529342724730876,1.2944889472286385e-10,0.99998800588249515,0.45530542149426245,0.54469457850573755,-0.26384694735723219,NaN,NaN,NaN
varms_2,2 x MS0(pi/2),existing_coarse,heatmap,sideband_fcl,sideband,fcl,688,19,19,1,0,0.40000000000000002,0.40000000000000002,0.12313404135785899,0.49039905566386549,0.19323345148913776,0.19323345148913776,0.38646690297827552,-0.3672650143060065,1.2944889472286385e-10,0.99998800588249515,0.36727700855296019,0.63272299144703981,-0.19878638416395356,NaN,NaN,NaN
varms_2,2 x MS0(pi/2),existing_coarse,heatmap,sideband_fcl,sideband,fcl,689,19,20,1,0,0.40000000000000002,0.53333333333333333,0.24817126936456235,0.35348963303871106,0.19916954879836332,0.19916954879836332,0.39833909759672664,-0.10531836367414871,1.2944889472286385e-10,0.99998800588249515,0.10533035792110246,0.89466964207889754,-0.048337298882583715,NaN,NaN,NaN
varms_2,2 x MS0(pi/2),existing_coarse,heatmap,sideband_fcl,sideband,fcl,690,19,21,1,0,0.40000000000000002,0.66666666666666663,0.47105245350696978,0.22292416558450884,0.15301169045426075,0.15301169045426075,0.30602338090852149,0.24812828792246094,1.2944889472286385e-10,0.99998800588249515,0,1,0,NaN,NaN,NaN
varms_2,2 x MS0(pi/2),existing_coarse,heatmap,sideband_fcl,sideband,fcl,691,19,22,1,0,0.40000000000000002,0.80000000000000004,0.70555738067785745,0.14256740254501407,0.075937608388564268,0.075937608388564268,0.15187521677712854,0.56298997813284335,1.2944889472286385e-10,0.99998800588249515,0,1,0,NaN,NaN,NaN
varms_2,2 x MS0(pi/2),existing_coarse,heatmap,sideband_fcl,sideband,fcl,692,19,23,1,0,0.40000000000000002,0.93333333333333335,0.86081454473076369,0.087530165091647905,0.025827645088794187,0.025827645088794187,0.051655290177588374,0.77328437963911578,1.2944889472286385e-10,0.99998800588249515,0,1,0,NaN,NaN,NaN
varms_2,2 x MS0(pi/2),existing_coarse,heatmap,sideband_fcl,sideband,fcl,693,19,24,1,0,0.40000000000000002,1.0666666666666667,0.92011582546169857,0.038542126155672096,0.020671024191314648,0.020671024191314648,0.041342048382629296,0.88157369930602647,1.2944889472286385e-10,0.99998800588249515,0,1,0,NaN,NaN,NaN
varms_2,2 x MS0(pi/2),existing_coarse,heatmap,sideband_fcl,sideband,fcl,694,19,25,1,0,0.40000000000000002,1.2,0.9292611134858858,0.011547534281155887,0.029595676116479154,0.029595676116479154,0.059191352232958308,0.91771357920472996,1.2944889472286385e-10,0.99998800588249515,0,1,0,NaN,NaN,NaN
varms_2,2 x MS0(pi/2),existing_coarse,heatmap,sideband_fcl,sideband,fcl,695,19,26,1,0,0.40000000000000002,1.3333333333333333,0.9244175521413992,0.015188231335323077,0.030197108261638846,0.030197108261638846,0.060394216523277693,0.9092293208060761,1.2944889472286385e-10,0.99998800588249515,0,1,0,NaN,NaN,NaN
varms_2,2 x MS0(pi/2),existing_coarse,heatmap,sideband_fcl,sideband,fcl,696,19,27,1,0,0.40000000000000002,1.4666666666666666,0.91907467743161009,0.038409668207340271,0.021257827180524866,0.021257827180524866,0.042515654361049732,0.88066500922426982,1.2944889472286385e-10,0.99998800588249515,0,1,0,NaN,NaN,NaN
varms_2,2 x MS0(pi/2),existing_coarse,heatmap,sideband_fcl,sideband,fcl,697,19,28,1,0,0.40000000000000002,1.6000000000000001,0.92874819196883029,0.054291975666977452,0.0084799161820960766,0.0084799161820960766,0.016959832364192153,0.87445621630185288,1.2944889472286385e-10,0.99998800588249515,0,1,0,NaN,NaN,NaN
varms_2,2 x MS0(pi/2),existing_coarse,heatmap,sideband_fcl,sideband,fcl,698,19,29,1,0,0.40000000000000002,1.7333333333333334,0.9570969833521813,0.038641359346092537,0.0021308286508630869,0.0021308286508630869,0.0042616573017261739,0.91845562400608871,1.2944889472286385e-10,0.99998800588249515,0,1,0,NaN,NaN,NaN
varms_2,2 x MS0(pi/2),existing_coarse,heatmap,sideband_fcl,sideband,fcl,699,19,30,1,0,0.40000000000000002,1.8666666666666667,0.98433061343480577,0.009774842283581853,0.0029472721408061436,0.0029472721408061436,0.0058945442816122871,0.97455577115122394,1.2944889472286385e-10,0.99998800588249515,0,1,0,NaN,NaN,NaN
varms_2,2 x MS0(pi/2),existing_coarse,heatmap,sideband_fcl,sideband,fcl,700,19,31,1,0,0.40000000000000002,2,0.98952357688408432,0.0053615611859828827,0.0025574309649663723,0.0025574309649663723,0.0051148619299327446,0.98416201569810147,1.2944889472286385e-10,0.99998800588249515,0,1,0,NaN,NaN,NaN
varms_2,2 x MS0(pi/2),refined_transition,transition_refined,sideband_fcl,sideband,fcl,701,10,1,1,0,0.5,-1,0.17071509238420818,0.1071248508141751,0.36108002840080833,0.36108002840080833,0.72216005680161666,0.063590241570033082,1.2944889472286385e-10,0.99998800588249515,0,1,0,20,9.9999999999999994e-12,9.9999999999999994e-12
varms_2,2 x MS0(pi/2),refined_transition,transition_refined,sideband_fcl,sideband,fcl,702,10,2,1,0,0.5,-0.83333333333333337,0.30757624705852676,0.093203879449453214,0.29960993674601,0.29960993674601,0.59921987349201999,0.21437236760907355,1.2944889472286385e-10,0.99998800588249515,0,1,0,20,9.9999999999999994e-12,9.9999999999999994e-12
varms_2,2 x MS0(pi/2),refined_transition,transition_refined,sideband_fcl,sideband,fcl,703,10,3,1,0,0.5,-0.66666666666666663,0.63927467577887787,0.10264213094413097,0.1290415966384956,0.1290415966384956,0.2580831932769912,0.53663254483474687,1.2944889472286385e-10,0.99998800588249515,0,1,0,20,9.9999999999999994e-12,9.9999999999999994e-12
varms_2,2 x MS0(pi/2),refined_transition,transition_refined,sideband_fcl,sideband,fcl,704,10,4,1,0,0.5,-0.5,0.74555509356292049,0.19217435047722481,0.031135277979927337,0.031135277979927337,0.062270555959854673,0.55338074308569563,1.2944889472286385e-10,0.99998800588249515,0,1,0,20,9.9999999999999994e-12,9.9999999999999994e-12
varms_2,2 x MS0(pi/2),refined_transition,transition_refined,sideband_fcl,sideband,fcl,705,10,5,1,0,0.5,-0.33333333333333331,0.5725060360509745,0.33871409342013736,0.044389935264444111,0.044389935264444111,0.088779870528888222,0.23379194263083714,1.2944889472286385e-10,0.99998800588249515,0,1,0,20,9.9999999999999994e-12,9.9999999999999994e-12
varms_2,2 x MS0(pi/2),refined_transition,transition_refined,sideband_fcl,sideband,fcl,706,10,6,1,0,0.5,-0.16666666666666666,0.377564178030661,0.44253511371810395,0.089950354125617527,0.089950354125617527,0.17990070825123505,-0.064970935687442943,1.2944889472286385e-10,0.99998800588249515,0.064982929934396694,0.93501707006560331,-0.029180460392053957,20,9.9999999999999994e-12,9.9999999999999994e-12
varms_2,2 x MS0(pi/2),refined_transition,transition_refined,sideband_fcl,sideband,fcl,707,10,7,1,0,0.5,0,0.2588165807335282,0.49660225669098085,0.12229058128774546,0.12229058128774546,0.24458116257549092,-0.23778567595745265,1.2944889472286385e-10,0.99998800588249515,0.23779767020440634,0.76220232979559366,-0.11792972806998661,20,9.9999999999999994e-12,9.9999999999999994e-12
varms_2,2 x MS0(pi/2),refined_transition,transition_refined,sideband_fcl,sideband,fcl,708,10,8,1,0,0.5,0.16666666666666666,0.18229580083106048,0.52310313360236405,0.14730053278328778,0.14730053278328778,0.29460106556657556,-0.34080733277130359,1.2944889472286385e-10,0.99998800588249515,0.34081932701825735,0.65918067298174265,-0.18099553453367884,20,9.9999999999999994e-12,9.9999999999999994e-12
varms_2,2 x MS0(pi/2),refined_transition,transition_refined,sideband_fcl,sideband,fcl,709,10,9,1,0,0.5,0.33333333333333331,0.1617717386976267,0.48088547541276622,0.17867139294480355,0.17867139294480355,0.35734278588960711,-0.31911373671513954,1.2944889472286385e-10,0.99998800588249515,0.31912573096209318,0.68087426903790682,-0.16693307796147566,20,9.9999999999999994e-12,9.9999999999999994e-12
varms_2,2 x MS0(pi/2),refined_transition,transition_refined,sideband_fcl,sideband,fcl,710,10,10,1,0,0.5,0.5,0.27850375018796591,0.32532954211128406,0.19808335385037501,0.19808335385037501,0.39616670770075002,-0.04682579192331815,1.2944889472286385e-10,0.99998800588249515,0.0468377861702719,0.9531622138297281,-0.020833182702536982,20,9.9999999999999994e-12,9.9999999999999994e-12
varms_2,2 x MS0(pi/2),refined_transition,transition_refined,sideband_fcl,sideband,fcl,711,10,11,1,0,0.5,0.66666666666666663,0.54336381029299041,0.15369978405772119,0.15146820282464421,0.15146820282464421,0.30293640564928842,0.38966402623526919,1.2944889472286385e-10,0.99998800588249515,0,1,0,20,9.9999999999999994e-12,9.9999999999999994e-12
varms_2,2 x MS0(pi/2),refined_transition,transition_refined,sideband_fcl,sideband,fcl,712,10,12,1,0,0.5,0.83333333333333337,0.80261376186286437,0.080211660148317515,0.058587288994409049,0.058587288994409049,0.1171745779888181,0.72240210171454688,1.2944889472286385e-10,0.99998800588249515,0,1,0,20,9.9999999999999994e-12,9.9999999999999994e-12
varms_2,2 x MS0(pi/2),refined_transition,transition_refined,sideband_fcl,sideband,fcl,713,10,13,1,0,0.5,1,0.90782755923629355,0.05267647905124645,0.019747980856229953,0.019747980856229953,0.039495961712459907,0.85515108018504704,1.2944889472286385e-10,0.99998800588249515,0,1,0,20,9.9999999999999994e-12,9.9999999999999994e-12
varms_2,2 x MS0(pi/2),existing_coarse,heatmap,sideband_fcl,sideband,fcl,714,20,1,1,0,0.53333333333333333,-2,0.5037331365994504,0.1116406089676234,0.19231312721646304,0.19231312721646304,0.38462625443292608,0.392092527631827,1.2944889472286385e-10,0.99998800588249515,0,1,0,NaN,NaN,NaN
varms_2,2 x MS0(pi/2),existing_coarse,heatmap,sideband_fcl,sideband,fcl,715,20,2,1,0,0.53333333333333333,-1.8666666666666667,0.61173308819441163,0.12994000045937101,0.12916345567310866,0.12916345567310866,0.25832691134621732,0.48179308773504059,1.2944889472286385e-10,0.99998800588249515,0,1,0,NaN,NaN,NaN
varms_2,2 x MS0(pi/2),existing_coarse,heatmap,sideband_fcl,sideband,fcl,716,20,3,1,0,0.53333333333333333,-1.7333333333333334,0.7129022311757881,0.21281348982692547,0.037142139498643187,0.037142139498643187,0.074284278997286374,0.50008874134886261,1.2944889472286385e-10,0.99998800588249515,0,1,0,NaN,NaN,NaN
varms_2,2 x MS0(pi/2),existing_coarse,heatmap,sideband_fcl,sideband,fcl,717,20,4,1,0,0.53333333333333333,-1.6000000000000001,0.62825147196100184,0.29472312854555016,0.03851269974672393,0.03851269974672393,0.07702539949344786,0.33352834341545168,1.2944889472286385e-10,0.99998800588249515,0,1,0,NaN,NaN,NaN
varms_2,2 x MS0(pi/2),existing_coarse,heatmap,sideband_fcl,sideband,fcl,718,20,5,1,0,0.53333333333333333,-1.4666666666666666,0.41921556129431614,0.31281584598468515,0.13398429636049941,0.13398429636049941,0.26796859272099882,0.10639971530963099,1.2944889472286385e-10,0.99998800588249515,0,1,0,NaN,NaN,NaN
varms_2,2 x MS0(pi/2),existing_coarse,heatmap,sideband_fcl,sideband,fcl,719,20,6,1,0,0.53333333333333333,-1.3333333333333333,0.29147970818924285,0.26647355124805039,0.22102337028135335,0.22102337028135335,0.44204674056270671,0.025006156941192459,1.2944889472286385e-10,0.99998800588249515,0,1,0,NaN,NaN,NaN
varms_2,2 x MS0(pi/2),existing_coarse,heatmap,sideband_fcl,sideband,fcl,720,20,7,1,0,0.53333333333333333,-1.2,0.23651275172835376,0.18151763241084443,0.29098480793040093,0.29098480793040093,0.58196961586080187,0.054995119317509333,1.2944889472286385e-10,0.99998800588249515,0,1,0,NaN,NaN,NaN
varms_2,2 x MS0(pi/2),existing_coarse,heatmap,sideband_fcl,sideband,fcl,721,20,8,1,0,0.53333333333333333,-1.0666666666666667,0.16632710864395775,0.11176924985977933,0.36095182074813142,0.36095182074813142,0.72190364149626285,0.054557858784178417,1.2944889472286385e-10,0.99998800588249515,0,1,0,NaN,NaN,NaN
varms_2,2 x MS0(pi/2),existing_coarse,heatmap,sideband_fcl,sideband,fcl,722,20,9,1,0,0.53333333333333333,-0.93333333333333335,0.19585036081898294,0.088580947113895137,0.35778434603356096,0.35778434603356096,0.71556869206712193,0.1072694137050878,1.2944889472286385e-10,0.99998800588249515,0,1,0,NaN,NaN,NaN
varms_2,2 x MS0(pi/2),existing_coarse,heatmap,sideband_fcl,sideband,fcl,723,20,10,1,0,0.53333333333333333,-0.80000000000000004,0.42724529993283006,0.081917846740660535,0.24541842666325467,0.24541842666325467,0.49083685332650934,0.34532745319216951,1.2944889472286385e-10,0.99998800588249515,0,1,0,NaN,NaN,NaN
varms_2,2 x MS0(pi/2),existing_coarse,heatmap,sideband_fcl,sideband,fcl,724,20,11,1,0,0.53333333333333333,-0.66666666666666663,0.69860486998776539,0.089654066485306869,0.10587053176346389,0.10587053176346389,0.21174106352692779,0.60895080350245856,1.2944889472286385e-10,0.99998800588249515,0,1,0,NaN,NaN,NaN
varms_2,2 x MS0(pi/2),existing_coarse,heatmap,sideband_fcl,sideband,fcl,725,20,12,1,0,0.53333333333333333,-0.53333333333333333,0.78382946051890046,0.15669763580080887,0.02973645184014535,0.02973645184014535,0.059472903680290699,0.62713182471809159,1.2944889472286385e-10,0.99998800588249515,0,1,0,NaN,NaN,NaN
varms_2,2 x MS0(pi/2),existing_coarse,heatmap,sideband_fcl,sideband,fcl,726,20,13,1,0,0.53333333333333333,-0.40000000000000002,0.66570259762200046,0.27570868239137608,0.029294359993311741,0.029294359993311741,0.058588719986623482,0.38999391523062438,1.2944889472286385e-10,0.99998800588249515,0,1,0,NaN,NaN,NaN
varms_2,2 x MS0(pi/2),existing_coarse,heatmap,sideband_fcl,sideband,fcl,727,20,14,1,0,0.53333333333333333,-0.26666666666666666,0.48697334131301201,0.38447697510552353,0.064274841790732271,0.064274841790732271,0.12854968358146454,0.10249636620748848,1.2944889472286385e-10,0.99998800588249515,0,1,0,NaN,NaN,NaN
varms_2,2 x MS0(pi/2),existing_coarse,heatmap,sideband_fcl,sideband,fcl,728,20,15,1,0,0.53333333333333333,-0.13333333333333333,0.35141362839717594,0.45132932229497419,0.098628524653924909,0.098628524653924909,0.19725704930784982,-0.099915693897798252,1.2944889472286385e-10,0.99998800588249515,0.099927688144752058,0.90007231185524794,-0.045722597918284674,NaN,NaN,NaN
varms_2,2 x MS0(pi/2),existing_coarse,heatmap,sideband_fcl,sideband,fcl,729,20,16,1,0,0.53333333333333333,0,0.26540894936031245,0.4891426957459305,0.12272417744687851,0.12272417744687851,0.24544835489375702,-0.22373374638561805,1.2944889472286385e-10,0.99998800588249515,0.2237457406325718,0.7762542593674282,-0.10999600380126304,NaN,NaN,NaN
varms_2,2 x MS0(pi/2),existing_coarse,heatmap,sideband_fcl,sideband,fcl,730,20,17,1,0,0.53333333333333333,0.13333333333333333,0.20617799488317301,0.5092735500878417,0.14227422751449267,0.14227422751449267,0.28454845502898535,-0.30309555520466869,1.2944889472286385e-10,0.99998800588249515,0.30310754945162244,0.69689245054837756,-0.15683424017652914,NaN,NaN,NaN
varms_2,2 x MS0(pi/2),existing_coarse,heatmap,sideband_fcl,sideband,fcl,731,20,18,1,0,0.53333333333333333,0.26666666666666666,0.1765300981588733,0.49382430536965738,0.16482279823573467,0.16482279823573467,0.32964559647146935,-0.31729420721078405,1.2944889472286385e-10,0.99998800588249515,0.3173062014577378,0.6826937985422622,-0.16577404217704353,NaN,NaN,NaN
varms_2,2 x MS0(pi/2),existing_coarse,heatmap,sideband_fcl,sideband,fcl,732,20,19,1,0,0.53333333333333333,0.40000000000000002,0.21353531451658864,0.40899698003313512,0.18873385272513815,0.18873385272513815,0.3774677054502763,-0.19546166551654648,1.2944889472286385e-10,0.99998800588249515,0.19547365976350028,0.80452634023649972,-0.094459732507029701,NaN,NaN,NaN
varms_2,2 x MS0(pi/2),existing_coarse,heatmap,sideband_fcl,sideband,fcl,733,20,20,1,0,0.53333333333333333,0.53333333333333333,0.35413464960429664,0.26267036183902598,0.19159749427833864,0.19159749427833864,0.38319498855667727,0.091464287765270658,1.2944889472286385e-10,0.99998800588249515,0,1,0,NaN,NaN,NaN
varms_2,2 x MS0(pi/2),existing_coarse,heatmap,sideband_fcl,sideband,fcl,734,20,21,1,0,0.53333333333333333,0.66666666666666663,0.57513633057890434,0.12963330846206367,0.14761518047951599,0.14761518047951599,0.29523036095903199,0.44550302211684067,1.2944889472286385e-10,0.99998800588249515,0,1,0,NaN,NaN,NaN
varms_2,2 x MS0(pi/2),existing_coarse,heatmap,sideband_fcl,sideband,fcl,735,20,22,1,0,0.53333333333333333,0.80000000000000004,0.78526996829233375,0.069162439502935394,0.072783796102365433,0.072783796102365433,0.14556759220473087,0.71610752878939832,1.2944889472286385e-10,0.99998800588249515,0,1,0,NaN,NaN,NaN
varms_2,2 x MS0(pi/2),existing_coarse,heatmap,sideband_fcl,sideband,fcl,736,20,23,1,0,0.53333333333333333,0.93333333333333335,0.89820784712693524,0.055892569043780399,0.022949791914642206,0.022949791914642206,0.045899583829284413,0.84231527808315487,1.2944889472286385e-10,0.99998800588249515,0,1,0,NaN,NaN,NaN
varms_2,2 x MS0(pi/2),existing_coarse,heatmap,sideband_fcl,sideband,fcl,737,20,24,1,0,0.53333333333333333,1.0666666666666667,0.90999110240250658,0.041963760999888418,0.024022568298802539,0.024022568298802539,0.048045136597605079,0.86802734140261817,1.2944889472286385e-10,0.99998800588249515,0,1,0,NaN,NaN,NaN
varms_2,2 x MS0(pi/2),existing_coarse,heatmap,sideband_fcl,sideband,fcl,738,20,25,1,0,0.53333333333333333,1.2,0.88568503192171699,0.025928896023069612,0.044193036027606741,0.044193036027606741,0.088386072055213483,0.85975613589864741,1.2944889472286385e-10,0.99998800588249515,0,1,0,NaN,NaN,NaN
varms_2,2 x MS0(pi/2),existing_coarse,heatmap,sideband_fcl,sideband,fcl,739,20,26,1,0,0.53333333333333333,1.3333333333333333,0.87429781060500511,0.024591181695872343,0.050555503849561319,0.050555503849561319,0.10111100769912264,0.84970662890913273,1.2944889472286385e-10,0.99998800588249515,0,1,0,NaN,NaN,NaN
varms_2,2 x MS0(pi/2),existing_coarse,heatmap,sideband_fcl,sideband,fcl,740,20,27,1,0,0.53333333333333333,1.4666666666666666,0.87947760084606341,0.037895018617003173,0.041313690268466707,0.041313690268466707,0.082627380536933415,0.84158258222906024,1.2944889472286385e-10,0.99998800588249515,0,1,0,NaN,NaN,NaN
varms_2,2 x MS0(pi/2),existing_coarse,heatmap,sideband_fcl,sideband,fcl,741,20,28,1,0,0.53333333333333333,1.6000000000000001,0.90003006352433257,0.051449826373226988,0.024260055051220222,0.024260055051220222,0.048520110102440443,0.84858023715110553,1.2944889472286385e-10,0.99998800588249515,0,1,0,NaN,NaN,NaN
varms_2,2 x MS0(pi/2),existing_coarse,heatmap,sideband_fcl,sideband,fcl,742,20,29,1,0,0.53333333333333333,1.7333333333333334,0.93796666669441886,0.045362771341630005,0.0083352809819755933,0.0083352809819755933,0.016670561963951187,0.89260389535278883,1.2944889472286385e-10,0.99998800588249515,0,1,0,NaN,NaN,NaN
varms_2,2 x MS0(pi/2),existing_coarse,heatmap,sideband_fcl,sideband,fcl,743,20,30,1,0,0.53333333333333333,1.8666666666666667,0.97744743660187661,0.019356283389140003,0.0015981400044916753,0.0015981400044916753,0.0031962800089833506,0.95809115321273663,1.2944889472286385e-10,0.99998800588249515,0,1,0,NaN,NaN,NaN
varms_2,2 x MS0(pi/2),existing_coarse,heatmap,sideband_fcl,sideband,fcl,744,20,31,1,0,0.53333333333333333,2,0.99620089772739617,0.0014709875777569417,0.0011640573474234204,0.0011640573474234204,0.0023281146948468407,0.99472991014963918,1.2944889472286385e-10,0.99998800588249515,0,1,0,NaN,NaN,NaN
varms_2,2 x MS0(pi/2),existing_coarse,heatmap,sideband_fcl,sideband,fcl,745,21,1,1,0,0.66666666666666663,-2,0.62418577999932678,0.10538951312213204,0.13521235343927065,0.13521235343927065,0.27042470687854131,0.51879626687719471,1.2944889472286385e-10,0.99998800588249515,0,1,0,NaN,NaN,NaN
varms_2,2 x MS0(pi/2),existing_coarse,heatmap,sideband_fcl,sideband,fcl,746,21,2,1,0,0.66666666666666663,-1.8666666666666667,0.72926003119370275,0.16685532744633175,0.051942320679982772,0.051942320679982772,0.10388464135996554,0.56240470374737095,1.2944889472286385e-10,0.99998800588249515,0,1,0,NaN,NaN,NaN
varms_2,2 x MS0(pi/2),existing_coarse,heatmap,sideband_fcl,sideband,fcl,747,21,3,1,0,0.66666666666666663,-1.7333333333333334,0.66696873467847406,0.25449612218000273,0.039267571570761647,0.039267571570761647,0.078535143141523295,0.41247261249847134,1.2944889472286385e-10,0.99998800588249515,0,1,0,NaN,NaN,NaN
varms_2,2 x MS0(pi/2),existing_coarse,heatmap,sideband_fcl,sideband,fcl,748,21,4,1,0,0.66666666666666663,-1.6000000000000001,0.46009303047616701,0.28977044958393877,0.12506825996994714,0.12506825996994714,0.25013651993989428,0.17032258089222824,1.2944889472286385e-10,0.99998800588249515,0,1,0,NaN,NaN,NaN
varms_2,2 x MS0(pi/2),existing_coarse,heatmap,sideband_fcl,sideband,fcl,749,21,5,1,0,0.66666666666666663,-1.4666666666666666,0.29567805309126083,0.26119493883913703,0.22156350403480102,0.22156350403480102,0.44312700806960204,0.034483114252123803,1.2944889472286385e-10,0.99998800588249515,0,1,0,NaN,NaN,NaN
varms_2,2 x MS0(pi/2),existing_coarse,heatmap,sideband_fcl,sideband,fcl,750,21,6,1,0,0.66666666666666663,-1.3333333333333333,0.21296959195190202,0.18682940211893143,0.30010050296458329,0.30010050296458329,0.60020100592916659,0.02614018983297059,1.2944889472286385e-10,0.99998800588249515,0,1,0,NaN,NaN,NaN
varms_2,2 x MS0(pi/2),existing_coarse,heatmap,sideband_fcl,sideband,fcl,751,21,7,1,0,0.66666666666666663,-1.2,0.14521359626499919,0.11251588313879497,0.3711352602981029,0.3711352602981029,0.7422705205962058,0.032697713126204217,1.2944889472286385e-10,0.99998800588249515,0,1,0,NaN,NaN,NaN
varms_2,2 x MS0(pi/2),existing_coarse,heatmap,sideband_fcl,sideband,fcl,752,21,8,1,0,0.66666666666666663,-1.0666666666666667,0.17266188659705964,0.085121754186214704,0.37110817960836284,0.37110817960836284,0.74221635921672569,0.087540132410844934,1.2944889472286385e-10,0.99998800588249515,0,1,0,NaN,NaN,NaN
varms_2,2 x MS0(pi/2),refined_transition,transition_refined,sideband_fcl,sideband,fcl,753,11,1,1,0,0.66666666666666663,-1,0.26332512202308639,0.082621591418526763,0.32702664327919345,0.32702664327919345,0.6540532865583869,0.18070353060455963,1.2944889472286385e-10,0.99998800588249515,0,1,0,20,9.9999999999999994e-12,9.9999999999999994e-12
varms_2,2 x MS0(pi/2),existing_coarse,heatmap,sideband_fcl,sideband,fcl,754,21,9,1,0,0.66666666666666663,-0.93333333333333335,0.40197986395482754,0.077183534812361732,0.26041830061640536,0.26041830061640536,0.52083660123281073,0.32479632914246581,1.2944889472286385e-10,0.99998800588249515,0,1,0,NaN,NaN,NaN
varms_2,2 x MS0(pi/2),refined_transition,transition_refined,sideband_fcl,sideband,fcl,755,11,2,1,0,0.66666666666666663,-0.83333333333333337,0.64477368223269504,0.058171427510021294,0.14852744512864186,0.14852744512864186,0.29705489025728371,0.5866022547226738,1.2944889472286385e-10,0.99998800588249515,0,1,0,20,9.9999999999999994e-12,9.9999999999999994e-12
varms_2,2 x MS0(pi/2),existing_coarse,heatmap,sideband_fcl,sideband,fcl,756,21,10,1,0,0.66666666666666663,-0.80000000000000004,0.71862029926297988,0.051480836517254144,0.11494943210988304,0.11494943210988304,0.22989886421976607,0.66713946274572578,1.2944889472286385e-10,0.99998800588249515,0,1,0,NaN,NaN,NaN
varms_2,2 x MS0(pi/2),refined_transition,transition_refined,sideband_fcl,sideband,fcl,757,11,3,1,0,0.66666666666666663,-0.66666666666666663,0.89137070560407494,0.057427199455545544,0.025601047470189757,0.025601047470189757,0.051202094940379514,0.83394350614852941,1.2944889472286385e-10,0.99998800588249515,0,1,0,20,9.9999999999999994e-12,9.9999999999999994e-12
varms_2,2 x MS0(pi/2),existing_coarse,heatmap,sideband_fcl,sideband,fcl,758,21,12,1,0,0.66666666666666663,-0.53333333333333333,0.83247926732882083,0.14945353990928409,0.009033596380947544,0.009033596380947544,0.018067192761895088,0.68302572741953671,1.2944889472286385e-10,0.99998800588249515,0,1,0,NaN,NaN,NaN
varms_2,2 x MS0(pi/2),refined_transition,transition_refined,sideband_fcl,sideband,fcl,759,11,4,1,0,0.66666666666666663,-0.5,0.79111930352709836,0.18299566638750017,0.012942515042700631,0.012942515042700631,0.025885030085401262,0.60812363713959816,1.2944889472286385e-10,0.99998800588249515,0,1,0,20,9.9999999999999994e-12,9.9999999999999994e-12
varms_2,2 x MS0(pi/2),existing_coarse,heatmap,sideband_fcl,sideband,fcl,760,21,13,1,0,0.66666666666666663,-0.40000000000000002,0.64243613979209657,0.28791226961453892,0.034825795296682227,0.034825795296682227,0.069651590593364454,0.35452387017755765,1.2944889472286385e-10,0.99998800588249515,0,1,0,NaN,NaN,NaN
varms_2,2 x MS0(pi/2),refined_transition,transition_refined,sideband_fcl,sideband,fcl,761,11,5,1,0,0.66666666666666663,-0.33333333333333331,0.54441331234576906,0.34929470464113166,0.053145991506549688,0.053145991506549688,0.10629198301309938,0.1951186077046374,1.2944889472286385e-10,0.99998800588249515,0,1,0,20,9.9999999999999994e-12,9.9999999999999994e-12
varms_2,2 x MS0(pi/2),existing_coarse,heatmap,sideband_fcl,sideband,fcl,762,21,14,1,0,0.66666666666666663,-0.26666666666666666,0.46028804046026417,0.39735837756896086,0.071176790985387428,0.071176790985387428,0.14235358197077486,0.062929662891303306,1.2944889472286385e-10,0.99998800588249515,0,1,0,NaN,NaN,NaN
varms_2,2 x MS0(pi/2),refined_transition,transition_refined,sideband_fcl,sideband,fcl,763,11,6,1,0,0.66666666666666663,-0.16666666666666666,0.36675314331931191,0.44411475912792142,0.094566048776383374,0.094566048776383374,0.18913209755276675,-0.077361615808609507,1.2944889472286385e-10,0.99998800588249515,0.077373610055563313,0.92262638994443669,-0.034974127395934376,20,9.9999999999999994e-12,9.9999999999999994e-12
varms_2,2 x MS0(pi/2),existing_coarse,heatmap,sideband_fcl,sideband,fcl,764,21,15,1,0,0.66666666666666663,-0.13333333333333333,0.34350499304347903,0.4542245492013689,0.10113522887757602,0.10113522887757602,0.20227045775515204,-0.11071955615788986,1.2944889472286385e-10,0.99998800588249515,0.11073155040484361,0.88926844959515639,-0.05096711576911353,NaN,NaN,NaN
varms_2,2 x MS0(pi/2),refined_transition,transition_refined,sideband_fcl,sideband,fcl,765,11,7,1,0,0.66666666666666663,0,0.2781731929164914,0.476663548918699,0.12258162908240475,0.12258162908240475,0.24516325816480949,-0.1984903560022076,1.2944889472286385e-10,0.99998800588249515,0.1985023502491613,0.8014976497508387,-0.096097746799216732,20,9.9999999999999994e-12,9.9999999999999994e-12
varms_2,2 x MS0(pi/2),existing_coarse,heatmap,sideband_fcl,sideband,fcl,766,21,17,1,0,0.66666666666666663,0.13333333333333333,0.24431789516006908,0.47547563618152022,0.14010323432920535,0.14010323432920535,0.2802064686584107,-0.23115774102145115,1.2944889472286385e-10,0.99998800588249515,0.2311697352684049,0.7688302647315951,-0.1141695291542561,NaN,NaN,NaN
varms_2,2 x MS0(pi/2),refined_transition,transition_refined,sideband_fcl,sideband,fcl,767,11,8,1,0,0.66666666666666663,0.16666666666666666,0.24099732780701838,0.47013556586675104,0.14443355316311526,0.14443355316311526,0.28886710632623053,-0.22913823805973266,1.2944889472286385e-10,0.99998800588249515,0.22915023230668652,0.77084976769331348,-0.11303025414002703,20,9.9999999999999994e-12,9.9999999999999994e-12
varms_2,2 x MS0(pi/2),existing_coarse,heatmap,sideband_fcl,sideband,fcl,768,21,18,1,0,0.66666666666666663,0.26666666666666666,0.24999211624448028,0.43529610773551264,0.15735588801000355,0.15735588801000355,0.31471177602000711,-0.18530399149103235,1.2944889472286385e-10,0.99998800588249515,0.18531598573798613,0.81468401426201387,-0.089010805336477802,NaN,NaN,NaN
varms_2,2 x MS0(pi/2),refined_transition,transition_refined,sideband_fcl,sideband,fcl,769,11,9,1,0,0.66666666666666663,0.33333333333333331,0.27771215068084193,0.39244200085150655,0.16492292423382579,0.16492292423382579,0.32984584846765158,-0.11472985017066462,1.2944889472286385e-10,0.99998800588249515,0.11474184441761826,0.88525815558238174,-0.052930063544028363,20,9.9999999999999994e-12,9.9999999999999994e-12
varms_2,2 x MS0(pi/2),existing_coarse,heatmap,sideband_fcl,sideband,fcl,770,21,19,1,0,0.66666666666666663,0.40000000000000002,0.32797154661264416,0.33310159471817052,0.16946342933459271,0.16946342933459271,0.33892685866918543,-0.0051300481055263636,1.2944889472286385e-10,0.99998800588249515,0.0051420423524800585,0.99485795764751994,-0.002238921880890522,NaN,NaN,NaN
varms_2,2 x MS0(pi/2),refined_transition,transition_refined,sideband_fcl,sideband,fcl,771,11,10,1,0,0.66666666666666663,0.5,0.44805756975392497,0.22270323291176419,0.16461959866715539,0.16461959866715539,0.32923919733431078,0.22535433684216077,1.2944889472286385e-10,0.99998800588249515,0,1,0,20,9.9999999999999994e-12,9.9999999999999994e-12
varms_2,2 x MS0(pi/2),existing_coarse,heatmap,sideband_fcl,sideband,fcl,772,21,20,1,0,0.66666666666666663,0.53333333333333333,0.49832830804180417,0.18445397092621441,0.15860886051599074,0.15860886051599074,0.31721772103198148,0.31387433711558976,1.2944889472286385e-10,0.99998800588249515,0,1,0,NaN,NaN,NaN
varms_2,2 x MS0(pi/2),refined_transition,transition_refined,sideband_fcl,sideband,fcl,773,11,11,1,0,0.66666666666666663,0.66666666666666663,0.71900974285629526,0.059245067062763883,0.11087259504047045,0.11087259504047045,0.2217451900809409,0.65976467579353137,1.2944889472286385e-10,0.99998800588249515,0,1,0,20,9.9999999999999994e-12,9.9999999999999994e-12
varms_2,2 x MS0(pi/2),existing_coarse,heatmap,sideband_fcl,sideband,fcl,774,21,22,1,0,0.66666666666666663,0.80000000000000004,0.89396009031901902,0.015037781932107426,0.045501063874436816,0.045501063874436816,0.091002127748873632,0.87892230838691154,1.2944889472286385e-10,0.99998800588249515,0,1,0,NaN,NaN,NaN
varms_2,2 x MS0(pi/2),refined_transition,transition_refined,sideband_fcl,sideband,fcl,775,11,12,1,0,0.66666666666666663,0.83333333333333337,0.92033665819761745,0.015909709447839947,0.031876816177271373,0.031876816177271373,0.063753632354542747,0.90442694874977747,1.2944889472286385e-10,0.99998800588249515,0,1,0,20,9.9999999999999994e-12,9.9999999999999994e-12
varms_2,2 x MS0(pi/2),existing_coarse,heatmap,sideband_fcl,sideband,fcl,776,21,23,1,0,0.66666666666666663,0.93333333333333335,0.95110244623864826,0.032401248619950425,0.008248152570700662,0.008248152570700662,0.016496305141401324,0.91870119761869784,1.2944889472286385e-10,0.99998800588249515,0,1,0,NaN,NaN,NaN
varms_2,2 x MS0(pi/2),refined_transition,transition_refined,sideband_fcl,sideband,fcl,777,11,13,1,0,0.66666666666666663,1,0.93726979387604892,0.045121119983321821,0.0088045430703146722,0.0088045430703146722,0.017609086140629344,0.89214867389272712,1.2944889472286385e-10,0.99998800588249515,0,1,0,20,9.9999999999999994e-12,9.9999999999999994e-12
varms_2,2 x MS0(pi/2),existing_coarse,heatmap,sideband_fcl,sideband,fcl,778,21,24,1,0,0.66666666666666663,1.0666666666666667,0.90725644774241909,0.053360684434888742,0.019691433911346028,0.019691433911346028,0.039382867822692055,0.85389576330753036,1.2944889472286385e-10,0.99998800588249515,0,1,0,NaN,NaN,NaN
varms_2,2 x MS0(pi/2),existing_coarse,heatmap,sideband_fcl,sideband,fcl,779,21,25,1,0,0.66666666666666663,1.2,0.84404185356806916,0.055229632639070811,0.050364256896429975,0.050364256896429975,0.10072851379285995,0.78881222092899839,1.2944889472286385e-10,0.99998800588249515,0,1,0,NaN,NaN,NaN
varms_2,2 x MS0(pi/2),existing_coarse,heatmap,sideband_fcl,sideband,fcl,780,21,26,1,0,0.66666666666666663,1.3333333333333333,0.82156076656078747,0.051517070998087069,0.063461081220562696,0.063461081220562696,0.12692216244112539,0.77004369556270036,1.2944889472286385e-10,0.99998800588249515,0,1,0,NaN,NaN,NaN
varms_2,2 x MS0(pi/2),existing_coarse,heatmap,sideband_fcl,sideband,fcl,781,21,27,1,0,0.66666666666666663,1.4666666666666666,0.8389755865163836,0.052643262780097927,0.054190575351759182,0.054190575351759182,0.10838115070351836,0.7863323237362857,1.2944889472286385e-10,0.99998800588249515,0,1,0,NaN,NaN,NaN
varms_2,2 x MS0(pi/2),existing_coarse,heatmap,sideband_fcl,sideband,fcl,782,21,28,1,0,0.66666666666666663,1.6000000000000001,0.87523087541450495,0.054196877940315982,0.035286123322589506,0.035286123322589506,0.070572246645179013,0.82103399747418893,1.2944889472286385e-10,0.99998800588249515,0,1,0,NaN,NaN,NaN
varms_2,2 x MS0(pi/2),existing_coarse,heatmap,sideband_fcl,sideband,fcl,783,21,29,1,0,0.66666666666666663,1.7333333333333334,0.92185334448222345,0.045302878335555671,0.016421888591110437,0.016421888591110437,0.032843777182220875,0.87655046614666776,1.2944889472286385e-10,0.99998800588249515,0,1,0,NaN,NaN,NaN
varms_2,2 x MS0(pi/2),existing_coarse,heatmap,sideband_fcl,sideband,fcl,784,21,30,1,0,0.66666666666666663,1.8666666666666667,0.96826234507636966,0.02312012842441322,0.0043087632496085736,0.0043087632496085736,0.0086175264992171471,0.94514221665195641,1.2944889472286385e-10,0.99998800588249515,0,1,0,NaN,NaN,NaN
varms_2,2 x MS0(pi/2),existing_coarse,heatmap,sideband_fcl,sideband,fcl,785,21,31,1,0,0.66666666666666663,2,0.99491156139276726,0.0035219857499704716,0.00078322642863110038,0.00078322642863110038,0.0015664528572622008,0.99138957564279684,1.2944889472286385e-10,0.99998800588249515,0,1,0,NaN,NaN,NaN
varms_2,2 x MS0(pi/2),existing_coarse,heatmap,sideband_fcl,sideband,fcl,786,22,1,1,0,0.80000000000000004,-2,0.75085219450108354,0.15090914442252068,0.04911933053819792,0.04911933053819792,0.098238661076395839,0.59994305007856286,1.2944889472286385e-10,0.99998800588249515,0,1,0,NaN,NaN,NaN
varms_2,2 x MS0(pi/2),existing_coarse,heatmap,sideband_fcl,sideband,fcl,787,22,2,1,0,0.80000000000000004,-1.8666666666666667,0.69971284964213842,0.22370912599286055,0.038289012182500477,0.038289012182500477,0.076578024365000955,0.4760037236492779,1.2944889472286385e-10,0.99998800588249515,0,1,0,NaN,NaN,NaN
varms_2,2 x MS0(pi/2),existing_coarse,heatmap,sideband_fcl,sideband,fcl,788,22,3,1,0,0.80000000000000004,-1.7333333333333334,0.51228694901437666,0.25989394260661758,0.11390955418950292,0.11390955418950292,0.22781910837900585,0.25239300640775908,1.2944889472286385e-10,0.99998800588249515,0,1,0,NaN,NaN,NaN
varms_2,2 x MS0(pi/2),existing_coarse,heatmap,sideband_fcl,sideband,fcl,789,22,4,1,0,0.80000000000000004,-1.6000000000000001,0.34306333221509888,0.24041386976610232,0.20826139900939936,0.20826139900939936,0.41652279801879871,0.10264946244899656,1.2944889472286385e-10,0.99998800588249515,0,1,0,NaN,NaN,NaN
varms_2,2 x MS0(pi/2),existing_coarse,heatmap,sideband_fcl,sideband,fcl,790,22,5,1,0,0.80000000000000004,-1.4666666666666666,0.24357454434475606,0.18093028441166331,0.28774758562179037,0.28774758562179037,0.57549517124358074,0.06264425993309275,1.2944889472286385e-10,0.99998800588249515,0,1,0,NaN,NaN,NaN
varms_2,2 x MS0(pi/2),existing_coarse,heatmap,sideband_fcl,sideband,fcl,791,22,6,1,0,0.80000000000000004,-1.3333333333333333,0.18797451582971939,0.11824031766604905,0.34689258325211575,0.34689258325211575,0.6937851665042315,0.069734198163670338,1.2944889472286385e-10,0.99998800588249515,0,1,0,NaN,NaN,NaN
varms_2,2 x MS0(pi/2),existing_coarse,heatmap,sideband_fcl,sideband,fcl,792,22,7,1,0,0.80000000000000004,-1.2,0.23546005670780853,0.095060485152228119,0.33473972906998173,0.33473972906998173,0.66947945813996346,0.14039957155558042,1.2944889472286385e-10,0.99998800588249515,0,1,0,NaN,NaN,NaN
varms_2,2 x MS0(pi/2),existing_coarse,heatmap,sideband_fcl,sideband,fcl,793,22,8,1,0,0.80000000000000004,-1.0666666666666667,0.45255558842844318,0.093738180907574742,0.22685311533199101,0.22685311533199101,0.45370623066398202,0.35881740752086844,1.2944889472286385e-10,0.99998800588249515,0,1,0,NaN,NaN,NaN
varms_2,2 x MS0(pi/2),existing_coarse,heatmap,sideband_fcl,sideband,fcl,794,22,9,1,0,0.80000000000000004,-0.93333333333333335,0.7486968355914938,0.062940795054872101,0.094181184676817006,0.094181184676817006,0.18836236935363401,0.68575604053662165,1.2944889472286385e-10,0.99998800588249515,0,1,0,NaN,NaN,NaN
varms_2,2 x MS0(pi/2),existing_coarse,heatmap,sideband_fcl,sideband,fcl,795,22,10,1,0,0.80000000000000004,-0.80000000000000004,0.93908333917940801,0.025804230363062671,0.017556215228764705,0.017556215228764705,0.03511243045752941,0.91327910881634533,1.2944889472286385e-10,0.99998800588249515,0,1,0,NaN,NaN,NaN
varms_2,2 x MS0(pi/2),existing_coarse,heatmap,sideband_fcl,sideband,fcl,796,22,11,1,0,0.80000000000000004,-0.66666666666666663,0.92768787745761849,0.062450819586873874,0.0049306514777538394,0.0049306514777538394,0.0098613029555076788,0.86523705787074467,1.2944889472286385e-10,0.99998800588249515,0,1,0,NaN,NaN,NaN
varms_2,2 x MS0(pi/2),existing_coarse,heatmap,sideband_fcl,sideband,fcl,797,22,12,1,0,0.80000000000000004,-0.53333333333333333,0.76352880081583419,0.18906953252632339,0.023700833328921238,0.023700833328921238,0.047401666657842477,0.57445926828951077,1.2944889472286385e-10,0.99998800588249515,0,1,0,NaN,NaN,NaN
varms_2,2 x MS0(pi/2),existing_coarse,heatmap,sideband_fcl,sideband,fcl,798,22,13,1,0,0.80000000000000004,-0.40000000000000002,0.56118385442050256,0.3355258280815766,0.051645158748960363,0.051645158748960363,0.10329031749792073,0.22565802633892595,1.2944889472286385e-10,0.99998800588249515,0,1,0,NaN,NaN,NaN
varms_2,2 x MS0(pi/2),existing_coarse,heatmap,sideband_fcl,sideband,fcl,799,22,14,1,0,0.80000000000000004,-0.26666666666666666,0.40565694305786404,0.43445435846266511,0.079944349239735424,0.079944349239735424,0.15988869847947085,-0.028797415404801074,1.2944889472286385e-10,0.99998800588249515,0.028809409651754825,0.97119059034824518,-0.012695534032028694,NaN,NaN,NaN
varms_2,2 x MS0(pi/2),existing_coarse,heatmap,sideband_fcl,sideband,fcl,800,22,15,1,0,0.80000000000000004,-0.13333333333333333,0.31630143040265907,0.47646449983099515,0.10361703488317295,0.10361703488317295,0.2072340697663459,-0.16016306942833608,1.2944889472286385e-10,0.99998800588249515,0.16017506367528989,0.83982493632471011,-0.075811234309368092,NaN,NaN,NaN
varms_2,2 x MS0(pi/2),existing_coarse,heatmap,sideband_fcl,sideband,fcl,801,22,16,1,0,0.80000000000000004,0,0.27487109543170873,0.48239853892111229,0.12136518282358948,0.12136518282358948,0.24273036564717895,-0.20752744348940355,1.2944889472286385e-10,0.99998800588249515,0.2075394377363573,0.7924605622636427,-0.1010223417505378,NaN,NaN,NaN
varms_2,2 x MS0(pi/2),existing_coarse,heatmap,sideband_fcl,sideband,fcl,802,22,17,1,0,0.80000000000000004,0.13333333333333333,0.2701685405618926,0.46110250645172918,0.13436447649318914,0.13436447649318914,0.26872895298637828,-0.19093396588983658,1.2944889472286385e-10,0.99998800588249515,0.19094596013679044,0.80905403986320956,-0.09202246920283616,NaN,NaN,NaN
varms_2,2 x MS0(pi/2),existing_coarse,heatmap,sideband_fcl,sideband,fcl,803,22,18,1,0,0.80000000000000004,0.26666666666666666,0.31591992092350468,0.40077285158412135,0.14165361374618696,0.14165361374618696,0.28330722749237391,-0.084852930660616666,1.2944889472286385e-10,0.99998800588249515,0.084864924907570471,0.91513507509242953,-0.038514798788467614,NaN,NaN,NaN
varms_2,2 x MS0(pi/2),existing_coarse,heatmap,sideband_fcl,sideband,fcl,804,22,19,1,0,0.80000000000000004,0.40000000000000002,0.43679004339351812,0.29079253418705819,0.13620871120971187,0.13620871120971187,0.27241742241942374,0.14599750920645993,1.2944889472286385e-10,0.99998800588249515,0,1,0,NaN,NaN,NaN
varms_2,2 x MS0(pi/2),existing_coarse,heatmap,sideband_fcl,sideband,fcl,805,22,20,1,0,0.80000000000000004,0.53333333333333333,0.63092003748470182,0.15296166681124987,0.10805914785202415,0.10805914785202415,0.21611829570404831,0.47795837067345193,1.2944889472286385e-10,0.99998800588249515,0,1,0,NaN,NaN,NaN
varms_2,2 x MS0(pi/2),existing_coarse,heatmap,sideband_fcl,sideband,fcl,806,22,21,1,0,0.80000000000000004,0.66666666666666663,0.83931859621159188,0.04231515104968922,0.059183126369359448,0.059183126369359448,0.1183662527387189,0.79700344516190269,1.2944889472286385e-10,0.99998800588249515,0,1,0,NaN,NaN,NaN
varms_2,2 x MS0(pi/2),existing_coarse,heatmap,sideband_fcl,sideband,fcl,807,22,22,1,0,0.80000000000000004,0.80000000000000004,0.9709999034874276,0.001121811984724845,0.013939142263923742,0.013939142263923742,0.027878284527847484,0.96987809150270277,1.2944889472286385e-10,0.99998800588249515,0,1,0,NaN,NaN,NaN
varms_2,2 x MS0(pi/2),existing_coarse,heatmap,sideband_fcl,sideband,fcl,808,22,23,1,0,0.80000000000000004,0.93333333333333335,0.97507371922215202,0.019373290678231327,0.0027764950498083002,0.0027764950498083002,0.0055529900996166004,0.95570042854392068,1.2944889472286385e-10,0.99998800588249515,0,1,0,NaN,NaN,NaN
varms_2,2 x MS0(pi/2),existing_coarse,heatmap,sideband_fcl,sideband,fcl,809,22,24,1,0,0.80000000000000004,1.0666666666666667,0.88642958839760422,0.053530353116454987,0.030020029242970394,0.030020029242970394,0.060040058485940788,0.83289923528114929,1.2944889472286385e-10,0.99998800588249515,0,1,0,NaN,NaN,NaN
varms_2,2 x MS0(pi/2),existing_coarse,heatmap,sideband_fcl,sideband,fcl,810,22,25,1,0,0.80000000000000004,1.2,0.79439991010852684,0.07359450786060602,0.066002791015433521,0.066002791015433521,0.13200558203086704,0.72080540224792078,1.2944889472286385e-10,0.99998800588249515,0,1,0,NaN,NaN,NaN
varms_2,2 x MS0(pi/2),existing_coarse,heatmap,sideband_fcl,sideband,fcl,811,22,26,1,0,0.80000000000000004,1.3333333333333333,0.76482292224595083,0.078164549097050673,0.078506264328499276,0.078506264328499276,0.15701252865699855,0.68665837314890021,1.2944889472286385e-10,0.99998800588249515,0,1,0,NaN,NaN,NaN
varms_2,2 x MS0(pi/2),existing_coarse,heatmap,sideband_fcl,sideband,fcl,812,22,27,1,0,0.80000000000000004,1.4666666666666666,0.79766753455936301,0.075003959836799902,0.063664252801918536,0.063664252801918536,0.12732850560383707,0.72266357472256315,1.2944889472286385e-10,0.99998800588249515,0,1,0,NaN,NaN,NaN
varms_2,2 x MS0(pi/2),existing_coarse,heatmap,sideband_fcl,sideband,fcl,813,22,28,1,0,0.80000000000000004,1.6000000000000001,0.85688268023198866,0.065756339177161269,0.038680490295424981,0.038680490295424981,0.077360980590849962,0.79112634105482738,1.2944889472286385e-10,0.99998800588249515,0,1,0,NaN,NaN,NaN
varms_2,2 x MS0(pi/2),existing_coarse,heatmap,sideband_fcl,sideband,fcl,814,22,29,1,0,0.80000000000000004,1.7333333333333334,0.91656531649390738,0.048030911736519674,0.017701885884786491,0.017701885884786491,0.035403771769572982,0.86853440475738775,1.2944889472286385e-10,0.99998800588249515,0,1,0,NaN,NaN,NaN
varms_2,2 x MS0(pi/2),existing_coarse,heatmap,sideband_fcl,sideband,fcl,815,22,30,1,0,0.80000000000000004,1.8666666666666667,0.96590526141307709,0.023563552576034309,0.0052655930054443037,0.0052655930054443037,0.010531186010888607,0.94234170883704282,1.2944889472286385e-10,0.99998800588249515,0,1,0,NaN,NaN,NaN
varms_2,2 x MS0(pi/2),existing_coarse,heatmap,sideband_fcl,sideband,fcl,816,22,31,1,0,0.80000000000000004,2,0.99408279717067782,0.0042654748537077659,0.00082586398780725117,0.00082586398780725117,0.0016517279756145023,0.98981732231697006,1.2944889472286385e-10,0.99998800588249515,0,1,0,NaN,NaN,NaN
varms_2,2 x MS0(pi/2),refined_transition,transition_refined,sideband_fcl,sideband,fcl,817,12,1,1,0,0.83333333333333337,-1,0.69030288560760433,0.077677020051225051,0.11601004717058527,0.11601004717058527,0.23202009434117055,0.61262586555637932,1.2944889472286385e-10,0.99998800588249515,0,1,0,20,9.9999999999999994e-12,9.9999999999999994e-12
varms_2,2 x MS0(pi/2),refined_transition,transition_refined,sideband_fcl,sideband,fcl,818,12,2,1,0,0.83333333333333337,-0.83333333333333337,0.94389692533045388,0.025336737709607714,0.015383168479969199,0.015383168479969199,0.030766336959938398,0.91856018762084612,1.2944889472286385e-10,0.99998800588249515,0,1,0,20,9.9999999999999994e-12,9.9999999999999994e-12
varms_2,2 x MS0(pi/2),refined_transition,transition_refined,sideband_fcl,sideband,fcl,819,12,3,1,0,0.83333333333333337,-0.66666666666666663,0.9105132458367059,0.071393244256093433,0.0090467549536003555,0.0090467549536003555,0.018093509907200711,0.83912000158061251,1.2944889472286385e-10,0.99998800588249515,0,1,0,20,9.9999999999999994e-12,9.9999999999999994e-12
varms_2,2 x MS0(pi/2),refined_transition,transition_refined,sideband_fcl,sideband,fcl,820,12,4,1,0,0.83333333333333337,-0.5,0.68312778294943488,0.24327191282771543,0.036800152111424851,0.036800152111424851,0.073600304222849702,0.43985587012171945,1.2944889472286385e-10,0.99998800588249515,0,1,0,20,9.9999999999999994e-12,9.9999999999999994e-12
varms_2,2 x MS0(pi/2),refined_transition,transition_refined,sideband_fcl,sideband,fcl,821,12,5,1,0,0.83333333333333337,-0.33333333333333331,0.45554440802064888,0.40528512353856411,0.069585234220393519,0.069585234220393519,0.13917046844078704,0.050259284482084776,1.2944889472286385e-10,0.99998800588249515,0,1,0,20,9.9999999999999994e-12,9.9999999999999994e-12
varms_2,2 x MS0(pi/2),refined_transition,transition_refined,sideband_fcl,sideband,fcl,822,12,6,1,0,0.83333333333333337,-0.16666666666666666,0.32355747905312587,0.47784412479594351,0.09929919807546532,0.09929919807546532,0.19859839615093064,-0.15428664574281764,1.2944889472286385e-10,0.99998800588249515,0.15429863998977134,0.84570136001022866,-0.072782970999769034,20,9.9999999999999994e-12,9.9999999999999994e-12
varms_2,2 x MS0(pi/2),refined_transition,transition_refined,sideband_fcl,sideband,fcl,823,12,7,1,0,0.83333333333333337,0,0.27226182176523051,0.48577248505923493,0.1209828465877673,0.1209828465877673,0.2419656931755346,-0.21351066329400442,1.2944889472286385e-10,0.99998800588249515,0.21352265754095823,0.78647734245904177,-0.10431378440337799,20,9.9999999999999994e-12,9.9999999999999994e-12
varms_2,2 x MS0(pi/2),refined_transition,transition_refined,sideband_fcl,sideband,fcl,824,12,8,1,0,0.83333333333333337,0.16666666666666666,0.2825660197905005,0.44848268354180398,0.13447564833384776,0.13447564833384776,0.26895129666769552,-0.16591666375130348,1.2944889472286385e-10,0.99998800588249515,0.16592865799825729,0.83407134200174271,-0.078796800546232226,20,9.9999999999999994e-12,9.9999999999999994e-12
varms_2,2 x MS0(pi/2),refined_transition,transition_refined,sideband_fcl,sideband,fcl,825,12,9,1,0,0.83333333333333337,0.33333333333333331,0.38499033900921364,0.34587023179760101,0.1345697145965927,0.1345697145965927,0.2691394291931854,0.039120107211612631,1.2944889472286385e-10,0.99998800588249515,0,1,0,20,9.9999999999999994e-12,9.9999999999999994e-12
varms_2,2 x MS0(pi/2),refined_transition,transition_refined,sideband_fcl,sideband,fcl,826,12,10,1,0,0.83333333333333337,0.5,0.60420908995228573,0.18366006510710303,0.10606542247030559,0.10606542247030559,0.21213084494061119,0.4205490248451827,1.2944889472286385e-10,0.99998800588249515,0,1,0,20,9.9999999999999994e-12,9.9999999999999994e-12
varms_2,2 x MS0(pi/2),refined_transition,transition_refined,sideband_fcl,sideband,fcl,827,12,11,1,0,0.83333333333333337,0.66666666666666663,0.86004002955514658,0.042917724988939546,0.048521122727957,0.048521122727957,0.097042245455914,0.81712230456620705,1.2944889472286385e-10,0.99998800588249515,0,1,0,20,9.9999999999999994e-12,9.9999999999999994e-12
varms_2,2 x MS0(pi/2),refined_transition,transition_refined,sideband_fcl,sideband,fcl,828,12,12,1,0,0.83333333333333337,0.83333333333333337,0.9908157337032687,0.00077243112709739149,0.0042059175848169258,0.0042059175848169258,0.0084118351696338516,0.99004330257617135,1.2944889472286385e-10,0.99998800588249515,0,1,0,20,9.9999999999999994e-12,9.9999999999999994e-12
varms_2,2 x MS0(pi/2),refined_transition,transition_refined,sideband_fcl,sideband,fcl,829,12,13,1,0,0.83333333333333337,1,0.93198253342882309,0.033676888620715148,0.017170288975230867,0.017170288975230867,0.034340577950461734,0.89830564480810793,1.2944889472286385e-10,0.99998800588249515,0,1,0,20,9.9999999999999994e-12,9.9999999999999994e-12
varms_2,2 x MS0(pi/2),existing_coarse,heatmap,sideband_fcl,sideband,fcl,830,23,1,1,0,0.93333333333333335,-2,0.71448562829690032,0.22451635995980571,0.030499005871646945,0.030499005871646945,0.06099801174329389,0.48996926833709464,1.2944889472286385e-10,0.99998800588249515,0,1,0,NaN,NaN,NaN
varms_2,2 x MS0(pi/2),existing_coarse,heatmap,sideband_fcl,sideband,fcl,831,23,2,1,0,0.93333333333333335,-1.8666666666666667,0.53978711951911174,0.24255227730244272,0.10883030158922283,0.10883030158922283,0.21766060317844566,0.29723484221666902,1.2944889472286385e-10,0.99998800588249515,0,1,0,NaN,NaN,NaN
varms_2,2 x MS0(pi/2),existing_coarse,heatmap,sideband_fcl,sideband,fcl,832,23,3,1,0,0.93333333333333335,-1.7333333333333334,0.38635031606678349,0.21491059228994611,0.19936954582163524,0.19936954582163524,0.39873909164327048,0.17143972377683739,1.2944889472286385e-10,0.99998800588249515,0,1,0,NaN,NaN,NaN
varms_2,2 x MS0(pi/2),existing_coarse,heatmap,sideband_fcl,sideband,fcl,833,23,4,1,0,0.93333333333333335,-1.6000000000000001,0.28956791880601979,0.16082141751462831,0.27480533183967598,0.27480533183967598,0.54961066367935196,0.12874650129139148,1.2944889472286385e-10,0.99998800588249515,0,1,0,NaN,NaN,NaN
varms_2,2 x MS0(pi/2),existing_coarse,heatmap,sideband_fcl,sideband,fcl,834,23,5,1,0,0.93333333333333335,-1.4666666666666666,0.24811864739393599,0.11072742894641359,0.3205769618298252,0.3205769618298252,0.6411539236596504,0.13739121844752239,1.2944889472286385e-10,0.99998800588249515,0,1,0,NaN,NaN,NaN
varms_2,2 x MS0(pi/2),existing_coarse,heatmap,sideband_fcl,sideband,fcl,835,23,6,1,0,0.93333333333333335,-1.3333333333333333,0.32228890258054749,0.092715201319022625,0.29249794805021495,0.29249794805021495,0.5849958961004299,0.22957370126152488,1.2944889472286385e-10,0.99998800588249515,0,1,0,NaN,NaN,NaN
varms_2,2 x MS0(pi/2),existing_coarse,heatmap,sideband_fcl,sideband,fcl,836,23,7,1,0,0.93333333333333335,-1.2,0.53473464557794936,0.093784928124133304,0.18574021314895864,0.18574021314895864,0.37148042629791728,0.44094971745381606,1.2944889472286385e-10,0.99998800588249515,0,1,0,NaN,NaN,NaN
varms_2,2 x MS0(pi/2),existing_coarse,heatmap,sideband_fcl,sideband,fcl,837,23,8,1,0,0.93333333333333335,-1.0666666666666667,0.78832712095129831,0.072245484018908082,0.069713697514896769,0.069713697514896769,0.13942739502979354,0.71608163693239024,1.2944889472286385e-10,0.99998800588249515,0,1,0,NaN,NaN,NaN
varms_2,2 x MS0(pi/2),existing_coarse,heatmap,sideband_fcl,sideband,fcl,838,23,9,1,0,0.93333333333333335,-0.93333333333333335,0.94702349455876056,0.030932687087053289,0.011021909177092981,0.011021909177092981,0.022043818354185962,0.91609080747170724,1.2944889472286385e-10,0.99998800588249515,0,1,0,NaN,NaN,NaN
varms_2,2 x MS0(pi/2),existing_coarse,heatmap,sideband_fcl,sideband,fcl,839,23,10,1,0,0.93333333333333335,-0.80000000000000004,0.94821145163533349,0.030969417791953349,0.010409565286356587,0.010409565286356587,0.020819130572713174,0.9172420338433801,1.2944889472286385e-10,0.99998800588249515,0,1,0,NaN,NaN,NaN
varms_2,2 x MS0(pi/2),existing_coarse,heatmap,sideband_fcl,sideband,fcl,840,23,11,1,0,0.93333333333333335,-0.66666666666666663,0.82102307220987825,0.11608024992117164,0.031448338934475108,0.031448338934475108,0.062896677868950215,0.70494282228870664,1.2944889472286385e-10,0.99998800588249515,0,1,0,NaN,NaN,NaN
varms_2,2 x MS0(pi/2),existing_coarse,heatmap,sideband_fcl,sideband,fcl,841,23,12,1,0,0.93333333333333335,-0.53333333333333333,0.63781735310905829,0.25870777107183524,0.051737437909553222,0.051737437909553222,0.10347487581910644,0.37910958203722306,1.2944889472286385e-10,0.99998800588249515,0,1,0,NaN,NaN,NaN
varms_2,2 x MS0(pi/2),existing_coarse,heatmap,sideband_fcl,sideband,fcl,842,23,13,1,0,0.93333333333333335,-0.40000000000000002,0.46705071154174732,0.39238737914568117,0.070280954656285713,0.070280954656285713,0.14056190931257143,0.074663332396066151,1.2944889472286385e-10,0.99998800588249515,0,1,0,NaN,NaN,NaN
varms_2,2 x MS0(pi/2),existing_coarse,heatmap,sideband_fcl,sideband,fcl,843,23,14,1,0,0.93333333333333335,-0.26666666666666666,0.34740754870664159,0.47413176184726658,0.089230344723045987,0.089230344723045987,0.17846068944609197,-0.12672421314062499,1.2944889472286385e-10,0.99998800588249515,0.12673620738757874,0.87326379261242126,-0.058854546247818204,NaN,NaN,NaN
varms_2,2 x MS0(pi/2),existing_coarse,heatmap,sideband_fcl,sideband,fcl,844,23,15,1,0,0.93333333333333335,-0.13333333333333333,0.28298067748013522,0.50421148284357376,0.10640391983814551,0.10640391983814551,0.21280783967629102,-0.22123080536343853,1.2944889472286385e-10,0.99998800588249515,0.22124279961039228,0.77875720038960772,-0.10859792482713339,NaN,NaN,NaN
varms_2,2 x MS0(pi/2),existing_coarse,heatmap,sideband_fcl,sideband,fcl,845,23,16,1,0,0.93333333333333335,0,0.26240605440863685,0.499267824764974,0.11916306041319458,0.11916306041319458,0.23832612082638915,-0.23686177035633715,1.2944889472286385e-10,0.99998800588249515,0.2368737646032909,0.7631262353967091,-0.11740361564727236,NaN,NaN,NaN
varms_2,2 x MS0(pi/2),existing_coarse,heatmap,sideband_fcl,sideband,fcl,846,23,17,1,0,0.93333333333333335,0.13333333333333333,0.28491540744863331,0.46363998836326942,0.12572230209404861,0.12572230209404861,0.25144460418809722,-0.17872458091463611,1.2944889472286385e-10,0.99998800588249515,0.17873657516158992,0.82126342483841008,-0.085517518149863012,NaN,NaN,NaN
varms_2,2 x MS0(pi/2),existing_coarse,heatmap,sideband_fcl,sideband,fcl,847,23,18,1,0,0.93333333333333335,0.26666666666666666,0.36643189193922449,0.38894663215104763,0.122310737954864,0.122310737954864,0.24462147590972799,-0.022514740211823148,1.2944889472286385e-10,0.99998800588249515,0.022526734458776954,0.97747326554122305,-0.0098951119747561923,NaN,NaN,NaN
varms_2,2 x MS0(pi/2),existing_coarse,heatmap,sideband_fcl,sideband,fcl,848,23,19,1,0,0.93333333333333335,0.40000000000000002,0.51868495854933527,0.2751358660945894,0.10308958767803771,0.10308958767803771,0.20617917535607541,0.24354909245474587,1.2944889472286385e-10,0.99998800588249515,0,1,0,NaN,NaN,NaN
varms_2,2 x MS0(pi/2),existing_coarse,heatmap,sideband_fcl,sideband,fcl,849,23,20,1,0,0.93333333333333335,0.53333333333333333,0.7183219463375462,0.14738251084055709,0.067147771410948368,0.067147771410948368,0.13429554282189674,0.57093943549698911,1.2944889472286385e-10,0.99998800588249515,0,1,0,NaN,NaN,NaN
varms_2,2 x MS0(pi/2),existing_coarse,heatmap,sideband_fcl,sideband,fcl,850,23,21,1,0,0.93333333333333335,0.66666666666666663,0.89920712698937144,0.047129860029897747,0.026831506490365371,0.026831506490365371,0.053663012980730743,0.85207726695947372,1.2944889472286385e-10,0.99998800588249515,0,1,0,NaN,NaN,NaN
varms_2,2 x MS0(pi/2),existing_coarse,heatmap,sideband_fcl,sideband,fcl,851,23,22,1,0,0.93333333333333335,0.80000000000000004,0.9882237268022992,0.0025427123501105642,0.0046167804237951457,0.0046167804237951457,0.0092335608475902914,0.98568101445218859,1.2944889472286385e-10,0.99998800588249515,0,1,0,NaN,NaN,NaN
varms_2,2 x MS0(pi/2),existing_coarse,heatmap,sideband_fcl,sideband,fcl,852,23,23,1,0,0.93333333333333335,0.93333333333333335,0.95830958105468211,0.0092965699565869982,0.016196924494365349,0.016196924494365349,0.032393848988730697,0.94901301109809511,1.2944889472286385e-10,0.99998800588249515,0,1,0,NaN,NaN,NaN
varms_2,2 x MS0(pi/2),existing_coarse,heatmap,sideband_fcl,sideband,fcl,853,23,24,1,0,0.93333333333333335,1.0666666666666667,0.85118743369911332,0.039797365953721804,0.054507600173582478,0.054507600173582478,0.10901520034716496,0.81139006774539146,1.2944889472286385e-10,0.99998800588249515,0,1,0,NaN,NaN,NaN
varms_2,2 x MS0(pi/2),existing_coarse,heatmap,sideband_fcl,sideband,fcl,854,23,25,1,0,0.93333333333333335,1.2,0.74909527615530325,0.067596753103171592,0.091653985370762511,0.091653985370762511,0.18330797074152502,0.68149852305213166,1.2944889472286385e-10,0.99998800588249515,0,1,0,NaN,NaN,NaN
varms_2,2 x MS0(pi/2),existing_coarse,heatmap,sideband_fcl,sideband,fcl,855,23,26,1,0,0.93333333333333335,1.3333333333333333,0.71679037946522195,0.082241555555593426,0.10048403248959233,0.10048403248959233,0.20096806497918465,0.63454882390962852,1.2944889472286385e-10,0.99998800588249515,0,1,0,NaN,NaN,NaN
varms_2,2 x MS0(pi/2),existing_coarse,heatmap,sideband_fcl,sideband,fcl,856,23,27,1,0,0.93333333333333335,1.4666666666666666,0.76092346835938995,0.083985319185825788,0.077545606227392108,0.077545606227392108,0.15509121245478422,0.67693814917356421,1.2944889472286385e-10,0.99998800588249515,0,1,0,NaN,NaN,NaN
varms_2,2 x MS0(pi/2),existing_coarse,heatmap,sideband_fcl,sideband,fcl,857,23,28,1,0,0.93333333333333335,1.6000000000000001,0.84128891460697364,0.073022667042481337,0.042844209175272548,0.042844209175272548,0.085688418350545095,0.76826624756449235,1.2944889472286385e-10,0.99998800588249515,0,1,0,NaN,NaN,NaN
varms_2,2 x MS0(pi/2),existing_coarse,heatmap,sideband_fcl,sideband,fcl,858,23,29,1,0,0.93333333333333335,1.7333333333333334,0.91602870455341845,0.050616590809727989,0.016677352318426725,0.016677352318426725,0.033354704636853451,0.86541211374369043,1.2944889472286385e-10,0.99998800588249515,0,1,0,NaN,NaN,NaN
varms_2,2 x MS0(pi/2),existing_coarse,heatmap,sideband_fcl,sideband,fcl,859,23,30,1,0,0.93333333333333335,1.8666666666666667,0.96783416804885969,0.023782837059127801,0.0041914974460062083,0.0041914974460062083,0.0083829948920124166,0.94405133098973193,1.2944889472286385e-10,0.99998800588249515,0,1,0,NaN,NaN,NaN
varms_2,2 x MS0(pi/2),existing_coarse,heatmap,sideband_fcl,sideband,fcl,860,23,31,1,0,0.93333333333333335,2,0.99403315733471309,0.0042303247517913953,0.00086825895674781076,0.00086825895674781076,0.0017365179134956215,0.98980283258292168,1.2944889472286385e-10,0.99998800588249515,0,1,0,NaN,NaN,NaN
varms_2,2 x MS0(pi/2),refined_transition,transition_refined,sideband_fcl,sideband,fcl,861,13,1,1,0,1,-1,0.94394153815580262,0.035200662335122097,0.010428899754537596,0.010428899754537596,0.020857799509075192,0.90874087582068053,1.2944889472286385e-10,0.99998800588249515,0,1,0,20,9.9999999999999994e-12,9.9999999999999994e-12
varms_2,2 x MS0(pi/2),refined_transition,transition_refined,sideband_fcl,sideband,fcl,862,13,2,1,0,1,-0.83333333333333337,0.92138480501450548,0.039873435072270473,0.019370879956612002,0.019370879956612002,0.038741759913224004,0.881511369942235,1.2944889472286385e-10,0.99998800588249515,0,1,0,20,9.9999999999999994e-12,9.9999999999999994e-12
varms_2,2 x MS0(pi/2),refined_transition,transition_refined,sideband_fcl,sideband,fcl,863,13,3,1,0,1,-0.66666666666666663,0.74826471290182872,0.15550878175187685,0.048113252673147248,0.048113252673147248,0.096226505346294497,0.59275593114995184,1.2944889472286385e-10,0.99998800588249515,0,1,0,20,9.9999999999999994e-12,9.9999999999999994e-12
varms_2,2 x MS0(pi/2),refined_transition,transition_refined,sideband_fcl,sideband,fcl,864,13,4,1,0,1,-0.5,0.53557015888503612,0.32795344055636705,0.06823820027929843,0.06823820027929843,0.13647640055859686,0.20761671832866907,1.2944889472286385e-10,0.99998800588249515,0,1,0,20,9.9999999999999994e-12,9.9999999999999994e-12
varms_2,2 x MS0(pi/2),refined_transition,transition_refined,sideband_fcl,sideband,fcl,865,13,5,1,0,1,-0.33333333333333331,0.36783831822822466,0.45914253131418831,0.086509575228793573,0.086509575228793573,0.17301915045758715,-0.091304213085963648,1.2944889472286385e-10,0.99998800588249515,0.091316207332917343,0.90868379266708266,-0.041587217978101172,20,9.9999999999999994e-12,9.9999999999999994e-12
varms_2,2 x MS0(pi/2),refined_transition,transition_refined,sideband_fcl,sideband,fcl,866,13,6,1,0,1,-0.16666666666666666,0.27732040037574374,0.51383825293936258,0.10442067334244678,0.10442067334244678,0.20884134668489357,-0.23651785256361885,1.2944889472286385e-10,0.99998800588249515,0.23652984681057265,0.76347015318942735,-0.11720793641830332,20,9.9999999999999994e-12,9.9999999999999994e-12
varms_2,2 x MS0(pi/2),refined_transition,transition_refined,sideband_fcl,sideband,fcl,867,13,7,1,0,1,0,0.25630586956753526,0.51022237324773101,0.11673587859236681,0.11673587859236681,0.23347175718473362,-0.25391650368019575,1.2944889472286385e-10,0.99998800588249515,0.25392849792714944,0.74607150207285056,-0.12721954857611403,20,9.9999999999999994e-12,9.9999999999999994e-12
varms_2,2 x MS0(pi/2),refined_transition,transition_refined,sideband_fcl,sideband,fcl,868,13,8,1,0,1,0.16666666666666666,0.30890315202845292,0.45345209820840576,0.11882237488157063,0.11882237488157063,0.23764474976314126,-0.14454894617995284,1.2944889472286385e-10,0.99998800588249515,0.14456094042690659,0.85543905957309341,-0.067810923625877845,20,9.9999999999999994e-12,9.9999999999999994e-12
varms_2,2 x MS0(pi/2),refined_transition,transition_refined,sideband_fcl,sideband,fcl,869,13,9,1,0,1,0.33333333333333331,0.46149634584632243,0.33383046217066942,0.10233659599150412,0.10233659599150412,0.20467319198300823,0.12766588367565301,1.2944889472286385e-10,0.99998800588249515,0,1,0,20,9.9999999999999994e-12,9.9999999999999994e-12
varms_2,2 x MS0(pi/2),refined_transition,transition_refined,sideband_fcl,sideband,fcl,870,13,10,1,0,1,0.5,0.69709395446971512,0.17696361797250476,0.062971213778890034,0.062971213778890034,0.12594242755778007,0.5201303364972103,1.2944889472286385e-10,0.99998800588249515,0,1,0,20,9.9999999999999994e-12,9.9999999999999994e-12
varms_2,2 x MS0(pi/2),refined_transition,transition_refined,sideband_fcl,sideband,fcl,871,13,11,1,0,1,0.66666666666666663,0.91025030058631351,0.049788006427465357,0.019980846493110566,0.019980846493110566,0.039961692986221133,0.86046229415884812,1.2944889472286385e-10,0.99998800588249515,0,1,0,20,9.9999999999999994e-12,9.9999999999999994e-12
varms_2,2 x MS0(pi/2),refined_transition,transition_refined,sideband_fcl,sideband,fcl,872,13,12,1,0,1,0.83333333333333337,0.98093125601368802,0.0013889351961150972,0.0088399043950985242,0.0088399043950985242,0.017679808790197048,0.97954232081757298,1.2944889472286385e-10,0.99998800588249515,0,1,0,20,9.9999999999999994e-12,9.9999999999999994e-12
varms_2,2 x MS0(pi/2),refined_transition,transition_refined,sideband_fcl,sideband,fcl,873,13,13,1,0,1,1,0.89354205032162348,0.019504514435400546,0.043476717621487949,0.043476717621487949,0.086953435242975899,0.8740375358862229,1.2944889472286385e-10,0.99998800588249515,0,1,0,20,9.9999999999999994e-12,9.9999999999999994e-12
varms_2,2 x MS0(pi/2),existing_coarse,heatmap,sideband_fcl,sideband,fcl,874,24,1,1,0,1.0666666666666667,-2,0.52949352653493542,0.24713491654978856,0.11168577845763808,0.11168577845763808,0.22337155691527616,0.28235860998514684,1.2944889472286385e-10,0.99998800588249515,0,1,0,NaN,NaN,NaN
varms_2,2 x MS0(pi/2),existing_coarse,heatmap,sideband_fcl,sideband,fcl,875,24,2,1,0,1.0666666666666667,-1.8666666666666667,0.39464008817253365,0.19817808214541124,0.20359091484102756,0.20359091484102756,0.40718182968205513,0.19646200602712241,1.2944889472286385e-10,0.99998800588249515,0,1,0,NaN,NaN,NaN
varms_2,2 x MS0(pi/2),existing_coarse,heatmap,sideband_fcl,sideband,fcl,876,24,3,1,0,1.0666666666666667,-1.7333333333333334,0.30992653063390274,0.13271325314566504,0.27868010811021604,0.27868010811021604,0.55736021622043208,0.1772132774882377,1.2944889472286385e-10,0.99998800588249515,0,1,0,NaN,NaN,NaN
varms_2,2 x MS0(pi/2),existing_coarse,heatmap,sideband_fcl,sideband,fcl,877,24,4,1,0,1.0666666666666667,-1.6000000000000001,0.27410147995147705,0.086895922875720982,0.31950129858640103,0.31950129858640103,0.63900259717280206,0.18720555707575606,1.2944889472286385e-10,0.99998800588249515,0,1,0,NaN,NaN,NaN
varms_2,2 x MS0(pi/2),existing_coarse,heatmap,sideband_fcl,sideband,fcl,878,24,5,1,0,1.0666666666666667,-1.4666666666666666,0.36511363321284651,0.074924285555211134,0.27998104061597123,0.27998104061597123,0.55996208123194247,0.29018934765763538,1.2944889472286385e-10,0.99998800588249515,0,1,0,NaN,NaN,NaN
varms_2,2 x MS0(pi/2),existing_coarse,heatmap,sideband_fcl,sideband,fcl,879,24,6,1,0,1.0666666666666667,-1.3333333333333333,0.58680054265788417,0.076355040984027747,0.16842220817904396,0.16842220817904396,0.33684441635808793,0.51044550167385638,1.2944889472286385e-10,0.99998800588249515,0,1,0,NaN,NaN,NaN
varms_2,2 x MS0(pi/2),existing_coarse,heatmap,sideband_fcl,sideband,fcl,880,24,7,1,0,1.0666666666666667,-1.2,0.81740110774185348,0.063027642010617058,0.059785625123764695,0.059785625123764695,0.11957125024752939,0.75437346573123643,1.2944889472286385e-10,0.99998800588249515,0,1,0,NaN,NaN,NaN
varms_2,2 x MS0(pi/2),existing_coarse,heatmap,sideband_fcl,sideband,fcl,881,24,8,1,0,1.0666666666666667,-1.0666666666666667,0.9404731586376075,0.03725620376104373,0.011135318800674351,0.011135318800674351,0.022270637601348703,0.90321695487656373,1.2944889472286385e-10,0.99998800588249515,0,1,0,NaN,NaN,NaN
varms_2,2 x MS0(pi/2),existing_coarse,heatmap,sideband_fcl,sideband,fcl,882,24,9,1,0,1.0666666666666667,-0.93333333333333335,0.93093407185557331,0.034490653567196279,0.017287637288615196,0.017287637288615196,0.034575274577230392,0.89644341828837704,1.2944889472286385e-10,0.99998800588249515,0,1,0,NaN,NaN,NaN
varms_2,2 x MS0(pi/2),existing_coarse,heatmap,sideband_fcl,sideband,fcl,883,24,10,1,0,1.0666666666666667,-0.80000000000000004,0.82694084357815956,0.087812316285440978,0.04262342006819976,0.04262342006819976,0.085246840136399521,0.73912852729271861,1.2944889472286385e-10,0.99998800588249515,0,1,0,NaN,NaN,NaN
varms_2,2 x MS0(pi/2),existing_coarse,heatmap,sideband_fcl,sideband,fcl,884,24,11,1,0,1.0666666666666667,-0.66666666666666663,0.67790292983908362,0.19557795808807024,0.063259556036423123,0.063259556036423123,0.12651911207284625,0.48232497175101341,1.2944889472286385e-10,0.99998800588249515,0,1,0,NaN,NaN,NaN
varms_2,2 x MS0(pi/2),existing_coarse,heatmap,sideband_fcl,sideband,fcl,885,24,12,1,0,1.0666666666666667,-0.53333333333333333,0.5233714780042924,0.32351600753022358,0.076556257232741967,0.076556257232741967,0.15311251446548393,0.19985547047406882,1.2944889472286385e-10,0.99998800588249515,0,1,0,NaN,NaN,NaN
varms_2,2 x MS0(pi/2),existing_coarse,heatmap,sideband_fcl,sideband,fcl,886,24,13,1,0,1.0666666666666667,-0.40000000000000002,0.39242333495205023,0.43187295655222702,0.087851854247861363,0.087851854247861363,0.17570370849572273,-0.039449621600176787,1.2944889472286385e-10,0.99998800588249515,0.039461615847130482,0.96053838415286952,-0.017485275578234243,NaN,NaN,NaN
varms_2,2 x MS0(pi/2),existing_coarse,heatmap,sideband_fcl,sideband,fcl,887,24,14,1,0,1.0666666666666667,-0.26666666666666666,0.30232556090974444,0.49978280325948354,0.098945817915386008,0.098945817915386008,0.19789163583077202,-0.1974572423497391,1.2944889472286385e-10,0.99998800588249515,0.19746923659669291,0.80253076340330709,-0.09553831079819812,NaN,NaN,NaN
varms_2,2 x MS0(pi/2),existing_coarse,heatmap,sideband_fcl,sideband,fcl,888,24,15,1,0,1.0666666666666667,-0.13333333333333333,0.25649892691643106,0.5279831824033806,0.10775894534009418,0.10775894534009418,0.21551789068018837,-0.27148425548694954,1.2944889472286385e-10,0.99998800588249515,0.27149624973390329,0.72850375026609671,-0.13756820818269494,NaN,NaN,NaN
varms_2,2 x MS0(pi/2),existing_coarse,heatmap,sideband_fcl,sideband,fcl,889,24,16,1,0,1.0666666666666667,0,0.25334440168218902,0.52188993055217636,0.11238283388281731,0.11238283388281731,0.22476566776563461,-0.26854552886998734,1.2944889472286385e-10,0.99998800588249515,0.26855752311694103,0.73144247688305897,-0.1358198225866227,NaN,NaN,NaN
varms_2,2 x MS0(pi/2),existing_coarse,heatmap,sideband_fcl,sideband,fcl,890,24,17,1,0,1.0666666666666667,0.13333333333333333,0.2996825876002101,0.47808286741463157,0.11111727249257913,0.11111727249257913,0.22223454498515827,-0.17840027981442147,1.2944889472286385e-10,0.99998800588249515,0.17841227406137528,0.82158772593862472,-0.085346057479112447,NaN,NaN,NaN
varms_2,2 x MS0(pi/2),existing_coarse,heatmap,sideband_fcl,sideband,fcl,891,24,18,1,0,1.0666666666666667,0.26666666666666666,0.40858932464679143,0.39136642573820613,0.10002212480750125,0.10002212480750125,0.2000442496150025,0.017222898908585305,1.2944889472286385e-10,0.99998800588249515,0,1,0,NaN,NaN,NaN
varms_2,2 x MS0(pi/2),existing_coarse,heatmap,sideband_fcl,sideband,fcl,892,24,19,1,0,1.0666666666666667,0.40000000000000002,0.57703308128461872,0.27132138702214953,0.075822765846615889,0.075822765846615889,0.15164553169323178,0.30571169426246919,1.2944889472286385e-10,0.99998800588249515,0,1,0,NaN,NaN,NaN
varms_2,2 x MS0(pi/2),existing_coarse,heatmap,sideband_fcl,sideband,fcl,893,24,20,1,0,1.0666666666666667,0.53333333333333333,0.76640947559599815,0.14683835421852412,0.043376085092738818,0.043376085092738818,0.086752170185477637,0.61957112137747405,1.2944889472286385e-10,0.99998800588249515,0,1,0,NaN,NaN,NaN
varms_2,2 x MS0(pi/2),existing_coarse,heatmap,sideband_fcl,sideband,fcl,894,24,21,1,0,1.0666666666666667,0.66666666666666663,0.91366629543140476,0.05235712820642098,0.016988288181087087,0.016988288181087087,0.033976576362174174,0.86130916722498374,1.2944889472286385e-10,0.99998800588249515,0,1,0,NaN,NaN,NaN
varms_2,2 x MS0(pi/2),existing_coarse,heatmap,sideband_fcl,sideband,fcl,895,24,22,1,0,1.0666666666666667,0.80000000000000004,0.96899637624578905,0.0075774699191680471,0.011713076917521461,0.011713076917521461,0.023426153835042922,0.96141890632662097,1.2944889472286385e-10,0.99998800588249515,0,1,0,NaN,NaN,NaN
varms_2,2 x MS0(pi/2),existing_coarse,heatmap,sideband_fcl,sideband,fcl,896,24,23,1,0,1.0666666666666667,0.93333333333333335,0.92645770103103842,0.0080579711142446976,0.032742163927358486,0.032742163927358486,0.065484327854716973,0.91839972991679375,1.2944889472286385e-10,0.99998800588249515,0,1,0,NaN,NaN,NaN
varms_2,2 x MS0(pi/2),existing_coarse,heatmap,sideband_fcl,sideband,fcl,897,24,24,1,0,1.0666666666666667,1.0666666666666667,0.82642586095895842,0.032051122417008776,0.070761508312016372,0.070761508312016372,0.14152301662403274,0.79437473854194962,1.2944889472286385e-10,0.99998800588249515,0,1,0,NaN,NaN,NaN
varms_2,2 x MS0(pi/2),existing_coarse,heatmap,sideband_fcl,sideband,fcl,898,24,25,1,0,1.0666666666666667,1.2,0.73378700676700903,0.056336451105416692,0.10493827106378711,0.10493827106378711,0.20987654212757423,0.67745055566159229,1.2944889472286385e-10,0.99998800588249515,0,1,0,NaN,NaN,NaN
varms_2,2 x MS0(pi/2),existing_coarse,heatmap,sideband_fcl,sideband,fcl,899,24,26,1,0,1.0666666666666667,1.3333333333333333,0.70353507172453322,0.069800718824130678,0.11333210472566811,0.11333210472566811,0.22666420945133622,0.63373435290040259,1.2944889472286385e-10,0.99998800588249515,0,1,0,NaN,NaN,NaN
varms_2,2 x MS0(pi/2),existing_coarse,heatmap,sideband_fcl,sideband,fcl,900,24,27,1,0,1.0666666666666667,1.4666666666666666,0.74904180627678807,0.072825973252597501,0.089066110235307194,0.089066110235307194,0.17813222047061439,0.67621583302419053,1.2944889472286385e-10,0.99998800588249515,0,1,0,NaN,NaN,NaN
varms_2,2 x MS0(pi/2),existing_coarse,heatmap,sideband_fcl,sideband,fcl,901,24,28,1,0,1.0666666666666667,1.6000000000000001,0.83656191242386202,0.065378598074627703,0.049029744750755139,0.049029744750755139,0.098059489501510277,0.77118331434923437,1.2944889472286385e-10,0.99998800588249515,0,1,0,NaN,NaN,NaN
varms_2,2 x MS0(pi/2),existing_coarse,heatmap,sideband_fcl,sideband,fcl,902,24,29,1,0,1.0666666666666667,1.7333333333333334,0.91733495861834047,0.046098878742475466,0.01828308131959203,0.01828308131959203,0.036566162639184059,0.87123607987586504,1.2944889472286385e-10,0.99998800588249515,0,1,0,NaN,NaN,NaN
varms_2,2 x MS0(pi/2),existing_coarse,heatmap,sideband_fcl,sideband,fcl,903,24,30,1,0,1.0666666666666667,1.8666666666666667,0.96678860480106477,0.021701373292748925,0.0057550109530931206,0.0057550109530931206,0.011510021906186241,0.94508723150831586,1.2944889472286385e-10,0.99998800588249515,0,1,0,NaN,NaN,NaN
varms_2,2 x MS0(pi/2),existing_coarse,heatmap,sideband_fcl,sideband,fcl,904,24,31,1,0,1.0666666666666667,2,0.98747824920675609,0.0042220348915821288,0.0041498579508308445,0.0041498579508308445,0.0082997159016616889,0.98325621431517396,1.2944889472286385e-10,0.99998800588249515,0,1,0,NaN,NaN,NaN
varms_2,2 x MS0(pi/2),existing_coarse,heatmap,sideband_fcl,sideband,fcl,905,25,1,1,0,1.2,-2,0.36935732204948296,0.19597020835991355,0.21733623479530173,0.21733623479530173,0.43467246959060346,0.17338711368956941,1.2944889472286385e-10,0.99998800588249515,0,1,0,NaN,NaN,NaN
varms_2,2 x MS0(pi/2),existing_coarse,heatmap,sideband_fcl,sideband,fcl,906,25,2,1,0,1.2,-1.8666666666666667,0.29387541223380875,0.11070383721834864,0.2977103752739213,0.2977103752739213,0.5954207505478426,0.18317157501546011,1.2944889472286385e-10,0.99998800588249515,0,1,0,NaN,NaN,NaN
varms_2,2 x MS0(pi/2),existing_coarse,heatmap,sideband_fcl,sideband,fcl,907,25,3,1,0,1.2,-1.7333333333333334,0.25627825014269873,0.0572501802479033,0.34323578480469902,0.34323578480469902,0.68647156960939804,0.19902806989479543,1.2944889472286385e-10,0.99998800588249515,0,1,0,NaN,NaN,NaN
varms_2,2 x MS0(pi/2),existing_coarse,heatmap,sideband_fcl,sideband,fcl,908,25,4,1,0,1.2,-1.6000000000000001,0.35271791321166968,0.050541579976410976,0.29837025340595963,0.29837025340595963,0.59674050681191926,0.30217633323525872,1.2944889472286385e-10,0.99998800588249515,0,1,0,NaN,NaN,NaN
varms_2,2 x MS0(pi/2),existing_coarse,heatmap,sideband_fcl,sideband,fcl,909,25,5,1,0,1.2,-1.4666666666666666,0.59357267136616543,0.055518964563445898,0.17545418203519431,0.17545418203519431,0.35090836407038861,0.53805370680271958,1.2944889472286385e-10,0.99998800588249515,0,1,0,NaN,NaN,NaN
varms_2,2 x MS0(pi/2),existing_coarse,heatmap,sideband_fcl,sideband,fcl,910,25,6,1,0,1.2,-1.3333333333333333,0.83186512209916863,0.046120406647690383,0.061007235626570483,0.061007235626570483,0.12201447125314097,0.78574471545147828,1.2944889472286385e-10,0.99998800588249515,0,1,0,NaN,NaN,NaN
varms_2,2 x MS0(pi/2),existing_coarse,heatmap,sideband_fcl,sideband,fcl,911,25,7,1,0,1.2,-1.2,0.9403138304076597,0.034167202091386871,0.01275948375047675,0.01275948375047675,0.025518967500953501,0.9061466283162728,1.2944889472286385e-10,0.99998800588249515,0,1,0,NaN,NaN,NaN
varms_2,2 x MS0(pi/2),existing_coarse,heatmap,sideband_fcl,sideband,fcl,912,25,8,1,0,1.2,-1.0666666666666667,0.91467888365706984,0.043516286700720268,0.020902414821104963,0.020902414821104963,0.041804829642209926,0.87116259695634957,1.2944889472286385e-10,0.99998800588249515,0,1,0,NaN,NaN,NaN
varms_2,2 x MS0(pi/2),existing_coarse,heatmap,sideband_fcl,sideband,fcl,913,25,9,1,0,1.2,-0.93333333333333335,0.81464826487118891,0.086724267197444915,0.049313733965683081,0.049313733965683081,0.098627467931366161,0.72792399767374394,1.2944889472286385e-10,0.99998800588249515,0,1,0,NaN,NaN,NaN
varms_2,2 x MS0(pi/2),existing_coarse,heatmap,sideband_fcl,sideband,fcl,914,25,10,1,0,1.2,-0.80000000000000004,0.68996135503390987,0.16140398231509751,0.074317331325496283,0.074317331325496283,0.14863466265099257,0.52855737271881242,1.2944889472286385e-10,0.99998800588249515,0,1,0,NaN,NaN,NaN
varms_2,2 x MS0(pi/2),existing_coarse,heatmap,sideband_fcl,sideband,fcl,915,25,11,1,0,1.2,-0.66666666666666663,0.56406672637422761,0.25471496952149619,0.090609152052138028,0.090609152052138028,0.18121830410427606,0.30935175685273142,1.2944889472286385e-10,0.99998800588249515,0,1,0,NaN,NaN,NaN
varms_2,2 x MS0(pi/2),existing_coarse,heatmap,sideband_fcl,sideband,fcl,916,25,12,1,0,1.2,-0.53333333333333333,0.44776754533331703,0.3502049030715923,0.10101377579754531,0.10101377579754531,0.20202755159509062,0.09756264226172473,1.2944889472286385e-10,0.99998800588249515,0,1,0,NaN,NaN,NaN
varms_2,2 x MS0(pi/2),existing_coarse,heatmap,sideband_fcl,sideband,fcl,917,25,13,1,0,1.2,-0.40000000000000002,0.35112630279460227,0.43433909218886896,0.10726730250826437,0.10726730250826437,0.21453460501652874,-0.083212789394266684,1.2944889472286385e-10,0.99998800588249515,0.083224783641220323,0.91677521635877968,-0.037737135717117516,NaN,NaN,NaN
varms_2,2 x MS0(pi/2),existing_coarse,heatmap,sideband_fcl,sideband,fcl,918,25,14,1,0,1.2,-0.26666666666666666,0.28456236051445782,0.49944742530544334,0.10799510709004938,0.10799510709004938,0.21599021418009876,-0.21488506479098551,1.2944889472286385e-10,0.99998800588249515,0.21489705903793932,0.78510294096206068,-0.10507339578884255,NaN,NaN,NaN
varms_2,2 x MS0(pi/2),existing_coarse,heatmap,sideband_fcl,sideband,fcl,919,25,15,1,0,1.2,-0.13333333333333333,0.25528056322364479,0.53978223464736352,0.10246860106449586,0.10246860106449586,0.20493720212899172,-0.28450167142371874,1.2944889472286385e-10,0.99998800588249515,0.28451366567067249,0.71548633432932751,-0.14539865677777891,NaN,NaN,NaN
varms_2,2 x MS0(pi/2),existing_coarse,heatmap,sideband_fcl,sideband,fcl,920,25,16,1,0,1.2,0,0.26883710796176397,0.5440972484763843,0.093532821780925868,0.093532821780925868,0.18706564356185174,-0.27526014051462033,1.2944889472286385e-10,0.99998800588249515,0.27527213476157408,0.72472786523842592,-0.13982504006625143,NaN,NaN,NaN
varms_2,2 x MS0(pi/2),existing_coarse,heatmap,sideband_fcl,sideband,fcl,921,25,17,1,0,1.2,0.13333333333333333,0.3340192111146148,0.49842622662221114,0.083777281131587084,0.083777281131587084,0.16755456226317417,-0.16440701550759634,1.2944889472286385e-10,0.99998800588249515,0.16441900975455015,0.83558099024544985,-0.07801144892798352,NaN,NaN,NaN
varms_2,2 x MS0(pi/2),existing_coarse,heatmap,sideband_fcl,sideband,fcl,922,25,18,1,0,1.2,0.26666666666666666,0.45747552862117996,0.40137065290810325,0.070576909235358393,0.070576909235358393,0.14115381847071679,0.056104875713076707,1.2944889472286385e-10,0.99998800588249515,0,1,0,NaN,NaN,NaN
varms_2,2 x MS0(pi/2),existing_coarse,heatmap,sideband_fcl,sideband,fcl,923,25,19,1,0,1.2,0.40000000000000002,0.62503572376127714,0.2734311683996688,0.050766553919527009,0.050766553919527009,0.10153310783905402,0.35160455536160834,1.2944889472286385e-10,0.99998800588249515,0,1,0,NaN,NaN,NaN
varms_2,2 x MS0(pi/2),existing_coarse,heatmap,sideband_fcl,sideband,fcl,924,25,20,1,0,1.2,0.53333333333333333,0.79278015131611401,0.14910686619764862,0.029056491243118699,0.029056491243118699,0.058112982486237398,0.64367328511846544,1.2944889472286385e-10,0.99998800588249515,0,1,0,NaN,NaN,NaN
varms_2,2 x MS0(pi/2),existing_coarse,heatmap,sideband_fcl,sideband,fcl,925,25,21,1,0,1.2,0.66666666666666663,0.90770846788888038,0.059542778772668177,0.016374376669225674,0.016374376669225674,0.032748753338451349,0.84816568911621215,1.2944889472286385e-10,0.99998800588249515,0,1,0,NaN,NaN,NaN
varms_2,2 x MS0(pi/2),existing_coarse,heatmap,sideband_fcl,sideband,fcl,926,25,22,1,0,1.2,0.80000000000000004,0.94065403597507369,0.017912669996874662,0.020716647014025848,0.020716647014025848,0.041433294028051695,0.922741365978199,1.2944889472286385e-10,0.99998800588249515,0,1,0,NaN,NaN,NaN
varms_2,2 x MS0(pi/2),existing_coarse,heatmap,sideband_fcl,sideband,fcl,927,25,23,1,0,1.2,0.93333333333333335,0.89979217347126805,0.016285065938485357,0.041961380295123266,0.041961380295123266,0.083922760590246531,0.88350710753278272,1.2944889472286385e-10,0.99998800588249515,0,1,0,NaN,NaN,NaN
varms_2,2 x MS0(pi/2),existing_coarse,heatmap,sideband_fcl,sideband,fcl,928,25,24,1,0,1.2,1.0666666666666667,0.82118342204898365,0.033627944422713676,0.072594316764151345,0.072594316764151345,0.14518863352830269,0.78755547762626998,1.2944889472286385e-10,0.99998800588249515,0,1,0,NaN,NaN,NaN
varms_2,2 x MS0(pi/2),existing_coarse,heatmap,sideband_fcl,sideband,fcl,929,25,25,1,0,1.2,1.2,0.75200396375869483,0.048679910205379616,0.099658063017962817,0.099658063017962817,0.19931612603592563,0.70332405355331518,1.2944889472286385e-10,0.99998800588249515,0,1,0,NaN,NaN,NaN
varms_2,2 x MS0(pi/2),existing_coarse,heatmap,sideband_fcl,sideband,fcl,930,25,26,1,0,1.2,1.3333333333333333,0.73267863343438844,0.052094372647539959,0.10761349695903578,0.10761349695903578,0.21522699391807157,0.68058426078684853,1.2944889472286385e-10,0.99998800588249515,0,1,0,NaN,NaN,NaN
varms_2,2 x MS0(pi/2),existing_coarse,heatmap,sideband_fcl,sideband,fcl,931,25,27,1,0,1.2,1.4666666666666666,0.77637265429555724,0.04858102906392138,0.087523158320260697,0.087523158320260697,0.17504631664052139,0.72779162523163587,1.2944889472286385e-10,0.99998800588249515,0,1,0,NaN,NaN,NaN
varms_2,2 x MS0(pi/2),existing_coarse,heatmap,sideband_fcl,sideband,fcl,932,25,28,1,0,1.2,1.6000000000000001,0.85739217160732384,0.043382225587487368,0.049612801402594393,0.049612801402594393,0.099225602805188787,0.81400994601983645,1.2944889472286385e-10,0.99998800588249515,0,1,0,NaN,NaN,NaN
varms_2,2 x MS0(pi/2),existing_coarse,heatmap,sideband_fcl,sideband,fcl,933,25,29,1,0,1.2,1.7333333333333334,0.92951983351155776,0.033052027141600687,0.018714069673420746,0.018714069673420746,0.037428139346841492,0.89646780636995704,1.2944889472286385e-10,0.99998800588249515,0,1,0,NaN,NaN,NaN
varms_2,2 x MS0(pi/2),existing_coarse,heatmap,sideband_fcl,sideband,fcl,934,25,30,1,0,1.2,1.8666666666666667,0.96600937184630709,0.017008010399241002,0.0084913088772259129,0.0084913088772259129,0.016982617754451826,0.94900136144706604,1.2944889472286385e-10,0.99998800588249515,0,1,0,NaN,NaN,NaN
varms_2,2 x MS0(pi/2),existing_coarse,heatmap,sideband_fcl,sideband,fcl,935,25,31,1,0,1.2,2,0.97394370405127473,0.0043978980435609178,0.010829198952582157,0.010829198952582157,0.021658397905164314,0.96954580600771378,1.2944889472286385e-10,0.99998800588249515,0,1,0,NaN,NaN,NaN
varms_2,2 x MS0(pi/2),existing_coarse,heatmap,sideband_fcl,sideband,fcl,936,26,1,1,0,1.3333333333333333,-2,0.26584321195903554,0.10433599109328794,0.31491039847383828,0.31491039847383828,0.62982079694767656,0.16150722086574759,1.2944889472286385e-10,0.99998800588249515,0,1,0,NaN,NaN,NaN
varms_2,2 x MS0(pi/2),existing_coarse,heatmap,sideband_fcl,sideband,fcl,937,26,2,1,0,1.3333333333333333,-1.8666666666666667,0.22260451725077054,0.038584402315055166,0.36940554021708716,0.36940554021708716,0.73881108043417432,0.18402011493571538,1.2944889472286385e-10,0.99998800588249515,0,1,0,NaN,NaN,NaN
varms_2,2 x MS0(pi/2),existing_coarse,heatmap,sideband_fcl,sideband,fcl,938,26,3,1,0,1.3333333333333333,-1.7333333333333334,0.31739963775000979,0.032057594660626881,0.32527138379468168,0.32527138379468168,0.65054276758936336,0.28534204308938294,1.2944889472286385e-10,0.99998800588249515,0,1,0,NaN,NaN,NaN
varms_2,2 x MS0(pi/2),existing_coarse,heatmap,sideband_fcl,sideband,fcl,939,26,4,1,0,1.3333333333333333,-1.6000000000000001,0.57596163254971167,0.041732479920984229,0.19115294376465203,0.19115294376465203,0.38230588752930406,0.53422915262872739,1.2944889472286385e-10,0.99998800588249515,0,1,0,NaN,NaN,NaN
varms_2,2 x MS0(pi/2),existing_coarse,heatmap,sideband_fcl,sideband,fcl,940,26,5,1,0,1.3333333333333333,-1.4666666666666666,0.83784105904994122,0.033001401535728059,0.064578769707165404,0.064578769707165404,0.12915753941433081,0.80483965751421316,1.2944889472286385e-10,0.99998800588249515,0,1,0,NaN,NaN,NaN
varms_2,2 x MS0(pi/2),existing_coarse,heatmap,sideband_fcl,sideband,fcl,941,26,6,1,0,1.3333333333333333,-1.3333333333333333,0.95149731968679152,0.026231917021221237,0.011135381645993616,0.011135381645993616,0.022270763291987232,0.92526540266557034,1.2944889472286385e-10,0.99998800588249515,0,1,0,NaN,NaN,NaN
varms_2,2 x MS0(pi/2),existing_coarse,heatmap,sideband_fcl,sideband,fcl,942,26,7,1,0,1.3333333333333333,-1.2,0.91374292807709079,0.047131940312873495,0.019562565805017865,0.019562565805017865,0.039125131610035731,0.8666109877642173,1.2944889472286385e-10,0.99998800588249515,0,1,0,NaN,NaN,NaN
varms_2,2 x MS0(pi/2),existing_coarse,heatmap,sideband_fcl,sideband,fcl,943,26,8,1,0,1.3333333333333333,-1.0666666666666667,0.80423718420800494,0.093205159138995436,0.051278828326499791,0.051278828326499791,0.10255765665299958,0.71103202506900953,1.2944889472286385e-10,0.99998800588249515,0,1,0,NaN,NaN,NaN
varms_2,2 x MS0(pi/2),existing_coarse,heatmap,sideband_fcl,sideband,fcl,944,26,9,1,0,1.3333333333333333,-0.93333333333333335,0.68647990034835205,0.14972129808319176,0.081899400784228138,0.081899400784228138,0.16379880156845628,0.53675860226516026,1.2944889472286385e-10,0.99998800588249515,0,1,0,NaN,NaN,NaN
varms_2,2 x MS0(pi/2),existing_coarse,heatmap,sideband_fcl,sideband,fcl,945,26,10,1,0,1.3333333333333333,-0.80000000000000004,0.58312972781081229,0.20721119308308808,0.10482953955304981,0.10482953955304981,0.20965907910609963,0.37591853472772419,1.2944889472286385e-10,0.99998800588249515,0,1,0,NaN,NaN,NaN
varms_2,2 x MS0(pi/2),existing_coarse,heatmap,sideband_fcl,sideband,fcl,946,26,11,1,0,1.3333333333333333,-0.66666666666666663,0.49464338752028986,0.26425163728496304,0.12055248759737358,0.12055248759737358,0.24110497519474716,0.23039175023532682,1.2944889472286385e-10,0.99998800588249515,0,1,0,NaN,NaN,NaN
varms_2,2 x MS0(pi/2),existing_coarse,heatmap,sideband_fcl,sideband,fcl,947,26,12,1,0,1.3333333333333333,-0.53333333333333333,0.41797163753102518,0.32493985773978185,0.12854425236459643,0.12854425236459643,0.25708850472919287,0.09303177979124333,1.2944889472286385e-10,0.99998800588249515,0,1,0,NaN,NaN,NaN
varms_2,2 x MS0(pi/2),existing_coarse,heatmap,sideband_fcl,sideband,fcl,948,26,13,1,0,1.3333333333333333,-0.40000000000000002,0.35497537824231284,0.39425914031815396,0.12538274071976654,0.12538274071976654,0.25076548143953309,-0.039283762075841111,1.2944889472286385e-10,0.99998800588249515,0.039295756322794917,0.96070424367720508,-0.017410290903914025,NaN,NaN,NaN
varms_2,2 x MS0(pi/2),existing_coarse,heatmap,sideband_fcl,sideband,fcl,949,26,14,1,0,1.3333333333333333,-0.26666666666666666,0.31316199697342639,0.46998502828335414,0.10842648737160968,0.10842648737160968,0.21685297474321935,-0.15682303130992775,1.2944889472286385e-10,0.99998800588249515,0.15683502555688145,0.84316497444311855,-0.074087442598819997,NaN,NaN,NaN
varms_2,2 x MS0(pi/2),existing_coarse,heatmap,sideband_fcl,sideband,fcl,950,26,15,1,0,1.3333333333333333,-0.13333333333333333,0.30179603785049181,0.53452207843478527,0.081840941857361446,0.081840941857361446,0.16368188371472289,-0.23272604058429347,1.2944889472286385e-10,0.99998800588249515,0.23273803483124722,0.76726196516875278,-0.11505633018027647,NaN,NaN,NaN
varms_2,2 x MS0(pi/2),existing_coarse,heatmap,sideband_fcl,sideband,fcl,951,26,16,1,0,1.3333333333333333,0,0.32825817632187904,0.55718411896453979,0.057278852356790554,0.057278852356790554,0.11455770471358111,-0.22892594264266075,1.2944889472286385e-10,0.99998800588249515,0.2289379368896145,0.7710620631103855,-0.11291066399627378,NaN,NaN,NaN
varms_2,2 x MS0(pi/2),existing_coarse,heatmap,sideband_fcl,sideband,fcl,952,26,17,1,0,1.3333333333333333,0.13333333333333333,0.39886886950327161,0.51403366862231159,0.043548730937208353,0.043548730937208353,0.087097461874416707,-0.11516479911903998,1.2944889472286385e-10,0.99998800588249515,0.11517679336599373,0.88482320663400627,-0.053143495464190942,NaN,NaN,NaN
varms_2,2 x MS0(pi/2),existing_coarse,heatmap,sideband_fcl,sideband,fcl,953,26,18,1,0,1.3333333333333333,0.26666666666666666,0.51574248155972802,0.40954068599708743,0.037358416221592271,0.037358416221592271,0.074716832443184542,0.10620179556264059,1.2944889472286385e-10,0.99998800588249515,0,1,0,NaN,NaN,NaN
varms_2,2 x MS0(pi/2),existing_coarse,heatmap,sideband_fcl,sideband,fcl,954,26,19,1,0,1.3333333333333333,0.40000000000000002,0.66279544714771155,0.27601389666057619,0.030595328095856189,0.030595328095856189,0.061190656191712378,0.38678155048713536,1.2944889472286385e-10,0.99998800588249515,0,1,0,NaN,NaN,NaN
varms_2,2 x MS0(pi/2),existing_coarse,heatmap,sideband_fcl,sideband,fcl,955,26,20,1,0,1.3333333333333333,0.53333333333333333,0.80091276954516011,0.15346444427104958,0.02281139309189522,0.02281139309189522,0.04562278618379044,0.64744832527411056,1.2944889472286385e-10,0.99998800588249515,0,1,0,NaN,NaN,NaN
varms_2,2 x MS0(pi/2),existing_coarse,heatmap,sideband_fcl,sideband,fcl,956,26,21,1,0,1.3333333333333333,0.66666666666666663,0.88910138194971799,0.069734456888149082,0.020582080581066465,0.020582080581066465,0.04116416116213293,0.81936692506156894,1.2944889472286385e-10,0.99998800588249515,0,1,0,NaN,NaN,NaN
varms_2,2 x MS0(pi/2),existing_coarse,heatmap,sideband_fcl,sideband,fcl,957,26,22,1,0,1.3333333333333333,0.80000000000000004,0.91122480700351527,0.031499117105924991,0.028638037945279932,0.028638037945279932,0.057276075890559865,0.87972568989759026,1.2944889472286385e-10,0.99998800588249515,0,1,0,NaN,NaN,NaN
varms_2,2 x MS0(pi/2),existing_coarse,heatmap,sideband_fcl,sideband,fcl,958,26,23,1,0,1.3333333333333333,0.93333333333333335,0.88104209361941432,0.027200826822935047,0.04587853977882534,0.04587853977882534,0.091757079557650681,0.85384126679647931,1.2944889472286385e-10,0.99998800588249515,0,1,0,NaN,NaN,NaN
varms_2,2 x MS0(pi/2),existing_coarse,heatmap,sideband_fcl,sideband,fcl,959,26,24,1,0,1.3333333333333333,1.0666666666666667,0.8291165142078083,0.036711673359902747,0.067085906216144478,0.067085906216144478,0.13417181243228896,0.79240484084790552,1.2944889472286385e-10,0.99998800588249515,0,1,0,NaN,NaN,NaN
varms_2,2 x MS0(pi/2),existing_coarse,heatmap,sideband_fcl,sideband,fcl,960,26,25,1,0,1.3333333333333333,1.2,0.78931573945466893,0.041725045362432378,0.08447960759144936,0.08447960759144936,0.16895921518289872,0.74759069409223655,1.2944889472286385e-10,0.99998800588249515,0,1,0,NaN,NaN,NaN
varms_2,2 x MS0(pi/2),existing_coarse,heatmap,sideband_fcl,sideband,fcl,961,26,26,1,0,1.3333333333333333,1.3333333333333333,0.78868728243382891,0.03497400631858022,0.088169355623795395,0.088169355623795395,0.17633871124759079,0.75371327611524874,1.2944889472286385e-10,0.99998800588249515,0,1,0,NaN,NaN,NaN
varms_2,2 x MS0(pi/2),existing_coarse,heatmap,sideband_fcl,sideband,fcl,962,26,27,1,0,1.3333333333333333,1.4666666666666666,0.8344333897857279,0.023631682783098771,0.070967463715586709,0.070967463715586709,0.14193492743117342,0.8108017070026291,1.2944889472286385e-10,0.99998800588249515,0,1,0,NaN,NaN,NaN
varms_2,2 x MS0(pi/2),existing_coarse,heatmap,sideband_fcl,sideband,fcl,963,26,28,1,0,1.3333333333333333,1.6000000000000001,0.90380794286281707,0.018248282345537509,0.038971887395822642,0.038971887395822642,0.077943774791645284,0.88555966051727952,1.2944889472286385e-10,0.99998800588249515,0,1,0,NaN,NaN,NaN
varms_2,2 x MS0(pi/2),existing_coarse,heatmap,sideband_fcl,sideband,fcl,964,26,29,1,0,1.3333333333333333,1.7333333333333334,0.95663829090524821,0.017571266298473678,0.012895221398139008,0.012895221398139008,0.025790442796278016,0.93906702460677449,1.2944889472286385e-10,0.99998800588249515,0,1,0,NaN,NaN,NaN
varms_2,2 x MS0(pi/2),existing_coarse,heatmap,sideband_fcl,sideband,fcl,965,26,30,1,0,1.3333333333333333,1.8666666666666667,0.97057102739288925,0.013871860769251971,0.0077785559189294277,0.0077785559189294277,0.015557111837858855,0.9566991666236373,1.2944889472286385e-10,0.99998800588249515,0,1,0,NaN,NaN,NaN
varms_2,2 x MS0(pi/2),existing_coarse,heatmap,sideband_fcl,sideband,fcl,966,26,31,1,0,1.3333333333333333,2,0.95882093729823126,0.0084834074327155805,0.016347827634526576,0.016347827634526576,0.032695655269053152,0.95033752986551567,1.2944889472286385e-10,0.99998800588249515,0,1,0,NaN,NaN,NaN
varms_2,2 x MS0(pi/2),existing_coarse,heatmap,sideband_fcl,sideband,fcl,967,27,1,1,0,1.4666666666666666,-2,0.21349338994582406,0.038713174034278736,0.37389671800994861,0.37389671800994861,0.74779343601989723,0.17478021591154533,1.2944889472286385e-10,0.99998800588249515,0,1,0,NaN,NaN,NaN
varms_2,2 x MS0(pi/2),existing_coarse,heatmap,sideband_fcl,sideband,fcl,968,27,2,1,0,1.4666666666666666,-1.8666666666666667,0.30493771182772739,0.02852705193821662,0.33326761811702804,0.33326761811702804,0.66653523623405608,0.27641065988951075,1.2944889472286385e-10,0.99998800588249515,0,1,0,NaN,NaN,NaN
varms_2,2 x MS0(pi/2),existing_coarse,heatmap,sideband_fcl,sideband,fcl,969,27,3,1,0,1.4666666666666666,-1.7333333333333334,0.56744415113749036,0.039334038038344996,0.19661090541208234,0.19661090541208234,0.39322181082416469,0.52811011309914535,1.2944889472286385e-10,0.99998800588249515,0,1,0,NaN,NaN,NaN
varms_2,2 x MS0(pi/2),existing_coarse,heatmap,sideband_fcl,sideband,fcl,970,27,4,1,0,1.4666666666666666,-1.6000000000000001,0.84362704992342308,0.028416336699494067,0.063978306688541389,0.063978306688541389,0.12795661337708278,0.81521071322392902,1.2944889472286385e-10,0.99998800588249515,0,1,0,NaN,NaN,NaN
varms_2,2 x MS0(pi/2),existing_coarse,heatmap,sideband_fcl,sideband,fcl,971,27,5,1,0,1.4666666666666666,-1.4666666666666666,0.96647472857168071,0.019096383366178981,0.007214444031070159,0.007214444031070159,0.014428888062140318,0.94737834520550168,1.2944889472286385e-10,0.99998800588249515,0,1,0,NaN,NaN,NaN
varms_2,2 x MS0(pi/2),existing_coarse,heatmap,sideband_fcl,sideband,fcl,972,27,6,1,0,1.4666666666666666,-1.3333333333333333,0.92179240452335487,0.045767182584979166,0.016220206445832944,0.016220206445832944,0.032440412891665889,0.87602522193837573,1.2944889472286385e-10,0.99998800588249515,0,1,0,NaN,NaN,NaN
varms_2,2 x MS0(pi/2),existing_coarse,heatmap,sideband_fcl,sideband,fcl,973,27,7,1,0,1.4666666666666666,-1.2,0.7976396915963514,0.10005978707945287,0.051150260662097886,0.051150260662097886,0.10230052132419577,0.69757990451689855,1.2944889472286385e-10,0.99998800588249515,0,1,0,NaN,NaN,NaN
varms_2,2 x MS0(pi/2),existing_coarse,heatmap,sideband_fcl,sideband,fcl,974,27,8,1,0,1.4666666666666666,-1.0666666666666667,0.6729126828623011,0.15305541956880572,0.087015948784446573,0.087015948784446573,0.17403189756889315,0.51985726329349535,1.2944889472286385e-10,0.99998800588249515,0,1,0,NaN,NaN,NaN
varms_2,2 x MS0(pi/2),existing_coarse,heatmap,sideband_fcl,sideband,fcl,975,27,9,1,0,1.4666666666666666,-0.93333333333333335,0.57862506455724905,0.18845842306509902,0.11645825618882598,0.11645825618882598,0.23291651237765196,0.39016664149215002,1.2944889472286385e-10,0.99998800588249515,0,1,0,NaN,NaN,NaN
varms_2,2 x MS0(pi/2),existing_coarse,heatmap,sideband_fcl,sideband,fcl,976,27,10,1,0,1.4666666666666666,-0.80000000000000004,0.51499496861513561,0.20792925019079775,0.13853789059703339,0.13853789059703339,0.27707578119406678,0.30706571842433783,1.2944889472286385e-10,0.99998800588249515,0,1,0,NaN,NaN,NaN
varms_2,2 x MS0(pi/2),existing_coarse,heatmap,sideband_fcl,sideband,fcl,977,27,11,1,0,1.4666666666666666,-0.66666666666666663,0.47266486912210703,0.22527155132244039,0.15103178977772633,0.15103178977772633,0.30206357955545265,0.24739331779966664,1.2944889472286385e-10,0.99998800588249515,0,1,0,NaN,NaN,NaN
varms_2,2 x MS0(pi/2),existing_coarse,heatmap,sideband_fcl,sideband,fcl,978,27,12,1,0,1.4666666666666666,-0.53333333333333333,0.44216855460431992,0.26030278425886416,0.14876433056840793,0.14876433056840793,0.29752866113681586,0.18186577034545576,1.2944889472286385e-10,0.99998800588249515,0,1,0,NaN,NaN,NaN
varms_2,2 x MS0(pi/2),existing_coarse,heatmap,sideband_fcl,sideband,fcl,979,27,13,1,0,1.4666666666666666,-0.40000000000000002,0.41799194623173297,0.32769145780879916,0.12715829797973396,0.12715829797973396,0.25431659595946793,0.090300488422933811,1.2944889472286385e-10,0.99998800588249515,0,1,0,NaN,NaN,NaN
varms_2,2 x MS0(pi/2),existing_coarse,heatmap,sideband_fcl,sideband,fcl,980,27,14,1,0,1.4666666666666666,-0.26666666666666666,0.40175163645792666,0.42156233468386972,0.088343014429101835,0.088343014429101835,0.17668602885820367,-0.019810698225943058,1.2944889472286385e-10,0.99998800588249515,0.019822692472896808,0.98017730752710319,-0.0086953562304897137,NaN,NaN,NaN
varms_2,2 x MS0(pi/2),existing_coarse,heatmap,sideband_fcl,sideband,fcl,981,27,15,1,0,1.4666666666666666,-0.13333333333333333,0.40059698377104375,0.50905823728723598,0.045172389470860094,0.045172389470860094,0.090344778941720189,-0.10846125351619224,1.2944889472286385e-10,0.99998800588249515,0.10847324776314604,0.89152675223685396,-0.049865620324268389,NaN,NaN,NaN
varms_2,2 x MS0(pi/2),existing_coarse,heatmap,sideband_fcl,sideband,fcl,982,27,16,1,0,1.4666666666666666,0,0.4218807476549562,0.54542366236339135,0.016347794990826239,0.016347794990826239,0.032695589981652479,-0.12354291470843515,1.2944889472286385e-10,0.99998800588249515,0.1235549089553889,0.8764450910446111,-0.057275287103910048,NaN,NaN,NaN
varms_2,2 x MS0(pi/2),existing_coarse,heatmap,sideband_fcl,sideband,fcl,983,27,17,1,0,1.4666666666666666,0.13333333333333333,0.47296019887255325,0.50485720066061168,0.011091300233417558,0.011091300233417558,0.022182600466835116,-0.031897001788058432,1.2944889472286385e-10,0.99998800588249515,0.031908996035012183,0.96809100396498782,-0.014083815561297177,NaN,NaN,NaN
varms_2,2 x MS0(pi/2),existing_coarse,heatmap,sideband_fcl,sideband,fcl,984,27,18,1,0,1.4666666666666666,0.26666666666666666,0.55947815983072735,0.3996256561915762,0.02044809198884829,0.02044809198884829,0.040896183977696579,0.15985250363915116,1.2944889472286385e-10,0.99998800588249515,0,1,0,NaN,NaN,NaN
varms_2,2 x MS0(pi/2),existing_coarse,heatmap,sideband_fcl,sideband,fcl,985,27,19,1,0,1.4666666666666666,0.40000000000000002,0.67231998352317413,0.26928830499060208,0.029195855743111867,0.029195855743111867,0.058391711486223734,0.40303167853257205,1.2944889472286385e-10,0.99998800588249515,0,1,0,NaN,NaN,NaN
varms_2,2 x MS0(pi/2),existing_coarse,heatmap,sideband_fcl,sideband,fcl,986,27,20,1,0,1.4666666666666666,0.53333333333333333,0.78160321086438889,0.15463676459961875,0.031880012267996208,0.031880012267996208,0.063760024535992416,0.62696644626477016,1.2944889472286385e-10,0.99998800588249515,0,1,0,NaN,NaN,NaN
varms_2,2 x MS0(pi/2),existing_coarse,heatmap,sideband_fcl,sideband,fcl,987,27,21,1,0,1.4666666666666666,0.66666666666666663,0.85455529615298498,0.07894327743158587,0.033250713207714548,0.033250713207714548,0.066501426415429096,0.77561201872139907,1.2944889472286385e-10,0.99998800588249515,0,1,0,NaN,NaN,NaN
varms_2,2 x MS0(pi/2),existing_coarse,heatmap,sideband_fcl,sideband,fcl,988,27,22,1,0,1.4666666666666666,0.80000000000000004,0.87882672606429257,0.043796496518315783,0.038688388708695849,0.038688388708695849,0.077376777417391698,0.83503022954597683,1.2944889472286385e-10,0.99998800588249515,0,1,0,NaN,NaN,NaN
varms_2,2 x MS0(pi/2),existing_coarse,heatmap,sideband_fcl,sideband,fcl,989,27,23,1,0,1.4666666666666666,0.93333333333333335,0.8665119388157273,0.036096513446077928,0.048695773869097403,0.048695773869097403,0.097391547738194806,0.83041542536964941,1.2944889472286385e-10,0.99998800588249515,0,1,0,NaN,NaN,NaN
varms_2,2 x MS0(pi/2),existing_coarse,heatmap,sideband_fcl,sideband,fcl,990,27,24,1,0,1.4666666666666666,1.0666666666666667,0.84209291117132345,0.038215894784871904,0.059845597021902328,0.059845597021902328,0.11969119404380466,0.80387701638645159,1.2944889472286385e-10,0.99998800588249515,0,1,0,NaN,NaN,NaN
varms_2,2 x MS0(pi/2),existing_coarse,heatmap,sideband_fcl,sideband,fcl,991,27,25,1,0,1.4666666666666666,1.2,0.83044814949294143,0.035954760280824685,0.066798545113116906,0.066798545113116906,0.13359709022623381,0.79449338921211676,1.2944889472286385e-10,0.99998800588249515,0,1,0,NaN,NaN,NaN
varms_2,2 x MS0(pi/2),existing_coarse,heatmap,sideband_fcl,sideband,fcl,992,27,26,1,0,1.4666666666666666,1.3333333333333333,0.84895099498677107,0.024319679635421754,0.063364662688903534,0.063364662688903534,0.12672932537780707,0.82463131535134937,1.2944889472286385e-10,0.99998800588249515,0,1,0,NaN,NaN,NaN
varms_2,2 x MS0(pi/2),existing_coarse,heatmap,sideband_fcl,sideband,fcl,993,27,27,1,0,1.4666666666666666,1.4666666666666666,0.89814152098556133,0.0098580417522013148,0.046000218631118618,0.046000218631118618,0.092000437262237236,0.88828347923336004,1.2944889472286385e-10,0.99998800588249515,0,1,0,NaN,NaN,NaN
varms_2,2 x MS0(pi/2),existing_coarse,heatmap,sideband_fcl,sideband,fcl,994,27,28,1,0,1.4666666666666666,1.6000000000000001,0.95494162583211217,0.003550900220405496,0.020753736973741173,0.020753736973741173,0.041507473947482346,0.95139072561170668,1.2944889472286385e-10,0.99998800588249515,0,1,0,NaN,NaN,NaN
varms_2,2 x MS0(pi/2),existing_coarse,heatmap,sideband_fcl,sideband,fcl,995,27,29,1,0,1.4666666666666666,1.7333333333333334,0.98480586485754906,0.0076036002558402668,0.0037952674433053635,0.0037952674433053635,0.007590534886610727,0.97720226460170878,1.2944889472286385e-10,0.99998800588249515,0,1,0,NaN,NaN,NaN
varms_2,2 x MS0(pi/2),existing_coarse,heatmap,sideband_fcl,sideband,fcl,996,27,30,1,0,1.4666666666666666,1.8666666666666667,0.97304099257841559,0.014086694666584364,0.0064361563775000574,0.0064361563775000574,0.012872312755000115,0.95895429791183118,1.2944889472286385e-10,0.99998800588249515,0,1,0,NaN,NaN,NaN
varms_2,2 x MS0(pi/2),existing_coarse,heatmap,sideband_fcl,sideband,fcl,997,27,31,1,0,1.4666666666666666,2,0.9404353925774529,0.017662490284069122,0.020951058569239026,0.020951058569239026,0.041902117138478051,0.92277290229338382,1.2944889472286385e-10,0.99998800588249515,0,1,0,NaN,NaN,NaN
varms_2,2 x MS0(pi/2),existing_coarse,heatmap,sideband_fcl,sideband,fcl,998,28,1,1,0,1.6000000000000001,-2,0.33375120686155962,0.035800288513397768,0.31522425231252132,0.31522425231252132,0.63044850462504265,0.29795091834816184,1.2944889472286385e-10,0.99998800588249515,0,1,0,NaN,NaN,NaN
varms_2,2 x MS0(pi/2),existing_coarse,heatmap,sideband_fcl,sideband,fcl,999,28,2,1,0,1.6000000000000001,-1.8666666666666667,0.58669707173564978,0.044059579544753348,0.18462167435979843,0.18462167435979843,0.36924334871959685,0.54263749219089641,1.2944889472286385e-10,0.99998800588249515,0,1,0,NaN,NaN,NaN
varms_2,2 x MS0(pi/2),existing_coarse,heatmap,sideband_fcl,sideband,fcl,1000,28,3,1,0,1.6000000000000001,-1.7333333333333334,0.85421248709729347,0.030404834988905421,0.057691338956900574,0.057691338956900574,0.11538267791380115,0.82380765210838802,1.2944889472286385e-10,0.99998800588249515,0,1,0,NaN,NaN,NaN
varms_2,2 x MS0(pi/2),existing_coarse,heatmap,sideband_fcl,sideband,fcl,1001,28,4,1,0,1.6000000000000001,-1.6000000000000001,0.97505527782756762,0.016106485405813699,0.0044191183833093353,0.0044191183833093353,0.0088382367666186706,0.9589487924217539,1.2944889472286385e-10,0.99998800588249515,0,1,0,NaN,NaN,NaN
varms_2,2 x MS0(pi/2),existing_coarse,heatmap,sideband_fcl,sideband,fcl,1002,28,5,1,0,1.6000000000000001,-1.4666666666666666,0.92623076465713827,0.042733804409300531,0.015517715466780624,0.015517715466780624,0.031035430933561248,0.88349696024783775,1.2944889472286385e-10,0.99998800588249515,0,1,0,NaN,NaN,NaN
varms_2,2 x MS0(pi/2),existing_coarse,heatmap,sideband_fcl,sideband,fcl,1003,28,6,1,0,1.6000000000000001,-1.3333333333333333,0.79057817204414516,0.10507738613254204,0.052172220911656443,0.052172220911656443,0.10434444182331289,0.68550078591160313,1.2944889472286385e-10,0.99998800588249515,0,1,0,NaN,NaN,NaN
varms_2,2 x MS0(pi/2),existing_coarse,heatmap,sideband_fcl,sideband,fcl,1004,28,7,1,0,1.6000000000000001,-1.2,0.65327066999433858,0.1648513791853769,0.0909389754101423,0.0909389754101423,0.1818779508202846,0.48841929080896168,1.2944889472286385e-10,0.99998800588249515,0,1,0,NaN,NaN,NaN
varms_2,2 x MS0(pi/2),existing_coarse,heatmap,sideband_fcl,sideband,fcl,1005,28,8,1,0,1.6000000000000001,-1.0666666666666667,0.55510690357163772,0.19486646582269354,0.12501331530283441,0.12501331530283441,0.25002663060566882,0.36024043774894421,1.2944889472286385e-10,0.99998800588249515,0,1,0,NaN,NaN,NaN
varms_2,2 x MS0(pi/2),existing_coarse,heatmap,sideband_fcl,sideband,fcl,1006,28,9,1,0,1.6000000000000001,-0.93333333333333335,0.50264449058247773,0.19265315814728085,0.15235117563512071,0.15235117563512071,0.30470235127024142,0.30999133243519689,1.2944889472286385e-10,0.99998800588249515,0,1,0,NaN,NaN,NaN
varms_2,2 x MS0(pi/2),existing_coarse,heatmap,sideband_fcl,sideband,fcl,1007,28,10,1,0,1.6000000000000001,-0.80000000000000004,0.48886716089748228,0.1732168333987818,0.16895800285186799,0.16895800285186799,0.33791600570373598,0.31565032749870048,1.2944889472286385e-10,0.99998800588249515,0,1,0,NaN,NaN,NaN
varms_2,2 x MS0(pi/2),existing_coarse,heatmap,sideband_fcl,sideband,fcl,1008,28,11,1,0,1.6000000000000001,-0.66666666666666663,0.50140411118373296,0.16223662257264593,0.1681796331218105,0.1681796331218105,0.336359266243621,0.33916748861108703,1.2944889472286385e-10,0.99998800588249515,0,1,0,NaN,NaN,NaN
varms_2,2 x MS0(pi/2),existing_coarse,heatmap,sideband_fcl,sideband,fcl,1009,28,12,1,0,1.6000000000000001,-0.53333333333333333,0.5226905213787516,0.18729878138216166,0.14500534861954334,0.14500534861954334,0.29001069723908668,0.33539173999658994,1.2944889472286385e-10,0.99998800588249515,0,1,0,NaN,NaN,NaN
varms_2,2 x MS0(pi/2),existing_coarse,heatmap,sideband_fcl,sideband,fcl,1010,28,13,1,0,1.6000000000000001,-0.40000000000000002,0.53480823455167048,0.26092061878867645,0.10213557332982655,0.10213557332982655,0.2042711466596531,0.27388761576299403,1.2944889472286385e-10,0.99998800588249515,0,1,0,NaN,NaN,NaN
varms_2,2 x MS0(pi/2),existing_coarse,heatmap,sideband_fcl,sideband,fcl,1011,28,14,1,0,1.6000000000000001,-0.26666666666666666,0.53021067787025844,0.36562834578503917,0.052080488172351204,0.052080488172351204,0.10416097634470241,0.16458233208521927,1.2944889472286385e-10,0.99998800588249515,0,1,0,NaN,NaN,NaN
varms_2,2 x MS0(pi/2),existing_coarse,heatmap,sideband_fcl,sideband,fcl,1012,28,15,1,0,1.6000000000000001,-0.13333333333333333,0.51538852505540211,0.45832443651603094,0.013143519214283507,0.013143519214283507,0.026287038428567014,0.057064088539371172,1.2944889472286385e-10,0.99998800588249515,0,1,0,NaN,NaN,NaN
varms_2,2 x MS0(pi/2),existing_coarse,heatmap,sideband_fcl,sideband,fcl,1013,28,16,1,0,1.6000000000000001,0,0.50466840214220154,0.49515732952831581,8.7134164741363166e-05,8.7134164741363166e-05,0.00017426832948272633,0.0095110726138857293,1.2944889472286385e-10,0.99998800588249515,0,1,0,NaN,NaN,NaN
varms_2,2 x MS0(pi/2),existing_coarse,heatmap,sideband_fcl,sideband,fcl,1014,28,17,1,0,1.6000000000000001,0.13333333333333333,0.51528742843566289,0.45844719233822684,0.013132689613055188,0.013132689613055188,0.026265379226110375,0.056840236097436048,1.2944889472286385e-10,0.99998800588249515,0,1,0,NaN,NaN,NaN
varms_2,2 x MS0(pi/2),existing_coarse,heatmap,sideband_fcl,sideband,fcl,1015,28,18,1,0,1.6000000000000001,0.26666666666666666,0.56165494875297672,0.36445696281142054,0.036944044217801293,0.036944044217801293,0.073888088435602586,0.19719798594155619,1.2944889472286385e-10,0.99998800588249515,0,1,0,NaN,NaN,NaN
varms_2,2 x MS0(pi/2),existing_coarse,heatmap,sideband_fcl,sideband,fcl,1016,28,19,1,0,1.6000000000000001,0.40000000000000002,0.64230767551576484,0.24948405869672871,0.054104132893753307,0.054104132893753307,0.10820826578750661,0.3928236168190361,1.2944889472286385e-10,0.99998800588249515,0,1,0,NaN,NaN,NaN
varms_2,2 x MS0(pi/2),existing_coarse,heatmap,sideband_fcl,sideband,fcl,1017,28,20,1,0,1.6000000000000001,0.53333333333333333,0.73403003332604622,0.14899331948864256,0.058488323592655558,0.058488323592655558,0.11697664718531112,0.58503671383740363,1.2944889472286385e-10,0.99998800588249515,0,1,0,NaN,NaN,NaN
varms_2,2 x MS0(pi/2),existing_coarse,heatmap,sideband_fcl,sideband,fcl,1018,28,21,1,0,1.6000000000000001,0.66666666666666663,0.80671177049244058,0.082648820764649827,0.055319704371454788,0.055319704371454788,0.11063940874290958,0.72406294972779073,1.2944889472286385e-10,0.99998800588249515,0,1,0,NaN,NaN,NaN
varms_2,2 x MS0(pi/2),existing_coarse,heatmap,sideband_fcl,sideband,fcl,1019,28,22,1,0,1.6000000000000001,0.80000000000000004,0.84505675571782291,0.050650550205667548,0.052146347038254784,0.052146347038254784,0.10429269407650957,0.79440620551215535,1.2944889472286385e-10,0.99998800588249515,0,1,0,NaN,NaN,NaN
varms_2,2 x MS0(pi/2),existing_coarse,heatmap,sideband_fcl,sideband,fcl,1020,28,23,1,0,1.6000000000000001,0.93333333333333335,0.85527082776196195,0.040767037400044157,0.051981067418996968,0.051981067418996968,0.10396213483799394,0.81450379036191778,1.2944889472286385e-10,0.99998800588249515,0,1,0,NaN,NaN,NaN
varms_2,2 x MS0(pi/2),existing_coarse,heatmap,sideband_fcl,sideband,fcl,1021,28,24,1,0,1.6000000000000001,1.0666666666666667,0.85592570024028114,0.038329376865925788,0.052872461446896481,0.052872461446896481,0.10574492289379296,0.81759632337435539,1.2944889472286385e-10,0.99998800588249515,0,1,0,NaN,NaN,NaN
varms_2,2 x MS0(pi/2),existing_coarse,heatmap,sideband_fcl,sideband,fcl,1022,28,25,1,0,1.6000000000000001,1.2,0.86606080356654624,0.032845812597069354,0.050546691918192194,0.050546691918192194,0.10109338383638439,0.83321499096947693,1.2944889472286385e-10,0.99998800588249515,0,1,0,NaN,NaN,NaN
varms_2,2 x MS0(pi/2),existing_coarse,heatmap,sideband_fcl,sideband,fcl,1023,28,26,1,0,1.6000000000000001,1.3333333333333333,0.89679207572265984,0.021119888945409473,0.041044017665965327,0.041044017665965327,0.082088035331930653,0.87567218677725034,1.2944889472286385e-10,0.99998800588249515,0,1,0,NaN,NaN,NaN
varms_2,2 x MS0(pi/2),existing_coarse,heatmap,sideband_fcl,sideband,fcl,1024,28,27,1,0,1.6000000000000001,1.4666666666666666,0.94426475617629335,0.0076418148934944419,0.024046714465106131,0.024046714465106131,0.048093428930212262,0.93662294128279888,1.2944889472286385e-10,0.99998800588249515,0,1,0,NaN,NaN,NaN
varms_2,2 x MS0(pi/2),existing_coarse,heatmap,sideband_fcl,sideband,fcl,1025,28,28,1,0,1.6000000000000001,1.6000000000000001,0.98648163370217534,0.00037784588473049278,0.006570260206547115,0.006570260206547115,0.01314052041309423,0.9861037878174449,1.2944889472286385e-10,0.99998800588249515,0,1,0,NaN,NaN,NaN
varms_2,2 x MS0(pi/2),existing_coarse,heatmap,sideband_fcl,sideband,fcl,1026,28,29,1,0,1.6000000000000001,1.7333333333333334,0.99519215983872966,0.0031296729825900944,0.00083908358934013032,0.00083908358934013032,0.0016781671786802606,0.99206248685613951,1.2944889472286385e-10,0.99998800588249515,0,1,0,NaN,NaN,NaN
varms_2,2 x MS0(pi/2),existing_coarse,heatmap,sideband_fcl,sideband,fcl,1027,28,30,1,0,1.6000000000000001,1.8666666666666667,0.96255029069013209,0.012479525382844853,0.012485091963511557,0.012485091963511557,0.024970183927023114,0.95007076530728729,1.2944889472286385e-10,0.99998800588249515,0,1,0,NaN,NaN,NaN
varms_2,2 x MS0(pi/2),existing_coarse,heatmap,sideband_fcl,sideband,fcl,1028,28,31,1,0,1.6000000000000001,2,0.91435625717807867,0.022869849077138266,0.031386946872391491,0.031386946872391491,0.062773893744782983,0.89148640810094038,1.2944889472286385e-10,0.99998800588249515,0,1,0,NaN,NaN,NaN
varms_2,2 x MS0(pi/2),existing_coarse,heatmap,sideband_fcl,sideband,fcl,1029,29,1,1,0,1.7333333333333334,-2,0.62035556469721198,0.046665554479453024,0.16648944041166752,0.16648944041166752,0.33297888082333504,0.57369001021775901,1.2944889472286385e-10,0.99998800588249515,0,1,0,NaN,NaN,NaN
varms_2,2 x MS0(pi/2),existing_coarse,heatmap,sideband_fcl,sideband,fcl,1030,29,2,1,0,1.7333333333333334,-1.8666666666666667,0.86632207645774095,0.032339504828153114,0.050669209357052901,0.050669209357052901,0.1013384187141058,0.83398257162958789,1.2944889472286385e-10,0.99998800588249515,0,1,0,NaN,NaN,NaN
varms_2,2 x MS0(pi/2),existing_coarse,heatmap,sideband_fcl,sideband,fcl,1031,29,3,1,0,1.7333333333333334,-1.7333333333333334,0.97334259725363115,0.016962628229008358,0.0048473872586802759,0.0048473872586802759,0.0096947745173605517,0.95637996902462274,1.2944889472286385e-10,0.99998800588249515,0,1,0,NaN,NaN,NaN
varms_2,2 x MS0(pi/2),existing_coarse,heatmap,sideband_fcl,sideband,fcl,1032,29,4,1,0,1.7333333333333334,-1.6000000000000001,0.92080701306011048,0.041679690087998746,0.018756648425945315,0.018756648425945315,0.037513296851890629,0.87912732297211171,1.2944889472286385e-10,0.99998800588249515,0,1,0,NaN,NaN,NaN
varms_2,2 x MS0(pi/2),existing_coarse,heatmap,sideband_fcl,sideband,fcl,1033,29,5,1,0,1.7333333333333334,-1.4666666666666666,0.78153201907345515,0.10763152030937344,0.055418230308585718,0.055418230308585718,0.11083646061717144,0.67390049876408176,1.2944889472286385e-10,0.99998800588249515,0,1,0,NaN,NaN,NaN
varms_2,2 x MS0(pi/2),existing_coarse,heatmap,sideband_fcl,sideband,fcl,1034,29,6,1,0,1.7333333333333334,-1.3333333333333333,0.63548344718516914,0.17680170254166916,0.093857425136580866,0.093857425136580866,0.18771485027316173,0.45868174464349998,1.2944889472286385e-10,0.99998800588249515,0,1,0,NaN,NaN,NaN
varms_2,2 x MS0(pi/2),existing_coarse,heatmap,sideband_fcl,sideband,fcl,1035,29,7,1,0,1.7333333333333334,-1.2,0.52730982800546899,0.21353602243196129,0.12957707478128486,0.12957707478128486,0.25915414956256971,0.3137738055735077,1.2944889472286385e-10,0.99998800588249515,0,1,0,NaN,NaN,NaN
varms_2,2 x MS0(pi/2),existing_coarse,heatmap,sideband_fcl,sideband,fcl,1036,29,8,1,0,1.7333333333333334,-1.0666666666666667,0.4709629109452026,0.20712387749728409,0.1609566057787567,0.1609566057787567,0.3219132115575134,0.26383903344791848,1.2944889472286385e-10,0.99998800588249515,0,1,0,NaN,NaN,NaN
varms_2,2 x MS0(pi/2),existing_coarse,heatmap,sideband_fcl,sideband,fcl,1037,29,9,1,0,1.7333333333333334,-0.93333333333333335,0.46653719592859322,0.16873379256689555,0.18236450575225557,0.18236450575225557,0.36472901150451115,0.29780340336169764,1.2944889472286385e-10,0.99998800588249515,0,1,0,NaN,NaN,NaN
varms_2,2 x MS0(pi/2),existing_coarse,heatmap,sideband_fcl,sideband,fcl,1038,29,10,1,0,1.7333333333333334,-0.80000000000000004,0.50743643455616005,0.12316140933426056,0.18470107805478969,0.18470107805478969,0.36940215610957938,0.38427502522189949,1.2944889472286385e-10,0.99998800588249515,0,1,0,NaN,NaN,NaN
varms_2,2 x MS0(pi/2),existing_coarse,heatmap,sideband_fcl,sideband,fcl,1039,29,11,1,0,1.7333333333333334,-0.66666666666666663,0.57574757819681721,0.10152528727886223,0.16136356726216025,0.16136356726216025,0.3227271345243205,0.47422229091795498,1.2944889472286385e-10,0.99998800588249515,0,1,0,NaN,NaN,NaN
varms_2,2 x MS0(pi/2),existing_coarse,heatmap,sideband_fcl,sideband,fcl,1040,29,12,1,0,1.7333333333333334,-0.53333333333333333,0.63962748684134618,0.1284917585980625,0.11594037728029569,0.11594037728029569,0.23188075456059137,0.51113572824328368,1.2944889472286385e-10,0.99998800588249515,0,1,0,NaN,NaN,NaN
varms_2,2 x MS0(pi/2),existing_coarse,heatmap,sideband_fcl,sideband,fcl,1041,29,13,1,0,1.7333333333333334,-0.40000000000000002,0.66709360657524497,0.20561567485778956,0.063645359283482666,0.063645359283482666,0.12729071856696533,0.46147793171745544,1.2944889472286385e-10,0.99998800588249515,0,1,0,NaN,NaN,NaN
varms_2,2 x MS0(pi/2),existing_coarse,heatmap,sideband_fcl,sideband,fcl,1042,29,14,1,0,1.7333333333333334,-0.26666666666666666,0.64744034373575388,0.30581491524555121,0.023372370509347502,0.023372370509347502,0.046744741018695003,0.34162542849020266,1.2944889472286385e-10,0.99998800588249515,0,1,0,NaN,NaN,NaN
varms_2,2 x MS0(pi/2),existing_coarse,heatmap,sideband_fcl,sideband,fcl,1043,29,15,1,0,1.7333333333333334,-0.13333333333333333,0.59643600937459573,0.38810154181166179,0.0077312244068711853,0.0077312244068711853,0.015462448813742371,0.20833446756293394,1.2944889472286385e-10,0.99998800588249515,0,1,0,NaN,NaN,NaN
varms_2,2 x MS0(pi/2),existing_coarse,heatmap,sideband_fcl,sideband,fcl,1044,29,16,1,0,1.7333333333333334,0,0.54293167631615158,0.42064504549900961,0.018211639092419418,0.018211639092419418,0.036423278184838835,0.12228663081714197,1.2944889472286385e-10,0.99998800588249515,0,1,0,NaN,NaN,NaN
varms_2,2 x MS0(pi/2),existing_coarse,heatmap,sideband_fcl,sideband,fcl,1045,29,17,1,0,1.7333333333333334,0.13333333333333333,0.51501447585527693,0.39407558965870687,0.045454967243008057,0.045454967243008057,0.090909934486016114,0.12093888619657006,1.2944889472286385e-10,0.99998800588249515,0,1,0,NaN,NaN,NaN
varms_2,2 x MS0(pi/2),existing_coarse,heatmap,sideband_fcl,sideband,fcl,1046,29,18,1,0,1.7333333333333334,0.26666666666666666,0.53144498577758792,0.32044104685893343,0.07405698368173938,0.07405698368173938,0.14811396736347876,0.21100393891865449,1.2944889472286385e-10,0.99998800588249515,0,1,0,NaN,NaN,NaN
varms_2,2 x MS0(pi/2),existing_coarse,heatmap,sideband_fcl,sideband,fcl,1047,29,19,1,0,1.7333333333333334,0.40000000000000002,0.59315961720791777,0.22537286889809288,0.090733756946994731,0.090733756946994731,0.18146751389398946,0.36778674830982488,1.2944889472286385e-10,0.99998800588249515,0,1,0,NaN,NaN,NaN
varms_2,2 x MS0(pi/2),existing_coarse,heatmap,sideband_fcl,sideband,fcl,1048,29,20,1,0,1.7333333333333334,0.53333333333333333,0.68012067805309595,0.13794629417061649,0.090966513888143738,0.090966513888143738,0.18193302777628748,0.54217438388247952,1.2944889472286385e-10,0.99998800588249515,0,1,0,NaN,NaN,NaN
varms_2,2 x MS0(pi/2),existing_coarse,heatmap,sideband_fcl,sideband,fcl,1049,29,21,1,0,1.7333333333333334,0.66666666666666663,0.76255961499764779,0.07820956212321839,0.079615411439566866,0.079615411439566866,0.15923082287913373,0.6843500528744294,1.2944889472286385e-10,0.99998800588249515,0,1,0,NaN,NaN,NaN
varms_2,2 x MS0(pi/2),existing_coarse,heatmap,sideband_fcl,sideband,fcl,1050,29,22,1,0,1.7333333333333334,0.80000000000000004,0.8201256494003285,0.04899281286256104,0.065440768868555238,0.065440768868555238,0.13088153773711048,0.77113283653776743,1.2944889472286385e-10,0.99998800588249515,0,1,0,NaN,NaN,NaN
varms_2,2 x MS0(pi/2),existing_coarse,heatmap,sideband_fcl,sideband,fcl,1051,29,23,1,0,1.7333333333333334,0.93333333333333335,0.85187515905912092,0.03967420444105775,0.054225318249910566,0.054225318249910566,0.10845063649982113,0.81220095461806319,1.2944889472286385e-10,0.99998800588249515,0,1,0,NaN,NaN,NaN
varms_2,2 x MS0(pi/2),existing_coarse,heatmap,sideband_fcl,sideband,fcl,1052,29,24,1,0,1.7333333333333334,1.0666666666666667,0.87116983767980871,0.036771166618668208,0.046029497850761554,0.046029497850761554,0.092058995701523108,0.83439867106114052,1.2944889472286385e-10,0.99998800588249515,0,1,0,NaN,NaN,NaN
varms_2,2 x MS0(pi/2),existing_coarse,heatmap,sideband_fcl,sideband,fcl,1053,29,25,1,0,1.7333333333333334,1.2,0.89362429195292414,0.031443559211567704,0.03746607441775409,0.03746607441775409,0.074932148835508181,0.86218073274135643,1.2944889472286385e-10,0.99998800588249515,0,1,0,NaN,NaN,NaN
varms_2,2 x MS0(pi/2),existing_coarse,heatmap,sideband_fcl,sideband,fcl,1054,29,26,1,0,1.7333333333333334,1.3333333333333333,0.92699949380343138,0.021372912492653884,0.025813796851957307,0.025813796851957307,0.051627593703914613,0.90562658131077756,1.2944889472286385e-10,0.99998800588249515,0,1,0,NaN,NaN,NaN
varms_2,2 x MS0(pi/2),existing_coarse,heatmap,sideband_fcl,sideband,fcl,1055,29,27,1,0,1.7333333333333334,1.4666666666666666,0.96579517661544034,0.0095522189695994766,0.012326302207480081,0.012326302207480081,0.024652604414960162,0.95624295764584089,1.2944889472286385e-10,0.99998800588249515,0,1,0,NaN,NaN,NaN
varms_2,2 x MS0(pi/2),existing_coarse,heatmap,sideband_fcl,sideband,fcl,1056,29,28,1,0,1.7333333333333334,1.6000000000000001,0.99183301522106182,0.001412071699451748,0.0033774565397432341,0.0033774565397432341,0.0067549130794864682,0.99042094352161003,1.2944889472286385e-10,0.99998800588249515,0,1,0,NaN,NaN,NaN
varms_2,2 x MS0(pi/2),existing_coarse,heatmap,sideband_fcl,sideband,fcl,1057,29,29,1,0,1.7333333333333334,1.7333333333333334,0.98489588194599587,0.00088579933335703321,0.0071091593603235231,0.0071091593603235231,0.014218318720647046,0.98401008261263878,1.2944889472286385e-10,0.99998800588249515,0,1,0,NaN,NaN,NaN
varms_2,2 x MS0(pi/2),existing_coarse,heatmap,sideband_fcl,sideband,fcl,1058,29,30,1,0,1.7333333333333334,1.8666666666666667,0.94204351029889333,0.0078574298105740046,0.025049529945266314,0.025049529945266314,0.050099059890532628,0.9341860804883193,1.2944889472286385e-10,0.99998800588249515,0,1,0,NaN,NaN,NaN
varms_2,2 x MS0(pi/2),existing_coarse,heatmap,sideband_fcl,sideband,fcl,1059,29,31,1,0,1.7333333333333334,2,0.88805166999435425,0.019176837045858455,0.046385746479893644,0.046385746479893644,0.092771492959787288,0.86887483294849577,1.2944889472286385e-10,0.99998800588249515,0,1,0,NaN,NaN,NaN
varms_2,2 x MS0(pi/2),existing_coarse,heatmap,sideband_fcl,sideband,fcl,1060,30,1,1,0,1.8666666666666667,-2,0.87442101501724911,0.030022746961666989,0.047778119010541922,0.047778119010541922,0.095556238021083845,0.84439826805558216,1.2944889472286385e-10,0.99998800588249515,0,1,0,NaN,NaN,NaN
varms_2,2 x MS0(pi/2),existing_coarse,heatmap,sideband_fcl,sideband,fcl,1061,30,2,1,0,1.8666666666666667,-1.8666666666666667,0.96654838688601719,0.018089416121889867,0.0076810984960464486,0.0076810984960464486,0.015362196992092897,0.94845897076412733,1.2944889472286385e-10,0.99998800588249515,0,1,0,NaN,NaN,NaN
varms_2,2 x MS0(pi/2),existing_coarse,heatmap,sideband_fcl,sideband,fcl,1062,30,3,1,0,1.8666666666666667,-1.7333333333333334,0.9099158871230083,0.04291534375017831,0.023584384563406759,0.023584384563406759,0.047168769126813517,0.86700054337282995,1.2944889472286385e-10,0.99998800588249515,0,1,0,NaN,NaN,NaN
varms_2,2 x MS0(pi/2),existing_coarse,heatmap,sideband_fcl,sideband,fcl,1063,30,4,1,0,1.8666666666666667,-1.6000000000000001,0.77275343228957316,0.10775166030122336,0.059747453704601772,0.059747453704601772,0.11949490740920354,0.66500177198834975,1.2944889472286385e-10,0.99998800588249515,0,1,0,NaN,NaN,NaN
varms_2,2 x MS0(pi/2),existing_coarse,heatmap,sideband_fcl,sideband,fcl,1064,30,5,1,0,1.8666666666666667,-1.4666666666666666,0.62582631713103054,0.18115130494264112,0.096511188963164171,0.096511188963164171,0.19302237792632834,0.44467501218838945,1.2944889472286385e-10,0.99998800588249515,0,1,0,NaN,NaN,NaN
varms_2,2 x MS0(pi/2),existing_coarse,heatmap,sideband_fcl,sideband,fcl,1065,30,6,1,0,1.8666666666666667,-1.3333333333333333,0.51047798696847702,0.22724214133120699,0.13113993585015798,0.13113993585015798,0.26227987170031597,0.28323584563727,1.2944889472286385e-10,0.99998800588249515,0,1,0,NaN,NaN,NaN
varms_2,2 x MS0(pi/2),existing_coarse,heatmap,sideband_fcl,sideband,fcl,1066,30,7,1,0,1.8666666666666667,-1.2,0.44373796572215018,0.22820329115587637,0.16402937156098668,0.16402937156098668,0.32805874312197336,0.21553467456627382,1.2944889472286385e-10,0.99998800588249515,0,1,0,NaN,NaN,NaN
varms_2,2 x MS0(pi/2),existing_coarse,heatmap,sideband_fcl,sideband,fcl,1067,30,8,1,0,1.8666666666666667,-1.0666666666666667,0.43200130245116419,0.18789244801046126,0.19005312476918726,0.19005312476918726,0.38010624953837452,0.24410885444070293,1.2944889472286385e-10,0.99998800588249515,0,1,0,NaN,NaN,NaN
varms_2,2 x MS0(pi/2),existing_coarse,heatmap,sideband_fcl,sideband,fcl,1068,30,9,1,0,1.8666666666666667,-0.93333333333333335,0.47714547431283716,0.12655834178449693,0.19814809195133296,0.19814809195133296,0.39629618390266591,0.35058713252834023,1.2944889472286385e-10,0.99998800588249515,0,1,0,NaN,NaN,NaN
varms_2,2 x MS0(pi/2),existing_coarse,heatmap,sideband_fcl,sideband,fcl,1069,30,10,1,0,1.8666666666666667,-0.80000000000000004,0.57027871482417558,0.073159794046652724,0.17828074556458584,0.17828074556458584,0.35656149112917168,0.49711892077752284,1.2944889472286385e-10,0.99998800588249515,0,1,0,NaN,NaN,NaN
varms_2,2 x MS0(pi/2),existing_coarse,heatmap,sideband_fcl,sideband,fcl,1070,30,11,1,0,1.8666666666666667,-0.66666666666666663,0.68070088183913691,0.055387906909057344,0.13195560562590286,0.13195560562590286,0.26391121125180572,0.62531297493007953,1.2944889472286385e-10,0.99998800588249515,0,1,0,NaN,NaN,NaN
varms_2,2 x MS0(pi/2),existing_coarse,heatmap,sideband_fcl,sideband,fcl,1071,30,12,1,0,1.8666666666666667,-0.53333333333333333,0.76051054646365446,0.08765012624408261,0.075919663646131522,0.075919663646131522,0.15183932729226304,0.67286042021957182,1.2944889472286385e-10,0.99998800588249515,0,1,0,NaN,NaN,NaN
varms_2,2 x MS0(pi/2),existing_coarse,heatmap,sideband_fcl,sideband,fcl,1072,30,13,1,0,1.8666666666666667,-0.40000000000000002,0.77279644775710354,0.16205692191638038,0.032573315163258072,0.032573315163258072,0.065146630326516144,0.61073952584072311,1.2944889472286385e-10,0.99998800588249515,0,1,0,NaN,NaN,NaN
varms_2,2 x MS0(pi/2),existing_coarse,heatmap,sideband_fcl,sideband,fcl,1073,30,14,1,0,1.8666666666666667,-0.26666666666666666,0.71769362309103979,0.25109423020130406,0.015606073353828123,0.015606073353828123,0.031212146707656246,0.46659939288973573,1.2944889472286385e-10,0.99998800588249515,0,1,0,NaN,NaN,NaN
varms_2,2 x MS0(pi/2),existing_coarse,heatmap,sideband_fcl,sideband,fcl,1074,30,15,1,0,1.8666666666666667,-0.13333333333333333,0.62808794803207457,0.32280278958238706,0.024554631192769242,0.024554631192769242,0.049109262385538484,0.30528515844968751,1.2944889472286385e-10,0.99998800588249515,0,1,0,NaN,NaN,NaN
varms_2,2 x MS0(pi/2),existing_coarse,heatmap,sideband_fcl,sideband,fcl,1075,30,16,1,0,1.8666666666666667,0,0.5445185799178851,0.3554996946791894,0.049990862701462788,0.049990862701462788,0.099981725402925575,0.1890188852386957,1.2944889472286385e-10,0.99998800588249515,0,1,0,NaN,NaN,NaN
varms_2,2 x MS0(pi/2),existing_coarse,heatmap,sideband_fcl,sideband,fcl,1076,30,17,1,0,1.8666666666666667,0.13333333333333333,0.49730342716957465,0.34166630961412942,0.080515131608147897,0.080515131608147897,0.16103026321629579,0.15563711755544524,1.2944889472286385e-10,0.99998800588249515,0,1,0,NaN,NaN,NaN
varms_2,2 x MS0(pi/2),existing_coarse,heatmap,sideband_fcl,sideband,fcl,1077,30,18,1,0,1.8666666666666667,0.26666666666666666,0.50227436309665896,0.28567973732891672,0.10602294978721208,0.10602294978721208,0.21204589957442416,0.21659462576774224,1.2944889472286385e-10,0.99998800588249515,0,1,0,NaN,NaN,NaN
varms_2,2 x MS0(pi/2),existing_coarse,heatmap,sideband_fcl,sideband,fcl,1078,30,19,1,0,1.8666666666666667,0.40000000000000002,0.55905229513094756,0.20372874686392292,0.11860947900256474,0.11860947900256474,0.23721895800512949,0.35532354826702461,1.2944889472286385e-10,0.99998800588249515,0,1,0,NaN,NaN,NaN
varms_2,2 x MS0(pi/2),existing_coarse,heatmap,sideband_fcl,sideband,fcl,1079,30,20,1,0,1.8666666666666667,0.53333333333333333,0.64942269943520836,0.12193233516708062,0.11432248269885553,0.11432248269885553,0.22864496539771106,0.52749036426812779,1.2944889472286385e-10,0.99998800588249515,0,1,0,NaN,NaN,NaN
varms_2,2 x MS0(pi/2),existing_coarse,heatmap,sideband_fcl,sideband,fcl,1080,30,21,1,0,1.8666666666666667,0.66666666666666663,0.74399340098397515,0.064312410507445586,0.095847094254289666,0.095847094254289666,0.19169418850857933,0.67968099047652952,1.2944889472286385e-10,0.99998800588249515,0,1,0,NaN,NaN,NaN
varms_2,2 x MS0(pi/2),existing_coarse,heatmap,sideband_fcl,sideband,fcl,1081,30,22,1,0,1.8666666666666667,0.80000000000000004,0.81802305576978285,0.038121590018941338,0.071927677105637924,0.071927677105637924,0.14385535421127585,0.77990146575084152,1.2944889472286385e-10,0.99998800588249515,0,1,0,NaN,NaN,NaN
varms_2,2 x MS0(pi/2),existing_coarse,heatmap,sideband_fcl,sideband,fcl,1082,30,23,1,0,1.8666666666666667,0.93333333333333335,0.86420059939222593,0.033063185429694275,0.051368107589039834,0.051368107589039834,0.10273621517807967,0.8311374139625316,1.2944889472286385e-10,0.99998800588249515,0,1,0,NaN,NaN,NaN
varms_2,2 x MS0(pi/2),existing_coarse,heatmap,sideband_fcl,sideband,fcl,1083,30,24,1,0,1.8666666666666667,1.0666666666666667,0.89203952481708326,0.033827414715050221,0.037066530233933269,0.037066530233933269,0.074133060467866538,0.85821211010203302,1.2944889472286385e-10,0.99998800588249515,0,1,0,NaN,NaN,NaN
varms_2,2 x MS0(pi/2),existing_coarse,heatmap,sideband_fcl,sideband,fcl,1084,30,25,1,0,1.8666666666666667,1.2,0.91608520921033221,0.030949355162149906,0.026482717813758907,0.026482717813758907,0.052965435627517814,0.88513585404818229,1.2944889472286385e-10,0.99998800588249515,0,1,0,NaN,NaN,NaN
varms_2,2 x MS0(pi/2),existing_coarse,heatmap,sideband_fcl,sideband,fcl,1085,30,26,1,0,1.8666666666666667,1.3333333333333333,0.94357781000833507,0.022659457384911173,0.016881366303376836,0.016881366303376836,0.033762732606753672,0.92091835262342392,1.2944889472286385e-10,0.99998800588249515,0,1,0,NaN,NaN,NaN
varms_2,2 x MS0(pi/2),existing_coarse,heatmap,sideband_fcl,sideband,fcl,1086,30,27,1,0,1.8666666666666667,1.4666666666666666,0.96970415169985147,0.011996531123448858,0.0091496585883497818,0.0091496585883497818,0.018299317176699564,0.95770762057640257,1.2944889472286385e-10,0.99998800588249515,0,1,0,NaN,NaN,NaN
varms_2,2 x MS0(pi/2),existing_coarse,heatmap,sideband_fcl,sideband,fcl,1087,30,28,1,0,1.8666666666666667,1.6000000000000001,0.98119804608277184,0.0037069643942565975,0.0075474947614857808,0.0075474947614857808,0.015094989522971562,0.97749108168851528,1.2944889472286385e-10,0.99998800588249515,0,1,0,NaN,NaN,NaN
varms_2,2 x MS0(pi/2),existing_coarse,heatmap,sideband_fcl,sideband,fcl,1088,30,29,1,0,1.8666666666666667,1.7333333333333334,0.96575598342253421,0.0014266927854182144,0.016408661896023739,0.016408661896023739,0.032817323792047479,0.96432929063711603,1.2944889472286385e-10,0.99998800588249515,0,1,0,NaN,NaN,NaN
varms_2,2 x MS0(pi/2),existing_coarse,heatmap,sideband_fcl,sideband,fcl,1089,30,30,1,0,1.8666666666666667,1.8666666666666667,0.92389069644772515,0.005525168503589091,0.035292067524342836,0.035292067524342836,0.070584135048685673,0.91836552794413606,1.2944889472286385e-10,0.99998800588249515,0,1,0,NaN,NaN,NaN
varms_2,2 x MS0(pi/2),existing_coarse,heatmap,sideband_fcl,sideband,fcl,1090,30,31,1,0,1.8666666666666667,2,0.8752291011262503,0.013503335258936865,0.055633781807406413,0.055633781807406413,0.11126756361481283,0.86172576586731342,1.2944889472286385e-10,0.99998800588249515,0,1,0,NaN,NaN,NaN
varms_2,2 x MS0(pi/2),existing_coarse,heatmap,sideband_fcl,sideband,fcl,1091,31,1,1,0,2,-2,0.96378297837289617,0.017537257889927323,0.0093398818685882495,0.0093398818685882495,0.018679763737176499,0.94624572048296884,1.2944889472286385e-10,0.99998800588249515,0,1,0,NaN,NaN,NaN
varms_2,2 x MS0(pi/2),existing_coarse,heatmap,sideband_fcl,sideband,fcl,1092,31,2,1,0,2,-1.8666666666666667,0.90269193291122274,0.044311039023931756,0.026498514032422739,0.026498514032422739,0.052997028064845478,0.858380893887291,1.2944889472286385e-10,0.99998800588249515,0,1,0,NaN,NaN,NaN
varms_2,2 x MS0(pi/2),existing_coarse,heatmap,sideband_fcl,sideband,fcl,1093,31,3,1,0,2,-1.7333333333333334,0.76758562240616723,0.10593584811041644,0.063239264741708226,0.063239264741708226,0.12647852948341645,0.66164977429575078,1.2944889472286385e-10,0.99998800588249515,0,1,0,NaN,NaN,NaN
varms_2,2 x MS0(pi/2),existing_coarse,heatmap,sideband_fcl,sideband,fcl,1094,31,4,1,0,2,-1.6000000000000001,0.62434877813616085,0.1761563550443549,0.099747433409742167,0.099747433409742167,0.19949486681948433,0.44819242309180596,1.2944889472286385e-10,0.99998800588249515,0,1,0,NaN,NaN,NaN
varms_2,2 x MS0(pi/2),existing_coarse,heatmap,sideband_fcl,sideband,fcl,1095,31,5,1,0,2,-1.4666666666666666,0.50849362729164915,0.22512323409215068,0.13319156930810014,0.13319156930810014,0.26638313861620028,0.28337039319949847,1.2944889472286385e-10,0.99998800588249515,0,1,0,NaN,NaN,NaN
varms_2,2 x MS0(pi/2),existing_coarse,heatmap,sideband_fcl,sideband,fcl,1096,31,6,1,0,2,-1.3333333333333333,0.43510885316868525,0.23452626338273211,0.16518244172429131,0.16518244172429131,0.33036488344858261,0.20058258978595314,1.2944889472286385e-10,0.99998800588249515,0,1,0,NaN,NaN,NaN
varms_2,2 x MS0(pi/2),existing_coarse,heatmap,sideband_fcl,sideband,fcl,1097,31,7,1,0,2,-1.2,0.41237425272682021,0.20227473713519045,0.19267550506899467,0.19267550506899467,0.38535101013798934,0.21009951559162976,1.2944889472286385e-10,0.99998800588249515,0,1,0,NaN,NaN,NaN
varms_2,2 x MS0(pi/2),existing_coarse,heatmap,sideband_fcl,sideband,fcl,1098,31,8,1,0,2,-1.0666666666666667,0.44739734863303193,0.14191195592732722,0.20534534771982044,0.20534534771982044,0.41069069543964087,0.30548539270570474,1.2944889472286385e-10,0.99998800588249515,0,1,0,NaN,NaN,NaN
varms_2,2 x MS0(pi/2),existing_coarse,heatmap,sideband_fcl,sideband,fcl,1099,31,9,1,0,2,-0.93333333333333335,0.5411776754079759,0.077296633991492641,0.19076284530026566,0.19076284530026566,0.38152569060053132,0.46388104141648323,1.2944889472286385e-10,0.99998800588249515,0,1,0,NaN,NaN,NaN
varms_2,2 x MS0(pi/2),existing_coarse,heatmap,sideband_fcl,sideband,fcl,1100,31,10,1,0,2,-0.80000000000000004,0.67424097288269069,0.033040447388162426,0.14635928986457344,0.14635928986457344,0.29271857972914689,0.64120052549452822,1.2944889472286385e-10,0.99998800588249515,0,1,0,NaN,NaN,NaN
varms_2,2 x MS0(pi/2),existing_coarse,heatmap,sideband_fcl,sideband,fcl,1101,31,11,1,0,2,-0.66666666666666663,0.79923153142672199,0.026424668820371717,0.087171899876453129,0.087171899876453129,0.17434379975290626,0.77280686260635023,1.2944889472286385e-10,0.99998800588249515,0,1,0,NaN,NaN,NaN
varms_2,2 x MS0(pi/2),existing_coarse,heatmap,sideband_fcl,sideband,fcl,1102,31,12,1,0,2,-0.53333333333333333,0.86099296397638725,0.063083788113570585,0.037961623955021118,0.037961623955021118,0.075923247910042235,0.79790917586281662,1.2944889472286385e-10,0.99998800588249515,0,1,0,NaN,NaN,NaN
varms_2,2 x MS0(pi/2),existing_coarse,heatmap,sideband_fcl,sideband,fcl,1103,31,13,1,0,2,-0.40000000000000002,0.83422226405930267,0.13371208565211437,0.016032825144291444,0.016032825144291444,0.032065650288582888,0.70051017840718832,1.2944889472286385e-10,0.99998800588249515,0,1,0,NaN,NaN,NaN
varms_2,2 x MS0(pi/2),existing_coarse,heatmap,sideband_fcl,sideband,fcl,1104,31,14,1,0,2,-0.26666666666666666,0.74015508317382772,0.21554474408679355,0.022150086369689462,0.022150086369689462,0.044300172739378925,0.52461033908703414,1.2944889472286385e-10,0.99998800588249515,0,1,0,NaN,NaN,NaN
varms_2,2 x MS0(pi/2),existing_coarse,heatmap,sideband_fcl,sideband,fcl,1105,31,15,1,0,2,-0.13333333333333333,0.62586259322732507,0.28276654039477028,0.045685433188952282,0.045685433188952282,0.091370866377904564,0.34309605283255479,1.2944889472286385e-10,0.99998800588249515,0,1,0,NaN,NaN,NaN
varms_2,2 x MS0(pi/2),existing_coarse,heatmap,sideband_fcl,sideband,fcl,1106,31,16,1,0,2,0,0.53325088416681443,0.31708069653323584,0.074834209649974906,0.074834209649974906,0.14966841929994981,0.21617018763357859,1.2944889472286385e-10,0.99998800588249515,0,1,0,NaN,NaN,NaN
varms_2,2 x MS0(pi/2),existing_coarse,heatmap,sideband_fcl,sideband,fcl,1107,31,17,1,0,2,0.13333333333333333,0.48663239809219538,0.30977734473511015,0.10179512858634725,0.10179512858634725,0.20359025717269449,0.17685505335708523,1.2944889472286385e-10,0.99998800588249515,0,1,0,NaN,NaN,NaN
varms_2,2 x MS0(pi/2),existing_coarse,heatmap,sideband_fcl,sideband,fcl,1108,31,18,1,0,2,0.26666666666666666,0.49602532950534045,0.26069996266094786,0.12163735391685583,0.12163735391685583,0.24327470783371166,0.23532536684439259,1.2944889472286385e-10,0.99998800588249515,0,1,0,NaN,NaN,NaN
varms_2,2 x MS0(pi/2),existing_coarse,heatmap,sideband_fcl,sideband,fcl,1109,31,19,1,0,2,0.40000000000000002,0.55911570472342531,0.18197748770526051,0.12945340378565712,0.12945340378565712,0.25890680757131423,0.3771382170181648,1.2944889472286385e-10,0.99998800588249515,0,1,0,NaN,NaN,NaN
varms_2,2 x MS0(pi/2),existing_coarse,heatmap,sideband_fcl,sideband,fcl,1110,31,20,1,0,2,0.53333333333333333,0.65839882686756623,0.10000852762203302,0.12079632275520043,0.12079632275520043,0.24159264551040086,0.55839029924553318,1.2944889472286385e-10,0.99998800588249515,0,1,0,NaN,NaN,NaN
varms_2,2 x MS0(pi/2),existing_coarse,heatmap,sideband_fcl,sideband,fcl,1111,31,21,1,0,2,0.66666666666666663,0.76394800628185811,0.043152964323581844,0.096449514697279956,0.096449514697279956,0.19289902939455991,0.72079504195827626,1.2944889472286385e-10,0.99998800588249515,0,1,0,NaN,NaN,NaN
varms_2,2 x MS0(pi/2),existing_coarse,heatmap,sideband_fcl,sideband,fcl,1112,31,22,1,0,2,0.80000000000000004,0.84733215875586054,0.021830867451461448,0.065418486896339056,0.065418486896339056,0.13083697379267811,0.82550129130439909,1.2944889472286385e-10,0.99998800588249515,0,1,0,NaN,NaN,NaN
varms_2,2 x MS0(pi/2),existing_coarse,heatmap,sideband_fcl,sideband,fcl,1113,31,23,1,0,2,0.93333333333333335,0.89698157778895138,0.024108403158993964,0.039455009526027339,0.039455009526027339,0.078910019052054678,0.87287317462995739,1.2944889472286385e-10,0.99998800588249515,0,1,0,NaN,NaN,NaN
varms_2,2 x MS0(pi/2),existing_coarse,heatmap,sideband_fcl,sideband,fcl,1114,31,24,1,0,2,1.0666666666666667,0.92124198904312349,0.031016151577183751,0.023870929689846346,0.023870929689846346,0.047741859379692692,0.89022583746593975,1.2944889472286385e-10,0.99998800588249515,0,1,0,NaN,NaN,NaN
varms_2,2 x MS0(pi/2),existing_coarse,heatmap,sideband_fcl,sideband,fcl,1115,31,25,1,0,2,1.2,0.93644009381569759,0.031653433530416948,0.015953236326942666,0.015953236326942666,0.031906472653885333,0.90478666028528065,1.2944889472286385e-10,0.99998800588249515,0,1,0,NaN,NaN,NaN
varms_2,2 x MS0(pi/2),existing_coarse,heatmap,sideband_fcl,sideband,fcl,1116,31,26,1,0,2,1.3333333333333333,0.95190661185206338,0.025179850641557571,0.011456768753189567,0.011456768753189567,0.022913537506379134,0.92672676121050579,1.2944889472286385e-10,0.99998800588249515,0,1,0,NaN,NaN,NaN
varms_2,2 x MS0(pi/2),existing_coarse,heatmap,sideband_fcl,sideband,fcl,1117,31,27,1,0,2,1.4666666666666666,0.96491608693403819,0.015718812776952362,0.009682550144504691,0.009682550144504691,0.019365100289009382,0.94919727415708577,1.2944889472286385e-10,0.99998800588249515,0,1,0,NaN,NaN,NaN
varms_2,2 x MS0(pi/2),existing_coarse,heatmap,sideband_fcl,sideband,fcl,1118,31,28,1,0,2,1.6000000000000001,0.96623599840756702,0.0081297885034435306,0.012817106544494725,0.012817106544494725,0.025634213088989451,0.95810620990412354,1.2944889472286385e-10,0.99998800588249515,0,1,0,NaN,NaN,NaN
varms_2,2 x MS0(pi/2),existing_coarse,heatmap,sideband_fcl,sideband,fcl,1119,31,29,1,0,2,1.7333333333333334,0.94899057172937373,0.0054735042308705299,0.022767962019877859,0.022767962019877859,0.045535924039755718,0.94351706749850317,1.2944889472286385e-10,0.99998800588249515,0,1,0,NaN,NaN,NaN
varms_2,2 x MS0(pi/2),existing_coarse,heatmap,sideband_fcl,sideband,fcl,1120,31,30,1,0,2,1.8666666666666667,0.91560963970396358,0.0074408770784783716,0.038474741608778985,0.038474741608778985,0.076949483217557971,0.90816876262548518,1.2944889472286385e-10,0.99998800588249515,0,1,0,NaN,NaN,NaN
varms_2,2 x MS0(pi/2),existing_coarse,heatmap,sideband_fcl,sideband,fcl,1121,31,31,1,0,2,2,0.88028850906690359,0.011081501862630233,0.054314994535233092,0.054314994535233092,0.10862998907046618,0.86920700720427335,1.2944889472286385e-10,0.99998800588249515,0,1,0,NaN,NaN,NaN
