scan_kind,x_axis,y_axis,x_index,y_index,rabi_ratio,sideband_2pi_khz,fcl_2pi_khz,gg,ee,eg,ge,score
heatmap,rabi,fcl,1,1,0.80000000000000004,0,-2,0.80129788699109539,0.092793362675626545,0.052954375166639006,0.052954375166639006,0.092793362675626545
heatmap,rabi,fcl,2,1,0.81333333333333335,0,-2,0.80805405492126225,0.095196080018706844,0.048374932530015499,0.048374932530015499,0.095196080018706844
heatmap,rabi,fcl,3,1,0.82666666666666666,0,-2,0.81386949412837295,0.09768526132522036,0.044222622273203338,0.044222622273203338,0.09768526132522036
heatmap,rabi,fcl,4,1,0.83999999999999997,0,-2,0.81876312797080919,0.1002457245771257,0.040495573726032547,0.040495573726032547,0.1002457245771257
heatmap,rabi,fcl,5,1,0.85333333333333339,0,-2,0.8227554015005315,0.1028638080186457,0.037190395240411435,0.037190395240411435,0.1028638080186457
heatmap,rabi,fcl,6,1,0.8666666666666667,0,-2,0.82586808624711949,0.10552701384685083,0.034302449953014846,0.034302449953014846,0.10552701384685083
heatmap,rabi,fcl,7,1,0.88,0,-2,0.82812411290562671,0.10822370430363053,0.031826091395371431,0.031826091395371431,0.10822370430363053
heatmap,rabi,fcl,8,1,0.89333333333333331,0,-2,0.82954743340288439,0.11094284845393888,0.029754859071588365,0.029754859071588365,0.11094284845393888
heatmap,rabi,fcl,9,1,0.90666666666666662,0,-2,0.83016290511338442,0.11367382129962707,0.028081636793494312,0.028081636793494312,0.11367382129962707
heatmap,rabi,fcl,10,1,0.92000000000000004,0,-2,0.82999619657871804,0.1164062545355401,0.026798774442870894,0.026798774442870894,0.1164062545355401
heatmap,rabi,fcl,11,1,0.93333333333333335,0,-2,0.82907371047570555,0.11912993526761249,0.025898177128340919,0.025898177128340919,0.11912993526761249
heatmap,rabi,fcl,12,1,0.94666666666666666,0,-2,0.82742252052244358,0.12183475186376061,0.025371363806897935,0.025371363806897935,0.12183475186376061
heatmap,rabi,fcl,13,1,0.95999999999999996,0,-2,0.82507032039392547,0.12451067984499106,0.025209499880541761,0.025209499880541761,0.12451067984499106
heatmap,rabi,fcl,14,1,0.97333333333333338,0,-2,0.8220453789920289,0.12714780772871209,0.025403406639629564,0.025403406639629564,0.12714780772871209
heatmap,rabi,fcl,15,1,0.98666666666666669,0,-2,0.81837650193319766,0.1297363939481368,0.02594355205933279,0.02594355205933279,0.1297363939481368
heatmap,rabi,fcl,16,1,1,0,-2,0.81409299327357476,0.13226695421894841,0.026820026253738329,0.026820026253738329,0.13226695421894841
heatmap,rabi,fcl,17,1,1.0133333333333334,0,-2,0.80922461940333679,0.1347303694374849,0.028022505579589133,0.028022505579589133,0.1347303694374849
heatmap,rabi,fcl,18,1,1.0266666666666666,0,-2,0.80380156699524796,0.13711801414820618,0.029540209428273023,0.029540209428273023,0.13711801414820618
heatmap,rabi,fcl,19,1,1.04,0,-2,0.79785440040783684,0.13942189547735209,0.031361852057405527,0.031361852057405527,0.13942189547735209
heatmap,rabi,fcl,20,1,1.0533333333333332,0,-2,0.79141400908080595,0.1416348016275665,0.033475594645813726,0.033475594645813726,0.1416348016275665
heatmap,rabi,fcl,21,1,1.0666666666666667,0,-2,0.7845115500500599,0.14375045386632568,0.035868998041807251,0.035868998041807251,0.14375045386632568
heatmap,rabi,fcl,22,1,1.0800000000000001,0,-2,0.7771783825154851,0.14576365508085401,0.038528981201830431,0.038528981201830431,0.14576365508085401
heatmap,rabi,fcl,23,1,1.0933333333333333,0,-2,0.76944599462827146,0.14767043428709606,0.041441785542316222,0.041441785542316222,0.14767043428709606
heatmap,rabi,fcl,24,1,1.1066666666666667,0,-2,0.76134591995493961,0.14946818248427698,0.044592948780391731,0.044592948780391731,0.14946818248427698
heatmap,rabi,fcl,25,1,1.1200000000000001,0,-2,0.75290964705687491,0.1511557746622921,0.047967289140416453,0.047967289140416453,0.1511557746622921
heatmap,rabi,fcl,26,1,1.1333333333333333,0,-2,0.74416852072928041,0.15273367807346844,0.051548900598625595,0.051548900598625595,0.15273367807346844
heatmap,rabi,fcl,27,1,1.1466666666666667,0,-2,0.73515363626682051,0.15420404110858332,0.055321161312298132,0.055321161312298132,0.15420404110858332
heatmap,rabi,fcl,28,1,1.1599999999999999,0,-2,0.72589572840335437,0.15557076413184676,0.059266753732399383,0.059266753732399383,0.15557076413184676
heatmap,rabi,fcl,29,1,1.1733333333333333,0,-2,0.71642505350251651,0.15683954749714085,0.063367699500171307,0.063367699500171307,0.15683954749714085
heatmap,rabi,fcl,30,1,1.1866666666666668,0,-2,0.70677127055917832,0.15801791776369015,0.06760540583856578,0.06760540583856578,0.15801791776369015
heatmap,rabi,fcl,31,1,1.2,0,-2,0.69696331796638678,0.15911523255952267,0.07196072473704529,0.07196072473704529,0.15911523255952267
heatmap,rabi,fcl,1,2,0.80000000000000004,0,-1.8666666666666667,0.93652746150030541,0.037826300355013658,0.012823119072340447,0.012823119072340447,0.037826300355013658
heatmap,rabi,fcl,2,2,0.81333333333333335,0,-1.8666666666666667,0.93637981392876968,0.037626275332462357,0.012996955369383946,0.012996955369383946,0.037626275332462357
heatmap,rabi,fcl,3,2,0.82666666666666666,0,-1.8666666666666667,0.93511592532146115,0.037454867928211753,0.013714603375163526,0.013714603375163526,0.037454867928211753
heatmap,rabi,fcl,4,2,0.83999999999999997,0,-1.8666666666666667,0.93278531075874471,0.037327232527003304,0.014943728357126032,0.014943728357126032,0.037327232527003304
heatmap,rabi,fcl,5,2,0.85333333333333339,0,-1.8666666666666667,0.92943766795850591,0.037258736465259144,0.016651797788117491,0.016651797788117491,0.037258736465259144
heatmap,rabi,fcl,6,2,0.8666666666666667,0,-1.8666666666666667,0.9251225555497411,0.037264319811079472,0.018806562319589673,0.018806562319589673,0.037264319811079472
heatmap,rabi,fcl,7,2,0.88,0,-1.8666666666666667,0.91988912591581995,0.037357955522737345,0.021376459280721398,0.021376459280721398,0.037357955522737345
heatmap,rabi,fcl,8,2,0.89333333333333331,0,-1.8666666666666667,0.91378591066199588,0.0375522085693493,0.024330940384327399,0.024330940384327399,0.0375522085693493
heatmap,rabi,fcl,9,2,0.90666666666666662,0,-1.8666666666666667,0.90686065455326048,0.037857890778999904,0.027640727333869807,0.027640727333869807,0.037857890778999904
heatmap,rabi,fcl,10,2,0.92000000000000004,0,-1.8666666666666667,0.8991601907944573,0.038283811634159302,0.031277998785691694,0.031277998785691694,0.038283811634159302
heatmap,rabi,fcl,11,2,0.93333333333333335,0,-1.8666666666666667,0.89073035422099334,0.038836616610699773,0.035216514584153466,0.035216514584153466,0.038836616610699773
heatmap,rabi,fcl,12,2,0.94666666666666666,0,-1.8666666666666667,0.88161592818198298,0.039520708422895484,0.03943168169756079,0.03943168169756079,0.039520708422895484
heatmap,rabi,fcl,13,2,0.95999999999999996,0,-1.8666666666666667,0.87186061876982701,0.040338243729126422,0.043900568750523214,0.043900568750523214,0.040338243729126422
heatmap,rabi,fcl,14,2,0.97333333333333338,0,-1.8666666666666667,0.8615070514571832,0.041289199169614849,0.048601874686600939,0.048601874686600939,0.041289199169614849
heatmap,rabi,fcl,15,2,0.98666666666666669,0,-1.8666666666666667,0.85059678626095414,0.042371496281304294,0.053515858728870852,0.053515858728870852,0.042371496281304294
heatmap,rabi,fcl,16,2,1,0,-1.8666666666666667,0.83917034556749026,0.043581179105832549,0.058624237663338602,0.058624237663338602,0.043581179105832549
heatmap,rabi,fcl,17,2,1.0133333333333334,0,-1.8666666666666667,0.82726725309375582,0.044912634382698859,0.063910056261772596,0.063910056261772596,0.044912634382698859
heatmap,rabi,fcl,18,2,1.0266666666666666,0,-1.8666666666666667,0.81492607464164646,0.046358847574195589,0.069357538892079004,0.069357538892079004,0.046358847574195589
heatmap,rabi,fcl,19,2,1.04,0,-1.8666666666666667,0.80218446489253048,0.047911683536876457,0.07495192578529658,0.07495192578529658,0.047911683536876457
heatmap,rabi,fcl,20,2,1.0533333333333332,0,-1.8666666666666667,0.78907920940101306,0.049562187957155959,0.080679301320915484,0.080679301320915484,0.049562187957155959
heatmap,rabi,fcl,21,2,1.0666666666666667,0,-1.8666666666666667,0.77564626555758232,0.051300896900821187,0.086526418770798266,0.086526418770798266,0.051300896900821187
heatmap,rabi,fcl,22,2,1.0800000000000001,0,-1.8666666666666667,0.76192079554133785,0.05311815098728806,0.092480526735687033,0.092480526735687033,0.05311815098728806
heatmap,rabi,fcl,23,2,1.0933333333333333,0,-1.8666666666666667,0.7479371936153828,0.055004406190961273,0.098529200096827987,0.098529200096827987,0.055004406190961273
heatmap,rabi,fcl,24,2,1.1066666666666667,0,-1.8666666666666667,0.73372910294726401,0.056950534430807866,0.10466018131096408,0.10466018131096408,0.056950534430807866
heatmap,rabi,fcl,25,2,1.1200000000000001,0,-1.8666666666666667,0.71932942244837228,0.058948109907932998,0.11086123382184739,0.11086123382184739,0.058948109907932998
heatmap,rabi,fcl,26,2,1.1333333333333333,0,-1.8666666666666667,0.70477030635419913,0.060989673860932681,0.11712000989243404,0.11712000989243404,0.060989673860932681
heatmap,rabi,fcl,27,2,1.1466666666666667,0,-1.8666666666666667,0.69008315089812844,0.063068976721569886,0.12342393619015081,0.12342393619015081,0.063068976721569886
heatmap,rabi,fcl,28,2,1.1599999999999999,0,-1.8666666666666667,0.67529857088623968,0.065181192748705694,0.12976011818252731,0.12976011818252731,0.065181192748705694
heatmap,rabi,fcl,29,2,1.1733333333333333,0,-1.8666666666666667,0.66044637020063401,0.067323101644205768,0.13611526407758015,0.13611526407758015,0.067323101644205768
heatmap,rabi,fcl,30,2,1.1866666666666668,0,-1.8666666666666667,0.64555549949996172,0.069493241044620777,0.14247562972770877,0.14247562972770877,0.069493241044620777
heatmap,rabi,fcl,31,2,1.2,0,-1.8666666666666667,0.63065400989461984,0.071692023592076229,0.148826983256652,0.148826983256652,0.071692023592076229
heatmap,rabi,fcl,1,3,0.80000000000000004,0,-1.7333333333333334,0.96122719621427377,0.0094620483227130167,0.014655377731506592,0.014655377731506592,0.0094620483227130167
heatmap,rabi,fcl,2,3,0.81333333333333335,0,-1.7333333333333334,0.95288499271276794,0.0094834783956666991,0.018815764445782677,0.018815764445782677,0.0094834783956666991
heatmap,rabi,fcl,3,3,0.82666666666666666,0,-1.7333333333333334,0.94345421331560897,0.0097385753883829848,0.023403605648003974,0.023403605648003974,0.0097385753883829848
heatmap,rabi,fcl,4,3,0.83999999999999997,0,-1.7333333333333334,0.93302082635170991,0.010266614933681029,0.028356279357304507,0.028356279357304507,0.010266614933681029
heatmap,rabi,fcl,5,3,0.85333333333333339,0,-1.7333333333333334,0.9216689617182271,0.011104150798474158,0.033613443741649394,0.033613443741649394,0.011104150798474158
heatmap,rabi,fcl,6,3,0.8666666666666667,0,-1.7333333333333334,0.90948043560385183,0.012284177434686983,0.039117693480730624,0.039117693480730624,0.012284177434686983
heatmap,rabi,fcl,7,3,0.88,0,-1.7333333333333334,0.89653435802448489,0.013835439182394646,0.044815101396560253,0.044815101396560253,0.013835439182394646
heatmap,rabi,fcl,8,3,0.89333333333333331,0,-1.7333333333333334,0.8829068195919606,0.015781884141970629,0.050655648133034359,0.050655648133034359,0.015781884141970629
heatmap,rabi,fcl,9,3,0.90666666666666662,0,-1.7333333333333334,0.86867065242423047,0.01814225773031812,0.056593544922725704,0.056593544922725704,0.01814225773031812
heatmap,rabi,fcl,10,3,0.92000000000000004,0,-1.7333333333333334,0.85389525895978713,0.020929830870629093,0.06258745508479184,0.06258745508479184,0.020929830870629093
heatmap,rabi,fcl,11,3,0.93333333333333335,0,-1.7333333333333334,0.83864650225232262,0.024152255210356997,0.068600621268660178,0.068600621268660178,0.024152255210356997
heatmap,rabi,fcl,12,3,0.94666666666666666,0,-1.7333333333333334,0.82298665363442669,0.02781153583591418,0.074600905264829528,0.074600905264829528,0.02781153583591418
heatmap,rabi,fcl,13,3,0.95999999999999996,0,-1.7333333333333334,0.80697438827914547,0.031904112862077338,0.080560749429388567,0.080560749429388567,0.031904112862077338
heatmap,rabi,fcl,14,3,0.97333333333333338,0,-1.7333333333333334,0.79066482511863756,0.036421040756879026,0.086457067062241627,0.086457067062241627,0.036421040756879026
heatmap,rabi,fcl,15,3,0.98666666666666669,0,-1.7333333333333334,0.77410960275641461,0.041348254581821078,0.092271071330882165,0.092271071330882165,0.041348254581821078
heatmap,rabi,fcl,16,3,1,0,-1.7333333333333334,0.75735698613605229,0.04666691219438706,0.097988050834780294,0.097988050834780294,0.04666691219438706
heatmap,rabi,fcl,17,3,1.0133333333333334,0,-1.7333333333333334,0.74045199927868044,0.052353800148946437,0.10359710028618659,0.10359710028618659,0.052353800148946437
heatmap,rabi,fcl,18,3,1.0266666666666666,0,-1.7333333333333334,0.72343657630692093,0.058381792298259468,0.10909081569740982,0.10909081569740982,0.058381792298259468
heatmap,rabi,fcl,19,3,1.04,0,-1.7333333333333334,0.70634972576414479,0.064720351339150703,0.11446496144835221,0.11446496144835221,0.064720351339150703
heatmap,rabi,fcl,20,3,1.0533333333333332,0,-1.7333333333333334,0.68922770818515267,0.071336058993961726,0.11971811641044283,0.11971811641044283,0.071336058993961726
heatmap,rabi,fcl,21,3,1.0666666666666667,0,-1.7333333333333334,0.67210421441214152,0.078193167779298717,0.12485130890427978,0.12485130890427978,0.078193167779298717
heatmap,rabi,fcl,22,3,1.0800000000000001,0,-1.7333333333333334,0.65501054813820714,0.085254163470665847,0.12986764419556349,0.12986764419556349,0.085254163470665847
heatmap,rabi,fcl,23,3,1.0933333333333333,0,-1.7333333333333334,0.63797580575573098,0.092480327113771868,0.13477193356524861,0.13477193356524861,0.092480327113771868
heatmap,rabi,fcl,24,3,1.1066666666666667,0,-1.7333333333333334,0.62102705159761573,0.099832291408998297,0.13957032849669296,0.13957032849669296,0.099832291408998297
heatmap,rabi,fcl,25,3,1.1200000000000001,0,-1.7333333333333334,0.60418948538507733,0.1072705807286802,0.14426996694312122,0.14426996694312122,0.1072705807286802
heatmap,rabi,fcl,26,3,1.1333333333333333,0,-1.7333333333333334,0.58748660090701788,0.11475612958050528,0.14887863475623853,0.14887863475623853,0.11475612958050528
heatmap,rabi,fcl,27,3,1.1466666666666667,0,-1.7333333333333334,0.57094033357124641,0.12225077199441128,0.15340444721717111,0.15340444721717111,0.12225077199441128
heatmap,rabi,fcl,28,3,1.1599999999999999,0,-1.7333333333333334,0.55457119689384982,0.1297176983218897,0.15785555239213023,0.15785555239213023,0.1297176983218897
heatmap,rabi,fcl,29,3,1.1733333333333333,0,-1.7333333333333334,0.5383984042986385,0.13712187303413803,0.16223986133361173,0.16223986133361173,0.13712187303413803
heatmap,rabi,fcl,30,3,1.1866666666666668,0,-1.7333333333333334,0.52243998078824827,0.14443040989523134,0.16656480465826018,0.16656480465826018,0.14443040989523134
heatmap,rabi,fcl,31,3,1.2,0,-1.7333333333333334,0.50671285969176494,0.15161290517612661,0.17083711756605427,0.17083711756605427,0.15161290517612661
heatmap,rabi,fcl,1,4,0.80000000000000004,0,-1.6000000000000001,0.92503182360939673,0.014546696720964813,0.030210739834819242,0.030210739834819242,0.014546696720964813
heatmap,rabi,fcl,2,4,0.81333333333333335,0,-1.6000000000000001,0.91060978209180532,0.016435284105229854,0.036477466901482417,0.036477466901482417,0.016435284105229854
heatmap,rabi,fcl,3,4,0.82666666666666666,0,-1.6000000000000001,0.89517182128095008,0.018792219411182323,0.043017979653933849,0.043017979653933849,0.018792219411182323
heatmap,rabi,fcl,4,4,0.83999999999999997,0,-1.6000000000000001,0.8788348756807236,0.021670813461773339,0.049747155428751556,0.049747155428751556,0.021670813461773339
heatmap,rabi,fcl,5,4,0.85333333333333339,0,-1.6000000000000001,0.86171306316952445,0.02511989634593589,0.056583520242269765,0.056583520242269765,0.02511989634593589
heatmap,rabi,fcl,6,4,0.8666666666666667,0,-1.6000000000000001,0.84391702765106125,0.02918283162047235,0.063450070364233252,0.063450070364233252,0.02918283162047235
heatmap,rabi,fcl,7,4,0.88,0,-1.6000000000000001,0.82555337862043854,0.033896695612565954,0.070274962883497744,0.070274962883497744,0.033896695612565954
heatmap,rabi,fcl,8,4,0.89333333333333331,0,-1.6000000000000001,0.80672422508069319,0.039291620757897397,0.076992077080704741,0.076992077080704741,0.039291620757897397
heatmap,rabi,fcl,9,4,0.90666666666666662,0,-1.6000000000000001,0.78752679878744647,0.04539029746809381,0.083541451872229902,0.083541451872229902,0.04539029746809381
heatmap,rabi,fcl,10,4,0.92000000000000004,0,-1.6000000000000001,0.7680531619215919,0.052207629546727252,0.089869604265840425,0.089869604265840425,0.052207629546727252
heatmap,rabi,fcl,11,4,0.93333333333333335,0,-1.6000000000000001,0.74838999268644468,0.059750535326926708,0.095929735993314322,0.095929735993314322,0.059750535326926708
heatmap,rabi,fcl,12,4,0.94666666666666666,0,-1.6000000000000001,0.7286184468674074,0.068017884680536114,0.10168183422602821,0.10168183422602821,0.068017884680536114
heatmap,rabi,fcl,13,4,0.95999999999999996,0,-1.6000000000000001,0.70881408240792498,0.077000563769971983,0.10709267691105151,0.10709267691105151,0.077000563769971983
heatmap,rabi,fcl,14,4,0.97333333333333338,0,-1.6000000000000001,0.68904684713140252,0.086681655838451777,0.11213574851507284,0.11213574851507284,0.086681655838451777
heatmap,rabi,fcl,15,4,0.98666666666666669,0,-1.6000000000000001,0.66938112244447079,0.097036725175667554,0.11679107618993081,0.11679107618993081,0.097036725175667554
heatmap,rabi,fcl,16,4,1,0,-1.6000000000000001,0.64987580879457563,0.10803419701270291,0.1210449970963608,0.1210449970963608,0.10803419701270291
heatmap,rabi,fcl,17,4,1.0133333333333334,0,-1.6000000000000001,0.63058446272888269,0.11963581599274234,0.12488986063918746,0.12488986063918746,0.11963581599274234
heatmap,rabi,fcl,18,4,1.0266666666666666,0,-1.6000000000000001,0.6115554612106493,0.13179717510330605,0.12832368184302229,0.12832368184302229,0.13179717510330605
heatmap,rabi,fcl,19,4,1.04,0,-1.6000000000000001,0.59283219999945791,0.14446830287321141,0.13134974856366538,0.13134974856366538,0.14446830287321141
heatmap,rabi,fcl,20,4,1.0533333333333332,0,-1.6000000000000001,0.57445331809167477,0.15759429441568334,0.13397619374632097,0.13397619374632097,0.15759429441568334
heatmap,rabi,fcl,21,4,1.0666666666666667,0,-1.6000000000000001,0.55645293914708827,0.17111597944214374,0.13621554070538394,0.13621554070538394,0.17111597944214374
heatmap,rabi,fcl,22,4,1.0800000000000001,0,-1.6000000000000001,0.53886092902625615,0.18497061299438594,0.13808422898967893,0.13808422898967893,0.18497061299438594
heatmap,rabi,fcl,23,4,1.0933333333333333,0,-1.6000000000000001,0.5217031638323375,0.19909258019587775,0.13960212798589233,0.13960212798589233,0.19909258019587775
heatmap,rabi,fcl,24,4,1.1066666666666667,0,-1.6000000000000001,0.50500180362388858,0.21341410509992814,0.14079204563809156,0.14079204563809156,0.21341410509992814
heatmap,rabi,fcl,25,4,1.1200000000000001,0,-1.6000000000000001,0.48877557017992107,0.22786595544798677,0.14167923718604608,0.14167923718604608,0.22786595544798677
heatmap,rabi,fcl,26,4,1.1333333333333333,0,-1.6000000000000001,0.47304002044637483,0.24237813499695393,0.14229092227833562,0.14229092227833562,0.24237813499695393
heatmap,rabi,fcl,27,4,1.1466666666666667,0,-1.6000000000000001,0.45780782314544555,0.25688055349654643,0.14265581167900401,0.14265581167900401,0.25688055349654643
heatmap,rabi,fcl,28,4,1.1599999999999999,0,-1.6000000000000001,0.4430890200924924,0.2713036730438772,0.14280365343181525,0.14280365343181525,0.2713036730438772
heatmap,rabi,fcl,29,4,1.1733333333333333,0,-1.6000000000000001,0.4288912884929994,0.28557911978417982,0.14276479586141039,0.14276479586141039,0.28557911978417982
heatmap,rabi,fcl,30,4,1.1866666666666668,0,-1.6000000000000001,0.41522018583755277,0.29964025844572079,0.14256977785836319,0.14256977785836319,0.29964025844572079
heatmap,rabi,fcl,31,4,1.2,0,-1.6000000000000001,0.40207938798828174,0.31342272390421483,0.14224894405375174,0.14224894405375174,0.31342272390421483
heatmap,rabi,fcl,1,5,0.80000000000000004,0,-1.4666666666666666,0.8936033514919578,0.043662912402772709,0.031366868052634757,0.031366868052634757,0.043662912402772709
heatmap,rabi,fcl,2,5,0.81333333333333335,0,-1.4666666666666666,0.87818397891779476,0.045620439705646103,0.038097790688279551,0.038097790688279551,0.045620439705646103
heatmap,rabi,fcl,3,5,0.82666666666666666,0,-1.4666666666666666,0.86163587868294755,0.047926828774155834,0.045218646271448219,0.045218646271448219,0.047926828774155834
heatmap,rabi,fcl,4,5,0.83999999999999997,0,-1.4666666666666666,0.84408253726296578,0.050635750183861246,0.052640856276586517,0.052640856276586517,0.050635750183861246
heatmap,rabi,fcl,5,5,0.85333333333333339,0,-1.4666666666666666,0.82564629279892732,0.05379879128615174,0.060277457957460423,0.060277457957460423,0.05379879128615174
heatmap,rabi,fcl,6,5,0.8666666666666667,0,-1.4666666666666666,0.80644754133887608,0.05746436855168776,0.06804404505471813,0.06804404505471813,0.05746436855168776
heatmap,rabi,fcl,7,5,0.88,0,-1.4666666666666666,0.78660402756704084,0.061676774821967012,0.075859598805496059,0.075859598805496059,0.061676774821967012
heatmap,rabi,fcl,8,5,0.89333333333333331,0,-1.4666666666666666,0.76623021850715001,0.066475362553221951,0.083647209469813952,0.083647209469813952,0.066475362553221951
heatmap,rabi,fcl,9,5,0.90666666666666662,0,-1.4666666666666666,0.74543675767663864,0.071893862118190363,0.091334690102585492,0.091334690102585492,0.071893862118190363
heatmap,rabi,fcl,10,5,0.92000000000000004,0,-1.4666666666666666,0.72432999904313577,0.077959833509867793,0.098855083723498216,0.098855083723498216,0.077959833509867793
heatmap,rabi,fcl,11,5,0.93333333333333335,0,-1.4666666666666666,0.70301161557115455,0.084694246343531315,0.10614706904265717,0.10614706904265717,0.084694246343531315
heatmap,rabi,fcl,12,5,0.94666666666666666,0,-1.4666666666666666,0.68157828153161759,0.092111184648986766,0.11315526690969784,0.11315526690969784,0.092111184648986766
heatmap,rabi,fcl,13,5,0.95999999999999996,0,-1.4666666666666666,0.66012142085202929,0.10021766752949615,0.11983045580923733,0.11983045580923733,0.10021766752949615
heatmap,rabi,fcl,14,5,0.97333333333333338,0,-1.4666666666666666,0.63872702143013371,0.10901358207703081,0.12612969824641773,0.12612969824641773,0.10901358207703081
heatmap,rabi,fcl,15,5,0.98666666666666669,0,-1.4666666666666666,0.6174755096227672,0.1184917169591944,0.13201638670901919,0.13201638670901919,0.1184917169591944
heatmap,rabi,fcl,16,5,1,0,-1.4666666666666666,0.59644167718218133,0.12863789133616199,0.13746021574082831,0.13746021574082831,0.12863789133616199
heatmap,rabi,fcl,17,5,1.0133333333333334,0,-1.4666666666666666,0.57569466229576305,0.13943116833977295,0.14243708468223201,0.14243708468223201,0.13943116833977295
heatmap,rabi,fcl,18,5,1.0266666666666666,0,-1.4666666666666666,0.55529797348964005,0.15084414573453184,0.14692894038791404,0.14692894038791404,0.15084414573453184
heatmap,rabi,fcl,19,5,1.04,0,-1.4666666666666666,0.53530955616186937,0.16284331194552451,0.15092356594630305,0.15092356594630305,0.16284331194552451
heatmap,rabi,fcl,20,5,1.0533333333333332,0,-1.4666666666666666,0.51578189660562757,0.1753894625497357,0.15441432042231834,0.15441432042231834,0.1753894625497357
heatmap,rabi,fcl,21,5,1.0666666666666667,0,-1.4666666666666666,0.49676215575396221,0.18843816363740357,0.15739984030431714,0.15739984030431714,0.18843816363740357
heatmap,rabi,fcl,22,5,1.0800000000000001,0,-1.4666666666666666,0.47829233336997545,0.20194025687617895,0.1598837048769228,0.1598837048769228,0.20194025687617895
heatmap,rabi,fcl,23,5,1.0933333333333333,0,-1.4666666666666666,0.46040945469117556,0.21584239526089341,0.1618740750239655,0.1618740750239655,0.21584239526089341
heatmap,rabi,fcl,24,5,1.1066666666666667,0,-1.4666666666666666,0.44314577700301178,0.23008760345031784,0.16338330977333518,0.16338330977333518,0.23008760345031784
heatmap,rabi,fcl,25,5,1.1200000000000001,0,-1.4666666666666666,0.42652901165789447,0.24461585278275422,0.16442756777967568,0.16442756777967568,0.24461585278275422
heatmap,rabi,fcl,26,5,1.1333333333333333,0,-1.4666666666666666,0.41058256091168499,0.25936464442543683,0.16502639733143909,0.16502639733143909,0.25936464442543683
heatmap,rabi,fcl,27,5,1.1466666666666667,0,-1.4666666666666666,0.39532576126099733,0.27426959606745333,0.16520232133577473,0.16520232133577473,0.27426959606745333
heatmap,rabi,fcl,28,5,1.1599999999999999,0,-1.4666666666666666,0.38077413615424399,0.28926502109487146,0.16498042137544228,0.16498042137544228,0.28926502109487146
heatmap,rabi,fcl,29,5,1.1733333333333333,0,-1.4666666666666666,0.36693964812787866,0.30428449961208071,0.16438792613002035,0.16438792613002035,0.30428449961208071
heatmap,rabi,fcl,30,5,1.1866666666666668,0,-1.4666666666666666,0.35383095701101025,0.31926143097345472,0.16345380600776752,0.16345380600776752,0.31926143097345472
heatmap,rabi,fcl,31,5,1.2,0,-1.4666666666666666,0.34145367275306326,0.33412956877096867,0.16220837923798401,0.16220837923798401,0.33412956877096867
heatmap,rabi,fcl,1,6,0.80000000000000004,0,-1.3333333333333333,0.87803910056235079,0.086904656658930227,0.01752812138935949,0.01752812138935949,0.086904656658930227
heatmap,rabi,fcl,2,6,0.81333333333333335,0,-1.3333333333333333,0.86853144813845173,0.087540650330726888,0.021963950765410658,0.021963950765410658,0.087540650330726888
heatmap,rabi,fcl,3,6,0.82666666666666666,0,-1.3333333333333333,0.85771929504068967,0.088149093544124729,0.027065805707592774,0.027065805707592774,0.088149093544124729
heatmap,rabi,fcl,4,6,0.83999999999999997,0,-1.3333333333333333,0.84569626547771226,0.088758460241981793,0.032772637140152966,0.032772637140152966,0.088758460241981793
heatmap,rabi,fcl,5,6,0.85333333333333339,0,-1.3333333333333333,0.83255807051988051,0.089400192839090967,0.039020868320514206,0.039020868320514206,0.089400192839090967
heatmap,rabi,fcl,6,6,0.8666666666666667,0,-1.3333333333333333,0.81840176808343401,0.090107736851854844,0.045745247532355517,0.045745247532355517,0.090107736851854844
heatmap,rabi,fcl,7,6,0.88,0,-1.3333333333333333,0.80332506799701564,0.090915639046626237,0.052879646478179027,0.052879646478179027,0.090915639046626237
heatmap,rabi,fcl,8,6,0.89333333333333331,0,-1.3333333333333333,0.78742568472200403,0.091858714258342355,0.060357800509826823,0.060357800509826823,0.091858714258342355
heatmap,rabi,fcl,9,6,0.90666666666666662,0,-1.3333333333333333,0.77080074349395888,0.092971285127813608,0.068113985689113699,0.068113985689113699,0.092971285127813608
heatmap,rabi,fcl,10,6,0.92000000000000004,0,-1.3333333333333333,0.7535462310107528,0.0942864986004497,0.076083635194398716,0.076083635194398716,0.0942864986004497
heatmap,rabi,fcl,11,6,0.93333333333333335,0,-1.3333333333333333,0.73575650077325438,0.095835719921464113,0.08420388965264082,0.08420388965264082,0.095835719921464113
heatmap,rabi,fcl,12,6,0.94666666666666666,0,-1.3333333333333333,0.71752382675839754,0.09764800356226909,0.092414084839666705,0.092414084839666705,0.09764800356226909
heatmap,rabi,fcl,13,6,0.95999999999999996,0,-1.3333333333333333,0.69893800687079222,0.099749643150446723,0.10065617498938052,0.10065617498938052,0.099749643150446723
heatmap,rabi,fcl,14,6,0.97333333333333338,0,-1.3333333333333333,0.68008601431358839,0.10216379563508737,0.10887509502566202,0.10887509502566202,0.10216379563508737
heatmap,rabi,fcl,15,6,0.98666666666666669,0,-1.3333333333333333,0.6610516950656099,0.10491017999818598,0.11701906246810202,0.11701906246810202,0.10491017999818598
heatmap,rabi,fcl,16,6,1,0,-1.3333333333333333,0.64191551152027881,0.10800484658529282,0.12503982094721419,0.12503982094721419,0.10800484658529282
heatmap,rabi,fcl,17,6,1.0133333333333334,0,-1.3333333333333333,0.62275432846512635,0.11146001262328825,0.1328928294557927,0.1328928294557927,0.11146001262328825
heatmap,rabi,fcl,18,6,1.0266666666666666,0,-1.3333333333333333,0.60364123753050414,0.11528396273637778,0.14053739986655903,0.14053739986655903,0.11528396273637778
heatmap,rabi,fcl,19,6,1.04,0,-1.3333333333333333,0.58464542679612419,0.11948100642233457,0.14793678339077057,0.14793678339077057,0.11948100642233457
heatmap,rabi,fcl,20,6,1.0533333333333332,0,-1.3333333333333333,0.56583207576697103,0.12405149189964952,0.15505821616668977,0.15505821616668977,0.12405149189964952
heatmap,rabi,fcl,21,6,1.0666666666666667,0,-1.3333333333333333,0.54726229545937954,0.12899186876067503,0.16187291788997277,0.16187291788997277,0.12899186876067503
heatmap,rabi,fcl,22,6,1.0800000000000001,0,-1.3333333333333333,0.52899308966622716,0.13429479514212414,0.16835605759582434,0.16835605759582434,0.13429479514212414
heatmap,rabi,fcl,23,6,1.0933333333333333,0,-1.3333333333333333,0.511077353257814,0.13994928612333948,0.1744866803094233,0.1744866803094233,0.13994928612333948
heatmap,rabi,fcl,24,6,1.1066666666666667,0,-1.3333333333333333,0.49356388853643346,0.14594089789177378,0.18024760678589635,0.18024760678589635,0.14594089789177378
heatmap,rabi,fcl,25,6,1.1200000000000001,0,-1.3333333333333333,0.47649745016492079,0.15225193870088796,0.18562530556709564,0.18562530556709564,0.15225193870088796
heatmap,rabi,fcl,26,6,1.1333333333333333,0,-1.3333333333333333,0.45991880857670336,0.1588617117722185,0.19060973982553903,0.19060973982553903,0.1588617117722185
heatmap,rabi,fcl,27,6,1.1466666666666667,0,-1.3333333333333333,0.4438648348910062,0.16574677370010465,0.19519419570444463,0.19519419570444463,0.16574677370010465
heatmap,rabi,fcl,28,6,1.1599999999999999,0,-1.3333333333333333,0.42836859849007863,0.17288121225002434,0.19937509462994848,0.19937509462994848,0.17288121225002434
heatmap,rabi,fcl,29,6,1.1733333333333333,0,-1.3333333333333333,0.41345947878629846,0.18023693714588621,0.20315179203390771,0.20315179203390771,0.18023693714588621
heatmap,rabi,fcl,30,6,1.1866666666666668,0,-1.3333333333333333,0.39916329359139952,0.18778397930110616,0.20652636355374712,0.20652636355374712,0.18778397930110616
heatmap,rabi,fcl,31,6,1.2,0,-1.3333333333333333,0.38550243166462078,0.19549079517532639,0.20950338658002643,0.20950338658002643,0.19549079517532639
heatmap,rabi,fcl,1,7,0.80000000000000004,0,-1.2,0.82732787369559579,0.13094319320415257,0.020864466550125856,0.020864466550125856,0.13094319320415257
heatmap,rabi,fcl,2,7,0.81333333333333335,0,-1.2,0.82807116618927423,0.13057761336526144,0.020675610222732184,0.020675610222732184,0.13057761336526144
heatmap,rabi,fcl,3,7,0.82666666666666666,0,-1.2,0.82760488899867268,0.13006725948520956,0.021163925758058845,0.021163925758058845,0.13006725948520956
heatmap,rabi,fcl,4,7,0.83999999999999997,0,-1.2,0.82597272234110397,0.12940061123507487,0.022313333211910535,0.022313333211910535,0.12940061123507487
heatmap,rabi,fcl,5,7,0.85333333333333339,0,-1.2,0.82322234512232328,0.12857176674970025,0.024102944063988212,0.024102944063988212,0.12857176674970025
heatmap,rabi,fcl,6,7,0.8666666666666667,0,-1.2,0.81940493749897514,0.12757989582509449,0.026507583337965167,0.026507583337965167,0.12757989582509449
heatmap,rabi,fcl,7,7,0.88,0,-1.2,0.81457471450349139,0.12642867067723013,0.029498307409639282,0.029498307409639282,0.12642867067723013
heatmap,rabi,fcl,8,7,0.89333333333333331,0,-1.2,0.8087884505165136,0.12512571520148982,0.033042917140998267,0.033042917140998267,0.12512571520148982
heatmap,rabi,fcl,9,7,0.90666666666666662,0,-1.2,0.80210502947147466,0.1236820556349023,0.037106457446811479,0.037106457446811479,0.1236820556349023
heatmap,rabi,fcl,10,7,0.92000000000000004,0,-1.2,0.79458500639391016,0.122111588230816,0.041651702687636988,0.041651702687636988,0.122111588230816
heatmap,rabi,fcl,11,7,0.93333333333333335,0,-1.2,0.78629019011709333,0.12043056725954819,0.046639621311679307,0.046639621311679307,0.12043056725954819
heatmap,rabi,fcl,12,7,0.94666666666666666,0,-1.2,0.77728324719245834,0.11865711442286782,0.052029819192336874,0.052029819192336874,0.11865711442286782
heatmap,rabi,fcl,13,7,0.95999999999999996,0,-1.2,0.76762732411288592,0.11681075665763442,0.057780959614739884,0.057780959614739884,0.11681075665763442
heatmap,rabi,fcl,14,7,0.97333333333333338,0,-1.2,0.75738569619882778,0.1149119936951935,0.063851155052989397,0.063851155052989397,0.1149119936951935
heatmap,rabi,fcl,15,7,0.98666666666666669,0,-1.2,0.74662143708078266,0.11298189438838108,0.070198334265418161,0.070198334265418161,0.11298189438838108
heatmap,rabi,fcl,16,7,1,0,-1.2,0.73539711278517317,0.11104172960507379,0.076780578804876501,0.076780578804876501,0.11104172960507379
heatmap,rabi,fcl,17,7,1.0133333333333334,0,-1.2,0.72377450171636382,0.10911263459110605,0.083556431846265031,0.083556431846265031,0.10911263459110605
heatmap,rabi,fcl,18,7,1.0266666666666666,0,-1.2,0.71181433513616221,0.1072153074913523,0.090485178686242757,0.090485178686242757,0.1072153074913523
heatmap,rabi,fcl,19,7,1.04,0,-1.2,0.69957606230445413,0.10536974201472299,0.097527097840411511,0.097527097840411511,0.10536974201472299
heatmap,rabi,fcl,20,7,1.0533333333333332,0,-1.2,0.68711764274702902,0.10359499180901741,0.10464368272197677,0.10464368272197677,0.10359499180901741
heatmap,rabi,fcl,21,7,1.0666666666666667,0,-1.2,0.67449535803639549,0.10190896984791142,0.11179783605784654,0.11179783605784654,0.10190896984791142
heatmap,rabi,fcl,22,7,1.0800000000000001,0,-1.2,0.66176364506422136,0.10032827718903983,0.1189540388733694,0.1189540388733694,0.10032827718903983
heatmap,rabi,fcl,23,7,1.0933333333333333,0,-1.2,0.64897495204516575,0.098868064143765658,0.1260784919055343,0.1260784919055343,0.098868064143765658
heatmap,rabi,fcl,24,7,1.1066666666666667,0,-1.2,0.63617961828895098,0.09754191884908775,0.13313923143098061,0.13313923143098061,0.09754191884908775
heatmap,rabi,fcl,25,7,1.1200000000000001,0,-1.2,0.62342576739777955,0.096361786039234829,0.1401062232814928,0.1401062232814928,0.096361786039234829
heatmap,rabi,fcl,26,7,1.1333333333333333,0,-1.2,0.61075922469891641,0.095337908654203773,0.14695143332343991,0.14695143332343991,0.095337908654203773
heatmap,rabi,fcl,27,7,1.1466666666666667,0,-1.2,0.59822344832201058,0.094478795414483202,0.15364887813175301,0.15364887813175301,0.094478795414483202
heatmap,rabi,fcl,28,7,1.1599999999999999,0,-1.2,0.58585948076106675,0.09379120981906619,0.16017465470993356,0.16017465470993356,0.09379120981906619
heatmap,rabi,fcl,29,7,1.1733333333333333,0,-1.2,0.57370591187094833,0.093280179690057627,0.16650695421949704,0.16650695421949704,0.093280179690057627
heatmap,rabi,fcl,30,7,1.1866666666666668,0,-1.2,0.56179886009143909,0.092949025725388434,0.17262605709158635,0.17262605709158635,0.092949025725388434
heatmap,rabi,fcl,31,7,1.2,0,-1.2,0.55017196365159371,0.092799405170233301,0.17851431558908651,0.17851431558908651,0.092799405170233301
heatmap,rabi,fcl,1,8,0.80000000000000004,0,-1.0666666666666667,0.68956029199492197,0.18315882226985347,0.063640442867612265,0.063640442867612265,0.18315882226985347
heatmap,rabi,fcl,2,8,0.81333333333333335,0,-1.0666666666666667,0.6984283699698528,0.18097959454267001,0.060296017743738599,0.060296017743738599,0.18097959454267001
heatmap,rabi,fcl,3,8,0.82666666666666666,0,-1.0666666666666667,0.70646652510380781,0.17890550981898765,0.057313982538602225,0.057313982538602225,0.17890550981898765
heatmap,rabi,fcl,4,8,0.83999999999999997,0,-1.0666666666666667,0.71367899133243184,0.17690554875316961,0.054707729957199289,0.054707729957199289,0.17690554875316961
heatmap,rabi,fcl,5,8,0.85333333333333339,0,-1.0666666666666667,0.72007357273629069,0.17495264630763446,0.052486890478037493,0.052486890478037493,0.17495264630763446
heatmap,rabi,fcl,6,8,0.8666666666666667,0,-1.0666666666666667,0.72566143073211808,0.17302357480596445,0.050657497230958748,0.050657497230958748,0.17302357480596445
heatmap,rabi,fcl,7,8,0.88,0,-1.0666666666666667,0.73045686301556234,0.17109879571705466,0.049222170633691525,0.049222170633691525,0.17109879571705466
heatmap,rabi,fcl,8,8,0.89333333333333331,0,-1.0666666666666667,0.73447707474167634,0.16916228487448515,0.048180320191919195,0.048180320191919195,0.16916228487448515
heatmap,rabi,fcl,9,8,0.90666666666666662,0,-1.0666666666666667,0.73774194753656341,0.16720133406079823,0.047528359201319238,0.047528359201319238,0.16720133406079823
heatmap,rabi,fcl,10,8,0.92000000000000004,0,-1.0666666666666667,0.74027380405365351,0.1652063381826219,0.047259928881862326,0.047259928881862326,0.1652063381826219
heatmap,rabi,fcl,11,8,0.93333333333333335,0,-1.0666666666666667,0.74209717451335711,0.16317056601083363,0.047366129737904661,0.047366129737904661,0.16317056601083363
heatmap,rabi,fcl,12,8,0.94666666666666666,0,-1.0666666666666667,0.74323856277901446,0.16108992582132145,0.047835755699832026,0.047835755699832026,0.16108992582132145
heatmap,rabi,fcl,13,8,0.95999999999999996,0,-1.0666666666666667,0.74372621740033873,0.15896272210245227,0.048655530248604452,0.048655530248604452,0.15896272210245227
heatmap,rabi,fcl,14,8,0.97333333333333338,0,-1.0666666666666667,0.74358990078774234,0.1567894144321306,0.049810342390063517,0.049810342390063517,0.1567894144321306
heatmap,rabi,fcl,15,8,0.98666666666666669,0,-1.0666666666666667,0.74286067101410425,0.15457237512925573,0.051283476928320068,0.051283476928320068,0.15457237512925573
heatmap,rabi,fcl,16,8,1,0,-1.0666666666666667,0.74157066945626104,0.15231564555727015,0.053056842493234398,0.053056842493234398,0.15231564555727015
heatmap,rabi,fcl,17,8,1.0133333333333334,0,-1.0666666666666667,0.73975291135292753,0.1500247059157884,0.055111191365642027,0.055111191365642027,0.1500247059157884
heatmap,rabi,fcl,18,8,1.0266666666666666,0,-1.0666666666666667,0.73744108943472908,0.14770624537107876,0.057426332597096043,0.057426332597096043,0.14770624537107876
heatmap,rabi,fcl,19,8,1.04,0,-1.0666666666666667,0.73466938076037669,0.14536794813346171,0.059981335553080828,0.059981335553080828,0.14536794813346171
heatmap,rabi,fcl,20,8,1.0533333333333332,0,-1.0666666666666667,0.73147227012045335,0.14301828333123431,0.062754723274156238,0.062754723274156238,0.14301828333123431
heatmap,rabi,fcl,21,8,1.0666666666666667,0,-1.0666666666666667,0.72788437576917531,0.14066631016078462,0.065724657035020034,0.065724657035020034,0.14066631016078462
heatmap,rabi,fcl,22,8,1.0800000000000001,0,-1.0666666666666667,0.72394029221689316,0.13832149493606477,0.068869106423521093,0.068869106423521093,0.13832149493606477
heatmap,rabi,fcl,23,8,1.0933333333333333,0,-1.0666666666666667,0.71967443774870077,0.13599353953750745,0.072166011356895932,0.072166011356895932,0.13599353953750745
heatmap,rabi,fcl,24,8,1.1066666666666667,0,-1.0666666666666667,0.71512091534441369,0.13369222483846799,0.07559342990855919,0.07559342990855919,0.13369222483846799
heatmap,rabi,fcl,25,8,1.1200000000000001,0,-1.0666666666666667,0.71031338413452461,0.13142726710917793,0.079129674378148718,0.079129674378148718,0.13142726710917793
heatmap,rabi,fcl,26,8,1.1333333333333333,0,-1.0666666666666667,0.70528493889905874,0.12920818748091473,0.082753436810013209,0.082753436810013209,0.12920818748091473
heatmap,rabi,fcl,27,8,1.1466666666666667,0,-1.0666666666666667,0.70006800149782866,0.12704419705495876,0.086443900723606248,0.086443900723606248,0.12704419705495876
heatmap,rabi,fcl,28,8,1.1599999999999999,0,-1.0666666666666667,0.69469422403555792,0.12494409349967882,0.090180841232381626,0.090180841232381626,0.12494409349967882
heatmap,rabi,fcl,29,8,1.1733333333333333,0,-1.0666666666666667,0.68919439620409306,0.12291617109967587,0.093944716348115478,0.093944716348115478,0.12291617109967587
heatmap,rabi,fcl,30,8,1.1866666666666668,0,-1.0666666666666667,0.68359836752049208,0.1209681463618994,0.097716743058804276,0.097716743058804276,0.1209681463618994
heatmap,rabi,fcl,31,8,1.2,0,-1.0666666666666667,0.67793497902331945,0.11910709042131755,0.10147896527768149,0.10147896527768149,0.11910709042131755
heatmap,rabi,fcl,1,9,0.80000000000000004,0,-0.93333333333333335,0.45990176597924864,0.26574300674569656,0.13717761363752737,0.13717761363752737,0.26574300674569656
heatmap,rabi,fcl,2,9,0.81333333333333335,0,-0.93333333333333335,0.47073506728443709,0.26096678877311652,0.13414907197122319,0.13414907197122319,0.26096678877311652
heatmap,rabi,fcl,3,9,0.82666666666666666,0,-0.93333333333333335,0.48115902766290902,0.25650178814569585,0.13116959209569753,0.13116959209569753,0.25650178814569585
heatmap,rabi,fcl,4,9,0.83999999999999997,0,-0.93333333333333335,0.49116109440961908,0.25232910270464537,0.12825490144286772,0.12825490144286772,0.25232910270464537
heatmap,rabi,fcl,5,9,0.85333333333333339,0,-0.93333333333333335,0.50073088321168535,0.24843074857128519,0.12541918410851477,0.12541918410851477,0.24843074857128519
heatmap,rabi,fcl,6,9,0.8666666666666667,0,-0.93333333333333335,0.50986012122786406,0.24478974923978408,0.12267506476617591,0.12267506476617591,0.24478974923978408
heatmap,rabi,fcl,7,9,0.88,0,-0.93333333333333335,0.51854257713482588,0.24139019799187372,0.1200336124366502,0.1200336124366502,0.24139019799187372
heatmap,rabi,fcl,8,9,0.89333333333333331,0,-0.93333333333333335,0.52677399100541644,0.23821729664785013,0.11750435617336669,0.11750435617336669,0.23821729664785013
heatmap,rabi,fcl,9,9,0.90666666666666662,0,-0.93333333333333335,0.53455199146058707,0.23525737754168488,0.11509531549886404,0.11509531549886404,0.23525737754168488
heatmap,rabi,fcl,10,9,0.92000000000000004,0,-0.93333333333333335,0.54187601134564856,0.23249790460383751,0.11281304202525692,0.11281304202525692,0.23249790460383751
heatmap,rabi,fcl,11,9,0.93333333333333335,0,-0.93333333333333335,0.54874719873011601,0.22992746004087608,0.1106626706145039,0.1106626706145039,0.22992746004087608
heatmap,rabi,fcl,12,9,0.94666666666666666,0,-0.93333333333333335,0.55516832176781106,0.22753571563535327,0.10864798129841782,0.10864798129841782,0.22753571563535327
heatmap,rabi,fcl,13,9,0.95999999999999996,0,-0.93333333333333335,0.56114367467485005,0.22531339338541068,0.10677146596986963,0.10677146596986963,0.22531339338541068
heatmap,rabi,fcl,14,9,0.97333333333333338,0,-0.93333333333333335,0.56667897876171047,0.22325221628083022,0.10503440247872965,0.10503440247872965,0.22325221628083022
heatmap,rabi,fcl,15,9,0.98666666666666669,0,-0.93333333333333335,0.57178128501854697,0.22134485171911389,0.10343693163116952,0.10343693163116952,0.22134485171911389
heatmap,rabi,fcl,16,9,1,0,-0.93333333333333335,0.5764588732108058,0.21958484750827095,0.10197813964046158,0.10197813964046158,0.21958484750827095
heatmap,rabi,fcl,17,9,1.0133333333333334,0,-0.93333333333333335,0.58072115532124291,0.21796656166859976,0.10065614150507866,0.10065614150507866,0.21796656166859976
heatmap,rabi,fcl,18,9,1.0266666666666666,0,-0.93333333333333335,0.58457857585307438,0.21648509184701017,0.099468166149957668,0.099468166149957668,0.21648509184701017
heatmap,rabi,fcl,19,9,1.04,0,-0.93333333333333335,0.58804251473526581,0.21513619998955283,0.098410642637590681,0.098410642637590681,0.21513619998955283
heatmap,rabi,fcl,20,9,1.0533333333333332,0,-0.93333333333333335,0.59112519478977454,0.21391623623343067,0.097479284488397419,0.097479284488397419,0.21391623623343067
heatmap,rabi,fcl,21,9,1.0666666666666667,0,-0.93333333333333335,0.59383958644217794,0.21282206423889391,0.096669174659464022,0.096669174659464022,0.21282206423889391
heatmap,rabi,fcl,22,9,1.0800000000000001,0,-0.93333333333333335,0.59619931913166602,0.21185098462961091,0.095974848119361592,0.095974848119361592,0.21185098462961091
heatmap,rabi,fcl,23,9,1.0933333333333333,0,-0.93333333333333335,0.59821859382223297,0.21100066220636543,0.095390371985700786,0.095390371985700786,0.21100066220636543
heatmap,rabi,fcl,24,9,1.1066666666666667,0,-0.93333333333333335,0.59991209800597589,0.21026905547040931,0.094909423261807443,0.094909423261807443,0.21026905547040931
heatmap,rabi,fcl,25,9,1.1200000000000001,0,-0.93333333333333335,0.60129492601806545,0.20965434699597757,0.094525363492978492,0.094525363492978492,0.20965434699597757
heatmap,rabi,fcl,26,9,1.1333333333333333,0,-0.93333333333333335,0.60238250080367561,0.2091548785673169,0.094231310314503769,0.094231310314503769,0.2091548785673169
heatmap,rabi,fcl,27,9,1.1466666666666667,0,-0.93333333333333335,0.6031905005892586,0.20876908893826177,0.094020205236239815,0.094020205236239815,0.20876908893826177
heatmap,rabi,fcl,28,9,1.1599999999999999,0,-0.93333333333333335,0.60373478919992651,0.20849545835004596,0.093884876225013805,0.093884876225013805,0.20849545835004596
heatmap,rabi,fcl,29,9,1.1733333333333333,0,-0.93333333333333335,0.60403134616641874,0.20833245619943799,0.093818098817071552,0.093818098817071552,0.20833245619943799
heatmap,rabi,fcl,30,9,1.1866666666666668,0,-0.93333333333333335,0.60409620949762144,0.20827848749141534,0.093812651505481584,0.093812651505481584,0.20827848749141534
heatmap,rabi,fcl,31,9,1.2,0,-0.93333333333333335,0.60394541004692137,0.2083318552215318,0.093861367365773357,0.093861367365773357,0.2083318552215318
heatmap,rabi,fcl,1,10,0.80000000000000004,0,-0.80000000000000004,0.20615815626331752,0.35925617227760825,0.21729283572953714,0.21729283572953714,0.35925617227760825
heatmap,rabi,fcl,2,10,0.81333333333333335,0,-0.80000000000000004,0.21418536254235168,0.35408603400691258,0.21586430172536791,0.21586430172536791,0.35408603400691258
heatmap,rabi,fcl,3,10,0.82666666666666666,0,-0.80000000000000004,0.2221393259073785,0.34915456824812485,0.21435305292224835,0.21435305292224835,0.34915456824812485
heatmap,rabi,fcl,4,10,0.83999999999999997,0,-0.80000000000000004,0.23000531954653256,0.3444626188796564,0.21276603078690554,0.21276603078690554,0.3444626188796564
heatmap,rabi,fcl,5,10,0.85333333333333339,0,-0.80000000000000004,0.23776965410919906,0.34001040427943341,0.21110997080568375,0.21110997080568375,0.34001040427943341
heatmap,rabi,fcl,6,10,0.8666666666666667,0,-0.80000000000000004,0.24541966641608048,0.33579760872358377,0.20939136243016784,0.20939136243016784,0.33579760872358377
heatmap,rabi,fcl,7,10,0.88,0,-0.80000000000000004,0.2529437049134538,0.33182345059376628,0.20761642224638993,0.20761642224638993,0.33182345059376628
heatmap,rabi,fcl,8,10,0.89333333333333331,0,-0.80000000000000004,0.26033111166896539,0.32808675058616787,0.2057910688724334,0.2057910688724334,0.32808675058616787
heatmap,rabi,fcl,9,10,0.90666666666666662,0,-0.80000000000000004,0.26757220376833024,0.32458598832556501,0.2039209039530524,0.2039209039530524,0.32458598832556501
heatmap,rabi,fcl,10,10,0.92000000000000004,0,-0.80000000000000004,0.27465825064095545,0.3213193507894429,0.20201119928480082,0.20201119928480082,0.3213193507894429
heatmap,rabi,fcl,11,10,0.93333333333333335,0,-0.80000000000000004,0.28158144916640665,0.31828476983936876,0.20006689049711229,0.20006689049711229,0.31828476983936876
heatmap,rabi,fcl,12,10,0.94666666666666666,0,-0.80000000000000004,0.28833489778472676,0.31547995953886626,0.19809257133820352,0.19809257133820352,0.31547995953886626
heatmap,rabi,fcl,13,10,0.95999999999999996,0,-0.80000000000000004,0.29491256850532455,0.31290244166080927,0.19609249491693306,0.19609249491693306,0.31290244166080927
heatmap,rabi,fcl,14,10,0.97333333333333338,0,-0.80000000000000004,0.30130927801134133,0.31054956816747609,0.19407057691059129,0.19407057691059129,0.31054956816747609
heatmap,rabi,fcl,15,10,0.98666666666666669,0,-0.80000000000000004,0.30752065679768925,0.30841853808731512,0.19203040255749779,0.19203040255749779,0.30841853808731512
heatmap,rabi,fcl,16,10,1,0,-0.80000000000000004,0.31354311954157416,0.30650640774988636,0.1899752363542698,0.1899752363542698,0.30650640774988636
heatmap,rabi,fcl,17,10,1.0133333333333334,0,-0.80000000000000004,0.31937383173317724,0.30481010219051419,0.18790803303815437,0.18790803303815437,0.30481010219051419
heatmap,rabi,fcl,18,10,1.0266666666666666,0,-0.80000000000000004,0.32501067888113683,0.30332641885781059,0.18583145113052629,0.18583145113052629,0.30332641885781059
heatmap,rabi,fcl,19,10,1.04,0,-0.80000000000000004,0.330452232234765,0.30205202790175428,0.18374786993174039,0.18374786993174039,0.30205202790175428
heatmap,rabi,fcl,20,10,1.0533333333333332,0,-0.80000000000000004,0.33569771900220491,0.30098347486261895,0.18165940306758807,0.18165940306758807,0.30098347486261895
heatmap,rabi,fcl,21,10,1.0666666666666667,0,-0.80000000000000004,0.34074698781559493,0.30011717768002827,0.1795679172521884,0.1795679172521884,0.30011717768002827
heatmap,rabi,fcl,22,10,1.0800000000000001,0,-0.80000000000000004,0.34560047625341456,0.29944942202461583,0.17747505086098478,0.17747505086098478,0.29944942202461583
heatmap,rabi,fcl,23,10,1.0933333333333333,0,-0.80000000000000004,0.35025917998398098,0.29897635738480804,0.17538223131560551,0.17538223131560551,0.29897635738480804
heatmap,rabi,fcl,24,10,1.1066666666666667,0,-0.80000000000000004,0.35472462245007363,0.29869399141812603,0.17329069306590017,0.17329069306590017,0.29869399141812603
heatmap,rabi,fcl,25,10,1.1200000000000001,0,-0.80000000000000004,0.35899882221687185,0.29859818269129068,0.17120149754591876,0.17120149754591876,0.29859818269129068
heatmap,rabi,fcl,26,10,1.1333333333333333,0,-0.80000000000000004,0.36308426232060542,0.2986846338884005,0.16911555189549704,0.16911555189549704,0.2986846338884005
heatmap,rabi,fcl,27,10,1.1466666666666667,0,-0.80000000000000004,0.36698386134573241,0.29894888800212432,0.16703362532607163,0.16703362532607163,0.29894888800212432
heatmap,rabi,fcl,28,10,1.1599999999999999,0,-0.80000000000000004,0.37070094159153744,0.29938631955258566,0.16495636942793845,0.16495636942793845,0.29938631955258566
heatmap,rabi,fcl,29,10,1.1733333333333333,0,-0.80000000000000004,0.37423920471179534,0.29999212739163228,0.16288433394828616,0.16288433394828616,0.29999212739163228
heatmap,rabi,fcl,30,10,1.1866666666666668,0,-0.80000000000000004,0.37760270007490182,0.30076133385938952,0.16081798303285433,0.16081798303285433,0.30076133385938952
heatmap,rabi,fcl,31,10,1.2,0,-0.80000000000000004,0.38079579944508363,0.30168877345666206,0.15875771354912718,0.15875771354912718,0.30168877345666206
heatmap,rabi,fcl,1,11,0.80000000000000004,0,-0.66666666666666663,0.047258166089695325,0.41843309484202368,0.26715436953414051,0.26715436953414051,0.41843309484202368
heatmap,rabi,fcl,2,11,0.81333333333333335,0,-0.66666666666666663,0.051475484313350889,0.41615331269763683,0.26618560149450615,0.26618560149450615,0.41615331269763683
heatmap,rabi,fcl,3,11,0.82666666666666666,0,-0.66666666666666663,0.055874363804427424,0.41390236828862492,0.26511163395347387,0.26511163395347387,0.41390236828862492
heatmap,rabi,fcl,4,11,0.83999999999999997,0,-0.66666666666666663,0.060442274306870721,0.41168830675501766,0.26393470946905584,0.26393470946905584,0.41168830675501766
heatmap,rabi,fcl,5,11,0.85333333333333339,0,-0.66666666666666663,0.065167038174545999,0.40951857041481382,0.26265719570532009,0.26265719570532009,0.40951857041481382
heatmap,rabi,fcl,6,11,0.8666666666666667,0,-0.66666666666666663,0.07003682869041597,0.40740002759543015,0.26128157185707696,0.26128157185707696,0.40740002759543015
heatmap,rabi,fcl,7,11,0.88,0,-0.66666666666666663,0.075040168199276308,0.40533900293778896,0.25981041443146741,0.25981041443146741,0.40533900293778896
heatmap,rabi,fcl,8,11,0.89333333333333331,0,-0.66666666666666663,0.080165927569055995,0.40334130505909815,0.25824638368592295,0.25824638368592295,0.40334130505909815
heatmap,rabi,fcl,9,11,0.90666666666666662,0,-0.66666666666666663,0.085403322185353805,0.40141225189039964,0.25659221296212331,0.25659221296212331,0.40141225189039964
heatmap,rabi,fcl,10,11,0.92000000000000004,0,-0.66666666666666663,0.090741910817802085,0.3995566919769209,0.25485069860263848,0.25485069860263848,0.3995566919769209
heatmap,rabi,fcl,11,11,0.93333333333333335,0,-0.66666666666666663,0.096171592847079809,0.39777903056626257,0.2530246882933288,0.2530246882933288,0.39777903056626257
heatmap,rabi,fcl,12,11,0.94666666666666666,0,-0.66666666666666663,0.1016826060562393,0.39608324795304534,0.25111707299535763,0.25111707299535763,0.39608324795304534
heatmap,rabi,fcl,13,11,0.95999999999999996,0,-0.66666666666666663,0.10726552202748307,0.39447291438417276,0.24913078179417208,0.24913078179417208,0.39447291438417276
heatmap,rabi,fcl,14,11,0.97333333333333338,0,-0.66666666666666663,0.11291124510167734,0.39295121420036311,0.24706877034897978,0.24706877034897978,0.39295121420036311
heatmap,rabi,fcl,15,11,0.98666666666666669,0,-0.66666666666666663,0.11861100801002036,0.39152095669590292,0.2449340176470384,0.2449340176470384,0.39152095669590292
heatmap,rabi,fcl,16,11,1,0,-0.66666666666666663,0.12435636787856912,0.3901845905690971,0.24272952077616691,0.24272952077616691,0.3901845905690971
heatmap,rabi,fcl,17,11,1.0133333333333334,0,-0.66666666666666663,0.13013920579189284,0.38894422227388858,0.2404582859671093,0.2404582859671093,0.38894422227388858
heatmap,rabi,fcl,18,11,1.0266666666666666,0,-0.66666666666666663,0.13595171938130118,0.38780162154859471,0.23812332953505208,0.23812332953505208,0.38780162154859471
heatmap,rabi,fcl,19,11,1.04,0,-0.66666666666666663,0.14178642239392997,0.38675823612262705,0.23572767074172152,0.23572767074172152,0.38675823612262705
heatmap,rabi,fcl,20,11,1.0533333333333332,0,-0.66666666666666663,0.14763613990687202,0.3858152044734523,0.23327432780983778,0.23327432780983778,0.3858152044734523
heatmap,rabi,fcl,21,11,1.0666666666666667,0,-0.66666666666666663,0.15349400469709978,0.3849733589686577,0.23076631816712129,0.23076631816712129,0.3849733589686577
heatmap,rabi,fcl,22,11,1.0800000000000001,0,-0.66666666666666663,0.15935345470130935,0.38423324445221535,0.22820665042323771,0.22820665042323771,0.38423324445221535
heatmap,rabi,fcl,23,11,1.0933333333333333,0,-0.66666666666666663,0.16520822600711838,0.383595119847913,0.22559832707248426,0.22559832707248426,0.383595119847913
heatmap,rabi,fcl,24,11,1.1066666666666667,0,-0.66666666666666663,0.17105235494967141,0.38305896382898014,0.22294434061067425,0.22294434061067425,0.38305896382898014
heatmap,rabi,fcl,25,11,1.1200000000000001,0,-0.66666666666666663,0.17688017112020585,0.38262448848728309,0.22024767019625555,0.22024767019625555,0.38262448848728309
heatmap,rabi,fcl,26,11,1.1333333333333333,0,-0.66666666666666663,0.18268629166715189,0.38229114243833756,0.21751128294725533,0.21751128294725533,0.38229114243833756
heatmap,rabi,fcl,27,11,1.1466666666666667,0,-0.66666666666666663,0.18846562246635415,0.38205812120975619,0.21473812816194485,0.21473812816194485,0.38205812120975619
heatmap,rabi,fcl,28,11,1.1599999999999999,0,-0.66666666666666663,0.19421334866317544,0.38192436953866699,0.21193114089907877,0.21193114089907877,0.38192436953866699
heatmap,rabi,fcl,29,11,1.1733333333333333,0,-0.66666666666666663,0.19992493575028364,0.38188858804329412,0.20909323810321115,0.20909323810321115,0.38188858804329412
heatmap,rabi,fcl,30,11,1.1866666666666668,0,-0.66666666666666663,0.20559612191347293,0.38194924344461956,0.20622731732095373,0.20622731732095373,0.38194924344461956
heatmap,rabi,fcl,31,11,1.2,0,-0.66666666666666663,0.21122291737367785,0.38210457240835938,0.20333625510898135,0.20333625510898135,0.38210457240835938
heatmap,rabi,fcl,1,12,0.80000000000000004,0,-0.53333333333333333,0.030849171376004077,0.45498314267647672,0.25708384297375958,0.25708384297375958,0.45498314267647672
heatmap,rabi,fcl,2,12,0.81333333333333335,0,-0.53333333333333333,0.032034592587808927,0.45693613502143204,0.25551463619537956,0.25551463619537956,0.45693613502143204
heatmap,rabi,fcl,3,12,0.82666666666666666,0,-0.53333333333333333,0.03359361723793812,0.45872568041154205,0.25384035117525999,0.25384035117525999,0.45872568041154205
heatmap,rabi,fcl,4,12,0.83999999999999997,0,-0.53333333333333333,0.035517015349777636,0.46035535531637189,0.25206381466692523,0.25206381466692523,0.46035535531637189
heatmap,rabi,fcl,5,12,0.85333333333333339,0,-0.53333333333333333,0.037795433206443754,0.46182867824516183,0.25018794427419722,0.25018794427419722,0.46182867824516183
heatmap,rabi,fcl,6,12,0.8666666666666667,0,-0.53333333333333333,0.040419399219361309,0.46314912080794474,0.24821573998634699,0.24821573998634699,0.46314912080794474
heatmap,rabi,fcl,7,12,0.88,0,-0.53333333333333333,0.043379327564270168,0.46432010718343142,0.24615028262614916,0.24615028262614916,0.46432010718343142
heatmap,rabi,fcl,8,12,0.89333333333333331,0,-0.53333333333333333,0.046665523756634499,0.46534502020099089,0.24399472802118732,0.24399472802118732,0.46534502020099089
heatmap,rabi,fcl,9,12,0.90666666666666662,0,-0.53333333333333333,0.050268190832292663,0.46622720686730063,0.24175230115020338,0.24175230115020338,0.46622720686730063
heatmap,rabi,fcl,10,12,0.92000000000000004,0,-0.53333333333333333,0.054177434795839627,0.46696997893372477,0.23942629313521779,0.23942629313521779,0.46696997893372477
heatmap,rabi,fcl,11,12,0.93333333333333335,0,-0.53333333333333333,0.058383272192821217,0.46757662042962905,0.23702005368877488,0.23702005368877488,0.46757662042962905
heatmap,rabi,fcl,12,12,0.94666666666666666,0,-0.53333333333333333,0.062875635959862661,0.46805038974137719,0.23453698714938007,0.23453698714938007,0.46805038974137719
heatmap,rabi,fcl,13,12,0.95999999999999996,0,-0.53333333333333333,0.067644383492795251,0.46839452199681775,0.23198054725519349,0.23198054725519349,0.46839452199681775
heatmap,rabi,fcl,14,12,0.97333333333333338,0,-0.53333333333333333,0.072679304132581862,0.468612234396942,0.22935423073523808,0.22935423073523808,0.468612234396942
heatmap,rabi,fcl,15,12,0.98666666666666669,0,-0.53333333333333333,0.077970126571213633,0.46870672615054321,0.22666157363912165,0.22666157363912165,0.46870672615054321
heatmap,rabi,fcl,16,12,1,0,-0.53333333333333333,0.083506528202992647,0.46868118401789516,0.2239061438895561,0.2239061438895561,0.46868118401789516
heatmap,rabi,fcl,17,12,1.0133333333333334,0,-0.53333333333333333,0.089278141770721173,0.46853878152408235,0.22109153835259823,0.22109153835259823,0.46853878152408235
heatmap,rabi,fcl,18,12,1.0266666666666666,0,-0.53333333333333333,0.095274566261878774,0.46828268278012514,0.21822137547899803,0.21822137547899803,0.46828268278012514
heatmap,rabi,fcl,19,12,1.04,0,-0.53333333333333333,0.10148537441723043,0.46791604421042221,0.21529929068617365,0.21529929068617365,0.46791604421042221
heatmap,rabi,fcl,20,12,1.0533333333333332,0,-0.53333333333333333,0.10790012161877871,0.46744201468805213,0.21232893184658461,0.21232893184658461,0.46744201468805213
heatmap,rabi,fcl,21,12,1.0666666666666667,0,-0.53333333333333333,0.1145083563969511,0.46686373611554188,0.20931395374375353,0.20931395374375353,0.46686373611554188
heatmap,rabi,fcl,22,12,1.0800000000000001,0,-0.53333333333333333,0.12129962806864245,0.46618434648821727,0.20625801272157013,0.20625801272157013,0.46618434648821727
heatmap,rabi,fcl,23,12,1.0933333333333333,0,-0.53333333333333333,0.12826349847232985,0.46540697822347532,0.20316476165209735,0.20316476165209735,0.46540697822347532
heatmap,rabi,fcl,24,12,1.1066666666666667,0,-0.53333333333333333,0.13538954966225056,0.46453475919235454,0.20003784557269749,0.20003784557269749,0.46453475919235454
heatmap,rabi,fcl,25,12,1.1200000000000001,0,-0.53333333333333333,0.14266739325064104,0.46357081437840703,0.19688089618547594,0.19688089618547594,0.46357081437840703
heatmap,rabi,fcl,26,12,1.1333333333333333,0,-0.53333333333333333,0.15008668171379272,0.46251826172664201,0.19369752827978257,0.19369752827978257,0.46251826172664201
heatmap,rabi,fcl,27,12,1.1466666666666667,0,-0.53333333333333333,0.15763711795407076,0.46138021098762344,0.1904913355291529,0.1904913355291529,0.46138021098762344
heatmap,rabi,fcl,28,12,1.1599999999999999,0,-0.53333333333333333,0.1653084652371864,0.4601597661723682,0.1872658842952227,0.1872658842952227,0.4601597661723682
heatmap,rabi,fcl,29,12,1.1733333333333333,0,-0.53333333333333333,0.17309055226300477,0.45886002903810835,0.18402470934944348,0.18402470934944348,0.45886002903810835
heatmap,rabi,fcl,30,12,1.1866666666666668,0,-0.53333333333333333,0.1809732882553747,0.45748408809596164,0.18077131182433184,0.18077131182433184,0.45748408809596164
heatmap,rabi,fcl,31,12,1.2,0,-0.53333333333333333,0.1889466722046757,0.45603502536682294,0.17750915121425068,0.17750915121425068,0.45603502536682294
heatmap,rabi,fcl,1,13,0.80000000000000004,0,-0.40000000000000002,0.076471110084068705,0.53558597524906082,0.19397145733343524,0.19397145733343524,0.53558597524906082
heatmap,rabi,fcl,2,13,0.81333333333333335,0,-0.40000000000000002,0.074110844002373014,0.54154607957430445,0.19217153821166127,0.19217153821166127,0.54154607957430445
heatmap,rabi,fcl,3,13,0.82666666666666666,0,-0.40000000000000002,0.072272796227055597,0.54717703424408393,0.19027508476443025,0.19027508476443025,0.54717703424408393
heatmap,rabi,fcl,4,13,0.83999999999999997,0,-0.40000000000000002,0.070954458529514097,0.55247389464321928,0.18828582341363329,0.18828582341363329,0.55247389464321928
heatmap,rabi,fcl,5,13,0.85333333333333339,0,-0.40000000000000002,0.07015276515646432,0.55743217952056279,0.18620752766148646,0.18620752766148646,0.55743217952056279
heatmap,rabi,fcl,6,13,0.8666666666666667,0,-0.40000000000000002,0.069864097670434666,0.56204787448338067,0.1840440139230923,0.1840440139230923,0.56204787448338067
heatmap,rabi,fcl,7,13,0.88,0,-0.40000000000000002,0.070084287780658394,0.56631743790208733,0.18179913715862717,0.18179913715862717,0.56631743790208733
heatmap,rabi,fcl,8,13,0.89333333333333331,0,-0.40000000000000002,0.070808623032061452,0.57023780525671985,0.17947678585560936,0.17947678585560936,0.57023780525671985
heatmap,rabi,fcl,9,13,0.90666666666666662,0,-0.40000000000000002,0.072031852150248668,0.57380639182680393,0.17708087801147374,0.17708087801147374,0.57380639182680393
heatmap,rabi,fcl,10,13,0.92000000000000004,0,-0.40000000000000002,0.073748191782862405,0.57702109269180635,0.1746153577626656,0.1746153577626656,0.57702109269180635
heatmap,rabi,fcl,11,13,0.93333333333333335,0,-0.40000000000000002,0.075951333791222639,0.57988029164482169,0.17208418728197783,0.17208418728197783,0.57988029164482169
heatmap,rabi,fcl,12,13,0.94666666666666666,0,-0.40000000000000002,0.078634453677916813,0.5823828538539797,0.16949134623405174,0.16949134623405174,0.5823828538539797
heatmap,rabi,fcl,13,13,0.95999999999999996,0,-0.40000000000000002,0.081790219589855981,0.58452813361004363,0.16684082340005016,0.16684082340005016,0.58452813361004363
heatmap,rabi,fcl,14,13,0.97333333333333338,0,-0.40000000000000002,0.085410802492471502,0.58631596963237143,0.16413661393757847,0.16413661393757847,0.58631596963237143
heatmap,rabi,fcl,15,13,0.98666666666666669,0,-0.40000000000000002,0.089487885509150433,0.58774668705999,0.16138271371542978,0.16138271371542978,0.58774668705999
heatmap,rabi,fcl,16,13,1,0,-0.40000000000000002,0.094012676247618387,0.58882109351613676,0.15858311511812245,0.15858311511812245,0.58882109351613676
heatmap,rabi,fcl,17,13,1.0133333333333334,0,-0.40000000000000002,0.098975918954788578,0.58954047806297949,0.15574180149111597,0.15574180149111597,0.58954047806297949
heatmap,rabi,fcl,18,13,1.0266666666666666,0,-0.40000000000000002,0.10436790566165491,0.58990660732588174,0.15286274350623166,0.15286274350623166,0.58990660732588174
heatmap,rabi,fcl,19,13,1.04,0,-0.40000000000000002,0.1101784907499431,0.58992172204325166,0.14994989360340261,0.14994989360340261,0.58992172204325166
heatmap,rabi,fcl,20,13,1.0533333333333332,0,-0.40000000000000002,0.11639710535264398,0.58958853283929624,0.14700718090402992,0.14700718090402992,0.58958853283929624
heatmap,rabi,fcl,21,13,1.0666666666666667,0,-0.40000000000000002,0.1230127697745861,0.58891021250345188,0.14403850886098102,0.14403850886098102,0.58891021250345188
heatmap,rabi,fcl,22,13,1.0800000000000001,0,-0.40000000000000002,0.13001411056063097,0.58789039618841021,0.14104774662547942,0.14104774662547942,0.58789039618841021
heatmap,rabi,fcl,23,13,1.0933333333333333,0,-0.40000000000000002,0.13738937433306939,0.58653316640045261,0.13803872963323902,0.13803872963323902,0.58653316640045261
heatmap,rabi,fcl,24,13,1.1066666666666667,0,-0.40000000000000002,0.1451264472305428,0.58484304929939435,0.13501525173503143,0.13501525173503143,0.58484304929939435
heatmap,rabi,fcl,25,13,1.1200000000000001,0,-0.40000000000000002,0.15321286572206466,0.58282501076048543,0.13198106175872493,0.13198106175872493,0.58282501076048543
heatmap,rabi,fcl,26,13,1.1333333333333333,0,-0.40000000000000002,0.1616358404405604,0.58048443912403258,0.12893986021770354,0.12893986021770354,0.58048443912403258
heatmap,rabi,fcl,27,13,1.1466666666666667,0,-0.40000000000000002,0.17038226786078622,0.57782714357992837,0.12589529427964269,0.12589529427964269,0.57782714357992837
heatmap,rabi,fcl,28,13,1.1599999999999999,0,-0.40000000000000002,0.17943875312289259,0.57485933779431864,0.12285095454139441,0.12285095454139441,0.57485933779431864
heatmap,rabi,fcl,29,13,1.1733333333333333,0,-0.40000000000000002,0.18879162397989774,0.57158763357631759,0.11981037122189231,0.11981037122189231,0.57158763357631759
heatmap,rabi,fcl,30,13,1.1866666666666668,0,-0.40000000000000002,0.19842695062409907,0.56801902965332352,0.11677700986128871,0.11677700986128871,0.56801902965332352
heatmap,rabi,fcl,31,13,1.2,0,-0.40000000000000002,0.20833056920462661,0.56416089466560715,0.11375426806488315,0.11375426806488315,0.56416089466560715
heatmap,rabi,fcl,1,14,0.80000000000000004,0,-0.26666666666666666,0.099974754671005653,0.68505510177107887,0.10748507177895772,0.10748507177895772,0.68505510177107887
heatmap,rabi,fcl,2,14,0.81333333333333335,0,-0.26666666666666666,0.092834703892736722,0.69434412384165156,0.10641058613280589,0.10641058613280589,0.69434412384165156
heatmap,rabi,fcl,3,14,0.82666666666666666,0,-0.26666666666666666,0.086323599056596242,0.70313497062895924,0.10527071515722225,0.10527071515722225,0.70313497062895924
heatmap,rabi,fcl,4,14,0.83999999999999997,0,-0.26666666666666666,0.080449391333372755,0.71141477951660392,0.10406791457501163,0.10406791457501163,0.71141477951660392
heatmap,rabi,fcl,5,14,0.85333333333333339,0,-0.26666666666666666,0.075219095082599829,0.71917154581948328,0.10280467954895847,0.10280467954895847,0.71917154581948328
heatmap,rabi,fcl,6,14,0.8666666666666667,0,-0.26666666666666666,0.070638780496234746,0.72639413937176989,0.10148354006599765,0.10148354006599765,0.72639413937176989
heatmap,rabi,fcl,7,14,0.88,0,-0.26666666666666666,0.066713565372980371,0.73307231876029399,0.10010705793336286,0.10010705793336286,0.73307231876029399
heatmap,rabi,fcl,8,14,0.89333333333333331,0,-0.26666666666666666,0.063447606534034681,0.73919674761830156,0.098677822923831843,0.098677822923831843,0.73919674761830156
heatmap,rabi,fcl,9,14,0.90666666666666662,0,-0.26666666666666666,0.060844095604860406,0.74475900464816869,0.097198449873485457,0.097198449873485457,0.74475900464816869
heatmap,rabi,fcl,10,14,0.92000000000000004,0,-0.26666666666666666,0.058905255439711181,0.74975159552260229,0.095671574518843297,0.095671574518843297,0.74975159552260229
heatmap,rabi,fcl,11,14,0.93333333333333335,0,-0.26666666666666666,0.057632336936803467,0.75416796275388764,0.094099850154654399,0.094099850154654399,0.75416796275388764
heatmap,rabi,fcl,12,14,0.94666666666666666,0,-0.26666666666666666,0.057025618787232293,0.75800249330166691,0.092485943955550362,0.092485943955550362,0.75800249330166691
heatmap,rabi,fcl,13,14,0.95999999999999996,0,-0.26666666666666666,0.057084408762383694,0.76125052426576112,0.090832533485927625,0.090832533485927625,0.76125052426576112
heatmap,rabi,fcl,14,14,0.97333333333333338,0,-0.26666666666666666,0.057807044814582022,0.76390834601639157,0.089142304584513235,0.089142304584513235,0.76390834601639157
heatmap,rabi,fcl,15,14,0.98666666666666669,0,-0.26666666666666666,0.059190899004962765,0.76597320672850244,0.087417947133267393,0.087417947133267393,0.76597320672850244
heatmap,rabi,fcl,16,14,1,0,-0.26666666666666666,0.06123238401824653,0.76744331703120039,0.085662149475276533,0.085662149475276533,0.76744331703120039
heatmap,rabi,fcl,17,14,1.0133333333333334,0,-0.26666666666666666,0.063926958549375495,0.76831784380406565,0.083877598823279428,0.083877598823279428,0.76831784380406565
heatmap,rabi,fcl,18,14,1.0266666666666666,0,-0.26666666666666666,0.067269136648984845,0.76859691363060645,0.082066974860204339,0.082066974860204339,0.76859691363060645
heatmap,rabi,fcl,19,14,1.04,0,-0.26666666666666666,0.071252496593412817,0.76828160649602406,0.080232948455281589,0.080232948455281589,0.76828160649602406
heatmap,rabi,fcl,20,14,1.0533333333333332,0,-0.26666666666666666,0.075869692808361575,0.76737395384303775,0.078378176674300387,0.078378176674300387,0.76737395384303775
heatmap,rabi,fcl,21,14,1.0666666666666667,0,-0.26666666666666666,0.081112467919162476,0.76587692937419272,0.076505301353322383,0.076505301353322383,0.76587692937419272
heatmap,rabi,fcl,22,14,1.0800000000000001,0,-0.26666666666666666,0.086971666685747961,0.76379444304313904,0.074616945135556528,0.074616945135556528,0.76379444304313904
heatmap,rabi,fcl,23,14,1.0933333333333333,0,-0.26666666666666666,0.093437251673009772,0.76113133110710496,0.072715708609942628,0.072715708609942628,0.76113133110710496
heatmap,rabi,fcl,24,14,1.1066666666666667,0,-0.26666666666666666,0.10049832032019458,0.75789334557899135,0.070804167050407069,0.070804167050407069,0.75789334557899135
heatmap,rabi,fcl,25,14,1.1200000000000001,0,-0.26666666666666666,0.10814312201094048,0.75408714184762071,0.068884868070719418,0.068884868070719418,0.75408714184762071
heatmap,rabi,fcl,26,14,1.1333333333333333,0,-0.26666666666666666,0.11635907785182374,0.74972026617816923,0.066960327985003523,0.066960327985003523,0.74972026617816923
heatmap,rabi,fcl,27,14,1.1466666666666667,0,-0.26666666666666666,0.12513280193842383,0.7448011371790022,0.065033030441286985,0.065033030441286985,0.7448011371790022
heatmap,rabi,fcl,28,14,1.1599999999999999,0,-0.26666666666666666,0.13445012204233339,0.73933903357749442,0.063105422190086108,0.063105422190086108,0.73933903357749442
heatmap,rabi,fcl,29,14,1.1733333333333333,0,-0.26666666666666666,0.14429610246569638,0.73334407374322541,0.061179911895539091,0.061179911895539091,0.73334407374322541
heatmap,rabi,fcl,30,14,1.1866666666666668,0,-0.26666666666666666,0.15465506990984254,0.72682719871500967,0.05925886568757386,0.05925886568757386,0.72682719871500967
heatmap,rabi,fcl,31,14,1.2,0,-0.26666666666666666,0.16551063844864594,0.71980014639944845,0.057344607575952812,0.057344607575952812,0.71980014639944845
heatmap,rabi,fcl,1,15,0.80000000000000004,0,-0.13333333333333333,0.10067856606336183,0.83749047621192574,0.0309154788623562,0.0309154788623562,0.83749047621192574
heatmap,rabi,fcl,2,15,0.81333333333333335,0,-0.13333333333333333,0.089699162587511982,0.84892349373802367,0.030688671837232173,0.030688671837232173,0.84892349373802367
heatmap,rabi,fcl,3,15,0.82666666666666666,0,-0.13333333333333333,0.079409681773590035,0.85970763489862034,0.030441341663894787,0.030441341663894787,0.85970763489862034
heatmap,rabi,fcl,4,15,0.83999999999999997,0,-0.13333333333333333,0.069826849233584148,0.86982500051103651,0.030174075127689669,0.030174075127689669,0.86982500051103651
heatmap,rabi,fcl,5,15,0.85333333333333339,0,-0.13333333333333333,0.060966209215883402,0.87925884138298371,0.029887474700566435,0.029887474700566435,0.87925884138298371
heatmap,rabi,fcl,6,15,0.8666666666666667,0,-0.13333333333333333,0.052842100185886753,0.88799358448636589,0.029582157663873718,0.029582157663873718,0.88799358448636589
heatmap,rabi,fcl,7,15,0.88,0,-0.13333333333333333,0.045467630266019021,0.89601485859726071,0.029258755568360134,0.029258755568360134,0.89601485859726071
heatmap,rabi,fcl,8,15,0.89333333333333331,0,-0.13333333333333333,0.03885465733482503,0.90330951699664364,0.028917912834265706,0.028917912834265706,0.90330951699664364
heatmap,rabi,fcl,9,15,0.90666666666666662,0,-0.13333333333333333,0.033013769263678577,0.90986565879022396,0.028560285973048754,0.028560285973048754,0.90986565879022396
heatmap,rabi,fcl,10,15,0.92000000000000004,0,-0.13333333333333333,0.027954267882964491,0.91567264665540082,0.028186542730817346,0.028186542730817346,0.91567264665540082
heatmap,rabi,fcl,11,15,0.93333333333333335,0,-0.13333333333333333,0.023684154005112031,0.92072112420921115,0.027797360892838432,0.027797360892838432,0.92072112420921115
heatmap,rabi,fcl,12,15,0.94666666666666666,0,-0.13333333333333333,0.020210115180796497,0.92500303003393136,0.02739342739263604,0.02739342739263604,0.92500303003393136
heatmap,rabi,fcl,13,15,0.95999999999999996,0,-0.13333333333333333,0.017537515322746767,0.92851160966046098,0.026975437508396084,0.026975437508396084,0.92851160966046098
heatmap,rabi,fcl,14,15,0.97333333333333338,0,-0.13333333333333333,0.015670387456799266,0.93124142564183388,0.026544093450683412,0.026544093450683412,0.93124142564183388
heatmap,rabi,fcl,15,15,0.98666666666666669,0,-0.13333333333333333,0.014611428861569161,0.93318836544304329,0.026100102847693808,0.026100102847693808,0.93318836544304329
heatmap,rabi,fcl,16,15,1,0,-0.13333333333333333,0.014361995944289562,0.93434964536734066,0.025644179344184882,0.025644179344184882,0.93434964536734066
heatmap,rabi,fcl,17,15,1.0133333333333334,0,-0.13333333333333333,0.014922101639041719,0.93472381360395929,0.025177042378499461,0.025177042378499461,0.93472381360395929
heatmap,rabi,fcl,18,15,1.0266666666666666,0,-0.13333333333333333,0.016290419737102279,0.93431075303200761,0.024699413615445063,0.024699413615445063,0.93431075303200761
heatmap,rabi,fcl,19,15,1.04,0,-0.13333333333333333,0.018464287481711455,0.93311167846596943,0.024212017026159525,0.024212017026159525,0.93311167846596943
heatmap,rabi,fcl,20,15,1.0533333333333332,0,-0.13333333333333333,0.02143971060486442,0.93112913263415942,0.023715578380488083,0.023715578380488083,0.93112913263415942
heatmap,rabi,fcl,21,15,1.0666666666666667,0,-0.13333333333333333,0.025211371569481559,0.92836698086831515,0.02321082378110164,0.02321082378110164,0.92836698086831515
heatmap,rabi,fcl,22,15,1.0800000000000001,0,-0.13333333333333333,0.029772639514439602,0.92483040202485456,0.022698479230352911,0.022698479230352911,0.92483040202485456
heatmap,rabi,fcl,23,15,1.0933333333333333,0,-0.13333333333333333,0.035115582360222726,0.92052587822918763,0.022179269705294841,0.022179269705294841,0.92052587822918763
heatmap,rabi,fcl,24,15,1.1066666666666667,0,-0.13333333333333333,0.041230981375133244,0.91546118261029252,0.021653918007287078,0.021653918007287078,0.91546118261029252
heatmap,rabi,fcl,25,15,1.1200000000000001,0,-0.13333333333333333,0.04810834762333694,0.9096453642259581,0.021123144075352481,0.021123144075352481,0.9096453642259581
heatmap,rabi,fcl,26,15,1.1333333333333333,0,-0.13333333333333333,0.05573594124235428,0.90308872996835066,0.02058766439464756,0.02058766439464756,0.90308872996835066
heatmap,rabi,fcl,27,15,1.1466666666666667,0,-0.13333333333333333,0.064100791001471466,0.89580282785477228,0.020048190571878111,0.020048190571878111,0.89580282785477228
heatmap,rabi,fcl,28,15,1.1599999999999999,0,-0.13333333333333333,0.073188719083913861,0.88780042217817057,0.019505429368957772,0.019505429368957772,0.88780042217817057
heatmap,rabi,fcl,29,15,1.1733333333333333,0,-0.13333333333333333,0.082984363187934493,0.87909547502656171,0.018960080892751845,0.018960080892751845,0.87909547502656171
heatmap,rabi,fcl,30,15,1.1866666666666668,0,-0.13333333333333333,0.093471206189488606,0.8697031165267145,0.018412838641898459,0.018412838641898459,0.8697031165267145
heatmap,rabi,fcl,31,15,1.2,0,-0.13333333333333333,0.10463160331004097,0.85963962040178699,0.017864388144085998,0.017864388144085998,0.85963962040178699
heatmap,rabi,fcl,1,16,0.80000000000000004,0,0,0.099630308226601821,0.90036364170836014,3.0250325190378947e-06,3.0250325190378947e-06,0.90036364170836014
heatmap,rabi,fcl,2,16,0.81333333333333335,0,0,0.087533087635912069,0.91246055609730958,3.178133389194998e-06,3.178133389194998e-06,0.91246055609730958
heatmap,rabi,fcl,3,16,0.82666666666666666,0,0,0.076148933201910671,0.92384439420005449,3.3362990174532091e-06,3.3362990174532091e-06,0.92384439420005449
heatmap,rabi,fcl,4,16,0.83999999999999997,0,0,0.065497329750971223,0.9344956710307164,3.4996091561823502e-06,3.4996091561823502e-06,0.9344956710307164
heatmap,rabi,fcl,5,16,0.85333333333333339,0,0,0.055596490497801181,0.94439617321275227,3.6681447232562345e-06,3.6681447232562345e-06,0.94439617321275227
heatmap,rabi,fcl,6,16,0.8666666666666667,0,0,0.046463325848721829,0.95352899017741599,3.8419869310727296e-06,3.8419869310727296e-06,0.95352899017741599
heatmap,rabi,fcl,7,16,0.88,0,0,0.038113415136065337,0.96187854242690507,4.0212185147877573e-06,4.0212185147877573e-06,0.96187854242690507
heatmap,rabi,fcl,8,16,0.89333333333333331,0,0,0.030560980237061986,0.96943060791950053,4.2059217187269754e-06,4.2059217187269754e-06,0.96943060791950053
heatmap,rabi,fcl,9,16,0.90666666666666662,0,0,0.023818861955050966,0.97617234569027866,4.3961773351780726e-06,4.3961773351780726e-06,0.97617234569027866
heatmap,rabi,fcl,10,16,0.92000000000000004,0,0,0.017898498438131193,0.98209231742342962,4.5920692195815354e-06,4.5920692195815354e-06,0.98209231742342962
heatmap,rabi,fcl,11,16,0.93333333333333335,0,0,0.012809906447344593,0.98718050619245046,4.7936801024935123e-06,4.7936801024935123e-06,0.98718050619245046
heatmap,rabi,fcl,12,16,0.94666666666666666,0,0,0.0085616646131786069,0.99142833320352275,5.0010916493217056e-06,5.0010916493217056e-06,0.99142833320352275
heatmap,rabi,fcl,13,16,0.95999999999999996,0,0,0.0051608995920046979,0.99482867163191235,5.2143880414721401e-06,5.2143880414721401e-06,0.99482867163191235
heatmap,rabi,fcl,14,16,0.97333333333333338,0,0,0.0026132745024957651,0.99737585819566121,5.433650921515386e-06,5.433650921515386e-06,0.99737585819566121
heatmap,rabi,fcl,15,16,0.98666666666666669,0,0,0.00092297997475804087,0.99906570209764323,5.6589637993500567e-06,5.6589637993500567e-06,0.99906570209764323
heatmap,rabi,fcl,16,16,1,0,0,9.2727763303191455e-05,0.99989549141336331,5.8904116667421314e-06,5.8904116667421314e-06,0.99989549141336331
heatmap,rabi,fcl,17,16,1.0133333333333334,0,0,0.00012374678437872185,0.99986399702376105,6.1280959300893231e-06,6.1280959300893231e-06,0.99986399702376105
heatmap,rabi,fcl,18,16,1.0266666666666666,0,0,0.0010157817361536442,0.99897147404191988,6.3721109632223313e-06,6.3721109632223313e-06,0.99897147404191988
heatmap,rabi,fcl,19,16,1.04,0,0,0.0027670945646661059,0.99721966038518994,6.6225250719567522e-06,6.6225250719567522e-06,0.99721966038518994
heatmap,rabi,fcl,20,16,1.0533333333333332,0,0,0.0053744681963820385,0.99461177295906522,6.8794222763503943e-06,6.8794222763503943e-06,0.99461177295906522
heatmap,rabi,fcl,21,16,1.0666666666666667,0,0,0.0088332128478512024,0.99115250137130029,7.1428904242486862e-06,7.1428904242486862e-06,0.99115250137130029
heatmap,rabi,fcl,22,16,1.0800000000000001,0,0,0.01313717485713938,0.98684799911055965,7.413016150482799e-06,7.413016150482799e-06,0.98684799911055965
heatmap,rabi,fcl,23,16,1.0933333333333333,0,0,0.018278748284376426,0.98170587193559766,7.6898900129760501e-06,7.6898900129760501e-06,0.98170587193559766
heatmap,rabi,fcl,24,16,1.1066666666666667,0,0,0.024248888114032478,0.97573516467604271,7.9736049624269175e-06,7.9736049624269175e-06,0.97573516467604271
heatmap,rabi,fcl,25,16,1.1200000000000001,0,0,0.031037127696464321,0.96894634380121603,8.2642511597851057e-06,8.2642511597851057e-06,0.96894634380121603
heatmap,rabi,fcl,26,16,1.1333333333333333,0,0,0.038631596448854853,0.961351279712784,8.5619191806023715e-06,8.5619191806023715e-06,0.961351279712784
heatmap,rabi,fcl,27,16,1.1466666666666667,0,0,0.047019042023077023,0.95296322456944604,8.8667037384705174e-06,8.8667037384705174e-06,0.95296322456944604
heatmap,rabi,fcl,28,16,1.1599999999999999,0,0,0.056184852844066817,0.94379678975893833,9.1786984974438646e-06,9.1786984974438646e-06,0.94379678975893833
heatmap,rabi,fcl,29,16,1.1733333333333333,0,0,0.06611308460169929,0.93386791939223135,9.4980030347006489e-06,9.4980030347006489e-06,0.93386791939223135
heatmap,rabi,fcl,30,16,1.1866666666666668,0,0,0.076786488524241456,0.92319386205573339,9.8247100125593827e-06,9.8247100125593827e-06,0.92319386205573339
heatmap,rabi,fcl,31,16,1.2,0,0,0.088186541193715606,0.91179314096959208,1.015891834619629e-05,1.015891834619629e-05,0.91179314096959208
heatmap,rabi,fcl,1,17,0.80000000000000004,0,0.13333333333333333,0.10363540882232489,0.8392501903659062,0.028557200405884397,0.028557200405884397,0.8392501903659062
heatmap,rabi,fcl,2,17,0.81333333333333335,0,0.13333333333333333,0.091914852939962974,0.85081026879689448,0.028637439131571289,0.028637439131571289,0.85081026879689448
heatmap,rabi,fcl,3,17,0.82666666666666666,0,0.13333333333333333,0.080871666475621495,0.86172501693730008,0.028701658293539233,0.028701658293539233,0.86172501693730008
heatmap,rabi,fcl,4,17,0.83999999999999997,0,0.13333333333333333,0.070523876025622906,0.8719764084172924,0.028749857778542338,0.028749857778542338,0.8719764084172924
heatmap,rabi,fcl,5,17,0.85333333333333339,0,0.13333333333333333,0.060888339432939552,0.88154755550165154,0.028782052532704487,0.028782052532704487,0.88154755550165154
heatmap,rabi,fcl,6,17,0.8666666666666667,0,0.13333333333333333,0.051980718919826287,0.89042273644960568,0.028798272315284028,0.028798272315284028,0.89042273644960568
heatmap,rabi,fcl,7,17,0.88,0,0.13333333333333333,0.043815454960462061,0.89858742113478651,0.028798561952375696,0.028798561952375696,0.89858742113478651
heatmap,rabi,fcl,8,17,0.89333333333333331,0,0.13333333333333333,0.036405743210258516,0.90602829361806514,0.028782981585838172,0.028782981585838172,0.90602829361806514
heatmap,rabi,fcl,9,17,0.90666666666666662,0,0.13333333333333333,0.029763513682495558,0.91273327382668812,0.028751606245408148,0.028751606245408148,0.91273327382668812
heatmap,rabi,fcl,10,17,0.92000000000000004,0,0.13333333333333333,0.023899411011847348,0.91869153625794941,0.028704526365101627,0.028704526365101627,0.91869153625794941
heatmap,rabi,fcl,11,17,0.93333333333333335,0,0.13333333333333333,0.018822778407838199,0.92389352621686105,0.028641847687650369,0.028641847687650369,0.92389352621686105
heatmap,rabi,fcl,12,17,0.94666666666666666,0,0.13333333333333333,0.01454164252448821,0.92833097542380716,0.028563691025852288,0.028563691025852288,0.92833097542380716
heatmap,rabi,fcl,13,17,0.95999999999999996,0,0.13333333333333333,0.011062701411803693,0.93199691357249881,0.028470192507848737,0.028470192507848737,0.93199691357249881
heatmap,rabi,fcl,14,17,0.97333333333333338,0,0.13333333333333333,0.0083913145558657878,0.93488567855578097,0.028361503444176643,0.028361503444176643,0.93488567855578097
heatmap,rabi,fcl,15,17,0.98666666666666669,0,0.13333333333333333,0.0065314950987043398,0.93699292492683095,0.028237789987232319,0.028237789987232319,0.93699292492683095
heatmap,rabi,fcl,16,17,1,0,0.13333333333333333,0.0054859045336487769,0.93831562858270967,0.028099233441820779,0.028099233441820779,0.93831562858270967
heatmap,rabi,fcl,17,17,1.0133333333333334,0,0.13333333333333333,0.0052558494424576998,0.9388520913304782,0.027946029613532097,0.027946029613532097,0.9388520913304782
heatmap,rabi,fcl,18,17,1.0266666666666666,0,0.13333333333333333,0.005841280128918715,0.93860194291256838,0.027778388479256445,0.027778388479256445,0.93860194291256838
heatmap,rabi,fcl,19,17,1.04,0,0.13333333333333333,0.0072407924617443062,0.93756613720572601,0.027596535166264782,0.027596535166264782,0.93756613720572601
heatmap,rabi,fcl,20,17,1.0533333333333332,0,0.13333333333333333,0.0094516323859124909,0.93574694908425515,0.027400709264916129,0.027400709264916129,0.93574694908425515
heatmap,rabi,fcl,21,17,1.0666666666666667,0,0.13333333333333333,0.012469701714070717,0.93314797031801155,0.027191163983958825,0.027191163983958825,0.93314797031801155
heatmap,rabi,fcl,22,17,1.0800000000000001,0,0.13333333333333333,0.016289566457142479,0.92977410124419169,0.026968166149332916,0.026968166149332916,0.92977410124419169
heatmap,rabi,fcl,23,17,1.0933333333333333,0,0.13333333333333333,0.020904467290345837,0.92563154089832989,0.026731995905662168,0.026731995905662168,0.92563154089832989
heatmap,rabi,fcl,24,17,1.1066666666666667,0,0.13333333333333333,0.026306332248084357,0.92072777459520272,0.026482946578356422,0.026482946578356422,0.92072777459520272
heatmap,rabi,fcl,25,17,1.1200000000000001,0,0.13333333333333333,0.032485792033234741,0.91507155973781318,0.026221324114476037,0.026221324114476037,0.91507155973781318
heatmap,rabi,fcl,26,17,1.1333333333333333,0,0.13333333333333333,0.039432197211997935,0.90867290834257464,0.025947447222713707,0.025947447222713707,0.90867290834257464
heatmap,rabi,fcl,27,17,1.1466666666666667,0,0.13333333333333333,0.04713363765111999,0.9015430703593017,0.025661645994789147,0.025661645994789147,0.9015430703593017
heatmap,rabi,fcl,28,17,1.1599999999999999,0,0.13333333333333333,0.055576963586627247,0.89369451059630312,0.025364262908534867,0.025364262908534867,0.89369451059630312
heatmap,rabi,fcl,29,17,1.1733333333333333,0,0.13333333333333333,0.064747810505901324,0.88514088676022207,0.025055651366938329,0.025055651366938329,0.88514088676022207
heatmap,rabi,fcl,30,17,1.1866666666666668,0,0.13333333333333333,0.074630623094181156,0.87589702579081297,0.024736175557502925,0.024736175557502925,0.87589702579081297
heatmap,rabi,fcl,31,17,1.2,0,0.13333333333333333,0.085208683525212769,0.86597889605014799,0.024406210212319611,0.024406210212319611,0.86597889605014799
heatmap,rabi,fcl,1,18,0.80000000000000004,0,0.26666666666666666,0.1430989625565828,0.6850023819464387,0.085949327748489235,0.085949327748489235,0.6850023819464387
heatmap,rabi,fcl,2,18,0.81333333333333335,0,0.26666666666666666,0.13149156785409538,0.69499556536307805,0.086756433391413312,0.086756433391413312,0.69499556536307805
heatmap,rabi,fcl,3,18,0.82666666666666666,0,0.26666666666666666,0.12042145337488182,0.70451058680290413,0.087533979911107063,0.087533979911107063,0.70451058680290413
heatmap,rabi,fcl,4,18,0.83999999999999997,0,0.26666666666666666,0.10990401231950252,0.71353356405663959,0.088281211811928967,0.088281211811928967,0.71353356405663959
heatmap,rabi,fcl,5,18,0.85333333333333339,0,0.26666666666666666,0.099953788467784979,0.72205143220602896,0.088997389663093035,0.088997389663093035,0.72205143220602896
heatmap,rabi,fcl,6,18,0.8666666666666667,0,0.26666666666666666,0.090584457939358792,0.73005196153566643,0.089681790262487363,0.089681790262487363,0.73005196153566643
heatmap,rabi,fcl,7,18,0.88,0,0.26666666666666666,0.081808807119908136,0.73752377374868294,0.09033370956570444,0.09033370956570444,0.73752377374868294
heatmap,rabi,fcl,8,18,0.89333333333333331,0,0.26666666666666666,0.073638715186491205,0.74445635811506072,0.090952463349224036,0.090952463349224036,0.74445635811506072
heatmap,rabi,fcl,9,18,0.90666666666666662,0,0.26666666666666666,0.066085135808444578,0.75084008419943471,0.091537389996060411,0.091537389996060411,0.75084008419943471
heatmap,rabi,fcl,10,18,0.92000000000000004,0,0.26666666666666666,0.059158080901744223,0.75666621438140247,0.092087852358426633,0.092087852358426633,0.75666621438140247
heatmap,rabi,fcl,11,18,0.93333333333333335,0,0.26666666666666666,0.052866606623863506,0.76192691638734555,0.092603238494395501,0.092603238494395501,0.76192691638734555
heatmap,rabi,fcl,12,18,0.94666666666666666,0,0.26666666666666666,0.047218800958377147,0.76661526922798662,0.093082964906818166,0.093082964906818166,0.76661526922798662
heatmap,rabi,fcl,13,18,0.95999999999999996,0,0.26666666666666666,0.04222177301009461,0.77072527494714882,0.093526476021378285,0.093526476021378285,0.77072527494714882
heatmap,rabi,fcl,14,18,0.97333333333333338,0,0.26666666666666666,0.037881643086053879,0.77425186226749598,0.093933247323225055,0.093933247323225055,0.77425186226749598
heatmap,rabi,fcl,15,18,0.98666666666666669,0,0.26666666666666666,0.034203534822292443,0.77719089207478853,0.094302786551459544,0.094302786551459544,0.77719089207478853
heatmap,rabi,fcl,16,18,1,0,0.26666666666666666,0.03119157027177312,0.7795391613721715,0.094634634178027699,0.094634634178027699,0.7795391613721715
heatmap,rabi,fcl,17,18,1.0133333333333334,0,0.26666666666666666,0.028848864402262378,0.78129440466913669,0.094928365464300488,0.094928365464300488,0.78129440466913669
heatmap,rabi,fcl,18,18,1.0266666666666666,0,0.26666666666666666,0.027177523504399739,0.78245529315054829,0.095183591672526005,0.095183591672526005,0.78245529315054829
heatmap,rabi,fcl,19,18,1.04,0,0.26666666666666666,0.02617864366966071,0.78302143509187272,0.095399960619233309,0.095399960619233309,0.78302143509187272
heatmap,rabi,fcl,20,18,1.0533333333333332,0,0.26666666666666666,0.02585231128637774,0.7829933727650914,0.095577157974265442,0.095577157974265442,0.7829933727650914
heatmap,rabi,fcl,21,18,1.0666666666666667,0,0.26666666666666666,0.026197605894383264,0.78237257714782638,0.095714908478895189,0.095714908478895189,0.78237257714782638
heatmap,rabi,fcl,22,18,1.0800000000000001,0,0.26666666666666666,0.027212603936077398,0.78116144321162095,0.095812976426150789,0.095812976426150789,0.78116144321162095
heatmap,rabi,fcl,23,18,1.0933333333333333,0,0.26666666666666666,0.028894384473964672,0.77936328201938965,0.09587116675332287,0.09587116675332287,0.77936328201938965
heatmap,rabi,fcl,24,18,1.1066666666666667,0,0.26666666666666666,0.031239035739262972,0.77698231299776355,0.095889325631486708,0.095889325631486708,0.77698231299776355
heatmap,rabi,fcl,25,18,1.1200000000000001,0,0.26666666666666666,0.034241664669008486,0.77402364968402104,0.095867342823485274,0.095867342823485274,0.77402364968402104
heatmap,rabi,fcl,26,18,1.1333333333333333,0,0.26666666666666666,0.037896408384676561,0.77049329238417819,0.095805149615572585,0.095805149615572585,0.77049329238417819
heatmap,rabi,fcl,27,18,1.1466666666666667,0,0.26666666666666666,0.042196445709349835,0.76639811352455389,0.095702720383048154,0.095702720383048154,0.76639811352455389
heatmap,rabi,fcl,28,18,1.1599999999999999,0,0.26666666666666666,0.047134010208619771,0.76174584600825501,0.095560071891562584,0.095560071891562584,0.76174584600825501
heatmap,rabi,fcl,29,18,1.1733333333333333,0,0.26666666666666666,0.052700405635875226,0.75654506391193477,0.095377265226094979,0.095377265226094979,0.75654506391193477
heatmap,rabi,fcl,30,18,1.1866666666666668,0,0.26666666666666666,0.058886023022790536,0.7508051658300634,0.095154405573573006,0.095154405573573006,0.7508051658300634
heatmap,rabi,fcl,31,18,1.2,0,0.26666666666666666,0.065680356771582599,0.74453635937136009,0.094891641928528669,0.094891641928528669,0.74453635937136009
heatmap,rabi,fcl,1,19,0.80000000000000004,0,0.40000000000000002,0.26120317273977811,0.49565244634301209,0.12157219045860489,0.12157219045860489,0.49565244634301209
heatmap,rabi,fcl,2,19,0.81333333333333335,0,0.40000000000000002,0.24969464964353003,0.50317060843938932,0.12356737095854033,0.12356737095854033,0.50317060843938932
heatmap,rabi,fcl,3,19,0.82666666666666666,0,0.40000000000000002,0.23849072871522842,0.51039238468399628,0.12555844330038765,0.12555844330038765,0.51039238468399628
heatmap,rabi,fcl,4,19,0.83999999999999997,0,0.40000000000000002,0.22760333931993032,0.51730936838720865,0.12754364614643049,0.12754364614643049,0.51730936838720865
heatmap,rabi,fcl,5,19,0.85333333333333339,0,0.40000000000000002,0.21704400333101079,0.52391364198368895,0.12952117734265012,0.12952117734265012,0.52391364198368895
heatmap,rabi,fcl,6,19,0.8666666666666667,0,0.40000000000000002,0.20682381830427884,0.53019778531176109,0.13148919819198002,0.13148919819198002,0.53019778531176109
heatmap,rabi,fcl,7,19,0.88,0,0.40000000000000002,0.19695342799071616,0.53615488312288095,0.13344584444320143,0.13344584444320143,0.53615488312288095
heatmap,rabi,fcl,8,19,0.89333333333333331,0,0.40000000000000002,0.18744303772953044,0.54177852471932775,0.13538921877557086,0.13538921877557086,0.54177852471932775
heatmap,rabi,fcl,9,19,0.90666666666666662,0,0.40000000000000002,0.17830236753077267,0.54706282054061373,0.13731740596430683,0.13731740596430683,0.54706282054061373
heatmap,rabi,fcl,10,19,0.92000000000000004,0,0.40000000000000002,0.16954065606733923,0.5520024009638389,0.13922847148441095,0.13922847148441095,0.5520024009638389
heatmap,rabi,fcl,11,19,0.93333333333333335,0,0.40000000000000002,0.16116664669063155,0.55659242175976842,0.1411204657748,0.1411204657748,0.55659242175976842
heatmap,rabi,fcl,12,19,0.94666666666666666,0,0.40000000000000002,0.15318857219299484,0.56082856621466015,0.14299143079617252,0.14299143079617252,0.56082856621466015
heatmap,rabi,fcl,13,19,0.95999999999999996,0,0.40000000000000002,0.14561414680493659,0.56470704935809968,0.14483940191848188,0.14483940191848188,0.56470704935809968
heatmap,rabi,fcl,14,19,0.97333333333333338,0,0.40000000000000002,0.13845055545448032,0.56822461799042423,0.14666241327754773,0.14666241327754773,0.56822461799042423
heatmap,rabi,fcl,15,19,0.98666666666666669,0,0.40000000000000002,0.13170444298899375,0.57137855192292408,0.14845850254404111,0.14845850254404111,0.57137855192292408
heatmap,rabi,fcl,16,19,1,0,0.40000000000000002,0.12538190985576189,0.57416666504978608,0.15022571254722603,0.15022571254722603,0.57416666504978608
heatmap,rabi,fcl,17,19,1.0133333333333334,0,0.40000000000000002,0.11948850001663769,0.57658730226792565,0.15196209885771833,0.15196209885771833,0.57658730226792565
heatmap,rabi,fcl,18,19,1.0266666666666666,0,0.40000000000000002,0.11402919643281245,0.57863933988691296,0.15366573184013732,0.15366573184013732,0.57863933988691296
heatmap,rabi,fcl,19,19,1.04,0,0.40000000000000002,0.10900841663328953,0.58032218116207557,0.15533470110231745,0.15533470110231745,0.58032218116207557
heatmap,rabi,fcl,20,19,1.0533333333333332,0,0.40000000000000002,0.10443000661185642,0.5816357550488569,0.15696711916964337,0.15696711916964337,0.5816357550488569
heatmap,rabi,fcl,21,19,1.0666666666666667,0,0.40000000000000002,0.10029723660943503,0.58258050987645893,0.15856112675705303,0.15856112675705303,0.58258050987645893
heatmap,rabi,fcl,22,19,1.0800000000000001,0,0.40000000000000002,0.096612799369156219,0.58315741032953949,0.16011489515065216,0.16011489515065216,0.58315741032953949
heatmap,rabi,fcl,23,19,1.0933333333333333,0,0.40000000000000002,0.093378807076194892,0.58336793043494506,0.16162663124443002,0.16162663124443002,0.58336793043494506
heatmap,rabi,fcl,24,19,1.1066666666666667,0,0.40000000000000002,0.090596791001526761,0.5832140485229983,0.16309458023773746,0.16309458023773746,0.5832140485229983
heatmap,rabi,fcl,25,19,1.1200000000000001,0,0.40000000000000002,0.088267701313841651,0.58269823817868149,0.16451703025373843,0.16451703025373843,0.58269823817868149
heatmap,rabi,fcl,26,19,1.1333333333333333,0,0.40000000000000002,0.086391907113338967,0.58182346246503991,0.16589231521081058,0.16589231521081058,0.58182346246503991
heatmap,rabi,fcl,27,19,1.1466666666666667,0,0.40000000000000002,0.084969198786947808,0.58059316341108747,0.16721881890098239,0.16721881890098239,0.58059316341108747
heatmap,rabi,fcl,28,19,1.1599999999999999,0,0.40000000000000002,0.083998790582248462,0.57901125444156676,0.16849497748809236,0.16849497748809236,0.57901125444156676
heatmap,rabi,fcl,29,19,1.1733333333333333,0,0.40000000000000002,0.083479324714594003,0.57708211083076477,0.16971928222732058,0.16971928222732058,0.57708211083076477
heatmap,rabi,fcl,30,19,1.1866666666666668,0,0.40000000000000002,0.083408872333147518,0.57481055538172499,0.17089028614256374,0.17089028614256374,0.57481055538172499
heatmap,rabi,fcl,31,19,1.2,0,0.40000000000000002,0.083784944974801073,0.57220185387065703,0.17200660057727096,0.17200660057727096,0.57220185387065703
heatmap,rabi,fcl,1,20,0.80000000000000004,0,0.53333333333333333,0.45265681473949604,0.32969061073240385,0.10882628726405005,0.10882628726405005,0.32969061073240385
heatmap,rabi,fcl,2,20,0.81333333333333335,0,0.53333333333333333,0.44232746594787475,0.33466411024971016,0.11150421190120749,0.11150421190120749,0.33466411024971016
heatmap,rabi,fcl,3,20,0.82666666666666666,0,0.53333333333333333,0.43206752308491564,0.33947560563300844,0.11422843564103798,0.11422843564103798,0.33947560563300844
heatmap,rabi,fcl,4,20,0.83999999999999997,0,0.53333333333333333,0.42188473438096863,0.34412109229895294,0.11699708666003923,0.11699708666003923,0.34412109229895294
heatmap,rabi,fcl,5,20,0.85333333333333339,0,0.53333333333333333,0.41178683681191858,0.34859683106266404,0.11980816606270864,0.11980816606270864,0.34859683106266404
heatmap,rabi,fcl,6,20,0.8666666666666667,0,0.53333333333333333,0.40178151812764928,0.35289937131152754,0.12265955528041161,0.12265955528041161,0.35289937131152754
heatmap,rabi,fcl,7,20,0.88,0,0.53333333333333333,0.39187642982689491,0.35702553489434735,0.12554901763937884,0.12554901763937884,0.35702553489434735
heatmap,rabi,fcl,8,20,0.89333333333333331,0,0.53333333333333333,0.38207916454974233,0.36097242903773641,0.12847420320626063,0.12847420320626063,0.36097242903773641
heatmap,rabi,fcl,9,20,0.90666666666666662,0,0.53333333333333333,0.37239725086594938,0.36473744402529562,0.13143265255437744,0.13143265255437744,0.36473744402529562
heatmap,rabi,fcl,10,20,0.92000000000000004,0,0.53333333333333333,0.36283814186980345,0.36831825323699657,0.13442180244659996,0.13442180244659996,0.36831825323699657
heatmap,rabi,fcl,11,20,0.93333333333333335,0,0.53333333333333333,0.3534092064566251,0.37171281456552707,0.13743898948892391,0.13743898948892391,0.37171281456552707
heatmap,rabi,fcl,12,20,0.94666666666666666,0,0.53333333333333333,0.34411771726133467,0.37491936780658869,0.14048145746603835,0.14048145746603835,0.37491936780658869
heatmap,rabi,fcl,13,20,0.95999999999999996,0,0.53333333333333333,0.33497084094130003,0.37793643653945003,0.14354636125962494,0.14354636125962494,0.37793643653945003
heatmap,rabi,fcl,14,20,0.97333333333333338,0,0.53333333333333333,0.32597562820814074,0.38076282303481951,0.14663077437851987,0.14663077437851987,0.38076282303481951
heatmap,rabi,fcl,15,20,0.98666666666666669,0,0.53333333333333333,0.31713900382101995,0.38339760920505217,0.14973169348696391,0.14973169348696391,0.38339760920505217
heatmap,rabi,fcl,16,20,1,0,0.53333333333333333,0.30846775562753564,0.38584015183736514,0.15284604626754961,0.15284604626754961,0.38584015183736514
heatmap,rabi,fcl,17,20,1.0133333333333334,0,0.53333333333333333,0.29996852534568608,0.38809008034882864,0.15597069715274264,0.15597069715274264,0.38809008034882864
heatmap,rabi,fcl,18,20,1.0266666666666666,0,0.53333333333333333,0.29164779725004442,0.39014729263760689,0.1591024550561744,0.1591024550561744,0.39014729263760689
heatmap,rabi,fcl,19,20,1.04,0,0.53333333333333333,0.28351188926004617,0.3920119497273663,0.16223808050629379,0.16223808050629379,0.3920119497273663
heatmap,rabi,fcl,20,20,1.0533333333333332,0,0.53333333333333333,0.27556694362177453,0.39368447396751116,0.16537429120535718,0.16537429120535718,0.39368447396751116
heatmap,rabi,fcl,21,20,1.0666666666666667,0,0.53333333333333333,0.2678189165953655,0.39516554129455334,0.16850777105504056,0.16850777105504056,0.39516554129455334
heatmap,rabi,fcl,22,20,1.0800000000000001,0,0.53333333333333333,0.2602735704118932,0.39645607743766992,0.17163517607521844,0.17163517607521844,0.39645607743766992
heatmap,rabi,fcl,23,20,1.0933333333333333,0,0.53333333333333333,0.25293646177650836,0.39755725047976676,0.17475314387186244,0.17475314387186244,0.39755725047976676
heatmap,rabi,fcl,24,20,1.1066666666666667,0,0.53333333333333333,0.24581293775742388,0.39847046585168838,0.17785829819544383,0.17785829819544383,0.39847046585168838
heatmap,rabi,fcl,25,20,1.1200000000000001,0,0.53333333333333333,0.2389081205462005,0.39919735784979909,0.18094726080200021,0.18094726080200021,0.39919735784979909
heatmap,rabi,fcl,26,20,1.1333333333333333,0,0.53333333333333333,0.23222690778294067,0.39973978649621655,0.18401665286042135,0.18401665286042135,0.39973978649621655
heatmap,rabi,fcl,27,20,1.1466666666666667,0,0.53333333333333333,0.2257739571711741,0.40009982498703256,0.18706310892089667,0.18706310892089667,0.40009982498703256
heatmap,rabi,fcl,28,20,1.1599999999999999,0,0.53333333333333333,0.21955368514371093,0.40027975773395597,0.19008327856116661,0.19008327856116661,0.40027975773395597
heatmap,rabi,fcl,29,20,1.1733333333333333,0,0.53333333333333333,0.21357025565008528,0.40028206734239441,0.19307383850376017,0.19307383850376017,0.40028206734239441
heatmap,rabi,fcl,30,20,1.1866666666666668,0,0.53333333333333333,0.20782757763625456,0.4001094327839082,0.1960314947899186,0.1960314947899186,0.4001094327839082
heatmap,rabi,fcl,31,20,1.2,0,0.53333333333333333,0.20232929594333426,0.39976471325208063,0.1989529954022925,0.1989529954022925,0.39976471325208063
heatmap,rabi,fcl,1,21,0.80000000000000004,0,0.66666666666666663,0.65586144206864883,0.21593362957439202,0.06410246417847959,0.06410246417847959,0.21593362957439202
heatmap,rabi,fcl,2,21,0.81333333333333335,0,0.66666666666666663,0.64794067249983356,0.21914935630570129,0.066454985597232522,0.066454985597232522,0.21914935630570129
heatmap,rabi,fcl,3,21,0.82666666666666666,0,0.66666666666666663,0.63994075417175611,0.22228405525853251,0.068887595284855649,0.068887595284855649,0.22228405525853251
heatmap,rabi,fcl,4,21,0.83999999999999997,0,0.66666666666666663,0.6318655256899226,0.22533598762286375,0.07139924334360688,0.07139924334360688,0.22533598762286375
heatmap,rabi,fcl,5,21,0.85333333333333339,0,0.66666666666666663,0.62371903884943425,0.2283035877631634,0.073988686693701178,0.073988686693701178,0.2283035877631634
heatmap,rabi,fcl,6,21,0.8666666666666667,0,0.66666666666666663,0.61550555656946793,0.23118546538198456,0.076654489024273756,0.076654489024273756,0.23118546538198456
heatmap,rabi,fcl,7,21,0.88,0,0.66666666666666663,0.60722954692319242,0.23398040699247666,0.079395023042165433,0.079395023042165433,0.23398040699247666
heatmap,rabi,fcl,8,21,0.89333333333333331,0,0.66666666666666663,0.59889568064474674,0.23668737717387373,0.08220847109068978,0.08220847109068978,0.23668737717387373
heatmap,rabi,fcl,9,21,0.90666666666666662,0,0.66666666666666663,0.59050882375630809,0.23930551699203714,0.085092829625827357,0.085092829625827357,0.23930551699203714
heatmap,rabi,fcl,10,21,0.92000000000000004,0,0.66666666666666663,0.58207403112052147,0.24183414570174167,0.088045911588868417,0.088045911588868417,0.24183414570174167
heatmap,rabi,fcl,11,21,0.93333333333333335,0,0.66666666666666663,0.57359654046439357,0.244272758448322,0.091065350543642204,0.091065350543642204,0.244272758448322
heatmap,rabi,fcl,12,21,0.94666666666666666,0,0.66666666666666663,0.56508176307406721,0.246621025464764,0.094148605730584381,0.094148605730584381,0.246621025464764
heatmap,rabi,fcl,13,21,0.95999999999999996,0,0.66666666666666663,0.55653527594959074,0.24887878813770062,0.097292967956354337,0.097292967956354337,0.24887878813770062
heatmap,rabi,fcl,14,21,0.97333333333333338,0,0.66666666666666663,0.54796281204432928,0.25104605787183731,0.1004955650419167,0.1004955650419167,0.25104605787183731
heatmap,rabi,fcl,15,21,0.98666666666666669,0,0.66666666666666663,0.539370250214809,0.25312301209192078,0.10375336884663508,0.10375336884663508,0.25312301209192078
heatmap,rabi,fcl,16,21,1,0,0.66666666666666663,0.53076360573952097,0.25510998874617391,0.10706320275715253,0.10706320275715253,0.25510998874617391
heatmap,rabi,fcl,17,21,1.0133333333333334,0,0.66666666666666663,0.52214901825480209,0.25700748524030054,0.11042174825244869,0.11042174825244869,0.25700748524030054
heatmap,rabi,fcl,18,21,1.0266666666666666,0,0.66666666666666663,0.51353274010406746,0.25881615084779586,0.11382555452406831,0.11382555452406831,0.25881615084779586
heatmap,rabi,fcl,19,21,1.04,0,0.66666666666666663,0.50492112534157985,0.26053678095581745,0.11727104685130139,0.11727104685130139,0.26053678095581745
heatmap,rabi,fcl,20,21,1.0533333333333332,0,0.66666666666666663,0.49632061667882393,0.26217031295525445,0.12075453518296082,0.12075453518296082,0.26217031295525445
heatmap,rabi,fcl,21,21,1.0666666666666667,0,0.66666666666666663,0.48773773263328585,0.26371782095831758,0.12427222320419824,0.12427222320419824,0.26371782095831758
heatmap,rabi,fcl,22,21,1.0800000000000001,0,0.66666666666666663,0.47917905577386549,0.26518050615413258,0.12782021903600096,0.12782021903600096,0.26518050615413258
heatmap,rabi,fcl,23,21,1.0933333333333333,0,0.66666666666666663,0.47065121928898479,0.26655969244378724,0.13139454413361398,0.13139454413361398,0.26655969244378724
heatmap,rabi,fcl,24,21,1.1066666666666667,0,0.66666666666666663,0.46216089034203023,0.26785681836473757,0.13499114564661613,0.13499114564661613,0.26785681836473757
heatmap,rabi,fcl,25,21,1.1200000000000001,0,0.66666666666666663,0.45371476264041188,0.26907343051227633,0.13860590342365589,0.13860590342365589,0.26907343051227633
heatmap,rabi,fcl,26,21,1.1333333333333333,0,0.66666666666666663,0.44531953832827847,0.27021117468216205,0.14223464349477974,0.14223464349477974,0.27021117468216205
heatmap,rabi,fcl,27,21,1.1466666666666667,0,0.66666666666666663,0.43698191184659141,0.27127179261781015,0.14587314776779922,0.14587314776779922,0.27127179261781015
heatmap,rabi,fcl,28,21,1.1599999999999999,0,0.66666666666666663,0.42870856394539647,0.27225710801845032,0.14951716401807663,0.14951716401807663,0.27225710801845032
heatmap,rabi,fcl,29,21,1.1733333333333333,0,0.66666666666666663,0.42050614051985685,0.27316902279398997,0.15316241834307656,0.15316241834307656,0.27316902279398997
heatmap,rabi,fcl,30,21,1.1866666666666668,0,0.66666666666666663,0.41238124896707912,0.27400950843284866,0.15680462130003611,0.15680462130003611,0.27400950843284866
heatmap,rabi,fcl,31,21,1.2,0,0.66666666666666663,0.40434043055966551,0.27478059765137364,0.16043948589448048,0.16043948589448048,0.27478059765137364
heatmap,rabi,fcl,1,22,0.80000000000000004,0,0.80000000000000004,0.81331788021313889,0.13933639985200164,0.023672859967429724,0.023672859967429724,0.13933639985200164
heatmap,rabi,fcl,2,22,0.81333333333333335,0,0.80000000000000004,0.80842767801240845,0.14140385764784547,0.025084232169873114,0.025084232169873114,0.14140385764784547
heatmap,rabi,fcl,3,22,0.82666666666666666,0,0.80000000000000004,0.80341641777336392,0.14343827125108974,0.026572655487773225,0.026572655487773225,0.14343827125108974
heatmap,rabi,fcl,4,22,0.83999999999999997,0,0.80000000000000004,0.79828494937014094,0.14543907062449302,0.02813799000268298,0.02813799000268298,0.14543907062449302
heatmap,rabi,fcl,5,22,0.85333333333333339,0,0.80000000000000004,0.79303441926093121,0.14740580231824646,0.02977988921041122,0.02977988921041122,0.14740580231824646
heatmap,rabi,fcl,6,22,0.8666666666666667,0,0.80000000000000004,0.78766626817491814,0.14933813070166616,0.031497800561707819,0.031497800561707819,0.14933813070166616
heatmap,rabi,fcl,7,22,0.88,0,0.80000000000000004,0.78218222880359944,0.15123583773572527,0.033290966730337587,0.033290966730337587,0.15123583773572527
heatmap,rabi,fcl,8,22,0.89333333333333331,0,0.80000000000000004,0.77658432392839694,0.15309882137083258,0.035158427350385255,0.035158427350385255,0.15309882137083258
heatmap,rabi,fcl,9,22,0.90666666666666662,0,0.80000000000000004,0.7708748602807356,0.15492709564464743,0.037099022037308554,0.037099022037308554,0.15492709564464743
heatmap,rabi,fcl,10,22,0.92000000000000004,0,0.80000000000000004,0.76505642419313302,0.15672078907082174,0.039111393368022669,0.039111393368022669,0.15672078907082174
heatmap,rabi,fcl,11,22,0.93333333333333335,0,0.80000000000000004,0.759131874983629,0.1584801420516635,0.041193991482353733,0.041193991482353733,0.1584801420516635
heatmap,rabi,fcl,12,22,0.94666666666666666,0,0.80000000000000004,0.75310433962931234,0.16020550378501042,0.043345078292838672,0.043345078292838672,0.16020550378501042
heatmap,rabi,fcl,13,22,0.95999999999999996,0,0.80000000000000004,0.74697720429270009,0.16189733053575611,0.045562732585771856,0.045562732585771856,0.16189733053575611
heatmap,rabi,fcl,14,22,0.97333333333333338,0,0.80000000000000004,0.74075410699808908,0.16355618074523953,0.047844856128335687,0.047844856128335687,0.16355618074523953
heatmap,rabi,fcl,15,22,0.98666666666666669,0,0.80000000000000004,0.73443892741510286,0.16518271292777365,0.050189179828561754,0.050189179828561754,0.16518271292777365
heatmap,rabi,fcl,16,22,1,0,0.80000000000000004,0.72803577881212944,0.16677768013650371,0.052593270525683383,0.052593270525683383,0.16677768013650371
heatmap,rabi,fcl,17,22,1.0133333333333334,0,0.80000000000000004,0.72154899745617673,0.16834192619002852,0.055054538176897289,0.055054538176897289,0.16834192619002852
heatmap,rabi,fcl,18,22,1.0266666666666666,0,0.80000000000000004,0.71498313104252931,0.16987638103630048,0.057570243960585181,0.057570243960585181,0.16987638103630048
heatmap,rabi,fcl,19,22,1.04,0,0.80000000000000004,0.7083429297449404,0.17138205491798006,0.060137507668539758,0.060137507668539758,0.17138205491798006
heatmap,rabi,fcl,20,22,1.0533333333333332,0,0.80000000000000004,0.70163333278750983,0.1728600336496029,0.062753316781443608,0.062753316781443608,0.1728600336496029
heatmap,rabi,fcl,21,22,1.0666666666666667,0,0.80000000000000004,0.69485945691571593,0.17431147317826706,0.06541453495300846,0.06541453495300846,0.17431147317826706
heatmap,rabi,fcl,22,22,1.0800000000000001,0,0.80000000000000004,0.68802658492949431,0.1757375929319977,0.068117911069254036,0.068117911069254036,0.1757375929319977
heatmap,rabi,fcl,23,22,1.0933333333333333,0,0.80000000000000004,0.68114015041406295,0.1771396711707281,0.070860089207604476,0.070860089207604476,0.1771396711707281
heatmap,rabi,fcl,24,22,1.1066666666666667,0,0.80000000000000004,0.67420572763490516,0.17851903782513645,0.073637617269979194,0.073637617269979194,0.17851903782513645
heatmap,rabi,fcl,25,22,1.1200000000000001,0,0.80000000000000004,0.66722901524004907,0.17987706912471527,0.076446957817617817,0.076446957817617817,0.17987706912471527
heatmap,rabi,fcl,26,22,1.1333333333333333,0,0.80000000000000004,0.66021582687972447,0.18121517950411339,0.079284496808081112,0.079284496808081112,0.18121517950411339
heatmap,rabi,fcl,27,22,1.1466666666666667,0,0.80000000000000004,0.65317206887802404,0.18253481944648778,0.082146555837744134,0.082146555837744134,0.18253481944648778
heatmap,rabi,fcl,28,22,1.1599999999999999,0,0.80000000000000004,0.64610373800414922,0.18383746321282346,0.085029399391513716,0.085029399391513716,0.18383746321282346
heatmap,rabi,fcl,29,22,1.1733333333333333,0,0.80000000000000004,0.63901689418997942,0.18512461029905916,0.08792924775548068,0.08792924775548068,0.18512461029905916
heatmap,rabi,fcl,30,22,1.1866666666666668,0,0.80000000000000004,0.63191765630452612,0.18639777102910174,0.09084228633318607,0.09084228633318607,0.18639777102910174
heatmap,rabi,fcl,31,22,1.2,0,0.80000000000000004,0.62481218628062718,0.18765846534651037,0.093764674186431196,0.093764674186431196,0.18765846534651037
heatmap,rabi,fcl,1,23,0.80000000000000004,0,0.93333333333333335,0.91364620366709215,0.076480793668456226,0.0049365013322258131,0.0049365013322258131,0.076480793668456226
heatmap,rabi,fcl,2,23,0.81333333333333335,0,0.93333333333333335,0.91163424352539957,0.077448338708972414,0.0054587088828139804,0.0054587088828139804,0.077448338708972414
heatmap,rabi,fcl,3,23,0.82666666666666666,0,0.93333333333333335,0.90952446694461431,0.078409376235002631,0.006033078410191549,0.006033078410191549,0.078409376235002631
heatmap,rabi,fcl,4,23,0.83999999999999997,0,0.93333333333333335,0.90731650549386489,0.079364563673035723,0.0066594654165497277,0.0066594654165497277,0.079364563673035723
heatmap,rabi,fcl,5,23,0.85333333333333339,0,0.93333333333333335,0.90501023708807138,0.080314619272467969,0.0073375718197302665,0.0073375718197302665,0.080314619272467969
heatmap,rabi,fcl,6,23,0.8666666666666667,0,0.93333333333333335,0.90260577486087845,0.08126031667477461,0.0080669542321735229,0.0080669542321735229,0.08126031667477461
heatmap,rabi,fcl,7,23,0.88,0,0.93333333333333335,0.90010345635154132,0.082202479911076376,0.0088470318686911034,0.0088470318686911034,0.082202479911076376
heatmap,rabi,fcl,8,23,0.89333333333333331,0,0.93333333333333335,0.89750383310085868,0.083141977471989592,0.0096770947135758206,0.0096770947135758206,0.083141977471989592
heatmap,rabi,fcl,9,23,0.90666666666666662,0,0.93333333333333335,0.8948076598665784,0.084079718024738251,0.010556311054341617,0.010556311054341617,0.084079718024738251
heatmap,rabi,fcl,10,23,0.92000000000000004,0,0.93333333333333335,0.89201588520099551,0.085016644614126377,0.011483735092439058,0.011483735092439058,0.085016644614126377
heatmap,rabi,fcl,11,23,0.93333333333333335,0,0.93333333333333335,0.88912964123676874,0.085953730715261287,0.012458314023985043,0.012458314023985043,0.085953730715261287
heatmap,rabi,fcl,12,23,0.94666666666666666,0,0.93333333333333335,0.88615023423007977,0.086891975421399412,0.013478895174260453,0.013478895174260453,0.086891975421399412
heatmap,rabi,fcl,13,23,0.95999999999999996,0,0.93333333333333335,0.88307913486065392,0.087832399980850517,0.014544232579247779,0.014544232579247779,0.087832399980850517
heatmap,rabi,fcl,14,23,0.97333333333333338,0,0.93333333333333335,0.87991797005038375,0.08877604349112915,0.015652993229243607,0.015652993229243607,0.08877604349112915
heatmap,rabi,fcl,15,23,0.98666666666666669,0,0.93333333333333335,0.87666851502329735,0.089723958464941328,0.016803763255880677,0.016803763255880677,0.089723958464941328
heatmap,rabi,fcl,16,23,1,0,0.93333333333333335,0.87333268256209717,0.090677209896208769,0.017995053770847008,0.017995053770847008,0.090677209896208769
heatmap,rabi,fcl,17,23,1.0133333333333334,0,0.93333333333333335,0.86991251801731773,0.091636869154750208,0.019225306413965946,0.019225306413965946,0.091636869154750208
heatmap,rabi,fcl,18,23,1.0266666666666666,0,0.93333333333333335,0.86641019093664839,0.09260401214391939,0.020492898459716077,0.020492898459716077,0.09260401214391939
heatmap,rabi,fcl,19,23,1.04,0,0.93333333333333335,0.86282798645960024,0.09357971725344244,0.021796148143478661,0.021796148143478661,0.09357971725344244
heatmap,rabi,fcl,20,23,1.0533333333333332,0,0.93333333333333335,0.85916829831067776,0.094565062335976419,0.023133319676672939,0.023133319676672939,0.094565062335976419
heatmap,rabi,fcl,21,23,1.0666666666666667,0,0.93333333333333335,0.85543362350911856,0.095561121467360649,0.024502627511760407,0.024502627511760407,0.095561121467360649
heatmap,rabi,fcl,22,23,1.0800000000000001,0,0.93333333333333335,0.85162655314483726,0.096568964112856134,0.025902241371153292,0.025902241371153292,0.096568964112856134
heatmap,rabi,fcl,23,23,1.0933333333333333,0,0.93333333333333335,0.84774976669890689,0.097589652072849017,0.027330290614122083,0.027330290614122083,0.097589652072849017
heatmap,rabi,fcl,24,23,1.1066666666666667,0,0.93333333333333335,0.84380602580347308,0.098624237623995581,0.028784868286265718,0.028784868286265718,0.098624237623995581
heatmap,rabi,fcl,25,23,1.1200000000000001,0,0.93333333333333335,0.8397981661344911,0.099673762176606409,0.030264035844451215,0.030264035844451215,0.099673762176606409
heatmap,rabi,fcl,26,23,1.1333333333333333,0,0.93333333333333335,0.83572909147699748,0.10073925455898766,0.03176582698200741,0.03176582698200741,0.10073925455898766
heatmap,rabi,fcl,27,23,1.1466666666666667,0,0.93333333333333335,0.83160176843535094,0.10182172872075713,0.033288251421945934,0.033288251421945934,0.10182172872075713
heatmap,rabi,fcl,28,23,1.1599999999999999,0,0.93333333333333335,0.82741921812687635,0.10292218233154356,0.034829299770790086,0.034829299770790086,0.10292218233154356
heatmap,rabi,fcl,29,23,1.1733333333333333,0,0.93333333333333335,0.82318451160914208,0.10404159608724964,0.036386946151804184,0.036386946151804184,0.10404159608724964
heatmap,rabi,fcl,30,23,1.1866666666666668,0,0.93333333333333335,0.81890076064449835,0.10518093146520682,0.037959153945147421,0.037959153945147421,0.10518093146520682
heatmap,rabi,fcl,31,23,1.2,0,0.93333333333333335,0.81457111511965752,0.10634113028565799,0.039543877297342225,0.039543877297342225,0.10634113028565799
heatmap,rabi,fcl,1,24,0.80000000000000004,0,1.0666666666666667,0.97099065411146024,0.02726438729026251,0.00087247929913856267,0.00087247929913856267,0.02726438729026251
heatmap,rabi,fcl,2,24,0.81333333333333335,0,1.0666666666666667,0.9708423333177042,0.027257269095383157,0.00095019879345632546,0.00095019879345632546,0.027257269095383157
heatmap,rabi,fcl,3,24,0.82666666666666666,0,1.0666666666666667,0.97063452174035436,0.027254594545528494,0.0010554418570585518,0.0010554418570585518,0.027254594545528494
heatmap,rabi,fcl,4,24,0.83999999999999997,0,1.0666666666666667,0.97036785249741497,0.027257891273296291,0.0011871281146443949,0.0011871281146443949,0.027257891273296291
heatmap,rabi,fcl,5,24,0.85333333333333339,0,1.0666666666666667,0.97004303208108877,0.027268661425941258,0.0013441532464849369,0.0013441532464849369,0.027268661425941258
heatmap,rabi,fcl,6,24,0.8666666666666667,0,1.0666666666666667,0.96966081808513838,0.027288373305390863,0.0015254043047353118,0.0015254043047353118,0.027288373305390863
heatmap,rabi,fcl,7,24,0.88,0,1.0666666666666667,0.96922199928645092,0.027318454034261343,0.001729773339643877,0.001729773339643877,0.027318454034261343
heatmap,rabi,fcl,8,24,0.89333333333333331,0,1.0666666666666667,0.96872737767102179,0.027360283645850397,0.0019561693415638304,0.0019561693415638304,0.027360283645850397
heatmap,rabi,fcl,9,24,0.90666666666666662,0,1.0666666666666667,0.96817775302498477,0.02741518991317347,0.0022035285309208669,0.0022035285309208669,0.02741518991317347
heatmap,rabi,fcl,10,24,0.92000000000000004,0,1.0666666666666667,0.96757390933651233,0.027484444565021832,0.0024708230492329151,0.0024708230492329151,0.027484444565021832
heatmap,rabi,fcl,11,24,0.93333333333333335,0,1.0666666666666667,0.96691660328538465,0.027569260358432355,0.0027570681780914623,0.0027570681780914623,0.027569260358432355
heatmap,rabi,fcl,12,24,0.94666666666666666,0,1.0666666666666667,0.96620655488247487,0.027670789136568362,0.0030613279904783434,0.0030613279904783434,0.027670789136568362
heatmap,rabi,fcl,13,24,0.95999999999999996,0,1.0666666666666667,0.96544443938696511,0.027790121006916701,0.0033827198030590318,0.0033827198030590318,0.027790121006916701
heatmap,rabi,fcl,14,24,0.97333333333333338,0,1.0666666666666667,0.9646308811095784,0.027928284212833689,0.0037204173387939319,0.0037204173387939319,0.027928284212833689
heatmap,rabi,fcl,15,24,0.98666666666666669,0,1.0666666666666667,0.96376644938461364,0.028086245425346417,0.0040736525950199774,0.0040736525950199774,0.028086245425346417
heatmap,rabi,fcl,16,24,1,0,1.0666666666666667,0.96285165458734157,0.028264911584114014,0.0044417169142722084,0.0044417169142722084,0.028264911584114014
heatmap,rabi,fcl,17,24,1.0133333333333334,0,1.0666666666666667,0.9618869462855193,0.02846513172150076,0.0048239609964899977,0.0048239609964899977,0.02846513172150076
heatmap,rabi,fcl,18,24,1.0266666666666666,0,1.0666666666666667,0.96087271264910312,0.028687699311897505,0.0052197940194996994,0.0052197940194996994,0.028687699311897505
heatmap,rabi,fcl,19,24,1.04,0,1.0666666666666667,0.95980928032447543,0.028933355383798789,0.0056286821458628586,0.0056286821458628586,0.028933355383798789
heatmap,rabi,fcl,20,24,1.0533333333333332,0,1.0666666666666667,0.95869691518323508,0.029202791983905092,0.0060501464164298621,0.0060501464164298621,0.029202791983905092
heatmap,rabi,fcl,21,24,1.0666666666666667,0,1.0666666666666667,0.95753582450564312,0.029496655681927973,0.0064837599062144095,0.0064837599062144095,0.029496655681927973
heatmap,rabi,fcl,22,24,1.0800000000000001,0,1.0666666666666667,0.95632615905660534,0.029815551551391074,0.0069291446960018663,0.0069291446960018663,0.029815551551391074
heatmap,rabi,fcl,23,24,1.0933333333333333,0,1.0666666666666667,0.95506801601082036,0.030160047409299857,0.0073859682899399433,0.0073859682899399433,0.030160047409299857
heatmap,rabi,fcl,24,24,1.1066666666666667,0,1.0666666666666667,0.95376144178959665,0.030530678222829403,0.0078539399937870395,0.0078539399937870395,0.030530678222829403
heatmap,rabi,fcl,25,24,1.1200000000000001,0,1.0666666666666667,0.95240643651878965,0.030927950044721299,0.0083328067182445072,0.0083328067182445072,0.030927950044721299
heatmap,rabi,fcl,26,24,1.1333333333333333,0,1.0666666666666667,0.95100295747075458,0.031352344734518457,0.0088223488973634741,0.0088223488973634741,0.031352344734518457
heatmap,rabi,fcl,27,24,1.1466666666666667,0,1.0666666666666667,0.94955092331420998,0.031804323874744661,0.0093223764055226799,0.0093223764055226799,0.031804323874744661
heatmap,rabi,fcl,28,24,1.1599999999999999,0,1.0666666666666667,0.94805021836351322,0.032284333575089488,0.0098327240306986512,0.0098327240306986512,0.032284333575089488
heatmap,rabi,fcl,29,24,1.1733333333333333,0,1.0666666666666667,0.94650069725109698,0.032792808192920964,0.010353247277990999,0.010353247277990999,0.032792808192920964
heatmap,rabi,fcl,30,24,1.1866666666666668,0,1.0666666666666667,0.94490218925112024,0.033330173934306276,0.010883818407286751,0.010883818407286751,0.033330173934306276
heatmap,rabi,fcl,31,24,1.2,0,1.0666666666666667,0.94325450208515937,0.033896853731006982,0.011424322091916831,0.011424322091916831,0.033896853731006982
heatmap,rabi,fcl,1,25,0.80000000000000004,0,1.2,0.99496534454512886,0.0033991876319242119,0.00081773391147350058,0.00081773391147350058,0.0033991876319242119
heatmap,rabi,fcl,2,25,0.81333333333333335,0,1.2,0.99515514010106787,0.0032033035539945041,0.00082077817246874836,0.00082077817246874836,0.0032033035539945041
heatmap,rabi,fcl,3,25,0.82666666666666666,0,1.2,0.99530309788566473,0.0030241408307526809,0.00083638064179129606,0.00083638064179129606,0.0030241408307526809
heatmap,rabi,fcl,4,25,0.83999999999999997,0,1.2,0.99541089835016072,0.0028619926238255601,0.0008635545130068153,0.0008635545130068153,0.0028619926238255601
heatmap,rabi,fcl,5,25,0.85333333333333339,0,1.2,0.9954801076515325,0.0027169908275268065,0.00090145076047039199,0.00090145076047039199,0.0027169908275268065
heatmap,rabi,fcl,6,25,0.8666666666666667,0,1.2,0.99551216917697327,0.0025891127910696032,0.00094935901597858314,0.00094935901597858314,0.0025891127910696032
heatmap,rabi,fcl,7,25,0.88,0,1.2,0.99550839847890038,0.0024781896559776624,0.0010067059325610166,0.0010067059325610166,0.0024781896559776624
heatmap,rabi,fcl,8,25,0.89333333333333331,0,1.2,0.9954699810544495,0.0023839161613484236,0.0010730513921010511,0.0010730513921010511,0.0023839161613484236
heatmap,rabi,fcl,9,25,0.90666666666666662,0,1.2,0.99539797281415976,0.0023058616372680901,0.001148082774286084,0.001148082774286084,0.0023058616372680901
heatmap,rabi,fcl,10,25,0.92000000000000004,0,1.2,0.99529330298562357,0.0022434818326690239,0.0012316075908536948,0.0012316075908536948,0.0022434818326690239
heatmap,rabi,fcl,11,25,0.93333333333333335,0,1.2,0.99515677847003448,0.0021961318127606201,0.0013235448586024997,0.0013235448586024997,0.0021961318127606201
heatmap,rabi,fcl,12,25,0.94666666666666666,0,1.2,0.99498909003723734,0.0021630792680788573,0.0014239153473418703,0.0014239153473418703,0.0021630792680788573
heatmap,rabi,fcl,13,25,0.95999999999999996,0,1.2,0.99479081969316374,0.0021435183228198929,0.0015328309920081449,0.0015328309920081449,0.0021435183228198929
heatmap,rabi,fcl,14,25,0.97333333333333338,0,1.2,0.99456244881113054,0.0021365835784976903,0.0016504838051859066,0.0016504838051859066,0.0021365835784976903
heatmap,rabi,fcl,15,25,0.98666666666666669,0,1.2,0.99430436698129276,0.002141364347420808,0.0017771343356432334,0.0017771343356432334,0.002141364347420808
heatmap,rabi,fcl,16,25,1,0,1.2,0.99401688110283348,0.0021569187358390571,0.0019131000806637689,0.0019131000806637689,0.0021569187358390571
heatmap,rabi,fcl,17,25,1.0133333333333334,0,1.2,0.99370022481586318,0.0021822876204624989,0.0020587437818370838,0.0020587437818370838,0.0021822876204624989
heatmap,rabi,fcl,18,25,1.0266666666666666,0,1.2,0.99335456776985509,0.0022165082768383438,0.0022144619766533021,0.0022144619766533021,0.0022165082768383438
heatmap,rabi,fcl,19,25,1.04,0,1.2,0.99298002446109657,0.0022586277097723451,0.0023806739145655629,0.0023806739145655629,0.0022586277097723451
heatmap,rabi,fcl,20,25,1.0533333333333332,0,1.2,0.99257666315323589,0.0023077152363050416,0.0025578108052295135,0.0025578108052295135,0.0023077152363050416
heatmap,rabi,fcl,21,25,1.0666666666666667,0,1.2,0.99214451390129987,0.0023628746528703117,0.0027463057229149038,0.0027463057229149038,0.0023628746528703117
heatmap,rabi,fcl,22,25,1.0800000000000001,0,1.2,0.99168357600960766,0.0024232558639614627,0.0029465840632154367,0.0029465840632154367,0.0024232558639614627
heatmap,rabi,fcl,23,25,1.0933333333333333,0,1.2,0.99119382533834521,0.0024880652454567402,0.003159054708098945,0.003159054708098945,0.0024880652454567402
heatmap,rabi,fcl,24,25,1.1066666666666667,0,1.2,0.99067522014173159,0.0025565757843011359,0.0033841020369836483,0.0033841020369836483,0.0025565757843011359
heatmap,rabi,fcl,25,25,1.1200000000000001,0,1.2,0.99012770590972921,0.0026281363554388317,0.0036220788674159433,0.0036220788674159433,0.0026281363554388317
heatmap,rabi,fcl,26,25,1.1333333333333333,0,1.2,0.98955122129495443,0.0027021793633323328,0.003873299670856568,0.003873299670856568,0.0027021793633323328
heatmap,rabi,fcl,27,25,1.1466666666666667,0,1.2,0.98894570077828126,0.0027782287792235722,0.0041380352212475853,0.0041380352212475853,0.0027782287792235722
heatmap,rabi,fcl,28,25,1.1599999999999999,0,1.2,0.98831107804627671,0.0028559058783743417,0.0044165080376745228,0.0044165080376745228,0.0028559058783743417
heatmap,rabi,fcl,29,25,1.1733333333333333,0,1.2,0.9876472884401214,0.0029349352129008589,0.0047088881734887811,0.0047088881734887811,0.0029349352129008589
heatmap,rabi,fcl,30,25,1.1866666666666668,0,1.2,0.9869542703684564,0.0030151489430307403,0.0050152903442564102,0.0050152903442564102,0.0030151489430307403
heatmap,rabi,fcl,31,25,1.2,0,1.2,0.98623196589147089,0.0030964905814371731,0.0053357717635458789,0.0053357717635458789,0.0030964905814371731
heatmap,rabi,fcl,1,26,0.80000000000000004,0,1.3333333333333333,0.99520340902288851,0.003623923780214801,0.00058633359844838869,0.00058633359844838869,0.003623923780214801
heatmap,rabi,fcl,2,26,0.81333333333333335,0,1.3333333333333333,0.99456514742255342,0.0041328587882100854,0.00065099689461818198,0.00065099689461818198,0.0041328587882100854
heatmap,rabi,fcl,3,26,0.82666666666666666,0,1.3333333333333333,0.99385635617363577,0.0046772993549495084,0.00073317223570738713,0.00073317223570738713,0.0046772993549495084
heatmap,rabi,fcl,4,26,0.83999999999999997,0,1.3333333333333333,0.99307724363629923,0.0052540570362421312,0.00083434966372928146,0.00083434966372928146,0.0052540570362421312
heatmap,rabi,fcl,5,26,0.85333333333333339,0,1.3333333333333333,0.99222794644719969,0.0058596735735875535,0.00095618998960640537,0.00095618998960640537,0.0058596735735875535
heatmap,rabi,fcl,6,26,0.8666666666666667,0,1.3333333333333333,0.99130856499514841,0.0064904588710809905,0.0011004880668852195,0.0011004880668852195,0.0064904588710809905
heatmap,rabi,fcl,7,26,0.88,0,1.3333333333333333,0.99031920025693398,0.0071425294714560772,0.0012691351358050497,0.0012691351358050497,0.0071425294714560772
heatmap,rabi,fcl,8,26,0.89333333333333331,0,1.3333333333333333,0.98925999114757457,0.0078118469995747354,0.0014640809264254233,0.0014640809264254233,0.0078118469995747354
heatmap,rabi,fcl,9,26,0.90666666666666662,0,1.3333333333333333,0.98813115138384078,0.0084942565112277029,0.001687296052465757,0.001687296052465757,0.0084942565112277029
heatmap,rabi,fcl,10,26,0.92000000000000004,0,1.3333333333333333,0.98693300494879288,0.0091855248657894614,0.0019407350927088548,0.0019407350927088548,0.0091855248657894614
heatmap,rabi,fcl,11,26,0.93333333333333335,0,1.3333333333333333,0.98566602084577637,0.0098813769318888169,0.0022263011111673717,0.0022263011111673717,0.0098813769318888169
heatmap,rabi,fcl,12,26,0.94666666666666666,0,1.3333333333333333,0.9843308447006297,0.010577532034449897,0.0025458116324601626,0.0025458116324601626,0.010577532034449897
heatmap,rabi,fcl,13,26,0.95999999999999996,0,1.3333333333333333,0.98292832838464261,0.011269738112630616,0.0029009667513633969,0.0029009667513633969,0.011269738112630616
heatmap,rabi,fcl,14,26,0.97333333333333338,0,1.3333333333333333,0.98145955663910078,0.011953804347979253,0.0032933195064599151,0.0032933195064599151,0.011953804347979253
heatmap,rabi,fcl,15,26,0.98666666666666669,0,1.3333333333333333,0.97992587033041645,0.012625632096122046,0.0037242487867307494,0.0037242487867307494,0.012625632096122046
heatmap,rabi,fcl,16,26,1,0,1.3333333333333333,0.97832888578087629,0.013281244197122235,0.0041949350110006608,0.0041949350110006608,0.013281244197122235
heatmap,rabi,fcl,17,26,1.0133333333333334,0,1.3333333333333333,0.97667051166654117,0.013916811011897833,0.0047063386607805145,0.0047063386607805145,0.013916811011897833
heatmap,rabi,fcl,18,26,1.0266666666666666,0,1.3333333333333333,0.97495296020552047,0.014528675827150448,0.005259181983664549,0.005259181983664549,0.014528675827150448
heatmap,rabi,fcl,19,26,1.04,0,1.3333333333333333,0.97317875652507213,0.015113376412953211,0.0058539335309873777,0.0058539335309873777,0.015113376412953211
heatmap,rabi,fcl,20,26,1.0533333333333332,0,1.3333333333333333,0.97135074215613193,0.015667665913555937,0.0064907959651560859,0.0064907959651560859,0.015667665913555937
heatmap,rabi,fcl,21,26,1.0666666666666667,0,1.3333333333333333,0.96947207693125559,0.016188528820856897,0.0071696971239436748,0.0071696971239436748,0.016188528820856897
heatmap,rabi,fcl,22,26,1.0800000000000001,0,1.3333333333333333,0.96754623410711571,0.016673198567798208,0.0078902836625430288,0.0078902836625430288,0.016673198567798208
heatmap,rabi,fcl,23,26,1.0933333333333333,0,1.3333333333333333,0.96557699532824981,0.017119167683219926,0.0086519184942650956,0.0086519184942650956,0.017119167683219926
heatmap,rabi,fcl,24,26,1.1066666666666667,0,1.3333333333333333,0.96356843905069578,0.017524200280532299,0.0094536803343860335,0.0094536803343860335,0.017524200280532299
heatmap,rabi,fcl,25,26,1.1200000000000001,0,1.3333333333333333,0.96152492704429848,0.017886339801155914,0.010294366577272838,0.010294366577272838,0.017886339801155914
heatmap,rabi,fcl,26,26,1.1333333333333333,0,1.3333333333333333,0.95945108783519628,0.018203914552769172,0.01117249880601731,0.01117249880601731,0.018203914552769172
heatmap,rabi,fcl,27,26,1.1466666666666667,0,1.3333333333333333,0.95735179723179176,0.018475542007109193,0.012086330380549492,0.012086330380549492,0.018475542007109193
heatmap,rabi,fcl,28,26,1.1599999999999999,0,1.3333333333333333,0.9552321550490861,0.018700130514428842,0.013033857218242495,0.013033857218242495,0.018700130514428842
heatmap,rabi,fcl,29,26,1.1733333333333333,0,1.3333333333333333,0.95309746113781779,0.018876879323034307,0.01401282976957398,0.01401282976957398,0.018876879323034307
heatmap,rabi,fcl,30,26,1.1866666666666668,0,1.3333333333333333,0.95095318778783411,0.019005276192172519,0.015020768009996665,0.015020768009996665,0.019005276192172519
heatmap,rabi,fcl,31,26,1.2,0,1.3333333333333333,0.94880495246945307,0.019085093535614227,0.016054976997466393,0.016054976997466393,0.019085093535614227
heatmap,rabi,fcl,1,27,0.80000000000000004,0,1.4666666666666666,0.99007360768532038,0.007552432828734473,0.0011869797429726158,0.0011869797429726158,0.007552432828734473
heatmap,rabi,fcl,2,27,0.81333333333333335,0,1.4666666666666666,0.98860670295858444,0.0085315874400658485,0.0014308548006748828,0.0014308548006748828,0.0085315874400658485
heatmap,rabi,fcl,3,27,0.82666666666666666,0,1.4666666666666666,0.98701845250410736,0.0095528782388139086,0.0017143346285393444,0.0017143346285393444,0.0095528782388139086
heatmap,rabi,fcl,4,27,0.83999999999999997,0,1.4666666666666666,0.98530618086871524,0.010610836850780981,0.0020414911402519211,0.0020414911402519211,0.010610836850780981
heatmap,rabi,fcl,5,27,0.85333333333333339,0,1.4666666666666666,0.98346740464534699,0.011699738099690373,0.0024164286274814071,0.0024164286274814071,0.011699738099690373
heatmap,rabi,fcl,6,27,0.8666666666666667,0,1.4666666666666666,0.98149990945569876,0.01281365819564099,0.0028432161743301267,0.0028432161743301267,0.01281365819564099
heatmap,rabi,fcl,7,27,0.88,0,1.4666666666666666,0.97940182353642724,0.013946532344690225,0.0033258220594413138,0.0033258220594413138,0.013946532344690225
heatmap,rabi,fcl,8,27,0.89333333333333331,0,1.4666666666666666,0.97717168856403691,0.015092209988089515,0.003868050723936727,0.003868050723936727,0.015092209988089515
heatmap,rabi,fcl,9,27,0.90666666666666662,0,1.4666666666666666,0.97480852611305024,0.016244507784166678,0.0044734830513915068,0.0044734830513915068,0.016244507784166678
heatmap,rabi,fcl,10,27,0.92000000000000004,0,1.4666666666666666,0.97231189611948166,0.017397262931846989,0.0051454204743357004,0.0051454204743357004,0.017397262931846989
heatmap,rabi,fcl,11,27,0.93333333333333335,0,1.4666666666666666,0.96968195272510183,0.018544380431902114,0.0058868334214980181,0.0058868334214980181,0.018544380431902114
heatmap,rabi,fcl,12,27,0.94666666666666666,0,1.4666666666666666,0.96691949237655372,0.019679878504451891,0.0067003145594971497,0.0067003145594971497,0.019679878504451891
heatmap,rabi,fcl,13,27,0.95999999999999996,0,1.4666666666666666,0.96402599414550272,0.020797932066266317,0.0075880368941154599,0.0075880368941154599,0.020797932066266317
heatmap,rabi,fcl,14,27,0.97333333333333338,0,1.4666666666666666,0.96100365300932777,0.021892912029502574,0.0085517174805848448,0.0085517174805848448,0.021892912029502574
heatmap,rabi,fcl,15,27,0.98666666666666669,0,1.4666666666666666,0.95785540729916041,0.022959419994824256,0.00959258635300771,0.00959258635300771,0.022959419994824256
heatmap,rabi,fcl,16,27,1,0,1.4666666666666666,0.95458495646481412,0.023992321342649149,0.010711361096268307,0.010711361096268307,0.023992321342649149
heatmap,rabi,fcl,17,27,1.0133333333333334,0,1.4666666666666666,0.95119677240436595,0.024986773273542606,0.011908227161045708,0.011908227161045708,0.024986773273542606
heatmap,rabi,fcl,18,27,1.0266666666666666,0,1.4666666666666666,0.94769610226545697,0.025938250218271095,0.013182823758135963,0.013182823758135963,0.025938250218271095
heatmap,rabi,fcl,19,27,1.04,0,1.4666666666666666,0.94408896566756684,0.026842564183447409,0.01453423507449292,0.01453423507449292,0.026842564183447409
heatmap,rabi,fcl,20,27,1.0533333333333332,0,1.4666666666666666,0.94038214177858026,0.027695882692525743,0.015960987764447047,0.015960987764447047,0.027695882692525743
heatmap,rabi,fcl,21,27,1.0666666666666667,0,1.4666666666666666,0.93658315221279576,0.02849474332785977,0.01746105222967222,0.01746105222967222,0.02849474332785977
heatmap,rabi,fcl,22,27,1.0800000000000001,0,1.4666666666666666,0.93270023475925146,0.029236063747532192,0.019031850746608195,0.019031850746608195,0.029236063747532192
heatmap,rabi,fcl,23,27,1.0933333333333333,0,1.4666666666666666,0.9287423129536938,0.029917148276131813,0.020670269385087221,0.020670269385087221,0.029917148276131813
heatmap,rabi,fcl,24,27,1.1066666666666667,0,1.4666666666666666,0.92471895827128292,0.030535693182594657,0.022372674273061256,0.022372674273061256,0.030535693182594657
heatmap,rabi,fcl,25,27,1.1200000000000001,0,1.4666666666666666,0.92064034554005036,0.031089786805550346,0.024134933827199709,0.024134933827199709,0.031089786805550346
heatmap,rabi,fcl,26,27,1.1333333333333333,0,1.4666666666666666,0.91651720697243078,0.031577907992588562,0.025952442517490355,0.025952442517490355,0.031577907992588562
heatmap,rabi,fcl,27,27,1.1466666666666667,0,1.4666666666666666,0.9123607780662818,0.031998920150142038,0.027820150891788083,0.027820150891788083,0.031998920150142038
heatmap,rabi,fcl,28,27,1.1599999999999999,0,1.4666666666666666,0.90818274065435045,0.032352066102283236,0.029732596621683101,0.029732596621683101,0.032352066102283236
heatmap,rabi,fcl,29,27,1.1733333333333333,0,1.4666666666666666,0.9039951632617117,0.03263695738905957,0.031683939674614435,0.031683939674614435,0.03263695738905957
heatmap,rabi,fcl,30,27,1.1866666666666668,0,1.4666666666666666,0.89981043643981928,0.032853561607414081,0.033668000976383353,0.033668000976383353,0.032853561607414081
heatmap,rabi,fcl,31,27,1.2,0,1.4666666666666666,0.89564120842817152,0.033002191665312208,0.035678299953258059,0.035678299953258059,0.033002191665312208
heatmap,rabi,fcl,1,28,0.80000000000000004,0,1.6000000000000001,0.99215773793549755,0.0021604120701668827,0.0028409249971677705,0.0028409249971677705,0.0021604120701668827
heatmap,rabi,fcl,2,28,0.81333333333333335,0,1.6000000000000001,0.99093478920338129,0.0026028811022174789,0.0032311648472006442,0.0032311648472006442,0.0026028811022174789
heatmap,rabi,fcl,3,28,0.82666666666666666,0,1.6000000000000001,0.98958532228530627,0.0030787553122597123,0.0036679612012170239,0.0036679612012170239,0.0030787553122597123
heatmap,rabi,fcl,4,28,0.83999999999999997,0,1.6000000000000001,0.9881046571033153,0.003584297535107109,0.0041555226807888229,0.0041555226807888229,0.003584297535107109
heatmap,rabi,fcl,5,28,0.85333333333333339,0,1.6000000000000001,0.98648840795474269,0.0041155802329644921,0.0046980059061463714,0.0046980059061463714,0.0041155802329644921
heatmap,rabi,fcl,6,28,0.8666666666666667,0,1.6000000000000001,0.98473257194354269,0.0046685358046986061,0.0052994461258793948,0.0052994461258793948,0.0046685358046986061
heatmap,rabi,fcl,7,28,0.88,0,1.6000000000000001,0.98283361316323026,0.0052390056094123614,0.0059636906136787222,0.0059636906136787222,0.0052390056094123614
heatmap,rabi,fcl,8,28,0.89333333333333331,0,1.6000000000000001,0.98078854234336166,0.005822786680449504,0.0066943354880943905,0.0066943354880943905,0.005822786680449504
heatmap,rabi,fcl,9,28,0.90666666666666662,0,1.6000000000000001,0.97859498934054401,0.0064156762827479062,0.0074946671883540684,0.0074946671883540684,0.0064156762827479062
heatmap,rabi,fcl,10,28,0.92000000000000004,0,1.6000000000000001,0.97625126970855647,0.0070135140073441151,0.0083676081420497473,0.0083676081420497473,0.0070135140073441151
heatmap,rabi,fcl,11,28,0.93333333333333335,0,1.6000000000000001,0.97375644404028561,0.00761222043253992,0.0093156677635872626,0.0093156677635872626,0.00761222043253992
heatmap,rabi,fcl,12,28,0.94666666666666666,0,1.6000000000000001,0.97111036834751541,0.0082078334313074805,0.01034089911058856,0.01034089911058856,0.0082078334313074805
heatmap,rabi,fcl,13,28,0.95999999999999996,0,1.6000000000000001,0.96831373781018437,0.0087965404646989775,0.011444860862558352,0.011444860862558352,0.0087965404646989775
heatmap,rabi,fcl,14,28,0.97333333333333338,0,1.6000000000000001,0.96536812053242982,0.0093747080100171701,0.012628585728776532,0.012628585728776532,0.0093747080100171701
heatmap,rabi,fcl,15,28,0.98666666666666669,0,1.6000000000000001,0.96227598350492072,0.0099389074641815928,0.013892554515448775,0.013892554515448775,0.0099389074641815928
heatmap,rabi,fcl,16,28,1,0,1.6000000000000001,0.9590407099980105,0.010485937001295397,0.015236676500347088,0.015236676500347088,0.010485937001295397
heatmap,rabi,fcl,17,28,1.0133333333333334,0,1.6000000000000001,0.95566660721609042,0.011012841062504603,0.016660275860702536,0.016660275860702536,0.011012841062504603
heatmap,rabi,fcl,18,28,1.0266666666666666,0,1.6000000000000001,0.95215890674435966,0.011516924997518906,0.018162084129060747,0.018162084129060747,0.011516924997518906
heatmap,rabi,fcl,19,28,1.04,0,1.6000000000000001,0.94852375502686992,0.011995767581781501,0.019740238695674341,0.019740238695674341,0.011995767581781501
heatmap,rabi,fcl,20,28,1.0533333333333332,0,1.6000000000000001,0.94476819708317783,0.012447229375429927,0.021392286770696156,0.021392286770696156,0.012447229375429927
heatmap,rabi,fcl,21,28,1.0666666666666667,0,1.6000000000000001,0.94090015194769994,0.012869458030692666,0.023115195010803748,0.023115195010803748,0.012869458030692666
heatmap,rabi,fcl,22,28,1.0800000000000001,0,1.6000000000000001,0.93692837944332352,0.013260891129072461,0.024905364713801986,0.024905364713801986,0.013260891129072461
heatmap,rabi,fcl,23,28,1.0933333333333333,0,1.6000000000000001,0.93286244145223685,0.013620255510066848,0.026758651518848164,0.026758651518848164,0.013620255510066848
heatmap,rabi,fcl,24,28,1.1066666666666667,0,1.6000000000000001,0.92871265616313581,0.013946563805152213,0.028670390015855987,0.028670390015855987,0.013946563805152213
heatmap,rabi,fcl,25,28,1.1200000000000001,0,1.6000000000000001,0.924490045628238,0.014239109352695669,0.030635422509533199,0.030635422509533199,0.014239109352695669
heatmap,rabi,fcl,26,28,1.1333333333333333,0,1.6000000000000001,0.92020627911390929,0.014497457335971959,0.032648131775059423,0.032648131775059423,0.014497457335971959
heatmap,rabi,fcl,27,28,1.1466666666666667,0,1.6000000000000001,0.91587360922920891,0.014721435539415753,0.034702477615687691,0.034702477615687691,0.014721435539415753
heatmap,rabi,fcl,28,28,1.1599999999999999,0,1.6000000000000001,0.91150480632172648,0.014911121562235745,0.036792036058018909,0.036792036058018909,0.014911121562235745
heatmap,rabi,fcl,29,28,1.1733333333333333,0,1.6000000000000001,0.90711308678745584,0.015066829907084066,0.038910041652730043,0.038910041652730043,0.015066829907084066
heatmap,rabi,fcl,30,28,1.1866666666666668,0,1.6000000000000001,0.90271204158537943,0.015189095977443345,0.041049431218588582,0.041049431218588582,0.015189095977443345
heatmap,rabi,fcl,31,28,1.2,0,1.6000000000000001,0.89831555643178229,0.015278660838315515,0.04320289136495109,0.04320289136495109,0.015278660838315515
heatmap,rabi,fcl,1,29,0.80000000000000004,0,1.7333333333333334,0.992742726969992,0.0027040186459481351,0.0022766271920299421,0.0022766271920299421,0.0027040186459481351
heatmap,rabi,fcl,2,29,0.81333333333333335,0,1.7333333333333334,0.99248414851104261,0.0024574115411479759,0.0025292199739047352,0.0025292199739047352,0.0024574115411479759
heatmap,rabi,fcl,3,29,0.82666666666666666,0,1.7333333333333334,0.99214730021219122,0.0022329029012878388,0.0028098984432605172,0.0028098984432605172,0.0022329029012878388
heatmap,rabi,fcl,4,29,0.83999999999999997,0,1.7333333333333334,0.99172643790306425,0.002030345149724961,0.0031216084736054254,0.0031216084736054254,0.002030345149724961
heatmap,rabi,fcl,5,29,0.85333333333333339,0,1.7333333333333334,0.9912158906076306,0.0018494163837300406,0.0034673465043196924,0.0034673465043196924,0.0018494163837300406
heatmap,rabi,fcl,6,29,0.8666666666666667,0,1.7333333333333334,0.99061013827040367,0.0016896470963238713,0.0038501073166363098,0.0038501073166363098,0.0016896470963238713
heatmap,rabi,fcl,7,29,0.88,0,1.7333333333333334,0.98990388755869607,0.0015504461979928314,0.0042728331216554854,0.0042728331216554854,0.0015504461979928314
heatmap,rabi,fcl,8,29,0.89333333333333331,0,1.7333333333333334,0.98909214430482273,0.001431126432649629,0.0047383646312638044,0.0047383646312638044,0.001431126432649629
heatmap,rabi,fcl,9,29,0.90666666666666662,0,1.7333333333333334,0.98817028244061766,0.0013309284189903954,0.0052493945701959401,0.0052493945701959401,0.0013309284189903954
heatmap,rabi,fcl,10,29,0.92000000000000004,0,1.7333333333333334,0.98713410849089844,0.0012490432919542288,0.0058084241085736218,0.0058084241085736218,0.0012490432919542288
heatmap,rabi,fcl,11,29,0.93333333333333335,0,1.7333333333333334,0.98597992073757956,0.00118463395665603,0.0064177226528821562,0.0064177226528821562,0.00118463395665603
heatmap,rabi,fcl,12,29,0.94666666666666666,0,1.7333333333333334,0.98470456312617038,0.001136854261141626,0.0070792913063439412,0.0070792913063439412,0.001136854261141626
heatmap,rabi,fcl,13,29,0.95999999999999996,0,1.7333333333333334,0.98330547286027781,0.0011048667196468449,0.0077948302100376505,0.0077948302100376505,0.0011048667196468449
heatmap,rabi,fcl,14,29,0.97333333333333338,0,1.7333333333333334,0.98178072181499987,0.0010878577390331186,0.0085657102229835195,0.0085657102229835195,0.0010878577390331186
heatmap,rabi,fcl,15,29,0.98666666666666669,0,1.7333333333333334,0.98012905127977601,0.0010850513209772262,0.009392948699623439,0.009392948699623439,0.0010850513209772262
heatmap,rabi,fcl,16,29,1,0,1.7333333333333334,0.97834990008004385,0.0010957205148541648,0.010277189702550928,0.010277189702550928,0.0010957205148541648
heatmap,rabi,fcl,17,29,1.0133333333333334,0,1.7333333333333334,0.97644342517878246,0.0011191967712777231,0.011218689024969879,0.011218689024969879,0.0011191967712777231
heatmap,rabi,fcl,18,29,1.0266666666666666,0,1.7333333333333334,0.9744105170143893,0.0011548772428749334,0.012217302871367918,0.012217302871367918,0.0011548772428749334
heatmap,rabi,fcl,19,29,1.04,0,1.7333333333333334,0.97225280552899274,0.0012022304402042614,0.013272482015401524,0.013272482015401524,0.0012022304402042614
heatmap,rabi,fcl,20,29,1.0533333333333332,0,1.7333333333333334,0.96997266170650231,0.0012607995414358247,0.014383269376030921,0.014383269376030921,0.0012607995414358247
heatmap,rabi,fcl,21,29,1.0666666666666667,0,1.7333333333333334,0.96757319198994152,0.0013302042080602712,0.015548301900999055,0.015548301900999055,0.0013302042080602712
heatmap,rabi,fcl,22,29,1.0800000000000001,0,1.7333333333333334,0.96505822471041702,0.0014101406824903111,0.016765817303546371,0.016765817303546371,0.0014101406824903111
heatmap,rabi,fcl,23,29,1.0933333333333333,0,1.7333333333333334,0.96243229361973204,0.0015003800397742925,0.018033663170246808,0.018033663170246808,0.0015003800397742925
heatmap,rabi,fcl,24,29,1.1066666666666667,0,1.7333333333333334,0.95970061246033855,0.0016007653915814928,0.019349311074040056,0.019349311074040056,0.0016007653915814928
heatmap,rabi,fcl,25,29,1.1200000000000001,0,1.7333333333333334,0.95686904685977725,0.0017112074035987204,0.020709872868311996,0.020709872868311996,0.0017112074035987204
heatmap,rabi,fcl,26,29,1.1333333333333333,0,1.7333333333333334,0.95394407852640772,0.0018316790371027871,0.022112121218244716,0.022112121218244716,0.0018316790371027871
heatmap,rabi,fcl,27,29,1.1466666666666667,0,1.7333333333333334,0.95093276843295105,0.0019622088097770427,0.02355251137863601,0.02355251137863601,0.0019622088097770427
heatmap,rabi,fcl,28,29,1.1599999999999999,0,1.7333333333333334,0.94784271151873478,0.0021028738404721367,0.025027207320396549,0.025027207320396549,0.0021028738404721367
heatmap,rabi,fcl,29,29,1.1733333333333333,0,1.7333333333333334,0.94468199231840622,0.0022537915979401655,0.026532108041826808,0.026532108041826808,0.0022537915979401655
heatmap,rabi,fcl,30,29,1.1866666666666668,0,1.7333333333333334,0.94145913370358492,0.0024151116078100078,0.028062877344302545,0.028062877344302545,0.0024151116078100078
heatmap,rabi,fcl,31,29,1.2,0,1.7333333333333334,0.93818304517252227,0.0025870064775089614,0.029614974174984446,0.029614974174984446,0.0025870064775089614
heatmap,rabi,fcl,1,30,0.80000000000000004,0,1.8666666666666667,0.97189064066723851,0.025560934511536248,0.0012742124106126667,0.0012742124106126667,0.025560934511536248
heatmap,rabi,fcl,2,30,0.81333333333333335,0,1.8666666666666667,0.97178779047799446,0.025418332092863719,0.0013969387145709633,0.0013969387145709633,0.025418332092863719
heatmap,rabi,fcl,3,30,0.82666666666666666,0,1.8666666666666667,0.97164644286756485,0.025279856881817612,0.0015368501253087835,0.0015368501253087835,0.025279856881817612
heatmap,rabi,fcl,4,30,0.83999999999999997,0,1.8666666666666667,0.97146083680802076,0.025147185930361839,0.0016959886308087345,0.0016959886308087345,0.025147185930361839
heatmap,rabi,fcl,5,30,0.85333333333333339,0,1.8666666666666667,0.97122503925473369,0.025021838508157031,0.0018765611185546855,0.0018765611185546855,0.025021838508157031
heatmap,rabi,fcl,6,30,0.8666666666666667,0,1.8666666666666667,0.97093300304417496,0.024905182949116603,0.0020809070033541918,0.0020809070033541918,0.024905182949116603
heatmap,rabi,fcl,7,30,0.88,0,1.8666666666666667,0.97057862593133892,0.024798444100122632,0.0023114649842691641,0.0023114649842691641,0.024798444100122632
heatmap,rabi,fcl,8,30,0.89333333333333331,0,1.8666666666666667,0.97015580943568769,0.024702711272643119,0.0025707396458345892,0.0025707396458345892,0.024702711272643119
heatmap,rabi,fcl,9,30,0.90666666666666662,0,1.8666666666666667,0.96965851728356667,0.024618946630168777,0.0028612680431322514,0.0028612680431322514,0.024618946630168777
heatmap,rabi,fcl,10,30,0.92000000000000004,0,1.8666666666666667,0.9690808328549223,0.024547993280482846,0.0031855869322974166,0.0031855869322974166,0.024547993280482846
heatmap,rabi,fcl,11,30,0.93333333333333335,0,1.8666666666666667,0.96841701450543782,0.024490583734271942,0.0035462008801451397,0.0035462008801451397,0.024490583734271942
heatmap,rabi,fcl,12,30,0.94666666666666666,0,1.8666666666666667,0.96766154928110093,0.024447347525545005,0.0039455515966769581,0.0039455515966769581,0.024447347525545005
heatmap,rabi,fcl,13,30,0.95999999999999996,0,1.8666666666666667,0.96680920286366667,0.02441881948481937,0.0043859888257570413,0.0043859888257570413,0.02441881948481937
heatmap,rabi,fcl,14,30,0.97333333333333338,0,1.8666666666666667,0.96585506730076687,0.024405446615132231,0.0048697430420505047,0.0048697430420505047,0.024405446615132231
heatmap,rabi,fcl,15,30,0.98666666666666669,0,1.8666666666666667,0.96479460504266668,0.024407594865431072,0.0053989000459511438,0.0053989000459511438,0.024407594865431072
heatmap,rabi,fcl,16,30,1,0,1.8666666666666667,0.96362368840221058,0.0244255557647951,0.0059753779164971911,0.0059753779164971911,0.0244255557647951
heatmap,rabi,fcl,17,30,1.0133333333333334,0,1.8666666666666667,0.96233863622948268,0.024459551939515663,0.006600905915500754,0.006600905915500754,0.024459551939515663
heatmap,rabi,fcl,18,30,1.0266666666666666,0,1.8666666666666667,0.96093624506052766,0.024509742296017524,0.0072770063217274172,0.0072770063217274172,0.024509742296017524
heatmap,rabi,fcl,19,30,1.04,0,1.8666666666666667,0.95941381656908975,0.0245762268228478,0.0080049783040311955,0.0080049783040311955,0.0245762268228478
heatmap,rabi,fcl,20,30,1.0533333333333332,0,1.8666666666666667,0.95776918135956601,0.0246590499323943,0.0087858843540198316,0.0087858843540198316,0.0246590499323943
heatmap,rabi,fcl,21,30,1.0666666666666667,0,1.8666666666666667,0.95600071581115031,0.024758204585735445,0.0096205398015571913,0.0096205398015571913,0.024758204585735445
heatmap,rabi,fcl,22,30,1.0800000000000001,0,1.8666666666666667,0.95410735735309926,0.024873634752635269,0.010509503947132778,0.010509503947132778,0.024873634752635269
heatmap,rabi,fcl,23,30,1.0933333333333333,0,1.8666666666666667,0.95208861277765233,0.025005238101746517,0.011453074560300629,0.011453074560300629,0.025005238101746517
heatmap,rabi,fcl,24,30,1.1066666666666667,0,1.8666666666666667,0.94994456374248815,0.025152867645990486,0.01245128430576062,0.01245128430576062,0.025152867645990486
heatmap,rabi,fcl,25,30,1.1200000000000001,0,1.8666666666666667,0.94767586796295544,0.025316333375740893,0.013503899330651842,0.013503899330651842,0.025316333375740893
heatmap,rabi,fcl,26,30,1.1333333333333333,0,1.8666666666666667,0.94528375409981003,0.025495403627372727,0.014610421136408605,0.014610421136408605,0.025495403627372727
heatmap,rabi,fcl,27,30,1.1466666666666667,0,1.8666666666666667,0.94277001681986761,0.025689805444844248,0.015770088867644107,0.015770088867644107,0.025689805444844248
heatmap,rabi,fcl,28,30,1.1599999999999999,0,1.8666666666666667,0.9401370032357983,0.025899226012143881,0.016981885376028898,0.016981885376028898,0.025899226012143881
heatmap,rabi,fcl,29,30,1.1733333333333333,0,1.8666666666666667,0.9373876001282444,0.02612331239059603,0.018244543740579825,0.018244543740579825,0.02612331239059603
heatmap,rabi,fcl,30,30,1.1866666666666668,0,1.8666666666666667,0.93452521467151572,0.026361672362097709,0.019556556483193297,0.019556556483193297,0.026361672362097709
heatmap,rabi,fcl,31,30,1.2,0,1.8666666666666667,0.93155375414238051,0.026613874507314058,0.020916185675152681,0.020916185675152681,0.026613874507314058
heatmap,rabi,fcl,1,31,0.80000000000000004,0,2,0.92520959154573412,0.06039276680142653,0.0071988208264196669,0.0071988208264196669,0.06039276680142653
heatmap,rabi,fcl,2,31,0.81333333333333335,0,2,0.92377227111036342,0.060888649331134796,0.0076695397792508804,0.0076695397792508804,0.060888649331134796
heatmap,rabi,fcl,3,31,0.82666666666666666,0,2,0.92229864894874314,0.061359393141464394,0.0081709789548962703,0.0081709789548962703,0.061359393141464394
heatmap,rabi,fcl,4,31,0.83999999999999997,0,2,0.92078495072010746,0.061806294213341328,0.0087043775332756555,0.0087043775332756555,0.061806294213341328
heatmap,rabi,fcl,5,31,0.85333333333333339,0,2,0.91922720274406711,0.062230583474021203,0.0092711068909558589,0.0092711068909558589,0.062230583474021203
heatmap,rabi,fcl,6,31,0.8666666666666667,0,2,0.91762126509855901,0.062633423799827392,0.0098726555508067901,0.0098726555508067901,0.062633423799827392
heatmap,rabi,fcl,7,31,0.88,0,2,0.91596286694642637,0.063015908233803833,0.010510612409884922,0.010510612409884922,0.063015908233803833
heatmap,rabi,fcl,8,31,0.89333333333333331,0,2,0.91424764391370095,0.063379058420897916,0.01118664883270057,0.01118664883270057,0.063379058420897916
heatmap,rabi,fcl,9,31,0.90666666666666662,0,2,0.91247117684535595,0.063723824454043496,0.011902499350300263,0.011902499350300263,0.063723824454043496
heatmap,rabi,fcl,10,31,0.92000000000000004,0,2,0.91062903079768165,0.064051085851314374,0.012659941675501982,0.012659941675501982,0.064051085851314374
heatmap,rabi,fcl,11,31,0.93333333333333335,0,2,0.90871679540469052,0.064361651599042613,0.013460776498133473,0.013460776498133473,0.064361651599042613
heatmap,rabi,fcl,12,31,0.94666666666666666,0,2,0.90673012452574087,0.064656262488051564,0.014306806493103794,0.014306806493103794,0.064656262488051564
heatmap,rabi,fcl,13,31,0.95999999999999996,0,2,0.90466477538643864,0.064935593121305396,0.015199815746127977,0.015199815746127977,0.064935593121305396
heatmap,rabi,fcl,14,31,0.97333333333333338,0,2,0.90251664794108399,0.065200253894992108,0.01614154908196198,0.01614154908196198,0.065200253894992108
heatmap,rabi,fcl,15,31,0.98666666666666669,0,2,0.900281821723662,0.065450794522894706,0.017133691876721632,0.017133691876721632,0.065450794522894706
heatmap,rabi,fcl,16,31,1,0,2,0.89795659264784911,0.065687706164264364,0.018177850593943282,0.018177850593943282,0.065687706164264364
heatmap,rabi,fcl,17,31,1.0133333333333334,0,2,0.89553750715433111,0.065911424897949614,0.019275533973859674,0.019275533973859674,0.065911424897949614
heatmap,rabi,fcl,18,31,1.0266666666666666,0,2,0.89302139485727527,0.066122335578223765,0.020428134782250487,0.020428134782250487,0.066122335578223765
heatmap,rabi,fcl,19,31,1.04,0,2,0.89040539911027838,0.066320774055296766,0.021636913417212394,0.021636913417212394,0.066320774055296766
heatmap,rabi,fcl,20,31,1.0533333333333332,0,2,0.88768700420964297,0.066507032199099078,0.022902981795629024,0.022902981795629024,0.066507032199099078
heatmap,rabi,fcl,21,31,1.0666666666666667,0,2,0.88486406250802041,0.066681359607179913,0.024227288942399797,0.024227288942399797,0.066681359607179913
heatmap,rabi,fcl,22,31,1.0800000000000001,0,2,0.88193481545806085,0.066843968598549713,0.025610607971694729,0.025610607971694729,0.066843968598549713
heatmap,rabi,fcl,23,31,1.0933333333333333,0,2,0.87889791440116716,0.066995037312765057,0.027053524143033879,0.027053524143033879,0.066995037312765057
heatmap,rabi,fcl,24,31,1.1066666666666667,0,2,0.87575243878924247,0.067134711871155953,0.028556424669800792,0.028556424669800792,0.067134711871155953
heatmap,rabi,fcl,25,31,1.1200000000000001,0,2,0.87249790861254417,0.067263112280790863,0.030119489553332494,0.030119489553332494,0.067263112280790863
heatmap,rabi,fcl,26,31,1.1333333333333333,0,2,0.86913429713017465,0.06738033319075204,0.031742684839536718,0.031742684839536718,0.06738033319075204
heatmap,rabi,fcl,27,31,1.1466666666666667,0,2,0.86566203893754989,0.067486448960620934,0.033425756050914614,0.033425756050914614,0.067486448960620934
heatmap,rabi,fcl,28,31,1.1599999999999999,0,2,0.86208203568327335,0.067581515574515749,0.03516822437110545,0.03516822437110545,0.067581515574515749
heatmap,rabi,fcl,29,31,1.1733333333333333,0,2,0.85839565833407849,0.067665574828897443,0.036969383418512032,0.036969383418512032,0.067665574828897443
heatmap,rabi,fcl,30,31,1.1866666666666668,0,2,0.85460474693452637,0.067738656723661028,0.038828298170906279,0.038828298170906279,0.067738656723661028
heatmap,rabi,fcl,31,31,1.2,0,2,0.8507116098810189,0.067800782115136182,0.040743804001922429,0.040743804001922429,0.067800782115136182
