score_mode,N,seed,selected_rank,iter,point_idx,x_u1,x_u2,x_u3,y,sigma_y
full_l1,100,387749,1,10,1,-0.20833333333333331,-0.041666666666666685,0.12499999999999989,0.58000000000000007,0.048752103402800132
full_l1,100,387749,1,10,2,0.37499999999999989,0.37499999999999989,-0.29166666666666669,0.13000000000000012,0.033855937371552021
full_l1,100,387749,1,10,3,-0.041666666666666685,-0.125,-0.041666666666666685,0.57999999999999996,0.048788805475500477
full_l1,100,387749,1,10,4,0.29166666666666663,-0.20833333333333331,-0.125,0.25,0.046959502517989173
full_l1,100,387749,1,10,5,0.45833333333333326,0.45833333333333326,0.29166666666666663,0.030000000000000027,0.013546768502445692
full_l1,100,387749,1,10,6,0.04166666666666663,0.20833333333333326,-0.20833333333333331,0.59999999999999998,0.049402927418332181
full_l1,100,387749,1,10,7,0.12499999999999989,-0.375,0.20833333333333326,0.35999999999999999,0.048959775349542517
full_l1,100,387749,1,10,8,-0.45833333333333331,0.29166666666666663,0.04166666666666663,0.080000000000000071,0.031230421973824002
full_l1,100,387749,1,10,9,-0.29166666666666669,-0.29166666666666669,-0.375,0.41999999999999993,0.047998295162476952
full_l1,100,387749,1,10,10,-0.125,0.12499999999999989,-0.45833333333333331,0.60999999999999999,0.048657264318265905
full_l1,100,387749,1,10,11,0.20833333333333326,-0.45833333333333331,0.45833333333333326,0.42999999999999994,0.04978417584150413
full_l1,100,387749,1,10,12,-0.375,0.04166666666666663,0.37499999999999989,0.35000000000000009,0.04938137141417203
full_l1,100,387749,1,10,13,-0.0810160077795683,0.44003268988272493,0.44860328441463238,0.5,0.049956806111807139
full_l1,100,387749,1,10,14,-0.047210626699138558,0.43415057972826987,-0.48004420321157015,0.45999999999999996,0.049613791455863872
full_l1,100,387749,1,10,15,-0.17059936743836168,-0.49651689695100654,0.47655709822707526,0.34999999999999998,0.049133822399582194
full_l1,100,387749,1,10,16,-0.1113656448550282,-0.18977228803363411,-0.45778324087481659,0.40999999999999992,0.048198731633599431
full_l1,100,387749,1,10,17,-0.17800284569041724,0.29898221246142764,-0.21260027233335199,0.29000000000000004,0.048041190656153525
full_l1,100,387749,1,10,18,-0.0055084477146383204,0.11896530456755539,0.46368485451043817,0.81000000000000005,0.040947053069047133
full_l1,100,387749,1,10,19,0.052873650638408876,0.2945958076675339,0.49186140387824118,0.55000000000000004,0.049742289006116922
full_l1,100,387749,1,10,20,-0.03567222219182109,0.061185169564393238,0.42414315187251161,0.90000000000000002,0.026747398288033793
full_l1,100,387749,1,10,21,-0.054990606839964373,0.02585482004798223,0.42420395364299091,0.93000000000000005,0.019186228823575263
full_l1,100,387749,1,10,22,-0.034665745329720776,-0.013952333625550484,0.49634016243100865,0.97999999999999998,0.022144246908621854
full_l1,100,387749,1,30,1,-0.20833333333333331,-0.041666666666666685,0.12499999999999989,0.58000000000000007,0.048752103402800132
full_l1,100,387749,1,30,2,0.37499999999999989,0.37499999999999989,-0.29166666666666669,0.13000000000000012,0.033855937371552021
full_l1,100,387749,1,30,3,-0.041666666666666685,-0.125,-0.041666666666666685,0.57999999999999996,0.048788805475500477
full_l1,100,387749,1,30,4,0.29166666666666663,-0.20833333333333331,-0.125,0.25,0.046959502517989173
full_l1,100,387749,1,30,5,0.45833333333333326,0.45833333333333326,0.29166666666666663,0.030000000000000027,0.013546768502445692
full_l1,100,387749,1,30,6,0.04166666666666663,0.20833333333333326,-0.20833333333333331,0.59999999999999998,0.049402927418332181
full_l1,100,387749,1,30,7,0.12499999999999989,-0.375,0.20833333333333326,0.35999999999999999,0.048959775349542517
full_l1,100,387749,1,30,8,-0.45833333333333331,0.29166666666666663,0.04166666666666663,0.080000000000000071,0.031230421973824002
full_l1,100,387749,1,30,9,-0.29166666666666669,-0.29166666666666669,-0.375,0.41999999999999993,0.047998295162476952
full_l1,100,387749,1,30,10,-0.125,0.12499999999999989,-0.45833333333333331,0.60999999999999999,0.048657264318265905
full_l1,100,387749,1,30,11,0.20833333333333326,-0.45833333333333331,0.45833333333333326,0.42999999999999994,0.04978417584150413
full_l1,100,387749,1,30,12,-0.375,0.04166666666666663,0.37499999999999989,0.35000000000000009,0.04938137141417203
full_l1,100,387749,1,30,13,-0.0810160077795683,0.44003268988272493,0.44860328441463238,0.5,0.049956806111807139
full_l1,100,387749,1,30,14,-0.047210626699138558,0.43415057972826987,-0.48004420321157015,0.45999999999999996,0.049613791455863872
full_l1,100,387749,1,30,15,-0.17059936743836168,-0.49651689695100654,0.47655709822707526,0.34999999999999998,0.049133822399582194
full_l1,100,387749,1,30,16,-0.1113656448550282,-0.18977228803363411,-0.45778324087481659,0.40999999999999992,0.048198731633599431
full_l1,100,387749,1,30,17,-0.17800284569041724,0.29898221246142764,-0.21260027233335199,0.29000000000000004,0.048041190656153525
full_l1,100,387749,1,30,18,-0.0055084477146383204,0.11896530456755539,0.46368485451043817,0.81000000000000005,0.040947053069047133
full_l1,100,387749,1,30,19,0.052873650638408876,0.2945958076675339,0.49186140387824118,0.55000000000000004,0.049742289006116922
full_l1,100,387749,1,30,20,-0.03567222219182109,0.061185169564393238,0.42414315187251161,0.90000000000000002,0.026747398288033793
full_l1,100,387749,1,30,21,-0.054990606839964373,0.02585482004798223,0.42420395364299091,0.93000000000000005,0.019186228823575263
full_l1,100,387749,1,30,22,-0.034665745329720776,-0.013952333625550484,0.49634016243100865,0.97999999999999998,0.022144246908621854
full_l1,100,387749,1,30,23,0.039141362518112066,0.0033259208541711605,0.45886920815842003,1,0.016443576163960281
full_l1,100,387749,1,30,24,0.095218166343350896,-0.0014983334153395589,0.48941745815308502,0.89000000000000001,0.029068673380023145
full_l1,100,387749,1,30,25,-0.0024553224665819773,-0.031251336694566811,0.49830056976570392,0.92000000000000004,0.027805273025200705
full_l1,100,387749,1,30,26,0.031181953076830471,0.013241925148870681,0.21152157656804493,0.98999999999999999,0.01102894183382948
full_l1,100,387749,1,30,27,0.010341018935559276,0.043572267231752004,0.47606956486031393,0.98999999999999999,0.01920343985327581
full_l1,100,387749,1,30,28,0.034982307079060249,0.028556972195214581,0.44960936972346932,0.97999999999999998,0.01641727302266242
full_l1,100,387749,1,30,29,0.013428631017785131,0.0080827401338685601,0.38633228498119543,1,0.010045487371070572
full_l1,100,387749,1,30,30,-0.014932631209528147,0.010195195336159868,0.30441605062924082,1,0.0083727194509466262
full_l1,100,387749,1,30,31,0.009558941988240699,0.03990458511473971,0.043794452387930782,0.95999999999999996,0.020234770132073532
full_l1,100,387749,1,30,32,0.0041741384534157433,0.013746121735536132,0.42115510541072054,1,0.010112676888847781
full_l1,100,387749,1,30,33,0.03044529725307954,0.042884756941162561,0.26113601975158618,0.96999999999999997,0.020716301175739863
full_l1,100,387749,1,30,34,-0.012011783673109067,0.0058357707260039415,0.095631563101090666,1,0.0046614135171359232
full_l1,100,387749,1,30,35,-0.025008559891228188,-0.014162973067536333,0.22570839111379537,0.98999999999999999,0.01445677195839605
full_l1,100,387749,1,30,36,0.0086534266579683106,0.011376198049847241,0.29564687285732205,1,0.007570707385018906
full_l1,100,387749,1,30,37,0.021449335722954821,-0.0011589290126736707,-0.011249955497336872,1,0.0066189116770092402
full_l1,100,387749,1,30,38,0.071928730112425621,0.024402725196460695,-0.44916412749421419,0.89000000000000001,0.029636048088462721
full_l1,100,387749,1,30,39,-0.0057863184858470973,-0.0021189326953128251,-0.11041633881891921,1,0.0041999378817067952
full_l1,100,387749,1,30,40,0.0048487846740601359,-0.018312914740093778,0.10026912220032291,0.97999999999999998,0.011444269665987031
full_l1,100,387749,1,30,41,0.012809222344836613,0.0086424804623832507,0.014499002104963576,0.98999999999999999,0.0064834078477906372
full_l1,100,387749,1,30,42,0.027111462443187628,-0.0077125237496449284,-0.16772978048150811,0.98999999999999999,0.0097677986329977751
full_l1,100,387749,1,50,1,-0.20833333333333331,-0.041666666666666685,0.12499999999999989,0.58000000000000007,0.048752103402800132
full_l1,100,387749,1,50,2,0.37499999999999989,0.37499999999999989,-0.29166666666666669,0.13000000000000012,0.033855937371552021
full_l1,100,387749,1,50,3,-0.041666666666666685,-0.125,-0.041666666666666685,0.57999999999999996,0.048788805475500477
full_l1,100,387749,1,50,4,0.29166666666666663,-0.20833333333333331,-0.125,0.25,0.046959502517989173
full_l1,100,387749,1,50,5,0.45833333333333326,0.45833333333333326,0.29166666666666663,0.030000000000000027,0.013546768502445692
full_l1,100,387749,1,50,6,0.04166666666666663,0.20833333333333326,-0.20833333333333331,0.59999999999999998,0.049402927418332181
full_l1,100,387749,1,50,7,0.12499999999999989,-0.375,0.20833333333333326,0.35999999999999999,0.048959775349542517
full_l1,100,387749,1,50,8,-0.45833333333333331,0.29166666666666663,0.04166666666666663,0.080000000000000071,0.031230421973824002
full_l1,100,387749,1,50,9,-0.29166666666666669,-0.29166666666666669,-0.375,0.41999999999999993,0.047998295162476952
full_l1,100,387749,1,50,10,-0.125,0.12499999999999989,-0.45833333333333331,0.60999999999999999,0.048657264318265905
full_l1,100,387749,1,50,11,0.20833333333333326,-0.45833333333333331,0.45833333333333326,0.42999999999999994,0.04978417584150413
full_l1,100,387749,1,50,12,-0.375,0.04166666666666663,0.37499999999999989,0.35000000000000009,0.04938137141417203
full_l1,100,387749,1,50,13,-0.0810160077795683,0.44003268988272493,0.44860328441463238,0.5,0.049956806111807139
full_l1,100,387749,1,50,14,-0.047210626699138558,0.43415057972826987,-0.48004420321157015,0.45999999999999996,0.049613791455863872
full_l1,100,387749,1,50,15,-0.17059936743836168,-0.49651689695100654,0.47655709822707526,0.34999999999999998,0.049133822399582194
full_l1,100,387749,1,50,16,-0.1113656448550282,-0.18977228803363411,-0.45778324087481659,0.40999999999999992,0.048198731633599431
full_l1,100,387749,1,50,17,-0.17800284569041724,0.29898221246142764,-0.21260027233335199,0.29000000000000004,0.048041190656153525
full_l1,100,387749,1,50,18,-0.0055084477146383204,0.11896530456755539,0.46368485451043817,0.81000000000000005,0.040947053069047133
full_l1,100,387749,1,50,19,0.052873650638408876,0.2945958076675339,0.49186140387824118,0.55000000000000004,0.049742289006116922
full_l1,100,387749,1,50,20,-0.03567222219182109,0.061185169564393238,0.42414315187251161,0.90000000000000002,0.026747398288033793
full_l1,100,387749,1,50,21,-0.054990606839964373,0.02585482004798223,0.42420395364299091,0.93000000000000005,0.019186228823575263
full_l1,100,387749,1,50,22,-0.034665745329720776,-0.013952333625550484,0.49634016243100865,0.97999999999999998,0.022144246908621854
full_l1,100,387749,1,50,23,0.039141362518112066,0.0033259208541711605,0.45886920815842003,1,0.016443576163960281
full_l1,100,387749,1,50,24,0.095218166343350896,-0.0014983334153395589,0.48941745815308502,0.89000000000000001,0.029068673380023145
full_l1,100,387749,1,50,25,-0.0024553224665819773,-0.031251336694566811,0.49830056976570392,0.92000000000000004,0.027805273025200705
full_l1,100,387749,1,50,26,0.031181953076830471,0.013241925148870681,0.21152157656804493,0.98999999999999999,0.01102894183382948
full_l1,100,387749,1,50,27,0.010341018935559276,0.043572267231752004,0.47606956486031393,0.98999999999999999,0.01920343985327581
full_l1,100,387749,1,50,28,0.034982307079060249,0.028556972195214581,0.44960936972346932,0.97999999999999998,0.01641727302266242
full_l1,100,387749,1,50,29,0.013428631017785131,0.0080827401338685601,0.38633228498119543,1,0.010045487371070572
full_l1,100,387749,1,50,30,-0.014932631209528147,0.010195195336159868,0.30441605062924082,1,0.0083727194509466262
full_l1,100,387749,1,50,31,0.009558941988240699,0.03990458511473971,0.043794452387930782,0.95999999999999996,0.020234770132073532
full_l1,100,387749,1,50,32,0.0041741384534157433,0.013746121735536132,0.42115510541072054,1,0.010112676888847781
full_l1,100,387749,1,50,33,0.03044529725307954,0.042884756941162561,0.26113601975158618,0.96999999999999997,0.020716301175739863
full_l1,100,387749,1,50,34,-0.012011783673109067,0.0058357707260039415,0.095631563101090666,1,0.0046614135171359232
full_l1,100,387749,1,50,35,-0.025008559891228188,-0.014162973067536333,0.22570839111379537,0.98999999999999999,0.01445677195839605
full_l1,100,387749,1,50,36,0.0086534266579683106,0.011376198049847241,0.29564687285732205,1,0.007570707385018906
full_l1,100,387749,1,50,37,0.021449335722954821,-0.0011589290126736707,-0.011249955497336872,1,0.0066189116770092402
full_l1,100,387749,1,50,38,0.071928730112425621,0.024402725196460695,-0.44916412749421419,0.89000000000000001,0.029636048088462721
full_l1,100,387749,1,50,39,-0.0057863184858470973,-0.0021189326953128251,-0.11041633881891921,1,0.0041999378817067952
full_l1,100,387749,1,50,40,0.0048487846740601359,-0.018312914740093778,0.10026912220032291,0.97999999999999998,0.011444269665987031
full_l1,100,387749,1,50,41,0.012809222344836613,0.0086424804623832507,0.014499002104963576,0.98999999999999999,0.0064834078477906372
full_l1,100,387749,1,50,42,0.027111462443187628,-0.0077125237496449284,-0.16772978048150811,0.98999999999999999,0.0097677986329977751
full_l1,100,387749,1,50,43,0.011919527697743959,-0.0059474693530885414,0.2418625590842165,1,0.0095142737003236291
full_l1,100,387749,1,50,44,-0.017780988422971378,0.0092616834176997287,-0.25423584120605347,0.97999999999999998,0.013314030418967341
full_l1,100,387749,1,50,45,0.003953851161580868,0.0057387539257314213,0.46870400272529755,0.95999999999999996,0.012012944700338195
full_l1,100,387749,1,50,46,0.028338143236129154,0.013866137233907727,0.33830290867231261,1,0.011561342793656393
full_l1,100,387749,1,50,47,0.0095893211987096993,0.0016131273243911171,-0.13095683915531731,1,0.0063323512463065801
full_l1,100,387749,1,50,48,-0.0090903043380461401,0.0091206130735141944,0.21993136839126182,1,0.0059727358944803716
full_l1,100,387749,1,50,49,-0.024697651010698873,0.00033694409832829564,-0.067732216518530119,1,0.0082435318940986563
full_l1,100,387749,1,50,50,-0.054251616309832551,-0.0039596539632134053,0.066726666526229828,0.90000000000000002,0.016772010694031884
full_l1,100,387749,1,50,51,-0.0089784700232944381,0.013963871228257485,-0.024440262239216581,0.95999999999999996,0.0091148899739600334
full_l1,100,387749,1,50,52,0.0069583143715317153,-0.0027375115463528221,-0.28434017793549793,1,0.0092549274915091958
full_l1,100,387749,1,50,53,-0.027697170033000873,-0.017208355732038383,-0.34916024690988534,0.98999999999999999,0.013139739433369099
full_l1,100,387749,1,50,54,-0.0030743910747106362,-0.025154863411388728,-0.17196997375219403,0.97999999999999998,0.010966442317791697
full_l1,100,387749,1,50,55,-0.0088912748491958293,0.011454216813240325,-0.4452691548101213,0.96999999999999997,0.018474123001930139
full_l1,100,387749,1,50,56,0.01403307507710938,-0.012711811207123391,-0.36017959696921453,0.97999999999999998,0.010816375190126366
full_l1,100,387749,1,50,57,-0.0077631087755374306,-0.0096325236449783525,-0.245225799633638,0.98999999999999999,0.007307631707847523
full_l1,100,387749,1,50,58,0.013612861511154595,-0.0021733410736652914,0.095130729737239239,1,0.0049862659104634652
full_l1,100,387749,1,50,59,0.025649437282785126,-0.0025775578308107061,0.33730823391779219,0.98999999999999999,0.012799819018967009
full_l1,100,387749,1,50,60,-0.015042115906591658,-0.0014115398705674131,0.31039995554848199,0.97999999999999998,0.010165668597902825
full_l1,100,387749,1,50,61,0.020369149391479935,0.029283696849213836,0.28339529753234194,0.96999999999999997,0.014344882720149646
full_l1,100,387749,1,50,62,-0.0030165489040046012,-0.0052858135638098602,0.05254003764906634,1,0.0032461931968799157
full_l1,100,387749,1,100,1,-0.20833333333333331,-0.041666666666666685,0.12499999999999989,0.58000000000000007,0.048752103402800132
full_l1,100,387749,1,100,2,0.37499999999999989,0.37499999999999989,-0.29166666666666669,0.13000000000000012,0.033855937371552021
full_l1,100,387749,1,100,3,-0.041666666666666685,-0.125,-0.041666666666666685,0.57999999999999996,0.048788805475500477
full_l1,100,387749,1,100,4,0.29166666666666663,-0.20833333333333331,-0.125,0.25,0.046959502517989173
full_l1,100,387749,1,100,5,0.45833333333333326,0.45833333333333326,0.29166666666666663,0.030000000000000027,0.013546768502445692
full_l1,100,387749,1,100,6,0.04166666666666663,0.20833333333333326,-0.20833333333333331,0.59999999999999998,0.049402927418332181
full_l1,100,387749,1,100,7,0.12499999999999989,-0.375,0.20833333333333326,0.35999999999999999,0.048959775349542517
full_l1,100,387749,1,100,8,-0.45833333333333331,0.29166666666666663,0.04166666666666663,0.080000000000000071,0.031230421973824002
full_l1,100,387749,1,100,9,-0.29166666666666669,-0.29166666666666669,-0.375,0.41999999999999993,0.047998295162476952
full_l1,100,387749,1,100,10,-0.125,0.12499999999999989,-0.45833333333333331,0.60999999999999999,0.048657264318265905
full_l1,100,387749,1,100,11,0.20833333333333326,-0.45833333333333331,0.45833333333333326,0.42999999999999994,0.04978417584150413
full_l1,100,387749,1,100,12,-0.375,0.04166666666666663,0.37499999999999989,0.35000000000000009,0.04938137141417203
full_l1,100,387749,1,100,13,-0.0810160077795683,0.44003268988272493,0.44860328441463238,0.5,0.049956806111807139
full_l1,100,387749,1,100,14,-0.047210626699138558,0.43415057972826987,-0.48004420321157015,0.45999999999999996,0.049613791455863872
full_l1,100,387749,1,100,15,-0.17059936743836168,-0.49651689695100654,0.47655709822707526,0.34999999999999998,0.049133822399582194
full_l1,100,387749,1,100,16,-0.1113656448550282,-0.18977228803363411,-0.45778324087481659,0.40999999999999992,0.048198731633599431
full_l1,100,387749,1,100,17,-0.17800284569041724,0.29898221246142764,-0.21260027233335199,0.29000000000000004,0.048041190656153525
full_l1,100,387749,1,100,18,-0.0055084477146383204,0.11896530456755539,0.46368485451043817,0.81000000000000005,0.040947053069047133
full_l1,100,387749,1,100,19,0.052873650638408876,0.2945958076675339,0.49186140387824118,0.55000000000000004,0.049742289006116922
full_l1,100,387749,1,100,20,-0.03567222219182109,0.061185169564393238,0.42414315187251161,0.90000000000000002,0.026747398288033793
full_l1,100,387749,1,100,21,-0.054990606839964373,0.02585482004798223,0.42420395364299091,0.93000000000000005,0.019186228823575263
full_l1,100,387749,1,100,22,-0.034665745329720776,-0.013952333625550484,0.49634016243100865,0.97999999999999998,0.022144246908621854
full_l1,100,387749,1,100,23,0.039141362518112066,0.0033259208541711605,0.45886920815842003,1,0.016443576163960281
full_l1,100,387749,1,100,24,0.095218166343350896,-0.0014983334153395589,0.48941745815308502,0.89000000000000001,0.029068673380023145
full_l1,100,387749,1,100,25,-0.0024553224665819773,-0.031251336694566811,0.49830056976570392,0.92000000000000004,0.027805273025200705
full_l1,100,387749,1,100,26,0.031181953076830471,0.013241925148870681,0.21152157656804493,0.98999999999999999,0.01102894183382948
full_l1,100,387749,1,100,27,0.010341018935559276,0.043572267231752004,0.47606956486031393,0.98999999999999999,0.01920343985327581
full_l1,100,387749,1,100,28,0.034982307079060249,0.028556972195214581,0.44960936972346932,0.97999999999999998,0.01641727302266242
full_l1,100,387749,1,100,29,0.013428631017785131,0.0080827401338685601,0.38633228498119543,1,0.010045487371070572
full_l1,100,387749,1,100,30,-0.014932631209528147,0.010195195336159868,0.30441605062924082,1,0.0083727194509466262
full_l1,100,387749,1,100,31,0.009558941988240699,0.03990458511473971,0.043794452387930782,0.95999999999999996,0.020234770132073532
full_l1,100,387749,1,100,32,0.0041741384534157433,0.013746121735536132,0.42115510541072054,1,0.010112676888847781
full_l1,100,387749,1,100,33,0.03044529725307954,0.042884756941162561,0.26113601975158618,0.96999999999999997,0.020716301175739863
full_l1,100,387749,1,100,34,-0.012011783673109067,0.0058357707260039415,0.095631563101090666,1,0.0046614135171359232
full_l1,100,387749,1,100,35,-0.025008559891228188,-0.014162973067536333,0.22570839111379537,0.98999999999999999,0.01445677195839605
full_l1,100,387749,1,100,36,0.0086534266579683106,0.011376198049847241,0.29564687285732205,1,0.007570707385018906
full_l1,100,387749,1,100,37,0.021449335722954821,-0.0011589290126736707,-0.011249955497336872,1,0.0066189116770092402
full_l1,100,387749,1,100,38,0.071928730112425621,0.024402725196460695,-0.44916412749421419,0.89000000000000001,0.029636048088462721
full_l1,100,387749,1,100,39,-0.0057863184858470973,-0.0021189326953128251,-0.11041633881891921,1,0.0041999378817067952
full_l1,100,387749,1,100,40,0.0048487846740601359,-0.018312914740093778,0.10026912220032291,0.97999999999999998,0.011444269665987031
full_l1,100,387749,1,100,41,0.012809222344836613,0.0086424804623832507,0.014499002104963576,0.98999999999999999,0.0064834078477906372
full_l1,100,387749,1,100,42,0.027111462443187628,-0.0077125237496449284,-0.16772978048150811,0.98999999999999999,0.0097677986329977751
full_l1,100,387749,1,100,43,0.011919527697743959,-0.0059474693530885414,0.2418625590842165,1,0.0095142737003236291
full_l1,100,387749,1,100,44,-0.017780988422971378,0.0092616834176997287,-0.25423584120605347,0.97999999999999998,0.013314030418967341
full_l1,100,387749,1,100,45,0.003953851161580868,0.0057387539257314213,0.46870400272529755,0.95999999999999996,0.012012944700338195
full_l1,100,387749,1,100,46,0.028338143236129154,0.013866137233907727,0.33830290867231261,1,0.011561342793656393
full_l1,100,387749,1,100,47,0.0095893211987096993,0.0016131273243911171,-0.13095683915531731,1,0.0063323512463065801
full_l1,100,387749,1,100,48,-0.0090903043380461401,0.0091206130735141944,0.21993136839126182,1,0.0059727358944803716
full_l1,100,387749,1,100,49,-0.024697651010698873,0.00033694409832829564,-0.067732216518530119,1,0.0082435318940986563
full_l1,100,387749,1,100,50,-0.054251616309832551,-0.0039596539632134053,0.066726666526229828,0.90000000000000002,0.016772010694031884
full_l1,100,387749,1,100,51,-0.0089784700232944381,0.013963871228257485,-0.024440262239216581,0.95999999999999996,0.0091148899739600334
full_l1,100,387749,1,100,52,0.0069583143715317153,-0.0027375115463528221,-0.28434017793549793,1,0.0092549274915091958
full_l1,100,387749,1,100,53,-0.027697170033000873,-0.017208355732038383,-0.34916024690988534,0.98999999999999999,0.013139739433369099
full_l1,100,387749,1,100,54,-0.0030743910747106362,-0.025154863411388728,-0.17196997375219403,0.97999999999999998,0.010966442317791697
full_l1,100,387749,1,100,55,-0.0088912748491958293,0.011454216813240325,-0.4452691548101213,0.96999999999999997,0.018474123001930139
full_l1,100,387749,1,100,56,0.01403307507710938,-0.012711811207123391,-0.36017959696921453,0.97999999999999998,0.010816375190126366
full_l1,100,387749,1,100,57,-0.0077631087755374306,-0.0096325236449783525,-0.245225799633638,0.98999999999999999,0.007307631707847523
full_l1,100,387749,1,100,58,0.013612861511154595,-0.0021733410736652914,0.095130729737239239,1,0.0049862659104634652
full_l1,100,387749,1,100,59,0.025649437282785126,-0.0025775578308107061,0.33730823391779219,0.98999999999999999,0.012799819018967009
full_l1,100,387749,1,100,60,-0.015042115906591658,-0.0014115398705674131,0.31039995554848199,0.97999999999999998,0.010165668597902825
full_l1,100,387749,1,100,61,0.020369149391479935,0.029283696849213836,0.28339529753234194,0.96999999999999997,0.014344882720149646
full_l1,100,387749,1,100,62,-0.0030165489040046012,-0.0052858135638098602,0.05254003764906634,1,0.0032461931968799157
full_l1,100,387749,1,100,63,-0.02577021457832962,-0.020025529924143637,-0.49516543511578903,0.97999999999999998,0.015578271816883515
full_l1,100,387749,1,100,64,-0.014178556786913044,-0.0052464925417152752,-0.39157225518739924,0.98999999999999999,0.012490801563904719
full_l1,100,387749,1,100,65,0.033065465100477587,-0.0027922580976638134,0.10323200013110845,0.98999999999999999,0.010495949543914298
full_l1,100,387749,1,100,66,0.025826081749110497,0.0067779869560451456,0.25745473906097938,1,0.0095878409526254024
full_l1,100,387749,1,100,67,-0.0039366233969577724,-0.0087156322823307431,-0.022777107893924287,1,0.0039217636692010661
full_l1,100,387749,1,100,68,0.0087803812663200809,-0.0024109522122857108,0.2352662368724816,1,0.0076358296589605287
full_l1,100,387749,1,100,69,0.0096607443704872509,-0.0059647891078227211,-0.047984399592266413,1,0.0038545958311729136
full_l1,100,387749,1,100,70,-0.0029851277181394131,0.010629477768897111,0.23493475078094517,0.98999999999999999,0.0059826281296174412
full_l1,100,387749,1,100,71,0.016330683726428541,0.019366021043076831,0.41182770797091539,0.97999999999999998,0.011561183387016396
full_l1,100,387749,1,100,72,0.055670127130805769,0.055188593761424487,0.49468068010589317,0.91000000000000003,0.026369953440132245
full_l1,100,387749,1,100,73,-0.0028344521301546521,-0.011352349485969526,-0.085876326750242482,1,0.0048133803369869244
full_l1,100,387749,1,100,74,0.00050753354232169201,0.00014266555622088894,-0.1953267836796253,0.98999999999999999,0.0070761096407018298
full_l1,100,387749,1,100,75,0.00098869279108360075,-0.009004665221520769,0.13765002665325965,0.98999999999999999,0.0072681731111832433
full_l1,100,387749,1,100,76,0.016233005871538086,-0.011327820223963281,-0.0076658118861654412,0.98999999999999999,0.0073731822743753634
full_l1,100,387749,1,100,77,0.022925819488153865,0.0097284119687341963,0.29103375689547217,0.97999999999999998,0.0095319801858177473
full_l1,100,387749,1,100,78,0.022076158174347604,-0.0063122401656146021,0.15816821496097577,1,0.0093484800616791524
full_l1,100,387749,1,100,79,0.00052975892339923725,-0.00071858880073838449,0.18937136783131781,1,0.0051584268218310761
full_l1,100,387749,1,100,80,0.0070610373307469221,-0.0079597008877902997,0.31033420088827435,0.98999999999999999,0.011919611031763113
full_l1,100,387749,1,100,81,0.010724453489557195,0.0043148939083132998,0.14231554806048341,1,0.0044697837709545187
full_l1,100,387749,1,100,82,-0.0036344232325793424,0.00020406982135368068,0.15179303700428481,1,0.0038799974124517716
full_l1,100,387749,1,100,83,-0.0088943933996230573,0.0076029238068910932,0.35332081972882778,1,0.0087964154973999061
full_l1,100,387749,1,100,84,0.028192091146896692,0.00099928765721846169,0.082957839094847774,0.97999999999999998,0.0086078937167790824
full_l1,100,387749,1,100,85,0.00035708777519993795,0.020170770472504707,0.3703513938469285,1,0.010223947100480994
full_l1,100,387749,1,100,86,0.022070933713601804,-0.0038336657965787335,0.22497187338818736,0.96999999999999997,0.0099309411856274999
full_l1,100,387749,1,100,87,0.0036142452733638475,-0.00055880804471808432,0.11103238934826765,1,0.0028893413035600436
full_l1,100,387749,1,100,88,-0.0068870141829056042,-0.0031334097057111876,0.21108973913567608,1,0.0070138169200551718
full_l1,100,387749,1,100,89,-0.0039834676799470614,-0.015306636595783907,-0.46964754803806641,1,0.012726991698649699
full_l1,100,387749,1,100,90,0.0061813208300851574,-0.020037606145850484,-0.49605153448502115,0.98999999999999999,0.013484319219164329
full_l1,100,387749,1,100,91,-0.018648611454413988,-0.0059488627917838599,-0.068127139523568303,1,0.0063879786736783881
full_l1,100,387749,1,100,92,0.49074569816320901,-0.49196409006223263,-0.46349900019997481,0.050000000000000044,0.022542296526610786
full_l1,100,387749,1,100,93,-0.48926133103014946,-0.49230586513123664,-0.3873011403733666,0.40000000000000002,0.048334283970100977
full_l1,100,387749,1,100,94,0.018570620776124036,-0.0047411446559388892,-0.080684265127275445,1,0.0063450885044688187
full_l1,100,387749,1,100,95,-0.010011227999790817,0.017981461081936212,0.3101028188643451,0.97999999999999998,0.0093094349692096328
full_l1,100,387749,1,100,96,0.0030078621782232418,0.0022397898067074706,-0.48738912650696609,0.95999999999999996,0.016523656117459512
full_l1,100,387749,1,100,97,-0.0017491965527753894,-0.020649091291410793,-0.36717955578952433,0.98999999999999999,0.010645871346282426
full_l1,100,387749,1,100,98,-0.0060803917768041948,-0.0068808757889762262,-0.12686375221528534,1,0.0043389615803943668
full_l1,100,387749,1,100,99,-0.010777833501631084,-0.0063145606764878348,-0.33684855943896741,0.96999999999999997,0.010393814590538552
full_l1,100,387749,1,100,100,-0.0046495243808322151,-0.036896044556449237,-0.47454216218859591,0.94999999999999996,0.016186134052098042
full_l1,100,387749,1,100,101,-0.0044852780487261157,0.0055290904265554719,0.18311890959064292,1,0.0043214451716387034
full_l1,100,387749,1,100,102,0.01449118780036196,0.012790353445205183,0.20323831966003381,0.98999999999999999,0.007523758051334868
full_l1,100,387749,1,100,103,-0.011724208273148351,-0.0058705577980961987,-0.047739903832302977,1,0.004354642332464337
full_l1,100,387749,1,100,104,0.0024740520868062887,0.0051823479315755705,0.152388236651533,1,0.0035098779029813028
full_l1,100,387749,1,100,105,-0.00675103873901306,-0.0041429967275752322,0.27301964551250979,1,0.0092153391414127907
full_l1,100,387749,1,100,106,-0.00078265249128950387,0.0037939773649808828,0.096421363023649675,1,0.0022299730754041778
full_l1,100,387749,1,100,107,0.0095383472180208262,-0.015375815215142641,-0.095946799209682743,1,0.0072824410106678457
full_l1,100,387749,1,100,108,0.019151452450215212,-0.0011007434005780858,0.10606600477855466,0.98999999999999999,0.0063961761058112373
full_l1,100,387749,1,100,109,0.050745485548592928,-0.0029602727643882609,-0.15923844517565033,0.97999999999999998,0.016133595491705163
full_l1,100,387749,1,100,110,-0.0024492955920527582,0.0087497988611102695,0.3152339517435756,0.98999999999999999,0.0074105515874137527
full_l1,100,387749,1,100,111,-0.011032149266241964,0.0010011887588097235,0.081123685598655459,1,0.0036724688910455571
full_l1,100,387749,1,100,112,0.0082243446102292506,-0.010254804310741328,-0.14471284520166061,1,0.0054792633310337732
full_l1,100,61646,2,10,1,-0.125,-0.375,-0.041666666666666685,0.34999999999999998,0.04864842444099745
full_l1,100,61646,2,10,2,0.37499999999999989,-0.45833333333333331,-0.125,0.32000000000000006,0.044294315329460703
full_l1,100,61646,2,10,3,-0.041666666666666685,-0.125,0.37499999999999989,0.43999999999999995,0.049999043132428173
full_l1,100,61646,2,10,4,-0.45833333333333331,0.04166666666666663,-0.45833333333333331,0.34999999999999998,0.047690916177608199
full_l1,100,61646,2,10,5,-0.20833333333333331,0.12499999999999989,0.04166666666666663,0.56000000000000005,0.049564001786348622
full_l1,100,61646,2,10,6,-0.375,0.29166666666666663,-0.375,0.080000000000000071,0.032815324265738147
full_l1,100,61646,2,10,7,-0.29166666666666669,0.45833333333333326,0.20833333333333326,0.29000000000000004,0.043315716778535567
full_l1,100,61646,2,10,8,0.20833333333333326,0.20833333333333326,-0.29166666666666669,0.48999999999999999,0.049885350431775707
full_l1,100,61646,2,10,9,0.04166666666666663,-0.29166666666666669,0.45833333333333326,0.31000000000000005,0.047879650561600699
full_l1,100,61646,2,10,10,0.12499999999999989,0.37499999999999989,0.12499999999999989,0.5,0.049992004023339864
full_l1,100,61646,2,10,11,0.45833333333333326,-0.041666666666666685,0.29166666666666663,0.16000000000000003,0.040535496642128153
full_l1,100,61646,2,10,12,0.29166666666666663,-0.20833333333333331,-0.20833333333333331,0.26000000000000001,0.046615902163909942
full_l1,100,61646,2,10,13,-0.15944608741383925,0.070316321396275638,-0.078499616316846543,0.73999999999999999,0.044258895790134048
full_l1,100,61646,2,10,14,-0.13056274285684255,0.098155730644118311,0.38110141091316874,0.76000000000000001,0.04267179654496444
full_l1,100,61646,2,10,15,-0.13586415316298317,0.16808941568818558,-0.32492736706598313,0.55000000000000004,0.049898248697171035
full_l1,100,61646,2,10,16,-0.1223059029434781,-0.011114237655777792,0.29903212793476097,0.88,0.035870753064514489
full_l1,100,61646,2,10,17,-0.14625018999180339,-0.064086068310607924,0.29736793073762535,0.67000000000000004,0.047801965299669555
full_l1,100,61646,2,10,18,-0.10191229772068189,0.03354819266626885,-0.12537771390522723,0.90000000000000002,0.032502895821397669
full_l1,100,61646,2,10,19,-0.091000073661908099,-0.010183187154844342,0.43009162177277149,0.84999999999999998,0.030301912421873155
full_l1,100,61646,2,10,20,-0.10886096812708601,-0.016816313260817006,-0.37671579710300662,0.81999999999999995,0.033270313905072256
full_l1,100,61646,2,10,21,-0.062521474407437827,0.10801501500402977,0.079524014540013344,0.77000000000000002,0.042079077518751215
full_l1,100,61646,2,10,22,-0.042505933169625143,0.026994478181928239,0.026760292667159735,0.94999999999999996,0.018423801237605786
full_l1,100,61646,2,30,1,-0.125,-0.375,-0.041666666666666685,0.34999999999999998,0.04864842444099745
full_l1,100,61646,2,30,2,0.37499999999999989,-0.45833333333333331,-0.125,0.32000000000000006,0.044294315329460703
full_l1,100,61646,2,30,3,-0.041666666666666685,-0.125,0.37499999999999989,0.43999999999999995,0.049999043132428173
full_l1,100,61646,2,30,4,-0.45833333333333331,0.04166666666666663,-0.45833333333333331,0.34999999999999998,0.047690916177608199
full_l1,100,61646,2,30,5,-0.20833333333333331,0.12499999999999989,0.04166666666666663,0.56000000000000005,0.049564001786348622
full_l1,100,61646,2,30,6,-0.375,0.29166666666666663,-0.375,0.080000000000000071,0.032815324265738147
full_l1,100,61646,2,30,7,-0.29166666666666669,0.45833333333333326,0.20833333333333326,0.29000000000000004,0.043315716778535567
full_l1,100,61646,2,30,8,0.20833333333333326,0.20833333333333326,-0.29166666666666669,0.48999999999999999,0.049885350431775707
full_l1,100,61646,2,30,9,0.04166666666666663,-0.29166666666666669,0.45833333333333326,0.31000000000000005,0.047879650561600699
full_l1,100,61646,2,30,10,0.12499999999999989,0.37499999999999989,0.12499999999999989,0.5,0.049992004023339864
full_l1,100,61646,2,30,11,0.45833333333333326,-0.041666666666666685,0.29166666666666663,0.16000000000000003,0.040535496642128153
full_l1,100,61646,2,30,12,0.29166666666666663,-0.20833333333333331,-0.20833333333333331,0.26000000000000001,0.046615902163909942
full_l1,100,61646,2,30,13,-0.15944608741383925,0.070316321396275638,-0.078499616316846543,0.73999999999999999,0.044258895790134048
full_l1,100,61646,2,30,14,-0.13056274285684255,0.098155730644118311,0.38110141091316874,0.76000000000000001,0.04267179654496444
full_l1,100,61646,2,30,15,-0.13586415316298317,0.16808941568818558,-0.32492736706598313,0.55000000000000004,0.049898248697171035
full_l1,100,61646,2,30,16,-0.1223059029434781,-0.011114237655777792,0.29903212793476097,0.88,0.035870753064514489
full_l1,100,61646,2,30,17,-0.14625018999180339,-0.064086068310607924,0.29736793073762535,0.67000000000000004,0.047801965299669555
full_l1,100,61646,2,30,18,-0.10191229772068189,0.03354819266626885,-0.12537771390522723,0.90000000000000002,0.032502895821397669
full_l1,100,61646,2,30,19,-0.091000073661908099,-0.010183187154844342,0.43009162177277149,0.84999999999999998,0.030301912421873155
full_l1,100,61646,2,30,20,-0.10886096812708601,-0.016816313260817006,-0.37671579710300662,0.81999999999999995,0.033270313905072256
full_l1,100,61646,2,30,21,-0.062521474407437827,0.10801501500402977,0.079524014540013344,0.77000000000000002,0.042079077518751215
full_l1,100,61646,2,30,22,-0.042505933169625143,0.026994478181928239,0.026760292667159735,0.94999999999999996,0.018423801237605786
full_l1,100,61646,2,30,23,0.0081115930272626091,0.039878994419126235,-0.34930954868110664,0.94999999999999996,0.026653695767181854
full_l1,100,61646,2,30,24,0.046779084685460326,0.00088392278083038178,-0.49217534252726103,0.92000000000000004,0.021284232304549677
full_l1,100,61646,2,30,25,-0.01747625243740214,0.0072312321260130652,-0.23566430116076487,1,0.012081486979642881
full_l1,100,61646,2,30,26,-0.022066108968969544,0.01390245240960053,-0.49682487676740927,0.96999999999999997,0.021445704330916967
full_l1,100,61646,2,30,27,0.013933540827037572,-0.0035506635818416399,-0.21731976804957553,0.97999999999999998,0.0080185925016750086
full_l1,100,61646,2,30,28,0.49603383377560695,0.4956749588885494,0.22072233809017305,0,0.0047206058797704962
full_l1,100,61646,2,30,29,0.0016619468113341362,0.011797336660270163,-0.28092732261722242,0.98999999999999999,0.013990560446893353
full_l1,100,61646,2,30,30,-0.4879058749818137,-0.49061374528086321,-0.13417315526167939,0.35999999999999999,0.047501779506070964
full_l1,100,61646,2,30,31,-0.031162871763920741,-0.0040063805456500567,-0.17772209040528475,0.97999999999999998,0.011123410679240843
full_l1,100,61646,2,30,32,-0.015589355262742632,-0.004745066161019329,-0.43020512100992048,0.96999999999999997,0.013828016559212324
full_l1,100,61646,2,30,33,-0.019228709507093544,0.018631013963157805,-0.1526777427670778,0.96999999999999997,0.014798852311120566
full_l1,100,61646,2,30,34,-0.0391098183129861,0.0024514271145237299,-0.33685006588972843,0.98999999999999999,0.01692220648308598
full_l1,100,61646,2,30,35,-0.018467580747034029,0.003002414684962762,-0.26865427211202353,0.97999999999999998,0.011699841272111686
full_l1,100,61646,2,30,36,-0.0097838302331387794,0.013034535473563924,-0.34526557524530443,0.97999999999999998,0.016430044732940734
full_l1,100,61646,2,30,37,0.044478407781547435,0.0081367302360835225,-0.14792632046678245,0.98999999999999999,0.015749599347342356
full_l1,100,61646,2,30,38,0.048907054007807149,0.0085767528195606069,0.057883509314585746,0.97999999999999998,0.014899778659142233
full_l1,100,61646,2,30,39,0.054120280612611316,0.054214750296552872,0.41519800395950779,0.96999999999999997,0.02611873353366239
full_l1,100,61646,2,30,40,0.097538460551646944,0.055991606537591831,0.087861725152007519,0.88,0.03352731400950857
full_l1,100,61646,2,30,41,0.020819633189129938,0.028119551082830263,0.42833957830503344,0.97999999999999998,0.014391088309680108
full_l1,100,61646,2,30,42,-0.0043921931997943364,0.055183243035375584,0.39433068363987478,0.93999999999999995,0.02355324211583645
full_l1,100,61646,2,50,1,-0.125,-0.375,-0.041666666666666685,0.34999999999999998,0.04864842444099745
full_l1,100,61646,2,50,2,0.37499999999999989,-0.45833333333333331,-0.125,0.32000000000000006,0.044294315329460703
full_l1,100,61646,2,50,3,-0.041666666666666685,-0.125,0.37499999999999989,0.43999999999999995,0.049999043132428173
full_l1,100,61646,2,50,4,-0.45833333333333331,0.04166666666666663,-0.45833333333333331,0.34999999999999998,0.047690916177608199
full_l1,100,61646,2,50,5,-0.20833333333333331,0.12499999999999989,0.04166666666666663,0.56000000000000005,0.049564001786348622
full_l1,100,61646,2,50,6,-0.375,0.29166666666666663,-0.375,0.080000000000000071,0.032815324265738147
full_l1,100,61646,2,50,7,-0.29166666666666669,0.45833333333333326,0.20833333333333326,0.29000000000000004,0.043315716778535567
full_l1,100,61646,2,50,8,0.20833333333333326,0.20833333333333326,-0.29166666666666669,0.48999999999999999,0.049885350431775707
full_l1,100,61646,2,50,9,0.04166666666666663,-0.29166666666666669,0.45833333333333326,0.31000000000000005,0.047879650561600699
full_l1,100,61646,2,50,10,0.12499999999999989,0.37499999999999989,0.12499999999999989,0.5,0.049992004023339864
full_l1,100,61646,2,50,11,0.45833333333333326,-0.041666666666666685,0.29166666666666663,0.16000000000000003,0.040535496642128153
full_l1,100,61646,2,50,12,0.29166666666666663,-0.20833333333333331,-0.20833333333333331,0.26000000000000001,0.046615902163909942
full_l1,100,61646,2,50,13,-0.15944608741383925,0.070316321396275638,-0.078499616316846543,0.73999999999999999,0.044258895790134048
full_l1,100,61646,2,50,14,-0.13056274285684255,0.098155730644118311,0.38110141091316874,0.76000000000000001,0.04267179654496444
full_l1,100,61646,2,50,15,-0.13586415316298317,0.16808941568818558,-0.32492736706598313,0.55000000000000004,0.049898248697171035
full_l1,100,61646,2,50,16,-0.1223059029434781,-0.011114237655777792,0.29903212793476097,0.88,0.035870753064514489
full_l1,100,61646,2,50,17,-0.14625018999180339,-0.064086068310607924,0.29736793073762535,0.67000000000000004,0.047801965299669555
full_l1,100,61646,2,50,18,-0.10191229772068189,0.03354819266626885,-0.12537771390522723,0.90000000000000002,0.032502895821397669
full_l1,100,61646,2,50,19,-0.091000073661908099,-0.010183187154844342,0.43009162177277149,0.84999999999999998,0.030301912421873155
full_l1,100,61646,2,50,20,-0.10886096812708601,-0.016816313260817006,-0.37671579710300662,0.81999999999999995,0.033270313905072256
full_l1,100,61646,2,50,21,-0.062521474407437827,0.10801501500402977,0.079524014540013344,0.77000000000000002,0.042079077518751215
full_l1,100,61646,2,50,22,-0.042505933169625143,0.026994478181928239,0.026760292667159735,0.94999999999999996,0.018423801237605786
full_l1,100,61646,2,50,23,0.0081115930272626091,0.039878994419126235,-0.34930954868110664,0.94999999999999996,0.026653695767181854
full_l1,100,61646,2,50,24,0.046779084685460326,0.00088392278083038178,-0.49217534252726103,0.92000000000000004,0.021284232304549677
full_l1,100,61646,2,50,25,-0.01747625243740214,0.0072312321260130652,-0.23566430116076487,1,0.012081486979642881
full_l1,100,61646,2,50,26,-0.022066108968969544,0.01390245240960053,-0.49682487676740927,0.96999999999999997,0.021445704330916967
full_l1,100,61646,2,50,27,0.013933540827037572,-0.0035506635818416399,-0.21731976804957553,0.97999999999999998,0.0080185925016750086
full_l1,100,61646,2,50,28,0.49603383377560695,0.4956749588885494,0.22072233809017305,0,0.0047206058797704962
full_l1,100,61646,2,50,29,0.0016619468113341362,0.011797336660270163,-0.28092732261722242,0.98999999999999999,0.013990560446893353
full_l1,100,61646,2,50,30,-0.4879058749818137,-0.49061374528086321,-0.13417315526167939,0.35999999999999999,0.047501779506070964
full_l1,100,61646,2,50,31,-0.031162871763920741,-0.0040063805456500567,-0.17772209040528475,0.97999999999999998,0.011123410679240843
full_l1,100,61646,2,50,32,-0.015589355262742632,-0.004745066161019329,-0.43020512100992048,0.96999999999999997,0.013828016559212324
full_l1,100,61646,2,50,33,-0.019228709507093544,0.018631013963157805,-0.1526777427670778,0.96999999999999997,0.014798852311120566
full_l1,100,61646,2,50,34,-0.0391098183129861,0.0024514271145237299,-0.33685006588972843,0.98999999999999999,0.01692220648308598
full_l1,100,61646,2,50,35,-0.018467580747034029,0.003002414684962762,-0.26865427211202353,0.97999999999999998,0.011699841272111686
full_l1,100,61646,2,50,36,-0.0097838302331387794,0.013034535473563924,-0.34526557524530443,0.97999999999999998,0.016430044732940734
full_l1,100,61646,2,50,37,0.044478407781547435,0.0081367302360835225,-0.14792632046678245,0.98999999999999999,0.015749599347342356
full_l1,100,61646,2,50,38,0.048907054007807149,0.0085767528195606069,0.057883509314585746,0.97999999999999998,0.014899778659142233
full_l1,100,61646,2,50,39,0.054120280612611316,0.054214750296552872,0.41519800395950779,0.96999999999999997,0.02611873353366239
full_l1,100,61646,2,50,40,0.097538460551646944,0.055991606537591831,0.087861725152007519,0.88,0.03352731400950857
full_l1,100,61646,2,50,41,0.020819633189129938,0.028119551082830263,0.42833957830503344,0.97999999999999998,0.014391088309680108
full_l1,100,61646,2,50,42,-0.0043921931997943364,0.055183243035375584,0.39433068363987478,0.93999999999999995,0.02355324211583645
full_l1,100,61646,2,50,43,0.080238660183986177,0.01253912593122597,0.44786971718616919,0.90000000000000002,0.023831649595691472
full_l1,100,61646,2,50,44,0.012083150332606207,0.0027210789753644438,0.18651760370602033,0.98999999999999999,0.0055928232420912796
full_l1,100,61646,2,50,45,0.021479806070184626,0.037962785031946611,0.14301256175131716,0.97999999999999998,0.018914075096715586
full_l1,100,61646,2,50,46,0.020786743417615217,0.0057411588691986815,0.02402535948950435,0.98999999999999999,0.0071464479523830563
full_l1,100,61646,2,50,47,-7.7976474761598524e-06,0.031184363809391824,0.2046137313203793,0.98999999999999999,0.014401240649477494
full_l1,100,61646,2,50,48,0.0018860752161466987,0.01383612562877623,0.22619593774625701,1,0.0067907733693237894
full_l1,100,61646,2,50,49,0.002448261812814545,0.012674660994312692,0.31576592574425244,0.96999999999999997,0.0077500286184272555
full_l1,100,61646,2,50,50,0.032035686870711011,0.013109472635950636,0.18222461375082766,0.98999999999999999,0.011130520373352958
full_l1,100,61646,2,50,51,0.01685254418255,0.025452561828936959,0.16199115390151264,0.98999999999999999,0.012926401141246957
full_l1,100,61646,2,50,52,-0.014997639176398847,0.0032102348669746927,0.17751149277036782,0.98999999999999999,0.0059992052030508891
full_l1,100,61646,2,50,53,0.0099981393289954035,0.015499633762762421,0.14859801953103657,1,0.0078907884964366532
full_l1,100,61646,2,50,54,0.022077121350357887,0.026897075376638657,0.24518987040534568,0.96999999999999997,0.013686783819383111
full_l1,100,61646,2,50,55,0.014409501629453869,0.021505458063856286,0.07327385037831835,0.97999999999999998,0.01175658585525568
full_l1,100,61646,2,50,56,0.034655392609876268,-0.0039608098179726436,-0.069673007674903253,1,0.010861897285044875
full_l1,100,61646,2,50,57,0.00033215358471228029,-0.0031282051374048603,-0.094714029299249214,1,0.0031329226523183567
full_l1,100,61646,2,50,58,-0.011010765853523008,-0.0072979583312244856,0.04893036676043705,1,0.0053523152485731107
full_l1,100,61646,2,50,59,-0.001511758550412523,-0.0046882217357244738,0.075502479836339065,1,0.0034104260299010545
full_l1,100,61646,2,50,60,-0.017028364923781458,0.0057843246008164595,0.062044573942964254,0.98999999999999999,0.0059518571502754801
full_l1,100,61646,2,50,61,-0.012741773584974414,-0.018076265433387029,-0.013472476185587334,0.98999999999999999,0.0097658525905050912
full_l1,100,61646,2,50,62,0.018066529314086921,-0.014315224079361588,-0.054638250772258923,1,0.0085665270086750529
full_l1,100,61646,2,100,1,-0.125,-0.375,-0.041666666666666685,0.34999999999999998,0.04864842444099745
full_l1,100,61646,2,100,2,0.37499999999999989,-0.45833333333333331,-0.125,0.32000000000000006,0.044294315329460703
full_l1,100,61646,2,100,3,-0.041666666666666685,-0.125,0.37499999999999989,0.43999999999999995,0.049999043132428173
full_l1,100,61646,2,100,4,-0.45833333333333331,0.04166666666666663,-0.45833333333333331,0.34999999999999998,0.047690916177608199
full_l1,100,61646,2,100,5,-0.20833333333333331,0.12499999999999989,0.04166666666666663,0.56000000000000005,0.049564001786348622
full_l1,100,61646,2,100,6,-0.375,0.29166666666666663,-0.375,0.080000000000000071,0.032815324265738147
full_l1,100,61646,2,100,7,-0.29166666666666669,0.45833333333333326,0.20833333333333326,0.29000000000000004,0.043315716778535567
full_l1,100,61646,2,100,8,0.20833333333333326,0.20833333333333326,-0.29166666666666669,0.48999999999999999,0.049885350431775707
full_l1,100,61646,2,100,9,0.04166666666666663,-0.29166666666666669,0.45833333333333326,0.31000000000000005,0.047879650561600699
full_l1,100,61646,2,100,10,0.12499999999999989,0.37499999999999989,0.12499999999999989,0.5,0.049992004023339864
full_l1,100,61646,2,100,11,0.45833333333333326,-0.041666666666666685,0.29166666666666663,0.16000000000000003,0.040535496642128153
full_l1,100,61646,2,100,12,0.29166666666666663,-0.20833333333333331,-0.20833333333333331,0.26000000000000001,0.046615902163909942
full_l1,100,61646,2,100,13,-0.15944608741383925,0.070316321396275638,-0.078499616316846543,0.73999999999999999,0.044258895790134048
full_l1,100,61646,2,100,14,-0.13056274285684255,0.098155730644118311,0.38110141091316874,0.76000000000000001,0.04267179654496444
full_l1,100,61646,2,100,15,-0.13586415316298317,0.16808941568818558,-0.32492736706598313,0.55000000000000004,0.049898248697171035
full_l1,100,61646,2,100,16,-0.1223059029434781,-0.011114237655777792,0.29903212793476097,0.88,0.035870753064514489
full_l1,100,61646,2,100,17,-0.14625018999180339,-0.064086068310607924,0.29736793073762535,0.67000000000000004,0.047801965299669555
full_l1,100,61646,2,100,18,-0.10191229772068189,0.03354819266626885,-0.12537771390522723,0.90000000000000002,0.032502895821397669
full_l1,100,61646,2,100,19,-0.091000073661908099,-0.010183187154844342,0.43009162177277149,0.84999999999999998,0.030301912421873155
full_l1,100,61646,2,100,20,-0.10886096812708601,-0.016816313260817006,-0.37671579710300662,0.81999999999999995,0.033270313905072256
full_l1,100,61646,2,100,21,-0.062521474407437827,0.10801501500402977,0.079524014540013344,0.77000000000000002,0.042079077518751215
full_l1,100,61646,2,100,22,-0.042505933169625143,0.026994478181928239,0.026760292667159735,0.94999999999999996,0.018423801237605786
full_l1,100,61646,2,100,23,0.0081115930272626091,0.039878994419126235,-0.34930954868110664,0.94999999999999996,0.026653695767181854
full_l1,100,61646,2,100,24,0.046779084685460326,0.00088392278083038178,-0.49217534252726103,0.92000000000000004,0.021284232304549677
full_l1,100,61646,2,100,25,-0.01747625243740214,0.0072312321260130652,-0.23566430116076487,1,0.012081486979642881
full_l1,100,61646,2,100,26,-0.022066108968969544,0.01390245240960053,-0.49682487676740927,0.96999999999999997,0.021445704330916967
full_l1,100,61646,2,100,27,0.013933540827037572,-0.0035506635818416399,-0.21731976804957553,0.97999999999999998,0.0080185925016750086
full_l1,100,61646,2,100,28,0.49603383377560695,0.4956749588885494,0.22072233809017305,0,0.0047206058797704962
full_l1,100,61646,2,100,29,0.0016619468113341362,0.011797336660270163,-0.28092732261722242,0.98999999999999999,0.013990560446893353
full_l1,100,61646,2,100,30,-0.4879058749818137,-0.49061374528086321,-0.13417315526167939,0.35999999999999999,0.047501779506070964
full_l1,100,61646,2,100,31,-0.031162871763920741,-0.0040063805456500567,-0.17772209040528475,0.97999999999999998,0.011123410679240843
full_l1,100,61646,2,100,32,-0.015589355262742632,-0.004745066161019329,-0.43020512100992048,0.96999999999999997,0.013828016559212324
full_l1,100,61646,2,100,33,-0.019228709507093544,0.018631013963157805,-0.1526777427670778,0.96999999999999997,0.014798852311120566
full_l1,100,61646,2,100,34,-0.0391098183129861,0.0024514271145237299,-0.33685006588972843,0.98999999999999999,0.01692220648308598
full_l1,100,61646,2,100,35,-0.018467580747034029,0.003002414684962762,-0.26865427211202353,0.97999999999999998,0.011699841272111686
full_l1,100,61646,2,100,36,-0.0097838302331387794,0.013034535473563924,-0.34526557524530443,0.97999999999999998,0.016430044732940734
full_l1,100,61646,2,100,37,0.044478407781547435,0.0081367302360835225,-0.14792632046678245,0.98999999999999999,0.015749599347342356
full_l1,100,61646,2,100,38,0.048907054007807149,0.0085767528195606069,0.057883509314585746,0.97999999999999998,0.014899778659142233
full_l1,100,61646,2,100,39,0.054120280612611316,0.054214750296552872,0.41519800395950779,0.96999999999999997,0.02611873353366239
full_l1,100,61646,2,100,40,0.097538460551646944,0.055991606537591831,0.087861725152007519,0.88,0.03352731400950857
full_l1,100,61646,2,100,41,0.020819633189129938,0.028119551082830263,0.42833957830503344,0.97999999999999998,0.014391088309680108
full_l1,100,61646,2,100,42,-0.0043921931997943364,0.055183243035375584,0.39433068363987478,0.93999999999999995,0.02355324211583645
full_l1,100,61646,2,100,43,0.080238660183986177,0.01253912593122597,0.44786971718616919,0.90000000000000002,0.023831649595691472
full_l1,100,61646,2,100,44,0.012083150332606207,0.0027210789753644438,0.18651760370602033,0.98999999999999999,0.0055928232420912796
full_l1,100,61646,2,100,45,0.021479806070184626,0.037962785031946611,0.14301256175131716,0.97999999999999998,0.018914075096715586
full_l1,100,61646,2,100,46,0.020786743417615217,0.0057411588691986815,0.02402535948950435,0.98999999999999999,0.0071464479523830563
full_l1,100,61646,2,100,47,-7.7976474761598524e-06,0.031184363809391824,0.2046137313203793,0.98999999999999999,0.014401240649477494
full_l1,100,61646,2,100,48,0.0018860752161466987,0.01383612562877623,0.22619593774625701,1,0.0067907733693237894
full_l1,100,61646,2,100,49,0.002448261812814545,0.012674660994312692,0.31576592574425244,0.96999999999999997,0.0077500286184272555
full_l1,100,61646,2,100,50,0.032035686870711011,0.013109472635950636,0.18222461375082766,0.98999999999999999,0.011130520373352958
full_l1,100,61646,2,100,51,0.01685254418255,0.025452561828936959,0.16199115390151264,0.98999999999999999,0.012926401141246957
full_l1,100,61646,2,100,52,-0.014997639176398847,0.0032102348669746927,0.17751149277036782,0.98999999999999999,0.0059992052030508891
full_l1,100,61646,2,100,53,0.0099981393289954035,0.015499633762762421,0.14859801953103657,1,0.0078907884964366532
full_l1,100,61646,2,100,54,0.022077121350357887,0.026897075376638657,0.24518987040534568,0.96999999999999997,0.013686783819383111
full_l1,100,61646,2,100,55,0.014409501629453869,0.021505458063856286,0.07327385037831835,0.97999999999999998,0.01175658585525568
full_l1,100,61646,2,100,56,0.034655392609876268,-0.0039608098179726436,-0.069673007674903253,1,0.010861897285044875
full_l1,100,61646,2,100,57,0.00033215358471228029,-0.0031282051374048603,-0.094714029299249214,1,0.0031329226523183567
full_l1,100,61646,2,100,58,-0.011010765853523008,-0.0072979583312244856,0.04893036676043705,1,0.0053523152485731107
full_l1,100,61646,2,100,59,-0.001511758550412523,-0.0046882217357244738,0.075502479836339065,1,0.0034104260299010545
full_l1,100,61646,2,100,60,-0.017028364923781458,0.0057843246008164595,0.062044573942964254,0.98999999999999999,0.0059518571502754801
full_l1,100,61646,2,100,61,-0.012741773584974414,-0.018076265433387029,-0.013472476185587334,0.98999999999999999,0.0097658525905050912
full_l1,100,61646,2,100,62,0.018066529314086921,-0.014315224079361588,-0.054638250772258923,1,0.0085665270086750529
full_l1,100,61646,2,100,63,0.0046848042779072951,-0.0021457210529463033,0.0044461664121691058,1,0.0015785758689833283
full_l1,100,61646,2,100,64,-0.020995778295044953,0.019428582975541397,0.14169603404908471,1,0.010971050792411287
full_l1,100,61646,2,100,65,0.02887577099774008,-0.0058973705250171538,-0.017356187171406079,0.97999999999999998,0.0091858032377746465
full_l1,100,61646,2,100,66,-0.0058376995306348434,-0.016582434152570658,-0.048312931191669017,1,0.007827596239748125
full_l1,100,61646,2,100,67,0.0065953243976635267,-0.015220112044602274,-0.11793578374098312,0.98999999999999999,0.0068070209724105102
full_l1,100,61646,2,100,68,0.0020651457832794318,0.013383039528040763,0.11933880668627506,1,0.0064799832634741521
full_l1,100,61646,2,100,69,-0.020492665899205731,0.0068003232297904059,0.12520990941993637,1,0.0070336006823390066
full_l1,100,61646,2,100,70,-0.026021853617407498,0.026151450646592966,0.20070861065832668,0.95999999999999996,0.013973426474090897
full_l1,100,61646,2,100,71,-0.0024096455196345179,0.00034252498937248355,-0.011732171784974099,1,0.0016882362788926907
full_l1,100,61646,2,100,72,-0.01379353777598058,-0.0048244233055492192,-0.016889533806707879,1,0.0046578376559834756
full_l1,100,61646,2,100,73,0.011957921557234075,-0.0057605358626722225,0.032906324274263321,1,0.004724878843988047
full_l1,100,61646,2,100,74,0.018263211984757444,-0.0079863180055190774,-0.088121545576988369,0.98999999999999999,0.0066735825925305445
full_l1,100,61646,2,100,75,0.0074546367334245023,-0.0089188930218768725,0.048094446594030948,1,0.0055145063245772641
full_l1,100,61646,2,100,76,-0.0062917010303382703,-0.0081865297550780536,0.012425254045628664,0.98999999999999999,0.0043610413303579454
full_l1,100,61646,2,100,77,-0.0078680627185765406,0.0052647844175521818,0.07284425748708423,1,0.0036019937935508361
full_l1,100,61646,2,100,78,0.020823165987888359,-0.0020043262482589697,-0.0041018714362319741,0.98999999999999999,0.0064117468421856106
full_l1,100,61646,2,100,79,-0.0060340095646707059,0.0033176728985637727,0.092969826119560395,1,0.0027333584849497392
full_l1,100,61646,2,100,80,0.0068867921617277172,0.0089384200960551663,0.071623988462316435,1,0.0050251069616164363
full_l1,100,61646,2,100,81,0.012942162459889106,-0.00084106207678114053,0.052289755399795412,1,0.004056738255043383
full_l1,100,61646,2,100,82,0.016809624064178186,0.0088699548783581772,-0.17281486600006279,0.95999999999999996,0.011038262895535993
full_l1,100,61646,2,100,83,-0.016576726771611483,-0.0025940758166478339,-0.10195208852837156,0.98999999999999999,0.0061873489578475049
full_l1,100,61646,2,100,84,-0.019528796110478419,-0.0031078477330412912,0.017039055420458249,1,0.0061534848428450696
full_l1,100,61646,2,100,85,-0.00094872938465662138,0.0040057259931673972,0.11072601586328212,1,0.0024865213628360999
full_l1,100,61646,2,100,86,-0.0019577049372501154,0.014862192919478989,0.20165649321294588,1,0.0070315839321204374
full_l1,100,61646,2,100,87,-0.009416841281977284,-0.016610145791967845,-0.013625654802781551,1,0.0086295363165712832
full_l1,100,61646,2,100,88,0.0013637244842832352,0.0093056163922471402,0.17048329194357059,1,0.0047580520748034382
full_l1,100,61646,2,100,89,0.014352586342869067,0.0087489949573060777,0.12575874673599174,1,0.0060276481518888991
full_l1,100,61646,2,100,90,-0.011645980955273361,-0.0091356149180392698,-0.016754785442056663,0.98999999999999999,0.0054126090738833531
full_l1,100,61646,2,100,91,0.013200098561697349,0.012854036527655488,0.14973893054831078,0.98999999999999999,0.0072199321451214575
full_l1,100,61646,2,100,92,-0.013488381128709648,-0.016313867651440273,-0.098201373405344183,1,0.008208619492489428
full_l1,100,61646,2,100,93,0.0066362542552138581,-0.0052946430351055174,0.12182893342430789,1,0.0053715407373155794
full_l1,100,61646,2,100,94,0.053652478085738586,0.098655330170508648,0.49968278073626204,0.76000000000000001,0.037142172194433297
full_l1,100,61646,2,100,95,0.016436472657099799,-0.021902814443293783,-0.16289793667735131,0.97999999999999998,0.010870864472841262
full_l1,100,61646,2,100,96,-0.011735185631807532,-0.0042542447136886263,-0.071870220372719729,1,0.004395683940500693
full_l1,100,61646,2,100,97,0.003032354666454129,-0.0015261170456599693,0.030399739588039765,1,0.0010946946857242977
full_l1,100,61646,2,100,98,0.010301926136635497,0.017561484136064065,0.14491478233814337,1,0.0088602429011808009
full_l1,100,61646,2,100,99,0.0058070581143543354,-0.019635361508588689,-0.00092535667802429167,0.98999999999999999,0.010193989311619292
full_l1,100,61646,2,100,100,-0.0045196148701485139,0.012439841391063799,0.15526965443843688,1,0.0060363994891566098
full_l1,100,61646,2,100,101,0.0066820299166685526,0.010648473349999632,0.14286297941486037,1,0.0054875791352526045
full_l1,100,61646,2,100,102,0.01122173128956061,-0.0079292481626225264,-0.064114217023693687,1,0.0047878101538955994
full_l1,100,61646,2,100,103,-0.00077458023617538174,-0.0065495539615267884,-0.059555693098617635,1,0.0027129626929075661
full_l1,100,61646,2,100,104,0.0089872122616803107,0.0078918643196106419,0.10600079534452989,1,0.004720387382134812
full_l1,100,61646,2,100,105,0.010548999673705817,0.012336055919468958,0.18880611243429479,1,0.0067220598949567344
full_l1,100,61646,2,100,106,0.013619194654255429,-0.0070448425792024594,0.077635512615161328,0.97999999999999998,0.0062847716450785832
full_l1,100,61646,2,100,107,0.0026005358725151861,0.00063977496939648937,-0.01529933060573474,1,0.0019245846034571363
full_l1,100,61646,2,100,108,0.0041563896134260148,0.0075926849568290766,0.21337513705537448,1,0.005133870289176186
full_l1,100,61646,2,100,109,-0.0042703096580221089,0.016162289165668531,0.11297630964257199,0.98999999999999999,0.0079583093055336524
full_l1,100,61646,2,100,110,-0.030426536488395328,0.0042291462938421898,0.12371855743583793,1,0.00954273125028887
full_l1,100,61646,2,100,111,0.014746021709016066,0.017225112915426388,0.1729424623598006,0.97999999999999998,0.0091106957109909365
full_l1,100,61646,2,100,112,-0.022416925015581457,0.0032813447353439162,0.040522973984373767,1,0.0070758356085733366
full_l1,100,155832,3,10,1,-0.375,0.37499999999999989,0.29166666666666663,0.070000000000000062,0.03141423254840011
full_l1,100,155832,3,10,2,-0.041666666666666685,-0.29166666666666669,-0.29166666666666669,0.29000000000000004,0.046591651791216632
full_l1,100,155832,3,10,3,-0.125,-0.20833333333333331,-0.45833333333333331,0.33000000000000007,0.046217729188583495
full_l1,100,155832,3,10,4,0.29166666666666663,-0.041666666666666685,0.12499999999999989,0.46999999999999997,0.049537875497405091
full_l1,100,155832,3,10,5,-0.29166666666666669,-0.375,0.04166666666666663,0.48999999999999999,0.049754979383180346
full_l1,100,155832,3,10,6,-0.20833333333333331,0.12499999999999989,-0.20833333333333331,0.54000000000000004,0.049857174145813837
full_l1,100,155832,3,10,7,0.20833333333333326,0.04166666666666663,-0.375,0.62,0.04762988602168769
full_l1,100,155832,3,10,8,-0.45833333333333331,0.29166666666666663,0.37499999999999989,0.14999999999999991,0.032582352806997721
full_l1,100,155832,3,10,9,0.45833333333333326,0.45833333333333326,-0.041666666666666685,0,0.012361670682212016
full_l1,100,155832,3,10,10,0.12499999999999989,-0.125,-0.125,0.55000000000000004,0.049951577035867709
full_l1,100,155832,3,10,11,0.37499999999999989,-0.45833333333333331,0.20833333333333326,0.22999999999999998,0.044646532820488083
full_l1,100,155832,3,10,12,0.04166666666666663,0.20833333333333326,0.45833333333333326,0.66000000000000003,0.048396603709150735
full_l1,100,155832,3,10,13,0.029523514788634797,0.12673015902162144,-0.4728038203875311,0.73999999999999999,0.046500588760416087
full_l1,100,155832,3,10,14,0.023441718738658412,0.043251408703265382,0.30354688793112561,0.95999999999999996,0.02006352505568177
full_l1,100,155832,3,10,15,-0.041680266414050093,0.0034015485885385832,0.48024235855626585,0.98999999999999999,0.017513611420366861
full_l1,100,155832,3,10,16,-0.074374255771219033,0.058078432716768491,0.43579693021833776,0.91000000000000003,0.029385251198593174
full_l1,100,155832,3,10,17,0.030947289120009991,-0.022421725616237342,0.48432700435080545,0.94999999999999996,0.024977215414079434
full_l1,100,155832,3,10,18,-0.018072251518729487,0.013999909087246243,-0.023521764817007629,0.98999999999999999,0.01019612573296939
full_l1,100,155832,3,10,19,-0.058407478959541459,-0.030342634862699391,0.19216963746350557,0.93999999999999995,0.026415375545760116
full_l1,100,155832,3,10,20,-0.49765265785641111,-0.49370136696348998,0.17016090932055139,0.26000000000000001,0.045099411011329159
full_l1,100,155832,3,10,21,0.020138522990700958,-0.012598737357744749,0.09722441074771182,1,0.010274252333409114
full_l1,100,155832,3,10,22,0.0040447545713206967,0.0067533163243393979,0.20205538827830205,1,0.0047998020506638522
full_l1,100,155832,3,30,1,-0.375,0.37499999999999989,0.29166666666666663,0.070000000000000062,0.03141423254840011
full_l1,100,155832,3,30,2,-0.041666666666666685,-0.29166666666666669,-0.29166666666666669,0.29000000000000004,0.046591651791216632
full_l1,100,155832,3,30,3,-0.125,-0.20833333333333331,-0.45833333333333331,0.33000000000000007,0.046217729188583495
full_l1,100,155832,3,30,4,0.29166666666666663,-0.041666666666666685,0.12499999999999989,0.46999999999999997,0.049537875497405091
full_l1,100,155832,3,30,5,-0.29166666666666669,-0.375,0.04166666666666663,0.48999999999999999,0.049754979383180346
full_l1,100,155832,3,30,6,-0.20833333333333331,0.12499999999999989,-0.20833333333333331,0.54000000000000004,0.049857174145813837
full_l1,100,155832,3,30,7,0.20833333333333326,0.04166666666666663,-0.375,0.62,0.04762988602168769
full_l1,100,155832,3,30,8,-0.45833333333333331,0.29166666666666663,0.37499999999999989,0.14999999999999991,0.032582352806997721
full_l1,100,155832,3,30,9,0.45833333333333326,0.45833333333333326,-0.041666666666666685,0,0.012361670682212016
full_l1,100,155832,3,30,10,0.12499999999999989,-0.125,-0.125,0.55000000000000004,0.049951577035867709
full_l1,100,155832,3,30,11,0.37499999999999989,-0.45833333333333331,0.20833333333333326,0.22999999999999998,0.044646532820488083
full_l1,100,155832,3,30,12,0.04166666666666663,0.20833333333333326,0.45833333333333326,0.66000000000000003,0.048396603709150735
full_l1,100,155832,3,30,13,0.029523514788634797,0.12673015902162144,-0.4728038203875311,0.73999999999999999,0.046500588760416087
full_l1,100,155832,3,30,14,0.023441718738658412,0.043251408703265382,0.30354688793112561,0.95999999999999996,0.02006352505568177
full_l1,100,155832,3,30,15,-0.041680266414050093,0.0034015485885385832,0.48024235855626585,0.98999999999999999,0.017513611420366861
full_l1,100,155832,3,30,16,-0.074374255771219033,0.058078432716768491,0.43579693021833776,0.91000000000000003,0.029385251198593174
full_l1,100,155832,3,30,17,0.030947289120009991,-0.022421725616237342,0.48432700435080545,0.94999999999999996,0.024977215414079434
full_l1,100,155832,3,30,18,-0.018072251518729487,0.013999909087246243,-0.023521764817007629,0.98999999999999999,0.01019612573296939
full_l1,100,155832,3,30,19,-0.058407478959541459,-0.030342634862699391,0.19216963746350557,0.93999999999999995,0.026415375545760116
full_l1,100,155832,3,30,20,-0.49765265785641111,-0.49370136696348998,0.17016090932055139,0.26000000000000001,0.045099411011329159
full_l1,100,155832,3,30,21,0.020138522990700958,-0.012598737357744749,0.09722441074771182,1,0.010274252333409114
full_l1,100,155832,3,30,22,0.0040447545713206967,0.0067533163243393979,0.20205538827830205,1,0.0047998020506638522
full_l1,100,155832,3,30,23,0.041292975836372481,0.021902987345228553,0.045335616365312026,0.98999999999999999,0.016328099352449339
full_l1,100,155832,3,30,24,-0.13405915948446578,-0.059719668779134816,0.49960810398798938,0.65000000000000002,0.047590929068071275
full_l1,100,155832,3,30,25,-0.0059266284025556448,-0.0087567987184935525,0.3368318935360306,0.97999999999999998,0.012979274011386845
full_l1,100,155832,3,30,26,-0.034709532897025719,0.023063531189240649,0.23436399239507,0.97999999999999998,0.01422173087966948
full_l1,100,155832,3,30,27,0.02136821385107357,0.010163752895225198,-0.037348896433169854,1,0.0094885173228626638
full_l1,100,155832,3,30,28,-0.01696482386299758,-0.012382972784619417,0.13406563274232575,0.96999999999999997,0.010349576005182015
full_l1,100,155832,3,30,29,-0.017291401172046195,0.016391859186749569,0.4767584473557902,0.97999999999999998,0.012365352213645885
full_l1,100,155832,3,30,30,0.01544356369385147,0.018314790436394945,0.069878185459129716,1,0.010441718024334369
full_l1,100,155832,3,30,31,-0.0067796193326854493,-0.0015390842513096636,-0.27030273778617309,0.97999999999999998,0.0091282218150534836
full_l1,100,155832,3,30,32,-0.0053892819766698796,0.034606970775258983,-0.23474848900884804,0.93999999999999995,0.022420112943342181
full_l1,100,155832,3,30,33,0.039353046075867537,0.0058950647130351364,0.27358450543424295,0.98999999999999999,0.013031075287575898
full_l1,100,155832,3,30,34,0.015685587847290794,-0.021749050281385296,-0.15258988565705955,0.98999999999999999,0.010726056379597173
full_l1,100,155832,3,30,35,-0.0017685725922995665,-0.014843674884613023,-0.05121133192368954,0.97999999999999998,0.0066851431030836867
full_l1,100,155832,3,30,36,0.042496818242442336,-0.0063252947066840814,-0.17432943352642782,0.97999999999999998,0.013990451393831923
full_l1,100,155832,3,30,37,0.052768623483197441,0.009690470035789156,0.080367829917610045,0.96999999999999997,0.015953667512549029
full_l1,100,155832,3,30,38,0.011537936451117892,-0.022625577274240527,-0.39615121735890879,0.96999999999999997,0.01212963720443266
full_l1,100,155832,3,30,39,0.014330295108412328,0.01080256206928687,0.11715146078778549,1,0.0067123466297998599
full_l1,100,155832,3,30,40,0.016255732955290592,0.0016971543157784375,-0.22552370980133429,0.96999999999999997,0.0098480004407839362
full_l1,100,155832,3,30,41,-0.066808316049439043,-0.019315966940905316,-0.41735471009072267,0.91000000000000003,0.023622505434979808
full_l1,100,155832,3,30,42,0.0026654007888662345,0.048306061632982455,0.03147550015429923,0.93000000000000005,0.023778405434022636
full_l1,100,155832,3,50,1,-0.375,0.37499999999999989,0.29166666666666663,0.070000000000000062,0.03141423254840011
full_l1,100,155832,3,50,2,-0.041666666666666685,-0.29166666666666669,-0.29166666666666669,0.29000000000000004,0.046591651791216632
full_l1,100,155832,3,50,3,-0.125,-0.20833333333333331,-0.45833333333333331,0.33000000000000007,0.046217729188583495
full_l1,100,155832,3,50,4,0.29166666666666663,-0.041666666666666685,0.12499999999999989,0.46999999999999997,0.049537875497405091
full_l1,100,155832,3,50,5,-0.29166666666666669,-0.375,0.04166666666666663,0.48999999999999999,0.049754979383180346
full_l1,100,155832,3,50,6,-0.20833333333333331,0.12499999999999989,-0.20833333333333331,0.54000000000000004,0.049857174145813837
full_l1,100,155832,3,50,7,0.20833333333333326,0.04166666666666663,-0.375,0.62,0.04762988602168769
full_l1,100,155832,3,50,8,-0.45833333333333331,0.29166666666666663,0.37499999999999989,0.14999999999999991,0.032582352806997721
full_l1,100,155832,3,50,9,0.45833333333333326,0.45833333333333326,-0.041666666666666685,0,0.012361670682212016
full_l1,100,155832,3,50,10,0.12499999999999989,-0.125,-0.125,0.55000000000000004,0.049951577035867709
full_l1,100,155832,3,50,11,0.37499999999999989,-0.45833333333333331,0.20833333333333326,0.22999999999999998,0.044646532820488083
full_l1,100,155832,3,50,12,0.04166666666666663,0.20833333333333326,0.45833333333333326,0.66000000000000003,0.048396603709150735
full_l1,100,155832,3,50,13,0.029523514788634797,0.12673015902162144,-0.4728038203875311,0.73999999999999999,0.046500588760416087
full_l1,100,155832,3,50,14,0.023441718738658412,0.043251408703265382,0.30354688793112561,0.95999999999999996,0.02006352505568177
full_l1,100,155832,3,50,15,-0.041680266414050093,0.0034015485885385832,0.48024235855626585,0.98999999999999999,0.017513611420366861
full_l1,100,155832,3,50,16,-0.074374255771219033,0.058078432716768491,0.43579693021833776,0.91000000000000003,0.029385251198593174
full_l1,100,155832,3,50,17,0.030947289120009991,-0.022421725616237342,0.48432700435080545,0.94999999999999996,0.024977215414079434
full_l1,100,155832,3,50,18,-0.018072251518729487,0.013999909087246243,-0.023521764817007629,0.98999999999999999,0.01019612573296939
full_l1,100,155832,3,50,19,-0.058407478959541459,-0.030342634862699391,0.19216963746350557,0.93999999999999995,0.026415375545760116
full_l1,100,155832,3,50,20,-0.49765265785641111,-0.49370136696348998,0.17016090932055139,0.26000000000000001,0.045099411011329159
full_l1,100,155832,3,50,21,0.020138522990700958,-0.012598737357744749,0.09722441074771182,1,0.010274252333409114
full_l1,100,155832,3,50,22,0.0040447545713206967,0.0067533163243393979,0.20205538827830205,1,0.0047998020506638522
full_l1,100,155832,3,50,23,0.041292975836372481,0.021902987345228553,0.045335616365312026,0.98999999999999999,0.016328099352449339
full_l1,100,155832,3,50,24,-0.13405915948446578,-0.059719668779134816,0.49960810398798938,0.65000000000000002,0.047590929068071275
full_l1,100,155832,3,50,25,-0.0059266284025556448,-0.0087567987184935525,0.3368318935360306,0.97999999999999998,0.012979274011386845
full_l1,100,155832,3,50,26,-0.034709532897025719,0.023063531189240649,0.23436399239507,0.97999999999999998,0.01422173087966948
full_l1,100,155832,3,50,27,0.02136821385107357,0.010163752895225198,-0.037348896433169854,1,0.0094885173228626638
full_l1,100,155832,3,50,28,-0.01696482386299758,-0.012382972784619417,0.13406563274232575,0.96999999999999997,0.010349576005182015
full_l1,100,155832,3,50,29,-0.017291401172046195,0.016391859186749569,0.4767584473557902,0.97999999999999998,0.012365352213645885
full_l1,100,155832,3,50,30,0.01544356369385147,0.018314790436394945,0.069878185459129716,1,0.010441718024334369
full_l1,100,155832,3,50,31,-0.0067796193326854493,-0.0015390842513096636,-0.27030273778617309,0.97999999999999998,0.0091282218150534836
full_l1,100,155832,3,50,32,-0.0053892819766698796,0.034606970775258983,-0.23474848900884804,0.93999999999999995,0.022420112943342181
full_l1,100,155832,3,50,33,0.039353046075867537,0.0058950647130351364,0.27358450543424295,0.98999999999999999,0.013031075287575898
full_l1,100,155832,3,50,34,0.015685587847290794,-0.021749050281385296,-0.15258988565705955,0.98999999999999999,0.010726056379597173
full_l1,100,155832,3,50,35,-0.0017685725922995665,-0.014843674884613023,-0.05121133192368954,0.97999999999999998,0.0066851431030836867
full_l1,100,155832,3,50,36,0.042496818242442336,-0.0063252947066840814,-0.17432943352642782,0.97999999999999998,0.013990451393831923
full_l1,100,155832,3,50,37,0.052768623483197441,0.009690470035789156,0.080367829917610045,0.96999999999999997,0.015953667512549029
full_l1,100,155832,3,50,38,0.011537936451117892,-0.022625577274240527,-0.39615121735890879,0.96999999999999997,0.01212963720443266
full_l1,100,155832,3,50,39,0.014330295108412328,0.01080256206928687,0.11715146078778549,1,0.0067123466297998599
full_l1,100,155832,3,50,40,0.016255732955290592,0.0016971543157784375,-0.22552370980133429,0.96999999999999997,0.0098480004407839362
full_l1,100,155832,3,50,41,-0.066808316049439043,-0.019315966940905316,-0.41735471009072267,0.91000000000000003,0.023622505434979808
full_l1,100,155832,3,50,42,0.0026654007888662345,0.048306061632982455,0.03147550015429923,0.93000000000000005,0.023778405434022636
full_l1,100,155832,3,50,43,0.01524202164468047,0.00050191116560482918,0.22731853516598721,0.98999999999999999,0.0075020301315444262
full_l1,100,155832,3,50,44,0.078743643901471261,0.019761746603542241,0.48074471894689141,0.92000000000000004,0.023642290125812766
full_l1,100,155832,3,50,45,0.048597771514231392,-0.01747944631003806,-0.057549407605416159,0.97999999999999998,0.017082922074160053
full_l1,100,155832,3,50,46,-0.053075355278632719,0.0072015155412310516,0.30939001963764556,0.97999999999999998,0.017021823191237868
full_l1,100,155832,3,50,47,0.0040027230769401623,-0.0015415798522100399,0.030824896302928284,1,0.0013652577603839135
full_l1,100,155832,3,50,48,0.0011910746155252561,0.015880584573078504,0.10557372052152303,0.97999999999999998,0.0078085825935762781
full_l1,100,155832,3,50,49,0.024999353364737908,-0.01516817580078933,-0.069664029477828793,0.98999999999999999,0.010350751499132562
full_l1,100,155832,3,50,50,0.03744198479876748,0.016348591825447567,0.1850573582305246,0.98999999999999999,0.013072263695226889
full_l1,100,155832,3,50,51,0.012668499406808476,0.010351983843338575,0.18449534316428129,1,0.0064141025825720597
full_l1,100,155832,3,50,52,0.038946385821481133,-0.0063665521697278127,0.015636536196353967,0.96999999999999997,0.012240197749870363
full_l1,100,155832,3,50,53,0.0097266253557919402,0.025713089880464057,0.27450425391892863,0.97999999999999998,0.01200975632700731
full_l1,100,155832,3,50,54,0.0039935195153570913,0.010352880477358939,0.34363168416434275,1,0.0081818639987142599
full_l1,100,155832,3,50,55,0.032260871366943444,0.0086156079354824389,0.059854190536399177,0.98999999999999999,0.010514533747953572
full_l1,100,155832,3,50,56,0.0027404526083920633,0.0034967932748957153,-0.085196317884175921,1,0.0051022055491866175
full_l1,100,155832,3,50,57,-0.016357930617292071,-0.020845265459800144,-0.22094204128052408,0.98999999999999999,0.010360000652126836
full_l1,100,155832,3,50,58,-0.014149702392069141,0.011772513368411452,0.3512073808078009,0.98999999999999999,0.0092575877898788145
full_l1,100,155832,3,50,59,0.020058276561321087,0.010014976810958531,-0.056921957402326084,0.98999999999999999,0.0095216673221374878
full_l1,100,155832,3,50,60,0.025608668668209544,0.0004896922981474372,0.35640837471927855,1,0.012405023740915819
full_l1,100,155832,3,50,61,-0.00044711469730063236,0.0013392930666760172,0.43584549534072137,0.97999999999999998,0.012071920975948716
full_l1,100,155832,3,50,62,0.02293688909494529,0.019180638353889501,0.37398217836632686,0.95999999999999996,0.011888238668944711
full_l1,100,155832,3,100,1,-0.375,0.37499999999999989,0.29166666666666663,0.070000000000000062,0.03141423254840011
full_l1,100,155832,3,100,2,-0.041666666666666685,-0.29166666666666669,-0.29166666666666669,0.29000000000000004,0.046591651791216632
full_l1,100,155832,3,100,3,-0.125,-0.20833333333333331,-0.45833333333333331,0.33000000000000007,0.046217729188583495
full_l1,100,155832,3,100,4,0.29166666666666663,-0.041666666666666685,0.12499999999999989,0.46999999999999997,0.049537875497405091
full_l1,100,155832,3,100,5,-0.29166666666666669,-0.375,0.04166666666666663,0.48999999999999999,0.049754979383180346
full_l1,100,155832,3,100,6,-0.20833333333333331,0.12499999999999989,-0.20833333333333331,0.54000000000000004,0.049857174145813837
full_l1,100,155832,3,100,7,0.20833333333333326,0.04166666666666663,-0.375,0.62,0.04762988602168769
full_l1,100,155832,3,100,8,-0.45833333333333331,0.29166666666666663,0.37499999999999989,0.14999999999999991,0.032582352806997721
full_l1,100,155832,3,100,9,0.45833333333333326,0.45833333333333326,-0.041666666666666685,0,0.012361670682212016
full_l1,100,155832,3,100,10,0.12499999999999989,-0.125,-0.125,0.55000000000000004,0.049951577035867709
full_l1,100,155832,3,100,11,0.37499999999999989,-0.45833333333333331,0.20833333333333326,0.22999999999999998,0.044646532820488083
full_l1,100,155832,3,100,12,0.04166666666666663,0.20833333333333326,0.45833333333333326,0.66000000000000003,0.048396603709150735
full_l1,100,155832,3,100,13,0.029523514788634797,0.12673015902162144,-0.4728038203875311,0.73999999999999999,0.046500588760416087
full_l1,100,155832,3,100,14,0.023441718738658412,0.043251408703265382,0.30354688793112561,0.95999999999999996,0.02006352505568177
full_l1,100,155832,3,100,15,-0.041680266414050093,0.0034015485885385832,0.48024235855626585,0.98999999999999999,0.017513611420366861
full_l1,100,155832,3,100,16,-0.074374255771219033,0.058078432716768491,0.43579693021833776,0.91000000000000003,0.029385251198593174
full_l1,100,155832,3,100,17,0.030947289120009991,-0.022421725616237342,0.48432700435080545,0.94999999999999996,0.024977215414079434
full_l1,100,155832,3,100,18,-0.018072251518729487,0.013999909087246243,-0.023521764817007629,0.98999999999999999,0.01019612573296939
full_l1,100,155832,3,100,19,-0.058407478959541459,-0.030342634862699391,0.19216963746350557,0.93999999999999995,0.026415375545760116
full_l1,100,155832,3,100,20,-0.49765265785641111,-0.49370136696348998,0.17016090932055139,0.26000000000000001,0.045099411011329159
full_l1,100,155832,3,100,21,0.020138522990700958,-0.012598737357744749,0.09722441074771182,1,0.010274252333409114
full_l1,100,155832,3,100,22,0.0040447545713206967,0.0067533163243393979,0.20205538827830205,1,0.0047998020506638522
full_l1,100,155832,3,100,23,0.041292975836372481,0.021902987345228553,0.045335616365312026,0.98999999999999999,0.016328099352449339
full_l1,100,155832,3,100,24,-0.13405915948446578,-0.059719668779134816,0.49960810398798938,0.65000000000000002,0.047590929068071275
full_l1,100,155832,3,100,25,-0.0059266284025556448,-0.0087567987184935525,0.3368318935360306,0.97999999999999998,0.012979274011386845
full_l1,100,155832,3,100,26,-0.034709532897025719,0.023063531189240649,0.23436399239507,0.97999999999999998,0.01422173087966948
full_l1,100,155832,3,100,27,0.02136821385107357,0.010163752895225198,-0.037348896433169854,1,0.0094885173228626638
full_l1,100,155832,3,100,28,-0.01696482386299758,-0.012382972784619417,0.13406563274232575,0.96999999999999997,0.010349576005182015
full_l1,100,155832,3,100,29,-0.017291401172046195,0.016391859186749569,0.4767584473557902,0.97999999999999998,0.012365352213645885
full_l1,100,155832,3,100,30,0.01544356369385147,0.018314790436394945,0.069878185459129716,1,0.010441718024334369
full_l1,100,155832,3,100,31,-0.0067796193326854493,-0.0015390842513096636,-0.27030273778617309,0.97999999999999998,0.0091282218150534836
full_l1,100,155832,3,100,32,-0.0053892819766698796,0.034606970775258983,-0.23474848900884804,0.93999999999999995,0.022420112943342181
full_l1,100,155832,3,100,33,0.039353046075867537,0.0058950647130351364,0.27358450543424295,0.98999999999999999,0.013031075287575898
full_l1,100,155832,3,100,34,0.015685587847290794,-0.021749050281385296,-0.15258988565705955,0.98999999999999999,0.010726056379597173
full_l1,100,155832,3,100,35,-0.0017685725922995665,-0.014843674884613023,-0.05121133192368954,0.97999999999999998,0.0066851431030836867
full_l1,100,155832,3,100,36,0.042496818242442336,-0.0063252947066840814,-0.17432943352642782,0.97999999999999998,0.013990451393831923
full_l1,100,155832,3,100,37,0.052768623483197441,0.009690470035789156,0.080367829917610045,0.96999999999999997,0.015953667512549029
full_l1,100,155832,3,100,38,0.011537936451117892,-0.022625577274240527,-0.39615121735890879,0.96999999999999997,0.01212963720443266
full_l1,100,155832,3,100,39,0.014330295108412328,0.01080256206928687,0.11715146078778549,1,0.0067123466297998599
full_l1,100,155832,3,100,40,0.016255732955290592,0.0016971543157784375,-0.22552370980133429,0.96999999999999997,0.0098480004407839362
full_l1,100,155832,3,100,41,-0.066808316049439043,-0.019315966940905316,-0.41735471009072267,0.91000000000000003,0.023622505434979808
full_l1,100,155832,3,100,42,0.0026654007888662345,0.048306061632982455,0.03147550015429923,0.93000000000000005,0.023778405434022636
full_l1,100,155832,3,100,43,0.01524202164468047,0.00050191116560482918,0.22731853516598721,0.98999999999999999,0.0075020301315444262
full_l1,100,155832,3,100,44,0.078743643901471261,0.019761746603542241,0.48074471894689141,0.92000000000000004,0.023642290125812766
full_l1,100,155832,3,100,45,0.048597771514231392,-0.01747944631003806,-0.057549407605416159,0.97999999999999998,0.017082922074160053
full_l1,100,155832,3,100,46,-0.053075355278632719,0.0072015155412310516,0.30939001963764556,0.97999999999999998,0.017021823191237868
full_l1,100,155832,3,100,47,0.0040027230769401623,-0.0015415798522100399,0.030824896302928284,1,0.0013652577603839135
full_l1,100,155832,3,100,48,0.0011910746155252561,0.015880584573078504,0.10557372052152303,0.97999999999999998,0.0078085825935762781
full_l1,100,155832,3,100,49,0.024999353364737908,-0.01516817580078933,-0.069664029477828793,0.98999999999999999,0.010350751499132562
full_l1,100,155832,3,100,50,0.03744198479876748,0.016348591825447567,0.1850573582305246,0.98999999999999999,0.013072263695226889
full_l1,100,155832,3,100,51,0.012668499406808476,0.010351983843338575,0.18449534316428129,1,0.0064141025825720597
full_l1,100,155832,3,100,52,0.038946385821481133,-0.0063665521697278127,0.015636536196353967,0.96999999999999997,0.012240197749870363
full_l1,100,155832,3,100,53,0.0097266253557919402,0.025713089880464057,0.27450425391892863,0.97999999999999998,0.01200975632700731
full_l1,100,155832,3,100,54,0.0039935195153570913,0.010352880477358939,0.34363168416434275,1,0.0081818639987142599
full_l1,100,155832,3,100,55,0.032260871366943444,0.0086156079354824389,0.059854190536399177,0.98999999999999999,0.010514533747953572
full_l1,100,155832,3,100,56,0.0027404526083920633,0.0034967932748957153,-0.085196317884175921,1,0.0051022055491866175
full_l1,100,155832,3,100,57,-0.016357930617292071,-0.020845265459800144,-0.22094204128052408,0.98999999999999999,0.010360000652126836
full_l1,100,155832,3,100,58,-0.014149702392069141,0.011772513368411452,0.3512073808078009,0.98999999999999999,0.0092575877898788145
full_l1,100,155832,3,100,59,0.020058276561321087,0.010014976810958531,-0.056921957402326084,0.98999999999999999,0.0095216673221374878
full_l1,100,155832,3,100,60,0.025608668668209544,0.0004896922981474372,0.35640837471927855,1,0.012405023740915819
full_l1,100,155832,3,100,61,-0.00044711469730063236,0.0013392930666760172,0.43584549534072137,0.97999999999999998,0.012071920975948716
full_l1,100,155832,3,100,62,0.02293688909494529,0.019180638353889501,0.37398217836632686,0.95999999999999996,0.011888238668944711
full_l1,100,155832,3,100,63,-0.043494870064003655,0.0052698110074134163,0.42078080694219988,1,0.016439204448601193
full_l1,100,155832,3,100,64,-0.037958137755385479,0.016376078556939344,0.40766115033160788,0.97999999999999998,0.014540298952143607
full_l1,100,155832,3,100,65,0.0055424658669249727,0.0043849029367373227,0.107568892920749,1,0.0030298232098656245
full_l1,100,155832,3,100,66,0.025579004658274673,-0.0065310558769859917,0.18405722413282022,0.98999999999999999,0.010681676291069267
full_l1,100,155832,3,100,67,0.002979998982671983,0.0028228804414802688,0.0079168036721972701,1,0.0024350507686367309
full_l1,100,155832,3,100,68,-0.027630960014410011,0.01103291344543722,-0.073676601780132911,0.98999999999999999,0.011657994324973629
full_l1,100,155832,3,100,69,-0.02749454006693175,0.00029904838932415245,-0.16915990854400165,0.98999999999999999,0.01055547292486661
full_l1,100,155832,3,100,70,0.024804572948379233,0.014722856844361587,0.12116167464428251,1,0.010094162229233967
full_l1,100,155832,3,100,71,0.0055959932102864762,0.0042752507958807584,-0.075339733497829853,1,0.0053859557426808504
full_l1,100,155832,3,100,72,0.012816500120395702,0.0039570750396156207,0.32026194944449116,1,0.0088118232916806934
full_l1,100,155832,3,100,73,0.016576298762976283,0.0074918665011407537,0.28899833537443764,0.97999999999999998,0.0082855661269620462
full_l1,100,155832,3,100,74,0.017555259983906391,0.0056985820957013988,0.070325683724862698,1,0.0060213974814893696
full_l1,100,155832,3,100,75,0.0078699089438605263,-0.0031950031493290787,0.11295059275526431,1,0.0044450378016935065
full_l1,100,155832,3,100,76,-0.0087656381759022572,0.0053582713591642239,-0.046170760605382277,1,0.0055275045972095864
full_l1,100,155832,3,100,77,0.0035757775650777646,-0.026593047678688642,-0.3122592925775407,0.97999999999999998,0.011678352664685275
full_l1,100,155832,3,100,78,-0.026900791051252204,-0.00074640899337263811,0.38911521758822176,1,0.013793994968696013
full_l1,100,155832,3,100,79,-0.032559465141881683,0.00020210897335082301,0.37060455314235097,0.98999999999999999,0.014170411291162839
full_l1,100,155832,3,100,80,0.029689297701780415,-0.00037112691348406557,0.10287948670280467,0.98999999999999999,0.0092334058845463095
full_l1,100,155832,3,100,81,0.018652565738541904,-0.0063926302225731924,-0.11451351537549836,1,0.0068253487087097499
full_l1,100,155832,3,100,82,-0.019265439266345163,-0.00097421898872718238,-0.11105834312116336,0.98999999999999999,0.0072393398131907552
full_l1,100,155832,3,100,83,-0.004968085188508109,0.015932981253522716,-0.049712428954422183,1,0.01033282514230041
full_l1,100,155832,3,100,84,0.030707908434386422,-0.005042745669584292,0.33526091672472891,0.98999999999999999,0.014409047975454713
full_l1,100,155832,3,100,85,-0.0039944230436708139,0.00087426872536111588,-0.13381117744987625,1,0.005567338801386431
full_l1,100,155832,3,100,86,0.026556395306438718,0.0089691334815655832,0.19345402571514736,1,0.0091761889715538079
full_l1,100,155832,3,100,87,-0.0033927756450444768,0.0093171859564384896,0.2263935964891215,1,0.0055910653130197101
full_l1,100,155832,3,100,88,0.011798300469083145,-0.0017840061678215946,0.10460196421928969,1,0.0046155820152335211
full_l1,100,155832,3,100,89,0.0021701570542707049,-0.0050924561313807626,-0.12703344896880964,1,0.0039277348423581333
full_l1,100,155832,3,100,90,0.00025448133806804663,0.016140891137715441,-0.065342637705783968,0.97999999999999998,0.010668793923465026
full_l1,100,155832,3,100,91,0.016834353683864878,0.0077573918979612078,0.17949665965186168,1,0.0066411330588939995
full_l1,100,155832,3,100,92,-0.00070998494457219508,-0.016400427426382258,-0.23067540001600895,1,0.0075836034601482827
full_l1,100,155832,3,100,93,-0.025069306059074536,-0.0013076184094611421,0.42381501329733839,0.97999999999999998,0.014523929869119333
full_l1,100,155832,3,100,94,0.010776927728301855,-0.019538018664966073,-0.18509281317777826,0.97999999999999998,0.0090885174183540311
full_l1,100,155832,3,100,95,0.0065150165491616452,0.015086024423024869,-0.020140864511715373,1,0.0094346830849978257
full_l1,100,155832,3,100,96,0.013767361880171025,0.0022540847959435784,0.15684201022758293,1,0.0053992836691930226
full_l1,100,155832,3,100,97,0.01284743337911487,0.0014457274194608072,0.31287286685673599,1,0.0091443196991225564
full_l1,100,155832,3,100,98,-0.021547172367258893,-0.001938423308122994,0.31107219939681552,0.98999999999999999,0.011329278708494834
full_l1,100,155832,3,100,99,0.017638324701531261,0.0016249197976809793,0.11618292896197557,1,0.0058239322178409081
full_l1,100,155832,3,100,100,0.019333788757774473,0.0041497390386413535,-0.028364561325507909,1,0.0069600361875168278
full_l1,100,155832,3,100,101,0.027169907035747176,0.0077127638829554979,0.15493323240035428,0.98999999999999999,0.0089600859514301565
full_l1,100,155832,3,100,102,0.013114988180354947,0.0034724347436498881,-0.00072472270097345692,1,0.0048538893838241167
full_l1,100,155832,3,100,103,0.0017141054489864249,0.0043816944890917586,0.13563661373431057,1,0.0030264657244897619
full_l1,100,155832,3,100,104,-0.0084029972275574405,0.0011318361272267818,0.30474281330454889,0.98999999999999999,0.0085334981217652373
full_l1,100,155832,3,100,105,0.0021385376386144905,-0.0042515024146156932,-0.11428239701603538,1,0.0036322620866063252
full_l1,100,155832,3,100,106,0.016927019965662371,-0.01019210574043683,0.084460549523428519,1,0.0083823086623027992
full_l1,100,155832,3,100,107,-0.005025356689358107,0.0059152498074586113,0.052865301649485108,1,0.0035329924927000812
full_l1,100,155832,3,100,108,0.0012496973567142078,0.0061978927598271838,0.17245262095007319,0.98999999999999999,0.0039927896295175068
full_l1,100,155832,3,100,109,0.03351153433382037,0.010321148285218129,-0.010951591157504881,1,0.011833338960913828
full_l1,100,155832,3,100,110,0.014981212161027102,-0.004255434998882146,-0.087053800979826512,1,0.005436139770971805
full_l1,100,155832,3,100,111,-0.054069563155686007,0.01083419845178657,0.40403561450576819,0.97999999999999998,0.018048102448762298
full_l1,100,155832,3,100,112,0.0045791798519092541,0.0093059390315430868,0.074522948137736078,1,0.0049401363237559807
full_l1,100,337617,4,10,1,0.45833333333333326,0.45833333333333326,-0.29166666666666669,0.010000000000000009,0.011493949865942547
full_l1,100,337617,4,10,2,-0.375,0.37499999999999989,0.37499999999999989,0.1399999999999999,0.031832549108570765
full_l1,100,337617,4,10,3,0.29166666666666663,-0.45833333333333331,0.45833333333333326,0.39999999999999991,0.048910065338697913
full_l1,100,337617,4,10,4,0.04166666666666663,-0.29166666666666669,0.04166666666666663,0.41999999999999993,0.048347633169130939
full_l1,100,337617,4,10,5,0.12499999999999989,0.29166666666666663,-0.041666666666666685,0.55000000000000004,0.049892137899785569
full_l1,100,337617,4,10,6,-0.125,0.12499999999999989,0.12499999999999989,0.66000000000000003,0.046525113274753532
full_l1,100,337617,4,10,7,0.37499999999999989,-0.125,0.20833333333333326,0.33000000000000007,0.044582605304192231
full_l1,100,337617,4,10,8,0.20833333333333326,-0.041666666666666685,-0.45833333333333331,0.63,0.048739405289279655
full_l1,100,337617,4,10,9,-0.041666666666666685,-0.20833333333333331,-0.125,0.27000000000000002,0.047725109455509222
full_l1,100,337617,4,10,10,-0.20833333333333331,0.20833333333333326,-0.375,0.41999999999999993,0.048630148788301124
full_l1,100,337617,4,10,11,-0.29166666666666669,0.04166666666666663,-0.20833333333333331,0.55000000000000004,0.049999438275449275
full_l1,100,337617,4,10,12,-0.45833333333333331,-0.375,0.29166666666666663,0.41999999999999993,0.049138843247115725
full_l1,100,337617,4,10,13,0.47609368121394713,0.096678782684062936,0.43153862142070931,0.17999999999999994,0.041576382927943974
full_l1,100,337617,4,10,14,-0.45958890013677478,0.13396134903035795,-0.46113728408251453,0.27000000000000002,0.04347596842974636
full_l1,100,337617,4,10,15,-0.33437176437347027,0.14193212094428498,0.49996432445470074,0.46999999999999997,0.048683523203839424
full_l1,100,337617,4,10,16,-0.4846250222062678,-0.01039566738697717,-0.39940864327944126,0.37,0.047289178279199179
full_l1,100,337617,4,10,17,0.49867658163451511,-0.037609506242756607,0.26911377052401253,0.20999999999999996,0.037602375380447688
full_l1,100,337617,4,10,18,0.42468070004591807,-0.075868794015396812,-0.49790083473778135,0.18999999999999995,0.039695187340329605
full_l1,100,337617,4,10,19,0.41312158237649466,0.25528851288861598,0.27892352154571176,0.21999999999999997,0.042855671983402475
full_l1,100,337617,4,10,20,-0.29465490916329218,0.28844355159819046,-0.49482954257474598,0.18999999999999995,0.039563046915769333
full_l1,100,337617,4,10,21,0.4763926774301066,-0.010989308649924201,-0.49846627632319196,0.20999999999999996,0.03793934500358228
full_l1,100,337617,4,10,22,0.020472225251115583,0.1356381077935771,0.38231997323813838,0.78000000000000003,0.043559277938914662
full_l1,100,337617,4,30,1,0.45833333333333326,0.45833333333333326,-0.29166666666666669,0.010000000000000009,0.011493949865942547
full_l1,100,337617,4,30,2,-0.375,0.37499999999999989,0.37499999999999989,0.1399999999999999,0.031832549108570765
full_l1,100,337617,4,30,3,0.29166666666666663,-0.45833333333333331,0.45833333333333326,0.39999999999999991,0.048910065338697913
full_l1,100,337617,4,30,4,0.04166666666666663,-0.29166666666666669,0.04166666666666663,0.41999999999999993,0.048347633169130939
full_l1,100,337617,4,30,5,0.12499999999999989,0.29166666666666663,-0.041666666666666685,0.55000000000000004,0.049892137899785569
full_l1,100,337617,4,30,6,-0.125,0.12499999999999989,0.12499999999999989,0.66000000000000003,0.046525113274753532
full_l1,100,337617,4,30,7,0.37499999999999989,-0.125,0.20833333333333326,0.33000000000000007,0.044582605304192231
full_l1,100,337617,4,30,8,0.20833333333333326,-0.041666666666666685,-0.45833333333333331,0.63,0.048739405289279655
full_l1,100,337617,4,30,9,-0.041666666666666685,-0.20833333333333331,-0.125,0.27000000000000002,0.047725109455509222
full_l1,100,337617,4,30,10,-0.20833333333333331,0.20833333333333326,-0.375,0.41999999999999993,0.048630148788301124
full_l1,100,337617,4,30,11,-0.29166666666666669,0.04166666666666663,-0.20833333333333331,0.55000000000000004,0.049999438275449275
full_l1,100,337617,4,30,12,-0.45833333333333331,-0.375,0.29166666666666663,0.41999999999999993,0.049138843247115725
full_l1,100,337617,4,30,13,0.47609368121394713,0.096678782684062936,0.43153862142070931,0.17999999999999994,0.041576382927943974
full_l1,100,337617,4,30,14,-0.45958890013677478,0.13396134903035795,-0.46113728408251453,0.27000000000000002,0.04347596842974636
full_l1,100,337617,4,30,15,-0.33437176437347027,0.14193212094428498,0.49996432445470074,0.46999999999999997,0.048683523203839424
full_l1,100,337617,4,30,16,-0.4846250222062678,-0.01039566738697717,-0.39940864327944126,0.37,0.047289178279199179
full_l1,100,337617,4,30,17,0.49867658163451511,-0.037609506242756607,0.26911377052401253,0.20999999999999996,0.037602375380447688
full_l1,100,337617,4,30,18,0.42468070004591807,-0.075868794015396812,-0.49790083473778135,0.18999999999999995,0.039695187340329605
full_l1,100,337617,4,30,19,0.41312158237649466,0.25528851288861598,0.27892352154571176,0.21999999999999997,0.042855671983402475
full_l1,100,337617,4,30,20,-0.29465490916329218,0.28844355159819046,-0.49482954257474598,0.18999999999999995,0.039563046915769333
full_l1,100,337617,4,30,21,0.4763926774301066,-0.010989308649924201,-0.49846627632319196,0.20999999999999996,0.03793934500358228
full_l1,100,337617,4,30,22,0.020472225251115583,0.1356381077935771,0.38231997323813838,0.78000000000000003,0.043559277938914662
full_l1,100,337617,4,30,23,0.097008888913348912,0.08284201137083258,0.4780813806442854,0.83999999999999997,0.036253024085943782
full_l1,100,337617,4,30,24,0.094237864891652867,0.057136064129647224,-0.18958051758527494,0.89000000000000001,0.035932052304606402
full_l1,100,337617,4,30,25,0.050568305281860626,0.11685917838095428,-0.48512876510646197,0.68000000000000005,0.045729438326491387
full_l1,100,337617,4,30,26,0.079000340148840609,-0.007129572567575071,0.21156861919471726,0.97999999999999998,0.0241351135631785
full_l1,100,337617,4,30,27,0.12656234606754602,-0.042471685229735767,0.37307190852818306,0.79000000000000004,0.042562731364863382
full_l1,100,337617,4,30,28,0.030150785515461909,0.016547882813562342,0.37020996470887479,0.97999999999999998,0.012598178938727516
full_l1,100,337617,4,30,29,0.044448505251843962,-0.0032165667671562037,-0.072249322658930248,0.98999999999999999,0.013687872374761363
full_l1,100,337617,4,30,30,0.048527422277645949,0.012326420397092308,0.15726624110248189,0.96999999999999997,0.015018879341685529
full_l1,100,337617,4,30,31,0.089436417043833538,-0.054332226537453954,-0.22661655697203198,0.81000000000000005,0.035990624424496402
full_l1,100,337617,4,30,32,-0.035944181160975308,0.0097715947036147721,0.23940147442384752,0.98999999999999999,0.011985843228962425
full_l1,100,337617,4,30,33,-0.017579649169376266,-0.031432530398542324,0.38121012084517525,0.94999999999999996,0.02548526521559424
full_l1,100,337617,4,30,34,-0.017448420078954863,-0.0055443877420786603,-0.1533754405565142,1,0.0071137690460074329
full_l1,100,337617,4,30,35,-0.018934429445321754,0.022894236926121136,-0.14310890307898005,0.95999999999999996,0.016361506446581218
full_l1,100,337617,4,30,36,-0.0018162441685807273,-0.0062792917792382497,0.17629153563122379,1,0.0070324745490046884
full_l1,100,337617,4,30,37,-0.069239636829150575,-0.0091672921826371212,0.044017350096708263,0.96999999999999997,0.021649634793895978
full_l1,100,337617,4,30,38,-0.053967028757186286,0.028358065048756265,0.47296049326654388,0.93000000000000005,0.019618407562445157
full_l1,100,337617,4,30,39,0.009305575059184612,-0.0090900046094513076,-0.38788026169618273,0.97999999999999998,0.011302116070914442
full_l1,100,337617,4,30,40,-0.027200407643004132,-0.012046404037719505,0.048699387313187348,1,0.010827364208601418
full_l1,100,337617,4,30,41,0.01759580829590135,-0.023690138169165209,-0.09880718554197454,0.97999999999999998,0.012253656581883722
full_l1,100,337617,4,30,42,0.011188008612937894,0.0031252377406818521,0.0019152540046962763,1,0.0042439279207646535
full_l1,100,337617,4,50,1,0.45833333333333326,0.45833333333333326,-0.29166666666666669,0.010000000000000009,0.011493949865942547
full_l1,100,337617,4,50,2,-0.375,0.37499999999999989,0.37499999999999989,0.1399999999999999,0.031832549108570765
full_l1,100,337617,4,50,3,0.29166666666666663,-0.45833333333333331,0.45833333333333326,0.39999999999999991,0.048910065338697913
full_l1,100,337617,4,50,4,0.04166666666666663,-0.29166666666666669,0.04166666666666663,0.41999999999999993,0.048347633169130939
full_l1,100,337617,4,50,5,0.12499999999999989,0.29166666666666663,-0.041666666666666685,0.55000000000000004,0.049892137899785569
full_l1,100,337617,4,50,6,-0.125,0.12499999999999989,0.12499999999999989,0.66000000000000003,0.046525113274753532
full_l1,100,337617,4,50,7,0.37499999999999989,-0.125,0.20833333333333326,0.33000000000000007,0.044582605304192231
full_l1,100,337617,4,50,8,0.20833333333333326,-0.041666666666666685,-0.45833333333333331,0.63,0.048739405289279655
full_l1,100,337617,4,50,9,-0.041666666666666685,-0.20833333333333331,-0.125,0.27000000000000002,0.047725109455509222
full_l1,100,337617,4,50,10,-0.20833333333333331,0.20833333333333326,-0.375,0.41999999999999993,0.048630148788301124
full_l1,100,337617,4,50,11,-0.29166666666666669,0.04166666666666663,-0.20833333333333331,0.55000000000000004,0.049999438275449275
full_l1,100,337617,4,50,12,-0.45833333333333331,-0.375,0.29166666666666663,0.41999999999999993,0.049138843247115725
full_l1,100,337617,4,50,13,0.47609368121394713,0.096678782684062936,0.43153862142070931,0.17999999999999994,0.041576382927943974
full_l1,100,337617,4,50,14,-0.45958890013677478,0.13396134903035795,-0.46113728408251453,0.27000000000000002,0.04347596842974636
full_l1,100,337617,4,50,15,-0.33437176437347027,0.14193212094428498,0.49996432445470074,0.46999999999999997,0.048683523203839424
full_l1,100,337617,4,50,16,-0.4846250222062678,-0.01039566738697717,-0.39940864327944126,0.37,0.047289178279199179
full_l1,100,337617,4,50,17,0.49867658163451511,-0.037609506242756607,0.26911377052401253,0.20999999999999996,0.037602375380447688
full_l1,100,337617,4,50,18,0.42468070004591807,-0.075868794015396812,-0.49790083473778135,0.18999999999999995,0.039695187340329605
full_l1,100,337617,4,50,19,0.41312158237649466,0.25528851288861598,0.27892352154571176,0.21999999999999997,0.042855671983402475
full_l1,100,337617,4,50,20,-0.29465490916329218,0.28844355159819046,-0.49482954257474598,0.18999999999999995,0.039563046915769333
full_l1,100,337617,4,50,21,0.4763926774301066,-0.010989308649924201,-0.49846627632319196,0.20999999999999996,0.03793934500358228
full_l1,100,337617,4,50,22,0.020472225251115583,0.1356381077935771,0.38231997323813838,0.78000000000000003,0.043559277938914662
full_l1,100,337617,4,50,23,0.097008888913348912,0.08284201137083258,0.4780813806442854,0.83999999999999997,0.036253024085943782
full_l1,100,337617,4,50,24,0.094237864891652867,0.057136064129647224,-0.18958051758527494,0.89000000000000001,0.035932052304606402
full_l1,100,337617,4,50,25,0.050568305281860626,0.11685917838095428,-0.48512876510646197,0.68000000000000005,0.045729438326491387
full_l1,100,337617,4,50,26,0.079000340148840609,-0.007129572567575071,0.21156861919471726,0.97999999999999998,0.0241351135631785
full_l1,100,337617,4,50,27,0.12656234606754602,-0.042471685229735767,0.37307190852818306,0.79000000000000004,0.042562731364863382
full_l1,100,337617,4,50,28,0.030150785515461909,0.016547882813562342,0.37020996470887479,0.97999999999999998,0.012598178938727516
full_l1,100,337617,4,50,29,0.044448505251843962,-0.0032165667671562037,-0.072249322658930248,0.98999999999999999,0.013687872374761363
full_l1,100,337617,4,50,30,0.048527422277645949,0.012326420397092308,0.15726624110248189,0.96999999999999997,0.015018879341685529
full_l1,100,337617,4,50,31,0.089436417043833538,-0.054332226537453954,-0.22661655697203198,0.81000000000000005,0.035990624424496402
full_l1,100,337617,4,50,32,-0.035944181160975308,0.0097715947036147721,0.23940147442384752,0.98999999999999999,0.011985843228962425
full_l1,100,337617,4,50,33,-0.017579649169376266,-0.031432530398542324,0.38121012084517525,0.94999999999999996,0.02548526521559424
full_l1,100,337617,4,50,34,-0.017448420078954863,-0.0055443877420786603,-0.1533754405565142,1,0.0071137690460074329
full_l1,100,337617,4,50,35,-0.018934429445321754,0.022894236926121136,-0.14310890307898005,0.95999999999999996,0.016361506446581218
full_l1,100,337617,4,50,36,-0.0018162441685807273,-0.0062792917792382497,0.17629153563122379,1,0.0070324745490046884
full_l1,100,337617,4,50,37,-0.069239636829150575,-0.0091672921826371212,0.044017350096708263,0.96999999999999997,0.021649634793895978
full_l1,100,337617,4,50,38,-0.053967028757186286,0.028358065048756265,0.47296049326654388,0.93000000000000005,0.019618407562445157
full_l1,100,337617,4,50,39,0.009305575059184612,-0.0090900046094513076,-0.38788026169618273,0.97999999999999998,0.011302116070914442
full_l1,100,337617,4,50,40,-0.027200407643004132,-0.012046404037719505,0.048699387313187348,1,0.010827364208601418
full_l1,100,337617,4,50,41,0.01759580829590135,-0.023690138169165209,-0.09880718554197454,0.97999999999999998,0.012253656581883722
full_l1,100,337617,4,50,42,0.011188008612937894,0.0031252377406818521,0.0019152540046962763,1,0.0042439279207646535
full_l1,100,337617,4,50,43,0.04592015335920796,0.0031181321491655645,-0.21403067018072797,0.93999999999999995,0.016173226120151495
full_l1,100,337617,4,50,44,-0.058272862336781861,-0.013495115787351519,-0.46966482032709034,0.93999999999999995,0.022035371437138188
full_l1,100,337617,4,50,45,0.03409386461890751,-0.011318054372178032,0.11930030379866419,0.96999999999999997,0.013146755667326638
full_l1,100,337617,4,50,46,-0.024712151537620075,0.0096378481019241402,0.020700121463830712,1,0.0092515183508965117
full_l1,100,337617,4,50,47,-0.028356439614706241,-0.0249969912048702,-0.21840349072488485,0.94999999999999996,0.013965079619931112
full_l1,100,337617,4,50,48,-0.028492835891076318,0.004591194928979192,0.11507020027493953,1,0.008970760426071419
full_l1,100,337617,4,50,49,-0.0024180818042438545,-0.00026976508621245898,0.35402388992418143,1,0.010105044794640488
full_l1,100,337617,4,50,50,0.0062382190989076491,-0.0059713633506996988,-0.062926265749466026,1,0.003219648654905228
full_l1,100,337617,4,50,51,-0.016729924906848659,-0.0055405465699065459,0.4233321657178708,0.96999999999999997,0.014910857015247081
full_l1,100,337617,4,50,52,-0.018529373466696253,-0.0011688866694370414,0.022149157062986147,1,0.005706213104607118
full_l1,100,337617,4,50,53,-0.010835474545385138,0.015872091880001493,0.13292044894502397,1,0.0081782973387701553
full_l1,100,337617,4,50,54,-0.010347796502979456,0.014060259039951228,0.050132556070628276,1,0.0080794897045718805
full_l1,100,337617,4,50,55,-0.016903534149119048,-0.0038432038393592105,0.21490304625361345,1,0.0087610489933620077
full_l1,100,337617,4,50,56,0.007269599028282947,0.0073642738850276945,0.16089133228690145,1,0.0045869637792101195
full_l1,100,337617,4,50,57,-0.019867231259216078,0.0021971860895808604,-0.077842435547093469,0.98999999999999999,0.0074208403621176915
full_l1,100,337617,4,50,58,-0.006764512303790049,0.01557241441734436,0.22868677437867557,1,0.0076456953595181627
full_l1,100,337617,4,50,59,0.0075011304307186499,-0.0012338512652201317,0.076132625504077067,1,0.0029190264098778629
full_l1,100,337617,4,50,60,0.0018999886263022514,0.0076530741200981911,0.27359217942306668,1,0.0063695339362287119
full_l1,100,337617,4,50,61,0.0025976907430851348,0.018283046002322889,0.24278478988498264,0.98999999999999999,0.0085731412994641699
full_l1,100,337617,4,50,62,0.0168967918297942,-0.0022100365312800463,0.21692459187608248,0.98999999999999999,0.0082654060152951309
full_l1,100,337617,4,100,1,0.45833333333333326,0.45833333333333326,-0.29166666666666669,0.010000000000000009,0.011493949865942547
full_l1,100,337617,4,100,2,-0.375,0.37499999999999989,0.37499999999999989,0.1399999999999999,0.031832549108570765
full_l1,100,337617,4,100,3,0.29166666666666663,-0.45833333333333331,0.45833333333333326,0.39999999999999991,0.048910065338697913
full_l1,100,337617,4,100,4,0.04166666666666663,-0.29166666666666669,0.04166666666666663,0.41999999999999993,0.048347633169130939
full_l1,100,337617,4,100,5,0.12499999999999989,0.29166666666666663,-0.041666666666666685,0.55000000000000004,0.049892137899785569
full_l1,100,337617,4,100,6,-0.125,0.12499999999999989,0.12499999999999989,0.66000000000000003,0.046525113274753532
full_l1,100,337617,4,100,7,0.37499999999999989,-0.125,0.20833333333333326,0.33000000000000007,0.044582605304192231
full_l1,100,337617,4,100,8,0.20833333333333326,-0.041666666666666685,-0.45833333333333331,0.63,0.048739405289279655
full_l1,100,337617,4,100,9,-0.041666666666666685,-0.20833333333333331,-0.125,0.27000000000000002,0.047725109455509222
full_l1,100,337617,4,100,10,-0.20833333333333331,0.20833333333333326,-0.375,0.41999999999999993,0.048630148788301124
full_l1,100,337617,4,100,11,-0.29166666666666669,0.04166666666666663,-0.20833333333333331,0.55000000000000004,0.049999438275449275
full_l1,100,337617,4,100,12,-0.45833333333333331,-0.375,0.29166666666666663,0.41999999999999993,0.049138843247115725
full_l1,100,337617,4,100,13,0.47609368121394713,0.096678782684062936,0.43153862142070931,0.17999999999999994,0.041576382927943974
full_l1,100,337617,4,100,14,-0.45958890013677478,0.13396134903035795,-0.46113728408251453,0.27000000000000002,0.04347596842974636
full_l1,100,337617,4,100,15,-0.33437176437347027,0.14193212094428498,0.49996432445470074,0.46999999999999997,0.048683523203839424
full_l1,100,337617,4,100,16,-0.4846250222062678,-0.01039566738697717,-0.39940864327944126,0.37,0.047289178279199179
full_l1,100,337617,4,100,17,0.49867658163451511,-0.037609506242756607,0.26911377052401253,0.20999999999999996,0.037602375380447688
full_l1,100,337617,4,100,18,0.42468070004591807,-0.075868794015396812,-0.49790083473778135,0.18999999999999995,0.039695187340329605
full_l1,100,337617,4,100,19,0.41312158237649466,0.25528851288861598,0.27892352154571176,0.21999999999999997,0.042855671983402475
full_l1,100,337617,4,100,20,-0.29465490916329218,0.28844355159819046,-0.49482954257474598,0.18999999999999995,0.039563046915769333
full_l1,100,337617,4,100,21,0.4763926774301066,-0.010989308649924201,-0.49846627632319196,0.20999999999999996,0.03793934500358228
full_l1,100,337617,4,100,22,0.020472225251115583,0.1356381077935771,0.38231997323813838,0.78000000000000003,0.043559277938914662
full_l1,100,337617,4,100,23,0.097008888913348912,0.08284201137083258,0.4780813806442854,0.83999999999999997,0.036253024085943782
full_l1,100,337617,4,100,24,0.094237864891652867,0.057136064129647224,-0.18958051758527494,0.89000000000000001,0.035932052304606402
full_l1,100,337617,4,100,25,0.050568305281860626,0.11685917838095428,-0.48512876510646197,0.68000000000000005,0.045729438326491387
full_l1,100,337617,4,100,26,0.079000340148840609,-0.007129572567575071,0.21156861919471726,0.97999999999999998,0.0241351135631785
full_l1,100,337617,4,100,27,0.12656234606754602,-0.042471685229735767,0.37307190852818306,0.79000000000000004,0.042562731364863382
full_l1,100,337617,4,100,28,0.030150785515461909,0.016547882813562342,0.37020996470887479,0.97999999999999998,0.012598178938727516
full_l1,100,337617,4,100,29,0.044448505251843962,-0.0032165667671562037,-0.072249322658930248,0.98999999999999999,0.013687872374761363
full_l1,100,337617,4,100,30,0.048527422277645949,0.012326420397092308,0.15726624110248189,0.96999999999999997,0.015018879341685529
full_l1,100,337617,4,100,31,0.089436417043833538,-0.054332226537453954,-0.22661655697203198,0.81000000000000005,0.035990624424496402
full_l1,100,337617,4,100,32,-0.035944181160975308,0.0097715947036147721,0.23940147442384752,0.98999999999999999,0.011985843228962425
full_l1,100,337617,4,100,33,-0.017579649169376266,-0.031432530398542324,0.38121012084517525,0.94999999999999996,0.02548526521559424
full_l1,100,337617,4,100,34,-0.017448420078954863,-0.0055443877420786603,-0.1533754405565142,1,0.0071137690460074329
full_l1,100,337617,4,100,35,-0.018934429445321754,0.022894236926121136,-0.14310890307898005,0.95999999999999996,0.016361506446581218
full_l1,100,337617,4,100,36,-0.0018162441685807273,-0.0062792917792382497,0.17629153563122379,1,0.0070324745490046884
full_l1,100,337617,4,100,37,-0.069239636829150575,-0.0091672921826371212,0.044017350096708263,0.96999999999999997,0.021649634793895978
full_l1,100,337617,4,100,38,-0.053967028757186286,0.028358065048756265,0.47296049326654388,0.93000000000000005,0.019618407562445157
full_l1,100,337617,4,100,39,0.009305575059184612,-0.0090900046094513076,-0.38788026169618273,0.97999999999999998,0.011302116070914442
full_l1,100,337617,4,100,40,-0.027200407643004132,-0.012046404037719505,0.048699387313187348,1,0.010827364208601418
full_l1,100,337617,4,100,41,0.01759580829590135,-0.023690138169165209,-0.09880718554197454,0.97999999999999998,0.012253656581883722
full_l1,100,337617,4,100,42,0.011188008612937894,0.0031252377406818521,0.0019152540046962763,1,0.0042439279207646535
full_l1,100,337617,4,100,43,0.04592015335920796,0.0031181321491655645,-0.21403067018072797,0.93999999999999995,0.016173226120151495
full_l1,100,337617,4,100,44,-0.058272862336781861,-0.013495115787351519,-0.46966482032709034,0.93999999999999995,0.022035371437138188
full_l1,100,337617,4,100,45,0.03409386461890751,-0.011318054372178032,0.11930030379866419,0.96999999999999997,0.013146755667326638
full_l1,100,337617,4,100,46,-0.024712151537620075,0.0096378481019241402,0.020700121463830712,1,0.0092515183508965117
full_l1,100,337617,4,100,47,-0.028356439614706241,-0.0249969912048702,-0.21840349072488485,0.94999999999999996,0.013965079619931112
full_l1,100,337617,4,100,48,-0.028492835891076318,0.004591194928979192,0.11507020027493953,1,0.008970760426071419
full_l1,100,337617,4,100,49,-0.0024180818042438545,-0.00026976508621245898,0.35402388992418143,1,0.010105044794640488
full_l1,100,337617,4,100,50,0.0062382190989076491,-0.0059713633506996988,-0.062926265749466026,1,0.003219648654905228
full_l1,100,337617,4,100,51,-0.016729924906848659,-0.0055405465699065459,0.4233321657178708,0.96999999999999997,0.014910857015247081
full_l1,100,337617,4,100,52,-0.018529373466696253,-0.0011688866694370414,0.022149157062986147,1,0.005706213104607118
full_l1,100,337617,4,100,53,-0.010835474545385138,0.015872091880001493,0.13292044894502397,1,0.0081782973387701553
full_l1,100,337617,4,100,54,-0.010347796502979456,0.014060259039951228,0.050132556070628276,1,0.0080794897045718805
full_l1,100,337617,4,100,55,-0.016903534149119048,-0.0038432038393592105,0.21490304625361345,1,0.0087610489933620077
full_l1,100,337617,4,100,56,0.007269599028282947,0.0073642738850276945,0.16089133228690145,1,0.0045869637792101195
full_l1,100,337617,4,100,57,-0.019867231259216078,0.0021971860895808604,-0.077842435547093469,0.98999999999999999,0.0074208403621176915
full_l1,100,337617,4,100,58,-0.006764512303790049,0.01557241441734436,0.22868677437867557,1,0.0076456953595181627
full_l1,100,337617,4,100,59,0.0075011304307186499,-0.0012338512652201317,0.076132625504077067,1,0.0029190264098778629
full_l1,100,337617,4,100,60,0.0018999886263022514,0.0076530741200981911,0.27359217942306668,1,0.0063695339362287119
full_l1,100,337617,4,100,61,0.0025976907430851348,0.018283046002322889,0.24278478988498264,0.98999999999999999,0.0085731412994641699
full_l1,100,337617,4,100,62,0.0168967918297942,-0.0022100365312800463,0.21692459187608248,0.98999999999999999,0.0082654060152951309
full_l1,100,337617,4,100,63,-0.037717114748174962,-0.0050378197908316213,0.060515613438258953,0.98999999999999999,0.01205068967634026
full_l1,100,337617,4,100,64,-0.021138267191659565,0.012043940357243654,-0.3891502012146324,0.96999999999999997,0.018057639671546694
full_l1,100,337617,4,100,65,-0.031544388712803295,0.0075827162044619367,0.18401148365080422,0.98999999999999999,0.010326394268930322
full_l1,100,337617,4,100,66,-0.0036398159945738584,0.0066887505326993502,0.218848689914517,0.97999999999999998,0.0051170439590625836
full_l1,100,337617,4,100,67,0.013053669705673787,0.028861931621155135,0.12413573108815013,0.95999999999999996,0.014484682270146388
full_l1,100,337617,4,100,68,-0.011246914642619066,-0.010471761385332456,-0.036663118119061755,1,0.0057216546026561659
full_l1,100,337617,4,100,69,-0.035174920155243372,-0.010129030651467641,0.1914203756067876,0.96999999999999997,0.014230883308658081
full_l1,100,337617,4,100,70,-0.0047739945234388514,-3.8370666279208265e-05,-0.030220895008882032,1,0.0024160019072662132
full_l1,100,337617,4,100,71,0.0044965334835378457,-0.0095936828201093061,-0.16076955547475968,0.98999999999999999,0.0051562680724465872
full_l1,100,337617,4,100,72,0.00090331020491274394,0.01038139097770574,0.034396608007374097,0.98999999999999999,0.0058266768724428587
full_l1,100,337617,4,100,73,-0.013338656763112855,0.0048003805620482343,0.32334571713525495,0.98999999999999999,0.0088266086165373521
full_l1,100,337617,4,100,74,-0.039768509493648185,0.0010725272534757302,0.022945019534271749,0.97999999999999998,0.012150313694786327
full_l1,100,337617,4,100,75,0.023807890928678965,-0.0017631427921613874,0.31474115440622974,0.98999999999999999,0.011705836620306482
full_l1,100,337617,4,100,76,0.0012368045879702638,0.018149458655222439,0.32550094584532552,0.98999999999999999,0.0091292483940073107
full_l1,100,337617,4,100,77,0.0074933202566327406,-0.017228826925489438,0.089920841464558032,1,0.0107790877924032
full_l1,100,337617,4,100,78,-0.030961094291034996,0.0022335712555046072,0.10738331042742622,0.96999999999999997,0.0096149744520688078
full_l1,100,337617,4,100,79,-0.014597707204470289,-0.0028598972949618329,-9.4744947798375279e-06,1,0.0046140988363539423
full_l1,100,337617,4,100,80,-0.024368203227089547,-0.018047152259184296,-0.025822877420404566,1,0.011598179896254871
full_l1,100,337617,4,100,81,0.011222339245251955,0.0013496728869246688,-0.036773119894912387,1,0.0043555727773966543
full_l1,100,337617,4,100,82,-0.0052397582249170682,0.012521844023541506,0.12873941638999553,1,0.0061655135816052831
full_l1,100,337617,4,100,83,-0.011419394151334972,0.0093422122129582785,0.12626404895260834,1,0.0056339814994718421
full_l1,100,337617,4,100,84,-0.0075327091447552341,-0.011348689193844796,0.03166046963615976,0.98999999999999999,0.0064386504842782041
full_l1,100,337617,4,100,85,0.015850054638761879,-0.0039407599696483775,0.083589570571540817,1,0.0058300456355959316
full_l1,100,337617,4,100,86,0.0051792111231827587,0.0078065204713584357,0.085620360058133116,0.98999999999999999,0.0042027216870794944
full_l1,100,337617,4,100,87,-0.0061140109818429433,-0.0053640672283092883,0.13848208826618791,1,0.0057907759383404537
full_l1,100,337617,4,100,88,-0.00087382120769485816,-0.012819761955965125,0.051581043007219218,0.97999999999999998,0.0072268494072153791
full_l1,100,337617,4,100,89,0.026206073919609718,0.0011423196344579889,-0.063237795263749508,0.98999999999999999,0.0086371786866414509
full_l1,100,337617,4,100,90,0.02352613789207747,-0.0074450882988221778,0.032958468946283848,1,0.0082297064437042381
full_l1,100,337617,4,100,91,0.0045707512900625691,-0.0010580319518807002,-0.073390412542276851,1,0.0032456615070843614
full_l1,100,337617,4,100,92,-0.0018474259768677115,-0.000389933926456143,0.091591815781185248,1,0.0020964345727000292
full_l1,100,337617,4,100,93,-0.014864143998709833,0.0060303704048607631,-0.25553709955235338,0.96999999999999997,0.01186197932510992
full_l1,100,337617,4,100,94,0.030414652480967863,-0.0044214971388869539,0.051312598273412835,1,0.0096308794161643167
full_l1,100,337617,4,100,95,0.0043401812383656591,0.0062877364507805122,0.36786913624714312,0.96999999999999997,0.0090552608258527411
full_l1,100,337617,4,100,96,0.0024949549844803798,-0.0057741916410167793,0.083926901099760975,0.97999999999999998,0.004232957113564354
full_l1,100,337617,4,100,97,-8.544222521011946e-05,-0.00147831615599614,0.14380350864595748,1,0.0039983718761088449
full_l1,100,337617,4,100,98,0.011262680022744442,-0.0039329506963352578,0.11343992878954157,1,0.0053433470794777907
full_l1,100,337617,4,100,99,0.02944828609355632,-0.00035068021793316362,0.0029761718879517396,0.98999999999999999,0.0089553442866462784
full_l1,100,337617,4,100,100,0.024380599571881323,-0.0014463199439449514,0.023078604857209584,0.97999999999999998,0.0074295945209346907
full_l1,100,337617,4,100,101,0.013648337491022122,-0.0093292576130084015,-0.057009380324409831,1,0.0057621769017046111
full_l1,100,337617,4,100,102,0.025215562124411006,0.0038602461117456244,0.25239717823737284,0.98999999999999999,0.0095364215865903715
full_l1,100,337617,4,100,103,-0.0098499500541657792,-0.0081030629597120818,-0.090451803122093777,1,0.0046718502567202683
full_l1,100,337617,4,100,104,-0.0066285560463841264,-0.011947317673051572,-0.079670439027067275,0.97999999999999998,0.00542125384603445
full_l1,100,337617,4,100,105,-0.011005865352933464,0.0043367279019883576,-0.093413381012373842,1,0.0065548577275592514
full_l1,100,337617,4,100,106,-0.013581088827685939,-0.0021501687468670205,-0.034301824343325515,1,0.0044607102101563573
full_l1,100,337617,4,100,107,-0.015420361378510439,0.011757140893539963,0.049504359504511042,1,0.0077625173162460624
full_l1,100,337617,4,100,108,0.0051341508024631555,-0.0012901091120696151,-0.13718569789752744,1,0.0050939438836678048
full_l1,100,337617,4,100,109,-0.027968083958004319,0.0057163635561712223,-0.033771561028764108,1,0.0096689785415507296
full_l1,100,337617,4,100,110,-0.013249950725371384,0.0079594371857578672,-0.084036357977402387,0.98999999999999999,0.0081146109301286594
full_l1,100,337617,4,100,111,-0.016053369793242123,0.0081720795935085189,0.086928925249494027,0.98999999999999999,0.0062714376001252415
full_l1,100,337617,4,100,112,-0.013497170116070656,-0.013777466452026044,0.25906674216452097,0.98999999999999999,0.013627407718798562
full_l1,100,262269,5,10,1,0.20833333333333326,-0.29166666666666669,0.45833333333333326,0.47999999999999998,0.049476071562298198
full_l1,100,262269,5,10,2,0.37499999999999989,-0.041666666666666685,0.12499999999999989,0.28000000000000003,0.045569806392857203
full_l1,100,262269,5,10,3,-0.375,-0.125,-0.375,0.38,0.047347198066513552
full_l1,100,262269,5,10,4,-0.20833333333333331,-0.375,0.04166666666666663,0.52000000000000002,0.049920020944004093
full_l1,100,262269,5,10,5,0.45833333333333326,0.20833333333333326,0.37499999999999989,0.22999999999999998,0.041842881668317219
full_l1,100,262269,5,10,6,-0.29166666666666669,0.29166666666666663,0.20833333333333326,0.17999999999999994,0.043139844701634421
full_l1,100,262269,5,10,7,-0.125,0.37499999999999989,-0.041666666666666685,0.47999999999999998,0.049333956965719954
full_l1,100,262269,5,10,8,-0.041666666666666685,-0.20833333333333331,-0.125,0.36999999999999988,0.047725109455509222
full_l1,100,262269,5,10,9,0.04166666666666663,0.45833333333333326,-0.45833333333333331,0.42999999999999994,0.049686211646565337
full_l1,100,262269,5,10,10,0.12499999999999989,-0.45833333333333331,0.29166666666666663,0.51000000000000001,0.049911593987306373
full_l1,100,262269,5,10,11,0.29166666666666663,0.12499999999999989,-0.20833333333333331,0.46999999999999997,0.049867516054287971
full_l1,100,262269,5,10,12,-0.45833333333333331,0.04166666666666663,-0.29166666666666669,0.33000000000000007,0.047623596881973956
full_l1,100,262269,5,10,13,0.39046897587433937,-0.49205636503805739,0.10878050103765191,0.18999999999999995,0.042447279108958715
full_l1,100,262269,5,10,14,-0.45357284788307806,-0.37350057195732789,0.32881008396732136,0.41999999999999993,0.049287541539696264
full_l1,100,262269,5,10,15,0.41065615495670404,-0.46889448846898563,0.43727124698745112,0.19999999999999996,0.040367815127679285
full_l1,100,262269,5,10,16,0.47636029491083409,0.33326871622696519,-0.20836700202914193,0.070000000000000062,0.026329231803918003
full_l1,100,262269,5,10,17,-0.41675837252589831,-0.31169731472722129,0.10604051564065364,0.41999999999999993,0.048898999962452547
full_l1,100,262269,5,10,18,-0.48709795145961698,-0.41137652586251905,-0.049886505179123963,0.41999999999999993,0.048220391995380557
full_l1,100,262269,5,10,19,0.11153903405894905,-0.15341915259809746,0.48853778573791318,0.3899999999999999,0.048744907895589489
full_l1,100,262269,5,10,20,-0.4401490490767852,0.48999447186250444,-0.017058994153368312,0.010000000000000009,0.019736247014486397
full_l1,100,262269,5,10,21,-0.34433928120511359,0.23996275147559043,-0.04297283745265168,0.22999999999999998,0.040864565193481521
full_l1,100,262269,5,10,22,0.16095176969753733,-0.40303828518282603,-0.48881749470398561,0.42999999999999994,0.049805671264766864
full_l1,100,262269,5,30,1,0.20833333333333326,-0.29166666666666669,0.45833333333333326,0.47999999999999998,0.049476071562298198
full_l1,100,262269,5,30,2,0.37499999999999989,-0.041666666666666685,0.12499999999999989,0.28000000000000003,0.045569806392857203
full_l1,100,262269,5,30,3,-0.375,-0.125,-0.375,0.38,0.047347198066513552
full_l1,100,262269,5,30,4,-0.20833333333333331,-0.375,0.04166666666666663,0.52000000000000002,0.049920020944004093
full_l1,100,262269,5,30,5,0.45833333333333326,0.20833333333333326,0.37499999999999989,0.22999999999999998,0.041842881668317219
full_l1,100,262269,5,30,6,-0.29166666666666669,0.29166666666666663,0.20833333333333326,0.17999999999999994,0.043139844701634421
full_l1,100,262269,5,30,7,-0.125,0.37499999999999989,-0.041666666666666685,0.47999999999999998,0.049333956965719954
full_l1,100,262269,5,30,8,-0.041666666666666685,-0.20833333333333331,-0.125,0.36999999999999988,0.047725109455509222
full_l1,100,262269,5,30,9,0.04166666666666663,0.45833333333333326,-0.45833333333333331,0.42999999999999994,0.049686211646565337
full_l1,100,262269,5,30,10,0.12499999999999989,-0.45833333333333331,0.29166666666666663,0.51000000000000001,0.049911593987306373
full_l1,100,262269,5,30,11,0.29166666666666663,0.12499999999999989,-0.20833333333333331,0.46999999999999997,0.049867516054287971
full_l1,100,262269,5,30,12,-0.45833333333333331,0.04166666666666663,-0.29166666666666669,0.33000000000000007,0.047623596881973956
full_l1,100,262269,5,30,13,0.39046897587433937,-0.49205636503805739,0.10878050103765191,0.18999999999999995,0.042447279108958715
full_l1,100,262269,5,30,14,-0.45357284788307806,-0.37350057195732789,0.32881008396732136,0.41999999999999993,0.049287541539696264
full_l1,100,262269,5,30,15,0.41065615495670404,-0.46889448846898563,0.43727124698745112,0.19999999999999996,0.040367815127679285
full_l1,100,262269,5,30,16,0.47636029491083409,0.33326871622696519,-0.20836700202914193,0.070000000000000062,0.026329231803918003
full_l1,100,262269,5,30,17,-0.41675837252589831,-0.31169731472722129,0.10604051564065364,0.41999999999999993,0.048898999962452547
full_l1,100,262269,5,30,18,-0.48709795145961698,-0.41137652586251905,-0.049886505179123963,0.41999999999999993,0.048220391995380557
full_l1,100,262269,5,30,19,0.11153903405894905,-0.15341915259809746,0.48853778573791318,0.3899999999999999,0.048744907895589489
full_l1,100,262269,5,30,20,-0.4401490490767852,0.48999447186250444,-0.017058994153368312,0.010000000000000009,0.019736247014486397
full_l1,100,262269,5,30,21,-0.34433928120511359,0.23996275147559043,-0.04297283745265168,0.22999999999999998,0.040864565193481521
full_l1,100,262269,5,30,22,0.16095176969753733,-0.40303828518282603,-0.48881749470398561,0.42999999999999994,0.049805671264766864
full_l1,100,262269,5,30,23,-0.28129650847842758,-0.49166423478722709,-0.43503841505429941,0.58999999999999997,0.049794761968112049
full_l1,100,262269,5,30,24,-0.26406964768065011,-0.49767378812459939,0.40732912911087515,0.5,0.049880666959516373
full_l1,100,262269,5,30,25,-0.20421823219510893,-0.49732399206910172,-0.45269293326268323,0.42999999999999994,0.049998613568027032
full_l1,100,262269,5,30,26,0.22181195678862076,0.46395480069809292,0.31211817293677657,0.32000000000000006,0.048368861611640064
full_l1,100,262269,5,30,27,-0.34160424246426868,-0.4876549295642989,-0.46455988694968453,0.64000000000000001,0.049866563426161345
full_l1,100,262269,5,30,28,-0.33247536690627344,-0.49376258891046265,-0.20442003199166914,0.48999999999999999,0.049568377475750429
full_l1,100,262269,5,30,29,-0.39313075218428883,-0.47682465724229539,-0.46184223384819334,0.5,0.04999972948331171
full_l1,100,262269,5,30,30,-0.31083264729013682,-0.45001303171626517,-0.4908318746271505,0.52000000000000002,0.049957861533639
full_l1,100,262269,5,30,31,-0.14749012126696814,-0.47881863949680725,0.49401882000932495,0.37,0.047848537078966386
full_l1,100,262269,5,30,32,-0.04232703977879626,0.48570295733301339,0.4579468683833523,0.47999999999999998,0.049999401334717454
full_l1,100,262269,5,30,33,-0.26849766040862777,-0.29169587579664813,-0.4353980566600204,0.35999999999999999,0.047790720876023506
full_l1,100,262269,5,30,34,0.19532302383585165,0.046870307390582733,-0.49414658083730068,0.73999999999999999,0.047302551687250116
full_l1,100,262269,5,30,35,0.15341219889322533,0.028324746605383977,-0.48194323753312518,0.78000000000000003,0.042355376627285744
full_l1,100,262269,5,30,36,0.15992879570220642,0.032745080045690766,-0.47814671613660908,0.78000000000000003,0.043360504636976091
full_l1,100,262269,5,30,37,0.13730650768902297,0.097650022237943057,-0.45084691968162849,0.75,0.046137288993244513
full_l1,100,262269,5,30,38,0.14202731263337243,0.083069500183582168,-0.49765411687963201,0.71999999999999997,0.045632394168790211
full_l1,100,262269,5,30,39,0.17089314275691669,-0.059475495119121868,-0.47767092989362236,0.67000000000000004,0.047195774461851497
full_l1,100,262269,5,30,40,0.16605153999262945,0.16331914577674733,-0.42369379422914144,0.52000000000000002,0.049216428828343865
full_l1,100,262269,5,30,41,0.11866917214345962,0.0031201682711359258,-0.49662126509334747,0.78000000000000003,0.035689155570499169
full_l1,100,262269,5,30,42,0.019355185087812421,0.061641838094075974,-0.44994210179114957,0.89000000000000001,0.035292781871033643
full_l1,100,262269,5,50,1,0.20833333333333326,-0.29166666666666669,0.45833333333333326,0.47999999999999998,0.049476071562298198
full_l1,100,262269,5,50,2,0.37499999999999989,-0.041666666666666685,0.12499999999999989,0.28000000000000003,0.045569806392857203
full_l1,100,262269,5,50,3,-0.375,-0.125,-0.375,0.38,0.047347198066513552
full_l1,100,262269,5,50,4,-0.20833333333333331,-0.375,0.04166666666666663,0.52000000000000002,0.049920020944004093
full_l1,100,262269,5,50,5,0.45833333333333326,0.20833333333333326,0.37499999999999989,0.22999999999999998,0.041842881668317219
full_l1,100,262269,5,50,6,-0.29166666666666669,0.29166666666666663,0.20833333333333326,0.17999999999999994,0.043139844701634421
full_l1,100,262269,5,50,7,-0.125,0.37499999999999989,-0.041666666666666685,0.47999999999999998,0.049333956965719954
full_l1,100,262269,5,50,8,-0.041666666666666685,-0.20833333333333331,-0.125,0.36999999999999988,0.047725109455509222
full_l1,100,262269,5,50,9,0.04166666666666663,0.45833333333333326,-0.45833333333333331,0.42999999999999994,0.049686211646565337
full_l1,100,262269,5,50,10,0.12499999999999989,-0.45833333333333331,0.29166666666666663,0.51000000000000001,0.049911593987306373
full_l1,100,262269,5,50,11,0.29166666666666663,0.12499999999999989,-0.20833333333333331,0.46999999999999997,0.049867516054287971
full_l1,100,262269,5,50,12,-0.45833333333333331,0.04166666666666663,-0.29166666666666669,0.33000000000000007,0.047623596881973956
full_l1,100,262269,5,50,13,0.39046897587433937,-0.49205636503805739,0.10878050103765191,0.18999999999999995,0.042447279108958715
full_l1,100,262269,5,50,14,-0.45357284788307806,-0.37350057195732789,0.32881008396732136,0.41999999999999993,0.049287541539696264
full_l1,100,262269,5,50,15,0.41065615495670404,-0.46889448846898563,0.43727124698745112,0.19999999999999996,0.040367815127679285
full_l1,100,262269,5,50,16,0.47636029491083409,0.33326871622696519,-0.20836700202914193,0.070000000000000062,0.026329231803918003
full_l1,100,262269,5,50,17,-0.41675837252589831,-0.31169731472722129,0.10604051564065364,0.41999999999999993,0.048898999962452547
full_l1,100,262269,5,50,18,-0.48709795145961698,-0.41137652586251905,-0.049886505179123963,0.41999999999999993,0.048220391995380557
full_l1,100,262269,5,50,19,0.11153903405894905,-0.15341915259809746,0.48853778573791318,0.3899999999999999,0.048744907895589489
full_l1,100,262269,5,50,20,-0.4401490490767852,0.48999447186250444,-0.017058994153368312,0.010000000000000009,0.019736247014486397
full_l1,100,262269,5,50,21,-0.34433928120511359,0.23996275147559043,-0.04297283745265168,0.22999999999999998,0.040864565193481521
full_l1,100,262269,5,50,22,0.16095176969753733,-0.40303828518282603,-0.48881749470398561,0.42999999999999994,0.049805671264766864
full_l1,100,262269,5,50,23,-0.28129650847842758,-0.49166423478722709,-0.43503841505429941,0.58999999999999997,0.049794761968112049
full_l1,100,262269,5,50,24,-0.26406964768065011,-0.49767378812459939,0.40732912911087515,0.5,0.049880666959516373
full_l1,100,262269,5,50,25,-0.20421823219510893,-0.49732399206910172,-0.45269293326268323,0.42999999999999994,0.049998613568027032
full_l1,100,262269,5,50,26,0.22181195678862076,0.46395480069809292,0.31211817293677657,0.32000000000000006,0.048368861611640064
full_l1,100,262269,5,50,27,-0.34160424246426868,-0.4876549295642989,-0.46455988694968453,0.64000000000000001,0.049866563426161345
full_l1,100,262269,5,50,28,-0.33247536690627344,-0.49376258891046265,-0.20442003199166914,0.48999999999999999,0.049568377475750429
full_l1,100,262269,5,50,29,-0.39313075218428883,-0.47682465724229539,-0.46184223384819334,0.5,0.04999972948331171
full_l1,100,262269,5,50,30,-0.31083264729013682,-0.45001303171626517,-0.4908318746271505,0.52000000000000002,0.049957861533639
full_l1,100,262269,5,50,31,-0.14749012126696814,-0.47881863949680725,0.49401882000932495,0.37,0.047848537078966386
full_l1,100,262269,5,50,32,-0.04232703977879626,0.48570295733301339,0.4579468683833523,0.47999999999999998,0.049999401334717454
full_l1,100,262269,5,50,33,-0.26849766040862777,-0.29169587579664813,-0.4353980566600204,0.35999999999999999,0.047790720876023506
full_l1,100,262269,5,50,34,0.19532302383585165,0.046870307390582733,-0.49414658083730068,0.73999999999999999,0.047302551687250116
full_l1,100,262269,5,50,35,0.15341219889322533,0.028324746605383977,-0.48194323753312518,0.78000000000000003,0.042355376627285744
full_l1,100,262269,5,50,36,0.15992879570220642,0.032745080045690766,-0.47814671613660908,0.78000000000000003,0.043360504636976091
full_l1,100,262269,5,50,37,0.13730650768902297,0.097650022237943057,-0.45084691968162849,0.75,0.046137288993244513
full_l1,100,262269,5,50,38,0.14202731263337243,0.083069500183582168,-0.49765411687963201,0.71999999999999997,0.045632394168790211
full_l1,100,262269,5,50,39,0.17089314275691669,-0.059475495119121868,-0.47767092989362236,0.67000000000000004,0.047195774461851497
full_l1,100,262269,5,50,40,0.16605153999262945,0.16331914577674733,-0.42369379422914144,0.52000000000000002,0.049216428828343865
full_l1,100,262269,5,50,41,0.11866917214345962,0.0031201682711359258,-0.49662126509334747,0.78000000000000003,0.035689155570499169
full_l1,100,262269,5,50,42,0.019355185087812421,0.061641838094075974,-0.44994210179114957,0.89000000000000001,0.035292781871033643
full_l1,100,262269,5,50,43,-0.012106019997208062,0.13295270380647417,-0.49823925658630497,0.62,0.047341058367404827
full_l1,100,262269,5,50,44,0.047810401610761222,0.03464759029087916,-0.42756900500772321,0.94999999999999996,0.028846814495100515
full_l1,100,262269,5,50,45,0.054824491631424888,0.042229619319771761,-0.11363838900107148,0.93000000000000005,0.026955216851404097
full_l1,100,262269,5,50,46,0.036604119619029873,0.018100633232763119,-0.30957336416706682,1,0.020112464661373602
full_l1,100,262269,5,50,47,-0.0019018611545185138,-0.014730438027233062,-0.31793884444226617,1,0.0088803865520587673
full_l1,100,262269,5,50,48,-0.0090943822203395364,0.020864743203725888,-0.033937182900382723,0.97999999999999998,0.012622700851262703
full_l1,100,262269,5,50,49,0.0039654791859440319,0.00051563845170288225,-0.12393380207747717,1,0.0051480315013739952
full_l1,100,262269,5,50,50,-0.0012059335669312166,0.027292327301313035,-0.27266926153974125,0.94999999999999996,0.020181825018857395
full_l1,100,262269,5,50,51,0.01552894914354197,-0.0047080457177621771,-0.21417677106342792,0.97999999999999998,0.0080471083140885996
full_l1,100,262269,5,50,52,-0.071795234579728806,-0.013604575844657463,-0.2046709544180545,0.92000000000000004,0.023021141935087159
full_l1,100,262269,5,50,53,0.0034405404099342451,0.01820786365812177,0.40137235869574406,0.97999999999999998,0.010260595466167172
full_l1,100,262269,5,50,54,-0.04081544311052876,-0.014080099808643887,0.37539417226313021,0.96999999999999997,0.020378605226116852
full_l1,100,262269,5,50,55,0.0041838265400948593,-0.010771102850731129,0.14947987823078335,1,0.0085904077272311152
full_l1,100,262269,5,50,56,-0.021174646763742366,-0.011575657394801375,-0.059804151535489902,1,0.0082690845215276417
full_l1,100,262269,5,50,57,-0.030218493623924481,0.0094440939737865381,0.14794178139487535,0.98999999999999999,0.010030603079553202
full_l1,100,262269,5,50,58,-0.021404504664338742,-0.025769466237705263,-0.42026577056087744,0.97999999999999998,0.014217047875781111
full_l1,100,262269,5,50,59,0.018212798087984483,0.012487044753289878,0.2043735459071816,1,0.0080967425814827271
full_l1,100,262269,5,50,60,-0.014509047255052199,-0.028888224455107858,-0.2045449598523108,0.97999999999999998,0.013303543726536983
full_l1,100,262269,5,50,61,-0.02177219832644095,0.0043464822859478058,-0.46408994731067432,0.97999999999999998,0.017690328089187697
full_l1,100,262269,5,50,62,-0.0025444504517855293,0.0039367235283642721,0.029041802025405294,0.98999999999999999,0.0025771384999761183
full_l1,100,262269,5,100,1,0.20833333333333326,-0.29166666666666669,0.45833333333333326,0.47999999999999998,0.049476071562298198
full_l1,100,262269,5,100,2,0.37499999999999989,-0.041666666666666685,0.12499999999999989,0.28000000000000003,0.045569806392857203
full_l1,100,262269,5,100,3,-0.375,-0.125,-0.375,0.38,0.047347198066513552
full_l1,100,262269,5,100,4,-0.20833333333333331,-0.375,0.04166666666666663,0.52000000000000002,0.049920020944004093
full_l1,100,262269,5,100,5,0.45833333333333326,0.20833333333333326,0.37499999999999989,0.22999999999999998,0.041842881668317219
full_l1,100,262269,5,100,6,-0.29166666666666669,0.29166666666666663,0.20833333333333326,0.17999999999999994,0.043139844701634421
full_l1,100,262269,5,100,7,-0.125,0.37499999999999989,-0.041666666666666685,0.47999999999999998,0.049333956965719954
full_l1,100,262269,5,100,8,-0.041666666666666685,-0.20833333333333331,-0.125,0.36999999999999988,0.047725109455509222
full_l1,100,262269,5,100,9,0.04166666666666663,0.45833333333333326,-0.45833333333333331,0.42999999999999994,0.049686211646565337
full_l1,100,262269,5,100,10,0.12499999999999989,-0.45833333333333331,0.29166666666666663,0.51000000000000001,0.049911593987306373
full_l1,100,262269,5,100,11,0.29166666666666663,0.12499999999999989,-0.20833333333333331,0.46999999999999997,0.049867516054287971
full_l1,100,262269,5,100,12,-0.45833333333333331,0.04166666666666663,-0.29166666666666669,0.33000000000000007,0.047623596881973956
full_l1,100,262269,5,100,13,0.39046897587433937,-0.49205636503805739,0.10878050103765191,0.18999999999999995,0.042447279108958715
full_l1,100,262269,5,100,14,-0.45357284788307806,-0.37350057195732789,0.32881008396732136,0.41999999999999993,0.049287541539696264
full_l1,100,262269,5,100,15,0.41065615495670404,-0.46889448846898563,0.43727124698745112,0.19999999999999996,0.040367815127679285
full_l1,100,262269,5,100,16,0.47636029491083409,0.33326871622696519,-0.20836700202914193,0.070000000000000062,0.026329231803918003
full_l1,100,262269,5,100,17,-0.41675837252589831,-0.31169731472722129,0.10604051564065364,0.41999999999999993,0.048898999962452547
full_l1,100,262269,5,100,18,-0.48709795145961698,-0.41137652586251905,-0.049886505179123963,0.41999999999999993,0.048220391995380557
full_l1,100,262269,5,100,19,0.11153903405894905,-0.15341915259809746,0.48853778573791318,0.3899999999999999,0.048744907895589489
full_l1,100,262269,5,100,20,-0.4401490490767852,0.48999447186250444,-0.017058994153368312,0.010000000000000009,0.019736247014486397
full_l1,100,262269,5,100,21,-0.34433928120511359,0.23996275147559043,-0.04297283745265168,0.22999999999999998,0.040864565193481521
full_l1,100,262269,5,100,22,0.16095176969753733,-0.40303828518282603,-0.48881749470398561,0.42999999999999994,0.049805671264766864
full_l1,100,262269,5,100,23,-0.28129650847842758,-0.49166423478722709,-0.43503841505429941,0.58999999999999997,0.049794761968112049
full_l1,100,262269,5,100,24,-0.26406964768065011,-0.49767378812459939,0.40732912911087515,0.5,0.049880666959516373
full_l1,100,262269,5,100,25,-0.20421823219510893,-0.49732399206910172,-0.45269293326268323,0.42999999999999994,0.049998613568027032
full_l1,100,262269,5,100,26,0.22181195678862076,0.46395480069809292,0.31211817293677657,0.32000000000000006,0.048368861611640064
full_l1,100,262269,5,100,27,-0.34160424246426868,-0.4876549295642989,-0.46455988694968453,0.64000000000000001,0.049866563426161345
full_l1,100,262269,5,100,28,-0.33247536690627344,-0.49376258891046265,-0.20442003199166914,0.48999999999999999,0.049568377475750429
full_l1,100,262269,5,100,29,-0.39313075218428883,-0.47682465724229539,-0.46184223384819334,0.5,0.04999972948331171
full_l1,100,262269,5,100,30,-0.31083264729013682,-0.45001303171626517,-0.4908318746271505,0.52000000000000002,0.049957861533639
full_l1,100,262269,5,100,31,-0.14749012126696814,-0.47881863949680725,0.49401882000932495,0.37,0.047848537078966386
full_l1,100,262269,5,100,32,-0.04232703977879626,0.48570295733301339,0.4579468683833523,0.47999999999999998,0.049999401334717454
full_l1,100,262269,5,100,33,-0.26849766040862777,-0.29169587579664813,-0.4353980566600204,0.35999999999999999,0.047790720876023506
full_l1,100,262269,5,100,34,0.19532302383585165,0.046870307390582733,-0.49414658083730068,0.73999999999999999,0.047302551687250116
full_l1,100,262269,5,100,35,0.15341219889322533,0.028324746605383977,-0.48194323753312518,0.78000000000000003,0.042355376627285744
full_l1,100,262269,5,100,36,0.15992879570220642,0.032745080045690766,-0.47814671613660908,0.78000000000000003,0.043360504636976091
full_l1,100,262269,5,100,37,0.13730650768902297,0.097650022237943057,-0.45084691968162849,0.75,0.046137288993244513
full_l1,100,262269,5,100,38,0.14202731263337243,0.083069500183582168,-0.49765411687963201,0.71999999999999997,0.045632394168790211
full_l1,100,262269,5,100,39,0.17089314275691669,-0.059475495119121868,-0.47767092989362236,0.67000000000000004,0.047195774461851497
full_l1,100,262269,5,100,40,0.16605153999262945,0.16331914577674733,-0.42369379422914144,0.52000000000000002,0.049216428828343865
full_l1,100,262269,5,100,41,0.11866917214345962,0.0031201682711359258,-0.49662126509334747,0.78000000000000003,0.035689155570499169
full_l1,100,262269,5,100,42,0.019355185087812421,0.061641838094075974,-0.44994210179114957,0.89000000000000001,0.035292781871033643
full_l1,100,262269,5,100,43,-0.012106019997208062,0.13295270380647417,-0.49823925658630497,0.62,0.047341058367404827
full_l1,100,262269,5,100,44,0.047810401610761222,0.03464759029087916,-0.42756900500772321,0.94999999999999996,0.028846814495100515
full_l1,100,262269,5,100,45,0.054824491631424888,0.042229619319771761,-0.11363838900107148,0.93000000000000005,0.026955216851404097
full_l1,100,262269,5,100,46,0.036604119619029873,0.018100633232763119,-0.30957336416706682,1,0.020112464661373602
full_l1,100,262269,5,100,47,-0.0019018611545185138,-0.014730438027233062,-0.31793884444226617,1,0.0088803865520587673
full_l1,100,262269,5,100,48,-0.0090943822203395364,0.020864743203725888,-0.033937182900382723,0.97999999999999998,0.012622700851262703
full_l1,100,262269,5,100,49,0.0039654791859440319,0.00051563845170288225,-0.12393380207747717,1,0.0051480315013739952
full_l1,100,262269,5,100,50,-0.0012059335669312166,0.027292327301313035,-0.27266926153974125,0.94999999999999996,0.020181825018857395
full_l1,100,262269,5,100,51,0.01552894914354197,-0.0047080457177621771,-0.21417677106342792,0.97999999999999998,0.0080471083140885996
full_l1,100,262269,5,100,52,-0.071795234579728806,-0.013604575844657463,-0.2046709544180545,0.92000000000000004,0.023021141935087159
full_l1,100,262269,5,100,53,0.0034405404099342451,0.01820786365812177,0.40137235869574406,0.97999999999999998,0.010260595466167172
full_l1,100,262269,5,100,54,-0.04081544311052876,-0.014080099808643887,0.37539417226313021,0.96999999999999997,0.020378605226116852
full_l1,100,262269,5,100,55,0.0041838265400948593,-0.010771102850731129,0.14947987823078335,1,0.0085904077272311152
full_l1,100,262269,5,100,56,-0.021174646763742366,-0.011575657394801375,-0.059804151535489902,1,0.0082690845215276417
full_l1,100,262269,5,100,57,-0.030218493623924481,0.0094440939737865381,0.14794178139487535,0.98999999999999999,0.010030603079553202
full_l1,100,262269,5,100,58,-0.021404504664338742,-0.025769466237705263,-0.42026577056087744,0.97999999999999998,0.014217047875781111
full_l1,100,262269,5,100,59,0.018212798087984483,0.012487044753289878,0.2043735459071816,1,0.0080967425814827271
full_l1,100,262269,5,100,60,-0.014509047255052199,-0.028888224455107858,-0.2045449598523108,0.97999999999999998,0.013303543726536983
full_l1,100,262269,5,100,61,-0.02177219832644095,0.0043464822859478058,-0.46408994731067432,0.97999999999999998,0.017690328089187697
full_l1,100,262269,5,100,62,-0.0025444504517855293,0.0039367235283642721,0.029041802025405294,0.98999999999999999,0.0025771384999761183
full_l1,100,262269,5,100,63,-0.0021972817811719558,-0.0089611848945192474,0.29201089501683319,0.96999999999999997,0.011655381183596535
full_l1,100,262269,5,100,64,-0.045620249383476752,0.05909139651424189,0.46355656871661011,0.89000000000000001,0.026648623430582694
full_l1,100,262269,5,100,65,0.05723251081927172,0.020719756602536332,0.29551186039764588,0.97999999999999998,0.01832647694912596
full_l1,100,262269,5,100,66,0.011970414102502103,-0.0066067428505052206,-0.47669784566424522,0.97999999999999998,0.014445479148273285
full_l1,100,262269,5,100,67,0.01987663307897658,0.041902287650303904,0.26745721161524227,0.98999999999999999,0.019469622247990741
full_l1,100,262269,5,100,68,-0.029882152074682589,-0.019594621831039216,0.083901591967549205,0.94999999999999996,0.014891660319131151
full_l1,100,262269,5,100,69,0.075024512867132742,0.053967386900124481,0.48339517308871116,0.93999999999999995,0.028201556107001608
full_l1,100,262269,5,100,70,0.029529019229541875,-0.00024632025290927118,0.070991121388525702,1,0.0090023220973090897
full_l1,100,262269,5,100,71,-0.021915418162461675,0.0014953961610133515,-0.33144635934331435,1,0.013426991855899717
full_l1,100,262269,5,100,72,0.008792105281666629,0.024613554659578485,0.18233640966224707,0.97999999999999998,0.011758651640333861
full_l1,100,262269,5,100,73,-0.028051173569228594,-0.017006642415900108,-0.20663685484015759,0.98999999999999999,0.011636172644486759
full_l1,100,262269,5,100,74,-0.023911512144330738,-0.0042475203992689003,-0.20099672969884508,0.98999999999999999,0.0096434778723762105
full_l1,100,262269,5,100,75,-0.007345699268406225,-0.012153342512554621,-0.09334974711618127,1,0.0055832254066740666
full_l1,100,262269,5,100,76,0.04368118213602723,-0.00030855446083455362,0.13691197822290158,0.96999999999999997,0.013390831876721293
full_l1,100,262269,5,100,77,0.034343279167105223,0.032785104155202971,0.22290571081491262,0.97999999999999998,0.017575750298253208
full_l1,100,262269,5,100,78,-0.0055145192558139211,0.0073255574748054553,-0.4253864209526963,0.97999999999999998,0.016401026889986615
full_l1,100,262269,5,100,79,-0.013003630598668714,-0.017469665617013241,-0.29687679113188903,1,0.0097234564701863171
full_l1,100,262269,5,100,80,-0.021025448420636694,-0.012039424453078817,-0.33312103486108291,1,0.011298887188290016
full_l1,100,262269,5,100,81,-0.015815212371091736,-0.015289458911715403,-0.29356868576343698,1,0.0097726517505317082
full_l1,100,262269,5,100,82,0.028656163720654826,0.011674696391972494,0.037290466518593357,0.96999999999999997,0.010577934512942335
full_l1,100,262269,5,100,83,0.012422374011583415,-0.01178299196193433,0.0015023821663278092,0.98999999999999999,0.0069287595751355872
full_l1,100,262269,5,100,84,-0.0034532726317622053,0.0046783050513714564,-0.17936735210203114,0.98999999999999999,0.0083166510316771969
full_l1,100,262269,5,100,85,-0.017256423475374261,0.0032623090393397725,0.26588300615830907,0.98999999999999999,0.0082776126452856237
full_l1,100,262269,5,100,86,0.035737650697940326,0.019864248242441374,0.29240248998061302,0.96999999999999997,0.013667440834827946
full_l1,100,262269,5,100,87,0.010190147042366204,0.0058231585075070313,0.15400862325900144,1,0.0046917664092440779
full_l1,100,262269,5,100,88,-0.0051126471364260073,-0.0019066763329613767,-0.29260935253780929,1,0.009600063879865485
full_l1,100,262269,5,100,89,-0.0022650021949728316,-0.004999790708834162,0.13432441980677079,1,0.0052343819157597352
full_l1,100,262269,5,100,90,0.0057278728125065292,-0.0052851700948846059,0.12114633894300186,1,0.0052503967719125287
full_l1,100,262269,5,100,91,-0.021598975023014777,-0.0088609456688517607,-0.28151879217779174,1,0.010412045022073527
full_l1,100,262269,5,100,92,0.0043400749158466478,0.0097604217099134249,0.12564821643759139,1,0.004891271585556696
full_l1,100,262269,5,100,93,-0.0039430218962424046,-0.019898147186208304,-0.36961869243394707,0.98999999999999999,0.010619706811462383
full_l1,100,262269,5,100,94,0.005112763969766343,-0.0065904660027404915,-0.33041796120344835,0.98999999999999999,0.0097294494396965945
full_l1,100,262269,5,100,95,-0.011436518009579899,0.0018431190340495451,-0.15060553173769975,0.97999999999999998,0.0072040782285798157
full_l1,100,262269,5,100,96,0.0055939979472567902,0.0026215754112564049,0.22840703241301163,1,0.0057569603885206325
full_l1,100,262269,5,100,97,0.022310698261080342,0.00062912513589075125,0.21544199064079761,1,0.0086650162990070025
full_l1,100,262269,5,100,98,0.012056515979559812,-0.011027729464175851,-0.095066038653242257,1,0.0059928745003690071
full_l1,100,262269,5,100,99,-0.011023051575145493,-0.017025723666543868,-0.0056595022280205853,0.98999999999999999,0.0091409304850980106
full_l1,100,262269,5,100,100,-0.018745367700058413,-0.013404369454462772,-0.34549468868848043,0.97999999999999998,0.011158669875909842
full_l1,100,262269,5,100,101,0.0067718171707653596,0.012336097168009763,0.18340196983514545,0.98999999999999999,0.0062651497647145202
full_l1,100,262269,5,100,102,0.0029773467678035903,-0.018300826903315803,-0.082746332837186465,0.97999999999999998,0.0082282872308837331
full_l1,100,262269,5,100,103,-0.0089618067008092606,0.010931448548880951,0.12625711559548347,1,0.0058550815539278244
full_l1,100,262269,5,100,104,-0.0012631973065515556,0.0021040708550950082,0.11878696064618044,1,0.0024695724047775519
full_l1,100,262269,5,100,105,0.01096130821928698,-0.0056121938701594321,0.17673080230606186,0.98999999999999999,0.0075032618912238896
full_l1,100,262269,5,100,106,-0.0094897324369596081,-0.01325300217874914,-0.14501534593356014,0.98999999999999999,0.0064509560568701959
full_l1,100,262269,5,100,107,0.0011081991347487996,-0.0045716601068035434,-0.36156026505299099,0.98999999999999999,0.010933511619631018
full_l1,100,262269,5,100,108,-0.010063912499104211,-0.0028940330929683178,0.19295965762916056,1,0.0067762351863143262
full_l1,100,262269,5,100,109,-0.025323808562594197,0.0048398764058272814,0.20109625797371811,1,0.0087969312539374588
full_l1,100,262269,5,100,110,-0.015181998645822148,0.010267463453226044,0.15513947263770511,1,0.0066774830990473837
full_l1,100,262269,5,100,111,-0.0017630024937755895,-0.0031038064923547548,0.16464926744395458,0.98999999999999999,0.0052918390849752486
full_l1,100,262269,5,100,112,0.00063417950330846296,-0.0089465491148683629,0.088439913039212392,1,0.0059510894429213928
full_l1,1000,105026,1,10,1,-0.375,0.45833333333333326,-0.125,0.092999999999999972,0.0093086104754909194
full_l1,1000,105026,1,10,2,-0.041666666666666685,0.20833333333333326,-0.29166666666666669,0.54000000000000004,0.015770464093653694
full_l1,1000,105026,1,10,3,0.20833333333333326,0.29166666666666663,-0.375,0.44100000000000006,0.015753477323308909
full_l1,1000,105026,1,10,4,0.04166666666666663,-0.29166666666666669,0.20833333333333326,0.36299999999999999,0.015227524774891622
full_l1,1000,105026,1,10,5,-0.29166666666666669,0.37499999999999989,-0.041666666666666685,0.22199999999999998,0.012813402020822423
full_l1,1000,105026,1,10,6,0.29166666666666663,-0.375,0.29166666666666663,0.36899999999999999,0.015291982717517253
full_l1,1000,105026,1,10,7,0.37499999999999989,0.04166666666666663,0.37499999999999989,0.33400000000000007,0.015020028189505159
full_l1,1000,105026,1,10,8,0.45833333333333326,-0.125,-0.45833333333333331,0.15199999999999991,0.011504183078807458
full_l1,1000,105026,1,10,9,-0.45833333333333331,0.12499999999999989,-0.20833333333333331,0.25800000000000001,0.014041962291572506
full_l1,1000,105026,1,10,10,0.12499999999999989,-0.20833333333333331,0.45833333333333326,0.40399999999999991,0.015424102205114898
full_l1,1000,105026,1,10,11,-0.20833333333333331,-0.45833333333333331,0.04166666666666663,0.43599999999999994,0.015772872615988254
full_l1,1000,105026,1,10,12,-0.125,-0.041666666666666685,0.12499999999999989,0.78400000000000003,0.012914669921634477
full_l1,1000,105026,1,10,13,-0.11736713567324908,0.49057679428234224,0.46512023561146321,0.46700000000000008,0.015802655012585629
full_l1,1000,105026,1,10,14,-0.11122268375533562,-0.47530910555696448,-0.38407647029561209,0.39800000000000002,0.015536861548949935
full_l1,1000,105026,1,10,15,-0.13251788027313971,-0.28809528287065911,0.46642400532555728,0.30200000000000005,0.014770852323514837
full_l1,1000,105026,1,10,16,-0.13145020175558453,0.3383299947693621,-0.32870377988616384,0.40000000000000002,0.015432201262654384
full_l1,1000,105026,1,10,17,-0.11429971148375584,0.00080324065053094529,0.089597572047739993,0.88500000000000001,0.01018247152819441
full_l1,1000,105026,1,10,18,-0.0986572728943369,0.077299959996399936,0.076964271849382815,0.82899999999999996,0.01216082332368886
full_l1,1000,105026,1,10,19,-0.11326212052937046,0.029148266086314711,0.12818582923516564,0.88300000000000001,0.010200966755425542
full_l1,1000,105026,1,10,20,-0.1137384754823334,-0.017633932217016035,0.054277825716265271,0.873,0.010763714472459312
full_l1,1000,105026,1,10,21,-0.10425173963115908,0.0043855950581297432,0.099306496318152693,0.89800000000000002,0.0093774424556563648
full_l1,1000,105026,1,10,22,-0.050133041951133439,0.00023884382614380861,-0.43829732116954601,0.96199999999999997,0.0065992244624291435
full_l1,1000,105026,1,30,1,-0.375,0.45833333333333326,-0.125,0.092999999999999972,0.0093086104754909194
full_l1,1000,105026,1,30,2,-0.041666666666666685,0.20833333333333326,-0.29166666666666669,0.54000000000000004,0.015770464093653694
full_l1,1000,105026,1,30,3,0.20833333333333326,0.29166666666666663,-0.375,0.44100000000000006,0.015753477323308909
full_l1,1000,105026,1,30,4,0.04166666666666663,-0.29166666666666669,0.20833333333333326,0.36299999999999999,0.015227524774891622
full_l1,1000,105026,1,30,5,-0.29166666666666669,0.37499999999999989,-0.041666666666666685,0.22199999999999998,0.012813402020822423
full_l1,1000,105026,1,30,6,0.29166666666666663,-0.375,0.29166666666666663,0.36899999999999999,0.015291982717517253
full_l1,1000,105026,1,30,7,0.37499999999999989,0.04166666666666663,0.37499999999999989,0.33400000000000007,0.015020028189505159
full_l1,1000,105026,1,30,8,0.45833333333333326,-0.125,-0.45833333333333331,0.15199999999999991,0.011504183078807458
full_l1,1000,105026,1,30,9,-0.45833333333333331,0.12499999999999989,-0.20833333333333331,0.25800000000000001,0.014041962291572506
full_l1,1000,105026,1,30,10,0.12499999999999989,-0.20833333333333331,0.45833333333333326,0.40399999999999991,0.015424102205114898
full_l1,1000,105026,1,30,11,-0.20833333333333331,-0.45833333333333331,0.04166666666666663,0.43599999999999994,0.015772872615988254
full_l1,1000,105026,1,30,12,-0.125,-0.041666666666666685,0.12499999999999989,0.78400000000000003,0.012914669921634477
full_l1,1000,105026,1,30,13,-0.11736713567324908,0.49057679428234224,0.46512023561146321,0.46700000000000008,0.015802655012585629
full_l1,1000,105026,1,30,14,-0.11122268375533562,-0.47530910555696448,-0.38407647029561209,0.39800000000000002,0.015536861548949935
full_l1,1000,105026,1,30,15,-0.13251788027313971,-0.28809528287065911,0.46642400532555728,0.30200000000000005,0.014770852323514837
full_l1,1000,105026,1,30,16,-0.13145020175558453,0.3383299947693621,-0.32870377988616384,0.40000000000000002,0.015432201262654384
full_l1,1000,105026,1,30,17,-0.11429971148375584,0.00080324065053094529,0.089597572047739993,0.88500000000000001,0.01018247152819441
full_l1,1000,105026,1,30,18,-0.0986572728943369,0.077299959996399936,0.076964271849382815,0.82899999999999996,0.01216082332368886
full_l1,1000,105026,1,30,19,-0.11326212052937046,0.029148266086314711,0.12818582923516564,0.88300000000000001,0.010200966755425542
full_l1,1000,105026,1,30,20,-0.1137384754823334,-0.017633932217016035,0.054277825716265271,0.873,0.010763714472459312
full_l1,1000,105026,1,30,21,-0.10425173963115908,0.0043855950581297432,0.099306496318152693,0.89800000000000002,0.0093774424556563648
full_l1,1000,105026,1,30,22,-0.050133041951133439,0.00023884382614380861,-0.43829732116954601,0.96199999999999997,0.0065992244624291435
full_l1,1000,105026,1,30,23,-0.00030567296924455256,0.017495189032072922,-0.19749474435448899,0.98499999999999999,0.0045184705901612403
full_l1,1000,105026,1,30,24,0.050865797103692545,-0.024576204258330181,-0.47515791518059491,0.95799999999999996,0.006588473682466677
full_l1,1000,105026,1,30,25,-0.015821478586651949,-0.047617062526685627,-0.31520898633014105,0.95699999999999996,0.006640054657614647
full_l1,1000,105026,1,30,26,0.0089047210162229717,0.0093764461770626806,-0.48548634008932301,0.95699999999999996,0.0059665504224284136
full_l1,1000,105026,1,30,27,0.045946262216864708,0.0077150856559466963,0.14191016094171349,0.98299999999999998,0.0043930841486303157
full_l1,1000,105026,1,30,28,0.028778964901178483,-0.013726234372598345,-0.062361036003546477,0.99099999999999999,0.0034309753896151624
full_l1,1000,105026,1,30,29,0.0013313203595093359,0.036807676548609169,0.39348356111604543,0.96599999999999997,0.0051556946147212476
full_l1,1000,105026,1,30,30,-0.00010673982237063839,0.0050183139048007863,0.14520435413424915,0.998,0.0010328130116704236
full_l1,1000,105026,1,30,31,0.046926710287738205,0.03468893173054588,-0.054118343834859362,0.93400000000000005,0.0071935104651895372
full_l1,1000,105026,1,30,32,0.020842442179902054,-0.010487411969116733,0.38514225230311072,0.97499999999999998,0.0051409328075261197
full_l1,1000,105026,1,30,33,-0.033630288397155095,-0.0016173749950956218,-0.12613332464842641,0.98399999999999999,0.0035667975853535001
full_l1,1000,105026,1,30,34,0.021546259779726018,-0.023944368658637583,-0.26474696909634998,0.98599999999999999,0.0039722493245583877
full_l1,1000,105026,1,30,35,-0.015039144706502361,0.0027872293815123239,0.29328502798852552,0.99399999999999999,0.0027335105707239414
full_l1,1000,105026,1,30,36,0.020645910562471448,-0.022083460514124686,0.17747263238896926,0.97099999999999997,0.0052278718603991723
full_l1,1000,105026,1,30,37,0.0068429698230341174,0.013225052441738105,0.33703455533655902,0.995,0.0026700772335805736
full_l1,1000,105026,1,30,38,3.3792952458533421e-05,0.0029699451314642022,-0.072897178040749022,1,0.0014071176718852441
full_l1,1000,105026,1,30,39,0.001317636859616611,0.011854330166070071,0.23632518138595238,0.995,0.0019816440564735882
full_l1,1000,105026,1,30,40,0.0040187168882115376,-9.1978661784786198e-06,0.045292038268059942,0.998,0.00042761240736419951
full_l1,1000,105026,1,30,41,0.018492945736983346,-0.011284541377717172,-0.14468585090337971,0.99299999999999999,0.0024516356897568764
full_l1,1000,105026,1,30,42,-0.012759374380373778,-0.019919837951017261,-0.29190529444064639,0.99399999999999999,0.0032037117233445272
full_l1,1000,105026,1,50,1,-0.375,0.45833333333333326,-0.125,0.092999999999999972,0.0093086104754909194
full_l1,1000,105026,1,50,2,-0.041666666666666685,0.20833333333333326,-0.29166666666666669,0.54000000000000004,0.015770464093653694
full_l1,1000,105026,1,50,3,0.20833333333333326,0.29166666666666663,-0.375,0.44100000000000006,0.015753477323308909
full_l1,1000,105026,1,50,4,0.04166666666666663,-0.29166666666666669,0.20833333333333326,0.36299999999999999,0.015227524774891622
full_l1,1000,105026,1,50,5,-0.29166666666666669,0.37499999999999989,-0.041666666666666685,0.22199999999999998,0.012813402020822423
full_l1,1000,105026,1,50,6,0.29166666666666663,-0.375,0.29166666666666663,0.36899999999999999,0.015291982717517253
full_l1,1000,105026,1,50,7,0.37499999999999989,0.04166666666666663,0.37499999999999989,0.33400000000000007,0.015020028189505159
full_l1,1000,105026,1,50,8,0.45833333333333326,-0.125,-0.45833333333333331,0.15199999999999991,0.011504183078807458
full_l1,1000,105026,1,50,9,-0.45833333333333331,0.12499999999999989,-0.20833333333333331,0.25800000000000001,0.014041962291572506
full_l1,1000,105026,1,50,10,0.12499999999999989,-0.20833333333333331,0.45833333333333326,0.40399999999999991,0.015424102205114898
full_l1,1000,105026,1,50,11,-0.20833333333333331,-0.45833333333333331,0.04166666666666663,0.43599999999999994,0.015772872615988254
full_l1,1000,105026,1,50,12,-0.125,-0.041666666666666685,0.12499999999999989,0.78400000000000003,0.012914669921634477
full_l1,1000,105026,1,50,13,-0.11736713567324908,0.49057679428234224,0.46512023561146321,0.46700000000000008,0.015802655012585629
full_l1,1000,105026,1,50,14,-0.11122268375533562,-0.47530910555696448,-0.38407647029561209,0.39800000000000002,0.015536861548949935
full_l1,1000,105026,1,50,15,-0.13251788027313971,-0.28809528287065911,0.46642400532555728,0.30200000000000005,0.014770852323514837
full_l1,1000,105026,1,50,16,-0.13145020175558453,0.3383299947693621,-0.32870377988616384,0.40000000000000002,0.015432201262654384
full_l1,1000,105026,1,50,17,-0.11429971148375584,0.00080324065053094529,0.089597572047739993,0.88500000000000001,0.01018247152819441
full_l1,1000,105026,1,50,18,-0.0986572728943369,0.077299959996399936,0.076964271849382815,0.82899999999999996,0.01216082332368886
full_l1,1000,105026,1,50,19,-0.11326212052937046,0.029148266086314711,0.12818582923516564,0.88300000000000001,0.010200966755425542
full_l1,1000,105026,1,50,20,-0.1137384754823334,-0.017633932217016035,0.054277825716265271,0.873,0.010763714472459312
full_l1,1000,105026,1,50,21,-0.10425173963115908,0.0043855950581297432,0.099306496318152693,0.89800000000000002,0.0093774424556563648
full_l1,1000,105026,1,50,22,-0.050133041951133439,0.00023884382614380861,-0.43829732116954601,0.96199999999999997,0.0065992244624291435
full_l1,1000,105026,1,50,23,-0.00030567296924455256,0.017495189032072922,-0.19749474435448899,0.98499999999999999,0.0045184705901612403
full_l1,1000,105026,1,50,24,0.050865797103692545,-0.024576204258330181,-0.47515791518059491,0.95799999999999996,0.006588473682466677
full_l1,1000,105026,1,50,25,-0.015821478586651949,-0.047617062526685627,-0.31520898633014105,0.95699999999999996,0.006640054657614647
full_l1,1000,105026,1,50,26,0.0089047210162229717,0.0093764461770626806,-0.48548634008932301,0.95699999999999996,0.0059665504224284136
full_l1,1000,105026,1,50,27,0.045946262216864708,0.0077150856559466963,0.14191016094171349,0.98299999999999998,0.0043930841486303157
full_l1,1000,105026,1,50,28,0.028778964901178483,-0.013726234372598345,-0.062361036003546477,0.99099999999999999,0.0034309753896151624
full_l1,1000,105026,1,50,29,0.0013313203595093359,0.036807676548609169,0.39348356111604543,0.96599999999999997,0.0051556946147212476
full_l1,1000,105026,1,50,30,-0.00010673982237063839,0.0050183139048007863,0.14520435413424915,0.998,0.0010328130116704236
full_l1,1000,105026,1,50,31,0.046926710287738205,0.03468893173054588,-0.054118343834859362,0.93400000000000005,0.0071935104651895372
full_l1,1000,105026,1,50,32,0.020842442179902054,-0.010487411969116733,0.38514225230311072,0.97499999999999998,0.0051409328075261197
full_l1,1000,105026,1,50,33,-0.033630288397155095,-0.0016173749950956218,-0.12613332464842641,0.98399999999999999,0.0035667975853535001
full_l1,1000,105026,1,50,34,0.021546259779726018,-0.023944368658637583,-0.26474696909634998,0.98599999999999999,0.0039722493245583877
full_l1,1000,105026,1,50,35,-0.015039144706502361,0.0027872293815123239,0.29328502798852552,0.99399999999999999,0.0027335105707239414
full_l1,1000,105026,1,50,36,0.020645910562471448,-0.022083460514124686,0.17747263238896926,0.97099999999999997,0.0052278718603991723
full_l1,1000,105026,1,50,37,0.0068429698230341174,0.013225052441738105,0.33703455533655902,0.995,0.0026700772335805736
full_l1,1000,105026,1,50,38,3.3792952458533421e-05,0.0029699451314642022,-0.072897178040749022,1,0.0014071176718852441
full_l1,1000,105026,1,50,39,0.001317636859616611,0.011854330166070071,0.23632518138595238,0.995,0.0019816440564735882
full_l1,1000,105026,1,50,40,0.0040187168882115376,-9.1978661784786198e-06,0.045292038268059942,0.998,0.00042761240736419951
full_l1,1000,105026,1,50,41,0.018492945736983346,-0.011284541377717172,-0.14468585090337971,0.99299999999999999,0.0024516356897568764
full_l1,1000,105026,1,50,42,-0.012759374380373778,-0.019919837951017261,-0.29190529444064639,0.99399999999999999,0.0032037117233445272
full_l1,1000,105026,1,50,43,-0.00044917214589146326,0.018512519127245497,0.056978334498045902,0.99199999999999999,0.0030692293409727367
full_l1,1000,105026,1,50,44,0.010876612885120096,-0.0018228764802259434,0.25409190526406844,0.995,0.0025947475209063433
full_l1,1000,105026,1,50,45,-0.0041649484000241266,-0.021008760085091449,-0.47565892038182134,0.97999999999999998,0.004096258120036167
full_l1,1000,105026,1,50,46,0.019590437962123008,0.0093764622927343666,0.16245153195241246,0.99399999999999999,0.0023492614253137708
full_l1,1000,105026,1,50,47,0.010050986060161193,-0.0020611208483627408,-0.077024071393718252,0.997,0.0013180889756759114
full_l1,1000,105026,1,50,48,0.006769118036661359,-0.0063048358037371965,-0.37056165124265239,0.98499999999999999,0.0034946645647556149
full_l1,1000,105026,1,50,49,-0.0075100888523993437,-0.0092338736830750445,-0.27462736116768971,0.995,0.0025408476378495524
full_l1,1000,105026,1,50,50,0.0013275081907517805,0.0095933992976906524,-0.022173609183159471,0.996,0.0020454101119854818
full_l1,1000,105026,1,50,51,-0.016918994987348723,-0.0078165480009129151,0.016862306593771637,0.997,0.0020493461382881887
full_l1,1000,105026,1,50,52,0.025857560832630799,0.012861865677298079,0.28851386533935042,0.98799999999999999,0.003280009024524435
full_l1,1000,105026,1,50,53,-0.00096468041331698728,-0.015600647706494941,-0.11552924073597604,0.997,0.0020986173906063356
full_l1,1000,105026,1,50,54,-0.015842494033907251,-0.0085882487018718034,-0.076013893074754257,0.997,0.0019318972899547715
full_l1,1000,105026,1,50,55,-0.012275329563056214,-0.010286312266729603,-0.22052703157361342,0.99299999999999999,0.0023379400111890845
full_l1,1000,105026,1,50,56,0.014341834986199675,-0.014621519656772719,0.0659428607997945,0.99399999999999999,0.0030550003444202254
full_l1,1000,105026,1,50,57,-0.0066091652154238734,-0.0080076931217663017,0.088802806494606257,0.995,0.0018413985917662757
full_l1,1000,105026,1,50,58,-0.024291231410293879,0.0024793239347797869,0.026474135206665084,0.98999999999999999,0.0024001007359482651
full_l1,1000,105026,1,50,59,-0.0018193670294237574,-0.00036454863971902007,-0.16996897172918213,0.997,0.0019473839289763934
full_l1,1000,105026,1,50,60,-0.019198953039311739,0.010858108521122567,0.4152464851180917,0.99399999999999999,0.0035601399847231376
full_l1,1000,105026,1,50,61,-0.0079377678771532789,-0.003175929389420018,0.016897546882514325,0.999,0.00086619426591535487
full_l1,1000,105026,1,50,62,0.0021362936633801954,0.0084586600003830892,-0.10253119643715314,0.99399999999999999,0.0024725141705697375
full_l1,1000,105026,1,100,1,-0.375,0.45833333333333326,-0.125,0.092999999999999972,0.0093086104754909194
full_l1,1000,105026,1,100,2,-0.041666666666666685,0.20833333333333326,-0.29166666666666669,0.54000000000000004,0.015770464093653694
full_l1,1000,105026,1,100,3,0.20833333333333326,0.29166666666666663,-0.375,0.44100000000000006,0.015753477323308909
full_l1,1000,105026,1,100,4,0.04166666666666663,-0.29166666666666669,0.20833333333333326,0.36299999999999999,0.015227524774891622
full_l1,1000,105026,1,100,5,-0.29166666666666669,0.37499999999999989,-0.041666666666666685,0.22199999999999998,0.012813402020822423
full_l1,1000,105026,1,100,6,0.29166666666666663,-0.375,0.29166666666666663,0.36899999999999999,0.015291982717517253
full_l1,1000,105026,1,100,7,0.37499999999999989,0.04166666666666663,0.37499999999999989,0.33400000000000007,0.015020028189505159
full_l1,1000,105026,1,100,8,0.45833333333333326,-0.125,-0.45833333333333331,0.15199999999999991,0.011504183078807458
full_l1,1000,105026,1,100,9,-0.45833333333333331,0.12499999999999989,-0.20833333333333331,0.25800000000000001,0.014041962291572506
full_l1,1000,105026,1,100,10,0.12499999999999989,-0.20833333333333331,0.45833333333333326,0.40399999999999991,0.015424102205114898
full_l1,1000,105026,1,100,11,-0.20833333333333331,-0.45833333333333331,0.04166666666666663,0.43599999999999994,0.015772872615988254
full_l1,1000,105026,1,100,12,-0.125,-0.041666666666666685,0.12499999999999989,0.78400000000000003,0.012914669921634477
full_l1,1000,105026,1,100,13,-0.11736713567324908,0.49057679428234224,0.46512023561146321,0.46700000000000008,0.015802655012585629
full_l1,1000,105026,1,100,14,-0.11122268375533562,-0.47530910555696448,-0.38407647029561209,0.39800000000000002,0.015536861548949935
full_l1,1000,105026,1,100,15,-0.13251788027313971,-0.28809528287065911,0.46642400532555728,0.30200000000000005,0.014770852323514837
full_l1,1000,105026,1,100,16,-0.13145020175558453,0.3383299947693621,-0.32870377988616384,0.40000000000000002,0.015432201262654384
full_l1,1000,105026,1,100,17,-0.11429971148375584,0.00080324065053094529,0.089597572047739993,0.88500000000000001,0.01018247152819441
full_l1,1000,105026,1,100,18,-0.0986572728943369,0.077299959996399936,0.076964271849382815,0.82899999999999996,0.01216082332368886
full_l1,1000,105026,1,100,19,-0.11326212052937046,0.029148266086314711,0.12818582923516564,0.88300000000000001,0.010200966755425542
full_l1,1000,105026,1,100,20,-0.1137384754823334,-0.017633932217016035,0.054277825716265271,0.873,0.010763714472459312
full_l1,1000,105026,1,100,21,-0.10425173963115908,0.0043855950581297432,0.099306496318152693,0.89800000000000002,0.0093774424556563648
full_l1,1000,105026,1,100,22,-0.050133041951133439,0.00023884382614380861,-0.43829732116954601,0.96199999999999997,0.0065992244624291435
full_l1,1000,105026,1,100,23,-0.00030567296924455256,0.017495189032072922,-0.19749474435448899,0.98499999999999999,0.0045184705901612403
full_l1,1000,105026,1,100,24,0.050865797103692545,-0.024576204258330181,-0.47515791518059491,0.95799999999999996,0.006588473682466677
full_l1,1000,105026,1,100,25,-0.015821478586651949,-0.047617062526685627,-0.31520898633014105,0.95699999999999996,0.006640054657614647
full_l1,1000,105026,1,100,26,0.0089047210162229717,0.0093764461770626806,-0.48548634008932301,0.95699999999999996,0.0059665504224284136
full_l1,1000,105026,1,100,27,0.045946262216864708,0.0077150856559466963,0.14191016094171349,0.98299999999999998,0.0043930841486303157
full_l1,1000,105026,1,100,28,0.028778964901178483,-0.013726234372598345,-0.062361036003546477,0.99099999999999999,0.0034309753896151624
full_l1,1000,105026,1,100,29,0.0013313203595093359,0.036807676548609169,0.39348356111604543,0.96599999999999997,0.0051556946147212476
full_l1,1000,105026,1,100,30,-0.00010673982237063839,0.0050183139048007863,0.14520435413424915,0.998,0.0010328130116704236
full_l1,1000,105026,1,100,31,0.046926710287738205,0.03468893173054588,-0.054118343834859362,0.93400000000000005,0.0071935104651895372
full_l1,1000,105026,1,100,32,0.020842442179902054,-0.010487411969116733,0.38514225230311072,0.97499999999999998,0.0051409328075261197
full_l1,1000,105026,1,100,33,-0.033630288397155095,-0.0016173749950956218,-0.12613332464842641,0.98399999999999999,0.0035667975853535001
full_l1,1000,105026,1,100,34,0.021546259779726018,-0.023944368658637583,-0.26474696909634998,0.98599999999999999,0.0039722493245583877
full_l1,1000,105026,1,100,35,-0.015039144706502361,0.0027872293815123239,0.29328502798852552,0.99399999999999999,0.0027335105707239414
full_l1,1000,105026,1,100,36,0.020645910562471448,-0.022083460514124686,0.17747263238896926,0.97099999999999997,0.0052278718603991723
full_l1,1000,105026,1,100,37,0.0068429698230341174,0.013225052441738105,0.33703455533655902,0.995,0.0026700772335805736
full_l1,1000,105026,1,100,38,3.3792952458533421e-05,0.0029699451314642022,-0.072897178040749022,1,0.0014071176718852441
full_l1,1000,105026,1,100,39,0.001317636859616611,0.011854330166070071,0.23632518138595238,0.995,0.0019816440564735882
full_l1,1000,105026,1,100,40,0.0040187168882115376,-9.1978661784786198e-06,0.045292038268059942,0.998,0.00042761240736419951
full_l1,1000,105026,1,100,41,0.018492945736983346,-0.011284541377717172,-0.14468585090337971,0.99299999999999999,0.0024516356897568764
full_l1,1000,105026,1,100,42,-0.012759374380373778,-0.019919837951017261,-0.29190529444064639,0.99399999999999999,0.0032037117233445272
full_l1,1000,105026,1,100,43,-0.00044917214589146326,0.018512519127245497,0.056978334498045902,0.99199999999999999,0.0030692293409727367
full_l1,1000,105026,1,100,44,0.010876612885120096,-0.0018228764802259434,0.25409190526406844,0.995,0.0025947475209063433
full_l1,1000,105026,1,100,45,-0.0041649484000241266,-0.021008760085091449,-0.47565892038182134,0.97999999999999998,0.004096258120036167
full_l1,1000,105026,1,100,46,0.019590437962123008,0.0093764622927343666,0.16245153195241246,0.99399999999999999,0.0023492614253137708
full_l1,1000,105026,1,100,47,0.010050986060161193,-0.0020611208483627408,-0.077024071393718252,0.997,0.0013180889756759114
full_l1,1000,105026,1,100,48,0.006769118036661359,-0.0063048358037371965,-0.37056165124265239,0.98499999999999999,0.0034946645647556149
full_l1,1000,105026,1,100,49,-0.0075100888523993437,-0.0092338736830750445,-0.27462736116768971,0.995,0.0025408476378495524
full_l1,1000,105026,1,100,50,0.0013275081907517805,0.0095933992976906524,-0.022173609183159471,0.996,0.0020454101119854818
full_l1,1000,105026,1,100,51,-0.016918994987348723,-0.0078165480009129151,0.016862306593771637,0.997,0.0020493461382881887
full_l1,1000,105026,1,100,52,0.025857560832630799,0.012861865677298079,0.28851386533935042,0.98799999999999999,0.003280009024524435
full_l1,1000,105026,1,100,53,-0.00096468041331698728,-0.015600647706494941,-0.11552924073597604,0.997,0.0020986173906063356
full_l1,1000,105026,1,100,54,-0.015842494033907251,-0.0085882487018718034,-0.076013893074754257,0.997,0.0019318972899547715
full_l1,1000,105026,1,100,55,-0.012275329563056214,-0.010286312266729603,-0.22052703157361342,0.99299999999999999,0.0023379400111890845
full_l1,1000,105026,1,100,56,0.014341834986199675,-0.014621519656772719,0.0659428607997945,0.99399999999999999,0.0030550003444202254
full_l1,1000,105026,1,100,57,-0.0066091652154238734,-0.0080076931217663017,0.088802806494606257,0.995,0.0018413985917662757
full_l1,1000,105026,1,100,58,-0.024291231410293879,0.0024793239347797869,0.026474135206665084,0.98999999999999999,0.0024001007359482651
full_l1,1000,105026,1,100,59,-0.0018193670294237574,-0.00036454863971902007,-0.16996897172918213,0.997,0.0019473839289763934
full_l1,1000,105026,1,100,60,-0.019198953039311739,0.010858108521122567,0.4152464851180917,0.99399999999999999,0.0035601399847231376
full_l1,1000,105026,1,100,61,-0.0079377678771532789,-0.003175929389420018,0.016897546882514325,0.999,0.00086619426591535487
full_l1,1000,105026,1,100,62,0.0021362936633801954,0.0084586600003830892,-0.10253119643715314,0.99399999999999999,0.0024725141705697375
full_l1,1000,105026,1,100,63,-0.0017887797421158869,-0.0083666689995454124,-0.077499271912063072,0.998,0.0011158780145819485
full_l1,1000,105026,1,100,64,0.012574797335401788,-0.016043766565373874,-0.033749951625684282,0.99299999999999999,0.002701121539756051
full_l1,1000,105026,1,100,65,-0.010867728676134503,0.008153817804747332,0.30888169785286412,0.99399999999999999,0.0024911258265547949
full_l1,1000,105026,1,100,66,0.49220863876432008,0.49868603834901482,0.462130541369971,0,0.001803581726392572
full_l1,1000,105026,1,100,67,-0.019922218448272577,0.025876580367506286,0.49771123163723585,0.97199999999999998,0.004520147052740754
full_l1,1000,105026,1,100,68,-0.012722683031821669,-0.0014760136489480047,0.34641590483915663,0.98599999999999999,0.0034523764776084841
full_l1,1000,105026,1,100,69,-0.0043220825691347997,-0.011241797091614325,0.043519231170803252,0.997,0.0019990405259513577
full_l1,1000,105026,1,100,70,0.0035431321906820301,0.0036434238510540951,0.49115977166072855,0.97799999999999998,0.0041529813179457227
full_l1,1000,105026,1,100,71,-0.00054973990390938532,0.0087091205673364147,0.18688197377269078,0.998,0.001502505791478984
full_l1,1000,105026,1,100,72,-0.0036814161990248451,0.0068866856232538964,0.21336176283719821,0.995,0.0015860992182886804
full_l1,1000,105026,1,100,73,-0.0076297309538879698,0.005531850153404072,-0.2471821454764429,0.98899999999999999,0.0034158675049428466
full_l1,1000,105026,1,100,74,0.005431607222493362,-0.02428449182819481,-0.12031335039321722,0.99099999999999999,0.0034981519289051855
full_l1,1000,105026,1,100,75,-0.010911819260015276,-0.0047607743726207907,-0.025296632923513807,0.997,0.00121580967800716
full_l1,1000,105026,1,100,76,-0.0040020441000723217,-0.012122659622153309,-0.15914158121476119,0.999,0.0017823962912442283
full_l1,1000,105026,1,100,77,-0.0085746764315490775,-0.001645109662737454,-0.15377341914725884,0.996,0.0018628416536757345
full_l1,1000,105026,1,100,78,0.011813020849314348,0.0098638728961946143,0.24544068705549682,0.998,0.0021764347674339273
full_l1,1000,105026,1,100,79,0.010687703082138844,0.0066435063215761758,0.089442060876227636,0.998,0.0014603793743889514
full_l1,1000,105026,1,100,80,0.0028295310099917259,0.001776456930245196,0.079924003792948506,1,0.00054642397363106898
full_l1,1000,105026,1,100,81,-0.010391678018931483,0.014902490585134265,0.16714910788844484,0.998,0.0023995742635691958
full_l1,1000,105026,1,100,82,-0.002004160782174802,0.015797270339515057,0.16532659886117984,0.995,0.0023480027331262599
full_l1,1000,105026,1,100,83,-0.020747378248766379,0.018926583900802596,0.19388309487052857,0.99099999999999999,0.0033269512074048046
full_l1,1000,105026,1,100,84,0.0050506524338207459,0.0044504700297733901,-0.025275991429849265,0.997,0.0013193783280870141
full_l1,1000,105026,1,100,85,0.016571049892500689,-0.014489043332239104,0.038944604615175793,0.98499999999999999,0.002995391181315588
full_l1,1000,105026,1,100,86,0.031675374870418604,0.0023401644278902012,0.127653389826625,0.98799999999999999,0.0030981602046895426
full_l1,1000,105026,1,100,87,0.0039252257460460349,0.0018012992834082198,0.18490652663114382,1,0.0014309623322875105
full_l1,1000,105026,1,100,88,-0.0082266133387480789,0.0077603964397074954,0.40496564698587911,0.98499999999999999,0.0031911210413284792
full_l1,1000,105026,1,100,89,-0.034114954842965117,0.016501242089681734,0.37388617236442379,0.97899999999999998,0.0042338084189372932
full_l1,1000,105026,1,100,90,0.0094004641996088267,-0.00052437144351169529,0.10935837579851304,0.998,0.0012234963692734674
full_l1,1000,105026,1,100,91,-0.0012651811096004995,0.0025322838731050012,0.034321325258696911,1,0.00052840980647033428
full_l1,1000,105026,1,100,92,-0.0049168263234513621,0.011743490149696223,0.064500943212734141,0.998,0.001984411781959542
full_l1,1000,105026,1,100,93,-0.015065372948042777,0.0041923840954389835,-0.015294004792361093,0.999,0.0018207310698810147
full_l1,1000,105026,1,100,94,0.0067418299672830084,-0.02261707158798032,-0.17982364009204344,0.98299999999999998,0.0031587676493343335
full_l1,1000,105026,1,100,95,-0.011973773741939642,0.0058877561460837224,-0.03861060157018259,0.996,0.0019318830920697313
full_l1,1000,105026,1,100,96,0.0037999635019174693,-0.013741477600951457,-0.12877282546014945,0.996,0.0018862640102479296
full_l1,1000,105026,1,100,97,-0.015811959187188362,0.0073242292002579923,0.007070857667319741,0.996,0.0021026280743171163
full_l1,1000,105026,1,100,98,0.012437627808786988,-0.0015747084860289196,-0.20450703400294845,0.998,0.0024812664889962669
full_l1,1000,105026,1,100,99,0.01377986695917488,-0.0016844643486952915,-0.1809185401871809,0.997,0.0023469623606797055
full_l1,1000,105026,1,100,100,0.008079647175985194,0.00423803452684135,0.19484451490367727,0.998,0.0015795111604205293
full_l1,1000,105026,1,100,101,-0.024241564206713528,0.0073280158432762477,0.17210868044722427,0.995,0.0026299327631066306
full_l1,1000,105026,1,100,102,-0.01311677846354109,0.018129025860698311,0.11054258247988269,0.99199999999999999,0.0030394104590048734
full_l1,1000,105026,1,100,103,0.0016243016219441575,-0.016033713885179601,-0.30110077927285839,0.995,0.0027435251627423835
full_l1,1000,105026,1,100,104,-0.00049319898744992763,0.0099428939717771669,-0.008886824883979072,0.998,0.0020125829503110635
full_l1,1000,105026,1,100,105,0.00017694480110441724,0.011331239020908823,0.078703025116304115,0.996,0.0018161070778288228
full_l1,1000,105026,1,100,106,-0.014837927441765375,-0.010162642399520028,-0.048259780175873068,0.996,0.0019970302577456134
full_l1,1000,105026,1,100,107,0.022826697075255753,0.0047380646408119453,-0.25046114902096228,0.98999999999999999,0.0039256773241607363
full_l1,1000,105026,1,100,108,-0.00068334187364094134,-0.014621008617037745,-0.077669746144896301,0.996,0.0019996735005016991
full_l1,1000,105026,1,100,109,-0.01491976627668512,0.0037635643316007439,0.021506583678105207,0.997,0.0016332535760750411
full_l1,1000,105026,1,100,110,0.00083743180208273316,-7.0317101680039684e-05,-0.11049260258867144,0.997,0.0013896395930125996
full_l1,1000,105026,1,100,111,0.0067232457413304303,-0.01278621878702757,-0.24649662919310233,0.997,0.0023535553611685658
full_l1,1000,105026,1,100,112,-0.0088773869757101664,0.0027216853263489771,-0.034803030477903008,0.999,0.0013418136514643597
full_l1,1000,29498,2,10,1,-0.20833333333333331,-0.29166666666666669,0.29166666666666663,0.38700000000000001,0.015493229458220034
full_l1,1000,29498,2,10,2,0.29166666666666663,-0.041666666666666685,-0.20833333333333331,0.43300000000000005,0.015641830526189917
full_l1,1000,29498,2,10,3,0.12499999999999989,0.45833333333333326,0.20833333333333326,0.44900000000000007,0.015761379018535228
full_l1,1000,29498,2,10,4,-0.29166666666666669,0.12499999999999989,0.12499999999999989,0.43399999999999994,0.015695921881067394
full_l1,1000,29498,2,10,5,0.20833333333333326,-0.45833333333333331,0.37499999999999989,0.44900000000000007,0.015755590602801607
full_l1,1000,29498,2,10,6,-0.125,-0.125,-0.125,0.51700000000000002,0.01580671327786061
full_l1,1000,29498,2,10,7,0.04166666666666663,0.20833333333333326,0.45833333333333326,0.60799999999999998,0.015304349873746952
full_l1,1000,29498,2,10,8,-0.375,0.04166666666666663,-0.45833333333333331,0.41900000000000004,0.015473314632197185
full_l1,1000,29498,2,10,9,-0.45833333333333331,-0.20833333333333331,-0.375,0.17300000000000004,0.012329547853106271
full_l1,1000,29498,2,10,10,0.37499999999999989,0.37499999999999989,0.04166666666666663,0.15500000000000003,0.011316912114619807
full_l1,1000,29498,2,10,11,0.45833333333333326,-0.375,-0.041666666666666685,0.12799999999999989,0.011341450678110545
full_l1,1000,29498,2,10,12,-0.041666666666666685,0.29166666666666663,-0.29166666666666669,0.46399999999999997,0.015774922023652327
full_l1,1000,29498,2,10,13,0.044321597736283636,-0.49201393347675393,0.074305050552919916,0.44599999999999995,0.015654556431498913
full_l1,1000,29498,2,10,14,0.010810492112671266,0.46806998418387669,0.4239200398848002,0.47399999999999998,0.015810822030615276
full_l1,1000,29498,2,10,15,0.067897665355888259,0.33904249781229945,0.46678585207593914,0.503,0.015784177053072876
full_l1,1000,29498,2,10,16,-0.068082657646316935,-0.48183529439406958,0.4844376895184006,0.33699999999999997,0.014921202757798516
full_l1,1000,29498,2,10,17,-0.14960525130915547,0.4617052109439268,-0.49342152199020006,0.37,0.015435068182683701
full_l1,1000,29498,2,10,18,0.042818272963925041,0.018055108616391147,0.47649223899706805,0.97699999999999998,0.0051795564562286678
full_l1,1000,29498,2,10,19,0.039408914847955057,-0.19326696571181357,0.48079221677721873,0.33899999999999997,0.015099256402158329
full_l1,1000,29498,2,10,20,0.064170162383163865,-0.037985128173519067,0.27009133279602726,0.88200000000000001,0.0099826748053401769
full_l1,1000,29498,2,10,21,0.053693029091304911,0.0069308652371700141,0.46453933320845242,0.96399999999999997,0.0059476741760760808
full_l1,1000,29498,2,10,22,0.015690668989664314,0.033799702882765459,0.0056576428710997106,0.95999999999999996,0.005810067873842968
full_l1,1000,29498,2,30,1,-0.20833333333333331,-0.29166666666666669,0.29166666666666663,0.38700000000000001,0.015493229458220034
full_l1,1000,29498,2,30,2,0.29166666666666663,-0.041666666666666685,-0.20833333333333331,0.43300000000000005,0.015641830526189917
full_l1,1000,29498,2,30,3,0.12499999999999989,0.45833333333333326,0.20833333333333326,0.44900000000000007,0.015761379018535228
full_l1,1000,29498,2,30,4,-0.29166666666666669,0.12499999999999989,0.12499999999999989,0.43399999999999994,0.015695921881067394
full_l1,1000,29498,2,30,5,0.20833333333333326,-0.45833333333333331,0.37499999999999989,0.44900000000000007,0.015755590602801607
full_l1,1000,29498,2,30,6,-0.125,-0.125,-0.125,0.51700000000000002,0.01580671327786061
full_l1,1000,29498,2,30,7,0.04166666666666663,0.20833333333333326,0.45833333333333326,0.60799999999999998,0.015304349873746952
full_l1,1000,29498,2,30,8,-0.375,0.04166666666666663,-0.45833333333333331,0.41900000000000004,0.015473314632197185
full_l1,1000,29498,2,30,9,-0.45833333333333331,-0.20833333333333331,-0.375,0.17300000000000004,0.012329547853106271
full_l1,1000,29498,2,30,10,0.37499999999999989,0.37499999999999989,0.04166666666666663,0.15500000000000003,0.011316912114619807
full_l1,1000,29498,2,30,11,0.45833333333333326,-0.375,-0.041666666666666685,0.12799999999999989,0.011341450678110545
full_l1,1000,29498,2,30,12,-0.041666666666666685,0.29166666666666663,-0.29166666666666669,0.46399999999999997,0.015774922023652327
full_l1,1000,29498,2,30,13,0.044321597736283636,-0.49201393347675393,0.074305050552919916,0.44599999999999995,0.015654556431498913
full_l1,1000,29498,2,30,14,0.010810492112671266,0.46806998418387669,0.4239200398848002,0.47399999999999998,0.015810822030615276
full_l1,1000,29498,2,30,15,0.067897665355888259,0.33904249781229945,0.46678585207593914,0.503,0.015784177053072876
full_l1,1000,29498,2,30,16,-0.068082657646316935,-0.48183529439406958,0.4844376895184006,0.33699999999999997,0.014921202757798516
full_l1,1000,29498,2,30,17,-0.14960525130915547,0.4617052109439268,-0.49342152199020006,0.37,0.015435068182683701
full_l1,1000,29498,2,30,18,0.042818272963925041,0.018055108616391147,0.47649223899706805,0.97699999999999998,0.0051795564562286678
full_l1,1000,29498,2,30,19,0.039408914847955057,-0.19326696571181357,0.48079221677721873,0.33899999999999997,0.015099256402158329
full_l1,1000,29498,2,30,20,0.064170162383163865,-0.037985128173519067,0.27009133279602726,0.88200000000000001,0.0099826748053401769
full_l1,1000,29498,2,30,21,0.053693029091304911,0.0069308652371700141,0.46453933320845242,0.96399999999999997,0.0059476741760760808
full_l1,1000,29498,2,30,22,0.015690668989664314,0.033799702882765459,0.0056576428710997106,0.95999999999999996,0.005810067873842968
full_l1,1000,29498,2,30,23,0.091927816354115732,0.04082328848451322,0.23912783527058346,0.90200000000000002,0.0090931547328778912
full_l1,1000,29498,2,30,24,-0.037070543358350028,0.030833138289177331,0.44158217299503155,0.96599999999999997,0.0054148619573187815
full_l1,1000,29498,2,30,25,-0.022134883609832068,-0.0013503543563015974,0.28861676817101856,0.98999999999999999,0.0033912706835982263
full_l1,1000,29498,2,30,26,0.014544181173195447,0.0084986052764739473,0.34284417221820918,0.98799999999999999,0.0028824294694108693
full_l1,1000,29498,2,30,27,-0.035240028334975193,0.0070023579666447233,-0.49118300881183319,0.95499999999999996,0.0065784347347502973
full_l1,1000,29498,2,30,28,-0.068583590270743677,0.019010189772069142,-0.14571458112434654,0.93300000000000005,0.0074697813862944999
full_l1,1000,29498,2,30,29,0.02905148348227482,-0.01627391822270452,-0.37494012324848525,0.97599999999999998,0.0043700914531756754
full_l1,1000,29498,2,30,30,0.031016285876791283,0.05057447059491893,-0.47424623633885177,0.86399999999999999,0.010444851296651963
full_l1,1000,29498,2,30,31,0.0054093775073691397,-0.010585671802421537,-0.1392576142478561,0.998,0.0016206451237898299
full_l1,1000,29498,2,30,32,-0.018695455372975456,-0.016551108011190196,-0.026091643145665033,0.98899999999999999,0.0031096816462424111
full_l1,1000,29498,2,30,33,-0.012635506801028873,0.0026150709623300461,0.063491337979169504,0.998,0.0013060096778695137
full_l1,1000,29498,2,30,34,0.00074515459925428296,0.0019743180846665265,-0.11773190564638392,0.998,0.0016944813218818635
full_l1,1000,29498,2,30,35,-0.022246037543303343,-0.02170347575572884,-0.17637908513852318,0.98899999999999999,0.0036850990459461651
full_l1,1000,29498,2,30,36,0.0026785294199793697,0.0083085729415852683,0.20239608979575707,0.997,0.0015693688668529549
full_l1,1000,29498,2,30,37,-0.020278408233364464,0.029580399552221026,0.23806800211398538,0.97999999999999998,0.0045787786953916188
full_l1,1000,29498,2,30,38,-0.0084081318423505635,-0.012228731981466012,-0.30769967316909308,0.98899999999999999,0.0028131394333766168
full_l1,1000,29498,2,30,39,0.015548142424341105,0.0038391603543312947,0.059809955514175117,0.997,0.0016204405897198271
full_l1,1000,29498,2,30,40,0.046205485590335771,-1.0067040713268582e-05,-0.11993369366406936,0.97299999999999998,0.0046309171153312957
full_l1,1000,29498,2,30,41,-0.0028415250712374718,-0.011074673854748696,0.083714071834583681,0.996,0.0022249475094111891
full_l1,1000,29498,2,30,42,0.0072859253987318517,0.0078256785081689539,0.11724339452106403,0.999,0.0014019636430111814
full_l1,1000,29498,2,50,1,-0.20833333333333331,-0.29166666666666669,0.29166666666666663,0.38700000000000001,0.015493229458220034
full_l1,1000,29498,2,50,2,0.29166666666666663,-0.041666666666666685,-0.20833333333333331,0.43300000000000005,0.015641830526189917
full_l1,1000,29498,2,50,3,0.12499999999999989,0.45833333333333326,0.20833333333333326,0.44900000000000007,0.015761379018535228
full_l1,1000,29498,2,50,4,-0.29166666666666669,0.12499999999999989,0.12499999999999989,0.43399999999999994,0.015695921881067394
full_l1,1000,29498,2,50,5,0.20833333333333326,-0.45833333333333331,0.37499999999999989,0.44900000000000007,0.015755590602801607
full_l1,1000,29498,2,50,6,-0.125,-0.125,-0.125,0.51700000000000002,0.01580671327786061
full_l1,1000,29498,2,50,7,0.04166666666666663,0.20833333333333326,0.45833333333333326,0.60799999999999998,0.015304349873746952
full_l1,1000,29498,2,50,8,-0.375,0.04166666666666663,-0.45833333333333331,0.41900000000000004,0.015473314632197185
full_l1,1000,29498,2,50,9,-0.45833333333333331,-0.20833333333333331,-0.375,0.17300000000000004,0.012329547853106271
full_l1,1000,29498,2,50,10,0.37499999999999989,0.37499999999999989,0.04166666666666663,0.15500000000000003,0.011316912114619807
full_l1,1000,29498,2,50,11,0.45833333333333326,-0.375,-0.041666666666666685,0.12799999999999989,0.011341450678110545
full_l1,1000,29498,2,50,12,-0.041666666666666685,0.29166666666666663,-0.29166666666666669,0.46399999999999997,0.015774922023652327
full_l1,1000,29498,2,50,13,0.044321597736283636,-0.49201393347675393,0.074305050552919916,0.44599999999999995,0.015654556431498913
full_l1,1000,29498,2,50,14,0.010810492112671266,0.46806998418387669,0.4239200398848002,0.47399999999999998,0.015810822030615276
full_l1,1000,29498,2,50,15,0.067897665355888259,0.33904249781229945,0.46678585207593914,0.503,0.015784177053072876
full_l1,1000,29498,2,50,16,-0.068082657646316935,-0.48183529439406958,0.4844376895184006,0.33699999999999997,0.014921202757798516
full_l1,1000,29498,2,50,17,-0.14960525130915547,0.4617052109439268,-0.49342152199020006,0.37,0.015435068182683701
full_l1,1000,29498,2,50,18,0.042818272963925041,0.018055108616391147,0.47649223899706805,0.97699999999999998,0.0051795564562286678
full_l1,1000,29498,2,50,19,0.039408914847955057,-0.19326696571181357,0.48079221677721873,0.33899999999999997,0.015099256402158329
full_l1,1000,29498,2,50,20,0.064170162383163865,-0.037985128173519067,0.27009133279602726,0.88200000000000001,0.0099826748053401769
full_l1,1000,29498,2,50,21,0.053693029091304911,0.0069308652371700141,0.46453933320845242,0.96399999999999997,0.0059476741760760808
full_l1,1000,29498,2,50,22,0.015690668989664314,0.033799702882765459,0.0056576428710997106,0.95999999999999996,0.005810067873842968
full_l1,1000,29498,2,50,23,0.091927816354115732,0.04082328848451322,0.23912783527058346,0.90200000000000002,0.0090931547328778912
full_l1,1000,29498,2,50,24,-0.037070543358350028,0.030833138289177331,0.44158217299503155,0.96599999999999997,0.0054148619573187815
full_l1,1000,29498,2,50,25,-0.022134883609832068,-0.0013503543563015974,0.28861676817101856,0.98999999999999999,0.0033912706835982263
full_l1,1000,29498,2,50,26,0.014544181173195447,0.0084986052764739473,0.34284417221820918,0.98799999999999999,0.0028824294694108693
full_l1,1000,29498,2,50,27,-0.035240028334975193,0.0070023579666447233,-0.49118300881183319,0.95499999999999996,0.0065784347347502973
full_l1,1000,29498,2,50,28,-0.068583590270743677,0.019010189772069142,-0.14571458112434654,0.93300000000000005,0.0074697813862944999
full_l1,1000,29498,2,50,29,0.02905148348227482,-0.01627391822270452,-0.37494012324848525,0.97599999999999998,0.0043700914531756754
full_l1,1000,29498,2,50,30,0.031016285876791283,0.05057447059491893,-0.47424623633885177,0.86399999999999999,0.010444851296651963
full_l1,1000,29498,2,50,31,0.0054093775073691397,-0.010585671802421537,-0.1392576142478561,0.998,0.0016206451237898299
full_l1,1000,29498,2,50,32,-0.018695455372975456,-0.016551108011190196,-0.026091643145665033,0.98899999999999999,0.0031096816462424111
full_l1,1000,29498,2,50,33,-0.012635506801028873,0.0026150709623300461,0.063491337979169504,0.998,0.0013060096778695137
full_l1,1000,29498,2,50,34,0.00074515459925428296,0.0019743180846665265,-0.11773190564638392,0.998,0.0016944813218818635
full_l1,1000,29498,2,50,35,-0.022246037543303343,-0.02170347575572884,-0.17637908513852318,0.98899999999999999,0.0036850990459461651
full_l1,1000,29498,2,50,36,0.0026785294199793697,0.0083085729415852683,0.20239608979575707,0.997,0.0015693688668529549
full_l1,1000,29498,2,50,37,-0.020278408233364464,0.029580399552221026,0.23806800211398538,0.97999999999999998,0.0045787786953916188
full_l1,1000,29498,2,50,38,-0.0084081318423505635,-0.012228731981466012,-0.30769967316909308,0.98899999999999999,0.0028131394333766168
full_l1,1000,29498,2,50,39,0.015548142424341105,0.0038391603543312947,0.059809955514175117,0.997,0.0016204405897198271
full_l1,1000,29498,2,50,40,0.046205485590335771,-1.0067040713268582e-05,-0.11993369366406936,0.97299999999999998,0.0046309171153312957
full_l1,1000,29498,2,50,41,-0.0028415250712374718,-0.011074673854748696,0.083714071834583681,0.996,0.0022249475094111891
full_l1,1000,29498,2,50,42,0.0072859253987318517,0.0078256785081689539,0.11724339452106403,0.999,0.0014019636430111814
full_l1,1000,29498,2,50,43,0.020217906343373393,-0.0081566244950035394,0.0070896168491827449,0.995,0.0023217136285977476
full_l1,1000,29498,2,50,44,-0.0098311002313695717,0.0047561126477060345,-0.24596291606207932,0.98499999999999999,0.0033674417472404896
full_l1,1000,29498,2,50,45,0.0075068431543872105,0.010564676230634618,0.45492599188968663,0.98899999999999999,0.0035151987989715679
full_l1,1000,29498,2,50,46,0.0081866137190653721,-0.0020649756302086875,0.1444362340366423,0.997,0.0015526125421174519
full_l1,1000,29498,2,50,47,0.0080979140856169973,-0.00024926390990365199,-0.00064628060889893035,1,0.00083803488310680576
full_l1,1000,29498,2,50,48,0.0010072921451065309,0.026576046485199845,0.35679972756125133,0.98599999999999999,0.0038676227674213286
full_l1,1000,29498,2,50,49,-0.0025860906129990813,-0.0042900859747763143,-0.0092937513580078068,0.999,0.00056075019045056151
full_l1,1000,29498,2,50,50,-0.020546177438928614,-0.0017075624029199155,0.19414931163107041,0.995,0.0026580251346257164
full_l1,1000,29498,2,50,51,0.0016230922550128923,-0.00532614945153842,-0.10505953638396703,0.997,0.0010544250426194563
full_l1,1000,29498,2,50,52,0.0095881189238435915,0.009486103488095976,0.04554719314942357,0.998,0.0018722625858446995
full_l1,1000,29498,2,50,53,0.0015209878189530457,-0.0037668449890155831,0.036740220016710179,1,0.00062654503285746463
full_l1,1000,29498,2,50,54,0.016952694291142434,-0.016187598195547714,-0.11179921217207678,0.996,0.0027844806086418507
full_l1,1000,29498,2,50,55,-0.0070227201854611288,0.0054645864525759702,-0.019262905919110507,0.995,0.0015020179694695697
full_l1,1000,29498,2,50,56,0.020101908804995405,-0.0097065465214127844,-0.26949247492437234,0.99099999999999999,0.0031089294787695842
full_l1,1000,29498,2,50,57,0.0034255844531987378,-0.017131935541629284,-0.10360031323980157,0.99399999999999999,0.0023731961760435289
full_l1,1000,29498,2,50,58,0.0033326547627441361,-0.024453421321829039,-0.23112831829750724,0.98799999999999999,0.0033386682557000847
full_l1,1000,29498,2,50,59,-0.0071650996597294458,-0.0054160787437766977,0.13588215935965042,0.995,0.0018525508254000243
full_l1,1000,29498,2,50,60,0.0098099325186242758,-0.004774522064521225,-0.20051897024784959,0.996,0.0021351565079644431
full_l1,1000,29498,2,50,61,-0.0077665664600423678,-0.0036144986228836551,-0.16676721619511681,0.999,0.0018154192776308193
full_l1,1000,29498,2,50,62,0.0018114372992363847,-0.0067743142768403874,0.013397501234538867,0.999,0.0010089119871686306
full_l1,1000,29498,2,100,1,-0.20833333333333331,-0.29166666666666669,0.29166666666666663,0.38700000000000001,0.015493229458220034
full_l1,1000,29498,2,100,2,0.29166666666666663,-0.041666666666666685,-0.20833333333333331,0.43300000000000005,0.015641830526189917
full_l1,1000,29498,2,100,3,0.12499999999999989,0.45833333333333326,0.20833333333333326,0.44900000000000007,0.015761379018535228
full_l1,1000,29498,2,100,4,-0.29166666666666669,0.12499999999999989,0.12499999999999989,0.43399999999999994,0.015695921881067394
full_l1,1000,29498,2,100,5,0.20833333333333326,-0.45833333333333331,0.37499999999999989,0.44900000000000007,0.015755590602801607
full_l1,1000,29498,2,100,6,-0.125,-0.125,-0.125,0.51700000000000002,0.01580671327786061
full_l1,1000,29498,2,100,7,0.04166666666666663,0.20833333333333326,0.45833333333333326,0.60799999999999998,0.015304349873746952
full_l1,1000,29498,2,100,8,-0.375,0.04166666666666663,-0.45833333333333331,0.41900000000000004,0.015473314632197185
full_l1,1000,29498,2,100,9,-0.45833333333333331,-0.20833333333333331,-0.375,0.17300000000000004,0.012329547853106271
full_l1,1000,29498,2,100,10,0.37499999999999989,0.37499999999999989,0.04166666666666663,0.15500000000000003,0.011316912114619807
full_l1,1000,29498,2,100,11,0.45833333333333326,-0.375,-0.041666666666666685,0.12799999999999989,0.011341450678110545
full_l1,1000,29498,2,100,12,-0.041666666666666685,0.29166666666666663,-0.29166666666666669,0.46399999999999997,0.015774922023652327
full_l1,1000,29498,2,100,13,0.044321597736283636,-0.49201393347675393,0.074305050552919916,0.44599999999999995,0.015654556431498913
full_l1,1000,29498,2,100,14,0.010810492112671266,0.46806998418387669,0.4239200398848002,0.47399999999999998,0.015810822030615276
full_l1,1000,29498,2,100,15,0.067897665355888259,0.33904249781229945,0.46678585207593914,0.503,0.015784177053072876
full_l1,1000,29498,2,100,16,-0.068082657646316935,-0.48183529439406958,0.4844376895184006,0.33699999999999997,0.014921202757798516
full_l1,1000,29498,2,100,17,-0.14960525130915547,0.4617052109439268,-0.49342152199020006,0.37,0.015435068182683701
full_l1,1000,29498,2,100,18,0.042818272963925041,0.018055108616391147,0.47649223899706805,0.97699999999999998,0.0051795564562286678
full_l1,1000,29498,2,100,19,0.039408914847955057,-0.19326696571181357,0.48079221677721873,0.33899999999999997,0.015099256402158329
full_l1,1000,29498,2,100,20,0.064170162383163865,-0.037985128173519067,0.27009133279602726,0.88200000000000001,0.0099826748053401769
full_l1,1000,29498,2,100,21,0.053693029091304911,0.0069308652371700141,0.46453933320845242,0.96399999999999997,0.0059476741760760808
full_l1,1000,29498,2,100,22,0.015690668989664314,0.033799702882765459,0.0056576428710997106,0.95999999999999996,0.005810067873842968
full_l1,1000,29498,2,100,23,0.091927816354115732,0.04082328848451322,0.23912783527058346,0.90200000000000002,0.0090931547328778912
full_l1,1000,29498,2,100,24,-0.037070543358350028,0.030833138289177331,0.44158217299503155,0.96599999999999997,0.0054148619573187815
full_l1,1000,29498,2,100,25,-0.022134883609832068,-0.0013503543563015974,0.28861676817101856,0.98999999999999999,0.0033912706835982263
full_l1,1000,29498,2,100,26,0.014544181173195447,0.0084986052764739473,0.34284417221820918,0.98799999999999999,0.0028824294694108693
full_l1,1000,29498,2,100,27,-0.035240028334975193,0.0070023579666447233,-0.49118300881183319,0.95499999999999996,0.0065784347347502973
full_l1,1000,29498,2,100,28,-0.068583590270743677,0.019010189772069142,-0.14571458112434654,0.93300000000000005,0.0074697813862944999
full_l1,1000,29498,2,100,29,0.02905148348227482,-0.01627391822270452,-0.37494012324848525,0.97599999999999998,0.0043700914531756754
full_l1,1000,29498,2,100,30,0.031016285876791283,0.05057447059491893,-0.47424623633885177,0.86399999999999999,0.010444851296651963
full_l1,1000,29498,2,100,31,0.0054093775073691397,-0.010585671802421537,-0.1392576142478561,0.998,0.0016206451237898299
full_l1,1000,29498,2,100,32,-0.018695455372975456,-0.016551108011190196,-0.026091643145665033,0.98899999999999999,0.0031096816462424111
full_l1,1000,29498,2,100,33,-0.012635506801028873,0.0026150709623300461,0.063491337979169504,0.998,0.0013060096778695137
full_l1,1000,29498,2,100,34,0.00074515459925428296,0.0019743180846665265,-0.11773190564638392,0.998,0.0016944813218818635
full_l1,1000,29498,2,100,35,-0.022246037543303343,-0.02170347575572884,-0.17637908513852318,0.98899999999999999,0.0036850990459461651
full_l1,1000,29498,2,100,36,0.0026785294199793697,0.0083085729415852683,0.20239608979575707,0.997,0.0015693688668529549
full_l1,1000,29498,2,100,37,-0.020278408233364464,0.029580399552221026,0.23806800211398538,0.97999999999999998,0.0045787786953916188
full_l1,1000,29498,2,100,38,-0.0084081318423505635,-0.012228731981466012,-0.30769967316909308,0.98899999999999999,0.0028131394333766168
full_l1,1000,29498,2,100,39,0.015548142424341105,0.0038391603543312947,0.059809955514175117,0.997,0.0016204405897198271
full_l1,1000,29498,2,100,40,0.046205485590335771,-1.0067040713268582e-05,-0.11993369366406936,0.97299999999999998,0.0046309171153312957
full_l1,1000,29498,2,100,41,-0.0028415250712374718,-0.011074673854748696,0.083714071834583681,0.996,0.0022249475094111891
full_l1,1000,29498,2,100,42,0.0072859253987318517,0.0078256785081689539,0.11724339452106403,0.999,0.0014019636430111814
full_l1,1000,29498,2,100,43,0.020217906343373393,-0.0081566244950035394,0.0070896168491827449,0.995,0.0023217136285977476
full_l1,1000,29498,2,100,44,-0.0098311002313695717,0.0047561126477060345,-0.24596291606207932,0.98499999999999999,0.0033674417472404896
full_l1,1000,29498,2,100,45,0.0075068431543872105,0.010564676230634618,0.45492599188968663,0.98899999999999999,0.0035151987989715679
full_l1,1000,29498,2,100,46,0.0081866137190653721,-0.0020649756302086875,0.1444362340366423,0.997,0.0015526125421174519
full_l1,1000,29498,2,100,47,0.0080979140856169973,-0.00024926390990365199,-0.00064628060889893035,1,0.00083803488310680576
full_l1,1000,29498,2,100,48,0.0010072921451065309,0.026576046485199845,0.35679972756125133,0.98599999999999999,0.0038676227674213286
full_l1,1000,29498,2,100,49,-0.0025860906129990813,-0.0042900859747763143,-0.0092937513580078068,0.999,0.00056075019045056151
full_l1,1000,29498,2,100,50,-0.020546177438928614,-0.0017075624029199155,0.19414931163107041,0.995,0.0026580251346257164
full_l1,1000,29498,2,100,51,0.0016230922550128923,-0.00532614945153842,-0.10505953638396703,0.997,0.0010544250426194563
full_l1,1000,29498,2,100,52,0.0095881189238435915,0.009486103488095976,0.04554719314942357,0.998,0.0018722625858446995
full_l1,1000,29498,2,100,53,0.0015209878189530457,-0.0037668449890155831,0.036740220016710179,1,0.00062654503285746463
full_l1,1000,29498,2,100,54,0.016952694291142434,-0.016187598195547714,-0.11179921217207678,0.996,0.0027844806086418507
full_l1,1000,29498,2,100,55,-0.0070227201854611288,0.0054645864525759702,-0.019262905919110507,0.995,0.0015020179694695697
full_l1,1000,29498,2,100,56,0.020101908804995405,-0.0097065465214127844,-0.26949247492437234,0.99099999999999999,0.0031089294787695842
full_l1,1000,29498,2,100,57,0.0034255844531987378,-0.017131935541629284,-0.10360031323980157,0.99399999999999999,0.0023731961760435289
full_l1,1000,29498,2,100,58,0.0033326547627441361,-0.024453421321829039,-0.23112831829750724,0.98799999999999999,0.0033386682557000847
full_l1,1000,29498,2,100,59,-0.0071650996597294458,-0.0054160787437766977,0.13588215935965042,0.995,0.0018525508254000243
full_l1,1000,29498,2,100,60,0.0098099325186242758,-0.004774522064521225,-0.20051897024784959,0.996,0.0021351565079644431
full_l1,1000,29498,2,100,61,-0.0077665664600423678,-0.0036144986228836551,-0.16676721619511681,0.999,0.0018154192776308193
full_l1,1000,29498,2,100,62,0.0018114372992363847,-0.0067743142768403874,0.013397501234538867,0.999,0.0010089119871686306
full_l1,1000,29498,2,100,63,0.0077652290856797812,-0.0028991590614511065,0.074414404645744447,0.998,0.0010846955613042454
full_l1,1000,29498,2,100,64,-0.00091110967864360681,0.0024198292610884131,-0.049810080650490862,0.998,0.0011247108795411223
full_l1,1000,29498,2,100,65,-0.018872374461427421,0.0025817523331075343,0.07702316537679299,0.99199999999999999,0.0018829120512581985
full_l1,1000,29498,2,100,66,0.0044305113084448511,0.012789384334850773,0.16275835226429525,0.998,0.0019620277878906922
full_l1,1000,29498,2,100,67,0.021557452290022372,0.0019392275833300943,-0.086916290932134821,0.99399999999999999,0.0024963416037134885
full_l1,1000,29498,2,100,68,-0.017197378943246688,0.013396124376600094,0.26164914035135522,0.98999999999999999,0.0027032381553395565
full_l1,1000,29498,2,100,69,-0.011595878584639951,-0.0065984716192100112,-0.13793498382421143,0.99199999999999999,0.001741763596940428
full_l1,1000,29498,2,100,70,-0.0082498127573391589,0.0060229445270327808,0.069693994115268998,0.996,0.0012555642372525516
full_l1,1000,29498,2,100,71,0.0027478477020774772,-0.00068265201358186367,0.15655545009200234,0.997,0.0013310155232003759
full_l1,1000,29498,2,100,72,-0.027484131809112133,-0.0060158844065554273,0.46679767464537303,0.95299999999999996,0.0055325115465774304
full_l1,1000,29498,2,100,73,0.027639004973312398,0.006985198963874506,0.18068687988336629,0.98999999999999999,0.0028980546207997655
full_l1,1000,29498,2,100,74,0.0090045211757592281,-0.0041437288491634749,0.20322431312144729,0.99099999999999999,0.0023370853711497525
full_l1,1000,29498,2,100,75,0.012782692146836583,-2.7550917017782339e-05,-0.061931150522258394,0.999,0.0015404802139215871
full_l1,1000,29498,2,100,76,0.01779700411765206,0.024609019878904626,0.47957148660383075,0.98999999999999999,0.0043300923386089618
full_l1,1000,29498,2,100,77,0.0035521087988330535,-0.0054194491101922093,-0.057788338760452085,1,0.00082050601459516832
full_l1,1000,29498,2,100,78,0.014862534058216692,-0.011300159241366625,-0.15804817593135745,0.995,0.0022355823588457646
full_l1,1000,29498,2,100,79,-2.2065470951959654e-05,-0.013122615884067157,-0.24945760974652376,0.99399999999999999,0.0022833522034032389
full_l1,1000,29498,2,100,80,0.0081013718252624933,0.010838876325380387,0.010930044107107628,0.99299999999999999,0.0021805606929946103
full_l1,1000,29498,2,100,81,0.0029929964143622367,0.010307708805766813,0.1244579230598557,0.998,0.001595027616179375
full_l1,1000,29498,2,100,82,-0.011334829800384805,-0.010651369862319848,0.061772615747444082,0.995,0.0022662384239367276
full_l1,1000,29498,2,100,83,0.0052801578016050676,-0.0070153580097604973,-0.029404160104942845,0.997,0.0010348354442739982
full_l1,1000,29498,2,100,84,-0.011906538496906149,-0.0026318703539158772,0.04750035219651183,0.996,0.001264332956886305
full_l1,1000,29498,2,100,85,-0.0045440770716225209,0.0014901536121347814,-0.17681354774901492,0.997,0.0022446310571550289
full_l1,1000,29498,2,100,86,0.018423310503174806,-0.0085109784017880497,-0.12369871458892812,0.99299999999999999,0.0022378654764255096
full_l1,1000,29498,2,100,87,0.0010050360269018288,0.0013382215448969337,-0.061333789675223072,1,0.0010826445937247105
full_l1,1000,29498,2,100,88,0.013824239969995489,0.0025870108976342454,-0.05306596152644083,0.998,0.001773354367047199
full_l1,1000,29498,2,100,89,0.0075960610375600535,0.0068716265292450007,0.10228621788796088,1,0.0013005021401991672
full_l1,1000,29498,2,100,90,-0.0057614457238770456,-0.0063479127412300329,0.048552122718110269,0.999,0.0012682066360240924
full_l1,1000,29498,2,100,91,0.0032649898346115425,-0.017873067431712686,-0.066763394443270174,0.98999999999999999,0.0025864982659054999
full_l1,1000,29498,2,100,92,0.015305490033143077,-0.01040467351816976,-0.20973089289587543,0.98999999999999999,0.0024562004195087484
full_l1,1000,29498,2,100,93,0.0047922458453808492,0.0098867478785813478,-0.12690266744527867,0.98899999999999999,0.0029095575034160295
full_l1,1000,29498,2,100,94,-0.0086579816441707536,0.0057253858218320186,0.10013154192846696,1,0.0012371038884011836
full_l1,1000,29498,2,100,95,-0.010434099747852033,0.012878899548227629,0.1813496795024212,0.99299999999999999,0.0021593701875872381
full_l1,1000,29498,2,100,96,0.020797965781693017,-0.0057656508782177873,0.02375727373498826,0.99399999999999999,0.0022080827224050768
full_l1,1000,29498,2,100,97,-0.014330165848095877,0.011076991162295879,0.29060523383022274,0.99399999999999999,0.0025654835330448222
full_l1,1000,29498,2,100,98,0.013055095204282718,-0.013128071114235196,-0.16498177020721094,0.99199999999999999,0.0022775088463951186
full_l1,1000,29498,2,100,99,0.0080509677966678073,-0.012891345322664893,0.0094118729756162978,0.996,0.002197125179867167
full_l1,1000,29498,2,100,100,-9.8397074075329272e-06,0.0038432965855457191,0.12460350691465849,0.999,0.0008489317345870542
full_l1,1000,29498,2,100,101,0.015952504943099521,-0.0080404219158991541,0.082796543413953261,0.99299999999999999,0.0022955721563426715
full_l1,1000,29498,2,100,102,0.0086451103164491006,0.023256267174087686,0.25004176569871883,0.98999999999999999,0.0034540610809720993
full_l1,1000,29498,2,100,103,-0.010778085544658866,0.0058243665257029509,0.070788435771888203,0.999,0.0013948250521061223
full_l1,1000,29498,2,100,104,-0.0023027943238291826,-0.0093271484118024883,0.032577432889325131,0.998,0.0015644169405379586
full_l1,1000,29498,2,100,105,0.0025496893425709377,0.0044126129744181952,0.077625168779245746,1,0.00077501171583384341
full_l1,1000,29498,2,100,106,0.011684061248935285,0.01602573754047798,0.13427700799199704,0.995,0.0026497273165205404
full_l1,1000,29498,2,100,107,0.0056716031354921981,0.0047569759824557245,-0.095982248558034389,0.995,0.0019439869142311018
full_l1,1000,29498,2,100,108,0.0099259872961603435,0.0020326074664029914,0.0074275235644893911,0.999,0.0011191634520390005
full_l1,1000,29498,2,100,109,-0.0078335138807363869,0.0032003905674840016,0.1326423785222941,1,0.001156912397044259
full_l1,1000,29498,2,100,110,0.011975873617695809,0.013262308665282108,0.17325999407740644,0.998,0.0022751583061756905
full_l1,1000,29498,2,100,111,0.0035455806239192977,-0.0054037005065206145,-0.22936439976092937,0.995,0.0021721632068780312
full_l1,1000,29498,2,100,112,0.0062773772669602046,0.0029506712536087054,0.13128368541776902,0.999,0.0010573127825408855
full_l1,1000,981559,3,10,1,0.12499999999999989,0.04166666666666663,-0.20833333333333331,0.83599999999999997,0.011847553405871321
full_l1,1000,981559,3,10,2,-0.041666666666666685,-0.20833333333333331,-0.125,0.33699999999999997,0.01509200474602475
full_l1,1000,981559,3,10,3,-0.375,-0.29166666666666669,-0.375,0.31699999999999995,0.014663033434845617
full_l1,1000,981559,3,10,4,0.37499999999999989,0.12499999999999989,0.37499999999999989,0.33899999999999997,0.015159926938549683
full_l1,1000,981559,3,10,5,-0.45833333333333331,-0.45833333333333331,-0.45833333333333331,0.43399999999999994,0.015608554812195278
full_l1,1000,981559,3,10,6,0.45833333333333326,-0.125,-0.041666666666666685,0.18799999999999994,0.012363672566509424
full_l1,1000,981559,3,10,7,0.29166666666666663,0.29166666666666663,0.29166666666666663,0.42500000000000004,0.015594757361366176
full_l1,1000,981559,3,10,8,0.04166666666666663,0.45833333333333326,0.04166666666666663,0.45599999999999996,0.015793491452492932
full_l1,1000,981559,3,10,9,-0.20833333333333331,0.37499999999999989,0.45833333333333326,0.37599999999999989,0.015257946787432641
full_l1,1000,981559,3,10,10,-0.125,0.20833333333333326,-0.29166666666666669,0.48299999999999998,0.015799453905331724
full_l1,1000,981559,3,10,11,0.20833333333333326,-0.041666666666666685,0.12499999999999989,0.60699999999999998,0.015413258417859383
full_l1,1000,981559,3,10,12,-0.29166666666666669,-0.375,0.20833333333333326,0.58299999999999996,0.01568219109091391
full_l1,1000,981559,3,10,13,0.14469623735141068,-0.048183392823960114,-0.33672993666580031,0.753,0.013627647702857435
full_l1,1000,981559,3,10,14,0.13150876234090791,-0.013188415220828364,0.015755329370231719,0.83499999999999996,0.011426732846114994
full_l1,1000,981559,3,10,15,0.14884156933477688,0.14085310955833563,-0.030556343300207844,0.66100000000000003,0.014847964873392294
full_l1,1000,981559,3,10,16,0.099958136110168461,-0.10191334632520221,-0.16363093342731072,0.64900000000000002,0.015089541143044918
full_l1,1000,981559,3,10,17,0.12683463440331133,-0.035949916629072209,0.34813951614523253,0.79100000000000004,0.012954231590536179
full_l1,1000,981559,3,10,18,0.14161330080474821,-0.24259261365363982,0.27044604399612471,0.39399999999999991,0.015580541194541773
full_l1,1000,981559,3,10,19,0.1013808183390188,0.057571451053641143,0.14913500127810964,0.86099999999999999,0.010700770296743675
full_l1,1000,981559,3,10,20,0.093216777560633179,0.083676402512480763,0.42156004033679229,0.86499999999999999,0.011500362322635451
full_l1,1000,981559,3,10,21,0.13346586589452181,0.1411049797910866,0.49119848449246151,0.73599999999999999,0.014100700989049593
full_l1,1000,981559,3,10,22,0.034690821948485828,0.031885240547702365,0.34994195721992738,0.96399999999999997,0.0053681266776659216
full_l1,1000,981559,3,30,1,0.12499999999999989,0.04166666666666663,-0.20833333333333331,0.83599999999999997,0.011847553405871321
full_l1,1000,981559,3,30,2,-0.041666666666666685,-0.20833333333333331,-0.125,0.33699999999999997,0.01509200474602475
full_l1,1000,981559,3,30,3,-0.375,-0.29166666666666669,-0.375,0.31699999999999995,0.014663033434845617
full_l1,1000,981559,3,30,4,0.37499999999999989,0.12499999999999989,0.37499999999999989,0.33899999999999997,0.015159926938549683
full_l1,1000,981559,3,30,5,-0.45833333333333331,-0.45833333333333331,-0.45833333333333331,0.43399999999999994,0.015608554812195278
full_l1,1000,981559,3,30,6,0.45833333333333326,-0.125,-0.041666666666666685,0.18799999999999994,0.012363672566509424
full_l1,1000,981559,3,30,7,0.29166666666666663,0.29166666666666663,0.29166666666666663,0.42500000000000004,0.015594757361366176
full_l1,1000,981559,3,30,8,0.04166666666666663,0.45833333333333326,0.04166666666666663,0.45599999999999996,0.015793491452492932
full_l1,1000,981559,3,30,9,-0.20833333333333331,0.37499999999999989,0.45833333333333326,0.37599999999999989,0.015257946787432641
full_l1,1000,981559,3,30,10,-0.125,0.20833333333333326,-0.29166666666666669,0.48299999999999998,0.015799453905331724
full_l1,1000,981559,3,30,11,0.20833333333333326,-0.041666666666666685,0.12499999999999989,0.60699999999999998,0.015413258417859383
full_l1,1000,981559,3,30,12,-0.29166666666666669,-0.375,0.20833333333333326,0.58299999999999996,0.01568219109091391
full_l1,1000,981559,3,30,13,0.14469623735141068,-0.048183392823960114,-0.33672993666580031,0.753,0.013627647702857435
full_l1,1000,981559,3,30,14,0.13150876234090791,-0.013188415220828364,0.015755329370231719,0.83499999999999996,0.011426732846114994
full_l1,1000,981559,3,30,15,0.14884156933477688,0.14085310955833563,-0.030556343300207844,0.66100000000000003,0.014847964873392294
full_l1,1000,981559,3,30,16,0.099958136110168461,-0.10191334632520221,-0.16363093342731072,0.64900000000000002,0.015089541143044918
full_l1,1000,981559,3,30,17,0.12683463440331133,-0.035949916629072209,0.34813951614523253,0.79100000000000004,0.012954231590536179
full_l1,1000,981559,3,30,18,0.14161330080474821,-0.24259261365363982,0.27044604399612471,0.39399999999999991,0.015580541194541773
full_l1,1000,981559,3,30,19,0.1013808183390188,0.057571451053641143,0.14913500127810964,0.86099999999999999,0.010700770296743675
full_l1,1000,981559,3,30,20,0.093216777560633179,0.083676402512480763,0.42156004033679229,0.86499999999999999,0.011500362322635451
full_l1,1000,981559,3,30,21,0.13346586589452181,0.1411049797910866,0.49119848449246151,0.73599999999999999,0.014100700989049593
full_l1,1000,981559,3,30,22,0.034690821948485828,0.031885240547702365,0.34994195721992738,0.96399999999999997,0.0053681266776659216
full_l1,1000,981559,3,30,23,-0.02663978519553778,0.058514864277450673,0.46262155711423869,0.94199999999999995,0.007971930051242037
full_l1,1000,981559,3,30,24,0.01920305875365691,0.094477407334877528,0.2843401616970509,0.84099999999999997,0.011576198716765409
full_l1,1000,981559,3,30,25,-0.010023326107496233,-0.00015345936681820938,0.46155031019647086,0.97899999999999998,0.0043039513294631775
full_l1,1000,981559,3,30,26,-0.027634265025922033,0.02237035093394657,0.18504014364735122,0.98899999999999999,0.0040783187486140363
full_l1,1000,981559,3,30,27,-0.067025011487796826,-0.016379587100887383,0.46002466575868994,0.92300000000000004,0.0087174757120477286
full_l1,1000,981559,3,30,28,0.018448969884911071,0.016043666180470373,0.012329813849291105,0.99099999999999999,0.003350806862652904
full_l1,1000,981559,3,30,29,-0.012738181345074429,0.013304650821855502,-0.4061319366799907,0.96499999999999997,0.0057792260646125299
full_l1,1000,981559,3,30,30,0.036918022759533153,0.01319536390374898,-0.40972061756959599,0.94799999999999995,0.0065808178448012022
full_l1,1000,981559,3,30,31,-0.012271661754548191,-0.01645051762731975,-0.068045077032093726,0.99399999999999999,0.0026172671315267721
full_l1,1000,981559,3,30,32,-0.10043105354998061,0.00425043980587958,-0.1745306443998893,0.92300000000000004,0.009412755365315004
full_l1,1000,981559,3,30,33,-0.0039014242238017971,-0.0041600535941361816,0.034916715277250043,0.999,0.00076497383814134502
full_l1,1000,981559,3,30,34,-0.02138992599840317,-0.0069344153612176385,-0.1899950724391688,0.99299999999999999,0.0027407203770007348
full_l1,1000,981559,3,30,35,0.020341565239959003,-0.0012182187984974835,-0.16039772269482899,0.99299999999999999,0.0026475672642656016
full_l1,1000,981559,3,30,36,-0.010796781482773632,-0.0004336041921999545,-0.079308476161492836,0.999,0.0014824156415046571
full_l1,1000,981559,3,30,37,0.49377899784027179,-0.49339278325801472,0.32661447167239066,0.064000000000000057,0.008132658683739892
full_l1,1000,981559,3,30,38,-0.033727473045589207,-0.0031988880609117309,0.12451700870442428,0.98799999999999999,0.0035090937172779476
full_l1,1000,981559,3,30,39,-0.48651381375272296,0.034835508724334607,0.49237119485644909,0.30099999999999993,0.014780842457202376
full_l1,1000,981559,3,30,40,0.0023455060684471896,0.011924997985518937,0.34461616528674632,0.995,0.0026060740852078693
full_l1,1000,981559,3,30,41,0.002350432087255605,-0.0097496019077214502,0.19872500422389661,0.98799999999999999,0.0029580297653904633
full_l1,1000,981559,3,30,42,-0.014609331084903365,0.015510665289122816,0.11568090230330252,0.995,0.0027204815898719406
full_l1,1000,981559,3,50,1,0.12499999999999989,0.04166666666666663,-0.20833333333333331,0.83599999999999997,0.011847553405871321
full_l1,1000,981559,3,50,2,-0.041666666666666685,-0.20833333333333331,-0.125,0.33699999999999997,0.01509200474602475
full_l1,1000,981559,3,50,3,-0.375,-0.29166666666666669,-0.375,0.31699999999999995,0.014663033434845617
full_l1,1000,981559,3,50,4,0.37499999999999989,0.12499999999999989,0.37499999999999989,0.33899999999999997,0.015159926938549683
full_l1,1000,981559,3,50,5,-0.45833333333333331,-0.45833333333333331,-0.45833333333333331,0.43399999999999994,0.015608554812195278
full_l1,1000,981559,3,50,6,0.45833333333333326,-0.125,-0.041666666666666685,0.18799999999999994,0.012363672566509424
full_l1,1000,981559,3,50,7,0.29166666666666663,0.29166666666666663,0.29166666666666663,0.42500000000000004,0.015594757361366176
full_l1,1000,981559,3,50,8,0.04166666666666663,0.45833333333333326,0.04166666666666663,0.45599999999999996,0.015793491452492932
full_l1,1000,981559,3,50,9,-0.20833333333333331,0.37499999999999989,0.45833333333333326,0.37599999999999989,0.015257946787432641
full_l1,1000,981559,3,50,10,-0.125,0.20833333333333326,-0.29166666666666669,0.48299999999999998,0.015799453905331724
full_l1,1000,981559,3,50,11,0.20833333333333326,-0.041666666666666685,0.12499999999999989,0.60699999999999998,0.015413258417859383
full_l1,1000,981559,3,50,12,-0.29166666666666669,-0.375,0.20833333333333326,0.58299999999999996,0.01568219109091391
full_l1,1000,981559,3,50,13,0.14469623735141068,-0.048183392823960114,-0.33672993666580031,0.753,0.013627647702857435
full_l1,1000,981559,3,50,14,0.13150876234090791,-0.013188415220828364,0.015755329370231719,0.83499999999999996,0.011426732846114994
full_l1,1000,981559,3,50,15,0.14884156933477688,0.14085310955833563,-0.030556343300207844,0.66100000000000003,0.014847964873392294
full_l1,1000,981559,3,50,16,0.099958136110168461,-0.10191334632520221,-0.16363093342731072,0.64900000000000002,0.015089541143044918
full_l1,1000,981559,3,50,17,0.12683463440331133,-0.035949916629072209,0.34813951614523253,0.79100000000000004,0.012954231590536179
full_l1,1000,981559,3,50,18,0.14161330080474821,-0.24259261365363982,0.27044604399612471,0.39399999999999991,0.015580541194541773
full_l1,1000,981559,3,50,19,0.1013808183390188,0.057571451053641143,0.14913500127810964,0.86099999999999999,0.010700770296743675
full_l1,1000,981559,3,50,20,0.093216777560633179,0.083676402512480763,0.42156004033679229,0.86499999999999999,0.011500362322635451
full_l1,1000,981559,3,50,21,0.13346586589452181,0.1411049797910866,0.49119848449246151,0.73599999999999999,0.014100700989049593
full_l1,1000,981559,3,50,22,0.034690821948485828,0.031885240547702365,0.34994195721992738,0.96399999999999997,0.0053681266776659216
full_l1,1000,981559,3,50,23,-0.02663978519553778,0.058514864277450673,0.46262155711423869,0.94199999999999995,0.007971930051242037
full_l1,1000,981559,3,50,24,0.01920305875365691,0.094477407334877528,0.2843401616970509,0.84099999999999997,0.011576198716765409
full_l1,1000,981559,3,50,25,-0.010023326107496233,-0.00015345936681820938,0.46155031019647086,0.97899999999999998,0.0043039513294631775
full_l1,1000,981559,3,50,26,-0.027634265025922033,0.02237035093394657,0.18504014364735122,0.98899999999999999,0.0040783187486140363
full_l1,1000,981559,3,50,27,-0.067025011487796826,-0.016379587100887383,0.46002466575868994,0.92300000000000004,0.0087174757120477286
full_l1,1000,981559,3,50,28,0.018448969884911071,0.016043666180470373,0.012329813849291105,0.99099999999999999,0.003350806862652904
full_l1,1000,981559,3,50,29,-0.012738181345074429,0.013304650821855502,-0.4061319366799907,0.96499999999999997,0.0057792260646125299
full_l1,1000,981559,3,50,30,0.036918022759533153,0.01319536390374898,-0.40972061756959599,0.94799999999999995,0.0065808178448012022
full_l1,1000,981559,3,50,31,-0.012271661754548191,-0.01645051762731975,-0.068045077032093726,0.99399999999999999,0.0026172671315267721
full_l1,1000,981559,3,50,32,-0.10043105354998061,0.00425043980587958,-0.1745306443998893,0.92300000000000004,0.009412755365315004
full_l1,1000,981559,3,50,33,-0.0039014242238017971,-0.0041600535941361816,0.034916715277250043,0.999,0.00076497383814134502
full_l1,1000,981559,3,50,34,-0.02138992599840317,-0.0069344153612176385,-0.1899950724391688,0.99299999999999999,0.0027407203770007348
full_l1,1000,981559,3,50,35,0.020341565239959003,-0.0012182187984974835,-0.16039772269482899,0.99299999999999999,0.0026475672642656016
full_l1,1000,981559,3,50,36,-0.010796781482773632,-0.0004336041921999545,-0.079308476161492836,0.999,0.0014824156415046571
full_l1,1000,981559,3,50,37,0.49377899784027179,-0.49339278325801472,0.32661447167239066,0.064000000000000057,0.008132658683739892
full_l1,1000,981559,3,50,38,-0.033727473045589207,-0.0031988880609117309,0.12451700870442428,0.98799999999999999,0.0035090937172779476
full_l1,1000,981559,3,50,39,-0.48651381375272296,0.034835508724334607,0.49237119485644909,0.30099999999999993,0.014780842457202376
full_l1,1000,981559,3,50,40,0.0023455060684471896,0.011924997985518937,0.34461616528674632,0.995,0.0026060740852078693
full_l1,1000,981559,3,50,41,0.002350432087255605,-0.0097496019077214502,0.19872500422389661,0.98799999999999999,0.0029580297653904633
full_l1,1000,981559,3,50,42,-0.014609331084903365,0.015510665289122816,0.11568090230330252,0.995,0.0027204815898719406
full_l1,1000,981559,3,50,43,-0.008315081967803728,0.015224574188554607,-0.23313994943248684,0.97299999999999998,0.0045425771545761998
full_l1,1000,981559,3,50,44,0.0097411495976933438,0.0077696472829202889,0.079949801713156132,0.996,0.0015443123032938615
full_l1,1000,981559,3,50,45,-0.036327697962146299,0.010779604552554778,0.32023703227330014,0.98799999999999999,0.0040824454281226845
full_l1,1000,981559,3,50,46,0.008211511512805858,0.013310361059878817,0.19748231342522815,0.99399999999999999,0.0021590614362862063
full_l1,1000,981559,3,50,47,-0.020393642902142739,-0.018393403728570457,-0.3833377654104666,0.98399999999999999,0.0039327467077698228
full_l1,1000,981559,3,50,48,-0.014164155390250954,0.0018632310643904582,0.28805619687620121,0.99399999999999999,0.0027097715327793837
full_l1,1000,981559,3,50,49,0.012096739897180075,-0.01313809147337941,-0.082286330249274897,0.998,0.0021440064150996946
full_l1,1000,981559,3,50,50,0.0070731735588234201,0.0029335111564794403,0.036875392399634332,0.999,0.00088768738537585434
full_l1,1000,981559,3,50,51,0.0070461015207541333,-0.019683810408162028,-0.2050029505516624,0.98599999999999999,0.0027839292483798797
full_l1,1000,981559,3,50,52,0.0040626708488948893,-0.013787574609253728,-0.11132165985824605,0.997,0.0018880753121905474
full_l1,1000,981559,3,50,53,0.012575304245910468,8.5349760234887384e-06,-0.052846658761913412,0.998,0.0014745489488807353
full_l1,1000,981559,3,50,54,-0.020799033864340899,0.0011455558714512648,-0.050297433332052499,0.99299999999999999,0.0022291277827280482
full_l1,1000,981559,3,50,55,-0.013790970360139099,-0.0010077623059900898,0.1499252916905498,0.998,0.0018395024170061904
full_l1,1000,981559,3,50,56,-0.0067023297899717615,0.0031201436678138794,0.15100095136729275,0.999,0.0012107903059507118
full_l1,1000,981559,3,50,57,-0.0083987263263332057,0.0023826688763031179,-0.026311743331103532,0.999,0.0012183752192242449
full_l1,1000,981559,3,50,58,-0.019454419022041147,0.010517635239239764,0.28701264705602259,0.997,0.0028008380443653373
full_l1,1000,981559,3,50,59,0.0058320202089974238,-0.019399228235617016,-0.032172396260446323,0.98999999999999999,0.0030274037252280292
full_l1,1000,981559,3,50,60,-0.0077205042828487613,-0.0032591352392128403,-0.016616375405757999,0.998,0.00084709925576324275
full_l1,1000,981559,3,50,61,-0.018560258656355133,0.010446810146574226,0.1776437832459925,0.99299999999999999,0.0023735718995803339
full_l1,1000,981559,3,50,62,-0.0057200131379340213,-0.0022130304683887214,-0.17704467640809485,0.995,0.0019271450285102138
full_l1,1000,981559,3,100,1,0.12499999999999989,0.04166666666666663,-0.20833333333333331,0.83599999999999997,0.011847553405871321
full_l1,1000,981559,3,100,2,-0.041666666666666685,-0.20833333333333331,-0.125,0.33699999999999997,0.01509200474602475
full_l1,1000,981559,3,100,3,-0.375,-0.29166666666666669,-0.375,0.31699999999999995,0.014663033434845617
full_l1,1000,981559,3,100,4,0.37499999999999989,0.12499999999999989,0.37499999999999989,0.33899999999999997,0.015159926938549683
full_l1,1000,981559,3,100,5,-0.45833333333333331,-0.45833333333333331,-0.45833333333333331,0.43399999999999994,0.015608554812195278
full_l1,1000,981559,3,100,6,0.45833333333333326,-0.125,-0.041666666666666685,0.18799999999999994,0.012363672566509424
full_l1,1000,981559,3,100,7,0.29166666666666663,0.29166666666666663,0.29166666666666663,0.42500000000000004,0.015594757361366176
full_l1,1000,981559,3,100,8,0.04166666666666663,0.45833333333333326,0.04166666666666663,0.45599999999999996,0.015793491452492932
full_l1,1000,981559,3,100,9,-0.20833333333333331,0.37499999999999989,0.45833333333333326,0.37599999999999989,0.015257946787432641
full_l1,1000,981559,3,100,10,-0.125,0.20833333333333326,-0.29166666666666669,0.48299999999999998,0.015799453905331724
full_l1,1000,981559,3,100,11,0.20833333333333326,-0.041666666666666685,0.12499999999999989,0.60699999999999998,0.015413258417859383
full_l1,1000,981559,3,100,12,-0.29166666666666669,-0.375,0.20833333333333326,0.58299999999999996,0.01568219109091391
full_l1,1000,981559,3,100,13,0.14469623735141068,-0.048183392823960114,-0.33672993666580031,0.753,0.013627647702857435
full_l1,1000,981559,3,100,14,0.13150876234090791,-0.013188415220828364,0.015755329370231719,0.83499999999999996,0.011426732846114994
full_l1,1000,981559,3,100,15,0.14884156933477688,0.14085310955833563,-0.030556343300207844,0.66100000000000003,0.014847964873392294
full_l1,1000,981559,3,100,16,0.099958136110168461,-0.10191334632520221,-0.16363093342731072,0.64900000000000002,0.015089541143044918
full_l1,1000,981559,3,100,17,0.12683463440331133,-0.035949916629072209,0.34813951614523253,0.79100000000000004,0.012954231590536179
full_l1,1000,981559,3,100,18,0.14161330080474821,-0.24259261365363982,0.27044604399612471,0.39399999999999991,0.015580541194541773
full_l1,1000,981559,3,100,19,0.1013808183390188,0.057571451053641143,0.14913500127810964,0.86099999999999999,0.010700770296743675
full_l1,1000,981559,3,100,20,0.093216777560633179,0.083676402512480763,0.42156004033679229,0.86499999999999999,0.011500362322635451
full_l1,1000,981559,3,100,21,0.13346586589452181,0.1411049797910866,0.49119848449246151,0.73599999999999999,0.014100700989049593
full_l1,1000,981559,3,100,22,0.034690821948485828,0.031885240547702365,0.34994195721992738,0.96399999999999997,0.0053681266776659216
full_l1,1000,981559,3,100,23,-0.02663978519553778,0.058514864277450673,0.46262155711423869,0.94199999999999995,0.007971930051242037
full_l1,1000,981559,3,100,24,0.01920305875365691,0.094477407334877528,0.2843401616970509,0.84099999999999997,0.011576198716765409
full_l1,1000,981559,3,100,25,-0.010023326107496233,-0.00015345936681820938,0.46155031019647086,0.97899999999999998,0.0043039513294631775
full_l1,1000,981559,3,100,26,-0.027634265025922033,0.02237035093394657,0.18504014364735122,0.98899999999999999,0.0040783187486140363
full_l1,1000,981559,3,100,27,-0.067025011487796826,-0.016379587100887383,0.46002466575868994,0.92300000000000004,0.0087174757120477286
full_l1,1000,981559,3,100,28,0.018448969884911071,0.016043666180470373,0.012329813849291105,0.99099999999999999,0.003350806862652904
full_l1,1000,981559,3,100,29,-0.012738181345074429,0.013304650821855502,-0.4061319366799907,0.96499999999999997,0.0057792260646125299
full_l1,1000,981559,3,100,30,0.036918022759533153,0.01319536390374898,-0.40972061756959599,0.94799999999999995,0.0065808178448012022
full_l1,1000,981559,3,100,31,-0.012271661754548191,-0.01645051762731975,-0.068045077032093726,0.99399999999999999,0.0026172671315267721
full_l1,1000,981559,3,100,32,-0.10043105354998061,0.00425043980587958,-0.1745306443998893,0.92300000000000004,0.009412755365315004
full_l1,1000,981559,3,100,33,-0.0039014242238017971,-0.0041600535941361816,0.034916715277250043,0.999,0.00076497383814134502
full_l1,1000,981559,3,100,34,-0.02138992599840317,-0.0069344153612176385,-0.1899950724391688,0.99299999999999999,0.0027407203770007348
full_l1,1000,981559,3,100,35,0.020341565239959003,-0.0012182187984974835,-0.16039772269482899,0.99299999999999999,0.0026475672642656016
full_l1,1000,981559,3,100,36,-0.010796781482773632,-0.0004336041921999545,-0.079308476161492836,0.999,0.0014824156415046571
full_l1,1000,981559,3,100,37,0.49377899784027179,-0.49339278325801472,0.32661447167239066,0.064000000000000057,0.008132658683739892
full_l1,1000,981559,3,100,38,-0.033727473045589207,-0.0031988880609117309,0.12451700870442428,0.98799999999999999,0.0035090937172779476
full_l1,1000,981559,3,100,39,-0.48651381375272296,0.034835508724334607,0.49237119485644909,0.30099999999999993,0.014780842457202376
full_l1,1000,981559,3,100,40,0.0023455060684471896,0.011924997985518937,0.34461616528674632,0.995,0.0026060740852078693
full_l1,1000,981559,3,100,41,0.002350432087255605,-0.0097496019077214502,0.19872500422389661,0.98799999999999999,0.0029580297653904633
full_l1,1000,981559,3,100,42,-0.014609331084903365,0.015510665289122816,0.11568090230330252,0.995,0.0027204815898719406
full_l1,1000,981559,3,100,43,-0.008315081967803728,0.015224574188554607,-0.23313994943248684,0.97299999999999998,0.0045425771545761998
full_l1,1000,981559,3,100,44,0.0097411495976933438,0.0077696472829202889,0.079949801713156132,0.996,0.0015443123032938615
full_l1,1000,981559,3,100,45,-0.036327697962146299,0.010779604552554778,0.32023703227330014,0.98799999999999999,0.0040824454281226845
full_l1,1000,981559,3,100,46,0.008211511512805858,0.013310361059878817,0.19748231342522815,0.99399999999999999,0.0021590614362862063
full_l1,1000,981559,3,100,47,-0.020393642902142739,-0.018393403728570457,-0.3833377654104666,0.98399999999999999,0.0039327467077698228
full_l1,1000,981559,3,100,48,-0.014164155390250954,0.0018632310643904582,0.28805619687620121,0.99399999999999999,0.0027097715327793837
full_l1,1000,981559,3,100,49,0.012096739897180075,-0.01313809147337941,-0.082286330249274897,0.998,0.0021440064150996946
full_l1,1000,981559,3,100,50,0.0070731735588234201,0.0029335111564794403,0.036875392399634332,0.999,0.00088768738537585434
full_l1,1000,981559,3,100,51,0.0070461015207541333,-0.019683810408162028,-0.2050029505516624,0.98599999999999999,0.0027839292483798797
full_l1,1000,981559,3,100,52,0.0040626708488948893,-0.013787574609253728,-0.11132165985824605,0.997,0.0018880753121905474
full_l1,1000,981559,3,100,53,0.012575304245910468,8.5349760234887384e-06,-0.052846658761913412,0.998,0.0014745489488807353
full_l1,1000,981559,3,100,54,-0.020799033864340899,0.0011455558714512648,-0.050297433332052499,0.99299999999999999,0.0022291277827280482
full_l1,1000,981559,3,100,55,-0.013790970360139099,-0.0010077623059900898,0.1499252916905498,0.998,0.0018395024170061904
full_l1,1000,981559,3,100,56,-0.0067023297899717615,0.0031201436678138794,0.15100095136729275,0.999,0.0012107903059507118
full_l1,1000,981559,3,100,57,-0.0083987263263332057,0.0023826688763031179,-0.026311743331103532,0.999,0.0012183752192242449
full_l1,1000,981559,3,100,58,-0.019454419022041147,0.010517635239239764,0.28701264705602259,0.997,0.0028008380443653373
full_l1,1000,981559,3,100,59,0.0058320202089974238,-0.019399228235617016,-0.032172396260446323,0.98999999999999999,0.0030274037252280292
full_l1,1000,981559,3,100,60,-0.0077205042828487613,-0.0032591352392128403,-0.016616375405757999,0.998,0.00084709925576324275
full_l1,1000,981559,3,100,61,-0.018560258656355133,0.010446810146574226,0.1776437832459925,0.99299999999999999,0.0023735718995803339
full_l1,1000,981559,3,100,62,-0.0057200131379340213,-0.0022130304683887214,-0.17704467640809485,0.995,0.0019271450285102138
full_l1,1000,981559,3,100,63,-0.0021477269419274414,0.023707233325793053,0.42066081529112576,0.98599999999999999,0.0037353635563904361
full_l1,1000,981559,3,100,64,-0.011206151971848044,0.01142519170965417,0.33246408607958333,0.99199999999999999,0.0026939716348984314
full_l1,1000,981559,3,100,65,-0.024334509061944898,0.0023855578351570372,0.12375569112532769,0.98799999999999999,0.00246471274278008
full_l1,1000,981559,3,100,66,-0.010139656222639015,0.0046352169922345698,0.23775027411364436,0.99099999999999999,0.0019837993210890517
full_l1,1000,981559,3,100,67,0.0088526234507226853,-0.0094301812397274976,-0.11233160925308106,0.997,0.0015868870166008435
full_l1,1000,981559,3,100,68,-0.0066661387652129367,-0.0056576988590539834,-0.08350954453283399,0.999,0.0011122013424226026
full_l1,1000,981559,3,100,69,-0.0054421042477150738,-0.003865669899776325,0.13385936223981609,0.996,0.001564610288209801
full_l1,1000,981559,3,100,70,0.0091916072011430927,0.013727651188852885,-0.055293900406196528,0.99099999999999999,0.0030521302394940892
full_l1,1000,981559,3,100,71,0.012603152196545508,0.0020092732931120683,0.0043705455530820281,1,0.0013527027099810079
full_l1,1000,981559,3,100,72,-0.0095176909465937154,-0.0061355407032379627,0.081898205115985778,0.998,0.0016458939439090439
full_l1,1000,981559,3,100,73,-0.0089307346235263374,0.0059430684213026552,-0.10958422876300089,0.998,0.0023160938668602884
full_l1,1000,981559,3,100,74,0.021070838819478466,-0.00017661542305646982,-0.10915485816101533,0.997,0.0024499276192406758
full_l1,1000,981559,3,100,75,0.011413112517663082,0.0047442270575674961,-0.1031867457935487,1,0.0022160010673547038
full_l1,1000,981559,3,100,76,-0.017451096821541778,-0.015022976910367802,-0.24175768090864258,0.98899999999999999,0.0029198658189585136
full_l1,1000,981559,3,100,77,0.023170806969792901,0.0055401090887976512,0.049455980743126959,0.98999999999999999,0.0023895206052258955
full_l1,1000,981559,3,100,78,-6.8148875146389898e-05,0.01398861115939809,0.044335028791575803,0.99299999999999999,0.0023901555815357832
full_l1,1000,981559,3,100,79,-0.032720787272070506,-0.011577490609625096,-0.1264195733513116,0.98499999999999999,0.0036194697621102657
full_l1,1000,981559,3,100,80,0.0033379970548086391,0.0069664984823971654,0.050733979100916482,0.999,0.0012376612058087042
full_l1,1000,981559,3,100,81,-0.0012574391450788092,0.020854486377370973,0.32075062272403221,0.99199999999999999,0.0031436210426936933
full_l1,1000,981559,3,100,82,-0.045627840851653056,-0.023172084439671226,-0.47961736780421993,0.96299999999999997,0.0061572118253730417
full_l1,1000,981559,3,100,83,0.018608068669214273,-0.012475334795023052,-0.017570962043751859,0.996,0.0026098881988232204
full_l1,1000,981559,3,100,84,-0.0025197237280421003,0.017407733056038932,0.13875831543667716,0.98899999999999999,0.0026302595362843097
full_l1,1000,981559,3,100,85,-0.0014094798251909069,0.01205034744949085,0.0026659985864394553,0.99399999999999999,0.0022922995981138694
full_l1,1000,981559,3,100,86,-0.0020214581935167342,0.00012137552328206347,0.038824712292663488,1,0.00024180394093410495
full_l1,1000,981559,3,100,87,0.006375043334166719,0.0038367518232877984,0.014115167910376591,0.998,0.0010435119793955232
full_l1,1000,981559,3,100,88,0.010900226169444194,-0.0030502044297600062,-0.15649939768462229,0.99399999999999999,0.0019095567226499106
full_l1,1000,981559,3,100,89,0.0070270952867452774,0.012849169208954514,-0.086904723320295307,0.99099999999999999,0.0030849184105910879
full_l1,1000,981559,3,100,90,0.0085264034582179793,-0.0057840187499578199,0.042857575641158663,0.998,0.0013020280946138556
full_l1,1000,981559,3,100,91,-0.003226330621656448,-0.010548895978385264,-0.054206190577489322,0.996,0.0014369712295372113
full_l1,1000,981559,3,100,92,-0.49018996307315899,-0.49608354449132785,0.49183767730755967,0.26300000000000001,0.013923657200704787
full_l1,1000,981559,3,100,93,-0.0082455855226963859,-0.010825414882421835,-0.11246547330924317,0.999,0.0016737260780056711
full_l1,1000,981559,3,100,94,-0.0040413528816605204,-0.012874894515566115,0.085290369950790534,0.98999999999999999,0.0025599339114950733
full_l1,1000,981559,3,100,95,-0.0021508009290425179,-0.011559046741060452,-0.13762393153827701,0.999,0.0016222474004764431
full_l1,1000,981559,3,100,96,-0.0082765247354954496,-0.0031868985827487872,0.056850620036544175,0.996,0.0010483125819654218
full_l1,1000,981559,3,100,97,-0.018921365647053046,-0.011718247478985866,-0.1552561129433474,0.99399999999999999,0.0025312594869320534
full_l1,1000,981559,3,100,98,-0.013264800935996135,-0.00018686434117243245,-0.11542017731725718,0.995,0.0019231031837894648
full_l1,1000,981559,3,100,99,-0.0028658819382108014,0.00027073863691717825,-0.062845264359401298,1,0.00099933262432960117
full_l1,1000,981559,3,100,100,-0.016466528170177241,0.011123817382009404,0.079344255374218076,0.996,0.0023449321052675348
full_l1,1000,981559,3,100,101,-0.025636341020022213,0.0091065964198802085,0.26100466336495232,0.98899999999999999,0.0030605721848726941
full_l1,1000,981559,3,100,102,-0.010808980465756957,-0.0063605319886581579,0.035077855993095097,0.996,0.0014896210363871988
full_l1,1000,981559,3,100,103,0.0047046803002077642,-0.0077606854052780783,-0.026007930237510024,1,0.0011185270864207148
full_l1,1000,981559,3,100,104,-0.0095503972722636998,0.0052992920801004928,0.022346836739567388,0.998,0.0013856510676791586
full_l1,1000,981559,3,100,105,-0.0083566265621586311,0.002425150641503393,-0.031629126706965938,1,0.0012551814943918013
full_l1,1000,981559,3,100,106,-0.0018121034963947125,0.016758521995270836,0.20043388658059835,0.996,0.0024725696896643833
full_l1,1000,981559,3,100,107,0.021675865595587762,-0.0016641345681873698,0.051007247649335508,0.996,0.0021215718476224731
full_l1,1000,981559,3,100,108,0.0086894858071351333,0.0037524936238930717,0.1626572767122374,1,0.0013920659751442568
full_l1,1000,981559,3,100,109,0.016497961453419752,-0.006967843225636372,0.0053309362691680295,0.999,0.001897335323345692
full_l1,1000,981559,3,100,110,-0.0091607853039348264,-0.0093099288268434499,-0.12199103301033487,0.998,0.0016213078614763219
full_l1,1000,981559,3,100,111,-0.012400136936649098,0.00066956874113155429,-0.076629169546795772,0.99399999999999999,0.0016593096259154229
full_l1,1000,981559,3,100,112,0.018635188430414562,-0.00015616307583732336,0.0046216299420527296,0.99299999999999999,0.0018138588676019462
full_l1,1000,50978,4,10,1,-0.125,0.29166666666666663,0.37499999999999989,0.46399999999999997,0.015758699731099904
full_l1,1000,50978,4,10,2,0.20833333333333326,-0.29166666666666669,-0.45833333333333331,0.3600000000000001,0.015450656873480451
full_l1,1000,50978,4,10,3,0.37499999999999989,-0.20833333333333331,-0.29166666666666669,0.26500000000000001,0.013699946796583509
full_l1,1000,50978,4,10,4,-0.45833333333333331,0.04166666666666663,0.04166666666666663,0.33200000000000007,0.015037781101438847
full_l1,1000,50978,4,10,5,0.12499999999999989,0.20833333333333326,-0.041666666666666685,0.60299999999999998,0.015466124284705972
full_l1,1000,50978,4,10,6,-0.041666666666666685,0.12499999999999989,-0.375,0.68799999999999994,0.01467653212425468
full_l1,1000,50978,4,10,7,-0.29166666666666669,-0.125,0.20833333333333326,0.31899999999999995,0.014813524729380505
full_l1,1000,50978,4,10,8,0.29166666666666663,0.37499999999999989,0.45833333333333326,0.35799999999999998,0.01497771305714235
full_l1,1000,50978,4,10,9,-0.20833333333333331,-0.041666666666666685,0.29166666666666663,0.58999999999999997,0.015513193313005739
full_l1,1000,50978,4,10,10,0.04166666666666663,0.45833333333333326,0.12499999999999989,0.48699999999999999,0.015799587552516509
full_l1,1000,50978,4,10,11,0.45833333333333326,-0.375,-0.20833333333333331,0.129,0.011122761922010851
full_l1,1000,50978,4,10,12,-0.375,-0.45833333333333331,-0.125,0.55800000000000005,0.015769117197413963
full_l1,1000,50978,4,10,13,-0.032488477175397268,0.017925849854782516,0.35250812692498545,0.98699999999999999,0.0041213134876738351
full_l1,1000,50978,4,10,14,0.012736543838741454,-0.029346451837673815,0.45605700545037298,0.92000000000000004,0.0082754182763151041
full_l1,1000,50978,4,10,15,-0.022654589993935215,-0.036696454115005217,-0.26751541114921951,0.96699999999999997,0.0054690483803284447
full_l1,1000,50978,4,10,16,-0.06915699338648329,-0.06214600042921381,0.27366550407914048,0.78400000000000003,0.012730460509828888
full_l1,1000,50978,4,10,17,0.042576800236918011,0.0084995334779713883,-0.32506359148568165,0.96299999999999997,0.0058893345930244173
full_l1,1000,50978,4,10,18,0.039674617178075078,0.0601698821798482,0.4572914466285698,0.92200000000000004,0.0084151681809352726
full_l1,1000,50978,4,10,19,-0.0028054657563361118,0.013419644039698531,0.02664738722159532,0.996,0.0023956912153124026
full_l1,1000,50978,4,10,20,0.040855664433316896,-0.072311340272744884,-0.45512896012676984,0.875,0.010360818746233328
full_l1,1000,50978,4,10,21,-0.49872047567844047,0.49642567439431073,-0.36342926137380838,0.021000000000000019,0.0046670203272499624
full_l1,1000,50978,4,10,22,0.085003493152508103,-0.012639723967082128,-0.0079820437034738845,0.91800000000000004,0.0081087183899353262
full_l1,1000,50978,4,30,1,-0.125,0.29166666666666663,0.37499999999999989,0.46399999999999997,0.015758699731099904
full_l1,1000,50978,4,30,2,0.20833333333333326,-0.29166666666666669,-0.45833333333333331,0.3600000000000001,0.015450656873480451
full_l1,1000,50978,4,30,3,0.37499999999999989,-0.20833333333333331,-0.29166666666666669,0.26500000000000001,0.013699946796583509
full_l1,1000,50978,4,30,4,-0.45833333333333331,0.04166666666666663,0.04166666666666663,0.33200000000000007,0.015037781101438847
full_l1,1000,50978,4,30,5,0.12499999999999989,0.20833333333333326,-0.041666666666666685,0.60299999999999998,0.015466124284705972
full_l1,1000,50978,4,30,6,-0.041666666666666685,0.12499999999999989,-0.375,0.68799999999999994,0.01467653212425468
full_l1,1000,50978,4,30,7,-0.29166666666666669,-0.125,0.20833333333333326,0.31899999999999995,0.014813524729380505
full_l1,1000,50978,4,30,8,0.29166666666666663,0.37499999999999989,0.45833333333333326,0.35799999999999998,0.01497771305714235
full_l1,1000,50978,4,30,9,-0.20833333333333331,-0.041666666666666685,0.29166666666666663,0.58999999999999997,0.015513193313005739
full_l1,1000,50978,4,30,10,0.04166666666666663,0.45833333333333326,0.12499999999999989,0.48699999999999999,0.015799587552516509
full_l1,1000,50978,4,30,11,0.45833333333333326,-0.375,-0.20833333333333331,0.129,0.011122761922010851
full_l1,1000,50978,4,30,12,-0.375,-0.45833333333333331,-0.125,0.55800000000000005,0.015769117197413963
full_l1,1000,50978,4,30,13,-0.032488477175397268,0.017925849854782516,0.35250812692498545,0.98699999999999999,0.0041213134876738351
full_l1,1000,50978,4,30,14,0.012736543838741454,-0.029346451837673815,0.45605700545037298,0.92000000000000004,0.0082754182763151041
full_l1,1000,50978,4,30,15,-0.022654589993935215,-0.036696454115005217,-0.26751541114921951,0.96699999999999997,0.0054690483803284447
full_l1,1000,50978,4,30,16,-0.06915699338648329,-0.06214600042921381,0.27366550407914048,0.78400000000000003,0.012730460509828888
full_l1,1000,50978,4,30,17,0.042576800236918011,0.0084995334779713883,-0.32506359148568165,0.96299999999999997,0.0058893345930244173
full_l1,1000,50978,4,30,18,0.039674617178075078,0.0601698821798482,0.4572914466285698,0.92200000000000004,0.0084151681809352726
full_l1,1000,50978,4,30,19,-0.0028054657563361118,0.013419644039698531,0.02664738722159532,0.996,0.0023956912153124026
full_l1,1000,50978,4,30,20,0.040855664433316896,-0.072311340272744884,-0.45512896012676984,0.875,0.010360818746233328
full_l1,1000,50978,4,30,21,-0.49872047567844047,0.49642567439431073,-0.36342926137380838,0.021000000000000019,0.0046670203272499624
full_l1,1000,50978,4,30,22,0.085003493152508103,-0.012639723967082128,-0.0079820437034738845,0.91800000000000004,0.0081087183899353262
full_l1,1000,50978,4,30,23,-0.024989331230667933,0.012240715147216807,-0.43852501034505265,0.95899999999999996,0.0062443225407293312
full_l1,1000,50978,4,30,24,0.010801754002190744,0.022065227412363386,0.22952298654597181,0.98599999999999999,0.0033495693009810311
full_l1,1000,50978,4,30,25,-0.060226628895329259,0.023252049302000977,0.068261177050537469,0.96199999999999997,0.0064691931299098605
full_l1,1000,50978,4,30,26,0.01570965513436362,-0.0087564197853331471,-0.1873103170921222,0.99399999999999999,0.0023232419471427676
full_l1,1000,50978,4,30,27,-0.033028340370763853,0.0089068438279344964,-0.16625272635901345,0.97999999999999998,0.0043607724301053053
full_l1,1000,50978,4,30,28,0.00067499407871651762,-0.011658361190249433,0.087279890228435519,0.99299999999999999,0.0023367150217674217
full_l1,1000,50978,4,30,29,-0.016662903542686847,-0.0067028599030096725,-0.12465023740222581,0.997,0.0020480571093054187
full_l1,1000,50978,4,30,30,-0.047914857711144565,0.043228150153253875,0.4835620741470239,0.95399999999999996,0.0069741974799642486
full_l1,1000,50978,4,30,31,-0.027081151934801984,0.017256476489434958,0.18877471163085113,0.99299999999999999,0.0035121381059930227
full_l1,1000,50978,4,30,32,-0.0098155768361420925,0.0027895409274854011,0.041090332479392089,1,0.0010824935396974988
full_l1,1000,50978,4,30,33,-0.007324506131358488,0.0085025026693203998,0.11356368288548402,0.997,0.0014784273338152647
full_l1,1000,50978,4,30,34,0.011124932180831548,-0.0018548282158541429,-0.0034868331685222742,1,0.0011027328551395594
full_l1,1000,50978,4,30,35,0.0075714220877263205,0.0066273801109364427,-0.19160649674216779,0.98799999999999999,0.0030582481216120424
full_l1,1000,50978,4,30,36,-0.01127655229771829,0.0020215125630438369,0.18877214677795084,0.998,0.0017675116490691234
full_l1,1000,50978,4,30,37,0.0073462639390733386,-0.010682430400909659,-0.095694514523398277,0.997,0.0015973105070345339
full_l1,1000,50978,4,30,38,0.012480609326289249,-0.0122645615529966,-0.33331785976275086,0.99399999999999999,0.0031565649864477938
full_l1,1000,50978,4,30,39,-0.0070768950776112227,0.0086887637766983605,-0.080521140108423594,0.997,0.0024156462958935107
full_l1,1000,50978,4,30,40,-0.015646092005402679,-0.032728132299839618,-0.49066384981986366,0.97499999999999998,0.005016043987304911
full_l1,1000,50978,4,30,41,-0.018117812216052798,-0.004862533900611421,-0.022410064908595873,0.99399999999999999,0.0018745355815878073
full_l1,1000,50978,4,30,42,-0.005190331977508178,-0.01278833833298787,-0.24012079089185656,0.995,0.0022668383401572146
full_l1,1000,50978,4,50,1,-0.125,0.29166666666666663,0.37499999999999989,0.46399999999999997,0.015758699731099904
full_l1,1000,50978,4,50,2,0.20833333333333326,-0.29166666666666669,-0.45833333333333331,0.3600000000000001,0.015450656873480451
full_l1,1000,50978,4,50,3,0.37499999999999989,-0.20833333333333331,-0.29166666666666669,0.26500000000000001,0.013699946796583509
full_l1,1000,50978,4,50,4,-0.45833333333333331,0.04166666666666663,0.04166666666666663,0.33200000000000007,0.015037781101438847
full_l1,1000,50978,4,50,5,0.12499999999999989,0.20833333333333326,-0.041666666666666685,0.60299999999999998,0.015466124284705972
full_l1,1000,50978,4,50,6,-0.041666666666666685,0.12499999999999989,-0.375,0.68799999999999994,0.01467653212425468
full_l1,1000,50978,4,50,7,-0.29166666666666669,-0.125,0.20833333333333326,0.31899999999999995,0.014813524729380505
full_l1,1000,50978,4,50,8,0.29166666666666663,0.37499999999999989,0.45833333333333326,0.35799999999999998,0.01497771305714235
full_l1,1000,50978,4,50,9,-0.20833333333333331,-0.041666666666666685,0.29166666666666663,0.58999999999999997,0.015513193313005739
full_l1,1000,50978,4,50,10,0.04166666666666663,0.45833333333333326,0.12499999999999989,0.48699999999999999,0.015799587552516509
full_l1,1000,50978,4,50,11,0.45833333333333326,-0.375,-0.20833333333333331,0.129,0.011122761922010851
full_l1,1000,50978,4,50,12,-0.375,-0.45833333333333331,-0.125,0.55800000000000005,0.015769117197413963
full_l1,1000,50978,4,50,13,-0.032488477175397268,0.017925849854782516,0.35250812692498545,0.98699999999999999,0.0041213134876738351
full_l1,1000,50978,4,50,14,0.012736543838741454,-0.029346451837673815,0.45605700545037298,0.92000000000000004,0.0082754182763151041
full_l1,1000,50978,4,50,15,-0.022654589993935215,-0.036696454115005217,-0.26751541114921951,0.96699999999999997,0.0054690483803284447
full_l1,1000,50978,4,50,16,-0.06915699338648329,-0.06214600042921381,0.27366550407914048,0.78400000000000003,0.012730460509828888
full_l1,1000,50978,4,50,17,0.042576800236918011,0.0084995334779713883,-0.32506359148568165,0.96299999999999997,0.0058893345930244173
full_l1,1000,50978,4,50,18,0.039674617178075078,0.0601698821798482,0.4572914466285698,0.92200000000000004,0.0084151681809352726
full_l1,1000,50978,4,50,19,-0.0028054657563361118,0.013419644039698531,0.02664738722159532,0.996,0.0023956912153124026
full_l1,1000,50978,4,50,20,0.040855664433316896,-0.072311340272744884,-0.45512896012676984,0.875,0.010360818746233328
full_l1,1000,50978,4,50,21,-0.49872047567844047,0.49642567439431073,-0.36342926137380838,0.021000000000000019,0.0046670203272499624
full_l1,1000,50978,4,50,22,0.085003493152508103,-0.012639723967082128,-0.0079820437034738845,0.91800000000000004,0.0081087183899353262
full_l1,1000,50978,4,50,23,-0.024989331230667933,0.012240715147216807,-0.43852501034505265,0.95899999999999996,0.0062443225407293312
full_l1,1000,50978,4,50,24,0.010801754002190744,0.022065227412363386,0.22952298654597181,0.98599999999999999,0.0033495693009810311
full_l1,1000,50978,4,50,25,-0.060226628895329259,0.023252049302000977,0.068261177050537469,0.96199999999999997,0.0064691931299098605
full_l1,1000,50978,4,50,26,0.01570965513436362,-0.0087564197853331471,-0.1873103170921222,0.99399999999999999,0.0023232419471427676
full_l1,1000,50978,4,50,27,-0.033028340370763853,0.0089068438279344964,-0.16625272635901345,0.97999999999999998,0.0043607724301053053
full_l1,1000,50978,4,50,28,0.00067499407871651762,-0.011658361190249433,0.087279890228435519,0.99299999999999999,0.0023367150217674217
full_l1,1000,50978,4,50,29,-0.016662903542686847,-0.0067028599030096725,-0.12465023740222581,0.997,0.0020480571093054187
full_l1,1000,50978,4,50,30,-0.047914857711144565,0.043228150153253875,0.4835620741470239,0.95399999999999996,0.0069741974799642486
full_l1,1000,50978,4,50,31,-0.027081151934801984,0.017256476489434958,0.18877471163085113,0.99299999999999999,0.0035121381059930227
full_l1,1000,50978,4,50,32,-0.0098155768361420925,0.0027895409274854011,0.041090332479392089,1,0.0010824935396974988
full_l1,1000,50978,4,50,33,-0.007324506131358488,0.0085025026693203998,0.11356368288548402,0.997,0.0014784273338152647
full_l1,1000,50978,4,50,34,0.011124932180831548,-0.0018548282158541429,-0.0034868331685222742,1,0.0011027328551395594
full_l1,1000,50978,4,50,35,0.0075714220877263205,0.0066273801109364427,-0.19160649674216779,0.98799999999999999,0.0030582481216120424
full_l1,1000,50978,4,50,36,-0.01127655229771829,0.0020215125630438369,0.18877214677795084,0.998,0.0017675116490691234
full_l1,1000,50978,4,50,37,0.0073462639390733386,-0.010682430400909659,-0.095694514523398277,0.997,0.0015973105070345339
full_l1,1000,50978,4,50,38,0.012480609326289249,-0.0122645615529966,-0.33331785976275086,0.99399999999999999,0.0031565649864477938
full_l1,1000,50978,4,50,39,-0.0070768950776112227,0.0086887637766983605,-0.080521140108423594,0.997,0.0024156462958935107
full_l1,1000,50978,4,50,40,-0.015646092005402679,-0.032728132299839618,-0.49066384981986366,0.97499999999999998,0.005016043987304911
full_l1,1000,50978,4,50,41,-0.018117812216052798,-0.004862533900611421,-0.022410064908595873,0.99399999999999999,0.0018745355815878073
full_l1,1000,50978,4,50,42,-0.005190331977508178,-0.01278833833298787,-0.24012079089185656,0.995,0.0022668383401572146
full_l1,1000,50978,4,50,43,-0.012471965275694386,0.011948436375442739,0.2513659493068825,0.997,0.002341315949773709
full_l1,1000,50978,4,50,44,0.0055643068377011495,0.0016749781250391393,0.11627160815238335,1,0.00092562690050489833
full_l1,1000,50978,4,50,45,0.026521934483566545,0.0054916258807022889,0.2792485807198688,0.99199999999999999,0.0032089189677903585
full_l1,1000,50978,4,50,46,0.0040930485949328688,0.0107046552407839,0.3094348491146981,0.99299999999999999,0.0023528411203989695
full_l1,1000,50978,4,50,47,0.032776634317419839,0.0023224444414977619,0.11220604125016553,0.98699999999999999,0.0031693256414294596
full_l1,1000,50978,4,50,48,0.013347224381628608,-0.011033629810606849,-0.41402813717817732,0.97699999999999998,0.0038556844891354291
full_l1,1000,50978,4,50,49,-0.0014863096985116009,-0.0044498328372120088,0.027843713981978713,1,0.00068297812172407439
full_l1,1000,50978,4,50,50,0.012663864688330362,-0.0076274407360512608,0.27593137200349549,0.98799999999999999,0.0035514217298982637
full_l1,1000,50978,4,50,51,0.0054577128442823142,0.013777670629791405,0.061992566276042327,0.996,0.002336197495341313
full_l1,1000,50978,4,50,52,-0.031130799551041255,0.016546237956491128,0.23229125478153945,0.98899999999999999,0.0037257924810587843
full_l1,1000,50978,4,50,53,0.0055516332376659427,-0.0058396739060688763,-0.17391771025327674,0.998,0.0017092516092149198
full_l1,1000,50978,4,50,54,-0.002826816515241859,-0.011051581474166516,-0.031132394684636244,0.997,0.001564459995240182
full_l1,1000,50978,4,50,55,0.0019242505991405867,0.0082875580128496384,-0.021176177652315165,0.995,0.0018305739188931437
full_l1,1000,50978,4,50,56,-0.0022202934570318966,0.0024022692860192763,0.069531642954177686,1,0.00051731806921435756
full_l1,1000,50978,4,50,57,-0.0010159391911344073,0.00331808787119936,-0.11909688131300067,0.996,0.001879912976148611
full_l1,1000,50978,4,50,58,0.014312672262282611,0.0063051029983176576,0.21774861735181239,0.997,0.0020609206395604844
full_l1,1000,50978,4,50,59,0.00021141856251394309,-0.005076035448098315,-0.29830346850585343,0.99299999999999999,0.0028165537912321751
full_l1,1000,50978,4,50,60,0.0012785125122660723,-0.007210437839634265,-0.015117157357195543,0.998,0.00096164545733173391
full_l1,1000,50978,4,50,61,-3.1038358643264985e-06,0.0035522128129907848,0.20662377286741207,0.998,0.0015002539280615302
full_l1,1000,50978,4,50,62,-0.015215213144271766,-0.0087038474284248935,-0.32921297417173911,0.98899999999999999,0.0032946311833015529
full_l1,1000,50978,4,100,1,-0.125,0.29166666666666663,0.37499999999999989,0.46399999999999997,0.015758699731099904
full_l1,1000,50978,4,100,2,0.20833333333333326,-0.29166666666666669,-0.45833333333333331,0.3600000000000001,0.015450656873480451
full_l1,1000,50978,4,100,3,0.37499999999999989,-0.20833333333333331,-0.29166666666666669,0.26500000000000001,0.013699946796583509
full_l1,1000,50978,4,100,4,-0.45833333333333331,0.04166666666666663,0.04166666666666663,0.33200000000000007,0.015037781101438847
full_l1,1000,50978,4,100,5,0.12499999999999989,0.20833333333333326,-0.041666666666666685,0.60299999999999998,0.015466124284705972
full_l1,1000,50978,4,100,6,-0.041666666666666685,0.12499999999999989,-0.375,0.68799999999999994,0.01467653212425468
full_l1,1000,50978,4,100,7,-0.29166666666666669,-0.125,0.20833333333333326,0.31899999999999995,0.014813524729380505
full_l1,1000,50978,4,100,8,0.29166666666666663,0.37499999999999989,0.45833333333333326,0.35799999999999998,0.01497771305714235
full_l1,1000,50978,4,100,9,-0.20833333333333331,-0.041666666666666685,0.29166666666666663,0.58999999999999997,0.015513193313005739
full_l1,1000,50978,4,100,10,0.04166666666666663,0.45833333333333326,0.12499999999999989,0.48699999999999999,0.015799587552516509
full_l1,1000,50978,4,100,11,0.45833333333333326,-0.375,-0.20833333333333331,0.129,0.011122761922010851
full_l1,1000,50978,4,100,12,-0.375,-0.45833333333333331,-0.125,0.55800000000000005,0.015769117197413963
full_l1,1000,50978,4,100,13,-0.032488477175397268,0.017925849854782516,0.35250812692498545,0.98699999999999999,0.0041213134876738351
full_l1,1000,50978,4,100,14,0.012736543838741454,-0.029346451837673815,0.45605700545037298,0.92000000000000004,0.0082754182763151041
full_l1,1000,50978,4,100,15,-0.022654589993935215,-0.036696454115005217,-0.26751541114921951,0.96699999999999997,0.0054690483803284447
full_l1,1000,50978,4,100,16,-0.06915699338648329,-0.06214600042921381,0.27366550407914048,0.78400000000000003,0.012730460509828888
full_l1,1000,50978,4,100,17,0.042576800236918011,0.0084995334779713883,-0.32506359148568165,0.96299999999999997,0.0058893345930244173
full_l1,1000,50978,4,100,18,0.039674617178075078,0.0601698821798482,0.4572914466285698,0.92200000000000004,0.0084151681809352726
full_l1,1000,50978,4,100,19,-0.0028054657563361118,0.013419644039698531,0.02664738722159532,0.996,0.0023956912153124026
full_l1,1000,50978,4,100,20,0.040855664433316896,-0.072311340272744884,-0.45512896012676984,0.875,0.010360818746233328
full_l1,1000,50978,4,100,21,-0.49872047567844047,0.49642567439431073,-0.36342926137380838,0.021000000000000019,0.0046670203272499624
full_l1,1000,50978,4,100,22,0.085003493152508103,-0.012639723967082128,-0.0079820437034738845,0.91800000000000004,0.0081087183899353262
full_l1,1000,50978,4,100,23,-0.024989331230667933,0.012240715147216807,-0.43852501034505265,0.95899999999999996,0.0062443225407293312
full_l1,1000,50978,4,100,24,0.010801754002190744,0.022065227412363386,0.22952298654597181,0.98599999999999999,0.0033495693009810311
full_l1,1000,50978,4,100,25,-0.060226628895329259,0.023252049302000977,0.068261177050537469,0.96199999999999997,0.0064691931299098605
full_l1,1000,50978,4,100,26,0.01570965513436362,-0.0087564197853331471,-0.1873103170921222,0.99399999999999999,0.0023232419471427676
full_l1,1000,50978,4,100,27,-0.033028340370763853,0.0089068438279344964,-0.16625272635901345,0.97999999999999998,0.0043607724301053053
full_l1,1000,50978,4,100,28,0.00067499407871651762,-0.011658361190249433,0.087279890228435519,0.99299999999999999,0.0023367150217674217
full_l1,1000,50978,4,100,29,-0.016662903542686847,-0.0067028599030096725,-0.12465023740222581,0.997,0.0020480571093054187
full_l1,1000,50978,4,100,30,-0.047914857711144565,0.043228150153253875,0.4835620741470239,0.95399999999999996,0.0069741974799642486
full_l1,1000,50978,4,100,31,-0.027081151934801984,0.017256476489434958,0.18877471163085113,0.99299999999999999,0.0035121381059930227
full_l1,1000,50978,4,100,32,-0.0098155768361420925,0.0027895409274854011,0.041090332479392089,1,0.0010824935396974988
full_l1,1000,50978,4,100,33,-0.007324506131358488,0.0085025026693203998,0.11356368288548402,0.997,0.0014784273338152647
full_l1,1000,50978,4,100,34,0.011124932180831548,-0.0018548282158541429,-0.0034868331685222742,1,0.0011027328551395594
full_l1,1000,50978,4,100,35,0.0075714220877263205,0.0066273801109364427,-0.19160649674216779,0.98799999999999999,0.0030582481216120424
full_l1,1000,50978,4,100,36,-0.01127655229771829,0.0020215125630438369,0.18877214677795084,0.998,0.0017675116490691234
full_l1,1000,50978,4,100,37,0.0073462639390733386,-0.010682430400909659,-0.095694514523398277,0.997,0.0015973105070345339
full_l1,1000,50978,4,100,38,0.012480609326289249,-0.0122645615529966,-0.33331785976275086,0.99399999999999999,0.0031565649864477938
full_l1,1000,50978,4,100,39,-0.0070768950776112227,0.0086887637766983605,-0.080521140108423594,0.997,0.0024156462958935107
full_l1,1000,50978,4,100,40,-0.015646092005402679,-0.032728132299839618,-0.49066384981986366,0.97499999999999998,0.005016043987304911
full_l1,1000,50978,4,100,41,-0.018117812216052798,-0.004862533900611421,-0.022410064908595873,0.99399999999999999,0.0018745355815878073
full_l1,1000,50978,4,100,42,-0.005190331977508178,-0.01278833833298787,-0.24012079089185656,0.995,0.0022668383401572146
full_l1,1000,50978,4,100,43,-0.012471965275694386,0.011948436375442739,0.2513659493068825,0.997,0.002341315949773709
full_l1,1000,50978,4,100,44,0.0055643068377011495,0.0016749781250391393,0.11627160815238335,1,0.00092562690050489833
full_l1,1000,50978,4,100,45,0.026521934483566545,0.0054916258807022889,0.2792485807198688,0.99199999999999999,0.0032089189677903585
full_l1,1000,50978,4,100,46,0.0040930485949328688,0.0107046552407839,0.3094348491146981,0.99299999999999999,0.0023528411203989695
full_l1,1000,50978,4,100,47,0.032776634317419839,0.0023224444414977619,0.11220604125016553,0.98699999999999999,0.0031693256414294596
full_l1,1000,50978,4,100,48,0.013347224381628608,-0.011033629810606849,-0.41402813717817732,0.97699999999999998,0.0038556844891354291
full_l1,1000,50978,4,100,49,-0.0014863096985116009,-0.0044498328372120088,0.027843713981978713,1,0.00068297812172407439
full_l1,1000,50978,4,100,50,0.012663864688330362,-0.0076274407360512608,0.27593137200349549,0.98799999999999999,0.0035514217298982637
full_l1,1000,50978,4,100,51,0.0054577128442823142,0.013777670629791405,0.061992566276042327,0.996,0.002336197495341313
full_l1,1000,50978,4,100,52,-0.031130799551041255,0.016546237956491128,0.23229125478153945,0.98899999999999999,0.0037257924810587843
full_l1,1000,50978,4,100,53,0.0055516332376659427,-0.0058396739060688763,-0.17391771025327674,0.998,0.0017092516092149198
full_l1,1000,50978,4,100,54,-0.002826816515241859,-0.011051581474166516,-0.031132394684636244,0.997,0.001564459995240182
full_l1,1000,50978,4,100,55,0.0019242505991405867,0.0082875580128496384,-0.021176177652315165,0.995,0.0018305739188931437
full_l1,1000,50978,4,100,56,-0.0022202934570318966,0.0024022692860192763,0.069531642954177686,1,0.00051731806921435756
full_l1,1000,50978,4,100,57,-0.0010159391911344073,0.00331808787119936,-0.11909688131300067,0.996,0.001879912976148611
full_l1,1000,50978,4,100,58,0.014312672262282611,0.0063051029983176576,0.21774861735181239,0.997,0.0020609206395604844
full_l1,1000,50978,4,100,59,0.00021141856251394309,-0.005076035448098315,-0.29830346850585343,0.99299999999999999,0.0028165537912321751
full_l1,1000,50978,4,100,60,0.0012785125122660723,-0.007210437839634265,-0.015117157357195543,0.998,0.00096164545733173391
full_l1,1000,50978,4,100,61,-3.1038358643264985e-06,0.0035522128129907848,0.20662377286741207,0.998,0.0015002539280615302
full_l1,1000,50978,4,100,62,-0.015215213144271766,-0.0087038474284248935,-0.32921297417173911,0.98899999999999999,0.0032946311833015529
full_l1,1000,50978,4,100,63,-0.011808153033836088,-0.0032615612618576151,0.19428180902233061,0.99299999999999999,0.0022748874692344527
full_l1,1000,50978,4,100,64,-0.017496972245447884,0.0092438053325247793,0.19079713655680797,0.997,0.0022536507591025467
full_l1,1000,50978,4,100,65,-0.015325953642678636,-0.0086896471905035799,-0.18480617059395144,0.995,0.0022808592830216947
full_l1,1000,50978,4,100,66,0.00041769229063048918,-0.009435080186098288,-0.11181203169575893,0.997,0.0013154330494416242
full_l1,1000,50978,4,100,67,-0.01114588227508162,0.0055400258588165219,0.067293663747006294,0.999,0.0013962839459935497
full_l1,1000,50978,4,100,68,0.0021807651883434254,-0.0014542364452649892,0.14894934307361529,0.998,0.0013286983362260656
full_l1,1000,50978,4,100,69,-0.0055404351259467077,0.0063185831365921707,-0.059016115328152985,0.998,0.0018627823775396674
full_l1,1000,50978,4,100,70,-0.010838528199925035,0.008311076795173955,0.1681734627943976,0.997,0.0017182153874247227
full_l1,1000,50978,4,100,71,0.0085739246649334522,0.0084086032554395729,0.41346803199633286,0.98599999999999999,0.0032510512378523455
full_l1,1000,50978,4,100,72,-0.0086275032102181015,-0.0037493752260939761,-0.12514587772077568,0.997,0.0015075301736381464
full_l1,1000,50978,4,100,73,0.0092477339224354971,-0.00913294239300666,-0.12402313870300219,0.99399999999999999,0.0016274171444890853
full_l1,1000,50978,4,100,74,0.005600759659216914,-0.0098120866781283844,0.029283352461876522,0.998,0.0017089366901042618
full_l1,1000,50978,4,100,75,-0.0010116391762984289,-0.0013774527884231613,0.096821320903829111,1,0.00079754571464939368
full_l1,1000,50978,4,100,76,-0.0037889124686376618,-0.019149568503921577,-0.11594754887443326,0.99199999999999999,0.0026583557100426126
full_l1,1000,50978,4,100,77,0.01100613290237562,-0.0024693119245409179,0.014803804690725952,0.999,0.001100164610607228
full_l1,1000,50978,4,100,78,-0.019258271443090003,0.010337027149566413,0.020633564584325637,0.98999999999999999,0.0026188992102167438
full_l1,1000,50978,4,100,79,-0.010702438541516424,-0.0077623219711850933,0.067778549681342559,0.997,0.0018463588988007833
full_l1,1000,50978,4,100,80,0.011150145846980486,-0.01146819753438133,-0.039321660060133823,0.995,0.0019401245876172462
full_l1,1000,50978,4,100,81,-0.0073186730915824061,0.00036173061092714676,0.032759746177591254,0.999,0.00072666905415451745
full_l1,1000,50978,4,100,82,-0.0011291708407878964,0.00041243502074017613,-0.0291280940659564,1,0.0006619388677436026
full_l1,1000,50978,4,100,83,0.0069150618891122839,-0.0033522812829480664,0.020432563431876716,1,0.00080164255871387278
full_l1,1000,50978,4,100,84,-0.014736812713292302,-0.003413512472365321,-0.11985077612737527,0.998,0.0018897550806981349
full_l1,1000,50978,4,100,85,0.01728182066022077,0.0019408234446733896,-0.041287072492727672,0.99299999999999999,0.0019259515640623274
full_l1,1000,50978,4,100,86,0.0058594070415549648,-0.0080086247178074998,-0.043650458392114899,1,0.0011829158920222736
full_l1,1000,50978,4,100,87,-0.011016489077167346,-0.003157002307742296,-0.19872614159781787,0.98999999999999999,0.0022608137072082268
full_l1,1000,50978,4,100,88,0.00040324934276081414,-0.014514296434246843,-0.29352402162263913,0.996,0.0026276313337145907
full_l1,1000,50978,4,100,89,0.01537603169730084,-0.0061972103455716354,-0.13521911756390037,0.998,0.0019888696741432871
full_l1,1000,50978,4,100,90,0.011912934102920492,-0.0074246914590401225,-0.074870822016175564,0.999,0.0015417911522431567
full_l1,1000,50978,4,100,91,0.0068303846726500694,0.011717770626926471,0.14598214505652951,0.998,0.0018790491815696704
full_l1,1000,50978,4,100,92,-0.0224681881791291,-0.0064004524853500389,-0.10060851831136075,0.99299999999999999,0.0024531781746300876
full_l1,1000,50978,4,100,93,0.0015998749198933293,0.0020827073635314441,0.031473588774408423,1,0.00047598292705627079
full_l1,1000,50978,4,100,94,-0.003707191700154544,0.016183596450875637,0.12289985598299125,0.995,0.0024875215923809333
full_l1,1000,50978,4,100,95,-0.022646416339954012,0.0022687410914516981,0.15006622766968669,0.98999999999999999,0.0023981551399347009
full_l1,1000,50978,4,100,96,-0.0090393474843419863,0.01565686965172719,0.2433944862604589,0.996,0.0025127652611273746
full_l1,1000,50978,4,100,97,0.0067239216786185718,0.0065522264819461995,0.078742548469811213,0.999,0.0012299296618805732
full_l1,1000,50978,4,100,98,-0.011724175758334621,0.019448197629619246,0.19679068711590397,0.995,0.0030249721329941854
full_l1,1000,50978,4,100,99,-0.0010910928591618685,0.013650523732890996,0.36518600443109506,0.99099999999999999,0.0027894888093863064
full_l1,1000,50978,4,100,100,0.0041942372404180084,0.0088941018130512806,0.20488136952193892,0.998,0.0016492480991433219
full_l1,1000,50978,4,100,101,-0.0049132719892410748,-0.005386450710102908,-0.14736189643223474,0.997,0.0014758355389431822
full_l1,1000,50978,4,100,102,0.0040312048672639378,0.014700673551960364,0.21165433655922561,0.997,0.0022438807499612699
full_l1,1000,50978,4,100,103,0.015312453543090632,-0.0060089432704191204,0.070696547407736565,0.998,0.0019445093612435226
full_l1,1000,50978,4,100,104,-0.008056480623475526,-0.0037880091000586091,-0.026023924334393156,0.997,0.00091798487203843175
full_l1,1000,50978,4,100,105,0.0037127286139371218,0.0069672265079745443,0.26478621861643759,0.99399999999999999,0.0019668680825490701
full_l1,1000,50978,4,100,106,-0.0053655264332352903,0.01423805302481429,0.19342125169695268,0.996,0.0021806364122748645
full_l1,1000,50978,4,100,107,0.0075551718891675446,-0.006155026875942049,0.055043006467102362,0.998,0.0013689249546534304
full_l1,1000,50978,4,100,108,0.010294703670922001,0.0082425016970280041,0.12214698412868796,0.997,0.0016059328524519428
full_l1,1000,50978,4,100,109,0.010721031980107654,-0.017837112076985351,-0.25003755544128348,0.98699999999999999,0.0028276195024268089
full_l1,1000,50978,4,100,110,0.0016622553539860085,0.00060689544332070966,0.12597265029888538,0.998,0.0009103069292301279
full_l1,1000,50978,4,100,111,0.020881169712658076,-0.0033747855293011497,0.072766573393982625,0.99199999999999999,0.0021828522356843899
full_l1,1000,50978,4,100,112,0.018137022818562221,-0.0078785297351735561,-0.050899591158192647,0.996,0.0020546960619301658
full_l1,1000,419030,5,10,1,-0.375,-0.20833333333333331,-0.125,0.23799999999999999,0.013930106793811091
full_l1,1000,419030,5,10,2,0.04166666666666663,0.45833333333333326,-0.45833333333333331,0.43999999999999995,0.015712159710833149
full_l1,1000,419030,5,10,3,0.12499999999999989,-0.375,-0.375,0.44199999999999995,0.015694435495630352
full_l1,1000,419030,5,10,4,0.37499999999999989,0.20833333333333326,0.45833333333333326,0.35599999999999998,0.015081324350388708
full_l1,1000,419030,5,10,5,0.20833333333333326,0.29166666666666663,-0.29166666666666669,0.45399999999999996,0.01577669895178099
full_l1,1000,419030,5,10,6,-0.29166666666666669,0.37499999999999989,0.04166666666666663,0.18599999999999994,0.012935687415829865
full_l1,1000,419030,5,10,7,-0.20833333333333331,-0.29166666666666669,0.20833333333333326,0.40200000000000002,0.015448953349059923
full_l1,1000,419030,5,10,8,0.45833333333333326,-0.041666666666666685,0.12499999999999989,0.19599999999999995,0.012683579353721695
full_l1,1000,419030,5,10,9,0.29166666666666663,0.04166666666666663,-0.20833333333333331,0.49199999999999999,0.015797495090197344
full_l1,1000,419030,5,10,10,-0.45833333333333331,-0.125,-0.041666666666666685,0.27200000000000002,0.013634404649075256
full_l1,1000,419030,5,10,11,-0.125,-0.45833333333333331,0.37499999999999989,0.32800000000000007,0.014882515883426962
full_l1,1000,419030,5,10,12,-0.041666666666666685,0.12499999999999989,0.29166666666666663,0.75600000000000001,0.013656127692089669
full_l1,1000,419030,5,10,13,0.0024313124203372283,0.057068875884558334,0.47505230115997943,0.93999999999999995,0.0075997433378037389
full_l1,1000,419030,5,10,14,0.044533373215084993,0.067035194951950539,0.39044191175239917,0.90400000000000003,0.0092600262009025214
full_l1,1000,419030,5,10,15,0.018497382912743943,-0.06468274542412944,0.29414449366977502,0.82099999999999995,0.012113104271142237
full_l1,1000,419030,5,10,16,0.0069083794219733097,0.10284626140245123,-0.15172187036213103,0.76800000000000002,0.013067417599226123
full_l1,1000,419030,5,10,17,0.036511000612722277,0.15841040199055434,0.49304193396397822,0.73599999999999999,0.014403948139178674
full_l1,1000,419030,5,10,18,0.087095590437593406,-0.054872315074351752,0.40571158490180204,0.78600000000000003,0.013231417899812711
full_l1,1000,419030,5,10,19,-0.031065094954732198,0.014738427213303096,0.43550522481517895,0.96999999999999997,0.0042810874184592979
full_l1,1000,419030,5,10,20,-0.045748908647654796,-0.064949471655518121,0.39608025072707842,0.77100000000000002,0.012973381070614964
full_l1,1000,419030,5,10,21,-0.0024545833025926278,0.0066619654989727994,0.48672263779595681,0.98399999999999999,0.0038948594407887498
full_l1,1000,419030,5,10,22,0.019085624682064317,0.023080631628529025,0.28732305007184178,0.98499999999999999,0.0037567204013871504
full_l1,1000,419030,5,30,1,-0.375,-0.20833333333333331,-0.125,0.23799999999999999,0.013930106793811091
full_l1,1000,419030,5,30,2,0.04166666666666663,0.45833333333333326,-0.45833333333333331,0.43999999999999995,0.015712159710833149
full_l1,1000,419030,5,30,3,0.12499999999999989,-0.375,-0.375,0.44199999999999995,0.015694435495630352
full_l1,1000,419030,5,30,4,0.37499999999999989,0.20833333333333326,0.45833333333333326,0.35599999999999998,0.015081324350388708
full_l1,1000,419030,5,30,5,0.20833333333333326,0.29166666666666663,-0.29166666666666669,0.45399999999999996,0.01577669895178099
full_l1,1000,419030,5,30,6,-0.29166666666666669,0.37499999999999989,0.04166666666666663,0.18599999999999994,0.012935687415829865
full_l1,1000,419030,5,30,7,-0.20833333333333331,-0.29166666666666669,0.20833333333333326,0.40200000000000002,0.015448953349059923
full_l1,1000,419030,5,30,8,0.45833333333333326,-0.041666666666666685,0.12499999999999989,0.19599999999999995,0.012683579353721695
full_l1,1000,419030,5,30,9,0.29166666666666663,0.04166666666666663,-0.20833333333333331,0.49199999999999999,0.015797495090197344
full_l1,1000,419030,5,30,10,-0.45833333333333331,-0.125,-0.041666666666666685,0.27200000000000002,0.013634404649075256
full_l1,1000,419030,5,30,11,-0.125,-0.45833333333333331,0.37499999999999989,0.32800000000000007,0.014882515883426962
full_l1,1000,419030,5,30,12,-0.041666666666666685,0.12499999999999989,0.29166666666666663,0.75600000000000001,0.013656127692089669
full_l1,1000,419030,5,30,13,0.0024313124203372283,0.057068875884558334,0.47505230115997943,0.93999999999999995,0.0075997433378037389
full_l1,1000,419030,5,30,14,0.044533373215084993,0.067035194951950539,0.39044191175239917,0.90400000000000003,0.0092600262009025214
full_l1,1000,419030,5,30,15,0.018497382912743943,-0.06468274542412944,0.29414449366977502,0.82099999999999995,0.012113104271142237
full_l1,1000,419030,5,30,16,0.0069083794219733097,0.10284626140245123,-0.15172187036213103,0.76800000000000002,0.013067417599226123
full_l1,1000,419030,5,30,17,0.036511000612722277,0.15841040199055434,0.49304193396397822,0.73599999999999999,0.014403948139178674
full_l1,1000,419030,5,30,18,0.087095590437593406,-0.054872315074351752,0.40571158490180204,0.78600000000000003,0.013231417899812711
full_l1,1000,419030,5,30,19,-0.031065094954732198,0.014738427213303096,0.43550522481517895,0.96999999999999997,0.0042810874184592979
full_l1,1000,419030,5,30,20,-0.045748908647654796,-0.064949471655518121,0.39608025072707842,0.77100000000000002,0.012973381070614964
full_l1,1000,419030,5,30,21,-0.0024545833025926278,0.0066619654989727994,0.48672263779595681,0.98399999999999999,0.0038948594407887498
full_l1,1000,419030,5,30,22,0.019085624682064317,0.023080631628529025,0.28732305007184178,0.98499999999999999,0.0037567204013871504
full_l1,1000,419030,5,30,23,-0.0065668779148351231,0.0086277403102699157,0.13158689097710918,0.997,0.0014700932834069893
full_l1,1000,419030,5,30,24,-0.0053542182466721489,-0.0075166241097157638,-0.34949105210795328,0.98299999999999998,0.0032098054687318221
full_l1,1000,419030,5,30,25,0.053841938306959491,-0.0046167252229019073,-0.31019145915126978,0.97199999999999998,0.005924472438888319
full_l1,1000,419030,5,30,26,0.008705056067878969,-0.0062605119697360934,-0.075370491603364842,1,0.0012377895311305406
full_l1,1000,419030,5,30,27,0.022683884029960355,-0.063911026735207654,-0.47505313778775848,0.92200000000000004,0.0087289844213306687
full_l1,1000,419030,5,30,28,0.0061216877896153044,0.013739571616165014,-0.13490610802832159,0.98199999999999998,0.0035513711484066479
full_l1,1000,419030,5,30,29,-0.040231760967434305,-0.014513191600733943,-0.14670413706920771,0.98099999999999998,0.0044632527066250207
full_l1,1000,419030,5,30,30,0.035272579246261593,0.00049428980230947772,0.087537970486299299,0.99099999999999999,0.0033816280610258799
full_l1,1000,419030,5,30,31,0.0079955878385371548,-0.022609015723732639,-0.27786893453574013,0.99399999999999999,0.0032711522356606206
full_l1,1000,419030,5,30,32,0.043201831878822983,-0.017995836909177054,-0.090682746208208931,0.97799999999999998,0.0049637843452326347
full_l1,1000,419030,5,30,33,-0.0062559409417763945,-0.0090123398651240638,0.079904283769232753,0.996,0.0019249133501419444
full_l1,1000,419030,5,30,34,-0.0045206699859268173,-0.016569566555746151,-0.12900081853411716,1,0.0022714712051933495
full_l1,1000,419030,5,30,35,0.010068041908501524,-0.0034194831843246121,-0.17738312013210789,0.995,0.0020187208822164682
full_l1,1000,419030,5,30,36,0.0075336994211583352,0.0080231555801590915,0.1579723618093527,0.998,0.0015063374569635709
full_l1,1000,419030,5,30,37,-0.0017719669112201686,-0.007867903833775447,-0.036922338020061174,1,0.0010279194290623631
full_l1,1000,419030,5,30,38,0.010622045846754746,0.017966941806552894,0.40158838605290126,0.98999999999999999,0.0033548534761895462
full_l1,1000,419030,5,30,39,0.0050946082326257525,0.0014467161031754827,0.097632479325722832,0.999,0.00077508993491525726
full_l1,1000,419030,5,30,40,-0.0051150068124710124,0.013695490762094309,0.032857611895944272,0.99299999999999999,0.0024402303812189326
full_l1,1000,419030,5,30,41,-0.012138582297259726,-0.0028768466806590176,0.27885790908905261,0.99099999999999999,0.0029761086251601462
full_l1,1000,419030,5,30,42,0.021729794929771451,-0.00025644751605979899,0.35752706146903934,0.98699999999999999,0.0037937327699711877
full_l1,1000,419030,5,50,1,-0.375,-0.20833333333333331,-0.125,0.23799999999999999,0.013930106793811091
full_l1,1000,419030,5,50,2,0.04166666666666663,0.45833333333333326,-0.45833333333333331,0.43999999999999995,0.015712159710833149
full_l1,1000,419030,5,50,3,0.12499999999999989,-0.375,-0.375,0.44199999999999995,0.015694435495630352
full_l1,1000,419030,5,50,4,0.37499999999999989,0.20833333333333326,0.45833333333333326,0.35599999999999998,0.015081324350388708
full_l1,1000,419030,5,50,5,0.20833333333333326,0.29166666666666663,-0.29166666666666669,0.45399999999999996,0.01577669895178099
full_l1,1000,419030,5,50,6,-0.29166666666666669,0.37499999999999989,0.04166666666666663,0.18599999999999994,0.012935687415829865
full_l1,1000,419030,5,50,7,-0.20833333333333331,-0.29166666666666669,0.20833333333333326,0.40200000000000002,0.015448953349059923
full_l1,1000,419030,5,50,8,0.45833333333333326,-0.041666666666666685,0.12499999999999989,0.19599999999999995,0.012683579353721695
full_l1,1000,419030,5,50,9,0.29166666666666663,0.04166666666666663,-0.20833333333333331,0.49199999999999999,0.015797495090197344
full_l1,1000,419030,5,50,10,-0.45833333333333331,-0.125,-0.041666666666666685,0.27200000000000002,0.013634404649075256
full_l1,1000,419030,5,50,11,-0.125,-0.45833333333333331,0.37499999999999989,0.32800000000000007,0.014882515883426962
full_l1,1000,419030,5,50,12,-0.041666666666666685,0.12499999999999989,0.29166666666666663,0.75600000000000001,0.013656127692089669
full_l1,1000,419030,5,50,13,0.0024313124203372283,0.057068875884558334,0.47505230115997943,0.93999999999999995,0.0075997433378037389
full_l1,1000,419030,5,50,14,0.044533373215084993,0.067035194951950539,0.39044191175239917,0.90400000000000003,0.0092600262009025214
full_l1,1000,419030,5,50,15,0.018497382912743943,-0.06468274542412944,0.29414449366977502,0.82099999999999995,0.012113104271142237
full_l1,1000,419030,5,50,16,0.0069083794219733097,0.10284626140245123,-0.15172187036213103,0.76800000000000002,0.013067417599226123
full_l1,1000,419030,5,50,17,0.036511000612722277,0.15841040199055434,0.49304193396397822,0.73599999999999999,0.014403948139178674
full_l1,1000,419030,5,50,18,0.087095590437593406,-0.054872315074351752,0.40571158490180204,0.78600000000000003,0.013231417899812711
full_l1,1000,419030,5,50,19,-0.031065094954732198,0.014738427213303096,0.43550522481517895,0.96999999999999997,0.0042810874184592979
full_l1,1000,419030,5,50,20,-0.045748908647654796,-0.064949471655518121,0.39608025072707842,0.77100000000000002,0.012973381070614964
full_l1,1000,419030,5,50,21,-0.0024545833025926278,0.0066619654989727994,0.48672263779595681,0.98399999999999999,0.0038948594407887498
full_l1,1000,419030,5,50,22,0.019085624682064317,0.023080631628529025,0.28732305007184178,0.98499999999999999,0.0037567204013871504
full_l1,1000,419030,5,50,23,-0.0065668779148351231,0.0086277403102699157,0.13158689097710918,0.997,0.0014700932834069893
full_l1,1000,419030,5,50,24,-0.0053542182466721489,-0.0075166241097157638,-0.34949105210795328,0.98299999999999998,0.0032098054687318221
full_l1,1000,419030,5,50,25,0.053841938306959491,-0.0046167252229019073,-0.31019145915126978,0.97199999999999998,0.005924472438888319
full_l1,1000,419030,5,50,26,0.008705056067878969,-0.0062605119697360934,-0.075370491603364842,1,0.0012377895311305406
full_l1,1000,419030,5,50,27,0.022683884029960355,-0.063911026735207654,-0.47505313778775848,0.92200000000000004,0.0087289844213306687
full_l1,1000,419030,5,50,28,0.0061216877896153044,0.013739571616165014,-0.13490610802832159,0.98199999999999998,0.0035513711484066479
full_l1,1000,419030,5,50,29,-0.040231760967434305,-0.014513191600733943,-0.14670413706920771,0.98099999999999998,0.0044632527066250207
full_l1,1000,419030,5,50,30,0.035272579246261593,0.00049428980230947772,0.087537970486299299,0.99099999999999999,0.0033816280610258799
full_l1,1000,419030,5,50,31,0.0079955878385371548,-0.022609015723732639,-0.27786893453574013,0.99399999999999999,0.0032711522356606206
full_l1,1000,419030,5,50,32,0.043201831878822983,-0.017995836909177054,-0.090682746208208931,0.97799999999999998,0.0049637843452326347
full_l1,1000,419030,5,50,33,-0.0062559409417763945,-0.0090123398651240638,0.079904283769232753,0.996,0.0019249133501419444
full_l1,1000,419030,5,50,34,-0.0045206699859268173,-0.016569566555746151,-0.12900081853411716,1,0.0022714712051933495
full_l1,1000,419030,5,50,35,0.010068041908501524,-0.0034194831843246121,-0.17738312013210789,0.995,0.0020187208822164682
full_l1,1000,419030,5,50,36,0.0075336994211583352,0.0080231555801590915,0.1579723618093527,0.998,0.0015063374569635709
full_l1,1000,419030,5,50,37,-0.0017719669112201686,-0.007867903833775447,-0.036922338020061174,1,0.0010279194290623631
full_l1,1000,419030,5,50,38,0.010622045846754746,0.017966941806552894,0.40158838605290126,0.98999999999999999,0.0033548534761895462
full_l1,1000,419030,5,50,39,0.0050946082326257525,0.0014467161031754827,0.097632479325722832,0.999,0.00077508993491525726
full_l1,1000,419030,5,50,40,-0.0051150068124710124,0.013695490762094309,0.032857611895944272,0.99299999999999999,0.0024402303812189326
full_l1,1000,419030,5,50,41,-0.012138582297259726,-0.0028768466806590176,0.27885790908905261,0.99099999999999999,0.0029761086251601462
full_l1,1000,419030,5,50,42,0.021729794929771451,-0.00025644751605979899,0.35752706146903934,0.98699999999999999,0.0037937327699711877
full_l1,1000,419030,5,50,43,0.0071353935931073309,0.0055064898186554245,0.251124959714637,0.997,0.0019551097408570099
full_l1,1000,419030,5,50,44,-0.0058470061487563285,-0.025135996236563374,-0.17153127002312707,0.98799999999999999,0.0034977686937552829
full_l1,1000,419030,5,50,45,0.0052163882474245415,-0.015873123408604473,-0.073248785200583866,0.99399999999999999,0.002278447672111778
full_l1,1000,419030,5,50,46,0.0066608380337944695,-0.0069592673370864055,-0.15963717274669897,0.998,0.0016255689129380674
full_l1,1000,419030,5,50,47,0.001797483667154598,-0.012910960242882741,-0.13683812357771385,0.997,0.0017654442403035831
full_l1,1000,419030,5,50,48,-0.016602340466013832,-0.0050900678728320603,-0.043235532561925805,0.997,0.0017604492336001007
full_l1,1000,419030,5,50,49,0.021704292486436572,0.011444034766381339,0.021187230455885553,0.99299999999999999,0.0029036569662925686
full_l1,1000,419030,5,50,50,-0.01037243874203253,0.0020832983630234558,-0.013556498112205384,0.999,0.0012550287452778714
full_l1,1000,419030,5,50,51,-0.020447613537585063,0.0031676462189238475,0.061936405326842525,0.995,0.0020383488280997057
full_l1,1000,419030,5,50,52,-0.001005758317875971,-0.0010546357447305255,0.040393072081091885,1,0.00022513940837463908
full_l1,1000,419030,5,50,53,0.01284576252562375,-0.0070519177726573457,-0.22955709818997061,0.98699999999999999,0.0024404235220273859
full_l1,1000,419030,5,50,54,0.022773384481331371,-0.01762135128769704,-0.439499218742885,0.97499999999999998,0.0044080949802227124
full_l1,1000,419030,5,50,55,0.0067013581907644504,-0.003232542273776895,-0.055306123328987766,0.999,0.00091422601853260977
full_l1,1000,419030,5,50,56,0.017611591080356703,0.01040652863100644,0.15625275526956472,0.996,0.0022861758389313399
full_l1,1000,419030,5,50,57,-0.0024964873621866612,-0.0080195598473566942,0.13314318944156489,0.998,0.0021114759151216475
full_l1,1000,419030,5,50,58,0.0012632504551934876,-0.0075680751488018672,-0.014104757687312119,0.997,0.0010229168166194776
full_l1,1000,419030,5,50,59,-0.0038175679693475129,-0.0084007709977174105,-0.13449979808054402,0.998,0.0013972020499909011
full_l1,1000,419030,5,50,60,-0.0059099800852095985,-0.0060607803385244186,0.17816315703495045,0.99299999999999999,0.0022748458442319402
full_l1,1000,419030,5,50,61,-0.0032678114473072561,0.0075176896015169969,0.13732874233169112,0.999,0.001250940988910163
full_l1,1000,419030,5,50,62,0.005397781274621094,0.00094855703990415208,0.036052866014222751,0.999,0.00057660996684485131
full_l1,1000,419030,5,100,1,-0.375,-0.20833333333333331,-0.125,0.23799999999999999,0.013930106793811091
full_l1,1000,419030,5,100,2,0.04166666666666663,0.45833333333333326,-0.45833333333333331,0.43999999999999995,0.015712159710833149
full_l1,1000,419030,5,100,3,0.12499999999999989,-0.375,-0.375,0.44199999999999995,0.015694435495630352
full_l1,1000,419030,5,100,4,0.37499999999999989,0.20833333333333326,0.45833333333333326,0.35599999999999998,0.015081324350388708
full_l1,1000,419030,5,100,5,0.20833333333333326,0.29166666666666663,-0.29166666666666669,0.45399999999999996,0.01577669895178099
full_l1,1000,419030,5,100,6,-0.29166666666666669,0.37499999999999989,0.04166666666666663,0.18599999999999994,0.012935687415829865
full_l1,1000,419030,5,100,7,-0.20833333333333331,-0.29166666666666669,0.20833333333333326,0.40200000000000002,0.015448953349059923
full_l1,1000,419030,5,100,8,0.45833333333333326,-0.041666666666666685,0.12499999999999989,0.19599999999999995,0.012683579353721695
full_l1,1000,419030,5,100,9,0.29166666666666663,0.04166666666666663,-0.20833333333333331,0.49199999999999999,0.015797495090197344
full_l1,1000,419030,5,100,10,-0.45833333333333331,-0.125,-0.041666666666666685,0.27200000000000002,0.013634404649075256
full_l1,1000,419030,5,100,11,-0.125,-0.45833333333333331,0.37499999999999989,0.32800000000000007,0.014882515883426962
full_l1,1000,419030,5,100,12,-0.041666666666666685,0.12499999999999989,0.29166666666666663,0.75600000000000001,0.013656127692089669
full_l1,1000,419030,5,100,13,0.0024313124203372283,0.057068875884558334,0.47505230115997943,0.93999999999999995,0.0075997433378037389
full_l1,1000,419030,5,100,14,0.044533373215084993,0.067035194951950539,0.39044191175239917,0.90400000000000003,0.0092600262009025214
full_l1,1000,419030,5,100,15,0.018497382912743943,-0.06468274542412944,0.29414449366977502,0.82099999999999995,0.012113104271142237
full_l1,1000,419030,5,100,16,0.0069083794219733097,0.10284626140245123,-0.15172187036213103,0.76800000000000002,0.013067417599226123
full_l1,1000,419030,5,100,17,0.036511000612722277,0.15841040199055434,0.49304193396397822,0.73599999999999999,0.014403948139178674
full_l1,1000,419030,5,100,18,0.087095590437593406,-0.054872315074351752,0.40571158490180204,0.78600000000000003,0.013231417899812711
full_l1,1000,419030,5,100,19,-0.031065094954732198,0.014738427213303096,0.43550522481517895,0.96999999999999997,0.0042810874184592979
full_l1,1000,419030,5,100,20,-0.045748908647654796,-0.064949471655518121,0.39608025072707842,0.77100000000000002,0.012973381070614964
full_l1,1000,419030,5,100,21,-0.0024545833025926278,0.0066619654989727994,0.48672263779595681,0.98399999999999999,0.0038948594407887498
full_l1,1000,419030,5,100,22,0.019085624682064317,0.023080631628529025,0.28732305007184178,0.98499999999999999,0.0037567204013871504
full_l1,1000,419030,5,100,23,-0.0065668779148351231,0.0086277403102699157,0.13158689097710918,0.997,0.0014700932834069893
full_l1,1000,419030,5,100,24,-0.0053542182466721489,-0.0075166241097157638,-0.34949105210795328,0.98299999999999998,0.0032098054687318221
full_l1,1000,419030,5,100,25,0.053841938306959491,-0.0046167252229019073,-0.31019145915126978,0.97199999999999998,0.005924472438888319
full_l1,1000,419030,5,100,26,0.008705056067878969,-0.0062605119697360934,-0.075370491603364842,1,0.0012377895311305406
full_l1,1000,419030,5,100,27,0.022683884029960355,-0.063911026735207654,-0.47505313778775848,0.92200000000000004,0.0087289844213306687
full_l1,1000,419030,5,100,28,0.0061216877896153044,0.013739571616165014,-0.13490610802832159,0.98199999999999998,0.0035513711484066479
full_l1,1000,419030,5,100,29,-0.040231760967434305,-0.014513191600733943,-0.14670413706920771,0.98099999999999998,0.0044632527066250207
full_l1,1000,419030,5,100,30,0.035272579246261593,0.00049428980230947772,0.087537970486299299,0.99099999999999999,0.0033816280610258799
full_l1,1000,419030,5,100,31,0.0079955878385371548,-0.022609015723732639,-0.27786893453574013,0.99399999999999999,0.0032711522356606206
full_l1,1000,419030,5,100,32,0.043201831878822983,-0.017995836909177054,-0.090682746208208931,0.97799999999999998,0.0049637843452326347
full_l1,1000,419030,5,100,33,-0.0062559409417763945,-0.0090123398651240638,0.079904283769232753,0.996,0.0019249133501419444
full_l1,1000,419030,5,100,34,-0.0045206699859268173,-0.016569566555746151,-0.12900081853411716,1,0.0022714712051933495
full_l1,1000,419030,5,100,35,0.010068041908501524,-0.0034194831843246121,-0.17738312013210789,0.995,0.0020187208822164682
full_l1,1000,419030,5,100,36,0.0075336994211583352,0.0080231555801590915,0.1579723618093527,0.998,0.0015063374569635709
full_l1,1000,419030,5,100,37,-0.0017719669112201686,-0.007867903833775447,-0.036922338020061174,1,0.0010279194290623631
full_l1,1000,419030,5,100,38,0.010622045846754746,0.017966941806552894,0.40158838605290126,0.98999999999999999,0.0033548534761895462
full_l1,1000,419030,5,100,39,0.0050946082326257525,0.0014467161031754827,0.097632479325722832,0.999,0.00077508993491525726
full_l1,1000,419030,5,100,40,-0.0051150068124710124,0.013695490762094309,0.032857611895944272,0.99299999999999999,0.0024402303812189326
full_l1,1000,419030,5,100,41,-0.012138582297259726,-0.0028768466806590176,0.27885790908905261,0.99099999999999999,0.0029761086251601462
full_l1,1000,419030,5,100,42,0.021729794929771451,-0.00025644751605979899,0.35752706146903934,0.98699999999999999,0.0037937327699711877
full_l1,1000,419030,5,100,43,0.0071353935931073309,0.0055064898186554245,0.251124959714637,0.997,0.0019551097408570099
full_l1,1000,419030,5,100,44,-0.0058470061487563285,-0.025135996236563374,-0.17153127002312707,0.98799999999999999,0.0034977686937552829
full_l1,1000,419030,5,100,45,0.0052163882474245415,-0.015873123408604473,-0.073248785200583866,0.99399999999999999,0.002278447672111778
full_l1,1000,419030,5,100,46,0.0066608380337944695,-0.0069592673370864055,-0.15963717274669897,0.998,0.0016255689129380674
full_l1,1000,419030,5,100,47,0.001797483667154598,-0.012910960242882741,-0.13683812357771385,0.997,0.0017654442403035831
full_l1,1000,419030,5,100,48,-0.016602340466013832,-0.0050900678728320603,-0.043235532561925805,0.997,0.0017604492336001007
full_l1,1000,419030,5,100,49,0.021704292486436572,0.011444034766381339,0.021187230455885553,0.99299999999999999,0.0029036569662925686
full_l1,1000,419030,5,100,50,-0.01037243874203253,0.0020832983630234558,-0.013556498112205384,0.999,0.0012550287452778714
full_l1,1000,419030,5,100,51,-0.020447613537585063,0.0031676462189238475,0.061936405326842525,0.995,0.0020383488280997057
full_l1,1000,419030,5,100,52,-0.001005758317875971,-0.0010546357447305255,0.040393072081091885,1,0.00022513940837463908
full_l1,1000,419030,5,100,53,0.01284576252562375,-0.0070519177726573457,-0.22955709818997061,0.98699999999999999,0.0024404235220273859
full_l1,1000,419030,5,100,54,0.022773384481331371,-0.01762135128769704,-0.439499218742885,0.97499999999999998,0.0044080949802227124
full_l1,1000,419030,5,100,55,0.0067013581907644504,-0.003232542273776895,-0.055306123328987766,0.999,0.00091422601853260977
full_l1,1000,419030,5,100,56,0.017611591080356703,0.01040652863100644,0.15625275526956472,0.996,0.0022861758389313399
full_l1,1000,419030,5,100,57,-0.0024964873621866612,-0.0080195598473566942,0.13314318944156489,0.998,0.0021114759151216475
full_l1,1000,419030,5,100,58,0.0012632504551934876,-0.0075680751488018672,-0.014104757687312119,0.997,0.0010229168166194776
full_l1,1000,419030,5,100,59,-0.0038175679693475129,-0.0084007709977174105,-0.13449979808054402,0.998,0.0013972020499909011
full_l1,1000,419030,5,100,60,-0.0059099800852095985,-0.0060607803385244186,0.17816315703495045,0.99299999999999999,0.0022748458442319402
full_l1,1000,419030,5,100,61,-0.0032678114473072561,0.0075176896015169969,0.13732874233169112,0.999,0.001250940988910163
full_l1,1000,419030,5,100,62,0.005397781274621094,0.00094855703990415208,0.036052866014222751,0.999,0.00057660996684485131
full_l1,1000,419030,5,100,63,0.013388602652401493,-0.02625270407138558,-0.36236318412788404,0.98299999999999998,0.0040269833276379485
full_l1,1000,419030,5,100,64,-0.017217500527547003,0.012239077533322096,0.33096771345594833,0.98899999999999999,0.0029537467411331303
full_l1,1000,419030,5,100,65,0.0075033503400341317,0.0063014153413212259,0.3038163427087448,0.996,0.0023749735843955071
full_l1,1000,419030,5,100,66,0.0070344101862316322,0.00086578832877681755,-0.1178099291013075,0.996,0.0017042503781447991
full_l1,1000,419030,5,100,67,-0.0024274326633137999,-0.011947452981367235,0.020137837775277223,0.996,0.0019485495034606746
full_l1,1000,419030,5,100,68,0.023029728636720037,0.0034130773873908282,-0.056641283761443839,0.99199999999999999,0.0025669645227897491
full_l1,1000,419030,5,100,69,0.0097938121371174969,-0.0104108214478702,-0.070297476851180374,0.996,0.001682940024690052
full_l1,1000,419030,5,100,70,0.005435580901245185,-0.0044823420754060983,0.21598995196295845,0.99399999999999999,0.0023962078870549408
full_l1,1000,419030,5,100,71,0.0065551519727218288,0.0075342555063615535,0.1997322719697483,0.995,0.0016112757834046345
full_l1,1000,419030,5,100,72,0.0031183729429005158,0.015834811378385716,0.34009605792430175,0.99099999999999999,0.0027761044891971595
full_l1,1000,419030,5,100,73,-0.010172506776408685,-0.020013507432585786,-0.25409910071824848,0.99399999999999999,0.0029925304405129679
full_l1,1000,419030,5,100,74,0.022418755369813193,-0.0011119985150733758,0.036910167480905143,0.998,0.0021634553919911213
full_l1,1000,419030,5,100,75,-0.012807280829783663,-0.016967351241551354,-0.071381007428816368,0.996,0.0027087725978419386
full_l1,1000,419030,5,100,76,-0.0057216978372132132,0.012845828072513887,0.12293967686563079,0.997,0.0020161090836272317
full_l1,1000,419030,5,100,77,-0.011926412019582999,0.0010102630606383389,-0.12997093982192287,0.995,0.0020538199369670345
full_l1,1000,419030,5,100,78,-0.0014607921196001517,-0.0043789141682928356,-0.093887129176357442,0.999,0.0009608890471992671
full_l1,1000,419030,5,100,79,-0.0081202772892960962,-0.0002852647073421366,0.0072644309170470933,0.999,0.00081760703745065578
full_l1,1000,419030,5,100,80,-0.0022641052369309911,-0.01606758468956726,-0.24081955989636983,0.99399999999999999,0.0024221271089039085
full_l1,1000,419030,5,100,81,0.0082339885430220416,0.0077329264482626225,0.12270776457854904,0.996,0.0014412995291032506
full_l1,1000,419030,5,100,82,-0.016201289084994297,0.006238145446032739,-0.060887233586041534,0.995,0.0023630641555915789
full_l1,1000,419030,5,100,83,-0.020113460736928213,0.0079695457920667678,0.16739648336321733,0.995,0.0023186571188839773
full_l1,1000,419030,5,100,84,-0.0042568270107332662,-0.0096722063035015182,0.063132564118707046,0.997,0.0018617508769248783
full_l1,1000,419030,5,100,85,-0.017224489988005409,-0.01624550362487942,-0.07503802454694708,0.98899999999999999,0.002839323876312951
full_l1,1000,419030,5,100,86,0.028461519763456788,-0.013633854497242304,0.084981506517642469,0.98599999999999999,0.0038573313820564519
full_l1,1000,419030,5,100,87,0.012358414493371717,-0.0063857939242963901,-0.070647465210065707,0.997,0.0015028092604683133
full_l1,1000,419030,5,100,88,0.014141092354114759,0.0038592560991650426,0.22552037683211235,0.995,0.0021235821866656839
full_l1,1000,419030,5,100,89,-0.013348209206254014,-0.013685860892831414,-0.13242612923835639,0.995,0.0022691911229445537
full_l1,1000,419030,5,100,90,0.015506313621654888,0.0044256927276404845,0.25700970710035165,0.99199999999999999,0.0024025991923137206
full_l1,1000,419030,5,100,91,-0.019095656672242889,0.011692540101774007,0.19490167360308908,0.99199999999999999,0.0025281973948379079
full_l1,1000,419030,5,100,92,0.011944757337723599,-0.0043043186960682878,-0.0067256557313439824,0.998,0.0012727192279761393
full_l1,1000,419030,5,100,93,-0.0015833964687808066,0.0068551561819869544,0.18427965703842908,0.999,0.0013687096321491027
full_l1,1000,419030,5,100,94,-0.0089336926236143199,0.0068614596381002535,0.12201369999303258,0.999,0.0013862616419678449
full_l1,1000,419030,5,100,95,0.014881022109916264,-0.0029426047385057164,0.12190360471351114,0.995,0.0018900809108224645
full_l1,1000,419030,5,100,96,-0.0094866586487203364,-0.0070129306298212235,0.16896624298975005,0.997,0.0024386244679142147
full_l1,1000,419030,5,100,97,0.0074751165906346007,0.0017682087752710629,-0.013845031266141339,0.998,0.0010117288868744219
full_l1,1000,419030,5,100,98,-0.014319473313315401,0.0010382926983407703,-0.071942486113967918,0.999,0.0017980934600793327
full_l1,1000,419030,5,100,99,-0.011038474124792641,0.0033883896369635291,0.25057076936234202,0.995,0.0021703647223227096
full_l1,1000,419030,5,100,100,-0.012795675965442621,-0.0052305653765345461,0.086200495373494945,0.997,0.0017645973604752789
full_l1,1000,419030,5,100,101,0.014233705734619573,0.014698461553050546,0.49248111708160813,0.98899999999999999,0.0039177280935963022
full_l1,1000,419030,5,100,102,-0.0068221231639336022,-0.0032563512582086673,0.14245385812315225,1,0.0016122308571001949
full_l1,1000,419030,5,100,103,0.02667299397509848,0.0076101108099717596,0.047441531584612839,0.98899999999999999,0.0028243369916050721
full_l1,1000,419030,5,100,104,-0.014520059331164736,0.0017952107550207597,0.153016390597845,0.995,0.0017606381370455946
full_l1,1000,419030,5,100,105,-0.0089128006907455148,0.0047102749015763834,-0.11205738149711486,0.995,0.0021764275259921364
full_l1,1000,419030,5,100,106,-0.0028555187962007178,-0.00082766748277518509,-0.041841274435394871,1,0.00069393624692392361
full_l1,1000,419030,5,100,107,-0.0051333891757161521,0.012433215269169073,0.30972054354745104,0.99399999999999999,0.0024331295186200909
full_l1,1000,419030,5,100,108,-0.0095069543966013192,0.0056376070342254447,0.26168207962337098,0.99299999999999999,0.0021175775627356574
full_l1,1000,419030,5,100,109,-0.004888772440569733,0.0010056256914205974,0.024755599350777091,1,0.00055827476842499777
full_l1,1000,419030,5,100,110,-0.0024336247910394793,0.0049158942147975448,-0.039780817211800601,0.998,0.0014340040509401167
full_l1,1000,419030,5,100,111,0.001171057508986495,-0.0082495057940970007,-0.10820472247698865,0.998,0.0012025073936334269
full_l1,1000,419030,5,100,112,-0.024574975389790588,-0.0026084973808429002,0.025688511254698287,0.995,0.0024206743606507335
full_l1,10000,105026,1,10,1,-0.375,0.45833333333333326,-0.125,0.094999999999999973,0.0029436410953854286
full_l1,10000,105026,1,10,2,-0.041666666666666685,0.20833333333333326,-0.29166666666666669,0.52869999999999995,0.0049870586293848653
full_l1,10000,105026,1,10,3,0.20833333333333326,0.29166666666666663,-0.375,0.4607,0.0049816869409468915
full_l1,10000,105026,1,10,4,0.04166666666666663,-0.29166666666666669,0.20833333333333326,0.3609,0.0048153661415300305
full_l1,10000,105026,1,10,5,-0.29166666666666669,0.37499999999999989,-0.041666666666666685,0.20999999999999996,0.0040519534961203111
full_l1,10000,105026,1,10,6,0.29166666666666663,-0.375,0.29166666666666663,0.37509999999999999,0.0048357495327285751
full_l1,10000,105026,1,10,7,0.37499999999999989,0.04166666666666663,0.37499999999999989,0.34599999999999997,0.0047497499598771475
full_l1,10000,105026,1,10,8,0.45833333333333326,-0.125,-0.45833333333333331,0.16070000000000007,0.0036379421148599917
full_l1,10000,105026,1,10,9,-0.45833333333333331,0.12499999999999989,-0.20833333333333331,0.27849999999999997,0.0044404583659566517
full_l1,10000,105026,1,10,10,0.12499999999999989,-0.20833333333333331,0.45833333333333326,0.38650000000000007,0.0048775293831388681
full_l1,10000,105026,1,10,11,-0.20833333333333331,-0.45833333333333331,0.04166666666666663,0.46330000000000005,0.0049878202710221236
full_l1,10000,105026,1,10,12,-0.125,-0.041666666666666685,0.12499999999999989,0.78720000000000001,0.0040839772181633224
full_l1,10000,105026,1,10,13,-0.11736713567324908,0.49057679428234224,0.46512023561146321,0.48009999999999997,0.0049972382917647393
full_l1,10000,105026,1,10,14,-0.11691232344951463,-0.46032067862843906,-0.28965534602155008,0.39629999999999999,0.0048855136355181504
full_l1,10000,105026,1,10,15,-0.13251788027313971,-0.28809528287065911,0.46642400532555728,0.3226,0.0046709536324297165
full_l1,10000,105026,1,10,16,-0.13650675159051251,0.42580885857862261,-0.35429333634696891,0.39870000000000005,0.0048976952110995281
full_l1,10000,105026,1,10,17,-0.11429971148375584,0.00080324065053094529,0.089597572047739993,0.88560000000000005,0.003219980223890976
full_l1,10000,105026,1,10,18,-0.10243661428932671,0.068252853631742827,0.060149769888873106,0.82909999999999995,0.0037212837806371883
full_l1,10000,105026,1,10,19,-0.11326212052937046,0.029148266086314711,0.12818582923516564,0.88119999999999998,0.0032258289282802509
full_l1,10000,105026,1,10,20,-0.11633031558844253,0.084802690211466469,-0.0060428625359083554,0.77439999999999998,0.0041798217137936815
full_l1,10000,105026,1,10,21,-0.096865245560663338,-0.13994216610497134,0.21259681951629483,0.4153,0.004927397267953092
full_l1,10000,105026,1,10,22,-0.040273566871397382,0.010517217025902026,-0.12750036845193913,0.97470000000000001,0.0015150460238286313
full_l1,10000,105026,1,30,1,-0.375,0.45833333333333326,-0.125,0.094999999999999973,0.0029436410953854286
full_l1,10000,105026,1,30,2,-0.041666666666666685,0.20833333333333326,-0.29166666666666669,0.52869999999999995,0.0049870586293848653
full_l1,10000,105026,1,30,3,0.20833333333333326,0.29166666666666663,-0.375,0.4607,0.0049816869409468915
full_l1,10000,105026,1,30,4,0.04166666666666663,-0.29166666666666669,0.20833333333333326,0.3609,0.0048153661415300305
full_l1,10000,105026,1,30,5,-0.29166666666666669,0.37499999999999989,-0.041666666666666685,0.20999999999999996,0.0040519534961203111
full_l1,10000,105026,1,30,6,0.29166666666666663,-0.375,0.29166666666666663,0.37509999999999999,0.0048357495327285751
full_l1,10000,105026,1,30,7,0.37499999999999989,0.04166666666666663,0.37499999999999989,0.34599999999999997,0.0047497499598771475
full_l1,10000,105026,1,30,8,0.45833333333333326,-0.125,-0.45833333333333331,0.16070000000000007,0.0036379421148599917
full_l1,10000,105026,1,30,9,-0.45833333333333331,0.12499999999999989,-0.20833333333333331,0.27849999999999997,0.0044404583659566517
full_l1,10000,105026,1,30,10,0.12499999999999989,-0.20833333333333331,0.45833333333333326,0.38650000000000007,0.0048775293831388681
full_l1,10000,105026,1,30,11,-0.20833333333333331,-0.45833333333333331,0.04166666666666663,0.46330000000000005,0.0049878202710221236
full_l1,10000,105026,1,30,12,-0.125,-0.041666666666666685,0.12499999999999989,0.78720000000000001,0.0040839772181633224
full_l1,10000,105026,1,30,13,-0.11736713567324908,0.49057679428234224,0.46512023561146321,0.48009999999999997,0.0049972382917647393
full_l1,10000,105026,1,30,14,-0.11691232344951463,-0.46032067862843906,-0.28965534602155008,0.39629999999999999,0.0048855136355181504
full_l1,10000,105026,1,30,15,-0.13251788027313971,-0.28809528287065911,0.46642400532555728,0.3226,0.0046709536324297165
full_l1,10000,105026,1,30,16,-0.13650675159051251,0.42580885857862261,-0.35429333634696891,0.39870000000000005,0.0048976952110995281
full_l1,10000,105026,1,30,17,-0.11429971148375584,0.00080324065053094529,0.089597572047739993,0.88560000000000005,0.003219980223890976
full_l1,10000,105026,1,30,18,-0.10243661428932671,0.068252853631742827,0.060149769888873106,0.82909999999999995,0.0037212837806371883
full_l1,10000,105026,1,30,19,-0.11326212052937046,0.029148266086314711,0.12818582923516564,0.88119999999999998,0.0032258289282802509
full_l1,10000,105026,1,30,20,-0.11633031558844253,0.084802690211466469,-0.0060428625359083554,0.77439999999999998,0.0041798217137936815
full_l1,10000,105026,1,30,21,-0.096865245560663338,-0.13994216610497134,0.21259681951629483,0.4153,0.004927397267953092
full_l1,10000,105026,1,30,22,-0.040273566871397382,0.010517217025902026,-0.12750036845193913,0.97470000000000001,0.0015150460238286313
full_l1,10000,105026,1,30,23,-0.048743235698093912,0.0050985027877130662,-0.43810689750731524,0.95599999999999996,0.0021464933211852522
full_l1,10000,105026,1,30,24,0.032056077448280984,0.01248948754466217,-0.2779739950124438,0.97109999999999996,0.0016952831068692404
full_l1,10000,105026,1,30,25,0.0021128863692634337,0.037967984698375146,-0.24662460655365748,0.93669999999999998,0.0023950009697618498
full_l1,10000,105026,1,30,26,0.0024638790174413838,0.012634586326966124,0.26845138271789537,0.996,0.0006942452433051742
full_l1,10000,105026,1,30,27,0.051330716331017046,0.039125507513367186,0.4966635617517936,0.95189999999999997,0.0021544950614574903
full_l1,10000,105026,1,30,28,0.050350705889892433,-0.015655660937170746,0.24131012023135678,0.95379999999999998,0.0020143501000040118
full_l1,10000,105026,1,30,29,0.057249311579324003,0.023381318619523084,0.14450391470098367,0.96360000000000001,0.0019156719025770492
full_l1,10000,105026,1,30,30,-0.046183388180823792,0.028377667575832932,0.48258911703179042,0.9637,0.0018288740471713554
full_l1,10000,105026,1,30,31,0.02096194167599652,-0.037239432190273369,-0.4786975358847223,0.97019999999999995,0.0017810298704735493
full_l1,10000,105026,1,30,32,0.014691795871633051,-0.011317031277864098,0.032807118393569867,0.99419999999999997,0.00075776421876529111
full_l1,10000,105026,1,30,33,-0.0045643411484230789,-0.017660608775107223,-0.1026578833738192,0.99380000000000002,0.00078000604591359126
full_l1,10000,105026,1,30,34,0.021546259779726018,-0.023944368658637583,-0.26474696909634998,0.98299999999999998,0.0012561355299669924
full_l1,10000,105026,1,30,35,-0.013838390963453184,0.0075477667596772768,0.084474340811032667,0.997,0.00055897587019620358
full_l1,10000,105026,1,30,36,0.0021097837639116879,-0.0052713410266957972,-0.30738121483923742,0.99129999999999996,0.00091670406001332955
full_l1,10000,105026,1,30,37,0.0017120449015686212,0.0099728956243205769,0.47690833965662094,0.98760000000000003,0.0011554563263539185
full_l1,10000,105026,1,30,38,0.44105985982832574,0.49414030710069112,0.48268060195385187,0.030100000000000016,0.0016806871998450398
full_l1,10000,105026,1,30,39,0.019317472106627154,-0.0016235001174689234,-0.076759350434315365,0.995,0.00065891598015498218
full_l1,10000,105026,1,30,40,0.030242601483141618,0.0047298548223633219,-0.48157128917967862,0.96089999999999998,0.001925257906360637
full_l1,10000,105026,1,30,41,-0.01813277976935912,0.00037538432161121627,0.2900056651599956,0.99219999999999997,0.00095954958003008654
full_l1,10000,105026,1,30,42,-0.02247333715647426,0.02404184719411151,0.33835177050607768,0.98509999999999998,0.001270669310680226
full_l1,10000,105026,1,50,1,-0.375,0.45833333333333326,-0.125,0.094999999999999973,0.0029436410953854286
full_l1,10000,105026,1,50,2,-0.041666666666666685,0.20833333333333326,-0.29166666666666669,0.52869999999999995,0.0049870586293848653
full_l1,10000,105026,1,50,3,0.20833333333333326,0.29166666666666663,-0.375,0.4607,0.0049816869409468915
full_l1,10000,105026,1,50,4,0.04166666666666663,-0.29166666666666669,0.20833333333333326,0.3609,0.0048153661415300305
full_l1,10000,105026,1,50,5,-0.29166666666666669,0.37499999999999989,-0.041666666666666685,0.20999999999999996,0.0040519534961203111
full_l1,10000,105026,1,50,6,0.29166666666666663,-0.375,0.29166666666666663,0.37509999999999999,0.0048357495327285751
full_l1,10000,105026,1,50,7,0.37499999999999989,0.04166666666666663,0.37499999999999989,0.34599999999999997,0.0047497499598771475
full_l1,10000,105026,1,50,8,0.45833333333333326,-0.125,-0.45833333333333331,0.16070000000000007,0.0036379421148599917
full_l1,10000,105026,1,50,9,-0.45833333333333331,0.12499999999999989,-0.20833333333333331,0.27849999999999997,0.0044404583659566517
full_l1,10000,105026,1,50,10,0.12499999999999989,-0.20833333333333331,0.45833333333333326,0.38650000000000007,0.0048775293831388681
full_l1,10000,105026,1,50,11,-0.20833333333333331,-0.45833333333333331,0.04166666666666663,0.46330000000000005,0.0049878202710221236
full_l1,10000,105026,1,50,12,-0.125,-0.041666666666666685,0.12499999999999989,0.78720000000000001,0.0040839772181633224
full_l1,10000,105026,1,50,13,-0.11736713567324908,0.49057679428234224,0.46512023561146321,0.48009999999999997,0.0049972382917647393
full_l1,10000,105026,1,50,14,-0.11691232344951463,-0.46032067862843906,-0.28965534602155008,0.39629999999999999,0.0048855136355181504
full_l1,10000,105026,1,50,15,-0.13251788027313971,-0.28809528287065911,0.46642400532555728,0.3226,0.0046709536324297165
full_l1,10000,105026,1,50,16,-0.13650675159051251,0.42580885857862261,-0.35429333634696891,0.39870000000000005,0.0048976952110995281
full_l1,10000,105026,1,50,17,-0.11429971148375584,0.00080324065053094529,0.089597572047739993,0.88560000000000005,0.003219980223890976
full_l1,10000,105026,1,50,18,-0.10243661428932671,0.068252853631742827,0.060149769888873106,0.82909999999999995,0.0037212837806371883
full_l1,10000,105026,1,50,19,-0.11326212052937046,0.029148266086314711,0.12818582923516564,0.88119999999999998,0.0032258289282802509
full_l1,10000,105026,1,50,20,-0.11633031558844253,0.084802690211466469,-0.0060428625359083554,0.77439999999999998,0.0041798217137936815
full_l1,10000,105026,1,50,21,-0.096865245560663338,-0.13994216610497134,0.21259681951629483,0.4153,0.004927397267953092
full_l1,10000,105026,1,50,22,-0.040273566871397382,0.010517217025902026,-0.12750036845193913,0.97470000000000001,0.0015150460238286313
full_l1,10000,105026,1,50,23,-0.048743235698093912,0.0050985027877130662,-0.43810689750731524,0.95599999999999996,0.0021464933211852522
full_l1,10000,105026,1,50,24,0.032056077448280984,0.01248948754466217,-0.2779739950124438,0.97109999999999996,0.0016952831068692404
full_l1,10000,105026,1,50,25,0.0021128863692634337,0.037967984698375146,-0.24662460655365748,0.93669999999999998,0.0023950009697618498
full_l1,10000,105026,1,50,26,0.0024638790174413838,0.012634586326966124,0.26845138271789537,0.996,0.0006942452433051742
full_l1,10000,105026,1,50,27,0.051330716331017046,0.039125507513367186,0.4966635617517936,0.95189999999999997,0.0021544950614574903
full_l1,10000,105026,1,50,28,0.050350705889892433,-0.015655660937170746,0.24131012023135678,0.95379999999999998,0.0020143501000040118
full_l1,10000,105026,1,50,29,0.057249311579324003,0.023381318619523084,0.14450391470098367,0.96360000000000001,0.0019156719025770492
full_l1,10000,105026,1,50,30,-0.046183388180823792,0.028377667575832932,0.48258911703179042,0.9637,0.0018288740471713554
full_l1,10000,105026,1,50,31,0.02096194167599652,-0.037239432190273369,-0.4786975358847223,0.97019999999999995,0.0017810298704735493
full_l1,10000,105026,1,50,32,0.014691795871633051,-0.011317031277864098,0.032807118393569867,0.99419999999999997,0.00075776421876529111
full_l1,10000,105026,1,50,33,-0.0045643411484230789,-0.017660608775107223,-0.1026578833738192,0.99380000000000002,0.00078000604591359126
full_l1,10000,105026,1,50,34,0.021546259779726018,-0.023944368658637583,-0.26474696909634998,0.98299999999999998,0.0012561355299669924
full_l1,10000,105026,1,50,35,-0.013838390963453184,0.0075477667596772768,0.084474340811032667,0.997,0.00055897587019620358
full_l1,10000,105026,1,50,36,0.0021097837639116879,-0.0052713410266957972,-0.30738121483923742,0.99129999999999996,0.00091670406001332955
full_l1,10000,105026,1,50,37,0.0017120449015686212,0.0099728956243205769,0.47690833965662094,0.98760000000000003,0.0011554563263539185
full_l1,10000,105026,1,50,38,0.44105985982832574,0.49414030710069112,0.48268060195385187,0.030100000000000016,0.0016806871998450398
full_l1,10000,105026,1,50,39,0.019317472106627154,-0.0016235001174689234,-0.076759350434315365,0.995,0.00065891598015498218
full_l1,10000,105026,1,50,40,0.030242601483141618,0.0047298548223633219,-0.48157128917967862,0.96089999999999998,0.001925257906360637
full_l1,10000,105026,1,50,41,-0.01813277976935912,0.00037538432161121627,0.2900056651599956,0.99219999999999997,0.00095954958003008654
full_l1,10000,105026,1,50,42,-0.02247333715647426,0.02404184719411151,0.33835177050607768,0.98509999999999998,0.001270669310680226
full_l1,10000,105026,1,50,43,0.013948664905085506,0.011615960837845218,0.097589769171532836,0.99350000000000005,0.00070495671134048366
full_l1,10000,105026,1,50,44,-0.022655460857385457,-0.015579144152833901,-0.34480582474757182,0.98719999999999997,0.001192840089375477
full_l1,10000,105026,1,50,45,-0.024415004083683023,0.0038340255270656876,0.00074663699867971722,0.99480000000000002,0.00079712516594742961
full_l1,10000,105026,1,50,46,-0.0010212239070384044,-0.0019973531214332318,0.054023576145034058,0.99970000000000003,0.00014934210907028046
full_l1,10000,105026,1,50,47,-0.0032728192527449185,-0.0049874331461583488,0.18980240421972572,0.99639999999999995,0.00068963239989310206
full_l1,10000,105026,1,50,48,-0.0087334180881661894,-0.022609799610972869,-0.47622862486214634,0.9839,0.0013315401711153716
full_l1,10000,105026,1,50,49,0.013752737139270055,0.0037279871405859755,0.33904644098970049,0.99119999999999997,0.00094652639656209951
full_l1,10000,105026,1,50,50,0.0013275081907517805,0.0095933992976906524,-0.022173609183159471,0.99580000000000002,0.00064681547030141925
full_l1,10000,105026,1,50,51,-0.0037000290811664005,0.0046008649854900607,-0.17780184233333807,0.99470000000000003,0.00082488251689874764
full_l1,10000,105026,1,50,52,-0.0087520342231515169,0.0097817682835130704,0.23733364885344832,0.99590000000000001,0.00063144929209452247
full_l1,10000,105026,1,50,53,-0.016292934846762197,-0.0019991202831015631,-0.075872850987023455,0.997,0.00057537947871621293
full_l1,10000,105026,1,50,54,0.00018010461216100282,-0.0083802349753625549,-0.13388731556698708,0.99909999999999999,0.00042424856014748277
full_l1,10000,105026,1,50,55,-0.012275329563056214,-0.010286312266729603,-0.22052703157361342,0.99419999999999997,0.00073932154681970532
full_l1,10000,105026,1,50,56,0.026526360177294706,-0.010452868026573414,-0.1585694664044861,0.99129999999999996,0.00097484173109711335
full_l1,10000,105026,1,50,57,-0.0066091652154238734,-0.0080076931217663017,0.088802806494606257,0.99680000000000002,0.00058230136302080072
full_l1,10000,105026,1,50,58,0.026055722988510333,0.018379832058214474,0.41276141745841999,0.98240000000000005,0.001269532282820997
full_l1,10000,105026,1,50,59,0.017268936860766582,-0.0062858978725501835,0.18183211012173062,0.99299999999999999,0.00088953577315484158
full_l1,10000,105026,1,50,60,-0.012927800414753721,0.0052966934568032809,-0.065385343538665541,0.99729999999999996,0.00066000240712037878
full_l1,10000,105026,1,50,61,-0.0079377678771532789,-0.003175929389420018,0.016897546882514325,0.99960000000000004,0.00027391467764700751
full_l1,10000,105026,1,50,62,0.0034975900094698087,0.012195043849741793,0.17270997927527865,0.99629999999999996,0.00059274182320666314
full_l1,10000,105026,1,100,1,-0.375,0.45833333333333326,-0.125,0.094999999999999973,0.0029436410953854286
full_l1,10000,105026,1,100,2,-0.041666666666666685,0.20833333333333326,-0.29166666666666669,0.52869999999999995,0.0049870586293848653
full_l1,10000,105026,1,100,3,0.20833333333333326,0.29166666666666663,-0.375,0.4607,0.0049816869409468915
full_l1,10000,105026,1,100,4,0.04166666666666663,-0.29166666666666669,0.20833333333333326,0.3609,0.0048153661415300305
full_l1,10000,105026,1,100,5,-0.29166666666666669,0.37499999999999989,-0.041666666666666685,0.20999999999999996,0.0040519534961203111
full_l1,10000,105026,1,100,6,0.29166666666666663,-0.375,0.29166666666666663,0.37509999999999999,0.0048357495327285751
full_l1,10000,105026,1,100,7,0.37499999999999989,0.04166666666666663,0.37499999999999989,0.34599999999999997,0.0047497499598771475
full_l1,10000,105026,1,100,8,0.45833333333333326,-0.125,-0.45833333333333331,0.16070000000000007,0.0036379421148599917
full_l1,10000,105026,1,100,9,-0.45833333333333331,0.12499999999999989,-0.20833333333333331,0.27849999999999997,0.0044404583659566517
full_l1,10000,105026,1,100,10,0.12499999999999989,-0.20833333333333331,0.45833333333333326,0.38650000000000007,0.0048775293831388681
full_l1,10000,105026,1,100,11,-0.20833333333333331,-0.45833333333333331,0.04166666666666663,0.46330000000000005,0.0049878202710221236
full_l1,10000,105026,1,100,12,-0.125,-0.041666666666666685,0.12499999999999989,0.78720000000000001,0.0040839772181633224
full_l1,10000,105026,1,100,13,-0.11736713567324908,0.49057679428234224,0.46512023561146321,0.48009999999999997,0.0049972382917647393
full_l1,10000,105026,1,100,14,-0.11691232344951463,-0.46032067862843906,-0.28965534602155008,0.39629999999999999,0.0048855136355181504
full_l1,10000,105026,1,100,15,-0.13251788027313971,-0.28809528287065911,0.46642400532555728,0.3226,0.0046709536324297165
full_l1,10000,105026,1,100,16,-0.13650675159051251,0.42580885857862261,-0.35429333634696891,0.39870000000000005,0.0048976952110995281
full_l1,10000,105026,1,100,17,-0.11429971148375584,0.00080324065053094529,0.089597572047739993,0.88560000000000005,0.003219980223890976
full_l1,10000,105026,1,100,18,-0.10243661428932671,0.068252853631742827,0.060149769888873106,0.82909999999999995,0.0037212837806371883
full_l1,10000,105026,1,100,19,-0.11326212052937046,0.029148266086314711,0.12818582923516564,0.88119999999999998,0.0032258289282802509
full_l1,10000,105026,1,100,20,-0.11633031558844253,0.084802690211466469,-0.0060428625359083554,0.77439999999999998,0.0041798217137936815
full_l1,10000,105026,1,100,21,-0.096865245560663338,-0.13994216610497134,0.21259681951629483,0.4153,0.004927397267953092
full_l1,10000,105026,1,100,22,-0.040273566871397382,0.010517217025902026,-0.12750036845193913,0.97470000000000001,0.0015150460238286313
full_l1,10000,105026,1,100,23,-0.048743235698093912,0.0050985027877130662,-0.43810689750731524,0.95599999999999996,0.0021464933211852522
full_l1,10000,105026,1,100,24,0.032056077448280984,0.01248948754466217,-0.2779739950124438,0.97109999999999996,0.0016952831068692404
full_l1,10000,105026,1,100,25,0.0021128863692634337,0.037967984698375146,-0.24662460655365748,0.93669999999999998,0.0023950009697618498
full_l1,10000,105026,1,100,26,0.0024638790174413838,0.012634586326966124,0.26845138271789537,0.996,0.0006942452433051742
full_l1,10000,105026,1,100,27,0.051330716331017046,0.039125507513367186,0.4966635617517936,0.95189999999999997,0.0021544950614574903
full_l1,10000,105026,1,100,28,0.050350705889892433,-0.015655660937170746,0.24131012023135678,0.95379999999999998,0.0020143501000040118
full_l1,10000,105026,1,100,29,0.057249311579324003,0.023381318619523084,0.14450391470098367,0.96360000000000001,0.0019156719025770492
full_l1,10000,105026,1,100,30,-0.046183388180823792,0.028377667575832932,0.48258911703179042,0.9637,0.0018288740471713554
full_l1,10000,105026,1,100,31,0.02096194167599652,-0.037239432190273369,-0.4786975358847223,0.97019999999999995,0.0017810298704735493
full_l1,10000,105026,1,100,32,0.014691795871633051,-0.011317031277864098,0.032807118393569867,0.99419999999999997,0.00075776421876529111
full_l1,10000,105026,1,100,33,-0.0045643411484230789,-0.017660608775107223,-0.1026578833738192,0.99380000000000002,0.00078000604591359126
full_l1,10000,105026,1,100,34,0.021546259779726018,-0.023944368658637583,-0.26474696909634998,0.98299999999999998,0.0012561355299669924
full_l1,10000,105026,1,100,35,-0.013838390963453184,0.0075477667596772768,0.084474340811032667,0.997,0.00055897587019620358
full_l1,10000,105026,1,100,36,0.0021097837639116879,-0.0052713410266957972,-0.30738121483923742,0.99129999999999996,0.00091670406001332955
full_l1,10000,105026,1,100,37,0.0017120449015686212,0.0099728956243205769,0.47690833965662094,0.98760000000000003,0.0011554563263539185
full_l1,10000,105026,1,100,38,0.44105985982832574,0.49414030710069112,0.48268060195385187,0.030100000000000016,0.0016806871998450398
full_l1,10000,105026,1,100,39,0.019317472106627154,-0.0016235001174689234,-0.076759350434315365,0.995,0.00065891598015498218
full_l1,10000,105026,1,100,40,0.030242601483141618,0.0047298548223633219,-0.48157128917967862,0.96089999999999998,0.001925257906360637
full_l1,10000,105026,1,100,41,-0.01813277976935912,0.00037538432161121627,0.2900056651599956,0.99219999999999997,0.00095954958003008654
full_l1,10000,105026,1,100,42,-0.02247333715647426,0.02404184719411151,0.33835177050607768,0.98509999999999998,0.001270669310680226
full_l1,10000,105026,1,100,43,0.013948664905085506,0.011615960837845218,0.097589769171532836,0.99350000000000005,0.00070495671134048366
full_l1,10000,105026,1,100,44,-0.022655460857385457,-0.015579144152833901,-0.34480582474757182,0.98719999999999997,0.001192840089375477
full_l1,10000,105026,1,100,45,-0.024415004083683023,0.0038340255270656876,0.00074663699867971722,0.99480000000000002,0.00079712516594742961
full_l1,10000,105026,1,100,46,-0.0010212239070384044,-0.0019973531214332318,0.054023576145034058,0.99970000000000003,0.00014934210907028046
full_l1,10000,105026,1,100,47,-0.0032728192527449185,-0.0049874331461583488,0.18980240421972572,0.99639999999999995,0.00068963239989310206
full_l1,10000,105026,1,100,48,-0.0087334180881661894,-0.022609799610972869,-0.47622862486214634,0.9839,0.0013315401711153716
full_l1,10000,105026,1,100,49,0.013752737139270055,0.0037279871405859755,0.33904644098970049,0.99119999999999997,0.00094652639656209951
full_l1,10000,105026,1,100,50,0.0013275081907517805,0.0095933992976906524,-0.022173609183159471,0.99580000000000002,0.00064681547030141925
full_l1,10000,105026,1,100,51,-0.0037000290811664005,0.0046008649854900607,-0.17780184233333807,0.99470000000000003,0.00082488251689874764
full_l1,10000,105026,1,100,52,-0.0087520342231515169,0.0097817682835130704,0.23733364885344832,0.99590000000000001,0.00063144929209452247
full_l1,10000,105026,1,100,53,-0.016292934846762197,-0.0019991202831015631,-0.075872850987023455,0.997,0.00057537947871621293
full_l1,10000,105026,1,100,54,0.00018010461216100282,-0.0083802349753625549,-0.13388731556698708,0.99909999999999999,0.00042424856014748277
full_l1,10000,105026,1,100,55,-0.012275329563056214,-0.010286312266729603,-0.22052703157361342,0.99419999999999997,0.00073932154681970532
full_l1,10000,105026,1,100,56,0.026526360177294706,-0.010452868026573414,-0.1585694664044861,0.99129999999999996,0.00097484173109711335
full_l1,10000,105026,1,100,57,-0.0066091652154238734,-0.0080076931217663017,0.088802806494606257,0.99680000000000002,0.00058230136302080072
full_l1,10000,105026,1,100,58,0.026055722988510333,0.018379832058214474,0.41276141745841999,0.98240000000000005,0.001269532282820997
full_l1,10000,105026,1,100,59,0.017268936860766582,-0.0062858978725501835,0.18183211012173062,0.99299999999999999,0.00088953577315484158
full_l1,10000,105026,1,100,60,-0.012927800414753721,0.0052966934568032809,-0.065385343538665541,0.99729999999999996,0.00066000240712037878
full_l1,10000,105026,1,100,61,-0.0079377678771532789,-0.003175929389420018,0.016897546882514325,0.99960000000000004,0.00027391467764700751
full_l1,10000,105026,1,100,62,0.0034975900094698087,0.012195043849741793,0.17270997927527865,0.99629999999999996,0.00059274182320666314
full_l1,10000,105026,1,100,63,-0.0017887797421158869,-0.0083666689995454124,-0.077499271912063072,0.99880000000000002,0.00035287161169855405
full_l1,10000,105026,1,100,64,-0.010244094834255701,0.0019780215111611099,-0.0064562582536245028,0.99870000000000003,0.00037978777815774297
full_l1,10000,105026,1,100,65,-0.00096292026735822489,0.015512007579525644,0.37667529188457816,0.99039999999999995,0.00092982607658886397
full_l1,10000,105026,1,100,66,-0.0010190259108757704,0.0015961280139793477,-0.0066490604590052627,0.99970000000000003,0.00019925632805710969
full_l1,10000,105026,1,100,67,0.0112179091263227,0.0079132829318417919,0.19389277537414507,0.99619999999999997,0.00057326880769004759
full_l1,10000,105026,1,100,68,-0.01014780764741241,-0.002995381322279167,0.16994876044277429,0.99639999999999995,0.00062073779829302598
full_l1,10000,105026,1,100,69,0.012045692875452874,-0.00075103797345366097,0.23471155590761184,0.99509999999999998,0.00074936117013698657
full_l1,10000,105026,1,100,70,-0.012671852722612176,-0.001737333972285704,0.056512766236468392,0.99870000000000003,0.00041439242858327518
full_l1,10000,105026,1,100,71,0.010432616868124578,-0.012854649125379813,-0.22379615197526315,0.99490000000000001,0.00074728057711603521
full_l1,10000,105026,1,100,72,-0.0036814161990248451,0.0068866856232538964,0.21336176283719821,0.99709999999999999,0.00050156861248048233
full_l1,10000,105026,1,100,73,0.013437672677265811,0.015098362612426808,0.20305949827583247,0.99260000000000004,0.00081205951468630373
full_l1,10000,105026,1,100,74,-0.011474190616003854,0.0060218320304266104,0.34733460776333902,0.99209999999999998,0.0009056754536420085
full_l1,10000,105026,1,100,75,-0.010911819260015276,-0.0047607743726207907,-0.025296632923513807,0.99909999999999999,0.00038447277837785524
full_l1,10000,105026,1,100,76,-0.0040020441000723217,-0.012122659622153309,-0.15914158121476119,0.99619999999999997,0.00056364319733685959
full_l1,10000,105026,1,100,77,-0.0085746764315490775,-0.001645109662737454,-0.15377341914725884,0.99709999999999999,0.00058908225458498959
full_l1,10000,105026,1,100,78,-0.0073384342903013433,-0.00045834874142669513,-0.17006823599381127,0.99719999999999998,0.00065130497881577616
full_l1,10000,105026,1,100,79,-0.003702763850375268,-0.0065318970188421588,0.055899714140799084,0.99870000000000003,0.00040253422843968093
full_l1,10000,105026,1,100,80,0.0028295310099917259,0.001776456930245196,0.079924003792948506,0.99980000000000002,0.00017279443247939652
full_l1,10000,105026,1,100,81,-0.010391678018931483,0.014902490585134265,0.16714910788844484,0.99399999999999999,0.00075881200875998578
full_l1,10000,105026,1,100,82,-0.0074922381254487469,0.016480089306563972,0.017650682529573469,0.99019999999999997,0.00095018492866029414
full_l1,10000,105026,1,100,83,0.00017505354997471301,0.010500987024733233,-0.15177343659320019,0.98980000000000001,0.0010007005700380946
full_l1,10000,105026,1,100,84,0.0050506524338207459,0.0044504700297733901,-0.025275991429849265,0.998,0.00041722406122198717
full_l1,10000,105026,1,100,85,-0.0073308348952929592,0.017770715570370132,0.22594505272673771,0.99129999999999996,0.00085125102264277527
full_l1,10000,105026,1,100,86,-0.023306490291054249,-0.0074929738299409632,0.076566927379286831,0.99170000000000003,0.00087151046934776837
full_l1,10000,105026,1,100,87,0.0039252257460460349,0.0018012992834082198,0.18490652663114382,0.99860000000000004,0.00045251002159352356
full_l1,10000,105026,1,100,88,-0.00043641116038628525,-0.011192448391535326,0.0031693817022839799,0.99639999999999995,0.00054100812540457588
full_l1,10000,105026,1,100,89,0.0024582052650978792,-0.015129479871490492,-0.39117372955832463,0.99009999999999998,0.0010665475743403239
full_l1,10000,105026,1,100,90,0.0094004641996088267,-0.00052437144351169529,0.10935837579851304,0.99809999999999999,0.00038690352358506074
full_l1,10000,105026,1,100,91,-0.0012651811096004995,0.0025322838731050012,0.034321325258696911,0.99960000000000004,0.00016709785264150349
full_l1,10000,105026,1,100,92,0.0037184394612388427,-0.0027664133329117213,-0.071543152069320826,0.99919999999999998,0.0002753875763461624
full_l1,10000,105026,1,100,93,0.013356326327979451,-0.014079018410448452,-0.088948660516400491,0.99439999999999995,0.0007366603489404284
full_l1,10000,105026,1,100,94,-0.02703205634225081,0.0076413316001615605,0.23800568304296754,0.99039999999999995,0.0009669535812942831
full_l1,10000,105026,1,100,95,0.0052418239743516892,0.0015297216680161263,0.17404591856237683,0.99850000000000005,0.00043888895785882927
full_l1,10000,105026,1,100,96,0.0037999635019174693,-0.013741477600951457,-0.12877282546014945,0.99629999999999996,0.00059648905407866468
full_l1,10000,105026,1,100,97,-0.015811959187188362,0.0073242292002579923,0.007070857667319741,0.99360000000000004,0.0006649093787055876
full_l1,10000,105026,1,100,98,0.012437627808786988,-0.0015747084860289196,-0.20450703400294845,0.99470000000000003,0.0007846453587077324
full_l1,10000,105026,1,100,99,-0.0080211120448929751,0.0040334624598989954,-0.03299518111580646,0.99780000000000002,0.00045635300589835147
full_l1,10000,105026,1,100,100,0.0012942595211744568,-0.0062883636771109419,-0.024740226648684249,0.999,0.00025224660656103688
full_l1,10000,105026,1,100,101,-0.022354243153513531,-0.0040693557349962273,-0.013020286587003271,0.99429999999999996,0.00070930918615840638
full_l1,10000,105026,1,100,102,0.0074015980521846547,-0.010456882186236305,-0.062971722745820191,0.99690000000000001,0.00049522898059012246
full_l1,10000,105026,1,100,103,-0.020621132615347815,-0.0008441120933118107,0.099153806549323598,0.99490000000000001,0.0006742998651577851
full_l1,10000,105026,1,100,104,-0.00049319898744992763,0.0099428939717771669,-0.008886824883979072,0.99580000000000002,0.00063643461030044436
full_l1,10000,105026,1,100,105,0.0083807180991413155,0.0038592760516433788,0.019260725060070039,0.99860000000000004,0.0003623714279247403
full_l1,10000,105026,1,100,106,-0.014837927441765375,-0.010162642399520028,-0.048259780175873068,0.99550000000000005,0.00063151641707492531
full_l1,10000,105026,1,100,107,-0.023153843823865206,0.00042917730556091271,0.050072131870742664,0.99529999999999996,0.00071165629661576371
full_l1,10000,105026,1,100,108,-0.00068334187364094134,-0.014621008617037745,-0.077669746144896301,0.997,0.00063235228382672252
full_l1,10000,105026,1,100,109,-0.01491976627668512,0.0037635643316007439,0.021506583678105207,0.99750000000000005,0.00051648012970122192
full_l1,10000,105026,1,100,110,0.00083743180208273316,-7.0317101680039684e-05,-0.11049260258867144,0.999,0.00043944262406692223
full_l1,10000,105026,1,100,111,-0.006587135723635118,-0.01427323451578677,-0.031817327206172141,0.99560000000000004,0.00068945376013786989
full_l1,10000,105026,1,100,112,-0.0088773869757101664,0.0027216853263489771,-0.034803030477903008,0.99850000000000005,0.0004243187334134705
full_l1,10000,720308,2,10,1,0.37499999999999989,-0.375,0.20833333333333326,0.29580000000000006,0.0045624421605514288
full_l1,10000,720308,2,10,2,0.29166666666666663,0.37499999999999989,-0.20833333333333331,0.28000000000000003,0.0044869581491445145
full_l1,10000,720308,2,10,3,-0.45833333333333331,-0.29166666666666669,0.04166666666666663,0.3105,0.0046308507814431989
full_l1,10000,720308,2,10,4,-0.29166666666666669,-0.125,0.12499999999999989,0.33260000000000001,0.0047126071741409627
full_l1,10000,720308,2,10,5,0.20833333333333326,0.12499999999999989,0.29166666666666663,0.65739999999999998,0.0047556955908283835
full_l1,10000,720308,2,10,6,0.12499999999999989,0.20833333333333326,-0.45833333333333331,0.55030000000000001,0.0049653239494818384
full_l1,10000,720308,2,10,7,-0.375,0.29166666666666663,-0.125,0.13329999999999997,0.0034213446753406139
full_l1,10000,720308,2,10,8,0.04166666666666663,-0.45833333333333331,0.37499999999999989,0.42490000000000006,0.0049462276515873944
full_l1,10000,720308,2,10,9,0.45833333333333326,-0.041666666666666685,-0.29166666666666669,0.18510000000000004,0.0038976971192050741
full_l1,10000,720308,2,10,10,-0.125,0.04166666666666663,0.45833333333333326,0.86270000000000002,0.0034421513121293519
full_l1,10000,720308,2,10,11,-0.20833333333333331,0.45833333333333326,-0.375,0.33810000000000007,0.0047314973140810748
full_l1,10000,720308,2,10,12,-0.041666666666666685,-0.20833333333333331,-0.041666666666666685,0.33899999999999997,0.0047299435319752003
full_l1,10000,720308,2,10,13,-0.32141433375267758,0.21672361573870136,0.47962849052934464,0.29459999999999997,0.0045868144640693869
full_l1,10000,720308,2,10,14,0.30073634219924816,-0.10585655516545422,0.46770763348386546,0.34260000000000002,0.0047435001675460303
full_l1,10000,720308,2,10,15,-0.47634893539361389,-0.0079302297546941514,0.41130706006941309,0.32069999999999999,0.0046797367205979419
full_l1,10000,720308,2,10,16,0.26816489073297878,0.074987973859632184,0.45005676684133311,0.57579999999999998,0.0049482263998603141
full_l1,10000,720308,2,10,17,-0.2548569644026315,0.011234497866183135,0.48186869745919059,0.59319999999999995,0.0049148107397633013
full_l1,10000,720308,2,10,18,-0.0126006007085675,0.037003767442319813,0.4524341692906142,0.97150000000000003,0.0016755317157376474
full_l1,10000,720308,2,10,19,-0.00067564748598747393,0.018738781079639999,0.42487231435435957,0.98670000000000002,0.0010704125093034588
full_l1,10000,720308,2,10,20,-0.010674848353810384,0.004857812530822736,0.42706395958317644,0.98540000000000005,0.0011350172429344977
full_l1,10000,720308,2,10,21,-0.029847145497482241,0.020941714430444236,0.43884369921900146,0.9798,0.0013936320786295169
full_l1,10000,720308,2,10,22,-0.016434231291289514,0.0050144374055660634,0.077154505658151074,0.99729999999999996,0.00055827632035288866
full_l1,10000,720308,2,30,1,0.37499999999999989,-0.375,0.20833333333333326,0.29580000000000006,0.0045624421605514288
full_l1,10000,720308,2,30,2,0.29166666666666663,0.37499999999999989,-0.20833333333333331,0.28000000000000003,0.0044869581491445145
full_l1,10000,720308,2,30,3,-0.45833333333333331,-0.29166666666666669,0.04166666666666663,0.3105,0.0046308507814431989
full_l1,10000,720308,2,30,4,-0.29166666666666669,-0.125,0.12499999999999989,0.33260000000000001,0.0047126071741409627
full_l1,10000,720308,2,30,5,0.20833333333333326,0.12499999999999989,0.29166666666666663,0.65739999999999998,0.0047556955908283835
full_l1,10000,720308,2,30,6,0.12499999999999989,0.20833333333333326,-0.45833333333333331,0.55030000000000001,0.0049653239494818384
full_l1,10000,720308,2,30,7,-0.375,0.29166666666666663,-0.125,0.13329999999999997,0.0034213446753406139
full_l1,10000,720308,2,30,8,0.04166666666666663,-0.45833333333333331,0.37499999999999989,0.42490000000000006,0.0049462276515873944
full_l1,10000,720308,2,30,9,0.45833333333333326,-0.041666666666666685,-0.29166666666666669,0.18510000000000004,0.0038976971192050741
full_l1,10000,720308,2,30,10,-0.125,0.04166666666666663,0.45833333333333326,0.86270000000000002,0.0034421513121293519
full_l1,10000,720308,2,30,11,-0.20833333333333331,0.45833333333333326,-0.375,0.33810000000000007,0.0047314973140810748
full_l1,10000,720308,2,30,12,-0.041666666666666685,-0.20833333333333331,-0.041666666666666685,0.33899999999999997,0.0047299435319752003
full_l1,10000,720308,2,30,13,-0.32141433375267758,0.21672361573870136,0.47962849052934464,0.29459999999999997,0.0045868144640693869
full_l1,10000,720308,2,30,14,0.30073634219924816,-0.10585655516545422,0.46770763348386546,0.34260000000000002,0.0047435001675460303
full_l1,10000,720308,2,30,15,-0.47634893539361389,-0.0079302297546941514,0.41130706006941309,0.32069999999999999,0.0046797367205979419
full_l1,10000,720308,2,30,16,0.26816489073297878,0.074987973859632184,0.45005676684133311,0.57579999999999998,0.0049482263998603141
full_l1,10000,720308,2,30,17,-0.2548569644026315,0.011234497866183135,0.48186869745919059,0.59319999999999995,0.0049148107397633013
full_l1,10000,720308,2,30,18,-0.0126006007085675,0.037003767442319813,0.4524341692906142,0.97150000000000003,0.0016755317157376474
full_l1,10000,720308,2,30,19,-0.00067564748598747393,0.018738781079639999,0.42487231435435957,0.98670000000000002,0.0010704125093034588
full_l1,10000,720308,2,30,20,-0.010674848353810384,0.004857812530822736,0.42706395958317644,0.98540000000000005,0.0011350172429344977
full_l1,10000,720308,2,30,21,-0.029847145497482241,0.020941714430444236,0.43884369921900146,0.9798,0.0013936320786295169
full_l1,10000,720308,2,30,22,-0.016434231291289514,0.0050144374055660634,0.077154505658151074,0.99729999999999996,0.00055827632035288866
full_l1,10000,720308,2,30,23,-0.0049853278439990767,0.0426075030998605,0.13843103452696659,0.95909999999999995,0.002016516835212122
full_l1,10000,720308,2,30,24,0.031724223532233253,0.010106292050877652,-0.015615813495547082,0.98680000000000001,0.0011409248255408531
full_l1,10000,720308,2,30,25,-0.00853174132628709,0.011931593667410256,-0.3247117179314003,0.97640000000000005,0.001540807553677613
full_l1,10000,720308,2,30,26,-0.039821936242164346,0.011729828191173741,-0.077622424327514761,0.97729999999999995,0.0014618032796377622
full_l1,10000,720308,2,30,27,0.024486450167653384,-0.00012674469411955158,0.23557089220602134,0.99080000000000001,0.00096878943663054017
full_l1,10000,720308,2,30,28,-0.0095382167794937356,-0.033498594399049786,-0.20500838278343103,0.97599999999999998,0.0015009795555514607
full_l1,10000,720308,2,30,29,0.038190497333988827,-0.014709943835153672,-0.4504438573143863,0.96840000000000004,0.001705743408443743
full_l1,10000,720308,2,30,30,-0.023094546903855706,-0.022971615379806964,0.19979268767574898,0.96799999999999997,0.0017649110205979941
full_l1,10000,720308,2,30,31,-0.037031099655080446,-0.029787530709794563,-0.47642265438218656,0.96389999999999998,0.0018402136161025939
full_l1,10000,720308,2,30,32,0.0085547614300289787,0.0090539986883135803,-0.1854210789135271,0.98909999999999998,0.0010573783049921115
full_l1,10000,720308,2,30,33,-0.031048889463852092,0.016525367841312644,0.25835018978280133,0.98460000000000003,0.0011848598539156907
full_l1,10000,720308,2,30,34,0.026386381162693207,-0.018482748897922452,-0.10168190589176906,0.98609999999999998,0.001169335649152801
full_l1,10000,720308,2,30,35,0.016135024948998211,-0.0041554976775597385,-0.024476993912420086,0.99739999999999995,0.00052271261905283389
full_l1,10000,720308,2,30,36,-0.014621934939177184,-0.018371225611678366,-0.093989892957876187,0.99129999999999996,0.00093000696491488675
full_l1,10000,720308,2,30,37,0.022930199674144225,-0.0097677885914841944,-0.28202914893264874,0.98929999999999996,0.0010660556468022817
full_l1,10000,720308,2,30,38,-0.015349648528725446,-0.015390831562535512,-0.30593468064567242,0.98980000000000001,0.00099302050422839434
full_l1,10000,720308,2,30,39,0.010801047911262796,0.0045953929032793717,0.17224618773408396,0.99780000000000002,0.00049863794340072203
full_l1,10000,720308,2,30,40,0.0091752949460115474,-0.0081044541276409365,-0.17382079796566297,0.99760000000000004,0.00058446623521299357
full_l1,10000,720308,2,30,41,-0.0047685814100093538,-0.0050305954653746543,0.047173267264227103,0.99809999999999999,0.00032040218526078578
full_l1,10000,720308,2,30,42,0.0026123075317119326,0.0009285532054157386,-0.060628750545834276,0.99829999999999997,0.00033209982346039328
full_l1,10000,720308,2,50,1,0.37499999999999989,-0.375,0.20833333333333326,0.29580000000000006,0.0045624421605514288
full_l1,10000,720308,2,50,2,0.29166666666666663,0.37499999999999989,-0.20833333333333331,0.28000000000000003,0.0044869581491445145
full_l1,10000,720308,2,50,3,-0.45833333333333331,-0.29166666666666669,0.04166666666666663,0.3105,0.0046308507814431989
full_l1,10000,720308,2,50,4,-0.29166666666666669,-0.125,0.12499999999999989,0.33260000000000001,0.0047126071741409627
full_l1,10000,720308,2,50,5,0.20833333333333326,0.12499999999999989,0.29166666666666663,0.65739999999999998,0.0047556955908283835
full_l1,10000,720308,2,50,6,0.12499999999999989,0.20833333333333326,-0.45833333333333331,0.55030000000000001,0.0049653239494818384
full_l1,10000,720308,2,50,7,-0.375,0.29166666666666663,-0.125,0.13329999999999997,0.0034213446753406139
full_l1,10000,720308,2,50,8,0.04166666666666663,-0.45833333333333331,0.37499999999999989,0.42490000000000006,0.0049462276515873944
full_l1,10000,720308,2,50,9,0.45833333333333326,-0.041666666666666685,-0.29166666666666669,0.18510000000000004,0.0038976971192050741
full_l1,10000,720308,2,50,10,-0.125,0.04166666666666663,0.45833333333333326,0.86270000000000002,0.0034421513121293519
full_l1,10000,720308,2,50,11,-0.20833333333333331,0.45833333333333326,-0.375,0.33810000000000007,0.0047314973140810748
full_l1,10000,720308,2,50,12,-0.041666666666666685,-0.20833333333333331,-0.041666666666666685,0.33899999999999997,0.0047299435319752003
full_l1,10000,720308,2,50,13,-0.32141433375267758,0.21672361573870136,0.47962849052934464,0.29459999999999997,0.0045868144640693869
full_l1,10000,720308,2,50,14,0.30073634219924816,-0.10585655516545422,0.46770763348386546,0.34260000000000002,0.0047435001675460303
full_l1,10000,720308,2,50,15,-0.47634893539361389,-0.0079302297546941514,0.41130706006941309,0.32069999999999999,0.0046797367205979419
full_l1,10000,720308,2,50,16,0.26816489073297878,0.074987973859632184,0.45005676684133311,0.57579999999999998,0.0049482263998603141
full_l1,10000,720308,2,50,17,-0.2548569644026315,0.011234497866183135,0.48186869745919059,0.59319999999999995,0.0049148107397633013
full_l1,10000,720308,2,50,18,-0.0126006007085675,0.037003767442319813,0.4524341692906142,0.97150000000000003,0.0016755317157376474
full_l1,10000,720308,2,50,19,-0.00067564748598747393,0.018738781079639999,0.42487231435435957,0.98670000000000002,0.0010704125093034588
full_l1,10000,720308,2,50,20,-0.010674848353810384,0.004857812530822736,0.42706395958317644,0.98540000000000005,0.0011350172429344977
full_l1,10000,720308,2,50,21,-0.029847145497482241,0.020941714430444236,0.43884369921900146,0.9798,0.0013936320786295169
full_l1,10000,720308,2,50,22,-0.016434231291289514,0.0050144374055660634,0.077154505658151074,0.99729999999999996,0.00055827632035288866
full_l1,10000,720308,2,50,23,-0.0049853278439990767,0.0426075030998605,0.13843103452696659,0.95909999999999995,0.002016516835212122
full_l1,10000,720308,2,50,24,0.031724223532233253,0.010106292050877652,-0.015615813495547082,0.98680000000000001,0.0011409248255408531
full_l1,10000,720308,2,50,25,-0.00853174132628709,0.011931593667410256,-0.3247117179314003,0.97640000000000005,0.001540807553677613
full_l1,10000,720308,2,50,26,-0.039821936242164346,0.011729828191173741,-0.077622424327514761,0.97729999999999995,0.0014618032796377622
full_l1,10000,720308,2,50,27,0.024486450167653384,-0.00012674469411955158,0.23557089220602134,0.99080000000000001,0.00096878943663054017
full_l1,10000,720308,2,50,28,-0.0095382167794937356,-0.033498594399049786,-0.20500838278343103,0.97599999999999998,0.0015009795555514607
full_l1,10000,720308,2,50,29,0.038190497333988827,-0.014709943835153672,-0.4504438573143863,0.96840000000000004,0.001705743408443743
full_l1,10000,720308,2,50,30,-0.023094546903855706,-0.022971615379806964,0.19979268767574898,0.96799999999999997,0.0017649110205979941
full_l1,10000,720308,2,50,31,-0.037031099655080446,-0.029787530709794563,-0.47642265438218656,0.96389999999999998,0.0018402136161025939
full_l1,10000,720308,2,50,32,0.0085547614300289787,0.0090539986883135803,-0.1854210789135271,0.98909999999999998,0.0010573783049921115
full_l1,10000,720308,2,50,33,-0.031048889463852092,0.016525367841312644,0.25835018978280133,0.98460000000000003,0.0011848598539156907
full_l1,10000,720308,2,50,34,0.026386381162693207,-0.018482748897922452,-0.10168190589176906,0.98609999999999998,0.001169335649152801
full_l1,10000,720308,2,50,35,0.016135024948998211,-0.0041554976775597385,-0.024476993912420086,0.99739999999999995,0.00052271261905283389
full_l1,10000,720308,2,50,36,-0.014621934939177184,-0.018371225611678366,-0.093989892957876187,0.99129999999999996,0.00093000696491488675
full_l1,10000,720308,2,50,37,0.022930199674144225,-0.0097677885914841944,-0.28202914893264874,0.98929999999999996,0.0010660556468022817
full_l1,10000,720308,2,50,38,-0.015349648528725446,-0.015390831562535512,-0.30593468064567242,0.98980000000000001,0.00099302050422839434
full_l1,10000,720308,2,50,39,0.010801047911262796,0.0045953929032793717,0.17224618773408396,0.99780000000000002,0.00049863794340072203
full_l1,10000,720308,2,50,40,0.0091752949460115474,-0.0081044541276409365,-0.17382079796566297,0.99760000000000004,0.00058446623521299357
full_l1,10000,720308,2,50,41,-0.0047685814100093538,-0.0050305954653746543,0.047173267264227103,0.99809999999999999,0.00032040218526078578
full_l1,10000,720308,2,50,42,0.0026123075317119326,0.0009285532054157386,-0.060628750545834276,0.99829999999999997,0.00033209982346039328
full_l1,10000,720308,2,50,43,-0.0082826079849958045,0.0079233882237059738,0.047833234368485522,0.99809999999999999,0.00049710439837966807
full_l1,10000,720308,2,50,44,0.030802222650097244,-0.0097644182181277905,0.12576419406636141,0.98770000000000002,0.0011940599305347479
full_l1,10000,720308,2,50,45,0.0047400091878020412,0.015088147924220863,0.12367448680663995,0.99450000000000005,0.00073974422708629993
full_l1,10000,720308,2,50,46,-0.013639129276704187,0.00049280411460639328,0.15343937768482507,0.99629999999999996,0.00055474449997702769
full_l1,10000,720308,2,50,47,-0.0019129311419616712,-7.1743381203637213e-05,0.25959698129629349,0.99380000000000002,0.00071468763268620311
full_l1,10000,720308,2,50,48,5.8243082734499296e-05,-0.00043125353267670086,-0.18202470343886912,0.99539999999999995,0.00064839261099004233
full_l1,10000,720308,2,50,49,0.0045087435043043023,0.014985427252489636,0.27689256553292485,0.99429999999999996,0.00077542663163631439
full_l1,10000,720308,2,50,50,-0.024818108203400469,-0.012397872674164256,-0.18805818835672472,0.99180000000000001,0.00098557483595758041
full_l1,10000,720308,2,50,51,0.023664230032802047,0.015084299495632392,0.12889217954951326,0.99209999999999998,0.00099494442196759389
full_l1,10000,720308,2,50,52,-0.0027259267787107522,0.010478344791909677,-0.032430186487566015,0.99560000000000004,0.00071705886303908325
full_l1,10000,720308,2,50,53,-0.028759240356919458,-0.0050504184474473579,-0.026315987982735711,0.99060000000000004,0.00091418002657955833
full_l1,10000,720308,2,50,54,-0.0085176076399426925,0.0072670214452350557,0.16065852544542092,0.99709999999999999,0.00047344549107374592
full_l1,10000,720308,2,50,55,0.0076638509839390689,0.0030329924507321859,-0.10712628129002022,0.99650000000000005,0.00059449768854286968
full_l1,10000,720308,2,50,56,-0.0065270391182488119,-0.01423011914399952,-0.16210281321274622,0.99719999999999998,0.00065227470738717086
full_l1,10000,720308,2,50,57,0.0003360893620720784,-0.0039796542145220659,0.057463418641789721,0.99929999999999997,0.00025431447341933331
full_l1,10000,720308,2,50,58,0.015874107495674084,-0.010675627789640929,0.15410925918672813,0.98950000000000005,0.00098695185006393918
full_l1,10000,720308,2,50,59,-0.0081659555135054074,0.0030068645104130987,-0.052489888183533839,0.99819999999999998,0.00046182269393055795
full_l1,10000,720308,2,50,60,0.0043217214118216329,-0.0074022770534494242,0.01687728291260715,0.99860000000000004,0.00037924425830099229
full_l1,10000,720308,2,50,61,0.027566094266118668,0.004291481520373841,0.060206622135057675,0.99160000000000004,0.0008547706837490883
full_l1,10000,720308,2,50,62,0.021702698595158498,-0.0055083757182881055,0.074408394508393316,0.99450000000000005,0.00076493889942313043
full_l1,10000,720308,2,100,1,0.37499999999999989,-0.375,0.20833333333333326,0.29580000000000006,0.0045624421605514288
full_l1,10000,720308,2,100,2,0.29166666666666663,0.37499999999999989,-0.20833333333333331,0.28000000000000003,0.0044869581491445145
full_l1,10000,720308,2,100,3,-0.45833333333333331,-0.29166666666666669,0.04166666666666663,0.3105,0.0046308507814431989
full_l1,10000,720308,2,100,4,-0.29166666666666669,-0.125,0.12499999999999989,0.33260000000000001,0.0047126071741409627
full_l1,10000,720308,2,100,5,0.20833333333333326,0.12499999999999989,0.29166666666666663,0.65739999999999998,0.0047556955908283835
full_l1,10000,720308,2,100,6,0.12499999999999989,0.20833333333333326,-0.45833333333333331,0.55030000000000001,0.0049653239494818384
full_l1,10000,720308,2,100,7,-0.375,0.29166666666666663,-0.125,0.13329999999999997,0.0034213446753406139
full_l1,10000,720308,2,100,8,0.04166666666666663,-0.45833333333333331,0.37499999999999989,0.42490000000000006,0.0049462276515873944
full_l1,10000,720308,2,100,9,0.45833333333333326,-0.041666666666666685,-0.29166666666666669,0.18510000000000004,0.0038976971192050741
full_l1,10000,720308,2,100,10,-0.125,0.04166666666666663,0.45833333333333326,0.86270000000000002,0.0034421513121293519
full_l1,10000,720308,2,100,11,-0.20833333333333331,0.45833333333333326,-0.375,0.33810000000000007,0.0047314973140810748
full_l1,10000,720308,2,100,12,-0.041666666666666685,-0.20833333333333331,-0.041666666666666685,0.33899999999999997,0.0047299435319752003
full_l1,10000,720308,2,100,13,-0.32141433375267758,0.21672361573870136,0.47962849052934464,0.29459999999999997,0.0045868144640693869
full_l1,10000,720308,2,100,14,0.30073634219924816,-0.10585655516545422,0.46770763348386546,0.34260000000000002,0.0047435001675460303
full_l1,10000,720308,2,100,15,-0.47634893539361389,-0.0079302297546941514,0.41130706006941309,0.32069999999999999,0.0046797367205979419
full_l1,10000,720308,2,100,16,0.26816489073297878,0.074987973859632184,0.45005676684133311,0.57579999999999998,0.0049482263998603141
full_l1,10000,720308,2,100,17,-0.2548569644026315,0.011234497866183135,0.48186869745919059,0.59319999999999995,0.0049148107397633013
full_l1,10000,720308,2,100,18,-0.0126006007085675,0.037003767442319813,0.4524341692906142,0.97150000000000003,0.0016755317157376474
full_l1,10000,720308,2,100,19,-0.00067564748598747393,0.018738781079639999,0.42487231435435957,0.98670000000000002,0.0010704125093034588
full_l1,10000,720308,2,100,20,-0.010674848353810384,0.004857812530822736,0.42706395958317644,0.98540000000000005,0.0011350172429344977
full_l1,10000,720308,2,100,21,-0.029847145497482241,0.020941714430444236,0.43884369921900146,0.9798,0.0013936320786295169
full_l1,10000,720308,2,100,22,-0.016434231291289514,0.0050144374055660634,0.077154505658151074,0.99729999999999996,0.00055827632035288866
full_l1,10000,720308,2,100,23,-0.0049853278439990767,0.0426075030998605,0.13843103452696659,0.95909999999999995,0.002016516835212122
full_l1,10000,720308,2,100,24,0.031724223532233253,0.010106292050877652,-0.015615813495547082,0.98680000000000001,0.0011409248255408531
full_l1,10000,720308,2,100,25,-0.00853174132628709,0.011931593667410256,-0.3247117179314003,0.97640000000000005,0.001540807553677613
full_l1,10000,720308,2,100,26,-0.039821936242164346,0.011729828191173741,-0.077622424327514761,0.97729999999999995,0.0014618032796377622
full_l1,10000,720308,2,100,27,0.024486450167653384,-0.00012674469411955158,0.23557089220602134,0.99080000000000001,0.00096878943663054017
full_l1,10000,720308,2,100,28,-0.0095382167794937356,-0.033498594399049786,-0.20500838278343103,0.97599999999999998,0.0015009795555514607
full_l1,10000,720308,2,100,29,0.038190497333988827,-0.014709943835153672,-0.4504438573143863,0.96840000000000004,0.001705743408443743
full_l1,10000,720308,2,100,30,-0.023094546903855706,-0.022971615379806964,0.19979268767574898,0.96799999999999997,0.0017649110205979941
full_l1,10000,720308,2,100,31,-0.037031099655080446,-0.029787530709794563,-0.47642265438218656,0.96389999999999998,0.0018402136161025939
full_l1,10000,720308,2,100,32,0.0085547614300289787,0.0090539986883135803,-0.1854210789135271,0.98909999999999998,0.0010573783049921115
full_l1,10000,720308,2,100,33,-0.031048889463852092,0.016525367841312644,0.25835018978280133,0.98460000000000003,0.0011848598539156907
full_l1,10000,720308,2,100,34,0.026386381162693207,-0.018482748897922452,-0.10168190589176906,0.98609999999999998,0.001169335649152801
full_l1,10000,720308,2,100,35,0.016135024948998211,-0.0041554976775597385,-0.024476993912420086,0.99739999999999995,0.00052271261905283389
full_l1,10000,720308,2,100,36,-0.014621934939177184,-0.018371225611678366,-0.093989892957876187,0.99129999999999996,0.00093000696491488675
full_l1,10000,720308,2,100,37,0.022930199674144225,-0.0097677885914841944,-0.28202914893264874,0.98929999999999996,0.0010660556468022817
full_l1,10000,720308,2,100,38,-0.015349648528725446,-0.015390831562535512,-0.30593468064567242,0.98980000000000001,0.00099302050422839434
full_l1,10000,720308,2,100,39,0.010801047911262796,0.0045953929032793717,0.17224618773408396,0.99780000000000002,0.00049863794340072203
full_l1,10000,720308,2,100,40,0.0091752949460115474,-0.0081044541276409365,-0.17382079796566297,0.99760000000000004,0.00058446623521299357
full_l1,10000,720308,2,100,41,-0.0047685814100093538,-0.0050305954653746543,0.047173267264227103,0.99809999999999999,0.00032040218526078578
full_l1,10000,720308,2,100,42,0.0026123075317119326,0.0009285532054157386,-0.060628750545834276,0.99829999999999997,0.00033209982346039328
full_l1,10000,720308,2,100,43,-0.0082826079849958045,0.0079233882237059738,0.047833234368485522,0.99809999999999999,0.00049710439837966807
full_l1,10000,720308,2,100,44,0.030802222650097244,-0.0097644182181277905,0.12576419406636141,0.98770000000000002,0.0011940599305347479
full_l1,10000,720308,2,100,45,0.0047400091878020412,0.015088147924220863,0.12367448680663995,0.99450000000000005,0.00073974422708629993
full_l1,10000,720308,2,100,46,-0.013639129276704187,0.00049280411460639328,0.15343937768482507,0.99629999999999996,0.00055474449997702769
full_l1,10000,720308,2,100,47,-0.0019129311419616712,-7.1743381203637213e-05,0.25959698129629349,0.99380000000000002,0.00071468763268620311
full_l1,10000,720308,2,100,48,5.8243082734499296e-05,-0.00043125353267670086,-0.18202470343886912,0.99539999999999995,0.00064839261099004233
full_l1,10000,720308,2,100,49,0.0045087435043043023,0.014985427252489636,0.27689256553292485,0.99429999999999996,0.00077542663163631439
full_l1,10000,720308,2,100,50,-0.024818108203400469,-0.012397872674164256,-0.18805818835672472,0.99180000000000001,0.00098557483595758041
full_l1,10000,720308,2,100,51,0.023664230032802047,0.015084299495632392,0.12889217954951326,0.99209999999999998,0.00099494442196759389
full_l1,10000,720308,2,100,52,-0.0027259267787107522,0.010478344791909677,-0.032430186487566015,0.99560000000000004,0.00071705886303908325
full_l1,10000,720308,2,100,53,-0.028759240356919458,-0.0050504184474473579,-0.026315987982735711,0.99060000000000004,0.00091418002657955833
full_l1,10000,720308,2,100,54,-0.0085176076399426925,0.0072670214452350557,0.16065852544542092,0.99709999999999999,0.00047344549107374592
full_l1,10000,720308,2,100,55,0.0076638509839390689,0.0030329924507321859,-0.10712628129002022,0.99650000000000005,0.00059449768854286968
full_l1,10000,720308,2,100,56,-0.0065270391182488119,-0.01423011914399952,-0.16210281321274622,0.99719999999999998,0.00065227470738717086
full_l1,10000,720308,2,100,57,0.0003360893620720784,-0.0039796542145220659,0.057463418641789721,0.99929999999999997,0.00025431447341933331
full_l1,10000,720308,2,100,58,0.015874107495674084,-0.010675627789640929,0.15410925918672813,0.98950000000000005,0.00098695185006393918
full_l1,10000,720308,2,100,59,-0.0081659555135054074,0.0030068645104130987,-0.052489888183533839,0.99819999999999998,0.00046182269393055795
full_l1,10000,720308,2,100,60,0.0043217214118216329,-0.0074022770534494242,0.01687728291260715,0.99860000000000004,0.00037924425830099229
full_l1,10000,720308,2,100,61,0.027566094266118668,0.004291481520373841,0.060206622135057675,0.99160000000000004,0.0008547706837490883
full_l1,10000,720308,2,100,62,0.021702698595158498,-0.0055083757182881055,0.074408394508393316,0.99450000000000005,0.00076493889942313043
full_l1,10000,720308,2,100,63,-0.0031744715255113132,-0.0076984047175165937,-0.021978870842989329,0.99880000000000002,0.00033534296270320765
full_l1,10000,720308,2,100,64,-0.0083738101602925941,0.00027327292048284768,-0.13538978144548985,0.99750000000000005,0.00058682238733269866
full_l1,10000,720308,2,100,65,0.01286809070481354,0.017557002397577515,0.20225732773736915,0.99270000000000003,0.00089692094093010006
full_l1,10000,720308,2,100,66,0.012260277024511712,-0.0028860092485774036,-0.091898408929852682,0.99760000000000004,0.00048865157668569442
full_l1,10000,720308,2,100,67,-0.0094282952313187174,0.014921059208885534,0.13955947855527606,0.99519999999999997,0.00075710153609041537
full_l1,10000,720308,2,100,68,-0.017280434189561822,0.0023811185735274076,0.12430703131925425,0.99729999999999996,0.00058286042182234424
full_l1,10000,720308,2,100,69,0.0096184758109905122,-0.0065061549959837262,-0.11093874144337645,0.99780000000000002,0.00046301508630860696
full_l1,10000,720308,2,100,70,-0.0045823585512598797,0.0059531230881213482,0.24704358873724996,0.99660000000000004,0.00058384750523262925
full_l1,10000,720308,2,100,71,-0.0063051753386447196,-0.007915836425997469,-0.18808921334601725,0.99680000000000002,0.00057710169154722107
full_l1,10000,720308,2,100,72,-0.020097492374286707,-0.0043283137921792392,-0.012991346202505971,0.996,0.00064421736101990612
full_l1,10000,720308,2,100,73,0.0044798094205480421,-0.0026422317778380666,-0.11923450796343582,0.99870000000000003,0.00041904398389871789
full_l1,10000,720308,2,100,74,0.011796863984874006,-0.0024262968162827026,-0.10786600255840084,0.99770000000000003,0.00051580176699800621
full_l1,10000,720308,2,100,75,-0.00073312475036080293,0.014834804308892169,0.3586544196567778,0.99070000000000003,0.00088564888362975612
full_l1,10000,720308,2,100,76,0.010814302282490473,0.0057727577787098916,0.10912030920579352,0.99839999999999995,0.0004416627110914173
full_l1,10000,720308,2,100,77,-0.018956555098180949,-0.0074220434572100924,-0.090664217866845309,0.99480000000000002,0.00068042417904696324
full_l1,10000,720308,2,100,78,0.013697474606273463,-0.0041136970794337646,-0.13055987859472307,0.99690000000000001,0.00058722819756834598
full_l1,10000,720308,2,100,79,-0.019831162614673437,-9.5000136373091237e-05,0.045975233223056078,0.99639999999999995,0.00061042795120567388
full_l1,10000,720308,2,100,80,0.012544964937227343,-0.0065981513727129126,0.064302108033070571,0.99629999999999996,0.00056453642749674442
full_l1,10000,720308,2,100,81,0.018398690070694279,0.00060147587604308939,0.13321546404046614,0.99519999999999997,0.00063266479546827958
full_l1,10000,720308,2,100,82,-0.012955975231718764,-0.0035821018696231555,-0.0010528763352333215,0.99819999999999998,0.00042100531726932682
full_l1,10000,720308,2,100,83,0.010993663640936679,-0.0052358935359455572,0.014526645915255321,0.998,0.00041159845489418775
full_l1,10000,720308,2,100,84,0.019543821280625817,-0.0035670891028660723,-0.01436001154260258,0.99509999999999998,0.00061481801917236817
full_l1,10000,720308,2,100,85,0.00052700541601935491,-0.0012140171279857448,0.0070264984384755813,0.99990000000000001,4.4851256853298526e-05
full_l1,10000,720308,2,100,86,-0.020290712403919553,-0.0057221510315932367,0.13301043580211425,0.99219999999999997,0.00083154397580741991
full_l1,10000,720308,2,100,87,-0.0070736881581927591,0.0018453020534130449,-0.10575886484682329,0.997,0.00053963671874244601
full_l1,10000,720308,2,100,88,-0.0033006342319279458,-0.0042797080541472354,0.095305851989113455,0.99870000000000003,0.00038594463743682613
full_l1,10000,720308,2,100,89,0.0026565743354649562,0.0047692593518577908,-0.032654576725209328,0.99870000000000003,0.00042999139845745357
full_l1,10000,720308,2,100,90,-0.010127114731274478,-0.01263252410189919,-0.18962691940404275,0.99690000000000001,0.00068353344308088833
full_l1,10000,720308,2,100,91,0.008816981945611424,0.0018693023481055615,-0.02709547309881799,0.99780000000000002,0.00037779499965651927
full_l1,10000,720308,2,100,92,-0.018128740507194152,0.0054298734051152486,-0.022352576622632681,0.99529999999999996,0.00069668650669067419
full_l1,10000,720308,2,100,93,0.018077871934322864,-0.0051507500506884352,-0.17072417083667979,0.99380000000000002,0.0007582059465960681
full_l1,10000,720308,2,100,94,0.016021127548896841,0.0052821550580821608,0.077735894402317207,0.99750000000000005,0.00055142811312552768
full_l1,10000,720308,2,100,95,0.0041322733702244818,0.0010363966355202425,0.046264825556660005,0.99980000000000002,0.00015057821410321327
full_l1,10000,720308,2,100,96,-0.0076223242315500706,0.0016062505706555541,-0.063707441385206343,0.99819999999999998,0.00042841762121700926
full_l1,10000,720308,2,100,97,0.0029791119647635256,-0.01370581132946902,-0.16593630942229498,0.99660000000000004,0.00061394751483099977
full_l1,10000,720308,2,100,98,0.0072428273361146989,-0.00094599595776245771,0.19926604821563254,0.99719999999999998,0.00059506310927769676
full_l1,10000,720308,2,100,99,0.001864617414115477,-0.0029403636294660362,-0.035475457128558485,0.99980000000000002,0.00016163880769050039
full_l1,10000,720308,2,100,100,-0.0038105398638010879,-0.011688533922804112,-0.12221528003025139,0.99739999999999995,0.00051386536883545346
full_l1,10000,720308,2,100,101,-0.0012677592066778764,-0.0042327963904547072,-0.098428659230647586,0.99919999999999998,0.0003156384992604112
full_l1,10000,720308,2,100,102,-0.0087586443259963787,0.0013169084199040615,0.12275748199261516,0.99819999999999998,0.00037267751616013018
full_l1,10000,720308,2,100,103,-0.0042415298822719993,-0.0011469741583052251,-0.020953981799726851,0.99960000000000004,0.0001822967042096614
full_l1,10000,720308,2,100,104,-0.00020306530533886757,-0.0032039795086644673,-0.24736572954410008,0.99380000000000002,0.00077545014965344134
full_l1,10000,720308,2,100,105,0.0043205473686729334,-0.0093074062577593875,-0.093882443332884424,0.99829999999999997,0.00041778289510531718
full_l1,10000,720308,2,100,106,-0.0049340585291683947,0.010160745793174497,0.15205552860543992,0.99819999999999998,0.00051322206695660771
full_l1,10000,720308,2,100,107,0.00076052152966976649,0.0083460170972007308,0.18524985515094339,0.99880000000000002,0.00046403571378456884
full_l1,10000,720308,2,100,108,0.0078086267810599796,0.010698246560918667,0.20238593542138061,0.99570000000000003,0.00059750481496808185
full_l1,10000,720308,2,100,109,0.0094415420664653027,0.0016686839961035371,0.21007836616712994,0.99590000000000001,0.00058740459813786815
full_l1,10000,720308,2,100,110,-0.0081749074479937622,-0.0032543881206448244,0.11979093758159975,0.99780000000000002,0.0004693641050557138
full_l1,10000,720308,2,100,111,-0.0059067150503437915,-0.013069044311612377,-0.13524003119821226,0.99650000000000005,0.00058879763178965939
full_l1,10000,720308,2,100,112,0.0031727657962006273,-0.0051590010259965347,-0.18858632387839402,0.99690000000000001,0.0005698880127586952
full_l1,10000,61646,3,10,1,-0.125,-0.375,-0.041666666666666685,0.38260000000000005,0.0048648424440997451
full_l1,10000,61646,3,10,2,0.37499999999999989,-0.45833333333333331,-0.125,0.2702,0.0044294315329460703
full_l1,10000,61646,3,10,3,-0.041666666666666685,-0.125,0.37499999999999989,0.50770000000000004,0.0049999043132428174
full_l1,10000,61646,3,10,4,-0.45833333333333331,0.04166666666666663,-0.45833333333333331,0.35670000000000002,0.0047690916177608195
full_l1,10000,61646,3,10,5,-0.20833333333333331,0.12499999999999989,0.04166666666666663,0.56530000000000002,0.0049564001786348627
full_l1,10000,61646,3,10,6,-0.375,0.29166666666666663,-0.375,0.12290000000000001,0.0032815324265738151
full_l1,10000,61646,3,10,7,-0.29166666666666669,0.45833333333333326,0.20833333333333326,0.24690000000000012,0.0043315716778535565
full_l1,10000,61646,3,10,8,0.20833333333333326,0.20833333333333326,-0.29166666666666669,0.53769999999999996,0.0049885350431775706
full_l1,10000,61646,3,10,9,0.04166666666666663,-0.29166666666666669,0.45833333333333326,0.3538,0.0047879650561600704
full_l1,10000,61646,3,10,10,0.12499999999999989,0.37499999999999989,0.12499999999999989,0.49019999999999997,0.0049992004023339861
full_l1,10000,61646,3,10,11,0.45833333333333326,-0.041666666666666685,0.29166666666666663,0.21360000000000001,0.004053549664212815
full_l1,10000,61646,3,10,12,0.29166666666666663,-0.20833333333333331,-0.20833333333333331,0.32119999999999993,0.0046615902163909938
full_l1,10000,61646,3,10,13,-0.12256747752165942,0.075397324006664768,0.098406681491280068,0.78920000000000001,0.004023108351693977
full_l1,10000,61646,3,10,14,-0.092964969703906775,0.15718250905953668,-0.24774615553284196,0.60309999999999997,0.0049032331701345513
full_l1,10000,61646,3,10,15,-0.14148241734706124,-0.013833998898255651,0.33983154518374326,0.79479999999999995,0.0039920771227247515
full_l1,10000,61646,3,10,16,-0.13106486582636934,-0.013444451005449665,-0.36907514024156329,0.82020000000000004,0.0037612551728869554
full_l1,10000,61646,3,10,17,-0.17118084376432607,-0.07326873163177261,-0.23105869985652361,0.63119999999999998,0.0048116517211895795
full_l1,10000,61646,3,10,18,-0.11571395662234951,-0.0087142603465983903,0.028441613778621866,0.87050000000000005,0.0033291141798486527
full_l1,10000,61646,3,10,19,-0.10327517436138245,-0.00077993318676083945,-0.39514392877998139,0.87909999999999999,0.0032046576704113836
full_l1,10000,61646,3,10,20,-0.098125413900187253,-0.083928269328867655,-0.41028758561874357,0.77170000000000005,0.0042216717454843355
full_l1,10000,61646,3,10,21,-0.085457835747953625,0.015073931173450683,0.26323725602584158,0.93810000000000004,0.0024902823445368655
full_l1,10000,61646,3,10,22,-0.0014374223373476713,0.0099627146005372147,-0.10779471881205249,0.99229999999999996,0.00086463320209696922
full_l1,10000,61646,3,30,1,-0.125,-0.375,-0.041666666666666685,0.38260000000000005,0.0048648424440997451
full_l1,10000,61646,3,30,2,0.37499999999999989,-0.45833333333333331,-0.125,0.2702,0.0044294315329460703
full_l1,10000,61646,3,30,3,-0.041666666666666685,-0.125,0.37499999999999989,0.50770000000000004,0.0049999043132428174
full_l1,10000,61646,3,30,4,-0.45833333333333331,0.04166666666666663,-0.45833333333333331,0.35670000000000002,0.0047690916177608195
full_l1,10000,61646,3,30,5,-0.20833333333333331,0.12499999999999989,0.04166666666666663,0.56530000000000002,0.0049564001786348627
full_l1,10000,61646,3,30,6,-0.375,0.29166666666666663,-0.375,0.12290000000000001,0.0032815324265738151
full_l1,10000,61646,3,30,7,-0.29166666666666669,0.45833333333333326,0.20833333333333326,0.24690000000000012,0.0043315716778535565
full_l1,10000,61646,3,30,8,0.20833333333333326,0.20833333333333326,-0.29166666666666669,0.53769999999999996,0.0049885350431775706
full_l1,10000,61646,3,30,9,0.04166666666666663,-0.29166666666666669,0.45833333333333326,0.3538,0.0047879650561600704
full_l1,10000,61646,3,30,10,0.12499999999999989,0.37499999999999989,0.12499999999999989,0.49019999999999997,0.0049992004023339861
full_l1,10000,61646,3,30,11,0.45833333333333326,-0.041666666666666685,0.29166666666666663,0.21360000000000001,0.004053549664212815
full_l1,10000,61646,3,30,12,0.29166666666666663,-0.20833333333333331,-0.20833333333333331,0.32119999999999993,0.0046615902163909938
full_l1,10000,61646,3,30,13,-0.12256747752165942,0.075397324006664768,0.098406681491280068,0.78920000000000001,0.004023108351693977
full_l1,10000,61646,3,30,14,-0.092964969703906775,0.15718250905953668,-0.24774615553284196,0.60309999999999997,0.0049032331701345513
full_l1,10000,61646,3,30,15,-0.14148241734706124,-0.013833998898255651,0.33983154518374326,0.79479999999999995,0.0039920771227247515
full_l1,10000,61646,3,30,16,-0.13106486582636934,-0.013444451005449665,-0.36907514024156329,0.82020000000000004,0.0037612551728869554
full_l1,10000,61646,3,30,17,-0.17118084376432607,-0.07326873163177261,-0.23105869985652361,0.63119999999999998,0.0048116517211895795
full_l1,10000,61646,3,30,18,-0.11571395662234951,-0.0087142603465983903,0.028441613778621866,0.87050000000000005,0.0033291141798486527
full_l1,10000,61646,3,30,19,-0.10327517436138245,-0.00077993318676083945,-0.39514392877998139,0.87909999999999999,0.0032046576704113836
full_l1,10000,61646,3,30,20,-0.098125413900187253,-0.083928269328867655,-0.41028758561874357,0.77170000000000005,0.0042216717454843355
full_l1,10000,61646,3,30,21,-0.085457835747953625,0.015073931173450683,0.26323725602584158,0.93810000000000004,0.0024902823445368655
full_l1,10000,61646,3,30,22,-0.0014374223373476713,0.0099627146005372147,-0.10779471881205249,0.99229999999999996,0.00086463320209696922
full_l1,10000,61646,3,30,23,0.0072564701312811675,0.0218473217348083,0.29099150836653687,0.98970000000000002,0.0010348235817590359
full_l1,10000,61646,3,30,24,0.046779084685460326,0.00088392278083038178,-0.49217534252726103,0.95009999999999994,0.002128423230454968
full_l1,10000,61646,3,30,25,0.027831945224445986,0.063346786633531993,-0.036207313860852963,0.89219999999999999,0.0030714979396761588
full_l1,10000,61646,3,30,26,0.042409322732932297,0.0037785972289612335,0.14957747399024668,0.98399999999999999,0.0012861451199454861
full_l1,10000,61646,3,30,27,0.009933554570946912,-0.030389968480685425,-0.2576024637042702,0.98360000000000003,0.0013493610170097227
full_l1,10000,61646,3,30,28,-0.002635812617640676,-0.0054844357814769484,0.12523622305771998,0.99739999999999995,0.00052206708034724934
full_l1,10000,61646,3,30,29,0.49962918224741992,0.48846094477588409,0.12500526868458084,0.0014999999999999458,0.00044700409027272189
full_l1,10000,61646,3,30,30,-0.4879058749818137,-0.49061374528086321,-0.13417315526167939,0.34279999999999999,0.004750177950607096
full_l1,10000,61646,3,30,31,-0.019213261409813054,-0.0081853699186276163,-0.4681469158146101,0.97829999999999995,0.0014681115971545754
full_l1,10000,61646,3,30,32,0.0074760819870831607,-0.0055946195931555476,-0.2547926012762487,0.99370000000000003,0.00078611342965485853
full_l1,10000,61646,3,30,33,0.030108469855435915,0.055874178466308821,0.46852641063299161,0.93530000000000002,0.0024572958848709278
full_l1,10000,61646,3,30,34,-0.024553667189678885,0.023035078797467134,0.15813995765167688,0.98340000000000005,0.0012811549193610819
full_l1,10000,61646,3,30,35,0.022706267563886495,-0.021819042723909776,-0.068873978810586323,0.98429999999999995,0.0012541008948460343
full_l1,10000,61646,3,30,36,-0.01640418920989184,-0.0075998211545653671,-0.14909283890651737,0.99490000000000001,0.00068138121705404911
full_l1,10000,61646,3,30,37,-0.0090376125582511957,0.0063479924550275957,0.41673232362844437,0.9889,0.0010665873303059882
full_l1,10000,61646,3,30,38,-0.018337945381866838,0.0088843181024527151,0.029700928141534799,0.99450000000000005,0.00074612238811822787
full_l1,10000,61646,3,30,39,-0.013139508334779615,0.0018628077028715051,0.30958455058023793,0.99160000000000004,0.00090005513876232604
full_l1,10000,61646,3,30,40,0.039165206071249736,0.0063851878877541068,0.46459730058316895,0.97419999999999995,0.001602660411558074
full_l1,10000,61646,3,30,41,0.011144021173525864,0.0026887682447156447,-0.098769825828768365,0.99639999999999995,0.00061076936779832472
full_l1,10000,61646,3,30,42,0.015649683726927099,0.011782250389534177,0.096814951704840668,0.99439999999999995,0.00074163477142865925
full_l1,10000,61646,3,50,1,-0.125,-0.375,-0.041666666666666685,0.38260000000000005,0.0048648424440997451
full_l1,10000,61646,3,50,2,0.37499999999999989,-0.45833333333333331,-0.125,0.2702,0.0044294315329460703
full_l1,10000,61646,3,50,3,-0.041666666666666685,-0.125,0.37499999999999989,0.50770000000000004,0.0049999043132428174
full_l1,10000,61646,3,50,4,-0.45833333333333331,0.04166666666666663,-0.45833333333333331,0.35670000000000002,0.0047690916177608195
full_l1,10000,61646,3,50,5,-0.20833333333333331,0.12499999999999989,0.04166666666666663,0.56530000000000002,0.0049564001786348627
full_l1,10000,61646,3,50,6,-0.375,0.29166666666666663,-0.375,0.12290000000000001,0.0032815324265738151
full_l1,10000,61646,3,50,7,-0.29166666666666669,0.45833333333333326,0.20833333333333326,0.24690000000000012,0.0043315716778535565
full_l1,10000,61646,3,50,8,0.20833333333333326,0.20833333333333326,-0.29166666666666669,0.53769999999999996,0.0049885350431775706
full_l1,10000,61646,3,50,9,0.04166666666666663,-0.29166666666666669,0.45833333333333326,0.3538,0.0047879650561600704
full_l1,10000,61646,3,50,10,0.12499999999999989,0.37499999999999989,0.12499999999999989,0.49019999999999997,0.0049992004023339861
full_l1,10000,61646,3,50,11,0.45833333333333326,-0.041666666666666685,0.29166666666666663,0.21360000000000001,0.004053549664212815
full_l1,10000,61646,3,50,12,0.29166666666666663,-0.20833333333333331,-0.20833333333333331,0.32119999999999993,0.0046615902163909938
full_l1,10000,61646,3,50,13,-0.12256747752165942,0.075397324006664768,0.098406681491280068,0.78920000000000001,0.004023108351693977
full_l1,10000,61646,3,50,14,-0.092964969703906775,0.15718250905953668,-0.24774615553284196,0.60309999999999997,0.0049032331701345513
full_l1,10000,61646,3,50,15,-0.14148241734706124,-0.013833998898255651,0.33983154518374326,0.79479999999999995,0.0039920771227247515
full_l1,10000,61646,3,50,16,-0.13106486582636934,-0.013444451005449665,-0.36907514024156329,0.82020000000000004,0.0037612551728869554
full_l1,10000,61646,3,50,17,-0.17118084376432607,-0.07326873163177261,-0.23105869985652361,0.63119999999999998,0.0048116517211895795
full_l1,10000,61646,3,50,18,-0.11571395662234951,-0.0087142603465983903,0.028441613778621866,0.87050000000000005,0.0033291141798486527
full_l1,10000,61646,3,50,19,-0.10327517436138245,-0.00077993318676083945,-0.39514392877998139,0.87909999999999999,0.0032046576704113836
full_l1,10000,61646,3,50,20,-0.098125413900187253,-0.083928269328867655,-0.41028758561874357,0.77170000000000005,0.0042216717454843355
full_l1,10000,61646,3,50,21,-0.085457835747953625,0.015073931173450683,0.26323725602584158,0.93810000000000004,0.0024902823445368655
full_l1,10000,61646,3,50,22,-0.0014374223373476713,0.0099627146005372147,-0.10779471881205249,0.99229999999999996,0.00086463320209696922
full_l1,10000,61646,3,50,23,0.0072564701312811675,0.0218473217348083,0.29099150836653687,0.98970000000000002,0.0010348235817590359
full_l1,10000,61646,3,50,24,0.046779084685460326,0.00088392278083038178,-0.49217534252726103,0.95009999999999994,0.002128423230454968
full_l1,10000,61646,3,50,25,0.027831945224445986,0.063346786633531993,-0.036207313860852963,0.89219999999999999,0.0030714979396761588
full_l1,10000,61646,3,50,26,0.042409322732932297,0.0037785972289612335,0.14957747399024668,0.98399999999999999,0.0012861451199454861
full_l1,10000,61646,3,50,27,0.009933554570946912,-0.030389968480685425,-0.2576024637042702,0.98360000000000003,0.0013493610170097227
full_l1,10000,61646,3,50,28,-0.002635812617640676,-0.0054844357814769484,0.12523622305771998,0.99739999999999995,0.00052206708034724934
full_l1,10000,61646,3,50,29,0.49962918224741992,0.48846094477588409,0.12500526868458084,0.0014999999999999458,0.00044700409027272189
full_l1,10000,61646,3,50,30,-0.4879058749818137,-0.49061374528086321,-0.13417315526167939,0.34279999999999999,0.004750177950607096
full_l1,10000,61646,3,50,31,-0.019213261409813054,-0.0081853699186276163,-0.4681469158146101,0.97829999999999995,0.0014681115971545754
full_l1,10000,61646,3,50,32,0.0074760819870831607,-0.0055946195931555476,-0.2547926012762487,0.99370000000000003,0.00078611342965485853
full_l1,10000,61646,3,50,33,0.030108469855435915,0.055874178466308821,0.46852641063299161,0.93530000000000002,0.0024572958848709278
full_l1,10000,61646,3,50,34,-0.024553667189678885,0.023035078797467134,0.15813995765167688,0.98340000000000005,0.0012811549193610819
full_l1,10000,61646,3,50,35,0.022706267563886495,-0.021819042723909776,-0.068873978810586323,0.98429999999999995,0.0012541008948460343
full_l1,10000,61646,3,50,36,-0.01640418920989184,-0.0075998211545653671,-0.14909283890651737,0.99490000000000001,0.00068138121705404911
full_l1,10000,61646,3,50,37,-0.0090376125582511957,0.0063479924550275957,0.41673232362844437,0.9889,0.0010665873303059882
full_l1,10000,61646,3,50,38,-0.018337945381866838,0.0088843181024527151,0.029700928141534799,0.99450000000000005,0.00074612238811822787
full_l1,10000,61646,3,50,39,-0.013139508334779615,0.0018628077028715051,0.30958455058023793,0.99160000000000004,0.00090005513876232604
full_l1,10000,61646,3,50,40,0.039165206071249736,0.0063851878877541068,0.46459730058316895,0.97419999999999995,0.001602660411558074
full_l1,10000,61646,3,50,41,0.011144021173525864,0.0026887682447156447,-0.098769825828768365,0.99639999999999995,0.00061076936779832472
full_l1,10000,61646,3,50,42,0.015649683726927099,0.011782250389534177,0.096814951704840668,0.99439999999999995,0.00074163477142865925
full_l1,10000,61646,3,50,43,-0.0049830282091116729,0.010972535285496798,0.2239497577970877,0.99629999999999996,0.00060197234238359705
full_l1,10000,61646,3,50,44,-0.00076651487375500871,-0.0055018442044114657,0.038325254832249245,0.99909999999999999,0.00029128820277649276
full_l1,10000,61646,3,50,45,0.00096397016125782109,-0.0023557072894511144,-0.055387696679115361,0.99939999999999996,0.00021049302276247511
full_l1,10000,61646,3,50,46,0.024531270854652343,0.0048674271061619478,0.24700004244309137,0.99009999999999998,0.00092075479533353772
full_l1,10000,61646,3,50,47,0.0018234316809004891,-0.015956679016515096,-0.4133289416627246,0.98629999999999995,0.0011216279918354868
full_l1,10000,61646,3,50,48,-0.010983381757409871,-0.014787613898459728,-0.30326972880516734,0.99299999999999999,0.00092150299262512233
full_l1,10000,61646,3,50,49,-0.034687513545347048,0.030082323997081994,0.48082838099266745,0.9738,0.0016836112076927816
full_l1,10000,61646,3,50,50,-0.0058554675006305956,0.00017814094118739909,-0.018663588762293459,0.99970000000000003,0.00024435457887195358
full_l1,10000,61646,3,50,51,-0.0090611219369736151,-0.0062840077440531328,0.22852882374279382,0.99109999999999998,0.00089836292523670473
full_l1,10000,61646,3,50,52,-0.014997639176398847,0.0032102348669746927,0.17751149277036782,0.99570000000000003,0.00059992052030508893
full_l1,10000,61646,3,50,53,0.026455408839775929,-0.0069092746951826545,-0.042987627115943283,0.99239999999999995,0.00086388835240593044
full_l1,10000,61646,3,50,54,0.009030485168912028,-0.010029585663461127,-0.15054466347576012,0.99680000000000002,0.00056381213180629376
full_l1,10000,61646,3,50,55,0.016913778395228452,-0.0058037552901568645,0.094403963879599928,0.99429999999999996,0.00068450327589534947
full_l1,10000,61646,3,50,56,-0.026741578785677289,-0.0032749445718629477,-0.067607307260062699,0.9929,0.00086203139121036421
full_l1,10000,61646,3,50,57,0.00033215358471228029,-0.0031282051374048603,-0.094714029299249214,0.99929999999999997,0.00031329226523183569
full_l1,10000,61646,3,50,58,0.00071603938496189734,0.02298659363852984,0.40632413532556488,0.9879,0.0011441286524361263
full_l1,10000,61646,3,50,59,0.012278354460065311,0.0030434116090447549,0.017603430432787448,0.99770000000000003,0.00043102919780910794
full_l1,10000,61646,3,50,60,-0.013431766350148866,-0.0002990997603293799,0.098719058452977126,0.99790000000000001,0.00046620206458897391
full_l1,10000,61646,3,50,61,0.00903778996050697,0.008464846610408916,0.095209214986611057,0.99709999999999999,0.00049729187391115391
full_l1,10000,61646,3,50,62,-0.005999446868793612,0.0093235058219098832,0.065881180409204321,0.99809999999999999,0.00051481454733444008
full_l1,10000,61646,3,100,1,-0.125,-0.375,-0.041666666666666685,0.38260000000000005,0.0048648424440997451
full_l1,10000,61646,3,100,2,0.37499999999999989,-0.45833333333333331,-0.125,0.2702,0.0044294315329460703
full_l1,10000,61646,3,100,3,-0.041666666666666685,-0.125,0.37499999999999989,0.50770000000000004,0.0049999043132428174
full_l1,10000,61646,3,100,4,-0.45833333333333331,0.04166666666666663,-0.45833333333333331,0.35670000000000002,0.0047690916177608195
full_l1,10000,61646,3,100,5,-0.20833333333333331,0.12499999999999989,0.04166666666666663,0.56530000000000002,0.0049564001786348627
full_l1,10000,61646,3,100,6,-0.375,0.29166666666666663,-0.375,0.12290000000000001,0.0032815324265738151
full_l1,10000,61646,3,100,7,-0.29166666666666669,0.45833333333333326,0.20833333333333326,0.24690000000000012,0.0043315716778535565
full_l1,10000,61646,3,100,8,0.20833333333333326,0.20833333333333326,-0.29166666666666669,0.53769999999999996,0.0049885350431775706
full_l1,10000,61646,3,100,9,0.04166666666666663,-0.29166666666666669,0.45833333333333326,0.3538,0.0047879650561600704
full_l1,10000,61646,3,100,10,0.12499999999999989,0.37499999999999989,0.12499999999999989,0.49019999999999997,0.0049992004023339861
full_l1,10000,61646,3,100,11,0.45833333333333326,-0.041666666666666685,0.29166666666666663,0.21360000000000001,0.004053549664212815
full_l1,10000,61646,3,100,12,0.29166666666666663,-0.20833333333333331,-0.20833333333333331,0.32119999999999993,0.0046615902163909938
full_l1,10000,61646,3,100,13,-0.12256747752165942,0.075397324006664768,0.098406681491280068,0.78920000000000001,0.004023108351693977
full_l1,10000,61646,3,100,14,-0.092964969703906775,0.15718250905953668,-0.24774615553284196,0.60309999999999997,0.0049032331701345513
full_l1,10000,61646,3,100,15,-0.14148241734706124,-0.013833998898255651,0.33983154518374326,0.79479999999999995,0.0039920771227247515
full_l1,10000,61646,3,100,16,-0.13106486582636934,-0.013444451005449665,-0.36907514024156329,0.82020000000000004,0.0037612551728869554
full_l1,10000,61646,3,100,17,-0.17118084376432607,-0.07326873163177261,-0.23105869985652361,0.63119999999999998,0.0048116517211895795
full_l1,10000,61646,3,100,18,-0.11571395662234951,-0.0087142603465983903,0.028441613778621866,0.87050000000000005,0.0033291141798486527
full_l1,10000,61646,3,100,19,-0.10327517436138245,-0.00077993318676083945,-0.39514392877998139,0.87909999999999999,0.0032046576704113836
full_l1,10000,61646,3,100,20,-0.098125413900187253,-0.083928269328867655,-0.41028758561874357,0.77170000000000005,0.0042216717454843355
full_l1,10000,61646,3,100,21,-0.085457835747953625,0.015073931173450683,0.26323725602584158,0.93810000000000004,0.0024902823445368655
full_l1,10000,61646,3,100,22,-0.0014374223373476713,0.0099627146005372147,-0.10779471881205249,0.99229999999999996,0.00086463320209696922
full_l1,10000,61646,3,100,23,0.0072564701312811675,0.0218473217348083,0.29099150836653687,0.98970000000000002,0.0010348235817590359
full_l1,10000,61646,3,100,24,0.046779084685460326,0.00088392278083038178,-0.49217534252726103,0.95009999999999994,0.002128423230454968
full_l1,10000,61646,3,100,25,0.027831945224445986,0.063346786633531993,-0.036207313860852963,0.89219999999999999,0.0030714979396761588
full_l1,10000,61646,3,100,26,0.042409322732932297,0.0037785972289612335,0.14957747399024668,0.98399999999999999,0.0012861451199454861
full_l1,10000,61646,3,100,27,0.009933554570946912,-0.030389968480685425,-0.2576024637042702,0.98360000000000003,0.0013493610170097227
full_l1,10000,61646,3,100,28,-0.002635812617640676,-0.0054844357814769484,0.12523622305771998,0.99739999999999995,0.00052206708034724934
full_l1,10000,61646,3,100,29,0.49962918224741992,0.48846094477588409,0.12500526868458084,0.0014999999999999458,0.00044700409027272189
full_l1,10000,61646,3,100,30,-0.4879058749818137,-0.49061374528086321,-0.13417315526167939,0.34279999999999999,0.004750177950607096
full_l1,10000,61646,3,100,31,-0.019213261409813054,-0.0081853699186276163,-0.4681469158146101,0.97829999999999995,0.0014681115971545754
full_l1,10000,61646,3,100,32,0.0074760819870831607,-0.0055946195931555476,-0.2547926012762487,0.99370000000000003,0.00078611342965485853
full_l1,10000,61646,3,100,33,0.030108469855435915,0.055874178466308821,0.46852641063299161,0.93530000000000002,0.0024572958848709278
full_l1,10000,61646,3,100,34,-0.024553667189678885,0.023035078797467134,0.15813995765167688,0.98340000000000005,0.0012811549193610819
full_l1,10000,61646,3,100,35,0.022706267563886495,-0.021819042723909776,-0.068873978810586323,0.98429999999999995,0.0012541008948460343
full_l1,10000,61646,3,100,36,-0.01640418920989184,-0.0075998211545653671,-0.14909283890651737,0.99490000000000001,0.00068138121705404911
full_l1,10000,61646,3,100,37,-0.0090376125582511957,0.0063479924550275957,0.41673232362844437,0.9889,0.0010665873303059882
full_l1,10000,61646,3,100,38,-0.018337945381866838,0.0088843181024527151,0.029700928141534799,0.99450000000000005,0.00074612238811822787
full_l1,10000,61646,3,100,39,-0.013139508334779615,0.0018628077028715051,0.30958455058023793,0.99160000000000004,0.00090005513876232604
full_l1,10000,61646,3,100,40,0.039165206071249736,0.0063851878877541068,0.46459730058316895,0.97419999999999995,0.001602660411558074
full_l1,10000,61646,3,100,41,0.011144021173525864,0.0026887682447156447,-0.098769825828768365,0.99639999999999995,0.00061076936779832472
full_l1,10000,61646,3,100,42,0.015649683726927099,0.011782250389534177,0.096814951704840668,0.99439999999999995,0.00074163477142865925
full_l1,10000,61646,3,100,43,-0.0049830282091116729,0.010972535285496798,0.2239497577970877,0.99629999999999996,0.00060197234238359705
full_l1,10000,61646,3,100,44,-0.00076651487375500871,-0.0055018442044114657,0.038325254832249245,0.99909999999999999,0.00029128820277649276
full_l1,10000,61646,3,100,45,0.00096397016125782109,-0.0023557072894511144,-0.055387696679115361,0.99939999999999996,0.00021049302276247511
full_l1,10000,61646,3,100,46,0.024531270854652343,0.0048674271061619478,0.24700004244309137,0.99009999999999998,0.00092075479533353772
full_l1,10000,61646,3,100,47,0.0018234316809004891,-0.015956679016515096,-0.4133289416627246,0.98629999999999995,0.0011216279918354868
full_l1,10000,61646,3,100,48,-0.010983381757409871,-0.014787613898459728,-0.30326972880516734,0.99299999999999999,0.00092150299262512233
full_l1,10000,61646,3,100,49,-0.034687513545347048,0.030082323997081994,0.48082838099266745,0.9738,0.0016836112076927816
full_l1,10000,61646,3,100,50,-0.0058554675006305956,0.00017814094118739909,-0.018663588762293459,0.99970000000000003,0.00024435457887195358
full_l1,10000,61646,3,100,51,-0.0090611219369736151,-0.0062840077440531328,0.22852882374279382,0.99109999999999998,0.00089836292523670473
full_l1,10000,61646,3,100,52,-0.014997639176398847,0.0032102348669746927,0.17751149277036782,0.99570000000000003,0.00059992052030508893
full_l1,10000,61646,3,100,53,0.026455408839775929,-0.0069092746951826545,-0.042987627115943283,0.99239999999999995,0.00086388835240593044
full_l1,10000,61646,3,100,54,0.009030485168912028,-0.010029585663461127,-0.15054466347576012,0.99680000000000002,0.00056381213180629376
full_l1,10000,61646,3,100,55,0.016913778395228452,-0.0058037552901568645,0.094403963879599928,0.99429999999999996,0.00068450327589534947
full_l1,10000,61646,3,100,56,-0.026741578785677289,-0.0032749445718629477,-0.067607307260062699,0.9929,0.00086203139121036421
full_l1,10000,61646,3,100,57,0.00033215358471228029,-0.0031282051374048603,-0.094714029299249214,0.99929999999999997,0.00031329226523183569
full_l1,10000,61646,3,100,58,0.00071603938496189734,0.02298659363852984,0.40632413532556488,0.9879,0.0011441286524361263
full_l1,10000,61646,3,100,59,0.012278354460065311,0.0030434116090447549,0.017603430432787448,0.99770000000000003,0.00043102919780910794
full_l1,10000,61646,3,100,60,-0.013431766350148866,-0.0002990997603293799,0.098719058452977126,0.99790000000000001,0.00046620206458897391
full_l1,10000,61646,3,100,61,0.00903778996050697,0.008464846610408916,0.095209214986611057,0.99709999999999999,0.00049729187391115391
full_l1,10000,61646,3,100,62,-0.005999446868793612,0.0093235058219098832,0.065881180409204321,0.99809999999999999,0.00051481454733444008
full_l1,10000,61646,3,100,63,0.0046848042779072951,-0.0021457210529463033,0.0044461664121691058,0.99990000000000001,0.00015785758689833285
full_l1,10000,61646,3,100,64,-0.0088795940042196708,-0.0051267478068841577,-0.22954352868284689,0.99370000000000003,0.00073694678451671075
full_l1,10000,61646,3,100,65,-0.0089644670530335535,-0.0027672237591567228,-0.32768761734828278,0.98829999999999996,0.0010685595541434917
full_l1,10000,61646,3,100,66,-0.0058376995306348434,-0.016582434152570658,-0.048312931191669017,0.99370000000000003,0.00078275962397481252
full_l1,10000,61646,3,100,67,0.0055850554602454583,-0.00070681784954995663,0.16267828121097128,0.99809999999999999,0.00046427755474180168
full_l1,10000,61646,3,100,68,-0.00059527403356507413,0.0025414868467215079,0.13802160952813547,0.99919999999999998,0.0002939302701232536
full_l1,10000,61646,3,100,69,-0.017883347725550225,0.0032304147690005447,0.075604308771952677,0.996,0.0005717066950856524
full_l1,10000,61646,3,100,70,0.019319763984633198,-0.011638560091865147,-0.11822914447244592,0.99260000000000004,0.00078688375012039976
full_l1,10000,61646,3,100,71,-0.0024096455196345179,0.00034252498937248355,-0.011732171784974099,0.99970000000000003,0.00016882362788926905
full_l1,10000,61646,3,100,72,-0.01379353777598058,-0.0048244233055492192,-0.016889533806707879,0.99860000000000004,0.00046578376559834757
full_l1,10000,61646,3,100,73,0.011957921557234075,-0.0057605358626722225,0.032906324274263321,0.99780000000000002,0.00047248788439880463
full_l1,10000,61646,3,100,74,-0.002575996505181033,0.01153056590426571,0.036153127731658685,0.99670000000000003,0.00064379441434323816
full_l1,10000,61646,3,100,75,-0.0027828757070149646,-0.0047011637784937221,-0.14244286245356941,0.99850000000000005,0.00044130714709197455
full_l1,10000,61646,3,100,76,-0.0062917010303382703,-0.0081865297550780536,0.012425254045628664,0.99819999999999998,0.00043610413303579455
full_l1,10000,61646,3,100,77,-0.0078680627185765406,0.0052647844175521818,0.07284425748708423,0.99860000000000004,0.0003601993793550836
full_l1,10000,61646,3,100,78,0.020823165987888359,-0.0020043262482589697,-0.0041018714362319741,0.99619999999999997,0.00064117468421856104
full_l1,10000,61646,3,100,79,-0.0060340095646707059,0.0033176728985637727,0.092969826119560395,0.99939999999999996,0.00027333584849497392
full_l1,10000,61646,3,100,80,0.0068867921617277172,0.0089384200960551663,0.071623988462316435,0.99770000000000003,0.00050251069616164359
full_l1,10000,61646,3,100,81,0.0032790955735273464,-0.00070742007107127414,-0.16881351630657759,0.99509999999999998,0.00060764991447963745
full_l1,10000,61646,3,100,82,0.010292985841885649,-0.0078397970459027633,-0.015288277984513599,0.99760000000000004,0.00046408047041254379
full_l1,10000,61646,3,100,83,-0.016576726771611483,-0.0025940758166478339,-0.10195208852837156,0.99570000000000003,0.00061873489578475054
full_l1,10000,61646,3,100,84,-0.019528796110478419,-0.0031078477330412912,0.017039055420458249,0.99509999999999998,0.00061534848428450696
full_l1,10000,61646,3,100,85,0.0050076384574375687,0.0031856692026153155,0.032133000104428211,0.99960000000000004,0.00025204662273358678
full_l1,10000,61646,3,100,86,-0.0042835167818571218,0.0097244091093313667,0.31951029816611642,0.99480000000000002,0.00075994985914251429
full_l1,10000,61646,3,100,87,-0.0036482632923906522,0.0032907337628491629,0.23908998296639994,0.99639999999999995,0.0005810212058277583
full_l1,10000,61646,3,100,88,0.0013637244842832352,0.0093056163922471402,0.17048329194357059,0.99739999999999995,0.00047580520748034382
full_l1,10000,61646,3,100,89,-0.014861534689328382,-0.010145324142486256,-0.10932609013147654,0.99629999999999996,0.00063878627892647232
full_l1,10000,61646,3,100,90,0.0053656151874286184,-0.0044883476519617105,-0.099615857343660741,0.99839999999999995,0.00035698147093996262
full_l1,10000,61646,3,100,91,-0.00012697287889729125,-0.01117990728979712,-0.0095892908901846763,0.99639999999999995,0.00052094289402816296
full_l1,10000,61646,3,100,92,0.011068663116344135,0.0083698650915293715,0.2178512255287619,0.99619999999999997,0.00061275843244965576
full_l1,10000,61646,3,100,93,-0.010577293062196791,-0.004083309514970157,0.049352312375591234,0.99790000000000001,0.00040474203854043911
full_l1,10000,61646,3,100,94,0.0053002836431610412,0.011768603204120209,0.24334666667039295,0.99590000000000001,0.00065180062561205241
full_l1,10000,61646,3,100,95,0.016209569320369877,-0.0053509937753282166,-0.14643961144306905,0.99539999999999995,0.00066850964318541548
full_l1,10000,61646,3,100,96,-0.011735185631807532,-0.0042542447136886263,-0.071870220372719729,0.99829999999999997,0.00043956839405006931
full_l1,10000,61646,3,100,97,0.003032354666454129,-0.0015261170456599693,0.030399739588039765,0.99990000000000001,0.00010946946857242976
full_l1,10000,61646,3,100,98,-0.018895943404779514,0.0078574399311663878,-0.021181484487521329,0.99439999999999995,0.00079079333389012586
full_l1,10000,61646,3,100,99,0.00032430794246152139,0.010031596982653879,0.38147227889423019,0.99339999999999995,0.00090275563735904888
full_l1,10000,61646,3,100,100,0.0041258840536420038,-0.0075021201479488209,-0.12809133390300964,0.99790000000000001,0.00042044010177150605
full_l1,10000,61646,3,100,101,0.0040785043876534477,-0.013151885813111219,-0.22761680867782319,0.99629999999999996,0.00069311367809722602
full_l1,10000,61646,3,100,102,-0.0041122729176801265,0.0081619946839783797,0.0085848562025738762,0.99819999999999998,0.00052292916617327435
full_l1,10000,61646,3,100,103,-0.0050442252158078293,-0.00086426028027064561,0.077702572484930288,0.99950000000000006,0.00023186941405982627
full_l1,10000,61646,3,100,104,0.0089872122616803107,0.0078918643196106419,0.10600079534452989,0.99770000000000003,0.00047203873821348121
full_l1,10000,61646,3,100,105,-0.0075699998084601816,-0.0075715701216316766,-0.0089173042606613961,0.99839999999999995,0.00040229850257075665
full_l1,10000,61646,3,100,106,-0.00098071528223564464,-0.010929452954519414,-0.21743756338187192,0.99560000000000004,0.00062955225377017644
full_l1,10000,61646,3,100,107,0.0026005358725151861,0.00063977496939648937,-0.01529933060573474,0.99939999999999996,0.00019245846034571362
full_l1,10000,61646,3,100,108,0.00058851332476317353,-0.0095141354029864011,-0.16669090459393265,0.99780000000000002,0.00050583086449675302
full_l1,10000,61646,3,100,109,0.005901862840998584,-0.0093141837285259932,0.0402108260984535,0.99680000000000002,0.00053774622433438155
full_l1,10000,61646,3,100,110,0.014733804344887469,-0.0032082885941526751,0.1334336935130831,0.99590000000000001,0.0006252206719014029
full_l1,10000,61646,3,100,111,-0.0078614413444748621,0.0084620279679386012,0.082103749996591535,0.997,0.00048410003641072925
full_l1,10000,61646,3,100,112,0.023360263835696005,0.00014384315137583314,0.032421973183189845,0.99509999999999998,0.00070931221382368708
full_l1,10000,228167,4,10,1,-0.375,-0.375,-0.041666666666666685,0.51629999999999998,0.0049978525658679425
full_l1,10000,228167,4,10,2,-0.45833333333333331,0.20833333333333326,0.04166666666666663,0.18330000000000002,0.0038888856223569571
full_l1,10000,228167,4,10,3,0.04166666666666663,0.04166666666666663,-0.20833333333333331,0.92359999999999998,0.0026767430348034905
full_l1,10000,228167,4,10,4,0.20833333333333326,0.12499999999999989,0.29166666666666663,0.66069999999999995,0.0047556955908283835
full_l1,10000,228167,4,10,5,-0.29166666666666669,-0.041666666666666685,-0.375,0.50949999999999995,0.0049985015715551823
full_l1,10000,228167,4,10,6,0.29166666666666663,-0.20833333333333331,-0.29166666666666669,0.31210000000000004,0.0046251715509944905
full_l1,10000,228167,4,10,7,0.37499999999999989,0.37499999999999989,-0.45833333333333331,0.12749999999999995,0.0032848081099139908
full_l1,10000,228167,4,10,8,-0.041666666666666685,-0.45833333333333331,0.37499999999999989,0.34279999999999999,0.0047731745472570641
full_l1,10000,228167,4,10,9,-0.20833333333333331,0.29166666666666663,-0.125,0.33529999999999993,0.0047214963626627093
full_l1,10000,228167,4,10,10,-0.125,0.45833333333333326,0.12499999999999989,0.44850000000000001,0.0049751192525333207
full_l1,10000,228167,4,10,11,0.12499999999999989,-0.125,0.20833333333333326,0.47150000000000003,0.00499319122107125
full_l1,10000,228167,4,10,12,0.45833333333333326,-0.29166666666666669,0.45833333333333326,0.21899999999999997,0.004130127082018163
full_l1,10000,228167,4,10,13,0.1558143161006984,0.022592032928740569,-0.34188997306360536,0.78520000000000001,0.0041335496874247025
full_l1,10000,228167,4,10,14,0.027162953103804899,0.03681916272281982,0.49040956887740395,0.96419999999999995,0.001801662733640796
full_l1,10000,228167,4,10,15,-0.022332846000383988,0.081077817222896087,0.49657391782087257,0.87990000000000002,0.0032214409409425581
full_l1,10000,228167,4,10,16,-0.074301414882224748,0.017682962724858253,0.45280418059984262,0.94520000000000004,0.0023001893253328356
full_l1,10000,228167,4,10,17,0.017695381631637863,-0.010943762753798048,0.33801535740269473,0.97550000000000003,0.0014863445208693918
full_l1,10000,228167,4,10,18,-0.042761548132963512,0.0065855530233105419,-0.14717088541564216,0.97619999999999996,0.0015171316720785201
full_l1,10000,228167,4,10,19,-0.09779917875793287,0.054646977238684835,-0.35911115093984636,0.82320000000000004,0.0038091671937642373
full_l1,10000,228167,4,10,20,0.027612506750164245,-0.012408275346432518,-0.36978475054525162,0.98299999999999998,0.0013334175564384918
full_l1,10000,228167,4,10,21,-0.038541024281388392,-0.042139280507299759,-0.098548315694202193,0.94069999999999998,0.0023484984430134962
full_l1,10000,228167,4,10,22,-0.0026300920120936322,0.017362127879043232,0.19985593506842436,0.99450000000000005,0.00080974569683218197
full_l1,10000,228167,4,30,1,-0.375,-0.375,-0.041666666666666685,0.51629999999999998,0.0049978525658679425
full_l1,10000,228167,4,30,2,-0.45833333333333331,0.20833333333333326,0.04166666666666663,0.18330000000000002,0.0038888856223569571
full_l1,10000,228167,4,30,3,0.04166666666666663,0.04166666666666663,-0.20833333333333331,0.92359999999999998,0.0026767430348034905
full_l1,10000,228167,4,30,4,0.20833333333333326,0.12499999999999989,0.29166666666666663,0.66069999999999995,0.0047556955908283835
full_l1,10000,228167,4,30,5,-0.29166666666666669,-0.041666666666666685,-0.375,0.50949999999999995,0.0049985015715551823
full_l1,10000,228167,4,30,6,0.29166666666666663,-0.20833333333333331,-0.29166666666666669,0.31210000000000004,0.0046251715509944905
full_l1,10000,228167,4,30,7,0.37499999999999989,0.37499999999999989,-0.45833333333333331,0.12749999999999995,0.0032848081099139908
full_l1,10000,228167,4,30,8,-0.041666666666666685,-0.45833333333333331,0.37499999999999989,0.34279999999999999,0.0047731745472570641
full_l1,10000,228167,4,30,9,-0.20833333333333331,0.29166666666666663,-0.125,0.33529999999999993,0.0047214963626627093
full_l1,10000,228167,4,30,10,-0.125,0.45833333333333326,0.12499999999999989,0.44850000000000001,0.0049751192525333207
full_l1,10000,228167,4,30,11,0.12499999999999989,-0.125,0.20833333333333326,0.47150000000000003,0.00499319122107125
full_l1,10000,228167,4,30,12,0.45833333333333326,-0.29166666666666669,0.45833333333333326,0.21899999999999997,0.004130127082018163
full_l1,10000,228167,4,30,13,0.1558143161006984,0.022592032928740569,-0.34188997306360536,0.78520000000000001,0.0041335496874247025
full_l1,10000,228167,4,30,14,0.027162953103804899,0.03681916272281982,0.49040956887740395,0.96419999999999995,0.001801662733640796
full_l1,10000,228167,4,30,15,-0.022332846000383988,0.081077817222896087,0.49657391782087257,0.87990000000000002,0.0032214409409425581
full_l1,10000,228167,4,30,16,-0.074301414882224748,0.017682962724858253,0.45280418059984262,0.94520000000000004,0.0023001893253328356
full_l1,10000,228167,4,30,17,0.017695381631637863,-0.010943762753798048,0.33801535740269473,0.97550000000000003,0.0014863445208693918
full_l1,10000,228167,4,30,18,-0.042761548132963512,0.0065855530233105419,-0.14717088541564216,0.97619999999999996,0.0015171316720785201
full_l1,10000,228167,4,30,19,-0.09779917875793287,0.054646977238684835,-0.35911115093984636,0.82320000000000004,0.0038091671937642373
full_l1,10000,228167,4,30,20,0.027612506750164245,-0.012408275346432518,-0.36978475054525162,0.98299999999999998,0.0013334175564384918
full_l1,10000,228167,4,30,21,-0.038541024281388392,-0.042139280507299759,-0.098548315694202193,0.94069999999999998,0.0023484984430134962
full_l1,10000,228167,4,30,22,-0.0026300920120936322,0.017362127879043232,0.19985593506842436,0.99450000000000005,0.00080974569683218197
full_l1,10000,228167,4,30,23,0.027668162664078011,-0.0051210584242677992,-0.13201081684052474,0.99080000000000001,0.00094358602887273976
full_l1,10000,228167,4,30,24,-0.036713277189835081,0.0027026328612600459,0.16278905532772647,0.98550000000000004,0.0011601448566331508
full_l1,10000,228167,4,30,25,-0.022579351995438701,-0.0018578950432268648,-0.35187986868447485,0.98099999999999998,0.0013260687827151179
full_l1,10000,228167,4,30,26,0.060191047284515742,0.019620114369213182,0.15266380006370306,0.96440000000000003,0.0018978655778564065
full_l1,10000,228167,4,30,27,0.0076266105454525501,-0.011108407487818717,0.052709407404326392,0.99639999999999995,0.00067463677520889593
full_l1,10000,228167,4,30,28,0.0089449136560586506,0.018390275943556134,-0.0059199255846547061,0.98560000000000003,0.0010961285603827034
full_l1,10000,228167,4,30,29,-0.0098645408496249587,-0.011534403458188569,-0.069938200916020099,0.99590000000000001,0.00057445705773519575
full_l1,10000,228167,4,30,30,-0.011006380271467942,-0.029731781374245703,-0.47442208654910267,0.97999999999999998,0.0014577738345322171
full_l1,10000,228167,4,30,31,-0.0013348552272847147,-0.0050962269668082261,-0.2142310486256549,0.99590000000000001,0.00063904544076361384
full_l1,10000,228167,4,30,32,0.0081876413155845817,-0.020769990041014763,-0.24133549037860802,0.9899,0.00094875512544055119
full_l1,10000,228167,4,30,33,-0.01510068957573929,0.014824060899630398,0.2858086773728119,0.99299999999999999,0.00087973821613142409
full_l1,10000,228167,4,30,34,0.013054123374663718,0.013571942842559359,0.31871111846711497,0.99280000000000002,0.00087707643409869565
full_l1,10000,228167,4,30,35,0.016736156875985175,-0.0072513688864055403,0.16885342850362162,0.99239999999999995,0.00088782515410069213
full_l1,10000,228167,4,30,36,-0.008946784516326689,0.0023834542809983983,0.16881517368759758,0.99729999999999996,0.00046603756894701167
full_l1,10000,228167,4,30,37,0.0021931348678019269,-0.00318704467414066,-0.14727405904002433,0.99609999999999999,0.00047470352330405898
full_l1,10000,228167,4,30,38,0.018179288350498535,0.0001025116374673285,0.099002980808254204,0.99560000000000004,0.00058947246992562322
full_l1,10000,228167,4,30,39,-0.017502431613515723,0.0075412770899982995,0.41322687252913082,0.98950000000000005,0.0011250768429186624
full_l1,10000,228167,4,30,40,-0.017142283758248666,-0.011474636544663408,0.27454643818770719,0.97960000000000003,0.0013357578316900826
full_l1,10000,228167,4,30,41,-0.0014516085835611925,0.001678682100352713,0.089434230023799133,0.99960000000000004,0.00017539959477811382
full_l1,10000,228167,4,30,42,-0.015541124160104225,0.018413861470450099,0.086004344671817057,0.98780000000000001,0.0010261406832800036
full_l1,10000,228167,4,50,1,-0.375,-0.375,-0.041666666666666685,0.51629999999999998,0.0049978525658679425
full_l1,10000,228167,4,50,2,-0.45833333333333331,0.20833333333333326,0.04166666666666663,0.18330000000000002,0.0038888856223569571
full_l1,10000,228167,4,50,3,0.04166666666666663,0.04166666666666663,-0.20833333333333331,0.92359999999999998,0.0026767430348034905
full_l1,10000,228167,4,50,4,0.20833333333333326,0.12499999999999989,0.29166666666666663,0.66069999999999995,0.0047556955908283835
full_l1,10000,228167,4,50,5,-0.29166666666666669,-0.041666666666666685,-0.375,0.50949999999999995,0.0049985015715551823
full_l1,10000,228167,4,50,6,0.29166666666666663,-0.20833333333333331,-0.29166666666666669,0.31210000000000004,0.0046251715509944905
full_l1,10000,228167,4,50,7,0.37499999999999989,0.37499999999999989,-0.45833333333333331,0.12749999999999995,0.0032848081099139908
full_l1,10000,228167,4,50,8,-0.041666666666666685,-0.45833333333333331,0.37499999999999989,0.34279999999999999,0.0047731745472570641
full_l1,10000,228167,4,50,9,-0.20833333333333331,0.29166666666666663,-0.125,0.33529999999999993,0.0047214963626627093
full_l1,10000,228167,4,50,10,-0.125,0.45833333333333326,0.12499999999999989,0.44850000000000001,0.0049751192525333207
full_l1,10000,228167,4,50,11,0.12499999999999989,-0.125,0.20833333333333326,0.47150000000000003,0.00499319122107125
full_l1,10000,228167,4,50,12,0.45833333333333326,-0.29166666666666669,0.45833333333333326,0.21899999999999997,0.004130127082018163
full_l1,10000,228167,4,50,13,0.1558143161006984,0.022592032928740569,-0.34188997306360536,0.78520000000000001,0.0041335496874247025
full_l1,10000,228167,4,50,14,0.027162953103804899,0.03681916272281982,0.49040956887740395,0.96419999999999995,0.001801662733640796
full_l1,10000,228167,4,50,15,-0.022332846000383988,0.081077817222896087,0.49657391782087257,0.87990000000000002,0.0032214409409425581
full_l1,10000,228167,4,50,16,-0.074301414882224748,0.017682962724858253,0.45280418059984262,0.94520000000000004,0.0023001893253328356
full_l1,10000,228167,4,50,17,0.017695381631637863,-0.010943762753798048,0.33801535740269473,0.97550000000000003,0.0014863445208693918
full_l1,10000,228167,4,50,18,-0.042761548132963512,0.0065855530233105419,-0.14717088541564216,0.97619999999999996,0.0015171316720785201
full_l1,10000,228167,4,50,19,-0.09779917875793287,0.054646977238684835,-0.35911115093984636,0.82320000000000004,0.0038091671937642373
full_l1,10000,228167,4,50,20,0.027612506750164245,-0.012408275346432518,-0.36978475054525162,0.98299999999999998,0.0013334175564384918
full_l1,10000,228167,4,50,21,-0.038541024281388392,-0.042139280507299759,-0.098548315694202193,0.94069999999999998,0.0023484984430134962
full_l1,10000,228167,4,50,22,-0.0026300920120936322,0.017362127879043232,0.19985593506842436,0.99450000000000005,0.00080974569683218197
full_l1,10000,228167,4,50,23,0.027668162664078011,-0.0051210584242677992,-0.13201081684052474,0.99080000000000001,0.00094358602887273976
full_l1,10000,228167,4,50,24,-0.036713277189835081,0.0027026328612600459,0.16278905532772647,0.98550000000000004,0.0011601448566331508
full_l1,10000,228167,4,50,25,-0.022579351995438701,-0.0018578950432268648,-0.35187986868447485,0.98099999999999998,0.0013260687827151179
full_l1,10000,228167,4,50,26,0.060191047284515742,0.019620114369213182,0.15266380006370306,0.96440000000000003,0.0018978655778564065
full_l1,10000,228167,4,50,27,0.0076266105454525501,-0.011108407487818717,0.052709407404326392,0.99639999999999995,0.00067463677520889593
full_l1,10000,228167,4,50,28,0.0089449136560586506,0.018390275943556134,-0.0059199255846547061,0.98560000000000003,0.0010961285603827034
full_l1,10000,228167,4,50,29,-0.0098645408496249587,-0.011534403458188569,-0.069938200916020099,0.99590000000000001,0.00057445705773519575
full_l1,10000,228167,4,50,30,-0.011006380271467942,-0.029731781374245703,-0.47442208654910267,0.97999999999999998,0.0014577738345322171
full_l1,10000,228167,4,50,31,-0.0013348552272847147,-0.0050962269668082261,-0.2142310486256549,0.99590000000000001,0.00063904544076361384
full_l1,10000,228167,4,50,32,0.0081876413155845817,-0.020769990041014763,-0.24133549037860802,0.9899,0.00094875512544055119
full_l1,10000,228167,4,50,33,-0.01510068957573929,0.014824060899630398,0.2858086773728119,0.99299999999999999,0.00087973821613142409
full_l1,10000,228167,4,50,34,0.013054123374663718,0.013571942842559359,0.31871111846711497,0.99280000000000002,0.00087707643409869565
full_l1,10000,228167,4,50,35,0.016736156875985175,-0.0072513688864055403,0.16885342850362162,0.99239999999999995,0.00088782515410069213
full_l1,10000,228167,4,50,36,-0.008946784516326689,0.0023834542809983983,0.16881517368759758,0.99729999999999996,0.00046603756894701167
full_l1,10000,228167,4,50,37,0.0021931348678019269,-0.00318704467414066,-0.14727405904002433,0.99609999999999999,0.00047470352330405898
full_l1,10000,228167,4,50,38,0.018179288350498535,0.0001025116374673285,0.099002980808254204,0.99560000000000004,0.00058947246992562322
full_l1,10000,228167,4,50,39,-0.017502431613515723,0.0075412770899982995,0.41322687252913082,0.98950000000000005,0.0011250768429186624
full_l1,10000,228167,4,50,40,-0.017142283758248666,-0.011474636544663408,0.27454643818770719,0.97960000000000003,0.0013357578316900826
full_l1,10000,228167,4,50,41,-0.0014516085835611925,0.001678682100352713,0.089434230023799133,0.99960000000000004,0.00017539959477811382
full_l1,10000,228167,4,50,42,-0.015541124160104225,0.018413861470450099,0.086004344671817057,0.98780000000000001,0.0010261406832800036
full_l1,10000,228167,4,50,43,-0.011321318842085537,-0.0019079804550272694,-0.10854972085631465,0.99719999999999998,0.00051643724546825869
full_l1,10000,228167,4,50,44,0.014538141972828766,-0.0092743483999127019,-0.041294537697676326,0.99719999999999998,0.00059874726012452593
full_l1,10000,228167,4,50,45,-0.032712057309407072,-0.010041618392440776,0.015493151802757454,0.9859,0.0011353266227658858
full_l1,10000,228167,4,50,46,-0.016526880487473639,-0.029534066103065415,-0.36359439271569771,0.98019999999999996,0.0013918151197473451
full_l1,10000,228167,4,50,47,0.0033054270704093724,0.011281663828599742,0.26076629641057902,0.99619999999999997,0.00065577973196855597
full_l1,10000,228167,4,50,48,-0.0059926155676877091,0.0024344654872285876,0.057471161326652309,0.99970000000000003,0.00023192714011032261
full_l1,10000,228167,4,50,49,0.015029096605471803,-0.0055826217021959224,-0.21075828177445932,0.99339999999999995,0.00077747140902166881
full_l1,10000,228167,4,50,50,-0.0075685953751729595,-0.013053420437782792,0.012440862521363227,0.99409999999999998,0.00069965182657395276
full_l1,10000,228167,4,50,51,-0.027216273874835828,-0.012726216753829123,-0.16246381824595924,0.99029999999999996,0.0010320551508700385
full_l1,10000,228167,4,50,52,0.0036193987815140716,0.014899662548948145,0.12871173706512384,0.99439999999999995,0.00072190042430001259
full_l1,10000,228167,4,50,53,0.024603260561545381,0.0020215220952906066,-0.087405105587797349,0.99270000000000003,0.00086888400626078822
full_l1,10000,228167,4,50,54,-0.001489605486764356,-0.0067216359567230377,0.019525741275912889,0.99919999999999998,0.00032419818069501178
full_l1,10000,228167,4,50,55,-0.014003143765532577,-0.019207291059848863,-0.13384702076009591,0.9909,0.00093577598646685592
full_l1,10000,228167,4,50,56,-0.0046246992689606969,-0.0084499280509147123,0.091147202476606903,0.99639999999999995,0.00059231802760911702
full_l1,10000,228167,4,50,57,0.0095393072619607278,-0.012599972946247595,-0.47580405944505033,0.97929999999999995,0.0013380713078234492
full_l1,10000,228167,4,50,58,0.013603150637570227,0.0068340360067702388,-0.0032205056138929766,0.99660000000000004,0.00061640579283575559
full_l1,10000,228167,4,50,59,0.010650403414325327,-0.0070360660264578989,-0.072275769830925096,0.99809999999999999,0.00044769264395122873
full_l1,10000,228167,4,50,60,0.023548983447910343,0.0097321623709194505,0.21354011177160026,0.99339999999999995,0.000872618649302958
full_l1,10000,228167,4,50,61,0.0039756416355685165,0.0033230699128097285,-0.082456958004494485,0.99680000000000002,0.00050289965466607256
full_l1,10000,228167,4,50,62,-0.0025888450443021238,-0.0026569045964441873,0.083192976382111539,0.99919999999999998,0.0002731120143362132
full_l1,10000,228167,4,100,1,-0.375,-0.375,-0.041666666666666685,0.51629999999999998,0.0049978525658679425
full_l1,10000,228167,4,100,2,-0.45833333333333331,0.20833333333333326,0.04166666666666663,0.18330000000000002,0.0038888856223569571
full_l1,10000,228167,4,100,3,0.04166666666666663,0.04166666666666663,-0.20833333333333331,0.92359999999999998,0.0026767430348034905
full_l1,10000,228167,4,100,4,0.20833333333333326,0.12499999999999989,0.29166666666666663,0.66069999999999995,0.0047556955908283835
full_l1,10000,228167,4,100,5,-0.29166666666666669,-0.041666666666666685,-0.375,0.50949999999999995,0.0049985015715551823
full_l1,10000,228167,4,100,6,0.29166666666666663,-0.20833333333333331,-0.29166666666666669,0.31210000000000004,0.0046251715509944905
full_l1,10000,228167,4,100,7,0.37499999999999989,0.37499999999999989,-0.45833333333333331,0.12749999999999995,0.0032848081099139908
full_l1,10000,228167,4,100,8,-0.041666666666666685,-0.45833333333333331,0.37499999999999989,0.34279999999999999,0.0047731745472570641
full_l1,10000,228167,4,100,9,-0.20833333333333331,0.29166666666666663,-0.125,0.33529999999999993,0.0047214963626627093
full_l1,10000,228167,4,100,10,-0.125,0.45833333333333326,0.12499999999999989,0.44850000000000001,0.0049751192525333207
full_l1,10000,228167,4,100,11,0.12499999999999989,-0.125,0.20833333333333326,0.47150000000000003,0.00499319122107125
full_l1,10000,228167,4,100,12,0.45833333333333326,-0.29166666666666669,0.45833333333333326,0.21899999999999997,0.004130127082018163
full_l1,10000,228167,4,100,13,0.1558143161006984,0.022592032928740569,-0.34188997306360536,0.78520000000000001,0.0041335496874247025
full_l1,10000,228167,4,100,14,0.027162953103804899,0.03681916272281982,0.49040956887740395,0.96419999999999995,0.001801662733640796
full_l1,10000,228167,4,100,15,-0.022332846000383988,0.081077817222896087,0.49657391782087257,0.87990000000000002,0.0032214409409425581
full_l1,10000,228167,4,100,16,-0.074301414882224748,0.017682962724858253,0.45280418059984262,0.94520000000000004,0.0023001893253328356
full_l1,10000,228167,4,100,17,0.017695381631637863,-0.010943762753798048,0.33801535740269473,0.97550000000000003,0.0014863445208693918
full_l1,10000,228167,4,100,18,-0.042761548132963512,0.0065855530233105419,-0.14717088541564216,0.97619999999999996,0.0015171316720785201
full_l1,10000,228167,4,100,19,-0.09779917875793287,0.054646977238684835,-0.35911115093984636,0.82320000000000004,0.0038091671937642373
full_l1,10000,228167,4,100,20,0.027612506750164245,-0.012408275346432518,-0.36978475054525162,0.98299999999999998,0.0013334175564384918
full_l1,10000,228167,4,100,21,-0.038541024281388392,-0.042139280507299759,-0.098548315694202193,0.94069999999999998,0.0023484984430134962
full_l1,10000,228167,4,100,22,-0.0026300920120936322,0.017362127879043232,0.19985593506842436,0.99450000000000005,0.00080974569683218197
full_l1,10000,228167,4,100,23,0.027668162664078011,-0.0051210584242677992,-0.13201081684052474,0.99080000000000001,0.00094358602887273976
full_l1,10000,228167,4,100,24,-0.036713277189835081,0.0027026328612600459,0.16278905532772647,0.98550000000000004,0.0011601448566331508
full_l1,10000,228167,4,100,25,-0.022579351995438701,-0.0018578950432268648,-0.35187986868447485,0.98099999999999998,0.0013260687827151179
full_l1,10000,228167,4,100,26,0.060191047284515742,0.019620114369213182,0.15266380006370306,0.96440000000000003,0.0018978655778564065
full_l1,10000,228167,4,100,27,0.0076266105454525501,-0.011108407487818717,0.052709407404326392,0.99639999999999995,0.00067463677520889593
full_l1,10000,228167,4,100,28,0.0089449136560586506,0.018390275943556134,-0.0059199255846547061,0.98560000000000003,0.0010961285603827034
full_l1,10000,228167,4,100,29,-0.0098645408496249587,-0.011534403458188569,-0.069938200916020099,0.99590000000000001,0.00057445705773519575
full_l1,10000,228167,4,100,30,-0.011006380271467942,-0.029731781374245703,-0.47442208654910267,0.97999999999999998,0.0014577738345322171
full_l1,10000,228167,4,100,31,-0.0013348552272847147,-0.0050962269668082261,-0.2142310486256549,0.99590000000000001,0.00063904544076361384
full_l1,10000,228167,4,100,32,0.0081876413155845817,-0.020769990041014763,-0.24133549037860802,0.9899,0.00094875512544055119
full_l1,10000,228167,4,100,33,-0.01510068957573929,0.014824060899630398,0.2858086773728119,0.99299999999999999,0.00087973821613142409
full_l1,10000,228167,4,100,34,0.013054123374663718,0.013571942842559359,0.31871111846711497,0.99280000000000002,0.00087707643409869565
full_l1,10000,228167,4,100,35,0.016736156875985175,-0.0072513688864055403,0.16885342850362162,0.99239999999999995,0.00088782515410069213
full_l1,10000,228167,4,100,36,-0.008946784516326689,0.0023834542809983983,0.16881517368759758,0.99729999999999996,0.00046603756894701167
full_l1,10000,228167,4,100,37,0.0021931348678019269,-0.00318704467414066,-0.14727405904002433,0.99609999999999999,0.00047470352330405898
full_l1,10000,228167,4,100,38,0.018179288350498535,0.0001025116374673285,0.099002980808254204,0.99560000000000004,0.00058947246992562322
full_l1,10000,228167,4,100,39,-0.017502431613515723,0.0075412770899982995,0.41322687252913082,0.98950000000000005,0.0011250768429186624
full_l1,10000,228167,4,100,40,-0.017142283758248666,-0.011474636544663408,0.27454643818770719,0.97960000000000003,0.0013357578316900826
full_l1,10000,228167,4,100,41,-0.0014516085835611925,0.001678682100352713,0.089434230023799133,0.99960000000000004,0.00017539959477811382
full_l1,10000,228167,4,100,42,-0.015541124160104225,0.018413861470450099,0.086004344671817057,0.98780000000000001,0.0010261406832800036
full_l1,10000,228167,4,100,43,-0.011321318842085537,-0.0019079804550272694,-0.10854972085631465,0.99719999999999998,0.00051643724546825869
full_l1,10000,228167,4,100,44,0.014538141972828766,-0.0092743483999127019,-0.041294537697676326,0.99719999999999998,0.00059874726012452593
full_l1,10000,228167,4,100,45,-0.032712057309407072,-0.010041618392440776,0.015493151802757454,0.9859,0.0011353266227658858
full_l1,10000,228167,4,100,46,-0.016526880487473639,-0.029534066103065415,-0.36359439271569771,0.98019999999999996,0.0013918151197473451
full_l1,10000,228167,4,100,47,0.0033054270704093724,0.011281663828599742,0.26076629641057902,0.99619999999999997,0.00065577973196855597
full_l1,10000,228167,4,100,48,-0.0059926155676877091,0.0024344654872285876,0.057471161326652309,0.99970000000000003,0.00023192714011032261
full_l1,10000,228167,4,100,49,0.015029096605471803,-0.0055826217021959224,-0.21075828177445932,0.99339999999999995,0.00077747140902166881
full_l1,10000,228167,4,100,50,-0.0075685953751729595,-0.013053420437782792,0.012440862521363227,0.99409999999999998,0.00069965182657395276
full_l1,10000,228167,4,100,51,-0.027216273874835828,-0.012726216753829123,-0.16246381824595924,0.99029999999999996,0.0010320551508700385
full_l1,10000,228167,4,100,52,0.0036193987815140716,0.014899662548948145,0.12871173706512384,0.99439999999999995,0.00072190042430001259
full_l1,10000,228167,4,100,53,0.024603260561545381,0.0020215220952906066,-0.087405105587797349,0.99270000000000003,0.00086888400626078822
full_l1,10000,228167,4,100,54,-0.001489605486764356,-0.0067216359567230377,0.019525741275912889,0.99919999999999998,0.00032419818069501178
full_l1,10000,228167,4,100,55,-0.014003143765532577,-0.019207291059848863,-0.13384702076009591,0.9909,0.00093577598646685592
full_l1,10000,228167,4,100,56,-0.0046246992689606969,-0.0084499280509147123,0.091147202476606903,0.99639999999999995,0.00059231802760911702
full_l1,10000,228167,4,100,57,0.0095393072619607278,-0.012599972946247595,-0.47580405944505033,0.97929999999999995,0.0013380713078234492
full_l1,10000,228167,4,100,58,0.013603150637570227,0.0068340360067702388,-0.0032205056138929766,0.99660000000000004,0.00061640579283575559
full_l1,10000,228167,4,100,59,0.010650403414325327,-0.0070360660264578989,-0.072275769830925096,0.99809999999999999,0.00044769264395122873
full_l1,10000,228167,4,100,60,0.023548983447910343,0.0097321623709194505,0.21354011177160026,0.99339999999999995,0.000872618649302958
full_l1,10000,228167,4,100,61,0.0039756416355685165,0.0033230699128097285,-0.082456958004494485,0.99680000000000002,0.00050289965466607256
full_l1,10000,228167,4,100,62,-0.0025888450443021238,-0.0026569045964441873,0.083192976382111539,0.99919999999999998,0.0002731120143362132
full_l1,10000,228167,4,100,63,-0.013922144058720942,-0.0029126979217586335,0.0059037148060774314,0.99819999999999998,0.00044152677434052039
full_l1,10000,228167,4,100,64,0.014397935161269304,-0.0083134026282887241,0.025385088876276107,0.99480000000000002,0.00061461303222643839
full_l1,10000,228167,4,100,65,-0.016140652679965006,-0.0037265343360226577,-0.17039984256140128,0.995,0.00073025903690645958
full_l1,10000,228167,4,100,66,-0.01515099779601492,0.0017123053744665384,0.1086345107374258,0.99670000000000003,0.00050903675497353501
full_l1,10000,228167,4,100,67,-0.019388168452742827,-0.0054802054134552858,-0.14160758901111081,0.99509999999999998,0.00073988226560872672
full_l1,10000,228167,4,100,68,-0.016516399497020773,0.0010085952573086754,-0.058343093333800278,0.99690000000000001,0.00059872058230035297
full_l1,10000,228167,4,100,69,-0.0028067112743557221,0.026616750857566318,0.38902928957115668,0.98450000000000004,0.0012442909189650251
full_l1,10000,228167,4,100,70,0.0034331121935653464,-0.0037362608185493862,-0.12186817349008527,0.998,0.00039911310397373504
full_l1,10000,228167,4,100,71,0.010681563603637034,-0.011465755682800838,-0.23334635979569063,0.99480000000000002,0.00075105659551837848
full_l1,10000,228167,4,100,72,-0.0045361570884847602,-0.0065951468132077196,0.14509010257837152,0.99629999999999996,0.00064109556287470643
full_l1,10000,228167,4,100,73,0.0061674300640259805,0.0027324705830735763,0.074369162516888299,0.99950000000000006,0.00024920867215572274
full_l1,10000,228167,4,100,74,0.0038026185100685783,-0.0059118884749163048,0.073269193476960703,0.99819999999999998,0.00041286106224390761
full_l1,10000,228167,4,100,75,0.0021813248052064971,0.0056899863255013283,0.1726992425999534,0.99770000000000003,0.00039612034316529574
full_l1,10000,228167,4,100,76,0.0057204069105187827,-0.0037451030827326814,-0.041192901397332005,0.99950000000000006,0.00024688206604170376
full_l1,10000,228167,4,100,77,0.001199979488137215,-0.00018531497254326013,0.095881630652909333,0.99970000000000003,0.00021298858719350202
full_l1,10000,228167,4,100,78,0.014105071656566937,0.0069262244271832696,0.022064831914494487,0.99719999999999998,0.00059476767078612105
full_l1,10000,228167,4,100,79,0.0092257143806719899,0.0088624530241478983,0.13241031511590995,0.99819999999999998,0.00051310263191997141
full_l1,10000,228167,4,100,80,0.0013519203001390867,-0.0092822023703127421,-0.052343375288010918,0.99909999999999999,0.00038557654031498893
full_l1,10000,228167,4,100,81,-0.0068014613673923474,0.0032005907252914412,-0.02566471349827748,0.99809999999999999,0.00038611316760713704
full_l1,10000,228167,4,100,82,-0.005130845580674448,-0.0024905186901416076,0.21380580846821373,0.99480000000000002,0.00067136635139225433
full_l1,10000,228167,4,100,83,0.012573596795069752,-0.015124616163042726,-0.16010571035378995,0.99329999999999996,0.00076740615011192776
full_l1,10000,228167,4,100,84,-0.0085770523441146551,-0.008031180438217822,-0.041164814991848875,0.99809999999999999,0.0004222845053282115
full_l1,10000,228167,4,100,85,0.018543086351850757,0.00069616412858897192,0.15065394333124416,0.99660000000000004,0.00066147822802059542
full_l1,10000,228167,4,100,86,0.0038762873739746073,0.00063771355823827314,-0.063132224126672742,0.99909999999999999,0.00033977302071881948
full_l1,10000,228167,4,100,87,0.0063971491574510431,0.0033911028957624989,0.11817848053778057,0.99890000000000001,0.00031528830588485211
full_l1,10000,228167,4,100,88,0.011947175570261148,-0.0095153510790744189,-0.26176946536071477,0.99250000000000005,0.00082443283481776889
full_l1,10000,228167,4,100,89,0.00022212970706436685,-0.010557533687827858,-0.12316756152187569,0.997,0.00046262301792129482
full_l1,10000,228167,4,100,90,0.0081582084617193296,0.016909207107569157,0.17182644790696711,0.99399999999999999,0.00082601446925959214
full_l1,10000,228167,4,100,91,-0.0067790918291941171,0.00025939601764601861,-0.13606690493303053,0.99690000000000001,0.00056850696625602407
full_l1,10000,228167,4,100,92,0.020391270245947224,0.013558119236740662,0.15877329014525055,0.99350000000000005,0.00087232851953191468
full_l1,10000,228167,4,100,93,-0.0095609241076823892,0.013092785486809033,0.34021618159381717,0.99250000000000005,0.00086702040360667123
full_l1,10000,228167,4,100,94,0.0040849829338138743,0.0068539015360924438,0.12436756438221819,0.99870000000000003,0.00037158866752291076
full_l1,10000,228167,4,100,95,-0.006652042407547798,0.0062557807985972325,0.37920889754408749,0.99070000000000003,0.00094861550935545016
full_l1,10000,228167,4,100,96,-0.00046888796163724322,-0.013202658981635862,-0.10808815115750758,0.99650000000000005,0.00055595585216353138
full_l1,10000,228167,4,100,97,-0.014224547213962824,0.0042124336520421579,-0.018578183485384203,0.99650000000000005,0.00056144409880604334
full_l1,10000,228167,4,100,98,0.0048989838614967862,-0.0053852545395689511,-0.081307135620680704,0.99890000000000001,0.0003154349378850774
full_l1,10000,228167,4,100,99,0.0060679550934192861,0.00273472195437785,0.058682309001055977,0.99970000000000003,0.00024212059043728096
full_l1,10000,228167,4,100,100,-0.00068180376480975191,-0.0071716037884796968,-0.16943885053210272,0.998,0.00049480403797262423
full_l1,10000,228167,4,100,101,-0.0084584265806575409,0.00065575202322354365,0.051117005038792795,0.99880000000000002,0.00026953309081713747
full_l1,10000,228167,4,100,102,0.0031015002442271733,-0.0052122026584751069,-0.096574184483658954,0.99890000000000001,0.00032336524366085629
full_l1,10000,228167,4,100,103,-0.0041677707631182503,-0.007834067386274679,0.05690260524466928,0.99770000000000003,0.00047668148983281842
full_l1,10000,228167,4,100,104,0.0060593481323432119,0.0048289546670554628,0.10423041435311187,0.99880000000000002,0.00032006107305660423
full_l1,10000,228167,4,100,105,0.00020195945443823859,0.008883428718971853,0.15987962635355402,0.99819999999999998,0.00045008338310134095
full_l1,10000,228167,4,100,106,-0.0017988793511740653,0.0059203089174022505,0.47870485538419061,0.98570000000000002,0.0012221681156690367
full_l1,10000,228167,4,100,107,0.014023707799894147,0.00099581256272784913,0.013594330501532026,0.99790000000000001,0.00044211420018096432
full_l1,10000,228167,4,100,108,0.0041396049128454848,-0.007749374959905353,0.14131425586352098,0.99460000000000004,0.00068466681941609076
full_l1,10000,228167,4,100,109,-0.012428912137258941,-0.0030601840124049318,0.16941525126672285,0.99509999999999998,0.00065921076435995795
full_l1,10000,228167,4,100,110,-0.010793434943206837,0.0065575072818104818,0.23461814716556506,0.99690000000000001,0.0006239523459407642
full_l1,10000,228167,4,100,111,0.0040268416737423429,-0.0065429699499097715,0.033192069285322257,0.99890000000000001,0.0003599140010728931
full_l1,10000,228167,4,100,112,0.0061513763395344423,-0.0069083557287072939,0.041050687542004249,0.99809999999999999,0.0004198732589471643
full_l1,10000,184672,5,10,1,-0.041666666666666685,0.12499999999999989,0.45833333333333326,0.76390000000000002,0.0042556916284407515
full_l1,10000,184672,5,10,2,-0.125,-0.45833333333333331,-0.29166666666666669,0.38949999999999996,0.004892093402393315
full_l1,10000,184672,5,10,3,0.37499999999999989,0.45833333333333326,-0.041666666666666685,0.097899999999999987,0.0029679150409427282
full_l1,10000,184672,5,10,4,0.04166666666666663,-0.375,0.29166666666666663,0.38549999999999995,0.004875856239963219
full_l1,10000,184672,5,10,5,0.45833333333333326,0.37499999999999989,0.37499999999999989,0.066500000000000004,0.0024408106126660003
full_l1,10000,184672,5,10,6,-0.20833333333333331,0.04166666666666663,-0.375,0.64600000000000002,0.0047922693809139532
full_l1,10000,184672,5,10,7,-0.45833333333333331,0.29166666666666663,-0.45833333333333331,0.091700000000000004,0.0029010119522831761
full_l1,10000,184672,5,10,8,-0.29166666666666669,-0.29166666666666669,-0.20833333333333331,0.38790000000000002,0.0048704853548382707
full_l1,10000,184672,5,10,9,0.29166666666666663,-0.041666666666666685,0.20833333333333326,0.42700000000000005,0.0049542634452520917
full_l1,10000,184672,5,10,10,0.20833333333333326,-0.125,0.12499999999999989,0.38939999999999997,0.0048896932701400055
full_l1,10000,184672,5,10,11,0.12499999999999989,-0.20833333333333331,-0.125,0.41070000000000007,0.0049148707510165571
full_l1,10000,184672,5,10,12,-0.375,0.20833333333333326,0.04166666666666663,0.22709999999999997,0.0041846334759258665
full_l1,10000,184672,5,10,13,-0.044725657472663549,0.10394879333252005,-0.33577421087599846,0.747,0.0043615281864238901
full_l1,10000,184672,5,10,14,-0.10007063334280142,-0.00023039380305123203,0.25049782427639555,0.90769999999999995,0.0029264615964841459
full_l1,10000,184672,5,10,15,-0.062938023771905049,-0.036658322518648312,0.49777180106539776,0.85860000000000003,0.0034564853517778148
full_l1,10000,184672,5,10,16,-0.13732874109785898,-0.047539780605400761,0.49972413587154607,0.69669999999999999,0.0046020052069817557
full_l1,10000,184672,5,10,17,-0.053965787576112589,-0.022676986595009607,-0.013151024636411268,0.95660000000000001,0.0020301656991245712
full_l1,10000,184672,5,10,18,-0.081788612564105634,-0.069048175523928945,-0.30375232609910596,0.83230000000000004,0.0037378569868177971
full_l1,10000,184672,5,10,19,-0.01445756290043354,0.0062497023902738924,0.18368141759913836,0.99590000000000001,0.00060047454849440488
full_l1,10000,184672,5,10,20,0.001806667240473514,-0.036444224602525388,0.083392896937075411,0.95630000000000004,0.0020781158593834339
full_l1,10000,184672,5,10,21,0.035935100102078454,0.022018590259926585,0.45100216458556197,0.97709999999999997,0.0015276505476376995
full_l1,10000,184672,5,10,22,0.034043884796345791,0.027852770296373119,-0.017409868948865093,0.9667,0.0018046267488597894
full_l1,10000,184672,5,30,1,-0.041666666666666685,0.12499999999999989,0.45833333333333326,0.76390000000000002,0.0042556916284407515
full_l1,10000,184672,5,30,2,-0.125,-0.45833333333333331,-0.29166666666666669,0.38949999999999996,0.004892093402393315
full_l1,10000,184672,5,30,3,0.37499999999999989,0.45833333333333326,-0.041666666666666685,0.097899999999999987,0.0029679150409427282
full_l1,10000,184672,5,30,4,0.04166666666666663,-0.375,0.29166666666666663,0.38549999999999995,0.004875856239963219
full_l1,10000,184672,5,30,5,0.45833333333333326,0.37499999999999989,0.37499999999999989,0.066500000000000004,0.0024408106126660003
full_l1,10000,184672,5,30,6,-0.20833333333333331,0.04166666666666663,-0.375,0.64600000000000002,0.0047922693809139532
full_l1,10000,184672,5,30,7,-0.45833333333333331,0.29166666666666663,-0.45833333333333331,0.091700000000000004,0.0029010119522831761
full_l1,10000,184672,5,30,8,-0.29166666666666669,-0.29166666666666669,-0.20833333333333331,0.38790000000000002,0.0048704853548382707
full_l1,10000,184672,5,30,9,0.29166666666666663,-0.041666666666666685,0.20833333333333326,0.42700000000000005,0.0049542634452520917
full_l1,10000,184672,5,30,10,0.20833333333333326,-0.125,0.12499999999999989,0.38939999999999997,0.0048896932701400055
full_l1,10000,184672,5,30,11,0.12499999999999989,-0.20833333333333331,-0.125,0.41070000000000007,0.0049148707510165571
full_l1,10000,184672,5,30,12,-0.375,0.20833333333333326,0.04166666666666663,0.22709999999999997,0.0041846334759258665
full_l1,10000,184672,5,30,13,-0.044725657472663549,0.10394879333252005,-0.33577421087599846,0.747,0.0043615281864238901
full_l1,10000,184672,5,30,14,-0.10007063334280142,-0.00023039380305123203,0.25049782427639555,0.90769999999999995,0.0029264615964841459
full_l1,10000,184672,5,30,15,-0.062938023771905049,-0.036658322518648312,0.49777180106539776,0.85860000000000003,0.0034564853517778148
full_l1,10000,184672,5,30,16,-0.13732874109785898,-0.047539780605400761,0.49972413587154607,0.69669999999999999,0.0046020052069817557
full_l1,10000,184672,5,30,17,-0.053965787576112589,-0.022676986595009607,-0.013151024636411268,0.95660000000000001,0.0020301656991245712
full_l1,10000,184672,5,30,18,-0.081788612564105634,-0.069048175523928945,-0.30375232609910596,0.83230000000000004,0.0037378569868177971
full_l1,10000,184672,5,30,19,-0.01445756290043354,0.0062497023902738924,0.18368141759913836,0.99590000000000001,0.00060047454849440488
full_l1,10000,184672,5,30,20,0.001806667240473514,-0.036444224602525388,0.083392896937075411,0.95630000000000004,0.0020781158593834339
full_l1,10000,184672,5,30,21,0.035935100102078454,0.022018590259926585,0.45100216458556197,0.97709999999999997,0.0015276505476376995
full_l1,10000,184672,5,30,22,0.034043884796345791,0.027852770296373119,-0.017409868948865093,0.9667,0.0018046267488597894
full_l1,10000,184672,5,30,23,0.051033231790832634,0.043611482176288074,0.2182106732314828,0.94569999999999999,0.0023479066575842603
full_l1,10000,184672,5,30,24,-0.011698774636857312,0.0095217053255034489,0.40845809278520107,0.98719999999999997,0.0010297872355201436
full_l1,10000,184672,5,30,25,-0.015283380485804354,0.0064925582325376929,-0.097354919919356631,0.99429999999999996,0.00081548743038110916
full_l1,10000,184672,5,30,26,0.0062788698265854315,-0.012103733670944639,-0.3057854122705832,0.9919,0.00086877329452512996
full_l1,10000,184672,5,30,27,0.067376353268120637,0.01281389780529385,-0.47700374371584631,0.92330000000000001,0.0026972110469665987
full_l1,10000,184672,5,30,28,-0.015627575736258503,-0.00098440492764040322,-0.43148626219671904,0.97789999999999999,0.0014725641318274491
full_l1,10000,184672,5,30,29,0.012876191409876725,0.0077273306347607207,0.33041647368077354,0.99239999999999995,0.00086475177707449609
full_l1,10000,184672,5,30,30,0.0048864260162044815,0.013458729260296343,-0.27374806112507377,0.9778,0.0014540583533270343
full_l1,10000,184672,5,30,31,0.49807259411918015,-0.47690860684824066,-0.48366812322336949,0.048799999999999955,0.002117085566432217
full_l1,10000,184672,5,30,32,0.023323576616696151,-0.0082242545888271401,-0.042199209663571269,0.99399999999999999,0.00079974287110751142
full_l1,10000,184672,5,30,33,-0.00081231986650731614,-0.017565400683251742,-0.14993919328265659,0.99429999999999996,0.00074840679771717938
full_l1,10000,184672,5,30,34,-0.001001302564333173,0.0041063191492420881,0.0023616017112775278,0.99939999999999996,0.0003073702890718254
full_l1,10000,184672,5,30,35,-0.0053905598052914616,0.031118792522956573,0.35144116425777217,0.97760000000000002,0.0014025805844990241
full_l1,10000,184672,5,30,36,0.011132643602682846,0.009243187225959959,0.20725521640086031,0.99609999999999999,0.00061323767453185473
full_l1,10000,184672,5,30,37,0.0056073921016708272,-0.040904492520064117,-0.49371748143053917,0.96719999999999995,0.0017722412617427097
full_l1,10000,184672,5,30,38,-0.0060929287002480237,-0.0055815574242994437,0.11849005628317255,0.99670000000000003,0.00053497119635354407
full_l1,10000,184672,5,30,39,-0.027561767319075781,0.01586683516892573,0.03829696651848824,0.98780000000000001,0.0011718119655256063
full_l1,10000,184672,5,30,40,-0.0037808298247536953,0.0025203926120120901,0.22154580258038603,0.99639999999999995,0.00054422918039130652
full_l1,10000,184672,5,30,41,0.012640884785805495,-0.0031445063105459692,0.036935080837284362,0.99850000000000005,0.00041979359618326856
full_l1,10000,184672,5,30,42,-0.02733624436106985,0.0072559882137714915,0.2768400527989836,0.98950000000000005,0.0010267372126932706
full_l1,10000,184672,5,50,1,-0.041666666666666685,0.12499999999999989,0.45833333333333326,0.76390000000000002,0.0042556916284407515
full_l1,10000,184672,5,50,2,-0.125,-0.45833333333333331,-0.29166666666666669,0.38949999999999996,0.004892093402393315
full_l1,10000,184672,5,50,3,0.37499999999999989,0.45833333333333326,-0.041666666666666685,0.097899999999999987,0.0029679150409427282
full_l1,10000,184672,5,50,4,0.04166666666666663,-0.375,0.29166666666666663,0.38549999999999995,0.004875856239963219
full_l1,10000,184672,5,50,5,0.45833333333333326,0.37499999999999989,0.37499999999999989,0.066500000000000004,0.0024408106126660003
full_l1,10000,184672,5,50,6,-0.20833333333333331,0.04166666666666663,-0.375,0.64600000000000002,0.0047922693809139532
full_l1,10000,184672,5,50,7,-0.45833333333333331,0.29166666666666663,-0.45833333333333331,0.091700000000000004,0.0029010119522831761
full_l1,10000,184672,5,50,8,-0.29166666666666669,-0.29166666666666669,-0.20833333333333331,0.38790000000000002,0.0048704853548382707
full_l1,10000,184672,5,50,9,0.29166666666666663,-0.041666666666666685,0.20833333333333326,0.42700000000000005,0.0049542634452520917
full_l1,10000,184672,5,50,10,0.20833333333333326,-0.125,0.12499999999999989,0.38939999999999997,0.0048896932701400055
full_l1,10000,184672,5,50,11,0.12499999999999989,-0.20833333333333331,-0.125,0.41070000000000007,0.0049148707510165571
full_l1,10000,184672,5,50,12,-0.375,0.20833333333333326,0.04166666666666663,0.22709999999999997,0.0041846334759258665
full_l1,10000,184672,5,50,13,-0.044725657472663549,0.10394879333252005,-0.33577421087599846,0.747,0.0043615281864238901
full_l1,10000,184672,5,50,14,-0.10007063334280142,-0.00023039380305123203,0.25049782427639555,0.90769999999999995,0.0029264615964841459
full_l1,10000,184672,5,50,15,-0.062938023771905049,-0.036658322518648312,0.49777180106539776,0.85860000000000003,0.0034564853517778148
full_l1,10000,184672,5,50,16,-0.13732874109785898,-0.047539780605400761,0.49972413587154607,0.69669999999999999,0.0046020052069817557
full_l1,10000,184672,5,50,17,-0.053965787576112589,-0.022676986595009607,-0.013151024636411268,0.95660000000000001,0.0020301656991245712
full_l1,10000,184672,5,50,18,-0.081788612564105634,-0.069048175523928945,-0.30375232609910596,0.83230000000000004,0.0037378569868177971
full_l1,10000,184672,5,50,19,-0.01445756290043354,0.0062497023902738924,0.18368141759913836,0.99590000000000001,0.00060047454849440488
full_l1,10000,184672,5,50,20,0.001806667240473514,-0.036444224602525388,0.083392896937075411,0.95630000000000004,0.0020781158593834339
full_l1,10000,184672,5,50,21,0.035935100102078454,0.022018590259926585,0.45100216458556197,0.97709999999999997,0.0015276505476376995
full_l1,10000,184672,5,50,22,0.034043884796345791,0.027852770296373119,-0.017409868948865093,0.9667,0.0018046267488597894
full_l1,10000,184672,5,50,23,0.051033231790832634,0.043611482176288074,0.2182106732314828,0.94569999999999999,0.0023479066575842603
full_l1,10000,184672,5,50,24,-0.011698774636857312,0.0095217053255034489,0.40845809278520107,0.98719999999999997,0.0010297872355201436
full_l1,10000,184672,5,50,25,-0.015283380485804354,0.0064925582325376929,-0.097354919919356631,0.99429999999999996,0.00081548743038110916
full_l1,10000,184672,5,50,26,0.0062788698265854315,-0.012103733670944639,-0.3057854122705832,0.9919,0.00086877329452512996
full_l1,10000,184672,5,50,27,0.067376353268120637,0.01281389780529385,-0.47700374371584631,0.92330000000000001,0.0026972110469665987
full_l1,10000,184672,5,50,28,-0.015627575736258503,-0.00098440492764040322,-0.43148626219671904,0.97789999999999999,0.0014725641318274491
full_l1,10000,184672,5,50,29,0.012876191409876725,0.0077273306347607207,0.33041647368077354,0.99239999999999995,0.00086475177707449609
full_l1,10000,184672,5,50,30,0.0048864260162044815,0.013458729260296343,-0.27374806112507377,0.9778,0.0014540583533270343
full_l1,10000,184672,5,50,31,0.49807259411918015,-0.47690860684824066,-0.48366812322336949,0.048799999999999955,0.002117085566432217
full_l1,10000,184672,5,50,32,0.023323576616696151,-0.0082242545888271401,-0.042199209663571269,0.99399999999999999,0.00079974287110751142
full_l1,10000,184672,5,50,33,-0.00081231986650731614,-0.017565400683251742,-0.14993919328265659,0.99429999999999996,0.00074840679771717938
full_l1,10000,184672,5,50,34,-0.001001302564333173,0.0041063191492420881,0.0023616017112775278,0.99939999999999996,0.0003073702890718254
full_l1,10000,184672,5,50,35,-0.0053905598052914616,0.031118792522956573,0.35144116425777217,0.97760000000000002,0.0014025805844990241
full_l1,10000,184672,5,50,36,0.011132643602682846,0.009243187225959959,0.20725521640086031,0.99609999999999999,0.00061323767453185473
full_l1,10000,184672,5,50,37,0.0056073921016708272,-0.040904492520064117,-0.49371748143053917,0.96719999999999995,0.0017722412617427097
full_l1,10000,184672,5,50,38,-0.0060929287002480237,-0.0055815574242994437,0.11849005628317255,0.99670000000000003,0.00053497119635354407
full_l1,10000,184672,5,50,39,-0.027561767319075781,0.01586683516892573,0.03829696651848824,0.98780000000000001,0.0011718119655256063
full_l1,10000,184672,5,50,40,-0.0037808298247536953,0.0025203926120120901,0.22154580258038603,0.99639999999999995,0.00054422918039130652
full_l1,10000,184672,5,50,41,0.012640884785805495,-0.0031445063105459692,0.036935080837284362,0.99850000000000005,0.00041979359618326856
full_l1,10000,184672,5,50,42,-0.02733624436106985,0.0072559882137714915,0.2768400527989836,0.98950000000000005,0.0010267372126932706
full_l1,10000,184672,5,50,43,0.014672431482229298,-0.0018418269058759762,-0.17646486704158226,0.99339999999999995,0.00074397445931039972
full_l1,10000,184672,5,50,44,-0.013873685436602612,0.0042334019750993601,0.0605208168670055,0.99819999999999998,0.00047670315299741306
full_l1,10000,184672,5,50,45,0.0025821346954315594,-0.016346530547185267,-0.0027008100500189869,0.99370000000000003,0.00082049272604769671
full_l1,10000,184672,5,50,46,0.0022105824921723194,-0.0093284991475675039,-0.017237584064409672,0.99890000000000001,0.00041723859459475175
full_l1,10000,184672,5,50,47,0.0021498442572991383,-0.006134214967028262,-0.13947549340541787,0.99780000000000002,0.0004228892858481967
full_l1,10000,184672,5,50,48,-0.0030945435262879073,-0.0044969077809438041,0.095987943313685431,0.99880000000000002,0.00039648705575837844
full_l1,10000,184672,5,50,49,-0.015537033567524894,-0.0034595819601210831,-0.023458546530709556,0.99739999999999995,0.00050057432071927898
full_l1,10000,184672,5,50,50,0.0030215560874133907,-0.0079840306743537148,-0.092649647455030903,0.99850000000000005,0.00036324922249304754
full_l1,10000,184672,5,50,51,-0.018141300076610856,-0.0070394394820170181,-0.1616709399184213,0.99439999999999995,0.00074079101268643597
full_l1,10000,184672,5,50,52,0.0086511728307452351,0.011814137531509727,0.097667451233684588,0.99590000000000001,0.00063615241640963113
full_l1,10000,184672,5,50,53,0.016956291685947811,0.0057343288337166065,0.17659560122522455,0.99619999999999997,0.00064208847757773189
full_l1,10000,184672,5,50,54,0.011267821750637008,0.0011097499068732919,-0.087649172477900494,0.99629999999999996,0.00053633910678859776
full_l1,10000,184672,5,50,55,0.0070133230784064082,0.011379069889728699,0.054612431474960088,0.99539999999999995,0.0006406698544423442
full_l1,10000,184672,5,50,56,0.0076161885934216134,-0.0062090465465605149,0.0060970300921088239,0.99860000000000004,0.00036080395201352079
full_l1,10000,184672,5,50,57,0.016388370420687526,0.0016395403761080285,0.063649252752305596,0.99729999999999996,0.0005097638119124819
full_l1,10000,184672,5,50,58,-0.0092844664742135485,-0.0048790221801173761,0.04056613396776676,0.99809999999999999,0.0003884978339971332
full_l1,10000,184672,5,50,59,0.014877070405090231,-0.016817034380562479,-0.39536584139264597,0.98499999999999999,0.0011810295045851266
full_l1,10000,184672,5,50,60,0.020259146186331289,-0.0084865750131948303,-0.20736933497927756,0.99329999999999996,0.00086830460902073822
full_l1,10000,184672,5,50,61,-0.0039520267710311252,-0.015876910259386756,-0.22073810561266005,0.99470000000000003,0.0007409736910281837
full_l1,10000,184672,5,50,62,0.0053587726666928237,-0.0016531578940002234,-0.0031396456228740544,0.99990000000000001,0.00017809565745905215
full_l1,10000,184672,5,100,1,-0.041666666666666685,0.12499999999999989,0.45833333333333326,0.76390000000000002,0.0042556916284407515
full_l1,10000,184672,5,100,2,-0.125,-0.45833333333333331,-0.29166666666666669,0.38949999999999996,0.004892093402393315
full_l1,10000,184672,5,100,3,0.37499999999999989,0.45833333333333326,-0.041666666666666685,0.097899999999999987,0.0029679150409427282
full_l1,10000,184672,5,100,4,0.04166666666666663,-0.375,0.29166666666666663,0.38549999999999995,0.004875856239963219
full_l1,10000,184672,5,100,5,0.45833333333333326,0.37499999999999989,0.37499999999999989,0.066500000000000004,0.0024408106126660003
full_l1,10000,184672,5,100,6,-0.20833333333333331,0.04166666666666663,-0.375,0.64600000000000002,0.0047922693809139532
full_l1,10000,184672,5,100,7,-0.45833333333333331,0.29166666666666663,-0.45833333333333331,0.091700000000000004,0.0029010119522831761
full_l1,10000,184672,5,100,8,-0.29166666666666669,-0.29166666666666669,-0.20833333333333331,0.38790000000000002,0.0048704853548382707
full_l1,10000,184672,5,100,9,0.29166666666666663,-0.041666666666666685,0.20833333333333326,0.42700000000000005,0.0049542634452520917
full_l1,10000,184672,5,100,10,0.20833333333333326,-0.125,0.12499999999999989,0.38939999999999997,0.0048896932701400055
full_l1,10000,184672,5,100,11,0.12499999999999989,-0.20833333333333331,-0.125,0.41070000000000007,0.0049148707510165571
full_l1,10000,184672,5,100,12,-0.375,0.20833333333333326,0.04166666666666663,0.22709999999999997,0.0041846334759258665
full_l1,10000,184672,5,100,13,-0.044725657472663549,0.10394879333252005,-0.33577421087599846,0.747,0.0043615281864238901
full_l1,10000,184672,5,100,14,-0.10007063334280142,-0.00023039380305123203,0.25049782427639555,0.90769999999999995,0.0029264615964841459
full_l1,10000,184672,5,100,15,-0.062938023771905049,-0.036658322518648312,0.49777180106539776,0.85860000000000003,0.0034564853517778148
full_l1,10000,184672,5,100,16,-0.13732874109785898,-0.047539780605400761,0.49972413587154607,0.69669999999999999,0.0046020052069817557
full_l1,10000,184672,5,100,17,-0.053965787576112589,-0.022676986595009607,-0.013151024636411268,0.95660000000000001,0.0020301656991245712
full_l1,10000,184672,5,100,18,-0.081788612564105634,-0.069048175523928945,-0.30375232609910596,0.83230000000000004,0.0037378569868177971
full_l1,10000,184672,5,100,19,-0.01445756290043354,0.0062497023902738924,0.18368141759913836,0.99590000000000001,0.00060047454849440488
full_l1,10000,184672,5,100,20,0.001806667240473514,-0.036444224602525388,0.083392896937075411,0.95630000000000004,0.0020781158593834339
full_l1,10000,184672,5,100,21,0.035935100102078454,0.022018590259926585,0.45100216458556197,0.97709999999999997,0.0015276505476376995
full_l1,10000,184672,5,100,22,0.034043884796345791,0.027852770296373119,-0.017409868948865093,0.9667,0.0018046267488597894
full_l1,10000,184672,5,100,23,0.051033231790832634,0.043611482176288074,0.2182106732314828,0.94569999999999999,0.0023479066575842603
full_l1,10000,184672,5,100,24,-0.011698774636857312,0.0095217053255034489,0.40845809278520107,0.98719999999999997,0.0010297872355201436
full_l1,10000,184672,5,100,25,-0.015283380485804354,0.0064925582325376929,-0.097354919919356631,0.99429999999999996,0.00081548743038110916
full_l1,10000,184672,5,100,26,0.0062788698265854315,-0.012103733670944639,-0.3057854122705832,0.9919,0.00086877329452512996
full_l1,10000,184672,5,100,27,0.067376353268120637,0.01281389780529385,-0.47700374371584631,0.92330000000000001,0.0026972110469665987
full_l1,10000,184672,5,100,28,-0.015627575736258503,-0.00098440492764040322,-0.43148626219671904,0.97789999999999999,0.0014725641318274491
full_l1,10000,184672,5,100,29,0.012876191409876725,0.0077273306347607207,0.33041647368077354,0.99239999999999995,0.00086475177707449609
full_l1,10000,184672,5,100,30,0.0048864260162044815,0.013458729260296343,-0.27374806112507377,0.9778,0.0014540583533270343
full_l1,10000,184672,5,100,31,0.49807259411918015,-0.47690860684824066,-0.48366812322336949,0.048799999999999955,0.002117085566432217
full_l1,10000,184672,5,100,32,0.023323576616696151,-0.0082242545888271401,-0.042199209663571269,0.99399999999999999,0.00079974287110751142
full_l1,10000,184672,5,100,33,-0.00081231986650731614,-0.017565400683251742,-0.14993919328265659,0.99429999999999996,0.00074840679771717938
full_l1,10000,184672,5,100,34,-0.001001302564333173,0.0041063191492420881,0.0023616017112775278,0.99939999999999996,0.0003073702890718254
full_l1,10000,184672,5,100,35,-0.0053905598052914616,0.031118792522956573,0.35144116425777217,0.97760000000000002,0.0014025805844990241
full_l1,10000,184672,5,100,36,0.011132643602682846,0.009243187225959959,0.20725521640086031,0.99609999999999999,0.00061323767453185473
full_l1,10000,184672,5,100,37,0.0056073921016708272,-0.040904492520064117,-0.49371748143053917,0.96719999999999995,0.0017722412617427097
full_l1,10000,184672,5,100,38,-0.0060929287002480237,-0.0055815574242994437,0.11849005628317255,0.99670000000000003,0.00053497119635354407
full_l1,10000,184672,5,100,39,-0.027561767319075781,0.01586683516892573,0.03829696651848824,0.98780000000000001,0.0011718119655256063
full_l1,10000,184672,5,100,40,-0.0037808298247536953,0.0025203926120120901,0.22154580258038603,0.99639999999999995,0.00054422918039130652
full_l1,10000,184672,5,100,41,0.012640884785805495,-0.0031445063105459692,0.036935080837284362,0.99850000000000005,0.00041979359618326856
full_l1,10000,184672,5,100,42,-0.02733624436106985,0.0072559882137714915,0.2768400527989836,0.98950000000000005,0.0010267372126932706
full_l1,10000,184672,5,100,43,0.014672431482229298,-0.0018418269058759762,-0.17646486704158226,0.99339999999999995,0.00074397445931039972
full_l1,10000,184672,5,100,44,-0.013873685436602612,0.0042334019750993601,0.0605208168670055,0.99819999999999998,0.00047670315299741306
full_l1,10000,184672,5,100,45,0.0025821346954315594,-0.016346530547185267,-0.0027008100500189869,0.99370000000000003,0.00082049272604769671
full_l1,10000,184672,5,100,46,0.0022105824921723194,-0.0093284991475675039,-0.017237584064409672,0.99890000000000001,0.00041723859459475175
full_l1,10000,184672,5,100,47,0.0021498442572991383,-0.006134214967028262,-0.13947549340541787,0.99780000000000002,0.0004228892858481967
full_l1,10000,184672,5,100,48,-0.0030945435262879073,-0.0044969077809438041,0.095987943313685431,0.99880000000000002,0.00039648705575837844
full_l1,10000,184672,5,100,49,-0.015537033567524894,-0.0034595819601210831,-0.023458546530709556,0.99739999999999995,0.00050057432071927898
full_l1,10000,184672,5,100,50,0.0030215560874133907,-0.0079840306743537148,-0.092649647455030903,0.99850000000000005,0.00036324922249304754
full_l1,10000,184672,5,100,51,-0.018141300076610856,-0.0070394394820170181,-0.1616709399184213,0.99439999999999995,0.00074079101268643597
full_l1,10000,184672,5,100,52,0.0086511728307452351,0.011814137531509727,0.097667451233684588,0.99590000000000001,0.00063615241640963113
full_l1,10000,184672,5,100,53,0.016956291685947811,0.0057343288337166065,0.17659560122522455,0.99619999999999997,0.00064208847757773189
full_l1,10000,184672,5,100,54,0.011267821750637008,0.0011097499068732919,-0.087649172477900494,0.99629999999999996,0.00053633910678859776
full_l1,10000,184672,5,100,55,0.0070133230784064082,0.011379069889728699,0.054612431474960088,0.99539999999999995,0.0006406698544423442
full_l1,10000,184672,5,100,56,0.0076161885934216134,-0.0062090465465605149,0.0060970300921088239,0.99860000000000004,0.00036080395201352079
full_l1,10000,184672,5,100,57,0.016388370420687526,0.0016395403761080285,0.063649252752305596,0.99729999999999996,0.0005097638119124819
full_l1,10000,184672,5,100,58,-0.0092844664742135485,-0.0048790221801173761,0.04056613396776676,0.99809999999999999,0.0003884978339971332
full_l1,10000,184672,5,100,59,0.014877070405090231,-0.016817034380562479,-0.39536584139264597,0.98499999999999999,0.0011810295045851266
full_l1,10000,184672,5,100,60,0.020259146186331289,-0.0084865750131948303,-0.20736933497927756,0.99329999999999996,0.00086830460902073822
full_l1,10000,184672,5,100,61,-0.0039520267710311252,-0.015876910259386756,-0.22073810561266005,0.99470000000000003,0.0007409736910281837
full_l1,10000,184672,5,100,62,0.0053587726666928237,-0.0016531578940002234,-0.0031396456228740544,0.99990000000000001,0.00017809565745905215
full_l1,10000,184672,5,100,63,0.011380706646957339,-0.00022494494894509387,-0.019576358246454761,0.99850000000000005,0.00038011092758340366
full_l1,10000,184672,5,100,64,0.010370602823151609,-0.0038846625796991052,0.23545912866670959,0.99199999999999999,0.00083498220825049851
full_l1,10000,184672,5,100,65,0.01070245464027475,0.010106447095505899,0.13716100848113433,0.998,0.00058127703989308346
full_l1,10000,184672,5,100,66,0.031608642809330512,-0.0045320218289053305,0.064911164889756456,0.98960000000000004,0.0010078600548008192
full_l1,10000,184672,5,100,67,0.015898626397893745,-0.012372578845730509,-0.040082308371020892,0.99519999999999997,0.0007441441518459763
full_l1,10000,184672,5,100,68,0.011536785159719232,-0.0010451980252783599,0.10864243110590044,0.99850000000000005,0.0004458582913307965
full_l1,10000,184672,5,100,69,5.7871739508330577e-05,0.0060811070259305655,0.068025634061041895,0.99880000000000002,0.00031514752979534399
full_l1,10000,184672,5,100,70,-0.00025118722887262912,0.0012182516858039172,0.13157626960388535,0.99960000000000004,0.00028886020146202344
full_l1,10000,184672,5,100,71,-0.014113042474861226,0.0023095303503277709,0.089790816704839349,0.99829999999999997,0.00046331780574723758
full_l1,10000,184672,5,100,72,-0.0094389508459893356,-0.012140276080164991,-0.023843912384281962,0.99550000000000005,0.00062684334310166858
full_l1,10000,184672,5,100,73,-0.0049362661817922149,0.0059254772612928885,0.065475567695768788,0.99839999999999995,0.00034228530986174326
full_l1,10000,184672,5,100,74,-0.012059462289640388,-0.0048342273457808727,-0.14710513455461327,0.99650000000000005,0.00058272025750900815
full_l1,10000,184672,5,100,75,-0.022963709639021834,0.010204492503626872,-0.025389492594233731,0.98970000000000002,0.00096422268605019748
full_l1,10000,184672,5,100,76,-0.00045362442422214322,0.016894318032886435,0.27203077706068179,0.99250000000000005,0.00081905653069130565
full_l1,10000,184672,5,100,77,-0.0026067241931293506,0.013014781862609404,0.13527568849016935,0.99560000000000004,0.00062348619477217595
full_l1,10000,184672,5,100,78,0.0049479203279974016,0.0071232483865197871,0.0039267621292413679,0.99729999999999996,0.00048649810327385201
full_l1,10000,184672,5,100,79,0.00012167468611012922,0.0037513465589831263,0.2066444738398141,0.99790000000000001,0.00047254083453996553
full_l1,10000,184672,5,100,80,0.008406637565336883,0.0010719710337718791,0.34909593448584597,0.99129999999999996,0.00098408700944546202
full_l1,10000,184672,5,100,81,0.011796851296523192,-0.0056143245966184807,-0.19435149141713937,0.99529999999999996,0.00068051677916136622
full_l1,10000,184672,5,100,82,0.0016429071721579813,0.012056878729499676,0.1617003029501658,0.99680000000000002,0.00057676311834723804
full_l1,10000,184672,5,100,83,-0.0058126404838687584,-0.0012440765125378839,0.14498614150957279,0.99790000000000001,0.00043300945289077831
full_l1,10000,184672,5,100,84,-0.0029327761542690123,0.0061992812718272283,-0.055649986274462604,0.99690000000000001,0.00055780048257099695
full_l1,10000,184672,5,100,85,-0.0041981572098570563,-0.0080409234254925632,0.17913862804992564,0.99250000000000005,0.00080349047299215198
full_l1,10000,184672,5,100,86,-0.012949900083739196,0.0056605730299550405,0.17286004361079121,0.99670000000000003,0.00054867405153722205
full_l1,10000,184672,5,100,87,0.0063950637474272654,0.00058227907087360364,0.011268679656245562,0.99960000000000004,0.00021929737029539097
full_l1,10000,184672,5,100,88,-0.024468494205900582,-0.0032845115675670389,-0.20053138235601309,0.99119999999999997,0.00098757480502316007
full_l1,10000,184672,5,100,89,0.01393731213823135,0.012574102659338005,0.1633268586124379,0.99480000000000002,0.00072344960672932968
full_l1,10000,184672,5,100,90,-0.012653429990767462,-0.00083416188561091786,0.058982749533161405,0.99829999999999997,0.00040450778565463751
full_l1,10000,184672,5,100,91,-0.0066965142632773311,0.0057660201884444096,-0.045442064285708961,0.99729999999999996,0.00054268405701988554
full_l1,10000,184672,5,100,92,-0.0057174321376862736,0.0090338618339307342,0.041119133255242968,0.998,0.00052763292688630251
full_l1,10000,184672,5,100,93,0.0057503884667968741,0.005416069620972408,0.0075441261499793466,0.99829999999999997,0.00040443066168713461
full_l1,10000,184672,5,100,94,-0.0078349610844481443,0.020947353462782869,0.23186485656439126,0.98929999999999996,0.00098559577466957125
full_l1,10000,184672,5,100,95,-0.002117706341201897,-0.003732924565019502,0.043778289928852576,0.999,0.00021677992662039582
full_l1,10000,184672,5,100,96,0.0036585108357296559,0.0069600033541228346,0.10192629944919629,0.99860000000000004,0.00036370545226203997
full_l1,10000,184672,5,100,97,0.029183566730309529,-0.0067051825683899224,0.13270031162146978,0.98809999999999998,0.0010692550795619224
full_l1,10000,184672,5,100,98,-0.019452112605413685,0.0059445930357389098,0.030005040292709007,0.995,0.000682902825585232
full_l1,10000,184672,5,100,99,0.0036804339200537939,-0.014867062751109161,-0.017782354695974778,0.99590000000000001,0.00072123111057838371
full_l1,10000,184672,5,100,100,-0.0206066717782456,-0.00048075699344418688,-0.089322751108936949,0.99429999999999996,0.0007302489549924861
full_l1,10000,184672,5,100,101,-0.0096175938752385282,-0.0011920479599656364,0.0050620929265337011,0.99909999999999999,0.00030002853922753137
full_l1,10000,184672,5,100,102,-0.0048967048041834715,0.0041863076993611248,-0.041940202979835028,0.99819999999999998,0.00044252726095220783
full_l1,10000,184672,5,100,103,0.0011288605985140254,0.00030121024255347351,0.019542560469629766,0.99990000000000001,7.4183888461813524e-05
full_l1,10000,184672,5,100,104,0.0044855611791057015,-0.014104956795835788,-0.22325473539878571,0.99450000000000005,0.00070677124350164303
full_l1,10000,184672,5,100,105,0.01107398311856711,0.00045953866652159725,0.075359297365745537,0.99839999999999995,0.00036272859900068379
full_l1,10000,184672,5,100,106,0.016875935862576519,-0.00089405761301253328,0.0086342415485145541,0.99780000000000002,0.00051707497073324277
full_l1,10000,184672,5,100,107,0.011513727968091914,-0.00077087165373357358,0.17696033061195049,0.99670000000000003,0.00059135957970308638
full_l1,10000,184672,5,100,108,-0.022098917998668366,0.0057599303214106445,0.084443944249442682,0.99480000000000002,0.0007248534961418479
full_l1,10000,184672,5,100,109,-0.011126315802985731,-0.0051050935634502359,0.064204340658727377,0.998,0.00047665112011472614
full_l1,10000,184672,5,100,110,-0.0018679208380998347,9.0384115345898408e-05,-0.010496479363394817,0.99929999999999997,0.00014857871960669304
full_l1,10000,184672,5,100,111,-0.0031675908918615825,-0.0029695717088764617,0.14122987504777362,0.99780000000000002,0.00045973054049249125
full_l1,10000,184672,5,100,112,0.0037140526895236281,0.0044937028767415566,-0.10095375146034691,0.99670000000000003,0.00060296213391819345
full_l1,100000,656460,1,10,1,-0.29166666666666669,-0.041666666666666685,0.45833333333333326,0.46195999999999993,0.0015768940414222932
full_l1,100000,656460,1,10,2,0.04166666666666663,0.12499999999999989,0.12499999999999989,0.75163999999999997,0.0013656478936827057
full_l1,100000,656460,1,10,3,-0.125,0.04166666666666663,0.29166666666666663,0.85855000000000004,0.0011024240208286178
full_l1,100000,656460,1,10,4,0.20833333333333326,0.45833333333333326,-0.29166666666666669,0.34234000000000009,0.0015012265257445027
full_l1,100000,656460,1,10,5,-0.041666666666666685,-0.20833333333333331,-0.125,0.35060000000000002,0.001509200474602475
full_l1,100000,656460,1,10,6,0.45833333333333326,0.37499999999999989,-0.20833333333333331,0.048009999999999997,0.00068215083451625197
full_l1,100000,656460,1,10,7,-0.20833333333333331,0.20833333333333326,0.04166666666666663,0.42738999999999994,0.0015636577319657979
full_l1,100000,656460,1,10,8,0.12499999999999989,-0.45833333333333331,0.20833333333333326,0.47560000000000002,0.001579285555075716
full_l1,100000,656460,1,10,9,0.29166666666666663,0.29166666666666663,-0.041666666666666685,0.38234999999999997,0.0015367252816144742
full_l1,100000,656460,1,10,10,-0.375,-0.29166666666666669,0.37499999999999989,0.43466000000000005,0.0015682449611385126
full_l1,100000,656460,1,10,11,-0.45833333333333331,-0.375,-0.375,0.38664000000000009,0.0015405392472672013
full_l1,100000,656460,1,10,12,0.37499999999999989,-0.125,-0.45833333333333331,0.22334999999999994,0.0013179168311492314
full_l1,100000,656460,1,10,13,0.4764880501148272,0.069953410950315043,0.20654827711262436,0.21381000000000006,0.0012954697458154656
full_l1,100000,656460,1,10,14,-0.49358858676322925,0.048600314273547607,0.362397073686898,0.31499999999999995,0.001468198114077518
full_l1,100000,656460,1,10,15,0.14017445032613951,0.016892106255224304,0.18929991983812222,0.84841999999999995,0.001133439040230643
full_l1,100000,656460,1,10,16,-0.026445358127233032,0.034186014484763438,0.16972059584803101,0.96894000000000002,0.00055144234706814492
full_l1,100000,656460,1,10,17,-0.05243901903378112,0.025227188762073416,-0.33427345797659713,0.93208000000000002,0.00079283069727339463
full_l1,100000,656460,1,10,18,-0.28222490975342063,0.13508303815144496,-0.48636389792814261,0.37769999999999992,0.0015332336453348489
full_l1,100000,656460,1,10,19,-0.12037788902660207,0.031312176262284552,-0.014370651366673037,0.86028000000000004,0.0010957307697580495
full_l1,100000,656460,1,10,20,0.30356386003999503,0.0052776260942095643,-0.49031772076561464,0.42798999999999998,0.0015646646054143646
full_l1,100000,656460,1,10,21,0.1016340424515132,0.032029703862043624,0.29670873495046535,0.90652999999999995,0.00091490589011756585
full_l1,100000,656460,1,10,22,-0.0076034324006262199,-0.013086063791807323,0.1315825754842106,0.99099999999999999,0.0003013772270470658
full_l1,100000,656460,1,30,1,-0.29166666666666669,-0.041666666666666685,0.45833333333333326,0.46195999999999993,0.0015768940414222932
full_l1,100000,656460,1,30,2,0.04166666666666663,0.12499999999999989,0.12499999999999989,0.75163999999999997,0.0013656478936827057
full_l1,100000,656460,1,30,3,-0.125,0.04166666666666663,0.29166666666666663,0.85855000000000004,0.0011024240208286178
full_l1,100000,656460,1,30,4,0.20833333333333326,0.45833333333333326,-0.29166666666666669,0.34234000000000009,0.0015012265257445027
full_l1,100000,656460,1,30,5,-0.041666666666666685,-0.20833333333333331,-0.125,0.35060000000000002,0.001509200474602475
full_l1,100000,656460,1,30,6,0.45833333333333326,0.37499999999999989,-0.20833333333333331,0.048009999999999997,0.00068215083451625197
full_l1,100000,656460,1,30,7,-0.20833333333333331,0.20833333333333326,0.04166666666666663,0.42738999999999994,0.0015636577319657979
full_l1,100000,656460,1,30,8,0.12499999999999989,-0.45833333333333331,0.20833333333333326,0.47560000000000002,0.001579285555075716
full_l1,100000,656460,1,30,9,0.29166666666666663,0.29166666666666663,-0.041666666666666685,0.38234999999999997,0.0015367252816144742
full_l1,100000,656460,1,30,10,-0.375,-0.29166666666666669,0.37499999999999989,0.43466000000000005,0.0015682449611385126
full_l1,100000,656460,1,30,11,-0.45833333333333331,-0.375,-0.375,0.38664000000000009,0.0015405392472672013
full_l1,100000,656460,1,30,12,0.37499999999999989,-0.125,-0.45833333333333331,0.22334999999999994,0.0013179168311492314
full_l1,100000,656460,1,30,13,0.4764880501148272,0.069953410950315043,0.20654827711262436,0.21381000000000006,0.0012954697458154656
full_l1,100000,656460,1,30,14,-0.49358858676322925,0.048600314273547607,0.362397073686898,0.31499999999999995,0.001468198114077518
full_l1,100000,656460,1,30,15,0.14017445032613951,0.016892106255224304,0.18929991983812222,0.84841999999999995,0.001133439040230643
full_l1,100000,656460,1,30,16,-0.026445358127233032,0.034186014484763438,0.16972059584803101,0.96894000000000002,0.00055144234706814492
full_l1,100000,656460,1,30,17,-0.05243901903378112,0.025227188762073416,-0.33427345797659713,0.93208000000000002,0.00079283069727339463
full_l1,100000,656460,1,30,18,-0.28222490975342063,0.13508303815144496,-0.48636389792814261,0.37769999999999992,0.0015332336453348489
full_l1,100000,656460,1,30,19,-0.12037788902660207,0.031312176262284552,-0.014370651366673037,0.86028000000000004,0.0010957307697580495
full_l1,100000,656460,1,30,20,0.30356386003999503,0.0052776260942095643,-0.49031772076561464,0.42798999999999998,0.0015646646054143646
full_l1,100000,656460,1,30,21,0.1016340424515132,0.032029703862043624,0.29670873495046535,0.90652999999999995,0.00091490589011756585
full_l1,100000,656460,1,30,22,-0.0076034324006262199,-0.013086063791807323,0.1315825754842106,0.99099999999999999,0.0003013772270470658
full_l1,100000,656460,1,30,23,0.03288510413538126,0.01704898601369953,-0.33011558497462201,0.95926999999999996,0.00062311542746135043
full_l1,100000,656460,1,30,24,0.035860246407311225,-0.0032393595741813108,0.49606649255134272,0.96462999999999999,0.00058206196331641626
full_l1,100000,656460,1,30,25,0.030799185667501838,0.0070571588541668007,0.068840650089001754,0.98994000000000004,0.00030996474704942512
full_l1,100000,656460,1,30,26,-0.056248360657610519,-0.0094980376567386227,0.46661258467310462,0.94023000000000001,0.00074273507418093365
full_l1,100000,656460,1,30,27,0.0084011370446044342,-0.030294859040554289,-0.27446679046096478,0.98226999999999998,0.00042085031886053575
full_l1,100000,656460,1,30,28,-0.03382465827154868,-0.013273899370057851,-0.22971709495757375,0.98343000000000003,0.00040141613114245435
full_l1,100000,656460,1,30,29,-0.47295893852251214,0.4891277666463929,0.47762485932505094,0.035490000000000022,0.00056837740478565227
full_l1,100000,656460,1,30,30,-0.00058094234574834758,-0.0098717742699798716,-0.10565758139036441,0.99829000000000001,0.00013399657952052277
full_l1,100000,656460,1,30,31,0.038534792359206538,-0.033197164047289895,0.2472745826740308,0.92991000000000001,0.00080778277235963095
full_l1,100000,656460,1,30,32,-0.026943901040957341,0.040358166395869866,0.47490010556617324,0.96350999999999998,0.00059830948116113719
full_l1,100000,656460,1,30,33,0.0075216272036087162,0.0073657033329950217,0.35124381860164999,0.99251,0.00027392654093567122
full_l1,100000,656460,1,30,34,-0.026076424121740827,-0.001016599166602683,0.0082701358177490469,0.99346999999999996,0.00025394016836280056
full_l1,100000,656460,1,30,35,-0.024850489332067571,-0.0073263867202417732,-0.46453797159945909,0.97567999999999999,0.00049038754652614
full_l1,100000,656460,1,30,36,0.00091021847978511872,-0.010382657088380931,-0.31877068069434156,0.99200999999999995,0.0002793263405402994
full_l1,100000,656460,1,30,37,0.0083836120491405097,0.009390907829096129,0.22413275629195972,0.99634,0.00019028614053325088
full_l1,100000,656460,1,30,38,0.016525153279315585,-0.0074074233692142943,-0.22124750658421721,0.99353000000000002,0.00025841488260568726
full_l1,100000,656460,1,30,39,0.019363671105898428,-0.0022247002170074914,-0.052648244360040009,0.99594000000000005,0.00019858880782787179
full_l1,100000,656460,1,30,40,0.0007383689927948911,0.0095425801741979566,-0.030976280826188862,0.99580000000000002,0.00020939881703811456
full_l1,100000,656460,1,30,41,0.0031362496500311199,-0.0076881358111324793,0.0581510795921234,0.99790999999999996,0.00014698917317398569
full_l1,100000,656460,1,30,42,-0.031246360656191019,0.013871663154743308,0.29345960039553987,0.98599000000000003,0.00036955913696717528
full_l1,100000,656460,1,50,1,-0.29166666666666669,-0.041666666666666685,0.45833333333333326,0.46195999999999993,0.0015768940414222932
full_l1,100000,656460,1,50,2,0.04166666666666663,0.12499999999999989,0.12499999999999989,0.75163999999999997,0.0013656478936827057
full_l1,100000,656460,1,50,3,-0.125,0.04166666666666663,0.29166666666666663,0.85855000000000004,0.0011024240208286178
full_l1,100000,656460,1,50,4,0.20833333333333326,0.45833333333333326,-0.29166666666666669,0.34234000000000009,0.0015012265257445027
full_l1,100000,656460,1,50,5,-0.041666666666666685,-0.20833333333333331,-0.125,0.35060000000000002,0.001509200474602475
full_l1,100000,656460,1,50,6,0.45833333333333326,0.37499999999999989,-0.20833333333333331,0.048009999999999997,0.00068215083451625197
full_l1,100000,656460,1,50,7,-0.20833333333333331,0.20833333333333326,0.04166666666666663,0.42738999999999994,0.0015636577319657979
full_l1,100000,656460,1,50,8,0.12499999999999989,-0.45833333333333331,0.20833333333333326,0.47560000000000002,0.001579285555075716
full_l1,100000,656460,1,50,9,0.29166666666666663,0.29166666666666663,-0.041666666666666685,0.38234999999999997,0.0015367252816144742
full_l1,100000,656460,1,50,10,-0.375,-0.29166666666666669,0.37499999999999989,0.43466000000000005,0.0015682449611385126
full_l1,100000,656460,1,50,11,-0.45833333333333331,-0.375,-0.375,0.38664000000000009,0.0015405392472672013
full_l1,100000,656460,1,50,12,0.37499999999999989,-0.125,-0.45833333333333331,0.22334999999999994,0.0013179168311492314
full_l1,100000,656460,1,50,13,0.4764880501148272,0.069953410950315043,0.20654827711262436,0.21381000000000006,0.0012954697458154656
full_l1,100000,656460,1,50,14,-0.49358858676322925,0.048600314273547607,0.362397073686898,0.31499999999999995,0.001468198114077518
full_l1,100000,656460,1,50,15,0.14017445032613951,0.016892106255224304,0.18929991983812222,0.84841999999999995,0.001133439040230643
full_l1,100000,656460,1,50,16,-0.026445358127233032,0.034186014484763438,0.16972059584803101,0.96894000000000002,0.00055144234706814492
full_l1,100000,656460,1,50,17,-0.05243901903378112,0.025227188762073416,-0.33427345797659713,0.93208000000000002,0.00079283069727339463
full_l1,100000,656460,1,50,18,-0.28222490975342063,0.13508303815144496,-0.48636389792814261,0.37769999999999992,0.0015332336453348489
full_l1,100000,656460,1,50,19,-0.12037788902660207,0.031312176262284552,-0.014370651366673037,0.86028000000000004,0.0010957307697580495
full_l1,100000,656460,1,50,20,0.30356386003999503,0.0052776260942095643,-0.49031772076561464,0.42798999999999998,0.0015646646054143646
full_l1,100000,656460,1,50,21,0.1016340424515132,0.032029703862043624,0.29670873495046535,0.90652999999999995,0.00091490589011756585
full_l1,100000,656460,1,50,22,-0.0076034324006262199,-0.013086063791807323,0.1315825754842106,0.99099999999999999,0.0003013772270470658
full_l1,100000,656460,1,50,23,0.03288510413538126,0.01704898601369953,-0.33011558497462201,0.95926999999999996,0.00062311542746135043
full_l1,100000,656460,1,50,24,0.035860246407311225,-0.0032393595741813108,0.49606649255134272,0.96462999999999999,0.00058206196331641626
full_l1,100000,656460,1,50,25,0.030799185667501838,0.0070571588541668007,0.068840650089001754,0.98994000000000004,0.00030996474704942512
full_l1,100000,656460,1,50,26,-0.056248360657610519,-0.0094980376567386227,0.46661258467310462,0.94023000000000001,0.00074273507418093365
full_l1,100000,656460,1,50,27,0.0084011370446044342,-0.030294859040554289,-0.27446679046096478,0.98226999999999998,0.00042085031886053575
full_l1,100000,656460,1,50,28,-0.03382465827154868,-0.013273899370057851,-0.22971709495757375,0.98343000000000003,0.00040141613114245435
full_l1,100000,656460,1,50,29,-0.47295893852251214,0.4891277666463929,0.47762485932505094,0.035490000000000022,0.00056837740478565227
full_l1,100000,656460,1,50,30,-0.00058094234574834758,-0.0098717742699798716,-0.10565758139036441,0.99829000000000001,0.00013399657952052277
full_l1,100000,656460,1,50,31,0.038534792359206538,-0.033197164047289895,0.2472745826740308,0.92991000000000001,0.00080778277235963095
full_l1,100000,656460,1,50,32,-0.026943901040957341,0.040358166395869866,0.47490010556617324,0.96350999999999998,0.00059830948116113719
full_l1,100000,656460,1,50,33,0.0075216272036087162,0.0073657033329950217,0.35124381860164999,0.99251,0.00027392654093567122
full_l1,100000,656460,1,50,34,-0.026076424121740827,-0.001016599166602683,0.0082701358177490469,0.99346999999999996,0.00025394016836280056
full_l1,100000,656460,1,50,35,-0.024850489332067571,-0.0073263867202417732,-0.46453797159945909,0.97567999999999999,0.00049038754652614
full_l1,100000,656460,1,50,36,0.00091021847978511872,-0.010382657088380931,-0.31877068069434156,0.99200999999999995,0.0002793263405402994
full_l1,100000,656460,1,50,37,0.0083836120491405097,0.009390907829096129,0.22413275629195972,0.99634,0.00019028614053325088
full_l1,100000,656460,1,50,38,0.016525153279315585,-0.0074074233692142943,-0.22124750658421721,0.99353000000000002,0.00025841488260568726
full_l1,100000,656460,1,50,39,0.019363671105898428,-0.0022247002170074914,-0.052648244360040009,0.99594000000000005,0.00019858880782787179
full_l1,100000,656460,1,50,40,0.0007383689927948911,0.0095425801741979566,-0.030976280826188862,0.99580000000000002,0.00020939881703811456
full_l1,100000,656460,1,50,41,0.0031362496500311199,-0.0076881358111324793,0.0581510795921234,0.99790999999999996,0.00014698917317398569
full_l1,100000,656460,1,50,42,-0.031246360656191019,0.013871663154743308,0.29345960039553987,0.98599000000000003,0.00036955913696717528
full_l1,100000,656460,1,50,43,-0.014883030562118149,0.008496698485032983,-0.14879279362713094,0.98970000000000002,0.00031795795008888837
full_l1,100000,656460,1,50,44,0.015580376744547042,0.0074497349303408456,-0.11578556651061689,0.99250000000000005,0.00028394719681795012
full_l1,100000,656460,1,50,45,0.0092840212780240794,-0.0018124990316197298,0.048921103953607048,0.99909000000000003,9.7905338970373802e-05
full_l1,100000,656460,1,50,46,-0.011376147066637143,-0.019599893852726202,-0.053628547758714173,0.98992000000000002,0.00031070421516002822
full_l1,100000,656460,1,50,47,-8.3451803331024976e-05,0.0067149852179171354,0.015716104780772344,0.99827999999999995,0.00013230917447130562
full_l1,100000,656460,1,50,48,-0.0048059898039145565,0.023383389493589535,0.35467800908844493,0.98778999999999995,0.00035186745470474625
full_l1,100000,656460,1,50,49,-0.0052022978444994372,-0.0049901743923670416,0.015256078572798204,0.99914999999999998,8.5812770763645885e-05
full_l1,100000,656460,1,50,50,0.015807271381166998,-0.001283880098475354,0.1312913326175571,0.99622999999999995,0.00018826366432436956
full_l1,100000,656460,1,50,51,-0.0072179858118155416,-0.0040851864452995379,-0.16963799600459328,0.99683999999999995,0.0001794190829766321
full_l1,100000,656460,1,50,52,0.0075047081448442743,0.012288277079998133,0.10531673756924409,0.99580999999999997,0.00020246036261376574
full_l1,100000,656460,1,50,53,-0.0047683306378321078,0.00331875996473463,0.1227378899506324,0.999,9.3342484701986299e-05
full_l1,100000,656460,1,50,54,-0.010041020194166528,0.0082799019365105142,0.21340346242242547,0.99636000000000002,0.00018573593556875755
full_l1,100000,656460,1,50,55,0.0036517646194680342,-0.0012810601157331458,-0.030544878644189088,0.99946999999999997,6.0137698610033521e-05
full_l1,100000,656460,1,50,56,-0.00070036928654060304,-0.0002625873957193825,0.13672989124291757,0.99885999999999997,0.0001072051601810022
full_l1,100000,656460,1,50,57,0.00085369103772348076,0.0087746925795935127,0.1750025530161281,0.99792999999999998,0.00014630965580845595
full_l1,100000,656460,1,50,58,-0.0072840327052352549,3.2889998410556842e-05,0.19293812232192509,0.99714999999999998,0.00017384965135304462
full_l1,100000,656460,1,50,59,-0.0041090467143449771,-0.005871517554732586,-0.053824296557612783,0.99926000000000004,8.6602280647009899e-05
full_l1,100000,656460,1,50,60,-0.011173588780075017,-0.0054375756628357585,-0.13612652089173238,0.99714000000000003,0.00017025617292806488
full_l1,100000,656460,1,50,61,-0.0072217159262553121,0.0068195476083721118,-0.0085295680431889398,0.99726999999999999,0.00016414507104083536
full_l1,100000,656460,1,50,62,-0.0054696281201949137,0.0040269788032736287,0.26080690483061608,0.99565000000000003,0.00020345104297412399
full_l1,100000,656460,1,100,1,-0.29166666666666669,-0.041666666666666685,0.45833333333333326,0.46195999999999993,0.0015768940414222932
full_l1,100000,656460,1,100,2,0.04166666666666663,0.12499999999999989,0.12499999999999989,0.75163999999999997,0.0013656478936827057
full_l1,100000,656460,1,100,3,-0.125,0.04166666666666663,0.29166666666666663,0.85855000000000004,0.0011024240208286178
full_l1,100000,656460,1,100,4,0.20833333333333326,0.45833333333333326,-0.29166666666666669,0.34234000000000009,0.0015012265257445027
full_l1,100000,656460,1,100,5,-0.041666666666666685,-0.20833333333333331,-0.125,0.35060000000000002,0.001509200474602475
full_l1,100000,656460,1,100,6,0.45833333333333326,0.37499999999999989,-0.20833333333333331,0.048009999999999997,0.00068215083451625197
full_l1,100000,656460,1,100,7,-0.20833333333333331,0.20833333333333326,0.04166666666666663,0.42738999999999994,0.0015636577319657979
full_l1,100000,656460,1,100,8,0.12499999999999989,-0.45833333333333331,0.20833333333333326,0.47560000000000002,0.001579285555075716
full_l1,100000,656460,1,100,9,0.29166666666666663,0.29166666666666663,-0.041666666666666685,0.38234999999999997,0.0015367252816144742
full_l1,100000,656460,1,100,10,-0.375,-0.29166666666666669,0.37499999999999989,0.43466000000000005,0.0015682449611385126
full_l1,100000,656460,1,100,11,-0.45833333333333331,-0.375,-0.375,0.38664000000000009,0.0015405392472672013
full_l1,100000,656460,1,100,12,0.37499999999999989,-0.125,-0.45833333333333331,0.22334999999999994,0.0013179168311492314
full_l1,100000,656460,1,100,13,0.4764880501148272,0.069953410950315043,0.20654827711262436,0.21381000000000006,0.0012954697458154656
full_l1,100000,656460,1,100,14,-0.49358858676322925,0.048600314273547607,0.362397073686898,0.31499999999999995,0.001468198114077518
full_l1,100000,656460,1,100,15,0.14017445032613951,0.016892106255224304,0.18929991983812222,0.84841999999999995,0.001133439040230643
full_l1,100000,656460,1,100,16,-0.026445358127233032,0.034186014484763438,0.16972059584803101,0.96894000000000002,0.00055144234706814492
full_l1,100000,656460,1,100,17,-0.05243901903378112,0.025227188762073416,-0.33427345797659713,0.93208000000000002,0.00079283069727339463
full_l1,100000,656460,1,100,18,-0.28222490975342063,0.13508303815144496,-0.48636389792814261,0.37769999999999992,0.0015332336453348489
full_l1,100000,656460,1,100,19,-0.12037788902660207,0.031312176262284552,-0.014370651366673037,0.86028000000000004,0.0010957307697580495
full_l1,100000,656460,1,100,20,0.30356386003999503,0.0052776260942095643,-0.49031772076561464,0.42798999999999998,0.0015646646054143646
full_l1,100000,656460,1,100,21,0.1016340424515132,0.032029703862043624,0.29670873495046535,0.90652999999999995,0.00091490589011756585
full_l1,100000,656460,1,100,22,-0.0076034324006262199,-0.013086063791807323,0.1315825754842106,0.99099999999999999,0.0003013772270470658
full_l1,100000,656460,1,100,23,0.03288510413538126,0.01704898601369953,-0.33011558497462201,0.95926999999999996,0.00062311542746135043
full_l1,100000,656460,1,100,24,0.035860246407311225,-0.0032393595741813108,0.49606649255134272,0.96462999999999999,0.00058206196331641626
full_l1,100000,656460,1,100,25,0.030799185667501838,0.0070571588541668007,0.068840650089001754,0.98994000000000004,0.00030996474704942512
full_l1,100000,656460,1,100,26,-0.056248360657610519,-0.0094980376567386227,0.46661258467310462,0.94023000000000001,0.00074273507418093365
full_l1,100000,656460,1,100,27,0.0084011370446044342,-0.030294859040554289,-0.27446679046096478,0.98226999999999998,0.00042085031886053575
full_l1,100000,656460,1,100,28,-0.03382465827154868,-0.013273899370057851,-0.22971709495757375,0.98343000000000003,0.00040141613114245435
full_l1,100000,656460,1,100,29,-0.47295893852251214,0.4891277666463929,0.47762485932505094,0.035490000000000022,0.00056837740478565227
full_l1,100000,656460,1,100,30,-0.00058094234574834758,-0.0098717742699798716,-0.10565758139036441,0.99829000000000001,0.00013399657952052277
full_l1,100000,656460,1,100,31,0.038534792359206538,-0.033197164047289895,0.2472745826740308,0.92991000000000001,0.00080778277235963095
full_l1,100000,656460,1,100,32,-0.026943901040957341,0.040358166395869866,0.47490010556617324,0.96350999999999998,0.00059830948116113719
full_l1,100000,656460,1,100,33,0.0075216272036087162,0.0073657033329950217,0.35124381860164999,0.99251,0.00027392654093567122
full_l1,100000,656460,1,100,34,-0.026076424121740827,-0.001016599166602683,0.0082701358177490469,0.99346999999999996,0.00025394016836280056
full_l1,100000,656460,1,100,35,-0.024850489332067571,-0.0073263867202417732,-0.46453797159945909,0.97567999999999999,0.00049038754652614
full_l1,100000,656460,1,100,36,0.00091021847978511872,-0.010382657088380931,-0.31877068069434156,0.99200999999999995,0.0002793263405402994
full_l1,100000,656460,1,100,37,0.0083836120491405097,0.009390907829096129,0.22413275629195972,0.99634,0.00019028614053325088
full_l1,100000,656460,1,100,38,0.016525153279315585,-0.0074074233692142943,-0.22124750658421721,0.99353000000000002,0.00025841488260568726
full_l1,100000,656460,1,100,39,0.019363671105898428,-0.0022247002170074914,-0.052648244360040009,0.99594000000000005,0.00019858880782787179
full_l1,100000,656460,1,100,40,0.0007383689927948911,0.0095425801741979566,-0.030976280826188862,0.99580000000000002,0.00020939881703811456
full_l1,100000,656460,1,100,41,0.0031362496500311199,-0.0076881358111324793,0.0581510795921234,0.99790999999999996,0.00014698917317398569
full_l1,100000,656460,1,100,42,-0.031246360656191019,0.013871663154743308,0.29345960039553987,0.98599000000000003,0.00036955913696717528
full_l1,100000,656460,1,100,43,-0.014883030562118149,0.008496698485032983,-0.14879279362713094,0.98970000000000002,0.00031795795008888837
full_l1,100000,656460,1,100,44,0.015580376744547042,0.0074497349303408456,-0.11578556651061689,0.99250000000000005,0.00028394719681795012
full_l1,100000,656460,1,100,45,0.0092840212780240794,-0.0018124990316197298,0.048921103953607048,0.99909000000000003,9.7905338970373802e-05
full_l1,100000,656460,1,100,46,-0.011376147066637143,-0.019599893852726202,-0.053628547758714173,0.98992000000000002,0.00031070421516002822
full_l1,100000,656460,1,100,47,-8.3451803331024976e-05,0.0067149852179171354,0.015716104780772344,0.99827999999999995,0.00013230917447130562
full_l1,100000,656460,1,100,48,-0.0048059898039145565,0.023383389493589535,0.35467800908844493,0.98778999999999995,0.00035186745470474625
full_l1,100000,656460,1,100,49,-0.0052022978444994372,-0.0049901743923670416,0.015256078572798204,0.99914999999999998,8.5812770763645885e-05
full_l1,100000,656460,1,100,50,0.015807271381166998,-0.001283880098475354,0.1312913326175571,0.99622999999999995,0.00018826366432436956
full_l1,100000,656460,1,100,51,-0.0072179858118155416,-0.0040851864452995379,-0.16963799600459328,0.99683999999999995,0.0001794190829766321
full_l1,100000,656460,1,100,52,0.0075047081448442743,0.012288277079998133,0.10531673756924409,0.99580999999999997,0.00020246036261376574
full_l1,100000,656460,1,100,53,-0.0047683306378321078,0.00331875996473463,0.1227378899506324,0.999,9.3342484701986299e-05
full_l1,100000,656460,1,100,54,-0.010041020194166528,0.0082799019365105142,0.21340346242242547,0.99636000000000002,0.00018573593556875755
full_l1,100000,656460,1,100,55,0.0036517646194680342,-0.0012810601157331458,-0.030544878644189088,0.99946999999999997,6.0137698610033521e-05
full_l1,100000,656460,1,100,56,-0.00070036928654060304,-0.0002625873957193825,0.13672989124291757,0.99885999999999997,0.0001072051601810022
full_l1,100000,656460,1,100,57,0.00085369103772348076,0.0087746925795935127,0.1750025530161281,0.99792999999999998,0.00014630965580845595
full_l1,100000,656460,1,100,58,-0.0072840327052352549,3.2889998410556842e-05,0.19293812232192509,0.99714999999999998,0.00017384965135304462
full_l1,100000,656460,1,100,59,-0.0041090467143449771,-0.005871517554732586,-0.053824296557612783,0.99926000000000004,8.6602280647009899e-05
full_l1,100000,656460,1,100,60,-0.011173588780075017,-0.0054375756628357585,-0.13612652089173238,0.99714000000000003,0.00017025617292806488
full_l1,100000,656460,1,100,61,-0.0072217159262553121,0.0068195476083721118,-0.0085295680431889398,0.99726999999999999,0.00016414507104083536
full_l1,100000,656460,1,100,62,-0.0054696281201949137,0.0040269788032736287,0.26080690483061608,0.99565000000000003,0.00020345104297412399
full_l1,100000,656460,1,100,63,-0.011049412419454674,0.0081981298508644329,0.11986801662692992,0.99707000000000001,0.00016384021605745215
full_l1,100000,656460,1,100,64,-0.014827314457520169,-0.017000188066857991,-0.27468405240638671,0.99038000000000004,0.00030284381356752922
full_l1,100000,656460,1,100,65,-0.01337627749236181,0.0014259820180693161,0.11932286371166878,0.99790999999999996,0.00015078301044085899
full_l1,100000,656460,1,100,66,0.008642180070444816,-0.00038938868112037284,0.25735140969310955,0.99414000000000002,0.00024047106439359551
full_l1,100000,656460,1,100,67,-0.010996601354854807,0.00099111136317708848,-0.044890535376852725,0.99805999999999995,0.00013815155856483917
full_l1,100000,656460,1,100,68,-0.010223127612273064,-0.0030194873515674292,0.13267254742841628,0.99719000000000002,0.00016705187041024351
full_l1,100000,656460,1,100,69,0.0028985583136644788,-0.0048561402557731892,0.018904200013243555,0.99956999999999996,7.4399651028040292e-05
full_l1,100000,656460,1,100,70,0.016700114959956824,-0.010010670149574574,-0.022245970320437181,0.99539999999999995,0.0002167404903060267
full_l1,100000,656460,1,100,71,-0.024354420707852542,0.0031571502644995864,0.095643805911486579,0.99402999999999997,0.0002416683866181022
full_l1,100000,656460,1,100,72,0.0006738569117319404,-0.010247807804273812,-0.17019635359765428,0.99721000000000004,0.00016581672922763574
full_l1,100000,656460,1,100,73,0.019561096980959647,-0.0060835429551993059,-0.088592079603014851,0.99570999999999998,0.00021443337984740577
full_l1,100000,656460,1,100,74,-0.0095798821853847471,0.0086272620649940901,0.26678551211240631,0.99502000000000002,0.00021565064622262214
full_l1,100000,656460,1,100,75,-0.0028925306768980974,0.00049111175958094222,-0.21448670741216325,0.99329000000000001,0.00024747835863024381
full_l1,100000,656460,1,100,76,-0.011111440954258311,-0.010552379860586436,0.019163607034824004,0.99583999999999995,0.00020075620139290256
full_l1,100000,656460,1,100,77,-0.0033287050805494989,-0.0013117229859107571,-0.1229422010678527,0.99794000000000005,0.00014266461375679238
full_l1,100000,656460,1,100,78,0.015383012167998533,-0.0064358547053460224,-0.15966835398908041,0.99572000000000005,0.00021249422292714476
full_l1,100000,656460,1,100,79,0.014882443583668525,0.0071272081111863894,0.024224090179737257,0.99639999999999995,0.00019477247493729306
full_l1,100000,656460,1,100,80,0.006011491392005297,-0.0025927943395067654,0.048366407726830873,0.99933000000000005,7.7112494154151507e-05
full_l1,100000,656460,1,100,81,-0.011583567854024812,0.0015237270969403749,-0.11970203409783653,0.99590999999999996,0.00020017695202160813
full_l1,100000,656460,1,100,82,0.0062304073376502345,0.001217990232060373,0.23280307923725529,0.99626999999999999,0.00019699424233667699
full_l1,100000,656460,1,100,83,-0.0014520493050098615,-0.0067651187621844411,-0.00087159400331926484,0.99907000000000001,9.3583109729806487e-05
full_l1,100000,656460,1,100,84,0.007431651627134217,-0.0038024169836670119,-0.030426305908646478,0.99916000000000005,8.7622297171820282e-05
full_l1,100000,656460,1,100,85,-0.011742705416672328,0.0089781806201962855,0.10391090629267197,0.99677000000000004,0.00017680766754756696
full_l1,100000,656460,1,100,86,0.0073800723923733713,0.011162248068388836,0.1820585651546871,0.99682999999999999,0.00018667456397263106
full_l1,100000,656460,1,100,87,0.020832017090276267,0.0042847585698464474,0.11841562619996893,0.99512999999999996,0.00021381193199426722
full_l1,100000,656460,1,100,88,0.011875366743723692,-0.016667657829289251,-0.23311188472033861,0.99231999999999998,0.0002721251046122278
full_l1,100000,656460,1,100,89,-0.017283672746585932,0.0082552713256351939,0.048996616836361806,0.99558000000000002,0.00021569190263177369
full_l1,100000,656460,1,100,90,0.0040974245928904196,-0.011862031263685013,0.025004352926817575,0.99597999999999998,0.00019929028578597033
full_l1,100000,656460,1,100,91,0.0048543760974424366,0.00083858985551499288,-0.088467352259053555,0.99817999999999996,0.00013589041298490824
full_l1,100000,656460,1,100,92,0.018182212000000808,0.0079602605951738514,0.17982988507985764,0.99516000000000004,0.00022050777859895817
full_l1,100000,656460,1,100,93,0.0077851190502153944,-0.0084850079731912942,-0.19434010747256769,0.99617999999999995,0.00019324512634395083
full_l1,100000,656460,1,100,94,-0.015442154840637823,0.0099984169685594093,-0.02754682353586424,0.99345000000000006,0.00025846514947521095
full_l1,100000,656460,1,100,95,0.0034620384326029541,-0.0039107177225365941,0.074913225108917958,0.99897999999999998,9.9896708054468417e-05
full_l1,100000,656460,1,100,96,0.0065704231472578645,0.0035122705129555509,0.030096722050791946,0.99927999999999995,9.4224991428781707e-05
full_l1,100000,656460,1,100,97,-0.0030116634881658388,0.00059336072609594837,0.0037279756378452156,0.99983999999999995,4.7791692242350217e-05
full_l1,100000,656460,1,100,98,-0.0066131564041649327,-0.012510960335715637,-0.081069634296687676,0.99668000000000001,0.00017899528420165328
full_l1,100000,656460,1,100,99,0.0090231496171120362,0.012685514583785862,0.05724639210621385,0.99497999999999998,0.00022824745051157542
full_l1,100000,656460,1,100,100,0.024379374394033482,-0.0059707173116885226,0.011700710034848516,0.99348000000000003,0.00025207585048698855
full_l1,100000,656460,1,100,101,-0.0025384586561647549,0.0070028521967488988,0.23212890147144227,0.99697999999999998,0.00017014924638827881
full_l1,100000,656460,1,100,102,0.011563319157107177,-0.018998943335883922,-0.18988873735520984,0.99192000000000002,0.00028451885575034725
full_l1,100000,656460,1,100,103,-0.010917788020448516,0.0058916900375058923,0.20479327219718835,0.99678999999999995,0.00017867063247300907
full_l1,100000,656460,1,100,104,0.0038407039560730549,-0.013504322145894587,-0.14637191284293549,0.99672000000000005,0.00018865496984133562
full_l1,100000,656460,1,100,105,-0.010782669423102798,-0.014341188801932025,-0.19679535125794878,0.99480000000000002,0.00023425083387223708
full_l1,100000,656460,1,100,106,-0.013282057182232077,-0.0088337805953593307,-0.011012282810663132,0.99665999999999999,0.00018030473763712917
full_l1,100000,656460,1,100,107,-0.019203267058341522,0.0084198603886918022,0.11279856180141956,0.99517999999999995,0.00022204382579757236
full_l1,100000,656460,1,100,108,-0.00045485149025492611,0.0084143645446330684,0.085240527881882189,0.99821000000000004,0.00013298132684293117
full_l1,100000,656460,1,100,109,-0.0010759464675480501,-0.0056770014088372012,0.10490502756016817,0.99785000000000001,0.00014829441432693107
full_l1,100000,656460,1,100,110,-0.012637174619134273,0.0022023071776466896,0.13133151694653544,0.99778999999999995,0.00014927228608773777
full_l1,100000,656460,1,100,111,0.0021851540248201129,0.0037994704118318179,0.038823751016671793,0.99946000000000002,7.4132094897728457e-05
full_l1,100000,656460,1,100,112,0.012650250068434232,0.0045105527568709558,-0.045169921948827074,0.99646999999999997,0.00018471654746156474
full_l1,100000,696535,2,10,1,0.12499999999999989,-0.20833333333333331,-0.45833333333333331,0.42154000000000003,0.001561585355222449
full_l1,100000,696535,2,10,2,0.20833333333333326,0.37499999999999989,0.29166666666666663,0.45318000000000003,0.001573717831038693
full_l1,100000,696535,2,10,3,-0.45833333333333331,-0.041666666666666685,0.20833333333333326,0.32475999999999994,0.0014824390965203881
full_l1,100000,696535,2,10,4,0.29166666666666663,0.04166666666666663,-0.375,0.46599000000000002,0.0015775410571354381
full_l1,100000,696535,2,10,5,-0.375,0.12499999999999989,-0.20833333333333331,0.31357999999999997,0.0014652726804062724
full_l1,100000,696535,2,10,6,0.04166666666666663,-0.375,0.37499999999999989,0.38327,0.0015374936802314001
full_l1,100000,696535,2,10,7,-0.29166666666666669,0.45833333333333326,0.45833333333333326,0.26578999999999997,0.001397145861073249
full_l1,100000,696535,2,10,8,-0.125,-0.45833333333333331,-0.29166666666666669,0.39559000000000011,0.0015470157677845498
full_l1,100000,696535,2,10,9,-0.041666666666666685,0.20833333333333326,0.12499999999999989,0.56977,0.0015651017504202688
full_l1,100000,696535,2,10,10,0.37499999999999989,-0.29166666666666669,-0.125,0.29360999999999993,0.001444729410737412
full_l1,100000,696535,2,10,11,-0.20833333333333331,-0.125,-0.041666666666666685,0.38329999999999997,0.0015394677503454885
full_l1,100000,696535,2,10,12,0.45833333333333326,0.29166666666666663,0.04166666666666663,0.14020999999999995,0.0010948604867563202
full_l1,100000,696535,2,10,13,-0.0048932749720038693,0.46718858302682209,-0.39845732527707378,0.45518999999999998,0.0015740554790758634
full_l1,100000,696535,2,10,14,-0.071175644292048812,0.49443661002616368,0.46237670407471376,0.49858999999999998,0.0015811026460919935
full_l1,100000,696535,2,10,15,-0.069490425413409884,-0.011385102499393396,0.46345792962739107,0.92247999999999997,0.00084118111487206735
full_l1,100000,696535,2,10,16,-0.065118908217837168,-0.3107378630696811,0.42868442580614086,0.32088000000000005,0.0014793621701619424
full_l1,100000,696535,2,10,17,-0.096685353624516024,0.084199951911609672,0.49362918270158707,0.83345000000000002,0.0011780856987990626
full_l1,100000,696535,2,10,18,-0.069965504340859574,0.07226671995918954,0.46491544838758969,0.87848000000000004,0.0010255675326577706
full_l1,100000,696535,2,10,19,-0.075297817974325554,-0.016337951889405344,0.435932344772332,0.90764999999999996,0.00090957735848853948
full_l1,100000,696535,2,10,20,-0.073708848914621594,0.0065678085886409221,0.4191058821068796,0.94116999999999995,0.00073512279845055312
full_l1,100000,696535,2,10,21,-0.091192671596624253,0.10396735868115137,-0.15799233749796859,0.73773,0.001393604781496673
full_l1,100000,696535,2,10,22,-0.0021757520257374985,0.020696530197600094,0.2767155273776607,0.99045000000000005,0.00030450774821215665
full_l1,100000,696535,2,30,1,0.12499999999999989,-0.20833333333333331,-0.45833333333333331,0.42154000000000003,0.001561585355222449
full_l1,100000,696535,2,30,2,0.20833333333333326,0.37499999999999989,0.29166666666666663,0.45318000000000003,0.001573717831038693
full_l1,100000,696535,2,30,3,-0.45833333333333331,-0.041666666666666685,0.20833333333333326,0.32475999999999994,0.0014824390965203881
full_l1,100000,696535,2,30,4,0.29166666666666663,0.04166666666666663,-0.375,0.46599000000000002,0.0015775410571354381
full_l1,100000,696535,2,30,5,-0.375,0.12499999999999989,-0.20833333333333331,0.31357999999999997,0.0014652726804062724
full_l1,100000,696535,2,30,6,0.04166666666666663,-0.375,0.37499999999999989,0.38327,0.0015374936802314001
full_l1,100000,696535,2,30,7,-0.29166666666666669,0.45833333333333326,0.45833333333333326,0.26578999999999997,0.001397145861073249
full_l1,100000,696535,2,30,8,-0.125,-0.45833333333333331,-0.29166666666666669,0.39559000000000011,0.0015470157677845498
full_l1,100000,696535,2,30,9,-0.041666666666666685,0.20833333333333326,0.12499999999999989,0.56977,0.0015651017504202688
full_l1,100000,696535,2,30,10,0.37499999999999989,-0.29166666666666669,-0.125,0.29360999999999993,0.001444729410737412
full_l1,100000,696535,2,30,11,-0.20833333333333331,-0.125,-0.041666666666666685,0.38329999999999997,0.0015394677503454885
full_l1,100000,696535,2,30,12,0.45833333333333326,0.29166666666666663,0.04166666666666663,0.14020999999999995,0.0010948604867563202
full_l1,100000,696535,2,30,13,-0.0048932749720038693,0.46718858302682209,-0.39845732527707378,0.45518999999999998,0.0015740554790758634
full_l1,100000,696535,2,30,14,-0.071175644292048812,0.49443661002616368,0.46237670407471376,0.49858999999999998,0.0015811026460919935
full_l1,100000,696535,2,30,15,-0.069490425413409884,-0.011385102499393396,0.46345792962739107,0.92247999999999997,0.00084118111487206735
full_l1,100000,696535,2,30,16,-0.065118908217837168,-0.3107378630696811,0.42868442580614086,0.32088000000000005,0.0014793621701619424
full_l1,100000,696535,2,30,17,-0.096685353624516024,0.084199951911609672,0.49362918270158707,0.83345000000000002,0.0011780856987990626
full_l1,100000,696535,2,30,18,-0.069965504340859574,0.07226671995918954,0.46491544838758969,0.87848000000000004,0.0010255675326577706
full_l1,100000,696535,2,30,19,-0.075297817974325554,-0.016337951889405344,0.435932344772332,0.90764999999999996,0.00090957735848853948
full_l1,100000,696535,2,30,20,-0.073708848914621594,0.0065678085886409221,0.4191058821068796,0.94116999999999995,0.00073512279845055312
full_l1,100000,696535,2,30,21,-0.091192671596624253,0.10396735868115137,-0.15799233749796859,0.73773,0.001393604781496673
full_l1,100000,696535,2,30,22,-0.0021757520257374985,0.020696530197600094,0.2767155273776607,0.99045000000000005,0.00030450774821215665
full_l1,100000,696535,2,30,23,0.046805808747080846,0.013048030220132567,0.43704468276605968,0.97187999999999997,0.00052298863198473251
full_l1,100000,696535,2,30,24,0.014957402032572009,-0.0066703797656495478,0.10024134910563665,0.99534,0.0002162805710100707
full_l1,100000,696535,2,30,25,0.062527807396256518,0.031005094144412437,0.026842813879127458,0.94284999999999997,0.0007296425205632253
full_l1,100000,696535,2,30,26,-0.020685163508570747,0.015067221091394911,-0.097827557257772035,0.98475000000000001,0.00039175131785239249
full_l1,100000,696535,2,30,27,0.014822913129885373,-0.0024870110967523118,-0.28582201017688713,0.98977999999999999,0.00032226715971649751
full_l1,100000,696535,2,30,28,0.019188575125521856,0.040888917251032719,-0.48061563402448026,0.90203,0.00094099427293034522
full_l1,100000,696535,2,30,29,-0.024055654907896296,-0.020692332770319233,-0.18851899692569662,0.98602000000000001,0.00036905261958095667
full_l1,100000,696535,2,30,30,0.03092550090251045,-0.030350199094818509,-0.14132391993810289,0.96958,0.00054066091897809847
full_l1,100000,696535,2,30,31,-0.020080201039038403,-0.0085983166874181727,0.33923492030706481,0.98006000000000004,0.00044883716663846735
full_l1,100000,696535,2,30,32,0.0096731583507183583,0.0059590533808608903,-0.16393439897386664,0.99226999999999999,0.00027929555110363022
full_l1,100000,696535,2,30,33,-0.010511761236876804,-0.01252258088513436,-0.04296733299699973,0.99582000000000004,0.00020331033846461417
full_l1,100000,696535,2,30,34,-0.015102604674157361,0.018611761203346955,0.47296354649123229,0.98456999999999995,0.00038766101602726369
full_l1,100000,696535,2,30,35,-0.0017720906956817384,0.011533400230950841,0.055912039487976184,0.99658000000000002,0.00019393568565341738
full_l1,100000,696535,2,30,36,-0.012894064111304671,-0.010386480827872413,-0.46932271628446376,0.98101000000000005,0.00043350858159313317
full_l1,100000,696535,2,30,37,0.019644076676214706,-0.0066291690142343818,0.48603755164517071,0.96979000000000004,0.00054757438070530788
full_l1,100000,696535,2,30,38,-0.029767080182480532,0.010421504725134811,0.13827745153565485,0.98926999999999998,0.00031849051314984032
full_l1,100000,696535,2,30,39,0.014021692615647563,-0.020005680222699107,-0.31642227204951667,0.98809999999999998,0.00033885826868650597
full_l1,100000,696535,2,30,40,-0.020478721700060154,-0.010411471370945335,-0.32259671416730162,0.98631000000000002,0.00034824863462149734
full_l1,100000,696535,2,30,41,0.0095481176515352928,0.010677636880034536,0.13192266288441878,0.99646999999999997,0.00018508418593995472
full_l1,100000,696535,2,30,42,-0.0029267212693389055,-0.00052753722430254335,-0.024611223310029517,0.99968999999999997,5.7219447895466181e-05
full_l1,100000,696535,2,50,1,0.12499999999999989,-0.20833333333333331,-0.45833333333333331,0.42154000000000003,0.001561585355222449
full_l1,100000,696535,2,50,2,0.20833333333333326,0.37499999999999989,0.29166666666666663,0.45318000000000003,0.001573717831038693
full_l1,100000,696535,2,50,3,-0.45833333333333331,-0.041666666666666685,0.20833333333333326,0.32475999999999994,0.0014824390965203881
full_l1,100000,696535,2,50,4,0.29166666666666663,0.04166666666666663,-0.375,0.46599000000000002,0.0015775410571354381
full_l1,100000,696535,2,50,5,-0.375,0.12499999999999989,-0.20833333333333331,0.31357999999999997,0.0014652726804062724
full_l1,100000,696535,2,50,6,0.04166666666666663,-0.375,0.37499999999999989,0.38327,0.0015374936802314001
full_l1,100000,696535,2,50,7,-0.29166666666666669,0.45833333333333326,0.45833333333333326,0.26578999999999997,0.001397145861073249
full_l1,100000,696535,2,50,8,-0.125,-0.45833333333333331,-0.29166666666666669,0.39559000000000011,0.0015470157677845498
full_l1,100000,696535,2,50,9,-0.041666666666666685,0.20833333333333326,0.12499999999999989,0.56977,0.0015651017504202688
full_l1,100000,696535,2,50,10,0.37499999999999989,-0.29166666666666669,-0.125,0.29360999999999993,0.001444729410737412
full_l1,100000,696535,2,50,11,-0.20833333333333331,-0.125,-0.041666666666666685,0.38329999999999997,0.0015394677503454885
full_l1,100000,696535,2,50,12,0.45833333333333326,0.29166666666666663,0.04166666666666663,0.14020999999999995,0.0010948604867563202
full_l1,100000,696535,2,50,13,-0.0048932749720038693,0.46718858302682209,-0.39845732527707378,0.45518999999999998,0.0015740554790758634
full_l1,100000,696535,2,50,14,-0.071175644292048812,0.49443661002616368,0.46237670407471376,0.49858999999999998,0.0015811026460919935
full_l1,100000,696535,2,50,15,-0.069490425413409884,-0.011385102499393396,0.46345792962739107,0.92247999999999997,0.00084118111487206735
full_l1,100000,696535,2,50,16,-0.065118908217837168,-0.3107378630696811,0.42868442580614086,0.32088000000000005,0.0014793621701619424
full_l1,100000,696535,2,50,17,-0.096685353624516024,0.084199951911609672,0.49362918270158707,0.83345000000000002,0.0011780856987990626
full_l1,100000,696535,2,50,18,-0.069965504340859574,0.07226671995918954,0.46491544838758969,0.87848000000000004,0.0010255675326577706
full_l1,100000,696535,2,50,19,-0.075297817974325554,-0.016337951889405344,0.435932344772332,0.90764999999999996,0.00090957735848853948
full_l1,100000,696535,2,50,20,-0.073708848914621594,0.0065678085886409221,0.4191058821068796,0.94116999999999995,0.00073512279845055312
full_l1,100000,696535,2,50,21,-0.091192671596624253,0.10396735868115137,-0.15799233749796859,0.73773,0.001393604781496673
full_l1,100000,696535,2,50,22,-0.0021757520257374985,0.020696530197600094,0.2767155273776607,0.99045000000000005,0.00030450774821215665
full_l1,100000,696535,2,50,23,0.046805808747080846,0.013048030220132567,0.43704468276605968,0.97187999999999997,0.00052298863198473251
full_l1,100000,696535,2,50,24,0.014957402032572009,-0.0066703797656495478,0.10024134910563665,0.99534,0.0002162805710100707
full_l1,100000,696535,2,50,25,0.062527807396256518,0.031005094144412437,0.026842813879127458,0.94284999999999997,0.0007296425205632253
full_l1,100000,696535,2,50,26,-0.020685163508570747,0.015067221091394911,-0.097827557257772035,0.98475000000000001,0.00039175131785239249
full_l1,100000,696535,2,50,27,0.014822913129885373,-0.0024870110967523118,-0.28582201017688713,0.98977999999999999,0.00032226715971649751
full_l1,100000,696535,2,50,28,0.019188575125521856,0.040888917251032719,-0.48061563402448026,0.90203,0.00094099427293034522
full_l1,100000,696535,2,50,29,-0.024055654907896296,-0.020692332770319233,-0.18851899692569662,0.98602000000000001,0.00036905261958095667
full_l1,100000,696535,2,50,30,0.03092550090251045,-0.030350199094818509,-0.14132391993810289,0.96958,0.00054066091897809847
full_l1,100000,696535,2,50,31,-0.020080201039038403,-0.0085983166874181727,0.33923492030706481,0.98006000000000004,0.00044883716663846735
full_l1,100000,696535,2,50,32,0.0096731583507183583,0.0059590533808608903,-0.16393439897386664,0.99226999999999999,0.00027929555110363022
full_l1,100000,696535,2,50,33,-0.010511761236876804,-0.01252258088513436,-0.04296733299699973,0.99582000000000004,0.00020331033846461417
full_l1,100000,696535,2,50,34,-0.015102604674157361,0.018611761203346955,0.47296354649123229,0.98456999999999995,0.00038766101602726369
full_l1,100000,696535,2,50,35,-0.0017720906956817384,0.011533400230950841,0.055912039487976184,0.99658000000000002,0.00019393568565341738
full_l1,100000,696535,2,50,36,-0.012894064111304671,-0.010386480827872413,-0.46932271628446376,0.98101000000000005,0.00043350858159313317
full_l1,100000,696535,2,50,37,0.019644076676214706,-0.0066291690142343818,0.48603755164517071,0.96979000000000004,0.00054757438070530788
full_l1,100000,696535,2,50,38,-0.029767080182480532,0.010421504725134811,0.13827745153565485,0.98926999999999998,0.00031849051314984032
full_l1,100000,696535,2,50,39,0.014021692615647563,-0.020005680222699107,-0.31642227204951667,0.98809999999999998,0.00033885826868650597
full_l1,100000,696535,2,50,40,-0.020478721700060154,-0.010411471370945335,-0.32259671416730162,0.98631000000000002,0.00034824863462149734
full_l1,100000,696535,2,50,41,0.0095481176515352928,0.010677636880034536,0.13192266288441878,0.99646999999999997,0.00018508418593995472
full_l1,100000,696535,2,50,42,-0.0029267212693389055,-0.00052753722430254335,-0.024611223310029517,0.99968999999999997,5.7219447895466181e-05
full_l1,100000,696535,2,50,43,0.015148014649434938,0.0023597760442182203,0.24196512725547548,0.99456999999999995,0.00023612717985594566
full_l1,100000,696535,2,50,44,0.020656994511148774,0.0027487440043061362,-0.03268331568974836,0.99507000000000001,0.00022237661722774056
full_l1,100000,696535,2,50,45,-0.026270197402691764,-0.0074256283427855951,-0.015682575038538982,0.99228000000000005,0.00027725768830287622
full_l1,100000,696535,2,50,46,-0.00901526876929859,-0.0071747066223133427,-0.13982107825516743,0.99721000000000004,0.00016050601294710981
full_l1,100000,696535,2,50,47,0.015900121952808322,0.015926057329579191,0.29340987156768517,0.99136000000000002,0.00029406825663757727
full_l1,100000,696535,2,50,48,0.025180296847874706,0.0080207220922641209,0.096612842857909609,0.99282000000000004,0.00026638923351845719
full_l1,100000,696535,2,50,49,-0.016448244570838266,-0.003954627799253041,0.094809741396127523,0.99619999999999997,0.00019566172550337552
full_l1,100000,696535,2,50,50,-0.0031303377735807381,-0.0051441386905055619,0.091611352600135199,0.99829999999999997,0.00013151067785662621
full_l1,100000,696535,2,50,51,0.001837740926126985,-0.0023003039431925831,0.027256865487568227,0.99985999999999997,3.416289593925119e-05
full_l1,100000,696535,2,50,52,-0.013197269957790025,0.017835040483859421,0.19350097766880059,0.99136000000000002,0.00028667572027074248
full_l1,100000,696535,2,50,53,0.00023317058060445817,0.0037447374201631245,0.33762276765658528,0.99278,0.00026958935716085659
full_l1,100000,696535,2,50,54,0.0075938671718827067,-0.0035985462253436129,-0.099117272158256498,0.99831999999999999,0.00012571835504399001
full_l1,100000,696535,2,50,55,0.011157981205548895,-0.0024229865523184291,0.15500053330813479,0.99661999999999995,0.00018311706195632614
full_l1,100000,696535,2,50,56,-0.0093256727978401344,-0.0018154602742206372,0.20907828022434827,0.99556999999999995,0.00021365244176041803
full_l1,100000,696535,2,50,57,0.010249509941260948,0.0027428972254603945,0.033931481803440411,0.99878,0.00011269841209590204
full_l1,100000,696535,2,50,58,0.0029311931852611384,-0.010234349690141364,-0.024942232139481213,0.99790999999999996,0.00014556993445902797
full_l1,100000,696535,2,50,59,0.0026613064591085589,-0.01088769559026459,-0.14270022862139586,0.99716000000000005,0.00015888371285011023
full_l1,100000,696535,2,50,60,0.015709730685747214,-0.01078411430356363,-0.18641679637142383,0.99416000000000004,0.00023772671856421687
full_l1,100000,696535,2,50,61,-0.0065864552687431299,0.0019121418427421322,0.23452065222817708,0.99629000000000001,0.00019470091270926178
full_l1,100000,696535,2,50,62,0.018736840514248065,-0.0073043945987592007,0.0053734514494907515,0.99551999999999996,0.00021156190088984669
full_l1,100000,696535,2,100,1,0.12499999999999989,-0.20833333333333331,-0.45833333333333331,0.42154000000000003,0.001561585355222449
full_l1,100000,696535,2,100,2,0.20833333333333326,0.37499999999999989,0.29166666666666663,0.45318000000000003,0.001573717831038693
full_l1,100000,696535,2,100,3,-0.45833333333333331,-0.041666666666666685,0.20833333333333326,0.32475999999999994,0.0014824390965203881
full_l1,100000,696535,2,100,4,0.29166666666666663,0.04166666666666663,-0.375,0.46599000000000002,0.0015775410571354381
full_l1,100000,696535,2,100,5,-0.375,0.12499999999999989,-0.20833333333333331,0.31357999999999997,0.0014652726804062724
full_l1,100000,696535,2,100,6,0.04166666666666663,-0.375,0.37499999999999989,0.38327,0.0015374936802314001
full_l1,100000,696535,2,100,7,-0.29166666666666669,0.45833333333333326,0.45833333333333326,0.26578999999999997,0.001397145861073249
full_l1,100000,696535,2,100,8,-0.125,-0.45833333333333331,-0.29166666666666669,0.39559000000000011,0.0015470157677845498
full_l1,100000,696535,2,100,9,-0.041666666666666685,0.20833333333333326,0.12499999999999989,0.56977,0.0015651017504202688
full_l1,100000,696535,2,100,10,0.37499999999999989,-0.29166666666666669,-0.125,0.29360999999999993,0.001444729410737412
full_l1,100000,696535,2,100,11,-0.20833333333333331,-0.125,-0.041666666666666685,0.38329999999999997,0.0015394677503454885
full_l1,100000,696535,2,100,12,0.45833333333333326,0.29166666666666663,0.04166666666666663,0.14020999999999995,0.0010948604867563202
full_l1,100000,696535,2,100,13,-0.0048932749720038693,0.46718858302682209,-0.39845732527707378,0.45518999999999998,0.0015740554790758634
full_l1,100000,696535,2,100,14,-0.071175644292048812,0.49443661002616368,0.46237670407471376,0.49858999999999998,0.0015811026460919935
full_l1,100000,696535,2,100,15,-0.069490425413409884,-0.011385102499393396,0.46345792962739107,0.92247999999999997,0.00084118111487206735
full_l1,100000,696535,2,100,16,-0.065118908217837168,-0.3107378630696811,0.42868442580614086,0.32088000000000005,0.0014793621701619424
full_l1,100000,696535,2,100,17,-0.096685353624516024,0.084199951911609672,0.49362918270158707,0.83345000000000002,0.0011780856987990626
full_l1,100000,696535,2,100,18,-0.069965504340859574,0.07226671995918954,0.46491544838758969,0.87848000000000004,0.0010255675326577706
full_l1,100000,696535,2,100,19,-0.075297817974325554,-0.016337951889405344,0.435932344772332,0.90764999999999996,0.00090957735848853948
full_l1,100000,696535,2,100,20,-0.073708848914621594,0.0065678085886409221,0.4191058821068796,0.94116999999999995,0.00073512279845055312
full_l1,100000,696535,2,100,21,-0.091192671596624253,0.10396735868115137,-0.15799233749796859,0.73773,0.001393604781496673
full_l1,100000,696535,2,100,22,-0.0021757520257374985,0.020696530197600094,0.2767155273776607,0.99045000000000005,0.00030450774821215665
full_l1,100000,696535,2,100,23,0.046805808747080846,0.013048030220132567,0.43704468276605968,0.97187999999999997,0.00052298863198473251
full_l1,100000,696535,2,100,24,0.014957402032572009,-0.0066703797656495478,0.10024134910563665,0.99534,0.0002162805710100707
full_l1,100000,696535,2,100,25,0.062527807396256518,0.031005094144412437,0.026842813879127458,0.94284999999999997,0.0007296425205632253
full_l1,100000,696535,2,100,26,-0.020685163508570747,0.015067221091394911,-0.097827557257772035,0.98475000000000001,0.00039175131785239249
full_l1,100000,696535,2,100,27,0.014822913129885373,-0.0024870110967523118,-0.28582201017688713,0.98977999999999999,0.00032226715971649751
full_l1,100000,696535,2,100,28,0.019188575125521856,0.040888917251032719,-0.48061563402448026,0.90203,0.00094099427293034522
full_l1,100000,696535,2,100,29,-0.024055654907896296,-0.020692332770319233,-0.18851899692569662,0.98602000000000001,0.00036905261958095667
full_l1,100000,696535,2,100,30,0.03092550090251045,-0.030350199094818509,-0.14132391993810289,0.96958,0.00054066091897809847
full_l1,100000,696535,2,100,31,-0.020080201039038403,-0.0085983166874181727,0.33923492030706481,0.98006000000000004,0.00044883716663846735
full_l1,100000,696535,2,100,32,0.0096731583507183583,0.0059590533808608903,-0.16393439897386664,0.99226999999999999,0.00027929555110363022
full_l1,100000,696535,2,100,33,-0.010511761236876804,-0.01252258088513436,-0.04296733299699973,0.99582000000000004,0.00020331033846461417
full_l1,100000,696535,2,100,34,-0.015102604674157361,0.018611761203346955,0.47296354649123229,0.98456999999999995,0.00038766101602726369
full_l1,100000,696535,2,100,35,-0.0017720906956817384,0.011533400230950841,0.055912039487976184,0.99658000000000002,0.00019393568565341738
full_l1,100000,696535,2,100,36,-0.012894064111304671,-0.010386480827872413,-0.46932271628446376,0.98101000000000005,0.00043350858159313317
full_l1,100000,696535,2,100,37,0.019644076676214706,-0.0066291690142343818,0.48603755164517071,0.96979000000000004,0.00054757438070530788
full_l1,100000,696535,2,100,38,-0.029767080182480532,0.010421504725134811,0.13827745153565485,0.98926999999999998,0.00031849051314984032
full_l1,100000,696535,2,100,39,0.014021692615647563,-0.020005680222699107,-0.31642227204951667,0.98809999999999998,0.00033885826868650597
full_l1,100000,696535,2,100,40,-0.020478721700060154,-0.010411471370945335,-0.32259671416730162,0.98631000000000002,0.00034824863462149734
full_l1,100000,696535,2,100,41,0.0095481176515352928,0.010677636880034536,0.13192266288441878,0.99646999999999997,0.00018508418593995472
full_l1,100000,696535,2,100,42,-0.0029267212693389055,-0.00052753722430254335,-0.024611223310029517,0.99968999999999997,5.7219447895466181e-05
full_l1,100000,696535,2,100,43,0.015148014649434938,0.0023597760442182203,0.24196512725547548,0.99456999999999995,0.00023612717985594566
full_l1,100000,696535,2,100,44,0.020656994511148774,0.0027487440043061362,-0.03268331568974836,0.99507000000000001,0.00022237661722774056
full_l1,100000,696535,2,100,45,-0.026270197402691764,-0.0074256283427855951,-0.015682575038538982,0.99228000000000005,0.00027725768830287622
full_l1,100000,696535,2,100,46,-0.00901526876929859,-0.0071747066223133427,-0.13982107825516743,0.99721000000000004,0.00016050601294710981
full_l1,100000,696535,2,100,47,0.015900121952808322,0.015926057329579191,0.29340987156768517,0.99136000000000002,0.00029406825663757727
full_l1,100000,696535,2,100,48,0.025180296847874706,0.0080207220922641209,0.096612842857909609,0.99282000000000004,0.00026638923351845719
full_l1,100000,696535,2,100,49,-0.016448244570838266,-0.003954627799253041,0.094809741396127523,0.99619999999999997,0.00019566172550337552
full_l1,100000,696535,2,100,50,-0.0031303377735807381,-0.0051441386905055619,0.091611352600135199,0.99829999999999997,0.00013151067785662621
full_l1,100000,696535,2,100,51,0.001837740926126985,-0.0023003039431925831,0.027256865487568227,0.99985999999999997,3.416289593925119e-05
full_l1,100000,696535,2,100,52,-0.013197269957790025,0.017835040483859421,0.19350097766880059,0.99136000000000002,0.00028667572027074248
full_l1,100000,696535,2,100,53,0.00023317058060445817,0.0037447374201631245,0.33762276765658528,0.99278,0.00026958935716085659
full_l1,100000,696535,2,100,54,0.0075938671718827067,-0.0035985462253436129,-0.099117272158256498,0.99831999999999999,0.00012571835504399001
full_l1,100000,696535,2,100,55,0.011157981205548895,-0.0024229865523184291,0.15500053330813479,0.99661999999999995,0.00018311706195632614
full_l1,100000,696535,2,100,56,-0.0093256727978401344,-0.0018154602742206372,0.20907828022434827,0.99556999999999995,0.00021365244176041803
full_l1,100000,696535,2,100,57,0.010249509941260948,0.0027428972254603945,0.033931481803440411,0.99878,0.00011269841209590204
full_l1,100000,696535,2,100,58,0.0029311931852611384,-0.010234349690141364,-0.024942232139481213,0.99790999999999996,0.00014556993445902797
full_l1,100000,696535,2,100,59,0.0026613064591085589,-0.01088769559026459,-0.14270022862139586,0.99716000000000005,0.00015888371285011023
full_l1,100000,696535,2,100,60,0.015709730685747214,-0.01078411430356363,-0.18641679637142383,0.99416000000000004,0.00023772671856421687
full_l1,100000,696535,2,100,61,-0.0065864552687431299,0.0019121418427421322,0.23452065222817708,0.99629000000000001,0.00019470091270926178
full_l1,100000,696535,2,100,62,0.018736840514248065,-0.0073043945987592007,0.0053734514494907515,0.99551999999999996,0.00021156190088984669
full_l1,100000,696535,2,100,63,0.0048938342095623533,0.011899929549533006,-0.020368726197006026,0.99419000000000002,0.000245031419980266
full_l1,100000,696535,2,100,64,-0.013354803303209373,-0.0070109611655992943,-0.17116081838897679,0.99578999999999995,0.00020594000164188224
full_l1,100000,696535,2,100,65,0.016730218767802452,0.0062437266597394903,0.19059070087664143,0.99595,0.00020829521440180314
full_l1,100000,696535,2,100,66,-0.0046064099614469001,-0.012412219271346059,-0.23784773957572236,0.99497999999999998,0.00022250536262681382
full_l1,100000,696535,2,100,67,-0.0038163808817792688,-0.0051163798667139826,0.01906531736524153,0.99919999999999998,8.2291863444211233e-05
full_l1,100000,696535,2,100,68,-0.0059443019045442025,-0.011619871038676122,0.04210174987154236,0.99590999999999996,0.00020927313869917785
full_l1,100000,696535,2,100,69,0.011863014293157947,0.0022583833297533662,0.068135732528670889,0.99831000000000003,0.00012218440775099221
full_l1,100000,696535,2,100,70,-0.0083753117842260139,-0.0066856382704889583,-0.10588250483750361,0.99807000000000001,0.00013650289945441309
full_l1,100000,696535,2,100,71,-0.01665805071905857,-0.0064479359714804119,-0.035849470363653158,0.99675000000000002,0.00018302906964358417
full_l1,100000,696535,2,100,72,-0.0070066217867041924,0.0052557462476501282,0.021158761854869423,0.99861999999999995,0.00012392710175576958
full_l1,100000,696535,2,100,73,-0.012495490132577558,-0.0056046513308825041,0.056402753241797665,0.99728000000000006,0.00016229802540871944
full_l1,100000,696535,2,100,74,0.019114192808175723,0.0015447358391986743,-0.06290337989277428,0.99551999999999996,0.00021520577728636512
full_l1,100000,696535,2,100,75,-0.0049247783462773587,0.0043082798361364638,0.16151110754956233,0.99861,0.00012105545392563448
full_l1,100000,696535,2,100,76,-0.016094516570552164,0.0029366355241811082,0.025171535266601763,0.99695,0.00016694820379877811
full_l1,100000,696535,2,100,77,0.0052412270747539402,-0.0058122628014856126,-0.046248000649868226,0.99917999999999996,9.0273782733433754e-05
full_l1,100000,696535,2,100,78,0.015038972986732402,-0.002207071783963066,-0.021258850533931284,0.99758000000000002,0.00015047724831209329
full_l1,100000,696535,2,100,79,0.010306282587203341,0.0097743316494256494,0.058095744070624455,0.99636999999999998,0.00019010223121083416
full_l1,100000,696535,2,100,80,-0.0076455357239975097,-0.01105297059009791,-0.0044385749014486109,0.99697000000000002,0.00018107272550755741
full_l1,100000,696535,2,100,81,-0.0086403482358501371,-0.01043438524785878,-0.032201920508171611,0.99689000000000005,0.00016686493669527529
full_l1,100000,696535,2,100,82,-0.014389988265949505,-0.013953929716914004,-0.14266916727179679,0.99444999999999995,0.00023703158800424939
full_l1,100000,696535,2,100,83,0.0042962453839052728,0.001872402627158154,-0.071512883819460527,0.99795999999999996,0.00013121106497132633
full_l1,100000,696535,2,100,84,0.0041765147567518479,-0.010259582847721216,-0.054317793410609161,0.99797000000000002,0.00014227576468754969
full_l1,100000,696535,2,100,85,0.0066320894952887066,0.00057713519824176274,0.034851935325813432,0.99961999999999995,6.6781191908711195e-05
full_l1,100000,696535,2,100,86,0.0090279427433364035,0.0039861790103945527,0.20951669958153785,0.99695999999999996,0.00017356455244737056
full_l1,100000,696535,2,100,87,0.010135563740305775,-0.0053394367106058827,-0.068374361776305292,0.99843000000000004,0.00012732123842140801
full_l1,100000,696535,2,100,88,-0.01933023275071033,-0.0031930682983740688,-0.22330084719616394,0.99068999999999996,0.00029219403378937664
full_l1,100000,696535,2,100,89,0.0057135122323228593,0.0018384492574052835,-0.076652810608513589,0.99816000000000005,0.00014011597268686146
full_l1,100000,696535,2,100,90,0.0043611113482859842,-0.00044324411852758594,0.019915326909253128,0.99982000000000004,4.3010937432113993e-05
full_l1,100000,696535,2,100,91,0.0067569689931259447,0.0012703790222827749,-0.032823642815083431,0.99868000000000001,0.00010355053613476959
full_l1,100000,696535,2,100,92,0.0086629890889737826,-0.0044179952855980531,0.01203440507441611,0.99912999999999996,0.00010258837638437126
full_l1,100000,696535,2,100,93,0.0059925361950063927,0.018645545532405494,0.36295843317960674,0.98995999999999995,0.00031251201426952841
full_l1,100000,696535,2,100,94,-0.0023180960014894669,-0.0071165118200815503,0.071017637909127407,0.99766999999999995,0.00014529436796088197
full_l1,100000,696535,2,100,95,0.0069905432474208773,0.010590801574152708,0.13426025575732825,0.99702000000000002,0.00017373315613988013
full_l1,100000,696535,2,100,96,0.0092051354420459308,-0.0097929969572865261,0.035033722036316162,0.99646999999999997,0.00018839364597217847
full_l1,100000,696535,2,100,97,0.0068533071462744122,0.0041624002106361857,0.04798043481035541,0.99912000000000001,9.8778393759001515e-05
full_l1,100000,696535,2,100,98,-0.0076777298323162935,0.0011042642151373183,0.099254827167587489,0.99909000000000003,9.6523420057685017e-05
full_l1,100000,696535,2,100,99,0.0046336211232200775,0.0046532577695259647,0.14387407830916343,0.99878,0.0001099157636014956
full_l1,100000,696535,2,100,100,-0.014438841065514296,0.006609812052669195,0.20628658881145223,0.99590000000000001,0.00020122479615407521
full_l1,100000,696535,2,100,101,0.011605627452879075,-0.0083254756185870971,-0.22413670942417752,0.99426000000000003,0.00023199178955085723
full_l1,100000,696535,2,100,102,-0.0010470931267416717,-0.0084727122592764825,0.015839040504628699,0.99821000000000004,0.00013056492061337081
full_l1,100000,696535,2,100,103,-0.0026054899873586557,0.012649813968420132,0.18027357287281598,0.99636000000000002,0.00019240935722193508
full_l1,100000,696535,2,100,104,-0.015143476924766253,-0.013152582007474489,-0.15602209319862248,0.99448000000000003,0.00023706331566442535
full_l1,100000,696535,2,100,105,0.01895197956623984,-0.014862326941892157,-0.073914261171862172,0.99238000000000004,0.00027989691386445749
full_l1,100000,696535,2,100,106,-0.0059947447218318128,0.0023677485949544774,0.1618163782391675,0.99827999999999995,0.00012750253802492362
full_l1,100000,696535,2,100,107,0.032646314254586972,0.0023426776359549706,0.13281246085670317,0.98948000000000003,0.00031942869954301967
full_l1,100000,696535,2,100,108,0.0071239179891295912,-0.0081042000140358894,-0.032247128039535111,0.99829999999999997,0.00012733323565450899
full_l1,100000,696535,2,100,109,0.0068643003373927147,-0.0092216570342749105,-0.25272174760455135,0.99475000000000002,0.00023469002917040098
full_l1,100000,696535,2,100,110,-0.0042668957629956594,0.00069099986597342955,-0.12872558357763286,0.99729999999999996,0.0001699140940343171
full_l1,100000,696535,2,100,111,-0.0039995653222211214,0.0060380493156233506,0.19629184486961182,0.99785000000000001,0.00014550340572044526
full_l1,100000,696535,2,100,112,-0.0071808523500287436,-0.0068201198318187384,0.04767672056960226,0.99805999999999995,0.00014001938251892996
full_l1,100000,682041,3,10,1,-0.45833333333333331,-0.375,-0.45833333333333331,0.37725000000000009,0.0015342726511867499
full_l1,100000,682041,3,10,2,-0.375,0.04166666666666663,-0.20833333333333331,0.40504000000000007,0.00155241417086172
full_l1,100000,682041,3,10,3,0.45833333333333326,-0.29166666666666669,-0.041666666666666685,0.18988000000000005,0.0012380738194173091
full_l1,100000,682041,3,10,4,0.37499999999999989,-0.041666666666666685,-0.125,0.2849600000000001,0.0014302135495534796
full_l1,100000,682041,3,10,5,-0.29166666666666669,-0.45833333333333331,-0.29166666666666669,0.54452,0.001574406872012287
full_l1,100000,682041,3,10,6,0.04166666666666663,0.37499999999999989,0.29166666666666663,0.50259999999999994,0.0015811289629115138
full_l1,100000,682041,3,10,7,-0.125,-0.20833333333333331,0.37499999999999989,0.22381000000000006,0.0013168082390742103
full_l1,100000,682041,3,10,8,0.29166666666666663,0.20833333333333326,0.12499999999999989,0.46445000000000003,0.001578038307022469
full_l1,100000,682041,3,10,9,0.20833333333333326,-0.125,0.20833333333333326,0.39287000000000005,0.0015438227160805029
full_l1,100000,682041,3,10,10,0.12499999999999989,0.29166666666666663,0.45833333333333326,0.57140000000000002,0.0015650191155372397
full_l1,100000,682041,3,10,11,-0.041666666666666685,0.45833333333333326,-0.375,0.44786999999999999,0.0015732085029819211
full_l1,100000,682041,3,10,12,-0.20833333333333331,0.12499999999999989,0.04166666666666663,0.56659999999999999,0.0015673513559751589
full_l1,100000,682041,3,10,13,-0.049117477755199035,0.21428469109894555,0.45597205639371308,0.58087999999999995,0.0015605599311847513
full_l1,100000,682041,3,10,14,-0.17975367288322452,0.24744255308677454,-0.45252473061350429,0.37037000000000009,0.001524908580832365
full_l1,100000,682041,3,10,15,-0.044201489405711669,0.11027592066400982,0.22891919959661933,0.78491,0.0012991306800129809
full_l1,100000,682041,3,10,16,0.020545135150171534,0.07412289734262445,0.41389810264078353,0.89751999999999998,0.00095967249332356468
full_l1,100000,682041,3,10,17,-0.025604241870267774,0.044684606832942064,0.48857522016822852,0.95860000000000001,0.00064205221705686201
full_l1,100000,682041,3,10,18,-0.017076572549895586,0.010006275557950861,0.080990179464644596,0.99490999999999996,0.00022522623624882947
full_l1,100000,682041,3,10,19,-0.0091380992460889932,0.04042519175914383,-0.3467896820586378,0.92171999999999998,0.00084763221221054728
full_l1,100000,682041,3,10,20,0.0232758399042714,0.011609717435774769,0.46958072253342631,0.98292000000000002,0.00041035183126759175
full_l1,100000,682041,3,10,21,0.048371787727105264,0.0058699769654346756,-0.04463996718488894,0.97751999999999994,0.00047738288126205426
full_l1,100000,682041,3,10,22,0.016190816618002923,0.035822147840469665,0.128118900042685,0.96665000000000001,0.00056211151510745779
full_l1,100000,682041,3,30,1,-0.45833333333333331,-0.375,-0.45833333333333331,0.37725000000000009,0.0015342726511867499
full_l1,100000,682041,3,30,2,-0.375,0.04166666666666663,-0.20833333333333331,0.40504000000000007,0.00155241417086172
full_l1,100000,682041,3,30,3,0.45833333333333326,-0.29166666666666669,-0.041666666666666685,0.18988000000000005,0.0012380738194173091
full_l1,100000,682041,3,30,4,0.37499999999999989,-0.041666666666666685,-0.125,0.2849600000000001,0.0014302135495534796
full_l1,100000,682041,3,30,5,-0.29166666666666669,-0.45833333333333331,-0.29166666666666669,0.54452,0.001574406872012287
full_l1,100000,682041,3,30,6,0.04166666666666663,0.37499999999999989,0.29166666666666663,0.50259999999999994,0.0015811289629115138
full_l1,100000,682041,3,30,7,-0.125,-0.20833333333333331,0.37499999999999989,0.22381000000000006,0.0013168082390742103
full_l1,100000,682041,3,30,8,0.29166666666666663,0.20833333333333326,0.12499999999999989,0.46445000000000003,0.001578038307022469
full_l1,100000,682041,3,30,9,0.20833333333333326,-0.125,0.20833333333333326,0.39287000000000005,0.0015438227160805029
full_l1,100000,682041,3,30,10,0.12499999999999989,0.29166666666666663,0.45833333333333326,0.57140000000000002,0.0015650191155372397
full_l1,100000,682041,3,30,11,-0.041666666666666685,0.45833333333333326,-0.375,0.44786999999999999,0.0015732085029819211
full_l1,100000,682041,3,30,12,-0.20833333333333331,0.12499999999999989,0.04166666666666663,0.56659999999999999,0.0015673513559751589
full_l1,100000,682041,3,30,13,-0.049117477755199035,0.21428469109894555,0.45597205639371308,0.58087999999999995,0.0015605599311847513
full_l1,100000,682041,3,30,14,-0.17975367288322452,0.24744255308677454,-0.45252473061350429,0.37037000000000009,0.001524908580832365
full_l1,100000,682041,3,30,15,-0.044201489405711669,0.11027592066400982,0.22891919959661933,0.78491,0.0012991306800129809
full_l1,100000,682041,3,30,16,0.020545135150171534,0.07412289734262445,0.41389810264078353,0.89751999999999998,0.00095967249332356468
full_l1,100000,682041,3,30,17,-0.025604241870267774,0.044684606832942064,0.48857522016822852,0.95860000000000001,0.00064205221705686201
full_l1,100000,682041,3,30,18,-0.017076572549895586,0.010006275557950861,0.080990179464644596,0.99490999999999996,0.00022522623624882947
full_l1,100000,682041,3,30,19,-0.0091380992460889932,0.04042519175914383,-0.3467896820586378,0.92171999999999998,0.00084763221221054728
full_l1,100000,682041,3,30,20,0.0232758399042714,0.011609717435774769,0.46958072253342631,0.98292000000000002,0.00041035183126759175
full_l1,100000,682041,3,30,21,0.048371787727105264,0.0058699769654346756,-0.04463996718488894,0.97751999999999994,0.00047738288126205426
full_l1,100000,682041,3,30,22,0.016190816618002923,0.035822147840469665,0.128118900042685,0.96665000000000001,0.00056211151510745779
full_l1,100000,682041,3,30,23,-0.015370332241116058,-0.013643223736616417,-0.31633999109063105,0.99006000000000005,0.00031643291271942349
full_l1,100000,682041,3,30,24,-0.032341564421950464,-0.02492656435677798,0.2249239548890507,0.95809,0.00064306308564423089
full_l1,100000,682041,3,30,25,0.029091721939401793,-0.015435765820644543,-0.4857646089647365,0.97374000000000005,0.00050553239846845165
full_l1,100000,682041,3,30,26,0.0057833462392766766,-0.0084644442377941331,-0.070633146968123395,0.99821000000000004,0.00012445313871451146
full_l1,100000,682041,3,30,27,0.49465484698013129,0.48162257157118815,0.47163782759124007,0.0044399999999999995,0.00019601839597554283
full_l1,100000,682041,3,30,28,-0.013548977646252958,0.0062752832720389673,0.35223252950694439,0.99092999999999998,0.00029691137387683527
full_l1,100000,682041,3,30,29,-0.49771968083145457,0.48722048909095927,0.10018305140705452,0.029390000000000027,0.00053486735132971289
full_l1,100000,682041,3,30,30,6.5673703516289095e-05,-0.050409672626932078,-0.47226115246558198,0.95342000000000005,0.00066414454676718359
full_l1,100000,682041,3,30,31,0.035096015100157363,-0.019949128499395341,0.20518949285555133,0.96565000000000001,0.00057715999376854656
full_l1,100000,682041,3,30,32,0.013051726180648648,-0.027190437732399486,-0.19877680067889969,0.98440000000000005,0.00039773201653205842
full_l1,100000,682041,3,30,33,0.0095934492095899326,-0.003426641456713897,-0.22373014040465056,0.99421999999999999,0.00023998111536257757
full_l1,100000,682041,3,30,34,-0.046488212303554155,-0.014804025289511635,-0.15566390064130831,0.97441999999999995,0.00050397924959265481
full_l1,100000,682041,3,30,35,-0.00091731957479490589,0.018797699134442736,0.26805104240584887,0.99212999999999996,0.00027986300764318501
full_l1,100000,682041,3,30,36,0.023330920622996354,-0.0057548923608170544,0.12309728516349749,0.99214000000000002,0.00027923948134604519
full_l1,100000,682041,3,30,37,-0.020564994360422695,-0.025555783278815136,-0.48845469085954263,0.97706999999999999,0.00047739902252566925
full_l1,100000,682041,3,30,38,-0.0065664278546111454,0.00024352590321297107,0.0099402196444497992,0.99944,6.9230171568050294e-05
full_l1,100000,682041,3,30,39,0.010103000393141937,0.011557407872816006,-0.041538460110052133,0.99321000000000004,0.000266499987520993
full_l1,100000,682041,3,30,40,0.022332796989843029,0.00027069486123432185,0.24684632222751923,0.99068000000000001,0.00029641913436100135
full_l1,100000,682041,3,30,41,-0.020542422069274258,-0.0040829775000263968,0.48351188683932245,0.97284000000000004,0.00051954560165073135
full_l1,100000,682041,3,30,42,-0.012733091893335935,3.6378791171687297e-05,-0.10778042843190394,0.99648999999999999,0.0001849792393230097
full_l1,100000,682041,3,50,1,-0.45833333333333331,-0.375,-0.45833333333333331,0.37725000000000009,0.0015342726511867499
full_l1,100000,682041,3,50,2,-0.375,0.04166666666666663,-0.20833333333333331,0.40504000000000007,0.00155241417086172
full_l1,100000,682041,3,50,3,0.45833333333333326,-0.29166666666666669,-0.041666666666666685,0.18988000000000005,0.0012380738194173091
full_l1,100000,682041,3,50,4,0.37499999999999989,-0.041666666666666685,-0.125,0.2849600000000001,0.0014302135495534796
full_l1,100000,682041,3,50,5,-0.29166666666666669,-0.45833333333333331,-0.29166666666666669,0.54452,0.001574406872012287
full_l1,100000,682041,3,50,6,0.04166666666666663,0.37499999999999989,0.29166666666666663,0.50259999999999994,0.0015811289629115138
full_l1,100000,682041,3,50,7,-0.125,-0.20833333333333331,0.37499999999999989,0.22381000000000006,0.0013168082390742103
full_l1,100000,682041,3,50,8,0.29166666666666663,0.20833333333333326,0.12499999999999989,0.46445000000000003,0.001578038307022469
full_l1,100000,682041,3,50,9,0.20833333333333326,-0.125,0.20833333333333326,0.39287000000000005,0.0015438227160805029
full_l1,100000,682041,3,50,10,0.12499999999999989,0.29166666666666663,0.45833333333333326,0.57140000000000002,0.0015650191155372397
full_l1,100000,682041,3,50,11,-0.041666666666666685,0.45833333333333326,-0.375,0.44786999999999999,0.0015732085029819211
full_l1,100000,682041,3,50,12,-0.20833333333333331,0.12499999999999989,0.04166666666666663,0.56659999999999999,0.0015673513559751589
full_l1,100000,682041,3,50,13,-0.049117477755199035,0.21428469109894555,0.45597205639371308,0.58087999999999995,0.0015605599311847513
full_l1,100000,682041,3,50,14,-0.17975367288322452,0.24744255308677454,-0.45252473061350429,0.37037000000000009,0.001524908580832365
full_l1,100000,682041,3,50,15,-0.044201489405711669,0.11027592066400982,0.22891919959661933,0.78491,0.0012991306800129809
full_l1,100000,682041,3,50,16,0.020545135150171534,0.07412289734262445,0.41389810264078353,0.89751999999999998,0.00095967249332356468
full_l1,100000,682041,3,50,17,-0.025604241870267774,0.044684606832942064,0.48857522016822852,0.95860000000000001,0.00064205221705686201
full_l1,100000,682041,3,50,18,-0.017076572549895586,0.010006275557950861,0.080990179464644596,0.99490999999999996,0.00022522623624882947
full_l1,100000,682041,3,50,19,-0.0091380992460889932,0.04042519175914383,-0.3467896820586378,0.92171999999999998,0.00084763221221054728
full_l1,100000,682041,3,50,20,0.0232758399042714,0.011609717435774769,0.46958072253342631,0.98292000000000002,0.00041035183126759175
full_l1,100000,682041,3,50,21,0.048371787727105264,0.0058699769654346756,-0.04463996718488894,0.97751999999999994,0.00047738288126205426
full_l1,100000,682041,3,50,22,0.016190816618002923,0.035822147840469665,0.128118900042685,0.96665000000000001,0.00056211151510745779
full_l1,100000,682041,3,50,23,-0.015370332241116058,-0.013643223736616417,-0.31633999109063105,0.99006000000000005,0.00031643291271942349
full_l1,100000,682041,3,50,24,-0.032341564421950464,-0.02492656435677798,0.2249239548890507,0.95809,0.00064306308564423089
full_l1,100000,682041,3,50,25,0.029091721939401793,-0.015435765820644543,-0.4857646089647365,0.97374000000000005,0.00050553239846845165
full_l1,100000,682041,3,50,26,0.0057833462392766766,-0.0084644442377941331,-0.070633146968123395,0.99821000000000004,0.00012445313871451146
full_l1,100000,682041,3,50,27,0.49465484698013129,0.48162257157118815,0.47163782759124007,0.0044399999999999995,0.00019601839597554283
full_l1,100000,682041,3,50,28,-0.013548977646252958,0.0062752832720389673,0.35223252950694439,0.99092999999999998,0.00029691137387683527
full_l1,100000,682041,3,50,29,-0.49771968083145457,0.48722048909095927,0.10018305140705452,0.029390000000000027,0.00053486735132971289
full_l1,100000,682041,3,50,30,6.5673703516289095e-05,-0.050409672626932078,-0.47226115246558198,0.95342000000000005,0.00066414454676718359
full_l1,100000,682041,3,50,31,0.035096015100157363,-0.019949128499395341,0.20518949285555133,0.96565000000000001,0.00057715999376854656
full_l1,100000,682041,3,50,32,0.013051726180648648,-0.027190437732399486,-0.19877680067889969,0.98440000000000005,0.00039773201653205842
full_l1,100000,682041,3,50,33,0.0095934492095899326,-0.003426641456713897,-0.22373014040465056,0.99421999999999999,0.00023998111536257757
full_l1,100000,682041,3,50,34,-0.046488212303554155,-0.014804025289511635,-0.15566390064130831,0.97441999999999995,0.00050397924959265481
full_l1,100000,682041,3,50,35,-0.00091731957479490589,0.018797699134442736,0.26805104240584887,0.99212999999999996,0.00027986300764318501
full_l1,100000,682041,3,50,36,0.023330920622996354,-0.0057548923608170544,0.12309728516349749,0.99214000000000002,0.00027923948134604519
full_l1,100000,682041,3,50,37,-0.020564994360422695,-0.025555783278815136,-0.48845469085954263,0.97706999999999999,0.00047739902252566925
full_l1,100000,682041,3,50,38,-0.0065664278546111454,0.00024352590321297107,0.0099402196444497992,0.99944,6.9230171568050294e-05
full_l1,100000,682041,3,50,39,0.010103000393141937,0.011557407872816006,-0.041538460110052133,0.99321000000000004,0.000266499987520993
full_l1,100000,682041,3,50,40,0.022332796989843029,0.00027069486123432185,0.24684632222751923,0.99068000000000001,0.00029641913436100135
full_l1,100000,682041,3,50,41,-0.020542422069274258,-0.0040829775000263968,0.48351188683932245,0.97284000000000004,0.00051954560165073135
full_l1,100000,682041,3,50,42,-0.012733091893335935,3.6378791171687297e-05,-0.10778042843190394,0.99648999999999999,0.0001849792393230097
full_l1,100000,682041,3,50,43,-0.01487266886441363,-0.010099083809900433,-0.20604014935449855,0.99446999999999997,0.00023966644800777474
full_l1,100000,682041,3,50,44,0.0017887585313314247,-0.010592017667787834,0.034536099093777972,0.99695,0.00017933890131189691
full_l1,100000,682041,3,50,45,0.015045000916740214,0.013203414930221591,0.13860441648263522,0.99412999999999996,0.00024252527864838922
full_l1,100000,682041,3,50,46,-0.016999236123111716,0.0028909140310851011,0.21818196313012672,0.99524999999999997,0.00022915584818483344
full_l1,100000,682041,3,50,47,-0.041004781551878811,0.013301556117333968,0.26135870769082947,0.98114999999999997,0.00043217789190804704
full_l1,100000,682041,3,50,48,-0.019320303149526374,0.012258661893890244,0.1968051375884845,0.99321000000000004,0.00025885589633299893
full_l1,100000,682041,3,50,49,0.0014735762935129681,0.0024459192774162197,0.19938947985580247,0.99773000000000001,0.00014878945832294438
full_l1,100000,682041,3,50,50,-0.015620212924636778,-0.0086873302356123006,0.14220550885933614,0.99239999999999995,0.00027435297840857628
full_l1,100000,682041,3,50,51,0.0017878668400537201,-0.0051019375473810857,-0.12682279484117176,0.99841000000000002,0.0001234206990564996
full_l1,100000,682041,3,50,52,-0.0093210919141717419,0.0013022408923573092,0.12649397850734023,0.99844999999999995,0.0001241554785390999
full_l1,100000,682041,3,50,53,-0.0051929433620616638,0.020642105503827723,0.44294844466920646,0.98646,0.00036186882329024522
full_l1,100000,682041,3,50,54,0.0094240509352008228,-0.0015920521194716653,0.042272814476567389,0.99907000000000001,9.5930495077248496e-05
full_l1,100000,682041,3,50,55,-0.0068763527413504555,0.006933384275634058,0.10922236243735339,0.99856,0.00012703562919404374
full_l1,100000,682041,3,50,56,0.013296517860868828,-0.024029664576146414,-0.34847169824857294,0.98597000000000001,0.00037878236216023407
full_l1,100000,682041,3,50,57,-0.016318280301764077,-0.016175621633525594,-0.035354527520847112,0.99141999999999997,0.0002887291986953894
full_l1,100000,682041,3,50,58,-0.010293812664939228,-0.013508570569260137,-0.1407334106708924,0.99567000000000005,0.00020965517064073028
full_l1,100000,682041,3,50,59,-0.007578994152008578,0.0033786039806960044,0.25342729784948825,0.99595999999999996,0.00020598062728567328
full_l1,100000,682041,3,50,60,0.0029793217385090109,0.0017638152572609922,0.28292017144260639,0.99461999999999995,0.00023356857824062384
full_l1,100000,682041,3,50,61,-0.014508181624403038,0.0058901711318244399,0.15187172829920303,0.99704999999999999,0.00017687444184158932
full_l1,100000,682041,3,50,62,0.0032533810213919434,0.004601641106389831,0.14087831353035107,0.99882000000000004,0.00010334674104949458
full_l1,100000,682041,3,100,1,-0.45833333333333331,-0.375,-0.45833333333333331,0.37725000000000009,0.0015342726511867499
full_l1,100000,682041,3,100,2,-0.375,0.04166666666666663,-0.20833333333333331,0.40504000000000007,0.00155241417086172
full_l1,100000,682041,3,100,3,0.45833333333333326,-0.29166666666666669,-0.041666666666666685,0.18988000000000005,0.0012380738194173091
full_l1,100000,682041,3,100,4,0.37499999999999989,-0.041666666666666685,-0.125,0.2849600000000001,0.0014302135495534796
full_l1,100000,682041,3,100,5,-0.29166666666666669,-0.45833333333333331,-0.29166666666666669,0.54452,0.001574406872012287
full_l1,100000,682041,3,100,6,0.04166666666666663,0.37499999999999989,0.29166666666666663,0.50259999999999994,0.0015811289629115138
full_l1,100000,682041,3,100,7,-0.125,-0.20833333333333331,0.37499999999999989,0.22381000000000006,0.0013168082390742103
full_l1,100000,682041,3,100,8,0.29166666666666663,0.20833333333333326,0.12499999999999989,0.46445000000000003,0.001578038307022469
full_l1,100000,682041,3,100,9,0.20833333333333326,-0.125,0.20833333333333326,0.39287000000000005,0.0015438227160805029
full_l1,100000,682041,3,100,10,0.12499999999999989,0.29166666666666663,0.45833333333333326,0.57140000000000002,0.0015650191155372397
full_l1,100000,682041,3,100,11,-0.041666666666666685,0.45833333333333326,-0.375,0.44786999999999999,0.0015732085029819211
full_l1,100000,682041,3,100,12,-0.20833333333333331,0.12499999999999989,0.04166666666666663,0.56659999999999999,0.0015673513559751589
full_l1,100000,682041,3,100,13,-0.049117477755199035,0.21428469109894555,0.45597205639371308,0.58087999999999995,0.0015605599311847513
full_l1,100000,682041,3,100,14,-0.17975367288322452,0.24744255308677454,-0.45252473061350429,0.37037000000000009,0.001524908580832365
full_l1,100000,682041,3,100,15,-0.044201489405711669,0.11027592066400982,0.22891919959661933,0.78491,0.0012991306800129809
full_l1,100000,682041,3,100,16,0.020545135150171534,0.07412289734262445,0.41389810264078353,0.89751999999999998,0.00095967249332356468
full_l1,100000,682041,3,100,17,-0.025604241870267774,0.044684606832942064,0.48857522016822852,0.95860000000000001,0.00064205221705686201
full_l1,100000,682041,3,100,18,-0.017076572549895586,0.010006275557950861,0.080990179464644596,0.99490999999999996,0.00022522623624882947
full_l1,100000,682041,3,100,19,-0.0091380992460889932,0.04042519175914383,-0.3467896820586378,0.92171999999999998,0.00084763221221054728
full_l1,100000,682041,3,100,20,0.0232758399042714,0.011609717435774769,0.46958072253342631,0.98292000000000002,0.00041035183126759175
full_l1,100000,682041,3,100,21,0.048371787727105264,0.0058699769654346756,-0.04463996718488894,0.97751999999999994,0.00047738288126205426
full_l1,100000,682041,3,100,22,0.016190816618002923,0.035822147840469665,0.128118900042685,0.96665000000000001,0.00056211151510745779
full_l1,100000,682041,3,100,23,-0.015370332241116058,-0.013643223736616417,-0.31633999109063105,0.99006000000000005,0.00031643291271942349
full_l1,100000,682041,3,100,24,-0.032341564421950464,-0.02492656435677798,0.2249239548890507,0.95809,0.00064306308564423089
full_l1,100000,682041,3,100,25,0.029091721939401793,-0.015435765820644543,-0.4857646089647365,0.97374000000000005,0.00050553239846845165
full_l1,100000,682041,3,100,26,0.0057833462392766766,-0.0084644442377941331,-0.070633146968123395,0.99821000000000004,0.00012445313871451146
full_l1,100000,682041,3,100,27,0.49465484698013129,0.48162257157118815,0.47163782759124007,0.0044399999999999995,0.00019601839597554283
full_l1,100000,682041,3,100,28,-0.013548977646252958,0.0062752832720389673,0.35223252950694439,0.99092999999999998,0.00029691137387683527
full_l1,100000,682041,3,100,29,-0.49771968083145457,0.48722048909095927,0.10018305140705452,0.029390000000000027,0.00053486735132971289
full_l1,100000,682041,3,100,30,6.5673703516289095e-05,-0.050409672626932078,-0.47226115246558198,0.95342000000000005,0.00066414454676718359
full_l1,100000,682041,3,100,31,0.035096015100157363,-0.019949128499395341,0.20518949285555133,0.96565000000000001,0.00057715999376854656
full_l1,100000,682041,3,100,32,0.013051726180648648,-0.027190437732399486,-0.19877680067889969,0.98440000000000005,0.00039773201653205842
full_l1,100000,682041,3,100,33,0.0095934492095899326,-0.003426641456713897,-0.22373014040465056,0.99421999999999999,0.00023998111536257757
full_l1,100000,682041,3,100,34,-0.046488212303554155,-0.014804025289511635,-0.15566390064130831,0.97441999999999995,0.00050397924959265481
full_l1,100000,682041,3,100,35,-0.00091731957479490589,0.018797699134442736,0.26805104240584887,0.99212999999999996,0.00027986300764318501
full_l1,100000,682041,3,100,36,0.023330920622996354,-0.0057548923608170544,0.12309728516349749,0.99214000000000002,0.00027923948134604519
full_l1,100000,682041,3,100,37,-0.020564994360422695,-0.025555783278815136,-0.48845469085954263,0.97706999999999999,0.00047739902252566925
full_l1,100000,682041,3,100,38,-0.0065664278546111454,0.00024352590321297107,0.0099402196444497992,0.99944,6.9230171568050294e-05
full_l1,100000,682041,3,100,39,0.010103000393141937,0.011557407872816006,-0.041538460110052133,0.99321000000000004,0.000266499987520993
full_l1,100000,682041,3,100,40,0.022332796989843029,0.00027069486123432185,0.24684632222751923,0.99068000000000001,0.00029641913436100135
full_l1,100000,682041,3,100,41,-0.020542422069274258,-0.0040829775000263968,0.48351188683932245,0.97284000000000004,0.00051954560165073135
full_l1,100000,682041,3,100,42,-0.012733091893335935,3.6378791171687297e-05,-0.10778042843190394,0.99648999999999999,0.0001849792393230097
full_l1,100000,682041,3,100,43,-0.01487266886441363,-0.010099083809900433,-0.20604014935449855,0.99446999999999997,0.00023966644800777474
full_l1,100000,682041,3,100,44,0.0017887585313314247,-0.010592017667787834,0.034536099093777972,0.99695,0.00017933890131189691
full_l1,100000,682041,3,100,45,0.015045000916740214,0.013203414930221591,0.13860441648263522,0.99412999999999996,0.00024252527864838922
full_l1,100000,682041,3,100,46,-0.016999236123111716,0.0028909140310851011,0.21818196313012672,0.99524999999999997,0.00022915584818483344
full_l1,100000,682041,3,100,47,-0.041004781551878811,0.013301556117333968,0.26135870769082947,0.98114999999999997,0.00043217789190804704
full_l1,100000,682041,3,100,48,-0.019320303149526374,0.012258661893890244,0.1968051375884845,0.99321000000000004,0.00025885589633299893
full_l1,100000,682041,3,100,49,0.0014735762935129681,0.0024459192774162197,0.19938947985580247,0.99773000000000001,0.00014878945832294438
full_l1,100000,682041,3,100,50,-0.015620212924636778,-0.0086873302356123006,0.14220550885933614,0.99239999999999995,0.00027435297840857628
full_l1,100000,682041,3,100,51,0.0017878668400537201,-0.0051019375473810857,-0.12682279484117176,0.99841000000000002,0.0001234206990564996
full_l1,100000,682041,3,100,52,-0.0093210919141717419,0.0013022408923573092,0.12649397850734023,0.99844999999999995,0.0001241554785390999
full_l1,100000,682041,3,100,53,-0.0051929433620616638,0.020642105503827723,0.44294844466920646,0.98646,0.00036186882329024522
full_l1,100000,682041,3,100,54,0.0094240509352008228,-0.0015920521194716653,0.042272814476567389,0.99907000000000001,9.5930495077248496e-05
full_l1,100000,682041,3,100,55,-0.0068763527413504555,0.006933384275634058,0.10922236243735339,0.99856,0.00012703562919404374
full_l1,100000,682041,3,100,56,0.013296517860868828,-0.024029664576146414,-0.34847169824857294,0.98597000000000001,0.00037878236216023407
full_l1,100000,682041,3,100,57,-0.016318280301764077,-0.016175621633525594,-0.035354527520847112,0.99141999999999997,0.0002887291986953894
full_l1,100000,682041,3,100,58,-0.010293812664939228,-0.013508570569260137,-0.1407334106708924,0.99567000000000005,0.00020965517064073028
full_l1,100000,682041,3,100,59,-0.007578994152008578,0.0033786039806960044,0.25342729784948825,0.99595999999999996,0.00020598062728567328
full_l1,100000,682041,3,100,60,0.0029793217385090109,0.0017638152572609922,0.28292017144260639,0.99461999999999995,0.00023356857824062384
full_l1,100000,682041,3,100,61,-0.014508181624403038,0.0058901711318244399,0.15187172829920303,0.99704999999999999,0.00017687444184158932
full_l1,100000,682041,3,100,62,0.0032533810213919434,0.004601641106389831,0.14087831353035107,0.99882000000000004,0.00010334674104949458
full_l1,100000,682041,3,100,63,-0.0053273820544179618,-0.0046404694533506152,0.10197774641210411,0.99819000000000002,0.00013917459540835651
full_l1,100000,682041,3,100,64,-0.022422612334832337,0.0051371871688496995,-0.057995560985953265,0.99294000000000004,0.00026746790017593902
full_l1,100000,682041,3,100,65,-0.0065768714417526741,-0.0075637511593054096,0.041910128291248405,0.99782000000000004,0.00014511065890996598
full_l1,100000,682041,3,100,66,0.0036039772625933164,0.0083238396803229087,0.27399553307849889,0.99570999999999998,0.00020444259088264692
full_l1,100000,682041,3,100,67,-0.0011203959813903541,0.0085007893686648295,-0.13765708295581613,0.99202999999999997,0.00027621743790834971
full_l1,100000,682041,3,100,68,0.006414860814479395,0.013888091033541272,0.24210955705980486,0.99448999999999999,0.00022703149150112868
full_l1,100000,682041,3,100,69,-0.00089672182269651124,0.01372581168391962,0.056492618851696541,0.99455000000000005,0.0002293531528913058
full_l1,100000,682041,3,100,70,0.030013504225805399,-0.0070406098067277156,-0.089755391805507179,0.99048999999999998,0.00031084619652879019
full_l1,100000,682041,3,100,71,0.013271212282738531,-0.0049097919064493567,-0.063881982108605184,0.99765000000000004,0.00014983668640456798
full_l1,100000,682041,3,100,72,-0.014327512330999603,-0.0039440122749294648,-0.035589007530396177,0.99773000000000001,0.00015011460735679574
full_l1,100000,682041,3,100,73,-0.011325140837930014,-0.0027101221748933035,-0.056431667846695621,0.99831000000000003,0.00012892269615462129
full_l1,100000,682041,3,100,74,0.022123128663215752,0.0041175725246107575,0.070213909098945093,0.99495,0.00022070319231642319
full_l1,100000,682041,3,100,75,0.0031395279801582632,-0.016755567973428809,-0.062606412895333641,0.99406000000000005,0.00024134158009546505
full_l1,100000,682041,3,100,76,0.009082068594532533,0.0066240045378433976,0.17718669912651674,0.99778,0.00015622302440748874
full_l1,100000,682041,3,100,77,-0.0067201402253307396,-0.00079626659825726698,-0.084992182134874694,0.99848000000000003,0.00012494880091118354
full_l1,100000,682041,3,100,78,0.0085280008514561079,-0.0073232972493442183,0.091075969286198211,0.99655000000000005,0.00018323322104943045
full_l1,100000,682041,3,100,79,0.026863928196975362,0.0071789992687034676,0.16911528043211366,0.99217,0.00028148416193753047
full_l1,100000,682041,3,100,80,0.010065695065881286,-0.0078225529844937469,-0.16724413652833237,0.99660000000000004,0.00018472994626631358
full_l1,100000,682041,3,100,81,-0.0054005201980682482,0.0025674828462796118,0.076702037353454156,0.99939,7.2823272837474256e-05
full_l1,100000,682041,3,100,82,-0.015564343648493351,0.00011898395554177377,0.1643126967255617,0.99631999999999998,0.00019830106314081811
full_l1,100000,682041,3,100,83,-0.0063166558410778784,-0.0053518019040104114,0.047147680025256156,0.99873999999999996,0.0001136687034747908
full_l1,100000,682041,3,100,84,-0.021475272866690265,0.0036412158057008703,0.037824117888754172,0.99585000000000001,0.00021702410057646289
full_l1,100000,682041,3,100,85,0.0076592266850652457,-0.005155442594602988,0.046232170507420678,0.99865999999999999,0.00011825163956506276
full_l1,100000,682041,3,100,86,-0.0044316782404938415,0.0041740587348297886,-0.063375013999658059,0.99760000000000004,0.00015563758448858346
full_l1,100000,682041,3,100,87,0.0012857442203524361,0.00087634483225151882,-0.098831487590654632,0.99817999999999996,0.00013847566338149564
full_l1,100000,682041,3,100,88,0.0057487984737751852,0.0035876256951754559,0.028698091733529996,0.99922,9.0743070822207035e-05
full_l1,100000,682041,3,100,89,-0.0085430360011140571,-0.0093605022885532296,-0.075203467378654132,0.99773000000000001,0.00014854148055915971
full_l1,100000,682041,3,100,90,0.018123857060690085,-0.012174562144641188,-0.26293152499238337,0.99175999999999997,0.00029694235114346269
full_l1,100000,682041,3,100,91,-0.012111831544354468,0.0023211271835492653,0.013315917419992829,0.99809000000000003,0.00013088681626965309
full_l1,100000,682041,3,100,92,-0.01437602387523107,-0.0082967181021760261,-0.081043886856042135,0.99699000000000004,0.0001800751398252338
full_l1,100000,682041,3,100,93,0.0056669320320488215,-0.00034224045309461104,-0.042758324109864354,0.99914000000000003,8.8595063029096199e-05
full_l1,100000,682041,3,100,94,-0.00081083567395556777,0.0055560315131653049,0.037298226427087577,0.99882000000000004,0.00010167874688627093
full_l1,100000,682041,3,100,95,0.019530005360881786,0.0047028150234109667,0.064725278596655889,0.99597999999999998,0.00020102458247698925
full_l1,100000,682041,3,100,96,-0.0028863002438932472,0.0035450647541168667,0.24010517724107672,0.99661999999999995,0.00018226611016894807
full_l1,100000,682041,3,100,97,0.004901971161248353,-0.012731322517004262,-0.17611605189314772,0.99638000000000004,0.00019281635742046666
full_l1,100000,682041,3,100,98,-0.013855458015412214,0.010120971916092181,0.1567376202021693,0.99570000000000003,0.00020192798331695146
full_l1,100000,682041,3,100,99,0.0032225997054562416,-0.0045412358955487786,0.15339337781276674,0.99719000000000002,0.00017800600208395074
full_l1,100000,682041,3,100,100,0.00849518483657552,-0.0059048951177722575,-0.04421080747184214,0.99887999999999999,0.00011213549468436371
full_l1,100000,682041,3,100,101,0.006649705712847398,-0.011673212255381982,-0.016726085448486971,0.99670000000000003,0.00018295757848681331
full_l1,100000,682041,3,100,102,-0.00094812828896406742,-0.0013595045257084326,-0.22631930254895827,0.99407999999999996,0.000239847676394758
full_l1,100000,682041,3,100,103,-0.02680095549009609,0.0014428207350736244,0.080306686239403735,0.99280999999999997,0.0002619455892405501
full_l1,100000,682041,3,100,104,0.0067796208605677144,-0.018680956104410562,-0.090762961401168019,0.99283999999999994,0.00027164279557301393
full_l1,100000,682041,3,100,105,-0.017152388692583509,-0.010981655014256297,0.016803691454551961,0.99414000000000002,0.00024319752999010783
full_l1,100000,682041,3,100,106,-0.015710445697134423,-0.0055781527943681297,0.080529423826387836,0.99634,0.00019835844729227048
full_l1,100000,682041,3,100,107,0.010287095955435088,0.010269627632673917,0.16545446422354004,0.99660000000000004,0.00018625830452251443
full_l1,100000,682041,3,100,108,0.0067017665512791869,-0.010535568765573933,-0.062098123437447361,0.99743999999999999,0.00015460567158008683
full_l1,100000,682041,3,100,109,0.011975380180935469,-0.0028880503130681578,0.063013602584969686,0.99826000000000004,0.00013433047915315237
full_l1,100000,682041,3,100,110,0.0041014006657591473,-0.005583031307328401,-0.11894175409167196,0.99856999999999996,0.00012229043387169153
full_l1,100000,682041,3,100,111,-0.0015659276691564195,-0.011808978458581976,-0.1163807054995849,0.99729000000000001,0.00015915462496350022
full_l1,100000,682041,3,100,112,-0.013517116937828533,0.0013028598980653339,-0.17003902224678891,0.99348999999999998,0.00024889273243545188
full_l1,100000,526,4,10,1,-0.041666666666666685,0.12499999999999989,-0.125,0.71387999999999996,0.0014273208347429537
full_l1,100000,526,4,10,2,-0.375,-0.375,-0.20833333333333331,0.49001000000000006,0.0015807568808402885
full_l1,100000,526,4,10,3,0.12499999999999989,0.04166666666666663,-0.45833333333333331,0.80101,0.0012598181723591033
full_l1,100000,526,4,10,4,-0.20833333333333331,-0.29166666666666669,0.45833333333333326,0.41066999999999998,0.0015563656140197468
full_l1,100000,526,4,10,5,-0.29166666666666669,-0.20833333333333331,0.29166666666666663,0.31001999999999996,0.0014636926795990265
full_l1,100000,526,4,10,6,-0.125,0.29166666666666663,0.12499999999999989,0.44476000000000004,0.0015706115001510991
full_l1,100000,526,4,10,7,-0.45833333333333331,-0.45833333333333331,-0.041666666666666685,0.40212000000000003,0.001550614914683193
full_l1,100000,526,4,10,8,0.29166666666666663,-0.041666666666666685,0.04166666666666663,0.43262,0.0015662105833497485
full_l1,100000,526,4,10,9,0.37499999999999989,-0.125,0.37499999999999989,0.28726000000000007,0.0014316972348062109
full_l1,100000,526,4,10,10,0.20833333333333326,0.37499999999999989,-0.375,0.38751000000000002,0.0015401543491489296
full_l1,100000,526,4,10,11,0.45833333333333326,0.45833333333333326,-0.29166666666666669,0.013700000000000045,0.00036347060888165458
full_l1,100000,526,4,10,12,0.04166666666666663,0.20833333333333326,0.20833333333333326,0.60929999999999995,0.0015421259660635081
full_l1,100000,526,4,10,13,0.00051416888523303506,-0.49121715337757066,-0.47638172678764312,0.42574000000000001,0.0015634044047737072
full_l1,100000,526,4,10,14,-0.0059618011725506292,0.038005566563229509,-0.49911157120850835,0.90934999999999999,0.00091183973929150801
full_l1,100000,526,4,10,15,0.0063068036992650622,0.23466115583910585,-0.48100609650520454,0.50941999999999998,0.0015807456132682989
full_l1,100000,526,4,10,16,0.011480243522289157,-0.088214943388733147,-0.33302084910520402,0.83404,0.0011776494519906318
full_l1,100000,526,4,10,17,-0.076487297671518073,-0.039372610149248422,-0.47032411280401565,0.90898000000000001,0.00090936510469673412
full_l1,100000,526,4,10,18,-0.026876181500042007,-0.019712266366718856,-0.47034349532839803,0.97568999999999995,0.00048271247677642519
full_l1,100000,526,4,10,19,-0.055584319390801662,-0.093846234884883861,-0.48859650546663369,0.80962000000000001,0.0012482053096392126
full_l1,100000,526,4,10,20,-0.49656355686612375,0.34741310277721382,-0.49891859951504469,0.062890000000000112,0.000766142531761612
full_l1,100000,526,4,10,21,-0.030145554102534167,-0.0035002721361507838,-0.39043605672931725,0.97711000000000003,0.00048097179142654074
full_l1,100000,526,4,10,22,0.0096474042744751909,-0.0204798843725984,-0.35802327911826248,0.98777000000000004,0.00034563841004967905
full_l1,100000,526,4,30,1,-0.041666666666666685,0.12499999999999989,-0.125,0.71387999999999996,0.0014273208347429537
full_l1,100000,526,4,30,2,-0.375,-0.375,-0.20833333333333331,0.49001000000000006,0.0015807568808402885
full_l1,100000,526,4,30,3,0.12499999999999989,0.04166666666666663,-0.45833333333333331,0.80101,0.0012598181723591033
full_l1,100000,526,4,30,4,-0.20833333333333331,-0.29166666666666669,0.45833333333333326,0.41066999999999998,0.0015563656140197468
full_l1,100000,526,4,30,5,-0.29166666666666669,-0.20833333333333331,0.29166666666666663,0.31001999999999996,0.0014636926795990265
full_l1,100000,526,4,30,6,-0.125,0.29166666666666663,0.12499999999999989,0.44476000000000004,0.0015706115001510991
full_l1,100000,526,4,30,7,-0.45833333333333331,-0.45833333333333331,-0.041666666666666685,0.40212000000000003,0.001550614914683193
full_l1,100000,526,4,30,8,0.29166666666666663,-0.041666666666666685,0.04166666666666663,0.43262,0.0015662105833497485
full_l1,100000,526,4,30,9,0.37499999999999989,-0.125,0.37499999999999989,0.28726000000000007,0.0014316972348062109
full_l1,100000,526,4,30,10,0.20833333333333326,0.37499999999999989,-0.375,0.38751000000000002,0.0015401543491489296
full_l1,100000,526,4,30,11,0.45833333333333326,0.45833333333333326,-0.29166666666666669,0.013700000000000045,0.00036347060888165458
full_l1,100000,526,4,30,12,0.04166666666666663,0.20833333333333326,0.20833333333333326,0.60929999999999995,0.0015421259660635081
full_l1,100000,526,4,30,13,0.00051416888523303506,-0.49121715337757066,-0.47638172678764312,0.42574000000000001,0.0015634044047737072
full_l1,100000,526,4,30,14,-0.0059618011725506292,0.038005566563229509,-0.49911157120850835,0.90934999999999999,0.00091183973929150801
full_l1,100000,526,4,30,15,0.0063068036992650622,0.23466115583910585,-0.48100609650520454,0.50941999999999998,0.0015807456132682989
full_l1,100000,526,4,30,16,0.011480243522289157,-0.088214943388733147,-0.33302084910520402,0.83404,0.0011776494519906318
full_l1,100000,526,4,30,17,-0.076487297671518073,-0.039372610149248422,-0.47032411280401565,0.90898000000000001,0.00090936510469673412
full_l1,100000,526,4,30,18,-0.026876181500042007,-0.019712266366718856,-0.47034349532839803,0.97568999999999995,0.00048271247677642519
full_l1,100000,526,4,30,19,-0.055584319390801662,-0.093846234884883861,-0.48859650546663369,0.80962000000000001,0.0012482053096392126
full_l1,100000,526,4,30,20,-0.49656355686612375,0.34741310277721382,-0.49891859951504469,0.062890000000000112,0.000766142531761612
full_l1,100000,526,4,30,21,-0.030145554102534167,-0.0035002721361507838,-0.39043605672931725,0.97711000000000003,0.00048097179142654074
full_l1,100000,526,4,30,22,0.0096474042744751909,-0.0204798843725984,-0.35802327911826248,0.98777000000000004,0.00034563841004967905
full_l1,100000,526,4,30,23,0.0033554049232433769,-0.0089151234004316571,-0.1293976456037873,0.99817,0.00013910692503197038
full_l1,100000,526,4,30,24,-0.0098003193967262092,-0.0019427450694005088,0.347109940971287,0.98807999999999996,0.00034231627745882545
full_l1,100000,526,4,30,25,-0.050248662167509339,-0.0079536913665547715,0.15479419353778656,0.97035000000000005,0.00053545487544142615
full_l1,100000,526,4,30,26,0.013158260726513493,0.0099318898585860627,0.16957439244635464,0.99568999999999996,0.00019883977269440672
full_l1,100000,526,4,30,27,-0.042881159212340814,0.043575269364365843,0.36637813409445519,0.95128000000000001,0.0006849813917430541
full_l1,100000,526,4,30,28,0.063200009486163111,0.01555027545602794,0.48485406035949707,0.95723000000000003,0.00064664210817315382
full_l1,100000,526,4,30,29,0.044698699363629357,-0.019621428025748955,0.070447513673143947,0.96708000000000005,0.00056587313053263098
full_l1,100000,526,4,30,30,-0.023740449402873676,0.01312982494162851,-0.11438108897719368,0.98536999999999997,0.00039276543956874598
full_l1,100000,526,4,30,31,0.027489856333900331,0.036657237406796606,0.4422807901623067,0.96679000000000004,0.00056360300084409419
full_l1,100000,526,4,30,32,-0.013405961855248671,-0.021721759658136275,-0.032711285051017613,0.98702000000000001,0.0003604219827095352
full_l1,100000,526,4,30,33,0.03373650116285476,0.01887984835783052,-0.0018906397401758923,0.97806999999999999,0.00045718112648082237
full_l1,100000,526,4,30,34,-0.0033456306852608364,-0.033492962277059224,0.46565199644240818,0.91374,0.00088731365800669528
full_l1,100000,526,4,30,35,-0.018784014506783464,0.013389693082913823,0.29250252364850216,0.99146000000000001,0.00028975823085701459
full_l1,100000,526,4,30,36,0.0084776434383633248,0.010693802795802565,0.044861237631564688,0.99605999999999995,0.00020091643288993314
full_l1,100000,526,4,30,37,0.017745031409386103,0.014386133964089387,0.27892861733812269,0.99109999999999998,0.00028673056984300212
full_l1,100000,526,4,30,38,0.016433681726045091,0.0067077295613851007,-0.16214565198119613,0.99019999999999997,0.00031361083621153218
full_l1,100000,526,4,30,39,-0.024592194443196824,-0.0094939032306786686,-0.18373851022321275,0.99100999999999995,0.00029860344004312123
full_l1,100000,526,4,30,40,-0.00045545563679572076,-0.010702530994175952,-0.016442706836899745,0.99778999999999995,0.00015358971642923054
full_l1,100000,526,4,30,41,-0.015666137384372503,0.0061250644666923648,0.039610314829614302,0.99658999999999998,0.00018498853403153706
full_l1,100000,526,4,30,42,-0.015283437861531191,-0.0048797199336811925,0.2112183130386549,0.99248999999999998,0.00027694159640736241
full_l1,100000,526,4,50,1,-0.041666666666666685,0.12499999999999989,-0.125,0.71387999999999996,0.0014273208347429537
full_l1,100000,526,4,50,2,-0.375,-0.375,-0.20833333333333331,0.49001000000000006,0.0015807568808402885
full_l1,100000,526,4,50,3,0.12499999999999989,0.04166666666666663,-0.45833333333333331,0.80101,0.0012598181723591033
full_l1,100000,526,4,50,4,-0.20833333333333331,-0.29166666666666669,0.45833333333333326,0.41066999999999998,0.0015563656140197468
full_l1,100000,526,4,50,5,-0.29166666666666669,-0.20833333333333331,0.29166666666666663,0.31001999999999996,0.0014636926795990265
full_l1,100000,526,4,50,6,-0.125,0.29166666666666663,0.12499999999999989,0.44476000000000004,0.0015706115001510991
full_l1,100000,526,4,50,7,-0.45833333333333331,-0.45833333333333331,-0.041666666666666685,0.40212000000000003,0.001550614914683193
full_l1,100000,526,4,50,8,0.29166666666666663,-0.041666666666666685,0.04166666666666663,0.43262,0.0015662105833497485
full_l1,100000,526,4,50,9,0.37499999999999989,-0.125,0.37499999999999989,0.28726000000000007,0.0014316972348062109
full_l1,100000,526,4,50,10,0.20833333333333326,0.37499999999999989,-0.375,0.38751000000000002,0.0015401543491489296
full_l1,100000,526,4,50,11,0.45833333333333326,0.45833333333333326,-0.29166666666666669,0.013700000000000045,0.00036347060888165458
full_l1,100000,526,4,50,12,0.04166666666666663,0.20833333333333326,0.20833333333333326,0.60929999999999995,0.0015421259660635081
full_l1,100000,526,4,50,13,0.00051416888523303506,-0.49121715337757066,-0.47638172678764312,0.42574000000000001,0.0015634044047737072
full_l1,100000,526,4,50,14,-0.0059618011725506292,0.038005566563229509,-0.49911157120850835,0.90934999999999999,0.00091183973929150801
full_l1,100000,526,4,50,15,0.0063068036992650622,0.23466115583910585,-0.48100609650520454,0.50941999999999998,0.0015807456132682989
full_l1,100000,526,4,50,16,0.011480243522289157,-0.088214943388733147,-0.33302084910520402,0.83404,0.0011776494519906318
full_l1,100000,526,4,50,17,-0.076487297671518073,-0.039372610149248422,-0.47032411280401565,0.90898000000000001,0.00090936510469673412
full_l1,100000,526,4,50,18,-0.026876181500042007,-0.019712266366718856,-0.47034349532839803,0.97568999999999995,0.00048271247677642519
full_l1,100000,526,4,50,19,-0.055584319390801662,-0.093846234884883861,-0.48859650546663369,0.80962000000000001,0.0012482053096392126
full_l1,100000,526,4,50,20,-0.49656355686612375,0.34741310277721382,-0.49891859951504469,0.062890000000000112,0.000766142531761612
full_l1,100000,526,4,50,21,-0.030145554102534167,-0.0035002721361507838,-0.39043605672931725,0.97711000000000003,0.00048097179142654074
full_l1,100000,526,4,50,22,0.0096474042744751909,-0.0204798843725984,-0.35802327911826248,0.98777000000000004,0.00034563841004967905
full_l1,100000,526,4,50,23,0.0033554049232433769,-0.0089151234004316571,-0.1293976456037873,0.99817,0.00013910692503197038
full_l1,100000,526,4,50,24,-0.0098003193967262092,-0.0019427450694005088,0.347109940971287,0.98807999999999996,0.00034231627745882545
full_l1,100000,526,4,50,25,-0.050248662167509339,-0.0079536913665547715,0.15479419353778656,0.97035000000000005,0.00053545487544142615
full_l1,100000,526,4,50,26,0.013158260726513493,0.0099318898585860627,0.16957439244635464,0.99568999999999996,0.00019883977269440672
full_l1,100000,526,4,50,27,-0.042881159212340814,0.043575269364365843,0.36637813409445519,0.95128000000000001,0.0006849813917430541
full_l1,100000,526,4,50,28,0.063200009486163111,0.01555027545602794,0.48485406035949707,0.95723000000000003,0.00064664210817315382
full_l1,100000,526,4,50,29,0.044698699363629357,-0.019621428025748955,0.070447513673143947,0.96708000000000005,0.00056587313053263098
full_l1,100000,526,4,50,30,-0.023740449402873676,0.01312982494162851,-0.11438108897719368,0.98536999999999997,0.00039276543956874598
full_l1,100000,526,4,50,31,0.027489856333900331,0.036657237406796606,0.4422807901623067,0.96679000000000004,0.00056360300084409419
full_l1,100000,526,4,50,32,-0.013405961855248671,-0.021721759658136275,-0.032711285051017613,0.98702000000000001,0.0003604219827095352
full_l1,100000,526,4,50,33,0.03373650116285476,0.01887984835783052,-0.0018906397401758923,0.97806999999999999,0.00045718112648082237
full_l1,100000,526,4,50,34,-0.0033456306852608364,-0.033492962277059224,0.46565199644240818,0.91374,0.00088731365800669528
full_l1,100000,526,4,50,35,-0.018784014506783464,0.013389693082913823,0.29250252364850216,0.99146000000000001,0.00028975823085701459
full_l1,100000,526,4,50,36,0.0084776434383633248,0.010693802795802565,0.044861237631564688,0.99605999999999995,0.00020091643288993314
full_l1,100000,526,4,50,37,0.017745031409386103,0.014386133964089387,0.27892861733812269,0.99109999999999998,0.00028673056984300212
full_l1,100000,526,4,50,38,0.016433681726045091,0.0067077295613851007,-0.16214565198119613,0.99019999999999997,0.00031361083621153218
full_l1,100000,526,4,50,39,-0.024592194443196824,-0.0094939032306786686,-0.18373851022321275,0.99100999999999995,0.00029860344004312123
full_l1,100000,526,4,50,40,-0.00045545563679572076,-0.010702530994175952,-0.016442706836899745,0.99778999999999995,0.00015358971642923054
full_l1,100000,526,4,50,41,-0.015666137384372503,0.0061250644666923648,0.039610314829614302,0.99658999999999998,0.00018498853403153706
full_l1,100000,526,4,50,42,-0.015283437861531191,-0.0048797199336811925,0.2112183130386549,0.99248999999999998,0.00027694159640736241
full_l1,100000,526,4,50,43,0.010078616936806117,0.001913955458383354,-0.28124408265085266,0.98816999999999999,0.0003389871537045935
full_l1,100000,526,4,50,44,-0.010917248800180301,-0.0049741300225718543,0.11904634352216092,0.99638000000000004,0.00018354728665613746
full_l1,100000,526,4,50,45,-0.0010987584309423148,0.0038509960124841758,0.028297381851196013,0.99939999999999996,7.7409401800971228e-05
full_l1,100000,526,4,50,46,0.024929182356188129,-0.0049056992113076792,0.023640491581311096,0.99336000000000002,0.00025249618313941634
full_l1,100000,526,4,50,47,0.0081842690951390296,0.0058345472450129776,-0.024426858861589462,0.99687000000000003,0.00016424113301376624
full_l1,100000,526,4,50,48,-0.018650396351855392,0.01729823847713563,0.1827717614593054,0.99043000000000003,0.0003043082835924717
full_l1,100000,526,4,50,49,0.010635845039746794,-0.014628218897229095,-0.24404505680065913,0.99329999999999996,0.00025708957188108205
full_l1,100000,526,4,50,50,0.033084942026382569,-0.0031053345781186792,0.21094014257556637,0.98602999999999996,0.00037672026668838089
full_l1,100000,526,4,50,51,-0.0032353187268709949,0.0011353899196020478,-0.10763794890289535,0.99761,0.00015275272023346556
full_l1,100000,526,4,50,52,-0.0038804669721630436,0.0018641404537298456,-0.18265905881244704,0.99492000000000003,0.00023298713373327769
full_l1,100000,526,4,50,53,-0.012714869843828192,-0.0018178454621138318,-0.04748190104686234,0.99817999999999996,0.00013859572602924173
full_l1,100000,526,4,50,54,-0.010334298119212715,0.0039086629359033065,0.1408487694065621,0.99783999999999995,0.00013719984900300054
full_l1,100000,526,4,50,55,-0.013406363660651621,0.0003506718477463977,-0.098117932934203012,0.99648000000000003,0.00018504795769760604
full_l1,100000,526,4,50,56,0.0029195051477093337,-0.01367938123466006,0.097435795644549517,0.99206000000000005,0.00027772655947405286
full_l1,100000,526,4,50,57,-0.0069081308839606947,-0.011255362528108659,-0.28283794170869903,0.99297000000000002,0.00025771235974144876
full_l1,100000,526,4,50,58,0.0069923129871944933,0.0010141413907516217,0.19804508314360159,0.99728000000000006,0.00016960454649691227
full_l1,100000,526,4,50,59,0.0035533640008209577,0.0019291331394988287,0.041547528807402756,0.99975000000000003,5.2078619447315631e-05
full_l1,100000,526,4,50,60,0.011527242615707589,-0.012515269108527072,-0.036988512146681529,0.99551000000000001,0.00021132245929512494
full_l1,100000,526,4,50,61,0.0051777043334222395,-0.00090339484206802823,-0.059291951416180488,0.999,9.4524424606732144e-05
full_l1,100000,526,4,50,62,-0.014977628198920456,0.004914473615785786,0.074878620701121168,0.99744999999999995,0.00016376801574191974
full_l1,100000,526,4,100,1,-0.041666666666666685,0.12499999999999989,-0.125,0.71387999999999996,0.0014273208347429537
full_l1,100000,526,4,100,2,-0.375,-0.375,-0.20833333333333331,0.49001000000000006,0.0015807568808402885
full_l1,100000,526,4,100,3,0.12499999999999989,0.04166666666666663,-0.45833333333333331,0.80101,0.0012598181723591033
full_l1,100000,526,4,100,4,-0.20833333333333331,-0.29166666666666669,0.45833333333333326,0.41066999999999998,0.0015563656140197468
full_l1,100000,526,4,100,5,-0.29166666666666669,-0.20833333333333331,0.29166666666666663,0.31001999999999996,0.0014636926795990265
full_l1,100000,526,4,100,6,-0.125,0.29166666666666663,0.12499999999999989,0.44476000000000004,0.0015706115001510991
full_l1,100000,526,4,100,7,-0.45833333333333331,-0.45833333333333331,-0.041666666666666685,0.40212000000000003,0.001550614914683193
full_l1,100000,526,4,100,8,0.29166666666666663,-0.041666666666666685,0.04166666666666663,0.43262,0.0015662105833497485
full_l1,100000,526,4,100,9,0.37499999999999989,-0.125,0.37499999999999989,0.28726000000000007,0.0014316972348062109
full_l1,100000,526,4,100,10,0.20833333333333326,0.37499999999999989,-0.375,0.38751000000000002,0.0015401543491489296
full_l1,100000,526,4,100,11,0.45833333333333326,0.45833333333333326,-0.29166666666666669,0.013700000000000045,0.00036347060888165458
full_l1,100000,526,4,100,12,0.04166666666666663,0.20833333333333326,0.20833333333333326,0.60929999999999995,0.0015421259660635081
full_l1,100000,526,4,100,13,0.00051416888523303506,-0.49121715337757066,-0.47638172678764312,0.42574000000000001,0.0015634044047737072
full_l1,100000,526,4,100,14,-0.0059618011725506292,0.038005566563229509,-0.49911157120850835,0.90934999999999999,0.00091183973929150801
full_l1,100000,526,4,100,15,0.0063068036992650622,0.23466115583910585,-0.48100609650520454,0.50941999999999998,0.0015807456132682989
full_l1,100000,526,4,100,16,0.011480243522289157,-0.088214943388733147,-0.33302084910520402,0.83404,0.0011776494519906318
full_l1,100000,526,4,100,17,-0.076487297671518073,-0.039372610149248422,-0.47032411280401565,0.90898000000000001,0.00090936510469673412
full_l1,100000,526,4,100,18,-0.026876181500042007,-0.019712266366718856,-0.47034349532839803,0.97568999999999995,0.00048271247677642519
full_l1,100000,526,4,100,19,-0.055584319390801662,-0.093846234884883861,-0.48859650546663369,0.80962000000000001,0.0012482053096392126
full_l1,100000,526,4,100,20,-0.49656355686612375,0.34741310277721382,-0.49891859951504469,0.062890000000000112,0.000766142531761612
full_l1,100000,526,4,100,21,-0.030145554102534167,-0.0035002721361507838,-0.39043605672931725,0.97711000000000003,0.00048097179142654074
full_l1,100000,526,4,100,22,0.0096474042744751909,-0.0204798843725984,-0.35802327911826248,0.98777000000000004,0.00034563841004967905
full_l1,100000,526,4,100,23,0.0033554049232433769,-0.0089151234004316571,-0.1293976456037873,0.99817,0.00013910692503197038
full_l1,100000,526,4,100,24,-0.0098003193967262092,-0.0019427450694005088,0.347109940971287,0.98807999999999996,0.00034231627745882545
full_l1,100000,526,4,100,25,-0.050248662167509339,-0.0079536913665547715,0.15479419353778656,0.97035000000000005,0.00053545487544142615
full_l1,100000,526,4,100,26,0.013158260726513493,0.0099318898585860627,0.16957439244635464,0.99568999999999996,0.00019883977269440672
full_l1,100000,526,4,100,27,-0.042881159212340814,0.043575269364365843,0.36637813409445519,0.95128000000000001,0.0006849813917430541
full_l1,100000,526,4,100,28,0.063200009486163111,0.01555027545602794,0.48485406035949707,0.95723000000000003,0.00064664210817315382
full_l1,100000,526,4,100,29,0.044698699363629357,-0.019621428025748955,0.070447513673143947,0.96708000000000005,0.00056587313053263098
full_l1,100000,526,4,100,30,-0.023740449402873676,0.01312982494162851,-0.11438108897719368,0.98536999999999997,0.00039276543956874598
full_l1,100000,526,4,100,31,0.027489856333900331,0.036657237406796606,0.4422807901623067,0.96679000000000004,0.00056360300084409419
full_l1,100000,526,4,100,32,-0.013405961855248671,-0.021721759658136275,-0.032711285051017613,0.98702000000000001,0.0003604219827095352
full_l1,100000,526,4,100,33,0.03373650116285476,0.01887984835783052,-0.0018906397401758923,0.97806999999999999,0.00045718112648082237
full_l1,100000,526,4,100,34,-0.0033456306852608364,-0.033492962277059224,0.46565199644240818,0.91374,0.00088731365800669528
full_l1,100000,526,4,100,35,-0.018784014506783464,0.013389693082913823,0.29250252364850216,0.99146000000000001,0.00028975823085701459
full_l1,100000,526,4,100,36,0.0084776434383633248,0.010693802795802565,0.044861237631564688,0.99605999999999995,0.00020091643288993314
full_l1,100000,526,4,100,37,0.017745031409386103,0.014386133964089387,0.27892861733812269,0.99109999999999998,0.00028673056984300212
full_l1,100000,526,4,100,38,0.016433681726045091,0.0067077295613851007,-0.16214565198119613,0.99019999999999997,0.00031361083621153218
full_l1,100000,526,4,100,39,-0.024592194443196824,-0.0094939032306786686,-0.18373851022321275,0.99100999999999995,0.00029860344004312123
full_l1,100000,526,4,100,40,-0.00045545563679572076,-0.010702530994175952,-0.016442706836899745,0.99778999999999995,0.00015358971642923054
full_l1,100000,526,4,100,41,-0.015666137384372503,0.0061250644666923648,0.039610314829614302,0.99658999999999998,0.00018498853403153706
full_l1,100000,526,4,100,42,-0.015283437861531191,-0.0048797199336811925,0.2112183130386549,0.99248999999999998,0.00027694159640736241
full_l1,100000,526,4,100,43,0.010078616936806117,0.001913955458383354,-0.28124408265085266,0.98816999999999999,0.0003389871537045935
full_l1,100000,526,4,100,44,-0.010917248800180301,-0.0049741300225718543,0.11904634352216092,0.99638000000000004,0.00018354728665613746
full_l1,100000,526,4,100,45,-0.0010987584309423148,0.0038509960124841758,0.028297381851196013,0.99939999999999996,7.7409401800971228e-05
full_l1,100000,526,4,100,46,0.024929182356188129,-0.0049056992113076792,0.023640491581311096,0.99336000000000002,0.00025249618313941634
full_l1,100000,526,4,100,47,0.0081842690951390296,0.0058345472450129776,-0.024426858861589462,0.99687000000000003,0.00016424113301376624
full_l1,100000,526,4,100,48,-0.018650396351855392,0.01729823847713563,0.1827717614593054,0.99043000000000003,0.0003043082835924717
full_l1,100000,526,4,100,49,0.010635845039746794,-0.014628218897229095,-0.24404505680065913,0.99329999999999996,0.00025708957188108205
full_l1,100000,526,4,100,50,0.033084942026382569,-0.0031053345781186792,0.21094014257556637,0.98602999999999996,0.00037672026668838089
full_l1,100000,526,4,100,51,-0.0032353187268709949,0.0011353899196020478,-0.10763794890289535,0.99761,0.00015275272023346556
full_l1,100000,526,4,100,52,-0.0038804669721630436,0.0018641404537298456,-0.18265905881244704,0.99492000000000003,0.00023298713373327769
full_l1,100000,526,4,100,53,-0.012714869843828192,-0.0018178454621138318,-0.04748190104686234,0.99817999999999996,0.00013859572602924173
full_l1,100000,526,4,100,54,-0.010334298119212715,0.0039086629359033065,0.1408487694065621,0.99783999999999995,0.00013719984900300054
full_l1,100000,526,4,100,55,-0.013406363660651621,0.0003506718477463977,-0.098117932934203012,0.99648000000000003,0.00018504795769760604
full_l1,100000,526,4,100,56,0.0029195051477093337,-0.01367938123466006,0.097435795644549517,0.99206000000000005,0.00027772655947405286
full_l1,100000,526,4,100,57,-0.0069081308839606947,-0.011255362528108659,-0.28283794170869903,0.99297000000000002,0.00025771235974144876
full_l1,100000,526,4,100,58,0.0069923129871944933,0.0010141413907516217,0.19804508314360159,0.99728000000000006,0.00016960454649691227
full_l1,100000,526,4,100,59,0.0035533640008209577,0.0019291331394988287,0.041547528807402756,0.99975000000000003,5.2078619447315631e-05
full_l1,100000,526,4,100,60,0.011527242615707589,-0.012515269108527072,-0.036988512146681529,0.99551000000000001,0.00021132245929512494
full_l1,100000,526,4,100,61,0.0051777043334222395,-0.00090339484206802823,-0.059291951416180488,0.999,9.4524424606732144e-05
full_l1,100000,526,4,100,62,-0.014977628198920456,0.004914473615785786,0.074878620701121168,0.99744999999999995,0.00016376801574191974
full_l1,100000,526,4,100,63,0.0048115934282337847,-0.0050308396854428228,-0.00059193093935161478,0.99936999999999998,7.9197635363771667e-05
full_l1,100000,526,4,100,64,0.0038128250027142929,0.00036288606153855874,0.26269693271230721,0.99477000000000004,0.00022712077916121464
full_l1,100000,526,4,100,65,0.01395989036621037,-0.0042110110923754274,0.072725431175706401,0.99709999999999999,0.00016661820269424764
full_l1,100000,526,4,100,66,-0.011423656354215161,-0.0092443849198702299,-0.20451428802653049,0.99512,0.00021750076083369143
full_l1,100000,526,4,100,67,-0.0014755202391694144,0.00079300431641993185,0.11740397560855609,0.99941999999999998,8.1542320530348167e-05
full_l1,100000,526,4,100,68,-0.0036897119733201311,-0.0087156931043741448,-0.051685128022379345,0.99858000000000002,0.00011842418755000378
full_l1,100000,526,4,100,69,-0.0011633086481719346,0.00074061226571253691,0.17593563326385375,0.99817,0.00013726644924390074
full_l1,100000,526,4,100,70,0.0025248054379121143,-0.0097187064412513902,-0.15996143554983688,0.99741000000000002,0.00015887879949055895
full_l1,100000,526,4,100,71,-0.023902780286251035,0.0042669726054416213,0.21408237649064166,0.99278,0.00027322829181669676
full_l1,100000,526,4,100,72,0.012294774015978005,0.00040217627009631052,0.11787180054383706,0.99795,0.00014409735397028135
full_l1,100000,526,4,100,73,0.0092816433200890724,0.0088713923135150807,-0.0064485209478821748,0.99619999999999997,0.00020211471494237086
full_l1,100000,526,4,100,74,-0.011946373795834964,-0.0027753021687866308,-0.018991606760261792,0.99863000000000002,0.00012230226177188869
full_l1,100000,526,4,100,75,-0.01731538481432926,-0.0032659303858999511,-0.031687532410251462,0.99683999999999995,0.00017593228292784181
full_l1,100000,526,4,100,76,-0.0024844591406139038,-0.0031874146622272725,-0.039601384052950328,0.99975000000000003,5.6754764583753324e-05
full_l1,100000,526,4,100,77,0.0054927508997324459,-0.0064026183001615333,-0.020773087183326044,0.99909000000000003,9.7520704408294323e-05
full_l1,100000,526,4,100,78,0.016324402971864549,-0.0046090567794154769,-0.10941755589127,0.99611000000000005,0.00019312181850970301
full_l1,100000,526,4,100,79,-0.010474912398032332,0.012740864307669408,0.080992757196205245,0.99529000000000001,0.00022515026346443026
full_l1,100000,526,4,100,80,-0.00029249154262767085,-0.0082750601460184203,-0.019730826535288015,0.99878,0.00011150436274619533
full_l1,100000,526,4,100,81,0.0044421820754367847,-0.0066659169018379316,0.13607965445619974,0.99612999999999996,0.00019593893515713258
full_l1,100000,526,4,100,82,-0.0056326143384208827,0.0010365331098796116,0.017015764627347219,0.99956999999999996,6.4704207579050393e-05
full_l1,100000,526,4,100,83,0.013992726195604765,-0.00014917126710289885,-0.21820025200823401,0.99226999999999999,0.00027834140020165928
full_l1,100000,526,4,100,84,-0.0086825992661410112,-0.012707674247617984,-0.23740219435428456,0.99417999999999995,0.00023512431706879426
full_l1,100000,526,4,100,85,-0.025382343008986341,-0.0078445483290623397,-0.024245726067856133,0.99265999999999999,0.00027109149803158385
full_l1,100000,526,4,100,86,-0.011094745036374531,-0.0019666729141138983,-0.041963330294936485,0.99846000000000001,0.00012172870401631056
full_l1,100000,526,4,100,87,0.0066562156245604243,0.0036041525606111957,0.068402524743238935,0.99922999999999995,8.8924720219245317e-05
full_l1,100000,526,4,100,88,0.0185864495907615,0.0025523211927216405,0.35473911381350653,0.98855999999999999,0.00034039712912021245
full_l1,100000,526,4,100,89,-0.024357275995757099,0.0030261835723965902,0.027370847327069514,0.99433000000000005,0.00024234316471795405
full_l1,100000,526,4,100,90,-0.012228402128720894,-0.0018619590485042803,0.05093892063545824,0.99848999999999999,0.00012597384328376824
full_l1,100000,526,4,100,91,-0.0049288050614950674,-0.0020971345974836186,-0.012219858705257547,0.99965000000000004,5.6133163307852646e-05
full_l1,100000,526,4,100,92,0.0033855547445824641,-0.0026057656260587425,0.084441770894960522,0.99917999999999996,8.9368115261635159e-05
full_l1,100000,526,4,100,93,-0.0076540024381681615,0.0029066430390476405,-0.046440344805414036,0.998,0.00013768097131813909
full_l1,100000,526,4,100,94,0.0035557881703403016,-0.0058046027268148226,-0.01585367859984288,0.99936999999999998,8.0567444906580858e-05
full_l1,100000,526,4,100,95,0.00063047651961212203,-0.00071149539808867956,0.206329605708375,0.99700999999999995,0.00017969858776772658
full_l1,100000,526,4,100,96,0.016042618973416634,0.0031364575995638244,0.098174509510493557,0.99724999999999997,0.0001660374055773422
full_l1,100000,526,4,100,97,-0.0055984360452514537,0.0005621264136770332,0.088448500096808935,0.99938000000000005,7.6637374001620992e-05
full_l1,100000,526,4,100,98,-0.01117281490002231,-0.024055977164532116,-0.30413193037701736,0.98777000000000004,0.00035461669123655241
full_l1,100000,526,4,100,99,0.0043861763897805606,-0.010804642402681308,-0.049397988036044005,0.99741000000000002,0.00015190319536887291
full_l1,100000,526,4,100,100,0.0061159488403386142,-0.0066921128186916423,0.010461756543555856,0.99861,0.00011377194534717773
full_l1,100000,526,4,100,101,-0.0021468047346575592,-0.01289184024047918,-0.30949618964871162,0.99268000000000001,0.00027139158590080146
full_l1,100000,526,4,100,102,0.0043250178175331389,-0.0037193850330385914,0.071288675108055033,0.99900999999999995,9.740399403503136e-05
full_l1,100000,526,4,100,103,0.014184942820624213,-0.01219034677144859,-0.12654398361231123,0.99490000000000001,0.00021818922588565852
full_l1,100000,526,4,100,104,0.0049690683786935974,0.00066566835674630731,-0.12979902645520203,0.99699000000000004,0.00017242070051459488
full_l1,100000,526,4,100,105,-0.0032389436956230533,-0.0033204570750202667,0.080653981694547294,0.99897000000000002,9.5319476318989961e-05
full_l1,100000,526,4,100,106,0.0038472026983913388,0.0063909493464460176,-0.012006266027455359,0.99789000000000005,0.00014932411248779582
full_l1,100000,526,4,100,107,-0.0023060264943151054,0.0030435684001361984,0.098842122234392704,0.99951000000000001,6.8962990545654447e-05
full_l1,100000,526,4,100,108,0.010699833841533835,0.0015973501808794754,0.16566486442711859,0.99750000000000005,0.0001581997874023795
full_l1,100000,526,4,100,109,0.011926974840034354,-0.0048020785725788606,0.063335511406436451,0.99755000000000005,0.00015239194127088219
full_l1,100000,526,4,100,110,-0.007700101802178505,-0.01084618236851087,0.069463217524121879,0.99507000000000001,0.00021959089076183314
full_l1,100000,526,4,100,111,-0.003572204471925966,-0.0021874960583436742,0.1586499515840456,0.99760000000000004,0.00015311552040477521
full_l1,100000,526,4,100,112,0.011158924326940989,0.010898912232587987,0.28170389537778373,0.99446999999999997,0.00023827628592020547
full_l1,100000,950438,5,10,1,-0.125,-0.20833333333333331,-0.125,0.26591999999999993,0.0013973240810531806
full_l1,100000,950438,5,10,2,-0.041666666666666685,0.45833333333333326,0.04166666666666663,0.47453999999999996,0.0015790467832274844
full_l1,100000,950438,5,10,3,-0.375,0.12499999999999989,0.45833333333333326,0.35760999999999998,0.0015136624839735754
full_l1,100000,950438,5,10,4,-0.29166666666666669,-0.041666666666666685,-0.041666666666666685,0.49712000000000001,0.0015810952912113732
full_l1,100000,950438,5,10,5,0.12499999999999989,-0.375,-0.29166666666666669,0.43473000000000006,0.0015680102613618973
full_l1,100000,950438,5,10,6,0.29166666666666663,0.29166666666666663,0.20833333333333326,0.41017999999999999,0.0015546305214006212
full_l1,100000,950438,5,10,7,0.45833333333333326,0.20833333333333326,-0.45833333333333331,0.19013000000000002,0.0012334356754377497
full_l1,100000,950438,5,10,8,0.04166666666666663,0.04166666666666663,-0.375,0.90388000000000002,0.00093172338843483028
full_l1,100000,950438,5,10,9,-0.45833333333333331,-0.45833333333333331,-0.20833333333333331,0.41202000000000005,0.0015570451460219876
full_l1,100000,950438,5,10,10,-0.20833333333333331,-0.29166666666666669,0.29166666666666663,0.39803999999999995,0.0015493229458220033
full_l1,100000,950438,5,10,11,0.37499999999999989,-0.125,0.37499999999999989,0.28808999999999996,0.0014316972348062109
full_l1,100000,950438,5,10,12,0.20833333333333326,0.37499999999999989,0.12499999999999989,0.43622000000000005,0.0015681577066403093
full_l1,100000,950438,5,10,13,-0.38309710607972036,0.030010879890600251,-0.49862948446530497,0.40335999999999994,0.0015510978346517622
full_l1,100000,950438,5,10,14,0.43871833539677807,0.053490117408122151,-0.21226241673500845,0.23809000000000002,0.0013505148639987869
full_l1,100000,950438,5,10,15,0.2670893267799137,0.038443585102155398,-0.43712756724139146,0.51637999999999995,0.0015804256317069267
full_l1,100000,950438,5,10,16,-0.25696226010975542,0.042899765594223593,-0.3079356777646165,0.55052000000000001,0.0015723312933279832
full_l1,100000,950438,5,10,17,0.0076312302282970368,0.047252182182352387,-0.35977023835718591,0.90566999999999998,0.0009289797534790203
full_l1,100000,950438,5,10,18,-0.2253729955467112,0.05920873887009348,-0.47964651530567948,0.57886000000000004,0.0015617406226687183
full_l1,100000,950438,5,10,19,0.043670763118806022,0.04579285633516772,-0.35992556508592122,0.89529000000000003,0.0009677160581122691
full_l1,100000,950438,5,10,20,0.046070340801493748,0.040100183567523429,-0.35953478047851295,0.90705000000000002,0.0009205557941372889
full_l1,100000,950438,5,10,21,0.050230373366844328,0.042431433735120594,-0.32913371967834304,0.90276000000000001,0.00093884181968673802
full_l1,100000,950438,5,10,22,-0.012416409680575669,0.003843548320841661,0.079063311307536299,0.99817,0.00013575543896731713
full_l1,100000,950438,5,30,1,-0.125,-0.20833333333333331,-0.125,0.26591999999999993,0.0013973240810531806
full_l1,100000,950438,5,30,2,-0.041666666666666685,0.45833333333333326,0.04166666666666663,0.47453999999999996,0.0015790467832274844
full_l1,100000,950438,5,30,3,-0.375,0.12499999999999989,0.45833333333333326,0.35760999999999998,0.0015136624839735754
full_l1,100000,950438,5,30,4,-0.29166666666666669,-0.041666666666666685,-0.041666666666666685,0.49712000000000001,0.0015810952912113732
full_l1,100000,950438,5,30,5,0.12499999999999989,-0.375,-0.29166666666666669,0.43473000000000006,0.0015680102613618973
full_l1,100000,950438,5,30,6,0.29166666666666663,0.29166666666666663,0.20833333333333326,0.41017999999999999,0.0015546305214006212
full_l1,100000,950438,5,30,7,0.45833333333333326,0.20833333333333326,-0.45833333333333331,0.19013000000000002,0.0012334356754377497
full_l1,100000,950438,5,30,8,0.04166666666666663,0.04166666666666663,-0.375,0.90388000000000002,0.00093172338843483028
full_l1,100000,950438,5,30,9,-0.45833333333333331,-0.45833333333333331,-0.20833333333333331,0.41202000000000005,0.0015570451460219876
full_l1,100000,950438,5,30,10,-0.20833333333333331,-0.29166666666666669,0.29166666666666663,0.39803999999999995,0.0015493229458220033
full_l1,100000,950438,5,30,11,0.37499999999999989,-0.125,0.37499999999999989,0.28808999999999996,0.0014316972348062109
full_l1,100000,950438,5,30,12,0.20833333333333326,0.37499999999999989,0.12499999999999989,0.43622000000000005,0.0015681577066403093
full_l1,100000,950438,5,30,13,-0.38309710607972036,0.030010879890600251,-0.49862948446530497,0.40335999999999994,0.0015510978346517622
full_l1,100000,950438,5,30,14,0.43871833539677807,0.053490117408122151,-0.21226241673500845,0.23809000000000002,0.0013505148639987869
full_l1,100000,950438,5,30,15,0.2670893267799137,0.038443585102155398,-0.43712756724139146,0.51637999999999995,0.0015804256317069267
full_l1,100000,950438,5,30,16,-0.25696226010975542,0.042899765594223593,-0.3079356777646165,0.55052000000000001,0.0015723312933279832
full_l1,100000,950438,5,30,17,0.0076312302282970368,0.047252182182352387,-0.35977023835718591,0.90566999999999998,0.0009289797534790203
full_l1,100000,950438,5,30,18,-0.2253729955467112,0.05920873887009348,-0.47964651530567948,0.57886000000000004,0.0015617406226687183
full_l1,100000,950438,5,30,19,0.043670763118806022,0.04579285633516772,-0.35992556508592122,0.89529000000000003,0.0009677160581122691
full_l1,100000,950438,5,30,20,0.046070340801493748,0.040100183567523429,-0.35953478047851295,0.90705000000000002,0.0009205557941372889
full_l1,100000,950438,5,30,21,0.050230373366844328,0.042431433735120594,-0.32913371967834304,0.90276000000000001,0.00093884181968673802
full_l1,100000,950438,5,30,22,-0.012416409680575669,0.003843548320841661,0.079063311307536299,0.99817,0.00013575543896731713
full_l1,100000,950438,5,30,23,-0.027397232199770194,0.03832252507836631,0.48258718321822425,0.96382000000000001,0.00057938694482637533
full_l1,100000,950438,5,30,24,0.044103596272720758,0.0088816924253987128,0.4049308527011346,0.97426999999999997,0.0004965110460788271
full_l1,100000,950438,5,30,25,-0.022175865406411255,-0.028849491144341766,0.4591691980432433,0.92445999999999995,0.00083573245172860488
full_l1,100000,950438,5,30,26,0.02823320010983843,-0.0046478642728875474,-0.056480053777774764,0.99214999999999998,0.00028289043465591515
full_l1,100000,950438,5,30,27,0.011112813131004096,0.038906681416945421,0.12007954555823508,0.96199999999999997,0.00059919830392129243
full_l1,100000,950438,5,30,28,-0.0097906573547532627,-0.018181915199508181,-0.48429503393027717,0.98216999999999999,0.0004220780873322592
full_l1,100000,950438,5,30,29,-0.017516056324047513,-0.026402112308417491,-0.07598743522885254,0.98065000000000002,0.0004310487347586096
full_l1,100000,950438,5,30,30,0.049259495185042912,-0.035370513711119989,-0.29467816450990525,0.94916999999999996,0.000694269579117214
full_l1,100000,950438,5,30,31,0.0074167313237987198,0.0041486606880907217,-0.24339239281053815,0.98919999999999997,0.00032181691181524115
full_l1,100000,950438,5,30,32,0.033257048360892272,-0.0036271989774647739,0.243085616602426,0.98343999999999998,0.00039935464441471293
full_l1,100000,950438,5,30,33,-0.025935992498619553,-0.0066918540934375326,-0.19731431104208497,0.99070000000000003,0.00031390380832014067
full_l1,100000,950438,5,30,34,0.0049630095999242396,0.013515739810877614,0.24054460292015123,0.99526999999999999,0.00021979376854077662
full_l1,100000,950438,5,30,35,-0.054217678490861454,0.0066244261588885855,0.22440770832526291,0.97131999999999996,0.00052823301290357949
full_l1,100000,950438,5,30,36,-0.00045955240291695176,-0.028084453721411107,-0.28905011569534955,0.98485999999999996,0.00038145494468985877
full_l1,100000,950438,5,30,37,-0.0098842437799897542,0.0088154066244838791,0.40384747853866587,0.98994000000000004,0.0003186917295631161
full_l1,100000,950438,5,30,38,-0.006224998359490419,-0.0096343984263529414,0.0083842790115187249,0.99756,0.00015871874412506042
full_l1,100000,950438,5,30,39,0.0059742055161744467,-0.0087735865781215505,-0.16511981879664162,0.99739,0.00016704779963682168
full_l1,100000,950438,5,30,40,-0.0029067737361792023,-0.0034764491378076467,0.18573923804699777,0.99612999999999996,0.00019360817084369472
full_l1,100000,950438,5,30,41,0.015697240766363807,-0.0055719109284828594,-0.39529537967970096,0.98248999999999997,0.00040161588123197636
full_l1,100000,950438,5,30,42,-0.0083853054001674643,0.017782795851600808,-0.075849256593607528,0.98511000000000004,0.00037697759399182699
full_l1,100000,950438,5,50,1,-0.125,-0.20833333333333331,-0.125,0.26591999999999993,0.0013973240810531806
full_l1,100000,950438,5,50,2,-0.041666666666666685,0.45833333333333326,0.04166666666666663,0.47453999999999996,0.0015790467832274844
full_l1,100000,950438,5,50,3,-0.375,0.12499999999999989,0.45833333333333326,0.35760999999999998,0.0015136624839735754
full_l1,100000,950438,5,50,4,-0.29166666666666669,-0.041666666666666685,-0.041666666666666685,0.49712000000000001,0.0015810952912113732
full_l1,100000,950438,5,50,5,0.12499999999999989,-0.375,-0.29166666666666669,0.43473000000000006,0.0015680102613618973
full_l1,100000,950438,5,50,6,0.29166666666666663,0.29166666666666663,0.20833333333333326,0.41017999999999999,0.0015546305214006212
full_l1,100000,950438,5,50,7,0.45833333333333326,0.20833333333333326,-0.45833333333333331,0.19013000000000002,0.0012334356754377497
full_l1,100000,950438,5,50,8,0.04166666666666663,0.04166666666666663,-0.375,0.90388000000000002,0.00093172338843483028
full_l1,100000,950438,5,50,9,-0.45833333333333331,-0.45833333333333331,-0.20833333333333331,0.41202000000000005,0.0015570451460219876
full_l1,100000,950438,5,50,10,-0.20833333333333331,-0.29166666666666669,0.29166666666666663,0.39803999999999995,0.0015493229458220033
full_l1,100000,950438,5,50,11,0.37499999999999989,-0.125,0.37499999999999989,0.28808999999999996,0.0014316972348062109
full_l1,100000,950438,5,50,12,0.20833333333333326,0.37499999999999989,0.12499999999999989,0.43622000000000005,0.0015681577066403093
full_l1,100000,950438,5,50,13,-0.38309710607972036,0.030010879890600251,-0.49862948446530497,0.40335999999999994,0.0015510978346517622
full_l1,100000,950438,5,50,14,0.43871833539677807,0.053490117408122151,-0.21226241673500845,0.23809000000000002,0.0013505148639987869
full_l1,100000,950438,5,50,15,0.2670893267799137,0.038443585102155398,-0.43712756724139146,0.51637999999999995,0.0015804256317069267
full_l1,100000,950438,5,50,16,-0.25696226010975542,0.042899765594223593,-0.3079356777646165,0.55052000000000001,0.0015723312933279832
full_l1,100000,950438,5,50,17,0.0076312302282970368,0.047252182182352387,-0.35977023835718591,0.90566999999999998,0.0009289797534790203
full_l1,100000,950438,5,50,18,-0.2253729955467112,0.05920873887009348,-0.47964651530567948,0.57886000000000004,0.0015617406226687183
full_l1,100000,950438,5,50,19,0.043670763118806022,0.04579285633516772,-0.35992556508592122,0.89529000000000003,0.0009677160581122691
full_l1,100000,950438,5,50,20,0.046070340801493748,0.040100183567523429,-0.35953478047851295,0.90705000000000002,0.0009205557941372889
full_l1,100000,950438,5,50,21,0.050230373366844328,0.042431433735120594,-0.32913371967834304,0.90276000000000001,0.00093884181968673802
full_l1,100000,950438,5,50,22,-0.012416409680575669,0.003843548320841661,0.079063311307536299,0.99817,0.00013575543896731713
full_l1,100000,950438,5,50,23,-0.027397232199770194,0.03832252507836631,0.48258718321822425,0.96382000000000001,0.00057938694482637533
full_l1,100000,950438,5,50,24,0.044103596272720758,0.0088816924253987128,0.4049308527011346,0.97426999999999997,0.0004965110460788271
full_l1,100000,950438,5,50,25,-0.022175865406411255,-0.028849491144341766,0.4591691980432433,0.92445999999999995,0.00083573245172860488
full_l1,100000,950438,5,50,26,0.02823320010983843,-0.0046478642728875474,-0.056480053777774764,0.99214999999999998,0.00028289043465591515
full_l1,100000,950438,5,50,27,0.011112813131004096,0.038906681416945421,0.12007954555823508,0.96199999999999997,0.00059919830392129243
full_l1,100000,950438,5,50,28,-0.0097906573547532627,-0.018181915199508181,-0.48429503393027717,0.98216999999999999,0.0004220780873322592
full_l1,100000,950438,5,50,29,-0.017516056324047513,-0.026402112308417491,-0.07598743522885254,0.98065000000000002,0.0004310487347586096
full_l1,100000,950438,5,50,30,0.049259495185042912,-0.035370513711119989,-0.29467816450990525,0.94916999999999996,0.000694269579117214
full_l1,100000,950438,5,50,31,0.0074167313237987198,0.0041486606880907217,-0.24339239281053815,0.98919999999999997,0.00032181691181524115
full_l1,100000,950438,5,50,32,0.033257048360892272,-0.0036271989774647739,0.243085616602426,0.98343999999999998,0.00039935464441471293
full_l1,100000,950438,5,50,33,-0.025935992498619553,-0.0066918540934375326,-0.19731431104208497,0.99070000000000003,0.00031390380832014067
full_l1,100000,950438,5,50,34,0.0049630095999242396,0.013515739810877614,0.24054460292015123,0.99526999999999999,0.00021979376854077662
full_l1,100000,950438,5,50,35,-0.054217678490861454,0.0066244261588885855,0.22440770832526291,0.97131999999999996,0.00052823301290357949
full_l1,100000,950438,5,50,36,-0.00045955240291695176,-0.028084453721411107,-0.28905011569534955,0.98485999999999996,0.00038145494468985877
full_l1,100000,950438,5,50,37,-0.0098842437799897542,0.0088154066244838791,0.40384747853866587,0.98994000000000004,0.0003186917295631161
full_l1,100000,950438,5,50,38,-0.006224998359490419,-0.0096343984263529414,0.0083842790115187249,0.99756,0.00015871874412506042
full_l1,100000,950438,5,50,39,0.0059742055161744467,-0.0087735865781215505,-0.16511981879664162,0.99739,0.00016704779963682168
full_l1,100000,950438,5,50,40,-0.0029067737361792023,-0.0034764491378076467,0.18573923804699777,0.99612999999999996,0.00019360817084369472
full_l1,100000,950438,5,50,41,0.015697240766363807,-0.0055719109284828594,-0.39529537967970096,0.98248999999999997,0.00040161588123197636
full_l1,100000,950438,5,50,42,-0.0083853054001674643,0.017782795851600808,-0.075849256593607528,0.98511000000000004,0.00037697759399182699
full_l1,100000,950438,5,50,43,0.00043175281674212584,-0.00089508538329186038,0.021638088026436852,1,4.7503371312896169e-06
full_l1,100000,950438,5,50,44,-0.012234323179646012,0.012406559147792207,0.19343558620042933,0.99529999999999996,0.00022033250964247745
full_l1,100000,950438,5,50,45,0.0074854291606845091,0.016185742819377458,0.34175074113234105,0.99150000000000005,0.00028764149815632527
full_l1,100000,950438,5,50,46,0.016994304437703889,0.009012369311022228,0.1727471490978072,0.99505999999999994,0.0002164055435062843
full_l1,100000,950438,5,50,47,-0.0030983978301564186,0.0047285456148122851,0.027212585489448937,0.99914000000000003,9.6860205059560685e-05
full_l1,100000,950438,5,50,48,0.0085891245194824606,-0.020891893783072213,0.047482177059628539,0.98543999999999998,0.00037807333269973314
full_l1,100000,950438,5,50,49,-0.012605117253488229,0.00046057111953401453,-0.15822949399100583,0.99472000000000005,0.00022696197891376591
full_l1,100000,950438,5,50,50,-0.017618754493452515,-0.0037503819612685341,-0.049952065736114104,0.99689000000000005,0.00018324743443175336
full_l1,100000,950438,5,50,51,0.00084322396996183713,-0.004165630125778641,0.0039959894162007181,0.99968000000000001,5.1251149959668931e-05
full_l1,100000,950438,5,50,52,-0.015352387563124958,0.0096778050518069314,0.25030659951616174,0.99397999999999997,0.00023654271227874869
full_l1,100000,950438,5,50,53,-0.013812744164170665,0.0010241945446978207,0.18090523252087021,0.99585999999999997,0.00019194299901418278
full_l1,100000,950438,5,50,54,0.0096271455462910716,0.0015856533565659081,0.11104283864449016,0.99865999999999999,0.00011644086968547048
full_l1,100000,950438,5,50,55,0.0096065399931675177,-0.00943963855681762,-0.20427187746303943,0.99585000000000001,0.00020919930820005524
full_l1,100000,950438,5,50,56,0.0046209667809171684,0.0092577578094632518,0.11232410515548441,0.99777000000000005,0.00014888116094704089
full_l1,100000,950438,5,50,57,-0.018059505888579297,0.0003911469110411403,0.078926336906621763,0.99690000000000001,0.00018046439934560259
full_l1,100000,950438,5,50,58,-0.014625366584644528,-0.0031627103166833592,0.016831675415730496,0.99770999999999999,0.00014805907827394538
full_l1,100000,950438,5,50,59,-0.0060290061774761483,-0.0052669470979731514,-0.13050276632985569,0.99795,0.00013845617045821776
full_l1,100000,950438,5,50,60,0.019741391804053654,0.00026474464601466963,0.073901239109289696,0.99605999999999995,0.00019367903649698148
full_l1,100000,950438,5,50,61,0.0013367831472397285,0.0044086243412586601,-0.041249038101325741,0.99836000000000003,0.00013534914223361824
full_l1,100000,950438,5,50,62,0.0028155538734717656,0.0034327096094746157,0.25753945411871926,0.99570999999999998,0.00019862717219538479
full_l1,100000,950438,5,100,1,-0.125,-0.20833333333333331,-0.125,0.26591999999999993,0.0013973240810531806
full_l1,100000,950438,5,100,2,-0.041666666666666685,0.45833333333333326,0.04166666666666663,0.47453999999999996,0.0015790467832274844
full_l1,100000,950438,5,100,3,-0.375,0.12499999999999989,0.45833333333333326,0.35760999999999998,0.0015136624839735754
full_l1,100000,950438,5,100,4,-0.29166666666666669,-0.041666666666666685,-0.041666666666666685,0.49712000000000001,0.0015810952912113732
full_l1,100000,950438,5,100,5,0.12499999999999989,-0.375,-0.29166666666666669,0.43473000000000006,0.0015680102613618973
full_l1,100000,950438,5,100,6,0.29166666666666663,0.29166666666666663,0.20833333333333326,0.41017999999999999,0.0015546305214006212
full_l1,100000,950438,5,100,7,0.45833333333333326,0.20833333333333326,-0.45833333333333331,0.19013000000000002,0.0012334356754377497
full_l1,100000,950438,5,100,8,0.04166666666666663,0.04166666666666663,-0.375,0.90388000000000002,0.00093172338843483028
full_l1,100000,950438,5,100,9,-0.45833333333333331,-0.45833333333333331,-0.20833333333333331,0.41202000000000005,0.0015570451460219876
full_l1,100000,950438,5,100,10,-0.20833333333333331,-0.29166666666666669,0.29166666666666663,0.39803999999999995,0.0015493229458220033
full_l1,100000,950438,5,100,11,0.37499999999999989,-0.125,0.37499999999999989,0.28808999999999996,0.0014316972348062109
full_l1,100000,950438,5,100,12,0.20833333333333326,0.37499999999999989,0.12499999999999989,0.43622000000000005,0.0015681577066403093
full_l1,100000,950438,5,100,13,-0.38309710607972036,0.030010879890600251,-0.49862948446530497,0.40335999999999994,0.0015510978346517622
full_l1,100000,950438,5,100,14,0.43871833539677807,0.053490117408122151,-0.21226241673500845,0.23809000000000002,0.0013505148639987869
full_l1,100000,950438,5,100,15,0.2670893267799137,0.038443585102155398,-0.43712756724139146,0.51637999999999995,0.0015804256317069267
full_l1,100000,950438,5,100,16,-0.25696226010975542,0.042899765594223593,-0.3079356777646165,0.55052000000000001,0.0015723312933279832
full_l1,100000,950438,5,100,17,0.0076312302282970368,0.047252182182352387,-0.35977023835718591,0.90566999999999998,0.0009289797534790203
full_l1,100000,950438,5,100,18,-0.2253729955467112,0.05920873887009348,-0.47964651530567948,0.57886000000000004,0.0015617406226687183
full_l1,100000,950438,5,100,19,0.043670763118806022,0.04579285633516772,-0.35992556508592122,0.89529000000000003,0.0009677160581122691
full_l1,100000,950438,5,100,20,0.046070340801493748,0.040100183567523429,-0.35953478047851295,0.90705000000000002,0.0009205557941372889
full_l1,100000,950438,5,100,21,0.050230373366844328,0.042431433735120594,-0.32913371967834304,0.90276000000000001,0.00093884181968673802
full_l1,100000,950438,5,100,22,-0.012416409680575669,0.003843548320841661,0.079063311307536299,0.99817,0.00013575543896731713
full_l1,100000,950438,5,100,23,-0.027397232199770194,0.03832252507836631,0.48258718321822425,0.96382000000000001,0.00057938694482637533
full_l1,100000,950438,5,100,24,0.044103596272720758,0.0088816924253987128,0.4049308527011346,0.97426999999999997,0.0004965110460788271
full_l1,100000,950438,5,100,25,-0.022175865406411255,-0.028849491144341766,0.4591691980432433,0.92445999999999995,0.00083573245172860488
full_l1,100000,950438,5,100,26,0.02823320010983843,-0.0046478642728875474,-0.056480053777774764,0.99214999999999998,0.00028289043465591515
full_l1,100000,950438,5,100,27,0.011112813131004096,0.038906681416945421,0.12007954555823508,0.96199999999999997,0.00059919830392129243
full_l1,100000,950438,5,100,28,-0.0097906573547532627,-0.018181915199508181,-0.48429503393027717,0.98216999999999999,0.0004220780873322592
full_l1,100000,950438,5,100,29,-0.017516056324047513,-0.026402112308417491,-0.07598743522885254,0.98065000000000002,0.0004310487347586096
full_l1,100000,950438,5,100,30,0.049259495185042912,-0.035370513711119989,-0.29467816450990525,0.94916999999999996,0.000694269579117214
full_l1,100000,950438,5,100,31,0.0074167313237987198,0.0041486606880907217,-0.24339239281053815,0.98919999999999997,0.00032181691181524115
full_l1,100000,950438,5,100,32,0.033257048360892272,-0.0036271989774647739,0.243085616602426,0.98343999999999998,0.00039935464441471293
full_l1,100000,950438,5,100,33,-0.025935992498619553,-0.0066918540934375326,-0.19731431104208497,0.99070000000000003,0.00031390380832014067
full_l1,100000,950438,5,100,34,0.0049630095999242396,0.013515739810877614,0.24054460292015123,0.99526999999999999,0.00021979376854077662
full_l1,100000,950438,5,100,35,-0.054217678490861454,0.0066244261588885855,0.22440770832526291,0.97131999999999996,0.00052823301290357949
full_l1,100000,950438,5,100,36,-0.00045955240291695176,-0.028084453721411107,-0.28905011569534955,0.98485999999999996,0.00038145494468985877
full_l1,100000,950438,5,100,37,-0.0098842437799897542,0.0088154066244838791,0.40384747853866587,0.98994000000000004,0.0003186917295631161
full_l1,100000,950438,5,100,38,-0.006224998359490419,-0.0096343984263529414,0.0083842790115187249,0.99756,0.00015871874412506042
full_l1,100000,950438,5,100,39,0.0059742055161744467,-0.0087735865781215505,-0.16511981879664162,0.99739,0.00016704779963682168
full_l1,100000,950438,5,100,40,-0.0029067737361792023,-0.0034764491378076467,0.18573923804699777,0.99612999999999996,0.00019360817084369472
full_l1,100000,950438,5,100,41,0.015697240766363807,-0.0055719109284828594,-0.39529537967970096,0.98248999999999997,0.00040161588123197636
full_l1,100000,950438,5,100,42,-0.0083853054001674643,0.017782795851600808,-0.075849256593607528,0.98511000000000004,0.00037697759399182699
full_l1,100000,950438,5,100,43,0.00043175281674212584,-0.00089508538329186038,0.021638088026436852,1,4.7503371312896169e-06
full_l1,100000,950438,5,100,44,-0.012234323179646012,0.012406559147792207,0.19343558620042933,0.99529999999999996,0.00022033250964247745
full_l1,100000,950438,5,100,45,0.0074854291606845091,0.016185742819377458,0.34175074113234105,0.99150000000000005,0.00028764149815632527
full_l1,100000,950438,5,100,46,0.016994304437703889,0.009012369311022228,0.1727471490978072,0.99505999999999994,0.0002164055435062843
full_l1,100000,950438,5,100,47,-0.0030983978301564186,0.0047285456148122851,0.027212585489448937,0.99914000000000003,9.6860205059560685e-05
full_l1,100000,950438,5,100,48,0.0085891245194824606,-0.020891893783072213,0.047482177059628539,0.98543999999999998,0.00037807333269973314
full_l1,100000,950438,5,100,49,-0.012605117253488229,0.00046057111953401453,-0.15822949399100583,0.99472000000000005,0.00022696197891376591
full_l1,100000,950438,5,100,50,-0.017618754493452515,-0.0037503819612685341,-0.049952065736114104,0.99689000000000005,0.00018324743443175336
full_l1,100000,950438,5,100,51,0.00084322396996183713,-0.004165630125778641,0.0039959894162007181,0.99968000000000001,5.1251149959668931e-05
full_l1,100000,950438,5,100,52,-0.015352387563124958,0.0096778050518069314,0.25030659951616174,0.99397999999999997,0.00023654271227874869
full_l1,100000,950438,5,100,53,-0.013812744164170665,0.0010241945446978207,0.18090523252087021,0.99585999999999997,0.00019194299901418278
full_l1,100000,950438,5,100,54,0.0096271455462910716,0.0015856533565659081,0.11104283864449016,0.99865999999999999,0.00011644086968547048
full_l1,100000,950438,5,100,55,0.0096065399931675177,-0.00943963855681762,-0.20427187746303943,0.99585000000000001,0.00020919930820005524
full_l1,100000,950438,5,100,56,0.0046209667809171684,0.0092577578094632518,0.11232410515548441,0.99777000000000005,0.00014888116094704089
full_l1,100000,950438,5,100,57,-0.018059505888579297,0.0003911469110411403,0.078926336906621763,0.99690000000000001,0.00018046439934560259
full_l1,100000,950438,5,100,58,-0.014625366584644528,-0.0031627103166833592,0.016831675415730496,0.99770999999999999,0.00014805907827394538
full_l1,100000,950438,5,100,59,-0.0060290061774761483,-0.0052669470979731514,-0.13050276632985569,0.99795,0.00013845617045821776
full_l1,100000,950438,5,100,60,0.019741391804053654,0.00026474464601466963,0.073901239109289696,0.99605999999999995,0.00019367903649698148
full_l1,100000,950438,5,100,61,0.0013367831472397285,0.0044086243412586601,-0.041249038101325741,0.99836000000000003,0.00013534914223361824
full_l1,100000,950438,5,100,62,0.0028155538734717656,0.0034327096094746157,0.25753945411871926,0.99570999999999998,0.00019862717219538479
full_l1,100000,950438,5,100,63,0.01065695823510393,8.0296630116105661e-05,-0.10181450982876061,0.99719000000000002,0.00016752675395836374
full_l1,100000,950438,5,100,64,0.01659543737439928,-0.0089646342501525922,-0.022254462838939171,0.99583999999999995,0.00020461347944487505
full_l1,100000,950438,5,100,65,0.0087969126765607975,-0.00040983256715865224,0.0073414870198715843,0.99924000000000002,8.7450766535081487e-05
full_l1,100000,950438,5,100,66,0.0037762947257462542,-0.01867698356629055,-0.20291876641870732,0.99309999999999998,0.00025890792449348123
full_l1,100000,950438,5,100,67,0.011517111403568592,-0.013891366652405646,-0.10841425080846978,0.99526000000000003,0.00021931187170065925
full_l1,100000,950438,5,100,68,-0.0040990966107561366,-0.0040809797724110641,-0.24804645009336057,0.99406000000000005,0.00024313445284035619
full_l1,100000,950438,5,100,69,-0.0089287660084105269,-0.011254699618631125,-0.22400061548470185,0.99516000000000004,0.00022281510791850103
full_l1,100000,950438,5,100,70,0.0071790762438390665,-0.00063402035336390661,0.17145434370569701,0.99728000000000006,0.00016005240618321482
full_l1,100000,950438,5,100,71,-0.014354807506479439,-0.010486828481934607,-0.38264005750971752,0.98609999999999998,0.00036424291910378833
full_l1,100000,950438,5,100,72,-0.0085063364948279041,-0.0060730366735977093,-0.067757353937657028,0.99880999999999998,0.00011863306695556089
full_l1,100000,950438,5,100,73,0.017344805448631373,-0.0017482038083376228,-0.021003457598932851,0.99724999999999997,0.00017207301860651684
full_l1,100000,950438,5,100,74,0.0035390049376746724,-0.0073146436046009899,-0.29665671521041137,0.99265000000000003,0.00027075504218269084
full_l1,100000,950438,5,100,75,-0.032018584849280662,-0.0080806917931475208,-0.019820319734988656,0.98882000000000003,0.00033389056752289819
full_l1,100000,950438,5,100,76,0.013294120916632846,0.0041969191625002011,0.22471438983732273,0.99580000000000002,0.00020601485476817857
full_l1,100000,950438,5,100,77,-0.003253393243959346,-0.010411735810061495,-0.036887171369340832,0.99780999999999997,0.00014525421748948141
full_l1,100000,950438,5,100,78,0.0047414928334321704,0.0192921848589509,0.42025335466382319,0.98829999999999996,0.00034230512970458881
full_l1,100000,950438,5,100,79,-0.0052229716939362625,-0.0079440951733964482,0.13801409468713866,0.99546000000000001,0.00021873154199867926
full_l1,100000,950438,5,100,80,0.0055463368656525347,0.011882794375835504,0.033532724258877433,0.99470000000000003,0.00021597033978921603
full_l1,100000,950438,5,100,81,-0.01080134873530203,-0.0051415188627699226,-0.0097004561133040568,0.99836000000000003,0.00012345787995527005
full_l1,100000,950438,5,100,82,0.0023576925989987618,-0.014607074873270509,-0.001883154086729899,0.99487999999999999,0.00022942954031350803
full_l1,100000,950438,5,100,83,-0.016893937509254497,-0.0059096746860141103,0.063216878418389744,0.99558999999999997,0.00020268775143658535
full_l1,100000,950438,5,100,84,0.0026813893491668406,-0.0057419881455580413,0.12289816616493576,0.99712000000000001,0.00016703338586731732
full_l1,100000,950438,5,100,85,-0.013703998645482329,-0.0017277745910158071,0.051070621401996696,0.99819000000000002,0.00013903429566317822
full_l1,100000,950438,5,100,86,-0.016273981073166688,0.012576504770281272,0.075759947949258111,0.99324000000000001,0.00025213628796074024
full_l1,100000,950438,5,100,87,-0.007051039936214254,0.012268751676772549,0.128594879743821,0.99597000000000002,0.00019618107869038477
full_l1,100000,950438,5,100,88,-0.01915167467166512,-0.0027963463779230313,0.15551974670050561,0.99367000000000005,0.00024045402035594425
full_l1,100000,950438,5,100,89,-0.0029114761162287728,0.0070826444452321002,0.16119796179938373,0.99836000000000003,0.0001283932383204031
full_l1,100000,950438,5,100,90,-0.0092119149240947884,0.00048438463133604337,-0.075927772902134372,0.99795,0.00014280401700133178
full_l1,100000,950438,5,100,91,0.0016607793912231106,-0.0064472195235363294,0.25765117853905339,0.99089000000000005,0.00030068980214754926
full_l1,100000,950438,5,100,92,-0.006116964688884563,0.008459236808466386,0.34333984136810658,0.99300999999999995,0.00026197359724074192
full_l1,100000,950438,5,100,93,-0.0037131004081796259,-0.013357839900191903,-0.085692085240545168,0.99655000000000005,0.00018254646702435147
full_l1,100000,950438,5,100,94,0.01848173611188364,0.013305724360536564,0.30497510848158105,0.99148000000000003,0.0002939978912326312
full_l1,100000,950438,5,100,95,-0.0095067684031775457,-0.007718070806075561,-0.0075234312968497363,0.99794000000000005,0.00014157195715561443
full_l1,100000,950438,5,100,96,-0.0092496617226272004,-5.5675189436499295e-07,0.19170052381245162,0.99673999999999996,0.00018140660557843845
full_l1,100000,950438,5,100,97,-0.0025274852117147528,0.010091812034540126,-0.0050687310334056601,0.99585999999999997,0.0002025947738852317
full_l1,100000,950438,5,100,98,-0.0036252540327981198,-0.010009446980470793,-0.15078084562841632,0.99766999999999995,0.00015745863724368848
full_l1,100000,950438,5,100,99,-0.01167772966424141,-0.00403264252572888,-0.0060729603255444964,0.99853000000000003,0.00012356653002634926
full_l1,100000,950438,5,100,100,0.013446633731996283,0.0057554986486807458,-0.120176889392827,0.99360999999999999,0.00025638564493858288
full_l1,100000,950438,5,100,101,0.013244809018669201,0.0086178374305232452,0.035961417309446242,0.99624000000000001,0.00019812513901339081
full_l1,100000,950438,5,100,102,0.0021573904754987883,0.00049662632548863606,-0.00025216512192871576,0.99980999999999998,4.4914061250652286e-05
full_l1,100000,950438,5,100,103,0.017579393087471473,0.0076802300936509305,0.25068476134504225,0.99380999999999997,0.00024524050564934052
full_l1,100000,950438,5,100,104,0.0015999511986235504,-0.0029527455100633038,-0.050176778227387864,0.99963000000000002,6.161704006274326e-05
full_l1,100000,950438,5,100,105,0.02161356460046826,-0.010667231004213962,-0.12553785842247422,0.99299000000000004,0.00026126613777778686
full_l1,100000,950438,5,100,106,0.0099808533613923167,-0.0058159077906179135,-0.067813407673575465,0.99831999999999999,0.0001281007637139492
full_l1,100000,950438,5,100,107,-0.01505772308925879,-0.0071564974205455822,-0.079450346227152524,0.99666999999999994,0.00017838726912154513
full_l1,100000,950438,5,100,108,0.0071689048943486267,0.0034886944801855169,0.29028257525996604,0.99438000000000004,0.00023663297613923229
full_l1,100000,950438,5,100,109,0.015945134571625719,-0.0053559171715187315,-0.051237879347918902,0.99704999999999999,0.00017172862208542073
full_l1,100000,950438,5,100,110,0.012861349580067349,-0.0079050578958823614,-0.040538434299011161,0.99712000000000001,0.00016288231394490614
full_l1,100000,950438,5,100,111,0.018764890932934541,-0.0071766281603098392,-0.11493409623056983,0.99490999999999996,0.00021884345577345522
full_l1,100000,950438,5,100,112,-0.018386753169206349,-0.0027469995764433097,-0.077433166245666873,0.99594000000000005,0.00019927698778908118
full_l1,Inf,503506,1,10,1,-0.29166666666666669,0.37499999999999989,-0.041666666666666685,0.20705507573473148,0
full_l1,Inf,503506,1,10,2,0.04166666666666663,0.20833333333333326,-0.45833333333333331,0.55243598423890994,0
full_l1,Inf,503506,1,10,3,0.12499999999999989,0.12499999999999989,-0.29166666666666669,0.68046424971857356,0
full_l1,Inf,503506,1,10,4,-0.375,-0.29166666666666669,0.04166666666666663,0.3871803302558432,0
full_l1,Inf,503506,1,10,5,-0.45833333333333331,0.29166666666666663,0.12499999999999989,0.11233587869805128,0
full_l1,Inf,503506,1,10,6,0.29166666666666663,-0.45833333333333331,0.29166666666666663,0.40008219472261497,0
full_l1,Inf,503506,1,10,7,-0.125,-0.125,-0.375,0.56220449380866888,0
full_l1,Inf,503506,1,10,8,-0.041666666666666685,-0.041666666666666685,0.20833333333333326,0.90986350277232941,0
full_l1,Inf,503506,1,10,9,0.45833333333333326,-0.20833333333333331,0.45833333333333326,0.25604646890596405,0
full_l1,Inf,503506,1,10,10,-0.20833333333333331,0.04166666666666663,-0.125,0.6665848136860989,0
full_l1,Inf,503506,1,10,11,0.37499999999999989,0.45833333333333326,-0.20833333333333331,0.091439513060031286,0
full_l1,Inf,503506,1,10,12,0.20833333333333326,-0.375,0.37499999999999989,0.3809105002703399,0
full_l1,Inf,503506,1,10,13,0.0045060258288176502,0.017096807392205982,0.4525304264315646,0.9875989116924464,0
full_l1,Inf,503506,1,10,14,0.15011632285729037,0.013273025198387689,0.47556050711553399,0.82873365288758849,0
full_l1,Inf,503506,1,10,15,-0.055764681045711084,0.07347848707541349,0.48102314821292991,0.8874370434104899,0
full_l1,Inf,503506,1,10,16,-0.10744053248460794,-0.016906561730158698,0.46747761181463376,0.8526625175162339,0
full_l1,Inf,503506,1,10,17,0.0012599512023192538,0.027743601766558434,0.1726226022809032,0.98270463529032237,0
full_l1,Inf,503506,1,10,18,0.078954720553224611,-0.017452327127915224,0.12192654239897061,0.92858679970943936,0
full_l1,Inf,503506,1,10,19,0.050339034167731667,0.040809768009373304,0.27099999630392002,0.94808646516444239,0
full_l1,Inf,503506,1,10,20,0.020294100763695866,-0.04795930040362717,0.47165273454593359,0.85582957702725238,0
full_l1,Inf,503506,1,10,21,0.013820671812122098,0.0089904535308074074,-0.15494986040370384,0.98932979296063228,0
full_l1,Inf,503506,1,10,22,0.043797979310653767,-0.0067564975915781478,-0.49889085526733368,0.95953027378930289,0
full_l1,Inf,503506,1,30,1,-0.29166666666666669,0.37499999999999989,-0.041666666666666685,0.20705507573473148,0
full_l1,Inf,503506,1,30,2,0.04166666666666663,0.20833333333333326,-0.45833333333333331,0.55243598423890994,0
full_l1,Inf,503506,1,30,3,0.12499999999999989,0.12499999999999989,-0.29166666666666669,0.68046424971857356,0
full_l1,Inf,503506,1,30,4,-0.375,-0.29166666666666669,0.04166666666666663,0.3871803302558432,0
full_l1,Inf,503506,1,30,5,-0.45833333333333331,0.29166666666666663,0.12499999999999989,0.11233587869805128,0
full_l1,Inf,503506,1,30,6,0.29166666666666663,-0.45833333333333331,0.29166666666666663,0.40008219472261497,0
full_l1,Inf,503506,1,30,7,-0.125,-0.125,-0.375,0.56220449380866888,0
full_l1,Inf,503506,1,30,8,-0.041666666666666685,-0.041666666666666685,0.20833333333333326,0.90986350277232941,0
full_l1,Inf,503506,1,30,9,0.45833333333333326,-0.20833333333333331,0.45833333333333326,0.25604646890596405,0
full_l1,Inf,503506,1,30,10,-0.20833333333333331,0.04166666666666663,-0.125,0.6665848136860989,0
full_l1,Inf,503506,1,30,11,0.37499999999999989,0.45833333333333326,-0.20833333333333331,0.091439513060031286,0
full_l1,Inf,503506,1,30,12,0.20833333333333326,-0.375,0.37499999999999989,0.3809105002703399,0
full_l1,Inf,503506,1,30,13,0.0045060258288176502,0.017096807392205982,0.4525304264315646,0.9875989116924464,0
full_l1,Inf,503506,1,30,14,0.15011632285729037,0.013273025198387689,0.47556050711553399,0.82873365288758849,0
full_l1,Inf,503506,1,30,15,-0.055764681045711084,0.07347848707541349,0.48102314821292991,0.8874370434104899,0
full_l1,Inf,503506,1,30,16,-0.10744053248460794,-0.016906561730158698,0.46747761181463376,0.8526625175162339,0
full_l1,Inf,503506,1,30,17,0.0012599512023192538,0.027743601766558434,0.1726226022809032,0.98270463529032237,0
full_l1,Inf,503506,1,30,18,0.078954720553224611,-0.017452327127915224,0.12192654239897061,0.92858679970943936,0
full_l1,Inf,503506,1,30,19,0.050339034167731667,0.040809768009373304,0.27099999630392002,0.94808646516444239,0
full_l1,Inf,503506,1,30,20,0.020294100763695866,-0.04795930040362717,0.47165273454593359,0.85582957702725238,0
full_l1,Inf,503506,1,30,21,0.013820671812122098,0.0089904535308074074,-0.15494986040370384,0.98932979296063228,0
full_l1,Inf,503506,1,30,22,0.043797979310653767,-0.0067564975915781478,-0.49889085526733368,0.95953027378930289,0
full_l1,Inf,503506,1,30,23,0.048810252468829418,-0.018036865565749682,-0.25893579305811976,0.96853873986059091,0
full_l1,Inf,503506,1,30,24,0.02223180153733062,-0.0099368141752509409,-0.0067912578989230976,0.99304988555409202,0
full_l1,Inf,503506,1,30,25,-0.0068124078752997974,-0.0022878371382719642,-0.06342415464103901,0.99901006453381369,0
full_l1,Inf,503506,1,30,26,-0.025399488514802337,0.0095888640960390958,-0.37601936358841681,0.96872449358561097,0
full_l1,Inf,503506,1,30,27,0.011370980296516953,0.0078820196367934692,0.20483408503684997,0.99649536872523181,0
full_l1,Inf,503506,1,30,28,0.0025340663354600501,-0.0019818768719983559,0.089633462426586208,0.99930593680291269,0
full_l1,Inf,503506,1,30,29,1.116777351950482e-05,0.015988570822736303,0.3278655079409214,0.99259256849896116,0
full_l1,Inf,503506,1,30,30,-0.025587329231919753,-0.0030692893956001388,0.22909578073935921,0.98865271155809853,0
full_l1,Inf,503506,1,30,31,-0.0074546357146438869,-0.018525209839575618,-0.20201692913408631,0.992992354167336,0
full_l1,Inf,503506,1,30,32,0.0095100387272162301,0.011032616063778145,-0.31153140053988948,0.97767821024675716,0
full_l1,Inf,503506,1,30,33,-0.025664211855416674,-0.011019114650363315,0.035092091865460917,0.99002543488903716,0
full_l1,Inf,503506,1,30,34,-0.011942282401073978,0.0073972173270242525,0.079727685435551754,0.99733557187107647,0
full_l1,Inf,503506,1,30,35,0.0079100122996056399,-0.015268378385737247,-0.32206489119606796,0.99115002309206235,0
full_l1,Inf,503506,1,30,36,0.0038979846216420366,-0.006867680905983331,-0.11573191000414429,0.99850677932727716,0
full_l1,Inf,503506,1,30,37,-0.022844145715270825,-0.0015361899960637526,-0.17397612724295763,0.99143313584646942,0
full_l1,Inf,503506,1,30,38,0.0059820583104048808,0.0060285060110549793,0.15424515627163427,0.99836630805432491,0
full_l1,Inf,503506,1,30,39,0.014036868956274873,0.0059745450396506694,0.048835173366461371,0.99714441620413508,0
full_l1,Inf,503506,1,30,40,-0.00090533445061580231,-0.018259339478915226,-0.065817209661976017,0.99303962026331338,0
full_l1,Inf,503506,1,30,41,0.006971583813990323,-0.0017155665991661628,0.34249262708067629,0.98903994408383811,0
full_l1,Inf,503506,1,30,42,-0.0040161473295836636,0.0012212353218821193,-0.13219371277087166,0.996807333081279,0
full_l1,Inf,503506,1,50,1,-0.29166666666666669,0.37499999999999989,-0.041666666666666685,0.20705507573473148,0
full_l1,Inf,503506,1,50,2,0.04166666666666663,0.20833333333333326,-0.45833333333333331,0.55243598423890994,0
full_l1,Inf,503506,1,50,3,0.12499999999999989,0.12499999999999989,-0.29166666666666669,0.68046424971857356,0
full_l1,Inf,503506,1,50,4,-0.375,-0.29166666666666669,0.04166666666666663,0.3871803302558432,0
full_l1,Inf,503506,1,50,5,-0.45833333333333331,0.29166666666666663,0.12499999999999989,0.11233587869805128,0
full_l1,Inf,503506,1,50,6,0.29166666666666663,-0.45833333333333331,0.29166666666666663,0.40008219472261497,0
full_l1,Inf,503506,1,50,7,-0.125,-0.125,-0.375,0.56220449380866888,0
full_l1,Inf,503506,1,50,8,-0.041666666666666685,-0.041666666666666685,0.20833333333333326,0.90986350277232941,0
full_l1,Inf,503506,1,50,9,0.45833333333333326,-0.20833333333333331,0.45833333333333326,0.25604646890596405,0
full_l1,Inf,503506,1,50,10,-0.20833333333333331,0.04166666666666663,-0.125,0.6665848136860989,0
full_l1,Inf,503506,1,50,11,0.37499999999999989,0.45833333333333326,-0.20833333333333331,0.091439513060031286,0
full_l1,Inf,503506,1,50,12,0.20833333333333326,-0.375,0.37499999999999989,0.3809105002703399,0
full_l1,Inf,503506,1,50,13,0.0045060258288176502,0.017096807392205982,0.4525304264315646,0.9875989116924464,0
full_l1,Inf,503506,1,50,14,0.15011632285729037,0.013273025198387689,0.47556050711553399,0.82873365288758849,0
full_l1,Inf,503506,1,50,15,-0.055764681045711084,0.07347848707541349,0.48102314821292991,0.8874370434104899,0
full_l1,Inf,503506,1,50,16,-0.10744053248460794,-0.016906561730158698,0.46747761181463376,0.8526625175162339,0
full_l1,Inf,503506,1,50,17,0.0012599512023192538,0.027743601766558434,0.1726226022809032,0.98270463529032237,0
full_l1,Inf,503506,1,50,18,0.078954720553224611,-0.017452327127915224,0.12192654239897061,0.92858679970943936,0
full_l1,Inf,503506,1,50,19,0.050339034167731667,0.040809768009373304,0.27099999630392002,0.94808646516444239,0
full_l1,Inf,503506,1,50,20,0.020294100763695866,-0.04795930040362717,0.47165273454593359,0.85582957702725238,0
full_l1,Inf,503506,1,50,21,0.013820671812122098,0.0089904535308074074,-0.15494986040370384,0.98932979296063228,0
full_l1,Inf,503506,1,50,22,0.043797979310653767,-0.0067564975915781478,-0.49889085526733368,0.95953027378930289,0
full_l1,Inf,503506,1,50,23,0.048810252468829418,-0.018036865565749682,-0.25893579305811976,0.96853873986059091,0
full_l1,Inf,503506,1,50,24,0.02223180153733062,-0.0099368141752509409,-0.0067912578989230976,0.99304988555409202,0
full_l1,Inf,503506,1,50,25,-0.0068124078752997974,-0.0022878371382719642,-0.06342415464103901,0.99901006453381369,0
full_l1,Inf,503506,1,50,26,-0.025399488514802337,0.0095888640960390958,-0.37601936358841681,0.96872449358561097,0
full_l1,Inf,503506,1,50,27,0.011370980296516953,0.0078820196367934692,0.20483408503684997,0.99649536872523181,0
full_l1,Inf,503506,1,50,28,0.0025340663354600501,-0.0019818768719983559,0.089633462426586208,0.99930593680291269,0
full_l1,Inf,503506,1,50,29,1.116777351950482e-05,0.015988570822736303,0.3278655079409214,0.99259256849896116,0
full_l1,Inf,503506,1,50,30,-0.025587329231919753,-0.0030692893956001388,0.22909578073935921,0.98865271155809853,0
full_l1,Inf,503506,1,50,31,-0.0074546357146438869,-0.018525209839575618,-0.20201692913408631,0.992992354167336,0
full_l1,Inf,503506,1,50,32,0.0095100387272162301,0.011032616063778145,-0.31153140053988948,0.97767821024675716,0
full_l1,Inf,503506,1,50,33,-0.025664211855416674,-0.011019114650363315,0.035092091865460917,0.99002543488903716,0
full_l1,Inf,503506,1,50,34,-0.011942282401073978,0.0073972173270242525,0.079727685435551754,0.99733557187107647,0
full_l1,Inf,503506,1,50,35,0.0079100122996056399,-0.015268378385737247,-0.32206489119606796,0.99115002309206235,0
full_l1,Inf,503506,1,50,36,0.0038979846216420366,-0.006867680905983331,-0.11573191000414429,0.99850677932727716,0
full_l1,Inf,503506,1,50,37,-0.022844145715270825,-0.0015361899960637526,-0.17397612724295763,0.99143313584646942,0
full_l1,Inf,503506,1,50,38,0.0059820583104048808,0.0060285060110549793,0.15424515627163427,0.99836630805432491,0
full_l1,Inf,503506,1,50,39,0.014036868956274873,0.0059745450396506694,0.048835173366461371,0.99714441620413508,0
full_l1,Inf,503506,1,50,40,-0.00090533445061580231,-0.018259339478915226,-0.065817209661976017,0.99303962026331338,0
full_l1,Inf,503506,1,50,41,0.006971583813990323,-0.0017155665991661628,0.34249262708067629,0.98903994408383811,0
full_l1,Inf,503506,1,50,42,-0.0040161473295836636,0.0012212353218821193,-0.13219371277087166,0.996807333081279,0
full_l1,Inf,503506,1,50,43,-0.01132094698175079,0.0015028896511817269,0.077615148444645454,0.99861123262127094,0
full_l1,Inf,503506,1,50,44,0.017674465158655783,0.0017327223987610996,-0.012786594617580249,0.99662722924864489,0
full_l1,Inf,503506,1,50,45,0.00073798049881346195,0.012013598177538665,0.01789970262370244,0.99514186239417024,0
full_l1,Inf,503506,1,50,46,-0.0068010251581684944,0.016651272099247105,0.24146486707235204,0.99338260942744483,0
full_l1,Inf,503506,1,50,47,-0.0028818631496874136,0.00068438213938426529,0.14987094948423296,0.99866728561516915,0
full_l1,Inf,503506,1,50,48,0.012215775091616532,-0.0050500135236040133,-0.13773635583944177,0.99680658055517068,0
full_l1,Inf,503506,1,50,49,0.016660968725118241,-0.011373823659496018,0.22645606469225132,0.98528498303640355,0
full_l1,Inf,503506,1,50,50,-0.0062466466987856073,-0.0082267118491825553,-0.25199691082369968,0.99451957541435421,0
full_l1,Inf,503506,1,50,51,-0.012545716958402231,0.010985465621814905,-0.069950365670286008,0.99181422060836166,0
full_l1,Inf,503506,1,50,52,0.0079228910938826669,-0.0064924962402004294,-0.18887485200562892,0.99635771534742601,0
full_l1,Inf,503506,1,50,53,-0.0092000570708741236,-0.011012062539965006,-0.08935901297803106,0.99705494787577975,0
full_l1,Inf,503506,1,50,54,-0.00056005450432672355,0.002784360256103513,-0.050069244706725469,0.99861172439318235,0
full_l1,Inf,503506,1,50,55,0.0026089390067634,-0.0020778288955543012,-0.008624052590490594,0.99986665654154594,0
full_l1,Inf,503506,1,50,56,-0.023852770035143411,0.0015631581489368163,0.12030493741021631,0.99410124666717004,0
full_l1,Inf,503506,1,50,57,-0.019391773857230454,-0.0048477449785386817,-0.039623403695225878,0.99595944899195443,0
full_l1,Inf,503506,1,50,58,-0.015139832784098362,-0.011307975853078966,-0.18895924268218067,0.99436678894834041,0
full_l1,Inf,503506,1,50,59,-0.0098385031328700467,0.0062029776906546985,0.025961549237963011,0.9977348071648251,0
full_l1,Inf,503506,1,50,60,-0.023749433286539556,0.0046318222716510427,0.10740691914256795,0.99419144712846608,0
full_l1,Inf,503506,1,50,61,-0.002948613963152491,0.004982399887026645,0.086041227073689663,0.99925491143871259,0
full_l1,Inf,503506,1,50,62,-0.0015140683271090971,0.0046097683427515079,0.30772672582910632,0.99433525036868242,0
full_l1,Inf,503506,1,100,1,-0.29166666666666669,0.37499999999999989,-0.041666666666666685,0.20705507573473148,0
full_l1,Inf,503506,1,100,2,0.04166666666666663,0.20833333333333326,-0.45833333333333331,0.55243598423890994,0
full_l1,Inf,503506,1,100,3,0.12499999999999989,0.12499999999999989,-0.29166666666666669,0.68046424971857356,0
full_l1,Inf,503506,1,100,4,-0.375,-0.29166666666666669,0.04166666666666663,0.3871803302558432,0
full_l1,Inf,503506,1,100,5,-0.45833333333333331,0.29166666666666663,0.12499999999999989,0.11233587869805128,0
full_l1,Inf,503506,1,100,6,0.29166666666666663,-0.45833333333333331,0.29166666666666663,0.40008219472261497,0
full_l1,Inf,503506,1,100,7,-0.125,-0.125,-0.375,0.56220449380866888,0
full_l1,Inf,503506,1,100,8,-0.041666666666666685,-0.041666666666666685,0.20833333333333326,0.90986350277232941,0
full_l1,Inf,503506,1,100,9,0.45833333333333326,-0.20833333333333331,0.45833333333333326,0.25604646890596405,0
full_l1,Inf,503506,1,100,10,-0.20833333333333331,0.04166666666666663,-0.125,0.6665848136860989,0
full_l1,Inf,503506,1,100,11,0.37499999999999989,0.45833333333333326,-0.20833333333333331,0.091439513060031286,0
full_l1,Inf,503506,1,100,12,0.20833333333333326,-0.375,0.37499999999999989,0.3809105002703399,0
full_l1,Inf,503506,1,100,13,0.0045060258288176502,0.017096807392205982,0.4525304264315646,0.9875989116924464,0
full_l1,Inf,503506,1,100,14,0.15011632285729037,0.013273025198387689,0.47556050711553399,0.82873365288758849,0
full_l1,Inf,503506,1,100,15,-0.055764681045711084,0.07347848707541349,0.48102314821292991,0.8874370434104899,0
full_l1,Inf,503506,1,100,16,-0.10744053248460794,-0.016906561730158698,0.46747761181463376,0.8526625175162339,0
full_l1,Inf,503506,1,100,17,0.0012599512023192538,0.027743601766558434,0.1726226022809032,0.98270463529032237,0
full_l1,Inf,503506,1,100,18,0.078954720553224611,-0.017452327127915224,0.12192654239897061,0.92858679970943936,0
full_l1,Inf,503506,1,100,19,0.050339034167731667,0.040809768009373304,0.27099999630392002,0.94808646516444239,0
full_l1,Inf,503506,1,100,20,0.020294100763695866,-0.04795930040362717,0.47165273454593359,0.85582957702725238,0
full_l1,Inf,503506,1,100,21,0.013820671812122098,0.0089904535308074074,-0.15494986040370384,0.98932979296063228,0
full_l1,Inf,503506,1,100,22,0.043797979310653767,-0.0067564975915781478,-0.49889085526733368,0.95953027378930289,0
full_l1,Inf,503506,1,100,23,0.048810252468829418,-0.018036865565749682,-0.25893579305811976,0.96853873986059091,0
full_l1,Inf,503506,1,100,24,0.02223180153733062,-0.0099368141752509409,-0.0067912578989230976,0.99304988555409202,0
full_l1,Inf,503506,1,100,25,-0.0068124078752997974,-0.0022878371382719642,-0.06342415464103901,0.99901006453381369,0
full_l1,Inf,503506,1,100,26,-0.025399488514802337,0.0095888640960390958,-0.37601936358841681,0.96872449358561097,0
full_l1,Inf,503506,1,100,27,0.011370980296516953,0.0078820196367934692,0.20483408503684997,0.99649536872523181,0
full_l1,Inf,503506,1,100,28,0.0025340663354600501,-0.0019818768719983559,0.089633462426586208,0.99930593680291269,0
full_l1,Inf,503506,1,100,29,1.116777351950482e-05,0.015988570822736303,0.3278655079409214,0.99259256849896116,0
full_l1,Inf,503506,1,100,30,-0.025587329231919753,-0.0030692893956001388,0.22909578073935921,0.98865271155809853,0
full_l1,Inf,503506,1,100,31,-0.0074546357146438869,-0.018525209839575618,-0.20201692913408631,0.992992354167336,0
full_l1,Inf,503506,1,100,32,0.0095100387272162301,0.011032616063778145,-0.31153140053988948,0.97767821024675716,0
full_l1,Inf,503506,1,100,33,-0.025664211855416674,-0.011019114650363315,0.035092091865460917,0.99002543488903716,0
full_l1,Inf,503506,1,100,34,-0.011942282401073978,0.0073972173270242525,0.079727685435551754,0.99733557187107647,0
full_l1,Inf,503506,1,100,35,0.0079100122996056399,-0.015268378385737247,-0.32206489119606796,0.99115002309206235,0
full_l1,Inf,503506,1,100,36,0.0038979846216420366,-0.006867680905983331,-0.11573191000414429,0.99850677932727716,0
full_l1,Inf,503506,1,100,37,-0.022844145715270825,-0.0015361899960637526,-0.17397612724295763,0.99143313584646942,0
full_l1,Inf,503506,1,100,38,0.0059820583104048808,0.0060285060110549793,0.15424515627163427,0.99836630805432491,0
full_l1,Inf,503506,1,100,39,0.014036868956274873,0.0059745450396506694,0.048835173366461371,0.99714441620413508,0
full_l1,Inf,503506,1,100,40,-0.00090533445061580231,-0.018259339478915226,-0.065817209661976017,0.99303962026331338,0
full_l1,Inf,503506,1,100,41,0.006971583813990323,-0.0017155665991661628,0.34249262708067629,0.98903994408383811,0
full_l1,Inf,503506,1,100,42,-0.0040161473295836636,0.0012212353218821193,-0.13219371277087166,0.996807333081279,0
full_l1,Inf,503506,1,100,43,-0.01132094698175079,0.0015028896511817269,0.077615148444645454,0.99861123262127094,0
full_l1,Inf,503506,1,100,44,0.017674465158655783,0.0017327223987610996,-0.012786594617580249,0.99662722924864489,0
full_l1,Inf,503506,1,100,45,0.00073798049881346195,0.012013598177538665,0.01789970262370244,0.99514186239417024,0
full_l1,Inf,503506,1,100,46,-0.0068010251581684944,0.016651272099247105,0.24146486707235204,0.99338260942744483,0
full_l1,Inf,503506,1,100,47,-0.0028818631496874136,0.00068438213938426529,0.14987094948423296,0.99866728561516915,0
full_l1,Inf,503506,1,100,48,0.012215775091616532,-0.0050500135236040133,-0.13773635583944177,0.99680658055517068,0
full_l1,Inf,503506,1,100,49,0.016660968725118241,-0.011373823659496018,0.22645606469225132,0.98528498303640355,0
full_l1,Inf,503506,1,100,50,-0.0062466466987856073,-0.0082267118491825553,-0.25199691082369968,0.99451957541435421,0
full_l1,Inf,503506,1,100,51,-0.012545716958402231,0.010985465621814905,-0.069950365670286008,0.99181422060836166,0
full_l1,Inf,503506,1,100,52,0.0079228910938826669,-0.0064924962402004294,-0.18887485200562892,0.99635771534742601,0
full_l1,Inf,503506,1,100,53,-0.0092000570708741236,-0.011012062539965006,-0.08935901297803106,0.99705494787577975,0
full_l1,Inf,503506,1,100,54,-0.00056005450432672355,0.002784360256103513,-0.050069244706725469,0.99861172439318235,0
full_l1,Inf,503506,1,100,55,0.0026089390067634,-0.0020778288955543012,-0.008624052590490594,0.99986665654154594,0
full_l1,Inf,503506,1,100,56,-0.023852770035143411,0.0015631581489368163,0.12030493741021631,0.99410124666717004,0
full_l1,Inf,503506,1,100,57,-0.019391773857230454,-0.0048477449785386817,-0.039623403695225878,0.99595944899195443,0
full_l1,Inf,503506,1,100,58,-0.015139832784098362,-0.011307975853078966,-0.18895924268218067,0.99436678894834041,0
full_l1,Inf,503506,1,100,59,-0.0098385031328700467,0.0062029776906546985,0.025961549237963011,0.9977348071648251,0
full_l1,Inf,503506,1,100,60,-0.023749433286539556,0.0046318222716510427,0.10740691914256795,0.99419144712846608,0
full_l1,Inf,503506,1,100,61,-0.002948613963152491,0.004982399887026645,0.086041227073689663,0.99925491143871259,0
full_l1,Inf,503506,1,100,62,-0.0015140683271090971,0.0046097683427515079,0.30772672582910632,0.99433525036868242,0
full_l1,Inf,503506,1,100,63,0.011119654318642702,-0.011457386888903187,0.032074897018536719,0.995058218230085,0
full_l1,Inf,503506,1,100,64,0.012676683660002519,-0.0014187944035377598,0.083459443382079668,0.9980608149408241,0
full_l1,Inf,503506,1,100,65,-0.00044841439002607508,-0.0037894697480409523,-0.10028550741899744,0.99896307057143741,0
full_l1,Inf,503506,1,100,66,0.020315224040567514,0.008869864082271528,0.10247047559403111,0.9944802374727747,0
full_l1,Inf,503506,1,100,67,-0.0055290508744574307,0.010144001870654673,0.17220489325394928,0.99719656867061723,0
full_l1,Inf,503506,1,100,68,-0.0018279100427864847,0.0089088030862665146,0.024890591579437071,0.99727027914589639,0
full_l1,Inf,503506,1,100,69,-0.0010072103337965821,-0.001680476895516092,-0.18417622192282113,0.99614486001493652,0
full_l1,Inf,503506,1,100,70,-0.00594056093062445,-0.0015205525881945015,0.013033535109464811,0.99965330460129354,0
full_l1,Inf,503506,1,100,71,-0.005017429353411762,-0.0047202444520300091,-0.044773407049321978,0.99936478553903008,0
full_l1,Inf,503506,1,100,72,0.016932343021311524,0.0036859329662279894,0.045121936390797313,0.99694276347738475,0
full_l1,Inf,503506,1,100,73,-0.0026170224687636079,-0.0003573946238890624,0.15453980466533834,0.99836347752676924,0
full_l1,Inf,503506,1,100,74,-0.011992483807713894,0.0084668581396529774,0.30479775271318932,0.99368622920097815,0
full_l1,Inf,503506,1,100,75,0.0067660569718699382,-0.0083275182123703217,-0.10220943527915893,0.99815455141222653,0
full_l1,Inf,503506,1,100,76,-0.013677216431625228,0.0010916155646008008,-0.050513581930021978,0.99734131043614105,0
full_l1,Inf,503506,1,100,77,5.741732667763344e-05,0.00051096712220033425,-0.097456147008689431,0.99824439588109959,0
full_l1,Inf,503506,1,100,78,-0.0049570074720619584,-0.012173822032899295,-0.33869792255293518,0.99104489910026716,0
full_l1,Inf,503506,1,100,79,-0.0036558103382744456,0.013268672994177999,0.38537662110289772,0.99135072736414109,0
full_l1,Inf,503506,1,100,80,-0.0062101033005546036,-0.001677763942451671,0.11602499801249344,0.99860806179349615,0
full_l1,Inf,503506,1,100,81,0.0018649102557126707,-0.0057615266514179364,-0.16224677848461511,0.99765909710481826,0
full_l1,Inf,503506,1,100,82,-0.016875721078877692,0.0059434105698519257,0.13549374560370953,0.99634706303667631,0
full_l1,Inf,503506,1,100,83,0.00034422857234694959,-0.00068448435565393595,0.083039449654178199,0.99965993116514573,0
full_l1,Inf,503506,1,100,84,0.010101163883259767,0.0030267764210638592,0.10798588130829412,0.99857123598361941,0
full_l1,Inf,503506,1,100,85,0.0022333355983836789,0.0022139362366544457,-0.14399193788682529,0.99605137231065199,0
full_l1,Inf,503506,1,100,86,0.0044015757038287084,0.0065071215174070662,0.3246446728241168,0.99381632419678723,0
full_l1,Inf,503506,1,100,87,0.0053330224569216877,-0.0028707027093264337,0.24982953597752289,0.99364458584826865,0
full_l1,Inf,503506,1,100,88,0.0051265370413287048,0.01120882495068809,0.046119788369855641,0.99605068510353523,0
full_l1,Inf,503506,1,100,89,-0.011688611326307274,-0.0020586645330664677,0.019909487958065464,0.99865612937764725,0
full_l1,Inf,503506,1,100,90,0.005978046148120475,-0.00046966832094508248,0.086551712372014311,0.99931254297685013,0
full_l1,Inf,503506,1,100,91,-0.011262509387637287,0.0069834144515670271,0.22903505901964927,0.99612358579715699,0
full_l1,Inf,503506,1,100,92,0.011457484345072766,-0.016497062229411608,-0.21786938433676672,0.99299118165516176,0
full_l1,Inf,503506,1,100,93,0.0077208702428730458,-0.0081007110543185323,-0.13831766221703212,0.99756315969986131,0
full_l1,Inf,503506,1,100,94,-0.0020114213359119226,-0.0037348963101275778,0.033700478456651695,0.9996227662622118,0
full_l1,Inf,503506,1,100,95,0.0034222881334224908,-0.0057521180298847341,-0.016344212332273234,0.99937320165259591,0
full_l1,Inf,503506,1,100,96,0.011432427055361849,-0.0038133581619392842,0.1502093011956962,0.99614642267811027,0
full_l1,Inf,503506,1,100,97,-0.019170037821749641,-0.010225964492916795,-0.073697357794782814,0.99455455406700977,0
full_l1,Inf,503506,1,100,98,-0.0046835734888932556,-0.014290838410704998,-0.16501549507349988,0.99587609537370869,0
full_l1,Inf,503506,1,100,99,-0.019731171984229023,-0.0033739431207915338,-0.080141073866933477,0.99550130581699303,0
full_l1,Inf,503506,1,100,100,0.0015795300435685888,-0.012431540163915233,0.016247385405472548,0.9959647518798953,0
full_l1,Inf,503506,1,100,101,-0.017964122887492273,-0.0087208507844100946,-0.091650701966334847,0.9954179638858569,0
full_l1,Inf,503506,1,100,102,0.007095242971598692,-0.0022546766124162954,-0.0092650287873332626,0.99944730702642504,0
full_l1,Inf,503506,1,100,103,-0.0209295768700406,0.0020435120013495567,0.14592525372484944,0.99495495862164296,0
full_l1,Inf,503506,1,100,104,-0.0073379321547861753,-0.0052771987312423274,-0.011401849942411779,0.99905939571360225,0
full_l1,Inf,503506,1,100,105,-0.012664556967658891,0.0042511311639210625,0.25231574301523119,0.99501954171659712,0
full_l1,Inf,503506,1,100,106,0.021787203287441326,0.0051260366724454887,-0.078058185277314784,0.99254220733849452,0
full_l1,Inf,503506,1,100,107,0.016059279964793394,-0.00014663178972895707,-0.14298794546617621,0.99467020164482312,0
full_l1,Inf,503506,1,100,108,-0.010789006621163555,0.015330597263288892,0.024898008553650763,0.99166184938499025,0
full_l1,Inf,503506,1,100,109,-0.010023665244445867,-0.00096227626692568791,0.0079919784371562663,0.99902906805881697,0
full_l1,Inf,503506,1,100,110,0.01519279472161883,-0.011120809312235469,-0.10579406128274238,0.99546228690149985,0
full_l1,Inf,503506,1,100,111,0.00081625603449264617,-0.010785188159191605,-0.14237086463525506,0.99756888298666868,0
full_l1,Inf,503506,1,100,112,0.0019076025211059999,-0.0065771161946590606,0.20304460215292908,0.99363343124682446,0
full_l1,Inf,607415,2,10,1,-0.20833333333333331,0.04166666666666663,0.12499999999999989,0.68511232689064272,0
full_l1,Inf,607415,2,10,2,0.37499999999999989,-0.375,0.20833333333333326,0.29544874648091723,0
full_l1,Inf,607415,2,10,3,-0.45833333333333331,-0.29166666666666669,0.37499999999999989,0.33754859810402649,0
full_l1,Inf,607415,2,10,4,-0.375,-0.20833333333333331,0.29166666666666663,0.29846613351258278,0
full_l1,Inf,607415,2,10,5,0.20833333333333326,0.12499999999999989,-0.45833333333333331,0.57243684551317586,0
full_l1,Inf,607415,2,10,6,0.29166666666666663,0.37499999999999989,-0.20833333333333331,0.27938253541875624,0
full_l1,Inf,607415,2,10,7,-0.041666666666666685,0.20833333333333326,-0.041666666666666685,0.55808403968262199,0
full_l1,Inf,607415,2,10,8,0.45833333333333326,0.29166666666666663,-0.125,0.1318287254631032,0
full_l1,Inf,607415,2,10,9,0.04166666666666663,-0.45833333333333331,-0.29166666666666669,0.46140949483553206,0
full_l1,Inf,607415,2,10,10,-0.125,0.45833333333333326,-0.375,0.41725160057857758,0
full_l1,Inf,607415,2,10,11,-0.29166666666666669,-0.125,0.45833333333333326,0.30498329687148473,0
full_l1,Inf,607415,2,10,12,0.12499999999999989,-0.041666666666666685,0.04166666666666663,0.79898484980266471,0
full_l1,Inf,607415,2,10,13,0.0083642208207754809,0.014232358117322041,-0.33344385899611217,0.97190738666439125,0
full_l1,Inf,607415,2,10,14,0.044628080392299374,-0.037503289927003136,-0.4757820603260996,0.94941185850055176,0
full_l1,Inf,607415,2,10,15,-0.12369562285750813,0.020672105836701427,-0.47527824746759895,0.82338526770784093,0
full_l1,Inf,607415,2,10,16,0.16120838152240613,-0.011697859812557443,-0.43975083113068703,0.76439187427986566,0
full_l1,Inf,607415,2,10,17,-0.029363291973376837,-0.023294703817181794,-0.28285414030811795,0.98045694778816084,0
full_l1,Inf,607415,2,10,18,-0.074968400788370637,-0.09202913548095748,-0.49365076544018072,0.78829712450410927,0
full_l1,Inf,607415,2,10,19,0.0069247266639327343,0.0014755258176719632,-0.059195770525926283,0.99839074244489978,0
full_l1,Inf,607415,2,10,20,0.029700216370184274,0.048432095586109281,0.14023575422846535,0.94014738345995097,0
full_l1,Inf,607415,2,10,21,-0.030309312588383097,0.04498812838402988,-0.14381785086136878,0.92723259189526441,0
full_l1,Inf,607415,2,10,22,-0.020386379211822181,-0.014424434554509702,0.11849024742624437,0.98656059513019212,0
full_l1,Inf,607415,2,30,1,-0.20833333333333331,0.04166666666666663,0.12499999999999989,0.68511232689064272,0
full_l1,Inf,607415,2,30,2,0.37499999999999989,-0.375,0.20833333333333326,0.29544874648091723,0
full_l1,Inf,607415,2,30,3,-0.45833333333333331,-0.29166666666666669,0.37499999999999989,0.33754859810402649,0
full_l1,Inf,607415,2,30,4,-0.375,-0.20833333333333331,0.29166666666666663,0.29846613351258278,0
full_l1,Inf,607415,2,30,5,0.20833333333333326,0.12499999999999989,-0.45833333333333331,0.57243684551317586,0
full_l1,Inf,607415,2,30,6,0.29166666666666663,0.37499999999999989,-0.20833333333333331,0.27938253541875624,0
full_l1,Inf,607415,2,30,7,-0.041666666666666685,0.20833333333333326,-0.041666666666666685,0.55808403968262199,0
full_l1,Inf,607415,2,30,8,0.45833333333333326,0.29166666666666663,-0.125,0.1318287254631032,0
full_l1,Inf,607415,2,30,9,0.04166666666666663,-0.45833333333333331,-0.29166666666666669,0.46140949483553206,0
full_l1,Inf,607415,2,30,10,-0.125,0.45833333333333326,-0.375,0.41725160057857758,0
full_l1,Inf,607415,2,30,11,-0.29166666666666669,-0.125,0.45833333333333326,0.30498329687148473,0
full_l1,Inf,607415,2,30,12,0.12499999999999989,-0.041666666666666685,0.04166666666666663,0.79898484980266471,0
full_l1,Inf,607415,2,30,13,0.0083642208207754809,0.014232358117322041,-0.33344385899611217,0.97190738666439125,0
full_l1,Inf,607415,2,30,14,0.044628080392299374,-0.037503289927003136,-0.4757820603260996,0.94941185850055176,0
full_l1,Inf,607415,2,30,15,-0.12369562285750813,0.020672105836701427,-0.47527824746759895,0.82338526770784093,0
full_l1,Inf,607415,2,30,16,0.16120838152240613,-0.011697859812557443,-0.43975083113068703,0.76439187427986566,0
full_l1,Inf,607415,2,30,17,-0.029363291973376837,-0.023294703817181794,-0.28285414030811795,0.98045694778816084,0
full_l1,Inf,607415,2,30,18,-0.074968400788370637,-0.09202913548095748,-0.49365076544018072,0.78829712450410927,0
full_l1,Inf,607415,2,30,19,0.0069247266639327343,0.0014755258176719632,-0.059195770525926283,0.99839074244489978,0
full_l1,Inf,607415,2,30,20,0.029700216370184274,0.048432095586109281,0.14023575422846535,0.94014738345995097,0
full_l1,Inf,607415,2,30,21,-0.030309312588383097,0.04498812838402988,-0.14381785086136878,0.92723259189526441,0
full_l1,Inf,607415,2,30,22,-0.020386379211822181,-0.014424434554509702,0.11849024742624437,0.98656059513019212,0
full_l1,Inf,607415,2,30,23,-0.0035763744757015825,-0.034444706368596201,-0.061881484115390295,0.9701330535669771,0
full_l1,Inf,607415,2,30,24,0.0014565912961546079,0.025659346504151248,0.43351147791705369,0.98406944372688332,0
full_l1,Inf,607415,2,30,25,0.029316212876364878,-0.0077058112607488738,0.33208241661457771,0.97693735481178712,0
full_l1,Inf,607415,2,30,26,0.007878709492666891,0.010732669922527194,0.2068942195560779,0.99633973085928529,0
full_l1,Inf,607415,2,30,27,-0.015245356099757412,0.021472442791617752,0.27039027750041655,0.98834018540891433,0
full_l1,Inf,607415,2,30,28,-0.49463111611154886,0.45688812482917274,0.48303937036348876,0.043882616305981115,0
full_l1,Inf,607415,2,30,29,-0.0019898374297837584,-0.012444894644971338,0.48049438177382275,0.96386401107264219,0
full_l1,Inf,607415,2,30,30,-0.0059605548264518582,-0.0084538452213529514,-0.24475381855217004,0.9948543576563903,0
full_l1,Inf,607415,2,30,31,0.0051256393692742375,-0.0026979885380549185,0.083758138276940786,0.99904995307563838,0
full_l1,Inf,607415,2,30,32,-0.022831592204221929,0.016612711706908145,0.046124516636163015,0.98767397255189326,0
full_l1,Inf,607415,2,30,33,-0.024092083155845323,-0.010622535156753043,-0.067323033535953369,0.9922563826979387,0
full_l1,Inf,607415,2,30,34,-0.019907962906069887,0.0064459782627133144,0.17130724791417729,0.99487848633252685,0
full_l1,Inf,607415,2,30,35,-0.014990403903219152,-0.0066141319695440792,0.27268048216531637,0.98777362196003171,0
full_l1,Inf,607415,2,30,36,0.0041790455321875086,-0.011666078858385776,-0.4444219456496068,0.98460508545993985,0
full_l1,Inf,607415,2,30,37,-0.0090020977713678452,0.0036385911384035907,-0.12878059532901132,0.99519289303458747,0
full_l1,Inf,607415,2,30,38,0.01922813806785828,-0.020059756542147866,-0.19706821308048927,0.98854832264313863,0
full_l1,Inf,607415,2,30,39,0.012320641473767102,0.0124519829947074,0.0763710260961461,0.99462035218380274,0
full_l1,Inf,607415,2,30,40,0.021850075697992022,-0.023507820281611247,-0.3450414341807575,0.98259562508981502,0
full_l1,Inf,607415,2,30,41,0.0024307597360493371,-0.0031045268457190467,0.11771288947964775,0.99846652998716168,0
full_l1,Inf,607415,2,30,42,-0.0079358185330320463,0.0048286346611574604,0.335632239927798,0.99257881182060692,0
full_l1,Inf,607415,2,50,1,-0.20833333333333331,0.04166666666666663,0.12499999999999989,0.68511232689064272,0
full_l1,Inf,607415,2,50,2,0.37499999999999989,-0.375,0.20833333333333326,0.29544874648091723,0
full_l1,Inf,607415,2,50,3,-0.45833333333333331,-0.29166666666666669,0.37499999999999989,0.33754859810402649,0
full_l1,Inf,607415,2,50,4,-0.375,-0.20833333333333331,0.29166666666666663,0.29846613351258278,0
full_l1,Inf,607415,2,50,5,0.20833333333333326,0.12499999999999989,-0.45833333333333331,0.57243684551317586,0
full_l1,Inf,607415,2,50,6,0.29166666666666663,0.37499999999999989,-0.20833333333333331,0.27938253541875624,0
full_l1,Inf,607415,2,50,7,-0.041666666666666685,0.20833333333333326,-0.041666666666666685,0.55808403968262199,0
full_l1,Inf,607415,2,50,8,0.45833333333333326,0.29166666666666663,-0.125,0.1318287254631032,0
full_l1,Inf,607415,2,50,9,0.04166666666666663,-0.45833333333333331,-0.29166666666666669,0.46140949483553206,0
full_l1,Inf,607415,2,50,10,-0.125,0.45833333333333326,-0.375,0.41725160057857758,0
full_l1,Inf,607415,2,50,11,-0.29166666666666669,-0.125,0.45833333333333326,0.30498329687148473,0
full_l1,Inf,607415,2,50,12,0.12499999999999989,-0.041666666666666685,0.04166666666666663,0.79898484980266471,0
full_l1,Inf,607415,2,50,13,0.0083642208207754809,0.014232358117322041,-0.33344385899611217,0.97190738666439125,0
full_l1,Inf,607415,2,50,14,0.044628080392299374,-0.037503289927003136,-0.4757820603260996,0.94941185850055176,0
full_l1,Inf,607415,2,50,15,-0.12369562285750813,0.020672105836701427,-0.47527824746759895,0.82338526770784093,0
full_l1,Inf,607415,2,50,16,0.16120838152240613,-0.011697859812557443,-0.43975083113068703,0.76439187427986566,0
full_l1,Inf,607415,2,50,17,-0.029363291973376837,-0.023294703817181794,-0.28285414030811795,0.98045694778816084,0
full_l1,Inf,607415,2,50,18,-0.074968400788370637,-0.09202913548095748,-0.49365076544018072,0.78829712450410927,0
full_l1,Inf,607415,2,50,19,0.0069247266639327343,0.0014755258176719632,-0.059195770525926283,0.99839074244489978,0
full_l1,Inf,607415,2,50,20,0.029700216370184274,0.048432095586109281,0.14023575422846535,0.94014738345995097,0
full_l1,Inf,607415,2,50,21,-0.030309312588383097,0.04498812838402988,-0.14381785086136878,0.92723259189526441,0
full_l1,Inf,607415,2,50,22,-0.020386379211822181,-0.014424434554509702,0.11849024742624437,0.98656059513019212,0
full_l1,Inf,607415,2,50,23,-0.0035763744757015825,-0.034444706368596201,-0.061881484115390295,0.9701330535669771,0
full_l1,Inf,607415,2,50,24,0.0014565912961546079,0.025659346504151248,0.43351147791705369,0.98406944372688332,0
full_l1,Inf,607415,2,50,25,0.029316212876364878,-0.0077058112607488738,0.33208241661457771,0.97693735481178712,0
full_l1,Inf,607415,2,50,26,0.007878709492666891,0.010732669922527194,0.2068942195560779,0.99633973085928529,0
full_l1,Inf,607415,2,50,27,-0.015245356099757412,0.021472442791617752,0.27039027750041655,0.98834018540891433,0
full_l1,Inf,607415,2,50,28,-0.49463111611154886,0.45688812482917274,0.48303937036348876,0.043882616305981115,0
full_l1,Inf,607415,2,50,29,-0.0019898374297837584,-0.012444894644971338,0.48049438177382275,0.96386401107264219,0
full_l1,Inf,607415,2,50,30,-0.0059605548264518582,-0.0084538452213529514,-0.24475381855217004,0.9948543576563903,0
full_l1,Inf,607415,2,50,31,0.0051256393692742375,-0.0026979885380549185,0.083758138276940786,0.99904995307563838,0
full_l1,Inf,607415,2,50,32,-0.022831592204221929,0.016612711706908145,0.046124516636163015,0.98767397255189326,0
full_l1,Inf,607415,2,50,33,-0.024092083155845323,-0.010622535156753043,-0.067323033535953369,0.9922563826979387,0
full_l1,Inf,607415,2,50,34,-0.019907962906069887,0.0064459782627133144,0.17130724791417729,0.99487848633252685,0
full_l1,Inf,607415,2,50,35,-0.014990403903219152,-0.0066141319695440792,0.27268048216531637,0.98777362196003171,0
full_l1,Inf,607415,2,50,36,0.0041790455321875086,-0.011666078858385776,-0.4444219456496068,0.98460508545993985,0
full_l1,Inf,607415,2,50,37,-0.0090020977713678452,0.0036385911384035907,-0.12878059532901132,0.99519289303458747,0
full_l1,Inf,607415,2,50,38,0.01922813806785828,-0.020059756542147866,-0.19706821308048927,0.98854832264313863,0
full_l1,Inf,607415,2,50,39,0.012320641473767102,0.0124519829947074,0.0763710260961461,0.99462035218380274,0
full_l1,Inf,607415,2,50,40,0.021850075697992022,-0.023507820281611247,-0.3450414341807575,0.98259562508981502,0
full_l1,Inf,607415,2,50,41,0.0024307597360493371,-0.0031045268457190467,0.11771288947964775,0.99846652998716168,0
full_l1,Inf,607415,2,50,42,-0.0079358185330320463,0.0048286346611574604,0.335632239927798,0.99257881182060692,0
full_l1,Inf,607415,2,50,43,0.012460212010500182,-0.00099637896394177972,0.050873049864078368,0.9984621962225485,0
full_l1,Inf,607415,2,50,44,-0.002398506493400232,0.0093992685824102473,0.14691262810116168,0.99782747135645866,0
full_l1,Inf,607415,2,50,45,-0.0028594616650257088,-0.0052517933721074606,-0.14389859091739554,0.99804909707505651,0
full_l1,Inf,607415,2,50,46,0.009209370824095009,0.0089495574565923164,0.022648542283891127,0.99646699110426773,0
full_l1,Inf,607415,2,50,47,-0.019443121283158726,-0.001527785763842493,-0.055899127983197516,0.99586133100989382,0
full_l1,Inf,607415,2,50,48,0.0080439013359268063,0.014529072249794828,0.31217525367510057,0.99299376463487643,0
full_l1,Inf,607415,2,50,49,0.017472596362169135,0.0019610634050393205,0.0093651550630109437,0.99687329799296076,0
full_l1,Inf,607415,2,50,50,0.0015738704254837366,-0.01582617057389113,-0.23190244393424764,0.9943918513419473,0
full_l1,Inf,607415,2,50,51,0.0066797519586858645,-0.0071643430241381534,0.15201452954043559,0.99501564649728558,0
full_l1,Inf,607415,2,50,52,0.010757806596121799,-0.0119040008971949,-0.11677040920826975,0.9962536976101265,0
full_l1,Inf,607415,2,50,53,-0.0079082863658350711,-0.0017426667454527589,0.010465665019478987,0.99938544064427781,0
full_l1,Inf,607415,2,50,54,0.010094659123524696,-0.0071859666700453406,-0.051439581712261484,0.99815972806572728,0
full_l1,Inf,607415,2,50,55,-0.0072937953268432665,0.0065249765530668302,0.24059662371546842,0.99648781565076905,0
full_l1,Inf,607415,2,50,56,-0.014099636664245407,-0.00057902706613921495,0.0098789094613656037,0.99809332330790235,0
full_l1,Inf,607415,2,50,57,-0.0005125805427479424,0.0018710595472553049,0.1459795142109992,0.99896381364787601,0
full_l1,Inf,607415,2,50,58,0.0043780467014220559,0.0014806240512328372,-0.035520542026169277,0.99908337633824595,0
full_l1,Inf,607415,2,50,59,-0.0098228822449171194,0.008833470644117325,-0.014993359029951137,0.99564197724769887,0
full_l1,Inf,607415,2,50,60,-0.010329629895797554,-0.013709877928390402,-0.32529025829084968,0.99081447218100782,0
full_l1,Inf,607415,2,50,61,-0.0056353108891189496,0.0015739024323959683,0.19453105010551996,0.99749638640926408,0
full_l1,Inf,607415,2,50,62,0.0045366159213187096,0.0062702741269444751,0.038366687943131916,0.99853251570115664,0
full_l1,Inf,607415,2,100,1,-0.20833333333333331,0.04166666666666663,0.12499999999999989,0.68511232689064272,0
full_l1,Inf,607415,2,100,2,0.37499999999999989,-0.375,0.20833333333333326,0.29544874648091723,0
full_l1,Inf,607415,2,100,3,-0.45833333333333331,-0.29166666666666669,0.37499999999999989,0.33754859810402649,0
full_l1,Inf,607415,2,100,4,-0.375,-0.20833333333333331,0.29166666666666663,0.29846613351258278,0
full_l1,Inf,607415,2,100,5,0.20833333333333326,0.12499999999999989,-0.45833333333333331,0.57243684551317586,0
full_l1,Inf,607415,2,100,6,0.29166666666666663,0.37499999999999989,-0.20833333333333331,0.27938253541875624,0
full_l1,Inf,607415,2,100,7,-0.041666666666666685,0.20833333333333326,-0.041666666666666685,0.55808403968262199,0
full_l1,Inf,607415,2,100,8,0.45833333333333326,0.29166666666666663,-0.125,0.1318287254631032,0
full_l1,Inf,607415,2,100,9,0.04166666666666663,-0.45833333333333331,-0.29166666666666669,0.46140949483553206,0
full_l1,Inf,607415,2,100,10,-0.125,0.45833333333333326,-0.375,0.41725160057857758,0
full_l1,Inf,607415,2,100,11,-0.29166666666666669,-0.125,0.45833333333333326,0.30498329687148473,0
full_l1,Inf,607415,2,100,12,0.12499999999999989,-0.041666666666666685,0.04166666666666663,0.79898484980266471,0
full_l1,Inf,607415,2,100,13,0.0083642208207754809,0.014232358117322041,-0.33344385899611217,0.97190738666439125,0
full_l1,Inf,607415,2,100,14,0.044628080392299374,-0.037503289927003136,-0.4757820603260996,0.94941185850055176,0
full_l1,Inf,607415,2,100,15,-0.12369562285750813,0.020672105836701427,-0.47527824746759895,0.82338526770784093,0
full_l1,Inf,607415,2,100,16,0.16120838152240613,-0.011697859812557443,-0.43975083113068703,0.76439187427986566,0
full_l1,Inf,607415,2,100,17,-0.029363291973376837,-0.023294703817181794,-0.28285414030811795,0.98045694778816084,0
full_l1,Inf,607415,2,100,18,-0.074968400788370637,-0.09202913548095748,-0.49365076544018072,0.78829712450410927,0
full_l1,Inf,607415,2,100,19,0.0069247266639327343,0.0014755258176719632,-0.059195770525926283,0.99839074244489978,0
full_l1,Inf,607415,2,100,20,0.029700216370184274,0.048432095586109281,0.14023575422846535,0.94014738345995097,0
full_l1,Inf,607415,2,100,21,-0.030309312588383097,0.04498812838402988,-0.14381785086136878,0.92723259189526441,0
full_l1,Inf,607415,2,100,22,-0.020386379211822181,-0.014424434554509702,0.11849024742624437,0.98656059513019212,0
full_l1,Inf,607415,2,100,23,-0.0035763744757015825,-0.034444706368596201,-0.061881484115390295,0.9701330535669771,0
full_l1,Inf,607415,2,100,24,0.0014565912961546079,0.025659346504151248,0.43351147791705369,0.98406944372688332,0
full_l1,Inf,607415,2,100,25,0.029316212876364878,-0.0077058112607488738,0.33208241661457771,0.97693735481178712,0
full_l1,Inf,607415,2,100,26,0.007878709492666891,0.010732669922527194,0.2068942195560779,0.99633973085928529,0
full_l1,Inf,607415,2,100,27,-0.015245356099757412,0.021472442791617752,0.27039027750041655,0.98834018540891433,0
full_l1,Inf,607415,2,100,28,-0.49463111611154886,0.45688812482917274,0.48303937036348876,0.043882616305981115,0
full_l1,Inf,607415,2,100,29,-0.0019898374297837584,-0.012444894644971338,0.48049438177382275,0.96386401107264219,0
full_l1,Inf,607415,2,100,30,-0.0059605548264518582,-0.0084538452213529514,-0.24475381855217004,0.9948543576563903,0
full_l1,Inf,607415,2,100,31,0.0051256393692742375,-0.0026979885380549185,0.083758138276940786,0.99904995307563838,0
full_l1,Inf,607415,2,100,32,-0.022831592204221929,0.016612711706908145,0.046124516636163015,0.98767397255189326,0
full_l1,Inf,607415,2,100,33,-0.024092083155845323,-0.010622535156753043,-0.067323033535953369,0.9922563826979387,0
full_l1,Inf,607415,2,100,34,-0.019907962906069887,0.0064459782627133144,0.17130724791417729,0.99487848633252685,0
full_l1,Inf,607415,2,100,35,-0.014990403903219152,-0.0066141319695440792,0.27268048216531637,0.98777362196003171,0
full_l1,Inf,607415,2,100,36,0.0041790455321875086,-0.011666078858385776,-0.4444219456496068,0.98460508545993985,0
full_l1,Inf,607415,2,100,37,-0.0090020977713678452,0.0036385911384035907,-0.12878059532901132,0.99519289303458747,0
full_l1,Inf,607415,2,100,38,0.01922813806785828,-0.020059756542147866,-0.19706821308048927,0.98854832264313863,0
full_l1,Inf,607415,2,100,39,0.012320641473767102,0.0124519829947074,0.0763710260961461,0.99462035218380274,0
full_l1,Inf,607415,2,100,40,0.021850075697992022,-0.023507820281611247,-0.3450414341807575,0.98259562508981502,0
full_l1,Inf,607415,2,100,41,0.0024307597360493371,-0.0031045268457190467,0.11771288947964775,0.99846652998716168,0
full_l1,Inf,607415,2,100,42,-0.0079358185330320463,0.0048286346611574604,0.335632239927798,0.99257881182060692,0
full_l1,Inf,607415,2,100,43,0.012460212010500182,-0.00099637896394177972,0.050873049864078368,0.9984621962225485,0
full_l1,Inf,607415,2,100,44,-0.002398506493400232,0.0093992685824102473,0.14691262810116168,0.99782747135645866,0
full_l1,Inf,607415,2,100,45,-0.0028594616650257088,-0.0052517933721074606,-0.14389859091739554,0.99804909707505651,0
full_l1,Inf,607415,2,100,46,0.009209370824095009,0.0089495574565923164,0.022648542283891127,0.99646699110426773,0
full_l1,Inf,607415,2,100,47,-0.019443121283158726,-0.001527785763842493,-0.055899127983197516,0.99586133100989382,0
full_l1,Inf,607415,2,100,48,0.0080439013359268063,0.014529072249794828,0.31217525367510057,0.99299376463487643,0
full_l1,Inf,607415,2,100,49,0.017472596362169135,0.0019610634050393205,0.0093651550630109437,0.99687329799296076,0
full_l1,Inf,607415,2,100,50,0.0015738704254837366,-0.01582617057389113,-0.23190244393424764,0.9943918513419473,0
full_l1,Inf,607415,2,100,51,0.0066797519586858645,-0.0071643430241381534,0.15201452954043559,0.99501564649728558,0
full_l1,Inf,607415,2,100,52,0.010757806596121799,-0.0119040008971949,-0.11677040920826975,0.9962536976101265,0
full_l1,Inf,607415,2,100,53,-0.0079082863658350711,-0.0017426667454527589,0.010465665019478987,0.99938544064427781,0
full_l1,Inf,607415,2,100,54,0.010094659123524696,-0.0071859666700453406,-0.051439581712261484,0.99815972806572728,0
full_l1,Inf,607415,2,100,55,-0.0072937953268432665,0.0065249765530668302,0.24059662371546842,0.99648781565076905,0
full_l1,Inf,607415,2,100,56,-0.014099636664245407,-0.00057902706613921495,0.0098789094613656037,0.99809332330790235,0
full_l1,Inf,607415,2,100,57,-0.0005125805427479424,0.0018710595472553049,0.1459795142109992,0.99896381364787601,0
full_l1,Inf,607415,2,100,58,0.0043780467014220559,0.0014806240512328372,-0.035520542026169277,0.99908337633824595,0
full_l1,Inf,607415,2,100,59,-0.0098228822449171194,0.008833470644117325,-0.014993359029951137,0.99564197724769887,0
full_l1,Inf,607415,2,100,60,-0.010329629895797554,-0.013709877928390402,-0.32529025829084968,0.99081447218100782,0
full_l1,Inf,607415,2,100,61,-0.0056353108891189496,0.0015739024323959683,0.19453105010551996,0.99749638640926408,0
full_l1,Inf,607415,2,100,62,0.0045366159213187096,0.0062702741269444751,0.038366687943131916,0.99853251570115664,0
full_l1,Inf,607415,2,100,63,-0.019690547379085599,-0.0059081232230757674,-0.17216745309182513,0.99360164227667858,0
full_l1,Inf,607415,2,100,64,-0.012170389155012007,-0.0027413635601174491,0.13006748010563474,0.99695326824881092,0
full_l1,Inf,607415,2,100,65,-0.001067202196406436,-0.0031315764672161794,0.010780473131019708,0.99986368386022095,0
full_l1,Inf,607415,2,100,66,0.018094078431782679,-0.010581778804555464,-0.18266458631635429,0.99363246197931476,0
full_l1,Inf,607415,2,100,67,-0.012440325079363879,-0.0080344847882873882,-0.14631264540588895,0.99649101150254826,0
full_l1,Inf,607415,2,100,68,0.013111657560703982,0.003449049585113606,0.098424392429879548,0.99797677068314705,0
full_l1,Inf,607415,2,100,69,0.018264961181551964,-0.010744602318091712,0.041194157884867577,0.9932675978550034,0
full_l1,Inf,607415,2,100,70,-0.01169022030923772,0.0046282019681294084,0.11135498953344358,0.99806615717511238,0
full_l1,Inf,607415,2,100,71,0.0062077299301361855,-0.0082726222073903344,-0.084674304098658393,0.99837989367913482,0
full_l1,Inf,607415,2,100,72,-0.014469070321978306,0.0044742081241122555,0.054068451633943138,0.99749082796254473,0
full_l1,Inf,607415,2,100,73,-0.010912071057620487,0.013933275118522159,0.18205669850462347,0.99468092254058782,0
full_l1,Inf,607415,2,100,74,-0.0086421716378359825,0.0096302319953236459,0.098683089763009102,0.99711620062926598,0
full_l1,Inf,607415,2,100,75,-0.0033032301080901938,0.0067796985402337473,0.015774227672731733,0.99812044441630798,0
full_l1,Inf,607415,2,100,76,0.018986459233682806,0.0058172281281470006,-0.073845971977814839,0.99334329522162168,0
full_l1,Inf,607415,2,100,77,-0.0066294176294934282,-0.0071094804334368433,0.12242772270535474,0.99611035706288387,0
full_l1,Inf,607415,2,100,78,-0.0074753286474098513,0.00029516018345709938,0.052399575198990966,0.99942102007320577,0
full_l1,Inf,607415,2,100,79,-0.0066103963556922718,-0.0079293008488299233,0.031378761000121935,0.99789370333235528,0
full_l1,Inf,607415,2,100,80,-0.01377881270211101,-0.010511721039744071,-0.11207999993061324,0.9960771800664221,0
full_l1,Inf,607415,2,100,81,-0.011739792247245973,0.0078579250236185949,0.0081743077713558598,0.99632970387134134,0
full_l1,Inf,607415,2,100,82,0.0092617846631686263,-0.0028710223358103804,0.047291639376688011,0.99889914681324432,0
full_l1,Inf,607415,2,100,83,-0.00072099691857929749,-0.0096185855307182599,-0.15848067514775233,0.99757726361169041,0
full_l1,Inf,607415,2,100,84,-0.011049197209380024,0.0080074671535432795,0.11866963786892204,0.99737419977048358,0
full_l1,Inf,607415,2,100,85,-0.012138020606050182,0.0031836425641516009,-0.026891574687293973,0.99755104573819298,0
full_l1,Inf,607415,2,100,86,-0.00083859090488136445,-0.010019492259291773,-0.063662896513940526,0.99826981736803999,0
full_l1,Inf,607415,2,100,87,-0.00069014827078528462,0.0059310381355770492,-0.099777739806198307,0.99570041887977911,0
full_l1,Inf,607415,2,100,88,-0.030576256572375504,0.00010402867105652192,-0.10164137566089382,0.98931029596304898,0
full_l1,Inf,607415,2,100,89,0.011903100683226864,0.00041684231316141407,0.089184547523277535,0.99838287576105889,0
full_l1,Inf,607415,2,100,90,-0.0012091685942905439,-0.002978802193308594,0.1972802481611633,0.99611095478210221,0
full_l1,Inf,607415,2,100,91,0.00046811545817626588,0.0049154053092583805,0.041835332814210924,0.99921238141386926,0
full_l1,Inf,607415,2,100,92,0.0094204655920624436,-0.0022042902948975485,-0.036260866929715529,0.9989165241771556,0
full_l1,Inf,607415,2,100,93,0.0090922456500701632,-0.011463400776914545,-0.030555522664045043,0.99655238638593824,0
full_l1,Inf,607415,2,100,94,-0.0061037874703104844,-0.013625202101825717,-0.069426686191733866,0.99617655601196009,0
full_l1,Inf,607415,2,100,95,-0.0089438705703399624,0.0015464642303395504,0.1865775076490539,0.99727046898221361,0
full_l1,Inf,607415,2,100,96,-0.0053062684282214612,0.011546083979827149,0.21719752081547461,0.99624349723332861,0
full_l1,Inf,607415,2,100,97,-0.0065312813495950195,0.002537950691144264,-0.073696836902807483,0.99776340175052791,0
full_l1,Inf,607415,2,100,98,-0.0017078772116840835,0.0031460881702312093,0.086670676059734886,0.99960869534150976,0
full_l1,Inf,607415,2,100,99,0.011192068008554656,-0.0065304215944537169,0.034191793800632198,0.99764052760853805,0
full_l1,Inf,607415,2,100,100,0.0017798904859007703,-0.00033218957687330963,0.16081422245942556,0.99824525871940961,0
full_l1,Inf,607415,2,100,101,-0.012906357367991061,0.0035339434478169895,0.14793097133395938,0.9974775000154954,0
full_l1,Inf,607415,2,100,102,0.013275957731288424,-0.015033337915625999,-0.12066643197430138,0.99408323443167301,0
full_l1,Inf,607415,2,100,103,0.007634693097911871,0.00048945189236904163,0.27285827242634464,0.99402019256603247,0
full_l1,Inf,607415,2,100,104,-0.016181025990491982,-0.0080180073666977769,-0.048197687999525396,0.99636834524304074,0
full_l1,Inf,607415,2,100,105,-0.0017996088480112249,-0.01015347181632098,0.036576947871985066,0.99700492928996998,0
full_l1,Inf,607415,2,100,106,-0.016440982158838269,0.0041760014496157183,0.31537644791952357,0.99152250845643453,0
full_l1,Inf,607415,2,100,107,-0.0075781082941357436,0.0053385210370509029,0.021863854889839773,0.99836587882045591,0
full_l1,Inf,607415,2,100,108,0.0085386332057020287,-0.0012739868928968168,0.086294169548524202,0.9988622843417696,0
full_l1,Inf,607415,2,100,109,0.0076846621938464477,0.010230914979112216,0.15594878870518869,0.99699088518886492,0
full_l1,Inf,607415,2,100,110,0.020774990595910925,0.0083688297932715816,0.099376222468122277,0.99449794012138448,0
full_l1,Inf,607415,2,100,111,-0.010702575930406688,-0.00090804908148034436,-0.10236731930753007,0.99740264044007843,0
full_l1,Inf,607415,2,100,112,-0.0088811605655254588,-0.0084586355125431112,0.055712060086732906,0.99682680822477254,0
full_l1,Inf,218892,3,10,1,0.12499999999999989,-0.375,-0.125,0.42614257871857486,0
full_l1,Inf,218892,3,10,2,0.45833333333333326,-0.45833333333333331,0.37499999999999989,0.1262125860146468,0
full_l1,Inf,218892,3,10,3,-0.375,0.37499999999999989,0.12499999999999989,0.10425868741569999,0
full_l1,Inf,218892,3,10,4,0.04166666666666663,-0.20833333333333331,0.45833333333333326,0.35103901705542917,0
full_l1,Inf,218892,3,10,5,-0.20833333333333331,-0.29166666666666669,-0.041666666666666685,0.37110214873002989,0
full_l1,Inf,218892,3,10,6,0.20833333333333326,0.29166666666666663,0.20833333333333326,0.52135464153760092,0
full_l1,Inf,218892,3,10,7,0.29166666666666663,-0.041666666666666685,-0.20833333333333331,0.42697166447225254,0
full_l1,Inf,218892,3,10,8,0.37499999999999989,-0.125,-0.375,0.22939384132739404,0
full_l1,Inf,218892,3,10,9,-0.45833333333333331,0.04166666666666663,-0.29166666666666669,0.34768682918958049,0
full_l1,Inf,218892,3,10,10,-0.125,0.20833333333333326,0.04166666666666663,0.51256891545829886,0
full_l1,Inf,218892,3,10,11,-0.041666666666666685,0.12499999999999989,0.29166666666666663,0.75201225457771226,0
full_l1,Inf,218892,3,10,12,-0.29166666666666669,0.45833333333333326,-0.45833333333333331,0.20744014980974823,0
full_l1,Inf,218892,3,10,13,0.03966141104411447,0.14098769606128569,-0.034459102611125614,0.70272747581822703,0
full_l1,Inf,218892,3,10,14,-0.010270677745151335,0.060036101601543823,-0.24653953201221435,0.88556829721271979,0
full_l1,Inf,218892,3,10,15,-0.050072406402259073,-0.0036736627767468555,-0.37673725102028244,0.96172544920307035,0
full_l1,Inf,218892,3,10,16,-0.13261147268491191,0.0039579527332196385,-0.4207220755181782,0.82312601464871982,0
full_l1,Inf,218892,3,10,17,-0.06808696135423209,-0.013772534784883828,0.23034300074723357,0.94007374315873182,0
full_l1,Inf,218892,3,10,18,0.0071741546719030769,-0.0092626319444748528,0.053162485388703384,0.99667908197452948,0
full_l1,Inf,218892,3,10,19,0.017840696961441527,-0.061373522958067417,-0.47911349483867416,0.92596515642179733,0
full_l1,Inf,218892,3,10,20,0.074586631099740286,0.0038674578988973085,-0.25787163806007452,0.93988296777513569,0
full_l1,Inf,218892,3,10,21,0.075947872487600154,0.027475531290831468,0.442642588422415,0.94178715399947588,0
full_l1,Inf,218892,3,10,22,-0.009482918855350686,0.020905136229274701,0.28658177530020401,0.98976181556827625,0
full_l1,Inf,218892,3,30,1,0.12499999999999989,-0.375,-0.125,0.42614257871857486,0
full_l1,Inf,218892,3,30,2,0.45833333333333326,-0.45833333333333331,0.37499999999999989,0.1262125860146468,0
full_l1,Inf,218892,3,30,3,-0.375,0.37499999999999989,0.12499999999999989,0.10425868741569999,0
full_l1,Inf,218892,3,30,4,0.04166666666666663,-0.20833333333333331,0.45833333333333326,0.35103901705542917,0
full_l1,Inf,218892,3,30,5,-0.20833333333333331,-0.29166666666666669,-0.041666666666666685,0.37110214873002989,0
full_l1,Inf,218892,3,30,6,0.20833333333333326,0.29166666666666663,0.20833333333333326,0.52135464153760092,0
full_l1,Inf,218892,3,30,7,0.29166666666666663,-0.041666666666666685,-0.20833333333333331,0.42697166447225254,0
full_l1,Inf,218892,3,30,8,0.37499999999999989,-0.125,-0.375,0.22939384132739404,0
full_l1,Inf,218892,3,30,9,-0.45833333333333331,0.04166666666666663,-0.29166666666666669,0.34768682918958049,0
full_l1,Inf,218892,3,30,10,-0.125,0.20833333333333326,0.04166666666666663,0.51256891545829886,0
full_l1,Inf,218892,3,30,11,-0.041666666666666685,0.12499999999999989,0.29166666666666663,0.75201225457771226,0
full_l1,Inf,218892,3,30,12,-0.29166666666666669,0.45833333333333326,-0.45833333333333331,0.20744014980974823,0
full_l1,Inf,218892,3,30,13,0.03966141104411447,0.14098769606128569,-0.034459102611125614,0.70272747581822703,0
full_l1,Inf,218892,3,30,14,-0.010270677745151335,0.060036101601543823,-0.24653953201221435,0.88556829721271979,0
full_l1,Inf,218892,3,30,15,-0.050072406402259073,-0.0036736627767468555,-0.37673725102028244,0.96172544920307035,0
full_l1,Inf,218892,3,30,16,-0.13261147268491191,0.0039579527332196385,-0.4207220755181782,0.82312601464871982,0
full_l1,Inf,218892,3,30,17,-0.06808696135423209,-0.013772534784883828,0.23034300074723357,0.94007374315873182,0
full_l1,Inf,218892,3,30,18,0.0071741546719030769,-0.0092626319444748528,0.053162485388703384,0.99667908197452948,0
full_l1,Inf,218892,3,30,19,0.017840696961441527,-0.061373522958067417,-0.47911349483867416,0.92596515642179733,0
full_l1,Inf,218892,3,30,20,0.074586631099740286,0.0038674578988973085,-0.25787163806007452,0.93988296777513569,0
full_l1,Inf,218892,3,30,21,0.075947872487600154,0.027475531290831468,0.442642588422415,0.94178715399947588,0
full_l1,Inf,218892,3,30,22,-0.009482918855350686,0.020905136229274701,0.28658177530020401,0.98976181556827625,0
full_l1,Inf,218892,3,30,23,-0.016352477206605487,-0.02013068863932399,-0.21290734818963797,0.9897068808215016,0
full_l1,Inf,218892,3,30,24,0.49946202052574895,0.49519854523342866,0.47228553882678548,0.0023163180487144608,0
full_l1,Inf,218892,3,30,25,0.023456953632802424,-0.0038497156272765398,0.41563223137297078,0.97744663170751456,0
full_l1,Inf,218892,3,30,26,0.042358487451304772,0.020801023564524623,0.055645735640497573,0.97341995781307222,0
full_l1,Inf,218892,3,30,27,0.017892246048358817,-0.0041577354902260222,-0.3686438370895524,0.98408268886732297,0
full_l1,Inf,218892,3,30,28,-0.49810798638277887,-0.49532141549281894,-0.45000359391047406,0.36766190226318107,0
full_l1,Inf,218892,3,30,29,-0.012473290596350273,0.031792120647799793,0.49641571731638412,0.97610234691173992,0
full_l1,Inf,218892,3,30,30,-0.010219471494246957,0.0093663323958088629,-0.039125233426775763,0.99455762377639434,0
full_l1,Inf,218892,3,30,31,0.022093217982096069,-0.028104754397327181,-0.077227312398103543,0.97615803515176569,0
full_l1,Inf,218892,3,30,32,0.01205267585199099,0.0058109382061741766,0.12890105519661854,0.9976744978494656,0
full_l1,Inf,218892,3,30,33,0.026430077808905716,0.0074842463414837024,-0.1826961408370138,0.98454108163400667,0
full_l1,Inf,218892,3,30,34,0.031491177661451264,0.010641532259692221,0.32137456197759517,0.98595811739260475,0
full_l1,Inf,218892,3,30,35,-0.013572201301453202,-0.00079671595449859467,0.14307624105367189,0.99688064198414861,0
full_l1,Inf,218892,3,30,36,0.0091174767221107178,-0.0088547222538422066,0.19712233474478991,0.99132048985436372,0
full_l1,Inf,218892,3,30,37,0.0069744553505486362,-0.00051557340815233665,0.068271045691518317,0.99936977900564938,0
full_l1,Inf,218892,3,30,38,-0.025326270786498517,-0.0035547357023539838,-0.13674006737415545,0.99187187256160325,0
full_l1,Inf,218892,3,30,39,-0.01660952544167249,-0.019585390625329824,-0.019438711080554949,0.98783801399878923,0
full_l1,Inf,218892,3,30,40,-0.0094408096225206961,0.012384270571035083,0.20645685261478741,0.9955314588584937,0
full_l1,Inf,218892,3,30,41,-0.035519026349035032,0.0018798741228909233,0.0016327779090392625,0.98778922368436339,0
full_l1,Inf,218892,3,30,42,-0.0043184720489286565,0.00028404983178687004,-0.17286544686499838,0.99567316635032455,0
full_l1,Inf,218892,3,50,1,0.12499999999999989,-0.375,-0.125,0.42614257871857486,0
full_l1,Inf,218892,3,50,2,0.45833333333333326,-0.45833333333333331,0.37499999999999989,0.1262125860146468,0
full_l1,Inf,218892,3,50,3,-0.375,0.37499999999999989,0.12499999999999989,0.10425868741569999,0
full_l1,Inf,218892,3,50,4,0.04166666666666663,-0.20833333333333331,0.45833333333333326,0.35103901705542917,0
full_l1,Inf,218892,3,50,5,-0.20833333333333331,-0.29166666666666669,-0.041666666666666685,0.37110214873002989,0
full_l1,Inf,218892,3,50,6,0.20833333333333326,0.29166666666666663,0.20833333333333326,0.52135464153760092,0
full_l1,Inf,218892,3,50,7,0.29166666666666663,-0.041666666666666685,-0.20833333333333331,0.42697166447225254,0
full_l1,Inf,218892,3,50,8,0.37499999999999989,-0.125,-0.375,0.22939384132739404,0
full_l1,Inf,218892,3,50,9,-0.45833333333333331,0.04166666666666663,-0.29166666666666669,0.34768682918958049,0
full_l1,Inf,218892,3,50,10,-0.125,0.20833333333333326,0.04166666666666663,0.51256891545829886,0
full_l1,Inf,218892,3,50,11,-0.041666666666666685,0.12499999999999989,0.29166666666666663,0.75201225457771226,0
full_l1,Inf,218892,3,50,12,-0.29166666666666669,0.45833333333333326,-0.45833333333333331,0.20744014980974823,0
full_l1,Inf,218892,3,50,13,0.03966141104411447,0.14098769606128569,-0.034459102611125614,0.70272747581822703,0
full_l1,Inf,218892,3,50,14,-0.010270677745151335,0.060036101601543823,-0.24653953201221435,0.88556829721271979,0
full_l1,Inf,218892,3,50,15,-0.050072406402259073,-0.0036736627767468555,-0.37673725102028244,0.96172544920307035,0
full_l1,Inf,218892,3,50,16,-0.13261147268491191,0.0039579527332196385,-0.4207220755181782,0.82312601464871982,0
full_l1,Inf,218892,3,50,17,-0.06808696135423209,-0.013772534784883828,0.23034300074723357,0.94007374315873182,0
full_l1,Inf,218892,3,50,18,0.0071741546719030769,-0.0092626319444748528,0.053162485388703384,0.99667908197452948,0
full_l1,Inf,218892,3,50,19,0.017840696961441527,-0.061373522958067417,-0.47911349483867416,0.92596515642179733,0
full_l1,Inf,218892,3,50,20,0.074586631099740286,0.0038674578988973085,-0.25787163806007452,0.93988296777513569,0
full_l1,Inf,218892,3,50,21,0.075947872487600154,0.027475531290831468,0.442642588422415,0.94178715399947588,0
full_l1,Inf,218892,3,50,22,-0.009482918855350686,0.020905136229274701,0.28658177530020401,0.98976181556827625,0
full_l1,Inf,218892,3,50,23,-0.016352477206605487,-0.02013068863932399,-0.21290734818963797,0.9897068808215016,0
full_l1,Inf,218892,3,50,24,0.49946202052574895,0.49519854523342866,0.47228553882678548,0.0023163180487144608,0
full_l1,Inf,218892,3,50,25,0.023456953632802424,-0.0038497156272765398,0.41563223137297078,0.97744663170751456,0
full_l1,Inf,218892,3,50,26,0.042358487451304772,0.020801023564524623,0.055645735640497573,0.97341995781307222,0
full_l1,Inf,218892,3,50,27,0.017892246048358817,-0.0041577354902260222,-0.3686438370895524,0.98408268886732297,0
full_l1,Inf,218892,3,50,28,-0.49810798638277887,-0.49532141549281894,-0.45000359391047406,0.36766190226318107,0
full_l1,Inf,218892,3,50,29,-0.012473290596350273,0.031792120647799793,0.49641571731638412,0.97610234691173992,0
full_l1,Inf,218892,3,50,30,-0.010219471494246957,0.0093663323958088629,-0.039125233426775763,0.99455762377639434,0
full_l1,Inf,218892,3,50,31,0.022093217982096069,-0.028104754397327181,-0.077227312398103543,0.97615803515176569,0
full_l1,Inf,218892,3,50,32,0.01205267585199099,0.0058109382061741766,0.12890105519661854,0.9976744978494656,0
full_l1,Inf,218892,3,50,33,0.026430077808905716,0.0074842463414837024,-0.1826961408370138,0.98454108163400667,0
full_l1,Inf,218892,3,50,34,0.031491177661451264,0.010641532259692221,0.32137456197759517,0.98595811739260475,0
full_l1,Inf,218892,3,50,35,-0.013572201301453202,-0.00079671595449859467,0.14307624105367189,0.99688064198414861,0
full_l1,Inf,218892,3,50,36,0.0091174767221107178,-0.0088547222538422066,0.19712233474478991,0.99132048985436372,0
full_l1,Inf,218892,3,50,37,0.0069744553505486362,-0.00051557340815233665,0.068271045691518317,0.99936977900564938,0
full_l1,Inf,218892,3,50,38,-0.025326270786498517,-0.0035547357023539838,-0.13674006737415545,0.99187187256160325,0
full_l1,Inf,218892,3,50,39,-0.01660952544167249,-0.019585390625329824,-0.019438711080554949,0.98783801399878923,0
full_l1,Inf,218892,3,50,40,-0.0094408096225206961,0.012384270571035083,0.20645685261478741,0.9955314588584937,0
full_l1,Inf,218892,3,50,41,-0.035519026349035032,0.0018798741228909233,0.0016327779090392625,0.98778922368436339,0
full_l1,Inf,218892,3,50,42,-0.0043184720489286565,0.00028404983178687004,-0.17286544686499838,0.99567316635032455,0
full_l1,Inf,218892,3,50,43,-0.00096486300865161745,-0.0027350761678961444,-0.022788000558970456,0.9998458287739197,0
full_l1,Inf,218892,3,50,44,-0.017923924598430618,0.0067706445470405718,0.10313380457551946,0.99597999920997304,0
full_l1,Inf,218892,3,50,45,-0.00062752436597168781,0.021621319720146692,0.40015561359257412,0.9877844151276215,0
full_l1,Inf,218892,3,50,46,0.0092037339570110177,5.2737994188367665e-05,-0.0091772976318005295,0.99903272778704,0
full_l1,Inf,218892,3,50,47,-0.0052650392632789256,-0.0079015612024491144,-0.30384122823520388,0.99223450866759477,0
full_l1,Inf,218892,3,50,48,0.010153864438601667,0.015187305245133675,0.19433104198970375,0.99399303121784577,0
full_l1,Inf,218892,3,50,49,0.018933600718700871,-0.00055637978763778406,-0.048134913369565657,0.99611139781040203,0
full_l1,Inf,218892,3,50,50,0.0026767057626502222,-0.011669273880851039,-0.16822696206953736,0.996884945303672,0
full_l1,Inf,218892,3,50,51,0.011842211128602065,0.0045503477840524997,0.18106361640910018,0.99713177582013357,0
full_l1,Inf,218892,3,50,52,0.0096345877249515155,0.005875841194888487,0.32938831754244746,0.99286075507605831,0
full_l1,Inf,218892,3,50,53,-0.0023159077715946275,0.014488310322162468,0.035499504909375812,0.99359804403555529,0
full_l1,Inf,218892,3,50,54,-0.0075157883538228276,0.0010907144961975757,0.29612569410560896,0.99319969624116722,0
full_l1,Inf,218892,3,50,55,-0.013903706215885325,0.00022748462336918962,0.049839646550717598,0.99813785215952033,0
full_l1,Inf,218892,3,50,56,-0.006238437485063475,-0.0051225035075528336,-0.039112189905279759,0.99920858353931086,0
full_l1,Inf,218892,3,50,57,0.015752503100263882,0.0085399207121912291,0.25019655492723558,0.99441182777238046,0
full_l1,Inf,218892,3,50,58,0.018028935610952646,-0.011987861981909376,-0.1646409666784554,0.99362272134377749,0
full_l1,Inf,218892,3,50,59,-0.0020379996038351056,0.01234905505923134,0.11592507233311444,0.99640167824044557,0
full_l1,Inf,218892,3,50,60,0.0085439126329325266,0.00021334134032557905,0.078694167658645897,0.99910252241305442,0
full_l1,Inf,218892,3,50,61,-0.0037560585867613128,-0.016144830139495303,-0.13642185745728086,0.99514646752201041,0
full_l1,Inf,218892,3,50,62,-0.0036627073261326082,-0.0017805744055814365,-0.095126140775063872,0.99870941428372184,0
full_l1,Inf,218892,3,100,1,0.12499999999999989,-0.375,-0.125,0.42614257871857486,0
full_l1,Inf,218892,3,100,2,0.45833333333333326,-0.45833333333333331,0.37499999999999989,0.1262125860146468,0
full_l1,Inf,218892,3,100,3,-0.375,0.37499999999999989,0.12499999999999989,0.10425868741569999,0
full_l1,Inf,218892,3,100,4,0.04166666666666663,-0.20833333333333331,0.45833333333333326,0.35103901705542917,0
full_l1,Inf,218892,3,100,5,-0.20833333333333331,-0.29166666666666669,-0.041666666666666685,0.37110214873002989,0
full_l1,Inf,218892,3,100,6,0.20833333333333326,0.29166666666666663,0.20833333333333326,0.52135464153760092,0
full_l1,Inf,218892,3,100,7,0.29166666666666663,-0.041666666666666685,-0.20833333333333331,0.42697166447225254,0
full_l1,Inf,218892,3,100,8,0.37499999999999989,-0.125,-0.375,0.22939384132739404,0
full_l1,Inf,218892,3,100,9,-0.45833333333333331,0.04166666666666663,-0.29166666666666669,0.34768682918958049,0
full_l1,Inf,218892,3,100,10,-0.125,0.20833333333333326,0.04166666666666663,0.51256891545829886,0
full_l1,Inf,218892,3,100,11,-0.041666666666666685,0.12499999999999989,0.29166666666666663,0.75201225457771226,0
full_l1,Inf,218892,3,100,12,-0.29166666666666669,0.45833333333333326,-0.45833333333333331,0.20744014980974823,0
full_l1,Inf,218892,3,100,13,0.03966141104411447,0.14098769606128569,-0.034459102611125614,0.70272747581822703,0
full_l1,Inf,218892,3,100,14,-0.010270677745151335,0.060036101601543823,-0.24653953201221435,0.88556829721271979,0
full_l1,Inf,218892,3,100,15,-0.050072406402259073,-0.0036736627767468555,-0.37673725102028244,0.96172544920307035,0
full_l1,Inf,218892,3,100,16,-0.13261147268491191,0.0039579527332196385,-0.4207220755181782,0.82312601464871982,0
full_l1,Inf,218892,3,100,17,-0.06808696135423209,-0.013772534784883828,0.23034300074723357,0.94007374315873182,0
full_l1,Inf,218892,3,100,18,0.0071741546719030769,-0.0092626319444748528,0.053162485388703384,0.99667908197452948,0
full_l1,Inf,218892,3,100,19,0.017840696961441527,-0.061373522958067417,-0.47911349483867416,0.92596515642179733,0
full_l1,Inf,218892,3,100,20,0.074586631099740286,0.0038674578988973085,-0.25787163806007452,0.93988296777513569,0
full_l1,Inf,218892,3,100,21,0.075947872487600154,0.027475531290831468,0.442642588422415,0.94178715399947588,0
full_l1,Inf,218892,3,100,22,-0.009482918855350686,0.020905136229274701,0.28658177530020401,0.98976181556827625,0
full_l1,Inf,218892,3,100,23,-0.016352477206605487,-0.02013068863932399,-0.21290734818963797,0.9897068808215016,0
full_l1,Inf,218892,3,100,24,0.49946202052574895,0.49519854523342866,0.47228553882678548,0.0023163180487144608,0
full_l1,Inf,218892,3,100,25,0.023456953632802424,-0.0038497156272765398,0.41563223137297078,0.97744663170751456,0
full_l1,Inf,218892,3,100,26,0.042358487451304772,0.020801023564524623,0.055645735640497573,0.97341995781307222,0
full_l1,Inf,218892,3,100,27,0.017892246048358817,-0.0041577354902260222,-0.3686438370895524,0.98408268886732297,0
full_l1,Inf,218892,3,100,28,-0.49810798638277887,-0.49532141549281894,-0.45000359391047406,0.36766190226318107,0
full_l1,Inf,218892,3,100,29,-0.012473290596350273,0.031792120647799793,0.49641571731638412,0.97610234691173992,0
full_l1,Inf,218892,3,100,30,-0.010219471494246957,0.0093663323958088629,-0.039125233426775763,0.99455762377639434,0
full_l1,Inf,218892,3,100,31,0.022093217982096069,-0.028104754397327181,-0.077227312398103543,0.97615803515176569,0
full_l1,Inf,218892,3,100,32,0.01205267585199099,0.0058109382061741766,0.12890105519661854,0.9976744978494656,0
full_l1,Inf,218892,3,100,33,0.026430077808905716,0.0074842463414837024,-0.1826961408370138,0.98454108163400667,0
full_l1,Inf,218892,3,100,34,0.031491177661451264,0.010641532259692221,0.32137456197759517,0.98595811739260475,0
full_l1,Inf,218892,3,100,35,-0.013572201301453202,-0.00079671595449859467,0.14307624105367189,0.99688064198414861,0
full_l1,Inf,218892,3,100,36,0.0091174767221107178,-0.0088547222538422066,0.19712233474478991,0.99132048985436372,0
full_l1,Inf,218892,3,100,37,0.0069744553505486362,-0.00051557340815233665,0.068271045691518317,0.99936977900564938,0
full_l1,Inf,218892,3,100,38,-0.025326270786498517,-0.0035547357023539838,-0.13674006737415545,0.99187187256160325,0
full_l1,Inf,218892,3,100,39,-0.01660952544167249,-0.019585390625329824,-0.019438711080554949,0.98783801399878923,0
full_l1,Inf,218892,3,100,40,-0.0094408096225206961,0.012384270571035083,0.20645685261478741,0.9955314588584937,0
full_l1,Inf,218892,3,100,41,-0.035519026349035032,0.0018798741228909233,0.0016327779090392625,0.98778922368436339,0
full_l1,Inf,218892,3,100,42,-0.0043184720489286565,0.00028404983178687004,-0.17286544686499838,0.99567316635032455,0
full_l1,Inf,218892,3,100,43,-0.00096486300865161745,-0.0027350761678961444,-0.022788000558970456,0.9998458287739197,0
full_l1,Inf,218892,3,100,44,-0.017923924598430618,0.0067706445470405718,0.10313380457551946,0.99597999920997304,0
full_l1,Inf,218892,3,100,45,-0.00062752436597168781,0.021621319720146692,0.40015561359257412,0.9877844151276215,0
full_l1,Inf,218892,3,100,46,0.0092037339570110177,5.2737994188367665e-05,-0.0091772976318005295,0.99903272778704,0
full_l1,Inf,218892,3,100,47,-0.0052650392632789256,-0.0079015612024491144,-0.30384122823520388,0.99223450866759477,0
full_l1,Inf,218892,3,100,48,0.010153864438601667,0.015187305245133675,0.19433104198970375,0.99399303121784577,0
full_l1,Inf,218892,3,100,49,0.018933600718700871,-0.00055637978763778406,-0.048134913369565657,0.99611139781040203,0
full_l1,Inf,218892,3,100,50,0.0026767057626502222,-0.011669273880851039,-0.16822696206953736,0.996884945303672,0
full_l1,Inf,218892,3,100,51,0.011842211128602065,0.0045503477840524997,0.18106361640910018,0.99713177582013357,0
full_l1,Inf,218892,3,100,52,0.0096345877249515155,0.005875841194888487,0.32938831754244746,0.99286075507605831,0
full_l1,Inf,218892,3,100,53,-0.0023159077715946275,0.014488310322162468,0.035499504909375812,0.99359804403555529,0
full_l1,Inf,218892,3,100,54,-0.0075157883538228276,0.0010907144961975757,0.29612569410560896,0.99319969624116722,0
full_l1,Inf,218892,3,100,55,-0.013903706215885325,0.00022748462336918962,0.049839646550717598,0.99813785215952033,0
full_l1,Inf,218892,3,100,56,-0.006238437485063475,-0.0051225035075528336,-0.039112189905279759,0.99920858353931086,0
full_l1,Inf,218892,3,100,57,0.015752503100263882,0.0085399207121912291,0.25019655492723558,0.99441182777238046,0
full_l1,Inf,218892,3,100,58,0.018028935610952646,-0.011987861981909376,-0.1646409666784554,0.99362272134377749,0
full_l1,Inf,218892,3,100,59,-0.0020379996038351056,0.01234905505923134,0.11592507233311444,0.99640167824044557,0
full_l1,Inf,218892,3,100,60,0.0085439126329325266,0.00021334134032557905,0.078694167658645897,0.99910252241305442,0
full_l1,Inf,218892,3,100,61,-0.0037560585867613128,-0.016144830139495303,-0.13642185745728086,0.99514646752201041,0
full_l1,Inf,218892,3,100,62,-0.0036627073261326082,-0.0017805744055814365,-0.095126140775063872,0.99870941428372184,0
full_l1,Inf,218892,3,100,63,0.010362200935850163,-0.0058922244635786214,-0.07062545566168299,0.99824820540904058,0
full_l1,Inf,218892,3,100,64,0.0026969942591210661,0.002699124484722315,0.23629407496400345,0.99664269825084451,0
full_l1,Inf,218892,3,100,65,0.0034280934922443773,0.0031422489084209637,-0.030541907886552755,0.998759198232268,0
full_l1,Inf,218892,3,100,66,0.0093221590910139707,-0.017236235863002713,-0.28157273316686116,0.99173182798408954,0
full_l1,Inf,218892,3,100,67,0.0066968034970587009,0.00045807710593193107,0.031073933779587337,0.99955024789523661,0
full_l1,Inf,218892,3,100,68,0.017326621088895378,0.00026700357985665057,0.16847465283097507,0.99549276868259906,0
full_l1,Inf,218892,3,100,69,-0.00078571053369125288,0.0072227686856980444,0.21410115337665259,0.99753886824170135,0
full_l1,Inf,218892,3,100,70,0.0069834180620140796,-0.00235871651207753,-0.046618358449070474,0.9992003640380468,0
full_l1,Inf,218892,3,100,71,-0.010293063502768263,-0.0066387656397011163,0.053542714217575949,0.99748405323789757,0
full_l1,Inf,218892,3,100,72,-0.0011486282004986581,-0.01063359640425654,-0.0070738902731013464,0.99753794941706353,0
full_l1,Inf,218892,3,100,73,0.010712026467820879,-0.01040631863118846,0.089331719613225946,0.9942787701793121,0
full_l1,Inf,218892,3,100,74,0.019265327078203942,0.0051608438230266174,-0.0098471265100261718,0.9951182565015565,0
full_l1,Inf,218892,3,100,75,0.01205993890122059,-0.004989788430442843,0.033923323652436776,0.9979670703380461,0
full_l1,Inf,218892,3,100,76,-0.0093995786307503604,-0.00011541249981594781,0.11122109406089353,0.9985254010135548,0
full_l1,Inf,218892,3,100,77,-0.014260961994825516,-0.007169479515874766,-0.18272747898514385,0.99517875990750004,0
full_l1,Inf,218892,3,100,78,0.010484095415167038,0.0028978815843927475,0.1842880494528405,0.99725812433517458,0
full_l1,Inf,218892,3,100,79,0.0020547789083453782,-0.0085824419255555728,-0.14283117732604711,0.99797573283832441,0
full_l1,Inf,218892,3,100,80,0.0056470566001625144,0.0020015132862902796,0.1252998023212335,0.99902112800864995,0
full_l1,Inf,218892,3,100,81,-0.0055519897065132717,-0.0098314225055378124,0.12266650477181162,0.99436591670758057,0
full_l1,Inf,218892,3,100,82,-0.015312474056173198,-0.0021210606444643787,0.0028739141426536996,0.99771761060256148,0
full_l1,Inf,218892,3,100,83,-0.015119638458412465,0.0052290417889804264,0.057557036065888134,0.99713800322777824,0
full_l1,Inf,218892,3,100,84,-0.0099392506334872177,0.015310120315134457,0.30950630423182912,0.99254773390276951,0
full_l1,Inf,218892,3,100,85,-0.0059854163243180381,-0.004744379627939832,-0.078520755793929364,0.99895992993886773,0
full_l1,Inf,218892,3,100,86,-0.0024871779365924773,0.0061707356398932323,-0.013457228036438895,0.99792637161507713,0
full_l1,Inf,218892,3,100,87,-0.0042424606215278882,0.011742577635815987,0.16848698872946999,0.99667212261306104,0
full_l1,Inf,218892,3,100,88,-0.010042925390957969,-0.001393405638642653,-0.080509352405622403,0.99809987059868799,0
full_l1,Inf,218892,3,100,89,-0.015389350002493085,-0.0088238283310277943,-0.13888344505767858,0.995699084339288,0
full_l1,Inf,218892,3,100,90,-0.01576684397453354,-0.010061696322313685,-0.020702198031642416,0.9955576182111846,0
full_l1,Inf,218892,3,100,91,0.0078607437898370325,-0.0090535914510827542,-0.26338091614588377,0.99388551640672784,0
full_l1,Inf,218892,3,100,92,0.019121389941725964,0.0076004049983500188,0.079812679707369938,0.99527940206265808,0
full_l1,Inf,218892,3,100,93,-0.0055418422682915747,0.0094681563200993413,0.13003750664462044,0.99763283605869535,0
full_l1,Inf,218892,3,100,94,-0.012736993080136427,-0.0061441237283967887,-0.11258750096575709,0.99716866425538631,0
full_l1,Inf,218892,3,100,95,-0.0096353530699733181,0.0076295765327660803,0.27703012462866705,0.99505759256490911,0
full_l1,Inf,218892,3,100,96,0.011066076027436367,-0.00065572392793189493,0.15075160288308531,0.99732175175418758,0
full_l1,Inf,218892,3,100,97,-0.00053303297316276144,-0.0065211903180710795,0.053082608568129297,0.99855990196778244,0
full_l1,Inf,218892,3,100,98,0.018486549854687784,0.0044156474271024315,0.10879536900205311,0.99627927395167926,0
full_l1,Inf,218892,3,100,99,0.01295783682475582,0.015088979243303102,-0.054215738520193346,0.98858882005965898,0
full_l1,Inf,218892,3,100,100,-0.0050853111434530085,-0.005987087186320128,0.00222415518346053,0.99910205946253916,0
full_l1,Inf,218892,3,100,101,-0.004827083161687229,0.0056532640713269355,0.24287237187007005,0.99667134806235325,0
full_l1,Inf,218892,3,100,102,-0.018466753666730451,0.014562024662628348,0.41921126019493449,0.98710836999258322,0
full_l1,Inf,218892,3,100,103,-0.020277981729932115,0.0040685506564130947,0.16288349320114248,0.99501184487884931,0
full_l1,Inf,218892,3,100,104,0.010189421970322465,-1.8304793329537716e-05,-0.12222214277128063,0.99673969410901286,0
full_l1,Inf,218892,3,100,105,-0.00037941822419851334,0.0033893672776090789,-0.010712439724202438,0.99910856868815734,0
full_l1,Inf,218892,3,100,106,-0.0020040267916276999,0.007183330713703473,0.18476426786676092,0.9980523475902221,0
full_l1,Inf,218892,3,100,107,-3.0126704433808271e-05,0.010011507507514228,0.29687686055890428,0.99506850344689979,0
full_l1,Inf,218892,3,100,108,-0.0016171982064125956,0.0062520393269225316,0.071728573277728191,0.99894528191690801,0
full_l1,Inf,218892,3,100,109,0.0078116965574919206,-0.0088265727307053066,-0.16952709515284159,0.99684604575493341,0
full_l1,Inf,218892,3,100,110,-0.0039184570222261517,-0.0078558678241813507,-0.21877119783620591,0.99595269992139135,0
full_l1,Inf,218892,3,100,111,0.010620673354255761,0.0013696745328155568,-0.019640240062974046,0.99846032388668182,0
full_l1,Inf,218892,3,100,112,0.011527738364865092,-0.0071838813873759122,0.22785401394391602,0.99069201560841669,0
full_l1,Inf,266070,4,10,1,0.20833333333333326,-0.125,-0.29166666666666669,0.41167410874037413,0
full_l1,Inf,266070,4,10,2,0.29166666666666663,-0.375,-0.041666666666666685,0.3739774704670229,0
full_l1,Inf,266070,4,10,3,0.37499999999999989,0.45833333333333326,-0.45833333333333331,0.082527331293822836,0
full_l1,Inf,266070,4,10,4,-0.29166666666666669,-0.20833333333333331,0.20833333333333326,0.3056901632681982,0
full_l1,Inf,266070,4,10,5,-0.20833333333333331,0.04166666666666663,0.29166666666666663,0.69432485144898182,0
full_l1,Inf,266070,4,10,6,0.45833333333333326,-0.45833333333333331,-0.20833333333333331,0.11637151526171285,0
full_l1,Inf,266070,4,10,7,-0.45833333333333331,0.12499999999999989,-0.125,0.27241489848597911,0
full_l1,Inf,266070,4,10,8,0.12499999999999989,-0.29166666666666669,0.45833333333333326,0.40346102011442619,0
full_l1,Inf,266070,4,10,9,-0.375,0.37499999999999989,0.12499999999999989,0.10425868741569999,0
full_l1,Inf,266070,4,10,10,0.04166666666666663,-0.041666666666666685,0.37499999999999989,0.88335101772882163,0
full_l1,Inf,266070,4,10,11,-0.125,0.29166666666666663,0.04166666666666663,0.43634176705549088,0
full_l1,Inf,266070,4,10,12,-0.041666666666666685,0.20833333333333326,-0.375,0.52787515340044999,0
full_l1,Inf,266070,4,10,13,0.46730288027234779,-0.013166704534345763,-0.022107533692438786,0.1965503106934603,0
full_l1,Inf,266070,4,10,14,-0.36532052086217015,-0.044382290244465494,0.39935836934214208,0.40331686538976497,0
full_l1,Inf,266070,4,10,15,0.41432438431742313,-0.063009765304609555,0.48636507116710215,0.2532402916812978,0
full_l1,Inf,266070,4,10,16,0.02746826174444883,-0.031212474526456591,0.42679617060110497,0.9190350851639616,0
full_l1,Inf,266070,4,10,17,0.051872958849258799,-0.024942916445730878,0.46815136683993219,0.91314874554394032,0
full_l1,Inf,266070,4,10,18,0.0026402737888360228,-0.026753337724751969,0.45981238580000516,0.93439244254273912,0
full_l1,Inf,266070,4,10,19,-0.16985168951192642,0.010126193562133068,0.49751078868619913,0.76842725481272822,0
full_l1,Inf,266070,4,10,20,-0.12512146734172247,-0.024825634546694397,0.47887394640774494,0.79763278029075069,0
full_l1,Inf,266070,4,10,21,0.11419119084341922,-0.040014645796655701,0.49785014621073542,0.77653981300594555,0
full_l1,Inf,266070,4,10,22,0.032468769338693138,0.080576029077452427,0.49264881259993665,0.88216504094511206,0
full_l1,Inf,266070,4,30,1,0.20833333333333326,-0.125,-0.29166666666666669,0.41167410874037413,0
full_l1,Inf,266070,4,30,2,0.29166666666666663,-0.375,-0.041666666666666685,0.3739774704670229,0
full_l1,Inf,266070,4,30,3,0.37499999999999989,0.45833333333333326,-0.45833333333333331,0.082527331293822836,0
full_l1,Inf,266070,4,30,4,-0.29166666666666669,-0.20833333333333331,0.20833333333333326,0.3056901632681982,0
full_l1,Inf,266070,4,30,5,-0.20833333333333331,0.04166666666666663,0.29166666666666663,0.69432485144898182,0
full_l1,Inf,266070,4,30,6,0.45833333333333326,-0.45833333333333331,-0.20833333333333331,0.11637151526171285,0
full_l1,Inf,266070,4,30,7,-0.45833333333333331,0.12499999999999989,-0.125,0.27241489848597911,0
full_l1,Inf,266070,4,30,8,0.12499999999999989,-0.29166666666666669,0.45833333333333326,0.40346102011442619,0
full_l1,Inf,266070,4,30,9,-0.375,0.37499999999999989,0.12499999999999989,0.10425868741569999,0
full_l1,Inf,266070,4,30,10,0.04166666666666663,-0.041666666666666685,0.37499999999999989,0.88335101772882163,0
full_l1,Inf,266070,4,30,11,-0.125,0.29166666666666663,0.04166666666666663,0.43634176705549088,0
full_l1,Inf,266070,4,30,12,-0.041666666666666685,0.20833333333333326,-0.375,0.52787515340044999,0
full_l1,Inf,266070,4,30,13,0.46730288027234779,-0.013166704534345763,-0.022107533692438786,0.1965503106934603,0
full_l1,Inf,266070,4,30,14,-0.36532052086217015,-0.044382290244465494,0.39935836934214208,0.40331686538976497,0
full_l1,Inf,266070,4,30,15,0.41432438431742313,-0.063009765304609555,0.48636507116710215,0.2532402916812978,0
full_l1,Inf,266070,4,30,16,0.02746826174444883,-0.031212474526456591,0.42679617060110497,0.9190350851639616,0
full_l1,Inf,266070,4,30,17,0.051872958849258799,-0.024942916445730878,0.46815136683993219,0.91314874554394032,0
full_l1,Inf,266070,4,30,18,0.0026402737888360228,-0.026753337724751969,0.45981238580000516,0.93439244254273912,0
full_l1,Inf,266070,4,30,19,-0.16985168951192642,0.010126193562133068,0.49751078868619913,0.76842725481272822,0
full_l1,Inf,266070,4,30,20,-0.12512146734172247,-0.024825634546694397,0.47887394640774494,0.79763278029075069,0
full_l1,Inf,266070,4,30,21,0.11419119084341922,-0.040014645796655701,0.49785014621073542,0.77653981300594555,0
full_l1,Inf,266070,4,30,22,0.032468769338693138,0.080576029077452427,0.49264881259993665,0.88216504094511206,0
full_l1,Inf,266070,4,30,23,-0.0014035361807862579,0.0067629401508193521,0.44169892581348091,0.98775221498148091,0
full_l1,Inf,266070,4,30,24,-0.019618287653949462,0.012835815675585449,0.22879344206478902,0.99259518742718944,0
full_l1,Inf,266070,4,30,25,-0.030113350786832971,0.033701645075419728,0.40896592629327921,0.97052194292276206,0
full_l1,Inf,266070,4,30,26,0.012269435365226622,0.050847703945673617,0.18892427164694303,0.9422737693773634,0
full_l1,Inf,266070,4,30,27,0.0125742086677334,0.021379882872254452,0.28961966683355489,0.9886969756270787,0
full_l1,Inf,266070,4,30,28,-0.023286839890136024,0.025701995566763669,0.27170099294125127,0.98217218392173578,0
full_l1,Inf,266070,4,30,29,-0.022678113033214764,-0.012106741733890036,0.050992270672172157,0.99026642239311924,0
full_l1,Inf,266070,4,30,30,-0.052827871388304359,-0.0032065153605977947,-0.18613932917880893,0.96931551016561746,0
full_l1,Inf,266070,4,30,31,-0.021826500849130293,0.023739191446610963,-0.046642149408164357,0.97621956556541745,0
full_l1,Inf,266070,4,30,32,-0.010275788589685364,-0.0041216627785738424,-0.20911263968255889,0.99486197929494358,0
full_l1,Inf,266070,4,30,33,-0.016355496663616798,0.018992203157628396,-0.43478277533734788,0.95274863492226225,0
full_l1,Inf,266070,4,30,34,0.0098166686068010822,-0.0017712266762035522,-0.0039672390586109607,0.99903996890420455,0
full_l1,Inf,266070,4,30,35,-0.0187581840647284,-0.03621745399685472,-0.47146788956896502,0.97054447360724838,0
full_l1,Inf,266070,4,30,36,0.01561305358120646,-0.022185178389605209,-0.36121119909745536,0.98537226200771855,0
full_l1,Inf,266070,4,30,37,-0.0063262550980369703,-0.033695518594570206,-0.22205623271143171,0.97752676395235916,0
full_l1,Inf,266070,4,30,38,0.020400317175715887,0.009916246403633977,-0.068421954923147288,0.99038383149594067,0
full_l1,Inf,266070,4,30,39,0.0079640156599665168,0.0097495136144918337,0.10320242245942346,0.99715808047031274,0
full_l1,Inf,266070,4,30,40,-0.015634344812574419,-0.0014092758210886291,-0.1053298435926644,0.99618676362884095,0
full_l1,Inf,266070,4,30,41,0.0082182589367931769,-0.0042436173373308073,-0.11162304205591322,0.99812041636385196,0
full_l1,Inf,266070,4,30,42,0.012897350754115688,-0.0014796888732224733,0.078480897970127028,0.99805881039314726,0
full_l1,Inf,266070,4,50,1,0.20833333333333326,-0.125,-0.29166666666666669,0.41167410874037413,0
full_l1,Inf,266070,4,50,2,0.29166666666666663,-0.375,-0.041666666666666685,0.3739774704670229,0
full_l1,Inf,266070,4,50,3,0.37499999999999989,0.45833333333333326,-0.45833333333333331,0.082527331293822836,0
full_l1,Inf,266070,4,50,4,-0.29166666666666669,-0.20833333333333331,0.20833333333333326,0.3056901632681982,0
full_l1,Inf,266070,4,50,5,-0.20833333333333331,0.04166666666666663,0.29166666666666663,0.69432485144898182,0
full_l1,Inf,266070,4,50,6,0.45833333333333326,-0.45833333333333331,-0.20833333333333331,0.11637151526171285,0
full_l1,Inf,266070,4,50,7,-0.45833333333333331,0.12499999999999989,-0.125,0.27241489848597911,0
full_l1,Inf,266070,4,50,8,0.12499999999999989,-0.29166666666666669,0.45833333333333326,0.40346102011442619,0
full_l1,Inf,266070,4,50,9,-0.375,0.37499999999999989,0.12499999999999989,0.10425868741569999,0
full_l1,Inf,266070,4,50,10,0.04166666666666663,-0.041666666666666685,0.37499999999999989,0.88335101772882163,0
full_l1,Inf,266070,4,50,11,-0.125,0.29166666666666663,0.04166666666666663,0.43634176705549088,0
full_l1,Inf,266070,4,50,12,-0.041666666666666685,0.20833333333333326,-0.375,0.52787515340044999,0
full_l1,Inf,266070,4,50,13,0.46730288027234779,-0.013166704534345763,-0.022107533692438786,0.1965503106934603,0
full_l1,Inf,266070,4,50,14,-0.36532052086217015,-0.044382290244465494,0.39935836934214208,0.40331686538976497,0
full_l1,Inf,266070,4,50,15,0.41432438431742313,-0.063009765304609555,0.48636507116710215,0.2532402916812978,0
full_l1,Inf,266070,4,50,16,0.02746826174444883,-0.031212474526456591,0.42679617060110497,0.9190350851639616,0
full_l1,Inf,266070,4,50,17,0.051872958849258799,-0.024942916445730878,0.46815136683993219,0.91314874554394032,0
full_l1,Inf,266070,4,50,18,0.0026402737888360228,-0.026753337724751969,0.45981238580000516,0.93439244254273912,0
full_l1,Inf,266070,4,50,19,-0.16985168951192642,0.010126193562133068,0.49751078868619913,0.76842725481272822,0
full_l1,Inf,266070,4,50,20,-0.12512146734172247,-0.024825634546694397,0.47887394640774494,0.79763278029075069,0
full_l1,Inf,266070,4,50,21,0.11419119084341922,-0.040014645796655701,0.49785014621073542,0.77653981300594555,0
full_l1,Inf,266070,4,50,22,0.032468769338693138,0.080576029077452427,0.49264881259993665,0.88216504094511206,0
full_l1,Inf,266070,4,50,23,-0.0014035361807862579,0.0067629401508193521,0.44169892581348091,0.98775221498148091,0
full_l1,Inf,266070,4,50,24,-0.019618287653949462,0.012835815675585449,0.22879344206478902,0.99259518742718944,0
full_l1,Inf,266070,4,50,25,-0.030113350786832971,0.033701645075419728,0.40896592629327921,0.97052194292276206,0
full_l1,Inf,266070,4,50,26,0.012269435365226622,0.050847703945673617,0.18892427164694303,0.9422737693773634,0
full_l1,Inf,266070,4,50,27,0.0125742086677334,0.021379882872254452,0.28961966683355489,0.9886969756270787,0
full_l1,Inf,266070,4,50,28,-0.023286839890136024,0.025701995566763669,0.27170099294125127,0.98217218392173578,0
full_l1,Inf,266070,4,50,29,-0.022678113033214764,-0.012106741733890036,0.050992270672172157,0.99026642239311924,0
full_l1,Inf,266070,4,50,30,-0.052827871388304359,-0.0032065153605977947,-0.18613932917880893,0.96931551016561746,0
full_l1,Inf,266070,4,50,31,-0.021826500849130293,0.023739191446610963,-0.046642149408164357,0.97621956556541745,0
full_l1,Inf,266070,4,50,32,-0.010275788589685364,-0.0041216627785738424,-0.20911263968255889,0.99486197929494358,0
full_l1,Inf,266070,4,50,33,-0.016355496663616798,0.018992203157628396,-0.43478277533734788,0.95274863492226225,0
full_l1,Inf,266070,4,50,34,0.0098166686068010822,-0.0017712266762035522,-0.0039672390586109607,0.99903996890420455,0
full_l1,Inf,266070,4,50,35,-0.0187581840647284,-0.03621745399685472,-0.47146788956896502,0.97054447360724838,0
full_l1,Inf,266070,4,50,36,0.01561305358120646,-0.022185178389605209,-0.36121119909745536,0.98537226200771855,0
full_l1,Inf,266070,4,50,37,-0.0063262550980369703,-0.033695518594570206,-0.22205623271143171,0.97752676395235916,0
full_l1,Inf,266070,4,50,38,0.020400317175715887,0.009916246403633977,-0.068421954923147288,0.99038383149594067,0
full_l1,Inf,266070,4,50,39,0.0079640156599665168,0.0097495136144918337,0.10320242245942346,0.99715808047031274,0
full_l1,Inf,266070,4,50,40,-0.015634344812574419,-0.0014092758210886291,-0.1053298435926644,0.99618676362884095,0
full_l1,Inf,266070,4,50,41,0.0082182589367931769,-0.0042436173373308073,-0.11162304205591322,0.99812041636385196,0
full_l1,Inf,266070,4,50,42,0.012897350754115688,-0.0014796888732224733,0.078480897970127028,0.99805881039314726,0
full_l1,Inf,266070,4,50,43,0.022972204560701703,0.0050339395926690678,0.18846945005900451,0.99357494827649506,0
full_l1,Inf,266070,4,50,44,0.021721220751373504,-0.004022539712683626,-0.29857141593157266,0.9869985261244254,0
full_l1,Inf,266070,4,50,45,0.0022149296760276549,-0.0081525917715390417,0.10953966150569983,0.996254889586494,0
full_l1,Inf,266070,4,50,46,0.0029442816308862252,0.006611144238672706,-0.0037103219494465378,0.99787864844402607,0
full_l1,Inf,266070,4,50,47,-0.022550453659527792,0.0092467818174426508,0.093192076208588048,0.99342170352157044,0
full_l1,Inf,266070,4,50,48,-0.011023170412481242,0.0030497517977658983,0.26055367124492723,0.99482849117803973,0
full_l1,Inf,266070,4,50,49,-0.0059572398362852663,-0.018531311411737139,-0.36986844987523426,0.98878890791448903,0
full_l1,Inf,266070,4,50,50,0.0099437572528162654,-0.011861807524648382,0.020762909899996629,0.99528440057206935,0
full_l1,Inf,266070,4,50,51,-0.022617573611402264,-0.0021072253657092865,0.19843015965897592,0.99172010675932121,0
full_l1,Inf,266070,4,50,52,0.011199388975573488,0.010547680237656509,0.24800106389044752,0.99515309755287573,0
full_l1,Inf,266070,4,50,53,0.016482927580556694,-0.00040748809847035439,-0.16155586477702988,0.99397762177000804,0
full_l1,Inf,266070,4,50,54,-0.0035130610988516331,-0.007122759395543854,-0.035278791198010806,0.99906503809671376,0
full_l1,Inf,266070,4,50,55,0.0043638450766192438,-0.015543384554220774,-0.17439224728297398,0.99519978355173511,0
full_l1,Inf,266070,4,50,56,-0.009707450324916822,-0.0040907651121677713,0.088286749093961836,0.99792261331766152,0
full_l1,Inf,266070,4,50,57,0.015100810715497071,0.0094921057142469678,0.35809396967877039,0.99088788765756852,0
full_l1,Inf,266070,4,50,58,-0.020700727768421245,0.0029723456692873906,0.1514483439553036,0.99501564542593057,0
full_l1,Inf,266070,4,50,59,-0.001694714088036342,-0.0025722670943812975,0.017309080720812497,0.99989193035500501,0
full_l1,Inf,266070,4,50,60,-0.025373894889922477,0.0064700470357201834,0.021384824937970004,0.99257965775007695,0
full_l1,Inf,266070,4,50,61,-0.0070722874959237014,0.012047432983609108,0.32963077268441876,0.99331446829196102,0
full_l1,Inf,266070,4,50,62,-0.0020042176057399885,0.00027885575024666487,0.21405024803466199,0.99679673090049048,0
full_l1,Inf,266070,4,100,1,0.20833333333333326,-0.125,-0.29166666666666669,0.41167410874037413,0
full_l1,Inf,266070,4,100,2,0.29166666666666663,-0.375,-0.041666666666666685,0.3739774704670229,0
full_l1,Inf,266070,4,100,3,0.37499999999999989,0.45833333333333326,-0.45833333333333331,0.082527331293822836,0
full_l1,Inf,266070,4,100,4,-0.29166666666666669,-0.20833333333333331,0.20833333333333326,0.3056901632681982,0
full_l1,Inf,266070,4,100,5,-0.20833333333333331,0.04166666666666663,0.29166666666666663,0.69432485144898182,0
full_l1,Inf,266070,4,100,6,0.45833333333333326,-0.45833333333333331,-0.20833333333333331,0.11637151526171285,0
full_l1,Inf,266070,4,100,7,-0.45833333333333331,0.12499999999999989,-0.125,0.27241489848597911,0
full_l1,Inf,266070,4,100,8,0.12499999999999989,-0.29166666666666669,0.45833333333333326,0.40346102011442619,0
full_l1,Inf,266070,4,100,9,-0.375,0.37499999999999989,0.12499999999999989,0.10425868741569999,0
full_l1,Inf,266070,4,100,10,0.04166666666666663,-0.041666666666666685,0.37499999999999989,0.88335101772882163,0
full_l1,Inf,266070,4,100,11,-0.125,0.29166666666666663,0.04166666666666663,0.43634176705549088,0
full_l1,Inf,266070,4,100,12,-0.041666666666666685,0.20833333333333326,-0.375,0.52787515340044999,0
full_l1,Inf,266070,4,100,13,0.46730288027234779,-0.013166704534345763,-0.022107533692438786,0.1965503106934603,0
full_l1,Inf,266070,4,100,14,-0.36532052086217015,-0.044382290244465494,0.39935836934214208,0.40331686538976497,0
full_l1,Inf,266070,4,100,15,0.41432438431742313,-0.063009765304609555,0.48636507116710215,0.2532402916812978,0
full_l1,Inf,266070,4,100,16,0.02746826174444883,-0.031212474526456591,0.42679617060110497,0.9190350851639616,0
full_l1,Inf,266070,4,100,17,0.051872958849258799,-0.024942916445730878,0.46815136683993219,0.91314874554394032,0
full_l1,Inf,266070,4,100,18,0.0026402737888360228,-0.026753337724751969,0.45981238580000516,0.93439244254273912,0
full_l1,Inf,266070,4,100,19,-0.16985168951192642,0.010126193562133068,0.49751078868619913,0.76842725481272822,0
full_l1,Inf,266070,4,100,20,-0.12512146734172247,-0.024825634546694397,0.47887394640774494,0.79763278029075069,0
full_l1,Inf,266070,4,100,21,0.11419119084341922,-0.040014645796655701,0.49785014621073542,0.77653981300594555,0
full_l1,Inf,266070,4,100,22,0.032468769338693138,0.080576029077452427,0.49264881259993665,0.88216504094511206,0
full_l1,Inf,266070,4,100,23,-0.0014035361807862579,0.0067629401508193521,0.44169892581348091,0.98775221498148091,0
full_l1,Inf,266070,4,100,24,-0.019618287653949462,0.012835815675585449,0.22879344206478902,0.99259518742718944,0
full_l1,Inf,266070,4,100,25,-0.030113350786832971,0.033701645075419728,0.40896592629327921,0.97052194292276206,0
full_l1,Inf,266070,4,100,26,0.012269435365226622,0.050847703945673617,0.18892427164694303,0.9422737693773634,0
full_l1,Inf,266070,4,100,27,0.0125742086677334,0.021379882872254452,0.28961966683355489,0.9886969756270787,0
full_l1,Inf,266070,4,100,28,-0.023286839890136024,0.025701995566763669,0.27170099294125127,0.98217218392173578,0
full_l1,Inf,266070,4,100,29,-0.022678113033214764,-0.012106741733890036,0.050992270672172157,0.99026642239311924,0
full_l1,Inf,266070,4,100,30,-0.052827871388304359,-0.0032065153605977947,-0.18613932917880893,0.96931551016561746,0
full_l1,Inf,266070,4,100,31,-0.021826500849130293,0.023739191446610963,-0.046642149408164357,0.97621956556541745,0
full_l1,Inf,266070,4,100,32,-0.010275788589685364,-0.0041216627785738424,-0.20911263968255889,0.99486197929494358,0
full_l1,Inf,266070,4,100,33,-0.016355496663616798,0.018992203157628396,-0.43478277533734788,0.95274863492226225,0
full_l1,Inf,266070,4,100,34,0.0098166686068010822,-0.0017712266762035522,-0.0039672390586109607,0.99903996890420455,0
full_l1,Inf,266070,4,100,35,-0.0187581840647284,-0.03621745399685472,-0.47146788956896502,0.97054447360724838,0
full_l1,Inf,266070,4,100,36,0.01561305358120646,-0.022185178389605209,-0.36121119909745536,0.98537226200771855,0
full_l1,Inf,266070,4,100,37,-0.0063262550980369703,-0.033695518594570206,-0.22205623271143171,0.97752676395235916,0
full_l1,Inf,266070,4,100,38,0.020400317175715887,0.009916246403633977,-0.068421954923147288,0.99038383149594067,0
full_l1,Inf,266070,4,100,39,0.0079640156599665168,0.0097495136144918337,0.10320242245942346,0.99715808047031274,0
full_l1,Inf,266070,4,100,40,-0.015634344812574419,-0.0014092758210886291,-0.1053298435926644,0.99618676362884095,0
full_l1,Inf,266070,4,100,41,0.0082182589367931769,-0.0042436173373308073,-0.11162304205591322,0.99812041636385196,0
full_l1,Inf,266070,4,100,42,0.012897350754115688,-0.0014796888732224733,0.078480897970127028,0.99805881039314726,0
full_l1,Inf,266070,4,100,43,0.022972204560701703,0.0050339395926690678,0.18846945005900451,0.99357494827649506,0
full_l1,Inf,266070,4,100,44,0.021721220751373504,-0.004022539712683626,-0.29857141593157266,0.9869985261244254,0
full_l1,Inf,266070,4,100,45,0.0022149296760276549,-0.0081525917715390417,0.10953966150569983,0.996254889586494,0
full_l1,Inf,266070,4,100,46,0.0029442816308862252,0.006611144238672706,-0.0037103219494465378,0.99787864844402607,0
full_l1,Inf,266070,4,100,47,-0.022550453659527792,0.0092467818174426508,0.093192076208588048,0.99342170352157044,0
full_l1,Inf,266070,4,100,48,-0.011023170412481242,0.0030497517977658983,0.26055367124492723,0.99482849117803973,0
full_l1,Inf,266070,4,100,49,-0.0059572398362852663,-0.018531311411737139,-0.36986844987523426,0.98878890791448903,0
full_l1,Inf,266070,4,100,50,0.0099437572528162654,-0.011861807524648382,0.020762909899996629,0.99528440057206935,0
full_l1,Inf,266070,4,100,51,-0.022617573611402264,-0.0021072253657092865,0.19843015965897592,0.99172010675932121,0
full_l1,Inf,266070,4,100,52,0.011199388975573488,0.010547680237656509,0.24800106389044752,0.99515309755287573,0
full_l1,Inf,266070,4,100,53,0.016482927580556694,-0.00040748809847035439,-0.16155586477702988,0.99397762177000804,0
full_l1,Inf,266070,4,100,54,-0.0035130610988516331,-0.007122759395543854,-0.035278791198010806,0.99906503809671376,0
full_l1,Inf,266070,4,100,55,0.0043638450766192438,-0.015543384554220774,-0.17439224728297398,0.99519978355173511,0
full_l1,Inf,266070,4,100,56,-0.009707450324916822,-0.0040907651121677713,0.088286749093961836,0.99792261331766152,0
full_l1,Inf,266070,4,100,57,0.015100810715497071,0.0094921057142469678,0.35809396967877039,0.99088788765756852,0
full_l1,Inf,266070,4,100,58,-0.020700727768421245,0.0029723456692873906,0.1514483439553036,0.99501564542593057,0
full_l1,Inf,266070,4,100,59,-0.001694714088036342,-0.0025722670943812975,0.017309080720812497,0.99989193035500501,0
full_l1,Inf,266070,4,100,60,-0.025373894889922477,0.0064700470357201834,0.021384824937970004,0.99257965775007695,0
full_l1,Inf,266070,4,100,61,-0.0070722874959237014,0.012047432983609108,0.32963077268441876,0.99331446829196102,0
full_l1,Inf,266070,4,100,62,-0.0020042176057399885,0.00027885575024666487,0.21405024803466199,0.99679673090049048,0
full_l1,Inf,266070,4,100,63,-0.0077750590519169993,0.0018973688595986804,0.18632932358099907,0.99751812819064911,0
full_l1,Inf,266070,4,100,64,-0.010641780568478421,-0.0064793177287252313,-0.037058803735154688,0.99823920072848948,0
full_l1,Inf,266070,4,100,65,0.0095225303093073865,0.0001515272866361439,-0.042806675940439964,0.99858245056014283,0
full_l1,Inf,266070,4,100,66,-0.0036061602435342177,0.013514126420065997,0.17264279891228274,0.99581051396767883,0
full_l1,Inf,266070,4,100,67,0.0023143955972095842,0.011088425768145393,0.01898300710427403,0.99577722449518358,0
full_l1,Inf,266070,4,100,68,-0.0030773536190056294,-0.0097757471536374929,-0.26120064282175393,0.99454396717823168,0
full_l1,Inf,266070,4,100,69,-0.011300292034041481,-0.012924113735325538,-0.16036458903540263,0.99540950786027504,0
full_l1,Inf,266070,4,100,70,0.024489689100752887,-0.0095813791212870925,-0.058280321012542213,0.99253022063876684,0
full_l1,Inf,266070,4,100,71,-0.0066597918210795637,-0.0086959796720802451,0.038927543644169837,0.99738226185907497,0
full_l1,Inf,266070,4,100,72,-0.0063332948561254376,0.0060106418051888433,-0.11314238646041908,0.99479306488891794,0
full_l1,Inf,266070,4,100,73,-0.013883172195145566,0.0011258817527735054,-0.048038910429139436,0.99732410009723116,0
full_l1,Inf,266070,4,100,74,-0.015256073640640633,0.0062303107274714886,0.006495530032431196,0.99620028118698511,0
full_l1,Inf,266070,4,100,75,-0.0043699800558485435,0.010793302432598795,0.089817058147992013,0.99695391719990334,0
full_l1,Inf,266070,4,100,76,0.015810911775568037,0.0014822249371870821,0.036569328761857367,0.99758598394856635,0
full_l1,Inf,266070,4,100,77,-0.0097840138427753853,0.00033849666139618151,-0.049897553165102915,0.99838339593954573,0
full_l1,Inf,266070,4,100,78,-0.0040013697026359818,0.0054486020263875279,0.14743367013899422,0.99871248292164705,0
full_l1,Inf,266070,4,100,79,-0.019840349678288627,0.004619740916229631,0.056921379862705734,0.99577814480753257,0
full_l1,Inf,266070,4,100,80,-0.0041453766178680684,-0.010768153774476374,-0.11407220334305523,0.99770104554724248,0
full_l1,Inf,266070,4,100,81,2.2896321021370625e-06,-0.0020294069270436754,-0.06919507539745684,0.99934736635484489,0
full_l1,Inf,266070,4,100,82,-0.012439221976473736,0.0021812649248573734,0.062106945515444156,0.99838410323263171,0
full_l1,Inf,266070,4,100,83,0.0020948061088461589,-0.0046603860824430132,0.038308405525688594,0.99935910704525188,0
full_l1,Inf,266070,4,100,84,0.011219212389638855,0.0044471577968236975,-0.10613132106933221,0.99516155179254151,0
full_l1,Inf,266070,4,100,85,0.012444299100798251,0.013789152962558893,0.15746901352428444,0.99440696308675203,0
full_l1,Inf,266070,4,100,86,0.0019732379181098825,-0.0019974202064696467,-0.0731532030396147,0.99924334624853772,0
full_l1,Inf,266070,4,100,87,-0.013276944231707333,-0.0034580303972888693,-0.063774825856273143,0.99779688535834976,0
full_l1,Inf,266070,4,100,88,-0.0054659783628223657,-0.0018076978030008295,-0.03328157116541397,0.99948566564575136,0
full_l1,Inf,266070,4,100,89,-0.0026127329185323678,-0.0028577499578292809,-0.22573102757263164,0.99476212745093762,0
full_l1,Inf,266070,4,100,90,0.00067837731453068706,0.00043272128588278669,-0.020020616628017018,0.99967142822890476,0
full_l1,Inf,266070,4,100,91,0.00071542707465988009,0.012213078628503959,0.20991991938652932,0.99629524017495397,0
full_l1,Inf,266070,4,100,92,-0.0047611426237588184,-0.01394155773295469,-0.057830356652260662,0.99601427408029364,0
full_l1,Inf,266070,4,100,93,0.0066881957929223468,-0.013982397337955588,-0.10693114947183968,0.99602304681691434,0
full_l1,Inf,266070,4,100,94,-0.015066222218535819,0.010063705186962091,0.14166586578071549,0.9956702460048088,0
full_l1,Inf,266070,4,100,95,0.0074517636645416996,0.0067941279650338693,0.17666109397677121,0.99777445361469053,0
full_l1,Inf,266070,4,100,96,0.010149481729010645,0.00022992905977203826,0.005964801619281257,0.99894568059677136,0
full_l1,Inf,266070,4,100,97,-0.0082872152782134112,-0.0098731184206253264,-0.044769008221652529,0.997602387748319,0
full_l1,Inf,266070,4,100,98,0.0072713458070852166,0.0036435851105030004,0.21938570483666231,0.99692568078958976,0
full_l1,Inf,266070,4,100,99,-0.0048288277826971093,0.0030492634042973421,0.11644728386903336,0.9992037036534448,0
full_l1,Inf,266070,4,100,100,0.0068983935451785161,-0.0060884552758933008,-0.12863293188333946,0.99800755423727316,0
full_l1,Inf,266070,4,100,101,0.02048840512511374,-0.0076607797206051931,-0.1818904860667101,0.99307507245263471,0
full_l1,Inf,266070,4,100,102,-0.01146853483033583,-0.0041474156755068048,0.14674665962321298,0.99608035250974614,0
full_l1,Inf,266070,4,100,103,0.0090874188977734249,-0.0041423163944236396,0.033534710012593116,0.99878769843000892,0
full_l1,Inf,266070,4,100,104,-0.0058736963066350345,0.010881273391075252,0.071380360933342546,0.99657761654578325,0
full_l1,Inf,266070,4,100,105,-0.0082767713484950267,0.001913169330611586,0.084382911147589112,0.99910979078376594,0
full_l1,Inf,266070,4,100,106,-0.012816795248231871,0.0098866158615442679,0.18452537561056781,0.99601962147425571,0
full_l1,Inf,266070,4,100,107,-0.00090690721787223261,-0.0096918008047286452,0.047004558527133034,0.99707149991669175,0
full_l1,Inf,266070,4,100,108,-0.0060156147687404626,0.0015604427036544077,0.054646803548719314,0.9995490642215219,0
full_l1,Inf,266070,4,100,109,0.0039377644914617704,0.0094479324017568977,0.17425372991615484,0.99752790255325352,0
full_l1,Inf,266070,4,100,110,0.0032827213360504537,0.0073732968260586951,0.12118847429461121,0.99853998494455054,0
full_l1,Inf,266070,4,100,111,-0.0097360668564772102,-0.0021632384888041756,0.19723118895823299,0.99562760364321989,0
full_l1,Inf,266070,4,100,112,0.016076190607015484,0.0079864462154106697,-0.011869762018149155,0.99474505892168308,0
full_l1,Inf,228167,5,10,1,-0.375,-0.375,-0.041666666666666685,0.5146525526264949,0
full_l1,Inf,228167,5,10,2,-0.45833333333333331,0.20833333333333326,0.04166666666666663,0.1857299152603713,0
full_l1,Inf,228167,5,10,3,0.04166666666666663,0.04166666666666663,-0.20833333333333331,0.9223156014834285,0
full_l1,Inf,228167,5,10,4,0.20833333333333326,0.12499999999999989,0.29166666666666663,0.65438132812537497,0
full_l1,Inf,228167,5,10,5,-0.29166666666666669,-0.041666666666666685,-0.375,0.51224011403556824,0
full_l1,Inf,228167,5,10,6,0.29166666666666663,-0.20833333333333331,-0.29166666666666669,0.31005821618529494,0
full_l1,Inf,228167,5,10,7,0.37499999999999989,0.37499999999999989,-0.45833333333333331,0.12303799022921047,0
full_l1,Inf,228167,5,10,8,-0.041666666666666685,-0.45833333333333331,0.37499999999999989,0.35111062021026074,0
full_l1,Inf,228167,5,10,9,-0.20833333333333331,0.29166666666666663,-0.125,0.33545602115656714,0
full_l1,Inf,228167,5,10,10,-0.125,0.45833333333333326,0.12499999999999989,0.45018148706833072,0
full_l1,Inf,228167,5,10,11,0.12499999999999989,-0.125,0.20833333333333326,0.47391524778400251,0
full_l1,Inf,228167,5,10,12,0.45833333333333326,-0.29166666666666669,0.45833333333333326,0.21818356530570937,0
full_l1,Inf,228167,5,10,13,0.1558143161006984,0.022592032928740569,-0.34188997306360536,0.78131418346025761,0
full_l1,Inf,228167,5,10,14,0.027162953103804899,0.03681916272281982,0.49040956887740395,0.96641195733182028,0
full_l1,Inf,228167,5,10,15,-0.022332846000383988,0.081077817222896087,0.49657391782087257,0.88239139979893799,0
full_l1,Inf,228167,5,10,16,-0.074301414882224748,0.017682962724858253,0.45280418059984262,0.94394964880743948,0
full_l1,Inf,228167,5,10,17,0.017695381631637863,-0.010943762753798048,0.33801535740269473,0.9773968995006308,0
full_l1,Inf,228167,5,10,18,-0.042761548132963512,0.0065855530233105419,-0.14717088541564216,0.97642744977148654,0
full_l1,Inf,228167,5,10,19,-0.09779917875793287,0.054646977238684835,-0.35911115093984636,0.82388648150162558,0
full_l1,Inf,228167,5,10,20,-0.019920594122492696,0.020333417487629957,0.21587781571797171,0.98803594552654694,0
full_l1,Inf,228167,5,10,21,0.046208994886505428,-0.014657496848484941,-0.29662130387891028,0.97134601931129083,0
full_l1,Inf,228167,5,10,22,-0.014395237943148897,-0.012317206159490723,-0.49414255464587908,0.9791036981699297,0
full_l1,Inf,228167,5,30,1,-0.375,-0.375,-0.041666666666666685,0.5146525526264949,0
full_l1,Inf,228167,5,30,2,-0.45833333333333331,0.20833333333333326,0.04166666666666663,0.1857299152603713,0
full_l1,Inf,228167,5,30,3,0.04166666666666663,0.04166666666666663,-0.20833333333333331,0.9223156014834285,0
full_l1,Inf,228167,5,30,4,0.20833333333333326,0.12499999999999989,0.29166666666666663,0.65438132812537497,0
full_l1,Inf,228167,5,30,5,-0.29166666666666669,-0.041666666666666685,-0.375,0.51224011403556824,0
full_l1,Inf,228167,5,30,6,0.29166666666666663,-0.20833333333333331,-0.29166666666666669,0.31005821618529494,0
full_l1,Inf,228167,5,30,7,0.37499999999999989,0.37499999999999989,-0.45833333333333331,0.12303799022921047,0
full_l1,Inf,228167,5,30,8,-0.041666666666666685,-0.45833333333333331,0.37499999999999989,0.35111062021026074,0
full_l1,Inf,228167,5,30,9,-0.20833333333333331,0.29166666666666663,-0.125,0.33545602115656714,0
full_l1,Inf,228167,5,30,10,-0.125,0.45833333333333326,0.12499999999999989,0.45018148706833072,0
full_l1,Inf,228167,5,30,11,0.12499999999999989,-0.125,0.20833333333333326,0.47391524778400251,0
full_l1,Inf,228167,5,30,12,0.45833333333333326,-0.29166666666666669,0.45833333333333326,0.21818356530570937,0
full_l1,Inf,228167,5,30,13,0.1558143161006984,0.022592032928740569,-0.34188997306360536,0.78131418346025761,0
full_l1,Inf,228167,5,30,14,0.027162953103804899,0.03681916272281982,0.49040956887740395,0.96641195733182028,0
full_l1,Inf,228167,5,30,15,-0.022332846000383988,0.081077817222896087,0.49657391782087257,0.88239139979893799,0
full_l1,Inf,228167,5,30,16,-0.074301414882224748,0.017682962724858253,0.45280418059984262,0.94394964880743948,0
full_l1,Inf,228167,5,30,17,0.017695381631637863,-0.010943762753798048,0.33801535740269473,0.9773968995006308,0
full_l1,Inf,228167,5,30,18,-0.042761548132963512,0.0065855530233105419,-0.14717088541564216,0.97642744977148654,0
full_l1,Inf,228167,5,30,19,-0.09779917875793287,0.054646977238684835,-0.35911115093984636,0.82388648150162558,0
full_l1,Inf,228167,5,30,20,-0.019920594122492696,0.020333417487629957,0.21587781571797171,0.98803594552654694,0
full_l1,Inf,228167,5,30,21,0.046208994886505428,-0.014657496848484941,-0.29662130387891028,0.97134601931129083,0
full_l1,Inf,228167,5,30,22,-0.014395237943148897,-0.012317206159490723,-0.49414255464587908,0.9791036981699297,0
full_l1,Inf,228167,5,30,23,-0.03764292193901464,-0.026914707935967286,0.085071231056245589,0.96048894384038508,0
full_l1,Inf,228167,5,30,24,0.024427666971234441,-0.0010394244353071347,-0.020017049666503528,0.99426412859817315,0
full_l1,Inf,228167,5,30,25,-0.023152838612955584,-0.014882240683014025,-0.23503913728270009,0.98923347792214766,0
full_l1,Inf,228167,5,30,26,-0.0017249736352886735,0.0022552823421251311,-0.29188251028833245,0.98837735026582252,0
full_l1,Inf,228167,5,30,27,0.051256203747654494,0.02402637247483641,0.19309479126315576,0.9670691126876757,0
full_l1,Inf,228167,5,30,28,0.0032676955304480337,-0.0018955866965615353,0.085975176556696731,0.99933785575431422,0
full_l1,Inf,228167,5,30,29,-0.0030550431929490252,0.010094482601738397,0.28771964442792308,0.99526040486049194,0
full_l1,Inf,228167,5,30,30,0.012169258818625073,-0.046147565107319988,-0.42251189305162495,0.95860342587847314,0
full_l1,Inf,228167,5,30,31,-0.025308081816885153,-0.0036394627600901952,-0.046879957196289457,0.99345778652301608,0
full_l1,Inf,228167,5,30,32,0.0081876413155845817,-0.020769990041014763,-0.24133549037860802,0.9909161202481569,0
full_l1,Inf,228167,5,30,33,-0.00078729240812891454,-0.003186542784525459,-0.030490925773346778,0.99979168509719762,0
full_l1,Inf,228167,5,30,34,-0.01895013685507263,0.0055498300774010634,0.039644533893725908,0.99572316654010862,0
full_l1,Inf,228167,5,30,35,0.013882477864660014,0.018975425842928439,0.065938226198789751,0.9886023241960108,0
full_l1,Inf,228167,5,30,36,-0.008946784516326689,0.0023834542809983983,0.16881517368759758,0.99782335204698824,0
full_l1,Inf,228167,5,30,37,0.0021931348678019269,-0.00318704467414066,-0.14727405904002433,0.99774146466778024,0
full_l1,Inf,228167,5,30,38,0.018179288350498535,0.0001025116374673285,0.099002980808254204,0.9965130633447602,0
full_l1,Inf,228167,5,30,39,-0.017502431613515723,0.0075412770899982995,0.41322687252913082,0.98717760721864234,0
full_l1,Inf,228167,5,30,40,0.012600571873152555,0.019010232051597242,0.30431445076159669,0.99017033758187367,0
full_l1,Inf,228167,5,30,41,-0.00055384348114184689,-0.0086163752187293774,-0.093896965208531746,0.99861857898639228,0
full_l1,Inf,228167,5,30,42,0.0021380877177794577,-0.01471321163225725,0.11305424004447628,0.99051853879206442,0
full_l1,Inf,228167,5,50,1,-0.375,-0.375,-0.041666666666666685,0.5146525526264949,0
full_l1,Inf,228167,5,50,2,-0.45833333333333331,0.20833333333333326,0.04166666666666663,0.1857299152603713,0
full_l1,Inf,228167,5,50,3,0.04166666666666663,0.04166666666666663,-0.20833333333333331,0.9223156014834285,0
full_l1,Inf,228167,5,50,4,0.20833333333333326,0.12499999999999989,0.29166666666666663,0.65438132812537497,0
full_l1,Inf,228167,5,50,5,-0.29166666666666669,-0.041666666666666685,-0.375,0.51224011403556824,0
full_l1,Inf,228167,5,50,6,0.29166666666666663,-0.20833333333333331,-0.29166666666666669,0.31005821618529494,0
full_l1,Inf,228167,5,50,7,0.37499999999999989,0.37499999999999989,-0.45833333333333331,0.12303799022921047,0
full_l1,Inf,228167,5,50,8,-0.041666666666666685,-0.45833333333333331,0.37499999999999989,0.35111062021026074,0
full_l1,Inf,228167,5,50,9,-0.20833333333333331,0.29166666666666663,-0.125,0.33545602115656714,0
full_l1,Inf,228167,5,50,10,-0.125,0.45833333333333326,0.12499999999999989,0.45018148706833072,0
full_l1,Inf,228167,5,50,11,0.12499999999999989,-0.125,0.20833333333333326,0.47391524778400251,0
full_l1,Inf,228167,5,50,12,0.45833333333333326,-0.29166666666666669,0.45833333333333326,0.21818356530570937,0
full_l1,Inf,228167,5,50,13,0.1558143161006984,0.022592032928740569,-0.34188997306360536,0.78131418346025761,0
full_l1,Inf,228167,5,50,14,0.027162953103804899,0.03681916272281982,0.49040956887740395,0.96641195733182028,0
full_l1,Inf,228167,5,50,15,-0.022332846000383988,0.081077817222896087,0.49657391782087257,0.88239139979893799,0
full_l1,Inf,228167,5,50,16,-0.074301414882224748,0.017682962724858253,0.45280418059984262,0.94394964880743948,0
full_l1,Inf,228167,5,50,17,0.017695381631637863,-0.010943762753798048,0.33801535740269473,0.9773968995006308,0
full_l1,Inf,228167,5,50,18,-0.042761548132963512,0.0065855530233105419,-0.14717088541564216,0.97642744977148654,0
full_l1,Inf,228167,5,50,19,-0.09779917875793287,0.054646977238684835,-0.35911115093984636,0.82388648150162558,0
full_l1,Inf,228167,5,50,20,-0.019920594122492696,0.020333417487629957,0.21587781571797171,0.98803594552654694,0
full_l1,Inf,228167,5,50,21,0.046208994886505428,-0.014657496848484941,-0.29662130387891028,0.97134601931129083,0
full_l1,Inf,228167,5,50,22,-0.014395237943148897,-0.012317206159490723,-0.49414255464587908,0.9791036981699297,0
full_l1,Inf,228167,5,50,23,-0.03764292193901464,-0.026914707935967286,0.085071231056245589,0.96048894384038508,0
full_l1,Inf,228167,5,50,24,0.024427666971234441,-0.0010394244353071347,-0.020017049666503528,0.99426412859817315,0
full_l1,Inf,228167,5,50,25,-0.023152838612955584,-0.014882240683014025,-0.23503913728270009,0.98923347792214766,0
full_l1,Inf,228167,5,50,26,-0.0017249736352886735,0.0022552823421251311,-0.29188251028833245,0.98837735026582252,0
full_l1,Inf,228167,5,50,27,0.051256203747654494,0.02402637247483641,0.19309479126315576,0.9670691126876757,0
full_l1,Inf,228167,5,50,28,0.0032676955304480337,-0.0018955866965615353,0.085975176556696731,0.99933785575431422,0
full_l1,Inf,228167,5,50,29,-0.0030550431929490252,0.010094482601738397,0.28771964442792308,0.99526040486049194,0
full_l1,Inf,228167,5,50,30,0.012169258818625073,-0.046147565107319988,-0.42251189305162495,0.95860342587847314,0
full_l1,Inf,228167,5,50,31,-0.025308081816885153,-0.0036394627600901952,-0.046879957196289457,0.99345778652301608,0
full_l1,Inf,228167,5,50,32,0.0081876413155845817,-0.020769990041014763,-0.24133549037860802,0.9909161202481569,0
full_l1,Inf,228167,5,50,33,-0.00078729240812891454,-0.003186542784525459,-0.030490925773346778,0.99979168509719762,0
full_l1,Inf,228167,5,50,34,-0.01895013685507263,0.0055498300774010634,0.039644533893725908,0.99572316654010862,0
full_l1,Inf,228167,5,50,35,0.013882477864660014,0.018975425842928439,0.065938226198789751,0.9886023241960108,0
full_l1,Inf,228167,5,50,36,-0.008946784516326689,0.0023834542809983983,0.16881517368759758,0.99782335204698824,0
full_l1,Inf,228167,5,50,37,0.0021931348678019269,-0.00318704467414066,-0.14727405904002433,0.99774146466778024,0
full_l1,Inf,228167,5,50,38,0.018179288350498535,0.0001025116374673285,0.099002980808254204,0.9965130633447602,0
full_l1,Inf,228167,5,50,39,-0.017502431613515723,0.0075412770899982995,0.41322687252913082,0.98717760721864234,0
full_l1,Inf,228167,5,50,40,0.012600571873152555,0.019010232051597242,0.30431445076159669,0.99017033758187367,0
full_l1,Inf,228167,5,50,41,-0.00055384348114184689,-0.0086163752187293774,-0.093896965208531746,0.99861857898639228,0
full_l1,Inf,228167,5,50,42,0.0021380877177794577,-0.01471321163225725,0.11305424004447628,0.99051853879206442,0
full_l1,Inf,228167,5,50,43,-0.011321318842085537,-0.0019079804550272694,-0.10854972085631465,0.99732577423147051,0
full_l1,Inf,228167,5,50,44,0.014538141972828766,-0.0092743483999127019,-0.041294537697676326,0.9964020720997584,0
full_l1,Inf,228167,5,50,45,-0.014153526900187785,-0.0062816001393113385,0.31441712436144686,0.98562653568203284,0
full_l1,Inf,228167,5,50,46,-0.016526880487473639,-0.029534066103065415,-0.36359439271569771,0.98023796884922254,0
full_l1,Inf,228167,5,50,47,0.01492208526574168,0.014993054730801036,0.21614078408090021,0.99299609175110692,0
full_l1,Inf,228167,5,50,48,0.015927406839667757,0.00051961943830280966,-0.092739535397600381,0.9959799268808911,0
full_l1,Inf,228167,5,50,49,0.015029096605471803,-0.0055826217021959224,-0.21075828177445932,0.99391839617647226,0
full_l1,Inf,228167,5,50,50,-0.0075685953751729595,-0.013053420437782792,0.012440862521363227,0.99508067344193241,0
full_l1,Inf,228167,5,50,51,0.0006882157879815054,-0.0041621752914007271,-0.42998697847333656,0.98256325534713673,0
full_l1,Inf,228167,5,50,52,0.0036193987815140716,0.014899662548948145,0.12871173706512384,0.99476115224818795,0
full_l1,Inf,228167,5,50,53,-0.015828341940115953,-0.01608477617441717,-0.07444294845104138,0.99244792404424165,0
full_l1,Inf,228167,5,50,54,-0.001489605486764356,-0.0067216359567230377,0.019525741275912889,0.99894784837329487,0
full_l1,Inf,228167,5,50,55,0.011728336407341944,0.012425538058540964,0.33404006107964967,0.9923276654575609,0
full_l1,Inf,228167,5,50,56,-0.0018427835952889993,-0.011352066169819874,-0.070593311904636247,0.99770225042945859,0
full_l1,Inf,228167,5,50,57,-0.0064044038396864345,0.015648363845210511,-0.0061689337765675756,0.99102748048844291,0
full_l1,Inf,228167,5,50,58,0.013603150637570227,0.0068340360067702388,-0.0032205056138929766,0.99618589156241155,0
full_l1,Inf,228167,5,50,59,0.010650403414325327,-0.0070360660264578989,-0.072275769830925096,0.99799167961474977,0
full_l1,Inf,228167,5,50,60,-6.8757852176970502e-05,0.010465495722404183,0.2356477243834243,0.99650982212666495,0
full_l1,Inf,228167,5,50,61,0.0039756416355685165,0.0033230699128097285,-0.082456958004494485,0.99746449056527386,0
full_l1,Inf,228167,5,50,62,-0.0067836753539969319,0.0081036113420467348,0.13140540660622846,0.99798056218257225,0
full_l1,Inf,228167,5,100,1,-0.375,-0.375,-0.041666666666666685,0.5146525526264949,0
full_l1,Inf,228167,5,100,2,-0.45833333333333331,0.20833333333333326,0.04166666666666663,0.1857299152603713,0
full_l1,Inf,228167,5,100,3,0.04166666666666663,0.04166666666666663,-0.20833333333333331,0.9223156014834285,0
full_l1,Inf,228167,5,100,4,0.20833333333333326,0.12499999999999989,0.29166666666666663,0.65438132812537497,0
full_l1,Inf,228167,5,100,5,-0.29166666666666669,-0.041666666666666685,-0.375,0.51224011403556824,0
full_l1,Inf,228167,5,100,6,0.29166666666666663,-0.20833333333333331,-0.29166666666666669,0.31005821618529494,0
full_l1,Inf,228167,5,100,7,0.37499999999999989,0.37499999999999989,-0.45833333333333331,0.12303799022921047,0
full_l1,Inf,228167,5,100,8,-0.041666666666666685,-0.45833333333333331,0.37499999999999989,0.35111062021026074,0
full_l1,Inf,228167,5,100,9,-0.20833333333333331,0.29166666666666663,-0.125,0.33545602115656714,0
full_l1,Inf,228167,5,100,10,-0.125,0.45833333333333326,0.12499999999999989,0.45018148706833072,0
full_l1,Inf,228167,5,100,11,0.12499999999999989,-0.125,0.20833333333333326,0.47391524778400251,0
full_l1,Inf,228167,5,100,12,0.45833333333333326,-0.29166666666666669,0.45833333333333326,0.21818356530570937,0
full_l1,Inf,228167,5,100,13,0.1558143161006984,0.022592032928740569,-0.34188997306360536,0.78131418346025761,0
full_l1,Inf,228167,5,100,14,0.027162953103804899,0.03681916272281982,0.49040956887740395,0.96641195733182028,0
full_l1,Inf,228167,5,100,15,-0.022332846000383988,0.081077817222896087,0.49657391782087257,0.88239139979893799,0
full_l1,Inf,228167,5,100,16,-0.074301414882224748,0.017682962724858253,0.45280418059984262,0.94394964880743948,0
full_l1,Inf,228167,5,100,17,0.017695381631637863,-0.010943762753798048,0.33801535740269473,0.9773968995006308,0
full_l1,Inf,228167,5,100,18,-0.042761548132963512,0.0065855530233105419,-0.14717088541564216,0.97642744977148654,0
full_l1,Inf,228167,5,100,19,-0.09779917875793287,0.054646977238684835,-0.35911115093984636,0.82388648150162558,0
full_l1,Inf,228167,5,100,20,-0.019920594122492696,0.020333417487629957,0.21587781571797171,0.98803594552654694,0
full_l1,Inf,228167,5,100,21,0.046208994886505428,-0.014657496848484941,-0.29662130387891028,0.97134601931129083,0
full_l1,Inf,228167,5,100,22,-0.014395237943148897,-0.012317206159490723,-0.49414255464587908,0.9791036981699297,0
full_l1,Inf,228167,5,100,23,-0.03764292193901464,-0.026914707935967286,0.085071231056245589,0.96048894384038508,0
full_l1,Inf,228167,5,100,24,0.024427666971234441,-0.0010394244353071347,-0.020017049666503528,0.99426412859817315,0
full_l1,Inf,228167,5,100,25,-0.023152838612955584,-0.014882240683014025,-0.23503913728270009,0.98923347792214766,0
full_l1,Inf,228167,5,100,26,-0.0017249736352886735,0.0022552823421251311,-0.29188251028833245,0.98837735026582252,0
full_l1,Inf,228167,5,100,27,0.051256203747654494,0.02402637247483641,0.19309479126315576,0.9670691126876757,0
full_l1,Inf,228167,5,100,28,0.0032676955304480337,-0.0018955866965615353,0.085975176556696731,0.99933785575431422,0
full_l1,Inf,228167,5,100,29,-0.0030550431929490252,0.010094482601738397,0.28771964442792308,0.99526040486049194,0
full_l1,Inf,228167,5,100,30,0.012169258818625073,-0.046147565107319988,-0.42251189305162495,0.95860342587847314,0
full_l1,Inf,228167,5,100,31,-0.025308081816885153,-0.0036394627600901952,-0.046879957196289457,0.99345778652301608,0
full_l1,Inf,228167,5,100,32,0.0081876413155845817,-0.020769990041014763,-0.24133549037860802,0.9909161202481569,0
full_l1,Inf,228167,5,100,33,-0.00078729240812891454,-0.003186542784525459,-0.030490925773346778,0.99979168509719762,0
full_l1,Inf,228167,5,100,34,-0.01895013685507263,0.0055498300774010634,0.039644533893725908,0.99572316654010862,0
full_l1,Inf,228167,5,100,35,0.013882477864660014,0.018975425842928439,0.065938226198789751,0.9886023241960108,0
full_l1,Inf,228167,5,100,36,-0.008946784516326689,0.0023834542809983983,0.16881517368759758,0.99782335204698824,0
full_l1,Inf,228167,5,100,37,0.0021931348678019269,-0.00318704467414066,-0.14727405904002433,0.99774146466778024,0
full_l1,Inf,228167,5,100,38,0.018179288350498535,0.0001025116374673285,0.099002980808254204,0.9965130633447602,0
full_l1,Inf,228167,5,100,39,-0.017502431613515723,0.0075412770899982995,0.41322687252913082,0.98717760721864234,0
full_l1,Inf,228167,5,100,40,0.012600571873152555,0.019010232051597242,0.30431445076159669,0.99017033758187367,0
full_l1,Inf,228167,5,100,41,-0.00055384348114184689,-0.0086163752187293774,-0.093896965208531746,0.99861857898639228,0
full_l1,Inf,228167,5,100,42,0.0021380877177794577,-0.01471321163225725,0.11305424004447628,0.99051853879206442,0
full_l1,Inf,228167,5,100,43,-0.011321318842085537,-0.0019079804550272694,-0.10854972085631465,0.99732577423147051,0
full_l1,Inf,228167,5,100,44,0.014538141972828766,-0.0092743483999127019,-0.041294537697676326,0.9964020720997584,0
full_l1,Inf,228167,5,100,45,-0.014153526900187785,-0.0062816001393113385,0.31441712436144686,0.98562653568203284,0
full_l1,Inf,228167,5,100,46,-0.016526880487473639,-0.029534066103065415,-0.36359439271569771,0.98023796884922254,0
full_l1,Inf,228167,5,100,47,0.01492208526574168,0.014993054730801036,0.21614078408090021,0.99299609175110692,0
full_l1,Inf,228167,5,100,48,0.015927406839667757,0.00051961943830280966,-0.092739535397600381,0.9959799268808911,0
full_l1,Inf,228167,5,100,49,0.015029096605471803,-0.0055826217021959224,-0.21075828177445932,0.99391839617647226,0
full_l1,Inf,228167,5,100,50,-0.0075685953751729595,-0.013053420437782792,0.012440862521363227,0.99508067344193241,0
full_l1,Inf,228167,5,100,51,0.0006882157879815054,-0.0041621752914007271,-0.42998697847333656,0.98256325534713673,0
full_l1,Inf,228167,5,100,52,0.0036193987815140716,0.014899662548948145,0.12871173706512384,0.99476115224818795,0
full_l1,Inf,228167,5,100,53,-0.015828341940115953,-0.01608477617441717,-0.07444294845104138,0.99244792404424165,0
full_l1,Inf,228167,5,100,54,-0.001489605486764356,-0.0067216359567230377,0.019525741275912889,0.99894784837329487,0
full_l1,Inf,228167,5,100,55,0.011728336407341944,0.012425538058540964,0.33404006107964967,0.9923276654575609,0
full_l1,Inf,228167,5,100,56,-0.0018427835952889993,-0.011352066169819874,-0.070593311904636247,0.99770225042945859,0
full_l1,Inf,228167,5,100,57,-0.0064044038396864345,0.015648363845210511,-0.0061689337765675756,0.99102748048844291,0
full_l1,Inf,228167,5,100,58,0.013603150637570227,0.0068340360067702388,-0.0032205056138929766,0.99618589156241155,0
full_l1,Inf,228167,5,100,59,0.010650403414325327,-0.0070360660264578989,-0.072275769830925096,0.99799167961474977,0
full_l1,Inf,228167,5,100,60,-6.8757852176970502e-05,0.010465495722404183,0.2356477243834243,0.99650982212666495,0
full_l1,Inf,228167,5,100,61,0.0039756416355685165,0.0033230699128097285,-0.082456958004494485,0.99746449056527386,0
full_l1,Inf,228167,5,100,62,-0.0067836753539969319,0.0081036113420467348,0.13140540660622846,0.99798056218257225,0
full_l1,Inf,228167,5,100,63,-0.013922144058720942,-0.0029126979217586335,0.0059037148060774314,0.99804672579528575,0
full_l1,Inf,228167,5,100,64,-0.019315609689965596,-0.00018364172907592291,0.089605325921569001,0.99614147143980136,0
full_l1,Inf,228167,5,100,65,-0.016140652679965006,-0.0037265343360226577,-0.17039984256140128,0.99463847140124928,0
full_l1,Inf,228167,5,100,66,0.011356203985382729,-0.0019750811916450228,0.21663597575437743,0.99466932039402667,0
full_l1,Inf,228167,5,100,67,-0.019388168452742827,-0.0054802054134552858,-0.14160758901111081,0.99449544217351182,0
full_l1,Inf,228167,5,100,68,0.00058682114867836255,-0.0026958737846438652,0.096676721305417601,0.99907706685335407,0
full_l1,Inf,228167,5,100,69,0.0093288615474225178,-0.020219047400720669,-0.1494991130201142,0.99140595217381133,0
full_l1,Inf,228167,5,100,70,0.0034331121935653464,-0.0037362608185493862,-0.12186817349008527,0.99840454181554616,0
full_l1,Inf,228167,5,100,71,0.010681563603637034,-0.011465755682800838,-0.23334635979569063,0.99432695648050939,0
full_l1,Inf,228167,5,100,72,-0.0045361570884847602,-0.0065951468132077196,0.14509010257837152,0.99587293210319883,0
full_l1,Inf,228167,5,100,73,0.0061674300640259805,0.0027324705830735763,0.074369162516888299,0.99937856419476379,0
full_l1,Inf,228167,5,100,74,0.0038026185100685783,-0.0059118884749163048,0.073269193476960703,0.99829254202007511,0
full_l1,Inf,228167,5,100,75,0.0021813248052064971,0.0056899863255013283,0.1726992425999534,0.99842841686375194,0
full_l1,Inf,228167,5,100,76,0.0057204069105187827,-0.0037451030827326814,-0.041192901397332005,0.99939012050166731,0
full_l1,Inf,228167,5,100,77,0.001199979488137215,-0.00018531497254326013,0.095881630652909333,0.99954615263982682,0
full_l1,Inf,228167,5,100,78,-0.0047230662957458147,0.0034586918525623123,-0.12243949494001094,0.99606766937674474,0
full_l1,Inf,228167,5,100,79,0.0092257143806719899,0.0088624530241478983,0.13241031511590995,0.99736028881603322,0
full_l1,Inf,228167,5,100,80,-0.0033286136820811496,-0.012556626174868191,-0.17360474877761889,0.99651624863106869,0
full_l1,Inf,228167,5,100,81,-0.0068014613673923474,0.0032005907252914412,-0.02566471349827748,0.9985069369808246,0
full_l1,Inf,228167,5,100,82,-0.005130845580674448,-0.0024905186901416076,0.21380580846821373,0.99547217098660801,0
full_l1,Inf,228167,5,100,83,-0.014130300914309224,-0.001174485015081661,-0.13623152637295477,0.99572427643904904,0
full_l1,Inf,228167,5,100,84,-0.0085770523441146551,-0.008031180438217822,-0.041164814991848875,0.99821356662138083,0
full_l1,Inf,228167,5,100,85,0.018543086351850757,0.00069616412858897192,0.15065394333124416,0.99560515083940293,0
full_l1,Inf,228167,5,100,86,0.0038762873739746073,0.00063771355823827314,-0.063132224126672742,0.99884420708665755,0
full_l1,Inf,228167,5,100,87,0.0063971491574510431,0.0033911028957624989,0.11817848053778057,0.99900494270269768,0
full_l1,Inf,228167,5,100,88,0.010575597237821199,-0.010526661997166453,0.044887900948907378,0.99549473481052342,0
full_l1,Inf,228167,5,100,89,0.00022212970706436685,-0.010557533687827858,-0.12316756152187569,0.99785519926269117,0
full_l1,Inf,228167,5,100,90,-0.017539685447818254,-0.0082059186346488122,0.012732739283839445,0.99545720546771677,0
full_l1,Inf,228167,5,100,91,-0.0067790918291941171,0.00025939601764601861,-0.13606690493303053,0.99675748438567457,0
full_l1,Inf,228167,5,100,92,-0.019725485965649936,0.0015342068076866777,0.10166628913531861,0.99599004131836921,0
full_l1,Inf,228167,5,100,93,-0.0095609241076823892,0.013092785486809033,0.34021618159381717,0.99242538134959823,0
full_l1,Inf,228167,5,100,94,0.0040849829338138743,0.0068539015360924438,0.12436756438221819,0.99861730678114802,0
full_l1,Inf,228167,5,100,95,0.021419256799644737,-0.007659300786416523,0.056975009434990342,0.99356037133362141,0
full_l1,Inf,228167,5,100,96,-0.00046888796163724322,-0.013202658981635862,-0.10808815115750758,0.99689951791529363,0
full_l1,Inf,228167,5,100,97,-0.014224547213962824,0.0042124336520421579,-0.018578183485384203,0.99683780576679015,0
full_l1,Inf,228167,5,100,98,0.0048989838614967862,-0.0053852545395689511,-0.081307135620680704,0.99900401601551703,0
full_l1,Inf,228167,5,100,99,0.0060679550934192861,0.00273472195437785,0.058682309001055977,0.99941343213500278,0
full_l1,Inf,228167,5,100,100,-0.00068180376480975191,-0.0071716037884796968,-0.16943885053210272,0.99754566588410742,0
full_l1,Inf,228167,5,100,101,-0.0084584265806575409,0.00065575202322354365,0.051117005038792795,0.99927299058685881,0
full_l1,Inf,228167,5,100,102,0.0031015002442271733,-0.0052122026584751069,-0.096574184483658954,0.998953253513715,0
full_l1,Inf,228167,5,100,103,-0.0041677707631182503,-0.007834067386274679,0.05690260524466928,0.99772256084339561,0
full_l1,Inf,228167,5,100,104,0.0060593481323432119,0.0048289546670554628,0.10423041435311187,0.99897455756294684,0
full_l1,Inf,228167,5,100,105,0.00020195945443823859,0.008883428718971853,0.15987962635355402,0.99797012910671712,0
full_l1,Inf,228167,5,100,106,-0.007631209885513579,0.0135249343769277,0.062720377653390447,0.99450425827007061,0
full_l1,Inf,228167,5,100,107,0.014023707799894147,0.00099581256272784913,0.013594330501532026,0.99804151467521607,0
full_l1,Inf,228167,5,100,108,0.0041396049128454848,-0.007749374959905353,0.14131425586352098,0.99529013059408578,0
full_l1,Inf,228167,5,100,109,-0.012428912137258941,-0.0030601840124049318,0.16941525126672285,0.99563536161327271,0
full_l1,Inf,228167,5,100,110,-0.010793434943206837,0.0065575072818104818,0.23461814716556506,0.99609155878723654,0
full_l1,Inf,228167,5,100,111,0.0040268416737423429,-0.0065429699499097715,0.033192069285322257,0.99870293674523014,0
full_l1,Inf,228167,5,100,112,0.0061513763395344423,-0.0069083557287072939,0.041050687542004249,0.99823394551576961,0
